target,n,R2,RMSE,nRMSE,MAE,Bias,spearman,seed,run_id,scheme,family,features,substrate,index,fusion,model
lcbd_count_sorensen,2499,0.445203883200615,1.5786081781677832e-05,0.1924966269218149,1.2507783534240957e-05,-1.410595136481906e-06,0.5964671945487385,0,RFG2c_curve-topo_ctr-area_kndvi_raw100nc_pg-all_unified_woody,kfold5_block20_unified,RF,curve+topo_ctr+area,,kndvi,none,RF
pd_inext_q0,877,0.0633390988321217,1.489471413148429,0.2151839734445351,1.1449364861080813,-0.0851201768129042,0.2842225175351613,0,RFG2c_curve-topo_ctr-area_kndvi_raw100nc_pg-all_unified_woody,kfold5_block20_unified,RF,curve+topo_ctr+area,,kndvi,none,RF
pd_inext_q1,877,0.0913442335317522,1.0873421997861872,0.2168331862980064,0.8611115547412463,0.0565371095063727,0.2991500911196431,0,RFG2c_curve-topo_ctr-area_kndvi_raw100nc_pg-all_unified_woody,kfold5_block20_unified,RF,curve+topo_ctr+area,,kndvi,none,RF
pd_inext_q2,877,0.0721044661350113,0.8950815541626786,0.2336900501786028,0.7116745725227828,0.0159832563351214,0.2770082513590114,0,RFG2c_curve-topo_ctr-area_kndvi_raw100nc_pg-all_unified_woody,kfold5_block20_unified,RF,curve+topo_ctr+area,,kndvi,none,RF
td_inext_q0,881,0.0077208926210771,2.312101647741194,0.2330285546876851,1.7719777184474867,-0.0462776704438081,0.1289588469471473,0,RFG2c_curve-topo_ctr-area_kndvi_raw100nc_pg-all_unified_woody,kfold5_block20_unified,RF,curve+topo_ctr+area,,kndvi,none,RF
td_inext_q1,881,0.0447368563179225,1.653576203394526,0.2020808267569667,1.252120767983107,0.0108602188983053,0.2277115549460224,0,RFG2c_curve-topo_ctr-area_kndvi_raw100nc_pg-all_unified_woody,kfold5_block20_unified,RF,curve+topo_ctr+area,,kndvi,none,RF
td_inext_q2,881,0.0535212111178167,1.4676000473829545,0.1972064596661266,1.1323370963476058,0.0551946702981666,0.2201617662031688,0,RFG2c_curve-topo_ctr-area_kndvi_raw100nc_pg-all_unified_woody,kfold5_block20_unified,RF,curve+topo_ctr+area,,kndvi,none,RF
lcbd_count_sorensen,2499,0.4441496318562782,1.5801073414380898e-05,0.1926794359790149,1.2543757043068258e-05,6.550482967019153e-08,0.5917484311949402,1,RFG2c_curve-topo_ctr-area_kndvi_raw100nc_pg-all_unified_woody,kfold5_block20_unified,RF,curve+topo_ctr+area,,kndvi,none,RF
pd_inext_q0,877,0.0768533156232359,1.47868726813463,0.2136259877364602,1.1434104265907232,-0.0128796017898878,0.2977872335557839,1,RFG2c_curve-topo_ctr-area_kndvi_raw100nc_pg-all_unified_woody,kfold5_block20_unified,RF,curve+topo_ctr+area,,kndvi,none,RF
pd_inext_q1,877,0.0722565564003797,1.0987034715625563,0.2190988031021295,0.8636420614427291,-0.0066232428445571,0.2823478735599594,1,RFG2c_curve-topo_ctr-area_kndvi_raw100nc_pg-all_unified_woody,kfold5_block20_unified,RF,curve+topo_ctr+area,,kndvi,none,RF
pd_inext_q2,877,0.0443522017473276,0.9083683563650414,0.2371590005317222,0.7125751284009245,-0.0698153675742891,0.2505672545245712,1,RFG2c_curve-topo_ctr-area_kndvi_raw100nc_pg-all_unified_woody,kfold5_block20_unified,RF,curve+topo_ctr+area,,kndvi,none,RF
td_inext_q0,881,-0.0038232147689538,2.3255121726052903,0.2343801540993011,1.8288874093539749,0.2161063801603744,0.1129175050756965,1,RFG2c_curve-topo_ctr-area_kndvi_raw100nc_pg-all_unified_woody,kfold5_block20_unified,RF,curve+topo_ctr+area,,kndvi,none,RF
td_inext_q1,881,0.0472068283888308,1.6514370385920747,0.2018194029465844,1.2521421048101824,-0.0051117564295286,0.2252789378712803,1,RFG2c_curve-topo_ctr-area_kndvi_raw100nc_pg-all_unified_woody,kfold5_block20_unified,RF,curve+topo_ctr+area,,kndvi,none,RF
td_inext_q2,881,0.0474806681341459,1.472275800126092,0.1978347566237293,1.1409391480200544,0.0826244739173243,0.217946204662902,1,RFG2c_curve-topo_ctr-area_kndvi_raw100nc_pg-all_unified_woody,kfold5_block20_unified,RF,curve+topo_ctr+area,,kndvi,none,RF
lcbd_count_sorensen,2499,0.448438008861694,1.574000287807663e-05,0.191934737427122,1.2463656749143118e-05,-1.0138983006277015e-06,0.597647937273117,2,RFG2c_curve-topo_ctr-area_kndvi_raw100nc_pg-all_unified_woody,kfold5_block20_unified,RF,curve+topo_ctr+area,,kndvi,none,RF
pd_inext_q0,877,0.071266272636686,1.4831551534470353,0.2142714632426907,1.1421101732639003,-0.0630825956976546,0.2924834935211389,2,RFG2c_curve-topo_ctr-area_kndvi_raw100nc_pg-all_unified_woody,kfold5_block20_unified,RF,curve+topo_ctr+area,,kndvi,none,RF
pd_inext_q1,877,0.0764249176788821,1.0962324495935831,0.2186060423437867,0.8479749729615725,-0.0944714372250682,0.2792451401930469,2,RFG2c_curve-topo_ctr-area_kndvi_raw100nc_pg-all_unified_woody,kfold5_block20_unified,RF,curve+topo_ctr+area,,kndvi,none,RF
pd_inext_q2,877,0.0681111306764633,0.8970055441668252,0.2341923701275741,0.701467286842183,-0.0689762300601141,0.2731694447316835,2,RFG2c_curve-topo_ctr-area_kndvi_raw100nc_pg-all_unified_woody,kfold5_block20_unified,RF,curve+topo_ctr+area,,kndvi,none,RF
td_inext_q0,881,-0.0197326903621433,2.343868112144256,0.2362301843801404,1.7924292975382652,-0.0868559654871647,0.1054186037613555,2,RFG2c_curve-topo_ctr-area_kndvi_raw100nc_pg-all_unified_woody,kfold5_block20_unified,RF,curve+topo_ctr+area,,kndvi,none,RF
td_inext_q1,881,0.0426321145907293,1.6553968723341137,0.2023033277120525,1.2655380741582531,0.1146851194918719,0.2219704642296905,2,RFG2c_curve-topo_ctr-area_kndvi_raw100nc_pg-all_unified_woody,kfold5_block20_unified,RF,curve+topo_ctr+area,,kndvi,none,RF
td_inext_q2,881,0.0477028856851198,1.4721040531623169,0.1978116783942451,1.1297756518834934,0.0126927329875343,0.2089774970577576,2,RFG2c_curve-topo_ctr-area_kndvi_raw100nc_pg-all_unified_woody,kfold5_block20_unified,RF,curve+topo_ctr+area,,kndvi,none,RF
lcbd_count_sorensen,2499,0.4440675119695718,1.5802240576004934e-05,0.1926936684325652,1.2490775363950024e-05,-1.3156144124463854e-06,0.6053888600186378,0,RFG7c_lspu-topo_ctr-area_kndvi_raw100nc_pg-all_unified_woody_lspunc,kfold5_block20_unified,RF,lspu+topo_ctr+area,,kndvi,none,RF
pd_inext_q0,877,0.0727657230288134,1.4819573849850871,0.2140984216021239,1.1525592460472374,-0.0763917250625426,0.2771734963735453,0,RFG7c_lspu-topo_ctr-area_kndvi_raw100nc_pg-all_unified_woody_lspunc,kfold5_block20_unified,RF,lspu+topo_ctr+area,,kndvi,none,RF
pd_inext_q1,877,0.0969850903833872,1.08396188200724,0.2161590976119855,0.8618907259578177,0.0399492539918339,0.2734376956236998,0,RFG7c_lspu-topo_ctr-area_kndvi_raw100nc_pg-all_unified_woody_lspunc,kfold5_block20_unified,RF,lspu+topo_ctr+area,,kndvi,none,RF
pd_inext_q2,877,0.0790653375961182,0.8917178798540697,0.2328118539803819,0.7143148030251891,0.0103409249328504,0.2716031342043904,0,RFG7c_lspu-topo_ctr-area_kndvi_raw100nc_pg-all_unified_woody_lspunc,kfold5_block20_unified,RF,lspu+topo_ctr+area,,kndvi,none,RF
td_inext_q0,881,0.0387499048956307,2.27566430512371,0.2293561636857118,1.7600901576504513,-0.07284492904261,0.1757796868853046,0,RFG7c_lspu-topo_ctr-area_kndvi_raw100nc_pg-all_unified_woody_lspunc,kfold5_block20_unified,RF,lspu+topo_ctr+area,,kndvi,none,RF
td_inext_q1,881,0.0808423012235334,1.6220256487449736,0.198225085391595,1.219300174201473,-0.0168185571834458,0.2728089197784519,0,RFG7c_lspu-topo_ctr-area_kndvi_raw100nc_pg-all_unified_woody_lspunc,kfold5_block20_unified,RF,lspu+topo_ctr+area,,kndvi,none,RF
td_inext_q2,881,0.0732012849106767,1.4522620403707598,0.1951454389768707,1.1112035017435058,0.0398311662130073,0.2534750639074703,0,RFG7c_lspu-topo_ctr-area_kndvi_raw100nc_pg-all_unified_woody_lspunc,kfold5_block20_unified,RF,lspu+topo_ctr+area,,kndvi,none,RF
lcbd_count_sorensen,2499,0.4431353597666874,1.5815483122744816e-05,0.1928551490085902,1.2519158048880103e-05,2.095466004801877e-07,0.5996782086020926,1,RFG7c_lspu-topo_ctr-area_kndvi_raw100nc_pg-all_unified_woody_lspunc,kfold5_block20_unified,RF,lspu+topo_ctr+area,,kndvi,none,RF
pd_inext_q0,877,0.0807131858612711,1.4755926788961131,0.2131789123494172,1.159635767094267,0.0148247971866954,0.2869712779364453,1,RFG7c_lspu-topo_ctr-area_kndvi_raw100nc_pg-all_unified_woody_lspunc,kfold5_block20_unified,RF,lspu+topo_ctr+area,,kndvi,none,RF
pd_inext_q1,877,0.0785111329692841,1.0949936386481065,0.2183590039003404,0.8617060803586405,-0.0238991907362586,0.2510213249985823,1,RFG7c_lspu-topo_ctr-area_kndvi_raw100nc_pg-all_unified_woody_lspunc,kfold5_block20_unified,RF,lspu+topo_ctr+area,,kndvi,none,RF
pd_inext_q2,877,0.0461089154357055,0.9075330710514108,0.2369409222281888,0.7150741584136246,-0.0789020870067017,0.2356678508328635,1,RFG7c_lspu-topo_ctr-area_kndvi_raw100nc_pg-all_unified_woody_lspunc,kfold5_block20_unified,RF,lspu+topo_ctr+area,,kndvi,none,RF
td_inext_q0,881,0.0170417927208375,2.3012167482505603,0.2319315041325327,1.82469697290435,0.2170781256118775,0.1612420511961395,1,RFG7c_lspu-topo_ctr-area_kndvi_raw100nc_pg-all_unified_woody_lspunc,kfold5_block20_unified,RF,lspu+topo_ctr+area,,kndvi,none,RF
td_inext_q1,881,0.0798659909681829,1.622886861126568,0.1983303327395725,1.2222846810013792,-0.0201344517165924,0.2627621207065625,1,RFG7c_lspu-topo_ctr-area_kndvi_raw100nc_pg-all_unified_woody_lspunc,kfold5_block20_unified,RF,lspu+topo_ctr+area,,kndvi,none,RF
td_inext_q2,881,0.0687135478166116,1.4557738599156294,0.1956173342324378,1.117509203772457,0.055942515678528,0.2487604531210727,1,RFG7c_lspu-topo_ctr-area_kndvi_raw100nc_pg-all_unified_woody_lspunc,kfold5_block20_unified,RF,lspu+topo_ctr+area,,kndvi,none,RF
lcbd_count_sorensen,2499,0.4480432326073922,1.5745634763531254e-05,0.1920034130470902,1.2435485608620547e-05,-1.0532523870983688e-06,0.6058022707963115,2,RFG7c_lspu-topo_ctr-area_kndvi_raw100nc_pg-all_unified_woody_lspunc,kfold5_block20_unified,RF,lspu+topo_ctr+area,,kndvi,none,RF
pd_inext_q0,877,0.0738158778914145,1.481117939285367,0.213977146860251,1.1507436381091685,-0.0623829997160559,0.280314274779104,2,RFG7c_lspu-topo_ctr-area_kndvi_raw100nc_pg-all_unified_woody_lspunc,kfold5_block20_unified,RF,lspu+topo_ctr+area,,kndvi,none,RF
pd_inext_q1,877,0.0798964589071733,1.0941702463687246,0.2181948064916988,0.8538181396415507,-0.0792964059015666,0.2724134196607169,2,RFG7c_lspu-topo_ctr-area_kndvi_raw100nc_pg-all_unified_woody_lspunc,kfold5_block20_unified,RF,lspu+topo_ctr+area,,kndvi,none,RF
pd_inext_q2,877,0.0672986868866937,0.8973964748012315,0.2342944352401282,0.7046642326217102,-0.0683167125476311,0.2473167194259962,2,RFG7c_lspu-topo_ctr-area_kndvi_raw100nc_pg-all_unified_woody_lspunc,kfold5_block20_unified,RF,lspu+topo_ctr+area,,kndvi,none,RF
td_inext_q0,881,0.0043656884899484,2.316007316173794,0.2334221932073528,1.7821096998321233,-0.1377266778242684,0.141222786844769,2,RFG7c_lspu-topo_ctr-area_kndvi_raw100nc_pg-all_unified_woody_lspunc,kfold5_block20_unified,RF,lspu+topo_ctr+area,,kndvi,none,RF
td_inext_q1,881,0.0714961348714527,1.6302513207552622,0.1992303312321305,1.2389160481583,0.0875987212349445,0.2424678752635581,2,RFG7c_lspu-topo_ctr-area_kndvi_raw100nc_pg-all_unified_woody_lspunc,kfold5_block20_unified,RF,lspu+topo_ctr+area,,kndvi,none,RF
td_inext_q2,881,0.0576163199137738,1.4644216894265514,0.1967793727896635,1.115820606048149,-0.0087591819076553,0.2094670986119175,2,RFG7c_lspu-topo_ctr-area_kndvi_raw100nc_pg-all_unified_woody_lspunc,kfold5_block20_unified,RF,lspu+topo_ctr+area,,kndvi,none,RF
hill_q0_unified,3102,0.3630097399278518,2.423507379311223,0.1731076699508016,1.6983958614365158,-0.1050536933198764,0.6495538508684425,0,RFG2c_curve-topo_ctr-area_kndvi_raw100nc_unified-all_unified_woody,kfold5_block20_unified,RF,curve+topo_ctr+area,,kndvi,none,RF
lcbd_pa_unified,3094,0.391387228344293,1.1650066602456869e-05,0.2007933122957811,9.244909250572905e-06,1.7460259637219896e-07,0.5617114829858787,0,RFG2c_curve-topo_ctr-area_kndvi_raw100nc_unified-all_unified_woody,kfold5_block20_unified,RF,curve+topo_ctr+area,,kndvi,none,RF
pcoa1_pa_unified,3094,0.478850896079668,0.2118313359196521,0.165212516300567,0.1200562973736707,-0.0230287274378813,0.7542492739168195,0,RFG2c_curve-topo_ctr-area_kndvi_raw100nc_unified-all_unified_woody,kfold5_block20_unified,RF,curve+topo_ctr+area,,kndvi,none,RF
pcoa2_pa_unified,3094,0.6729415350535771,0.1544433335132262,0.1475729205911156,0.1202931856820457,0.0011457883296118,0.8282683869491316,0,RFG2c_curve-topo_ctr-area_kndvi_raw100nc_unified-all_unified_woody,kfold5_block20_unified,RF,curve+topo_ctr+area,,kndvi,none,RF
lcbd_freq_unified,3040,0.3671385272103027,1.996287196976185e-05,0.200365616225794,1.5818616406954813e-05,-2.086970293116335e-06,0.5599502446763011,0,RFG2c_curve-topo_ctr-area_kndvi_raw100nc_unified-all_unified_woody,kfold5_block20_unified,RF,curve+topo_ctr+area,,kndvi,none,RF
pcoa1_freq_unified,3040,0.2682507232341272,0.4278125952929426,0.2064219099271761,0.2061322558907374,-0.0625474349658444,0.5723296014684139,0,RFG2c_curve-topo_ctr-area_kndvi_raw100nc_unified-all_unified_woody,kfold5_block20_unified,RF,curve+topo_ctr+area,,kndvi,none,RF
pcoa2_freq_unified,3040,0.4534308444729167,0.3495716679434774,0.1660231265440808,0.2334823002028202,0.0117302701090772,0.8041251995331952,0,RFG2c_curve-topo_ctr-area_kndvi_raw100nc_unified-all_unified_woody,kfold5_block20_unified,RF,curve+topo_ctr+area,,kndvi,none,RF
mpd_unified,2535,0.1336685863876137,108.70904553476194,0.1699603766598317,73.73329309747736,5.111681044267798,0.3588058526808164,0,RFG2c_curve-topo_ctr-area_kndvi_raw100nc_unified-all_unified_woody,kfold5_block20_unified,RF,curve+topo_ctr+area,,kndvi,none,RF
mntd_unified,2535,0.0335767735970202,100.11745636192366,0.1565279182591626,65.65674426406366,-6.718200788778736,0.1688475096745605,0,RFG2c_curve-topo_ctr-area_kndvi_raw100nc_unified-all_unified_woody,kfold5_block20_unified,RF,curve+topo_ctr+area,,kndvi,none,RF
ses_pd_unified,2535,0.107840123565567,1.136376102424943,0.2080511957469039,0.8247443540345956,-0.0709505116331141,0.3132708064049608,0,RFG2c_curve-topo_ctr-area_kndvi_raw100nc_unified-all_unified_woody,kfold5_block20_unified,RF,curve+topo_ctr+area,,kndvi,none,RF
ses_mpd_unified,2535,0.1501536989341393,1.1716730419154175,0.2130601589448674,0.8641419059576111,-0.0444605181929313,0.3365208164335602,0,RFG2c_curve-topo_ctr-area_kndvi_raw100nc_unified-all_unified_woody,kfold5_block20_unified,RF,curve+topo_ctr+area,,kndvi,none,RF
ses_mntd_unified,2535,0.0515780052287244,1.191234818966445,0.1962600081568605,0.8903812590266706,-0.0908137764410113,0.1921842983084438,0,RFG2c_curve-topo_ctr-area_kndvi_raw100nc_unified-all_unified_woody,kfold5_block20_unified,RF,curve+topo_ctr+area,,kndvi,none,RF
dark_n_unified,3094,0.563486114736524,18.34524713122753,0.1714509077684816,14.614049564529925,-0.8646351761701555,0.7458764597002171,0,RFG2c_curve-topo_ctr-area_kndvi_raw100nc_unified-all_unified_woody,kfold5_block20_unified,RF,curve+topo_ctr+area,,kndvi,none,RF
hill_q0_unified,3102,0.3592272323890605,2.4306922353701097,0.1736208739550078,1.6995946241554247,-0.1304101883723907,0.6414919758223064,1,RFG2c_curve-topo_ctr-area_kndvi_raw100nc_unified-all_unified_woody,kfold5_block20_unified,RF,curve+topo_ctr+area,,kndvi,none,RF
lcbd_pa_unified,3094,0.3897822637471629,1.1665417606020686e-05,0.201057892658952,9.212499467050504e-06,-1.1729095927502468e-06,0.5654096817820031,1,RFG2c_curve-topo_ctr-area_kndvi_raw100nc_unified-all_unified_woody,kfold5_block20_unified,RF,curve+topo_ctr+area,,kndvi,none,RF
pcoa1_pa_unified,3094,0.4779934795614324,0.2120055212354643,0.1653483677514537,0.1197207164630956,-0.0243057128888412,0.7495672282010711,1,RFG2c_curve-topo_ctr-area_kndvi_raw100nc_unified-all_unified_woody,kfold5_block20_unified,RF,curve+topo_ctr+area,,kndvi,none,RF
pcoa2_pa_unified,3094,0.6726001173580365,0.1545239245063706,0.1476499264932878,0.1215853096020292,-0.0043222616184132,0.8286096388834511,1,RFG2c_curve-topo_ctr-area_kndvi_raw100nc_unified-all_unified_woody,kfold5_block20_unified,RF,curve+topo_ctr+area,,kndvi,none,RF
lcbd_freq_unified,3040,0.3733967539689956,1.9863922532805667e-05,0.1993724693007948,1.5831742567253297e-05,-5.057997974580862e-08,0.5591062660445889,1,RFG2c_curve-topo_ctr-area_kndvi_raw100nc_unified-all_unified_woody,kfold5_block20_unified,RF,curve+topo_ctr+area,,kndvi,none,RF
pcoa1_freq_unified,3040,0.2573109652761797,0.4309986616463269,0.2079592043150844,0.2002377410892096,-0.0780572488878268,0.5712796743127087,1,RFG2c_curve-topo_ctr-area_kndvi_raw100nc_unified-all_unified_woody,kfold5_block20_unified,RF,curve+topo_ctr+area,,kndvi,none,RF
pcoa2_freq_unified,3040,0.4459475524072915,0.3519565936674006,0.16715580651094,0.2304489029004935,0.0230770835695736,0.7981706726239748,1,RFG2c_curve-topo_ctr-area_kndvi_raw100nc_unified-all_unified_woody,kfold5_block20_unified,RF,curve+topo_ctr+area,,kndvi,none,RF
mpd_unified,2535,0.1149680982055678,109.87606920042802,0.1717849514301448,72.92402942839448,-4.237389102367138,0.3380754842127398,1,RFG2c_curve-topo_ctr-area_kndvi_raw100nc_unified-all_unified_woody,kfold5_block20_unified,RF,curve+topo_ctr+area,,kndvi,none,RF
mntd_unified,2535,0.0378528897429583,99.89571681886396,0.156181241162759,65.44866235536692,-5.549555633957152,0.1739759271772286,1,RFG2c_curve-topo_ctr-area_kndvi_raw100nc_unified-all_unified_woody,kfold5_block20_unified,RF,curve+topo_ctr+area,,kndvi,none,RF
ses_pd_unified,2535,0.1045103100920095,1.1384947789330178,0.2084390894908547,0.8453720061268035,0.0213713240371197,0.3091153340424374,1,RFG2c_curve-topo_ctr-area_kndvi_raw100nc_unified-all_unified_woody,kfold5_block20_unified,RF,curve+topo_ctr+area,,kndvi,none,RF
ses_mpd_unified,2535,0.149549981802634,1.172089136865477,0.2131358227632061,0.8641375700044003,-0.0432313211119445,0.3324664391004225,1,RFG2c_curve-topo_ctr-area_kndvi_raw100nc_unified-all_unified_woody,kfold5_block20_unified,RF,curve+topo_ctr+area,,kndvi,none,RF
ses_mntd_unified,2535,0.0452025236806251,1.1952319716604225,0.1969185527257683,0.893249623213407,-0.0860667282984812,0.1829337241237918,1,RFG2c_curve-topo_ctr-area_kndvi_raw100nc_unified-all_unified_woody,kfold5_block20_unified,RF,curve+topo_ctr+area,,kndvi,none,RF
dark_n_unified,3094,0.5607747618631043,18.40213356712684,0.17198255670212,14.617537207101009,-1.31593619929963,0.7456286180818713,1,RFG2c_curve-topo_ctr-area_kndvi_raw100nc_unified-all_unified_woody,kfold5_block20_unified,RF,curve+topo_ctr+area,,kndvi,none,RF
hill_q0_unified,3102,0.3555120104774019,2.4377286681324657,0.1741234762951761,1.734436645176631,0.0218766684947556,0.6340553397473845,2,RFG2c_curve-topo_ctr-area_kndvi_raw100nc_unified-all_unified_woody,kfold5_block20_unified,RF,curve+topo_ctr+area,,kndvi,none,RF
lcbd_pa_unified,3094,0.3923620685800266,1.1640732666682336e-05,0.2006324383759248,9.22213498472792e-06,-2.090759724239489e-07,0.564772871066129,2,RFG2c_curve-topo_ctr-area_kndvi_raw100nc_unified-all_unified_woody,kfold5_block20_unified,RF,curve+topo_ctr+area,,kndvi,none,RF
pcoa1_pa_unified,3094,0.4642079658676953,0.214786674351979,0.1675174580921332,0.1177333337783624,-0.0361239995037874,0.7510569920361703,2,RFG2c_curve-topo_ctr-area_kndvi_raw100nc_unified-all_unified_woody,kfold5_block20_unified,RF,curve+topo_ctr+area,,kndvi,none,RF
pcoa2_pa_unified,3094,0.671543083522211,0.1547731692394876,0.1478880835724658,0.1201034335193459,0.0058125611154195,0.8275791721048927,2,RFG2c_curve-topo_ctr-area_kndvi_raw100nc_unified-all_unified_woody,kfold5_block20_unified,RF,curve+topo_ctr+area,,kndvi,none,RF
lcbd_freq_unified,3040,0.373838146202651,1.9856925022190347e-05,0.1993022358930662,1.5775437624959563e-05,-9.971338512109055e-07,0.5601192018822336,2,RFG2c_curve-topo_ctr-area_kndvi_raw100nc_unified-all_unified_woody,kfold5_block20_unified,RF,curve+topo_ctr+area,,kndvi,none,RF
pcoa1_freq_unified,3040,0.2420500738774578,0.4354042592300333,0.2100849291712601,0.2015565940773282,-0.0827021120898725,0.5687016512403053,2,RFG2c_curve-topo_ctr-area_kndvi_raw100nc_unified-all_unified_woody,kfold5_block20_unified,RF,curve+topo_ctr+area,,kndvi,none,RF
pcoa2_freq_unified,3040,0.450037290422569,0.3506552039092954,0.1665377335482077,0.2302026653748444,0.0211527321501766,0.8042792007810696,2,RFG2c_curve-topo_ctr-area_kndvi_raw100nc_unified-all_unified_woody,kfold5_block20_unified,RF,curve+topo_ctr+area,,kndvi,none,RF
mpd_unified,2535,0.1224814965967326,109.4086836467548,0.1710542208423,72.03305164451596,-4.858657278849438,0.3460775998002231,2,RFG2c_curve-topo_ctr-area_kndvi_raw100nc_unified-all_unified_woody,kfold5_block20_unified,RF,curve+topo_ctr+area,,kndvi,none,RF
mntd_unified,2535,0.0326718371508909,100.16431923404944,0.1566011856800905,65.76097749662281,-6.99666657794011,0.1675407064566418,2,RFG2c_curve-topo_ctr-area_kndvi_raw100nc_unified-all_unified_woody,kfold5_block20_unified,RF,curve+topo_ctr+area,,kndvi,none,RF
ses_pd_unified,2535,0.1103649590825228,1.1347669762758374,0.2077565920336486,0.8459575160158394,0.0230955635416998,0.3156976863582955,2,RFG2c_curve-topo_ctr-area_kndvi_raw100nc_unified-all_unified_woody,kfold5_block20_unified,RF,curve+topo_ctr+area,,kndvi,none,RF
ses_mpd_unified,2535,0.1495338201389465,1.172100273804769,0.2131378479340266,0.8683460805129939,-0.0382004226683564,0.3348630899899208,2,RFG2c_curve-topo_ctr-area_kndvi_raw100nc_unified-all_unified_woody,kfold5_block20_unified,RF,curve+topo_ctr+area,,kndvi,none,RF
ses_mntd_unified,2535,0.0481839795624315,1.19336439360956,0.1966108628583635,0.8909856847676014,-0.0172057198725618,0.1868573202596319,2,RFG2c_curve-topo_ctr-area_kndvi_raw100nc_unified-all_unified_woody,kfold5_block20_unified,RF,curve+topo_ctr+area,,kndvi,none,RF
dark_n_unified,3094,0.5671793937683218,18.267474072069803,0.1707240567483159,14.598470065849051,-0.096422173592591,0.7469485042587181,2,RFG2c_curve-topo_ctr-area_kndvi_raw100nc_unified-all_unified_woody,kfold5_block20_unified,RF,curve+topo_ctr+area,,kndvi,none,RF
hill_q0_unified,3102,0.3407170442257956,2.465550343148061,0.1761107387962901,1.7339337916359554,-0.0950794295987311,0.6314553823154427,0,RFG7c_lspu-topo_ctr-area_kndvi_raw100nc_unified-all_unified_woody_lspunc,kfold5_block20_unified,RF,lspu+topo_ctr+area,,kndvi,none,RF
lcbd_pa_unified,3094,0.3734657020094745,1.1820349082971051e-05,0.2037281953702842,9.376780603362665e-06,3.066851971521089e-07,0.5489581149905526,0,RFG7c_lspu-topo_ctr-area_kndvi_raw100nc_unified-all_unified_woody_lspunc,kfold5_block20_unified,RF,lspu+topo_ctr+area,,kndvi,none,RF
pcoa1_pa_unified,3094,0.5071095857978396,0.2060081459073831,0.1606708658849354,0.1177873469723811,-0.0229782468065626,0.7553719223942239,0,RFG7c_lspu-topo_ctr-area_kndvi_raw100nc_unified-all_unified_woody_lspunc,kfold5_block20_unified,RF,lspu+topo_ctr+area,,kndvi,none,RF
pcoa2_pa_unified,3094,0.6644693722210122,0.15643090382501,0.1494720738217406,0.1217065202726212,0.0029876231644732,0.8231335459978105,0,RFG7c_lspu-topo_ctr-area_kndvi_raw100nc_unified-all_unified_woody_lspunc,kfold5_block20_unified,RF,lspu+topo_ctr+area,,kndvi,none,RF
lcbd_freq_unified,3040,0.3493838155239063,2.0240960804157263e-05,0.203156769760894,1.6013928799998742e-05,-2.39803557165595e-06,0.5550616786321462,0,RFG7c_lspu-topo_ctr-area_kndvi_raw100nc_unified-all_unified_woody_lspunc,kfold5_block20_unified,RF,lspu+topo_ctr+area,,kndvi,none,RF
pcoa1_freq_unified,3040,0.285107007739428,0.4228564267575569,0.2040305315847626,0.1997149521887672,-0.0648646983166161,0.5884008733826731,0,RFG7c_lspu-topo_ctr-area_kndvi_raw100nc_unified-all_unified_woody_lspunc,kfold5_block20_unified,RF,lspu+topo_ctr+area,,kndvi,none,RF
pcoa2_freq_unified,3040,0.4552041992060364,0.3490041110164388,0.1657535750210038,0.2316139983087927,0.01322974147394,0.7968573077423158,0,RFG7c_lspu-topo_ctr-area_kndvi_raw100nc_unified-all_unified_woody_lspunc,kfold5_block20_unified,RF,lspu+topo_ctr+area,,kndvi,none,RF
mpd_unified,2535,0.147348308752836,107.84735053883496,0.1686131658058204,73.78326500931486,5.401434581817664,0.3722266703832954,0,RFG7c_lspu-topo_ctr-area_kndvi_raw100nc_unified-all_unified_woody_lspunc,kfold5_block20_unified,RF,lspu+topo_ctr+area,,kndvi,none,RF
mntd_unified,2535,0.0375099182460584,99.91351988165266,0.1562090752334417,65.5174813166724,-8.56226218893774,0.1817029303213545,0,RFG7c_lspu-topo_ctr-area_kndvi_raw100nc_unified-all_unified_woody_lspunc,kfold5_block20_unified,RF,lspu+topo_ctr+area,,kndvi,none,RF
ses_pd_unified,2535,0.1029602881812959,1.1394796751842498,0.2086194072943691,0.8350659581739466,-0.0496682697946641,0.2975094106781028,0,RFG7c_lspu-topo_ctr-area_kndvi_raw100nc_unified-all_unified_woody_lspunc,kfold5_block20_unified,RF,lspu+topo_ctr+area,,kndvi,none,RF
ses_mpd_unified,2535,0.1489325733119691,1.1725145154750822,0.2132131747470207,0.8610398848865419,-0.0742168094815395,0.3324552552233921,0,RFG7c_lspu-topo_ctr-area_kndvi_raw100nc_unified-all_unified_woody_lspunc,kfold5_block20_unified,RF,lspu+topo_ctr+area,,kndvi,none,RF
ses_mntd_unified,2535,0.0465244097947739,1.1944043051575126,0.1967821918403862,0.8863121826402468,-0.1144796433064339,0.1985633766152555,0,RFG7c_lspu-topo_ctr-area_kndvi_raw100nc_unified-all_unified_woody_lspunc,kfold5_block20_unified,RF,lspu+topo_ctr+area,,kndvi,none,RF
dark_n_unified,3094,0.5686475220122442,18.236466103160527,0.17043426264636,14.43818423746247,-0.5290631973657686,0.7502989182067324,0,RFG7c_lspu-topo_ctr-area_kndvi_raw100nc_unified-all_unified_woody_lspunc,kfold5_block20_unified,RF,lspu+topo_ctr+area,,kndvi,none,RF
hill_q0_unified,3102,0.3402841811907301,2.466359609088717,0.1761685435063369,1.73015517542565,-0.1626587205976231,0.6297070016681039,1,RFG7c_lspu-topo_ctr-area_kndvi_raw100nc_unified-all_unified_woody_lspunc,kfold5_block20_unified,RF,lspu+topo_ctr+area,,kndvi,none,RF
lcbd_pa_unified,3094,0.3692618656066112,1.185993808886657e-05,0.2044105268878209,9.380439787256442e-06,-1.2015217146397556e-06,0.5474901165419364,1,RFG7c_lspu-topo_ctr-area_kndvi_raw100nc_unified-all_unified_woody_lspunc,kfold5_block20_unified,RF,lspu+topo_ctr+area,,kndvi,none,RF
pcoa1_pa_unified,3094,0.5063983137073318,0.2061567337235057,0.1607867532105128,0.1179227483547601,-0.0221175351841714,0.7517244529210327,1,RFG7c_lspu-topo_ctr-area_kndvi_raw100nc_unified-all_unified_woody_lspunc,kfold5_block20_unified,RF,lspu+topo_ctr+area,,kndvi,none,RF
pcoa2_pa_unified,3094,0.6634795228338874,0.1566614774134483,0.1496923903422597,0.1232310040882583,-0.0084865472155628,0.823166527785073,1,RFG7c_lspu-topo_ctr-area_kndvi_raw100nc_unified-all_unified_woody_lspunc,kfold5_block20_unified,RF,lspu+topo_ctr+area,,kndvi,none,RF
lcbd_freq_unified,3040,0.3572841407294864,2.0117694132307115e-05,0.2019195528562938,1.6013041771274472e-05,-2.0411135767371025e-07,0.5541012599728645,1,RFG7c_lspu-topo_ctr-area_kndvi_raw100nc_unified-all_unified_woody_lspunc,kfold5_block20_unified,RF,lspu+topo_ctr+area,,kndvi,none,RF
pcoa1_freq_unified,3040,0.2754881511257797,0.4256916797233358,0.2053985566003001,0.1995282387136846,-0.070085158815294,0.5929693803689702,1,RFG7c_lspu-topo_ctr-area_kndvi_raw100nc_unified-all_unified_woody_lspunc,kfold5_block20_unified,RF,lspu+topo_ctr+area,,kndvi,none,RF
pcoa2_freq_unified,3040,0.4455925005630671,0.3520693472746891,0.1672093569217078,0.2291649601102094,0.0275045394673959,0.7890193035654453,1,RFG7c_lspu-topo_ctr-area_kndvi_raw100nc_unified-all_unified_woody_lspunc,kfold5_block20_unified,RF,lspu+topo_ctr+area,,kndvi,none,RF
mpd_unified,2535,0.1267260822831067,109.14375620309087,0.1706400219328058,72.50208881730057,-6.159037624185072,0.3529006902398266,1,RFG7c_lspu-topo_ctr-area_kndvi_raw100nc_unified-all_unified_woody_lspunc,kfold5_block20_unified,RF,lspu+topo_ctr+area,,kndvi,none,RF
mntd_unified,2535,0.0423388080896216,99.66256765743763,0.1558167257804464,65.0828880950612,-6.520407668905184,0.1991581018484838,1,RFG7c_lspu-topo_ctr-area_kndvi_raw100nc_unified-all_unified_woody_lspunc,kfold5_block20_unified,RF,lspu+topo_ctr+area,,kndvi,none,RF
ses_pd_unified,2535,0.1047346968661754,1.138352131184604,0.2084129731068822,0.8488027608610571,0.0115547045614173,0.3112261715900226,1,RFG7c_lspu-topo_ctr-area_kndvi_raw100nc_unified-all_unified_woody_lspunc,kfold5_block20_unified,RF,lspu+topo_ctr+area,,kndvi,none,RF
ses_mpd_unified,2535,0.1470435483227048,1.17381504787848,0.2134496670368218,0.8670679390778621,-0.0634541848812984,0.3276262464354553,1,RFG7c_lspu-topo_ctr-area_kndvi_raw100nc_unified-all_unified_woody_lspunc,kfold5_block20_unified,RF,lspu+topo_ctr+area,,kndvi,none,RF
ses_mntd_unified,2535,0.0419248333953299,1.1972817486708396,0.1972562604945299,0.8872256289794445,-0.0924766171983709,0.1917116856757312,1,RFG7c_lspu-topo_ctr-area_kndvi_raw100nc_unified-all_unified_woody_lspunc,kfold5_block20_unified,RF,lspu+topo_ctr+area,,kndvi,none,RF
dark_n_unified,3094,0.5656478411703076,18.299765615852152,0.1710258468771229,14.484659505288692,-0.8714568056889435,0.74958744551262,1,RFG7c_lspu-topo_ctr-area_kndvi_raw100nc_unified-all_unified_woody_lspunc,kfold5_block20_unified,RF,lspu+topo_ctr+area,,kndvi,none,RF
hill_q0_unified,3102,0.331162507249107,2.483351846325884,0.1773822747375631,1.774172967719453,0.0219688630705601,0.6146524972888038,2,RFG7c_lspu-topo_ctr-area_kndvi_raw100nc_unified-all_unified_woody_lspunc,kfold5_block20_unified,RF,lspu+topo_ctr+area,,kndvi,none,RF
lcbd_pa_unified,3094,0.3762179574722233,1.1794358146278284e-05,0.2032802317279896,9.329257196276992e-06,-3.083247348090427e-07,0.5551789833589198,2,RFG7c_lspu-topo_ctr-area_kndvi_raw100nc_unified-all_unified_woody_lspunc,kfold5_block20_unified,RF,lspu+topo_ctr+area,,kndvi,none,RF
pcoa1_pa_unified,3094,0.4902183320412764,0.2095083393152499,0.1634007535946162,0.115972867158531,-0.0357169041001719,0.7537032470882739,2,RFG7c_lspu-topo_ctr-area_kndvi_raw100nc_unified-all_unified_woody_lspunc,kfold5_block20_unified,RF,lspu+topo_ctr+area,,kndvi,none,RF
pcoa2_pa_unified,3094,0.6649817942610865,0.1563114076238118,0.1493578934100049,0.1212941279804452,0.0030277227312634,0.8234545831641636,2,RFG7c_lspu-topo_ctr-area_kndvi_raw100nc_unified-all_unified_woody_lspunc,kfold5_block20_unified,RF,lspu+topo_ctr+area,,kndvi,none,RF
lcbd_freq_unified,3040,0.3535905854358012,2.017541743662374e-05,0.2024989166601347,1.600133941840052e-05,-1.0145807297057246e-06,0.5508771146874729,2,RFG7c_lspu-topo_ctr-area_kndvi_raw100nc_unified-all_unified_woody_lspunc,kfold5_block20_unified,RF,lspu+topo_ctr+area,,kndvi,none,RF
pcoa1_freq_unified,3040,0.2662362315690995,0.4284010704735632,0.2067058524105555,0.1969991118530689,-0.0781751689042194,0.5925747220295045,2,RFG7c_lspu-topo_ctr-area_kndvi_raw100nc_unified-all_unified_woody_lspunc,kfold5_block20_unified,RF,lspu+topo_ctr+area,,kndvi,none,RF
pcoa2_freq_unified,3040,0.4493732250251581,0.3508668434743316,0.1666382481651229,0.2266116946757821,0.0306427205568625,0.7981979412734524,2,RFG7c_lspu-topo_ctr-area_kndvi_raw100nc_unified-all_unified_woody_lspunc,kfold5_block20_unified,RF,lspu+topo_ctr+area,,kndvi,none,RF
mpd_unified,2535,0.128756647110283,109.01679005336764,0.170441517617697,72.60430059669524,-4.140747713522695,0.3502342564866516,2,RFG7c_lspu-topo_ctr-area_kndvi_raw100nc_unified-all_unified_woody_lspunc,kfold5_block20_unified,RF,lspu+topo_ctr+area,,kndvi,none,RF
mntd_unified,2535,0.0350873266245326,100.03918223501432,0.1564055411374908,65.47274226653778,-7.300463883237636,0.1879875530480925,2,RFG7c_lspu-topo_ctr-area_kndvi_raw100nc_unified-all_unified_woody_lspunc,kfold5_block20_unified,RF,lspu+topo_ctr+area,,kndvi,none,RF
ses_pd_unified,2535,0.1071053225327274,1.136843977350558,0.2081368557124087,0.8471116635559923,0.0030948726863279,0.3051670166213585,2,RFG7c_lspu-topo_ctr-area_kndvi_raw100nc_unified-all_unified_woody_lspunc,kfold5_block20_unified,RF,lspu+topo_ctr+area,,kndvi,none,RF
ses_mpd_unified,2535,0.1447717412457312,1.1753772073797415,0.2137337342976781,0.8689093996191865,-0.0599928942168414,0.3233507940736516,2,RFG7c_lspu-topo_ctr-area_kndvi_raw100nc_unified-all_unified_woody_lspunc,kfold5_block20_unified,RF,lspu+topo_ctr+area,,kndvi,none,RF
ses_mntd_unified,2535,0.0412486818617809,1.197704158695262,0.1973258539898834,0.8885638968217685,0.0002908519818636,0.1925623553399503,2,RFG7c_lspu-topo_ctr-area_kndvi_raw100nc_unified-all_unified_woody_lspunc,kfold5_block20_unified,RF,lspu+topo_ctr+area,,kndvi,none,RF
dark_n_unified,3094,0.5697639301808175,18.212851389982017,0.1702135643923553,14.486681586828764,0.5703931579920355,0.7515101064205298,2,RFG7c_lspu-topo_ctr-area_kndvi_raw100nc_unified-all_unified_woody_lspunc,kfold5_block20_unified,RF,lspu+topo_ctr+area,,kndvi,none,RF
lcbd_count_sorensen,2499,0.442644473064204,1.5822452410798774e-05,0.1929401330129167,1.2534662481282731e-05,-1.3349844114838244e-06,0.5951327461463483,0,RFG2c_curve-topo_ctr-area_kndvi_raw100tcfe_pg-all_unified_woody,kfold5_block20_unified,RF,curve+topo_ctr+area,,kndvi,none,RF
pd_inext_q0,877,0.0697773904055794,1.4843435236825075,0.2144431471212363,1.137420871172263,-0.0965420653832123,0.2918930781678739,0,RFG2c_curve-topo_ctr-area_kndvi_raw100tcfe_pg-all_unified_woody,kfold5_block20_unified,RF,curve+topo_ctr+area,,kndvi,none,RF
pd_inext_q1,877,0.0919991878336708,1.0869502538732456,0.2167550261004381,0.8624861792101645,0.0544896463843518,0.3018883725998396,0,RFG2c_curve-topo_ctr-area_kndvi_raw100tcfe_pg-all_unified_woody,kfold5_block20_unified,RF,curve+topo_ctr+area,,kndvi,none,RF
pd_inext_q2,877,0.0737810156906322,0.8942725584328763,0.2334788356229988,0.7108760271211487,0.0115967949423059,0.2820562818070932,0,RFG2c_curve-topo_ctr-area_kndvi_raw100tcfe_pg-all_unified_woody,kfold5_block20_unified,RF,curve+topo_ctr+area,,kndvi,none,RF
td_inext_q0,881,0.0071878016697702,2.3127226398377423,0.2330911422866656,1.7715894645477748,-0.0705375214967979,0.1433926433851403,0,RFG2c_curve-topo_ctr-area_kndvi_raw100tcfe_pg-all_unified_woody,kfold5_block20_unified,RF,curve+topo_ctr+area,,kndvi,none,RF
td_inext_q1,881,0.0441664669342988,1.65406980642198,0.2021411491706981,1.2524402440610187,0.0164741171228954,0.2317144102149146,0,RFG2c_curve-topo_ctr-area_kndvi_raw100tcfe_pg-all_unified_woody,kfold5_block20_unified,RF,curve+topo_ctr+area,,kndvi,none,RF
td_inext_q2,881,0.052957093484423,1.468037339666443,0.1972652201323857,1.134521479667526,0.0702844357847256,0.2299077923946409,0,RFG2c_curve-topo_ctr-area_kndvi_raw100tcfe_pg-all_unified_woody,kfold5_block20_unified,RF,curve+topo_ctr+area,,kndvi,none,RF
lcbd_count_sorensen,2499,0.4423697344465813,1.5826351630350373e-05,0.1929876803791151,1.2588256009864707e-05,7.60286881787736e-08,0.5915575400421654,1,RFG2c_curve-topo_ctr-area_kndvi_raw100tcfe_pg-all_unified_woody,kfold5_block20_unified,RF,curve+topo_ctr+area,,kndvi,none,RF
pd_inext_q0,877,0.0790076338785645,1.476960877457356,0.2133765760308215,1.145963529582002,0.0072321198290547,0.301223784479782,1,RFG2c_curve-topo_ctr-area_kndvi_raw100tcfe_pg-all_unified_woody,kfold5_block20_unified,RF,curve+topo_ctr+area,,kndvi,none,RF
pd_inext_q1,877,0.0700269413001503,1.1000229181301735,0.2193619215605712,0.8667872460943421,0.0055974884311549,0.276639414165741,1,RFG2c_curve-topo_ctr-area_kndvi_raw100tcfe_pg-all_unified_woody,kfold5_block20_unified,RF,curve+topo_ctr+area,,kndvi,none,RF
pd_inext_q2,877,0.0522159228313841,0.9046232994162554,0.2361812320343005,0.7081783808943238,-0.0738599546154034,0.2603624994023574,1,RFG2c_curve-topo_ctr-area_kndvi_raw100tcfe_pg-all_unified_woody,kfold5_block20_unified,RF,curve+topo_ctr+area,,kndvi,none,RF
td_inext_q0,881,-0.0075405208284036,2.3298140516869528,0.2348137252901786,1.8347092618764504,0.2322141884786984,0.1310013438511111,1,RFG2c_curve-topo_ctr-area_kndvi_raw100tcfe_pg-all_unified_woody,kfold5_block20_unified,RF,curve+topo_ctr+area,,kndvi,none,RF
td_inext_q1,881,0.0436163602435428,1.6545457177359524,0.2021993095092377,1.252312337368434,-0.0119926914158269,0.2209669381738964,1,RFG2c_curve-topo_ctr-area_kndvi_raw100tcfe_pg-all_unified_woody,kfold5_block20_unified,RF,curve+topo_ctr+area,,kndvi,none,RF
td_inext_q2,881,0.0552535154220534,1.4662563858782434,0.197025907254176,1.1351066947902004,0.0740508244107659,0.2387161892288885,1,RFG2c_curve-topo_ctr-area_kndvi_raw100tcfe_pg-all_unified_woody,kfold5_block20_unified,RF,curve+topo_ctr+area,,kndvi,none,RF
lcbd_count_sorensen,2499,0.4462951667753652,1.57705485335193e-05,0.1923072133664431,1.2477413806642289e-05,-1.0760573782353876e-06,0.597487506599246,2,RFG2c_curve-topo_ctr-area_kndvi_raw100tcfe_pg-all_unified_woody,kfold5_block20_unified,RF,curve+topo_ctr+area,,kndvi,none,RF
pd_inext_q0,877,0.0792679265779221,1.4767521518942726,0.2133464214433435,1.1346021350917164,-0.0569299855454611,0.3105950615551738,2,RFG2c_curve-topo_ctr-area_kndvi_raw100tcfe_pg-all_unified_woody,kfold5_block20_unified,RF,curve+topo_ctr+area,,kndvi,none,RF
pd_inext_q1,877,0.0735989217802604,1.0979083188729464,0.2189402371131377,0.851265628022602,-0.0952983449069589,0.2732997675031439,2,RFG2c_curve-topo_ctr-area_kndvi_raw100tcfe_pg-all_unified_woody,kfold5_block20_unified,RF,curve+topo_ctr+area,,kndvi,none,RF
pd_inext_q2,877,0.0685526972286495,0.8967930002733594,0.2341368786554303,0.6999601987599493,-0.0641314800537694,0.2752767046155797,2,RFG2c_curve-topo_ctr-area_kndvi_raw100tcfe_pg-all_unified_woody,kfold5_block20_unified,RF,curve+topo_ctr+area,,kndvi,none,RF
td_inext_q0,881,-0.0251230801097794,2.350054885491172,0.2368537274032686,1.7971540148147662,-0.0901795105792162,0.1107982287812441,2,RFG2c_curve-topo_ctr-area_kndvi_raw100tcfe_pg-all_unified_woody,kfold5_block20_unified,RF,curve+topo_ctr+area,,kndvi,none,RF
td_inext_q1,881,0.0379230016564781,1.6594631713793868,0.2028002634270338,1.269155386545245,0.1217565937171551,0.2167488084553956,2,RFG2c_curve-topo_ctr-area_kndvi_raw100tcfe_pg-all_unified_woody,kfold5_block20_unified,RF,curve+topo_ctr+area,,kndvi,none,RF
td_inext_q2,881,0.0395060955261606,1.4784259634484729,0.1986611751955588,1.135244444301136,0.0173549286145441,0.1977952723792112,2,RFG2c_curve-topo_ctr-area_kndvi_raw100tcfe_pg-all_unified_woody,kfold5_block20_unified,RF,curve+topo_ctr+area,,kndvi,none,RF
lcbd_count_sorensen,2499,0.4504066372501653,1.5711888255098248e-05,0.1915919056741028,1.2441433032685491e-05,-1.276804497849698e-06,0.6111913276975458,0,RFG7c_lspu-topo_ctr-area_kndvi_raw100tcfe_pg-all_unified_woody_lsputcfe,kfold5_block20_unified,RF,lspu+topo_ctr+area,,kndvi,none,RF
pd_inext_q0,877,0.0511980121312686,1.4990936666797448,0.2165741006601911,1.1573885400609818,-0.0729610805162296,0.2679068706974929,0,RFG7c_lspu-topo_ctr-area_kndvi_raw100tcfe_pg-all_unified_woody_lsputcfe,kfold5_block20_unified,RF,lspu+topo_ctr+area,,kndvi,none,RF
pd_inext_q1,877,0.0820874352382268,1.0928667354937824,0.217934865861745,0.8663473369817035,0.0413438699898131,0.2458976502362217,0,RFG7c_lspu-topo_ctr-area_kndvi_raw100tcfe_pg-all_unified_woody_lsputcfe,kfold5_block20_unified,RF,lspu+topo_ctr+area,,kndvi,none,RF
pd_inext_q2,877,0.0748749784752688,0.8937442870657348,0.2333409132608173,0.7154964499057656,0.013803495017259,0.2555438747474613,0,RFG7c_lspu-topo_ctr-area_kndvi_raw100tcfe_pg-all_unified_woody_lsputcfe,kfold5_block20_unified,RF,lspu+topo_ctr+area,,kndvi,none,RF
td_inext_q0,881,0.0280179047345088,2.288332517521787,0.2306329480470241,1.7644379830270025,-0.0681238527293812,0.157872523266498,0,RFG7c_lspu-topo_ctr-area_kndvi_raw100tcfe_pg-all_unified_woody_lsputcfe,kfold5_block20_unified,RF,lspu+topo_ctr+area,,kndvi,none,RF
td_inext_q1,881,0.0740105275808581,1.6280424603275905,0.1989603900340784,1.2275761785006176,-0.0055826890938668,0.2632898300354089,0,RFG7c_lspu-topo_ctr-area_kndvi_raw100tcfe_pg-all_unified_woody_lsputcfe,kfold5_block20_unified,RF,lspu+topo_ctr+area,,kndvi,none,RF
td_inext_q2,881,0.0788150724237981,1.4478570528112578,0.1945535256670887,1.1136868716607715,0.0596526389628969,0.2685472684885126,0,RFG7c_lspu-topo_ctr-area_kndvi_raw100tcfe_pg-all_unified_woody_lsputcfe,kfold5_block20_unified,RF,lspu+topo_ctr+area,,kndvi,none,RF
lcbd_count_sorensen,2499,0.4496361462581308,1.572289787536252e-05,0.1917261577826294,1.2468265988095956e-05,1.803472130379965e-07,0.6044297722658487,1,RFG7c_lspu-topo_ctr-area_kndvi_raw100tcfe_pg-all_unified_woody_lsputcfe,kfold5_block20_unified,RF,lspu+topo_ctr+area,,kndvi,none,RF
pd_inext_q0,877,0.0598898788360159,1.4922113554188123,0.2155798129749518,1.1610750803075969,0.0170847312552205,0.2782559289687709,1,RFG7c_lspu-topo_ctr-area_kndvi_raw100tcfe_pg-all_unified_woody_lsputcfe,kfold5_block20_unified,RF,lspu+topo_ctr+area,,kndvi,none,RF
pd_inext_q1,877,0.0749156016732771,1.0971278211720288,0.218784593560058,0.8618067136287406,-0.0180913962283586,0.2387365424793215,1,RFG7c_lspu-topo_ctr-area_kndvi_raw100tcfe_pg-all_unified_woody_lsputcfe,kfold5_block20_unified,RF,lspu+topo_ctr+area,,kndvi,none,RF
pd_inext_q2,877,0.0420650646671995,0.9094546987338032,0.2374426254165011,0.715777426556215,-0.0757316708791831,0.2290273047599033,1,RFG7c_lspu-topo_ctr-area_kndvi_raw100tcfe_pg-all_unified_woody_lsputcfe,kfold5_block20_unified,RF,lspu+topo_ctr+area,,kndvi,none,RF
td_inext_q0,881,-0.0015734886030542,2.322904791096696,0.2341173653308831,1.8386297854555624,0.2392021818676407,0.1393889082046206,1,RFG7c_lspu-topo_ctr-area_kndvi_raw100tcfe_pg-all_unified_woody_lsputcfe,kfold5_block20_unified,RF,lspu+topo_ctr+area,,kndvi,none,RF
td_inext_q1,881,0.0819143347853355,1.6210794709285732,0.1981094545576457,1.2256109379739912,0.0017322854650084,0.2732305274261754,1,RFG7c_lspu-topo_ctr-area_kndvi_raw100tcfe_pg-all_unified_woody_lsputcfe,kfold5_block20_unified,RF,lspu+topo_ctr+area,,kndvi,none,RF
td_inext_q2,881,0.0796314008052523,1.4472153853605465,0.1944673026075682,1.1171092685327817,0.0637948446697134,0.2658833106146733,1,RFG7c_lspu-topo_ctr-area_kndvi_raw100tcfe_pg-all_unified_woody_lsputcfe,kfold5_block20_unified,RF,lspu+topo_ctr+area,,kndvi,none,RF
lcbd_count_sorensen,2499,0.4495733669266754,1.572379459565356e-05,0.1917370924549378,1.2413859985012474e-05,-9.375709206348992e-07,0.6055784905230347,2,RFG7c_lspu-topo_ctr-area_kndvi_raw100tcfe_pg-all_unified_woody_lsputcfe,kfold5_block20_unified,RF,lspu+topo_ctr+area,,kndvi,none,RF
pd_inext_q0,877,0.0428795256629878,1.5056508709489165,0.217521420129952,1.1656704375459084,-0.0372315535304607,0.2661999721279507,2,RFG7c_lspu-topo_ctr-area_kndvi_raw100tcfe_pg-all_unified_woody_lsputcfe,kfold5_block20_unified,RF,lspu+topo_ctr+area,,kndvi,none,RF
pd_inext_q1,877,0.07978610230699,1.0942358614232266,0.2182078911685738,0.8550496642173762,-0.0697060823633621,0.2614438199311293,2,RFG7c_lspu-topo_ctr-area_kndvi_raw100tcfe_pg-all_unified_woody_lsputcfe,kfold5_block20_unified,RF,lspu+topo_ctr+area,,kndvi,none,RF
pd_inext_q2,877,0.0647164815021157,0.8986378477598517,0.2346185358850819,0.7067721431403278,-0.0605036107664936,0.2381973098857307,2,RFG7c_lspu-topo_ctr-area_kndvi_raw100tcfe_pg-all_unified_woody_lsputcfe,kfold5_block20_unified,RF,lspu+topo_ctr+area,,kndvi,none,RF
td_inext_q0,881,-0.0063411496148524,2.3284269392444235,0.234673923128804,1.7859538932810357,-0.1423519568532067,0.1223156643235737,2,RFG7c_lspu-topo_ctr-area_kndvi_raw100tcfe_pg-all_unified_woody_lsputcfe,kfold5_block20_unified,RF,lspu+topo_ctr+area,,kndvi,none,RF
td_inext_q1,881,0.0669466144068468,1.6342404256237364,0.1997178331737929,1.247634372144898,0.1003182701394065,0.2456462576444527,2,RFG7c_lspu-topo_ctr-area_kndvi_raw100tcfe_pg-all_unified_woody_lsputcfe,kfold5_block20_unified,RF,lspu+topo_ctr+area,,kndvi,none,RF
td_inext_q2,881,0.0664597016527388,1.4575343856613745,0.1958539021244112,1.1149961090477445,0.007417606534249,0.2353030527053535,2,RFG7c_lspu-topo_ctr-area_kndvi_raw100tcfe_pg-all_unified_woody_lsputcfe,kfold5_block20_unified,RF,lspu+topo_ctr+area,,kndvi,none,RF
hill_q0_unified,3102,0.3564785171803669,2.435900111880404,0.1739928651343145,1.708870695112892,-0.0918570494111257,0.6424215005034409,0,RFG2c_curve-topo_ctr-area_kndvi_raw100tcfe_unified-all_unified_woody,kfold5_block20_unified,RF,curve+topo_ctr+area,,kndvi,none,RF
lcbd_pa_unified,3094,0.3900659896169844,1.1662705323684796e-05,0.2010111454451644,9.270284812526344e-06,3.682871898249614e-08,0.5616035201192769,0,RFG2c_curve-topo_ctr-area_kndvi_raw100tcfe_unified-all_unified_woody,kfold5_block20_unified,RF,curve+topo_ctr+area,,kndvi,none,RF
pcoa1_pa_unified,3094,0.4835590725778215,0.2108722993514684,0.1644645398788256,0.1198951422408459,-0.0229250571618764,0.7542626378543528,0,RFG2c_curve-topo_ctr-area_kndvi_raw100tcfe_unified-all_unified_woody,kfold5_block20_unified,RF,curve+topo_ctr+area,,kndvi,none,RF
pcoa2_pa_unified,3094,0.6698858698134442,0.1551631283007233,0.1482606953017548,0.1213833598892332,0.000289269119012,0.826251835529476,0,RFG2c_curve-topo_ctr-area_kndvi_raw100tcfe_unified-all_unified_woody,kfold5_block20_unified,RF,curve+topo_ctr+area,,kndvi,none,RF
lcbd_freq_unified,3040,0.367102429972297,1.996344128413519e-05,0.2003713303848295,1.5838049743148883e-05,-1.979678093624598e-06,0.5571424621255947,0,RFG2c_curve-topo_ctr-area_kndvi_raw100tcfe_unified-all_unified_woody,kfold5_block20_unified,RF,curve+topo_ctr+area,,kndvi,none,RF
pcoa1_freq_unified,3040,0.2708814916531624,0.4270428717725053,0.2060505141315574,0.2059759407129616,-0.0613945168749036,0.5711021159464251,0,RFG2c_curve-topo_ctr-area_kndvi_raw100tcfe_unified-all_unified_woody,kfold5_block20_unified,RF,curve+topo_ctr+area,,kndvi,none,RF
pcoa2_freq_unified,3040,0.4546423808418991,0.349184019152311,0.165839019334566,0.2334522529167361,0.0116396410349179,0.8043824828492009,0,RFG2c_curve-topo_ctr-area_kndvi_raw100tcfe_unified-all_unified_woody,kfold5_block20_unified,RF,curve+topo_ctr+area,,kndvi,none,RF
mpd_unified,2535,0.1382001116956029,108.42436021782667,0.1695152874452422,73.28298439125402,4.512405590257865,0.3661203186003753,0,RFG2c_curve-topo_ctr-area_kndvi_raw100tcfe_unified-all_unified_woody,kfold5_block20_unified,RF,curve+topo_ctr+area,,kndvi,none,RF
mntd_unified,2535,0.037765488126831,99.9002539882467,0.1561883347676514,65.40558772285044,-6.617724958962201,0.1738378862584917,0,RFG2c_curve-topo_ctr-area_kndvi_raw100tcfe_unified-all_unified_woody,kfold5_block20_unified,RF,curve+topo_ctr+area,,kndvi,none,RF
ses_pd_unified,2535,0.1152914803668546,1.1316206216163518,0.2071805478456786,0.823023205081068,-0.0639654636533422,0.3252778922293816,0,RFG2c_curve-topo_ctr-area_kndvi_raw100tcfe_unified-all_unified_woody,kfold5_block20_unified,RF,curve+topo_ctr+area,,kndvi,none,RF
ses_mpd_unified,2535,0.1530314421905582,1.169687604429222,0.2126991216834037,0.8590800679619077,-0.0559167039661841,0.3416303115644358,0,RFG2c_curve-topo_ctr-area_kndvi_raw100tcfe_unified-all_unified_woody,kfold5_block20_unified,RF,curve+topo_ctr+area,,kndvi,none,RF
ses_mntd_unified,2535,0.055141143242396,1.1889950310968922,0.1958909954495847,0.8878903046228684,-0.094666543655843,0.2065338150632813,0,RFG2c_curve-topo_ctr-area_kndvi_raw100tcfe_unified-all_unified_woody,kfold5_block20_unified,RF,curve+topo_ctr+area,,kndvi,none,RF
dark_n_unified,3094,0.562246560219127,18.371275871819865,0.1716941670263538,14.63445643617669,-0.8412297218877959,0.7447308976931966,0,RFG2c_curve-topo_ctr-area_kndvi_raw100tcfe_unified-all_unified_woody,kfold5_block20_unified,RF,curve+topo_ctr+area,,kndvi,none,RF
hill_q0_unified,3102,0.3582266189561796,2.432589346684383,0.1737563819060273,1.7022506149625334,-0.136168980863663,0.6406458542454591,1,RFG2c_curve-topo_ctr-area_kndvi_raw100tcfe_unified-all_unified_woody,kfold5_block20_unified,RF,curve+topo_ctr+area,,kndvi,none,RF
lcbd_pa_unified,3094,0.3889952672504205,1.1672937614115496e-05,0.2011875028479212,9.242862565768817e-06,-1.1173438452253146e-06,0.5648173036067151,1,RFG2c_curve-topo_ctr-area_kndvi_raw100tcfe_unified-all_unified_woody,kfold5_block20_unified,RF,curve+topo_ctr+area,,kndvi,none,RF
pcoa1_pa_unified,3094,0.4774669532486868,0.212112414872751,0.1654317367521541,0.1194904405328321,-0.025496604753593,0.7498265450963768,1,RFG2c_curve-topo_ctr-area_kndvi_raw100tcfe_unified-all_unified_woody,kfold5_block20_unified,RF,curve+topo_ctr+area,,kndvi,none,RF
pcoa2_pa_unified,3094,0.669251357723595,0.1553121761726094,0.1484031127778723,0.1223740745268292,-0.0032144887536026,0.8266695506116105,1,RFG2c_curve-topo_ctr-area_kndvi_raw100tcfe_unified-all_unified_woody,kfold5_block20_unified,RF,curve+topo_ctr+area,,kndvi,none,RF
lcbd_freq_unified,3040,0.3724563440610947,1.987882289127198e-05,0.1995220229076411,1.5876279252395234e-05,-6.535076788372205e-08,0.5583817506972184,1,RFG2c_curve-topo_ctr-area_kndvi_raw100tcfe_unified-all_unified_woody,kfold5_block20_unified,RF,curve+topo_ctr+area,,kndvi,none,RF
pcoa1_freq_unified,3040,0.2603318061033591,0.4301212385791302,0.2075358429009098,0.2002660762748626,-0.0761638763872207,0.5681492495460132,1,RFG2c_curve-topo_ctr-area_kndvi_raw100tcfe_unified-all_unified_woody,kfold5_block20_unified,RF,curve+topo_ctr+area,,kndvi,none,RF
pcoa2_freq_unified,3040,0.4475749467998453,0.351439320074395,0.166910136203347,0.2316434539296127,0.0208840889289964,0.7974979880606828,1,RFG2c_curve-topo_ctr-area_kndvi_raw100tcfe_unified-all_unified_woody,kfold5_block20_unified,RF,curve+topo_ctr+area,,kndvi,none,RF
mpd_unified,2535,0.1164117169381725,109.7864205182118,0.171644790841653,72.47471182623653,-5.162058764143874,0.3451309719279714,1,RFG2c_curve-topo_ctr-area_kndvi_raw100tcfe_unified-all_unified_woody,kfold5_block20_unified,RF,curve+topo_ctr+area,,kndvi,none,RF
mntd_unified,2535,0.039843561838979,99.7923217246974,0.1560195888452091,65.28363612791442,-4.831166103258649,0.1765007690171594,1,RFG2c_curve-topo_ctr-area_kndvi_raw100tcfe_unified-all_unified_woody,kfold5_block20_unified,RF,curve+topo_ctr+area,,kndvi,none,RF
ses_pd_unified,2535,0.114637486605451,1.1320388023458574,0.2072571096464999,0.8426517993530833,0.0245650174527965,0.3249244809786576,1,RFG2c_curve-topo_ctr-area_kndvi_raw100tcfe_unified-all_unified_woody,kfold5_block20_unified,RF,curve+topo_ctr+area,,kndvi,none,RF
ses_mpd_unified,2535,0.1550931286037797,1.1682631133184247,0.2124400884107888,0.8598193543749636,-0.04889847262849,0.342034136999908,1,RFG2c_curve-topo_ctr-area_kndvi_raw100tcfe_unified-all_unified_woody,kfold5_block20_unified,RF,curve+topo_ctr+area,,kndvi,none,RF
ses_mntd_unified,2535,0.0511851351905997,1.1914815192832653,0.1963006528772973,0.8897722122130434,-0.0915456944407621,0.1957248393457336,1,RFG2c_curve-topo_ctr-area_kndvi_raw100tcfe_unified-all_unified_woody,kfold5_block20_unified,RF,curve+topo_ctr+area,,kndvi,none,RF
dark_n_unified,3094,0.5604569863767527,18.40878925209322,0.1720447593653572,14.6118979971412,-1.360065192032712,0.7462578138475983,1,RFG2c_curve-topo_ctr-area_kndvi_raw100tcfe_unified-all_unified_woody,kfold5_block20_unified,RF,curve+topo_ctr+area,,kndvi,none,RF
hill_q0_unified,3102,0.3529171722220654,2.442631131441804,0.1744736522458431,1.7391092311892222,0.0364434265989216,0.6306658589852756,2,RFG2c_curve-topo_ctr-area_kndvi_raw100tcfe_unified-all_unified_woody,kfold5_block20_unified,RF,curve+topo_ctr+area,,kndvi,none,RF
lcbd_pa_unified,3094,0.3923791730668945,1.1640568827206609e-05,0.2006296145404791,9.224771482759595e-06,-5.773412572627361e-08,0.5655141377106614,2,RFG2c_curve-topo_ctr-area_kndvi_raw100tcfe_unified-all_unified_woody,kfold5_block20_unified,RF,curve+topo_ctr+area,,kndvi,none,RF
pcoa1_pa_unified,3094,0.4616321686124305,0.2153023441985383,0.1679196418038137,0.1185568152430416,-0.0356479070920143,0.7490778187712269,2,RFG2c_curve-topo_ctr-area_kndvi_raw100tcfe_unified-all_unified_woody,kfold5_block20_unified,RF,curve+topo_ctr+area,,kndvi,none,RF
pcoa2_pa_unified,3094,0.668267345007894,0.155543039787343,0.1486237064228646,0.1210961705776475,0.0062385200327871,0.8253019851354614,2,RFG2c_curve-topo_ctr-area_kndvi_raw100tcfe_unified-all_unified_woody,kfold5_block20_unified,RF,curve+topo_ctr+area,,kndvi,none,RF
lcbd_freq_unified,3040,0.3712322125911208,1.9898201971089818e-05,0.1997165290526222,1.5805864981422597e-05,-9.459550281333084e-07,0.5565686221876948,2,RFG2c_curve-topo_ctr-area_kndvi_raw100tcfe_unified-all_unified_woody,kfold5_block20_unified,RF,curve+topo_ctr+area,,kndvi,none,RF
pcoa1_freq_unified,3040,0.2449842668058393,0.4345606685894773,0.2096778920874149,0.2000098209793489,-0.0830069334796808,0.5697172082717531,2,RFG2c_curve-topo_ctr-area_kndvi_raw100tcfe_unified-all_unified_woody,kfold5_block20_unified,RF,curve+topo_ctr+area,,kndvi,none,RF
pcoa2_freq_unified,3040,0.4486925353675602,0.3510836488283458,0.1667412161857772,0.2308256830974832,0.0213185742406127,0.8031862004073796,2,RFG2c_curve-topo_ctr-area_kndvi_raw100tcfe_unified-all_unified_woody,kfold5_block20_unified,RF,curve+topo_ctr+area,,kndvi,none,RF
mpd_unified,2535,0.1275592938593996,109.09167544032664,0.1705585966382262,71.67906208089953,-5.613112860781778,0.3597047252446186,2,RFG2c_curve-topo_ctr-area_kndvi_raw100tcfe_unified-all_unified_woody,kfold5_block20_unified,RF,curve+topo_ctr+area,,kndvi,none,RF
mntd_unified,2535,0.0361540664972273,99.98386878636953,0.1563190617233834,65.69123005573124,-6.626427145122242,0.167019087223483,2,RFG2c_curve-topo_ctr-area_kndvi_raw100tcfe_unified-all_unified_woody,kfold5_block20_unified,RF,curve+topo_ctr+area,,kndvi,none,RF
ses_pd_unified,2535,0.1152052811850598,1.1316757484709223,0.2071906406380091,0.842850478808125,0.0190906457740493,0.3271355483839008,2,RFG2c_curve-topo_ctr-area_kndvi_raw100tcfe_unified-all_unified_woody,kfold5_block20_unified,RF,curve+topo_ctr+area,,kndvi,none,RF
ses_mpd_unified,2535,0.1537439355042871,1.1691955141786383,0.2126096386764096,0.8644228262291138,-0.0436248850881917,0.341302519550278,2,RFG2c_curve-topo_ctr-area_kndvi_raw100tcfe_unified-all_unified_woody,kfold5_block20_unified,RF,curve+topo_ctr+area,,kndvi,none,RF
ses_mntd_unified,2535,0.0560128825075275,1.1884464132645711,0.1958006087864919,0.8874283224858835,-0.01609637534156,0.1989945840050647,2,RFG2c_curve-topo_ctr-area_kndvi_raw100tcfe_unified-all_unified_woody,kfold5_block20_unified,RF,curve+topo_ctr+area,,kndvi,none,RF
dark_n_unified,3094,0.5661614393985392,18.288943167956685,0.170924702504268,14.582375211980542,-0.1685639346165209,0.7466741267501554,2,RFG2c_curve-topo_ctr-area_kndvi_raw100tcfe_unified-all_unified_woody,kfold5_block20_unified,RF,curve+topo_ctr+area,,kndvi,none,RF
hill_q0_unified,3102,0.3275065060694159,2.4901298485100765,0.1778664177507197,1.746049762644958,-0.0923376260756264,0.6219296454912134,0,RFG7c_lspu-topo_ctr-area_kndvi_raw100tcfe_unified-all_unified_woody_lsputcfe,kfold5_block20_unified,RF,lspu+topo_ctr+area,,kndvi,none,RF
lcbd_pa_unified,3094,0.3933923543972388,1.163085970674102e-05,0.2004622741703088,9.232768424542828e-06,2.420674419532128e-07,0.5601441994947489,0,RFG7c_lspu-topo_ctr-area_kndvi_raw100tcfe_unified-all_unified_woody_lsputcfe,kfold5_block20_unified,RF,lspu+topo_ctr+area,,kndvi,none,RF
pcoa1_pa_unified,3094,0.5044309594631512,0.2065671658645343,0.1611068594237678,0.1185819707061046,-0.0220121801567663,0.753679650218926,0,RFG7c_lspu-topo_ctr-area_kndvi_raw100tcfe_unified-all_unified_woody_lsputcfe,kfold5_block20_unified,RF,lspu+topo_ctr+area,,kndvi,none,RF
pcoa2_pa_unified,3094,0.662950743581747,0.1567845112678168,0.1498099510346362,0.1209688197512945,0.0035315926294294,0.8225345962040366,0,RFG7c_lspu-topo_ctr-area_kndvi_raw100tcfe_unified-all_unified_woody_lsputcfe,kfold5_block20_unified,RF,lspu+topo_ctr+area,,kndvi,none,RF
lcbd_freq_unified,3040,0.3607789425001907,2.006292405950602e-05,0.2013698303812839,1.5871657337550214e-05,-2.1614526588094657e-06,0.5568496188887666,0,RFG7c_lspu-topo_ctr-area_kndvi_raw100tcfe_unified-all_unified_woody_lsputcfe,kfold5_block20_unified,RF,lspu+topo_ctr+area,,kndvi,none,RF
pcoa1_freq_unified,3040,0.2779118855460089,0.4249790427091368,0.2050547053552122,0.2010232079458009,-0.0646503278995389,0.5811162887635379,0,RFG7c_lspu-topo_ctr-area_kndvi_raw100tcfe_unified-all_unified_woody_lsputcfe,kfold5_block20_unified,RF,lspu+topo_ctr+area,,kndvi,none,RF
pcoa2_freq_unified,3040,0.4446556509924164,0.3523666888454631,0.1673505742506802,0.2314138679562683,0.0114252320117606,0.7934747069816148,0,RFG7c_lspu-topo_ctr-area_kndvi_raw100tcfe_unified-all_unified_woody_lsputcfe,kfold5_block20_unified,RF,lspu+topo_ctr+area,,kndvi,none,RF
mpd_unified,2535,0.1605234313361725,107.01088130829028,0.1673053939935632,73.2145186499597,5.214593075339296,0.380953096165083,0,RFG7c_lspu-topo_ctr-area_kndvi_raw100tcfe_unified-all_unified_woody_lsputcfe,kfold5_block20_unified,RF,lspu+topo_ctr+area,,kndvi,none,RF
mntd_unified,2535,0.0476611819233597,99.38523549246324,0.155383132798491,65.09649497620478,-8.21911781048441,0.1906273528383862,0,RFG7c_lspu-topo_ctr-area_kndvi_raw100tcfe_unified-all_unified_woody_lsputcfe,kfold5_block20_unified,RF,lspu+topo_ctr+area,,kndvi,none,RF
ses_pd_unified,2535,0.1177064260151055,1.1300751014343835,0.2068975893064914,0.8280789098100894,-0.0500140538222351,0.3104987002020872,0,RFG7c_lspu-topo_ctr-area_kndvi_raw100tcfe_unified-all_unified_woody_lsputcfe,kfold5_block20_unified,RF,lspu+topo_ctr+area,,kndvi,none,RF
ses_mpd_unified,2535,0.1593713662857018,1.1653015736692791,0.2119015541219595,0.8560471440184539,-0.0731776159307238,0.3392290504797995,0,RFG7c_lspu-topo_ctr-area_kndvi_raw100tcfe_unified-all_unified_woody_lsputcfe,kfold5_block20_unified,RF,lspu+topo_ctr+area,,kndvi,none,RF
ses_mntd_unified,2535,0.0530757906423896,1.1902938248055932,0.1961049761524698,0.8822765475160891,-0.1229086189502509,0.2125030772942278,0,RFG7c_lspu-topo_ctr-area_kndvi_raw100tcfe_unified-all_unified_woody_lsputcfe,kfold5_block20_unified,RF,lspu+topo_ctr+area,,kndvi,none,RF
dark_n_unified,3094,0.5666347239039451,18.27896453048696,0.1708314442101585,14.517356129636282,-0.6807428198791846,0.7480365112886819,0,RFG7c_lspu-topo_ctr-area_kndvi_raw100tcfe_unified-all_unified_woody_lsputcfe,kfold5_block20_unified,RF,lspu+topo_ctr+area,,kndvi,none,RF
hill_q0_unified,3102,0.3267019767400421,2.4916189214102493,0.1779727801007321,1.7444733770582364,-0.1234677976970425,0.6170738030147652,1,RFG7c_lspu-topo_ctr-area_kndvi_raw100tcfe_unified-all_unified_woody_lsputcfe,kfold5_block20_unified,RF,lspu+topo_ctr+area,,kndvi,none,RF
lcbd_pa_unified,3094,0.3889934999422699,1.167295449586924e-05,0.2011877938113437,9.235811575276869e-06,-1.1317077309995692e-06,0.5585557825397999,1,RFG7c_lspu-topo_ctr-area_kndvi_raw100tcfe_unified-all_unified_woody_lsputcfe,kfold5_block20_unified,RF,lspu+topo_ctr+area,,kndvi,none,RF
pcoa1_pa_unified,3094,0.5050876777323352,0.2064302511335451,0.1610000762269988,0.1184288693096181,-0.0218423985829302,0.7501058298937241,1,RFG7c_lspu-topo_ctr-area_kndvi_raw100tcfe_unified-all_unified_woody_lsputcfe,kfold5_block20_unified,RF,lspu+topo_ctr+area,,kndvi,none,RF
pcoa2_pa_unified,3094,0.6630090403499254,0.1567709517874333,0.1497969947478456,0.1225208922788897,-0.0083046805617868,0.8230923070828209,1,RFG7c_lspu-topo_ctr-area_kndvi_raw100tcfe_unified-all_unified_woody_lsputcfe,kfold5_block20_unified,RF,lspu+topo_ctr+area,,kndvi,none,RF
lcbd_freq_unified,3040,0.3643760465518206,2.000639413137705e-05,0.2008024443908354,1.591920445456882e-05,-1.8941431918799986e-07,0.5531447375426899,1,RFG7c_lspu-topo_ctr-area_kndvi_raw100tcfe_unified-all_unified_woody_lsputcfe,kfold5_block20_unified,RF,lspu+topo_ctr+area,,kndvi,none,RF
pcoa1_freq_unified,3040,0.2686799829302598,0.4276870948991801,0.2063613553028801,0.2003731758285892,-0.0703728809337857,0.5814438410558174,1,RFG7c_lspu-topo_ctr-area_kndvi_raw100tcfe_unified-all_unified_woody_lsputcfe,kfold5_block20_unified,RF,lspu+topo_ctr+area,,kndvi,none,RF
pcoa2_freq_unified,3040,0.4360898631700598,0.3550737915921595,0.1686362667226321,0.2275912358680812,0.030538728140062,0.789835045226314,1,RFG7c_lspu-topo_ctr-area_kndvi_raw100tcfe_unified-all_unified_woody_lsputcfe,kfold5_block20_unified,RF,lspu+topo_ctr+area,,kndvi,none,RF
mpd_unified,2535,0.1342471696340705,108.67273856461584,0.1699036127880577,72.36172245807181,-6.384852313844044,0.3557905202790159,1,RFG7c_lspu-topo_ctr-area_kndvi_raw100tcfe_unified-all_unified_woody_lsputcfe,kfold5_block20_unified,RF,lspu+topo_ctr+area,,kndvi,none,RF
mntd_unified,2535,0.0453202163370648,99.50731106682916,0.155573990978674,65.068083684333,-6.388089943341985,0.1967815662514802,1,RFG7c_lspu-topo_ctr-area_kndvi_raw100tcfe_unified-all_unified_woody_lsputcfe,kfold5_block20_unified,RF,lspu+topo_ctr+area,,kndvi,none,RF
ses_pd_unified,2535,0.1176011547523792,1.130142517138209,0.2069099319787484,0.8418749562729854,0.0099462419963347,0.3173617212383293,1,RFG7c_lspu-topo_ctr-area_kndvi_raw100tcfe_unified-all_unified_woody_lsputcfe,kfold5_block20_unified,RF,lspu+topo_ctr+area,,kndvi,none,RF
ses_mpd_unified,2535,0.1600427562673402,1.1648361314700786,0.2118169168678845,0.8639995583629265,-0.0533715843676192,0.3354236354947584,1,RFG7c_lspu-topo_ctr-area_kndvi_raw100tcfe_unified-all_unified_woody_lsputcfe,kfold5_block20_unified,RF,lspu+topo_ctr+area,,kndvi,none,RF
ses_mntd_unified,2535,0.0440792508149665,1.1959348311880904,0.1970343512353795,0.8858783109244562,-0.0883607064369138,0.1937372804245918,1,RFG7c_lspu-topo_ctr-area_kndvi_raw100tcfe_unified-all_unified_woody_lsputcfe,kfold5_block20_unified,RF,lspu+topo_ctr+area,,kndvi,none,RF
dark_n_unified,3094,0.5634325210359536,18.34637328040457,0.1714614325271455,14.546461572598172,-0.9243182880833862,0.7473840077695401,1,RFG7c_lspu-topo_ctr-area_kndvi_raw100tcfe_unified-all_unified_woody_lsputcfe,kfold5_block20_unified,RF,lspu+topo_ctr+area,,kndvi,none,RF
hill_q0_unified,3102,0.3145217956647869,2.5140550070847856,0.1795753576489132,1.7869099979881222,0.025453055639173,0.6046077956566278,2,RFG7c_lspu-topo_ctr-area_kndvi_raw100tcfe_unified-all_unified_woody_lsputcfe,kfold5_block20_unified,RF,lspu+topo_ctr+area,,kndvi,none,RF
lcbd_pa_unified,3094,0.3918192276043331,1.1645931203242972e-05,0.2007220371233586,9.237199395493416e-06,-1.169780429924171e-07,0.5619196763574889,2,RFG7c_lspu-topo_ctr-area_kndvi_raw100tcfe_unified-all_unified_woody_lsputcfe,kfold5_block20_unified,RF,lspu+topo_ctr+area,,kndvi,none,RF
pcoa1_pa_unified,3094,0.4905481385338669,0.2094405569740652,0.1633478884644444,0.1169803058663764,-0.0328393817160666,0.7511289362185058,2,RFG7c_lspu-topo_ctr-area_kndvi_raw100tcfe_unified-all_unified_woody_lsputcfe,kfold5_block20_unified,RF,lspu+topo_ctr+area,,kndvi,none,RF
pcoa2_pa_unified,3094,0.6627296152771547,0.1568359337349394,0.1498590859728991,0.1207032564336714,0.0047308915921948,0.822516248589601,2,RFG7c_lspu-topo_ctr-area_kndvi_raw100tcfe_unified-all_unified_woody_lsputcfe,kfold5_block20_unified,RF,lspu+topo_ctr+area,,kndvi,none,RF
lcbd_freq_unified,3040,0.3651640915985998,1.9993988345386208e-05,0.2006779285917767,1.5857655703809782e-05,-9.662289283720428e-07,0.5526406106507307,2,RFG7c_lspu-topo_ctr-area_kndvi_raw100tcfe_unified-all_unified_woody_lsputcfe,kfold5_block20_unified,RF,lspu+topo_ctr+area,,kndvi,none,RF
pcoa1_freq_unified,3040,0.254640993903671,0.4317726879530432,0.2083326762285442,0.198789751748907,-0.0772368725404293,0.5826420553240035,2,RFG7c_lspu-topo_ctr-area_kndvi_raw100tcfe_unified-all_unified_woody_lsputcfe,kfold5_block20_unified,RF,lspu+topo_ctr+area,,kndvi,none,RF
pcoa2_freq_unified,3040,0.4385266155162862,0.3543057936776282,0.168271519156847,0.2270275265369918,0.0280658979541178,0.7951371769099483,2,RFG7c_lspu-topo_ctr-area_kndvi_raw100tcfe_unified-all_unified_woody_lsputcfe,kfold5_block20_unified,RF,lspu+topo_ctr+area,,kndvi,none,RF
mpd_unified,2535,0.1403769626146207,108.28733716580156,0.1693010597384427,72.29797632699163,-3.6834076468440378,0.3528980371707441,2,RFG7c_lspu-topo_ctr-area_kndvi_raw100tcfe_unified-all_unified_woody_lsputcfe,kfold5_block20_unified,RF,lspu+topo_ctr+area,,kndvi,none,RF
mntd_unified,2535,0.0394725198926974,99.8116016874791,0.156049731964581,65.31938548218453,-7.72650231129254,0.1938947505643146,2,RFG7c_lspu-topo_ctr-area_kndvi_raw100tcfe_unified-all_unified_woody_lsputcfe,kfold5_block20_unified,RF,lspu+topo_ctr+area,,kndvi,none,RF
ses_pd_unified,2535,0.1155874647319186,1.1314313106610292,0.2071458882197512,0.8425199159519595,-0.0011402872216724,0.3100552348929061,2,RFG7c_lspu-topo_ctr-area_kndvi_raw100tcfe_unified-all_unified_woody_lsputcfe,kfold5_block20_unified,RF,lspu+topo_ctr+area,,kndvi,none,RF
ses_mpd_unified,2535,0.1597603449638265,1.165031936224611,0.2118525225280222,0.8600646245319002,-0.0672039906821893,0.3387952526958692,2,RFG7c_lspu-topo_ctr-area_kndvi_raw100tcfe_unified-all_unified_woody_lsputcfe,kfold5_block20_unified,RF,lspu+topo_ctr+area,,kndvi,none,RF
ses_mntd_unified,2535,0.0485587871515333,1.1931294080329315,0.1965721481814152,0.8865487236829037,0.0035190434543924,0.1968095067293293,2,RFG7c_lspu-topo_ctr-area_kndvi_raw100tcfe_unified-all_unified_woody_lsputcfe,kfold5_block20_unified,RF,lspu+topo_ctr+area,,kndvi,none,RF
dark_n_unified,3094,0.568191802988194,18.24609687042861,0.1705242698170898,14.533027922065958,0.3334860876523638,0.7496703566085164,2,RFG7c_lspu-topo_ctr-area_kndvi_raw100tcfe_unified-all_unified_woody_lsputcfe,kfold5_block20_unified,RF,lspu+topo_ctr+area,,kndvi,none,RF
lcbd_count_sorensen,2499,0.4481955771604058,1.5743461651999734e-05,0.1919769139673611,1.248242291121891e-05,-1.3690323634162272e-06,0.6027379744536265,0,RFG2c_curve-topo_ctr-area_kndvi_raw100tccs_pg-all_unified_woody,kfold5_block20_unified,RF,curve+topo_ctr+area,,kndvi,none,RF
pd_inext_q0,877,0.0607499969439528,1.4915285781140482,0.2154811721201358,1.1473182949940035,-0.0857122169931224,0.2870884537021486,0,RFG2c_curve-topo_ctr-area_kndvi_raw100tccs_pg-all_unified_woody,kfold5_block20_unified,RF,curve+topo_ctr+area,,kndvi,none,RF
pd_inext_q1,877,0.0888552975893756,1.088830373011448,0.2171299515134649,0.862721947196619,0.0527169808669662,0.2996547304937806,0,RFG2c_curve-topo_ctr-area_kndvi_raw100tccs_pg-all_unified_woody,kfold5_block20_unified,RF,curve+topo_ctr+area,,kndvi,none,RF
pd_inext_q2,877,0.0773017202408455,0.8925713046385064,0.2330346681806871,0.7103110373489046,0.0159160750265657,0.2810431069852463,0,RFG2c_curve-topo_ctr-area_kndvi_raw100tccs_pg-all_unified_woody,kfold5_block20_unified,RF,curve+topo_ctr+area,,kndvi,none,RF
td_inext_q0,881,0.0053687424648999,2.3148403888639093,0.2333045827274183,1.7817509693028872,-0.0627898899765532,0.1018084090668814,0,RFG2c_curve-topo_ctr-area_kndvi_raw100tccs_pg-all_unified_woody,kfold5_block20_unified,RF,curve+topo_ctr+area,,kndvi,none,RF
td_inext_q1,881,0.0412957611480074,1.656551822224119,0.2024444722375701,1.255235009253444,0.0176025745285115,0.2337275869521579,0,RFG2c_curve-topo_ctr-area_kndvi_raw100tccs_pg-all_unified_woody,kfold5_block20_unified,RF,curve+topo_ctr+area,,kndvi,none,RF
td_inext_q2,881,0.0494732419087755,1.4707350681614877,0.1976277231771334,1.1359042513824342,0.0665045591722816,0.2296776538670502,0,RFG2c_curve-topo_ctr-area_kndvi_raw100tccs_pg-all_unified_woody,kfold5_block20_unified,RF,curve+topo_ctr+area,,kndvi,none,RF
lcbd_count_sorensen,2499,0.4474620949817345,1.5753921620467035e-05,0.1921044635819844,1.2528551062192017e-05,1.9573828028533164e-08,0.5974040542909723,1,RFG2c_curve-topo_ctr-area_kndvi_raw100tccs_pg-all_unified_woody,kfold5_block20_unified,RF,curve+topo_ctr+area,,kndvi,none,RF
pd_inext_q0,877,0.0743718072311852,1.480673362179299,0.2139129187942795,1.1478901891891944,-0.0011606073857943,0.3019446738428651,1,RFG2c_curve-topo_ctr-area_kndvi_raw100tccs_pg-all_unified_woody,kfold5_block20_unified,RF,curve+topo_ctr+area,,kndvi,none,RF
pd_inext_q1,877,0.0636393939735233,1.1037942232776,0.2201139792952745,0.8670309646008878,-0.0059146311247589,0.2702662205751378,1,RFG2c_curve-topo_ctr-area_kndvi_raw100tccs_pg-all_unified_woody,kfold5_block20_unified,RF,curve+topo_ctr+area,,kndvi,none,RF
pd_inext_q2,877,0.0496661176278392,0.9058393273996768,0.2364987155520233,0.7099713052977591,-0.0711894808497762,0.2528968396661207,1,RFG2c_curve-topo_ctr-area_kndvi_raw100tccs_pg-all_unified_woody,kfold5_block20_unified,RF,curve+topo_ctr+area,,kndvi,none,RF
td_inext_q0,881,-0.0187312687885321,2.34271693955682,0.2361141617630084,1.8539797611686355,0.2430760811492706,0.0835088467283027,1,RFG2c_curve-topo_ctr-area_kndvi_raw100tccs_pg-all_unified_woody,kfold5_block20_unified,RF,curve+topo_ctr+area,,kndvi,none,RF
td_inext_q1,881,0.0518421985184865,1.647414993016791,0.2013278753753488,1.2466732112904857,-0.0071947878236634,0.2484620148040633,1,RFG2c_curve-topo_ctr-area_kndvi_raw100tccs_pg-all_unified_woody,kfold5_block20_unified,RF,curve+topo_ctr+area,,kndvi,none,RF
td_inext_q2,881,0.0549496934799432,1.4664921343357196,0.197057585584218,1.1384097778248363,0.0729769870606865,0.2379633340486506,1,RFG2c_curve-topo_ctr-area_kndvi_raw100tccs_pg-all_unified_woody,kfold5_block20_unified,RF,curve+topo_ctr+area,,kndvi,none,RF
lcbd_count_sorensen,2499,0.4496870936855017,1.5722170120686082e-05,0.191717283489288,1.2455415532166164e-05,-9.943846254668424e-07,0.5999839256374687,2,RFG2c_curve-topo_ctr-area_kndvi_raw100tccs_pg-all_unified_woody,kfold5_block20_unified,RF,curve+topo_ctr+area,,kndvi,none,RF
pd_inext_q0,877,0.0681275589528397,1.4856592473203192,0.2146332297491001,1.1468421128614648,-0.0493110228740579,0.2991816367313441,2,RFG2c_curve-topo_ctr-area_kndvi_raw100tccs_pg-all_unified_woody,kfold5_block20_unified,RF,curve+topo_ctr+area,,kndvi,none,RF
pd_inext_q1,877,0.0681112079194825,1.1011553522588722,0.2195877467887713,0.8520429227972519,-0.0903490637467935,0.2711319316808377,2,RFG2c_curve-topo_ctr-area_kndvi_raw100tccs_pg-all_unified_woody,kfold5_block20_unified,RF,curve+topo_ctr+area,,kndvi,none,RF
pd_inext_q2,877,0.063343843731867,0.8992970339751248,0.2347906378114459,0.7015588908093341,-0.0704174673115515,0.25979098632705,2,RFG2c_curve-topo_ctr-area_kndvi_raw100tccs_pg-all_unified_woody,kfold5_block20_unified,RF,curve+topo_ctr+area,,kndvi,none,RF
td_inext_q0,881,-0.0187390961571463,2.3427259396112907,0.2361150688466946,1.799260942712274,-0.1028721854291562,0.0825719660211198,2,RFG2c_curve-topo_ctr-area_kndvi_raw100tccs_pg-all_unified_woody,kfold5_block20_unified,RF,curve+topo_ctr+area,,kndvi,none,RF
td_inext_q1,881,0.0422619628219969,1.655716858451047,0.2023424326888464,1.2655972786258187,0.1159654901935911,0.2363366599322408,2,RFG2c_curve-topo_ctr-area_kndvi_raw100tccs_pg-all_unified_woody,kfold5_block20_unified,RF,curve+topo_ctr+area,,kndvi,none,RF
td_inext_q2,881,0.0512885770662928,1.4693299772374957,0.1974389162831001,1.1269252917529633,-0.0001763832572879,0.2261698664247597,2,RFG2c_curve-topo_ctr-area_kndvi_raw100tccs_pg-all_unified_woody,kfold5_block20_unified,RF,curve+topo_ctr+area,,kndvi,none,RF
lcbd_count_sorensen,2499,0.4472172574911325,1.5757411628488732e-05,0.1921470209930885,1.2453617943888527e-05,-1.2094671791110103e-06,0.6077481790283563,0,RFG7c_lspu-topo_ctr-area_kndvi_raw100tccs_pg-all_unified_woody_lsputccs,kfold5_block20_unified,RF,lspu+topo_ctr+area,,kndvi,none,RF
pd_inext_q0,877,0.071174920384508,1.4832280948230228,0.2142820010851595,1.150818268305176,-0.0690103984833311,0.2712214691620822,0,RFG7c_lspu-topo_ctr-area_kndvi_raw100tccs_pg-all_unified_woody_lsputccs,kfold5_block20_unified,RF,lspu+topo_ctr+area,,kndvi,none,RF
pd_inext_q1,877,0.102366859857927,1.0807269682231508,0.2155140047761319,0.8591168277700695,0.0424951133881948,0.300608307843183,0,RFG7c_lspu-topo_ctr-area_kndvi_raw100tccs_pg-all_unified_woody_lsputccs,kfold5_block20_unified,RF,lspu+topo_ctr+area,,kndvi,none,RF
pd_inext_q2,877,0.0915312864033989,0.885662084520082,0.231230792334223,0.7083195899164745,0.0096831115040588,0.2961100240502486,0,RFG7c_lspu-topo_ctr-area_kndvi_raw100tccs_pg-all_unified_woody_lsputccs,kfold5_block20_unified,RF,lspu+topo_ctr+area,,kndvi,none,RF
td_inext_q0,881,0.0275376180267246,2.2888978159776983,0.2306899224807723,1.776167124613348,-0.0484951022957899,0.1372473147709288,0,RFG7c_lspu-topo_ctr-area_kndvi_raw100tccs_pg-all_unified_woody_lsputccs,kfold5_block20_unified,RF,lspu+topo_ctr+area,,kndvi,none,RF
td_inext_q1,881,0.0715726560014218,1.6301841421207792,0.1992221214417568,1.231168466035544,0.0003149808039084,0.2707559680725905,0,RFG7c_lspu-topo_ctr-area_kndvi_raw100tccs_pg-all_unified_woody_lsputccs,kfold5_block20_unified,RF,lspu+topo_ctr+area,,kndvi,none,RF
td_inext_q2,881,0.0733045759657854,1.4521811113320475,0.1951345642639426,1.1139749836120645,0.044661366945141,0.2644379339630474,0,RFG7c_lspu-topo_ctr-area_kndvi_raw100tccs_pg-all_unified_woody_lsputccs,kfold5_block20_unified,RF,lspu+topo_ctr+area,,kndvi,none,RF
lcbd_count_sorensen,2499,0.4502983099075358,1.5713436620996262e-05,0.191610786560236,1.243968716045204e-05,1.6321289171731146e-07,0.6057283069912293,1,RFG7c_lspu-topo_ctr-area_kndvi_raw100tccs_pg-all_unified_woody_lsputccs,kfold5_block20_unified,RF,lspu+topo_ctr+area,,kndvi,none,RF
pd_inext_q0,877,0.074678457031534,1.4804280769741338,0.2138774824343678,1.161591532856212,0.0041754405773174,0.2752768198520347,1,RFG7c_lspu-topo_ctr-area_kndvi_raw100tccs_pg-all_unified_woody_lsputccs,kfold5_block20_unified,RF,lspu+topo_ctr+area,,kndvi,none,RF
pd_inext_q1,877,0.0839834073609082,1.091737479823967,0.217709674468383,0.8636313403939508,-0.0110089075106474,0.2702671278799422,1,RFG7c_lspu-topo_ctr-area_kndvi_raw100tccs_pg-all_unified_woody_lsputccs,kfold5_block20_unified,RF,lspu+topo_ctr+area,,kndvi,none,RF
pd_inext_q2,877,0.055481434482586,0.9030635523816416,0.235774009517995,0.7118453324498243,-0.0753892487177874,0.2499418902405803,1,RFG7c_lspu-topo_ctr-area_kndvi_raw100tccs_pg-all_unified_woody_lsputccs,kfold5_block20_unified,RF,lspu+topo_ctr+area,,kndvi,none,RF
td_inext_q0,881,0.0142372273969876,2.3044973127979405,0.2322621406405697,1.8315501555060087,0.2188873285663742,0.131777481432611,1,RFG7c_lspu-topo_ctr-area_kndvi_raw100tccs_pg-all_unified_woody_lsputccs,kfold5_block20_unified,RF,lspu+topo_ctr+area,,kndvi,none,RF
td_inext_q1,881,0.0767063155605239,1.6256709127288185,0.1986705671045579,1.2344199263564524,-0.0007870448540248,0.2714467433658752,1,RFG7c_lspu-topo_ctr-area_kndvi_raw100tccs_pg-all_unified_woody_lsputccs,kfold5_block20_unified,RF,lspu+topo_ctr+area,,kndvi,none,RF
td_inext_q2,881,0.0685877628939291,1.4558721692055794,0.1956305443894271,1.1223256756050155,0.0628634482629417,0.2579942657793702,1,RFG7c_lspu-topo_ctr-area_kndvi_raw100tccs_pg-all_unified_woody_lsputccs,kfold5_block20_unified,RF,lspu+topo_ctr+area,,kndvi,none,RF
lcbd_count_sorensen,2499,0.4502949514699915,1.571348462204469e-05,0.1916113718885042,1.240863336936869e-05,-1.0427909931374845e-06,0.6087346108173071,2,RFG7c_lspu-topo_ctr-area_kndvi_raw100tccs_pg-all_unified_woody_lsputccs,kfold5_block20_unified,RF,lspu+topo_ctr+area,,kndvi,none,RF
pd_inext_q0,877,0.0614781894198765,1.4909502813447228,0.2153976255709674,1.1567409111732714,-0.040330545405814,0.266199393943424,2,RFG7c_lspu-topo_ctr-area_kndvi_raw100tccs_pg-all_unified_woody_lsputccs,kfold5_block20_unified,RF,lspu+topo_ctr+area,,kndvi,none,RF
pd_inext_q1,877,0.0859802777178373,1.0905468640481315,0.2174722469019905,0.8514327261501777,-0.0904156022297567,0.2819567184475304,2,RFG7c_lspu-topo_ctr-area_kndvi_raw100tccs_pg-all_unified_woody_lsputccs,kfold5_block20_unified,RF,lspu+topo_ctr+area,,kndvi,none,RF
pd_inext_q2,877,0.0799362073371516,0.891296159494311,0.2327017502120995,0.7011376918076228,-0.0729035013891042,0.2787469142185559,2,RFG7c_lspu-topo_ctr-area_kndvi_raw100tccs_pg-all_unified_woody_lsputccs,kfold5_block20_unified,RF,lspu+topo_ctr+area,,kndvi,none,RF
td_inext_q0,881,0.0093228273026404,2.3102345662594765,0.2328403781429411,1.786762831873889,-0.1205313413098377,0.1207128879600124,2,RFG7c_lspu-topo_ctr-area_kndvi_raw100tccs_pg-all_unified_woody_lsputccs,kfold5_block20_unified,RF,lspu+topo_ctr+area,,kndvi,none,RF
td_inext_q1,881,0.0664243536883545,1.6346977307428794,0.19977371967988,1.2516118275984076,0.1094903395659459,0.2517181395679176,2,RFG7c_lspu-topo_ctr-area_kndvi_raw100tccs_pg-all_unified_woody_lsputccs,kfold5_block20_unified,RF,lspu+topo_ctr+area,,kndvi,none,RF
td_inext_q2,881,0.0581322029372102,1.4640208050927286,0.1967255045846646,1.116999040709367,-0.0085273237877413,0.2302798502658816,2,RFG7c_lspu-topo_ctr-area_kndvi_raw100tccs_pg-all_unified_woody_lsputccs,kfold5_block20_unified,RF,lspu+topo_ctr+area,,kndvi,none,RF
hill_q0_unified,3102,0.357776494375543,2.4334422773005504,0.1738173055214678,1.7099343253746586,-0.0767092689637987,0.6394454643662717,0,RFG2c_curve-topo_ctr-area_kndvi_raw100tccs_unified-all_unified_woody,kfold5_block20_unified,RF,curve+topo_ctr+area,,kndvi,none,RF
lcbd_pa_unified,3094,0.3944705716047172,1.1620518450160695e-05,0.2002840386946742,9.246359266251866e-06,4.704972625082804e-08,0.5661435438038169,0,RFG2c_curve-topo_ctr-area_kndvi_raw100tccs_unified-all_unified_woody,kfold5_block20_unified,RF,curve+topo_ctr+area,,kndvi,none,RF
pcoa1_pa_unified,3094,0.475434541439775,0.2125245241145202,0.1657531509779004,0.1202614907460002,-0.0243207634479056,0.7536888915854786,0,RFG2c_curve-topo_ctr-area_kndvi_raw100tccs_unified-all_unified_woody,kfold5_block20_unified,RF,curve+topo_ctr+area,,kndvi,none,RF
pcoa2_pa_unified,3094,0.6688677041492856,0.1554022276416568,0.1484891583066015,0.1213627488360196,0.0021185099827298,0.8253627629376913,0,RFG2c_curve-topo_ctr-area_kndvi_raw100tccs_unified-all_unified_woody,kfold5_block20_unified,RF,curve+topo_ctr+area,,kndvi,none,RF
lcbd_freq_unified,3040,0.3664275720300307,1.997408194546226e-05,0.2004781297805816,1.587240768520905e-05,-2.027701951023772e-06,0.5597421361456518,0,RFG2c_curve-topo_ctr-area_kndvi_raw100tccs_unified-all_unified_woody,kfold5_block20_unified,RF,curve+topo_ctr+area,,kndvi,none,RF
pcoa1_freq_unified,3040,0.263400881652423,0.4292279686178675,0.2071048352739414,0.2075231379296574,-0.0609200728214797,0.5694476160946297,0,RFG2c_curve-topo_ctr-area_kndvi_raw100tccs_unified-all_unified_woody,kfold5_block20_unified,RF,curve+topo_ctr+area,,kndvi,none,RF
pcoa2_freq_unified,3040,0.4519894971575866,0.3500322889290975,0.1662418906579872,0.2347662749128387,0.0109500490193328,0.8034769814299756,0,RFG2c_curve-topo_ctr-area_kndvi_raw100tccs_unified-all_unified_woody,kfold5_block20_unified,RF,curve+topo_ctr+area,,kndvi,none,RF
mpd_unified,2535,0.1266482088944722,109.1486224910324,0.1706476300957458,73.77179903992176,5.200754856225298,0.3530741081722494,0,RFG2c_curve-topo_ctr-area_kndvi_raw100tccs_unified-all_unified_woody,kfold5_block20_unified,RF,curve+topo_ctr+area,,kndvi,none,RF
mntd_unified,2535,0.0389279028740501,99.83989415951866,0.1560939656268382,65.46077367489065,-7.024421506239027,0.1770766755257464,0,RFG2c_curve-topo_ctr-area_kndvi_raw100tccs_unified-all_unified_woody,kfold5_block20_unified,RF,curve+topo_ctr+area,,kndvi,none,RF
ses_pd_unified,2535,0.1005608622662865,1.1410026128860735,0.2088982313643547,0.8289746173629581,-0.0641575605558655,0.3007190315847663,0,RFG2c_curve-topo_ctr-area_kndvi_raw100tccs_unified-all_unified_woody,kfold5_block20_unified,RF,curve+topo_ctr+area,,kndvi,none,RF
ses_mpd_unified,2535,0.1498852996743763,1.1718580467516564,0.213093800718984,0.8611667733274005,-0.0509601850598236,0.3374356501462084,0,RFG2c_curve-topo_ctr-area_kndvi_raw100tccs_unified-all_unified_woody,kfold5_block20_unified,RF,curve+topo_ctr+area,,kndvi,none,RF
ses_mntd_unified,2535,0.0461166583744159,1.194659669846352,0.1968242640457287,0.8929399989606512,-0.0935265065115833,0.1856272046148433,0,RFG2c_curve-topo_ctr-area_kndvi_raw100tccs_unified-all_unified_woody,kfold5_block20_unified,RF,curve+topo_ctr+area,,kndvi,none,RF
dark_n_unified,3094,0.555602423083291,18.51016867246527,0.1729922305837875,14.800429584845196,-0.9077066369912552,0.7408239727589536,0,RFG2c_curve-topo_ctr-area_kndvi_raw100tccs_unified-all_unified_woody,kfold5_block20_unified,RF,curve+topo_ctr+area,,kndvi,none,RF
hill_q0_unified,3102,0.3569997329986379,2.434913441745785,0.1739223886961275,1.7075748566478357,-0.123862350735932,0.6380610184809211,1,RFG2c_curve-topo_ctr-area_kndvi_raw100tccs_unified-all_unified_woody,kfold5_block20_unified,RF,curve+topo_ctr+area,,kndvi,none,RF
lcbd_pa_unified,3094,0.3898280666897679,1.166497979468873e-05,0.2010503468147518,9.23919895843488e-06,-1.1963381497916174e-06,0.5628073385183283,1,RFG2c_curve-topo_ctr-area_kndvi_raw100tccs_unified-all_unified_woody,kfold5_block20_unified,RF,curve+topo_ctr+area,,kndvi,none,RF
pcoa1_pa_unified,3094,0.4727281568848123,0.2130720564738029,0.1661801850540457,0.1199829801186746,-0.0260049765884015,0.7490445991589131,1,RFG2c_curve-topo_ctr-area_kndvi_raw100tccs_unified-all_unified_woody,kfold5_block20_unified,RF,curve+topo_ctr+area,,kndvi,none,RF
pcoa2_pa_unified,3094,0.6689110818059865,0.1553920486205467,0.1484794320993266,0.1221953986479249,-0.0028488824730091,0.8257404990154639,1,RFG2c_curve-topo_ctr-area_kndvi_raw100tccs_unified-all_unified_woody,kfold5_block20_unified,RF,curve+topo_ctr+area,,kndvi,none,RF
lcbd_freq_unified,3040,0.3705745677481112,1.990860527913653e-05,0.1998209461540655,1.5923927804752175e-05,-1.545297938445159e-07,0.5570125259500003,1,RFG2c_curve-topo_ctr-area_kndvi_raw100tccs_unified-all_unified_woody,kfold5_block20_unified,RF,curve+topo_ctr+area,,kndvi,none,RF
pcoa1_freq_unified,3040,0.2499134257116414,0.4331398199741382,0.2089923248831701,0.2022455042857096,-0.075677672162954,0.5694332521227322,1,RFG2c_curve-topo_ctr-area_kndvi_raw100tccs_unified-all_unified_woody,kfold5_block20_unified,RF,curve+topo_ctr+area,,kndvi,none,RF
pcoa2_freq_unified,3040,0.4447835864063023,0.3523260989170234,0.1673312967535495,0.2317943761756582,0.0220287390158575,0.7967414468956031,1,RFG2c_curve-topo_ctr-area_kndvi_raw100tccs_unified-all_unified_woody,kfold5_block20_unified,RF,curve+topo_ctr+area,,kndvi,none,RF
mpd_unified,2535,0.108466545244366,110.27891226467872,0.172414773526347,72.94398967980166,-4.057828579241267,0.3307815125570119,1,RFG2c_curve-topo_ctr-area_kndvi_raw100tccs_unified-all_unified_woody,kfold5_block20_unified,RF,curve+topo_ctr+area,,kndvi,none,RF
mntd_unified,2535,0.0423691852412759,99.66098698936533,0.1558142544962986,65.23137970109947,-5.585565645206139,0.1857657940285033,1,RFG2c_curve-topo_ctr-area_kndvi_raw100tccs_unified-all_unified_woody,kfold5_block20_unified,RF,curve+topo_ctr+area,,kndvi,none,RF
ses_pd_unified,2535,0.1023990368567029,1.1398360888777743,0.2086846605982357,0.8469545060216666,0.0248604220002755,0.3065674405422101,1,RFG2c_curve-topo_ctr-area_kndvi_raw100tccs_unified-all_unified_woody,kfold5_block20_unified,RF,curve+topo_ctr+area,,kndvi,none,RF
ses_mpd_unified,2535,0.1489980291624097,1.1724694253869818,0.2132049754448316,0.8641135231248437,-0.0443230421809741,0.3294997146496697,1,RFG2c_curve-topo_ctr-area_kndvi_raw100tccs_unified-all_unified_woody,kfold5_block20_unified,RF,curve+topo_ctr+area,,kndvi,none,RF
ses_mntd_unified,2535,0.0408192841997691,1.197972337619526,0.197370037384312,0.894734127448848,-0.078337807618598,0.1721683815146571,1,RFG2c_curve-topo_ctr-area_kndvi_raw100tccs_unified-all_unified_woody,kfold5_block20_unified,RF,curve+topo_ctr+area,,kndvi,none,RF
dark_n_unified,3094,0.5557637046735856,18.506809495338192,0.1729608364050298,14.760192863555996,-1.4005823507546682,0.7433267494275174,1,RFG2c_curve-topo_ctr-area_kndvi_raw100tccs_unified-all_unified_woody,kfold5_block20_unified,RF,curve+topo_ctr+area,,kndvi,none,RF
hill_q0_unified,3102,0.3513130872722542,2.445656835746186,0.1746897739818704,1.7424079382559867,0.0256539949509236,0.6265252920125983,2,RFG2c_curve-topo_ctr-area_kndvi_raw100tccs_unified-all_unified_woody,kfold5_block20_unified,RF,curve+topo_ctr+area,,kndvi,none,RF
lcbd_pa_unified,3094,0.3976754296773005,1.1589725957789824e-05,0.1997533184208788,9.199332886490962e-06,-1.5088573626828806e-07,0.5706026070799429,2,RFG2c_curve-topo_ctr-area_kndvi_raw100tccs_unified-all_unified_woody,kfold5_block20_unified,RF,curve+topo_ctr+area,,kndvi,none,RF
pcoa1_pa_unified,3094,0.4620248234612641,0.2152238152405607,0.167858395120486,0.1183385929566949,-0.0355028101636239,0.7514900919592797,2,RFG2c_curve-topo_ctr-area_kndvi_raw100tccs_unified-all_unified_woody,kfold5_block20_unified,RF,curve+topo_ctr+area,,kndvi,none,RF
pcoa2_pa_unified,3094,0.666317199345544,0.1559995626665827,0.1490599208781833,0.121643883271825,0.005285966548901,0.8237029017377197,2,RFG2c_curve-topo_ctr-area_kndvi_raw100tccs_unified-all_unified_woody,kfold5_block20_unified,RF,curve+topo_ctr+area,,kndvi,none,RF
lcbd_freq_unified,3040,0.3711983356752739,1.989873800414346e-05,0.1997219091699356,1.5836462532235113e-05,-9.835107917048664e-07,0.5570632324636992,2,RFG2c_curve-topo_ctr-area_kndvi_raw100tccs_unified-all_unified_woody,kfold5_block20_unified,RF,curve+topo_ctr+area,,kndvi,none,RF
pcoa1_freq_unified,3040,0.2334439414362465,0.4378691779679126,0.2112742659025452,0.2020021256796549,-0.0833190752196326,0.5688841728631068,2,RFG2c_curve-topo_ctr-area_kndvi_raw100tccs_unified-all_unified_woody,kfold5_block20_unified,RF,curve+topo_ctr+area,,kndvi,none,RF
pcoa2_freq_unified,3040,0.4470596771493694,0.3516031828532922,0.1669879600471291,0.2307477969901415,0.0239618715133461,0.8030689906826638,2,RFG2c_curve-topo_ctr-area_kndvi_raw100tccs_unified-all_unified_woody,kfold5_block20_unified,RF,curve+topo_ctr+area,,kndvi,none,RF
mpd_unified,2535,0.1210259892403519,109.49938211321886,0.171196022708436,71.63292789947052,-5.157086152108758,0.351552005360149,2,RFG2c_curve-topo_ctr-area_kndvi_raw100tccs_unified-all_unified_woody,kfold5_block20_unified,RF,curve+topo_ctr+area,,kndvi,none,RF
mntd_unified,2535,0.0354408041915634,100.02085682234858,0.1563768904026436,65.63959125366847,-6.788141777789439,0.1717106943378793,2,RFG2c_curve-topo_ctr-area_kndvi_raw100tccs_unified-all_unified_woody,kfold5_block20_unified,RF,curve+topo_ctr+area,,kndvi,none,RF
ses_pd_unified,2535,0.1002181771374988,1.141219952434117,0.2089380225503511,0.8453236136797897,0.0112924416695999,0.3002501639763998,2,RFG2c_curve-topo_ctr-area_kndvi_raw100tccs_unified-all_unified_woody,kfold5_block20_unified,RF,curve+topo_ctr+area,,kndvi,none,RF
ses_mpd_unified,2535,0.1465451060961605,1.1741579689819948,0.2135120247272411,0.8663655317740706,-0.0489701202408215,0.3328762602702935,2,RFG2c_curve-topo_ctr-area_kndvi_raw100tccs_unified-all_unified_woody,kfold5_block20_unified,RF,curve+topo_ctr+area,,kndvi,none,RF
ses_mntd_unified,2535,0.0435374334014143,1.1962737120653957,0.1970901830182364,0.8943701848255068,-0.0168222877826677,0.1717050647777113,2,RFG2c_curve-topo_ctr-area_kndvi_raw100tccs_unified-all_unified_woody,kfold5_block20_unified,RF,curve+topo_ctr+area,,kndvi,none,RF
dark_n_unified,3094,0.5615097182822015,18.386730958728982,0.171838607090925,14.715526668879823,-0.1534734323849917,0.7438835820320732,2,RFG2c_curve-topo_ctr-area_kndvi_raw100tccs_unified-all_unified_woody,kfold5_block20_unified,RF,curve+topo_ctr+area,,kndvi,none,RF
hill_q0_unified,3102,0.3288282069911841,2.487681627337948,0.1776915448098534,1.7496390775501285,-0.0951011137402906,0.6192443543057632,0,RFG7c_lspu-topo_ctr-area_kndvi_raw100tccs_unified-all_unified_woody_lsputccs,kfold5_block20_unified,RF,lspu+topo_ctr+area,,kndvi,none,RF
lcbd_pa_unified,3094,0.377172954661467,1.1785326230890168e-05,0.2031245632439337,9.33303370251867e-06,2.3560089062255986e-07,0.5513143223016579,0,RFG7c_lspu-topo_ctr-area_kndvi_raw100tccs_unified-all_unified_woody_lsputccs,kfold5_block20_unified,RF,lspu+topo_ctr+area,,kndvi,none,RF
pcoa1_pa_unified,3094,0.5003231762497222,0.2074215190822607,0.1617731907023638,0.1195110805827497,-0.0219733252249003,0.7484270178304312,0,RFG7c_lspu-topo_ctr-area_kndvi_raw100tccs_unified-all_unified_woody_lsputccs,kfold5_block20_unified,RF,lspu+topo_ctr+area,,kndvi,none,RF
pcoa2_pa_unified,3094,0.6549188613072936,0.1586415999034068,0.1515844270674727,0.1224699526968303,0.0032832479006475,0.8182004284467397,0,RFG7c_lspu-topo_ctr-area_kndvi_raw100tccs_unified-all_unified_woody_lsputccs,kfold5_block20_unified,RF,lspu+topo_ctr+area,,kndvi,none,RF
lcbd_freq_unified,3040,0.3488049844523498,2.0249962649343755e-05,0.2032471205010426,1.6025914999981375e-05,-2.359724939115293e-06,0.555256931166003,0,RFG7c_lspu-topo_ctr-area_kndvi_raw100tccs_unified-all_unified_woody_lsputccs,kfold5_block20_unified,RF,lspu+topo_ctr+area,,kndvi,none,RF
pcoa1_freq_unified,3040,0.2764788887019718,0.4254005229790161,0.2052580718835995,0.2015913570566569,-0.0660731268066561,0.589708992175078,0,RFG7c_lspu-topo_ctr-area_kndvi_raw100tccs_unified-all_unified_woody_lsputccs,kfold5_block20_unified,RF,lspu+topo_ctr+area,,kndvi,none,RF
pcoa2_freq_unified,3040,0.4424263366028892,0.3530732318819965,0.1676861348659135,0.2349430617113016,0.0094300450060501,0.7908550346949427,0,RFG7c_lspu-topo_ctr-area_kndvi_raw100tccs_unified-all_unified_woody_lsputccs,kfold5_block20_unified,RF,lspu+topo_ctr+area,,kndvi,none,RF
mpd_unified,2535,0.144827785473579,108.00663666139376,0.1688622005503865,73.59059840264601,4.945470616420189,0.3671164223754186,0,RFG7c_lspu-topo_ctr-area_kndvi_raw100tccs_unified-all_unified_woody_lsputccs,kfold5_block20_unified,RF,lspu+topo_ctr+area,,kndvi,none,RF
mntd_unified,2535,0.0396439938578101,99.8026920751164,0.1560358022951077,65.6872409896123,-8.504415785359553,0.1741459245122595,0,RFG7c_lspu-topo_ctr-area_kndvi_raw100tccs_unified-all_unified_woody_lsputccs,kfold5_block20_unified,RF,lspu+topo_ctr+area,,kndvi,none,RF
ses_pd_unified,2535,0.0999118178944765,1.1414142181532334,0.2089735893095152,0.8350229935137801,-0.0507974679457501,0.2931671489152894,0,RFG7c_lspu-topo_ctr-area_kndvi_raw100tccs_unified-all_unified_woody_lsputccs,kfold5_block20_unified,RF,lspu+topo_ctr+area,,kndvi,none,RF
ses_mpd_unified,2535,0.1445975185219206,1.17549692219768,0.2137555035602843,0.8618977859275582,-0.0719028858224209,0.3265653367654041,0,RFG7c_lspu-topo_ctr-area_kndvi_raw100tccs_unified-all_unified_woody_lsputccs,kfold5_block20_unified,RF,lspu+topo_ctr+area,,kndvi,none,RF
ses_mntd_unified,2535,0.0415337407536866,1.1975260929156628,0.1972965170440519,0.8910098406359354,-0.1096878753576404,0.192714403363066,0,RFG7c_lspu-topo_ctr-area_kndvi_raw100tccs_unified-all_unified_woody_lsputccs,kfold5_block20_unified,RF,lspu+topo_ctr+area,,kndvi,none,RF
dark_n_unified,3094,0.5583638153688071,18.4525699253882,0.1724539245363382,14.58267112707662,-0.607386957066939,0.7432729847085437,0,RFG7c_lspu-topo_ctr-area_kndvi_raw100tccs_unified-all_unified_woody_lsputccs,kfold5_block20_unified,RF,lspu+topo_ctr+area,,kndvi,none,RF
hill_q0_unified,3102,0.3280127139180347,2.489192470986451,0.1777994622133179,1.7450233276409437,-0.1322539052598488,0.6183755689528877,1,RFG7c_lspu-topo_ctr-area_kndvi_raw100tccs_unified-all_unified_woody_lsputccs,kfold5_block20_unified,RF,lspu+topo_ctr+area,,kndvi,none,RF
lcbd_pa_unified,3094,0.3724642397516988,1.1829792226730504e-05,0.2038909515311413,9.34081517190084e-06,-1.1318832806529955e-06,0.5495816406005932,1,RFG7c_lspu-topo_ctr-area_kndvi_raw100tccs_unified-all_unified_woody_lsputccs,kfold5_block20_unified,RF,lspu+topo_ctr+area,,kndvi,none,RF
pcoa1_pa_unified,3094,0.5020627802215158,0.207060139602653,0.1614913418771833,0.1189923355614875,-0.0223210466812749,0.743445879122477,1,RFG7c_lspu-topo_ctr-area_kndvi_raw100tccs_unified-all_unified_woody_lsputccs,kfold5_block20_unified,RF,lspu+topo_ctr+area,,kndvi,none,RF
pcoa2_pa_unified,3094,0.6549846196372693,0.1586264838878814,0.1515699834880184,0.124134526266885,-0.0084133221921555,0.8189101937291992,1,RFG7c_lspu-topo_ctr-area_kndvi_raw100tccs_unified-all_unified_woody_lsputccs,kfold5_block20_unified,RF,lspu+topo_ctr+area,,kndvi,none,RF
lcbd_freq_unified,3040,0.3566337794272245,2.012787006105328e-05,0.2020216877713994,1.6038763354765207e-05,-1.664239460609729e-07,0.5523537336148464,1,RFG7c_lspu-topo_ctr-area_kndvi_raw100tccs_unified-all_unified_woody_lsputccs,kfold5_block20_unified,RF,lspu+topo_ctr+area,,kndvi,none,RF
pcoa1_freq_unified,3040,0.2726727515434185,0.4265179809928495,0.205797251468345,0.2000426662769673,-0.0698814520817072,0.5949744888043722,1,RFG7c_lspu-topo_ctr-area_kndvi_raw100tccs_unified-all_unified_woody_lsputccs,kfold5_block20_unified,RF,lspu+topo_ctr+area,,kndvi,none,RF
pcoa2_freq_unified,3040,0.4296116719431444,0.3571075086499837,0.1696021460984762,0.2300622338667862,0.0326830950575907,0.7832959430800477,1,RFG7c_lspu-topo_ctr-area_kndvi_raw100tccs_unified-all_unified_woody_lsputccs,kfold5_block20_unified,RF,lspu+topo_ctr+area,,kndvi,none,RF
mpd_unified,2535,0.1175343772936579,109.71665270922531,0.1715357128616584,72.91159280338705,-5.947796674365648,0.342469237561547,1,RFG7c_lspu-topo_ctr-area_kndvi_raw100tccs_unified-all_unified_woody_lsputccs,kfold5_block20_unified,RF,lspu+topo_ctr+area,,kndvi,none,RF
mntd_unified,2535,0.0465184770679146,99.4448434502932,0.1554763264321474,65.40436273208223,-6.408353695099533,0.1836355771021477,1,RFG7c_lspu-topo_ctr-area_kndvi_raw100tccs_unified-all_unified_woody_lsputccs,kfold5_block20_unified,RF,lspu+topo_ctr+area,,kndvi,none,RF
ses_pd_unified,2535,0.0996286756564339,1.1415937323223242,0.2090064553099997,0.8493577362785381,0.0069043313530081,0.3038142333628787,1,RFG7c_lspu-topo_ctr-area_kndvi_raw100tccs_unified-all_unified_woody_lsputccs,kfold5_block20_unified,RF,lspu+topo_ctr+area,,kndvi,none,RF
ses_mpd_unified,2535,0.1496267090324982,1.1720362629874244,0.2131262080358385,0.8647445926193699,-0.0557669068235172,0.3287412964097931,1,RFG7c_lspu-topo_ctr-area_kndvi_raw100tccs_unified-all_unified_woody_lsputccs,kfold5_block20_unified,RF,lspu+topo_ctr+area,,kndvi,none,RF
ses_mntd_unified,2535,0.0413267374656131,1.1976554028696262,0.1973178213009587,0.8937676492817861,-0.0949082011064783,0.1799335327818813,1,RFG7c_lspu-topo_ctr-area_kndvi_raw100tccs_unified-all_unified_woody_lsputccs,kfold5_block20_unified,RF,lspu+topo_ctr+area,,kndvi,none,RF
dark_n_unified,3094,0.552629529245864,18.571979361889543,0.1735699005784069,14.657868755426952,-0.9827273470047876,0.7406143625416779,1,RFG7c_lspu-topo_ctr-area_kndvi_raw100tccs_unified-all_unified_woody_lsputccs,kfold5_block20_unified,RF,lspu+topo_ctr+area,,kndvi,none,RF
hill_q0_unified,3102,0.3200448278617107,2.503906406542049,0.1788504576101464,1.782366978817595,-0.0036769295825902,0.6050885475992185,2,RFG7c_lspu-topo_ctr-area_kndvi_raw100tccs_unified-all_unified_woody_lsputccs,kfold5_block20_unified,RF,lspu+topo_ctr+area,,kndvi,none,RF
lcbd_pa_unified,3094,0.3797400731521435,1.176101324665838e-05,0.202705519748108,9.29996231422812e-06,-2.456801029730562e-07,0.5582747917767065,2,RFG7c_lspu-topo_ctr-area_kndvi_raw100tccs_unified-all_unified_woody_lsputccs,kfold5_block20_unified,RF,lspu+topo_ctr+area,,kndvi,none,RF
pcoa1_pa_unified,3094,0.4821599127370521,0.2111577574469174,0.1646871757322169,0.1172313377577437,-0.0363428529623643,0.7459284133554819,2,RFG7c_lspu-topo_ctr-area_kndvi_raw100tccs_unified-all_unified_woody_lsputccs,kfold5_block20_unified,RF,lspu+topo_ctr+area,,kndvi,none,RF
pcoa2_pa_unified,3094,0.656945373292082,0.1581750973190217,0.1511386768542716,0.1219183908716718,0.0038325708260857,0.8192904834944387,2,RFG7c_lspu-topo_ctr-area_kndvi_raw100tccs_unified-all_unified_woody_lsputccs,kfold5_block20_unified,RF,lspu+topo_ctr+area,,kndvi,none,RF
lcbd_freq_unified,3040,0.3523248958914148,2.0195159821691765e-05,0.2026970692684324,1.6046153443484395e-05,-1.1317882005530453e-06,0.5474893764797839,2,RFG7c_lspu-topo_ctr-area_kndvi_raw100tccs_unified-all_unified_woody_lsputccs,kfold5_block20_unified,RF,lspu+topo_ctr+area,,kndvi,none,RF
pcoa1_freq_unified,3040,0.2564382999135596,0.4312518006892936,0.2080813452835861,0.1987636164264007,-0.0780192145480946,0.5928223891704547,2,RFG7c_lspu-topo_ctr-area_kndvi_raw100tccs_unified-all_unified_woody_lsputccs,kfold5_block20_unified,RF,lspu+topo_ctr+area,,kndvi,none,RF
pcoa2_freq_unified,3040,0.4345567047490198,0.3555561511228193,0.1688653551892965,0.2288147387242468,0.0316550904171946,0.7905619123567115,2,RFG7c_lspu-topo_ctr-area_kndvi_raw100tccs_unified-all_unified_woody_lsputccs,kfold5_block20_unified,RF,lspu+topo_ctr+area,,kndvi,none,RF
mpd_unified,2535,0.1267481586321811,109.14237661826614,0.1706378650308176,72.52146758362605,-3.655101627981654,0.3460880327496728,2,RFG7c_lspu-topo_ctr-area_kndvi_raw100tccs_unified-all_unified_woody_lsputccs,kfold5_block20_unified,RF,lspu+topo_ctr+area,,kndvi,none,RF
mntd_unified,2535,0.0340109365631253,100.09496509018452,0.1564927544418599,65.91547146592198,-7.47925667875885,0.1647360082450691,2,RFG7c_lspu-topo_ctr-area_kndvi_raw100tccs_unified-all_unified_woody_lsputccs,kfold5_block20_unified,RF,lspu+topo_ctr+area,,kndvi,none,RF
ses_pd_unified,2535,0.1038018512616798,1.1389450449844092,0.2085215255700686,0.8498311965927282,0.013906368461124,0.2974501528333851,2,RFG7c_lspu-topo_ctr-area_kndvi_raw100tccs_unified-all_unified_woody_lsputccs,kfold5_block20_unified,RF,lspu+topo_ctr+area,,kndvi,none,RF
ses_mpd_unified,2535,0.140709361034177,1.178165452688975,0.2142407562803563,0.8703118110973941,-0.0537302082256852,0.3191329088783686,2,RFG7c_lspu-topo_ctr-area_kndvi_raw100tccs_unified-all_unified_woody_lsputccs,kfold5_block20_unified,RF,lspu+topo_ctr+area,,kndvi,none,RF
ses_mntd_unified,2535,0.0449748434828509,1.1953744701678888,0.1969420298419443,0.8912028124150354,-0.0032434202107159,0.1899453026661479,2,RFG7c_lspu-topo_ctr-area_kndvi_raw100tccs_unified-all_unified_woody_lsputccs,kfold5_block20_unified,RF,lspu+topo_ctr+area,,kndvi,none,RF
dark_n_unified,3094,0.5593814412991913,18.43129829523724,0.1722551242545536,14.631616712236957,0.455528331244827,0.7440147111778557,2,RFG7c_lspu-topo_ctr-area_kndvi_raw100tccs_unified-all_unified_woody_lsputccs,kfold5_block20_unified,RF,lspu+topo_ctr+area,,kndvi,none,RF
lcbd_count_sorensen,2499,0.4485500780699183,1.573840372938568e-05,0.1919152372919263,1.2489577516863648e-05,-1.446694459380194e-06,0.6037286845271604,0,RFG2c_curve-topo_ctr-area_kndvi_raw100tccsall_pg-all_unified_woody,kfold5_block20_unified,RF,curve+topo_ctr+area,,kndvi,none,RF
pd_inext_q0,877,0.0576675710493613,1.493974018858781,0.2158344650075517,1.1506238378329066,-0.0764248867961295,0.2807947461208231,0,RFG2c_curve-topo_ctr-area_kndvi_raw100tccsall_pg-all_unified_woody,kfold5_block20_unified,RF,curve+topo_ctr+area,,kndvi,none,RF
pd_inext_q1,877,0.1036880776096065,1.079931319423285,0.2153553398549295,0.854675949492359,0.0491470682596926,0.3138972277168275,0,RFG2c_curve-topo_ctr-area_kndvi_raw100tccsall_pg-all_unified_woody,kfold5_block20_unified,RF,curve+topo_ctr+area,,kndvi,none,RF
pd_inext_q2,877,0.0813255841218604,0.8906229376708573,0.2325259838353123,0.7086788306776447,0.0250803266324794,0.280112443529727,0,RFG2c_curve-topo_ctr-area_kndvi_raw100tccsall_pg-all_unified_woody,kfold5_block20_unified,RF,curve+topo_ctr+area,,kndvi,none,RF
td_inext_q0,881,0.0064356216390386,2.3135985630111504,0.2331794234880203,1.779555754446252,-0.060518643335513,0.101148889736,0,RFG2c_curve-topo_ctr-area_kndvi_raw100tccsall_pg-all_unified_woody,kfold5_block20_unified,RF,curve+topo_ctr+area,,kndvi,none,RF
td_inext_q1,881,0.0440579447249195,1.6541637025915985,0.2021526240670753,1.255832664634167,0.0111167053100763,0.2436318261486582,0,RFG2c_curve-topo_ctr-area_kndvi_raw100tccsall_pg-all_unified_woody,kfold5_block20_unified,RF,curve+topo_ctr+area,,kndvi,none,RF
td_inext_q2,881,0.0564758766085756,1.4653075202085404,0.1968984049147243,1.1270187509127834,0.057650637350225,0.2384326839739527,0,RFG2c_curve-topo_ctr-area_kndvi_raw100tccsall_pg-all_unified_woody,kfold5_block20_unified,RF,curve+topo_ctr+area,,kndvi,none,RF
lcbd_count_sorensen,2499,0.4449412344917928,1.5789818022136693e-05,0.1925421869091282,1.258971308153149e-05,8.331817631673543e-08,0.5947530268597667,1,RFG2c_curve-topo_ctr-area_kndvi_raw100tccsall_pg-all_unified_woody,kfold5_block20_unified,RF,curve+topo_ctr+area,,kndvi,none,RF
pd_inext_q0,877,0.0714538712013884,1.4830053517214044,0.2142498213835281,1.1520157201364647,0.0108135149570536,0.2973364720035925,1,RFG2c_curve-topo_ctr-area_kndvi_raw100tccsall_pg-all_unified_woody,kfold5_block20_unified,RF,curve+topo_ctr+area,,kndvi,none,RF
pd_inext_q1,877,0.0806260654995416,1.0937363429491351,0.2181082793054701,0.8599861409172761,0.001227032972837,0.2855085676926104,1,RFG2c_curve-topo_ctr-area_kndvi_raw100tccsall_pg-all_unified_woody,kfold5_block20_unified,RF,curve+topo_ctr+area,,kndvi,none,RF
pd_inext_q2,877,0.0533504743911305,0.904081694460316,0.2360398285066087,0.7085131193527063,-0.0751764895238232,0.254919239865372,1,RFG2c_curve-topo_ctr-area_kndvi_raw100tccsall_pg-all_unified_woody,kfold5_block20_unified,RF,curve+topo_ctr+area,,kndvi,none,RF
td_inext_q0,881,7.734894073019305e-07,2.321078515200609,0.2339333014369181,1.8353264196530987,0.2286529394977987,0.1122822790179896,1,RFG2c_curve-topo_ctr-area_kndvi_raw100tccsall_pg-all_unified_woody,kfold5_block20_unified,RF,curve+topo_ctr+area,,kndvi,none,RF
td_inext_q1,881,0.0533825037396996,1.6460763164190697,0.2011642779112148,1.247737808496783,0.0034459192350355,0.246835742427342,1,RFG2c_curve-topo_ctr-area_kndvi_raw100tccsall_pg-all_unified_woody,kfold5_block20_unified,RF,curve+topo_ctr+area,,kndvi,none,RF
td_inext_q2,881,0.0559650477533013,1.465704129080904,0.1969516986112804,1.1327213890502854,0.071411639719437,0.2400028696242233,1,RFG2c_curve-topo_ctr-area_kndvi_raw100tccsall_pg-all_unified_woody,kfold5_block20_unified,RF,curve+topo_ctr+area,,kndvi,none,RF
lcbd_count_sorensen,2499,0.4477089358763372,1.575040227231099e-05,0.1920615483951526,1.2505681883538096e-05,-1.0160719729157871e-06,0.5998133940136646,2,RFG2c_curve-topo_ctr-area_kndvi_raw100tccsall_pg-all_unified_woody,kfold5_block20_unified,RF,curve+topo_ctr+area,,kndvi,none,RF
pd_inext_q0,877,0.066055040116063,1.4873104103747137,0.2148717733181226,1.1488511488352298,-0.0494393554821074,0.2880026612855332,2,RFG2c_curve-topo_ctr-area_kndvi_raw100tccsall_pg-all_unified_woody,kfold5_block20_unified,RF,curve+topo_ctr+area,,kndvi,none,RF
pd_inext_q1,877,0.0890737242350828,1.0886998537751589,0.2171039239189474,0.8423413985842879,-0.0871607325226194,0.2942316985168457,2,RFG2c_curve-topo_ctr-area_kndvi_raw100tccsall_pg-all_unified_woody,kfold5_block20_unified,RF,curve+topo_ctr+area,,kndvi,none,RF
pd_inext_q2,877,0.0779044546536269,0.8922797297334484,0.2329585431014952,0.697968961276446,-0.0649067417064978,0.2744628344157613,2,RFG2c_curve-topo_ctr-area_kndvi_raw100tccsall_pg-all_unified_woody,kfold5_block20_unified,RF,curve+topo_ctr+area,,kndvi,none,RF
td_inext_q0,881,-0.0159930935107126,2.3395664100419253,0.2357966310263844,1.799406431666199,-0.0810129376373722,0.0934033756893863,2,RFG2c_curve-topo_ctr-area_kndvi_raw100tccsall_pg-all_unified_woody,kfold5_block20_unified,RF,curve+topo_ctr+area,,kndvi,none,RF
td_inext_q1,881,0.0474197912358524,1.6512524684260157,0.2017968469303118,1.2620611103923705,0.1133566279286807,0.2457913709096205,2,RFG2c_curve-topo_ctr-area_kndvi_raw100tccsall_pg-all_unified_woody,kfold5_block20_unified,RF,curve+topo_ctr+area,,kndvi,none,RF
td_inext_q2,881,0.0481525693897273,1.4717564413922375,0.1977649686066311,1.126065407677496,0.0122875116596444,0.217615334463177,2,RFG2c_curve-topo_ctr-area_kndvi_raw100tccsall_pg-all_unified_woody,kfold5_block20_unified,RF,curve+topo_ctr+area,,kndvi,none,RF
lcbd_count_sorensen,2499,0.4449790766167647,1.578927976340752e-05,0.1925356233431205,1.2470249362757034e-05,-1.317102912132555e-06,0.6098303126396041,0,RFG7c_lspu-topo_ctr-area_kndvi_raw100tccsall_pg-all_unified_woody_lsputccsall,kfold5_block20_unified,RF,lspu+topo_ctr+area,,kndvi,none,RF
pd_inext_q0,877,0.0776236908824645,1.4780701496079511,0.2135368326070064,1.143517329911942,-0.0709586473362678,0.2833164312205907,0,RFG7c_lspu-topo_ctr-area_kndvi_raw100tccsall_pg-all_unified_woody_lsputccsall,kfold5_block20_unified,RF,lspu+topo_ctr+area,,kndvi,none,RF
pd_inext_q1,877,0.0995258495451614,1.082435868407988,0.2158547864290617,0.8630173680377449,0.0587393891873262,0.2866112988357367,0,RFG7c_lspu-topo_ctr-area_kndvi_raw100tccsall_pg-all_unified_woody_lsputccsall,kfold5_block20_unified,RF,lspu+topo_ctr+area,,kndvi,none,RF
pd_inext_q2,877,0.0911813704723289,0.8858326338368563,0.2312753197610363,0.7098529968446101,0.0139187485779971,0.2885497911308731,0,RFG7c_lspu-topo_ctr-area_kndvi_raw100tccsall_pg-all_unified_woody_lsputccsall,kfold5_block20_unified,RF,lspu+topo_ctr+area,,kndvi,none,RF
td_inext_q0,881,0.0194382611665167,2.298409834041937,0.2316486051683774,1.7810873574987007,-0.0514036589047091,0.1433597868649141,0,RFG7c_lspu-topo_ctr-area_kndvi_raw100tccsall_pg-all_unified_woody_lsputccsall,kfold5_block20_unified,RF,lspu+topo_ctr+area,,kndvi,none,RF
td_inext_q1,881,0.0679762912274866,1.633338438654217,0.1996076028305221,1.2356445375370038,-0.0006770379231713,0.2532884040856736,0,RFG7c_lspu-topo_ctr-area_kndvi_raw100tccsall_pg-all_unified_woody_lsputccsall,kfold5_block20_unified,RF,lspu+topo_ctr+area,,kndvi,none,RF
td_inext_q2,881,0.0723385392927011,1.4529378296450546,0.1952362471030368,1.1173854640910097,0.0514617548168852,0.254085578566335,0,RFG7c_lspu-topo_ctr-area_kndvi_raw100tccsall_pg-all_unified_woody_lsputccsall,kfold5_block20_unified,RF,lspu+topo_ctr+area,,kndvi,none,RF
lcbd_count_sorensen,2499,0.4434456488788075,1.5811076256463605e-05,0.1928014113613284,1.2527177108750218e-05,7.202721792945754e-08,0.604364137813345,1,RFG7c_lspu-topo_ctr-area_kndvi_raw100tccsall_pg-all_unified_woody_lsputccsall,kfold5_block20_unified,RF,lspu+topo_ctr+area,,kndvi,none,RF
pd_inext_q0,877,0.0832140688487625,1.4735841665319749,0.2128887425164064,1.1538926680856891,0.0199667690438887,0.2969870884368047,1,RFG7c_lspu-topo_ctr-area_kndvi_raw100tccsall_pg-all_unified_woody_lsputccsall,kfold5_block20_unified,RF,lspu+topo_ctr+area,,kndvi,none,RF
pd_inext_q1,877,0.0910230560018812,1.0875343512257654,0.2168715043260418,0.8568175392869003,-0.0125815344361619,0.2761897289982843,1,RFG7c_lspu-topo_ctr-area_kndvi_raw100tccsall_pg-all_unified_woody_lsputccsall,kfold5_block20_unified,RF,lspu+topo_ctr+area,,kndvi,none,RF
pd_inext_q2,877,0.0526296077764962,0.9044258547168827,0.2361296826961544,0.7081092502699842,-0.0829022606547329,0.2544869002309401,1,RFG7c_lspu-topo_ctr-area_kndvi_raw100tccsall_pg-all_unified_woody_lsputccsall,kfold5_block20_unified,RF,lspu+topo_ctr+area,,kndvi,none,RF
td_inext_q0,881,0.0115723772856805,2.3076101282222594,0.2325758703072767,1.834068021041114,0.2155063817731456,0.1529603022277371,1,RFG7c_lspu-topo_ctr-area_kndvi_raw100tccsall_pg-all_unified_woody_lsputccsall,kfold5_block20_unified,RF,lspu+topo_ctr+area,,kndvi,none,RF
td_inext_q1,881,0.0798739100816824,1.6228798774411612,0.198329479274871,1.2311370921002642,-0.0102681649226685,0.2590741396377278,1,RFG7c_lspu-topo_ctr-area_kndvi_raw100tccsall_pg-all_unified_woody_lsputccsall,kfold5_block20_unified,RF,lspu+topo_ctr+area,,kndvi,none,RF
td_inext_q2,881,0.0711259866441672,1.4538870920434157,0.1953638027522811,1.121299564605222,0.0581463570860271,0.2537992391363035,1,RFG7c_lspu-topo_ctr-area_kndvi_raw100tccsall_pg-all_unified_woody_lsputccsall,kfold5_block20_unified,RF,lspu+topo_ctr+area,,kndvi,none,RF
lcbd_count_sorensen,2499,0.4457815140040942,1.577786173333756e-05,0.192396391055783,1.2459969052810622e-05,-1.1064048377011417e-06,0.6074489686148606,2,RFG7c_lspu-topo_ctr-area_kndvi_raw100tccsall_pg-all_unified_woody_lsputccsall,kfold5_block20_unified,RF,lspu+topo_ctr+area,,kndvi,none,RF
pd_inext_q0,877,0.0773414447568293,1.478296276222317,0.2135695011248116,1.144108253456027,-0.0635855775969808,0.2864744128396065,2,RFG7c_lspu-topo_ctr-area_kndvi_raw100tccsall_pg-all_unified_woody_lsputccsall,kfold5_block20_unified,RF,lspu+topo_ctr+area,,kndvi,none,RF
pd_inext_q1,877,0.0935022850986779,1.0860502168723751,0.2165755445253432,0.8444473048966085,-0.0859710789967432,0.293269208232012,2,RFG7c_lspu-topo_ctr-area_kndvi_raw100tccsall_pg-all_unified_woody_lsputccsall,kfold5_block20_unified,RF,lspu+topo_ctr+area,,kndvi,none,RF
pd_inext_q2,877,0.0815520892088355,0.8905131364951082,0.2324973166796201,0.695910502105956,-0.0664735320935815,0.2824560118394382,2,RFG7c_lspu-topo_ctr-area_kndvi_raw100tccsall_pg-all_unified_woody_lsputccsall,kfold5_block20_unified,RF,lspu+topo_ctr+area,,kndvi,none,RF
td_inext_q0,881,-0.0046324661984402,2.326449361986727,0.2344746101052636,1.803988116946952,-0.1002317483783433,0.1222472549581522,2,RFG7c_lspu-topo_ctr-area_kndvi_raw100tccsall_pg-all_unified_woody_lsputccsall,kfold5_block20_unified,RF,lspu+topo_ctr+area,,kndvi,none,RF
td_inext_q1,881,0.0533823714254152,1.6460764314599403,0.2011642919701703,1.2619205381031535,0.1098057135890456,0.22385780535587,2,RFG7c_lspu-topo_ctr-area_kndvi_raw100tccsall_pg-all_unified_woody_lsputccsall,kfold5_block20_unified,RF,lspu+topo_ctr+area,,kndvi,none,RF
td_inext_q2,881,0.0643564273228202,1.459175380647543,0.1960744082576246,1.1110134487279826,-0.0027664916674094,0.2259559169159049,2,RFG7c_lspu-topo_ctr-area_kndvi_raw100tccsall_pg-all_unified_woody_lsputccsall,kfold5_block20_unified,RF,lspu+topo_ctr+area,,kndvi,none,RF
hill_q0_unified,3102,0.3576291481790643,2.433721415246292,0.1738372439461636,1.7121601654402006,-0.1057593993540122,0.6367064114900632,0,RFG2c_curve-topo_ctr-area_kndvi_raw100tccsall_unified-all_unified_woody,kfold5_block20_unified,RF,curve+topo_ctr+area,,kndvi,none,RF
lcbd_pa_unified,3094,0.3938276684748468,1.1626685686128396e-05,0.2003903333434449,9.240416270022544e-06,3.1995331087860986e-08,0.5639677714440823,0,RFG2c_curve-topo_ctr-area_kndvi_raw100tccsall_unified-all_unified_woody,kfold5_block20_unified,RF,curve+topo_ctr+area,,kndvi,none,RF
pcoa1_pa_unified,3094,0.4795877117672001,0.2116815363161307,0.1650956838719221,0.1198051572791119,-0.0236477257770361,0.7535079983024845,0,RFG2c_curve-topo_ctr-area_kndvi_raw100tccsall_unified-all_unified_woody,kfold5_block20_unified,RF,curve+topo_ctr+area,,kndvi,none,RF
pcoa2_pa_unified,3094,0.6752611083243815,0.1538946853144712,0.1470486790118546,0.1206413145609441,0.0015908101145784,0.8290812094203269,0,RFG2c_curve-topo_ctr-area_kndvi_raw100tccsall_unified-all_unified_woody,kfold5_block20_unified,RF,curve+topo_ctr+area,,kndvi,none,RF
lcbd_freq_unified,3040,0.3630665664209257,2.0026991606040004e-05,0.201009179459306,1.5900803586352734e-05,-2.058573424593189e-06,0.5534242493150434,0,RFG2c_curve-topo_ctr-area_kndvi_raw100tccsall_unified-all_unified_woody,kfold5_block20_unified,RF,curve+topo_ctr+area,,kndvi,none,RF
pcoa1_freq_unified,3040,0.2731544044144535,0.4263767325847131,0.2057290983412456,0.205103349037629,-0.0627048029553722,0.5714647057543829,0,RFG2c_curve-topo_ctr-area_kndvi_raw100tccsall_unified-all_unified_woody,kfold5_block20_unified,RF,curve+topo_ctr+area,,kndvi,none,RF
pcoa2_freq_unified,3040,0.4546697862797252,0.3491752454038418,0.1658348523917444,0.2337717373133446,0.0113993141088032,0.8037670589686986,0,RFG2c_curve-topo_ctr-area_kndvi_raw100tccsall_unified-all_unified_woody,kfold5_block20_unified,RF,curve+topo_ctr+area,,kndvi,none,RF
mpd_unified,2535,0.1286266304684042,109.02492410003964,0.1704542347345601,73.71214637698594,5.131757402092735,0.3553442034445944,0,RFG2c_curve-topo_ctr-area_kndvi_raw100tccsall_unified-all_unified_woody,kfold5_block20_unified,RF,curve+topo_ctr+area,,kndvi,none,RF
mntd_unified,2535,0.0393451942294,99.81821688461017,0.1560600744470354,65.52685026982627,-6.840515561544359,0.1793770522479472,0,RFG2c_curve-topo_ctr-area_kndvi_raw100tccsall_unified-all_unified_woody,kfold5_block20_unified,RF,curve+topo_ctr+area,,kndvi,none,RF
ses_pd_unified,2535,0.1031557266879344,1.139355538908958,0.2085966800472412,0.8265931851734266,-0.0673199166777622,0.3061196431150771,0,RFG2c_curve-topo_ctr-area_kndvi_raw100tccsall_unified-all_unified_woody,kfold5_block20_unified,RF,curve+topo_ctr+area,,kndvi,none,RF
ses_mpd_unified,2535,0.1491958272253082,1.1723331591581845,0.213180196429417,0.8612803870570962,-0.0533609593018363,0.3290642001507441,0,RFG2c_curve-topo_ctr-area_kndvi_raw100tccsall_unified-all_unified_woody,kfold5_block20_unified,RF,curve+topo_ctr+area,,kndvi,none,RF
ses_mntd_unified,2535,0.0509585544596367,1.191623776033356,0.1963240901631192,0.8924689229092296,-0.0961402886487927,0.1933411855471616,0,RFG2c_curve-topo_ctr-area_kndvi_raw100tccsall_unified-all_unified_woody,kfold5_block20_unified,RF,curve+topo_ctr+area,,kndvi,none,RF
dark_n_unified,3094,0.5581836159212817,18.45633411399401,0.1724891038691029,14.685497135669006,-0.85016026638349,0.7416839111661436,0,RFG2c_curve-topo_ctr-area_kndvi_raw100tccsall_unified-all_unified_woody,kfold5_block20_unified,RF,curve+topo_ctr+area,,kndvi,none,RF
hill_q0_unified,3102,0.3649036199057319,2.4199019483823423,0.1728501391701673,1.7023052733709332,-0.1289968543880091,0.6399379586523435,1,RFG2c_curve-topo_ctr-area_kndvi_raw100tccsall_unified-all_unified_woody,kfold5_block20_unified,RF,curve+topo_ctr+area,,kndvi,none,RF
lcbd_pa_unified,3094,0.3870870727931288,1.1691150951847532e-05,0.201501416625067,9.264545352153256e-06,-1.2319964177362023e-06,0.5598884096088386,1,RFG2c_curve-topo_ctr-area_kndvi_raw100tccsall_unified-all_unified_woody,kfold5_block20_unified,RF,curve+topo_ctr+area,,kndvi,none,RF
pcoa1_pa_unified,3094,0.4790584426184713,0.2117891510263561,0.1651796152553036,0.1192914360175108,-0.025709989054225,0.7509896176393904,1,RFG2c_curve-topo_ctr-area_kndvi_raw100tccsall_unified-all_unified_woody,kfold5_block20_unified,RF,curve+topo_ctr+area,,kndvi,none,RF
pcoa2_pa_unified,3094,0.6725801588280211,0.1545286343788362,0.1476544268470392,0.1217250340818806,-0.0039354342738715,0.8282430272455679,1,RFG2c_curve-topo_ctr-area_kndvi_raw100tccsall_unified-all_unified_woody,kfold5_block20_unified,RF,curve+topo_ctr+area,,kndvi,none,RF
lcbd_freq_unified,3040,0.3674614663296529,1.9957777952188843e-05,0.200314488012798,1.5927495464336837e-05,-9.279014191124141e-08,0.5511716948978823,1,RFG2c_curve-topo_ctr-area_kndvi_raw100tccsall_unified-all_unified_woody,kfold5_block20_unified,RF,curve+topo_ctr+area,,kndvi,none,RF
pcoa1_freq_unified,3040,0.2605651291671121,0.4300533938877614,0.2075031074673932,0.2010286819246275,-0.0755136566457511,0.5717598764284908,1,RFG2c_curve-topo_ctr-area_kndvi_raw100tccsall_unified-all_unified_woody,kfold5_block20_unified,RF,curve+topo_ctr+area,,kndvi,none,RF
pcoa2_freq_unified,3040,0.4480898422246224,0.3512754999490285,0.1668323326171347,0.2312567688201343,0.0217481014185267,0.7977908588190709,1,RFG2c_curve-topo_ctr-area_kndvi_raw100tccsall_unified-all_unified_woody,kfold5_block20_unified,RF,curve+topo_ctr+area,,kndvi,none,RF
mpd_unified,2535,0.1051045789123409,110.48664710514252,0.1727395550710374,73.20715112672575,-4.636668994519955,0.3262691525887911,1,RFG2c_curve-topo_ctr-area_kndvi_raw100tccsall_unified-all_unified_woody,kfold5_block20_unified,RF,curve+topo_ctr+area,,kndvi,none,RF
mntd_unified,2535,0.0466817618558343,99.43632806481996,0.1554630131138737,65.18402746386897,-4.801382361599385,0.1908874502943294,1,RFG2c_curve-topo_ctr-area_kndvi_raw100tccsall_unified-all_unified_woody,kfold5_block20_unified,RF,curve+topo_ctr+area,,kndvi,none,RF
ses_pd_unified,2535,0.1005933447419864,1.1409820095329848,0.2088944592397584,0.8494789401391986,0.0265125623421103,0.3025308075089657,1,RFG2c_curve-topo_ctr-area_kndvi_raw100tccsall_unified-all_unified_woody,kfold5_block20_unified,RF,curve+topo_ctr+area,,kndvi,none,RF
ses_mpd_unified,2535,0.1456070249205984,1.174803083910575,0.2136293341508635,0.8666895810309762,-0.0463948790354101,0.3269642013696662,1,RFG2c_curve-topo_ctr-area_kndvi_raw100tccsall_unified-all_unified_woody,kfold5_block20_unified,RF,curve+topo_ctr+area,,kndvi,none,RF
ses_mntd_unified,2535,0.0435621013240302,1.196258285545499,0.1970876414463544,0.8932947075553083,-0.0862107256085753,0.1798633736123279,1,RFG2c_curve-topo_ctr-area_kndvi_raw100tccsall_unified-all_unified_woody,kfold5_block20_unified,RF,curve+topo_ctr+area,,kndvi,none,RF
dark_n_unified,3094,0.5592185826812324,18.43470420993673,0.1722869552330535,14.61402119938878,-1.3525312392651183,0.7451219446351784,1,RFG2c_curve-topo_ctr-area_kndvi_raw100tccsall_unified-all_unified_woody,kfold5_block20_unified,RF,curve+topo_ctr+area,,kndvi,none,RF
hill_q0_unified,3102,0.3578972846428879,2.433213423978501,0.1738009588556072,1.7408710595555568,0.0397148366176901,0.625999228209616,2,RFG2c_curve-topo_ctr-area_kndvi_raw100tccsall_unified-all_unified_woody,kfold5_block20_unified,RF,curve+topo_ctr+area,,kndvi,none,RF
lcbd_pa_unified,3094,0.3913444911706992,1.1650475632797432e-05,0.200800362088689,9.23150467595342e-06,-2.422777757924056e-07,0.5617715464275189,2,RFG2c_curve-topo_ctr-area_kndvi_raw100tccsall_unified-all_unified_woody,kfold5_block20_unified,RF,curve+topo_ctr+area,,kndvi,none,RF
pcoa1_pa_unified,3094,0.4598022340526483,0.2156679445825925,0.1682047826171301,0.1179067339752152,-0.0365493175272089,0.7543423412223808,2,RFG2c_curve-topo_ctr-area_kndvi_raw100tccsall_unified-all_unified_woody,kfold5_block20_unified,RF,curve+topo_ctr+area,,kndvi,none,RF
pcoa2_pa_unified,3094,0.6719234664450406,0.1546835225879735,0.1478024248529587,0.1206745230380692,0.0054465678447811,0.8268379173371635,2,RFG2c_curve-topo_ctr-area_kndvi_raw100tccsall_unified-all_unified_woody,kfold5_block20_unified,RF,curve+topo_ctr+area,,kndvi,none,RF
lcbd_freq_unified,3040,0.3683988984813211,1.994298359686086e-05,0.2001659983502663,1.584831021990207e-05,-8.854260516557414e-07,0.5516723822318507,2,RFG2c_curve-topo_ctr-area_kndvi_raw100tccsall_unified-all_unified_woody,kfold5_block20_unified,RF,curve+topo_ctr+area,,kndvi,none,RF
pcoa1_freq_unified,3040,0.2505156394992267,0.432965909950612,0.208908412348554,0.2007622716606854,-0.0797600126911285,0.568358289566485,2,RFG2c_curve-topo_ctr-area_kndvi_raw100tccsall_unified-all_unified_woody,kfold5_block20_unified,RF,curve+topo_ctr+area,,kndvi,none,RF
pcoa2_freq_unified,3040,0.4520782295019182,0.3500039496520367,0.1662284313996632,0.229541547385036,0.0229491356201294,0.8033993756689545,2,RFG2c_curve-topo_ctr-area_kndvi_raw100tccsall_unified-all_unified_woody,kfold5_block20_unified,RF,curve+topo_ctr+area,,kndvi,none,RF
mpd_unified,2535,0.1137317125428409,109.95279060690513,0.171904900962206,72.28163296068978,-5.04734034970704,0.3347567594525628,2,RFG2c_curve-topo_ctr-area_kndvi_raw100tccsall_unified-all_unified_woody,kfold5_block20_unified,RF,curve+topo_ctr+area,,kndvi,none,RF
mntd_unified,2535,0.0361001006440797,99.98666780178678,0.1563234378239393,65.71639132273909,-7.0026348873752005,0.1807532604342385,2,RFG2c_curve-topo_ctr-area_kndvi_raw100tccsall_unified-all_unified_woody,kfold5_block20_unified,RF,curve+topo_ctr+area,,kndvi,none,RF
ses_pd_unified,2535,0.10829420301293,1.136086876961972,0.2079982434687953,0.8436668574789761,0.0194690796522272,0.31334610719057,2,RFG2c_curve-topo_ctr-area_kndvi_raw100tccsall_unified-all_unified_woody,kfold5_block20_unified,RF,curve+topo_ctr+area,,kndvi,none,RF
ses_mpd_unified,2535,0.1497033385039803,1.1719834540952891,0.213116605125684,0.8664561523549987,-0.0458520568428856,0.330056416115251,2,RFG2c_curve-topo_ctr-area_kndvi_raw100tccsall_unified-all_unified_woody,kfold5_block20_unified,RF,curve+topo_ctr+area,,kndvi,none,RF
ses_mntd_unified,2535,0.0475775923537494,1.1937444700474686,0.1966734817506394,0.8918749555018329,-0.0238232399519689,0.1828514083242977,2,RFG2c_curve-topo_ctr-area_kndvi_raw100tccsall_unified-all_unified_woody,kfold5_block20_unified,RF,curve+topo_ctr+area,,kndvi,none,RF
dark_n_unified,3094,0.5646923193418792,18.319883185245587,0.1712138615443512,14.609832772192275,-0.1352032690954143,0.7452338946485354,2,RFG2c_curve-topo_ctr-area_kndvi_raw100tccsall_unified-all_unified_woody,kfold5_block20_unified,RF,curve+topo_ctr+area,,kndvi,none,RF
hill_q0_unified,3102,0.3274073750493728,2.490313374460832,0.1778795267472022,1.760398330206722,-0.1046190363110216,0.6188858555473989,0,RFG7c_lspu-topo_ctr-area_kndvi_raw100tccsall_unified-all_unified_woody_lsputccsall,kfold5_block20_unified,RF,lspu+topo_ctr+area,,kndvi,none,RF
lcbd_pa_unified,3094,0.3828151941860193,1.1731822680190088e-05,0.2022024092742398,9.312138312385028e-06,2.563918338021272e-07,0.5543198679960595,0,RFG7c_lspu-topo_ctr-area_kndvi_raw100tccsall_unified-all_unified_woody_lsputccsall,kfold5_block20_unified,RF,lspu+topo_ctr+area,,kndvi,none,RF
pcoa1_pa_unified,3094,0.5018941425287113,0.2070951994323598,0.1615186859085174,0.1185628503701551,-0.0231284739043686,0.7490627529067431,0,RFG7c_lspu-topo_ctr-area_kndvi_raw100tccsall_unified-all_unified_woody_lsputccsall,kfold5_block20_unified,RF,lspu+topo_ctr+area,,kndvi,none,RF
pcoa2_pa_unified,3094,0.6577197382704729,0.1579964749586188,0.1509680005109946,0.1223621719289553,0.0052747894794776,0.8195394092750995,0,RFG7c_lspu-topo_ctr-area_kndvi_raw100tccsall_unified-all_unified_woody_lsputccsall,kfold5_block20_unified,RF,lspu+topo_ctr+area,,kndvi,none,RF
lcbd_freq_unified,3040,0.3555810120474446,2.01443313726075e-05,0.2021869085291362,1.5889097078467887e-05,-2.4284108096259214e-06,0.5609626428894371,0,RFG7c_lspu-topo_ctr-area_kndvi_raw100tccsall_unified-all_unified_woody_lsputccsall,kfold5_block20_unified,RF,lspu+topo_ctr+area,,kndvi,none,RF
pcoa1_freq_unified,3040,0.2798441129806939,0.424410063511256,0.2047801697898089,0.2012950682597827,-0.0639363382789985,0.5939535913601665,0,RFG7c_lspu-topo_ctr-area_kndvi_raw100tccsall_unified-all_unified_woody_lsputccsall,kfold5_block20_unified,RF,lspu+topo_ctr+area,,kndvi,none,RF
pcoa2_freq_unified,3040,0.4452806353025379,0.3521683563629921,0.1672563796066211,0.2334558623468095,0.0115680852818358,0.7918164673533903,0,RFG7c_lspu-topo_ctr-area_kndvi_raw100tccsall_unified-all_unified_woody_lsputccsall,kfold5_block20_unified,RF,lspu+topo_ctr+area,,kndvi,none,RF
mpd_unified,2535,0.1363963248686699,108.53776949399274,0.1696925963637327,74.39790342631977,6.15994831996915,0.3593998813359672,0,RFG7c_lspu-topo_ctr-area_kndvi_raw100tccsall_unified-all_unified_woody_lsputccsall,kfold5_block20_unified,RF,lspu+topo_ctr+area,,kndvi,none,RF
mntd_unified,2535,0.0368717151766526,99.94663946881126,0.1562608558141708,65.78303862333665,-7.741480669506618,0.1755185681051524,0,RFG7c_lspu-topo_ctr-area_kndvi_raw100tccsall_unified-all_unified_woody_lsputccsall,kfold5_block20_unified,RF,lspu+topo_ctr+area,,kndvi,none,RF
ses_pd_unified,2535,0.0938616807096399,1.1452439245197803,0.2096747436080079,0.8376669118816864,-0.0508546349673544,0.2773173020386178,0,RFG7c_lspu-topo_ctr-area_kndvi_raw100tccsall_unified-all_unified_woody_lsputccsall,kfold5_block20_unified,RF,lspu+topo_ctr+area,,kndvi,none,RF
ses_mpd_unified,2535,0.1408491674335575,1.1780696051592416,0.2142233271092574,0.8642275550301767,-0.0647396700572959,0.3256541743520947,0,RFG7c_lspu-topo_ctr-area_kndvi_raw100tccsall_unified-all_unified_woody_lsputccsall,kfold5_block20_unified,RF,lspu+topo_ctr+area,,kndvi,none,RF
ses_mntd_unified,2535,0.0435778666205312,1.1962484263354518,0.1970860171077996,0.8883107582809879,-0.0999184067168869,0.1880068691964849,0,RFG7c_lspu-topo_ctr-area_kndvi_raw100tccsall_unified-all_unified_woody_lsputccsall,kfold5_block20_unified,RF,lspu+topo_ctr+area,,kndvi,none,RF
dark_n_unified,3094,0.560443432835787,18.40907307227481,0.1720474118904188,14.59029324472152,-0.6609017155120709,0.7462544872191957,0,RFG7c_lspu-topo_ctr-area_kndvi_raw100tccsall_unified-all_unified_woody_lsputccsall,kfold5_block20_unified,RF,lspu+topo_ctr+area,,kndvi,none,RF
hill_q0_unified,3102,0.3296962933498841,2.486072336515768,0.177576595465412,1.7548922726953384,-0.1433226995084799,0.6198029408283802,1,RFG7c_lspu-topo_ctr-area_kndvi_raw100tccsall_unified-all_unified_woody_lsputccsall,kfold5_block20_unified,RF,lspu+topo_ctr+area,,kndvi,none,RF
lcbd_pa_unified,3094,0.3784272417541725,1.1773453245842409e-05,0.2029199278477656,9.31123898961142e-06,-1.0842339795817895e-06,0.5531149710729598,1,RFG7c_lspu-topo_ctr-area_kndvi_raw100tccsall_unified-all_unified_woody_lsputccsall,kfold5_block20_unified,RF,lspu+topo_ctr+area,,kndvi,none,RF
pcoa1_pa_unified,3094,0.5054360581279265,0.2063575827944714,0.1609434003858083,0.118830314855893,-0.0205799032828973,0.7462781751450127,1,RFG7c_lspu-topo_ctr-area_kndvi_raw100tccsall_unified-all_unified_woody_lsputccsall,kfold5_block20_unified,RF,lspu+topo_ctr+area,,kndvi,none,RF
pcoa2_pa_unified,3094,0.6582260290365314,0.1578795798762991,0.1508563055073435,0.123946167563434,-0.0075780227644323,0.8198743173035684,1,RFG7c_lspu-topo_ctr-area_kndvi_raw100tccsall_unified-all_unified_woody_lsputccsall,kfold5_block20_unified,RF,lspu+topo_ctr+area,,kndvi,none,RF
lcbd_freq_unified,3040,0.3607301493789557,2.0063689768014977e-05,0.2013775157312415,1.590965168793514e-05,-3.49406134789279e-07,0.5561262614525846,1,RFG7c_lspu-topo_ctr-area_kndvi_raw100tccsall_unified-all_unified_woody_lsputccsall,kfold5_block20_unified,RF,lspu+topo_ctr+area,,kndvi,none,RF
pcoa1_freq_unified,3040,0.2704122011348617,0.427180280802139,0.2061168147375945,0.1994018022227023,-0.0718957079262741,0.5955597011694322,1,RFG7c_lspu-topo_ctr-area_kndvi_raw100tccsall_unified-all_unified_woody_lsputccsall,kfold5_block20_unified,RF,lspu+topo_ctr+area,,kndvi,none,RF
pcoa2_freq_unified,3040,0.4363926225593977,0.3549784604831565,0.1685909908315203,0.2297914269810757,0.0285329492444467,0.785204272506579,1,RFG7c_lspu-topo_ctr-area_kndvi_raw100tccsall_unified-all_unified_woody_lsputccsall,kfold5_block20_unified,RF,lspu+topo_ctr+area,,kndvi,none,RF
mpd_unified,2535,0.1078104389503304,110.31948358645492,0.1724782044680571,73.14567878733538,-6.464206864539712,0.3357928579180821,1,RFG7c_lspu-topo_ctr-area_kndvi_raw100tccsall_unified-all_unified_woody_lsputccsall,kfold5_block20_unified,RF,lspu+topo_ctr+area,,kndvi,none,RF
mntd_unified,2535,0.0328178069017843,100.15676155460532,0.1565893696804312,65.68137606660105,-6.461876211497228,0.1727897359487811,1,RFG7c_lspu-topo_ctr-area_kndvi_raw100tccsall_unified-all_unified_woody_lsputccsall,kfold5_block20_unified,RF,lspu+topo_ctr+area,,kndvi,none,RF
ses_pd_unified,2535,0.095477248426729,1.144222532694077,0.2094877440836337,0.8460093010503638,-0.0035373144839424,0.2907687113314369,1,RFG7c_lspu-topo_ctr-area_kndvi_raw100tccsall_unified-all_unified_woody_lsputccsall,kfold5_block20_unified,RF,lspu+topo_ctr+area,,kndvi,none,RF
ses_mpd_unified,2535,0.1355030217305476,1.1817292445423169,0.2148888057203931,0.867871391492006,-0.0651420382961689,0.3163684253750097,1,RFG7c_lspu-topo_ctr-area_kndvi_raw100tccsall_unified-all_unified_woody_lsputccsall,kfold5_block20_unified,RF,lspu+topo_ctr+area,,kndvi,none,RF
ses_mntd_unified,2535,0.0367786743924182,1.2004929532013493,0.1977853174170752,0.8899706851484879,-0.0862377872263199,0.1720679247747316,1,RFG7c_lspu-topo_ctr-area_kndvi_raw100tccsall_unified-all_unified_woody_lsputccsall,kfold5_block20_unified,RF,lspu+topo_ctr+area,,kndvi,none,RF
dark_n_unified,3094,0.5577830474763639,18.46469884465732,0.172567278922031,14.588922353137358,-1.0360867474918136,0.7449545079192026,1,RFG7c_lspu-topo_ctr-area_kndvi_raw100tccsall_unified-all_unified_woody_lsputccsall,kfold5_block20_unified,RF,lspu+topo_ctr+area,,kndvi,none,RF
hill_q0_unified,3102,0.3213228423137422,2.501552182485072,0.1786822987489336,1.7946571407535905,0.0207232069827816,0.6067384057799438,2,RFG7c_lspu-topo_ctr-area_kndvi_raw100tccsall_unified-all_unified_woody_lsputccsall,kfold5_block20_unified,RF,lspu+topo_ctr+area,,kndvi,none,RF
lcbd_pa_unified,3094,0.383573040444807,1.1724617667341598e-05,0.2020782281476978,9.27073238971988e-06,-2.111123349044591e-07,0.5589020584460315,2,RFG7c_lspu-topo_ctr-area_kndvi_raw100tccsall_unified-all_unified_woody_lsputccsall,kfold5_block20_unified,RF,lspu+topo_ctr+area,,kndvi,none,RF
pcoa1_pa_unified,3094,0.4871458768898068,0.2101387444728314,0.163892422222965,0.1172115130812402,-0.0322345361232062,0.7481207688002781,2,RFG7c_lspu-topo_ctr-area_kndvi_raw100tccsall_unified-all_unified_woody_lsputccsall,kfold5_block20_unified,RF,lspu+topo_ctr+area,,kndvi,none,RF
pcoa2_pa_unified,3094,0.6601456626956501,0.1574355763190077,0.1504320534518365,0.1217605040388245,0.0043357967996362,0.8210461689501429,2,RFG7c_lspu-topo_ctr-area_kndvi_raw100tccsall_unified-all_unified_woody_lsputccsall,kfold5_block20_unified,RF,lspu+topo_ctr+area,,kndvi,none,RF
lcbd_freq_unified,3040,0.3644543829252976,2.00051612666898e-05,0.2007900702347942,1.581675021687924e-05,-1.1702667197324966e-06,0.5591113400494371,2,RFG7c_lspu-topo_ctr-area_kndvi_raw100tccsall_unified-all_unified_woody_lsputccsall,kfold5_block20_unified,RF,lspu+topo_ctr+area,,kndvi,none,RF
pcoa1_freq_unified,3040,0.2642838302723416,0.428970637409982,0.2069806715630081,0.1979430445650698,-0.0756551927822989,0.5962687959046281,2,RFG7c_lspu-topo_ctr-area_kndvi_raw100tccsall_unified-all_unified_woody_lsputccsall,kfold5_block20_unified,RF,lspu+topo_ctr+area,,kndvi,none,RF
pcoa2_freq_unified,3040,0.4374967311331549,0.3546305880847377,0.1684257747441765,0.2275228250132755,0.0323755716319515,0.7915445123195328,2,RFG7c_lspu-topo_ctr-area_kndvi_raw100tccsall_unified-all_unified_woody_lsputccsall,kfold5_block20_unified,RF,lspu+topo_ctr+area,,kndvi,none,RF
mpd_unified,2535,0.1165819704945002,109.77584295094114,0.1716282534200556,73.01156475279305,-3.1232949424210616,0.3363002925562326,2,RFG7c_lspu-topo_ctr-area_kndvi_raw100tccsall_unified-all_unified_woody_lsputccsall,kfold5_block20_unified,RF,lspu+topo_ctr+area,,kndvi,none,RF
mntd_unified,2535,0.0238691326044734,100.61903569289828,0.1573121088626021,65.94334454633912,-7.479706607159341,0.1647654004870402,2,RFG7c_lspu-topo_ctr-area_kndvi_raw100tccsall_unified-all_unified_woody_lsputccsall,kfold5_block20_unified,RF,lspu+topo_ctr+area,,kndvi,none,RF
ses_pd_unified,2535,0.0990442589278658,1.1419641674026586,0.209074275692042,0.845232594715236,-0.0090800698667311,0.2911192887685644,2,RFG7c_lspu-topo_ctr-area_kndvi_raw100tccsall_unified-all_unified_woody_lsputccsall,kfold5_block20_unified,RF,lspu+topo_ctr+area,,kndvi,none,RF
ses_mpd_unified,2535,0.1356152493789371,1.1816525369296942,0.2148748570030009,0.8676683030092827,-0.0719916242756273,0.3167684637983428,2,RFG7c_lspu-topo_ctr-area_kndvi_raw100tccsall_unified-all_unified_woody_lsputccsall,kfold5_block20_unified,RF,lspu+topo_ctr+area,,kndvi,none,RF
ses_mntd_unified,2535,0.0355375250983215,1.2012661458583966,0.1979127035501556,0.8914747151403433,-0.00826548672488,0.1752809740097675,2,RFG7c_lspu-topo_ctr-area_kndvi_raw100tccsall_unified-all_unified_woody_lsputccsall,kfold5_block20_unified,RF,lspu+topo_ctr+area,,kndvi,none,RF
dark_n_unified,3094,0.5610640586540818,18.39607226346296,0.1719259090043267,14.608798165911526,0.4086035645862824,0.7462370570239077,2,RFG7c_lspu-topo_ctr-area_kndvi_raw100tccsall_unified-all_unified_woody_lsputccsall,kfold5_block20_unified,RF,lspu+topo_ctr+area,,kndvi,none,RF
lcbd_count_sorensen,2499,0.4666853447793004,1.5477449693287596e-05,0.188733144836988,1.2223985310438049e-05,-1.1017449599175382e-06,0.6204592447193713,0,RFG4oc_gmo-topo_ctr-area_raw100nc_pg-all_unified_woody_gmonc,kfold5_block20_unified,RF,gmo+topo_ctr+area,,,none,RF
pd_inext_q0,877,0.0591220281847807,1.4928206253164815,0.2156678342127703,1.1428077107161565,-0.0775966946790467,0.3007492728862615,0,RFG4oc_gmo-topo_ctr-area_raw100nc_pg-all_unified_woody_gmonc,kfold5_block20_unified,RF,gmo+topo_ctr+area,,,none,RF
pd_inext_q1,877,0.09954459291938,1.0824246028951932,0.215852539908109,0.8576033693837103,0.027634925724006,0.2989765824185232,0,RFG4oc_gmo-topo_ctr-area_raw100nc_pg-all_unified_woody_gmonc,kfold5_block20_unified,RF,gmo+topo_ctr+area,,,none,RF
pd_inext_q2,877,0.0827669015446619,0.8899240098346372,0.2323435060707356,0.7108169700823048,0.0136083380326229,0.2954619949364386,0,RFG4oc_gmo-topo_ctr-area_raw100nc_pg-all_unified_woody_gmonc,kfold5_block20_unified,RF,gmo+topo_ctr+area,,,none,RF
td_inext_q0,881,-0.0267554977749699,2.3519252682617777,0.2370422366732537,1.8064741453607087,-0.0231518148620295,0.1488599033579338,0,RFG4oc_gmo-topo_ctr-area_raw100nc_pg-all_unified_woody_gmonc,kfold5_block20_unified,RF,gmo+topo_ctr+area,,,none,RF
td_inext_q1,881,0.0509064069282098,1.648227756935792,0.2014272019164376,1.251089208874463,0.0119978929069218,0.2104356004869487,0,RFG4oc_gmo-topo_ctr-area_raw100nc_pg-all_unified_woody_gmonc,kfold5_block20_unified,RF,gmo+topo_ctr+area,,,none,RF
td_inext_q2,881,0.0507450342581613,1.4697508266992625,0.1974954672709223,1.1295816951959223,0.0535983493032764,0.2149937575977357,0,RFG4oc_gmo-topo_ctr-area_raw100nc_pg-all_unified_woody_gmonc,kfold5_block20_unified,RF,gmo+topo_ctr+area,,,none,RF
lcbd_count_sorensen,2499,0.4629121628852596,1.553210439202179e-05,0.1893996081999215,1.2285991082372944e-05,2.845500406030386e-07,0.6144098764221132,1,RFG4oc_gmo-topo_ctr-area_raw100nc_pg-all_unified_woody_gmonc,kfold5_block20_unified,RF,gmo+topo_ctr+area,,,none,RF
pd_inext_q0,877,0.0716792022650166,1.4828253997305867,0.2142238237147769,1.1437923750103096,-0.0129866203629881,0.3078376995471614,1,RFG4oc_gmo-topo_ctr-area_raw100nc_pg-all_unified_woody_gmonc,kfold5_block20_unified,RF,gmo+topo_ctr+area,,,none,RF
pd_inext_q1,877,0.0832286384683369,1.0921871659026128,0.217799348965782,0.8635493945584171,-0.0056278439095022,0.2850411811863232,1,RFG4oc_gmo-topo_ctr-area_raw100nc_pg-all_unified_woody_gmonc,kfold5_block20_unified,RF,gmo+topo_ctr+area,,,none,RF
pd_inext_q2,877,0.0528318857900902,0.904329295212126,0.2361044727078501,0.711008850134419,-0.0698258241978343,0.2624998604574106,1,RFG4oc_gmo-topo_ctr-area_raw100nc_pg-all_unified_woody_gmonc,kfold5_block20_unified,RF,gmo+topo_ctr+area,,,none,RF
td_inext_q0,881,-0.04997314235749,2.378368228376227,0.2397073291803907,1.875076192424531,0.2508529820213766,0.1364572300752564,1,RFG4oc_gmo-topo_ctr-area_raw100nc_pg-all_unified_woody_gmonc,kfold5_block20_unified,RF,gmo+topo_ctr+area,,,none,RF
td_inext_q1,881,0.054499973817401,1.6451044432937574,0.2010455068958465,1.249858716150862,0.0150216914398603,0.218647319565041,1,RFG4oc_gmo-topo_ctr-area_raw100nc_pg-all_unified_woody_gmonc,kfold5_block20_unified,RF,gmo+topo_ctr+area,,,none,RF
td_inext_q2,881,0.0482780849590112,1.4716594014508246,0.1977519290163651,1.137618492650686,0.0796248492680828,0.2156168373920096,1,RFG4oc_gmo-topo_ctr-area_raw100nc_pg-all_unified_woody_gmonc,kfold5_block20_unified,RF,gmo+topo_ctr+area,,,none,RF
lcbd_count_sorensen,2499,0.4637648095520081,1.5519770601910585e-05,0.1892492090681798,1.2274374202990066e-05,-9.432210659914472e-07,0.6174416880975113,2,RFG4oc_gmo-topo_ctr-area_raw100nc_pg-all_unified_woody_gmonc,kfold5_block20_unified,RF,gmo+topo_ctr+area,,,none,RF
pd_inext_q0,877,0.0706416722249929,1.483653802085639,0.214343503024361,1.1338133965106334,-0.0625232100242811,0.3200736052029955,2,RFG4oc_gmo-topo_ctr-area_raw100nc_pg-all_unified_woody_gmonc,kfold5_block20_unified,RF,gmo+topo_ctr+area,,,none,RF
pd_inext_q1,877,0.092578290916748,1.086603582025538,0.2166858942656275,0.8476779471974263,-0.0783884855236083,0.3044971229764935,2,RFG4oc_gmo-topo_ctr-area_raw100nc_pg-all_unified_woody_gmonc,kfold5_block20_unified,RF,gmo+topo_ctr+area,,,none,RF
pd_inext_q2,877,0.0794668228759937,0.8915234846136427,0.2327611008023295,0.701157400141578,-0.0665375154088251,0.2893036902621511,2,RFG4oc_gmo-topo_ctr-area_raw100nc_pg-all_unified_woody_gmonc,kfold5_block20_unified,RF,gmo+topo_ctr+area,,,none,RF
td_inext_q0,881,-0.0504666764936574,2.378927132199038,0.2397636591216657,1.820917319987733,-0.0969410843261894,0.1261731480272672,2,RFG4oc_gmo-topo_ctr-area_raw100nc_pg-all_unified_woody_gmonc,kfold5_block20_unified,RF,gmo+topo_ctr+area,,,none,RF
td_inext_q1,881,0.0239626287889356,1.6714597619973364,0.2042663470253364,1.2882738246291907,0.1808286152697886,0.1850594512937351,2,RFG4oc_gmo-topo_ctr-area_raw100nc_pg-all_unified_woody_gmonc,kfold5_block20_unified,RF,gmo+topo_ctr+area,,,none,RF
td_inext_q2,881,0.0371696322213038,1.4802230544310857,0.1989026564840141,1.136943153135461,0.0298629170507339,0.1873152738087585,2,RFG4oc_gmo-topo_ctr-area_raw100nc_pg-all_unified_woody_gmonc,kfold5_block20_unified,RF,gmo+topo_ctr+area,,,none,RF
hill_q0_unified,3102,0.3951564224143618,2.3615627360848848,0.1686830525774917,1.699349622214802,-0.0018741341209215,0.6593922264858812,0,RFG4oc_gmo-topo_ctr-area_raw100nc_unified-all_unified_woody_gmonc,kfold5_block20_unified,RF,gmo+topo_ctr+area,,,none,RF
lcbd_pa_unified,3094,0.3976966088949681,1.1589522194321874e-05,0.1997498064802993,9.218414447144217e-06,1.2716865039237236e-07,0.5695033883521428,0,RFG4oc_gmo-topo_ctr-area_raw100nc_unified-all_unified_woody_gmonc,kfold5_block20_unified,RF,gmo+topo_ctr+area,,,none,RF
pcoa1_pa_unified,3094,0.4310290167257929,0.2213371261263858,0.1726263180058797,0.1232117989730486,-0.0243814510794173,0.7420204745252404,0,RFG4oc_gmo-topo_ctr-area_raw100nc_unified-all_unified_woody_gmonc,kfold5_block20_unified,RF,gmo+topo_ctr+area,,,none,RF
pcoa2_pa_unified,3094,0.6551600990698168,0.1585861389826034,0.1515314333261732,0.1227172686817768,0.0027931043499284,0.8174530343401547,0,RFG4oc_gmo-topo_ctr-area_raw100nc_unified-all_unified_woody_gmonc,kfold5_block20_unified,RF,gmo+topo_ctr+area,,,none,RF
lcbd_freq_unified,3040,0.3665581237369134,1.9972023944892054e-05,0.2004574738071792,1.5768621357105083e-05,-2.189100973856465e-06,0.5671164658156101,0,RFG4oc_gmo-topo_ctr-area_raw100nc_unified-all_unified_woody_gmonc,kfold5_block20_unified,RF,gmo+topo_ctr+area,,,none,RF
pcoa1_freq_unified,3040,0.2327739847589451,0.4380604812051922,0.2113665707576359,0.2076141841721099,-0.0611047737946439,0.5794578439343586,0,RFG4oc_gmo-topo_ctr-area_raw100nc_unified-all_unified_woody_gmonc,kfold5_block20_unified,RF,gmo+topo_ctr+area,,,none,RF
pcoa2_freq_unified,3040,0.4452205060158988,0.3521874426429977,0.1672654443111473,0.2336204094411407,0.012482364806839,0.7962808898428592,0,RFG4oc_gmo-topo_ctr-area_raw100nc_unified-all_unified_woody_gmonc,kfold5_block20_unified,RF,gmo+topo_ctr+area,,,none,RF
mpd_unified,2535,0.1952738377024755,104.77259771083465,0.1638059655750382,70.95751069515322,6.419365857041357,0.4087729148386919,0,RFG4oc_gmo-topo_ctr-area_raw100nc_unified-all_unified_woody_gmonc,kfold5_block20_unified,RF,gmo+topo_ctr+area,,,none,RF
mntd_unified,2535,0.0732231208735089,98.04235238982749,0.1532836118542002,64.79689486263918,-6.515750358003302,0.1910270053765144,0,RFG4oc_gmo-topo_ctr-area_raw100nc_unified-all_unified_woody_gmonc,kfold5_block20_unified,RF,gmo+topo_ctr+area,,,none,RF
ses_pd_unified,2535,0.1575104428172338,1.1042896748153168,0.2021767149150878,0.7975703428636598,-0.0507106820850722,0.3505299352719792,0,RFG4oc_gmo-topo_ctr-area_raw100nc_unified-all_unified_woody_gmonc,kfold5_block20_unified,RF,gmo+topo_ctr+area,,,none,RF
ses_mpd_unified,2535,0.1964082476655897,1.1393416630872344,0.2071809345660439,0.8211694138843265,-0.0817631503720052,0.3743274333730823,0,RFG4oc_gmo-topo_ctr-area_raw100nc_unified-all_unified_woody_gmonc,kfold5_block20_unified,RF,gmo+topo_ctr+area,,,none,RF
ses_mntd_unified,2535,0.0840026025984372,1.1706948028450008,0.1928759702934993,0.8710167121351089,-0.0899602544750355,0.2335674760294526,0,RFG4oc_gmo-topo_ctr-area_raw100nc_unified-all_unified_woody_gmonc,kfold5_block20_unified,RF,gmo+topo_ctr+area,,,none,RF
dark_n_unified,3094,0.544966126648121,18.730371822516915,0.1750502039487562,14.767666193292104,-0.3913242020538894,0.740500971300785,0,RFG4oc_gmo-topo_ctr-area_raw100nc_unified-all_unified_woody_gmonc,kfold5_block20_unified,RF,gmo+topo_ctr+area,,,none,RF
hill_q0_unified,3102,0.3953107842712384,2.361261370174947,0.1686615264410676,1.6860650921993596,-0.1142653404888963,0.6597114607120756,1,RFG4oc_gmo-topo_ctr-area_raw100nc_unified-all_unified_woody_gmonc,kfold5_block20_unified,RF,gmo+topo_ctr+area,,,none,RF
lcbd_pa_unified,3094,0.3929327302698997,1.1635265199762684e-05,0.2005382045118511,9.241214120589494e-06,-1.0282280480057417e-06,0.5689308004615868,1,RFG4oc_gmo-topo_ctr-area_raw100nc_unified-all_unified_woody_gmonc,kfold5_block20_unified,RF,gmo+topo_ctr+area,,,none,RF
pcoa1_pa_unified,3094,0.4228648747383415,0.2229194489770112,0.1738604108685657,0.1214565221277565,-0.0312594849351206,0.7378732304335511,1,RFG4oc_gmo-topo_ctr-area_raw100nc_unified-all_unified_woody_gmonc,kfold5_block20_unified,RF,gmo+topo_ctr+area,,,none,RF
pcoa2_pa_unified,3094,0.6535071105888715,0.1589657755443093,0.1518941817524062,0.124811746241464,-0.0086816672205617,0.8169334853487055,1,RFG4oc_gmo-topo_ctr-area_raw100nc_unified-all_unified_woody_gmonc,kfold5_block20_unified,RF,gmo+topo_ctr+area,,,none,RF
lcbd_freq_unified,3040,0.3770853392316625,1.980537039551358e-05,0.1987847865721956,1.5675945833052973e-05,-4.750776707061402e-07,0.5694440751346265,1,RFG4oc_gmo-topo_ctr-area_raw100nc_unified-all_unified_woody_gmonc,kfold5_block20_unified,RF,gmo+topo_ctr+area,,,none,RF
pcoa1_freq_unified,3040,0.2226520722734394,0.4409406502287585,0.212756268015966,0.2054379916876441,-0.0688011699215647,0.587417381252124,1,RFG4oc_gmo-topo_ctr-area_raw100nc_unified-all_unified_woody_gmonc,kfold5_block20_unified,RF,gmo+topo_ctr+area,,,none,RF
pcoa2_freq_unified,3040,0.4403814671845217,0.3537200772674244,0.1679933430956626,0.2316355593139255,0.0208763724644317,0.7918043039591848,1,RFG4oc_gmo-topo_ctr-area_raw100nc_unified-all_unified_woody_gmonc,kfold5_block20_unified,RF,gmo+topo_ctr+area,,,none,RF
mpd_unified,2535,0.1698774203881068,106.4130190921551,0.1663706706046754,70.47962741587129,-3.263423108824821,0.3826517098224297,1,RFG4oc_gmo-topo_ctr-area_raw100nc_unified-all_unified_woody_gmonc,kfold5_block20_unified,RF,gmo+topo_ctr+area,,,none,RF
mntd_unified,2535,0.0756269926624155,97.91511881493248,0.1530846894351269,64.70983460473114,-7.07301848292002,0.1995289436855766,1,RFG4oc_gmo-topo_ctr-area_raw100nc_unified-all_unified_woody_gmonc,kfold5_block20_unified,RF,gmo+topo_ctr+area,,,none,RF
ses_pd_unified,2535,0.1535844978765549,1.106859642308061,0.2026472323861567,0.8161965722254927,0.01738195589307,0.3510753497325058,1,RFG4oc_gmo-topo_ctr-area_raw100nc_unified-all_unified_woody_gmonc,kfold5_block20_unified,RF,gmo+topo_ctr+area,,,none,RF
ses_mpd_unified,2535,0.2003153995282978,1.1365684855985685,0.2066766525561483,0.8260717802103937,-0.0570774343872152,0.3772324757256072,1,RFG4oc_gmo-topo_ctr-area_raw100nc_unified-all_unified_woody_gmonc,kfold5_block20_unified,RF,gmo+topo_ctr+area,,,none,RF
ses_mntd_unified,2535,0.0813350817897022,1.1723981824111025,0.1931566078992968,0.8745668758139478,-0.0997132349351978,0.2296588478362648,1,RFG4oc_gmo-topo_ctr-area_raw100nc_unified-all_unified_woody_gmonc,kfold5_block20_unified,RF,gmo+topo_ctr+area,,,none,RF
dark_n_unified,3094,0.5415825743658179,18.79988073197468,0.175699819924997,14.827562210138902,-0.9412882133616643,0.740664751866731,1,RFG4oc_gmo-topo_ctr-area_raw100nc_unified-all_unified_woody_gmonc,kfold5_block20_unified,RF,gmo+topo_ctr+area,,,none,RF
hill_q0_unified,3102,0.3794276057359665,2.3920716100940824,0.170862257863863,1.73925438517674,0.0769367150112732,0.6439247497297986,2,RFG4oc_gmo-topo_ctr-area_raw100nc_unified-all_unified_woody_gmonc,kfold5_block20_unified,RF,gmo+topo_ctr+area,,,none,RF
lcbd_pa_unified,3094,0.3985620970730446,1.1581192338813382e-05,0.1996062382642908,9.1964366075757e-06,-1.8367118157218322e-07,0.5752639364172876,2,RFG4oc_gmo-topo_ctr-area_raw100nc_unified-all_unified_woody_gmonc,kfold5_block20_unified,RF,gmo+topo_ctr+area,,,none,RF
pcoa1_pa_unified,3094,0.4025905754509382,0.2268011447329233,0.1768878417279487,0.1199079598766999,-0.0432200703657736,0.7411893096354334,2,RFG4oc_gmo-topo_ctr-area_raw100nc_unified-all_unified_woody_gmonc,kfold5_block20_unified,RF,gmo+topo_ctr+area,,,none,RF
pcoa2_pa_unified,3094,0.6535676031712356,0.1589518983908166,0.1518809219241972,0.1228209665683631,0.0040556057860345,0.816237527724255,2,RFG4oc_gmo-topo_ctr-area_raw100nc_unified-all_unified_woody_gmonc,kfold5_block20_unified,RF,gmo+topo_ctr+area,,,none,RF
lcbd_freq_unified,3040,0.3742604259635302,1.985022819795517e-05,0.1992350204484814,1.5683234217728168e-05,-7.627757580792771e-07,0.5646684822195905,2,RFG4oc_gmo-topo_ctr-area_raw100nc_unified-all_unified_woody_gmonc,kfold5_block20_unified,RF,gmo+topo_ctr+area,,,none,RF
pcoa1_freq_unified,3040,0.2146388447330082,0.4432075235535404,0.2138500467555658,0.2021958721604927,-0.0771285459883233,0.5837241652686282,2,RFG4oc_gmo-topo_ctr-area_raw100nc_unified-all_unified_woody_gmonc,kfold5_block20_unified,RF,gmo+topo_ctr+area,,,none,RF
pcoa2_freq_unified,3040,0.4401657557090044,0.353788243459131,0.168025717470675,0.2295102346359097,0.0280113074514438,0.7965741680837094,2,RFG4oc_gmo-topo_ctr-area_raw100nc_unified-all_unified_woody_gmonc,kfold5_block20_unified,RF,gmo+topo_ctr+area,,,none,RF
mpd_unified,2535,0.1880758235332705,105.24013298019584,0.1645369302348003,69.14397870610144,-3.130572597786589,0.4032153128767006,2,RFG4oc_gmo-topo_ctr-area_raw100nc_unified-all_unified_woody_gmonc,kfold5_block20_unified,RF,gmo+topo_ctr+area,,,none,RF
mntd_unified,2535,0.0607727314483489,98.69870947828548,0.1543097886312008,65.2735737045949,-8.140689991724534,0.1859604496648721,2,RFG4oc_gmo-topo_ctr-area_raw100nc_unified-all_unified_woody_gmonc,kfold5_block20_unified,RF,gmo+topo_ctr+area,,,none,RF
ses_pd_unified,2535,0.1505711980185771,1.1088281416976071,0.2030076312461364,0.8190348988096651,0.0108877448088568,0.3365671574256262,2,RFG4oc_gmo-topo_ctr-area_raw100nc_unified-all_unified_woody_gmonc,kfold5_block20_unified,RF,gmo+topo_ctr+area,,,none,RF
ses_mpd_unified,2535,0.199973466338725,1.1368114494826738,0.206720833758509,0.828361800049711,-0.0609879984213679,0.3767071756695719,2,RFG4oc_gmo-topo_ctr-area_raw100nc_unified-all_unified_woody_gmonc,kfold5_block20_unified,RF,gmo+topo_ctr+area,,,none,RF
ses_mntd_unified,2535,0.0753606713481803,1.1762042691936283,0.193783673706215,0.8775623048948011,-0.0168960704065623,0.2144851513117859,2,RFG4oc_gmo-topo_ctr-area_raw100nc_unified-all_unified_woody_gmonc,kfold5_block20_unified,RF,gmo+topo_ctr+area,,,none,RF
dark_n_unified,3094,0.5462902159315375,18.703100498286364,0.1747953317596856,14.801782998517416,0.5656034526800118,0.7420101646221343,2,RFG4oc_gmo-topo_ctr-area_raw100nc_unified-all_unified_woody_gmonc,kfold5_block20_unified,RF,gmo+topo_ctr+area,,,none,RF
lcbd_count_sorensen,2499,0.4639355997217729,1.5517298892302853e-05,0.1892190688618386,1.222672629248656e-05,-1.249296640043989e-06,0.6190092972427634,0,RFG4oc_gmo-topo_ctr-area_raw100tcfe_pg-all_unified_woody_gmotcfe,kfold5_block20_unified,RF,gmo+topo_ctr+area,,,none,RF
pd_inext_q0,877,0.0621655621334235,1.4904041958698833,0.2153187325883435,1.1432986072002027,-0.0861867457222718,0.2900114344440585,0,RFG4oc_gmo-topo_ctr-area_raw100tcfe_pg-all_unified_woody_gmotcfe,kfold5_block20_unified,RF,gmo+topo_ctr+area,,,none,RF
pd_inext_q1,877,0.0763681847086698,1.096266118522642,0.2186127564593323,0.865638183243019,0.0495367509234991,0.2847769597950558,0,RFG4oc_gmo-topo_ctr-area_raw100tcfe_pg-all_unified_woody_gmotcfe,kfold5_block20_unified,RF,gmo+topo_ctr+area,,,none,RF
pd_inext_q2,877,0.0626088962301185,0.8996497816210698,0.2348827340173144,0.7198279087057535,0.0178191970692571,0.2739378785301218,0,RFG4oc_gmo-topo_ctr-area_raw100tcfe_pg-all_unified_woody_gmotcfe,kfold5_block20_unified,RF,gmo+topo_ctr+area,,,none,RF
td_inext_q0,881,-0.0012602400085683,2.322541510931952,0.2340807516068196,1.797609673965977,-0.0178511483045897,0.1573247301568937,0,RFG4oc_gmo-topo_ctr-area_raw100tcfe_pg-all_unified_woody_gmotcfe,kfold5_block20_unified,RF,gmo+topo_ctr+area,,,none,RF
td_inext_q1,881,0.04451965817648,1.653764179486568,0.2021037990058491,1.2559441754821918,0.0213331012491756,0.2063502207133459,0,RFG4oc_gmo-topo_ctr-area_raw100tcfe_pg-all_unified_woody_gmotcfe,kfold5_block20_unified,RF,gmo+topo_ctr+area,,,none,RF
td_inext_q2,881,0.0537782834614908,1.4674007270126483,0.1971796763032904,1.1288993818123645,0.064099195075439,0.223585870896579,0,RFG4oc_gmo-topo_ctr-area_raw100tcfe_pg-all_unified_woody_gmotcfe,kfold5_block20_unified,RF,gmo+topo_ctr+area,,,none,RF
lcbd_count_sorensen,2499,0.4615961629092023,1.5551121526629794e-05,0.1896315045195015,1.2280492534135274e-05,5.631798037121381e-08,0.6140509741733676,1,RFG4oc_gmo-topo_ctr-area_raw100tcfe_pg-all_unified_woody_gmotcfe,kfold5_block20_unified,RF,gmo+topo_ctr+area,,,none,RF
pd_inext_q0,877,0.0764819003220907,1.4789847029063352,0.213668958145594,1.1415650311293954,-0.0053174010886195,0.3074578145228015,1,RFG4oc_gmo-topo_ctr-area_raw100tcfe_pg-all_unified_woody_gmotcfe,kfold5_block20_unified,RF,gmo+topo_ctr+area,,,none,RF
pd_inext_q1,877,0.0681223429892277,1.101148773427589,0.2195864348660395,0.867874183733884,0.0210106204240013,0.2793056093897152,1,RFG4oc_gmo-topo_ctr-area_raw100tcfe_pg-all_unified_woody_gmotcfe,kfold5_block20_unified,RF,gmo+topo_ctr+area,,,none,RF
pd_inext_q2,877,0.0354886106793856,0.9125711717933098,0.2382562817166107,0.7150076231723311,-0.0591336531426471,0.2461787812984021,1,RFG4oc_gmo-topo_ctr-area_raw100tcfe_pg-all_unified_woody_gmotcfe,kfold5_block20_unified,RF,gmo+topo_ctr+area,,,none,RF
td_inext_q0,881,-0.0218156332405832,2.3462607258510904,0.2364713274607547,1.859189772091438,0.247073647844226,0.1448199302724546,1,RFG4oc_gmo-topo_ctr-area_raw100tcfe_pg-all_unified_woody_gmotcfe,kfold5_block20_unified,RF,gmo+topo_ctr+area,,,none,RF
td_inext_q1,881,0.0510231100220043,1.6481264185676114,0.2014148175212207,1.2521736209208392,0.0273055142880434,0.2156246149898429,1,RFG4oc_gmo-topo_ctr-area_raw100tcfe_pg-all_unified_woody_gmotcfe,kfold5_block20_unified,RF,gmo+topo_ctr+area,,,none,RF
td_inext_q2,881,0.0564847634314122,1.4653006195058065,0.1968974776435935,1.1334419307874737,0.0777700168012535,0.2341632404919164,1,RFG4oc_gmo-topo_ctr-area_raw100tcfe_pg-all_unified_woody_gmotcfe,kfold5_block20_unified,RF,gmo+topo_ctr+area,,,none,RF
lcbd_count_sorensen,2499,0.463125876759292,1.5529013876608894e-05,0.1893619222306823,1.2226261373032812e-05,-7.79286765644584e-07,0.6157493501172592,2,RFG4oc_gmo-topo_ctr-area_raw100tcfe_pg-all_unified_woody_gmotcfe,kfold5_block20_unified,RF,gmo+topo_ctr+area,,,none,RF
pd_inext_q0,877,0.0715223434512279,1.4829506713011822,0.2142419217018094,1.1376267428679865,-0.0365439320592786,0.3083270571402991,2,RFG4oc_gmo-topo_ctr-area_raw100tcfe_pg-all_unified_woody_gmotcfe,kfold5_block20_unified,RF,gmo+topo_ctr+area,,,none,RF
pd_inext_q1,877,0.0780930454870733,1.0952420145288475,0.2184085339688241,0.8516369546685979,-0.0663233739096293,0.2827761747984971,2,RFG4oc_gmo-topo_ctr-area_raw100tcfe_pg-all_unified_woody_gmotcfe,kfold5_block20_unified,RF,gmo+topo_ctr+area,,,none,RF
pd_inext_q2,877,0.0676531096466313,0.8972259550690335,0.2342499155373274,0.7032057875591949,-0.0583398757211347,0.2804803467327575,2,RFG4oc_gmo-topo_ctr-area_raw100tcfe_pg-all_unified_woody_gmotcfe,kfold5_block20_unified,RF,gmo+topo_ctr+area,,,none,RF
td_inext_q0,881,-0.0323466609814875,2.3583202399272416,0.2376867632691875,1.8114739368079595,-0.1042452331344252,0.1281527248267401,2,RFG4oc_gmo-topo_ctr-area_raw100tcfe_pg-all_unified_woody_gmotcfe,kfold5_block20_unified,RF,gmo+topo_ctr+area,,,none,RF
td_inext_q1,881,0.0244710782947039,1.6710243464985108,0.2042131356137275,1.2808771501009315,0.1552499785937851,0.1840263024066915,2,RFG4oc_gmo-topo_ctr-area_raw100tcfe_pg-all_unified_woody_gmotcfe,kfold5_block20_unified,RF,gmo+topo_ctr+area,,,none,RF
td_inext_q2,881,0.0366157404961131,1.4806487604786625,0.1989598600679543,1.1340591395742297,0.0161553493171847,0.2007152097888673,2,RFG4oc_gmo-topo_ctr-area_raw100tcfe_pg-all_unified_woody_gmotcfe,kfold5_block20_unified,RF,gmo+topo_ctr+area,,,none,RF
hill_q0_unified,3102,0.3886249259039569,2.3742793471255754,0.1695913819375411,1.70090851108702,-0.0396773399368465,0.6508944275463933,0,RFG4oc_gmo-topo_ctr-area_raw100tcfe_unified-all_unified_woody_gmotcfe,kfold5_block20_unified,RF,gmo+topo_ctr+area,,,none,RF
lcbd_pa_unified,3094,0.4019416719301953,1.1548608223272718e-05,0.1990446386862885,9.190144227406854e-06,2.522583671006092e-07,0.5763486625282508,0,RFG4oc_gmo-topo_ctr-area_raw100tcfe_unified-all_unified_woody_gmotcfe,kfold5_block20_unified,RF,gmo+topo_ctr+area,,,none,RF
pcoa1_pa_unified,3094,0.4311850563319021,0.2213067733252102,0.1726026451029202,0.1239360069797163,-0.0237223124467537,0.7415906108232889,0,RFG4oc_gmo-topo_ctr-area_raw100tcfe_unified-all_unified_woody_gmotcfe,kfold5_block20_unified,RF,gmo+topo_ctr+area,,,none,RF
pcoa2_pa_unified,3094,0.6585639371150263,0.1578015136938779,0.1507817120996694,0.1227031007502852,0.0012156495687184,0.8187825612155979,0,RFG4oc_gmo-topo_ctr-area_raw100tcfe_unified-all_unified_woody_gmotcfe,kfold5_block20_unified,RF,gmo+topo_ctr+area,,,none,RF
lcbd_freq_unified,3040,0.3726107369367192,1.987637737421673e-05,0.1994974774648556,1.5646916719790904e-05,-2.210593038839721e-06,0.5706068574104594,0,RFG4oc_gmo-topo_ctr-area_raw100tcfe_unified-all_unified_woody_gmotcfe,kfold5_block20_unified,RF,gmo+topo_ctr+area,,,none,RF
pcoa1_freq_unified,3040,0.2364037451186511,0.437023016596051,0.2108659884268279,0.2073806502762313,-0.0607171218768972,0.5835569428199742,0,RFG4oc_gmo-topo_ctr-area_raw100tcfe_unified-all_unified_woody_gmotcfe,kfold5_block20_unified,RF,gmo+topo_ctr+area,,,none,RF
pcoa2_freq_unified,3040,0.4688796561417523,0.3445959233598965,0.1636599811624463,0.2266967604708133,0.0148136500943836,0.8066360317165812,0,RFG4oc_gmo-topo_ctr-area_raw100tcfe_unified-all_unified_woody_gmotcfe,kfold5_block20_unified,RF,gmo+topo_ctr+area,,,none,RF
mpd_unified,2535,0.1984680565201522,104.56445276683654,0.1634805428569218,70.80093941893091,7.244222785378527,0.4254177714710253,0,RFG4oc_gmo-topo_ctr-area_raw100tcfe_unified-all_unified_woody_gmotcfe,kfold5_block20_unified,RF,gmo+topo_ctr+area,,,none,RF
mntd_unified,2535,0.0946429553208889,96.90274291292104,0.1515018976004568,64.12016398088133,-5.939682528178987,0.2239681477340506,0,RFG4oc_gmo-topo_ctr-area_raw100tcfe_unified-all_unified_woody_gmotcfe,kfold5_block20_unified,RF,gmo+topo_ctr+area,,,none,RF
ses_pd_unified,2535,0.1638036795280076,1.1001575268697636,0.2014201886917354,0.7962175145040922,-0.0527291182248004,0.364847283020099,0,RFG4oc_gmo-topo_ctr-area_raw100tcfe_unified-all_unified_woody_gmotcfe,kfold5_block20_unified,RF,gmo+topo_ctr+area,,,none,RF
ses_mpd_unified,2535,0.2071191068698752,1.1317232019077674,0.2057955732137344,0.8196862085559625,-0.0685778493968655,0.3834313633423586,0,RFG4oc_gmo-topo_ctr-area_raw100tcfe_unified-all_unified_woody_gmotcfe,kfold5_block20_unified,RF,gmo+topo_ctr+area,,,none,RF
ses_mntd_unified,2535,0.0911422044674326,1.166123476838506,0.1921228287087858,0.8703976494669989,-0.0876633268657266,0.2481956350305753,0,RFG4oc_gmo-topo_ctr-area_raw100tcfe_unified-all_unified_woody_gmotcfe,kfold5_block20_unified,RF,gmo+topo_ctr+area,,,none,RF
dark_n_unified,3094,0.544418541160795,18.74163845187004,0.1751554995501872,14.765956647052503,-0.2892094576359956,0.7404706761083102,0,RFG4oc_gmo-topo_ctr-area_raw100tcfe_unified-all_unified_woody_gmotcfe,kfold5_block20_unified,RF,gmo+topo_ctr+area,,,none,RF
hill_q0_unified,3102,0.3870587298278578,2.3773185686022225,0.169808469185873,1.6952592554436927,-0.1164443960900576,0.6497304165600265,1,RFG4oc_gmo-topo_ctr-area_raw100tcfe_unified-all_unified_woody_gmotcfe,kfold5_block20_unified,RF,gmo+topo_ctr+area,,,none,RF
lcbd_pa_unified,3094,0.3988457318503874,1.1578461203759775e-05,0.1995591661167698,9.19489845708931e-06,-1.0543991764212945e-06,0.5767865477485392,1,RFG4oc_gmo-topo_ctr-area_raw100tcfe_unified-all_unified_woody_gmotcfe,kfold5_block20_unified,RF,gmo+topo_ctr+area,,,none,RF
pcoa1_pa_unified,3094,0.4292662938534545,0.2216797220661065,0.1728935170821159,0.1212819350966581,-0.0303553488746832,0.7393120940538166,1,RFG4oc_gmo-topo_ctr-area_raw100tcfe_unified-all_unified_woody_gmotcfe,kfold5_block20_unified,RF,gmo+topo_ctr+area,,,none,RF
pcoa2_pa_unified,3094,0.6574258894381936,0.1580642806790796,0.1510327898934404,0.1243212239625189,-0.008424056816867,0.8185985144114308,1,RFG4oc_gmo-topo_ctr-area_raw100tcfe_unified-all_unified_woody_gmotcfe,kfold5_block20_unified,RF,gmo+topo_ctr+area,,,none,RF
lcbd_freq_unified,3040,0.3737109678882329,1.985894146731632e-05,0.1993224747780755,1.5674303970151597e-05,-5.636776960470941e-07,0.5629733280073407,1,RFG4oc_gmo-topo_ctr-area_raw100tcfe_unified-all_unified_woody_gmotcfe,kfold5_block20_unified,RF,gmo+topo_ctr+area,,,none,RF
pcoa1_freq_unified,3040,0.2279914840952231,0.4394236843583197,0.212024323712045,0.2035685588887955,-0.070696141344237,0.5953018063884368,1,RFG4oc_gmo-topo_ctr-area_raw100tcfe_unified-all_unified_woody_gmotcfe,kfold5_block20_unified,RF,gmo+topo_ctr+area,,,none,RF
pcoa2_freq_unified,3040,0.4636731504300582,0.346280819401316,0.1644601939209455,0.2259727669375572,0.0194728476339284,0.8009576901413277,1,RFG4oc_gmo-topo_ctr-area_raw100tcfe_unified-all_unified_woody_gmotcfe,kfold5_block20_unified,RF,gmo+topo_ctr+area,,,none,RF
mpd_unified,2535,0.1774942188148572,105.92369717512432,0.1656056437670525,70.34716178412611,-3.679161608613358,0.3971695485119756,1,RFG4oc_gmo-topo_ctr-area_raw100tcfe_unified-all_unified_woody_gmotcfe,kfold5_block20_unified,RF,gmo+topo_ctr+area,,,none,RF
mntd_unified,2535,0.0910909097406723,97.09264921229136,0.1517988052405918,64.21430219414982,-6.431169231636154,0.2205867780457274,1,RFG4oc_gmo-topo_ctr-area_raw100tcfe_unified-all_unified_woody_gmotcfe,kfold5_block20_unified,RF,gmo+topo_ctr+area,,,none,RF
ses_pd_unified,2535,0.1646245953263811,1.0996173675558023,0.2013212946803921,0.8099989197488043,0.0167590655682193,0.3688473877025435,1,RFG4oc_gmo-topo_ctr-area_raw100tcfe_unified-all_unified_woody_gmotcfe,kfold5_block20_unified,RF,gmo+topo_ctr+area,,,none,RF
ses_mpd_unified,2535,0.2081427832588932,1.1309923906922092,0.2056626805481397,0.819884367463002,-0.0636209984432858,0.3823758616275273,1,RFG4oc_gmo-topo_ctr-area_raw100tcfe_unified-all_unified_woody_gmotcfe,kfold5_block20_unified,RF,gmo+topo_ctr+area,,,none,RF
ses_mntd_unified,2535,0.0837073673897487,1.1708834510223105,0.192907050725525,0.8752373385931017,-0.1002093808659657,0.2349724309714002,1,RFG4oc_gmo-topo_ctr-area_raw100tcfe_unified-all_unified_woody_gmotcfe,kfold5_block20_unified,RF,gmo+topo_ctr+area,,,none,RF
dark_n_unified,3094,0.5404441956490317,18.82320894003654,0.1759178405610891,14.790251070652404,-0.5867013265604248,0.739601419291094,1,RFG4oc_gmo-topo_ctr-area_raw100tcfe_unified-all_unified_woody_gmotcfe,kfold5_block20_unified,RF,gmo+topo_ctr+area,,,none,RF
hill_q0_unified,3102,0.3778567638923019,2.3950971969197297,0.1710783712085521,1.741799096921588,0.0755143930570672,0.6379105595763285,2,RFG4oc_gmo-topo_ctr-area_raw100tcfe_unified-all_unified_woody_gmotcfe,kfold5_block20_unified,RF,gmo+topo_ctr+area,,,none,RF
lcbd_pa_unified,3094,0.3990949068912818,1.1576061351742236e-05,0.199517803757904,9.193744076519656e-06,-2.479384441022926e-07,0.5765371631691429,2,RFG4oc_gmo-topo_ctr-area_raw100tcfe_unified-all_unified_woody_gmotcfe,kfold5_block20_unified,RF,gmo+topo_ctr+area,,,none,RF
pcoa1_pa_unified,3094,0.404480628782513,0.2264420895966463,0.1766078057158194,0.1195860107591274,-0.0429475097676098,0.7405919976953583,2,RFG4oc_gmo-topo_ctr-area_raw100tcfe_unified-all_unified_woody_gmotcfe,kfold5_block20_unified,RF,gmo+topo_ctr+area,,,none,RF
pcoa2_pa_unified,3094,0.6589971501369281,0.1577013728826427,0.15068602605322,0.1227452649906166,-0.0006042927292869,0.8189195215963342,2,RFG4oc_gmo-topo_ctr-area_raw100tcfe_unified-all_unified_woody_gmotcfe,kfold5_block20_unified,RF,gmo+topo_ctr+area,,,none,RF
lcbd_freq_unified,3040,0.3775763380594318,1.979756328221229e-05,0.1987064272524581,1.558974769094952e-05,-8.305698052232236e-07,0.5649882946839555,2,RFG4oc_gmo-topo_ctr-area_raw100tcfe_unified-all_unified_woody_gmotcfe,kfold5_block20_unified,RF,gmo+topo_ctr+area,,,none,RF
pcoa1_freq_unified,3040,0.215460332853676,0.442975665272496,0.2137381738707274,0.2024235573420112,-0.0771780401507075,0.5886181946094593,2,RFG4oc_gmo-topo_ctr-area_raw100tcfe_unified-all_unified_woody_gmotcfe,kfold5_block20_unified,RF,gmo+topo_ctr+area,,,none,RF
pcoa2_freq_unified,3040,0.4650110689455929,0.3458486344240994,0.1642549350062714,0.2235133522653608,0.0267663404244238,0.8071590553182024,2,RFG4oc_gmo-topo_ctr-area_raw100tcfe_unified-all_unified_woody_gmotcfe,kfold5_block20_unified,RF,gmo+topo_ctr+area,,,none,RF
mpd_unified,2535,0.1916096541232452,105.0108588917622,0.1641784733075333,69.11406575784822,-4.2083139413806965,0.410400988938246,2,RFG4oc_gmo-topo_ctr-area_raw100tcfe_unified-all_unified_woody_gmotcfe,kfold5_block20_unified,RF,gmo+topo_ctr+area,,,none,RF
mntd_unified,2535,0.0814865895941598,97.60428365564655,0.1525987164372823,64.72134363478618,-7.203403385239509,0.2088748342495981,2,RFG4oc_gmo-topo_ctr-area_raw100tcfe_unified-all_unified_woody_gmotcfe,kfold5_block20_unified,RF,gmo+topo_ctr+area,,,none,RF
ses_pd_unified,2535,0.1659839860385554,1.0987223099312646,0.2011574248061048,0.8096261185325927,0.0083729121697855,0.3708897036075129,2,RFG4oc_gmo-topo_ctr-area_raw100tcfe_unified-all_unified_woody_gmotcfe,kfold5_block20_unified,RF,gmo+topo_ctr+area,,,none,RF
ses_mpd_unified,2535,0.2106134317204547,1.1292266256354255,0.2053415891086349,0.8180690423203404,-0.0717483682791661,0.3877070392704212,2,RFG4oc_gmo-topo_ctr-area_raw100tcfe_unified-all_unified_woody_gmotcfe,kfold5_block20_unified,RF,gmo+topo_ctr+area,,,none,RF
ses_mntd_unified,2535,0.0870717985126673,1.1687318570024987,0.1925525682564474,0.8757061371725526,-0.0165963954187652,0.2330772634340447,2,RFG4oc_gmo-topo_ctr-area_raw100tcfe_unified-all_unified_woody_gmotcfe,kfold5_block20_unified,RF,gmo+topo_ctr+area,,,none,RF
dark_n_unified,3094,0.5443712543355996,18.742611065624224,0.1751645893983572,14.804633243189343,0.5854581404503303,0.741326596418556,2,RFG4oc_gmo-topo_ctr-area_raw100tcfe_unified-all_unified_woody_gmotcfe,kfold5_block20_unified,RF,gmo+topo_ctr+area,,,none,RF
lcbd_count_sorensen,2499,0.4685929866443634,1.5449743834455453e-05,0.1883952975836342,1.2142798282962796e-05,-1.1480990279383846e-06,0.6225487242313676,0,RFG4oc_gmo-topo_ctr-area_raw100tccs_pg-all_unified_woody_gmotccs,kfold5_block20_unified,RF,gmo+topo_ctr+area,,,none,RF
pd_inext_q0,877,0.0628543235087919,1.48985680640148,0.2152396512177358,1.140137125887882,-0.0789483614063579,0.2943677257326048,0,RFG4oc_gmo-topo_ctr-area_raw100tccs_pg-all_unified_woody_gmotccs,kfold5_block20_unified,RF,gmo+topo_ctr+area,,,none,RF
pd_inext_q1,877,0.0920422820054496,1.0869244599663912,0.2167498823885401,0.8582734204867348,0.0425468831592703,0.2977889738004618,0,RFG4oc_gmo-topo_ctr-area_raw100tccs_pg-all_unified_woody_gmotccs,kfold5_block20_unified,RF,gmo+topo_ctr+area,,,none,RF
pd_inext_q2,877,0.0772707015496729,0.8925863074631424,0.2330385851543144,0.7131156566597725,0.0090725919467046,0.2892357491435643,0,RFG4oc_gmo-topo_ctr-area_raw100tccs_pg-all_unified_woody_gmotccs,kfold5_block20_unified,RF,gmo+topo_ctr+area,,,none,RF
td_inext_q0,881,-0.012520081413003,2.3355642676104083,0.2353932692332808,1.796721753020523,-0.0260679600501638,0.1577579426295369,0,RFG4oc_gmo-topo_ctr-area_raw100tccs_pg-all_unified_woody_gmotccs,kfold5_block20_unified,RF,gmo+topo_ctr+area,,,none,RF
td_inext_q1,881,0.0445495123754238,1.6537383431672197,0.2021006415917767,1.2552498137425478,0.007851831875686,0.2167739913717719,0,RFG4oc_gmo-topo_ctr-area_raw100tccs_pg-all_unified_woody_gmotccs,kfold5_block20_unified,RF,gmo+topo_ctr+area,,,none,RF
td_inext_q2,881,0.0474037432069618,1.4723352490099235,0.1978427449744605,1.1373724751607674,0.0637667912608455,0.2227622403097701,0,RFG4oc_gmo-topo_ctr-area_raw100tccs_pg-all_unified_woody_gmotccs,kfold5_block20_unified,RF,gmo+topo_ctr+area,,,none,RF
lcbd_count_sorensen,2499,0.4644449620818032,1.5509924958845065e-05,0.1891291505820906,1.2210901681348788e-05,2.1954369098105745e-07,0.6155459828130642,1,RFG4oc_gmo-topo_ctr-area_raw100tccs_pg-all_unified_woody_gmotccs,kfold5_block20_unified,RF,gmo+topo_ctr+area,,,none,RF
pd_inext_q0,877,0.0763677763455298,1.4790760830327545,0.2136821598348128,1.1407008261656046,-0.0072119633501629,0.3054593063634125,1,RFG4oc_gmo-topo_ctr-area_raw100tccs_pg-all_unified_woody_gmotccs,kfold5_block20_unified,RF,gmo+topo_ctr+area,,,none,RF
pd_inext_q1,877,0.0732066099363863,1.098140765086704,0.2189865905547515,0.8663907945365162,0.0082906168630195,0.2834799408917606,1,RFG4oc_gmo-topo_ctr-area_raw100tccs_pg-all_unified_woody_gmotccs,kfold5_block20_unified,RF,gmo+topo_ctr+area,,,none,RF
pd_inext_q2,877,0.0473503238678416,0.9069423400897444,0.2367866927644804,0.7115626790259211,-0.0597289810417278,0.2561433185785113,1,RFG4oc_gmo-topo_ctr-area_raw100tccs_pg-all_unified_woody_gmotccs,kfold5_block20_unified,RF,gmo+topo_ctr+area,,,none,RF
td_inext_q0,881,-0.0208513663565201,2.345153404995876,0.2363597245047522,1.8493787318127648,0.2144666558819686,0.1583932126013313,1,RFG4oc_gmo-topo_ctr-area_raw100tccs_pg-all_unified_woody_gmotccs,kfold5_block20_unified,RF,gmo+topo_ctr+area,,,none,RF
td_inext_q1,881,0.0447613993067848,1.6535549610995168,0.2020782307710491,1.25270328559541,0.0136456059840836,0.2223625982132648,1,RFG4oc_gmo-topo_ctr-area_raw100tccs_pg-all_unified_woody_gmotccs,kfold5_block20_unified,RF,gmo+topo_ctr+area,,,none,RF
td_inext_q2,881,0.0448074237990023,1.4743403227334608,0.1981121736182476,1.1433761095816022,0.0851313506619621,0.2140221444629697,1,RFG4oc_gmo-topo_ctr-area_raw100tccs_pg-all_unified_woody_gmotccs,kfold5_block20_unified,RF,gmo+topo_ctr+area,,,none,RF
lcbd_count_sorensen,2499,0.4653130290933602,1.549735004739693e-05,0.1889758111992669,1.2183017241847236e-05,-7.778228894519769e-07,0.6175264302732163,2,RFG4oc_gmo-topo_ctr-area_raw100tccs_pg-all_unified_woody_gmotccs,kfold5_block20_unified,RF,gmo+topo_ctr+area,,,none,RF
pd_inext_q0,877,0.080385003333684,1.4758560463866253,0.2132169610575591,1.1325253922813645,-0.0433184303946495,0.3179195120350346,2,RFG4oc_gmo-topo_ctr-area_raw100tccs_pg-all_unified_woody_gmotccs,kfold5_block20_unified,RF,gmo+topo_ctr+area,,,none,RF
pd_inext_q1,877,0.085129127453795,1.0910545135199885,0.2175734802143064,0.8491572991657457,-0.0669337002126069,0.2890383925583216,2,RFG4oc_gmo-topo_ctr-area_raw100tccs_pg-all_unified_woody_gmotccs,kfold5_block20_unified,RF,gmo+topo_ctr+area,,,none,RF
pd_inext_q2,877,0.0755644907872741,0.8934111631401536,0.2332539404631736,0.6999560562592546,-0.0655598018314399,0.2925147131260097,2,RFG4oc_gmo-topo_ctr-area_raw100tccs_pg-all_unified_woody_gmotccs,kfold5_block20_unified,RF,gmo+topo_ctr+area,,,none,RF
td_inext_q0,881,-0.0349052743837845,2.3612409137064296,0.2379811276584623,1.8103428613867043,-0.1059044709605026,0.1362841822222713,2,RFG4oc_gmo-topo_ctr-area_raw100tccs_pg-all_unified_woody_gmotccs,kfold5_block20_unified,RF,gmo+topo_ctr+area,,,none,RF
td_inext_q1,881,0.0230943361496485,1.6722030704085369,0.2043571855231101,1.278910397139495,0.1348926334114917,0.1950354047674285,2,RFG4oc_gmo-topo_ctr-area_raw100tccs_pg-all_unified_woody_gmotccs,kfold5_block20_unified,RF,gmo+topo_ctr+area,,,none,RF
td_inext_q2,881,0.0280192761216871,1.487240146940907,0.1998455673087168,1.1410042177300594,0.0026167178074153,0.1921779899866157,2,RFG4oc_gmo-topo_ctr-area_raw100tccs_pg-all_unified_woody_gmotccs,kfold5_block20_unified,RF,gmo+topo_ctr+area,,,none,RF
hill_q0_unified,3102,0.3969547312683542,2.3580494471322284,0.1684321033665877,1.6861627013007652,-0.0481919454400446,0.6595871785692451,0,RFG4oc_gmo-topo_ctr-area_raw100tccs_unified-all_unified_woody_gmotccs,kfold5_block20_unified,RF,gmo+topo_ctr+area,,,none,RF
lcbd_pa_unified,3094,0.3987931501267375,1.1578967564744955e-05,0.1995678934402179,9.224146540147531e-06,1.3233868679228786e-07,0.5743480358699119,0,RFG4oc_gmo-topo_ctr-area_raw100tccs_unified-all_unified_woody_gmotccs,kfold5_block20_unified,RF,gmo+topo_ctr+area,,,none,RF
pcoa1_pa_unified,3094,0.4325952704855068,0.2210322696205101,0.1723885528507497,0.1236987254615588,-0.0245037505515935,0.742803842479069,0,RFG4oc_gmo-topo_ctr-area_raw100tccs_unified-all_unified_woody_gmotccs,kfold5_block20_unified,RF,gmo+topo_ctr+area,,,none,RF
pcoa2_pa_unified,3094,0.6586533148723106,0.1577808584819042,0.1507619757349649,0.1229055607288957,0.0019220290385671,0.8185405504057197,0,RFG4oc_gmo-topo_ctr-area_raw100tccs_unified-all_unified_woody_gmotccs,kfold5_block20_unified,RF,gmo+topo_ctr+area,,,none,RF
lcbd_freq_unified,3040,0.3665376448800446,1.997234678502104e-05,0.2004607141255805,1.5717163026767686e-05,-2.227999033707008e-06,0.569877408391694,0,RFG4oc_gmo-topo_ctr-area_raw100tccs_unified-all_unified_woody_gmotccs,kfold5_block20_unified,RF,gmo+topo_ctr+area,,,none,RF
pcoa1_freq_unified,3040,0.2344306260543635,0.4375872821471595,0.2111382496319618,0.2057750799743803,-0.0641433455872134,0.5796557488760181,0,RFG4oc_gmo-topo_ctr-area_raw100tccs_unified-all_unified_woody_gmotccs,kfold5_block20_unified,RF,gmo+topo_ctr+area,,,none,RF
pcoa2_freq_unified,3040,0.4656285054961716,0.3456490029708745,0.1641601234381145,0.2284136142806395,0.0122895033509848,0.8064147868927269,0,RFG4oc_gmo-topo_ctr-area_raw100tccs_unified-all_unified_woody_gmotccs,kfold5_block20_unified,RF,gmo+topo_ctr+area,,,none,RF
mpd_unified,2535,0.1958955484611331,104.73211758221522,0.1637426772086143,71.06155018619839,6.960267742297071,0.4124521084276278,0,RFG4oc_gmo-topo_ctr-area_raw100tccs_unified-all_unified_woody_gmotccs,kfold5_block20_unified,RF,gmo+topo_ctr+area,,,none,RF
mntd_unified,2535,0.0841754945147823,97.46131296311096,0.1523751899346335,64.52080599612398,-5.692214518243651,0.2182309070351651,0,RFG4oc_gmo-topo_ctr-area_raw100tccs_unified-all_unified_woody_gmotccs,kfold5_block20_unified,RF,gmo+topo_ctr+area,,,none,RF
ses_pd_unified,2535,0.1619214206013786,1.10139504565827,0.2016467573983094,0.7959582763806201,-0.053947533332455,0.3615944657378253,0,RFG4oc_gmo-topo_ctr-area_raw100tccs_unified-all_unified_woody_gmotccs,kfold5_block20_unified,RF,gmo+topo_ctr+area,,,none,RF
ses_mpd_unified,2535,0.208686982663383,1.1306036898279308,0.2055919981436101,0.8164681392259382,-0.0691911222254055,0.3864887417750514,0,RFG4oc_gmo-topo_ctr-area_raw100tccs_unified-all_unified_woody_gmotccs,kfold5_block20_unified,RF,gmo+topo_ctr+area,,,none,RF
ses_mntd_unified,2535,0.0911314859498797,1.1661303530947065,0.1921239615954984,0.8703828954731997,-0.0722592906101928,0.2497191597376613,0,RFG4oc_gmo-topo_ctr-area_raw100tccs_unified-all_unified_woody_gmotccs,kfold5_block20_unified,RF,gmo+topo_ctr+area,,,none,RF
dark_n_unified,3094,0.5444259896106263,18.74148524466457,0.1751540677071455,14.744368245376544,-0.2964327938668736,0.7396655499584561,0,RFG4oc_gmo-topo_ctr-area_raw100tccs_unified-all_unified_woody_gmotccs,kfold5_block20_unified,RF,gmo+topo_ctr+area,,,none,RF
hill_q0_unified,3102,0.3937177829433413,2.3643695936447293,0.1688835424031949,1.6841218522781465,-0.1318223143888322,0.6548637248140673,1,RFG4oc_gmo-topo_ctr-area_raw100tccs_unified-all_unified_woody_gmotccs,kfold5_block20_unified,RF,gmo+topo_ctr+area,,,none,RF
lcbd_pa_unified,3094,0.3951288739912656,1.1614200098873166e-05,0.200175139516106,9.244114909380552e-06,-9.685821904715942e-07,0.5718575976366203,1,RFG4oc_gmo-topo_ctr-area_raw100tccs_unified-all_unified_woody_gmotccs,kfold5_block20_unified,RF,gmo+topo_ctr+area,,,none,RF
pcoa1_pa_unified,3094,0.4310935282018244,0.2213245778683098,0.1726165313079724,0.1211907927422048,-0.0305497398554892,0.7412969799180362,1,RFG4oc_gmo-topo_ctr-area_raw100tccs_unified-all_unified_woody_gmotccs,kfold5_block20_unified,RF,gmo+topo_ctr+area,,,none,RF
pcoa2_pa_unified,3094,0.6579447800205063,0.1579445268134702,0.1509183632794969,0.1242866106313791,-0.0076223777053533,0.818635362788622,1,RFG4oc_gmo-topo_ctr-area_raw100tccs_unified-all_unified_woody_gmotccs,kfold5_block20_unified,RF,gmo+topo_ctr+area,,,none,RF
lcbd_freq_unified,3040,0.3731231216871902,1.9868259261998257e-05,0.1994159966759337,1.56846258205685e-05,-5.517613155506933e-07,0.5676151357226877,1,RFG4oc_gmo-topo_ctr-area_raw100tccs_unified-all_unified_woody_gmotccs,kfold5_block20_unified,RF,gmo+topo_ctr+area,,,none,RF
pcoa1_freq_unified,3040,0.2236571962157734,0.4406554861806904,0.2126186748078827,0.2034623367845972,-0.072705967318458,0.5897948469024051,1,RFG4oc_gmo-topo_ctr-area_raw100tccs_unified-all_unified_woody_gmotccs,kfold5_block20_unified,RF,gmo+topo_ctr+area,,,none,RF
pcoa2_freq_unified,3040,0.4570154704183288,0.3484234646622004,0.16547780689679,0.227689031102364,0.0212872767619419,0.8001242259832726,1,RFG4oc_gmo-topo_ctr-area_raw100tccs_unified-all_unified_woody_gmotccs,kfold5_block20_unified,RF,gmo+topo_ctr+area,,,none,RF
mpd_unified,2535,0.1774642923748033,105.92562414658936,0.165608656476753,70.49732666753854,-3.01250310990453,0.3947567210300906,1,RFG4oc_gmo-topo_ctr-area_raw100tccs_unified-all_unified_woody_gmotccs,kfold5_block20_unified,RF,gmo+topo_ctr+area,,,none,RF
mntd_unified,2535,0.0843901661039282,97.4498897040667,0.1523573303223051,64.560215003252,-7.02167729515491,0.2151224246876543,1,RFG4oc_gmo-topo_ctr-area_raw100tccs_unified-all_unified_woody_gmotccs,kfold5_block20_unified,RF,gmo+topo_ctr+area,,,none,RF
ses_pd_unified,2535,0.1649098799121262,1.0994295893001618,0.2012869156657878,0.8100727231412153,0.02326274033892,0.3682765075927968,1,RFG4oc_gmo-topo_ctr-area_raw100tccs_unified-all_unified_woody_gmotccs,kfold5_block20_unified,RF,gmo+topo_ctr+area,,,none,RF
ses_mpd_unified,2535,0.2073792297823339,1.1315375426952574,0.2057618124460869,0.8173940943967326,-0.0667959935459836,0.3846974065821978,1,RFG4oc_gmo-topo_ctr-area_raw100tccs_unified-all_unified_woody_gmotccs,kfold5_block20_unified,RF,gmo+topo_ctr+area,,,none,RF
ses_mntd_unified,2535,0.0770359709129258,1.175138238469869,0.1936080415007007,0.8782394299287262,-0.0942843004026839,0.2303420789998023,1,RFG4oc_gmo-topo_ctr-area_raw100tccs_unified-all_unified_woody_gmotccs,kfold5_block20_unified,RF,gmo+topo_ctr+area,,,none,RF
dark_n_unified,3094,0.5429624679164652,18.77156441566713,0.175435181454833,14.748612681594851,-0.7340446455275551,0.7395719421006558,1,RFG4oc_gmo-topo_ctr-area_raw100tccs_unified-all_unified_woody_gmotccs,kfold5_block20_unified,RF,gmo+topo_ctr+area,,,none,RF
hill_q0_unified,3102,0.3827953725497234,2.385572047066031,0.1703980033618593,1.7274403729195942,0.0608441157055492,0.6439483880959547,2,RFG4oc_gmo-topo_ctr-area_raw100tccs_unified-all_unified_woody_gmotccs,kfold5_block20_unified,RF,gmo+topo_ctr+area,,,none,RF
lcbd_pa_unified,3094,0.3951424956644334,1.1614069322479856e-05,0.200172885535414,9.241736957952982e-06,-1.516022210750704e-07,0.5746938132322512,2,RFG4oc_gmo-topo_ctr-area_raw100tccs_unified-all_unified_woody_gmotccs,kfold5_block20_unified,RF,gmo+topo_ctr+area,,,none,RF
pcoa1_pa_unified,3094,0.4064840668130437,0.2260608720321529,0.1763104846758774,0.1200501534871376,-0.0419627238283848,0.7417438286251384,2,RFG4oc_gmo-topo_ctr-area_raw100tccs_unified-all_unified_woody_gmotccs,kfold5_block20_unified,RF,gmo+topo_ctr+area,,,none,RF
pcoa2_pa_unified,3094,0.6600686844211477,0.1574534051819961,0.1504490891977128,0.1227847395433809,0.0007963509663286,0.8192952752541836,2,RFG4oc_gmo-topo_ctr-area_raw100tccs_unified-all_unified_woody_gmotccs,kfold5_block20_unified,RF,gmo+topo_ctr+area,,,none,RF
lcbd_freq_unified,3040,0.3718781922202312,1.9887977897507373e-05,0.1996139109119665,1.5663117833229626e-05,-8.686868389654156e-07,0.5631236082617296,2,RFG4oc_gmo-topo_ctr-area_raw100tccs_unified-all_unified_woody_gmotccs,kfold5_block20_unified,RF,gmo+topo_ctr+area,,,none,RF
pcoa1_freq_unified,3040,0.2148002221998076,0.4431619856621376,0.2138280744746632,0.2013641695688365,-0.0785953805779065,0.5901515792561234,2,RFG4oc_gmo-topo_ctr-area_raw100tccs_unified-all_unified_woody_gmotccs,kfold5_block20_unified,RF,gmo+topo_ctr+area,,,none,RF
pcoa2_freq_unified,3040,0.4578965195928999,0.3481406731493661,0.165343499870717,0.2241322965741926,0.0317167705377581,0.8058435900224896,2,RFG4oc_gmo-topo_ctr-area_raw100tccs_unified-all_unified_woody_gmotccs,kfold5_block20_unified,RF,gmo+topo_ctr+area,,,none,RF
mpd_unified,2535,0.1896736514754019,105.136528208933,0.1643749500990999,69.17744987611285,-4.35406502734246,0.4093636190344189,2,RFG4oc_gmo-topo_ctr-area_raw100tccs_unified-all_unified_woody_gmotccs,kfold5_block20_unified,RF,gmo+topo_ctr+area,,,none,RF
mntd_unified,2535,0.080742336259038,97.64381906340958,0.1526605277866667,64.59442858788393,-6.5512092326557845,0.2185235812210442,2,RFG4oc_gmo-topo_ctr-area_raw100tccs_unified-all_unified_woody_gmotccs,kfold5_block20_unified,RF,gmo+topo_ctr+area,,,none,RF
ses_pd_unified,2535,0.1683210474975939,1.0971818221637448,0.2008753876166725,0.8065641811910326,0.0112381134853098,0.3696931786695825,2,RFG4oc_gmo-topo_ctr-area_raw100tccs_unified-all_unified_woody_gmotccs,kfold5_block20_unified,RF,gmo+topo_ctr+area,,,none,RF
ses_mpd_unified,2535,0.2043338617588144,1.1337092272890066,0.2061567173796048,0.8190606957750409,-0.0796712459957806,0.3833770774330814,2,RFG4oc_gmo-topo_ctr-area_raw100tccs_unified-all_unified_woody_gmotccs,kfold5_block20_unified,RF,gmo+topo_ctr+area,,,none,RF
ses_mntd_unified,2535,0.0821434480722073,1.1718822512385298,0.1930716064751231,0.8764966502199805,-0.0200960432543988,0.2321077293960661,2,RFG4oc_gmo-topo_ctr-area_raw100tccs_unified-all_unified_woody_gmotccs,kfold5_block20_unified,RF,gmo+topo_ctr+area,,,none,RF
dark_n_unified,3094,0.5459945891705237,18.70919275907104,0.1748522687763648,14.748229176404404,0.534292880389388,0.7407330124231425,2,RFG4oc_gmo-topo_ctr-area_raw100tccs_unified-all_unified_woody_gmotccs,kfold5_block20_unified,RF,gmo+topo_ctr+area,,,none,RF
lcbd_count_sorensen,2499,0.4757978695324754,1.534465162385452e-05,0.1871137955404915,1.202045661705684e-05,-1.1890734972909595e-06,0.6344224398962132,0,RFG4oc_gmo-topo_ctr-area_raw100tccsall_pg-all_unified_woody_gmotccsall,kfold5_block20_unified,RF,gmo+topo_ctr+area,,,none,RF
pd_inext_q0,877,0.0584714747110951,1.493336628378349,0.2157423811884168,1.1408222464206972,-0.0716126350895751,0.2909683654163958,0,RFG4oc_gmo-topo_ctr-area_raw100tccsall_pg-all_unified_woody_gmotccsall,kfold5_block20_unified,RF,gmo+topo_ctr+area,,,none,RF
pd_inext_q1,877,0.0902674014792344,1.0879863041228173,0.2169616308627877,0.8582649612944079,0.039587918302761,0.2977706142208909,0,RFG4oc_gmo-topo_ctr-area_raw100tccsall_pg-all_unified_woody_gmotccsall,kfold5_block20_unified,RF,gmo+topo_ctr+area,,,none,RF
pd_inext_q2,877,0.0813224552200692,0.8906244543503707,0.2325263798136564,0.7108633125269058,0.0231426412159694,0.3017315956667301,0,RFG4oc_gmo-topo_ctr-area_raw100tccsall_pg-all_unified_woody_gmotccsall,kfold5_block20_unified,RF,gmo+topo_ctr+area,,,none,RF
td_inext_q0,881,-0.0264036214065845,2.351522223018276,0.2370016151674221,1.8212958893635167,-0.0201317067713826,0.1127294298219878,0,RFG4oc_gmo-topo_ctr-area_raw100tccsall_pg-all_unified_woody_gmotccsall,kfold5_block20_unified,RF,gmo+topo_ctr+area,,,none,RF
td_inext_q1,881,0.0412733522110309,1.6565711823911855,0.2024468382117289,1.2587986440403118,0.0055550561636766,0.2195106899681244,0,RFG4oc_gmo-topo_ctr-area_raw100tccsall_pg-all_unified_woody_gmotccsall,kfold5_block20_unified,RF,gmo+topo_ctr+area,,,none,RF
td_inext_q2,881,0.0535942189007396,1.467543443741527,0.1971988536403909,1.1329493088095222,0.0554162890997028,0.2386013217794188,0,RFG4oc_gmo-topo_ctr-area_raw100tccsall_pg-all_unified_woody_gmotccsall,kfold5_block20_unified,RF,gmo+topo_ctr+area,,,none,RF
lcbd_count_sorensen,2499,0.4728130192473205,1.5388276468851548e-05,0.1876457600664616,1.207916735379777e-05,3.8366751919270834e-08,0.6271042203563293,1,RFG4oc_gmo-topo_ctr-area_raw100tccsall_pg-all_unified_woody_gmotccsall,kfold5_block20_unified,RF,gmo+topo_ctr+area,,,none,RF
pd_inext_q0,877,0.0703199750969745,1.48391056304467,0.2143805972867296,1.147304399534169,-0.000825433647761,0.3073665681093357,1,RFG4oc_gmo-topo_ctr-area_raw100tccsall_pg-all_unified_woody_gmotccsall,kfold5_block20_unified,RF,gmo+topo_ctr+area,,,none,RF
pd_inext_q1,877,0.074137566456926,1.097589089721893,0.2188765777849191,0.863500204048633,0.0026063700271192,0.2913623381778518,1,RFG4oc_gmo-topo_ctr-area_raw100tccsall_pg-all_unified_woody_gmotccsall,kfold5_block20_unified,RF,gmo+topo_ctr+area,,,none,RF
pd_inext_q2,877,0.059126085984119,0.9013195246245308,0.2353186745463639,0.709308092528326,-0.0570884524941538,0.2760016945251494,1,RFG4oc_gmo-topo_ctr-area_raw100tccsall_pg-all_unified_woody_gmotccsall,kfold5_block20_unified,RF,gmo+topo_ctr+area,,,none,RF
td_inext_q0,881,-0.0409182228818978,2.3680905534353465,0.2386714786418285,1.882779038689249,0.2499652618422398,0.1106116202580561,1,RFG4oc_gmo-topo_ctr-area_raw100tccsall_pg-all_unified_woody_gmotccsall,kfold5_block20_unified,RF,gmo+topo_ctr+area,,,none,RF
td_inext_q1,881,0.0456319766915607,1.6528012877801872,0.2019861255949089,1.2565459915799146,0.0085330015203726,0.2207305872904425,1,RFG4oc_gmo-topo_ctr-area_raw100tccsall_pg-all_unified_woody_gmotccsall,kfold5_block20_unified,RF,gmo+topo_ctr+area,,,none,RF
td_inext_q2,881,0.048406739794892,1.4715599278047558,0.1977385624008445,1.142549799405803,0.0862456922585958,0.2331220277383899,1,RFG4oc_gmo-topo_ctr-area_raw100tccsall_pg-all_unified_woody_gmotccsall,kfold5_block20_unified,RF,gmo+topo_ctr+area,,,none,RF
lcbd_count_sorensen,2499,0.4745422622851868,1.536301794775761e-05,0.1873377558271031,1.2041810067882489e-05,-7.188218077307728e-07,0.630712411311861,2,RFG4oc_gmo-topo_ctr-area_raw100tccsall_pg-all_unified_woody_gmotccsall,kfold5_block20_unified,RF,gmo+topo_ctr+area,,,none,RF
pd_inext_q0,877,0.0698146163860466,1.48431382289085,0.2144388562471001,1.135870501878284,-0.0497732775800959,0.3165086439431822,2,RFG4oc_gmo-topo_ctr-area_raw100tccsall_pg-all_unified_woody_gmotccsall,kfold5_block20_unified,RF,gmo+topo_ctr+area,,,none,RF
pd_inext_q1,877,0.0867904394076839,1.0900634416792017,0.2173758448561548,0.8502011745318534,-0.0637884110294779,0.2915768534980714,2,RFG4oc_gmo-topo_ctr-area_raw100tccsall_pg-all_unified_woody_gmotccsall,kfold5_block20_unified,RF,gmo+topo_ctr+area,,,none,RF
pd_inext_q2,877,0.0759995502402446,0.8932009090391703,0.2331990468155718,0.7015859187652791,-0.0537066115329797,0.2933729523097912,2,RFG4oc_gmo-topo_ctr-area_raw100tccsall_pg-all_unified_woody_gmotccsall,kfold5_block20_unified,RF,gmo+topo_ctr+area,,,none,RF
td_inext_q0,881,-0.059802477495928,2.389474855410126,0.2408267268710991,1.8400548127671936,-0.1140400279041286,0.0810282189739019,2,RFG4oc_gmo-topo_ctr-area_raw100tccsall_pg-all_unified_woody_gmotccsall,kfold5_block20_unified,RF,gmo+topo_ctr+area,,,none,RF
td_inext_q1,881,0.0238105707344242,1.671589956305945,0.2042822578575488,1.2882907965906365,0.1612266024614998,0.2036928702399172,2,RFG4oc_gmo-topo_ctr-area_raw100tccsall_pg-all_unified_woody_gmotccsall,kfold5_block20_unified,RF,gmo+topo_ctr+area,,,none,RF
td_inext_q2,881,0.0319259367785498,1.4842483219319191,0.1994435455051504,1.136063455096201,0.0044214956041512,0.2074688033550758,2,RFG4oc_gmo-topo_ctr-area_raw100tccsall_pg-all_unified_woody_gmotccsall,kfold5_block20_unified,RF,gmo+topo_ctr+area,,,none,RF
hill_q0_unified,3102,0.3967334230022539,2.358482091240484,0.1684630065171774,1.688950516812869,-0.0319223004943466,0.6594897501590959,0,RFG4oc_gmo-topo_ctr-area_raw100tccsall_unified-all_unified_woody_gmotccsall,kfold5_block20_unified,RF,gmo+topo_ctr+area,,,none,RF
lcbd_pa_unified,3094,0.4035504846553144,1.1533064538942068e-05,0.1987767373970913,9.162428625433304e-06,1.885204661439102e-07,0.5820174483325389,0,RFG4oc_gmo-topo_ctr-area_raw100tccsall_unified-all_unified_woody_gmotccsall,kfold5_block20_unified,RF,gmo+topo_ctr+area,,,none,RF
pcoa1_pa_unified,3094,0.448987635062099,0.2178160508760159,0.1698801440289667,0.1219748025407339,-0.0254582484093965,0.746355993127598,0,RFG4oc_gmo-topo_ctr-area_raw100tccsall_unified-all_unified_woody_gmotccsall,kfold5_block20_unified,RF,gmo+topo_ctr+area,,,none,RF
pcoa2_pa_unified,3094,0.6646315775846428,0.1563930876066017,0.1494359398581096,0.1219900697370759,0.0019818783830023,0.8226075665167835,0,RFG4oc_gmo-topo_ctr-area_raw100tccsall_unified-all_unified_woody_gmotccsall,kfold5_block20_unified,RF,gmo+topo_ctr+area,,,none,RF
lcbd_freq_unified,3040,0.3772975091496786,1.9801997171253016e-05,0.198750929812574,1.555272282228444e-05,-2.01517615293911e-06,0.5764092518345655,0,RFG4oc_gmo-topo_ctr-area_raw100tccsall_unified-all_unified_woody_gmotccsall,kfold5_block20_unified,RF,gmo+topo_ctr+area,,,none,RF
pcoa1_freq_unified,3040,0.2448333276471883,0.4346041040709662,0.2096988499440704,0.2046377309664688,-0.0627028544593334,0.5858870221844225,0,RFG4oc_gmo-topo_ctr-area_raw100tccsall_unified-all_unified_woody_gmotccsall,kfold5_block20_unified,RF,gmo+topo_ctr+area,,,none,RF
pcoa2_freq_unified,3040,0.4760979654612907,0.342246258818242,0.1625440478952276,0.2249231636660767,0.0134815213632548,0.8119737130415517,0,RFG4oc_gmo-topo_ctr-area_raw100tccsall_unified-all_unified_woody_gmotccsall,kfold5_block20_unified,RF,gmo+topo_ctr+area,,,none,RF
mpd_unified,2535,0.19860102080891,104.55577942895486,0.1634669825890893,71.35977526206078,7.206457606434498,0.4138227785911077,0,RFG4oc_gmo-topo_ctr-area_raw100tccsall_unified-all_unified_woody_gmotccsall,kfold5_block20_unified,RF,gmo+topo_ctr+area,,,none,RF
mntd_unified,2535,0.0899508449228057,97.15352286046388,0.151893977708726,64.53688957145872,-5.697678148595124,0.2156378417626356,0,RFG4oc_gmo-topo_ctr-area_raw100tccsall_unified-all_unified_woody_gmotccsall,kfold5_block20_unified,RF,gmo+topo_ctr+area,,,none,RF
ses_pd_unified,2535,0.1593870670626541,1.103059100461846,0.2019514176168177,0.8003841987350283,-0.0526036082258912,0.3601630300281255,0,RFG4oc_gmo-topo_ctr-area_raw100tccsall_unified-all_unified_woody_gmotccsall,kfold5_block20_unified,RF,gmo+topo_ctr+area,,,none,RF
ses_mpd_unified,2535,0.2007034325521619,1.1362927021090037,0.2066265033489728,0.8222620635245685,-0.0798934148532508,0.3812656553703953,0,RFG4oc_gmo-topo_ctr-area_raw100tccsall_unified-all_unified_woody_gmotccsall,kfold5_block20_unified,RF,gmo+topo_ctr+area,,,none,RF
ses_mntd_unified,2535,0.0992934463718072,1.1608824131121314,0.191259345545507,0.8671800208919889,-0.0834291046251954,0.2580324892991079,0,RFG4oc_gmo-topo_ctr-area_raw100tccsall_unified-all_unified_woody_gmotccsall,kfold5_block20_unified,RF,gmo+topo_ctr+area,,,none,RF
dark_n_unified,3094,0.5418013176191143,18.79539482291819,0.1756578955412915,14.770569212572314,-0.4775616259462767,0.7383349549362936,0,RFG4oc_gmo-topo_ctr-area_raw100tccsall_unified-all_unified_woody_gmotccsall,kfold5_block20_unified,RF,gmo+topo_ctr+area,,,none,RF
hill_q0_unified,3102,0.3959529920233904,2.360007153001636,0.1685719395001168,1.681654342934935,-0.1130494373312459,0.6589477610829243,1,RFG4oc_gmo-topo_ctr-area_raw100tccsall_unified-all_unified_woody_gmotccsall,kfold5_block20_unified,RF,gmo+topo_ctr+area,,,none,RF
lcbd_pa_unified,3094,0.4008352620985288,1.1559285768371442e-05,0.199228670221963,9.151475071022198e-06,-1.0080774998847015e-06,0.5807981847965589,1,RFG4oc_gmo-topo_ctr-area_raw100tccsall_unified-all_unified_woody_gmotccsall,kfold5_block20_unified,RF,gmo+topo_ctr+area,,,none,RF
pcoa1_pa_unified,3094,0.4492938699573507,0.2177555148969961,0.1698329305164939,0.1201223101253673,-0.0295868529365466,0.7442406293532325,1,RFG4oc_gmo-topo_ctr-area_raw100tccsall_unified-all_unified_woody_gmotccsall,kfold5_block20_unified,RF,gmo+topo_ctr+area,,,none,RF
pcoa2_pa_unified,3094,0.6643009224728503,0.1564701661720529,0.1495095895829624,0.1232604137979519,-0.008119043723751,0.82283709087671,1,RFG4oc_gmo-topo_ctr-area_raw100tccsall_unified-all_unified_woody_gmotccsall,kfold5_block20_unified,RF,gmo+topo_ctr+area,,,none,RF
lcbd_freq_unified,3040,0.3802777208952302,1.975455483376736e-05,0.1982747551819946,1.5577370086266415e-05,-5.214742420741806e-07,0.572466948926674,1,RFG4oc_gmo-topo_ctr-area_raw100tccsall_unified-all_unified_woody_gmotccsall,kfold5_block20_unified,RF,gmo+topo_ctr+area,,,none,RF
pcoa1_freq_unified,3040,0.2382163831450396,0.4365040019953957,0.2106155610520237,0.2021390962739384,-0.0706129400894806,0.5876449706963539,1,RFG4oc_gmo-topo_ctr-area_raw100tccsall_unified-all_unified_woody_gmotccsall,kfold5_block20_unified,RF,gmo+topo_ctr+area,,,none,RF
pcoa2_freq_unified,3040,0.4693640047145712,0.3444387625444631,0.1635853403023847,0.2243695887644691,0.0174948341775204,0.8063925207952363,1,RFG4oc_gmo-topo_ctr-area_raw100tccsall_unified-all_unified_woody_gmotccsall,kfold5_block20_unified,RF,gmo+topo_ctr+area,,,none,RF
mpd_unified,2535,0.1827031678801897,105.58775577718596,0.1650804186006612,70.59215897214276,-3.4169559645344867,0.3930360848941686,1,RFG4oc_gmo-topo_ctr-area_raw100tccsall_unified-all_unified_woody_gmotccsall,kfold5_block20_unified,RF,gmo+topo_ctr+area,,,none,RF
mntd_unified,2535,0.0935936209256835,96.95888315908684,0.1515896696652116,64.57263190437872,-7.706824673562991,0.2190949120999774,1,RFG4oc_gmo-topo_ctr-area_raw100tccsall_unified-all_unified_woody_gmotccsall,kfold5_block20_unified,RF,gmo+topo_ctr+area,,,none,RF
ses_pd_unified,2535,0.1601109940955517,1.1025840266991065,0.2018644396663002,0.8154670186909277,0.0189820056745018,0.3656523402186564,1,RFG4oc_gmo-topo_ctr-area_raw100tccsall_unified-all_unified_woody_gmotccsall,kfold5_block20_unified,RF,gmo+topo_ctr+area,,,none,RF
ses_mpd_unified,2535,0.2022663358267676,1.1351812344506782,0.2064243910979665,0.8230122291682754,-0.07020664687518,0.3785679049728943,1,RFG4oc_gmo-topo_ctr-area_raw100tccsall_unified-all_unified_woody_gmotccsall,kfold5_block20_unified,RF,gmo+topo_ctr+area,,,none,RF
ses_mntd_unified,2535,0.0871074812551093,1.168709016232938,0.1925488051615907,0.8753395915409449,-0.0901205832837642,0.2388895116187973,1,RFG4oc_gmo-topo_ctr-area_raw100tccsall_unified-all_unified_woody_gmotccsall,kfold5_block20_unified,RF,gmo+topo_ctr+area,,,none,RF
dark_n_unified,3094,0.5430036360194861,18.7707189631094,0.1754272800290598,14.71811623379906,-0.7597289921020539,0.7408198215158104,1,RFG4oc_gmo-topo_ctr-area_raw100tccsall_unified-all_unified_woody_gmotccsall,kfold5_block20_unified,RF,gmo+topo_ctr+area,,,none,RF
hill_q0_unified,3102,0.3865803439605915,2.378246107538704,0.1698747219670502,1.7254741827058335,0.0560653122620442,0.6480467369495411,2,RFG4oc_gmo-topo_ctr-area_raw100tccsall_unified-all_unified_woody_gmotccsall,kfold5_block20_unified,RF,gmo+topo_ctr+area,,,none,RF
lcbd_pa_unified,3094,0.4001424462801237,1.1565966854399164e-05,0.1993438212712245,9.163610348511508e-06,-8.392268480644389e-08,0.5811751838499875,2,RFG4oc_gmo-topo_ctr-area_raw100tccsall_unified-all_unified_woody_gmotccsall,kfold5_block20_unified,RF,gmo+topo_ctr+area,,,none,RF
pcoa1_pa_unified,3094,0.421319408396467,0.2232177189672183,0.1740930390366558,0.1189274344162089,-0.0424346100837616,0.7451531449682862,2,RFG4oc_gmo-topo_ctr-area_raw100tccsall_unified-all_unified_woody_gmotccsall,kfold5_block20_unified,RF,gmo+topo_ctr+area,,,none,RF
pcoa2_pa_unified,3094,0.6658401427334164,0.1561110368607266,0.1491664361419124,0.1219242456777567,-4.477891218593912e-05,0.8232360448844597,2,RFG4oc_gmo-topo_ctr-area_raw100tccsall_unified-all_unified_woody_gmotccsall,kfold5_block20_unified,RF,gmo+topo_ctr+area,,,none,RF
lcbd_freq_unified,3040,0.3814624214472263,1.9735663768942043e-05,0.1980851472012081,1.554194959512862e-05,-7.777754798735002e-07,0.5721709775567794,2,RFG4oc_gmo-topo_ctr-area_raw100tccsall_unified-all_unified_woody_gmotccsall,kfold5_block20_unified,RF,gmo+topo_ctr+area,,,none,RF
pcoa1_freq_unified,3040,0.2306461875120062,0.4386675112694109,0.2116594660735241,0.197946159164418,-0.0812671100872092,0.5907154024202343,2,RFG4oc_gmo-topo_ctr-area_raw100tccsall_unified-all_unified_woody_gmotccsall,kfold5_block20_unified,RF,gmo+topo_ctr+area,,,none,RF
pcoa2_freq_unified,3040,0.4695467965737764,0.344379431830565,0.1635571621874951,0.2207788721553536,0.0294253683266381,0.8112987764328914,2,RFG4oc_gmo-topo_ctr-area_raw100tccsall_unified-all_unified_woody_gmotccsall,kfold5_block20_unified,RF,gmo+topo_ctr+area,,,none,RF
mpd_unified,2535,0.1976592406711487,104.61719680442576,0.163563005143764,69.21014586311485,-4.560392584315607,0.4069326444594219,2,RFG4oc_gmo-topo_ctr-area_raw100tccsall_unified-all_unified_woody_gmotccsall,kfold5_block20_unified,RF,gmo+topo_ctr+area,,,none,RF
mntd_unified,2535,0.0826171313111516,97.5441976032648,0.1525047753301318,65.03865625338993,-8.145510579225528,0.2122970391213789,2,RFG4oc_gmo-topo_ctr-area_raw100tccsall_unified-all_unified_woody_gmotccsall,kfold5_block20_unified,RF,gmo+topo_ctr+area,,,none,RF
ses_pd_unified,2535,0.165038052144839,1.099345214123599,0.2012714680016406,0.808462079730857,-0.0047237636627626,0.3672061529199313,2,RFG4oc_gmo-topo_ctr-area_raw100tccsall_unified-all_unified_woody_gmotccsall,kfold5_block20_unified,RF,gmo+topo_ctr+area,,,none,RF
ses_mpd_unified,2535,0.206042787429884,1.1324910868378129,0.2059352074627049,0.8205714649430073,-0.084177875587324,0.3864628223619734,2,RFG4oc_gmo-topo_ctr-area_raw100tccsall_unified-all_unified_woody_gmotccsall,kfold5_block20_unified,RF,gmo+topo_ctr+area,,,none,RF
ses_mntd_unified,2535,0.0963610611599677,1.1627705909123622,0.1915704292920319,0.8714140380910788,-0.0252369567299294,0.248140618753172,2,RFG4oc_gmo-topo_ctr-area_raw100tccsall_unified-all_unified_woody_gmotccsall,kfold5_block20_unified,RF,gmo+topo_ctr+area,,,none,RF
dark_n_unified,3094,0.547428053762441,18.67963345473138,0.1745760135956204,14.731195106789189,0.445807709829,0.7423562346217932,2,RFG4oc_gmo-topo_ctr-area_raw100tccsall_unified-all_unified_woody_gmotccsall,kfold5_block20_unified,RF,gmo+topo_ctr+area,,,none,RF
lcbd_count_sorensen,2499,0.4628409409736863,1.5533134195173208e-05,0.189412165694288,1.2271265733823063e-05,-1.1966978654310785e-06,0.616508345051087,0,RFG4oc_gmo-topo_ctr-area_raw100null1_pg-all_unified_woody_gmonull1,kfold5_block20_unified,RF,gmo+topo_ctr+area,,,none,RF
pd_inext_q0,877,0.0613842915743793,1.4910248632649992,0.2154084004229118,1.142600023373109,-0.0878913814453026,0.2987214258763301,0,RFG4oc_gmo-topo_ctr-area_raw100null1_pg-all_unified_woody_gmonull1,kfold5_block20_unified,RF,gmo+topo_ctr+area,,,none,RF
pd_inext_q1,877,0.09277536333544,1.0864855821905035,0.2166623632372004,0.8573254490393816,0.0348798062917602,0.2965015501213493,0,RFG4oc_gmo-topo_ctr-area_raw100null1_pg-all_unified_woody_gmonull1,kfold5_block20_unified,RF,gmo+topo_ctr+area,,,none,RF
pd_inext_q2,877,0.0874256333231083,0.8876611199101507,0.2317527053134832,0.7045733191931536,0.0026611584390774,0.3039801789126781,0,RFG4oc_gmo-topo_ctr-area_raw100null1_pg-all_unified_woody_gmonull1,kfold5_block20_unified,RF,gmo+topo_ctr+area,,,none,RF
td_inext_q0,881,-0.0374248023051018,2.364113445157576,0.2382706399526165,1.8274484058360627,0.0258869822302496,0.1266979378261525,0,RFG4oc_gmo-topo_ctr-area_raw100null1_pg-all_unified_woody_gmonull1,kfold5_block20_unified,RF,gmo+topo_ctr+area,,,none,RF
td_inext_q1,881,0.0376109475392733,1.6597322768312073,0.2028331503614715,1.2602783348673192,0.005650784072032,0.2004849071412879,0,RFG4oc_gmo-topo_ctr-area_raw100null1_pg-all_unified_woody_gmonull1,kfold5_block20_unified,RF,gmo+topo_ctr+area,,,none,RF
td_inext_q2,881,0.0508583679772303,1.4696630856257544,0.1974836772014789,1.1324623663766185,0.0762726435146145,0.2215084010586766,0,RFG4oc_gmo-topo_ctr-area_raw100null1_pg-all_unified_woody_gmonull1,kfold5_block20_unified,RF,gmo+topo_ctr+area,,,none,RF
lcbd_count_sorensen,2499,0.459211442300136,1.558552331153988e-05,0.1900510023814071,1.23297723065761e-05,2.068872312166101e-07,0.6104878509491635,1,RFG4oc_gmo-topo_ctr-area_raw100null1_pg-all_unified_woody_gmonull1,kfold5_block20_unified,RF,gmo+topo_ctr+area,,,none,RF
pd_inext_q0,877,0.0656586224638338,1.4876260250925788,0.2149173701845467,1.151163204717279,-0.0082801008339738,0.2979218767392829,1,RFG4oc_gmo-topo_ctr-area_raw100null1_pg-all_unified_woody_gmonull1,kfold5_block20_unified,RF,gmo+topo_ctr+area,,,none,RF
pd_inext_q1,877,0.0759271996263707,1.0965277916841771,0.2186649382153568,0.8598378998521338,-0.0140580708450793,0.2895847209018367,1,RFG4oc_gmo-topo_ctr-area_raw100null1_pg-all_unified_woody_gmonull1,kfold5_block20_unified,RF,gmo+topo_ctr+area,,,none,RF
pd_inext_q2,877,0.0461465613915523,0.9075151626719492,0.2369362466653024,0.710038226695984,-0.073366490197768,0.2626421092822653,1,RFG4oc_gmo-topo_ctr-area_raw100null1_pg-all_unified_woody_gmonull1,kfold5_block20_unified,RF,gmo+topo_ctr+area,,,none,RF
td_inext_q0,881,-0.059412936599609,2.389035677476776,0.2407824636791416,1.8876189666410208,0.276943316718311,0.1155707756593982,1,RFG4oc_gmo-topo_ctr-area_raw100null1_pg-all_unified_woody_gmonull1,kfold5_block20_unified,RF,gmo+topo_ctr+area,,,none,RF
td_inext_q1,881,0.0425524267791883,1.655465765499992,0.2023117470324867,1.2577641355657183,0.0155316593436915,0.2056441759241677,1,RFG4oc_gmo-topo_ctr-area_raw100null1_pg-all_unified_woody_gmonull1,kfold5_block20_unified,RF,gmo+topo_ctr+area,,,none,RF
td_inext_q2,881,0.0451369126188305,1.4740860177042905,0.1980780017779241,1.1406161914762691,0.0786514320583103,0.2093813607844126,1,RFG4oc_gmo-topo_ctr-area_raw100null1_pg-all_unified_woody_gmonull1,kfold5_block20_unified,RF,gmo+topo_ctr+area,,,none,RF
lcbd_count_sorensen,2499,0.461346663574272,1.555472434742379e-05,0.1896754375777385,1.2292054819155991e-05,-9.527616011939964e-07,0.6139112602233745,2,RFG4oc_gmo-topo_ctr-area_raw100null1_pg-all_unified_woody_gmonull1,kfold5_block20_unified,RF,gmo+topo_ctr+area,,,none,RF
pd_inext_q0,877,0.0634014667611202,1.4894218238073758,0.2151768092711551,1.1409895177693414,-0.0553130408262144,0.3057008068734045,2,RFG4oc_gmo-topo_ctr-area_raw100null1_pg-all_unified_woody_gmonull1,kfold5_block20_unified,RF,gmo+topo_ctr+area,,,none,RF
pd_inext_q1,877,0.0827627292912112,1.0924646589668656,0.2178546854599504,0.8459920700957613,-0.0753795684644497,0.2967366843859142,2,RFG4oc_gmo-topo_ctr-area_raw100null1_pg-all_unified_woody_gmonull1,kfold5_block20_unified,RF,gmo+topo_ctr+area,,,none,RF
pd_inext_q2,877,0.0738778029765649,0.8942258327251509,0.2334666363625714,0.7006342825302059,-0.0650500870815617,0.2845938862814056,2,RFG4oc_gmo-topo_ctr-area_raw100null1_pg-all_unified_woody_gmonull1,kfold5_block20_unified,RF,gmo+topo_ctr+area,,,none,RF
td_inext_q0,881,-0.0610016320741491,2.3908263051867227,0.2409629347183973,1.832077516033255,-0.0829170968960941,0.10661953015799,2,RFG4oc_gmo-topo_ctr-area_raw100null1_pg-all_unified_woody_gmonull1,kfold5_block20_unified,RF,gmo+topo_ctr+area,,,none,RF
td_inext_q1,881,0.017942473577996,1.6766065826920682,0.2048953315130341,1.2916845316299252,0.1748028536341509,0.1825621730663015,2,RFG4oc_gmo-topo_ctr-area_raw100null1_pg-all_unified_woody_gmonull1,kfold5_block20_unified,RF,gmo+topo_ctr+area,,,none,RF
td_inext_q2,881,0.0369725253571526,1.4803745594124895,0.1989230147287946,1.1348758249793476,0.0240637908391209,0.1920312605123074,2,RFG4oc_gmo-topo_ctr-area_raw100null1_pg-all_unified_woody_gmonull1,kfold5_block20_unified,RF,gmo+topo_ctr+area,,,none,RF
hill_q0_unified,3102,0.3901208727984637,2.3713728079876475,0.1693837719991176,1.7045740493269106,0.0001665156206612,0.6564474239409833,0,RFG4oc_gmo-topo_ctr-area_raw100null1_unified-all_unified_woody_gmonull1,kfold5_block20_unified,RF,gmo+topo_ctr+area,,,none,RF
lcbd_pa_unified,3094,0.4001040218343873,1.156633728296707e-05,0.1993502057479539,9.208584892287464e-06,1.8171860841474962e-07,0.5742594432256704,0,RFG4oc_gmo-topo_ctr-area_raw100null1_unified-all_unified_woody_gmonull1,kfold5_block20_unified,RF,gmo+topo_ctr+area,,,none,RF
pcoa1_pa_unified,3094,0.4343865264250737,0.2206831023362324,0.1721162286198001,0.1235343828131591,-0.0234387552990414,0.7437055213623637,0,RFG4oc_gmo-topo_ctr-area_raw100null1_unified-all_unified_woody_gmonull1,kfold5_block20_unified,RF,gmo+topo_ctr+area,,,none,RF
pcoa2_pa_unified,3094,0.6513586323458105,0.159457858819856,0.1523643746995187,0.1236908618330825,0.0018630524528137,0.8143601053428124,0,RFG4oc_gmo-topo_ctr-area_raw100null1_unified-all_unified_woody_gmonull1,kfold5_block20_unified,RF,gmo+topo_ctr+area,,,none,RF
lcbd_freq_unified,3040,0.3691596473466995,1.993096954770776e-05,0.200045414379905,1.5737269045929885e-05,-2.2152939875156577e-06,0.5697450441347633,0,RFG4oc_gmo-topo_ctr-area_raw100null1_unified-all_unified_woody_gmonull1,kfold5_block20_unified,RF,gmo+topo_ctr+area,,,none,RF
pcoa1_freq_unified,3040,0.2328520734287219,0.4380381876241355,0.2113558139832177,0.206620360798323,-0.0634014160742134,0.5812829844287662,0,RFG4oc_gmo-topo_ctr-area_raw100null1_unified-all_unified_woody_gmonull1,kfold5_block20_unified,RF,gmo+topo_ctr+area,,,none,RF
pcoa2_freq_unified,3040,0.4473684113750227,0.3515050103302967,0.1669413346747003,0.2330220830174008,0.0119137571944644,0.7967827009527958,0,RFG4oc_gmo-topo_ctr-area_raw100null1_unified-all_unified_woody_gmonull1,kfold5_block20_unified,RF,gmo+topo_ctr+area,,,none,RF
mpd_unified,2535,0.1791879694945439,105.81457892004724,0.1654350436146721,72.00468108084894,7.315898027115606,0.4002332583751269,0,RFG4oc_gmo-topo_ctr-area_raw100null1_unified-all_unified_woody_gmonull1,kfold5_block20_unified,RF,gmo+topo_ctr+area,,,none,RF
mntd_unified,2535,0.0751687209021717,97.93938725062746,0.1531226317466555,64.65667905759412,-7.157280493101257,0.2135614272646711,0,RFG4oc_gmo-topo_ctr-area_raw100null1_unified-all_unified_woody_gmonull1,kfold5_block20_unified,RF,gmo+topo_ctr+area,,,none,RF
ses_pd_unified,2535,0.145681010877092,1.1120153395504446,0.2035911531302642,0.8060963771111288,-0.0447362466726178,0.3452777358969598,0,RFG4oc_gmo-topo_ctr-area_raw100null1_unified-all_unified_woody_gmonull1,kfold5_block20_unified,RF,gmo+topo_ctr+area,,,none,RF
ses_mpd_unified,2535,0.184926788637143,1.1474520686950234,0.2086557524086376,0.8282677963275057,-0.0782325184253526,0.3678303014123172,0,RFG4oc_gmo-topo_ctr-area_raw100null1_unified-all_unified_woody_gmonull1,kfold5_block20_unified,RF,gmo+topo_ctr+area,,,none,RF
ses_mntd_unified,2535,0.0851455249994218,1.169964216191084,0.1927556036450652,0.86920983220328,-0.0952689025478353,0.2521632646162918,0,RFG4oc_gmo-topo_ctr-area_raw100null1_unified-all_unified_woody_gmonull1,kfold5_block20_unified,RF,gmo+topo_ctr+area,,,none,RF
dark_n_unified,3094,0.5476653962758519,18.674734728015224,0.174530231102946,14.713724462990434,-0.3704508400574765,0.7427557155058783,0,RFG4oc_gmo-topo_ctr-area_raw100null1_unified-all_unified_woody_gmonull1,kfold5_block20_unified,RF,gmo+topo_ctr+area,,,none,RF
hill_q0_unified,3102,0.3935842391765747,2.364629975219078,0.168902141087077,1.6876328898243906,-0.121058339805571,0.6578173337234889,1,RFG4oc_gmo-topo_ctr-area_raw100null1_unified-all_unified_woody_gmonull1,kfold5_block20_unified,RF,gmo+topo_ctr+area,,,none,RF
lcbd_pa_unified,3094,0.3984540774242364,1.1582232296685765e-05,0.1996241623322785,9.208644359993884e-06,-9.994738362272457e-07,0.5744056814842895,1,RFG4oc_gmo-topo_ctr-area_raw100null1_unified-all_unified_woody_gmonull1,kfold5_block20_unified,RF,gmo+topo_ctr+area,,,none,RF
pcoa1_pa_unified,3094,0.4262624126750598,0.2222623279701249,0.1733479058862867,0.1217127722935793,-0.0307679536039655,0.7362401903343182,1,RFG4oc_gmo-topo_ctr-area_raw100null1_unified-all_unified_woody_gmonull1,kfold5_block20_unified,RF,gmo+topo_ctr+area,,,none,RF
pcoa2_pa_unified,3094,0.6493327893219557,0.1599204669808315,0.1528064037327667,0.125331361269788,-0.0095362368708786,0.8143955496577918,1,RFG4oc_gmo-topo_ctr-area_raw100null1_unified-all_unified_woody_gmonull1,kfold5_block20_unified,RF,gmo+topo_ctr+area,,,none,RF
lcbd_freq_unified,3040,0.3756296120126522,1.982849907900665e-05,0.1990169271643709,1.5705795970888067e-05,-5.852706428179534e-07,0.5677188328416481,1,RFG4oc_gmo-topo_ctr-area_raw100null1_unified-all_unified_woody_gmonull1,kfold5_block20_unified,RF,gmo+topo_ctr+area,,,none,RF
pcoa1_freq_unified,3040,0.2259988405711132,0.4399904206398161,0.212297777058063,0.2044269141562299,-0.0703142866325306,0.5918213663943419,1,RFG4oc_gmo-topo_ctr-area_raw100null1_unified-all_unified_woody_gmonull1,kfold5_block20_unified,RF,gmo+topo_ctr+area,,,none,RF
pcoa2_freq_unified,3040,0.4403872644225302,0.3537182451222517,0.16799247294943,0.2307587841473955,0.0248483039654202,0.7922297174509915,1,RFG4oc_gmo-topo_ctr-area_raw100null1_unified-all_unified_woody_gmonull1,kfold5_block20_unified,RF,gmo+topo_ctr+area,,,none,RF
mpd_unified,2535,0.1612181162534328,106.9665952414612,0.1672361552603739,70.95952676956811,-2.817634009227669,0.3787594849033991,1,RFG4oc_gmo-topo_ctr-area_raw100null1_unified-all_unified_woody_gmonull1,kfold5_block20_unified,RF,gmo+topo_ctr+area,,,none,RF
mntd_unified,2535,0.0757891158046148,97.90653191186227,0.1530712643031797,64.63481872519887,-6.647982791363039,0.2063784028909878,1,RFG4oc_gmo-topo_ctr-area_raw100null1_unified-all_unified_woody_gmonull1,kfold5_block20_unified,RF,gmo+topo_ctr+area,,,none,RF
ses_pd_unified,2535,0.1455282676852598,1.112114743393272,0.2036093522883756,0.822790809537638,0.0208679958411451,0.348183912653527,1,RFG4oc_gmo-topo_ctr-area_raw100null1_unified-all_unified_woody_gmonull1,kfold5_block20_unified,RF,gmo+topo_ctr+area,,,none,RF
ses_mpd_unified,2535,0.1854722682125735,1.1470680440363394,0.2085859203378372,0.830420289377281,-0.0684335706860022,0.3672939102955534,1,RFG4oc_gmo-topo_ctr-area_raw100null1_unified-all_unified_woody_gmonull1,kfold5_block20_unified,RF,gmo+topo_ctr+area,,,none,RF
ses_mntd_unified,2535,0.0806162386489963,1.1728567857468783,0.1932321643664073,0.8725268652045022,-0.0965554655946351,0.2392603054553575,1,RFG4oc_gmo-topo_ctr-area_raw100null1_unified-all_unified_woody_gmonull1,kfold5_block20_unified,RF,gmo+topo_ctr+area,,,none,RF
dark_n_unified,3094,0.5471153224602102,18.68608623790172,0.1746363199803898,14.68958136144196,-0.9022386077234938,0.7441195121629733,1,RFG4oc_gmo-topo_ctr-area_raw100null1_unified-all_unified_woody_gmonull1,kfold5_block20_unified,RF,gmo+topo_ctr+area,,,none,RF
hill_q0_unified,3102,0.3772784690011399,2.3962100843374783,0.1711578631669627,1.7421027887224323,0.077744125895825,0.6438341425009065,2,RFG4oc_gmo-topo_ctr-area_raw100null1_unified-all_unified_woody_gmonull1,kfold5_block20_unified,RF,gmo+topo_ctr+area,,,none,RF
lcbd_pa_unified,3094,0.3973661375718268,1.159270122300892e-05,0.199804598244307,9.22422864120143e-06,-1.000181580717564e-07,0.574399525551016,2,RFG4oc_gmo-topo_ctr-area_raw100null1_unified-all_unified_woody_gmonull1,kfold5_block20_unified,RF,gmo+topo_ctr+area,,,none,RF
pcoa1_pa_unified,3094,0.4014957446418814,0.2270088709673062,0.1770498525736767,0.1201430248566901,-0.0437099991953651,0.7406569864002139,2,RFG4oc_gmo-topo_ctr-area_raw100null1_unified-all_unified_woody_gmonull1,kfold5_block20_unified,RF,gmo+topo_ctr+area,,,none,RF
pcoa2_pa_unified,3094,0.650877111882781,0.1595679371636653,0.1524695562073265,0.123465870918139,0.0025853013639393,0.8141319578999362,2,RFG4oc_gmo-topo_ctr-area_raw100null1_unified-all_unified_woody_gmonull1,kfold5_block20_unified,RF,gmo+topo_ctr+area,,,none,RF
lcbd_freq_unified,3040,0.3739816131069329,1.9854650071437893e-05,0.1992794024094829,1.5676933117305003e-05,-9.071646108111752e-07,0.563916594471746,2,RFG4oc_gmo-topo_ctr-area_raw100null1_unified-all_unified_woody_gmonull1,kfold5_block20_unified,RF,gmo+topo_ctr+area,,,none,RF
pcoa1_freq_unified,3040,0.2193887990318089,0.4418652058973101,0.2132023711672903,0.2021473797146589,-0.0770129521887626,0.5877016016572538,2,RFG4oc_gmo-topo_ctr-area_raw100null1_unified-all_unified_woody_gmonull1,kfold5_block20_unified,RF,gmo+topo_ctr+area,,,none,RF
pcoa2_freq_unified,3040,0.4411540793196474,0.3534758190816129,0.1678773368188067,0.2301419222984932,0.0255166154872504,0.7975499650138559,2,RFG4oc_gmo-topo_ctr-area_raw100null1_unified-all_unified_woody_gmonull1,kfold5_block20_unified,RF,gmo+topo_ctr+area,,,none,RF
mpd_unified,2535,0.1692531560835687,106.45302364487304,0.166433215435371,70.2646693314031,-2.7188341416626365,0.3846226217303534,2,RFG4oc_gmo-topo_ctr-area_raw100null1_unified-all_unified_woody_gmonull1,kfold5_block20_unified,RF,gmo+topo_ctr+area,,,none,RF
mntd_unified,2535,0.0639292277654169,98.5327196710302,0.1540502730589315,65.24109748698552,-8.128053499653205,0.1913657914871065,2,RFG4oc_gmo-topo_ctr-area_raw100null1_unified-all_unified_woody_gmonull1,kfold5_block20_unified,RF,gmo+topo_ctr+area,,,none,RF
ses_pd_unified,2535,0.1429183571986854,1.113811877906535,0.2039200688408218,0.8224692414843898,0.0101275818841075,0.3428427961166896,2,RFG4oc_gmo-topo_ctr-area_raw100null1_unified-all_unified_woody_gmonull1,kfold5_block20_unified,RF,gmo+topo_ctr+area,,,none,RF
ses_mpd_unified,2535,0.1852458587054086,1.1472274548553891,0.2086149080274308,0.8318804170514695,-0.0699020283704421,0.3693076943276684,2,RFG4oc_gmo-topo_ctr-area_raw100null1_unified-all_unified_woody_gmonull1,kfold5_block20_unified,RF,gmo+topo_ctr+area,,,none,RF
ses_mntd_unified,2535,0.0766318406923968,1.1753954840860712,0.1936504235952553,0.8759693360761613,-0.0145611243192142,0.2250091357218524,2,RFG4oc_gmo-topo_ctr-area_raw100null1_unified-all_unified_woody_gmonull1,kfold5_block20_unified,RF,gmo+topo_ctr+area,,,none,RF
dark_n_unified,3094,0.5516799682365776,18.591678784041537,0.173754007327491,14.72036282160839,0.4813530524147388,0.7462025275013181,2,RFG4oc_gmo-topo_ctr-area_raw100null1_unified-all_unified_woody_gmonull1,kfold5_block20_unified,RF,gmo+topo_ctr+area,,,none,RF
lcbd_count_sorensen,2499,0.4612821930057172,1.5555655179788348e-05,0.1896867882151471,1.2273118915412496e-05,-1.226832895532668e-06,0.6158798774258397,0,RFG4oc_gmo-topo_ctr-area_raw100null2_pg-all_unified_woody_gmonull2,kfold5_block20_unified,RF,gmo+topo_ctr+area,,,none,RF
pd_inext_q0,877,0.0658295435557695,1.487489951543785,0.2148977116354455,1.1367359863769475,-0.0826679424381003,0.3054745855079707,0,RFG4oc_gmo-topo_ctr-area_raw100null2_pg-all_unified_woody_gmonull2,kfold5_block20_unified,RF,gmo+topo_ctr+area,,,none,RF
pd_inext_q1,877,0.0996620289464449,1.082354016507023,0.215838463868883,0.8542707837646554,0.0342017618028271,0.2996583837329287,0,RFG4oc_gmo-topo_ctr-area_raw100null2_pg-all_unified_woody_gmonull2,kfold5_block20_unified,RF,gmo+topo_ctr+area,,,none,RF
pd_inext_q2,877,0.0888217673007029,0.8869818502239702,0.2315753599461141,0.7058539231677176,0.0115364383045564,0.2979020907113373,0,RFG4oc_gmo-topo_ctr-area_raw100null2_pg-all_unified_woody_gmonull2,kfold5_block20_unified,RF,gmo+topo_ctr+area,,,none,RF
td_inext_q0,881,-0.0327227699858243,2.358749797525471,0.2377300568615641,1.819140114192901,-0.0110616297108413,0.1364252857709807,0,RFG4oc_gmo-topo_ctr-area_raw100null2_pg-all_unified_woody_gmonull2,kfold5_block20_unified,RF,gmo+topo_ctr+area,,,none,RF
td_inext_q1,881,0.0392426173305119,1.6583246943920948,0.2026611320278498,1.2609767838789314,0.0117717119547269,0.1945425023131876,0,RFG4oc_gmo-topo_ctr-area_raw100null2_pg-all_unified_woody_gmonull2,kfold5_block20_unified,RF,gmo+topo_ctr+area,,,none,RF
td_inext_q2,881,0.0502239354121445,1.470154185336784,0.1975496679566086,1.135399740183494,0.0692818142281984,0.2083301450691838,0,RFG4oc_gmo-topo_ctr-area_raw100null2_pg-all_unified_woody_gmonull2,kfold5_block20_unified,RF,gmo+topo_ctr+area,,,none,RF
lcbd_count_sorensen,2499,0.4543975983123407,1.5654737104540585e-05,0.1908950003964538,1.2376651900165885e-05,2.942336901627766e-07,0.6074528897691078,1,RFG4oc_gmo-topo_ctr-area_raw100null2_pg-all_unified_woody_gmonull2,kfold5_block20_unified,RF,gmo+topo_ctr+area,,,none,RF
pd_inext_q0,877,0.0845362573081329,1.4725211817613082,0.2127351730791927,1.13385364241139,-0.022603463796597,0.3238621430909241,1,RFG4oc_gmo-topo_ctr-area_raw100null2_pg-all_unified_woody_gmonull2,kfold5_block20_unified,RF,gmo+topo_ctr+area,,,none,RF
pd_inext_q1,877,0.0922362180305816,1.0868083724754314,0.2167267327116866,0.8559808989215987,-0.0097752008268594,0.2931716881480269,1,RFG4oc_gmo-topo_ctr-area_raw100null2_pg-all_unified_woody_gmonull2,kfold5_block20_unified,RF,gmo+topo_ctr+area,,,none,RF
pd_inext_q2,877,0.0523110224517435,0.9045779138202396,0.2361693826534692,0.7075204041678248,-0.0828391630753687,0.2648981493437215,1,RFG4oc_gmo-topo_ctr-area_raw100null2_pg-all_unified_woody_gmonull2,kfold5_block20_unified,RF,gmo+topo_ctr+area,,,none,RF
td_inext_q0,881,-0.0466968569351948,2.3746546565930986,0.2393330514032018,1.8761532225370028,0.2635584480590839,0.1331062590710236,1,RFG4oc_gmo-topo_ctr-area_raw100null2_pg-all_unified_woody_gmonull2,kfold5_block20_unified,RF,gmo+topo_ctr+area,,,none,RF
td_inext_q1,881,0.0524969256112165,1.6468461038018505,0.2012583523605326,1.2519072139738996,0.0049913617023939,0.2097187805326414,1,RFG4oc_gmo-topo_ctr-area_raw100null2_pg-all_unified_woody_gmonull2,kfold5_block20_unified,RF,gmo+topo_ctr+area,,,none,RF
td_inext_q2,881,0.0522098634241782,1.4686163764387108,0.1973430272925034,1.136750025532005,0.0801018402290209,0.2154037722212128,1,RFG4oc_gmo-topo_ctr-area_raw100null2_pg-all_unified_woody_gmonull2,kfold5_block20_unified,RF,gmo+topo_ctr+area,,,none,RF
lcbd_count_sorensen,2499,0.4605041633675767,1.5566884058794374e-05,0.1898237139806833,1.2280545909374134e-05,-9.62657734076722e-07,0.6137245539312114,2,RFG4oc_gmo-topo_ctr-area_raw100null2_pg-all_unified_woody_gmonull2,kfold5_block20_unified,RF,gmo+topo_ctr+area,,,none,RF
pd_inext_q0,877,0.0746510761801717,1.4804499802149986,0.2138806467961401,1.13182302787953,-0.0363266723903852,0.3225709858930312,2,RFG4oc_gmo-topo_ctr-area_raw100null2_pg-all_unified_woody_gmonull2,kfold5_block20_unified,RF,gmo+topo_ctr+area,,,none,RF
pd_inext_q1,877,0.0948869053121754,1.0852204620226822,0.2164100783198188,0.841921664953678,-0.0908628407511086,0.3050514746033467,2,RFG4oc_gmo-topo_ctr-area_raw100null2_pg-all_unified_woody_gmonull2,kfold5_block20_unified,RF,gmo+topo_ctr+area,,,none,RF
pd_inext_q2,877,0.0800063761515318,0.891262171423187,0.2326928765245461,0.6998363472054867,-0.0662221712388895,0.2872498164842622,2,RFG4oc_gmo-topo_ctr-area_raw100null2_pg-all_unified_woody_gmonull2,kfold5_block20_unified,RF,gmo+topo_ctr+area,,,none,RF
td_inext_q0,881,-0.0620092316736617,2.391961281745444,0.2410773249950279,1.8387057978492016,-0.0749540393619735,0.1092573264082104,2,RFG4oc_gmo-topo_ctr-area_raw100null2_pg-all_unified_woody_gmonull2,kfold5_block20_unified,RF,gmo+topo_ctr+area,,,none,RF
td_inext_q1,881,0.0317318252649762,1.6647941133361832,0.2034517490711858,1.281569116730262,0.1581715698465095,0.1864497045833353,2,RFG4oc_gmo-topo_ctr-area_raw100null2_pg-all_unified_woody_gmonull2,kfold5_block20_unified,RF,gmo+topo_ctr+area,,,none,RF
td_inext_q2,881,0.0433980980676951,1.4754275694025196,0.1982582706879304,1.1329843997395777,0.0176071475166347,0.19615444999378,2,RFG4oc_gmo-topo_ctr-area_raw100null2_pg-all_unified_woody_gmonull2,kfold5_block20_unified,RF,gmo+topo_ctr+area,,,none,RF
hill_q0_unified,3102,0.3950024080841804,2.3618633851830944,0.1687045275130781,1.7006443633136132,-0.0245904106871612,0.6587236218404264,0,RFG4oc_gmo-topo_ctr-area_raw100null2_unified-all_unified_woody_gmonull2,kfold5_block20_unified,RF,gmo+topo_ctr+area,,,none,RF
lcbd_pa_unified,3094,0.3983206436432448,1.1583516799910176e-05,0.1996463012320707,9.21965844095674e-06,1.6962171361769242e-07,0.5704137481667214,0,RFG4oc_gmo-topo_ctr-area_raw100null2_unified-all_unified_woody_gmonull2,kfold5_block20_unified,RF,gmo+topo_ctr+area,,,none,RF
pcoa1_pa_unified,3094,0.4377499968668816,0.220025968180193,0.1716037133821701,0.1226753822704501,-0.0237497289656611,0.7430530246489232,0,RFG4oc_gmo-topo_ctr-area_raw100null2_unified-all_unified_woody_gmonull2,kfold5_block20_unified,RF,gmo+topo_ctr+area,,,none,RF
pcoa2_pa_unified,3094,0.6527201123970461,0.1591462046718723,0.1520665844887918,0.1230440332611546,0.0034621689634327,0.8159541992640642,0,RFG4oc_gmo-topo_ctr-area_raw100null2_unified-all_unified_woody_gmonull2,kfold5_block20_unified,RF,gmo+topo_ctr+area,,,none,RF
lcbd_freq_unified,3040,0.3694895163964324,1.992575787279284e-05,0.199993105250363,1.5708696455872068e-05,-2.004650863712123e-06,0.5684124368082798,0,RFG4oc_gmo-topo_ctr-area_raw100null2_unified-all_unified_woody_gmonull2,kfold5_block20_unified,RF,gmo+topo_ctr+area,,,none,RF
pcoa1_freq_unified,3040,0.2380141327939402,0.4365619431395652,0.2106435179700165,0.2075783372649697,-0.0603977670400863,0.5808104604114736,0,RFG4oc_gmo-topo_ctr-area_raw100null2_unified-all_unified_woody_gmonull2,kfold5_block20_unified,RF,gmo+topo_ctr+area,,,none,RF
pcoa2_freq_unified,3040,0.4451039439738912,0.3522244389017478,0.167283015055894,0.2328141899350718,0.0137588097891495,0.7960632242479324,0,RFG4oc_gmo-topo_ctr-area_raw100null2_unified-all_unified_woody_gmonull2,kfold5_block20_unified,RF,gmo+topo_ctr+area,,,none,RF
mpd_unified,2535,0.1737930337280864,106.16175213414864,0.1659778290833938,72.20021058216423,6.4408296255518165,0.3986794933632012,0,RFG4oc_gmo-topo_ctr-area_raw100null2_unified-all_unified_woody_gmonull2,kfold5_block20_unified,RF,gmo+topo_ctr+area,,,none,RF
mntd_unified,2535,0.0726971414372557,98.07016973603125,0.153327102684381,64.844140719555,-6.89182349199504,0.197754288693113,0,RFG4oc_gmo-topo_ctr-area_raw100null2_unified-all_unified_woody_gmonull2,kfold5_block20_unified,RF,gmo+topo_ctr+area,,,none,RF
ses_pd_unified,2535,0.1344272651173048,1.1193155372391173,0.204927695543534,0.8087485383673254,-0.0603648927913889,0.3346341180453281,0,RFG4oc_gmo-topo_ctr-area_raw100null2_unified-all_unified_woody_gmonull2,kfold5_block20_unified,RF,gmo+topo_ctr+area,,,none,RF
ses_mpd_unified,2535,0.1752357009960196,1.1542534207336097,0.2098925284498548,0.8367338707469912,-0.0701806339206337,0.3607929375014231,0,RFG4oc_gmo-topo_ctr-area_raw100null2_unified-all_unified_woody_gmonull2,kfold5_block20_unified,RF,gmo+topo_ctr+area,,,none,RF
ses_mntd_unified,2535,0.0798352668047824,1.1733548224375543,0.1933142176135238,0.8740484669955392,-0.0858152861181263,0.2362746106518685,0,RFG4oc_gmo-topo_ctr-area_raw100null2_unified-all_unified_woody_gmonull2,kfold5_block20_unified,RF,gmo+topo_ctr+area,,,none,RF
dark_n_unified,3094,0.5465370432343744,18.698012373627968,0.1747477791927847,14.745854367216818,-0.2243964773178533,0.7417061542142509,0,RFG4oc_gmo-topo_ctr-area_raw100null2_unified-all_unified_woody_gmonull2,kfold5_block20_unified,RF,gmo+topo_ctr+area,,,none,RF
hill_q0_unified,3102,0.3931524887645138,2.3654715993807947,0.1689622570986282,1.690630619500828,-0.1090781918440114,0.6579333483122574,1,RFG4oc_gmo-topo_ctr-area_raw100null2_unified-all_unified_woody_gmonull2,kfold5_block20_unified,RF,gmo+topo_ctr+area,,,none,RF
lcbd_pa_unified,3094,0.3954979103354652,1.1610656603655769e-05,0.2001140660333454,9.226305508495746e-06,-9.353047782997892e-07,0.5693188286902507,1,RFG4oc_gmo-topo_ctr-area_raw100null2_unified-all_unified_woody_gmonull2,kfold5_block20_unified,RF,gmo+topo_ctr+area,,,none,RF
pcoa1_pa_unified,3094,0.4302479853271979,0.2214889897235454,0.172744760194389,0.1203222248846757,-0.0316915893516167,0.7406688639030795,1,RFG4oc_gmo-topo_ctr-area_raw100null2_unified-all_unified_woody_gmonull2,kfold5_block20_unified,RF,gmo+topo_ctr+area,,,none,RF
pcoa2_pa_unified,3094,0.6499665853481503,0.1597758814693049,0.1526682501088726,0.1251737761875783,-0.0090481944452034,0.8150023919757142,1,RFG4oc_gmo-topo_ctr-area_raw100null2_unified-all_unified_woody_gmonull2,kfold5_block20_unified,RF,gmo+topo_ctr+area,,,none,RF
lcbd_freq_unified,3040,0.3725652754769963,1.98770974955306e-05,0.1995047052600861,1.5706334902768425e-05,-6.272677931062974e-07,0.5649759990508154,1,RFG4oc_gmo-topo_ctr-area_raw100null2_unified-all_unified_woody_gmonull2,kfold5_block20_unified,RF,gmo+topo_ctr+area,,,none,RF
pcoa1_freq_unified,3040,0.2283656860083421,0.4393171744491089,0.211972932100093,0.2033535464092688,-0.0715384743815404,0.5920018514587018,1,RFG4oc_gmo-topo_ctr-area_raw100null2_unified-all_unified_woody_gmonull2,kfold5_block20_unified,RF,gmo+topo_ctr+area,,,none,RF
pcoa2_freq_unified,3040,0.4388169891598862,0.354214164784674,0.168228001570369,0.2313258649806596,0.0212332041947191,0.7903816454563573,1,RFG4oc_gmo-topo_ctr-area_raw100null2_unified-all_unified_woody_gmonull2,kfold5_block20_unified,RF,gmo+topo_ctr+area,,,none,RF
mpd_unified,2535,0.1521012028111348,107.54634641438552,0.1681425630687995,71.26951397794883,-3.647339462167416,0.3660198760248555,1,RFG4oc_gmo-topo_ctr-area_raw100null2_unified-all_unified_woody_gmonull2,kfold5_block20_unified,RF,gmo+topo_ctr+area,,,none,RF
mntd_unified,2535,0.0736693208237215,98.01874813270602,0.1532467079478932,64.82895888356211,-6.198874650385368,0.199109356458963,1,RFG4oc_gmo-topo_ctr-area_raw100null2_unified-all_unified_woody_gmonull2,kfold5_block20_unified,RF,gmo+topo_ctr+area,,,none,RF
ses_pd_unified,2535,0.1351321426724231,1.1188596881468855,0.2048442373042094,0.8275405311594002,0.0159480764779519,0.3362345089306994,1,RFG4oc_gmo-topo_ctr-area_raw100null2_unified-all_unified_woody_gmonull2,kfold5_block20_unified,RF,gmo+topo_ctr+area,,,none,RF
ses_mpd_unified,2535,0.1753662570442248,1.154162060856946,0.20987591532559,0.8413910557493428,-0.0569093705724764,0.35524368004497,1,RFG4oc_gmo-topo_ctr-area_raw100null2_unified-all_unified_woody_gmonull2,kfold5_block20_unified,RF,gmo+topo_ctr+area,,,none,RF
ses_mntd_unified,2535,0.0759237430956116,1.1758460818276923,0.1937246611133651,0.8760593379365303,-0.089781786169176,0.2311929957881874,1,RFG4oc_gmo-topo_ctr-area_raw100null2_unified-all_unified_woody_gmonull2,kfold5_block20_unified,RF,gmo+topo_ctr+area,,,none,RF
dark_n_unified,3094,0.5425730043947162,18.7795607860495,0.1755099138883131,14.751721993064026,-0.943707960616727,0.741597084171522,1,RFG4oc_gmo-topo_ctr-area_raw100null2_unified-all_unified_woody_gmonull2,kfold5_block20_unified,RF,gmo+topo_ctr+area,,,none,RF
hill_q0_unified,3102,0.3802807645316839,2.3904267425000976,0.1707447673214355,1.7403424196776314,0.0774825800768736,0.6456964240606964,2,RFG4oc_gmo-topo_ctr-area_raw100null2_unified-all_unified_woody_gmonull2,kfold5_block20_unified,RF,gmo+topo_ctr+area,,,none,RF
lcbd_pa_unified,3094,0.3929035223229491,1.1635545101297513e-05,0.2005430287208632,9.261355655000428e-06,-1.4237900641666342e-07,0.5715918582302015,2,RFG4oc_gmo-topo_ctr-area_raw100null2_unified-all_unified_woody_gmonull2,kfold5_block20_unified,RF,gmo+topo_ctr+area,,,none,RF
pcoa1_pa_unified,3094,0.4059866752395207,0.2261555765033353,0.1763843470434116,0.1195392470697645,-0.0433529571008555,0.7412450242832067,2,RFG4oc_gmo-topo_ctr-area_raw100null2_unified-all_unified_woody_gmonull2,kfold5_block20_unified,RF,gmo+topo_ctr+area,,,none,RF
pcoa2_pa_unified,3094,0.652815365549311,0.1591243775839413,0.1520457283790413,0.1230171254767772,0.0023479736508532,0.8159514093716508,2,RFG4oc_gmo-topo_ctr-area_raw100null2_unified-all_unified_woody_gmonull2,kfold5_block20_unified,RF,gmo+topo_ctr+area,,,none,RF
lcbd_freq_unified,3040,0.3748690938446476,1.98405715161586e-05,0.1991380971700174,1.56508198274184e-05,-8.840033132773031e-07,0.564566198667648,2,RFG4oc_gmo-topo_ctr-area_raw100null2_unified-all_unified_woody_gmonull2,kfold5_block20_unified,RF,gmo+topo_ctr+area,,,none,RF
pcoa1_freq_unified,3040,0.2173815275467261,0.4424329494712156,0.213476310537388,0.2015128706599569,-0.0783271644946091,0.5915785796468244,2,RFG4oc_gmo-topo_ctr-area_raw100null2_unified-all_unified_woody_gmonull2,kfold5_block20_unified,RF,gmo+topo_ctr+area,,,none,RF
pcoa2_freq_unified,3040,0.4413896284082254,0.3534013176141791,0.1678419536121863,0.2292158757140071,0.0259015321518456,0.7970788181159864,2,RFG4oc_gmo-topo_ctr-area_raw100null2_unified-all_unified_woody_gmonull2,kfold5_block20_unified,RF,gmo+topo_ctr+area,,,none,RF
mpd_unified,2535,0.1619590248783861,106.91934220495028,0.1671622778397397,70.48783129020875,-2.8869908273568314,0.3793613312012887,2,RFG4oc_gmo-topo_ctr-area_raw100null2_unified-all_unified_woody_gmonull2,kfold5_block20_unified,RF,gmo+topo_ctr+area,,,none,RF
mntd_unified,2535,0.061595383974124,98.65547578373037,0.1542421952218866,65.44075133004216,-8.09677699866879,0.1935360288712109,2,RFG4oc_gmo-topo_ctr-area_raw100null2_unified-all_unified_woody_gmonull2,kfold5_block20_unified,RF,gmo+topo_ctr+area,,,none,RF
ses_pd_unified,2535,0.1402551922601299,1.1155409804427103,0.2042366381962074,0.8276906278881595,0.0228346204699582,0.3400661398158321,2,RFG4oc_gmo-topo_ctr-area_raw100null2_unified-all_unified_woody_gmonull2,kfold5_block20_unified,RF,gmo+topo_ctr+area,,,none,RF
ses_mpd_unified,2535,0.1765713724695725,1.153318409327178,0.2097225034755293,0.8435159175551974,-0.0576085436710963,0.355591471180526,2,RFG4oc_gmo-topo_ctr-area_raw100null2_unified-all_unified_woody_gmonull2,kfold5_block20_unified,RF,gmo+topo_ctr+area,,,none,RF
ses_mntd_unified,2535,0.0695170724298149,1.1799151434928463,0.1943950529310646,0.8802869592679045,-0.012064947135106,0.2184064259259349,2,RFG4oc_gmo-topo_ctr-area_raw100null2_unified-all_unified_woody_gmonull2,kfold5_block20_unified,RF,gmo+topo_ctr+area,,,none,RF
dark_n_unified,3094,0.5492575726808826,18.64183907656105,0.1742227951080472,14.72969329646426,0.4497356577186934,0.7446163740571445,2,RFG4oc_gmo-topo_ctr-area_raw100null2_unified-all_unified_woody_gmonull2,kfold5_block20_unified,RF,gmo+topo_ctr+area,,,none,RF
lcbd_count_sorensen,2499,0.4597101016858823,1.557833597390083e-05,0.189963359464615,1.2291876661238984e-05,-1.269897301065851e-06,0.6136116738069672,0,RFG4oc_gmo-topo_ctr-area_raw100null3_pg-all_unified_woody_gmonull3,kfold5_block20_unified,RF,gmo+topo_ctr+area,,,none,RF
pd_inext_q0,877,0.0625383691284101,1.490107934442068,0.2152759316922317,1.137657596776579,-0.103338325687466,0.3028485781526452,0,RFG4oc_gmo-topo_ctr-area_raw100null3_pg-all_unified_woody_gmonull3,kfold5_block20_unified,RF,gmo+topo_ctr+area,,,none,RF
pd_inext_q1,877,0.0998127149230398,1.0822634380787113,0.2158204011014999,0.8567299092478394,0.0391615413042225,0.3044887499364441,0,RFG4oc_gmo-topo_ctr-area_raw100null3_pg-all_unified_woody_gmonull3,kfold5_block20_unified,RF,gmo+topo_ctr+area,,,none,RF
pd_inext_q2,877,0.0879548795684402,0.8874036836586728,0.2316854932362755,0.7074882420645867,0.0079473443836685,0.2980610647438826,0,RFG4oc_gmo-topo_ctr-area_raw100null3_pg-all_unified_woody_gmonull3,kfold5_block20_unified,RF,gmo+topo_ctr+area,,,none,RF
td_inext_q0,881,-0.0340934625419875,2.3603146166598505,0.2378877694524393,1.817715047921404,-0.0004282253731129,0.129411239957663,0,RFG4oc_gmo-topo_ctr-area_raw100null3_pg-all_unified_woody_gmonull3,kfold5_block20_unified,RF,gmo+topo_ctr+area,,,none,RF
td_inext_q1,881,0.0357028991427359,1.6613767684188254,0.2030341209722837,1.2647319461896924,0.0165123829233124,0.1839442588873983,0,RFG4oc_gmo-topo_ctr-area_raw100null3_pg-all_unified_woody_gmonull3,kfold5_block20_unified,RF,gmo+topo_ctr+area,,,none,RF
td_inext_q2,881,0.0505802162742832,1.4698784166844066,0.1975126119755058,1.1338867101036538,0.0544385501605978,0.225790479834836,0,RFG4oc_gmo-topo_ctr-area_raw100null3_pg-all_unified_woody_gmonull3,kfold5_block20_unified,RF,gmo+topo_ctr+area,,,none,RF
lcbd_count_sorensen,2499,0.4586871952602467,1.5593075880024006e-05,0.1901430989496308,1.2343938663297589e-05,2.493571661145104e-07,0.610341725693336,1,RFG4oc_gmo-topo_ctr-area_raw100null3_pg-all_unified_woody_gmonull3,kfold5_block20_unified,RF,gmo+topo_ctr+area,,,none,RF
pd_inext_q0,877,0.0731410160192894,1.4816574475687925,0.2140550896358617,1.146110640077042,-0.0043911332266103,0.3158086286799239,1,RFG4oc_gmo-topo_ctr-area_raw100null3_pg-all_unified_woody_gmonull3,kfold5_block20_unified,RF,gmo+topo_ctr+area,,,none,RF
pd_inext_q1,877,0.0842205163240733,1.091596173707065,0.2176814957997198,0.8610023632665519,-0.0003516510769227,0.2852511841306058,1,RFG4oc_gmo-topo_ctr-area_raw100null3_pg-all_unified_woody_gmonull3,kfold5_block20_unified,RF,gmo+topo_ctr+area,,,none,RF
pd_inext_q2,877,0.0503594179844514,0.9055088470693752,0.2364124329506088,0.7085593989306094,-0.0762395320861452,0.2573771974521885,1,RFG4oc_gmo-topo_ctr-area_raw100null3_pg-all_unified_woody_gmonull3,kfold5_block20_unified,RF,gmo+topo_ctr+area,,,none,RF
td_inext_q0,881,-0.0564611900405254,2.38570517884906,0.240446794491602,1.8837327889587536,0.2691356047330663,0.1155899573326258,1,RFG4oc_gmo-topo_ctr-area_raw100null3_pg-all_unified_woody_gmonull3,kfold5_block20_unified,RF,gmo+topo_ctr+area,,,none,RF
td_inext_q1,881,0.0388539400390153,1.6586601005968598,0.2027021214682028,1.267913220247109,0.027812405669402,0.1937096146531236,1,RFG4oc_gmo-topo_ctr-area_raw100null3_pg-all_unified_woody_gmonull3,kfold5_block20_unified,RF,gmo+topo_ctr+area,,,none,RF
td_inext_q2,881,0.0461404835120261,1.4733111743009029,0.1979738834081746,1.1423096356038034,0.0799387527985298,0.2215424725812782,1,RFG4oc_gmo-topo_ctr-area_raw100null3_pg-all_unified_woody_gmonull3,kfold5_block20_unified,RF,gmo+topo_ctr+area,,,none,RF
lcbd_count_sorensen,2499,0.4603326146537539,1.556935883848815e-05,0.1898538916238765,1.2275711508362771e-05,-9.22581222519542e-07,0.613140855278491,2,RFG4oc_gmo-topo_ctr-area_raw100null3_pg-all_unified_woody_gmonull3,kfold5_block20_unified,RF,gmo+topo_ctr+area,,,none,RF
pd_inext_q0,877,0.0687884289696082,1.485132350212645,0.2145571089103751,1.1384242478778164,-0.0481821377641114,0.3202185042921524,2,RFG4oc_gmo-topo_ctr-area_raw100null3_pg-all_unified_woody_gmonull3,kfold5_block20_unified,RF,gmo+topo_ctr+area,,,none,RF
pd_inext_q1,877,0.0869136381221955,1.0899899103945003,0.2173611815581081,0.8479575260852208,-0.0778132629699954,0.2957374571605365,2,RFG4oc_gmo-topo_ctr-area_raw100null3_pg-all_unified_woody_gmonull3,kfold5_block20_unified,RF,gmo+topo_ctr+area,,,none,RF
pd_inext_q2,877,0.0780021147813149,0.8922324773309301,0.2329462063303214,0.6991358614133142,-0.066426715757274,0.2836026291060034,2,RFG4oc_gmo-topo_ctr-area_raw100null3_pg-all_unified_woody_gmonull3,kfold5_block20_unified,RF,gmo+topo_ctr+area,,,none,RF
td_inext_q0,881,-0.0518361838214551,2.3804773465197484,0.2399198997449809,1.8197735617077893,-0.1012992726260224,0.1085221255454777,2,RFG4oc_gmo-topo_ctr-area_raw100null3_pg-all_unified_woody_gmonull3,kfold5_block20_unified,RF,gmo+topo_ctr+area,,,none,RF
td_inext_q1,881,0.0118963125212974,1.6817597832528153,0.2055250956736591,1.299365837759915,0.1755887485318064,0.1656185191831089,2,RFG4oc_gmo-topo_ctr-area_raw100null3_pg-all_unified_woody_gmonull3,kfold5_block20_unified,RF,gmo+topo_ctr+area,,,none,RF
td_inext_q2,881,0.0354101380800767,1.4815749306871575,0.1990843127403232,1.1381849939864537,0.0171650849510572,0.1975249184204007,2,RFG4oc_gmo-topo_ctr-area_raw100null3_pg-all_unified_woody_gmonull3,kfold5_block20_unified,RF,gmo+topo_ctr+area,,,none,RF
hill_q0_unified,3102,0.3947758000966096,2.3623056737206176,0.1687361195514727,1.6991881886136062,-0.0131890375249473,0.6599013284065213,0,RFG4oc_gmo-topo_ctr-area_raw100null3_unified-all_unified_woody_gmonull3,kfold5_block20_unified,RF,gmo+topo_ctr+area,,,none,RF
lcbd_pa_unified,3094,0.3961476258219827,1.1604415391603575e-05,0.2000064963787277,9.232589760609009e-06,1.8622459999112965e-07,0.5686792785158385,0,RFG4oc_gmo-topo_ctr-area_raw100null3_unified-all_unified_woody_gmonull3,kfold5_block20_unified,RF,gmo+topo_ctr+area,,,none,RF
pcoa1_pa_unified,3094,0.4440677838323686,0.2187863023543343,0.1706368672374636,0.1225706903835514,-0.0237038304446367,0.7475949584888613,0,RFG4oc_gmo-topo_ctr-area_raw100null3_unified-all_unified_woody_gmonull3,kfold5_block20_unified,RF,gmo+topo_ctr+area,,,none,RF
pcoa2_pa_unified,3094,0.6517037897031861,0.1593789070845906,0.1522889351328258,0.1229692307316337,0.0053755194742942,0.8152902180371872,0,RFG4oc_gmo-topo_ctr-area_raw100null3_unified-all_unified_woody_gmonull3,kfold5_block20_unified,RF,gmo+topo_ctr+area,,,none,RF
lcbd_freq_unified,3040,0.3692869052142065,1.99289591336638e-05,0.2000252360283433,1.5707420491706803e-05,-2.108035484140737e-06,0.5696166885796197,0,RFG4oc_gmo-topo_ctr-area_raw100null3_unified-all_unified_woody_gmonull3,kfold5_block20_unified,RF,gmo+topo_ctr+area,,,none,RF
pcoa1_freq_unified,3040,0.2416024488859377,0.4355328093190695,0.2101469552901544,0.2058557649705805,-0.0620834326359368,0.5880147160837568,0,RFG4oc_gmo-topo_ctr-area_raw100null3_unified-all_unified_woody_gmonull3,kfold5_block20_unified,RF,gmo+topo_ctr+area,,,none,RF
pcoa2_freq_unified,3040,0.4477118708161963,0.3513957635185477,0.1668894497569144,0.2336317024677905,0.0113366004494365,0.7970473341159959,0,RFG4oc_gmo-topo_ctr-area_raw100null3_unified-all_unified_woody_gmonull3,kfold5_block20_unified,RF,gmo+topo_ctr+area,,,none,RF
mpd_unified,2535,0.1814175467827263,105.6707687661463,0.1652102046621794,71.95023632573684,6.653010514077691,0.4093217259002103,0,RFG4oc_gmo-topo_ctr-area_raw100null3_unified-all_unified_woody_gmonull3,kfold5_block20_unified,RF,gmo+topo_ctr+area,,,none,RF
mntd_unified,2535,0.0718154323104334,98.11678278064556,0.1533999795142799,64.83596204651778,-5.925446672243927,0.1893888804407444,0,RFG4oc_gmo-topo_ctr-area_raw100null3_unified-all_unified_woody_gmonull3,kfold5_block20_unified,RF,gmo+topo_ctr+area,,,none,RF
ses_pd_unified,2535,0.1406778017276564,1.1152667734199588,0.2041864355398475,0.8078963226162034,-0.048694010308915,0.3395420382569206,0,RFG4oc_gmo-topo_ctr-area_raw100null3_unified-all_unified_woody_gmonull3,kfold5_block20_unified,RF,gmo+topo_ctr+area,,,none,RF
ses_mpd_unified,2535,0.1825853281530681,1.1490990292839516,0.2089552401260296,0.8335534921197578,-0.0705815518233482,0.3668145586089558,0,RFG4oc_gmo-topo_ctr-area_raw100null3_unified-all_unified_woody_gmonull3,kfold5_block20_unified,RF,gmo+topo_ctr+area,,,none,RF
ses_mntd_unified,2535,0.0778502357701045,1.1746197540662826,0.1935226194229903,0.8737609864533594,-0.0854292100391977,0.2304757190423965,0,RFG4oc_gmo-topo_ctr-area_raw100null3_unified-all_unified_woody_gmonull3,kfold5_block20_unified,RF,gmo+topo_ctr+area,,,none,RF
dark_n_unified,3094,0.5465394872135941,18.69796198625389,0.1747473082827466,14.749987658175936,-0.256047589319791,0.7406969627691327,0,RFG4oc_gmo-topo_ctr-area_raw100null3_unified-all_unified_woody_gmonull3,kfold5_block20_unified,RF,gmo+topo_ctr+area,,,none,RF
hill_q0_unified,3102,0.3910651568431472,2.3695362826473376,0.1692525916176669,1.6869698691887716,-0.1522759587987731,0.6582751129175382,1,RFG4oc_gmo-topo_ctr-area_raw100null3_unified-all_unified_woody_gmonull3,kfold5_block20_unified,RF,gmo+topo_ctr+area,,,none,RF
lcbd_pa_unified,3094,0.3924690809783966,1.1639707584550616e-05,0.2006147706969641,9.257256265651357e-06,-9.259161425076556e-07,0.5658298909110352,1,RFG4oc_gmo-topo_ctr-area_raw100null3_unified-all_unified_woody_gmonull3,kfold5_block20_unified,RF,gmo+topo_ctr+area,,,none,RF
pcoa1_pa_unified,3094,0.438118467477454,0.2199538593411031,0.1715474739089032,0.1205806286463755,-0.0298531610093099,0.7451993653021282,1,RFG4oc_gmo-topo_ctr-area_raw100null3_unified-all_unified_woody_gmonull3,kfold5_block20_unified,RF,gmo+topo_ctr+area,,,none,RF
pcoa2_pa_unified,3094,0.6504644636935812,0.1596622105233389,0.1525596358158437,0.1253126122817979,-0.0093066355442899,0.814813166084477,1,RFG4oc_gmo-topo_ctr-area_raw100null3_unified-all_unified_woody_gmonull3,kfold5_block20_unified,RF,gmo+topo_ctr+area,,,none,RF
lcbd_freq_unified,3040,0.3721086843080301,1.988432857177162e-05,0.199577282945762,1.5690728995474247e-05,-5.81852496182315e-07,0.5645147960402623,1,RFG4oc_gmo-topo_ctr-area_raw100null3_unified-all_unified_woody_gmonull3,kfold5_block20_unified,RF,gmo+topo_ctr+area,,,none,RF
pcoa1_freq_unified,3040,0.2309266372455597,0.4385875510494899,0.2116208848314197,0.2026146550361151,-0.0721882721726853,0.5985465112697547,1,RFG4oc_gmo-topo_ctr-area_raw100null3_unified-all_unified_woody_gmonull3,kfold5_block20_unified,RF,gmo+topo_ctr+area,,,none,RF
pcoa2_freq_unified,3040,0.4439414516497624,0.3525931962352212,0.1674581500884311,0.2305762785534358,0.0218241990076899,0.7937582896659362,1,RFG4oc_gmo-topo_ctr-area_raw100null3_unified-all_unified_woody_gmonull3,kfold5_block20_unified,RF,gmo+topo_ctr+area,,,none,RF
mpd_unified,2535,0.1586600920000769,107.12957852193216,0.1674909702999305,71.0701548247157,-3.407320789965602,0.3767606697079461,1,RFG4oc_gmo-topo_ctr-area_raw100null3_unified-all_unified_woody_gmonull3,kfold5_block20_unified,RF,gmo+topo_ctr+area,,,none,RF
mntd_unified,2535,0.0700590012087879,98.2095735482825,0.153545052573661,64.90251134780921,-6.905681690549626,0.1836904289215012,1,RFG4oc_gmo-topo_ctr-area_raw100null3_unified-all_unified_woody_gmonull3,kfold5_block20_unified,RF,gmo+topo_ctr+area,,,none,RF
ses_pd_unified,2535,0.144070526958727,1.1130629807925467,0.203782958477691,0.8255717650279818,0.0252486303575341,0.3515372220283834,1,RFG4oc_gmo-topo_ctr-area_raw100null3_unified-all_unified_woody_gmonull3,kfold5_block20_unified,RF,gmo+topo_ctr+area,,,none,RF
ses_mpd_unified,2535,0.1853601595238091,1.1471469804953098,0.208600274354609,0.8365847350995679,-0.0566660526951763,0.3665627705513508,1,RFG4oc_gmo-topo_ctr-area_raw100null3_unified-all_unified_woody_gmonull3,kfold5_block20_unified,RF,gmo+topo_ctr+area,,,none,RF
ses_mntd_unified,2535,0.0772153842439054,1.1750240164059211,0.1935892230252455,0.8765444332449255,-0.0915919105992165,0.2244600874691281,1,RFG4oc_gmo-topo_ctr-area_raw100null3_unified-all_unified_woody_gmonull3,kfold5_block20_unified,RF,gmo+topo_ctr+area,,,none,RF
dark_n_unified,3094,0.5451970089679627,18.725619362699906,0.1750057884364477,14.760535592992644,-1.040435929350273,0.7419867469601187,1,RFG4oc_gmo-topo_ctr-area_raw100null3_unified-all_unified_woody_gmonull3,kfold5_block20_unified,RF,gmo+topo_ctr+area,,,none,RF
hill_q0_unified,3102,0.3825558347748053,2.38603492368896,0.1704310659777828,1.7361055266197472,0.0641174585596034,0.6462542179294946,2,RFG4oc_gmo-topo_ctr-area_raw100null3_unified-all_unified_woody_gmonull3,kfold5_block20_unified,RF,gmo+topo_ctr+area,,,none,RF
lcbd_pa_unified,3094,0.3930741524590633,1.163390984706772e-05,0.2005148444945879,9.263206073641405e-06,-1.5394439794602614e-07,0.5694956144611123,2,RFG4oc_gmo-topo_ctr-area_raw100null3_unified-all_unified_woody_gmonull3,kfold5_block20_unified,RF,gmo+topo_ctr+area,,,none,RF
pcoa1_pa_unified,3094,0.4160727287246932,0.2242273512697557,0.1748804763273492,0.1189964545358984,-0.0425154679765588,0.7453138422516069,2,RFG4oc_gmo-topo_ctr-area_raw100null3_unified-all_unified_woody_gmonull3,kfold5_block20_unified,RF,gmo+topo_ctr+area,,,none,RF
pcoa2_pa_unified,3094,0.6536249489893882,0.158938741994372,0.1518683507901533,0.1229102440717755,0.0035289065336371,0.8160034988427392,2,RFG4oc_gmo-topo_ctr-area_raw100null3_unified-all_unified_woody_gmonull3,kfold5_block20_unified,RF,gmo+topo_ctr+area,,,none,RF
lcbd_freq_unified,3040,0.3743386713840877,1.9848987076188605e-05,0.1992225634168506,1.5675220000167774e-05,-7.787188117673211e-07,0.5639617709502293,2,RFG4oc_gmo-topo_ctr-area_raw100null3_unified-all_unified_woody_gmonull3,kfold5_block20_unified,RF,gmo+topo_ctr+area,,,none,RF
pcoa1_freq_unified,3040,0.2199074426306156,0.4417183923244485,0.2131315328178663,0.2011233183868918,-0.0791580584142551,0.5954721616942322,2,RFG4oc_gmo-topo_ctr-area_raw100null3_unified-all_unified_woody_gmonull3,kfold5_block20_unified,RF,gmo+topo_ctr+area,,,none,RF
pcoa2_freq_unified,3040,0.4449845768653495,0.3522623214488748,0.1673010067282526,0.2286319001107092,0.0280671686682604,0.7989817898297212,2,RFG4oc_gmo-topo_ctr-area_raw100null3_unified-all_unified_woody_gmonull3,kfold5_block20_unified,RF,gmo+topo_ctr+area,,,none,RF
mpd_unified,2535,0.1711078933399665,106.33412297325256,0.166247321034088,69.95029883093534,-3.6949083198316472,0.39409478554265,2,RFG4oc_gmo-topo_ctr-area_raw100null3_unified-all_unified_woody_gmonull3,kfold5_block20_unified,RF,gmo+topo_ctr+area,,,none,RF
mntd_unified,2535,0.0610221773079567,98.6856020972756,0.154289295990478,65.27326282347342,-8.054832258359687,0.1790343826670678,2,RFG4oc_gmo-topo_ctr-area_raw100null3_unified-all_unified_woody_gmonull3,kfold5_block20_unified,RF,gmo+topo_ctr+area,,,none,RF
ses_pd_unified,2535,0.1429538477903834,1.1137888169460377,0.2039158467699807,0.822283791811931,0.0101722527409499,0.3446726434004906,2,RFG4oc_gmo-topo_ctr-area_raw100null3_unified-all_unified_woody_gmonull3,kfold5_block20_unified,RF,gmo+topo_ctr+area,,,none,RF
ses_mpd_unified,2535,0.185026750599838,1.1473817038024587,0.2086429570684209,0.8366597349922839,-0.0703023794254452,0.3728905153481652,2,RFG4oc_gmo-topo_ctr-area_raw100null3_unified-all_unified_woody_gmonull3,kfold5_block20_unified,RF,gmo+topo_ctr+area,,,none,RF
ses_mntd_unified,2535,0.0701207894044608,1.1795323044521593,0.1943319788905382,0.8808466921659225,-0.0155092528112429,0.2095041397504555,2,RFG4oc_gmo-topo_ctr-area_raw100null3_unified-all_unified_woody_gmonull3,kfold5_block20_unified,RF,gmo+topo_ctr+area,,,none,RF
dark_n_unified,3094,0.5489812321860534,18.64755265642062,0.1742761930506599,14.77456937546184,0.3789096190851662,0.7430932690874232,2,RFG4oc_gmo-topo_ctr-area_raw100null3_unified-all_unified_woody_gmonull3,kfold5_block20_unified,RF,gmo+topo_ctr+area,,,none,RF
lcbd_count_sorensen,2499,0.4474848618695689,1.5753597053176755e-05,0.1921005057848912,1.2480688209441437e-05,-1.3563504165813689e-06,0.5996561405660541,0,RFG2c_curve-topo_ctr-area_kndvi_raw100null1_pg-all_unified_woody,kfold5_block20_unified,RF,curve+topo_ctr+area,,kndvi,none,RF
pd_inext_q0,877,0.0445781839577436,1.5043141938050415,0.2173283103485273,1.157744829219317,-0.0889990882588086,0.2518208053526896,0,RFG2c_curve-topo_ctr-area_kndvi_raw100null1_pg-all_unified_woody,kfold5_block20_unified,RF,curve+topo_ctr+area,,kndvi,none,RF
pd_inext_q1,877,0.0814434103626713,1.0932500562902938,0.2180113060750451,0.8662185525712056,0.0487878845631556,0.2869075846731527,0,RFG2c_curve-topo_ctr-area_kndvi_raw100null1_pg-all_unified_woody,kfold5_block20_unified,RF,curve+topo_ctr+area,,kndvi,none,RF
pd_inext_q2,877,0.0589680284916126,0.9013952278188748,0.2353384393188616,0.7145931645843508,0.0097817955343887,0.2605285338641196,0,RFG2c_curve-topo_ctr-area_kndvi_raw100null1_pg-all_unified_woody,kfold5_block20_unified,RF,curve+topo_ctr+area,,kndvi,none,RF
td_inext_q0,881,-0.0190300577739082,2.3430604681797824,0.2361487847989726,1.7995401733328105,-0.0742659944930117,0.1038310207609813,0,RFG2c_curve-topo_ctr-area_kndvi_raw100null1_pg-all_unified_woody,kfold5_block20_unified,RF,curve+topo_ctr+area,,kndvi,none,RF
td_inext_q1,881,0.0321133653736306,1.6644660800864328,0.2034116606675324,1.256046885246386,0.0121807128218391,0.220669418068436,0,RFG2c_curve-topo_ctr-area_kndvi_raw100null1_pg-all_unified_woody,kfold5_block20_unified,RF,curve+topo_ctr+area,,kndvi,none,RF
td_inext_q2,881,0.0439392392269344,1.475010192262867,0.1982021862879582,1.1377812329126231,0.0590806894793706,0.2167648606690385,0,RFG2c_curve-topo_ctr-area_kndvi_raw100null1_pg-all_unified_woody,kfold5_block20_unified,RF,curve+topo_ctr+area,,kndvi,none,RF
lcbd_count_sorensen,2499,0.4449136431862956,1.579021046371761e-05,0.1925469723702473,1.2553073291063544e-05,4.7823488922233744e-08,0.5931030776950071,1,RFG2c_curve-topo_ctr-area_kndvi_raw100null1_pg-all_unified_woody,kfold5_block20_unified,RF,curve+topo_ctr+area,,kndvi,none,RF
pd_inext_q0,877,0.0610734477454009,1.4912717361370174,0.2154440661530948,1.1547953714655623,0.005317625029192,0.2758647421104044,1,RFG2c_curve-topo_ctr-area_kndvi_raw100null1_pg-all_unified_woody,kfold5_block20_unified,RF,curve+topo_ctr+area,,kndvi,none,RF
pd_inext_q1,877,0.0617450425640165,1.104910202332598,0.2203365231222176,0.8696041979702622,-0.0029372230701408,0.2641508326264954,1,RFG2c_curve-topo_ctr-area_kndvi_raw100null1_pg-all_unified_woody,kfold5_block20_unified,RF,curve+topo_ctr+area,,kndvi,none,RF
pd_inext_q2,877,0.0404556491196773,0.9102183603413976,0.2376420040301796,0.7138872569800864,-0.0696664050544666,0.2444194973182738,1,RFG2c_curve-topo_ctr-area_kndvi_raw100null1_pg-all_unified_woody,kfold5_block20_unified,RF,curve+topo_ctr+area,,kndvi,none,RF
td_inext_q0,881,-0.0298590479925933,2.355477141441084,0.2374002174195657,1.8597193011999704,0.2412182569516601,0.0937471167776822,1,RFG2c_curve-topo_ctr-area_kndvi_raw100null1_pg-all_unified_woody,kfold5_block20_unified,RF,curve+topo_ctr+area,,kndvi,none,RF
td_inext_q1,881,0.0396700254867695,1.6579557873409474,0.202616048504188,1.250504974499567,-0.0121986028784287,0.2242710489035568,1,RFG2c_curve-topo_ctr-area_kndvi_raw100null1_pg-all_unified_woody,kfold5_block20_unified,RF,curve+topo_ctr+area,,kndvi,none,RF
td_inext_q2,881,0.04172785753009,1.476715066419728,0.1984312760847666,1.141015789714987,0.0659363232849777,0.2206891401979346,1,RFG2c_curve-topo_ctr-area_kndvi_raw100null1_pg-all_unified_woody,kfold5_block20_unified,RF,curve+topo_ctr+area,,kndvi,none,RF
lcbd_count_sorensen,2499,0.4485014173912762,1.573909810296503e-05,0.1919237045337471,1.2467838070212602e-05,-1.0683809320718338e-06,0.5973301109023212,2,RFG2c_curve-topo_ctr-area_kndvi_raw100null1_pg-all_unified_woody,kfold5_block20_unified,RF,curve+topo_ctr+area,,kndvi,none,RF
pd_inext_q0,877,0.0595329649813813,1.4924945883905216,0.2156207316496741,1.1501260622069736,-0.0546139916756558,0.2777448647474332,2,RFG2c_curve-topo_ctr-area_kndvi_raw100null1_pg-all_unified_woody,kfold5_block20_unified,RF,curve+topo_ctr+area,,kndvi,none,RF
pd_inext_q1,877,0.0703593816579734,1.0998262862513235,0.2193227100622709,0.8495681436823793,-0.0936634942415027,0.2728823248094953,2,RFG2c_curve-topo_ctr-area_kndvi_raw100null1_pg-all_unified_woody,kfold5_block20_unified,RF,curve+topo_ctr+area,,kndvi,none,RF
pd_inext_q2,877,0.0633068497681774,0.8993147930178178,0.2347952743851288,0.7018194242068411,-0.0673773736926893,0.2685725380755794,2,RFG2c_curve-topo_ctr-area_kndvi_raw100null1_pg-all_unified_woody,kfold5_block20_unified,RF,curve+topo_ctr+area,,kndvi,none,RF
td_inext_q0,881,-0.0481143165054367,2.3762620169992816,0.2394950515785319,1.8242080454970764,-0.085522152228456,0.0768225310139589,2,RFG2c_curve-topo_ctr-area_kndvi_raw100null1_pg-all_unified_woody,kfold5_block20_unified,RF,curve+topo_ctr+area,,kndvi,none,RF
td_inext_q1,881,0.0330011357238136,1.6637025595587676,0.2033183520802657,1.270655388050527,0.1328042329363602,0.2210784781270587,2,RFG2c_curve-topo_ctr-area_kndvi_raw100null1_pg-all_unified_woody,kfold5_block20_unified,RF,curve+topo_ctr+area,,kndvi,none,RF
td_inext_q2,881,0.0389497087315787,1.4788541065057432,0.1987187062488629,1.133729396138636,-0.0024876463624279,0.2039476241814561,2,RFG2c_curve-topo_ctr-area_kndvi_raw100null1_pg-all_unified_woody,kfold5_block20_unified,RF,curve+topo_ctr+area,,kndvi,none,RF
lcbd_count_sorensen,2499,0.4447257348857122,1.5792882895234692e-05,0.1925795601941185,1.2460645130528572e-05,-1.2553802883065725e-06,0.6070007575943123,0,RFG7c_lspu-topo_ctr-area_kndvi_raw100null1_pg-all_unified_woody_lspunull1,kfold5_block20_unified,RF,lspu+topo_ctr+area,,kndvi,none,RF
pd_inext_q0,877,0.067101864597174,1.486476640964867,0.214751318629994,1.1491373070907347,-0.0996700920623903,0.2697719492587433,0,RFG7c_lspu-topo_ctr-area_kndvi_raw100null1_pg-all_unified_woody_lspunull1,kfold5_block20_unified,RF,lspu+topo_ctr+area,,kndvi,none,RF
pd_inext_q1,877,0.1096485281256801,1.0763345725626687,0.2146380917960865,0.8525660564281641,0.0286756596784199,0.2999668495733835,0,RFG7c_lspu-topo_ctr-area_kndvi_raw100null1_pg-all_unified_woody_lspunull1,kfold5_block20_unified,RF,lspu+topo_ctr+area,,kndvi,none,RF
pd_inext_q2,877,0.093154952111925,0.8848702783542889,0.2310240656714341,0.7078570465494871,0.0101797840410761,0.2968044120204151,0,RFG7c_lspu-topo_ctr-area_kndvi_raw100null1_pg-all_unified_woody_lspunull1,kfold5_block20_unified,RF,lspu+topo_ctr+area,,kndvi,none,RF
td_inext_q0,881,0.0099660747774328,2.309484425903967,0.2327647741473174,1.782038185595764,-0.069424060603009,0.1391662098632517,0,RFG7c_lspu-topo_ctr-area_kndvi_raw100null1_pg-all_unified_woody_lspunull1,kfold5_block20_unified,RF,lspu+topo_ctr+area,,kndvi,none,RF
td_inext_q1,881,0.0661656871187454,1.6349241785785824,0.1998013934972476,1.2327446637894786,-0.0256906677543877,0.2502573351824213,0,RFG7c_lspu-topo_ctr-area_kndvi_raw100null1_pg-all_unified_woody_lspunull1,kfold5_block20_unified,RF,lspu+topo_ctr+area,,kndvi,none,RF
td_inext_q2,881,0.075012267170356,1.4508424727866267,0.1949546868042861,1.1166979675408,0.0367111827522871,0.2632816233119441,0,RFG7c_lspu-topo_ctr-area_kndvi_raw100null1_pg-all_unified_woody_lspunull1,kfold5_block20_unified,RF,lspu+topo_ctr+area,,kndvi,none,RF
lcbd_count_sorensen,2499,0.4434582438852091,1.581089735054639e-05,0.1927992297695898,1.2504943266802572e-05,2.5688583950748133e-07,0.6017678984518091,1,RFG7c_lspu-topo_ctr-area_kndvi_raw100null1_pg-all_unified_woody_lspunull1,kfold5_block20_unified,RF,lspu+topo_ctr+area,,kndvi,none,RF
pd_inext_q0,877,0.0800035604522455,1.4761620964296918,0.2132611761151685,1.153217281866261,-0.0030312104730819,0.2878660203785352,1,RFG7c_lspu-topo_ctr-area_kndvi_raw100null1_pg-all_unified_woody_lspunull1,kfold5_block20_unified,RF,lspu+topo_ctr+area,,kndvi,none,RF
pd_inext_q1,877,0.0973692833606161,1.0837312685129494,0.2161131096435427,0.8506457560055429,-0.0301379264486059,0.2834412889648716,1,RFG7c_lspu-topo_ctr-area_kndvi_raw100null1_pg-all_unified_woody_lspunull1,kfold5_block20_unified,RF,lspu+topo_ctr+area,,kndvi,none,RF
pd_inext_q2,877,0.0537930518776313,0.9038703316640668,0.2359846453981739,0.7080123477067887,-0.0856815368723566,0.2614217309603601,1,RFG7c_lspu-topo_ctr-area_kndvi_raw100null1_pg-all_unified_woody_lspunull1,kfold5_block20_unified,RF,lspu+topo_ctr+area,,kndvi,none,RF
td_inext_q0,881,-0.0004527171524935,2.321604749646689,0.2339863387471578,1.8347711668314004,0.206211816978954,0.1414376308851347,1,RFG7c_lspu-topo_ctr-area_kndvi_raw100null1_pg-all_unified_woody_lspunull1,kfold5_block20_unified,RF,lspu+topo_ctr+area,,kndvi,none,RF
td_inext_q1,881,0.0780002688773456,1.6245313621035968,0.1985313044978492,1.2268799189899526,-0.0357347505317339,0.2647576319810761,1,RFG7c_lspu-topo_ctr-area_kndvi_raw100null1_pg-all_unified_woody_lspunull1,kfold5_block20_unified,RF,lspu+topo_ctr+area,,kndvi,none,RF
td_inext_q2,881,0.0724997236369102,1.4528115977086664,0.1952192848841296,1.118790440813934,0.0584306913371791,0.2572795951218612,1,RFG7c_lspu-topo_ctr-area_kndvi_raw100null1_pg-all_unified_woody_lspunull1,kfold5_block20_unified,RF,lspu+topo_ctr+area,,kndvi,none,RF
lcbd_count_sorensen,2499,0.4480822090226489,1.5745078814886437e-05,0.1919966337689673,1.2409272163834676e-05,-1.0809255211925418e-06,0.6078823771773865,2,RFG7c_lspu-topo_ctr-area_kndvi_raw100null1_pg-all_unified_woody_lspunull1,kfold5_block20_unified,RF,lspu+topo_ctr+area,,kndvi,none,RF
pd_inext_q0,877,0.0639311578241518,1.4890005947654972,0.2151159543006189,1.1558078559119287,-0.066211434631071,0.2716791665119687,2,RFG7c_lspu-topo_ctr-area_kndvi_raw100null1_pg-all_unified_woody_lspunull1,kfold5_block20_unified,RF,lspu+topo_ctr+area,,kndvi,none,RF
pd_inext_q1,877,0.097152244661259,1.0838615529599005,0.2161390904173626,0.8424248930854062,-0.0845023568129426,0.3014651655978912,2,RFG7c_lspu-topo_ctr-area_kndvi_raw100null1_pg-all_unified_woody_lspunull1,kfold5_block20_unified,RF,lspu+topo_ctr+area,,kndvi,none,RF
pd_inext_q2,877,0.0830572289828923,0.889783156976856,0.2323067318670335,0.6959332608117856,-0.0754377036299906,0.2820826089275446,2,RFG7c_lspu-topo_ctr-area_kndvi_raw100null1_pg-all_unified_woody_lspunull1,kfold5_block20_unified,RF,lspu+topo_ctr+area,,kndvi,none,RF
td_inext_q0,881,-0.0192511309431424,2.3433146116708534,0.2361743990233582,1.795718551166631,-0.1323346364225216,0.1256464764912346,2,RFG7c_lspu-topo_ctr-area_kndvi_raw100null1_pg-all_unified_woody_lspunull1,kfold5_block20_unified,RF,lspu+topo_ctr+area,,kndvi,none,RF
td_inext_q1,881,0.0626980589480451,1.6379568663990227,0.200172013285312,1.2528453117060552,0.0969216487371981,0.2287931372604944,2,RFG7c_lspu-topo_ctr-area_kndvi_raw100null1_pg-all_unified_woody_lspunull1,kfold5_block20_unified,RF,lspu+topo_ctr+area,,kndvi,none,RF
td_inext_q2,881,0.0618640286034471,1.4611175882296192,0.1963353893620344,1.114194657188879,-0.0121134504955112,0.2276646241667809,2,RFG7c_lspu-topo_ctr-area_kndvi_raw100null1_pg-all_unified_woody_lspunull1,kfold5_block20_unified,RF,lspu+topo_ctr+area,,kndvi,none,RF
hill_q0_unified,3102,0.3619724819886509,2.4254797640615324,0.1732485545758237,1.7003176147786818,-0.1115615021817104,0.6499005225578016,0,RFG2c_curve-topo_ctr-area_kndvi_raw100null1_unified-all_unified_woody,kfold5_block20_unified,RF,curve+topo_ctr+area,,kndvi,none,RF
lcbd_pa_unified,3094,0.3928038298059753,1.1636500410052834e-05,0.2005594938292434,9.250569696348957e-06,1.728341832861853e-07,0.5626476905163292,0,RFG2c_curve-topo_ctr-area_kndvi_raw100null1_unified-all_unified_woody,kfold5_block20_unified,RF,curve+topo_ctr+area,,kndvi,none,RF
pcoa1_pa_unified,3094,0.4741731455703423,0.2127798941430432,0.1659523204011439,0.1205413777534156,-0.0234277244406889,0.7524638216485751,0,RFG2c_curve-topo_ctr-area_kndvi_raw100null1_unified-all_unified_woody,kfold5_block20_unified,RF,curve+topo_ctr+area,,kndvi,none,RF
pcoa2_pa_unified,3094,0.6721208709485751,0.1546369788466186,0.1477579516103089,0.1203816439361962,0.0008002996770627,0.8280473705982108,0,RFG2c_curve-topo_ctr-area_kndvi_raw100null1_unified-all_unified_woody,kfold5_block20_unified,RF,curve+topo_ctr+area,,kndvi,none,RF
lcbd_freq_unified,3040,0.3664219551350993,1.9974170484724725e-05,0.2004790184414873,1.5848768047309178e-05,-2.106309538428455e-06,0.5596836547916326,0,RFG2c_curve-topo_ctr-area_kndvi_raw100null1_unified-all_unified_woody,kfold5_block20_unified,RF,curve+topo_ctr+area,,kndvi,none,RF
pcoa1_freq_unified,3040,0.2692300086122364,0.4275262329454684,0.2062837385330956,0.206963041284889,-0.0611047655867614,0.563234360318337,0,RFG2c_curve-topo_ctr-area_kndvi_raw100null1_unified-all_unified_woody,kfold5_block20_unified,RF,curve+topo_ctr+area,,kndvi,none,RF
pcoa2_freq_unified,3040,0.4535045837029139,0.3495480862842872,0.1660119268355606,0.2332593466245818,0.0118837517580645,0.8049304366417005,0,RFG2c_curve-topo_ctr-area_kndvi_raw100null1_unified-all_unified_woody,kfold5_block20_unified,RF,curve+topo_ctr+area,,kndvi,none,RF
mpd_unified,2535,0.1332880033168506,108.73292108567868,0.1699977047184749,73.62965141264394,4.683565797340942,0.3579148962313674,0,RFG2c_curve-topo_ctr-area_kndvi_raw100null1_unified-all_unified_woody,kfold5_block20_unified,RF,curve+topo_ctr+area,,kndvi,none,RF
mntd_unified,2535,0.0342947794275485,100.08025823166366,0.1564697611095075,65.650084355874,-7.725593833433328,0.1769438712925909,0,RFG2c_curve-topo_ctr-area_kndvi_raw100null1_unified-all_unified_woody,kfold5_block20_unified,RF,curve+topo_ctr+area,,kndvi,none,RF
ses_pd_unified,2535,0.1083990467381711,1.136020086389246,0.2079860152474427,0.8270512479066707,-0.0590138071571446,0.3152106492033178,0,RFG2c_curve-topo_ctr-area_kndvi_raw100null1_unified-all_unified_woody,kfold5_block20_unified,RF,curve+topo_ctr+area,,kndvi,none,RF
ses_mpd_unified,2535,0.154585865461417,1.1686137601862967,0.2125038509748572,0.8616798115406009,-0.0457075821684559,0.3430847192323604,0,RFG2c_curve-topo_ctr-area_kndvi_raw100null1_unified-all_unified_woody,kfold5_block20_unified,RF,curve+topo_ctr+area,,kndvi,none,RF
ses_mntd_unified,2535,0.0538908047114843,1.1897814738510253,0.1960205645814499,0.8897647052143507,-0.0958911041741299,0.2048613892075174,0,RFG2c_curve-topo_ctr-area_kndvi_raw100null1_unified-all_unified_woody,kfold5_block20_unified,RF,curve+topo_ctr+area,,kndvi,none,RF
dark_n_unified,3094,0.5557384721600247,18.5073350790148,0.1729657484020074,14.70469960202021,-0.9026898967808658,0.7399539441541262,0,RFG2c_curve-topo_ctr-area_kndvi_raw100null1_unified-all_unified_woody,kfold5_block20_unified,RF,curve+topo_ctr+area,,kndvi,none,RF
hill_q0_unified,3102,0.363508003527255,2.42255934146961,0.173039952962115,1.6958149715047242,-0.1440041122556668,0.6481953092680968,1,RFG2c_curve-topo_ctr-area_kndvi_raw100null1_unified-all_unified_woody,kfold5_block20_unified,RF,curve+topo_ctr+area,,kndvi,none,RF
lcbd_pa_unified,3094,0.3909133282933011,1.165460141761238e-05,0.2008714715533026,9.23357293652105e-06,-1.1584298807963037e-06,0.5641929908172731,1,RFG2c_curve-topo_ctr-area_kndvi_raw100null1_unified-all_unified_woody,kfold5_block20_unified,RF,curve+topo_ctr+area,,kndvi,none,RF
pcoa1_pa_unified,3094,0.474764445106503,0.2126602235307573,0.1658589863205314,0.1201714037884049,-0.0242369872829219,0.7490709687526933,1,RFG2c_curve-topo_ctr-area_kndvi_raw100null1_unified-all_unified_woody,kfold5_block20_unified,RF,curve+topo_ctr+area,,kndvi,none,RF
pcoa2_pa_unified,3094,0.6732747321614883,0.1543646424063678,0.147497730058773,0.1211066620214646,-0.0046266022511735,0.8295630215852641,1,RFG2c_curve-topo_ctr-area_kndvi_raw100null1_unified-all_unified_woody,kfold5_block20_unified,RF,curve+topo_ctr+area,,kndvi,none,RF
lcbd_freq_unified,3040,0.3712489886732555,1.9897936518482413e-05,0.1997138647278025,1.5894316729800662e-05,-2.258616494148997e-07,0.557467872226933,1,RFG2c_curve-topo_ctr-area_kndvi_raw100null1_unified-all_unified_woody,kfold5_block20_unified,RF,curve+topo_ctr+area,,kndvi,none,RF
pcoa1_freq_unified,3040,0.2540567654431308,0.4319418711785601,0.2084143080573475,0.2021034220574326,-0.0752920442215827,0.5630239554025249,1,RFG2c_curve-topo_ctr-area_kndvi_raw100null1_unified-all_unified_woody,kfold5_block20_unified,RF,curve+topo_ctr+area,,kndvi,none,RF
pcoa2_freq_unified,3040,0.4466648481886806,0.3517286921900017,0.1670475685749414,0.2308742503693893,0.0218751214375847,0.7998726466530232,1,RFG2c_curve-topo_ctr-area_kndvi_raw100null1_unified-all_unified_woody,kfold5_block20_unified,RF,curve+topo_ctr+area,,kndvi,none,RF
mpd_unified,2535,0.1147794595248024,109.88777825428711,0.1718032578663244,72.64974836135967,-4.380716853075036,0.340885632407835,1,RFG2c_curve-topo_ctr-area_kndvi_raw100null1_unified-all_unified_woody,kfold5_block20_unified,RF,curve+topo_ctr+area,,kndvi,none,RF
mntd_unified,2535,0.0412899608976872,99.71712881110292,0.1559020290243699,65.33020788793073,-5.643950863639849,0.1842488281117405,1,RFG2c_curve-topo_ctr-area_kndvi_raw100null1_unified-all_unified_woody,kfold5_block20_unified,RF,curve+topo_ctr+area,,kndvi,none,RF
ses_pd_unified,2535,0.1100975224996712,1.134937526773797,0.2077878169379385,0.8442504212526651,0.0249929641869815,0.3200359251124952,1,RFG2c_curve-topo_ctr-area_kndvi_raw100null1_unified-all_unified_woody,kfold5_block20_unified,RF,curve+topo_ctr+area,,kndvi,none,RF
ses_mpd_unified,2535,0.1521555757219019,1.17029224637118,0.2128090713909158,0.8608241559468585,-0.0516864354213477,0.3404125099931301,1,RFG2c_curve-topo_ctr-area_kndvi_raw100null1_unified-all_unified_woody,kfold5_block20_unified,RF,curve+topo_ctr+area,,kndvi,none,RF
ses_mntd_unified,2535,0.0486050390452511,1.193100407205289,0.196567370195934,0.8909079001708519,-0.0883099465393911,0.1968994853252367,1,RFG2c_curve-topo_ctr-area_kndvi_raw100null1_unified-all_unified_woody,kfold5_block20_unified,RF,curve+topo_ctr+area,,kndvi,none,RF
dark_n_unified,3094,0.5570360198626598,18.48028827358705,0.1727129745195051,14.663662825143192,-1.2317620372138152,0.7421902567709846,1,RFG2c_curve-topo_ctr-area_kndvi_raw100null1_unified-all_unified_woody,kfold5_block20_unified,RF,curve+topo_ctr+area,,kndvi,none,RF
hill_q0_unified,3102,0.356492765388994,2.435873145099939,0.1739909389357099,1.7374144418317232,0.0274594551380044,0.6347408034048473,2,RFG2c_curve-topo_ctr-area_kndvi_raw100null1_unified-all_unified_woody,kfold5_block20_unified,RF,curve+topo_ctr+area,,kndvi,none,RF
lcbd_pa_unified,3094,0.3954003197001486,1.1611593776285914e-05,0.2001302185587361,9.217727364129585e-06,-1.6720436689219777e-07,0.5668915361784798,2,RFG2c_curve-topo_ctr-area_kndvi_raw100null1_unified-all_unified_woody,kfold5_block20_unified,RF,curve+topo_ctr+area,,kndvi,none,RF
pcoa1_pa_unified,3094,0.4587694314271536,0.2158740136094684,0.1683655009655934,0.1185650990937662,-0.0355505484129139,0.7491634340753067,2,RFG2c_curve-topo_ctr-area_kndvi_raw100null1_unified-all_unified_woody,kfold5_block20_unified,RF,curve+topo_ctr+area,,kndvi,none,RF
pcoa2_pa_unified,3094,0.6714487475316292,0.1547953938164257,0.1479093194889217,0.1199198146561214,0.0053966986720413,0.8272985830839192,2,RFG2c_curve-topo_ctr-area_kndvi_raw100null1_unified-all_unified_woody,kfold5_block20_unified,RF,curve+topo_ctr+area,,kndvi,none,RF
lcbd_freq_unified,3040,0.3698099487277042,1.9920693985170538e-05,0.1999422794490716,1.5850500213596746e-05,-1.017951865336951e-06,0.5553010831252059,2,RFG2c_curve-topo_ctr-area_kndvi_raw100null1_unified-all_unified_woody,kfold5_block20_unified,RF,curve+topo_ctr+area,,kndvi,none,RF
pcoa1_freq_unified,3040,0.2413192051140213,0.4356141323926156,0.210186194116564,0.2024048145772489,-0.0814112691726179,0.5620546649352113,2,RFG2c_curve-topo_ctr-area_kndvi_raw100null1_unified-all_unified_woody,kfold5_block20_unified,RF,curve+topo_ctr+area,,kndvi,none,RF
pcoa2_freq_unified,3040,0.4465423942826774,0.3517676090828108,0.1670660514922143,0.2308719632999351,0.0204631863592356,0.8035313116526885,2,RFG2c_curve-topo_ctr-area_kndvi_raw100null1_unified-all_unified_woody,kfold5_block20_unified,RF,curve+topo_ctr+area,,kndvi,none,RF
mpd_unified,2535,0.1246406685702921,109.27399836298244,0.1708436481024891,71.7516642494773,-5.503469918812335,0.3520654225780476,2,RFG2c_curve-topo_ctr-area_kndvi_raw100null1_unified-all_unified_woody,kfold5_block20_unified,RF,curve+topo_ctr+area,,kndvi,none,RF
mntd_unified,2535,0.0375267835166029,99.91264450851504,0.1562077066375952,65.54507489721477,-6.997433928320959,0.1779756921680304,2,RFG2c_curve-topo_ctr-area_kndvi_raw100null1_unified-all_unified_woody,kfold5_block20_unified,RF,curve+topo_ctr+area,,kndvi,none,RF
ses_pd_unified,2535,0.1133148417388609,1.132884064318196,0.207411862781214,0.8435976754317975,0.0226858170303576,0.3238348746943238,2,RFG2c_curve-topo_ctr-area_kndvi_raw100null1_unified-all_unified_woody,kfold5_block20_unified,RF,curve+topo_ctr+area,,kndvi,none,RF
ses_mpd_unified,2535,0.1519082137428492,1.1704629526271066,0.2128401130729546,0.8665305536801206,-0.0404343096432217,0.3401515247482104,2,RFG2c_curve-topo_ctr-area_kndvi_raw100null1_unified-all_unified_woody,kfold5_block20_unified,RF,curve+topo_ctr+area,,kndvi,none,RF
ses_mntd_unified,2535,0.0479176741925054,1.1935313256182587,0.196638365477383,0.8910617909707981,-0.0163044262061921,0.1856913809403359,2,RFG2c_curve-topo_ctr-area_kndvi_raw100null1_unified-all_unified_woody,kfold5_block20_unified,RF,curve+topo_ctr+area,,kndvi,none,RF
dark_n_unified,3094,0.5607891096115037,18.401833002273392,0.171979747684798,14.652454800634366,-0.1562116374285175,0.7418918514145056,2,RFG2c_curve-topo_ctr-area_kndvi_raw100null1_unified-all_unified_woody,kfold5_block20_unified,RF,curve+topo_ctr+area,,kndvi,none,RF
hill_q0_unified,3102,0.3309451470290268,2.483755336009075,0.1774110954292196,1.7458810014076156,-0.078311391430532,0.630214028481412,0,RFG7c_lspu-topo_ctr-area_kndvi_raw100null1_unified-all_unified_woody_lspunull1,kfold5_block20_unified,RF,lspu+topo_ctr+area,,kndvi,none,RF
lcbd_pa_unified,3094,0.3733911135418908,1.182105266415447e-05,0.2037403218585789,9.374675037357445e-06,1.9485604398848322e-07,0.547191509061679,0,RFG7c_lspu-topo_ctr-area_kndvi_raw100null1_unified-all_unified_woody_lspunull1,kfold5_block20_unified,RF,lspu+topo_ctr+area,,kndvi,none,RF
pcoa1_pa_unified,3094,0.5027543553794399,0.2069162987742217,0.1613791568451213,0.1175803358178423,-0.0235115314425938,0.7563014105741598,0,RFG7c_lspu-topo_ctr-area_kndvi_raw100null1_unified-all_unified_woody_lspunull1,kfold5_block20_unified,RF,lspu+topo_ctr+area,,kndvi,none,RF
pcoa2_pa_unified,3094,0.6612554145382201,0.157178323045946,0.150186244092677,0.1217619553755009,0.0017357947311145,0.8220389114687789,0,RFG7c_lspu-topo_ctr-area_kndvi_raw100null1_unified-all_unified_woody_lspunull1,kfold5_block20_unified,RF,lspu+topo_ctr+area,,kndvi,none,RF
lcbd_freq_unified,3040,0.346240412480819,2.02897982247011e-05,0.2036469467192478,1.6036525089292705e-05,-2.3920400473260702e-06,0.5522044776698098,0,RFG7c_lspu-topo_ctr-area_kndvi_raw100null1_unified-all_unified_woody_lspunull1,kfold5_block20_unified,RF,lspu+topo_ctr+area,,kndvi,none,RF
pcoa1_freq_unified,3040,0.2881069353747963,0.4219682712602934,0.2036019917145609,0.2012693306719012,-0.0606034199418996,0.5775864573331149,0,RFG7c_lspu-topo_ctr-area_kndvi_raw100null1_unified-all_unified_woody_lspunull1,kfold5_block20_unified,RF,lspu+topo_ctr+area,,kndvi,none,RF
pcoa2_freq_unified,3040,0.4489462040434481,0.3510028688853127,0.1667028511238048,0.2335206936953062,0.0107271224642143,0.7940191600233226,0,RFG7c_lspu-topo_ctr-area_kndvi_raw100null1_unified-all_unified_woody_lspunull1,kfold5_block20_unified,RF,lspu+topo_ctr+area,,kndvi,none,RF
mpd_unified,2535,0.1563073949671829,107.2792608818382,0.1677249901107367,73.11944923790068,5.709069935048194,0.3798635320210075,0,RFG7c_lspu-topo_ctr-area_kndvi_raw100null1_unified-all_unified_woody_lspunull1,kfold5_block20_unified,RF,lspu+topo_ctr+area,,kndvi,none,RF
mntd_unified,2535,0.0494448568051792,99.29212050693712,0.1552375528429791,65.22984284885419,-7.16678235182256,0.1896186770108231,0,RFG7c_lspu-topo_ctr-area_kndvi_raw100null1_unified-all_unified_woody_lspunull1,kfold5_block20_unified,RF,lspu+topo_ctr+area,,kndvi,none,RF
ses_pd_unified,2535,0.1139560664634312,1.1324743559529058,0.2073368521266215,0.8250390065494753,-0.0563927149487327,0.3102727124455482,0,RFG7c_lspu-topo_ctr-area_kndvi_raw100null1_unified-all_unified_woody_lspunull1,kfold5_block20_unified,RF,lspu+topo_ctr+area,,kndvi,none,RF
ses_mpd_unified,2535,0.1585586708302857,1.165864727524697,0.2120039595248777,0.8541895171543508,-0.0654327142844005,0.3372230866805829,0,RFG7c_lspu-topo_ctr-area_kndvi_raw100null1_unified-all_unified_woody_lspunull1,kfold5_block20_unified,RF,lspu+topo_ctr+area,,kndvi,none,RF
ses_mntd_unified,2535,0.0471426657118554,1.194017002492329,0.196718382402467,0.8878249705145103,-0.1065597689041407,0.2029654544737044,0,RFG7c_lspu-topo_ctr-area_kndvi_raw100null1_unified-all_unified_woody_lspunull1,kfold5_block20_unified,RF,lspu+topo_ctr+area,,kndvi,none,RF
dark_n_unified,3094,0.5646696586253332,18.32036001611243,0.1712183179075928,14.4874848745689,-0.4875653855044806,0.7468162188014934,0,RFG7c_lspu-topo_ctr-area_kndvi_raw100null1_unified-all_unified_woody_lspunull1,kfold5_block20_unified,RF,lspu+topo_ctr+area,,kndvi,none,RF
hill_q0_unified,3102,0.3336061173696573,2.4788112093100287,0.1770579435221449,1.741636935219043,-0.1197743251547265,0.6284436776684117,1,RFG7c_lspu-topo_ctr-area_kndvi_raw100null1_unified-all_unified_woody_lspunull1,kfold5_block20_unified,RF,lspu+topo_ctr+area,,kndvi,none,RF
lcbd_pa_unified,3094,0.370009180903023,1.1852910021643212e-05,0.2042893954861757,9.36010730417372e-06,-1.2182341697898445e-06,0.5471907212367317,1,RFG7c_lspu-topo_ctr-area_kndvi_raw100null1_unified-all_unified_woody_lspunull1,kfold5_block20_unified,RF,lspu+topo_ctr+area,,kndvi,none,RF
pcoa1_pa_unified,3094,0.5025449650861094,0.2069598604471576,0.1614131316749959,0.1175291347768012,-0.023241212581557,0.750965609335366,1,RFG7c_lspu-topo_ctr-area_kndvi_raw100null1_unified-all_unified_woody_lspunull1,kfold5_block20_unified,RF,lspu+topo_ctr+area,,kndvi,none,RF
pcoa2_pa_unified,3094,0.661057430634439,0.1572242488462411,0.15023012688338,0.1234808190837549,-0.0100048610291526,0.8230135789799852,1,RFG7c_lspu-topo_ctr-area_kndvi_raw100null1_unified-all_unified_woody_lspunull1,kfold5_block20_unified,RF,lspu+topo_ctr+area,,kndvi,none,RF
lcbd_freq_unified,3040,0.3524693943234877,2.0192906892952806e-05,0.2026744568178903,1.6110260966552303e-05,-1.4515759700354833e-07,0.5472038146776366,1,RFG7c_lspu-topo_ctr-area_kndvi_raw100null1_unified-all_unified_woody_lspunull1,kfold5_block20_unified,RF,lspu+topo_ctr+area,,kndvi,none,RF
pcoa1_freq_unified,3040,0.2814030680572897,0.4239504444955694,0.2045584011086136,0.2017760354706056,-0.061999302254993,0.5825575010763446,1,RFG7c_lspu-topo_ctr-area_kndvi_raw100null1_unified-all_unified_woody_lspunull1,kfold5_block20_unified,RF,lspu+topo_ctr+area,,kndvi,none,RF
pcoa2_freq_unified,3040,0.4396962817080611,0.353936554836083,0.1680961554402293,0.2301794033790647,0.0277157450573614,0.7874928365589664,1,RFG7c_lspu-topo_ctr-area_kndvi_raw100null1_unified-all_unified_woody_lspunull1,kfold5_block20_unified,RF,lspu+topo_ctr+area,,kndvi,none,RF
mpd_unified,2535,0.1283395389231215,109.04288285190076,0.1704823122162052,72.26512705801635,-5.091426906597484,0.3571478196749209,1,RFG7c_lspu-topo_ctr-area_kndvi_raw100null1_unified-all_unified_woody_lspunull1,kfold5_block20_unified,RF,lspu+topo_ctr+area,,kndvi,none,RF
mntd_unified,2535,0.0479004532244659,99.37274963763782,0.1553636118784185,65.17183978958802,-5.521344967736753,0.2016244769093058,1,RFG7c_lspu-topo_ctr-area_kndvi_raw100null1_unified-all_unified_woody_lspunull1,kfold5_block20_unified,RF,lspu+topo_ctr+area,,kndvi,none,RF
ses_pd_unified,2535,0.1135987343279167,1.1327026903916446,0.2073786562906729,0.8395626015505401,0.0086844430594717,0.3223579174953073,1,RFG7c_lspu-topo_ctr-area_kndvi_raw100null1_unified-all_unified_woody_lspunull1,kfold5_block20_unified,RF,lspu+topo_ctr+area,,kndvi,none,RF
ses_mpd_unified,2535,0.1624380314441317,1.1631740855496775,0.21151468599348,0.8569060154961343,-0.0569071328242999,0.3431626049083647,1,RFG7c_lspu-topo_ctr-area_kndvi_raw100null1_unified-all_unified_woody_lspunull1,kfold5_block20_unified,RF,lspu+topo_ctr+area,,kndvi,none,RF
ses_mntd_unified,2535,0.0447799310041023,1.195496446805177,0.196962125909863,0.888947911660836,-0.0894611936867127,0.2012857083365254,1,RFG7c_lspu-topo_ctr-area_kndvi_raw100null1_unified-all_unified_woody_lspunull1,kfold5_block20_unified,RF,lspu+topo_ctr+area,,kndvi,none,RF
dark_n_unified,3094,0.563247279631073,18.35026517305928,0.1714978053556941,14.511969487549004,-0.6245900054608333,0.7459929468722776,1,RFG7c_lspu-topo_ctr-area_kndvi_raw100null1_unified-all_unified_woody_lspunull1,kfold5_block20_unified,RF,lspu+topo_ctr+area,,kndvi,none,RF
hill_q0_unified,3102,0.3219049516131926,2.5004791471317254,0.1786056533665518,1.7858110256259156,0.0245379088210752,0.6121727411209898,2,RFG7c_lspu-topo_ctr-area_kndvi_raw100null1_unified-all_unified_woody_lspunull1,kfold5_block20_unified,RF,lspu+topo_ctr+area,,kndvi,none,RF
lcbd_pa_unified,3094,0.3752986225501279,1.1803046255599994e-05,0.2034299745842173,9.345486883913455e-06,-2.57987438618597e-07,0.5524215326817441,2,RFG7c_lspu-topo_ctr-area_kndvi_raw100null1_unified-all_unified_woody_lspunull1,kfold5_block20_unified,RF,lspu+topo_ctr+area,,kndvi,none,RF
pcoa1_pa_unified,3094,0.4874543990621647,0.2100755274561281,0.1638431177026624,0.1162102268934291,-0.0346934840664592,0.753709420470928,2,RFG7c_lspu-topo_ctr-area_kndvi_raw100null1_unified-all_unified_woody_lspunull1,kfold5_block20_unified,RF,lspu+topo_ctr+area,,kndvi,none,RF
pcoa2_pa_unified,3094,0.6611209798041784,0.1572095089761932,0.1502160427165686,0.1214975328050281,0.002861937339065,0.8220229500105275,2,RFG7c_lspu-topo_ctr-area_kndvi_raw100null1_unified-all_unified_woody_lspunull1,kfold5_block20_unified,RF,lspu+topo_ctr+area,,kndvi,none,RF
lcbd_freq_unified,3040,0.3511870498672417,2.0212891627777283e-05,0.2028750418696945,1.6043886586465717e-05,-1.1272106285335962e-06,0.5458959382921242,2,RFG7c_lspu-topo_ctr-area_kndvi_raw100null1_unified-all_unified_woody_lspunull1,kfold5_block20_unified,RF,lspu+topo_ctr+area,,kndvi,none,RF
pcoa1_freq_unified,3040,0.2656141032999561,0.4285826438619854,0.2067934625605194,0.198520217928009,-0.0747496975576721,0.5799506503276778,2,RFG7c_lspu-topo_ctr-area_kndvi_raw100null1_unified-all_unified_woody_lspunull1,kfold5_block20_unified,RF,lspu+topo_ctr+area,,kndvi,none,RF
pcoa2_freq_unified,3040,0.4440428450910694,0.3525610483008688,0.1674428819730128,0.2286558309685352,0.0268772921615045,0.7946968435073416,2,RFG7c_lspu-topo_ctr-area_kndvi_raw100null1_unified-all_unified_woody_lspunull1,kfold5_block20_unified,RF,lspu+topo_ctr+area,,kndvi,none,RF
mpd_unified,2535,0.1379180808107796,108.44210013475286,0.1695430227909796,72.41740792511324,-2.292261845299088,0.3587173564886095,2,RFG7c_lspu-topo_ctr-area_kndvi_raw100null1_unified-all_unified_woody_lspunull1,kfold5_block20_unified,RF,lspu+topo_ctr+area,,kndvi,none,RF
mntd_unified,2535,0.0399582593080574,99.7863610978011,0.1560102697458882,65.42110002620576,-7.397666363185814,0.1939955719199545,2,RFG7c_lspu-topo_ctr-area_kndvi_raw100null1_unified-all_unified_woody_lspunull1,kfold5_block20_unified,RF,lspu+topo_ctr+area,,kndvi,none,RF
ses_pd_unified,2535,0.1129917183472751,1.1330904667791095,0.2074496515720083,0.8439507475646719,0.0081453787751932,0.31156725035297,2,RFG7c_lspu-topo_ctr-area_kndvi_raw100null1_unified-all_unified_woody_lspunull1,kfold5_block20_unified,RF,lspu+topo_ctr+area,,kndvi,none,RF
ses_mpd_unified,2535,0.156989788196886,1.166951109340406,0.2122015100991841,0.8558807427144779,-0.0654891493115238,0.3385037369125056,2,RFG7c_lspu-topo_ctr-area_kndvi_raw100null1_unified-all_unified_woody_lspunull1,kfold5_block20_unified,RF,lspu+topo_ctr+area,,kndvi,none,RF
ses_mntd_unified,2535,0.0400582425184005,1.1984474963123066,0.1974483214030766,0.8906471442352571,0.0009841605933804,0.193595228107145,2,RFG7c_lspu-topo_ctr-area_kndvi_raw100null1_unified-all_unified_woody_lspunull1,kfold5_block20_unified,RF,lspu+topo_ctr+area,,kndvi,none,RF
dark_n_unified,3094,0.5675765780356835,18.25909043863465,0.1706457050339687,14.477610404320773,0.3458552036049724,0.7485260504732831,2,RFG7c_lspu-topo_ctr-area_kndvi_raw100null1_unified-all_unified_woody_lspunull1,kfold5_block20_unified,RF,lspu+topo_ctr+area,,kndvi,none,RF
lcbd_count_sorensen,2499,0.4469941392845042,1.5760591368430094e-05,0.1921857949727034,1.2452319129130117e-05,-1.4390336451428577e-06,0.5984964563218335,0,RFG2c_curve-topo_ctr-area_kndvi_raw100null2_pg-all_unified_woody,kfold5_block20_unified,RF,curve+topo_ctr+area,,kndvi,none,RF
pd_inext_q0,877,0.0665669749421108,1.4869027255553418,0.214812875081761,1.14446774213031,-0.0755490765409054,0.284288161188028,0,RFG2c_curve-topo_ctr-area_kndvi_raw100null2_pg-all_unified_woody,kfold5_block20_unified,RF,curve+topo_ctr+area,,kndvi,none,RF
pd_inext_q1,877,0.0963712198838073,1.0843302586344616,0.2162325577222009,0.8588076273725523,0.0457356844741185,0.31198709036923,0,RFG2c_curve-topo_ctr-area_kndvi_raw100null2_pg-all_unified_woody,kfold5_block20_unified,RF,curve+topo_ctr+area,,kndvi,none,RF
pd_inext_q2,877,0.0773088211814219,0.8925678700878372,0.2330337714799178,0.7087355870192961,0.0090025206906757,0.2950814402122254,0,RFG2c_curve-topo_ctr-area_kndvi_raw100null2_pg-all_unified_woody,kfold5_block20_unified,RF,curve+topo_ctr+area,,kndvi,none,RF
td_inext_q0,881,-0.0095477161034032,2.332133593646285,0.2350475037275793,1.7975864582317975,-0.0410851426851011,0.1100480610254386,0,RFG2c_curve-topo_ctr-area_kndvi_raw100null2_pg-all_unified_woody,kfold5_block20_unified,RF,curve+topo_ctr+area,,kndvi,none,RF
td_inext_q1,881,0.0233689886850169,1.671967987782228,0.2043284564621916,1.2673863675358426,0.0230942397160525,0.2115115409268461,0,RFG2c_curve-topo_ctr-area_kndvi_raw100null2_pg-all_unified_woody,kfold5_block20_unified,RF,curve+topo_ctr+area,,kndvi,none,RF
td_inext_q2,881,0.0342782766096831,1.4824439248573238,0.1992010824720186,1.144004720191044,0.0545491341438201,0.2073356216299088,0,RFG2c_curve-topo_ctr-area_kndvi_raw100null2_pg-all_unified_woody,kfold5_block20_unified,RF,curve+topo_ctr+area,,kndvi,none,RF
lcbd_count_sorensen,2499,0.4452201587586335,1.578585022889071e-05,0.1924938033503237,1.250793990744606e-05,4.212514002134282e-08,0.591349462362398,1,RFG2c_curve-topo_ctr-area_kndvi_raw100null2_pg-all_unified_woody,kfold5_block20_unified,RF,curve+topo_ctr+area,,kndvi,none,RF
pd_inext_q0,877,0.072135913001037,1.4824605982546435,0.2141711208361457,1.1512063425003625,0.01584043164332,0.2888908302051957,1,RFG2c_curve-topo_ctr-area_kndvi_raw100null2_pg-all_unified_woody,kfold5_block20_unified,RF,curve+topo_ctr+area,,kndvi,none,RF
pd_inext_q1,877,0.0778848025872371,1.0953657056962889,0.2184331999387078,0.8622202869918616,-0.0125069439718391,0.2927852830465402,1,RFG2c_curve-topo_ctr-area_kndvi_raw100null2_pg-all_unified_woody,kfold5_block20_unified,RF,curve+topo_ctr+area,,kndvi,none,RF
pd_inext_q2,877,0.0467925729495053,0.907207796488509,0.2368559987610781,0.7114875157666479,-0.0756913490375738,0.2570370115244431,1,RFG2c_curve-topo_ctr-area_kndvi_raw100null2_pg-all_unified_woody,kfold5_block20_unified,RF,curve+topo_ctr+area,,kndvi,none,RF
td_inext_q0,881,-0.0313125470605928,2.357138765271009,0.2375676866136214,1.8659334230194988,0.2564714181839825,0.0888028209328355,1,RFG2c_curve-topo_ctr-area_kndvi_raw100null2_pg-all_unified_woody,kfold5_block20_unified,RF,curve+topo_ctr+area,,kndvi,none,RF
td_inext_q1,881,0.0424066349649858,1.6555918006882115,0.2023271495854404,1.2539809644230548,-0.0093972897496099,0.2300540116517062,1,RFG2c_curve-topo_ctr-area_kndvi_raw100null2_pg-all_unified_woody,kfold5_block20_unified,RF,curve+topo_ctr+area,,kndvi,none,RF
td_inext_q2,881,0.0426531790782932,1.47600192542721,0.1983354488799174,1.1450522240315866,0.0628301390610335,0.2200958324091762,1,RFG2c_curve-topo_ctr-area_kndvi_raw100null2_pg-all_unified_woody,kfold5_block20_unified,RF,curve+topo_ctr+area,,kndvi,none,RF
lcbd_count_sorensen,2499,0.4469035816038076,1.5761881756360168e-05,0.1922015300567727,1.2458642409312506e-05,-1.081151289524299e-06,0.5943384404413585,2,RFG2c_curve-topo_ctr-area_kndvi_raw100null2_pg-all_unified_woody,kfold5_block20_unified,RF,curve+topo_ctr+area,,kndvi,none,RF
pd_inext_q0,877,0.0673528008593923,1.4862767070358425,0.214722434170115,1.1485057300101582,-0.0550850692759308,0.2836170223856538,2,RFG2c_curve-topo_ctr-area_kndvi_raw100null2_pg-all_unified_woody,kfold5_block20_unified,RF,curve+topo_ctr+area,,kndvi,none,RF
pd_inext_q1,877,0.0841523329390195,1.0916368097653275,0.2176895992707277,0.8468092210413305,-0.0876068118435717,0.2977784481949776,2,RFG2c_curve-topo_ctr-area_kndvi_raw100null2_pg-all_unified_woody,kfold5_block20_unified,RF,curve+topo_ctr+area,,kndvi,none,RF
pd_inext_q2,877,0.069997241064998,0.8960973305049942,0.2339552515150642,0.6988830363303165,-0.0731793257469144,0.2882741280187142,2,RFG2c_curve-topo_ctr-area_kndvi_raw100null2_pg-all_unified_woody,kfold5_block20_unified,RF,curve+topo_ctr+area,,kndvi,none,RF
td_inext_q0,881,-0.0510626825897164,2.3796019056347726,0.2398316671517731,1.829680600136189,-0.0457593754435303,0.0801172907894069,2,RFG2c_curve-topo_ctr-area_kndvi_raw100null2_pg-all_unified_woody,kfold5_block20_unified,RF,curve+topo_ctr+area,,kndvi,none,RF
td_inext_q1,881,0.0217541503253194,1.673349698404108,0.204497313043603,1.2760250750959692,0.1394819846712799,0.2112451460367845,2,RFG2c_curve-topo_ctr-area_kndvi_raw100null2_pg-all_unified_woody,kfold5_block20_unified,RF,curve+topo_ctr+area,,kndvi,none,RF
td_inext_q2,881,0.0326027041432183,1.4837294223552422,0.1993738191865793,1.1388946219327505,0.0031830845974499,0.1974204049242104,2,RFG2c_curve-topo_ctr-area_kndvi_raw100null2_pg-all_unified_woody,kfold5_block20_unified,RF,curve+topo_ctr+area,,kndvi,none,RF
lcbd_count_sorensen,2499,0.4558515342140299,1.5633864608382784e-05,0.1906404796634826,1.2327238394887638e-05,-1.3324503255372972e-06,0.6187572064254183,0,RFG7c_lspu-topo_ctr-area_kndvi_raw100null2_pg-all_unified_woody_lspunull2,kfold5_block20_unified,RF,lspu+topo_ctr+area,,kndvi,none,RF
pd_inext_q0,877,0.0598886702111882,1.4922123146272457,0.2155799515518188,1.1560528474958625,-0.0676730977898702,0.2725748010213585,0,RFG7c_lspu-topo_ctr-area_kndvi_raw100null2_pg-all_unified_woody_lspunull2,kfold5_block20_unified,RF,lspu+topo_ctr+area,,kndvi,none,RF
pd_inext_q1,877,0.0946737281533872,1.0853482530113734,0.21643556185873,0.8609021937314777,0.042783698959987,0.282161188639021,0,RFG7c_lspu-topo_ctr-area_kndvi_raw100null2_pg-all_unified_woody_lspunull2,kfold5_block20_unified,RF,lspu+topo_ctr+area,,kndvi,none,RF
pd_inext_q2,877,0.0810891060250739,0.8907375589456945,0.2325559094340957,0.7109146567987258,0.0052987690853811,0.2772964871755669,0,RFG7c_lspu-topo_ctr-area_kndvi_raw100null2_pg-all_unified_woody_lspunull2,kfold5_block20_unified,RF,lspu+topo_ctr+area,,kndvi,none,RF
td_inext_q0,881,0.0093921815895854,2.310153698606652,0.2328322277779788,1.778613909313326,-0.0792256656376934,0.1468808610215166,0,RFG7c_lspu-topo_ctr-area_kndvi_raw100null2_pg-all_unified_woody_lspunull2,kfold5_block20_unified,RF,lspu+topo_ctr+area,,kndvi,none,RF
td_inext_q1,881,0.0579091413241359,1.6421359075215776,0.200682727024034,1.2415541329412905,-0.0082553052566215,0.2591188874942262,0,RFG7c_lspu-topo_ctr-area_kndvi_raw100null2_pg-all_unified_woody_lspunull2,kfold5_block20_unified,RF,lspu+topo_ctr+area,,kndvi,none,RF
td_inext_q2,881,0.0678347466346936,1.4564605627658704,0.1957096088532926,1.118730687603217,0.0355670081187897,0.2695051558843483,0,RFG7c_lspu-topo_ctr-area_kndvi_raw100null2_pg-all_unified_woody_lspunull2,kfold5_block20_unified,RF,lspu+topo_ctr+area,,kndvi,none,RF
lcbd_count_sorensen,2499,0.4546361413883806,1.5651314523011297e-05,0.1908532651888915,1.2375086421623453e-05,1.1692903959256989e-07,0.6130328808795568,1,RFG7c_lspu-topo_ctr-area_kndvi_raw100null2_pg-all_unified_woody_lspunull2,kfold5_block20_unified,RF,lspu+topo_ctr+area,,kndvi,none,RF
pd_inext_q0,877,0.0725080355417062,1.4821632959158677,0.2141281695596005,1.1604495229878091,0.0153465613336596,0.2902958897538428,1,RFG7c_lspu-topo_ctr-area_kndvi_raw100null2_pg-all_unified_woody_lspunull2,kfold5_block20_unified,RF,lspu+topo_ctr+area,,kndvi,none,RF
pd_inext_q1,877,0.076280954383839,1.0963178844916726,0.2186230794101098,0.8603972750058941,-0.0266751286551513,0.2577954649632867,1,RFG7c_lspu-topo_ctr-area_kndvi_raw100null2_pg-all_unified_woody_lspunull2,kfold5_block20_unified,RF,lspu+topo_ctr+area,,kndvi,none,RF
pd_inext_q2,877,0.0383806934568721,0.911201974497768,0.2378988083855924,0.7145593512735469,-0.0743523653393215,0.232203759024258,1,RFG7c_lspu-topo_ctr-area_kndvi_raw100null2_pg-all_unified_woody_lspunull2,kfold5_block20_unified,RF,lspu+topo_ctr+area,,kndvi,none,RF
td_inext_q0,881,-0.0050615865911489,2.3269461706771826,0.2345246816975771,1.835627713840082,0.1915690507791353,0.1350565188086057,1,RFG7c_lspu-topo_ctr-area_kndvi_raw100null2_pg-all_unified_woody_lspunull2,kfold5_block20_unified,RF,lspu+topo_ctr+area,,kndvi,none,RF
td_inext_q1,881,0.065179834343845,1.6357869490646426,0.1999068312586079,1.2374734540427177,-0.0234520229959249,0.2670514709850259,1,RFG7c_lspu-topo_ctr-area_kndvi_raw100null2_pg-all_unified_woody_lspunull2,kfold5_block20_unified,RF,lspu+topo_ctr+area,,kndvi,none,RF
td_inext_q2,881,0.0618758229186626,1.4611084035612494,0.1963341551865957,1.1274263025387692,0.042763724277037,0.2485388149379569,1,RFG7c_lspu-topo_ctr-area_kndvi_raw100null2_pg-all_unified_woody_lspunull2,kfold5_block20_unified,RF,lspu+topo_ctr+area,,kndvi,none,RF
lcbd_count_sorensen,2499,0.4545118179664854,1.5653098390851067e-05,0.190875017802794,1.2326949875121555e-05,-8.678441491501888e-07,0.6131605296975358,2,RFG7c_lspu-topo_ctr-area_kndvi_raw100null2_pg-all_unified_woody_lspunull2,kfold5_block20_unified,RF,lspu+topo_ctr+area,,kndvi,none,RF
pd_inext_q0,877,0.0636814689869434,1.4891991709924148,0.2151446426132394,1.154318424505853,-0.0574307841609645,0.286772059683092,2,RFG7c_lspu-topo_ctr-area_kndvi_raw100null2_pg-all_unified_woody_lspunull2,kfold5_block20_unified,RF,lspu+topo_ctr+area,,kndvi,none,RF
pd_inext_q1,877,0.0856650503894442,1.090734901861369,0.2175097446080455,0.8470421947854284,-0.077900262224484,0.2815831287420318,2,RFG7c_lspu-topo_ctr-area_kndvi_raw100null2_pg-all_unified_woody_lspunull2,kfold5_block20_unified,RF,lspu+topo_ctr+area,,kndvi,none,RF
pd_inext_q2,877,0.0654003864397633,0.8983092333663896,0.2345327404469563,0.704426028854456,-0.0699552689828639,0.2566169827746227,2,RFG7c_lspu-topo_ctr-area_kndvi_raw100null2_pg-all_unified_woody_lspunull2,kfold5_block20_unified,RF,lspu+topo_ctr+area,,kndvi,none,RF
td_inext_q0,881,-0.0232619547447063,2.347920637518725,0.2366386240920235,1.8039663006676416,-0.1268523124595791,0.123441207650098,2,RFG7c_lspu-topo_ctr-area_kndvi_raw100null2_pg-all_unified_woody_lspunull2,kfold5_block20_unified,RF,lspu+topo_ctr+area,,kndvi,none,RF
td_inext_q1,881,0.0489262516139058,1.6499462631020287,0.2016372177271073,1.2568503629757897,0.0919640091545503,0.2343194974999164,2,RFG7c_lspu-topo_ctr-area_kndvi_raw100null2_pg-all_unified_woody_lspunull2,kfold5_block20_unified,RF,lspu+topo_ctr+area,,kndvi,none,RF
td_inext_q2,881,0.0531205429859095,1.467910650408873,0.1972481964616604,1.1242569720355904,-0.0145168384107764,0.2311927597268663,2,RFG7c_lspu-topo_ctr-area_kndvi_raw100null2_pg-all_unified_woody_lspunull2,kfold5_block20_unified,RF,lspu+topo_ctr+area,,kndvi,none,RF
hill_q0_unified,3102,0.3625876013454548,2.424310285252591,0.173165020375185,1.6999377441534016,-0.097358505693074,0.6467239467576196,0,RFG2c_curve-topo_ctr-area_kndvi_raw100null2_unified-all_unified_woody,kfold5_block20_unified,RF,curve+topo_ctr+area,,kndvi,none,RF
lcbd_pa_unified,3094,0.392382444543508,1.1640537490311745e-05,0.200629074437222,9.248495108407648e-06,1.7578055661468705e-07,0.5623514766418132,0,RFG2c_curve-topo_ctr-area_kndvi_raw100null2_unified-all_unified_woody,kfold5_block20_unified,RF,curve+topo_ctr+area,,kndvi,none,RF
pcoa1_pa_unified,3094,0.4770154019863543,0.2122040444319084,0.1655032009194842,0.1196165772700638,-0.0247019403498865,0.7505111548699545,0,RFG2c_curve-topo_ctr-area_kndvi_raw100null2_unified-all_unified_woody,kfold5_block20_unified,RF,curve+topo_ctr+area,,kndvi,none,RF
pcoa2_pa_unified,3094,0.6733849912045825,0.1543385937110141,0.1474728401398396,0.120429121712565,0.0012841512693314,0.8276822141562088,0,RFG2c_curve-topo_ctr-area_kndvi_raw100null2_unified-all_unified_woody,kfold5_block20_unified,RF,curve+topo_ctr+area,,kndvi,none,RF
lcbd_freq_unified,3040,0.3687205112927161,1.993790544253965e-05,0.2001150293553541,1.5822413484589496e-05,-1.9735272985978256e-06,0.5607877101861283,0,RFG2c_curve-topo_ctr-area_kndvi_raw100null2_unified-all_unified_woody,kfold5_block20_unified,RF,curve+topo_ctr+area,,kndvi,none,RF
pcoa1_freq_unified,3040,0.2699185561467332,0.4273247731764876,0.2061865330960793,0.2060238998904653,-0.0626515882766667,0.5705161006684125,0,RFG2c_curve-topo_ctr-area_kndvi_raw100null2_unified-all_unified_woody,kfold5_block20_unified,RF,curve+topo_ctr+area,,kndvi,none,RF
pcoa2_freq_unified,3040,0.4555663312988028,0.3488880981925537,0.1656984767006682,0.2344304658625661,0.008964158163919,0.8035243712097957,0,RFG2c_curve-topo_ctr-area_kndvi_raw100null2_unified-all_unified_woody,kfold5_block20_unified,RF,curve+topo_ctr+area,,kndvi,none,RF
mpd_unified,2535,0.1358179060317005,108.57411126949756,0.1697494146516948,73.65676771190563,4.89606304748067,0.3613486330524628,0,RFG2c_curve-topo_ctr-area_kndvi_raw100null2_unified-all_unified_woody,kfold5_block20_unified,RF,curve+topo_ctr+area,,kndvi,none,RF
mntd_unified,2535,0.0359907133791517,99.99234108686734,0.1563323076807617,65.6484525062078,-7.229782825024117,0.1700550124288156,0,RFG2c_curve-topo_ctr-area_kndvi_raw100null2_unified-all_unified_woody,kfold5_block20_unified,RF,curve+topo_ctr+area,,kndvi,none,RF
ses_pd_unified,2535,0.1015595707215321,1.1403689705366389,0.2087822221943321,0.8289976611850898,-0.0683870843423868,0.3033595512621812,0,RFG2c_curve-topo_ctr-area_kndvi_raw100null2_unified-all_unified_woody,kfold5_block20_unified,RF,curve+topo_ctr+area,,kndvi,none,RF
ses_mpd_unified,2535,0.1510700171424296,1.171041213020383,0.2129452654891113,0.8635654819510697,-0.0501777156288823,0.3337419691452323,0,RFG2c_curve-topo_ctr-area_kndvi_raw100null2_unified-all_unified_woody,kfold5_block20_unified,RF,curve+topo_ctr+area,,kndvi,none,RF
ses_mntd_unified,2535,0.0473276156828326,1.1939011172915688,0.1966992899195372,0.8939097221081389,-0.1021161132968189,0.1893853899187889,0,RFG2c_curve-topo_ctr-area_kndvi_raw100null2_unified-all_unified_woody,kfold5_block20_unified,RF,curve+topo_ctr+area,,kndvi,none,RF
dark_n_unified,3094,0.5596300134568137,18.426098611935245,0.1722065290835069,14.705165391533848,-0.8725463154939208,0.7430212373990163,0,RFG2c_curve-topo_ctr-area_kndvi_raw100null2_unified-all_unified_woody,kfold5_block20_unified,RF,curve+topo_ctr+area,,kndvi,none,RF
hill_q0_unified,3102,0.3586100887469464,2.431862482699863,0.1737044630499902,1.6951242292506592,-0.1340612477515901,0.6471188909361563,1,RFG2c_curve-topo_ctr-area_kndvi_raw100null2_unified-all_unified_woody,kfold5_block20_unified,RF,curve+topo_ctr+area,,kndvi,none,RF
lcbd_pa_unified,3094,0.3901777995130473,1.166163630177898e-05,0.2009927204475476,9.231633044264532e-06,-1.0746834535197105e-06,0.5608526578101853,1,RFG2c_curve-topo_ctr-area_kndvi_raw100null2_unified-all_unified_woody,kfold5_block20_unified,RF,curve+topo_ctr+area,,kndvi,none,RF
pcoa1_pa_unified,3094,0.4784348232700522,0.2119158795500585,0.1652784539761993,0.119458019273979,-0.0244783196129611,0.7468402563413447,1,RFG2c_curve-topo_ctr-area_kndvi_raw100null2_unified-all_unified_woody,kfold5_block20_unified,RF,curve+topo_ctr+area,,kndvi,none,RF
pcoa2_pa_unified,3094,0.674122827588207,0.1541641666141549,0.1473061724337743,0.1212736324972835,-0.003683351144094,0.8295860539986919,1,RFG2c_curve-topo_ctr-area_kndvi_raw100null2_unified-all_unified_woody,kfold5_block20_unified,RF,curve+topo_ctr+area,,kndvi,none,RF
lcbd_freq_unified,3040,0.3738665159025474,1.985647518531409e-05,0.1992977209193165,1.58246114129879e-05,-1.0598472675760354e-08,0.5598353272733478,1,RFG2c_curve-topo_ctr-area_kndvi_raw100null2_unified-all_unified_woody,kfold5_block20_unified,RF,curve+topo_ctr+area,,kndvi,none,RF
pcoa1_freq_unified,3040,0.2566387187550791,0.4311936771931522,0.2080533003797727,0.2012929183220673,-0.0764041103607203,0.5692801235795213,1,RFG2c_curve-topo_ctr-area_kndvi_raw100null2_unified-all_unified_woody,kfold5_block20_unified,RF,curve+topo_ctr+area,,kndvi,none,RF
pcoa2_freq_unified,3040,0.4472768153691157,0.351534139248797,0.1669551689598148,0.2307525365566763,0.0240717871066933,0.7977534997271114,1,RFG2c_curve-topo_ctr-area_kndvi_raw100null2_unified-all_unified_woody,kfold5_block20_unified,RF,curve+topo_ctr+area,,kndvi,none,RF
mpd_unified,2535,0.116466811308016,109.78299770916036,0.1716394394754189,72.71316834616132,-4.62351205526006,0.3384053454042047,1,RFG2c_curve-topo_ctr-area_kndvi_raw100null2_unified-all_unified_woody,kfold5_block20_unified,RF,curve+topo_ctr+area,,kndvi,none,RF
mntd_unified,2535,0.0386760723462136,99.85297386836328,0.1561144150037129,65.46196582062527,-5.169987918408275,0.1760582318949787,1,RFG2c_curve-topo_ctr-area_kndvi_raw100null2_unified-all_unified_woody,kfold5_block20_unified,RF,curve+topo_ctr+area,,kndvi,none,RF
ses_pd_unified,2535,0.1039329353957126,1.1388617469521225,0.208506275112774,0.8449375982884549,0.0198453583705913,0.3094954714822592,1,RFG2c_curve-topo_ctr-area_kndvi_raw100null2_unified-all_unified_woody,kfold5_block20_unified,RF,curve+topo_ctr+area,,kndvi,none,RF
ses_mpd_unified,2535,0.1475021777305274,1.1734994289010707,0.2133922740380183,0.8663651277612413,-0.0444902455188282,0.3298414214162725,1,RFG2c_curve-topo_ctr-area_kndvi_raw100null2_unified-all_unified_woody,kfold5_block20_unified,RF,curve+topo_ctr+area,,kndvi,none,RF
ses_mntd_unified,2535,0.0442077870475161,1.195854423829264,0.1970211038481743,0.8950060457211153,-0.0905228773671374,0.1823385039669816,1,RFG2c_curve-topo_ctr-area_kndvi_raw100null2_unified-all_unified_woody,kfold5_block20_unified,RF,curve+topo_ctr+area,,kndvi,none,RF
dark_n_unified,3094,0.5591432190224626,18.436280101436544,0.1723016831909957,14.662795079065928,-1.2195796546663695,0.7440057700464631,1,RFG2c_curve-topo_ctr-area_kndvi_raw100null2_unified-all_unified_woody,kfold5_block20_unified,RF,curve+topo_ctr+area,,kndvi,none,RF
hill_q0_unified,3102,0.3526911366753902,2.443057717677603,0.1745041226912573,1.7323691914221555,0.0209047686538613,0.6368072625601865,2,RFG2c_curve-topo_ctr-area_kndvi_raw100null2_unified-all_unified_woody,kfold5_block20_unified,RF,curve+topo_ctr+area,,kndvi,none,RF
lcbd_pa_unified,3094,0.3953430416978326,1.1612143787446591e-05,0.2001396982094987,9.191891853090876e-06,-2.2292983543289173e-07,0.5669272344331011,2,RFG2c_curve-topo_ctr-area_kndvi_raw100null2_unified-all_unified_woody,kfold5_block20_unified,RF,curve+topo_ctr+area,,kndvi,none,RF
pcoa1_pa_unified,3094,0.4616839246915506,0.2152919948868431,0.1679115701187642,0.1182301491399142,-0.0357349375340772,0.7464141491028481,2,RFG2c_curve-topo_ctr-area_kndvi_raw100null2_unified-all_unified_woody,kfold5_block20_unified,RF,curve+topo_ctr+area,,kndvi,none,RF
pcoa2_pa_unified,3094,0.6729922796292972,0.1544313517633433,0.1475614718494718,0.11988132831098,0.0054789605615984,0.82785109623786,2,RFG2c_curve-topo_ctr-area_kndvi_raw100null2_unified-all_unified_woody,kfold5_block20_unified,RF,curve+topo_ctr+area,,kndvi,none,RF
lcbd_freq_unified,3040,0.37109548706405,1.990036528505457e-05,0.1997382420474404,1.5802515434565443e-05,-1.0445491900379946e-06,0.5581559151867831,2,RFG2c_curve-topo_ctr-area_kndvi_raw100null2_unified-all_unified_woody,kfold5_block20_unified,RF,curve+topo_ctr+area,,kndvi,none,RF
pcoa1_freq_unified,3040,0.2437540569732034,0.4349145573852611,0.2098486453610007,0.2008821593889951,-0.0830607719340645,0.5669704290208493,2,RFG2c_curve-topo_ctr-area_kndvi_raw100null2_unified-all_unified_woody,kfold5_block20_unified,RF,curve+topo_ctr+area,,kndvi,none,RF
pcoa2_freq_unified,3040,0.4520938071392776,0.3499989742398077,0.1662260684121277,0.2303454832398003,0.0215130682594082,0.8043132722051529,2,RFG2c_curve-topo_ctr-area_kndvi_raw100null2_unified-all_unified_woody,kfold5_block20_unified,RF,curve+topo_ctr+area,,kndvi,none,RF
mpd_unified,2535,0.1232151003000768,109.36294136493866,0.1709827054002454,72.18268163056658,-4.453604577637939,0.3454689597675608,2,RFG2c_curve-topo_ctr-area_kndvi_raw100null2_unified-all_unified_woody,kfold5_block20_unified,RF,curve+topo_ctr+area,,kndvi,none,RF
mntd_unified,2535,0.0308779747718773,100.25715111140566,0.156746323012167,66.14472374425966,-6.8684970105765775,0.1590056115745275,2,RFG2c_curve-topo_ctr-area_kndvi_raw100null2_unified-all_unified_woody,kfold5_block20_unified,RF,curve+topo_ctr+area,,kndvi,none,RF
ses_pd_unified,2535,0.1086795666838545,1.1358413621732226,0.2079532938739703,0.8441297817064615,0.0151314388252331,0.3138220868047159,2,RFG2c_curve-topo_ctr-area_kndvi_raw100null2_unified-all_unified_woody,kfold5_block20_unified,RF,curve+topo_ctr+area,,kndvi,none,RF
ses_mpd_unified,2535,0.1535376396254079,1.1693380156793411,0.2126355515303402,0.8666749721634441,-0.0407833625890768,0.3390810813132672,2,RFG2c_curve-topo_ctr-area_kndvi_raw100null2_unified-all_unified_woody,kfold5_block20_unified,RF,curve+topo_ctr+area,,kndvi,none,RF
ses_mntd_unified,2535,0.0438225831095246,1.1960953765299618,0.1970608016292091,0.8942287630844452,-0.0278210610124527,0.1786704928526027,2,RFG2c_curve-topo_ctr-area_kndvi_raw100null2_unified-all_unified_woody,kfold5_block20_unified,RF,curve+topo_ctr+area,,kndvi,none,RF
dark_n_unified,3094,0.5633799906768693,18.34747701881128,0.1714717478393577,14.66755596672488,-0.0169262409717043,0.7453981149104432,2,RFG2c_curve-topo_ctr-area_kndvi_raw100null2_unified-all_unified_woody,kfold5_block20_unified,RF,curve+topo_ctr+area,,kndvi,none,RF
hill_q0_unified,3102,0.330110385700501,2.485304309598253,0.1775217363998752,1.7535337680617793,-0.0566629551724604,0.6263323879644702,0,RFG7c_lspu-topo_ctr-area_kndvi_raw100null2_unified-all_unified_woody_lspunull2,kfold5_block20_unified,RF,lspu+topo_ctr+area,,kndvi,none,RF
lcbd_pa_unified,3094,0.3801518449396296,1.1757108708205694e-05,0.2026382235483819,9.302875156030962e-06,1.953732313439216e-07,0.5564825075419791,0,RFG7c_lspu-topo_ctr-area_kndvi_raw100null2_unified-all_unified_woody_lspunull2,kfold5_block20_unified,RF,lspu+topo_ctr+area,,kndvi,none,RF
pcoa1_pa_unified,3094,0.5042989881936168,0.2065946687089634,0.1611283095747278,0.1174146095375782,-0.0230423005977323,0.7583554959772452,0,RFG7c_lspu-topo_ctr-area_kndvi_raw100null2_unified-all_unified_woody_lspunull2,kfold5_block20_unified,RF,lspu+topo_ctr+area,,kndvi,none,RF
pcoa2_pa_unified,3094,0.6654679077222178,0.1561979620531064,0.1492494944664164,0.1209414911028927,0.0032566434560224,0.8243521433085186,0,RFG7c_lspu-topo_ctr-area_kndvi_raw100null2_unified-all_unified_woody_lspunull2,kfold5_block20_unified,RF,lspu+topo_ctr+area,,kndvi,none,RF
lcbd_freq_unified,3040,0.3536795295183319,2.0174029349069355e-05,0.2024849845456258,1.594670237590639e-05,-2.452641216534125e-06,0.56351135887736,0,RFG7c_lspu-topo_ctr-area_kndvi_raw100null2_unified-all_unified_woody_lspunull2,kfold5_block20_unified,RF,lspu+topo_ctr+area,,kndvi,none,RF
pcoa1_freq_unified,3040,0.2922367344845794,0.4207425401985426,0.2030105697938239,0.2003684235247561,-0.0623396299848927,0.5881988010040455,0,RFG7c_lspu-topo_ctr-area_kndvi_raw100null2_unified-all_unified_woody_lspunull2,kfold5_block20_unified,RF,lspu+topo_ctr+area,,kndvi,none,RF
pcoa2_freq_unified,3040,0.4591411883706153,0.347740778246311,0.1651535765783494,0.2313376187485444,0.0098638636064223,0.7993599820334577,0,RFG7c_lspu-topo_ctr-area_kndvi_raw100null2_unified-all_unified_woody_lspunull2,kfold5_block20_unified,RF,lspu+topo_ctr+area,,kndvi,none,RF
mpd_unified,2535,0.149663129998259,107.7008563665954,0.1683841305441287,73.52474375572501,5.213334481807978,0.3593293967604229,0,RFG7c_lspu-topo_ctr-area_kndvi_raw100null2_unified-all_unified_woody_lspunull2,kfold5_block20_unified,RF,lspu+topo_ctr+area,,kndvi,none,RF
mntd_unified,2535,0.0480890389089012,99.36290759635752,0.1553482244096492,65.28059377333145,-7.016691849514113,0.1738674820769807,0,RFG7c_lspu-topo_ctr-area_kndvi_raw100null2_unified-all_unified_woody_lspunull2,kfold5_block20_unified,RF,lspu+topo_ctr+area,,kndvi,none,RF
ses_pd_unified,2535,0.1084544009206641,1.1359848214879509,0.2079795588419739,0.8307165919558395,-0.0504429830721866,0.2913513140481002,0,RFG7c_lspu-topo_ctr-area_kndvi_raw100null2_unified-all_unified_woody_lspunull2,kfold5_block20_unified,RF,lspu+topo_ctr+area,,kndvi,none,RF
ses_mpd_unified,2535,0.1562311685102849,1.1674760573180791,0.2122969680431324,0.857667040075298,-0.0643974047312434,0.3307478089958124,0,RFG7c_lspu-topo_ctr-area_kndvi_raw100null2_unified-all_unified_woody_lspunull2,kfold5_block20_unified,RF,lspu+topo_ctr+area,,kndvi,none,RF
ses_mntd_unified,2535,0.0497872943275696,1.1923588709372257,0.1964451995611426,0.8871835534154519,-0.1073146745075339,0.1940934021500973,0,RFG7c_lspu-topo_ctr-area_kndvi_raw100null2_unified-all_unified_woody_lspunull2,kfold5_block20_unified,RF,lspu+topo_ctr+area,,kndvi,none,RF
dark_n_unified,3094,0.5655550676858936,18.30171983933236,0.1710441106479659,14.486765305334888,-0.5018375752764599,0.7474876471168628,0,RFG7c_lspu-topo_ctr-area_kndvi_raw100null2_unified-all_unified_woody_lspunull2,kfold5_block20_unified,RF,lspu+topo_ctr+area,,kndvi,none,RF
hill_q0_unified,3102,0.3349136552970985,2.47637816544119,0.1768841546743707,1.7356012030432202,-0.1245577678315854,0.6303498097100659,1,RFG7c_lspu-topo_ctr-area_kndvi_raw100null2_unified-all_unified_woody_lspunull2,kfold5_block20_unified,RF,lspu+topo_ctr+area,,kndvi,none,RF
lcbd_pa_unified,3094,0.3777643836283908,1.1779729300846627e-05,0.2030280980338641,9.285607326032836e-06,-1.2128419007416642e-06,0.5586417513769021,1,RFG7c_lspu-topo_ctr-area_kndvi_raw100null2_unified-all_unified_woody_lspunull2,kfold5_block20_unified,RF,lspu+topo_ctr+area,,kndvi,none,RF
pcoa1_pa_unified,3094,0.5065833261793151,0.206118094125303,0.160756617228883,0.117476786838399,-0.0216978631732345,0.7528715286028789,1,RFG7c_lspu-topo_ctr-area_kndvi_raw100null2_unified-all_unified_woody_lspunull2,kfold5_block20_unified,RF,lspu+topo_ctr+area,,kndvi,none,RF
pcoa2_pa_unified,3094,0.6649232332582721,0.1563250686019947,0.1493709466794646,0.1225474310500222,-0.0079129107259603,0.8245323616070922,1,RFG7c_lspu-topo_ctr-area_kndvi_raw100null2_unified-all_unified_woody_lspunull2,kfold5_block20_unified,RF,lspu+topo_ctr+area,,kndvi,none,RF
lcbd_freq_unified,3040,0.3593686133535201,2.008504452648806e-05,0.2015918515916976,1.6008542831832493e-05,-2.4476973201159e-07,0.5581922263076143,1,RFG7c_lspu-topo_ctr-area_kndvi_raw100null2_unified-all_unified_woody_lspunull2,kfold5_block20_unified,RF,lspu+topo_ctr+area,,kndvi,none,RF
pcoa1_freq_unified,3040,0.2858765619729221,0.4226287713062588,0.2039206865881932,0.1987312863063419,-0.0681570434892616,0.5895044932667722,1,RFG7c_lspu-topo_ctr-area_kndvi_raw100null2_unified-all_unified_woody_lspunull2,kfold5_block20_unified,RF,lspu+topo_ctr+area,,kndvi,none,RF
pcoa2_freq_unified,3040,0.4488087383131707,0.351046646695454,0.1667236426512066,0.2281387954231441,0.0275233558220904,0.7895059474931859,1,RFG7c_lspu-topo_ctr-area_kndvi_raw100null2_unified-all_unified_woody_lspunull2,kfold5_block20_unified,RF,lspu+topo_ctr+area,,kndvi,none,RF
mpd_unified,2535,0.1217919426887181,109.45166186892112,0.1711214148351423,72.90495914089632,-4.92549393698124,0.3376146039628869,1,RFG7c_lspu-topo_ctr-area_kndvi_raw100null2_unified-all_unified_woody_lspunull2,kfold5_block20_unified,RF,lspu+topo_ctr+area,,kndvi,none,RF
mntd_unified,2535,0.0469970149358868,99.4198853915063,0.1554373059343475,65.2816019046428,-6.07235013497937,0.1827814461884853,1,RFG7c_lspu-topo_ctr-area_kndvi_raw100null2_unified-all_unified_woody_lspunull2,kfold5_block20_unified,RF,lspu+topo_ctr+area,,kndvi,none,RF
ses_pd_unified,2535,0.1038603917214366,1.1389078459255249,0.2085147150531411,0.8472466256185568,0.0119894255782595,0.3027216813322613,1,RFG7c_lspu-topo_ctr-area_kndvi_raw100null2_unified-all_unified_woody_lspunull2,kfold5_block20_unified,RF,lspu+topo_ctr+area,,kndvi,none,RF
ses_mpd_unified,2535,0.1543076996389426,1.1688059983212162,0.2125388080713474,0.863038572838004,-0.0499294053461797,0.3308667805491201,1,RFG7c_lspu-topo_ctr-area_kndvi_raw100null2_unified-all_unified_woody_lspunull2,kfold5_block20_unified,RF,lspu+topo_ctr+area,,kndvi,none,RF
ses_mntd_unified,2535,0.0460901179759289,1.1946762895532723,0.1968270021992512,0.8869667050080107,-0.0894391410164232,0.1899472916192289,1,RFG7c_lspu-topo_ctr-area_kndvi_raw100null2_unified-all_unified_woody_lspunull2,kfold5_block20_unified,RF,lspu+topo_ctr+area,,kndvi,none,RF
dark_n_unified,3094,0.5664624067230855,18.28259826254226,0.1708654043228248,14.45650581061549,-0.8218187237672447,0.7492978738599969,1,RFG7c_lspu-topo_ctr-area_kndvi_raw100null2_unified-all_unified_woody_lspunull2,kfold5_block20_unified,RF,lspu+topo_ctr+area,,kndvi,none,RF
hill_q0_unified,3102,0.3168316396470679,2.509815649033803,0.1792725463595573,1.7883203689679636,0.006541156951789,0.6125486670963673,2,RFG7c_lspu-topo_ctr-area_kndvi_raw100null2_unified-all_unified_woody_lspunull2,kfold5_block20_unified,RF,lspu+topo_ctr+area,,kndvi,none,RF
lcbd_pa_unified,3094,0.3822579676721087,1.1737117534914669e-05,0.2022936681017257,9.257995762682896e-06,-2.84126291184542e-07,0.564565068446015,2,RFG7c_lspu-topo_ctr-area_kndvi_raw100null2_unified-all_unified_woody_lspunull2,kfold5_block20_unified,RF,lspu+topo_ctr+area,,kndvi,none,RF
pcoa1_pa_unified,3094,0.4906623723430409,0.2094170743491516,0.1633295737824618,0.1160879929761935,-0.0341830890843392,0.7520663197202697,2,RFG7c_lspu-topo_ctr-area_kndvi_raw100null2_unified-all_unified_woody_lspunull2,kfold5_block20_unified,RF,lspu+topo_ctr+area,,kndvi,none,RF
pcoa2_pa_unified,3094,0.6676894135273701,0.1556784712859972,0.148753113250222,0.1203712098772884,0.0029060216193932,0.8257006365505617,2,RFG7c_lspu-topo_ctr-area_kndvi_raw100null2_unified-all_unified_woody_lspunull2,kfold5_block20_unified,RF,lspu+topo_ctr+area,,kndvi,none,RF
lcbd_freq_unified,3040,0.3549456218114443,2.015425997357459e-05,0.2022865610367535,1.59901299377642e-05,-1.0292982231291597e-06,0.5525227633400714,2,RFG7c_lspu-topo_ctr-area_kndvi_raw100null2_unified-all_unified_woody_lspunull2,kfold5_block20_unified,RF,lspu+topo_ctr+area,,kndvi,none,RF
pcoa1_freq_unified,3040,0.2687628334436395,0.4276628680913659,0.2063496657360103,0.1978038432450301,-0.0771300493822025,0.5912963012667152,2,RFG7c_lspu-topo_ctr-area_kndvi_raw100null2_unified-all_unified_woody_lspunull2,kfold5_block20_unified,RF,lspu+topo_ctr+area,,kndvi,none,RF
pcoa2_freq_unified,3040,0.4536133887701009,0.3495132877341965,0.1659953998552157,0.225589774129363,0.0295632194400977,0.8009952777065742,2,RFG7c_lspu-topo_ctr-area_kndvi_raw100null2_unified-all_unified_woody_lspunull2,kfold5_block20_unified,RF,lspu+topo_ctr+area,,kndvi,none,RF
mpd_unified,2535,0.1360384957206175,108.56025316125162,0.1697277482918654,72.3323570014705,-3.77560981604753,0.3467708753922823,2,RFG7c_lspu-topo_ctr-area_kndvi_raw100null2_unified-all_unified_woody_lspunull2,kfold5_block20_unified,RF,lspu+topo_ctr+area,,kndvi,none,RF
mntd_unified,2535,0.0406426734663921,99.75078588700126,0.1559546499380097,65.66466168203304,-6.882669158245224,0.1766319737905665,2,RFG7c_lspu-topo_ctr-area_kndvi_raw100null2_unified-all_unified_woody_lspunull2,kfold5_block20_unified,RF,lspu+topo_ctr+area,,kndvi,none,RF
ses_pd_unified,2535,0.112531285983725,1.1333845135467575,0.2075034865492523,0.8430026048444513,0.0016656240090722,0.3012889329512089,2,RFG7c_lspu-topo_ctr-area_kndvi_raw100null2_unified-all_unified_woody_lspunull2,kfold5_block20_unified,RF,lspu+topo_ctr+area,,kndvi,none,RF
ses_mpd_unified,2535,0.1476442516646307,1.1734016394269318,0.213374491738556,0.8637533353089435,-0.0637038553134134,0.3221669286247107,2,RFG7c_lspu-topo_ctr-area_kndvi_raw100null2_unified-all_unified_woody_lspunull2,kfold5_block20_unified,RF,lspu+topo_ctr+area,,kndvi,none,RF
ses_mntd_unified,2535,0.0460512381199894,1.194700635861882,0.1968310133368122,0.8878824310222294,-0.0051146224441243,0.1905627109243133,2,RFG7c_lspu-topo_ctr-area_kndvi_raw100null2_unified-all_unified_woody_lspunull2,kfold5_block20_unified,RF,lspu+topo_ctr+area,,kndvi,none,RF
dark_n_unified,3094,0.5684229028213289,18.24121364414527,0.1704786321882735,14.490524376159282,0.3337843691708504,0.7487648241664471,2,RFG7c_lspu-topo_ctr-area_kndvi_raw100null2_unified-all_unified_woody_lspunull2,kfold5_block20_unified,RF,lspu+topo_ctr+area,,kndvi,none,RF
lcbd_count_sorensen,2499,0.447239258231862,1.5757098053054274e-05,0.192143197231483,1.248076113955744e-05,-1.2486215638878396e-06,0.6009500440706949,0,RFG2c_curve-topo_ctr-area_kndvi_raw100null3_pg-all_unified_woody,kfold5_block20_unified,RF,curve+topo_ctr+area,,kndvi,none,RF
pd_inext_q0,877,0.0632318291074969,1.4895567004780712,0.2151962949072465,1.1443972617522775,-0.083079908419997,0.2782300505125161,0,RFG2c_curve-topo_ctr-area_kndvi_raw100null3_pg-all_unified_woody,kfold5_block20_unified,RF,curve+topo_ctr+area,,kndvi,none,RF
pd_inext_q1,877,0.1067031300866316,1.0781134297226065,0.2149928239733478,0.8518712825361984,0.0433281656046455,0.3238433046901359,0,RFG2c_curve-topo_ctr-area_kndvi_raw100null3_pg-all_unified_woody,kfold5_block20_unified,RF,curve+topo_ctr+area,,kndvi,none,RF
pd_inext_q2,877,0.0930169747813565,0.8849375927182144,0.2310416402678609,0.7012422749446723,0.008355553315591,0.3127889343256852,0,RFG2c_curve-topo_ctr-area_kndvi_raw100null3_pg-all_unified_woody,kfold5_block20_unified,RF,curve+topo_ctr+area,,kndvi,none,RF
td_inext_q0,881,0.0061595970407372,2.313919913987789,0.2332118113173818,1.7764539354508415,-0.0904468200897938,0.1414930855942734,0,RFG2c_curve-topo_ctr-area_kndvi_raw100null3_pg-all_unified_woody,kfold5_block20_unified,RF,curve+topo_ctr+area,,kndvi,none,RF
td_inext_q1,881,0.045567313302991,1.6528572797659855,0.2019929682833552,1.2451535253779171,0.0033443530101174,0.2479778864162745,0,RFG2c_curve-topo_ctr-area_kndvi_raw100null3_pg-all_unified_woody,kfold5_block20_unified,RF,curve+topo_ctr+area,,kndvi,none,RF
td_inext_q2,881,0.0600056778707052,1.4625640339936696,0.1965297532479829,1.1242466486773035,0.0517756881292927,0.24779464655479,0,RFG2c_curve-topo_ctr-area_kndvi_raw100null3_pg-all_unified_woody,kfold5_block20_unified,RF,curve+topo_ctr+area,,kndvi,none,RF
lcbd_count_sorensen,2499,0.4439898209286764,1.5803344711539408e-05,0.1927071323414053,1.2566086338989994e-05,1.586534322356115e-10,0.5917799459097266,1,RFG2c_curve-topo_ctr-area_kndvi_raw100null3_pg-all_unified_woody,kfold5_block20_unified,RF,curve+topo_ctr+area,,kndvi,none,RF
pd_inext_q0,877,0.0768836457804044,1.4786629766615689,0.213622478346721,1.1483692020558591,0.0110335145986172,0.2949417002314679,1,RFG2c_curve-topo_ctr-area_kndvi_raw100null3_pg-all_unified_woody,kfold5_block20_unified,RF,curve+topo_ctr+area,,kndvi,none,RF
pd_inext_q1,877,0.0816697491776727,1.093115355734033,0.2179844446593694,0.857237705629698,-0.0120796236208384,0.2947043038518931,1,RFG2c_curve-topo_ctr-area_kndvi_raw100null3_pg-all_unified_woody,kfold5_block20_unified,RF,curve+topo_ctr+area,,kndvi,none,RF
pd_inext_q2,877,0.0506206300056075,0.9053843020214654,0.2363799164292258,0.7085100577409121,-0.0693801547766513,0.2643804874817022,1,RFG2c_curve-topo_ctr-area_kndvi_raw100null3_pg-all_unified_woody,kfold5_block20_unified,RF,curve+topo_ctr+area,,kndvi,none,RF
td_inext_q0,881,-0.0183875186455295,2.342321655121692,0.236074322441628,1.853334582845748,0.237884571712839,0.1055238297717683,1,RFG2c_curve-topo_ctr-area_kndvi_raw100null3_pg-all_unified_woody,kfold5_block20_unified,RF,curve+topo_ctr+area,,kndvi,none,RF
td_inext_q1,881,0.0606883330894183,1.6397119473682231,0.2003864988424659,1.236430500515678,-0.0180209162217396,0.2639499535607731,1,RFG2c_curve-topo_ctr-area_kndvi_raw100null3_pg-all_unified_woody,kfold5_block20_unified,RF,curve+topo_ctr+area,,kndvi,none,RF
td_inext_q2,881,0.0555452023513469,1.46603001782788,0.1969954894016601,1.1299791428896802,0.0644112397581999,0.2431753623669444,1,RFG2c_curve-topo_ctr-area_kndvi_raw100null3_pg-all_unified_woody,kfold5_block20_unified,RF,curve+topo_ctr+area,,kndvi,none,RF
lcbd_count_sorensen,2499,0.4481126354992727,1.5744644806522243e-05,0.1919913414394762,1.2459159362284205e-05,-1.0892222479108997e-06,0.597189570330338,2,RFG2c_curve-topo_ctr-area_kndvi_raw100null3_pg-all_unified_woody,kfold5_block20_unified,RF,curve+topo_ctr+area,,kndvi,none,RF
pd_inext_q0,877,0.0696847532271187,1.4844174317832397,0.2144538246264539,1.1416342304534453,-0.0707682903104841,0.2920784148436264,2,RFG2c_curve-topo_ctr-area_kndvi_raw100null3_pg-all_unified_woody,kfold5_block20_unified,RF,curve+topo_ctr+area,,kndvi,none,RF
pd_inext_q1,877,0.0846043639539837,1.0913673792607643,0.2176358705781397,0.8454954020684304,-0.0875146094494474,0.2859304174075284,2,RFG2c_curve-topo_ctr-area_kndvi_raw100null3_pg-all_unified_woody,kfold5_block20_unified,RF,curve+topo_ctr+area,,kndvi,none,RF
pd_inext_q2,877,0.0840283239673232,0.8893118664651494,0.2321836862039683,0.6934550490251459,-0.0707923642407734,0.2989506326209377,2,RFG2c_curve-topo_ctr-area_kndvi_raw100null3_pg-all_unified_woody,kfold5_block20_unified,RF,curve+topo_ctr+area,,kndvi,none,RF
td_inext_q0,881,-0.0297123362253932,2.355309357061705,0.2373833070248761,1.8137201764814728,-0.0822081597546758,0.1149049854026717,2,RFG2c_curve-topo_ctr-area_kndvi_raw100null3_pg-all_unified_woody,kfold5_block20_unified,RF,curve+topo_ctr+area,,kndvi,none,RF
td_inext_q1,881,0.0555107910511127,1.644224832210532,0.2009380110728189,1.252094541294892,0.1140654216050644,0.2619625915238877,2,RFG2c_curve-topo_ctr-area_kndvi_raw100null3_pg-all_unified_woody,kfold5_block20_unified,RF,curve+topo_ctr+area,,kndvi,none,RF
td_inext_q2,881,0.0520105949015494,1.4687707532484795,0.1973637714347262,1.1222886922856634,0.0024648699211176,0.2358386219837204,2,RFG2c_curve-topo_ctr-area_kndvi_raw100null3_pg-all_unified_woody,kfold5_block20_unified,RF,curve+topo_ctr+area,,kndvi,none,RF
lcbd_count_sorensen,2499,0.4461487772858816,1.5772633118879196e-05,0.1923326329516106,1.246314818954894e-05,-1.2217480045383574e-06,0.6099075743858619,0,RFG7c_lspu-topo_ctr-area_kndvi_raw100null3_pg-all_unified_woody_lspunull3,kfold5_block20_unified,RF,lspu+topo_ctr+area,,kndvi,none,RF
pd_inext_q0,877,0.0493844424744428,1.500525689854448,0.2167809850851469,1.1651640871867723,-0.0771824024500867,0.259097924692946,0,RFG7c_lspu-topo_ctr-area_kndvi_raw100null3_pg-all_unified_woody_lspunull3,kfold5_block20_unified,RF,lspu+topo_ctr+area,,kndvi,none,RF
pd_inext_q1,877,0.1069009646572493,1.0779940405671444,0.2149690158925124,0.8611885390565149,0.0481786595726079,0.2899497064940144,0,RFG7c_lspu-topo_ctr-area_kndvi_raw100null3_pg-all_unified_woody_lspunull3,kfold5_block20_unified,RF,lspu+topo_ctr+area,,kndvi,none,RF
pd_inext_q2,877,0.0878722605809211,0.8874438761513074,0.2316959867891555,0.7105176714524887,0.0057910532223234,0.283111136760756,0,RFG7c_lspu-topo_ctr-area_kndvi_raw100null3_pg-all_unified_woody_lspunull3,kfold5_block20_unified,RF,lspu+topo_ctr+area,,kndvi,none,RF
td_inext_q0,881,0.0230521760715778,2.294170465597537,0.2312213342037326,1.7826857021406786,-0.0735056231769912,0.1533654434699752,0,RFG7c_lspu-topo_ctr-area_kndvi_raw100null3_pg-all_unified_woody_lspunull3,kfold5_block20_unified,RF,lspu+topo_ctr+area,,kndvi,none,RF
td_inext_q1,881,0.0856260220412792,1.6177992575619715,0.1977085850799032,1.228119125127077,-0.0158604897548224,0.2833079383659106,0,RFG7c_lspu-topo_ctr-area_kndvi_raw100null3_pg-all_unified_woody_lspunull3,kfold5_block20_unified,RF,lspu+topo_ctr+area,,kndvi,none,RF
td_inext_q2,881,0.0901028061242688,1.4389590572788538,0.1933578714422204,1.109182595741874,0.0373337379539997,0.2892474403088653,0,RFG7c_lspu-topo_ctr-area_kndvi_raw100null3_pg-all_unified_woody_lspunull3,kfold5_block20_unified,RF,lspu+topo_ctr+area,,kndvi,none,RF
lcbd_count_sorensen,2499,0.446302342377204,1.5770446345912385e-05,0.1923059672833481,1.247651085719438e-05,2.2361116105010706e-07,0.6072333354938133,1,RFG7c_lspu-topo_ctr-area_kndvi_raw100null3_pg-all_unified_woody_lspunull3,kfold5_block20_unified,RF,lspu+topo_ctr+area,,kndvi,none,RF
pd_inext_q0,877,0.0659613882326757,1.487384978971065,0.2148825462451593,1.1661170938995844,0.0008531641457537,0.2775322618512696,1,RFG7c_lspu-topo_ctr-area_kndvi_raw100null3_pg-all_unified_woody_lspunull3,kfold5_block20_unified,RF,lspu+topo_ctr+area,,kndvi,none,RF
pd_inext_q1,877,0.0875802831746038,1.0895919365066156,0.2172818192872512,0.8617583777058085,-0.0242535448290249,0.2657824157143198,1,RFG7c_lspu-topo_ctr-area_kndvi_raw100null3_pg-all_unified_woody_lspunull3,kfold5_block20_unified,RF,lspu+topo_ctr+area,,kndvi,none,RF
pd_inext_q2,877,0.052334431241883,0.9045667417976596,0.2361664658348786,0.7141447386304979,-0.0735944211788784,0.2462615039576813,1,RFG7c_lspu-topo_ctr-area_kndvi_raw100null3_pg-all_unified_woody_lspunull3,kfold5_block20_unified,RF,lspu+topo_ctr+area,,kndvi,none,RF
td_inext_q0,881,0.0068770729356019,2.313084527594312,0.2331276156748295,1.841429267400353,0.2268647681053133,0.1481296986121321,1,RFG7c_lspu-topo_ctr-area_kndvi_raw100null3_pg-all_unified_woody_lspunull3,kfold5_block20_unified,RF,lspu+topo_ctr+area,,kndvi,none,RF
td_inext_q1,881,0.0907310026367934,1.6132768227351388,0.1971559057616567,1.227141496083253,-0.0170255576636188,0.2910458412432123,1,RFG7c_lspu-topo_ctr-area_kndvi_raw100null3_pg-all_unified_woody_lspunull3,kfold5_block20_unified,RF,lspu+topo_ctr+area,,kndvi,none,RF
td_inext_q2,881,0.0883981377496456,1.440306352448811,0.1935389121222519,1.111876085824245,0.0387062887854343,0.2849114507846081,1,RFG7c_lspu-topo_ctr-area_kndvi_raw100null3_pg-all_unified_woody_lspunull3,kfold5_block20_unified,RF,lspu+topo_ctr+area,,kndvi,none,RF
lcbd_count_sorensen,2499,0.4468319585863248,1.576290226286713e-05,0.1922139741871819,1.2451678615163156e-05,-1.0641783872485688e-06,0.6093249180075393,2,RFG7c_lspu-topo_ctr-area_kndvi_raw100null3_pg-all_unified_woody_lspunull3,kfold5_block20_unified,RF,lspu+topo_ctr+area,,kndvi,none,RF
pd_inext_q0,877,0.0541028600874127,1.4967970982822156,0.2162423153646124,1.1660672265780796,-0.0473574207387218,0.264255090456616,2,RFG7c_lspu-topo_ctr-area_kndvi_raw100null3_pg-all_unified_woody_lspunull3,kfold5_block20_unified,RF,lspu+topo_ctr+area,,kndvi,none,RF
pd_inext_q1,877,0.0894250985142951,1.0884898598198998,0.2170620478118387,0.8474322802086711,-0.0952703109437708,0.280180737961871,2,RFG7c_lspu-topo_ctr-area_kndvi_raw100null3_pg-all_unified_woody_lspunull3,kfold5_block20_unified,RF,lspu+topo_ctr+area,,kndvi,none,RF
pd_inext_q2,877,0.0814840409730498,0.8905461251517219,0.2325059294376235,0.6993523148223141,-0.0797406282645719,0.2721118985053986,2,RFG7c_lspu-topo_ctr-area_kndvi_raw100null3_pg-all_unified_woody_lspunull3,kfold5_block20_unified,RF,lspu+topo_ctr+area,,kndvi,none,RF
td_inext_q0,881,-0.011130321141731,2.333960848055222,0.2352316662423967,1.809761392158191,-0.1056106553690259,0.1296244340675195,2,RFG7c_lspu-topo_ctr-area_kndvi_raw100null3_pg-all_unified_woody_lspunull3,kfold5_block20_unified,RF,lspu+topo_ctr+area,,kndvi,none,RF
td_inext_q1,881,0.0860605735723305,1.6174147864880837,0.1976615995026339,1.2431346014461204,0.0902910502731569,0.2808744614080595,2,RFG7c_lspu-topo_ctr-area_kndvi_raw100null3_pg-all_unified_woody_lspunull3,kfold5_block20_unified,RF,lspu+topo_ctr+area,,kndvi,none,RF
td_inext_q2,881,0.0831216858010622,1.444468664034498,0.194098216227825,1.1048872835573251,-0.0137476722834884,0.2644578761626537,2,RFG7c_lspu-topo_ctr-area_kndvi_raw100null3_pg-all_unified_woody_lspunull3,kfold5_block20_unified,RF,lspu+topo_ctr+area,,kndvi,none,RF
hill_q0_unified,3102,0.3586819514501029,2.431726243335908,0.1736947316668505,1.7017019141220355,-0.1115515731390871,0.6448197123782994,0,RFG2c_curve-topo_ctr-area_kndvi_raw100null3_unified-all_unified_woody,kfold5_block20_unified,RF,curve+topo_ctr+area,,kndvi,none,RF
lcbd_pa_unified,3094,0.3927364112812823,1.1637146407140154e-05,0.2005706278338223,9.254287505048231e-06,2.370175603574214e-07,0.5642878788524531,0,RFG2c_curve-topo_ctr-area_kndvi_raw100null3_unified-all_unified_woody,kfold5_block20_unified,RF,curve+topo_ctr+area,,kndvi,none,RF
pcoa1_pa_unified,3094,0.4751892269279026,0.2125742121516922,0.1657919039112923,0.119866884583148,-0.025154354525554,0.7504147034369596,0,RFG2c_curve-topo_ctr-area_kndvi_raw100null3_unified-all_unified_woody,kfold5_block20_unified,RF,curve+topo_ctr+area,,kndvi,none,RF
pcoa2_pa_unified,3094,0.6686118034251018,0.1554622638611966,0.1485465238144366,0.1209045235599481,0.0013816232189654,0.8248911767767869,0,RFG2c_curve-topo_ctr-area_kndvi_raw100null3_unified-all_unified_woody,kfold5_block20_unified,RF,curve+topo_ctr+area,,kndvi,none,RF
lcbd_freq_unified,3040,0.367303238919178,1.9960273981994385e-05,0.2003395404476813,1.5826767374654923e-05,-2.0205677192664347e-06,0.5586702276810763,0,RFG2c_curve-topo_ctr-area_kndvi_raw100null3_unified-all_unified_woody,kfold5_block20_unified,RF,curve+topo_ctr+area,,kndvi,none,RF
pcoa1_freq_unified,3040,0.2688160597493773,0.4276473031489297,0.2063421555664151,0.205810076087049,-0.0630192617767664,0.5687194248756249,0,RFG2c_curve-topo_ctr-area_kndvi_raw100null3_unified-all_unified_woody,kfold5_block20_unified,RF,curve+topo_ctr+area,,kndvi,none,RF
pcoa2_freq_unified,3040,0.4508715301601963,0.3503891481208905,0.1664113748702119,0.2331889150731956,0.0134351867926073,0.8014120186481586,0,RFG2c_curve-topo_ctr-area_kndvi_raw100null3_unified-all_unified_woody,kfold5_block20_unified,RF,curve+topo_ctr+area,,kndvi,none,RF
mpd_unified,2535,0.1323417938862012,108.79225801122338,0.170090474608651,73.69441695301988,4.911134931385422,0.3553139901739939,0,RFG2c_curve-topo_ctr-area_kndvi_raw100null3_unified-all_unified_woody,kfold5_block20_unified,RF,curve+topo_ctr+area,,kndvi,none,RF
mntd_unified,2535,0.0326023546745483,100.16791653444676,0.1566068098535664,65.58054148704443,-7.384477252386132,0.1687359287139341,0,RFG2c_curve-topo_ctr-area_kndvi_raw100null3_unified-all_unified_woody,kfold5_block20_unified,RF,curve+topo_ctr+area,,kndvi,none,RF
ses_pd_unified,2535,0.1028521082564253,1.1395483817909935,0.2086319863090617,0.8313546952951748,-0.0549910904017131,0.3062275002638094,0,RFG2c_curve-topo_ctr-area_kndvi_raw100null3_unified-all_unified_woody,kfold5_block20_unified,RF,curve+topo_ctr+area,,kndvi,none,RF
ses_mpd_unified,2535,0.1460502400936522,1.1744983306461374,0.2135739170023612,0.8681918570144395,-0.039834119270763,0.3285641493671239,0,RFG2c_curve-topo_ctr-area_kndvi_raw100null3_unified-all_unified_woody,kfold5_block20_unified,RF,curve+topo_ctr+area,,kndvi,none,RF
ses_mntd_unified,2535,0.050813086976629,1.1917150975822213,0.1963391357004389,0.8920067754143762,-0.0986631549609566,0.191666366035783,0,RFG2c_curve-topo_ctr-area_kndvi_raw100null3_unified-all_unified_woody,kfold5_block20_unified,RF,curve+topo_ctr+area,,kndvi,none,RF
dark_n_unified,3094,0.5577208542460725,18.46599723325016,0.1725794133948612,14.735006647906305,-0.7633734689451445,0.7423129363007783,0,RFG2c_curve-topo_ctr-area_kndvi_raw100null3_unified-all_unified_woody,kfold5_block20_unified,RF,curve+topo_ctr+area,,kndvi,none,RF
hill_q0_unified,3102,0.359742633886663,2.4297144828032766,0.1735510344859483,1.6970100399467736,-0.1509328877053326,0.6452503823422364,1,RFG2c_curve-topo_ctr-area_kndvi_raw100null3_unified-all_unified_woody,kfold5_block20_unified,RF,curve+topo_ctr+area,,kndvi,none,RF
lcbd_pa_unified,3094,0.3891447320565143,1.167150980187945e-05,0.2011628939630113,9.230235393026138e-06,-1.1513438465059268e-06,0.5629783786705805,1,RFG2c_curve-topo_ctr-area_kndvi_raw100null3_unified-all_unified_woody,kfold5_block20_unified,RF,curve+topo_ctr+area,,kndvi,none,RF
pcoa1_pa_unified,3094,0.474642278569128,0.2126849538183255,0.1658782740855839,0.1200119452676425,-0.0250385749247159,0.7445532993999934,1,RFG2c_curve-topo_ctr-area_kndvi_raw100null3_unified-all_unified_woody,kfold5_block20_unified,RF,curve+topo_ctr+area,,kndvi,none,RF
pcoa2_pa_unified,3094,0.668156813305536,0.1555689507202108,0.1486484647076774,0.1219412251243097,-0.0038902579933907,0.8252953270904683,1,RFG2c_curve-topo_ctr-area_kndvi_raw100null3_unified-all_unified_woody,kfold5_block20_unified,RF,curve+topo_ctr+area,,kndvi,none,RF
lcbd_freq_unified,3040,0.3725154877027181,1.987788611685905e-05,0.1995126205840278,1.586475030493834e-05,-1.4569501936121558e-07,0.5587006059221549,1,RFG2c_curve-topo_ctr-area_kndvi_raw100null3_unified-all_unified_woody,kfold5_block20_unified,RF,curve+topo_ctr+area,,kndvi,none,RF
pcoa1_freq_unified,3040,0.2571588629793696,0.4310427935287064,0.2079804981889668,0.2012366036261397,-0.0761558309591505,0.5670440300144896,1,RFG2c_curve-topo_ctr-area_kndvi_raw100null3_unified-all_unified_woody,kfold5_block20_unified,RF,curve+topo_ctr+area,,kndvi,none,RF
pcoa2_freq_unified,3040,0.4451113118428538,0.3522221004889067,0.1672819044664309,0.231004833779971,0.0197569541321315,0.7969259987382509,1,RFG2c_curve-topo_ctr-area_kndvi_raw100null3_unified-all_unified_woody,kfold5_block20_unified,RF,curve+topo_ctr+area,,kndvi,none,RF
mpd_unified,2535,0.1119313625758609,110.0644120413464,0.1720794146923895,72.82619375715026,-4.9090322351873175,0.3323583443074656,1,RFG2c_curve-topo_ctr-area_kndvi_raw100null3_unified-all_unified_woody,kfold5_block20_unified,RF,curve+topo_ctr+area,,kndvi,none,RF
mntd_unified,2535,0.0429096289978916,99.63286093143404,0.1557702810129841,65.27659079970263,-5.375743723548873,0.1803166617157629,1,RFG2c_curve-topo_ctr-area_kndvi_raw100null3_unified-all_unified_woody,kfold5_block20_unified,RF,curve+topo_ctr+area,,kndvi,none,RF
ses_pd_unified,2535,0.102291223592377,1.1399045412105258,0.2086971930596719,0.847865412454522,0.0217281599417624,0.3105534621959215,1,RFG2c_curve-topo_ctr-area_kndvi_raw100null3_unified-all_unified_woody,kfold5_block20_unified,RF,curve+topo_ctr+area,,kndvi,none,RF
ses_mpd_unified,2535,0.1470536482727499,1.17380809822213,0.2134484032927281,0.866810157394658,-0.042279585093446,0.3296315483124455,1,RFG2c_curve-topo_ctr-area_kndvi_raw100null3_unified-all_unified_woody,kfold5_block20_unified,RF,curve+topo_ctr+area,,kndvi,none,RF
ses_mntd_unified,2535,0.041564748623889,1.197506721845672,0.1972933255940591,0.8959576115976542,-0.0885237024948776,0.1763256380690784,1,RFG2c_curve-topo_ctr-area_kndvi_raw100null3_unified-all_unified_woody,kfold5_block20_unified,RF,curve+topo_ctr+area,,kndvi,none,RF
dark_n_unified,3094,0.5579213849188394,18.461810489745645,0.1725402849508938,14.691003968226498,-1.1967923091294408,0.744239499788714,1,RFG2c_curve-topo_ctr-area_kndvi_raw100null3_unified-all_unified_woody,kfold5_block20_unified,RF,curve+topo_ctr+area,,kndvi,none,RF
hill_q0_unified,3102,0.3501418579353752,2.4478637041029687,0.1748474074359263,1.7430553050428177,0.031024866186625,0.6309212833390313,2,RFG2c_curve-topo_ctr-area_kndvi_raw100null3_unified-all_unified_woody,kfold5_block20_unified,RF,curve+topo_ctr+area,,kndvi,none,RF
lcbd_pa_unified,3094,0.3955511509731633,1.1610145296595214e-05,0.2001052534624141,9.199557743417069e-06,-1.802739894994022e-07,0.5693851569062669,2,RFG2c_curve-topo_ctr-area_kndvi_raw100null3_unified-all_unified_woody,kfold5_block20_unified,RF,curve+topo_ctr+area,,kndvi,none,RF
pcoa1_pa_unified,3094,0.4596720435755101,0.2156939315662968,0.168225050510689,0.118331176653924,-0.0359879726980778,0.7474693156900093,2,RFG2c_curve-topo_ctr-area_kndvi_raw100null3_unified-all_unified_woody,kfold5_block20_unified,RF,curve+topo_ctr+area,,kndvi,none,RF
pcoa2_pa_unified,3094,0.6676479654117241,0.1556881796407019,0.1487623897286903,0.1205323268795561,0.0055019739813932,0.8242199872474303,2,RFG2c_curve-topo_ctr-area_kndvi_raw100null3_unified-all_unified_woody,kfold5_block20_unified,RF,curve+topo_ctr+area,,kndvi,none,RF
lcbd_freq_unified,3040,0.3732809182986703,1.986575849875876e-05,0.1993908967319839,1.578893672439051e-05,-9.021177744230088e-07,0.5584547590134397,2,RFG2c_curve-topo_ctr-area_kndvi_raw100null3_unified-all_unified_woody,kfold5_block20_unified,RF,curve+topo_ctr+area,,kndvi,none,RF
pcoa1_freq_unified,3040,0.2423582555172194,0.4353157327743635,0.2100422146736985,0.2017678281152199,-0.0823485362094292,0.5652566631040127,2,RFG2c_curve-topo_ctr-area_kndvi_raw100null3_unified-all_unified_woody,kfold5_block20_unified,RF,curve+topo_ctr+area,,kndvi,none,RF
pcoa2_freq_unified,3040,0.4471462741665034,0.3515756491595044,0.1669748833868985,0.2311597835170852,0.0202177628089857,0.8015372633374659,2,RFG2c_curve-topo_ctr-area_kndvi_raw100null3_unified-all_unified_woody,kfold5_block20_unified,RF,curve+topo_ctr+area,,kndvi,none,RF
mpd_unified,2535,0.1228384343420546,109.38642995027767,0.1710194284603347,71.90675596336419,-4.620741559163047,0.3464604687573892,2,RFG2c_curve-topo_ctr-area_kndvi_raw100null3_unified-all_unified_woody,kfold5_block20_unified,RF,curve+topo_ctr+area,,kndvi,none,RF
mntd_unified,2535,0.0285173539035669,100.3791817589976,0.1569371109519078,66.02880884640462,-6.5364972323997925,0.1614374727289837,2,RFG2c_curve-topo_ctr-area_kndvi_raw100null3_unified-all_unified_woody,kfold5_block20_unified,RF,curve+topo_ctr+area,,kndvi,none,RF
ses_pd_unified,2535,0.1015007993511365,1.1404062684748009,0.2087890508143787,0.8463084494515902,0.0128681472626919,0.3083072896117501,2,RFG2c_curve-topo_ctr-area_kndvi_raw100null3_unified-all_unified_woody,kfold5_block20_unified,RF,curve+topo_ctr+area,,kndvi,none,RF
ses_mpd_unified,2535,0.1500886449139836,1.171717885661271,0.2130683134515237,0.8666347247784282,-0.0460800860347234,0.332922594817526,2,RFG2c_curve-topo_ctr-area_kndvi_raw100null3_unified-all_unified_woody,kfold5_block20_unified,RF,curve+topo_ctr+area,,kndvi,none,RF
ses_mntd_unified,2535,0.0419448766026184,1.1972692248665406,0.1972541971549643,0.8943811989370088,-0.023841840589534,0.1739632301417856,2,RFG2c_curve-topo_ctr-area_kndvi_raw100null3_unified-all_unified_woody,kfold5_block20_unified,RF,curve+topo_ctr+area,,kndvi,none,RF
dark_n_unified,3094,0.560118711474403,18.415871646222985,0.1721109499647007,14.71175388690263,-0.165439911490289,0.7429383454797652,2,RFG2c_curve-topo_ctr-area_kndvi_raw100null3_unified-all_unified_woody,kfold5_block20_unified,RF,curve+topo_ctr+area,,kndvi,none,RF
hill_q0_unified,3102,0.3284695594865897,2.48834619761626,0.1777390141154471,1.745251145276464,-0.10208129429527,0.6201362516959834,0,RFG7c_lspu-topo_ctr-area_kndvi_raw100null3_unified-all_unified_woody_lspunull3,kfold5_block20_unified,RF,lspu+topo_ctr+area,,kndvi,none,RF
lcbd_pa_unified,3094,0.3724889146979334,1.182955964846556e-05,0.2038869429566173,9.377062147614876e-06,1.7345617871738076e-07,0.5499762705088893,0,RFG7c_lspu-topo_ctr-area_kndvi_raw100null3_unified-all_unified_woody_lspunull3,kfold5_block20_unified,RF,lspu+topo_ctr+area,,kndvi,none,RF
pcoa1_pa_unified,3094,0.504438331795332,0.206565629360734,0.1611056610663196,0.1180150685455711,-0.0223359840204843,0.7560310488949246,0,RFG7c_lspu-topo_ctr-area_kndvi_raw100null3_unified-all_unified_woody_lspunull3,kfold5_block20_unified,RF,lspu+topo_ctr+area,,kndvi,none,RF
pcoa2_pa_unified,3094,0.6626662516566819,0.1568506655737287,0.1498731624657224,0.1216244099623321,0.001777314099706,0.8219594888715168,0,RFG7c_lspu-topo_ctr-area_kndvi_raw100null3_unified-all_unified_woody_lspunull3,kfold5_block20_unified,RF,lspu+topo_ctr+area,,kndvi,none,RF
lcbd_freq_unified,3040,0.3480227811729167,2.02621209376562e-05,0.2033691521873482,1.60243531552766e-05,-2.465819421539337e-06,0.552897860990388,0,RFG7c_lspu-topo_ctr-area_kndvi_raw100null3_unified-all_unified_woody_lspunull3,kfold5_block20_unified,RF,lspu+topo_ctr+area,,kndvi,none,RF
pcoa1_freq_unified,3040,0.2827263027227715,0.4235599304329713,0.2043699759440863,0.1994177206657276,-0.06534790099379,0.5891291867160868,0,RFG7c_lspu-topo_ctr-area_kndvi_raw100null3_unified-all_unified_woody_lspunull3,kfold5_block20_unified,RF,lspu+topo_ctr+area,,kndvi,none,RF
pcoa2_freq_unified,3040,0.4517166643269619,0.3501194117271118,0.1662832681512054,0.2325620672364942,0.0111660094394238,0.7949614205028859,0,RFG7c_lspu-topo_ctr-area_kndvi_raw100null3_unified-all_unified_woody_lspunull3,kfold5_block20_unified,RF,lspu+topo_ctr+area,,kndvi,none,RF
mpd_unified,2535,0.1519882747323583,107.5535079989766,0.1681537597968048,73.14840824303658,5.253583827197187,0.3682688909052616,0,RFG7c_lspu-topo_ctr-area_kndvi_raw100null3_unified-all_unified_woody_lspunull3,kfold5_block20_unified,RF,lspu+topo_ctr+area,,kndvi,none,RF
mntd_unified,2535,0.0396684367903591,99.80142198049651,0.1560338165747942,65.36262217081023,-8.10727179762999,0.1796023975671335,0,RFG7c_lspu-topo_ctr-area_kndvi_raw100null3_unified-all_unified_woody_lspunull3,kfold5_block20_unified,RF,lspu+topo_ctr+area,,kndvi,none,RF
ses_pd_unified,2535,0.1076532010898517,1.1364951411281496,0.2080729897150184,0.8269531511287406,-0.0598381220964383,0.3037936875266366,0,RFG7c_lspu-topo_ctr-area_kndvi_raw100null3_unified-all_unified_woody_lspunull3,kfold5_block20_unified,RF,lspu+topo_ctr+area,,kndvi,none,RF
ses_mpd_unified,2535,0.1575220518480342,1.1665826537020725,0.2121345091406751,0.8557605796590353,-0.0619404118673458,0.3407734495965066,0,RFG7c_lspu-topo_ctr-area_kndvi_raw100null3_unified-all_unified_woody_lspunull3,kfold5_block20_unified,RF,lspu+topo_ctr+area,,kndvi,none,RF
ses_mntd_unified,2535,0.0525016858422479,1.1906545980578305,0.1961644147789266,0.8844012202446225,-0.1145609776683106,0.214761159719867,0,RFG7c_lspu-topo_ctr-area_kndvi_raw100null3_unified-all_unified_woody_lspunull3,kfold5_block20_unified,RF,lspu+topo_ctr+area,,kndvi,none,RF
dark_n_unified,3094,0.5637982224768084,18.338687526074946,0.1713896030474293,14.499972491943655,-0.5068495406693547,0.7473060427942904,0,RFG7c_lspu-topo_ctr-area_kndvi_raw100null3_unified-all_unified_woody_lspunull3,kfold5_block20_unified,RF,lspu+topo_ctr+area,,kndvi,none,RF
hill_q0_unified,3102,0.3313262695251081,2.4830478081616145,0.1773605577258296,1.7388416383958232,-0.1325827083191134,0.621340568737201,1,RFG7c_lspu-topo_ctr-area_kndvi_raw100null3_unified-all_unified_woody_lspunull3,kfold5_block20_unified,RF,lspu+topo_ctr+area,,kndvi,none,RF
lcbd_pa_unified,3094,0.3677490160636986,1.187415282791434e-05,0.2046555233015083,9.379925370899824e-06,-1.0973133111734526e-06,0.5479713368464072,1,RFG7c_lspu-topo_ctr-area_kndvi_raw100null3_unified-all_unified_woody_lspunull3,kfold5_block20_unified,RF,lspu+topo_ctr+area,,kndvi,none,RF
pcoa1_pa_unified,3094,0.5073238142476726,0.2059633716523359,0.1606359453321772,0.1173602508954373,-0.0224140915684093,0.7522731453079295,1,RFG7c_lspu-topo_ctr-area_kndvi_raw100null3_unified-all_unified_woody_lspunull3,kfold5_block20_unified,RF,lspu+topo_ctr+area,,kndvi,none,RF
pcoa2_pa_unified,3094,0.6625818004624848,0.1568702980551243,0.1498919215960267,0.1229408326662293,-0.0082514029072583,0.8226469250877421,1,RFG7c_lspu-topo_ctr-area_kndvi_raw100null3_unified-all_unified_woody_lspunull3,kfold5_block20_unified,RF,lspu+topo_ctr+area,,kndvi,none,RF
lcbd_freq_unified,3040,0.3525265301441007,2.0192015997798696e-05,0.2026655149804224,1.6098840977231336e-05,-2.236079626075427e-07,0.5455300582214756,1,RFG7c_lspu-topo_ctr-area_kndvi_raw100null3_unified-all_unified_woody_lspunull3,kfold5_block20_unified,RF,lspu+topo_ctr+area,,kndvi,none,RF
pcoa1_freq_unified,3040,0.2739416777962635,0.4261457578089107,0.205617651752504,0.1990733649042545,-0.072458976558941,0.587102336271883,1,RFG7c_lspu-topo_ctr-area_kndvi_raw100null3_unified-all_unified_woody_lspunull3,kfold5_block20_unified,RF,lspu+topo_ctr+area,,kndvi,none,RF
pcoa2_freq_unified,3040,0.4438796929996937,0.3526127760755923,0.1674674492010702,0.2298286033275253,0.0247711877585859,0.7878049076856443,1,RFG7c_lspu-topo_ctr-area_kndvi_raw100null3_unified-all_unified_woody_lspunull3,kfold5_block20_unified,RF,lspu+topo_ctr+area,,kndvi,none,RF
mpd_unified,2535,0.1206233664852753,109.52445788048084,0.1712352272367061,72.42188595439589,-6.515954510848216,0.3461047680536561,1,RFG7c_lspu-topo_ctr-area_kndvi_raw100null3_unified-all_unified_woody_lspunull3,kfold5_block20_unified,RF,lspu+topo_ctr+area,,kndvi,none,RF
mntd_unified,2535,0.0429164334018787,99.63250676245394,0.1557697272900353,65.19395509898554,-6.589514613833141,0.1891534471133522,1,RFG7c_lspu-topo_ctr-area_kndvi_raw100null3_unified-all_unified_woody_lspunull3,kfold5_block20_unified,RF,lspu+topo_ctr+area,,kndvi,none,RF
ses_pd_unified,2535,0.109408096353493,1.1353770716326386,0.2078682901485871,0.8413409365415717,0.0091514722045328,0.3181843903519952,1,RFG7c_lspu-topo_ctr-area_kndvi_raw100null3_unified-all_unified_woody_lspunull3,kfold5_block20_unified,RF,lspu+topo_ctr+area,,kndvi,none,RF
ses_mpd_unified,2535,0.1545805542083085,1.168617431046213,0.2125045184938401,0.8598663385412055,-0.058120439239885,0.3355314447140062,1,RFG7c_lspu-topo_ctr-area_kndvi_raw100null3_unified-all_unified_woody_lspunull3,kfold5_block20_unified,RF,lspu+topo_ctr+area,,kndvi,none,RF
ses_mntd_unified,2535,0.0429294753419474,1.1966538464979564,0.1971528114653295,0.8893703713701651,-0.0883100266728687,0.1912588276201095,1,RFG7c_lspu-topo_ctr-area_kndvi_raw100null3_unified-all_unified_woody_lspunull3,kfold5_block20_unified,RF,lspu+topo_ctr+area,,kndvi,none,RF
dark_n_unified,3094,0.5613783248466342,18.389485540639694,0.1718643508470999,14.52226175815036,-0.840743364523239,0.7467303808452613,1,RFG7c_lspu-topo_ctr-area_kndvi_raw100null3_unified-all_unified_woody_lspunull3,kfold5_block20_unified,RF,lspu+topo_ctr+area,,kndvi,none,RF
hill_q0_unified,3102,0.3184713008692765,2.506801955897725,0.1790572825641232,1.7846908363740304,0.0040454862531741,0.6040312656791142,2,RFG7c_lspu-topo_ctr-area_kndvi_raw100null3_unified-all_unified_woody_lspunull3,kfold5_block20_unified,RF,lspu+topo_ctr+area,,kndvi,none,RF
lcbd_pa_unified,3094,0.3733148476139083,1.1821772025258429e-05,0.2037527203197834,9.344162250286158e-06,-2.048458852552197e-07,0.5551013786967396,2,RFG7c_lspu-topo_ctr-area_kndvi_raw100null3_unified-all_unified_woody_lspunull3,kfold5_block20_unified,RF,lspu+topo_ctr+area,,kndvi,none,RF
pcoa1_pa_unified,3094,0.4873147012552639,0.2101041542661138,0.1638654444622557,0.1164595611174841,-0.0340280995563403,0.7528323874582196,2,RFG7c_lspu-topo_ctr-area_kndvi_raw100null3_unified-all_unified_woody_lspunull3,kfold5_block20_unified,RF,lspu+topo_ctr+area,,kndvi,none,RF
pcoa2_pa_unified,3094,0.6645719111377035,0.1564069991800104,0.1494492325750643,0.1210275256560739,0.0027863220821437,0.8234914092340787,2,RFG7c_lspu-topo_ctr-area_kndvi_raw100null3_unified-all_unified_woody_lspunull3,kfold5_block20_unified,RF,lspu+topo_ctr+area,,kndvi,none,RF
lcbd_freq_unified,3040,0.3560135983888636,2.013756898224025e-05,0.2021190350029649,1.597819553132751e-05,-1.0353542737493617e-06,0.5515497595263618,2,RFG7c_lspu-topo_ctr-area_kndvi_raw100null3_unified-all_unified_woody_lspunull3,kfold5_block20_unified,RF,lspu+topo_ctr+area,,kndvi,none,RF
pcoa1_freq_unified,3040,0.2643345511067938,0.4289558503734915,0.2069735367372734,0.1991492884523961,-0.0746136356437617,0.5902879559077555,2,RFG7c_lspu-topo_ctr-area_kndvi_raw100null3_unified-all_unified_woody_lspunull3,kfold5_block20_unified,RF,lspu+topo_ctr+area,,kndvi,none,RF
pcoa2_freq_unified,3040,0.447336210517584,0.3515152509662677,0.1669461982908272,0.2278027181190609,0.0258973599910819,0.7951883995529927,2,RFG7c_lspu-topo_ctr-area_kndvi_raw100null3_unified-all_unified_woody_lspunull3,kfold5_block20_unified,RF,lspu+topo_ctr+area,,kndvi,none,RF
mpd_unified,2535,0.134497318553025,108.65703758677816,0.1698790652069977,72.04191092414055,-3.755014276729841,0.3564701588957468,2,RFG7c_lspu-topo_ctr-area_kndvi_raw100null3_unified-all_unified_woody_lspunull3,kfold5_block20_unified,RF,lspu+topo_ctr+area,,kndvi,none,RF
mntd_unified,2535,0.0382357033534698,99.87584187240265,0.1561501678204254,65.35520151208233,-7.145969943995584,0.1817290182211131,2,RFG7c_lspu-topo_ctr-area_kndvi_raw100null3_unified-all_unified_woody_lspunull3,kfold5_block20_unified,RF,lspu+topo_ctr+area,,kndvi,none,RF
ses_pd_unified,2535,0.1122318674159436,1.133575690849027,0.2075384878716595,0.8424661919003482,0.0030762852110097,0.3132334745511844,2,RFG7c_lspu-topo_ctr-area_kndvi_raw100null3_unified-all_unified_woody_lspunull3,kfold5_block20_unified,RF,lspu+topo_ctr+area,,kndvi,none,RF
ses_mpd_unified,2535,0.150165796534099,1.1716647024767624,0.213058642479043,0.8590876142519241,-0.0638543901650433,0.3278389700603213,2,RFG7c_lspu-topo_ctr-area_kndvi_raw100null3_unified-all_unified_woody_lspunull3,kfold5_block20_unified,RF,lspu+topo_ctr+area,,kndvi,none,RF
ses_mntd_unified,2535,0.0446584625200058,1.1955724557426202,0.1969746486421112,0.8891661405293079,-0.007538093241633,0.1947340779016888,2,RFG7c_lspu-topo_ctr-area_kndvi_raw100null3_unified-all_unified_woody_lspunull3,kfold5_block20_unified,RF,lspu+topo_ctr+area,,kndvi,none,RF
dark_n_unified,3094,0.5629001277970751,18.3575565562093,0.1715659491234514,14.582206130195614,0.4239565940110417,0.746604698534292,2,RFG7c_lspu-topo_ctr-area_kndvi_raw100null3_unified-all_unified_woody_lspunull3,kfold5_block20_unified,RF,lspu+topo_ctr+area,,kndvi,none,RF
lcbd_count_sorensen,2499,0.4356024086705647,1.5922095259004055e-05,0.1941551851355189,1.2686271227571168e-05,-1.05581815562189e-06,0.5903200754455495,0,RFG2c_curve-topo_ctr-area_evi_raw100nc_pg-all_unified_woody,kfold5_block20_unified,RF,curve+topo_ctr+area,,evi,none,RF
pd_inext_q0,877,0.0591932786124212,1.49276410038717,0.2156596680547759,1.150152207732848,-0.0775236146917692,0.2588352444244428,0,RFG2c_curve-topo_ctr-area_evi_raw100nc_pg-all_unified_woody,kfold5_block20_unified,RF,curve+topo_ctr+area,,evi,none,RF
pd_inext_q1,877,0.0635388917758914,1.1038534583457518,0.2201257917022339,0.8829176635969366,0.0382175704346899,0.264593573035257,0,RFG2c_curve-topo_ctr-area_evi_raw100nc_pg-all_unified_woody,kfold5_block20_unified,RF,curve+topo_ctr+area,,evi,none,RF
pd_inext_q2,877,0.0609202457755223,0.9004597479410615,0.2350942019769451,0.7200106386282261,0.0009596596299006,0.2506380776701836,0,RFG2c_curve-topo_ctr-area_evi_raw100nc_pg-all_unified_woody,kfold5_block20_unified,RF,curve+topo_ctr+area,,evi,none,RF
td_inext_q0,881,0.0166119611675404,2.3017198354889,0.2319822085175006,1.7682135576853475,-0.0432839499188669,0.1528972152497139,0,RFG2c_curve-topo_ctr-area_evi_raw100nc_pg-all_unified_woody,kfold5_block20_unified,RF,curve+topo_ctr+area,,evi,none,RF
td_inext_q1,881,0.0116146883737408,1.6819994293692564,0.2055543824311972,1.2772990788021317,0.0078565723254517,0.1545074494006115,0,RFG2c_curve-topo_ctr-area_evi_raw100nc_pg-all_unified_woody,kfold5_block20_unified,RF,curve+topo_ctr+area,,evi,none,RF
td_inext_q2,881,0.0269898714504734,1.4880274911629718,0.199951365456413,1.1457092573900425,0.0457277628488448,0.1796339573363569,0,RFG2c_curve-topo_ctr-area_evi_raw100nc_pg-all_unified_woody,kfold5_block20_unified,RF,curve+topo_ctr+area,,evi,none,RF
lcbd_count_sorensen,2499,0.4305031288401381,1.5993860850740106e-05,0.1950302999695413,1.280081903790981e-05,5.8600411514007264e-08,0.5811642108030021,1,RFG2c_curve-topo_ctr-area_evi_raw100nc_pg-all_unified_woody,kfold5_block20_unified,RF,curve+topo_ctr+area,,evi,none,RF
pd_inext_q0,877,0.0767725085885049,1.4787519846746644,0.2136353373366669,1.1468966451669234,-0.0269842573981647,0.2799641707054444,1,RFG2c_curve-topo_ctr-area_evi_raw100nc_pg-all_unified_woody,kfold5_block20_unified,RF,curve+topo_ctr+area,,evi,none,RF
pd_inext_q1,877,0.0424231340890447,1.116229182714179,0.2225937063551184,0.8810991826380983,-0.0219994066509393,0.2342932573687938,1,RFG2c_curve-topo_ctr-area_evi_raw100nc_pg-all_unified_woody,kfold5_block20_unified,RF,curve+topo_ctr+area,,evi,none,RF
pd_inext_q2,877,0.0188449069170411,0.9204112034871652,0.2403031760933502,0.7256995133890668,-0.0716650340829831,0.2186894738188081,1,RFG2c_curve-topo_ctr-area_evi_raw100nc_pg-all_unified_woody,kfold5_block20_unified,RF,curve+topo_ctr+area,,evi,none,RF
td_inext_q0,881,-0.0109979006177163,2.3338080119510534,0.2352162624315421,1.849038101471868,0.2727325856852805,0.1489949216111917,1,RFG2c_curve-topo_ctr-area_evi_raw100nc_pg-all_unified_woody,kfold5_block20_unified,RF,curve+topo_ctr+area,,evi,none,RF
td_inext_q1,881,0.0226011036710105,1.6726251586484977,0.204408768232344,1.2711652217053466,0.0185138330587574,0.1679968584355698,1,RFG2c_curve-topo_ctr-area_evi_raw100nc_pg-all_unified_woody,kfold5_block20_unified,RF,curve+topo_ctr+area,,evi,none,RF
td_inext_q2,881,0.0131764729520471,1.4985527045268796,0.201365674530897,1.1630398355831422,0.0792843142003753,0.1564544852121732,1,RFG2c_curve-topo_ctr-area_evi_raw100nc_pg-all_unified_woody,kfold5_block20_unified,RF,curve+topo_ctr+area,,evi,none,RF
lcbd_count_sorensen,2499,0.4357447910408437,1.5920086773591384e-05,0.1941306935186308,1.26556217173412e-05,-1.225764278287992e-06,0.5919217820729542,2,RFG2c_curve-topo_ctr-area_evi_raw100nc_pg-all_unified_woody,kfold5_block20_unified,RF,curve+topo_ctr+area,,evi,none,RF
pd_inext_q0,877,0.0760980339866965,1.4792920458025058,0.2137133599817247,1.1424644193381284,-0.0384682200515761,0.2873424546123178,2,RFG2c_curve-topo_ctr-area_evi_raw100nc_pg-all_unified_woody,kfold5_block20_unified,RF,curve+topo_ctr+area,,evi,none,RF
pd_inext_q1,877,0.0604553601107995,1.105669321133964,0.2204879033854974,0.8623254915438265,-0.0902513839532812,0.2655251260052904,2,RFG2c_curve-topo_ctr-area_evi_raw100nc_pg-all_unified_woody,kfold5_block20_unified,RF,curve+topo_ctr+area,,evi,none,RF
pd_inext_q2,877,0.0478667960694124,0.9066964606114918,0.2367224979574893,0.7133475351579288,-0.067837472673748,0.2442616462467491,2,RFG2c_curve-topo_ctr-area_evi_raw100nc_pg-all_unified_woody,kfold5_block20_unified,RF,curve+topo_ctr+area,,evi,none,RF
td_inext_q0,881,-0.0208519197766483,2.34515404066869,0.2363597885719688,1.802362843746216,-0.0498393028537239,0.1226992802258568,2,RFG2c_curve-topo_ctr-area_evi_raw100nc_pg-all_unified_woody,kfold5_block20_unified,RF,curve+topo_ctr+area,,evi,none,RF
td_inext_q1,881,-0.0101883634728403,1.700450066694818,0.2078092044571119,1.3149608026037796,0.1694425121774583,0.1386631305757295,2,RFG2c_curve-topo_ctr-area_evi_raw100nc_pg-all_unified_woody,kfold5_block20_unified,RF,curve+topo_ctr+area,,evi,none,RF
td_inext_q2,881,0.0072319178119885,1.5030595152984192,0.2019712701754497,1.1579480594533116,0.0257160564452701,0.1528833631697549,2,RFG2c_curve-topo_ctr-area_evi_raw100nc_pg-all_unified_woody,kfold5_block20_unified,RF,curve+topo_ctr+area,,evi,none,RF
lcbd_count_sorensen,2499,0.4422294809328898,1.582834180377401e-05,0.1930119486982799,1.2564460151517374e-05,-1.217971441207947e-06,0.604588053032514,0,RFG7c_lspu-topo_ctr-area_evi_raw100nc_pg-all_unified_woody_lspunc,kfold5_block20_unified,RF,lspu+topo_ctr+area,,evi,none,RF
pd_inext_q0,877,0.065610074985133,1.4876646723987998,0.2149229535618725,1.1429574081677476,-0.1078096158636051,0.2812745592216964,0,RFG7c_lspu-topo_ctr-area_evi_raw100nc_pg-all_unified_woody_lspunc,kfold5_block20_unified,RF,lspu+topo_ctr+area,,evi,none,RF
pd_inext_q1,877,0.0983560232236679,1.0831387486511834,0.2159949518367392,0.8599783888988783,0.0378797365690493,0.3149371413449682,0,RFG7c_lspu-topo_ctr-area_evi_raw100nc_pg-all_unified_woody_lspunc,kfold5_block20_unified,RF,lspu+topo_ctr+area,,evi,none,RF
pd_inext_q2,877,0.0874531253846965,0.8876477490447907,0.2317492144157183,0.7104236072746497,0.0026209697989084,0.3177631022708194,0,RFG7c_lspu-topo_ctr-area_evi_raw100nc_pg-all_unified_woody_lspunc,kfold5_block20_unified,RF,lspu+topo_ctr+area,,evi,none,RF
td_inext_q0,881,0.0130511112374982,2.3058833358012083,0.2324018330012109,1.790840352105464,-0.0334624408711062,0.1605715357777619,0,RFG7c_lspu-topo_ctr-area_evi_raw100nc_pg-all_unified_woody_lspunc,kfold5_block20_unified,RF,lspu+topo_ctr+area,,evi,none,RF
td_inext_q1,881,0.0591595515927801,1.6410457656467463,0.2005495025794054,1.2469311498957116,-0.0022587172009072,0.2285534365121004,0,RFG7c_lspu-topo_ctr-area_evi_raw100nc_pg-all_unified_woody_lspunc,kfold5_block20_unified,RF,lspu+topo_ctr+area,,evi,none,RF
td_inext_q2,881,0.065604138440744,1.4582021271722,0.1959436288449553,1.120504458542535,0.0503387776443833,0.2571983276278622,0,RFG7c_lspu-topo_ctr-area_evi_raw100nc_pg-all_unified_woody_lspunc,kfold5_block20_unified,RF,lspu+topo_ctr+area,,evi,none,RF
lcbd_count_sorensen,2499,0.4360993587789529,1.5915084040686674e-05,0.1940696898305171,1.268938346772962e-05,7.606450510284882e-08,0.5952536472853285,1,RFG7c_lspu-topo_ctr-area_evi_raw100nc_pg-all_unified_woody_lspunc,kfold5_block20_unified,RF,lspu+topo_ctr+area,,evi,none,RF
pd_inext_q0,877,0.0762850877444337,1.479142289035484,0.2136917246177335,1.1502413320892648,-0.0094149307880737,0.2984318470370705,1,RFG7c_lspu-topo_ctr-area_evi_raw100nc_pg-all_unified_woody_lspunc,kfold5_block20_unified,RF,lspu+topo_ctr+area,,evi,none,RF
pd_inext_q1,877,0.0864028367148252,1.0902947504173175,0.2174219714671832,0.8578597006439549,-0.027825465661201,0.2993988705389457,1,RFG7c_lspu-topo_ctr-area_evi_raw100nc_pg-all_unified_woody_lspunc,kfold5_block20_unified,RF,lspu+topo_ctr+area,,evi,none,RF
pd_inext_q2,877,0.0499093092843451,0.9057234172623368,0.2364684534539103,0.709040951625016,-0.0771579826291977,0.279270073284877,1,RFG7c_lspu-topo_ctr-area_evi_raw100nc_pg-all_unified_woody_lspunc,kfold5_block20_unified,RF,lspu+topo_ctr+area,,evi,none,RF
td_inext_q0,881,-0.0026188773812951,2.324116736758783,0.2342395130514524,1.8509249416168096,0.2658489742573921,0.1578626250311879,1,RFG7c_lspu-topo_ctr-area_evi_raw100nc_pg-all_unified_woody_lspunc,kfold5_block20_unified,RF,lspu+topo_ctr+area,,evi,none,RF
td_inext_q1,881,0.0679849454987256,1.6333308554851655,0.1996066761039109,1.2447711380546609,0.0106820594393567,0.2415099855659778,1,RFG7c_lspu-topo_ctr-area_evi_raw100nc_pg-all_unified_woody_lspunc,kfold5_block20_unified,RF,lspu+topo_ctr+area,,evi,none,RF
td_inext_q2,881,0.0599626522260738,1.4625975060258012,0.1965342509999189,1.1308205907088065,0.0664461101110432,0.242292470698416,1,RFG7c_lspu-topo_ctr-area_evi_raw100nc_pg-all_unified_woody_lspunc,kfold5_block20_unified,RF,lspu+topo_ctr+area,,evi,none,RF
lcbd_count_sorensen,2499,0.4427988311464971,1.5820261266712662e-05,0.1929134140429082,1.2551072182969633e-05,-1.1308507143497645e-06,0.6051633023810882,2,RFG7c_lspu-topo_ctr-area_evi_raw100nc_pg-all_unified_woody_lspunc,kfold5_block20_unified,RF,lspu+topo_ctr+area,,evi,none,RF
pd_inext_q0,877,0.0680653897178373,1.485708803866039,0.2146403891845374,1.1477067167291597,-0.0423918180900971,0.2795701423980459,2,RFG7c_lspu-topo_ctr-area_evi_raw100nc_pg-all_unified_woody_lspunc,kfold5_block20_unified,RF,lspu+topo_ctr+area,,evi,none,RF
pd_inext_q1,877,0.0878219565308554,1.0894476263966446,0.2172530415749853,0.8461452445057946,-0.0853010488570412,0.3067911097471889,2,RFG7c_lspu-topo_ctr-area_evi_raw100nc_pg-all_unified_woody_lspunc,kfold5_block20_unified,RF,lspu+topo_ctr+area,,evi,none,RF
pd_inext_q2,877,0.0783787737192132,0.8920502091974423,0.2328986193265868,0.6973662810585486,-0.0788924644862575,0.3124933158543731,2,RFG7c_lspu-topo_ctr-area_evi_raw100nc_pg-all_unified_woody_lspunc,kfold5_block20_unified,RF,lspu+topo_ctr+area,,evi,none,RF
td_inext_q0,881,-0.0272618897333212,2.3525051771264383,0.2371006836384701,1.8239617125278909,-0.0760564227560102,0.1343879280123163,2,RFG7c_lspu-topo_ctr-area_evi_raw100nc_pg-all_unified_woody_lspunc,kfold5_block20_unified,RF,lspu+topo_ctr+area,,evi,none,RF
td_inext_q1,881,0.0465500677784678,1.6520061085595,0.2018889480508644,1.2755695810659091,0.1415924994109795,0.2136915058874199,2,RFG7c_lspu-topo_ctr-area_evi_raw100nc_pg-all_unified_woody_lspunc,kfold5_block20_unified,RF,lspu+topo_ctr+area,,evi,none,RF
td_inext_q2,881,0.0526879052218983,1.4682459629192002,0.1972932535554928,1.124728447979955,0.0058517040555691,0.2266890820375827,2,RFG7c_lspu-topo_ctr-area_evi_raw100nc_pg-all_unified_woody_lspunc,kfold5_block20_unified,RF,lspu+topo_ctr+area,,evi,none,RF
hill_q0_unified,3102,0.3468782250126362,2.454002677308791,0.1752859055220565,1.7474574424820375,-0.0758020691490526,0.626368619726326,0,RFG2c_curve-topo_ctr-area_evi_raw100nc_unified-all_unified_woody,kfold5_block20_unified,RF,curve+topo_ctr+area,,evi,none,RF
lcbd_pa_unified,3094,0.3733018014403256,1.1821895075953537e-05,0.2037548411451395,9.424616806205397e-06,7.61466522263755e-08,0.5395591964350335,0,RFG2c_curve-topo_ctr-area_evi_raw100nc_unified-all_unified_woody,kfold5_block20_unified,RF,curve+topo_ctr+area,,evi,none,RF
pcoa1_pa_unified,3094,0.4320485605119529,0.2211387293006262,0.1724715833974824,0.1272531154344661,-0.0239368180648702,0.7156029666261484,0,RFG2c_curve-topo_ctr-area_evi_raw100nc_unified-all_unified_woody,kfold5_block20_unified,RF,curve+topo_ctr+area,,evi,none,RF
pcoa2_pa_unified,3094,0.578066358200415,0.1754197739073766,0.1676162238671689,0.1352315439383945,0.0048635996242807,0.7736790172314957,0,RFG2c_curve-topo_ctr-area_evi_raw100nc_unified-all_unified_woody,kfold5_block20_unified,RF,curve+topo_ctr+area,,evi,none,RF
lcbd_freq_unified,3040,0.360357256128222,2.0069540602199308e-05,0.201436240046989,1.5975827614288816e-05,-2.23056164061832e-06,0.5516204327952213,0,RFG2c_curve-topo_ctr-area_evi_raw100nc_unified-all_unified_woody,kfold5_block20_unified,RF,curve+topo_ctr+area,,evi,none,RF
pcoa1_freq_unified,3040,0.2261227680346829,0.4399551951889571,0.2122807805859526,0.2180146632465939,-0.0503629445681722,0.5447716492933471,0,RFG2c_curve-topo_ctr-area_evi_raw100nc_unified-all_unified_woody,kfold5_block20_unified,RF,curve+topo_ctr+area,,evi,none,RF
pcoa2_freq_unified,3040,0.3814016735844625,0.37189302862024,0.1766242776902126,0.2495861945162857,0.0081459311728722,0.7374136993310055,0,RFG2c_curve-topo_ctr-area_evi_raw100nc_unified-all_unified_woody,kfold5_block20_unified,RF,curve+topo_ctr+area,,evi,none,RF
mpd_unified,2535,0.1364187456113281,108.53636056460572,0.1696903935831993,75.28125916721419,7.333583035403582,0.3487614156472766,0,RFG2c_curve-topo_ctr-area_evi_raw100nc_unified-all_unified_woody,kfold5_block20_unified,RF,curve+topo_ctr+area,,evi,none,RF
mntd_unified,2535,0.040756532726811,99.74486635764563,0.1559453950923436,65.56569055582129,-5.049592443643964,0.1603536239285781,0,RFG2c_curve-topo_ctr-area_evi_raw100nc_unified-all_unified_woody,kfold5_block20_unified,RF,curve+topo_ctr+area,,evi,none,RF
ses_pd_unified,2535,0.1017039451670138,1.1402773413383505,0.2087654464418074,0.8340984432152498,-0.0723742872110186,0.2952604256384528,0,RFG2c_curve-topo_ctr-area_evi_raw100nc_unified-all_unified_woody,kfold5_block20_unified,RF,curve+topo_ctr+area,,evi,none,RF
ses_mpd_unified,2535,0.1321820381626702,1.183996887869902,0.2153011600466612,0.8802030525096416,-0.0381551597835171,0.3165394100258346,0,RFG2c_curve-topo_ctr-area_evi_raw100nc_unified-all_unified_woody,kfold5_block20_unified,RF,curve+topo_ctr+area,,evi,none,RF
ses_mntd_unified,2535,0.0512177298385189,1.1914610536183594,0.1962972810890509,0.8903827832759319,-0.0665890591496292,0.1979526470606014,0,RFG2c_curve-topo_ctr-area_evi_raw100nc_unified-all_unified_woody,kfold5_block20_unified,RF,curve+topo_ctr+area,,evi,none,RF
dark_n_unified,3094,0.5244961259717451,19.147036487252738,0.1789442662360069,15.368955861691768,-0.5912935672591707,0.716841028082321,0,RFG2c_curve-topo_ctr-area_evi_raw100nc_unified-all_unified_woody,kfold5_block20_unified,RF,curve+topo_ctr+area,,evi,none,RF
hill_q0_unified,3102,0.3452710790719765,2.4570201216394376,0.1755014372599598,1.7403304090305325,-0.1597965435092422,0.624786741911389,1,RFG2c_curve-topo_ctr-area_evi_raw100nc_unified-all_unified_woody,kfold5_block20_unified,RF,curve+topo_ctr+area,,evi,none,RF
lcbd_pa_unified,3094,0.3679645135765381,1.1872129052116105e-05,0.2046206427587837,9.447028321479091e-06,-1.1403460076456484e-06,0.5382828304796551,1,RFG2c_curve-topo_ctr-area_evi_raw100nc_unified-all_unified_woody,kfold5_block20_unified,RF,curve+topo_ctr+area,,evi,none,RF
pcoa1_pa_unified,3094,0.4309373892088162,0.221354947557921,0.1726402173826419,0.126655537481667,-0.0259509217682678,0.710349858991151,1,RFG2c_curve-topo_ctr-area_evi_raw100nc_unified-all_unified_woody,kfold5_block20_unified,RF,curve+topo_ctr+area,,evi,none,RF
pcoa2_pa_unified,3094,0.5714199058802901,0.1767960133959573,0.1689312413311327,0.1377933250216847,-0.003367711457423,0.7692744812644098,1,RFG2c_curve-topo_ctr-area_evi_raw100nc_unified-all_unified_woody,kfold5_block20_unified,RF,curve+topo_ctr+area,,evi,none,RF
lcbd_freq_unified,3040,0.3643194942305985,2.000728410952897e-05,0.2008113770244317,1.6017645699360153e-05,3.5402094259423486e-08,0.5460134417046951,1,RFG2c_curve-topo_ctr-area_evi_raw100nc_unified-all_unified_woody,kfold5_block20_unified,RF,curve+topo_ctr+area,,evi,none,RF
pcoa1_freq_unified,3040,0.220265930432068,0.4416168858747765,0.2130825554024238,0.2103551713565958,-0.0652863895907439,0.5501940924655023,1,RFG2c_curve-topo_ctr-area_evi_raw100nc_unified-all_unified_woody,kfold5_block20_unified,RF,curve+topo_ctr+area,,evi,none,RF
pcoa2_freq_unified,3040,0.3785190672000972,0.3727585136986143,0.1770353251287373,0.2464699810666726,0.0199406263312563,0.7356286980595128,1,RFG2c_curve-topo_ctr-area_evi_raw100nc_unified-all_unified_woody,kfold5_block20_unified,RF,curve+topo_ctr+area,,evi,none,RF
mpd_unified,2535,0.1166971539362605,109.76868621926212,0.1716170642793007,74.1753438542617,-3.344030386167632,0.3260228335758642,1,RFG2c_curve-topo_ctr-area_evi_raw100nc_unified-all_unified_woody,kfold5_block20_unified,RF,curve+topo_ctr+area,,evi,none,RF
mntd_unified,2535,0.0436691990448335,99.59331756117945,0.1557084572146994,65.48259836596738,-4.60234930737056,0.1638582792680246,1,RFG2c_curve-topo_ctr-area_evi_raw100nc_unified-all_unified_woody,kfold5_block20_unified,RF,curve+topo_ctr+area,,evi,none,RF
ses_pd_unified,2535,0.1018246661770848,1.1402007184606155,0.2087514180921261,0.8607598209101193,0.0514966127629606,0.3045656301066723,1,RFG2c_curve-topo_ctr-area_evi_raw100nc_unified-all_unified_woody,kfold5_block20_unified,RF,curve+topo_ctr+area,,evi,none,RF
ses_mpd_unified,2535,0.143006252676881,1.1765897755840062,0.2139542309422964,0.87196377329377,-0.0481333836944847,0.3359331636388381,1,RFG2c_curve-topo_ctr-area_evi_raw100nc_unified-all_unified_woody,kfold5_block20_unified,RF,curve+topo_ctr+area,,evi,none,RF
ses_mntd_unified,2535,0.0449037804472447,1.1954189430060116,0.1969493568940366,0.8950734756496379,-0.0847447230987231,0.1859547244786542,1,RFG2c_curve-topo_ctr-area_evi_raw100nc_unified-all_unified_woody,kfold5_block20_unified,RF,curve+topo_ctr+area,,evi,none,RF
dark_n_unified,3094,0.5224521083664142,19.188145417348125,0.179328461844375,15.373443346212136,-1.2245018317750294,0.718620528251279,1,RFG2c_curve-topo_ctr-area_evi_raw100nc_unified-all_unified_woody,kfold5_block20_unified,RF,curve+topo_ctr+area,,evi,none,RF
hill_q0_unified,3102,0.3457106316167211,2.456195222405461,0.1754425158861043,1.7638375474551045,-0.0451904066940085,0.6173136762365474,2,RFG2c_curve-topo_ctr-area_evi_raw100nc_unified-all_unified_woody,kfold5_block20_unified,RF,curve+topo_ctr+area,,evi,none,RF
lcbd_pa_unified,3094,0.371646374627091,1.1837498579701712e-05,0.2040237734446644,9.42339785736903e-06,-3.445191648617829e-07,0.5434975268683495,2,RFG2c_curve-topo_ctr-area_evi_raw100nc_unified-all_unified_woody,kfold5_block20_unified,RF,curve+topo_ctr+area,,evi,none,RF
pcoa1_pa_unified,3094,0.4207252821131989,0.2233322774069635,0.1741823860070254,0.1254130529519408,-0.0333012059988235,0.7105722670152128,2,RFG2c_curve-topo_ctr-area_evi_raw100nc_unified-all_unified_woody,kfold5_block20_unified,RF,curve+topo_ctr+area,,evi,none,RF
pcoa2_pa_unified,3094,0.5738081266489329,0.1763027359813516,0.1684599073662467,0.1351461821677206,0.0108485111597323,0.7719974118059584,2,RFG2c_curve-topo_ctr-area_evi_raw100nc_unified-all_unified_woody,kfold5_block20_unified,RF,curve+topo_ctr+area,,evi,none,RF
lcbd_freq_unified,3040,0.3624049355064928,2.003739068135097e-05,0.2011135540771473,1.597855811540198e-05,-1.3264327724054302e-06,0.5418315765624321,2,RFG2c_curve-topo_ctr-area_evi_raw100nc_unified-all_unified_woody,kfold5_block20_unified,RF,curve+topo_ctr+area,,evi,none,RF
pcoa1_freq_unified,3040,0.2063902075061122,0.4455289452201582,0.2149701453675326,0.2080293175160362,-0.074774210128555,0.5524144067638431,2,RFG2c_curve-topo_ctr-area_evi_raw100nc_unified-all_unified_woody,kfold5_block20_unified,RF,curve+topo_ctr+area,,evi,none,RF
pcoa2_freq_unified,3040,0.3720264929272097,0.374700547788746,0.1779576612362246,0.2464196077811332,0.0247683336504336,0.7362336882106211,2,RFG2c_curve-topo_ctr-area_evi_raw100nc_unified-all_unified_woody,kfold5_block20_unified,RF,curve+topo_ctr+area,,evi,none,RF
mpd_unified,2535,0.1310276251142134,108.87461607076006,0.1702192367254645,72.79262036960868,-5.330637774071021,0.339569583706883,2,RFG2c_curve-topo_ctr-area_evi_raw100nc_unified-all_unified_woody,kfold5_block20_unified,RF,curve+topo_ctr+area,,evi,none,RF
mntd_unified,2535,0.0333371158145329,100.12986937083092,0.1565473252888075,65.78051855395638,-5.865400952513848,0.1494793765217863,2,RFG2c_curve-topo_ctr-area_evi_raw100nc_unified-all_unified_woody,kfold5_block20_unified,RF,curve+topo_ctr+area,,evi,none,RF
ses_pd_unified,2535,0.1047480607726074,1.1383436348829563,0.2084114175781155,0.8580813319327786,0.0335813250511463,0.3039605946978732,2,RFG2c_curve-topo_ctr-area_evi_raw100nc_unified-all_unified_woody,kfold5_block20_unified,RF,curve+topo_ctr+area,,evi,none,RF
ses_mpd_unified,2535,0.1360121777557649,1.181381196371749,0.2148255157103913,0.875675497798442,-0.0522922913608633,0.3252003951851849,2,RFG2c_curve-topo_ctr-area_evi_raw100nc_unified-all_unified_woody,kfold5_block20_unified,RF,curve+topo_ctr+area,,evi,none,RF
ses_mntd_unified,2535,0.0415088559492278,1.1975416385902993,0.1972990782470846,0.8956466574142196,-0.0129392468151449,0.1816867220190632,2,RFG2c_curve-topo_ctr-area_evi_raw100nc_unified-all_unified_woody,kfold5_block20_unified,RF,curve+topo_ctr+area,,evi,none,RF
dark_n_unified,3094,0.5249304171900881,19.13829072323685,0.1788625301237088,15.369519813795469,-0.1096138843025438,0.7188848323737402,2,RFG2c_curve-topo_ctr-area_evi_raw100nc_unified-all_unified_woody,kfold5_block20_unified,RF,curve+topo_ctr+area,,evi,none,RF
hill_q0_unified,3102,0.2907752232087629,2.5572306447378463,0.182659331766989,1.8052720742601431,-0.0783141721437134,0.5899148972244694,0,RFG7c_lspu-topo_ctr-area_evi_raw100nc_unified-all_unified_woody_lspunc,kfold5_block20_unified,RF,lspu+topo_ctr+area,,evi,none,RF
lcbd_pa_unified,3094,0.3855386076131571,1.170590991653591e-05,0.2017557929738863,9.340148720850016e-06,1.405832535733656e-07,0.5620636867228558,0,RFG7c_lspu-topo_ctr-area_evi_raw100nc_unified-all_unified_woody_lspunc,kfold5_block20_unified,RF,lspu+topo_ctr+area,,evi,none,RF
pcoa1_pa_unified,3094,0.4943651061761461,0.2086544857922357,0.162734812040328,0.1219439101332131,-0.0213289502113289,0.7160117486577477,0,RFG7c_lspu-topo_ctr-area_evi_raw100nc_unified-all_unified_woody_lspunc,kfold5_block20_unified,RF,lspu+topo_ctr+area,,evi,none,RF
pcoa2_pa_unified,3094,0.5836769712387209,0.1742495587700239,0.1664980657595269,0.1340121646650411,0.0070012072383753,0.7784856007619256,0,RFG7c_lspu-topo_ctr-area_evi_raw100nc_unified-all_unified_woody_lspunc,kfold5_block20_unified,RF,lspu+topo_ctr+area,,evi,none,RF
lcbd_freq_unified,3040,0.3507242401308252,2.0220099448935123e-05,0.2029473861461155,1.61356053811595e-05,-2.269840573295261e-06,0.5560955850295881,0,RFG7c_lspu-topo_ctr-area_evi_raw100nc_unified-all_unified_woody_lspunc,kfold5_block20_unified,RF,lspu+topo_ctr+area,,evi,none,RF
pcoa1_freq_unified,3040,0.2775905119803281,0.4250736030783288,0.2051003312489488,0.2026631077299535,-0.0640343891692223,0.5675338648953411,0,RFG7c_lspu-topo_ctr-area_evi_raw100nc_unified-all_unified_woody_lspunc,kfold5_block20_unified,RF,lspu+topo_ctr+area,,evi,none,RF
pcoa2_freq_unified,3040,0.3719983616342408,0.3747089404141676,0.1779616471711277,0.2519923781382489,0.0087653600875719,0.723767480503753,0,RFG7c_lspu-topo_ctr-area_evi_raw100nc_unified-all_unified_woody_lspunc,kfold5_block20_unified,RF,lspu+topo_ctr+area,,evi,none,RF
mpd_unified,2535,0.141034246236119,108.2459300019831,0.1692363220054935,74.86319870271947,6.601075061258011,0.369953203147117,0,RFG7c_lspu-topo_ctr-area_evi_raw100nc_unified-all_unified_woody_lspunc,kfold5_block20_unified,RF,lspu+topo_ctr+area,,evi,none,RF
mntd_unified,2535,0.0339298659039851,100.09916523843296,0.1564993211334799,65.80632316841212,-5.599872996425818,0.1710255683212719,0,RFG7c_lspu-topo_ctr-area_evi_raw100nc_unified-all_unified_woody_lspunc,kfold5_block20_unified,RF,lspu+topo_ctr+area,,evi,none,RF
ses_pd_unified,2535,0.1073232403641755,1.1367052411154996,0.2081114554602072,0.8341220913942893,-0.0598983751948134,0.3164018164791362,0,RFG7c_lspu-topo_ctr-area_evi_raw100nc_unified-all_unified_woody_lspunc,kfold5_block20_unified,RF,lspu+topo_ctr+area,,evi,none,RF
ses_mpd_unified,2535,0.1425982906372785,1.1768697932939487,0.2140051501114276,0.878365489092275,-0.0370157196053684,0.3436229219854938,0,RFG7c_lspu-topo_ctr-area_evi_raw100nc_unified-all_unified_woody_lspunc,kfold5_block20_unified,RF,lspu+topo_ctr+area,,evi,none,RF
ses_mntd_unified,2535,0.0545656731371617,1.189357057096364,0.1959506404704303,0.8879519273298038,-0.078381114522793,0.2089772257567378,0,RFG7c_lspu-topo_ctr-area_evi_raw100nc_unified-all_unified_woody_lspunc,kfold5_block20_unified,RF,lspu+topo_ctr+area,,evi,none,RF
dark_n_unified,3094,0.5283328085301602,19.06963450474013,0.1782208832218703,15.375738959994584,-0.5248222956189155,0.7190984608906398,0,RFG7c_lspu-topo_ctr-area_evi_raw100nc_unified-all_unified_woody_lspunc,kfold5_block20_unified,RF,lspu+topo_ctr+area,,evi,none,RF
hill_q0_unified,3102,0.287183641081397,2.5636974982143883,0.1831212498724563,1.803947700127247,-0.1675389508588794,0.5840198740827016,1,RFG7c_lspu-topo_ctr-area_evi_raw100nc_unified-all_unified_woody_lspunc,kfold5_block20_unified,RF,lspu+topo_ctr+area,,evi,none,RF
lcbd_pa_unified,3094,0.3775322628730602,1.1781926269835296e-05,0.2030659636268516,9.36745575999183e-06,-1.0441061331581711e-06,0.5576296373441819,1,RFG7c_lspu-topo_ctr-area_evi_raw100nc_unified-all_unified_woody_lspunc,kfold5_block20_unified,RF,lspu+topo_ctr+area,,evi,none,RF
pcoa1_pa_unified,3094,0.4874034162458972,0.2100859752832832,0.1638512662223641,0.1216024767625518,-0.0254260577039403,0.7142433604267496,1,RFG7c_lspu-topo_ctr-area_evi_raw100nc_unified-all_unified_woody_lspunc,kfold5_block20_unified,RF,lspu+topo_ctr+area,,evi,none,RF
pcoa2_pa_unified,3094,0.5814376944918522,0.1747175483859551,0.1669452368536639,0.1362228847921273,-0.0038499178541051,0.7766233945719858,1,RFG7c_lspu-topo_ctr-area_evi_raw100nc_unified-all_unified_woody_lspunc,kfold5_block20_unified,RF,lspu+topo_ctr+area,,evi,none,RF
lcbd_freq_unified,3040,0.3552202119466491,2.0149969831350688e-05,0.2022435012509827,1.6186461121632866e-05,-3.074960515511579e-07,0.5504135958540995,1,RFG7c_lspu-topo_ctr-area_evi_raw100nc_unified-all_unified_woody_lspunc,kfold5_block20_unified,RF,lspu+topo_ctr+area,,evi,none,RF
pcoa1_freq_unified,3040,0.2670543847189701,0.4281621683521866,0.2065905808343495,0.201684678635524,-0.0709247913325511,0.5662058935039941,1,RFG7c_lspu-topo_ctr-area_evi_raw100nc_unified-all_unified_woody_lspunc,kfold5_block20_unified,RF,lspu+topo_ctr+area,,evi,none,RF
pcoa2_freq_unified,3040,0.3630679050303353,0.3773637975290215,0.179222526467579,0.2471969240211455,0.030455123050206,0.7219088406589829,1,RFG7c_lspu-topo_ctr-area_evi_raw100nc_unified-all_unified_woody_lspunc,kfold5_block20_unified,RF,lspu+topo_ctr+area,,evi,none,RF
mpd_unified,2535,0.116908347127725,109.75556286913778,0.1715965466717805,73.66050576752207,-4.8090154517931705,0.3351493127769252,1,RFG7c_lspu-topo_ctr-area_evi_raw100nc_unified-all_unified_woody_lspunc,kfold5_block20_unified,RF,lspu+topo_ctr+area,,evi,none,RF
mntd_unified,2535,0.0390685312676333,99.832589381021,0.1560825450233477,65.58715559042732,-5.115605899362969,0.1795738076710056,1,RFG7c_lspu-topo_ctr-area_evi_raw100nc_unified-all_unified_woody_lspunc,kfold5_block20_unified,RF,lspu+topo_ctr+area,,evi,none,RF
ses_pd_unified,2535,0.106268650162197,1.1373764831741209,0.208234348499434,0.860198168543947,0.0401566715175989,0.3202660384375786,1,RFG7c_lspu-topo_ctr-area_evi_raw100nc_unified-all_unified_woody_lspunc,kfold5_block20_unified,RF,lspu+topo_ctr+area,,evi,none,RF
ses_mpd_unified,2535,0.1465104497166711,1.174181808350282,0.2135163597417159,0.8688336710015806,-0.060030218951184,0.3482799222658944,1,RFG7c_lspu-topo_ctr-area_evi_raw100nc_unified-all_unified_woody_lspunc,kfold5_block20_unified,RF,lspu+topo_ctr+area,,evi,none,RF
ses_mntd_unified,2535,0.0417527070883283,1.1973892947369962,0.1972739790765299,0.8947191463414864,-0.0856008634998568,0.1859369739181536,1,RFG7c_lspu-topo_ctr-area_evi_raw100nc_unified-all_unified_woody_lspunc,kfold5_block20_unified,RF,lspu+topo_ctr+area,,evi,none,RF
dark_n_unified,3094,0.5244429014562577,19.148108048684563,0.1789542808288277,15.403565506357046,-0.9436049263873816,0.7180361534332581,1,RFG7c_lspu-topo_ctr-area_evi_raw100nc_unified-all_unified_woody_lspunc,kfold5_block20_unified,RF,lspu+topo_ctr+area,,evi,none,RF
hill_q0_unified,3102,0.285519793384843,2.566687830748702,0.1833348450534787,1.8307748441941645,-0.0202636995890899,0.5784047463997349,2,RFG7c_lspu-topo_ctr-area_evi_raw100nc_unified-all_unified_woody_lspunc,kfold5_block20_unified,RF,lspu+topo_ctr+area,,evi,none,RF
lcbd_pa_unified,3094,0.3785773476020109,1.1772031553155073e-05,0.2028954244355966,9.367147760683777e-06,-3.034311367825741e-07,0.5602144367082216,2,RFG7c_lspu-topo_ctr-area_evi_raw100nc_unified-all_unified_woody_lspunc,kfold5_block20_unified,RF,lspu+topo_ctr+area,,evi,none,RF
pcoa1_pa_unified,3094,0.4755068561664667,0.2125098746724637,0.1657417255144577,0.1202831349248283,-0.0362060283785711,0.7156614832614111,2,RFG7c_lspu-topo_ctr-area_evi_raw100nc_unified-all_unified_woody_lspunc,kfold5_block20_unified,RF,lspu+topo_ctr+area,,evi,none,RF
pcoa2_pa_unified,3094,0.5800998709517171,0.1749965448112482,0.1672118221207545,0.1341478181106717,0.0107476118149616,0.776403096182869,2,RFG7c_lspu-topo_ctr-area_evi_raw100nc_unified-all_unified_woody_lspunc,kfold5_block20_unified,RF,lspu+topo_ctr+area,,evi,none,RF
lcbd_freq_unified,3040,0.3552727767080329,2.014914846569718e-05,0.2022352572750878,1.6110379437335254e-05,-1.1216199510602093e-06,0.5491314440631581,2,RFG7c_lspu-topo_ctr-area_evi_raw100nc_unified-all_unified_woody_lspunc,kfold5_block20_unified,RF,lspu+topo_ctr+area,,evi,none,RF
pcoa1_freq_unified,3040,0.2536746340647743,0.4320524944816121,0.2084676844042566,0.2017327945090637,-0.0757229147526569,0.5678189817715209,2,RFG7c_lspu-topo_ctr-area_evi_raw100nc_unified-all_unified_woody_lspunc,kfold5_block20_unified,RF,lspu+topo_ctr+area,,evi,none,RF
pcoa2_freq_unified,3040,0.3614554246821175,0.3778411695120479,0.1794492461832036,0.2467763020330047,0.0311884500825376,0.7227980235588548,2,RFG7c_lspu-topo_ctr-area_evi_raw100nc_unified-all_unified_woody_lspunc,kfold5_block20_unified,RF,lspu+topo_ctr+area,,evi,none,RF
mpd_unified,2535,0.134777360961606,108.6394576064173,0.1698515799129349,72.65853603073363,-3.148269053845251,0.3557278522847603,2,RFG7c_lspu-topo_ctr-area_evi_raw100nc_unified-all_unified_woody_lspunc,kfold5_block20_unified,RF,lspu+topo_ctr+area,,evi,none,RF
mntd_unified,2535,0.0280091309226095,100.40543458858298,0.1569781557498156,66.115578074509,-5.938805041996226,0.164367790344428,2,RFG7c_lspu-topo_ctr-area_evi_raw100nc_unified-all_unified_woody_lspunc,kfold5_block20_unified,RF,lspu+topo_ctr+area,,evi,none,RF
ses_pd_unified,2535,0.1103698061921564,1.13476388492535,0.2077560260597918,0.8522938988279853,0.0141431105405857,0.3193878144111531,2,RFG7c_lspu-topo_ctr-area_evi_raw100nc_unified-all_unified_woody_lspunc,kfold5_block20_unified,RF,lspu+topo_ctr+area,,evi,none,RF
ses_mpd_unified,2535,0.1460750415202673,1.1744812749321896,0.2135708155457307,0.8675975414121193,-0.069870629698771,0.3513976560670107,2,RFG7c_lspu-topo_ctr-area_evi_raw100nc_unified-all_unified_woody_lspunc,kfold5_block20_unified,RF,lspu+topo_ctr+area,,evi,none,RF
ses_mntd_unified,2535,0.0418643289348897,1.197319553503415,0.1972624889699165,0.8946834204038165,-0.0283110934611629,0.1883658994915451,2,RFG7c_lspu-topo_ctr-area_evi_raw100nc_unified-all_unified_woody_lspunc,kfold5_block20_unified,RF,lspu+topo_ctr+area,,evi,none,RF
dark_n_unified,3094,0.527771413059479,19.080979816620783,0.178326914174026,15.423912373346978,0.2723933167129954,0.7183705866924208,2,RFG7c_lspu-topo_ctr-area_evi_raw100nc_unified-all_unified_woody_lspunc,kfold5_block20_unified,RF,lspu+topo_ctr+area,,evi,none,RF
lcbd_count_sorensen,2499,0.4381935777024478,1.5885503765079566e-05,0.1937089858029733,1.2536677105548344e-05,-1.2366335646272162e-06,0.5961205819877161,0,RFG2c_curve-topo_ctr-area_evi_raw100tcfe_pg-all_unified_woody,kfold5_block20_unified,RF,curve+topo_ctr+area,,evi,none,RF
pd_inext_q0,877,0.0495028770894581,1.5004322137291268,0.2167674805869126,1.1525422162828205,-0.0932433809320303,0.2543193386259306,0,RFG2c_curve-topo_ctr-area_evi_raw100tcfe_pg-all_unified_woody,kfold5_block20_unified,RF,curve+topo_ctr+area,,evi,none,RF
pd_inext_q1,877,0.057339701129358,1.1075010794131794,0.2208531848804014,0.8826261841685967,0.0527246331506915,0.2523412577957608,0,RFG2c_curve-topo_ctr-area_evi_raw100tcfe_pg-all_unified_woody,kfold5_block20_unified,RF,curve+topo_ctr+area,,evi,none,RF
pd_inext_q2,877,0.0572687398550511,0.9022087176092356,0.2355508271946313,0.7202245837030926,0.0053565719814606,0.2525932839430399,0,RFG2c_curve-topo_ctr-area_evi_raw100tcfe_pg-all_unified_woody,kfold5_block20_unified,RF,curve+topo_ctr+area,,evi,none,RF
td_inext_q0,881,-0.0020825327994085,2.323495017879537,0.234176852202612,1.7834878049761995,-0.0213424411367526,0.1175948911404374,0,RFG2c_curve-topo_ctr-area_evi_raw100tcfe_pg-all_unified_woody,kfold5_block20_unified,RF,curve+topo_ctr+area,,evi,none,RF
td_inext_q1,881,0.0306985093078526,1.665682193547912,0.2035602798924713,1.260408047436761,0.0219669061732401,0.1959210449411611,0,RFG2c_curve-topo_ctr-area_evi_raw100tcfe_pg-all_unified_woody,kfold5_block20_unified,RF,curve+topo_ctr+area,,evi,none,RF
td_inext_q2,881,0.0436644786387228,1.475222127304584,0.1982306647275241,1.1375199983608053,0.0626159979605812,0.2149936610778408,0,RFG2c_curve-topo_ctr-area_evi_raw100tcfe_pg-all_unified_woody,kfold5_block20_unified,RF,curve+topo_ctr+area,,evi,none,RF
lcbd_count_sorensen,2499,0.4340320452548493,1.5944230459612834e-05,0.1944251033782061,1.265086028792523e-05,2.605271539460695e-07,0.5858105547324847,1,RFG2c_curve-topo_ctr-area_evi_raw100tcfe_pg-all_unified_woody,kfold5_block20_unified,RF,curve+topo_ctr+area,,evi,none,RF
pd_inext_q0,877,0.0599218984644503,1.492185943257557,0.2155761416793603,1.1546070272120998,0.0026386939478312,0.2625414161359785,1,RFG2c_curve-topo_ctr-area_evi_raw100tcfe_pg-all_unified_woody,kfold5_block20_unified,RF,curve+topo_ctr+area,,evi,none,RF
pd_inext_q1,877,0.0416126643358423,1.116701457411245,0.2226878853793417,0.8808672027606533,-0.0127441810128004,0.2287450884900157,1,RFG2c_curve-topo_ctr-area_evi_raw100tcfe_pg-all_unified_woody,kfold5_block20_unified,RF,curve+topo_ctr+area,,evi,none,RF
pd_inext_q2,877,0.0116440323891308,0.9237825611172918,0.2411833782716773,0.7276836183528665,-0.0586146617530827,0.2076198392869651,1,RFG2c_curve-topo_ctr-area_evi_raw100tcfe_pg-all_unified_woody,kfold5_block20_unified,RF,curve+topo_ctr+area,,evi,none,RF
td_inext_q0,881,-0.0106153787467193,2.333366459566798,0.2351717599270685,1.8402731726109,0.2526235572601412,0.1309165896623426,1,RFG2c_curve-topo_ctr-area_evi_raw100tcfe_pg-all_unified_woody,kfold5_block20_unified,RF,curve+topo_ctr+area,,evi,none,RF
td_inext_q1,881,0.0444132387358539,1.6538562733534183,0.2021150536457708,1.25571621491359,0.0124413519602804,0.2084159218190313,1,RFG2c_curve-topo_ctr-area_evi_raw100tcfe_pg-all_unified_woody,kfold5_block20_unified,RF,curve+topo_ctr+area,,evi,none,RF
td_inext_q2,881,0.036510175462683,1.4807298809935183,0.1989707605101896,1.1472980599939058,0.0759171171929652,0.2131648284328399,1,RFG2c_curve-topo_ctr-area_evi_raw100tcfe_pg-all_unified_woody,kfold5_block20_unified,RF,curve+topo_ctr+area,,evi,none,RF
lcbd_count_sorensen,2499,0.4374827847653021,1.589554969395483e-05,0.1938314865887623,1.2548244029848237e-05,-1.19961611570529e-06,0.5943599752266024,2,RFG2c_curve-topo_ctr-area_evi_raw100tcfe_pg-all_unified_woody,kfold5_block20_unified,RF,curve+topo_ctr+area,,evi,none,RF
pd_inext_q0,877,0.0596643821310695,1.4923903070973756,0.2156056661285658,1.1560989520114224,-0.0185818853198203,0.2642012149044579,2,RFG2c_curve-topo_ctr-area_evi_raw100tcfe_pg-all_unified_woody,kfold5_block20_unified,RF,curve+topo_ctr+area,,evi,none,RF
pd_inext_q1,877,0.0474196748555109,1.113313187514574,0.2220122109156106,0.870989054724636,-0.07510590179519,0.2361213342272954,2,RFG2c_curve-topo_ctr-area_evi_raw100tcfe_pg-all_unified_woody,kfold5_block20_unified,RF,curve+topo_ctr+area,,evi,none,RF
pd_inext_q2,877,0.0495491181836522,0.9058950864534188,0.2365132732602078,0.7126774331029079,-0.0646342233194955,0.2453085692492609,2,RFG2c_curve-topo_ctr-area_evi_raw100tcfe_pg-all_unified_woody,kfold5_block20_unified,RF,curve+topo_ctr+area,,evi,none,RF
td_inext_q0,881,-0.0184892984524374,2.342438700492502,0.2360861190309429,1.79049524653711,-0.0949030604516431,0.1040482910110922,2,RFG2c_curve-topo_ctr-area_evi_raw100tcfe_pg-all_unified_woody,kfold5_block20_unified,RF,curve+topo_ctr+area,,evi,none,RF
td_inext_q1,881,0.0199009016182588,1.6749339963654113,0.2046909274903955,1.2857919589002906,0.1396293288210103,0.1854959756515074,2,RFG2c_curve-topo_ctr-area_evi_raw100tcfe_pg-all_unified_woody,kfold5_block20_unified,RF,curve+topo_ctr+area,,evi,none,RF
td_inext_q2,881,0.036132098196827,1.4810203746663528,0.1990097951428726,1.1386805284375512,0.0179901226311745,0.2036646822863634,2,RFG2c_curve-topo_ctr-area_evi_raw100tcfe_pg-all_unified_woody,kfold5_block20_unified,RF,curve+topo_ctr+area,,evi,none,RF
lcbd_count_sorensen,2499,0.4488877807812536,1.5733583966658182e-05,0.1918564647554325,1.2470043745419858e-05,-1.1623599688362012e-06,0.6104429412314022,0,RFG7c_lspu-topo_ctr-area_evi_raw100tcfe_pg-all_unified_woody_lsputcfe,kfold5_block20_unified,RF,lspu+topo_ctr+area,,evi,none,RF
pd_inext_q0,877,0.0739762513632422,1.480989702197407,0.2139586204448484,1.146448437791181,-0.0827600638441875,0.2805145312137262,0,RFG7c_lspu-topo_ctr-area_evi_raw100tcfe_pg-all_unified_woody_lsputcfe,kfold5_block20_unified,RF,lspu+topo_ctr+area,,evi,none,RF
pd_inext_q1,877,0.0914355407352733,1.0872875670674835,0.2168222916721242,0.8667458006321803,0.0560647202923483,0.2971575074469043,0,RFG7c_lspu-topo_ctr-area_evi_raw100tcfe_pg-all_unified_woody_lsputcfe,kfold5_block20_unified,RF,lspu+topo_ctr+area,,evi,none,RF
pd_inext_q2,877,0.0824036790578559,0.8901001964649272,0.232389505300953,0.715626340971171,0.0133058036051096,0.3025556774931702,0,RFG7c_lspu-topo_ctr-area_evi_raw100tcfe_pg-all_unified_woody_lsputcfe,kfold5_block20_unified,RF,lspu+topo_ctr+area,,evi,none,RF
td_inext_q0,881,0.0316635397319875,2.284037035955248,0.2302000216390887,1.7704492822557676,-0.0382865693210379,0.1826189019952319,0,RFG7c_lspu-topo_ctr-area_evi_raw100tcfe_pg-all_unified_woody_lsputcfe,kfold5_block20_unified,RF,lspu+topo_ctr+area,,evi,none,RF
td_inext_q1,881,0.0712372417448481,1.6304785849923364,0.1992581048205663,1.2408806703526845,-0.0064527834417071,0.2320585123921321,0,RFG7c_lspu-topo_ctr-area_evi_raw100tcfe_pg-all_unified_woody_lsputcfe,kfold5_block20_unified,RF,lspu+topo_ctr+area,,evi,none,RF
td_inext_q2,881,0.0750456968944507,1.45081625530283,0.1949511638709296,1.116877517254791,0.049829739719039,0.2555735906879001,0,RFG7c_lspu-topo_ctr-area_evi_raw100tcfe_pg-all_unified_woody_lsputcfe,kfold5_block20_unified,RF,lspu+topo_ctr+area,,evi,none,RF
lcbd_count_sorensen,2499,0.4438135670183131,1.5805849324494928e-05,0.1927376737735574,1.2562199612325524e-05,1.270310689867385e-07,0.602610837353473,1,RFG7c_lspu-topo_ctr-area_evi_raw100tcfe_pg-all_unified_woody_lsputcfe,kfold5_block20_unified,RF,lspu+topo_ctr+area,,evi,none,RF
pd_inext_q0,877,0.0915493446364075,1.4668700712253893,0.2119187569944268,1.1457969885023198,-0.0039502583315203,0.2994409925197455,1,RFG7c_lspu-topo_ctr-area_evi_raw100tcfe_pg-all_unified_woody_lsputcfe,kfold5_block20_unified,RF,lspu+topo_ctr+area,,evi,none,RF
pd_inext_q1,877,0.0817475787487224,1.0930690333452011,0.2179752072443502,0.8623616712975153,-0.0209390593891734,0.2850963488764876,1,RFG7c_lspu-topo_ctr-area_evi_raw100tcfe_pg-all_unified_woody_lsputcfe,kfold5_block20_unified,RF,lspu+topo_ctr+area,,evi,none,RF
pd_inext_q2,877,0.0407115182328911,0.9100969942511122,0.2376103174787175,0.7170221251456368,-0.0775177375658471,0.264010095989735,1,RFG7c_lspu-topo_ctr-area_evi_raw100tcfe_pg-all_unified_woody_lsputcfe,kfold5_block20_unified,RF,lspu+topo_ctr+area,,evi,none,RF
td_inext_q0,881,0.0058237878115422,2.3143108067474647,0.2332512080173124,1.8374118197308809,0.2465786883455563,0.1740588167577866,1,RFG7c_lspu-topo_ctr-area_evi_raw100tcfe_pg-all_unified_woody_lsputcfe,kfold5_block20_unified,RF,lspu+topo_ctr+area,,evi,none,RF
td_inext_q1,881,0.0810162242701519,1.6218721816145425,0.1982063304261245,1.2314991531266857,-0.0111732873550314,0.2549576541364057,1,RFG7c_lspu-topo_ctr-area_evi_raw100tcfe_pg-all_unified_woody_lsputcfe,kfold5_block20_unified,RF,lspu+topo_ctr+area,,evi,none,RF
td_inext_q2,881,0.0705702748341758,1.4543219311127025,0.195422233571721,1.1253705858872296,0.0772527232809349,0.2434349064980873,1,RFG7c_lspu-topo_ctr-area_evi_raw100tcfe_pg-all_unified_woody_lsputcfe,kfold5_block20_unified,RF,lspu+topo_ctr+area,,evi,none,RF
lcbd_count_sorensen,2499,0.4486947847533291,1.5736338626515795e-05,0.1918900552776559,1.2444133967995371e-05,-9.79968493353732e-07,0.608815513763155,2,RFG7c_lspu-topo_ctr-area_evi_raw100tcfe_pg-all_unified_woody_lsputcfe,kfold5_block20_unified,RF,lspu+topo_ctr+area,,evi,none,RF
pd_inext_q0,877,0.0798238770858384,1.4763062430881468,0.2132820009866305,1.1496656844739848,-0.0216302836090407,0.2928965396518937,2,RFG7c_lspu-topo_ctr-area_evi_raw100tcfe_pg-all_unified_woody_lsputcfe,kfold5_block20_unified,RF,lspu+topo_ctr+area,,evi,none,RF
pd_inext_q1,877,0.0764602469711021,1.0962114824368925,0.218601861162008,0.856117620730433,-0.0732453862755355,0.2867962111129272,2,RFG7c_lspu-topo_ctr-area_evi_raw100tcfe_pg-all_unified_woody_lsputcfe,kfold5_block20_unified,RF,lspu+topo_ctr+area,,evi,none,RF
pd_inext_q2,877,0.0714290857560676,0.8954072430658123,0.2337750818226602,0.7070543901067123,-0.0596492095693603,0.2909784326087126,2,RFG7c_lspu-topo_ctr-area_evi_raw100tcfe_pg-all_unified_woody_lsputcfe,kfold5_block20_unified,RF,lspu+topo_ctr+area,,evi,none,RF
td_inext_q0,881,0.0054637229801219,2.3147298604744826,0.2332934429616276,1.7761058605910889,-0.1257601019996365,0.1652899376001763,2,RFG7c_lspu-topo_ctr-area_evi_raw100tcfe_pg-all_unified_woody_lsputcfe,kfold5_block20_unified,RF,lspu+topo_ctr+area,,evi,none,RF
td_inext_q1,881,0.0583452574675129,1.6417557717450957,0.2006362712563265,1.266400615195073,0.1544589910051524,0.2284424210911968,2,RFG7c_lspu-topo_ctr-area_evi_raw100tcfe_pg-all_unified_woody_lsputcfe,kfold5_block20_unified,RF,lspu+topo_ctr+area,,evi,none,RF
td_inext_q2,881,0.0653672037631015,1.4583869935473162,0.1959684699748074,1.116006954584037,-0.0096902472931964,0.2339861264847707,2,RFG7c_lspu-topo_ctr-area_evi_raw100tcfe_pg-all_unified_woody_lsputcfe,kfold5_block20_unified,RF,lspu+topo_ctr+area,,evi,none,RF
hill_q0_unified,3102,0.3431066844848304,2.461077963838976,0.1757912831313554,1.7462107484452634,-0.0896953444289974,0.6306660812851816,0,RFG2c_curve-topo_ctr-area_evi_raw100tcfe_unified-all_unified_woody,kfold5_block20_unified,RF,curve+topo_ctr+area,,evi,none,RF
lcbd_pa_unified,3094,0.3734705485734401,1.1820303364652918e-05,0.2037274073977477,9.38887111792952e-06,1.5282529599645422e-07,0.5404219149378068,0,RFG2c_curve-topo_ctr-area_evi_raw100tcfe_unified-all_unified_woody,kfold5_block20_unified,RF,curve+topo_ctr+area,,evi,none,RF
pcoa1_pa_unified,3094,0.4352442581691677,0.2205157100027736,0.171985675184445,0.1272550746023474,-0.0222382261375242,0.7277484635905082,0,RFG2c_curve-topo_ctr-area_evi_raw100tcfe_unified-all_unified_woody,kfold5_block20_unified,RF,curve+topo_ctr+area,,evi,none,RF
pcoa2_pa_unified,3094,0.5964891772960699,0.1715473697617642,0.1639160836508337,0.1325333510782365,0.0048479811728315,0.7819004683001659,0,RFG2c_curve-topo_ctr-area_evi_raw100tcfe_unified-all_unified_woody,kfold5_block20_unified,RF,curve+topo_ctr+area,,evi,none,RF
lcbd_freq_unified,3040,0.3594353020946598,2.0083999088172423e-05,0.2015813586179082,1.5913158081211473e-05,-2.231020982300292e-06,0.5465449361832331,0,RFG2c_curve-topo_ctr-area_evi_raw100tcfe_unified-all_unified_woody,kfold5_block20_unified,RF,curve+topo_ctr+area,,evi,none,RF
pcoa1_freq_unified,3040,0.2244514022655701,0.4404300311348755,0.2125098915189569,0.2172774673125086,-0.0524470526592898,0.5584783683533171,0,RFG2c_curve-topo_ctr-area_evi_raw100tcfe_unified-all_unified_woody,kfold5_block20_unified,RF,curve+topo_ctr+area,,evi,none,RF
pcoa2_freq_unified,3040,0.4029627839335111,0.3653544225031587,0.173518877766974,0.2451339382119211,0.0043403096238337,0.7547781238666427,0,RFG2c_curve-topo_ctr-area_evi_raw100tcfe_unified-all_unified_woody,kfold5_block20_unified,RF,curve+topo_ctr+area,,evi,none,RF
mpd_unified,2535,0.1421072530889016,108.17829929632772,0.1691305852643565,74.66046328997739,6.88797187048709,0.3614778118939282,0,RFG2c_curve-topo_ctr-area_evi_raw100tcfe_unified-all_unified_woody,kfold5_block20_unified,RF,curve+topo_ctr+area,,evi,none,RF
mntd_unified,2535,0.0459798676798233,99.4729270381852,0.1555202335159839,65.50866956301684,-4.9435014984729335,0.1587680107675209,0,RFG2c_curve-topo_ctr-area_evi_raw100tcfe_unified-all_unified_woody,kfold5_block20_unified,RF,curve+topo_ctr+area,,evi,none,RF
ses_pd_unified,2535,0.1113710782124335,1.1341251210807095,0.2076390792308382,0.8320363698733857,-0.057197932730353,0.3131451937107188,0,RFG2c_curve-topo_ctr-area_evi_raw100tcfe_unified-all_unified_woody,kfold5_block20_unified,RF,curve+topo_ctr+area,,evi,none,RF
ses_mpd_unified,2535,0.1434178194783395,1.176307216087443,0.2139028495678895,0.8732377509323925,-0.0458153892761038,0.3345702653470348,0,RFG2c_curve-topo_ctr-area_evi_raw100tcfe_unified-all_unified_woody,kfold5_block20_unified,RF,curve+topo_ctr+area,,evi,none,RF
ses_mntd_unified,2535,0.049283392779472,1.1926749853412186,0.1964972804897038,0.8870743306911302,-0.071908687642631,0.2056134646705104,0,RFG2c_curve-topo_ctr-area_evi_raw100tcfe_unified-all_unified_woody,kfold5_block20_unified,RF,curve+topo_ctr+area,,evi,none,RF
dark_n_unified,3094,0.5384750439661683,18.86349363698608,0.1762943330559447,15.113142069680777,-1.269782448211433,0.7321700244829118,0,RFG2c_curve-topo_ctr-area_evi_raw100tcfe_unified-all_unified_woody,kfold5_block20_unified,RF,curve+topo_ctr+area,,evi,none,RF
hill_q0_unified,3102,0.3371915214791557,2.472133832145389,0.1765809880103849,1.7421450151984996,-0.1945329673653847,0.6236879485027917,1,RFG2c_curve-topo_ctr-area_evi_raw100tcfe_unified-all_unified_woody,kfold5_block20_unified,RF,curve+topo_ctr+area,,evi,none,RF
lcbd_pa_unified,3094,0.3678541148595895,1.1873165869362768e-05,0.2046385126968971,9.397470549866768e-06,-1.1586099902542202e-06,0.5399333917574723,1,RFG2c_curve-topo_ctr-area_evi_raw100tcfe_unified-all_unified_woody,kfold5_block20_unified,RF,curve+topo_ctr+area,,evi,none,RF
pcoa1_pa_unified,3094,0.4317666017611833,0.2211936145063004,0.1725143897315771,0.1265961211898901,-0.0243619485226331,0.7220944663298621,1,RFG2c_curve-topo_ctr-area_evi_raw100tcfe_unified-all_unified_woody,kfold5_block20_unified,RF,curve+topo_ctr+area,,evi,none,RF
pcoa2_pa_unified,3094,0.5931896685183002,0.1722473134019624,0.1645848902926197,0.1342737601176706,-0.0016237784941,0.7801531097779323,1,RFG2c_curve-topo_ctr-area_evi_raw100tcfe_unified-all_unified_woody,kfold5_block20_unified,RF,curve+topo_ctr+area,,evi,none,RF
lcbd_freq_unified,3040,0.3646666301851896,2.000182051890525e-05,0.2007565394387484,1.5964924091457257e-05,6.623721950318638e-08,0.5430831630009947,1,RFG2c_curve-topo_ctr-area_evi_raw100tcfe_unified-all_unified_woody,kfold5_block20_unified,RF,curve+topo_ctr+area,,evi,none,RF
pcoa1_freq_unified,3040,0.2178385845520336,0.4423037379723332,0.2134139652846365,0.211191620631496,-0.0656516560326784,0.569626855860163,1,RFG2c_curve-topo_ctr-area_evi_raw100tcfe_unified-all_unified_woody,kfold5_block20_unified,RF,curve+topo_ctr+area,,evi,none,RF
pcoa2_freq_unified,3040,0.3979123918911271,0.3668964514531651,0.1742512382268695,0.2424923485361912,0.0172682513204567,0.7522273923588467,1,RFG2c_curve-topo_ctr-area_evi_raw100tcfe_unified-all_unified_woody,kfold5_block20_unified,RF,curve+topo_ctr+area,,evi,none,RF
mpd_unified,2535,0.117476231374517,109.7202672809254,0.1715413640378287,73.75917036082362,-4.446604528352796,0.3288380303386664,1,RFG2c_curve-topo_ctr-area_evi_raw100tcfe_unified-all_unified_woody,kfold5_block20_unified,RF,curve+topo_ctr+area,,evi,none,RF
mntd_unified,2535,0.0418746500650097,99.68671689574336,0.1558544817336727,65.62549037812397,-5.636851929394058,0.1582727418587598,1,RFG2c_curve-topo_ctr-area_evi_raw100tcfe_unified-all_unified_woody,kfold5_block20_unified,RF,curve+topo_ctr+area,,evi,none,RF
ses_pd_unified,2535,0.1065083609771327,1.1372239430804445,0.2082064209947804,0.858834173125542,0.0487173315999324,0.3211868708953629,1,RFG2c_curve-topo_ctr-area_evi_raw100tcfe_unified-all_unified_woody,kfold5_block20_unified,RF,curve+topo_ctr+area,,evi,none,RF
ses_mpd_unified,2535,0.145707414987705,1.1747340629632583,0.2136167831972445,0.8731642912858575,-0.0441769082265743,0.3357812606344033,1,RFG2c_curve-topo_ctr-area_evi_raw100tcfe_unified-all_unified_woody,kfold5_block20_unified,RF,curve+topo_ctr+area,,evi,none,RF
ses_mntd_unified,2535,0.0436340735161774,1.1962132753304728,0.1970802258595805,0.8920458564578603,-0.0848700331466941,0.1897366151671156,1,RFG2c_curve-topo_ctr-area_evi_raw100tcfe_unified-all_unified_woody,kfold5_block20_unified,RF,curve+topo_ctr+area,,evi,none,RF
dark_n_unified,3094,0.5357545408972058,18.919008283303885,0.1768131615262045,15.16060788188302,-1.061297397969941,0.7309835163460041,1,RFG2c_curve-topo_ctr-area_evi_raw100tcfe_unified-all_unified_woody,kfold5_block20_unified,RF,curve+topo_ctr+area,,evi,none,RF
hill_q0_unified,3102,0.343255723649259,2.46079875730559,0.1757713398075421,1.7684634266035608,-0.0109638983870575,0.6189888950018895,2,RFG2c_curve-topo_ctr-area_evi_raw100tcfe_unified-all_unified_woody,kfold5_block20_unified,RF,curve+topo_ctr+area,,evi,none,RF
lcbd_pa_unified,3094,0.374155786267219,1.181383764042883e-05,0.203615968190776,9.34513598370478e-06,-2.814297225860188e-07,0.543974773704637,2,RFG2c_curve-topo_ctr-area_evi_raw100tcfe_unified-all_unified_woody,kfold5_block20_unified,RF,curve+topo_ctr+area,,evi,none,RF
pcoa1_pa_unified,3094,0.4210673246232967,0.2232663325193016,0.1741309539524596,0.1247610199857203,-0.0341880899601133,0.7227811207909466,2,RFG2c_curve-topo_ctr-area_evi_raw100tcfe_unified-all_unified_woody,kfold5_block20_unified,RF,curve+topo_ctr+area,,evi,none,RF
pcoa2_pa_unified,3094,0.593775198260834,0.1721233093706515,0.1644664025816299,0.1327906085641831,0.0078224825623618,0.7803279010350043,2,RFG2c_curve-topo_ctr-area_evi_raw100tcfe_unified-all_unified_woody,kfold5_block20_unified,RF,curve+topo_ctr+area,,evi,none,RF
lcbd_freq_unified,3040,0.360984193024692,2.005970275112445e-05,0.2013374983881767,1.5935749809930998e-05,-1.0487304648369632e-06,0.5374797039561081,2,RFG2c_curve-topo_ctr-area_evi_raw100tcfe_unified-all_unified_woody,kfold5_block20_unified,RF,curve+topo_ctr+area,,evi,none,RF
pcoa1_freq_unified,3040,0.2054632138628528,0.445789074297571,0.2150956590657686,0.2098068137905245,-0.0722063533283471,0.5641815526631497,2,RFG2c_curve-topo_ctr-area_evi_raw100tcfe_unified-all_unified_woody,kfold5_block20_unified,RF,curve+topo_ctr+area,,evi,none,RF
pcoa2_freq_unified,3040,0.3961506273479518,0.3674328459871105,0.1745059897006108,0.2413216550630433,0.021168362039324,0.7553183845316788,2,RFG2c_curve-topo_ctr-area_evi_raw100tcfe_unified-all_unified_woody,kfold5_block20_unified,RF,curve+topo_ctr+area,,evi,none,RF
mpd_unified,2535,0.1332695063274341,108.73408134477724,0.1699995187172313,72.27597036632322,-5.779551155290164,0.3465369454986926,2,RFG2c_curve-topo_ctr-area_evi_raw100tcfe_unified-all_unified_woody,kfold5_block20_unified,RF,curve+topo_ctr+area,,evi,none,RF
mntd_unified,2535,0.04208790139213,99.67562257093437,0.1558371363912125,65.60858596666151,-5.571370880067751,0.1620266060324417,2,RFG2c_curve-topo_ctr-area_evi_raw100tcfe_unified-all_unified_woody,kfold5_block20_unified,RF,curve+topo_ctr+area,,evi,none,RF
ses_pd_unified,2535,0.1131437940239916,1.1329933296443755,0.207431867409714,0.850360302948992,0.0208223976808271,0.3226767798845995,2,RFG2c_curve-topo_ctr-area_evi_raw100tcfe_unified-all_unified_woody,kfold5_block20_unified,RF,curve+topo_ctr+area,,evi,none,RF
ses_mpd_unified,2535,0.1424558565716287,1.1769675417510037,0.2140229249522336,0.8676736909512838,-0.065978888633615,0.329699860929921,2,RFG2c_curve-topo_ctr-area_evi_raw100tcfe_unified-all_unified_woody,kfold5_block20_unified,RF,curve+topo_ctr+area,,evi,none,RF
ses_mntd_unified,2535,0.0374578248423024,1.200069655318303,0.1977155776439786,0.8958670210882719,-0.010387752268446,0.1840706417074176,2,RFG2c_curve-topo_ctr-area_evi_raw100tcfe_unified-all_unified_woody,kfold5_block20_unified,RF,curve+topo_ctr+area,,evi,none,RF
dark_n_unified,3094,0.5380651194431174,18.87186901547389,0.1763726076212513,15.146162371193752,-0.4540847159474372,0.7319163232158776,2,RFG2c_curve-topo_ctr-area_evi_raw100tcfe_unified-all_unified_woody,kfold5_block20_unified,RF,curve+topo_ctr+area,,evi,none,RF
hill_q0_unified,3102,0.3010427880845814,2.538652433272109,0.1813323166622935,1.7861483945836156,-0.0923279018098477,0.5970315578782855,0,RFG7c_lspu-topo_ctr-area_evi_raw100tcfe_unified-all_unified_woody_lsputcfe,kfold5_block20_unified,RF,lspu+topo_ctr+area,,evi,none,RF
lcbd_pa_unified,3094,0.3906368066160638,1.165724667680698e-05,0.2009170635978538,9.259832331053252e-06,3.328788463002466e-07,0.5603615190517988,0,RFG7c_lspu-topo_ctr-area_evi_raw100tcfe_unified-all_unified_woody_lsputcfe,kfold5_block20_unified,RF,lspu+topo_ctr+area,,evi,none,RF
pcoa1_pa_unified,3094,0.5004160552962442,0.2074022406133291,0.161758154945974,0.1206529731522572,-0.0204626557142601,0.7317126849078869,0,RFG7c_lspu-topo_ctr-area_evi_raw100tcfe_unified-all_unified_woody_lsputcfe,kfold5_block20_unified,RF,lspu+topo_ctr+area,,evi,none,RF
pcoa2_pa_unified,3094,0.6108289043873705,0.1684716224722837,0.1609771610040366,0.1294485711151118,0.0079152900036755,0.7933802135697074,0,RFG7c_lspu-topo_ctr-area_evi_raw100tcfe_unified-all_unified_woody_lsputcfe,kfold5_block20_unified,RF,lspu+topo_ctr+area,,evi,none,RF
lcbd_freq_unified,3040,0.3524837300642437,2.019268336538668e-05,0.2026722132910773,1.6045871617816517e-05,-2.229229516306424e-06,0.5493845386984377,0,RFG7c_lspu-topo_ctr-area_evi_raw100tcfe_unified-all_unified_woody_lsputcfe,kfold5_block20_unified,RF,lspu+topo_ctr+area,,evi,none,RF
pcoa1_freq_unified,3040,0.2790241276948041,0.4246516160743432,0.2048967202185922,0.2034161242800409,-0.0616522476104395,0.5748801636796783,0,RFG7c_lspu-topo_ctr-area_evi_raw100tcfe_unified-all_unified_woody_lsputcfe,kfold5_block20_unified,RF,lspu+topo_ctr+area,,evi,none,RF
pcoa2_freq_unified,3040,0.3942848499632457,0.3680000562795319,0.1747753765954635,0.2453721266259798,0.0106409893675601,0.7435989975683699,0,RFG7c_lspu-topo_ctr-area_evi_raw100tcfe_unified-all_unified_woody_lsputcfe,kfold5_block20_unified,RF,lspu+topo_ctr+area,,evi,none,RF
mpd_unified,2535,0.1372717749175764,108.48274223365048,0.1696065643886719,74.73614929752111,6.380292113456411,0.3721100541552215,0,RFG7c_lspu-topo_ctr-area_evi_raw100tcfe_unified-all_unified_woody_lsputcfe,kfold5_block20_unified,RF,lspu+topo_ctr+area,,evi,none,RF
mntd_unified,2535,0.0402911334433478,99.7690601946125,0.1559832207730265,65.30818051275273,-5.291944092544263,0.1900349622031664,0,RFG7c_lspu-topo_ctr-area_evi_raw100tcfe_unified-all_unified_woody_lsputcfe,kfold5_block20_unified,RF,lspu+topo_ctr+area,,evi,none,RF
ses_pd_unified,2535,0.1059868268514342,1.1375557954142794,0.208267177530155,0.8318787665819972,-0.0629607218945305,0.3210480725911809,0,RFG7c_lspu-topo_ctr-area_evi_raw100tcfe_unified-all_unified_woody_lsputcfe,kfold5_block20_unified,RF,lspu+topo_ctr+area,,evi,none,RF
ses_mpd_unified,2535,0.1336861582833756,1.1829703788833077,0.2151144969076983,0.8780948704226719,-0.0465164306607527,0.3334161908925813,0,RFG7c_lspu-topo_ctr-area_evi_raw100tcfe_unified-all_unified_woody_lsputcfe,kfold5_block20_unified,RF,lspu+topo_ctr+area,,evi,none,RF
ses_mntd_unified,2535,0.0488929933346343,1.1929198384647768,0.1965376208787368,0.8872874358706007,-0.0946911882577862,0.2195085363208957,0,RFG7c_lspu-topo_ctr-area_evi_raw100tcfe_unified-all_unified_woody_lsputcfe,kfold5_block20_unified,RF,lspu+topo_ctr+area,,evi,none,RF
dark_n_unified,3094,0.5426591670452571,18.777792008786985,0.1754933832596914,15.085321609131944,-0.792753825187093,0.730348791188315,0,RFG7c_lspu-topo_ctr-area_evi_raw100tcfe_unified-all_unified_woody_lsputcfe,kfold5_block20_unified,RF,lspu+topo_ctr+area,,evi,none,RF
hill_q0_unified,3102,0.3013224371282935,2.5381445318316787,0.181296037987977,1.7875831169036782,-0.1322451635303696,0.5932107735797136,1,RFG7c_lspu-topo_ctr-area_evi_raw100tcfe_unified-all_unified_woody_lsputcfe,kfold5_block20_unified,RF,lspu+topo_ctr+area,,evi,none,RF
lcbd_pa_unified,3094,0.3910974123324564,1.165284010158734e-05,0.2008411146042193,9.238716548105722e-06,-9.529283119930365e-07,0.5608680098674558,1,RFG7c_lspu-topo_ctr-area_evi_raw100tcfe_unified-all_unified_woody_lsputcfe,kfold5_block20_unified,RF,lspu+topo_ctr+area,,evi,none,RF
pcoa1_pa_unified,3094,0.4966419839069448,0.2081841693756403,0.1623680005942979,0.1201419422740921,-0.0237815415464701,0.7292783565388636,1,RFG7c_lspu-topo_ctr-area_evi_raw100tcfe_unified-all_unified_woody_lsputcfe,kfold5_block20_unified,RF,lspu+topo_ctr+area,,evi,none,RF
pcoa2_pa_unified,3094,0.6100991274133718,0.1686295082049787,0.1611280231886545,0.1308390082815548,-0.0014812583272623,0.7922146237852058,1,RFG7c_lspu-topo_ctr-area_evi_raw100tcfe_unified-all_unified_woody_lsputcfe,kfold5_block20_unified,RF,lspu+topo_ctr+area,,evi,none,RF
lcbd_freq_unified,3040,0.3601365557901,2.007300266944898e-05,0.2014709885159942,1.605059081789509e-05,-2.0470650057106161e-07,0.5481442889974418,1,RFG7c_lspu-topo_ctr-area_evi_raw100tcfe_unified-all_unified_woody_lsputcfe,kfold5_block20_unified,RF,lspu+topo_ctr+area,,evi,none,RF
pcoa1_freq_unified,3040,0.2704277005443559,0.4271757432555441,0.206114625346621,0.2010104793164249,-0.0701939920209265,0.5820351959847319,1,RFG7c_lspu-topo_ctr-area_evi_raw100tcfe_unified-all_unified_woody_lsputcfe,kfold5_block20_unified,RF,lspu+topo_ctr+area,,evi,none,RF
pcoa2_freq_unified,3040,0.390066632835618,0.3692792144264097,0.1753828910320262,0.2417576270535384,0.0258752670520673,0.7429311449184445,1,RFG7c_lspu-topo_ctr-area_evi_raw100tcfe_unified-all_unified_woody_lsputcfe,kfold5_block20_unified,RF,lspu+topo_ctr+area,,evi,none,RF
mpd_unified,2535,0.1092343621398199,110.2314141868228,0.1723405129975815,73.66492226063694,-5.962739409785659,0.3285630199269699,1,RFG7c_lspu-topo_ctr-area_evi_raw100tcfe_unified-all_unified_woody_lsputcfe,kfold5_block20_unified,RF,lspu+topo_ctr+area,,evi,none,RF
mntd_unified,2535,0.0355129267795186,100.01711734325396,0.1563710439409043,65.31562063433225,-5.505198354348377,0.19053689106004,1,RFG7c_lspu-topo_ctr-area_evi_raw100tcfe_unified-all_unified_woody_lsputcfe,kfold5_block20_unified,RF,lspu+topo_ctr+area,,evi,none,RF
ses_pd_unified,2535,0.1010110810866211,1.1407170098203387,0.2088459422857579,0.8638859907230431,0.049280940921805,0.3213848555364151,1,RFG7c_lspu-topo_ctr-area_evi_raw100tcfe_unified-all_unified_woody_lsputcfe,kfold5_block20_unified,RF,lspu+topo_ctr+area,,evi,none,RF
ses_mpd_unified,2535,0.1408372941992158,1.1780777454342883,0.2142248073586387,0.8696710249217023,-0.0622850721354553,0.3458814488913742,1,RFG7c_lspu-topo_ctr-area_evi_raw100tcfe_unified-all_unified_woody_lsputcfe,kfold5_block20_unified,RF,lspu+topo_ctr+area,,evi,none,RF
ses_mntd_unified,2535,0.0471597400140217,1.1940063046167455,0.1967166198908984,0.8886100255805619,-0.0738818436411606,0.2054969733484532,1,RFG7c_lspu-topo_ctr-area_evi_raw100tcfe_unified-all_unified_woody_lsputcfe,kfold5_block20_unified,RF,lspu+topo_ctr+area,,evi,none,RF
dark_n_unified,3094,0.5398127392914387,18.83613659171693,0.1760386597356722,15.139866992337693,-1.0220909459036145,0.7289860876663521,1,RFG7c_lspu-topo_ctr-area_evi_raw100tcfe_unified-all_unified_woody_lsputcfe,kfold5_block20_unified,RF,lspu+topo_ctr+area,,evi,none,RF
hill_q0_unified,3102,0.2938536737355096,2.55167467046889,0.1822624764620635,1.8190898190615696,-0.0110017050064418,0.580678630376929,2,RFG7c_lspu-topo_ctr-area_evi_raw100tcfe_unified-all_unified_woody_lsputcfe,kfold5_block20_unified,RF,lspu+topo_ctr+area,,evi,none,RF
lcbd_pa_unified,3094,0.3913187848921521,1.1650721656373443e-05,0.200804602398244,9.228074007982475e-06,-5.324884777855412e-08,0.5638647975171207,2,RFG7c_lspu-topo_ctr-area_evi_raw100tcfe_unified-all_unified_woody_lsputcfe,kfold5_block20_unified,RF,lspu+topo_ctr+area,,evi,none,RF
pcoa1_pa_unified,3094,0.4743346736852079,0.2127472098337379,0.1659268290971287,0.1189335939626352,-0.0362116436099871,0.7292042831947124,2,RFG7c_lspu-topo_ctr-area_evi_raw100tcfe_unified-all_unified_woody_lsputcfe,kfold5_block20_unified,RF,lspu+topo_ctr+area,,evi,none,RF
pcoa2_pa_unified,3094,0.6067440905688672,0.1693534695956781,0.1618197791511193,0.1299938230629168,0.0080597800317848,0.7909585069346889,2,RFG7c_lspu-topo_ctr-area_evi_raw100tcfe_unified-all_unified_woody_lsputcfe,kfold5_block20_unified,RF,lspu+topo_ctr+area,,evi,none,RF
lcbd_freq_unified,3040,0.3577589410388234,2.011026188055616e-05,0.2018449559894561,1.6021325403317032e-05,-8.553387788068948e-07,0.5433839351847378,2,RFG7c_lspu-topo_ctr-area_evi_raw100tcfe_unified-all_unified_woody_lsputcfe,kfold5_block20_unified,RF,lspu+topo_ctr+area,,evi,none,RF
pcoa1_freq_unified,3040,0.2549520883432981,0.4316825729212855,0.2082891952343583,0.2004097144522955,-0.0773772478680193,0.5858550755986748,2,RFG7c_lspu-topo_ctr-area_evi_raw100tcfe_unified-all_unified_woody_lsputcfe,kfold5_block20_unified,RF,lspu+topo_ctr+area,,evi,none,RF
pcoa2_freq_unified,3040,0.383157986914636,0.3713647173352752,0.1763733652182884,0.2405570090251681,0.0338151311962213,0.7400247273513598,2,RFG7c_lspu-topo_ctr-area_evi_raw100tcfe_unified-all_unified_woody_lsputcfe,kfold5_block20_unified,RF,lspu+topo_ctr+area,,evi,none,RF
mpd_unified,2535,0.1315186573878716,108.84385070566957,0.1701711368363234,72.4300614389334,-4.356183471164237,0.358206741823475,2,RFG7c_lspu-topo_ctr-area_evi_raw100tcfe_unified-all_unified_woody_lsputcfe,kfold5_block20_unified,RF,lspu+topo_ctr+area,,evi,none,RF
mntd_unified,2535,0.0314588427184235,100.22710077051748,0.1566993410224808,65.51122764468924,-6.375191768813653,0.194240253880689,2,RFG7c_lspu-topo_ctr-area_evi_raw100tcfe_unified-all_unified_woody_lsputcfe,kfold5_block20_unified,RF,lspu+topo_ctr+area,,evi,none,RF
ses_pd_unified,2535,0.1079979847192605,1.136275561264429,0.2080327883652087,0.8486281717030262,0.0067810171883181,0.3264338071525824,2,RFG7c_lspu-topo_ctr-area_evi_raw100tcfe_unified-all_unified_woody_lsputcfe,kfold5_block20_unified,RF,lspu+topo_ctr+area,,evi,none,RF
ses_mpd_unified,2535,0.1405231857930299,1.178293077352673,0.214263963890466,0.8662746561716416,-0.0759998031779893,0.3453828181373208,2,RFG7c_lspu-topo_ctr-area_evi_raw100tcfe_unified-all_unified_woody_lsputcfe,kfold5_block20_unified,RF,lspu+topo_ctr+area,,evi,none,RF
ses_mntd_unified,2535,0.0422801775779433,1.1970596958635986,0.1972196765355434,0.8941218247944109,-0.0093186197247646,0.1988114755962922,2,RFG7c_lspu-topo_ctr-area_evi_raw100tcfe_unified-all_unified_woody_lsputcfe,kfold5_block20_unified,RF,lspu+topo_ctr+area,,evi,none,RF
dark_n_unified,3094,0.5427533667597695,18.77585805317592,0.1754753089081861,15.149462594913498,0.2153489463506915,0.7292771341117079,2,RFG7c_lspu-topo_ctr-area_evi_raw100tcfe_unified-all_unified_woody_lsputcfe,kfold5_block20_unified,RF,lspu+topo_ctr+area,,evi,none,RF
lcbd_count_sorensen,2499,0.4389200510175032,1.5875229649952154e-05,0.193583702497465,1.257349756044541e-05,-1.1601527118073302e-06,0.5956206939608003,0,RFG2c_curve-topo_ctr-area_evi_raw100tccs_pg-all_unified_woody,kfold5_block20_unified,RF,curve+topo_ctr+area,,evi,none,RF
pd_inext_q0,877,0.0519494482658057,1.4984999198863205,0.2164883220456429,1.1545494300033634,-0.0760943928076394,0.2584670209372299,0,RFG2c_curve-topo_ctr-area_evi_raw100tccs_pg-all_unified_woody,kfold5_block20_unified,RF,curve+topo_ctr+area,,evi,none,RF
pd_inext_q1,877,0.0531061208430172,1.109985241620538,0.2213485660095515,0.8815522065743543,0.0472293548913979,0.2411178973655915,0,RFG2c_curve-topo_ctr-area_evi_raw100tccs_pg-all_unified_woody,kfold5_block20_unified,RF,curve+topo_ctr+area,,evi,none,RF
pd_inext_q2,877,0.0568699760653875,0.9023995090607182,0.2356006394867775,0.721949625122718,0.0128530275705876,0.2476666544358421,0,RFG2c_curve-topo_ctr-area_evi_raw100tccs_pg-all_unified_woody,kfold5_block20_unified,RF,curve+topo_ctr+area,,evi,none,RF
td_inext_q0,881,0.0120318687242508,2.307073695239908,0.2325218051226052,1.7749590225082126,-0.0239018551676023,0.1383940609020105,0,RFG2c_curve-topo_ctr-area_evi_raw100tccs_pg-all_unified_woody,kfold5_block20_unified,RF,curve+topo_ctr+area,,evi,none,RF
td_inext_q1,881,0.028465242803902,1.667599951894558,0.2037946459842273,1.2603054062363417,0.0108987710485952,0.2009424307212493,0,RFG2c_curve-topo_ctr-area_evi_raw100tccs_pg-all_unified_woody,kfold5_block20_unified,RF,curve+topo_ctr+area,,evi,none,RF
td_inext_q2,881,0.0364127267875953,1.4808047606201753,0.1989808223428397,1.1445171234635554,0.0708971601111834,0.2144482710244275,0,RFG2c_curve-topo_ctr-area_evi_raw100tccs_pg-all_unified_woody,kfold5_block20_unified,RF,curve+topo_ctr+area,,evi,none,RF
lcbd_count_sorensen,2499,0.4353921318917361,1.5925061018575454e-05,0.1941913498229727,1.264674453200304e-05,2.5427742609339386e-07,0.5871314235797203,1,RFG2c_curve-topo_ctr-area_evi_raw100tccs_pg-all_unified_woody,kfold5_block20_unified,RF,curve+topo_ctr+area,,evi,none,RF
pd_inext_q0,877,0.0673218793832022,1.4863013452317912,0.2147259936509188,1.1516605437063987,-0.0125042377316078,0.2649024548887786,1,RFG2c_curve-topo_ctr-area_evi_raw100tccs_pg-all_unified_woody,kfold5_block20_unified,RF,curve+topo_ctr+area,,evi,none,RF
pd_inext_q1,877,0.0376609069980556,1.1190013592162331,0.2231465220777484,0.8812712009457819,-0.0122908442648962,0.2196056115023121,1,RFG2c_curve-topo_ctr-area_evi_raw100tccs_pg-all_unified_woody,kfold5_block20_unified,RF,curve+topo_ctr+area,,evi,none,RF
pd_inext_q2,877,0.0113325269823633,0.9239281263799594,0.2412213828014085,0.7268897595644697,-0.0585572366543509,0.2022516014040986,1,RFG2c_curve-topo_ctr-area_evi_raw100tccs_pg-all_unified_woody,kfold5_block20_unified,RF,curve+topo_ctr+area,,evi,none,RF
td_inext_q0,881,-0.0003530598501033,2.321489116681444,0.2339746845092087,1.829752510646676,0.2383039319097883,0.1382221987293864,1,RFG2c_curve-topo_ctr-area_evi_raw100tccs_pg-all_unified_woody,kfold5_block20_unified,RF,curve+topo_ctr+area,,evi,none,RF
td_inext_q1,881,0.0298743122122829,1.666390207891003,0.2036468051602599,1.262476428146221,0.0118745700404824,0.1981184956947178,1,RFG2c_curve-topo_ctr-area_evi_raw100tccs_pg-all_unified_woody,kfold5_block20_unified,RF,curve+topo_ctr+area,,evi,none,RF
td_inext_q2,881,0.034567099026435,1.482222227941629,0.1991712922959137,1.1493561000663566,0.0754155143652922,0.2070870934943449,1,RFG2c_curve-topo_ctr-area_evi_raw100tccs_pg-all_unified_woody,kfold5_block20_unified,RF,curve+topo_ctr+area,,evi,none,RF
lcbd_count_sorensen,2499,0.4344621649819709,1.593817072473704e-05,0.194351210531345,1.258097950780052e-05,-1.247159496103871e-06,0.590496688477112,2,RFG2c_curve-topo_ctr-area_evi_raw100tccs_pg-all_unified_woody,kfold5_block20_unified,RF,curve+topo_ctr+area,,evi,none,RF
pd_inext_q0,877,0.0635554151598271,1.4892994108846236,0.2151591242730502,1.1530161258024465,-0.0256589902553474,0.2747997909320363,2,RFG2c_curve-topo_ctr-area_evi_raw100tccs_pg-all_unified_woody,kfold5_block20_unified,RF,curve+topo_ctr+area,,evi,none,RF
pd_inext_q1,877,0.0453957242557171,1.114495290068209,0.2222479408112093,0.8680479198914233,-0.0827586986044939,0.2381846698844854,2,RFG2c_curve-topo_ctr-area_evi_raw100tccs_pg-all_unified_woody,kfold5_block20_unified,RF,curve+topo_ctr+area,,evi,none,RF
pd_inext_q2,877,0.046138428306868,0.9075190316530936,0.2369372567882276,0.713661400021831,-0.0595270287509083,0.2376822276111976,2,RFG2c_curve-topo_ctr-area_evi_raw100tccs_pg-all_unified_woody,kfold5_block20_unified,RF,curve+topo_ctr+area,,evi,none,RF
td_inext_q0,881,-0.0115405743194574,2.3344342873980226,0.2352793825207415,1.7935157031090183,-0.0666204947838173,0.1160175410335066,2,RFG2c_curve-topo_ctr-area_evi_raw100tccs_pg-all_unified_woody,kfold5_block20_unified,RF,curve+topo_ctr+area,,evi,none,RF
td_inext_q1,881,0.0132937125861237,1.6805701698868771,0.2053797149817887,1.2892728693512654,0.1537961470332847,0.1860460600454268,2,RFG2c_curve-topo_ctr-area_evi_raw100tccs_pg-all_unified_woody,kfold5_block20_unified,RF,curve+topo_ctr+area,,evi,none,RF
td_inext_q2,881,0.0268675630974447,1.4881210115012429,0.1999639321055148,1.1443829756362982,0.0105715996563988,0.1941344043836057,2,RFG2c_curve-topo_ctr-area_evi_raw100tccs_pg-all_unified_woody,kfold5_block20_unified,RF,curve+topo_ctr+area,,evi,none,RF
lcbd_count_sorensen,2499,0.4463666682297659,1.5769530253115536e-05,0.1922947963812979,1.2485393593074795e-05,-1.154600145246104e-06,0.6067707955344869,0,RFG7c_lspu-topo_ctr-area_evi_raw100tccs_pg-all_unified_woody_lsputccs,kfold5_block20_unified,RF,lspu+topo_ctr+area,,evi,none,RF
pd_inext_q0,877,0.0490649919061216,1.5007777915147793,0.2168174062185122,1.1633610249247996,-0.0847308522893637,0.2478978255787564,0,RFG7c_lspu-topo_ctr-area_evi_raw100tccs_pg-all_unified_woody_lsputccs,kfold5_block20_unified,RF,lspu+topo_ctr+area,,evi,none,RF
pd_inext_q1,877,0.1007666779521438,1.0816898280096054,0.2157060142056346,0.8564205008430041,0.0390160183927339,0.3080601445238707,0,RFG7c_lspu-topo_ctr-area_evi_raw100tccs_pg-all_unified_woody_lsputccs,kfold5_block20_unified,RF,lspu+topo_ctr+area,,evi,none,RF
pd_inext_q2,877,0.0857573325763695,0.888472127522158,0.2319644451361439,0.7118772466469893,0.0022115148004921,0.3023423185418189,0,RFG7c_lspu-topo_ctr-area_evi_raw100tccs_pg-all_unified_woody_lsputccs,kfold5_block20_unified,RF,lspu+topo_ctr+area,,evi,none,RF
td_inext_q0,881,0.0186667102049717,2.2993139033871177,0.2317397231229235,1.771372553596352,-0.0319807780241346,0.1754848564850175,0,RFG7c_lspu-topo_ctr-area_evi_raw100tccs_pg-all_unified_woody_lsputccs,kfold5_block20_unified,RF,lspu+topo_ctr+area,,evi,none,RF
td_inext_q1,881,0.0401981212119127,1.6574998608417315,0.2025603304769735,1.2585762877645108,-0.0069261133272372,0.1986552954421586,0,RFG7c_lspu-topo_ctr-area_evi_raw100tccs_pg-all_unified_woody_lsputccs,kfold5_block20_unified,RF,lspu+topo_ctr+area,,evi,none,RF
td_inext_q2,881,0.0493888758423922,1.4708003358555364,0.1976364934213814,1.1278777584048036,0.0339074872311018,0.2149923975446712,0,RFG7c_lspu-topo_ctr-area_evi_raw100tccs_pg-all_unified_woody_lsputccs,kfold5_block20_unified,RF,lspu+topo_ctr+area,,evi,none,RF
lcbd_count_sorensen,2499,0.4394114679983047,1.586827603632326e-05,0.1934989096282152,1.2626026013359048e-05,1.340134261478931e-07,0.5983575519774568,1,RFG7c_lspu-topo_ctr-area_evi_raw100tccs_pg-all_unified_woody_lsputccs,kfold5_block20_unified,RF,lspu+topo_ctr+area,,evi,none,RF
pd_inext_q0,877,0.0703379559617956,1.4838962128792683,0.2143785241179642,1.1589956311302747,-0.0041756678806524,0.2700767794360467,1,RFG7c_lspu-topo_ctr-area_evi_raw100tccs_pg-all_unified_woody_lsputccs,kfold5_block20_unified,RF,lspu+topo_ctr+area,,evi,none,RF
pd_inext_q1,877,0.0792090390035388,1.094578903622171,0.2182762991941672,0.8564300772530298,-0.0336894732987671,0.2926573467783452,1,RFG7c_lspu-topo_ctr-area_evi_raw100tccs_pg-all_unified_woody_lsputccs,kfold5_block20_unified,RF,lspu+topo_ctr+area,,evi,none,RF
pd_inext_q2,877,0.0442176458680322,0.9084323035645504,0.2371756960207451,0.7139755359372137,-0.0792853368695408,0.2666189175275499,1,RFG7c_lspu-topo_ctr-area_evi_raw100tccs_pg-all_unified_woody_lsputccs,kfold5_block20_unified,RF,lspu+topo_ctr+area,,evi,none,RF
td_inext_q0,881,-0.0029326440050245,2.324480371054129,0.2342761624670879,1.8471863289285604,0.2677882545610918,0.1677250176630794,1,RFG7c_lspu-topo_ctr-area_evi_raw100tccs_pg-all_unified_woody_lsputccs,kfold5_block20_unified,RF,lspu+topo_ctr+area,,evi,none,RF
td_inext_q1,881,0.0545022664008615,1.6451024488244717,0.2010452631550371,1.2494357265319764,-0.0086413414656535,0.2265306779822847,1,RFG7c_lspu-topo_ctr-area_evi_raw100tccs_pg-all_unified_woody_lsputccs,kfold5_block20_unified,RF,lspu+topo_ctr+area,,evi,none,RF
td_inext_q2,881,0.0523186099724923,1.4685321217409104,0.1973317056993397,1.1331210270187482,0.0703166493630098,0.224751111715055,1,RFG7c_lspu-topo_ctr-area_evi_raw100tccs_pg-all_unified_woody_lsputccs,kfold5_block20_unified,RF,lspu+topo_ctr+area,,evi,none,RF
lcbd_count_sorensen,2499,0.4446893585156214,1.579340018766173e-05,0.1925858680955164,1.248609149579089e-05,-1.0675770732829131e-06,0.6046491981312186,2,RFG7c_lspu-topo_ctr-area_evi_raw100tccs_pg-all_unified_woody_lsputccs,kfold5_block20_unified,RF,lspu+topo_ctr+area,,evi,none,RF
pd_inext_q0,877,0.0511872609610187,1.499102160003842,0.2165753276909423,1.16624887297458,-0.0243077254496998,0.2595451660718111,2,RFG7c_lspu-topo_ctr-area_evi_raw100tccs_pg-all_unified_woody_lsputccs,kfold5_block20_unified,RF,lspu+topo_ctr+area,,evi,none,RF
pd_inext_q1,877,0.081750094692483,1.0930675358799975,0.2179749086261677,0.8482199685268077,-0.0904158771527424,0.2979218850591583,2,RFG7c_lspu-topo_ctr-area_evi_raw100tccs_pg-all_unified_woody_lsputccs,kfold5_block20_unified,RF,lspu+topo_ctr+area,,evi,none,RF
pd_inext_q2,877,0.0767665657752596,0.8928301077002652,0.2331022371080184,0.7008006113397786,-0.0741761303882431,0.3023779524932536,2,RFG7c_lspu-topo_ctr-area_evi_raw100tccs_pg-all_unified_woody_lsputccs,kfold5_block20_unified,RF,lspu+topo_ctr+area,,evi,none,RF
td_inext_q0,881,-0.0115795082021428,2.3344792127912486,0.2352839103923697,1.802063747027301,-0.0801576654051562,0.1481608789139871,2,RFG7c_lspu-topo_ctr-area_evi_raw100tccs_pg-all_unified_woody_lsputccs,kfold5_block20_unified,RF,lspu+topo_ctr+area,,evi,none,RF
td_inext_q1,881,0.0238392590502125,1.6715653937305732,0.2042792561056318,1.2825058866375685,0.1387632965454902,0.1895899456951911,2,RFG7c_lspu-topo_ctr-area_evi_raw100tccs_pg-all_unified_woody_lsputccs,kfold5_block20_unified,RF,lspu+topo_ctr+area,,evi,none,RF
td_inext_q2,881,0.0398940521130494,1.47812735508799,0.1986210501644221,1.129864215117602,0.0061017496439851,0.202389575503881,2,RFG7c_lspu-topo_ctr-area_evi_raw100tccs_pg-all_unified_woody_lsputccs,kfold5_block20_unified,RF,lspu+topo_ctr+area,,evi,none,RF
hill_q0_unified,3102,0.3459843499471169,2.455681400833201,0.1754058143452286,1.744885454219922,-0.0878479346946116,0.6297888560405299,0,RFG2c_curve-topo_ctr-area_evi_raw100tccs_unified-all_unified_woody,kfold5_block20_unified,RF,curve+topo_ctr+area,,evi,none,RF
lcbd_pa_unified,3094,0.3734047731903245,1.182092381798982e-05,0.2037381011461092,9.403553161825605e-06,2.0750643172862613e-08,0.5436417706939048,0,RFG2c_curve-topo_ctr-area_evi_raw100tccs_unified-all_unified_woody,kfold5_block20_unified,RF,curve+topo_ctr+area,,evi,none,RF
pcoa1_pa_unified,3094,0.4327211259296267,0.2210077547938277,0.1723694331289895,0.1281183891481686,-0.0205764034218577,0.7246816638654767,0,RFG2c_curve-topo_ctr-area_evi_raw100tccs_unified-all_unified_woody,kfold5_block20_unified,RF,curve+topo_ctr+area,,evi,none,RF
pcoa2_pa_unified,3094,0.5997170738646158,0.1708598429399693,0.1632591414651852,0.1320045261112448,0.0053927830136057,0.7844219257436833,0,RFG2c_curve-topo_ctr-area_evi_raw100tccs_unified-all_unified_woody,kfold5_block20_unified,RF,curve+topo_ctr+area,,evi,none,RF
lcbd_freq_unified,3040,0.3529052795759324,2.01861093207828e-05,0.2026062301750131,1.6012706372442308e-05,-2.310779181573818e-06,0.5444922913627663,0,RFG2c_curve-topo_ctr-area_evi_raw100tccs_unified-all_unified_woody,kfold5_block20_unified,RF,curve+topo_ctr+area,,evi,none,RF
pcoa1_freq_unified,3040,0.2163698184007088,0.4427188288048675,0.2136142488746657,0.2167488589697743,-0.0563036743884912,0.5581944869521355,0,RFG2c_curve-topo_ctr-area_evi_raw100tccs_unified-all_unified_woody,kfold5_block20_unified,RF,curve+topo_ctr+area,,evi,none,RF
pcoa2_freq_unified,3040,0.4040075487389929,0.3650346128095679,0.1733669895846696,0.2462396297026422,0.0050755976882944,0.7554230868086008,0,RFG2c_curve-topo_ctr-area_evi_raw100tccs_unified-all_unified_woody,kfold5_block20_unified,RF,curve+topo_ctr+area,,evi,none,RF
mpd_unified,2535,0.1375433607815921,108.46566576769654,0.1695798663105931,74.7574813831453,6.382477810641535,0.3499966911945698,0,RFG2c_curve-topo_ctr-area_evi_raw100tccs_unified-all_unified_woody,kfold5_block20_unified,RF,curve+topo_ctr+area,,evi,none,RF
mntd_unified,2535,0.046328980597463,99.45472487441324,0.1554917754737347,65.78441807025489,-5.485052892475244,0.1530762306048413,0,RFG2c_curve-topo_ctr-area_evi_raw100tccs_unified-all_unified_woody,kfold5_block20_unified,RF,curve+topo_ctr+area,,evi,none,RF
ses_pd_unified,2535,0.1016890841756411,1.140286773407854,0.2087671732938016,0.8350524280638053,-0.0623949874533566,0.2975266105532781,0,RFG2c_curve-topo_ctr-area_evi_raw100tccs_unified-all_unified_woody,kfold5_block20_unified,RF,curve+topo_ctr+area,,evi,none,RF
ses_mpd_unified,2535,0.1341737002199469,1.1826374574813605,0.2150539575897508,0.8757094717041674,-0.0533618966784771,0.3182993787406526,0,RFG2c_curve-topo_ctr-area_evi_raw100tccs_unified-all_unified_woody,kfold5_block20_unified,RF,curve+topo_ctr+area,,evi,none,RF
ses_mntd_unified,2535,0.0469447399554363,1.1941410055507249,0.1967388123301897,0.8920827085352839,-0.0731277415797005,0.1872662088834004,0,RFG2c_curve-topo_ctr-area_evi_raw100tccs_unified-all_unified_woody,kfold5_block20_unified,RF,curve+topo_ctr+area,,evi,none,RF
dark_n_unified,3094,0.5364031080091534,18.905788407040863,0.1766896112807557,15.180330272816532,-0.976484586243037,0.7281437626571353,0,RFG2c_curve-topo_ctr-area_evi_raw100tccs_unified-all_unified_woody,kfold5_block20_unified,RF,curve+topo_ctr+area,,evi,none,RF
hill_q0_unified,3102,0.3454305861366464,2.456720810025484,0.1754800578589631,1.7373790634312969,-0.1828473170871399,0.6288229171099622,1,RFG2c_curve-topo_ctr-area_evi_raw100tccs_unified-all_unified_woody,kfold5_block20_unified,RF,curve+topo_ctr+area,,evi,none,RF
lcbd_pa_unified,3094,0.3692121167491166,1.186040580019072e-05,0.2044185880697162,9.403552974483186e-06,-1.2026148930808864e-06,0.5432436646574498,1,RFG2c_curve-topo_ctr-area_evi_raw100tccs_unified-all_unified_woody,kfold5_block20_unified,RF,curve+topo_ctr+area,,evi,none,RF
pcoa1_pa_unified,3094,0.4270117162905689,0.2221171428007397,0.1732346723693497,0.1268514680382245,-0.0243873674088232,0.7238841000408226,1,RFG2c_curve-topo_ctr-area_evi_raw100tccs_unified-all_unified_woody,kfold5_block20_unified,RF,curve+topo_ctr+area,,evi,none,RF
pcoa2_pa_unified,3094,0.5972159918099715,0.1713928022664055,0.1637683920917378,0.1338269628046058,-0.0016533254664656,0.7828434764485923,1,RFG2c_curve-topo_ctr-area_evi_raw100tccs_unified-all_unified_woody,kfold5_block20_unified,RF,curve+topo_ctr+area,,evi,none,RF
lcbd_freq_unified,3040,0.3580773693189579,2.0105275847695385e-05,0.2017949116096603,1.6065317648080588e-05,-4.6646506387311766e-08,0.5425919200870796,1,RFG2c_curve-topo_ctr-area_evi_raw100tccs_unified-all_unified_woody,kfold5_block20_unified,RF,curve+topo_ctr+area,,evi,none,RF
pcoa1_freq_unified,3040,0.2061395472893848,0.4455992994208119,0.2150040916529626,0.2124995219138503,-0.0668869781849645,0.5675717471002113,1,RFG2c_curve-topo_ctr-area_evi_raw100tccs_unified-all_unified_woody,kfold5_block20_unified,RF,curve+topo_ctr+area,,evi,none,RF
pcoa2_freq_unified,3040,0.399402366244064,0.3664421945305088,0.1740354966165801,0.2430933927443906,0.018257117732755,0.7536783786758056,1,RFG2c_curve-topo_ctr-area_evi_raw100tccs_unified-all_unified_woody,kfold5_block20_unified,RF,curve+topo_ctr+area,,evi,none,RF
mpd_unified,2535,0.1171095677914187,109.74305774277327,0.1715769956217586,73.714512587812,-4.606454007099441,0.3284083921082105,1,RFG2c_curve-topo_ctr-area_evi_raw100tccs_unified-all_unified_woody,kfold5_block20_unified,RF,curve+topo_ctr+area,,evi,none,RF
mntd_unified,2535,0.0490276810371936,99.31390657748338,0.1552716141185405,65.44425606076939,-5.139556131767706,0.1604083193030242,1,RFG2c_curve-topo_ctr-area_evi_raw100tccs_unified-all_unified_woody,kfold5_block20_unified,RF,curve+topo_ctr+area,,evi,none,RF
ses_pd_unified,2535,0.09997320952758,1.1413752917018076,0.2089664625363034,0.8601437997325545,0.0427103202737808,0.3005573546739858,1,RFG2c_curve-topo_ctr-area_evi_raw100tccs_unified-all_unified_woody,kfold5_block20_unified,RF,curve+topo_ctr+area,,evi,none,RF
ses_mpd_unified,2535,0.1373052940431007,1.1804967884770543,0.2146646926139516,0.8752805012079716,-0.0467924717292435,0.3224119490650647,1,RFG2c_curve-topo_ctr-area_evi_raw100tccs_unified-all_unified_woody,kfold5_block20_unified,RF,curve+topo_ctr+area,,evi,none,RF
ses_mntd_unified,2535,0.0394926647637134,1.198800494517419,0.1975064790639439,0.8962538942657696,-0.0837900090988418,0.1692110760379327,1,RFG2c_curve-topo_ctr-area_evi_raw100tccs_unified-all_unified_woody,kfold5_block20_unified,RF,curve+topo_ctr+area,,evi,none,RF
dark_n_unified,3094,0.5348136851278693,18.938169535524743,0.1769922386497639,15.223047986886858,-0.90556305076147,0.7295244500355981,1,RFG2c_curve-topo_ctr-area_evi_raw100tccs_unified-all_unified_woody,kfold5_block20_unified,RF,curve+topo_ctr+area,,evi,none,RF
hill_q0_unified,3102,0.3434733495457607,2.4603910050591256,0.1757422146470804,1.770416882877467,-0.0119051661365454,0.6187149730417756,2,RFG2c_curve-topo_ctr-area_evi_raw100tccs_unified-all_unified_woody,kfold5_block20_unified,RF,curve+topo_ctr+area,,evi,none,RF
lcbd_pa_unified,3094,0.3763020799376855,1.1793562833275395e-05,0.2032665242070276,9.356902197733937e-06,-2.0080484058994866e-07,0.5460741442635192,2,RFG2c_curve-topo_ctr-area_evi_raw100tccs_unified-all_unified_woody,kfold5_block20_unified,RF,curve+topo_ctr+area,,evi,none,RF
pcoa1_pa_unified,3094,0.4142071643943151,0.2245852528364473,0.1751596126419286,0.125215524116299,-0.0337785693921438,0.7228243268485344,2,RFG2c_curve-topo_ctr-area_evi_raw100tccs_unified-all_unified_woody,kfold5_block20_unified,RF,curve+topo_ctr+area,,evi,none,RF
pcoa2_pa_unified,3094,0.5948553114748016,0.171894327282793,0.1642476067637746,0.1327035417536234,0.0085250846831221,0.7819804984263529,2,RFG2c_curve-topo_ctr-area_evi_raw100tccs_unified-all_unified_woody,kfold5_block20_unified,RF,curve+topo_ctr+area,,evi,none,RF
lcbd_freq_unified,3040,0.356787297887139,2.0125468486438128e-05,0.2019975833750778,1.6011952882812863e-05,-1.2967171347839274e-06,0.5403353775939547,2,RFG2c_curve-topo_ctr-area_evi_raw100tccs_unified-all_unified_woody,kfold5_block20_unified,RF,curve+topo_ctr+area,,evi,none,RF
pcoa1_freq_unified,3040,0.195906141310741,0.448462143326299,0.2163854294473521,0.2103149883491607,-0.0738304835289024,0.5649172123532414,2,RFG2c_curve-topo_ctr-area_evi_raw100tccs_unified-all_unified_woody,kfold5_block20_unified,RF,curve+topo_ctr+area,,evi,none,RF
pcoa2_freq_unified,3040,0.397154550844687,0.3671272831025941,0.1743608677983076,0.2416256464639399,0.0237816375918749,0.7566060165114414,2,RFG2c_curve-topo_ctr-area_evi_raw100tccs_unified-all_unified_woody,kfold5_block20_unified,RF,curve+topo_ctr+area,,evi,none,RF
mpd_unified,2535,0.1284837398396284,109.03386286377456,0.170468209980537,72.40616481639927,-6.872883390183185,0.3448436456547065,2,RFG2c_curve-topo_ctr-area_evi_raw100tccs_unified-all_unified_woody,kfold5_block20_unified,RF,curve+topo_ctr+area,,evi,none,RF
mntd_unified,2535,0.0432788347389002,99.61364196654738,0.1557402332603332,65.64532616537804,-5.121138811375452,0.1585804611480842,2,RFG2c_curve-topo_ctr-area_evi_raw100tccs_unified-all_unified_woody,kfold5_block20_unified,RF,curve+topo_ctr+area,,evi,none,RF
ses_pd_unified,2535,0.1046735227365642,1.1383910227349714,0.208420093490302,0.8556831861604018,0.0309492989896619,0.306799793368122,2,RFG2c_curve-topo_ctr-area_evi_raw100tccs_unified-all_unified_woody,kfold5_block20_unified,RF,curve+topo_ctr+area,,evi,none,RF
ses_mpd_unified,2535,0.1366645506594914,1.180935098290117,0.2147443960423803,0.8700835899760007,-0.0660201253282103,0.3220912132246633,2,RFG2c_curve-topo_ctr-area_evi_raw100tccs_unified-all_unified_woody,kfold5_block20_unified,RF,curve+topo_ctr+area,,evi,none,RF
ses_mntd_unified,2535,0.0372967495274726,1.2001700631322487,0.1977321201745278,0.897333029970222,-0.017497112019006,0.1757845534406447,2,RFG2c_curve-topo_ctr-area_evi_raw100tccs_unified-all_unified_woody,kfold5_block20_unified,RF,curve+topo_ctr+area,,evi,none,RF
dark_n_unified,3094,0.537473226226594,18.883955735750515,0.1764855676238365,15.166642512737596,-0.3198348585673846,0.7301565631364195,2,RFG2c_curve-topo_ctr-area_evi_raw100tccs_unified-all_unified_woody,kfold5_block20_unified,RF,curve+topo_ctr+area,,evi,none,RF
hill_q0_unified,3102,0.2997468501862892,2.541004803550142,0.1815003431107244,1.794413083626737,-0.0950099497879617,0.5956424039405475,0,RFG7c_lspu-topo_ctr-area_evi_raw100tccs_unified-all_unified_woody_lsputccs,kfold5_block20_unified,RF,lspu+topo_ctr+area,,evi,none,RF
lcbd_pa_unified,3094,0.3672387755770603,1.187894321321499e-05,0.2047380874073211,9.429699081867104e-06,2.52860968787338e-07,0.5412080003505654,0,RFG7c_lspu-topo_ctr-area_evi_raw100tccs_unified-all_unified_woody_lsputccs,kfold5_block20_unified,RF,lspu+topo_ctr+area,,evi,none,RF
pcoa1_pa_unified,3094,0.4912839544828704,0.2092892518161697,0.163229881816577,0.1217936782373064,-0.0217619716146118,0.7230172716481681,0,RFG7c_lspu-topo_ctr-area_evi_raw100tccs_unified-all_unified_woody_lsputccs,kfold5_block20_unified,RF,lspu+topo_ctr+area,,evi,none,RF
pcoa2_pa_unified,3094,0.6033282567226291,0.1700873842609828,0.1625210456166892,0.1313555288038074,0.0050896247345292,0.7876007749853696,0,RFG7c_lspu-topo_ctr-area_evi_raw100tccs_unified-all_unified_woody_lsputccs,kfold5_block20_unified,RF,lspu+topo_ctr+area,,evi,none,RF
lcbd_freq_unified,3040,0.342591934722892,2.0346335738271465e-05,0.2042144088441143,1.6216535778177113e-05,-2.341377299269435e-06,0.5457087111350187,0,RFG7c_lspu-topo_ctr-area_evi_raw100tccs_unified-all_unified_woody_lsputccs,kfold5_block20_unified,RF,lspu+topo_ctr+area,,evi,none,RF
pcoa1_freq_unified,3040,0.2796921416261531,0.4244548418509613,0.2048017755828759,0.2017366344161819,-0.0640719109052066,0.5772236775800358,0,RFG7c_lspu-topo_ctr-area_evi_raw100tccs_unified-all_unified_woody_lsputccs,kfold5_block20_unified,RF,lspu+topo_ctr+area,,evi,none,RF
pcoa2_freq_unified,3040,0.3914917399518399,0.3688475523573056,0.1751778804636791,0.2481045344247721,0.0092662424477722,0.738223947026289,0,RFG7c_lspu-topo_ctr-area_evi_raw100tccs_unified-all_unified_woody_lsputccs,kfold5_block20_unified,RF,lspu+topo_ctr+area,,evi,none,RF
mpd_unified,2535,0.1322155910024821,108.80016976574008,0.1701028441844401,75.23784830773913,7.045941108073033,0.3626038141599731,0,RFG7c_lspu-topo_ctr-area_evi_raw100tccs_unified-all_unified_woody_lsputccs,kfold5_block20_unified,RF,lspu+topo_ctr+area,,evi,none,RF
mntd_unified,2535,0.038353777847541,99.86971087361816,0.1561405823543992,65.81298502543272,-4.674220877439982,0.1796596808954556,0,RFG7c_lspu-topo_ctr-area_evi_raw100tccs_unified-all_unified_woody_lsputccs,kfold5_block20_unified,RF,lspu+topo_ctr+area,,evi,none,RF
ses_pd_unified,2535,0.0990293525836121,1.1419736142821333,0.2090760052554907,0.84084890301354,-0.0374438571985518,0.3058536915137937,0,RFG7c_lspu-topo_ctr-area_evi_raw100tccs_unified-all_unified_woody_lsputccs,kfold5_block20_unified,RF,lspu+topo_ctr+area,,evi,none,RF
ses_mpd_unified,2535,0.1285089450581222,1.1864999120806936,0.2157563166621298,0.8841871562018838,-0.0403792974038297,0.3207744475206399,0,RFG7c_lspu-topo_ctr-area_evi_raw100tccs_unified-all_unified_woody_lsputccs,kfold5_block20_unified,RF,lspu+topo_ctr+area,,evi,none,RF
ses_mntd_unified,2535,0.0399741693096238,1.198499976121501,0.1974569676310213,0.892870685768608,-0.0911287389626674,0.196741278265634,0,RFG7c_lspu-topo_ctr-area_evi_raw100tccs_unified-all_unified_woody_lsputccs,kfold5_block20_unified,RF,lspu+topo_ctr+area,,evi,none,RF
dark_n_unified,3094,0.5352862908307272,18.9285469810204,0.1769023082338354,15.23113749666748,-0.7529784704291865,0.7218595405049173,0,RFG7c_lspu-topo_ctr-area_evi_raw100tccs_unified-all_unified_woody_lsputccs,kfold5_block20_unified,RF,lspu+topo_ctr+area,,evi,none,RF
hill_q0_unified,3102,0.2973655041323028,2.5453217252833373,0.1818086946630955,1.7931178178436955,-0.1668417607894868,0.5907946829153164,1,RFG7c_lspu-topo_ctr-area_evi_raw100tccs_unified-all_unified_woody_lsputccs,kfold5_block20_unified,RF,lspu+topo_ctr+area,,evi,none,RF
lcbd_pa_unified,3094,0.3698636415248212,1.185427906186036e-05,0.2043129914130702,9.391420820620487e-06,-1.0401616320947702e-06,0.5459828817626049,1,RFG7c_lspu-topo_ctr-area_evi_raw100tccs_unified-all_unified_woody_lsputccs,kfold5_block20_unified,RF,lspu+topo_ctr+area,,evi,none,RF
pcoa1_pa_unified,3094,0.4858643170532215,0.210401136186639,0.1640970680328324,0.1207041388661778,-0.0258596307024057,0.7221061675906264,1,RFG7c_lspu-topo_ctr-area_evi_raw100tccs_unified-all_unified_woody_lsputccs,kfold5_block20_unified,RF,lspu+topo_ctr+area,,evi,none,RF
pcoa2_pa_unified,3094,0.601455759875789,0.1704883620509051,0.1629041859064315,0.1326140543937343,-0.0010969328521284,0.7856634408337194,1,RFG7c_lspu-topo_ctr-area_evi_raw100tccs_unified-all_unified_woody_lsputccs,kfold5_block20_unified,RF,lspu+topo_ctr+area,,evi,none,RF
lcbd_freq_unified,3040,0.3501162941658562,2.0229563726226373e-05,0.2030423782772309,1.6194302663432902e-05,-2.435305588259117e-07,0.5419049175592188,1,RFG7c_lspu-topo_ctr-area_evi_raw100tccs_unified-all_unified_woody_lsputccs,kfold5_block20_unified,RF,lspu+topo_ctr+area,,evi,none,RF
pcoa1_freq_unified,3040,0.2742262210687471,0.4260622460666099,0.2055773568814863,0.1997076133294985,-0.0716025881329975,0.5829002640459234,1,RFG7c_lspu-topo_ctr-area_evi_raw100tccs_unified-all_unified_woody_lsputccs,kfold5_block20_unified,RF,lspu+topo_ctr+area,,evi,none,RF
pcoa2_freq_unified,3040,0.3864224552058325,0.3703807404581384,0.1759060421124132,0.2428282144993362,0.0314463169664127,0.7384868577861498,1,RFG7c_lspu-topo_ctr-area_evi_raw100tccs_unified-all_unified_woody_lsputccs,kfold5_block20_unified,RF,lspu+topo_ctr+area,,evi,none,RF
mpd_unified,2535,0.1053010771661956,110.47451628816302,0.1727205892323357,73.73305511997208,-5.487917207496616,0.3286075836186649,1,RFG7c_lspu-topo_ctr-area_evi_raw100tccs_unified-all_unified_woody_lsputccs,kfold5_block20_unified,RF,lspu+topo_ctr+area,,evi,none,RF
mntd_unified,2535,0.0411862711166414,99.72252114417228,0.1559104596287877,65.5038352680341,-4.967562488578558,0.1914313645955805,1,RFG7c_lspu-topo_ctr-area_evi_raw100tccs_unified-all_unified_woody_lsputccs,kfold5_block20_unified,RF,lspu+topo_ctr+area,,evi,none,RF
ses_pd_unified,2535,0.0919932470722639,1.1464240480740504,0.2098908042203976,0.8679930470488567,0.0568566379314609,0.3115141255198277,1,RFG7c_lspu-topo_ctr-area_evi_raw100tccs_unified-all_unified_woody_lsputccs,kfold5_block20_unified,RF,lspu+topo_ctr+area,,evi,none,RF
ses_mpd_unified,2535,0.1337156228498011,1.1829502614593397,0.2151108387015308,0.8770399635833357,-0.0542328844459635,0.3295193447202766,1,RFG7c_lspu-topo_ctr-area_evi_raw100tccs_unified-all_unified_woody_lsputccs,kfold5_block20_unified,RF,lspu+topo_ctr+area,,evi,none,RF
ses_mntd_unified,2535,0.0368626427629064,1.2004406258538582,0.1977766963077171,0.8929664720659479,-0.0668266433466011,0.1845722698068112,1,RFG7c_lspu-topo_ctr-area_evi_raw100tccs_unified-all_unified_woody_lsputccs,kfold5_block20_unified,RF,lspu+topo_ctr+area,,evi,none,RF
dark_n_unified,3094,0.5346476559825664,18.94154883484526,0.1770238208864043,15.22615319451136,-0.9362713220152192,0.7224901042865711,1,RFG7c_lspu-topo_ctr-area_evi_raw100tccs_unified-all_unified_woody_lsputccs,kfold5_block20_unified,RF,lspu+topo_ctr+area,,evi,none,RF
hill_q0_unified,3102,0.2929299255710476,2.553343116756342,0.1823816511968815,1.8216727456034776,-0.0353817882348768,0.5851822447372507,2,RFG7c_lspu-topo_ctr-area_evi_raw100tccs_unified-all_unified_woody_lsputccs,kfold5_block20_unified,RF,lspu+topo_ctr+area,,evi,none,RF
lcbd_pa_unified,3094,0.3706560093403275,1.1846823608974755e-05,0.2041844938575927,9.381042719578448e-06,-2.668548968700149e-07,0.5489472527149145,2,RFG7c_lspu-topo_ctr-area_evi_raw100tccs_unified-all_unified_woody_lsputccs,kfold5_block20_unified,RF,lspu+topo_ctr+area,,evi,none,RF
pcoa1_pa_unified,3094,0.4722176595401581,0.2131751782364618,0.1662606122761101,0.1198183068916702,-0.0359281544450044,0.7219943057093444,2,RFG7c_lspu-topo_ctr-area_evi_raw100tccs_unified-all_unified_woody_lsputccs,kfold5_block20_unified,RF,lspu+topo_ctr+area,,evi,none,RF
pcoa2_pa_unified,3094,0.6012606178695852,0.1705300956480386,0.1629440629841639,0.1313980145520754,0.0079067327992175,0.7865720011441014,2,RFG7c_lspu-topo_ctr-area_evi_raw100tccs_unified-all_unified_woody_lsputccs,kfold5_block20_unified,RF,lspu+topo_ctr+area,,evi,none,RF
lcbd_freq_unified,3040,0.3478616341547472,2.026462484311533e-05,0.2033942836694842,1.6172334588837455e-05,-1.0201393078265593e-06,0.539993312772146,2,RFG7c_lspu-topo_ctr-area_evi_raw100tccs_unified-all_unified_woody_lsputccs,kfold5_block20_unified,RF,lspu+topo_ctr+area,,evi,none,RF
pcoa1_freq_unified,3040,0.2636575842580352,0.4291531697642116,0.2070687444192029,0.19979749689811,-0.0766685160741589,0.5802284648973326,2,RFG7c_lspu-topo_ctr-area_evi_raw100tccs_unified-all_unified_woody_lsputccs,kfold5_block20_unified,RF,lspu+topo_ctr+area,,evi,none,RF
pcoa2_freq_unified,3040,0.3822611443964755,0.3716345876501669,0.176501535540853,0.2422834133544784,0.0341479800789219,0.7381292278561222,2,RFG7c_lspu-topo_ctr-area_evi_raw100tccs_unified-all_unified_woody_lsputccs,kfold5_block20_unified,RF,lspu+topo_ctr+area,,evi,none,RF
mpd_unified,2535,0.1235108438506867,109.34449549956828,0.1709538663444819,72.97550633932252,-3.709275121156469,0.3444605081072725,2,RFG7c_lspu-topo_ctr-area_evi_raw100tccs_unified-all_unified_woody_lsputccs,kfold5_block20_unified,RF,lspu+topo_ctr+area,,evi,none,RF
mntd_unified,2535,0.038881923130309,99.84228240794324,0.1560976995166889,65.78932154416968,-6.036026819254413,0.1913628376999845,2,RFG7c_lspu-topo_ctr-area_evi_raw100tccs_unified-all_unified_woody_lsputccs,kfold5_block20_unified,RF,lspu+topo_ctr+area,,evi,none,RF
ses_pd_unified,2535,0.100948512966326,1.1407567051245762,0.2088532098228828,0.8530227701688968,0.0086325930856299,0.3138234611388216,2,RFG7c_lspu-topo_ctr-area_evi_raw100tccs_unified-all_unified_woody_lsputccs,kfold5_block20_unified,RF,lspu+topo_ctr+area,,evi,none,RF
ses_mpd_unified,2535,0.1282893134287868,1.1866494124633693,0.2157835022114732,0.877184180699574,-0.0589455930666809,0.3236144727451377,2,RFG7c_lspu-topo_ctr-area_evi_raw100tccs_unified-all_unified_woody_lsputccs,kfold5_block20_unified,RF,lspu+topo_ctr+area,,evi,none,RF
ses_mntd_unified,2535,0.0380683394889385,1.1996890089767809,0.1976528648581343,0.8955313096783059,0.0009848588779466,0.187060583921417,2,RFG7c_lspu-topo_ctr-area_evi_raw100tccs_unified-all_unified_woody_lsputccs,kfold5_block20_unified,RF,lspu+topo_ctr+area,,evi,none,RF
dark_n_unified,3094,0.5371167932739974,18.891230523118395,0.1765535562908261,15.267928224837368,0.4389224138456991,0.7229716645011748,2,RFG7c_lspu-topo_ctr-area_evi_raw100tccs_unified-all_unified_woody_lsputccs,kfold5_block20_unified,RF,lspu+topo_ctr+area,,evi,none,RF
lcbd_count_sorensen,2499,0.4480682144170278,1.574527843227087e-05,0.1919990679178403,1.245021779138724e-05,-1.296582262255171e-06,0.6062627411665545,0,RFG2c_curve-topo_ctr-area_evi_raw100tccsall_pg-all_unified_woody,kfold5_block20_unified,RF,curve+topo_ctr+area,,evi,none,RF
pd_inext_q0,877,0.0374015281072608,1.5099534556556602,0.2181430146534224,1.1592776797218267,-0.0913041664869288,0.2433777657467983,0,RFG2c_curve-topo_ctr-area_evi_raw100tccsall_pg-all_unified_woody,kfold5_block20_unified,RF,curve+topo_ctr+area,,evi,none,RF
pd_inext_q1,877,0.0675476598486408,1.1014882568876392,0.2196541332229621,0.8702779590484195,0.0375108228329092,0.2787012554385473,0,RFG2c_curve-topo_ctr-area_evi_raw100tccsall_pg-all_unified_woody,kfold5_block20_unified,RF,curve+topo_ctr+area,,evi,none,RF
pd_inext_q2,877,0.0693343669648292,0.8964166273554394,0.2340386143065947,0.7126594488666708,0.0018550870565518,0.2894420275593834,0,RFG2c_curve-topo_ctr-area_evi_raw100tccsall_pg-all_unified_woody,kfold5_block20_unified,RF,curve+topo_ctr+area,,evi,none,RF
td_inext_q0,881,0.0078497604807175,2.311951505879422,0.2330134224200007,1.7829750783093232,-0.0578676605846098,0.1127202078636244,0,RFG2c_curve-topo_ctr-area_evi_raw100tccsall_pg-all_unified_woody,kfold5_block20_unified,RF,curve+topo_ctr+area,,evi,none,RF
td_inext_q1,881,0.0125969249884356,1.6811634537274804,0.2054522192236643,1.2684720648267025,-0.0122887367819692,0.1687727467214853,0,RFG2c_curve-topo_ctr-area_evi_raw100tccsall_pg-all_unified_woody,kfold5_block20_unified,RF,curve+topo_ctr+area,,evi,none,RF
td_inext_q2,881,0.033762274470125,1.4828399199276263,0.1992542936898833,1.1429042425457996,0.0413713438216792,0.1899612526585383,0,RFG2c_curve-topo_ctr-area_evi_raw100tccsall_pg-all_unified_woody,kfold5_block20_unified,RF,curve+topo_ctr+area,,evi,none,RF
lcbd_count_sorensen,2499,0.4411533895866177,1.5843603039151157e-05,0.1931980453100541,1.2572761866615728e-05,1.8938440756475053e-07,0.593598733530264,1,RFG2c_curve-topo_ctr-area_evi_raw100tccsall_pg-all_unified_woody,kfold5_block20_unified,RF,curve+topo_ctr+area,,evi,none,RF
pd_inext_q0,877,0.0630834313311511,1.4896746795871976,0.2152133393521826,1.1545316032546982,-0.0185402288119437,0.27183383773707,1,RFG2c_curve-topo_ctr-area_evi_raw100tccsall_pg-all_unified_woody,kfold5_block20_unified,RF,curve+topo_ctr+area,,evi,none,RF
pd_inext_q1,877,0.0495448712012392,1.1120705992705575,0.2217644192192527,0.8690079376915615,-0.0197867642118769,0.2581586293470852,1,RFG2c_curve-topo_ctr-area_evi_raw100tccsall_pg-all_unified_woody,kfold5_block20_unified,RF,curve+topo_ctr+area,,evi,none,RF
pd_inext_q2,877,0.0191115858751628,0.9202861106331048,0.2402705165494167,0.7199282889953695,-0.0698729145481204,0.2337833965444584,1,RFG2c_curve-topo_ctr-area_evi_raw100tccsall_pg-all_unified_woody,kfold5_block20_unified,RF,curve+topo_ctr+area,,evi,none,RF
td_inext_q0,881,-0.0086275229001848,2.3310704924731667,0.2349403575170741,1.8504855181094293,0.2565849103592552,0.106316822505952,1,RFG2c_curve-topo_ctr-area_evi_raw100tccsall_pg-all_unified_woody,kfold5_block20_unified,RF,curve+topo_ctr+area,,evi,none,RF
td_inext_q1,881,0.0224446713273814,1.6727590048222791,0.2044251253529898,1.2643053188750697,0.0087949338833489,0.1765541976854904,1,RFG2c_curve-topo_ctr-area_evi_raw100tccsall_pg-all_unified_woody,kfold5_block20_unified,RF,curve+topo_ctr+area,,evi,none,RF
td_inext_q2,881,0.0343090664555446,1.4824202924885677,0.1991979069094501,1.1464662586634136,0.0412478340878749,0.1862079712508317,1,RFG2c_curve-topo_ctr-area_evi_raw100tccsall_pg-all_unified_woody,kfold5_block20_unified,RF,curve+topo_ctr+area,,evi,none,RF
lcbd_count_sorensen,2499,0.4448599360850928,1.5790974332176e-05,0.1925562870376667,1.248291544187569e-05,-1.1743141067181036e-06,0.6002747040472372,2,RFG2c_curve-topo_ctr-area_evi_raw100tccsall_pg-all_unified_woody,kfold5_block20_unified,RF,curve+topo_ctr+area,,evi,none,RF
pd_inext_q0,877,0.0503937304908826,1.4997289088725516,0.2166658741161575,1.1579138453304714,-0.0432264244305663,0.2601973849034111,2,RFG2c_curve-topo_ctr-area_evi_raw100tccsall_pg-all_unified_woody,kfold5_block20_unified,RF,curve+topo_ctr+area,,evi,none,RF
pd_inext_q1,877,0.0588731495209208,1.1065999133314115,0.2206734781487654,0.858157181263695,-0.0804874758526823,0.2703366345440737,2,RFG2c_curve-topo_ctr-area_evi_raw100tccsall_pg-all_unified_woody,kfold5_block20_unified,RF,curve+topo_ctr+area,,evi,none,RF
pd_inext_q2,877,0.0552373857527257,0.9031802135497764,0.2358044676970385,0.7069446604160847,-0.0614258367478334,0.2736824989131244,2,RFG2c_curve-topo_ctr-area_evi_raw100tccsall_pg-all_unified_woody,kfold5_block20_unified,RF,curve+topo_ctr+area,,evi,none,RF
td_inext_q0,881,-0.0117764455548294,2.3347064434628506,0.2353068121687841,1.79479940414247,-0.0910465366953575,0.0876330821647711,2,RFG2c_curve-topo_ctr-area_evi_raw100tccsall_pg-all_unified_woody,kfold5_block20_unified,RF,curve+topo_ctr+area,,evi,none,RF
td_inext_q1,881,0.0042502568567956,1.6882540657366232,0.2063187512492698,1.2937425272967051,0.1290817491912645,0.1585794129097058,2,RFG2c_curve-topo_ctr-area_evi_raw100tccsall_pg-all_unified_woody,kfold5_block20_unified,RF,curve+topo_ctr+area,,evi,none,RF
td_inext_q2,881,0.0221628886903682,1.4917138849441591,0.2004467188517877,1.148372390316073,0.0116598288848928,0.1695638787595542,2,RFG2c_curve-topo_ctr-area_evi_raw100tccsall_pg-all_unified_woody,kfold5_block20_unified,RF,curve+topo_ctr+area,,evi,none,RF
lcbd_count_sorensen,2499,0.4564100843363095,1.5625838729839413e-05,0.190542611518046,1.2322816611687234e-05,-1.239227510135912e-06,0.61769890688639,0,RFG7c_lspu-topo_ctr-area_evi_raw100tccsall_pg-all_unified_woody_lsputccsall,kfold5_block20_unified,RF,lspu+topo_ctr+area,,evi,none,RF
pd_inext_q0,877,0.0453533529502845,1.5037038171530617,0.217240129217885,1.1622073705874438,-0.0722931988147033,0.2356332508655427,0,RFG7c_lspu-topo_ctr-area_evi_raw100tccsall_pg-all_unified_woody_lsputccsall,kfold5_block20_unified,RF,lspu+topo_ctr+area,,evi,none,RF
pd_inext_q1,877,0.1245065435615612,1.0673159560683816,0.2128396374080929,0.8496845364000614,0.0437346353981888,0.3432793687115493,0,RFG7c_lspu-topo_ctr-area_evi_raw100tccsall_pg-all_unified_woody_lsputccsall,kfold5_block20_unified,RF,lspu+topo_ctr+area,,evi,none,RF
pd_inext_q2,877,0.1161610826931355,0.8735738504043922,0.2280747670268879,0.7002527895242454,0.0164388448803864,0.3512320643296896,0,RFG7c_lspu-topo_ctr-area_evi_raw100tccsall_pg-all_unified_woody_lsputccsall,kfold5_block20_unified,RF,lspu+topo_ctr+area,,evi,none,RF
td_inext_q0,881,0.0210374120572276,2.296534886365745,0.2314596358176895,1.769373140317112,-0.0575631010969642,0.2030370906997686,0,RFG7c_lspu-topo_ctr-area_evi_raw100tccsall_pg-all_unified_woody_lsputccsall,kfold5_block20_unified,RF,lspu+topo_ctr+area,,evi,none,RF
td_inext_q1,881,0.0491707966897004,1.6497341280417288,0.2016112930504692,1.2378873623185265,-0.0001885803056405,0.2273015209103896,0,RFG7c_lspu-topo_ctr-area_evi_raw100tccsall_pg-all_unified_woody_lsputccsall,kfold5_block20_unified,RF,lspu+topo_ctr+area,,evi,none,RF
td_inext_q2,881,0.0639252924547403,1.4595115283802114,0.196119577583152,1.1131059405347643,0.0412961301656814,0.244759931615306,0,RFG7c_lspu-topo_ctr-area_evi_raw100tccsall_pg-all_unified_woody_lsputccsall,kfold5_block20_unified,RF,lspu+topo_ctr+area,,evi,none,RF
lcbd_count_sorensen,2499,0.4533736878316043,1.5669419532735722e-05,0.1910740389914436,1.2428905073029423e-05,5.7094989764828224e-08,0.6106759797155926,1,RFG7c_lspu-topo_ctr-area_evi_raw100tccsall_pg-all_unified_woody_lsputccsall,kfold5_block20_unified,RF,lspu+topo_ctr+area,,evi,none,RF
pd_inext_q0,877,0.0542584182445334,1.4966740148294393,0.2162245334950177,1.1654050265689289,-0.0178921872274442,0.2502702590143066,1,RFG7c_lspu-topo_ctr-area_evi_raw100tccsall_pg-all_unified_woody_lsputccsall,kfold5_block20_unified,RF,lspu+topo_ctr+area,,evi,none,RF
pd_inext_q1,877,0.1040986997438538,1.079683919778224,0.2153060044632395,0.8512137897507562,-0.0229022868012757,0.3295737290783406,1,RFG7c_lspu-topo_ctr-area_evi_raw100tccsall_pg-all_unified_woody_lsputccsall,kfold5_block20_unified,RF,lspu+topo_ctr+area,,evi,none,RF
pd_inext_q2,877,0.0699528657761557,0.8961187089918627,0.2339608330619589,0.707398731813807,-0.0716492897817644,0.2977745013993175,1,RFG7c_lspu-topo_ctr-area_evi_raw100tccsall_pg-all_unified_woody_lsputccsall,kfold5_block20_unified,RF,lspu+topo_ctr+area,,evi,none,RF
td_inext_q0,881,0.0017675307154738,2.3190272160570142,0.2337265582450126,1.843249681127872,0.2586677249864962,0.1783311568455714,1,RFG7c_lspu-topo_ctr-area_evi_raw100tccsall_pg-all_unified_woody_lsputccsall,kfold5_block20_unified,RF,lspu+topo_ctr+area,,evi,none,RF
td_inext_q1,881,0.0622708093982677,1.6383301381122644,0.200217630207146,1.2333618888126243,-0.0186021166819224,0.2325402256068166,1,RFG7c_lspu-topo_ctr-area_evi_raw100tccsall_pg-all_unified_woody_lsputccsall,kfold5_block20_unified,RF,lspu+topo_ctr+area,,evi,none,RF
td_inext_q2,881,0.06167621145024,1.4612638405963467,0.1963550417949378,1.1185881311442496,0.0566681979972556,0.2312021329598166,1,RFG7c_lspu-topo_ctr-area_evi_raw100tccsall_pg-all_unified_woody_lsputccsall,kfold5_block20_unified,RF,lspu+topo_ctr+area,,evi,none,RF
lcbd_count_sorensen,2499,0.4570732271741432,1.5616304589347323e-05,0.1904263515169446,1.230913206389217e-05,-1.006749523871041e-06,0.6157122884390125,2,RFG7c_lspu-topo_ctr-area_evi_raw100tccsall_pg-all_unified_woody_lsputccsall,kfold5_block20_unified,RF,lspu+topo_ctr+area,,evi,none,RF
pd_inext_q0,877,0.0489219649276274,1.5008906507745754,0.2168337109986835,1.1626310267052888,-0.0235004646466459,0.2583486888024731,2,RFG7c_lspu-topo_ctr-area_evi_raw100tccsall_pg-all_unified_woody_lsputccsall,kfold5_block20_unified,RF,lspu+topo_ctr+area,,evi,none,RF
pd_inext_q1,877,0.1042767587882257,1.079576621663968,0.2152846075267438,0.8464935834339191,-0.0749219881409721,0.3337666514337306,2,RFG7c_lspu-topo_ctr-area_evi_raw100tccsall_pg-all_unified_woody_lsputccsall,kfold5_block20_unified,RF,lspu+topo_ctr+area,,evi,none,RF
pd_inext_q2,877,0.1003160625657412,0.8813695627886102,0.2301100904114146,0.6924467799754728,-0.0708437296152455,0.3368572073469451,2,RFG7c_lspu-topo_ctr-area_evi_raw100tccsall_pg-all_unified_woody_lsputccsall,kfold5_block20_unified,RF,lspu+topo_ctr+area,,evi,none,RF
td_inext_q0,881,-0.017839041243068,2.3416908129824106,0.236010742091648,1.8027364379944129,-0.1318985190895097,0.1503193792713452,2,RFG7c_lspu-topo_ctr-area_evi_raw100tccsall_pg-all_unified_woody_lsputccsall,kfold5_block20_unified,RF,lspu+topo_ctr+area,,evi,none,RF
td_inext_q1,881,0.0372987544320182,1.660001458489326,0.2028660466089554,1.270301400590028,0.1557867477023201,0.2170139310401729,2,RFG7c_lspu-topo_ctr-area_evi_raw100tccsall_pg-all_unified_woody_lsputccsall,kfold5_block20_unified,RF,lspu+topo_ctr+area,,evi,none,RF
td_inext_q2,881,0.0437201990775651,1.4751791501172586,0.1982248897352338,1.122058524140652,0.0018313624086471,0.2040510338765855,2,RFG7c_lspu-topo_ctr-area_evi_raw100tccsall_pg-all_unified_woody_lsputccsall,kfold5_block20_unified,RF,lspu+topo_ctr+area,,evi,none,RF
hill_q0_unified,3102,0.3437650679390207,2.459844324236972,0.1757031660169265,1.749294289558669,-0.0752879308276642,0.6344283141007697,0,RFG2c_curve-topo_ctr-area_evi_raw100tccsall_unified-all_unified_woody,kfold5_block20_unified,RF,curve+topo_ctr+area,,evi,none,RF
lcbd_pa_unified,3094,0.3814199884001226,1.1745075652910238e-05,0.2024308292808416,9.322984865997271e-06,8.09583391078792e-08,0.5461774905284223,0,RFG2c_curve-topo_ctr-area_evi_raw100tccsall_unified-all_unified_woody,kfold5_block20_unified,RF,curve+topo_ctr+area,,evi,none,RF
pcoa1_pa_unified,3094,0.4656669182904175,0.2144940448140808,0.1672892290527886,0.1237921397197463,-0.0226008961830464,0.7360572597964494,0,RFG2c_curve-topo_ctr-area_evi_raw100tccsall_unified-all_unified_woody,kfold5_block20_unified,RF,curve+topo_ctr+area,,evi,none,RF
pcoa2_pa_unified,3094,0.6090913361747472,0.1688472990331896,0.1613361255901368,0.1303595466911778,0.0029069350290251,0.7904587353472042,0,RFG2c_curve-topo_ctr-area_evi_raw100tccsall_unified-all_unified_woody,kfold5_block20_unified,RF,curve+topo_ctr+area,,evi,none,RF
lcbd_freq_unified,3040,0.3570129231023751,2.01219383855719e-05,0.2019621520585582,1.5965176525352096e-05,-2.479466696397433e-06,0.5475328170527157,0,RFG2c_curve-topo_ctr-area_evi_raw100tccsall_unified-all_unified_woody,kfold5_block20_unified,RF,curve+topo_ctr+area,,evi,none,RF
pcoa1_freq_unified,3040,0.2543915928074933,0.4318449186327173,0.2083675279253332,0.2095636844870282,-0.0583217843326148,0.5769408287668604,0,RFG2c_curve-topo_ctr-area_evi_raw100tccsall_unified-all_unified_woody,kfold5_block20_unified,RF,curve+topo_ctr+area,,evi,none,RF
pcoa2_freq_unified,3040,0.4175837414580725,0.3608530762587231,0.1713810398193074,0.2434407905978124,0.0036917605716949,0.7667478460147098,0,RFG2c_curve-topo_ctr-area_evi_raw100tccsall_unified-all_unified_woody,kfold5_block20_unified,RF,curve+topo_ctr+area,,evi,none,RF
mpd_unified,2535,0.1524969005495433,107.5212486006223,0.1681033240720853,74.20124178029707,6.298673087590608,0.3667426456636136,0,RFG2c_curve-topo_ctr-area_evi_raw100tccsall_unified-all_unified_woody,kfold5_block20_unified,RF,curve+topo_ctr+area,,evi,none,RF
mntd_unified,2535,0.0525685761160245,99.1288391081919,0.1549822717125473,65.58079760682753,-6.068581263642641,0.1676007037849174,0,RFG2c_curve-topo_ctr-area_evi_raw100tccsall_unified-all_unified_woody,kfold5_block20_unified,RF,curve+topo_ctr+area,,evi,none,RF
ses_pd_unified,2535,0.110790189231083,1.1344957443759067,0.2077069340718304,0.8264560291338804,-0.069911523993487,0.3160360320048265,0,RFG2c_curve-topo_ctr-area_evi_raw100tccsall_unified-all_unified_woody,kfold5_block20_unified,RF,curve+topo_ctr+area,,evi,none,RF
ses_mpd_unified,2535,0.1491662622077573,1.1723535279753785,0.213183900349601,0.8674312613246002,-0.0545027931397583,0.330767557843635,0,RFG2c_curve-topo_ctr-area_evi_raw100tccsall_unified-all_unified_woody,kfold5_block20_unified,RF,curve+topo_ctr+area,,evi,none,RF
ses_mntd_unified,2535,0.0602423701640978,1.1857810366621433,0.1953614788807799,0.88330723504045,-0.0655521897246641,0.214468483925435,0,RFG2c_curve-topo_ctr-area_evi_raw100tccsall_unified-all_unified_woody,kfold5_block20_unified,RF,curve+topo_ctr+area,,evi,none,RF
dark_n_unified,3094,0.5470121605600332,18.68821435405884,0.1746562089164377,14.912678129572804,-1.0491278982620749,0.7371593710701164,0,RFG2c_curve-topo_ctr-area_evi_raw100tccsall_unified-all_unified_woody,kfold5_block20_unified,RF,curve+topo_ctr+area,,evi,none,RF
hill_q0_unified,3102,0.3429587897012671,2.461354995207391,0.1758110710862422,1.735659412521058,-0.1809636709442161,0.6315907357156976,1,RFG2c_curve-topo_ctr-area_evi_raw100tccsall_unified-all_unified_woody,kfold5_block20_unified,RF,curve+topo_ctr+area,,evi,none,RF
lcbd_pa_unified,3094,0.3760793009907366,1.1795668919290276e-05,0.2033028233975248,9.346618866228898e-06,-1.180089903512803e-06,0.5456071615826391,1,RFG2c_curve-topo_ctr-area_evi_raw100tccsall_unified-all_unified_woody,kfold5_block20_unified,RF,curve+topo_ctr+area,,evi,none,RF
pcoa1_pa_unified,3094,0.4619771560272546,0.2152333500111354,0.1678658315246995,0.1236979200900095,-0.0237034615050651,0.731816881270189,1,RFG2c_curve-topo_ctr-area_evi_raw100tccsall_unified-all_unified_woody,kfold5_block20_unified,RF,curve+topo_ctr+area,,evi,none,RF
pcoa2_pa_unified,3094,0.6076994569487759,0.1691476328977288,0.1616230991003187,0.131656724190202,-0.0016701379813868,0.7895249002969756,1,RFG2c_curve-topo_ctr-area_evi_raw100tccsall_unified-all_unified_woody,kfold5_block20_unified,RF,curve+topo_ctr+area,,evi,none,RF
lcbd_freq_unified,3040,0.3630436383956714,2.002735206383108e-05,0.2010127973429221,1.6032684703020368e-05,4.426715116500011e-09,0.5440150341619828,1,RFG2c_curve-topo_ctr-area_evi_raw100tccsall_unified-all_unified_woody,kfold5_block20_unified,RF,curve+topo_ctr+area,,evi,none,RF
pcoa1_freq_unified,3040,0.2429322154894373,0.4351508123845307,0.2099626396863564,0.2051408384782423,-0.0713026198635013,0.5779066605458064,1,RFG2c_curve-topo_ctr-area_evi_raw100tccsall_unified-all_unified_woody,kfold5_block20_unified,RF,curve+topo_ctr+area,,evi,none,RF
pcoa2_freq_unified,3040,0.4111402996960125,0.3628436973671973,0.1723264515059518,0.2382929462498883,0.0226593196014835,0.7604453773486322,1,RFG2c_curve-topo_ctr-area_evi_raw100tccsall_unified-all_unified_woody,kfold5_block20_unified,RF,curve+topo_ctr+area,,evi,none,RF
mpd_unified,2535,0.134794016736673,108.63841193158405,0.1698499450601253,73.16083323694679,-3.6029171312386894,0.3425843903883973,1,RFG2c_curve-topo_ctr-area_evi_raw100tccsall_unified-all_unified_woody,kfold5_block20_unified,RF,curve+topo_ctr+area,,evi,none,RF
mntd_unified,2535,0.0569853090617383,98.8975099296972,0.1546206017694808,65.37900450414617,-5.788769550239905,0.1778384215476377,1,RFG2c_curve-topo_ctr-area_evi_raw100tccsall_unified-all_unified_woody,kfold5_block20_unified,RF,curve+topo_ctr+area,,evi,none,RF
ses_pd_unified,2535,0.1130725550947728,1.133038833983334,0.2074401984825972,0.8547464461076812,0.0568354717442342,0.3211024093278919,1,RFG2c_curve-topo_ctr-area_evi_raw100tccsall_unified-all_unified_woody,kfold5_block20_unified,RF,curve+topo_ctr+area,,evi,none,RF
ses_mpd_unified,2535,0.1534078630993232,1.1694276515665958,0.2126518511597611,0.8647080670775855,-0.049538476463885,0.3400833668280859,1,RFG2c_curve-topo_ctr-area_evi_raw100tccsall_unified-all_unified_woody,kfold5_block20_unified,RF,curve+topo_ctr+area,,evi,none,RF
ses_mntd_unified,2535,0.0521643681867457,1.1908665209035236,0.1961993297921231,0.8883895156838556,-0.069979656684291,0.1939408575566302,1,RFG2c_curve-topo_ctr-area_evi_raw100tccsall_unified-all_unified_woody,kfold5_block20_unified,RF,curve+topo_ctr+area,,evi,none,RF
dark_n_unified,3094,0.5448477909630474,18.732807165714927,0.17507296416556,14.936874760887736,-0.8787583393738065,0.7371711831848331,1,RFG2c_curve-topo_ctr-area_evi_raw100tccsall_unified-all_unified_woody,kfold5_block20_unified,RF,curve+topo_ctr+area,,evi,none,RF
hill_q0_unified,3102,0.3453916457737037,2.456793884152704,0.1754852774394788,1.7617947579064113,-0.0092142100661305,0.6286251941218074,2,RFG2c_curve-topo_ctr-area_evi_raw100tccsall_unified-all_unified_woody,kfold5_block20_unified,RF,curve+topo_ctr+area,,evi,none,RF
lcbd_pa_unified,3094,0.3823455470428597,1.1736285500060163e-05,0.2022793276657366,9.295872697393012e-06,-2.924948532658699e-07,0.5497119890642115,2,RFG2c_curve-topo_ctr-area_evi_raw100tccsall_unified-all_unified_woody,kfold5_block20_unified,RF,curve+topo_ctr+area,,evi,none,RF
pcoa1_pa_unified,3094,0.4512480858397429,0.217368811854419,0.1695313312160509,0.1222368740079869,-0.0331492301290894,0.732509048057832,2,RFG2c_curve-topo_ctr-area_evi_raw100tccsall_unified-all_unified_woody,kfold5_block20_unified,RF,curve+topo_ctr+area,,evi,none,RF
pcoa2_pa_unified,3094,0.6057824542231305,0.1695604048384338,0.1620175088779519,0.1305575464565012,0.0078914542231858,0.7887440555568236,2,RFG2c_curve-topo_ctr-area_evi_raw100tccsall_unified-all_unified_woody,kfold5_block20_unified,RF,curve+topo_ctr+area,,evi,none,RF
lcbd_freq_unified,3040,0.364535859948616,2.0003878893567497e-05,0.2007771991668802,1.5928452540945195e-05,-1.11674891055311e-06,0.5446540770379569,2,RFG2c_curve-topo_ctr-area_evi_raw100tccsall_unified-all_unified_woody,kfold5_block20_unified,RF,curve+topo_ctr+area,,evi,none,RF
pcoa1_freq_unified,3040,0.2363505214355179,0.4370382468758682,0.2108733371198846,0.2041966029971785,-0.0748623077924615,0.5823655748131565,2,RFG2c_curve-topo_ctr-area_evi_raw100tccsall_unified-all_unified_woody,kfold5_block20_unified,RF,curve+topo_ctr+area,,evi,none,RF
pcoa2_freq_unified,3040,0.4090734477887259,0.3634799162139067,0.1726286128416183,0.2385966769823039,0.0231427566474689,0.7631411059805695,2,RFG2c_curve-topo_ctr-area_evi_raw100tccsall_unified-all_unified_woody,kfold5_block20_unified,RF,curve+topo_ctr+area,,evi,none,RF
mpd_unified,2535,0.1451761895283542,107.98463303277757,0.1688277991352228,71.86729507969874,-5.9536102414980006,0.3587914377013419,2,RFG2c_curve-topo_ctr-area_evi_raw100tccsall_unified-all_unified_woody,kfold5_block20_unified,RF,curve+topo_ctr+area,,evi,none,RF
mntd_unified,2535,0.0511347192954488,99.20382227913582,0.1550995036127455,65.62723868745273,-7.046596945894289,0.1641667837837477,2,RFG2c_curve-topo_ctr-area_evi_raw100tccsall_unified-all_unified_woody,kfold5_block20_unified,RF,curve+topo_ctr+area,,evi,none,RF
ses_pd_unified,2535,0.1174733623711649,1.130224349959919,0.2069249141808308,0.8436181003125762,0.0144886252488106,0.3255176618091785,2,RFG2c_curve-topo_ctr-area_evi_raw100tccsall_unified-all_unified_woody,kfold5_block20_unified,RF,curve+topo_ctr+area,,evi,none,RF
ses_mpd_unified,2535,0.1504325227265865,1.1714808206156486,0.213025204909726,0.8651043184820184,-0.0616354003373885,0.3337240047787045,2,RFG2c_curve-topo_ctr-area_evi_raw100tccsall_unified-all_unified_woody,kfold5_block20_unified,RF,curve+topo_ctr+area,,evi,none,RF
ses_mntd_unified,2535,0.0501377780781241,1.192138951255406,0.1964089670418605,0.8910469399930303,-0.0225273403484632,0.1918477444195847,2,RFG2c_curve-topo_ctr-area_evi_raw100tccsall_unified-all_unified_woody,kfold5_block20_unified,RF,curve+topo_ctr+area,,evi,none,RF
dark_n_unified,3094,0.5470903948375909,18.686600489453625,0.17464112606966,14.939712623408942,-0.3694820478893697,0.7376280702130364,2,RFG2c_curve-topo_ctr-area_evi_raw100tccsall_unified-all_unified_woody,kfold5_block20_unified,RF,curve+topo_ctr+area,,evi,none,RF
hill_q0_unified,3102,0.3058858510326107,2.5298420045766736,0.1807030003269052,1.784873703309136,-0.0570743732598271,0.6041640091865367,0,RFG7c_lspu-topo_ctr-area_evi_raw100tccsall_unified-all_unified_woody_lsputccsall,kfold5_block20_unified,RF,lspu+topo_ctr+area,,evi,none,RF
lcbd_pa_unified,3094,0.3858273470735381,1.1703159251226484e-05,0.2017083842150059,9.27674331516742e-06,2.611984348125952e-07,0.5598255081983216,0,RFG7c_lspu-topo_ctr-area_evi_raw100tccsall_unified-all_unified_woody_lsputccsall,kfold5_block20_unified,RF,lspu+topo_ctr+area,,evi,none,RF
pcoa1_pa_unified,3094,0.5112567195243966,0.2051396485734866,0.1599935032590971,0.1190238725663543,-0.0211003880410409,0.7368384227732667,0,RFG7c_lspu-topo_ctr-area_evi_raw100tccsall_unified-all_unified_woody_lsputccsall,kfold5_block20_unified,RF,lspu+topo_ctr+area,,evi,none,RF
pcoa2_pa_unified,3094,0.6029115603202531,0.1701766976528638,0.1626063859016207,0.1301222720052814,0.0039121868649405,0.7883060031475533,0,RFG7c_lspu-topo_ctr-area_evi_raw100tccsall_unified-all_unified_woody_lsputccsall,kfold5_block20_unified,RF,lspu+topo_ctr+area,,evi,none,RF
lcbd_freq_unified,3040,0.3518868368828923,2.020198822706268e-05,0.2027656053814754,1.6025368435924127e-05,-2.374552112106332e-06,0.5527809962218704,0,RFG7c_lspu-topo_ctr-area_evi_raw100tccsall_unified-all_unified_woody_lsputccsall,kfold5_block20_unified,RF,lspu+topo_ctr+area,,evi,none,RF
pcoa1_freq_unified,3040,0.2976700529769754,0.4191244621126751,0.2022298382946323,0.1993991263122695,-0.0639808306792455,0.5855011050708296,0,RFG7c_lspu-topo_ctr-area_evi_raw100tccsall_unified-all_unified_woody_lsputccsall,kfold5_block20_unified,RF,lspu+topo_ctr+area,,evi,none,RF
pcoa2_freq_unified,3040,0.394782546777597,0.3678488382575151,0.1747035581642023,0.2458449218360327,0.0102069944170679,0.7471661699449048,0,RFG7c_lspu-topo_ctr-area_evi_raw100tccsall_unified-all_unified_woody_lsputccsall,kfold5_block20_unified,RF,lspu+topo_ctr+area,,evi,none,RF
mpd_unified,2535,0.1526703040955923,107.5102483343186,0.1680861257847198,74.68346127693857,6.315149777248292,0.3764563190508378,0,RFG7c_lspu-topo_ctr-area_evi_raw100tccsall_unified-all_unified_woody_lsputccsall,kfold5_block20_unified,RF,lspu+topo_ctr+area,,evi,none,RF
mntd_unified,2535,0.0551215117626848,98.995193416225,0.1547733243150798,65.14992755035614,-5.971112912140657,0.197330837387448,0,RFG7c_lspu-topo_ctr-area_evi_raw100tccsall_unified-all_unified_woody_lsputccsall,kfold5_block20_unified,RF,lspu+topo_ctr+area,,evi,none,RF
ses_pd_unified,2535,0.109652375925789,1.1352213502267954,0.2078397801996187,0.8343783693061998,-0.072404025531957,0.3181263603141357,0,RFG7c_lspu-topo_ctr-area_evi_raw100tccsall_unified-all_unified_woody_lsputccsall,kfold5_block20_unified,RF,lspu+topo_ctr+area,,evi,none,RF
ses_mpd_unified,2535,0.1444006913617198,1.1756321546865274,0.2137800945976621,0.8790762752829497,-0.047719476468172,0.331593220778541,0,RFG7c_lspu-topo_ctr-area_evi_raw100tccsall_unified-all_unified_woody_lsputccsall,kfold5_block20_unified,RF,lspu+topo_ctr+area,,evi,none,RF
ses_mntd_unified,2535,0.0604466849465231,1.1856521280177736,0.1953402407410003,0.8837889341608606,-0.0947542243800841,0.2194830846675353,0,RFG7c_lspu-topo_ctr-area_evi_raw100tccsall_unified-all_unified_woody_lsputccsall,kfold5_block20_unified,RF,lspu+topo_ctr+area,,evi,none,RF
dark_n_unified,3094,0.5361660218741701,18.91062205396297,0.1767347855510558,15.130885652275722,-0.4852215771407545,0.7250244888900765,0,RFG7c_lspu-topo_ctr-area_evi_raw100tccsall_unified-all_unified_woody_lsputccsall,kfold5_block20_unified,RF,lspu+topo_ctr+area,,evi,none,RF
hill_q0_unified,3102,0.2989621309994712,2.5424281580279176,0.1816020112877084,1.7849078520950126,-0.1573795324989177,0.5958284969521442,1,RFG7c_lspu-topo_ctr-area_evi_raw100tccsall_unified-all_unified_woody_lsputccsall,kfold5_block20_unified,RF,lspu+topo_ctr+area,,evi,none,RF
lcbd_pa_unified,3094,0.3807013414709884,1.1751896203461275e-05,0.2025483840540078,9.282095438740448e-06,-1.1016823881620984e-06,0.5571843968737338,1,RFG7c_lspu-topo_ctr-area_evi_raw100tccsall_unified-all_unified_woody_lsputccsall,kfold5_block20_unified,RF,lspu+topo_ctr+area,,evi,none,RF
pcoa1_pa_unified,3094,0.5033113510526734,0.2068003764151643,0.1612887461202291,0.1183268505656049,-0.0261771643914035,0.7331209084053012,1,RFG7c_lspu-topo_ctr-area_evi_raw100tccsall_unified-all_unified_woody_lsputccsall,kfold5_block20_unified,RF,lspu+topo_ctr+area,,evi,none,RF
pcoa2_pa_unified,3094,0.6003920168468082,0.1707157332392654,0.1631214424856656,0.1315225610464728,-0.0024187820856096,0.7866165594047851,1,RFG7c_lspu-topo_ctr-area_evi_raw100tccsall_unified-all_unified_woody_lsputccsall,kfold5_block20_unified,RF,lspu+topo_ctr+area,,evi,none,RF
lcbd_freq_unified,3040,0.3566611688383027,2.012744161427047e-05,0.2020173874881642,1.6094035656117326e-05,-2.881400670732374e-07,0.5458453149652264,1,RFG7c_lspu-topo_ctr-area_evi_raw100tccsall_unified-all_unified_woody_lsputccsall,kfold5_block20_unified,RF,lspu+topo_ctr+area,,evi,none,RF
pcoa1_freq_unified,3040,0.292178254941754,0.4207599219449323,0.2030189565812329,0.1968913060153816,-0.0733519929495958,0.5869769217081455,1,RFG7c_lspu-topo_ctr-area_evi_raw100tccsall_unified-all_unified_woody_lsputccsall,kfold5_block20_unified,RF,lspu+topo_ctr+area,,evi,none,RF
pcoa2_freq_unified,3040,0.3911383022881446,0.3689546550060414,0.1752287470476585,0.2403721220956358,0.0315018996083667,0.744761047639204,1,RFG7c_lspu-topo_ctr-area_evi_raw100tccsall_unified-all_unified_woody_lsputccsall,kfold5_block20_unified,RF,lspu+topo_ctr+area,,evi,none,RF
mpd_unified,2535,0.1259519776859864,109.19212016225369,0.1707156362174832,73.94412566166517,-4.114425874122897,0.3379319405334693,1,RFG7c_lspu-topo_ctr-area_evi_raw100tccsall_unified-all_unified_woody_lsputccsall,kfold5_block20_unified,RF,lspu+topo_ctr+area,,evi,none,RF
mntd_unified,2535,0.0496039165674669,99.28381270809774,0.1552245640745375,65.351369335866,-6.380638623520551,0.1923255659432183,1,RFG7c_lspu-topo_ctr-area_evi_raw100tccsall_unified-all_unified_woody_lsputccsall,kfold5_block20_unified,RF,lspu+topo_ctr+area,,evi,none,RF
ses_pd_unified,2535,0.11005681123551,1.1349634870414638,0.2077925698227612,0.8621261185849597,0.0455526372174247,0.3209600085372547,1,RFG7c_lspu-topo_ctr-area_evi_raw100tccsall_unified-all_unified_woody_lsputccsall,kfold5_block20_unified,RF,lspu+topo_ctr+area,,evi,none,RF
ses_mpd_unified,2535,0.1502146855212663,1.171631000418048,0.2130525140065686,0.8720812101769312,-0.0639581599715798,0.3419502198016202,1,RFG7c_lspu-topo_ctr-area_evi_raw100tccsall_unified-all_unified_woody_lsputccsall,kfold5_block20_unified,RF,lspu+topo_ctr+area,,evi,none,RF
ses_mntd_unified,2535,0.0545191091172627,1.1893863455208558,0.1959554658384754,0.8873173199350348,-0.0832227613778822,0.2092089682466438,1,RFG7c_lspu-topo_ctr-area_evi_raw100tccsall_unified-all_unified_woody_lsputccsall,kfold5_block20_unified,RF,lspu+topo_ctr+area,,evi,none,RF
dark_n_unified,3094,0.5355529422515204,18.923115628244148,0.1768515479275154,15.10936201828769,-0.9881101017535684,0.7257690829677894,1,RFG7c_lspu-topo_ctr-area_evi_raw100tccsall_unified-all_unified_woody_lsputccsall,kfold5_block20_unified,RF,lspu+topo_ctr+area,,evi,none,RF
hill_q0_unified,3102,0.2990305573101319,2.5423040754126784,0.1815931482437627,1.813281963240053,0.0134517964748396,0.5924325466368827,2,RFG7c_lspu-topo_ctr-area_evi_raw100tccsall_unified-all_unified_woody_lsputccsall,kfold5_block20_unified,RF,lspu+topo_ctr+area,,evi,none,RF
lcbd_pa_unified,3094,0.3842259907072313,1.1718406371392456e-05,0.2019711741084518,9.278671324810256e-06,-1.9895647012163293e-07,0.5614623878332209,2,RFG7c_lspu-topo_ctr-area_evi_raw100tccsall_unified-all_unified_woody_lsputccsall,kfold5_block20_unified,RF,lspu+topo_ctr+area,,evi,none,RF
pcoa1_pa_unified,3094,0.4900194419744018,0.2095492049119863,0.1634326256877494,0.1175050786049486,-0.0359134834728702,0.7343954429423225,2,RFG7c_lspu-topo_ctr-area_evi_raw100tccsall_unified-all_unified_woody_lsputccsall,kfold5_block20_unified,RF,lspu+topo_ctr+area,,evi,none,RF
pcoa2_pa_unified,3094,0.6020084394308505,0.1703701090291042,0.1627911933712477,0.1298700822165208,0.0070148358477753,0.788202795562683,2,RFG7c_lspu-topo_ctr-area_evi_raw100tccsall_unified-all_unified_woody_lsputccsall,kfold5_block20_unified,RF,lspu+topo_ctr+area,,evi,none,RF
lcbd_freq_unified,3040,0.3541034554520652,2.016741212320655e-05,0.2024185680230074,1.6056601085441166e-05,-7.594856762725542e-07,0.5405221571484675,2,RFG7c_lspu-topo_ctr-area_evi_raw100tccsall_unified-all_unified_woody_lsputccsall,kfold5_block20_unified,RF,lspu+topo_ctr+area,,evi,none,RF
pcoa1_freq_unified,3040,0.2829208837335493,0.4235024751617596,0.204342253462445,0.1974999122857943,-0.0751770598192104,0.5882536389333325,2,RFG7c_lspu-topo_ctr-area_evi_raw100tccsall_unified-all_unified_woody_lsputccsall,kfold5_block20_unified,RF,lspu+topo_ctr+area,,evi,none,RF
pcoa2_freq_unified,3040,0.3891941456410808,0.3695432401911456,0.1755082855847585,0.2408931251845736,0.0296502720984453,0.7470268064580101,2,RFG7c_lspu-topo_ctr-area_evi_raw100tccsall_unified-all_unified_woody_lsputccsall,kfold5_block20_unified,RF,lspu+topo_ctr+area,,evi,none,RF
mpd_unified,2535,0.1378407195929533,108.4469656959859,0.1695506298177524,73.28087229716354,-3.515615749717434,0.3517863923602827,2,RFG7c_lspu-topo_ctr-area_evi_raw100tccsall_unified-all_unified_woody_lsputccsall,kfold5_block20_unified,RF,lspu+topo_ctr+area,,evi,none,RF
mntd_unified,2535,0.040294262126039,99.76889756925964,0.1559829665175863,65.79232565984681,-8.223940487628228,0.1828470664275915,2,RFG7c_lspu-topo_ctr-area_evi_raw100tccsall_unified-all_unified_woody_lsputccsall,kfold5_block20_unified,RF,lspu+topo_ctr+area,,evi,none,RF
ses_pd_unified,2535,0.1140977167558044,1.1323838289883863,0.2073202781744103,0.8520942130724248,0.0052116936327115,0.3246388845741779,2,RFG7c_lspu-topo_ctr-area_evi_raw100tccsall_unified-all_unified_woody_lsputccsall,kfold5_block20_unified,RF,lspu+topo_ctr+area,,evi,none,RF
ses_mpd_unified,2535,0.1474592647398965,1.1735289643057158,0.2133976448349753,0.8702471748171554,-0.075622642778208,0.3383477407126583,2,RFG7c_lspu-topo_ctr-area_evi_raw100tccsall_unified-all_unified_woody_lsputccsall,kfold5_block20_unified,RF,lspu+topo_ctr+area,,evi,none,RF
ses_mntd_unified,2535,0.0511352466353693,1.1915128428388144,0.1963058135401403,0.889505057495308,-0.0287798536033604,0.2038168143276686,2,RFG7c_lspu-topo_ctr-area_evi_raw100tccsall_unified-all_unified_woody_lsputccsall,kfold5_block20_unified,RF,lspu+topo_ctr+area,,evi,none,RF
dark_n_unified,3094,0.5365503855101168,18.902785131465176,0.1766615432847212,15.155833231921411,0.4888897561543753,0.7255081113508347,2,RFG7c_lspu-topo_ctr-area_evi_raw100tccsall_unified-all_unified_woody_lsputccsall,kfold5_block20_unified,RF,lspu+topo_ctr+area,,evi,none,RF
lcbd_count_sorensen,2499,0.4344893940766766,1.5937787030528524e-05,0.1943465317363197,1.2703463673901608e-05,-1.071385372426256e-06,0.5891205414095633,0,RFG2c_curve-topo_ctr-area_savi_raw100nc_pg-all_unified_woody,kfold5_block20_unified,RF,curve+topo_ctr+area,,savi,none,RF
pd_inext_q0,877,0.0628830727337136,1.4898339537340648,0.2152363496922854,1.1522676804486665,-0.0662196330153133,0.255445597608283,0,RFG2c_curve-topo_ctr-area_savi_raw100nc_pg-all_unified_woody,kfold5_block20_unified,RF,curve+topo_ctr+area,,savi,none,RF
pd_inext_q1,877,0.0614794026200594,1.105066603058344,0.2203677118939856,0.883141278129526,0.0384881186075032,0.2618178963648878,0,RFG2c_curve-topo_ctr-area_savi_raw100nc_pg-all_unified_woody,kfold5_block20_unified,RF,curve+topo_ctr+area,,savi,none,RF
pd_inext_q2,877,0.0630797463324785,0.899423806893523,0.2348237359906274,0.7203084154163157,-0.0028825024134899,0.2622944893463959,0,RFG2c_curve-topo_ctr-area_savi_raw100nc_pg-all_unified_woody,kfold5_block20_unified,RF,curve+topo_ctr+area,,savi,none,RF
td_inext_q0,881,0.0088137060881045,2.3108281190256568,0.2329002002287775,1.7751019097400498,-0.024576666265742,0.1525628621707265,0,RFG2c_curve-topo_ctr-area_savi_raw100nc_pg-all_unified_woody,kfold5_block20_unified,RF,curve+topo_ctr+area,,savi,none,RF
td_inext_q1,881,0.0108239348874203,1.682672133110845,0.2056365924484819,1.277416848309364,0.0186045113624955,0.1563999587280961,0,RFG2c_curve-topo_ctr-area_savi_raw100nc_pg-all_unified_woody,kfold5_block20_unified,RF,curve+topo_ctr+area,,savi,none,RF
td_inext_q2,881,0.0203874310377477,1.4930675223158545,0.2006286117552526,1.1515313132632683,0.0549174296236474,0.1758607577321569,0,RFG2c_curve-topo_ctr-area_savi_raw100nc_pg-all_unified_woody,kfold5_block20_unified,RF,curve+topo_ctr+area,,savi,none,RF
lcbd_count_sorensen,2499,0.4294794171059816,1.6008229456173537e-05,0.1952055117869992,1.2795051711110292e-05,-2.3144255136938163e-08,0.5801863897922512,1,RFG2c_curve-topo_ctr-area_savi_raw100nc_pg-all_unified_woody,kfold5_block20_unified,RF,curve+topo_ctr+area,,savi,none,RF
pd_inext_q0,877,0.0834463854702426,1.473397449124151,0.2128617674476859,1.1477892281141826,-0.0205354762539898,0.2871809276458404,1,RFG2c_curve-topo_ctr-area_savi_raw100nc_pg-all_unified_woody,kfold5_block20_unified,RF,curve+topo_ctr+area,,savi,none,RF
pd_inext_q1,877,0.0466859476626408,1.1137418710072973,0.2220976971660833,0.8827910882738245,-0.0206343741730939,0.2395318574063758,1,RFG2c_curve-topo_ctr-area_savi_raw100nc_pg-all_unified_woody,kfold5_block20_unified,RF,curve+topo_ctr+area,,savi,none,RF
pd_inext_q2,877,0.0185788640973944,0.9205359810053068,0.2403357533086219,0.7261351558476454,-0.0774168849505519,0.2260837767007239,1,RFG2c_curve-topo_ctr-area_savi_raw100nc_pg-all_unified_woody,kfold5_block20_unified,RF,curve+topo_ctr+area,,savi,none,RF
td_inext_q0,881,-0.0096978396116444,2.3323069856794474,0.2350649792978778,1.8450714737299063,0.2719167151423025,0.1625208118568979,1,RFG2c_curve-topo_ctr-area_savi_raw100nc_pg-all_unified_woody,kfold5_block20_unified,RF,curve+topo_ctr+area,,savi,none,RF
td_inext_q1,881,0.0216083856171904,1.6734743635099802,0.2045125481610477,1.277819496732954,0.0373674062530073,0.1688945109481593,1,RFG2c_curve-topo_ctr-area_savi_raw100nc_pg-all_unified_woody,kfold5_block20_unified,RF,curve+topo_ctr+area,,savi,none,RF
td_inext_q2,881,0.0161612411955242,1.4962847104618104,0.2010609163776701,1.160118181108445,0.0719105235090606,0.1729848333945762,1,RFG2c_curve-topo_ctr-area_savi_raw100nc_pg-all_unified_woody,kfold5_block20_unified,RF,curve+topo_ctr+area,,savi,none,RF
lcbd_count_sorensen,2499,0.4333115610089628,1.595437583368743e-05,0.194548816805973,1.266644455126813e-05,-1.2626753143615238e-06,0.5856405052230649,2,RFG2c_curve-topo_ctr-area_savi_raw100nc_pg-all_unified_woody,kfold5_block20_unified,RF,curve+topo_ctr+area,,savi,none,RF
pd_inext_q0,877,0.0743403126157005,1.4806985520135625,0.2139165579702848,1.1476722361580514,-0.0424409842154147,0.2710917512397219,2,RFG2c_curve-topo_ctr-area_savi_raw100nc_pg-all_unified_woody,kfold5_block20_unified,RF,curve+topo_ctr+area,,savi,none,RF
pd_inext_q1,877,0.0526200870967785,1.1102700787526494,0.2214053670266957,0.8687316660728721,-0.0871135983680668,0.2532490963088483,2,RFG2c_curve-topo_ctr-area_savi_raw100nc_pg-all_unified_woody,kfold5_block20_unified,RF,curve+topo_ctr+area,,savi,none,RF
pd_inext_q2,877,0.0404430472064111,0.910224337373704,0.2376435645281847,0.7159115137594309,-0.0753026526892516,0.24023977753242,2,RFG2c_curve-topo_ctr-area_savi_raw100nc_pg-all_unified_woody,kfold5_block20_unified,RF,curve+topo_ctr+area,,savi,none,RF
td_inext_q0,881,-0.018976602579865,2.3429990124878666,0.2361425908969535,1.8090066184057003,-0.0387868299707228,0.1322965722946613,2,RFG2c_curve-topo_ctr-area_savi_raw100nc_pg-all_unified_woody,kfold5_block20_unified,RF,curve+topo_ctr+area,,savi,none,RF
td_inext_q1,881,-0.0008572629509777,1.6925783259952225,0.2068472119796408,1.3059606936789676,0.1637785691130787,0.1563087298843453,2,RFG2c_curve-topo_ctr-area_savi_raw100nc_pg-all_unified_woody,kfold5_block20_unified,RF,curve+topo_ctr+area,,savi,none,RF
td_inext_q2,881,0.0087373798854362,1.501919441584586,0.2018180745542964,1.1561164981583931,0.0277961213754538,0.1632546540149399,2,RFG2c_curve-topo_ctr-area_savi_raw100nc_pg-all_unified_woody,kfold5_block20_unified,RF,curve+topo_ctr+area,,savi,none,RF
lcbd_count_sorensen,2499,0.450818238551834,1.570600368172843e-05,0.1915201487593579,1.2444064153594116e-05,-1.3261934065216329e-06,0.6146395962369541,0,RFG7c_lspu-topo_ctr-area_savi_raw100nc_pg-all_unified_woody_lspunc,kfold5_block20_unified,RF,lspu+topo_ctr+area,,savi,none,RF
pd_inext_q0,877,0.0616575897590744,1.4908077754558888,0.2153770377415348,1.1543716310003749,-0.0836369277627461,0.2555425458106971,0,RFG7c_lspu-topo_ctr-area_savi_raw100nc_pg-all_unified_woody_lspunc,kfold5_block20_unified,RF,lspu+topo_ctr+area,,savi,none,RF
pd_inext_q1,877,0.0880766021189389,1.0892955495089678,0.2172227150447322,0.8698879407494672,0.052835337289962,0.2821007308473627,0,RFG7c_lspu-topo_ctr-area_savi_raw100nc_pg-all_unified_woody_lspunc,kfold5_block20_unified,RF,lspu+topo_ctr+area,,savi,none,RF
pd_inext_q2,877,0.0823591515544089,0.8901217928128264,0.2323951437275307,0.7144255519726977,0.0007491916971194,0.2915140270879407,0,RFG7c_lspu-topo_ctr-area_savi_raw100nc_pg-all_unified_woody_lspunc,kfold5_block20_unified,RF,lspu+topo_ctr+area,,savi,none,RF
td_inext_q0,881,0.0117711623183107,2.307378072070702,0.2325524821877895,1.785459927057044,-0.0278446373545724,0.176236595399533,0,RFG7c_lspu-topo_ctr-area_savi_raw100nc_pg-all_unified_woody_lspunc,kfold5_block20_unified,RF,lspu+topo_ctr+area,,savi,none,RF
td_inext_q1,881,0.0556649715258515,1.6440906233125248,0.2009216096242423,1.2375944824674905,0.021018491200452,0.2262061517933722,0,RFG7c_lspu-topo_ctr-area_savi_raw100nc_pg-all_unified_woody_lspunc,kfold5_block20_unified,RF,lspu+topo_ctr+area,,savi,none,RF
td_inext_q2,881,0.0594938397625093,1.462962171574678,0.1965832523623708,1.1215055322813374,0.0474624457753709,0.2319338502830709,0,RFG7c_lspu-topo_ctr-area_savi_raw100nc_pg-all_unified_woody_lspunc,kfold5_block20_unified,RF,lspu+topo_ctr+area,,savi,none,RF
lcbd_count_sorensen,2499,0.4450860960132348,1.578775744183127e-05,0.1925170600433371,1.2585853604270698e-05,6.297672623609351e-08,0.6035376038349988,1,RFG7c_lspu-topo_ctr-area_savi_raw100nc_pg-all_unified_woody_lspunc,kfold5_block20_unified,RF,lspu+topo_ctr+area,,savi,none,RF
pd_inext_q0,877,0.0662894294463326,1.4871237657751442,0.2148448087680125,1.1597001343936275,-0.0064445871550063,0.2667390002195086,1,RFG7c_lspu-topo_ctr-area_savi_raw100nc_pg-all_unified_woody_lspunc,kfold5_block20_unified,RF,lspu+topo_ctr+area,,savi,none,RF
pd_inext_q1,877,0.0816417642637697,1.0931320112378886,0.217987766029561,0.8648011553510615,-0.0136257165306845,0.2773551175437836,1,RFG7c_lspu-topo_ctr-area_savi_raw100nc_pg-all_unified_woody_lspunc,kfold5_block20_unified,RF,lspu+topo_ctr+area,,savi,none,RF
pd_inext_q2,877,0.0342857970691217,0.9131400147528028,0.2384047966079404,0.7175681299514091,-0.0778692748769051,0.2448142304531965,1,RFG7c_lspu-topo_ctr-area_savi_raw100nc_pg-all_unified_woody_lspunc,kfold5_block20_unified,RF,lspu+topo_ctr+area,,savi,none,RF
td_inext_q0,881,0.0039197905320803,2.316525873701304,0.2334744567880979,1.832833152282179,0.2510701114613096,0.1843744115549262,1,RFG7c_lspu-topo_ctr-area_savi_raw100nc_pg-all_unified_woody_lspunc,kfold5_block20_unified,RF,lspu+topo_ctr+area,,savi,none,RF
td_inext_q1,881,0.0638899531519038,1.6369151037382246,0.2000447011848195,1.232692803866921,-0.0036390275783077,0.2250851171605357,1,RFG7c_lspu-topo_ctr-area_savi_raw100nc_pg-all_unified_woody_lspunc,kfold5_block20_unified,RF,lspu+topo_ctr+area,,savi,none,RF
td_inext_q2,881,0.0525043590315579,1.4683881958231924,0.1973123658793813,1.1316358931279051,0.0714103161751833,0.2183567300995292,1,RFG7c_lspu-topo_ctr-area_savi_raw100nc_pg-all_unified_woody_lspunc,kfold5_block20_unified,RF,lspu+topo_ctr+area,,savi,none,RF
lcbd_count_sorensen,2499,0.4504650168733145,1.571105374859107e-05,0.1915817296411899,1.2454506888719246e-05,-1.076767612155515e-06,0.610813001698467,2,RFG7c_lspu-topo_ctr-area_savi_raw100nc_pg-all_unified_woody_lspunc,kfold5_block20_unified,RF,lspu+topo_ctr+area,,savi,none,RF
pd_inext_q0,877,0.0644850806994141,1.488559968228126,0.2150522969734089,1.1541567931364132,-0.0302254465262488,0.2630824901112463,2,RFG7c_lspu-topo_ctr-area_savi_raw100nc_pg-all_unified_woody_lspunc,kfold5_block20_unified,RF,lspu+topo_ctr+area,,savi,none,RF
pd_inext_q1,877,0.0734778377916955,1.0979800668327826,0.2189545447880764,0.8585760878133907,-0.08557282998166,0.2743512626102581,2,RFG7c_lspu-topo_ctr-area_savi_raw100nc_pg-all_unified_woody_lspunc,kfold5_block20_unified,RF,lspu+topo_ctr+area,,savi,none,RF
pd_inext_q2,877,0.0684622063549519,0.8968365613052015,0.2341482516746482,0.705133713230124,-0.0676613329994748,0.2776566362786271,2,RFG7c_lspu-topo_ctr-area_savi_raw100nc_pg-all_unified_woody_lspunc,kfold5_block20_unified,RF,lspu+topo_ctr+area,,savi,none,RF
td_inext_q0,881,-0.0212623032794962,2.345625370451208,0.2364072922351874,1.81446725666472,-0.086077416642779,0.1542517013628621,2,RFG7c_lspu-topo_ctr-area_savi_raw100nc_pg-all_unified_woody_lspunc,kfold5_block20_unified,RF,lspu+topo_ctr+area,,savi,none,RF
td_inext_q1,881,0.0397277405111611,1.6579059657176534,0.2026099598855897,1.2675488518556437,0.1498757862848229,0.2064848747324091,2,RFG7c_lspu-topo_ctr-area_savi_raw100nc_pg-all_unified_woody_lspunc,kfold5_block20_unified,RF,lspu+topo_ctr+area,,savi,none,RF
td_inext_q2,881,0.0425316268150048,1.4760956248453447,0.1983480395925956,1.131260285583096,0.0273474155526031,0.2007076373643854,2,RFG7c_lspu-topo_ctr-area_savi_raw100nc_pg-all_unified_woody_lspunc,kfold5_block20_unified,RF,lspu+topo_ctr+area,,savi,none,RF
hill_q0_unified,3102,0.3473919967337865,2.4530372790680106,0.1752169485048579,1.7411596661905575,-0.0863817230176143,0.6296819176793524,0,RFG2c_curve-topo_ctr-area_savi_raw100nc_unified-all_unified_woody,kfold5_block20_unified,RF,curve+topo_ctr+area,,savi,none,RF
lcbd_pa_unified,3094,0.3773649288617824,1.1783509793274315e-05,0.2030932562533463,9.386229530282443e-06,-1.0013430442561132e-08,0.5471373978522674,0,RFG2c_curve-topo_ctr-area_savi_raw100nc_unified-all_unified_woody,kfold5_block20_unified,RF,curve+topo_ctr+area,,savi,none,RF
pcoa1_pa_unified,3094,0.4358174321861142,0.2204037802323445,0.1718983783785157,0.1281769352981691,-0.0208662746798601,0.7137913555236557,0,RFG2c_curve-topo_ctr-area_savi_raw100nc_unified-all_unified_woody,kfold5_block20_unified,RF,curve+topo_ctr+area,,savi,none,RF
pcoa2_pa_unified,3094,0.5829180392582387,0.1744083097163413,0.1666497546687322,0.1346161529869093,0.0023701868895009,0.7761647027930126,0,RFG2c_curve-topo_ctr-area_savi_raw100nc_unified-all_unified_woody,kfold5_block20_unified,RF,curve+topo_ctr+area,,savi,none,RF
lcbd_freq_unified,3040,0.3566992250682875,2.0126846293548346e-05,0.2020114123056593,1.6033123972307616e-05,-2.470924252572517e-06,0.5476973478809397,0,RFG2c_curve-topo_ctr-area_savi_raw100nc_unified-all_unified_woody,kfold5_block20_unified,RF,curve+topo_ctr+area,,savi,none,RF
pcoa1_freq_unified,3040,0.234839850507144,0.4374703134186505,0.2110818115826706,0.2161987969469143,-0.0504218009279158,0.5450500582984436,0,RFG2c_curve-topo_ctr-area_savi_raw100nc_unified-all_unified_woody,kfold5_block20_unified,RF,curve+topo_ctr+area,,savi,none,RF
pcoa2_freq_unified,3040,0.3808789115946375,0.3720501341890766,0.1766988923118414,0.2499188891418861,0.007511019339466,0.7407591121914778,0,RFG2c_curve-topo_ctr-area_savi_raw100nc_unified-all_unified_woody,kfold5_block20_unified,RF,curve+topo_ctr+area,,savi,none,RF
mpd_unified,2535,0.1358996373446453,108.56897686868469,0.1697413873096113,75.33209234849309,8.082017038895197,0.3434581768523427,0,RFG2c_curve-topo_ctr-area_savi_raw100nc_unified-all_unified_woody,kfold5_block20_unified,RF,curve+topo_ctr+area,,savi,none,RF
mntd_unified,2535,0.0397540015821713,99.79697576710244,0.1560268651743891,65.58129087204122,-5.425001042266446,0.1662642332214306,0,RFG2c_curve-topo_ctr-area_savi_raw100nc_unified-all_unified_woody,kfold5_block20_unified,RF,curve+topo_ctr+area,,savi,none,RF
ses_pd_unified,2535,0.1059499223362557,1.1375792741018136,0.2082714760797335,0.8323622086237077,-0.0662257730475909,0.3025752049598705,0,RFG2c_curve-topo_ctr-area_savi_raw100nc_unified-all_unified_woody,kfold5_block20_unified,RF,curve+topo_ctr+area,,savi,none,RF
ses_mpd_unified,2535,0.1388256152742848,1.1794561389123184,0.2144754581144481,0.875410142179787,-0.0374710226713747,0.3206694281567898,0,RFG2c_curve-topo_ctr-area_savi_raw100nc_unified-all_unified_woody,kfold5_block20_unified,RF,curve+topo_ctr+area,,savi,none,RF
ses_mntd_unified,2535,0.0504892349164697,1.1919183802393216,0.1963726272130319,0.889853592781293,-0.0750004873630125,0.2005914906726045,0,RFG2c_curve-topo_ctr-area_savi_raw100nc_unified-all_unified_woody,kfold5_block20_unified,RF,curve+topo_ctr+area,,savi,none,RF
dark_n_unified,3094,0.5232798108663859,19.171509427512177,0.1791729853038521,15.368970083980244,-0.7905275992309617,0.7188848935764073,0,RFG2c_curve-topo_ctr-area_savi_raw100nc_unified-all_unified_woody,kfold5_block20_unified,RF,curve+topo_ctr+area,,savi,none,RF
hill_q0_unified,3102,0.3432263103168117,2.460853862073262,0.1757752758623758,1.7376611353398776,-0.1674702481997252,0.6259763727592077,1,RFG2c_curve-topo_ctr-area_savi_raw100nc_unified-all_unified_woody,kfold5_block20_unified,RF,curve+topo_ctr+area,,savi,none,RF
lcbd_pa_unified,3094,0.3691685138254199,1.186081571566805e-05,0.2044256531182917,9.426385309003424e-06,-1.2237853960707838e-06,0.5424018489395985,1,RFG2c_curve-topo_ctr-area_savi_raw100nc_unified-all_unified_woody,kfold5_block20_unified,RF,curve+topo_ctr+area,,savi,none,RF
pcoa1_pa_unified,3094,0.4311477369243456,0.2213140330696123,0.1726083071577581,0.1270473060164646,-0.0256785765971226,0.7106209758782384,1,RFG2c_curve-topo_ctr-area_savi_raw100nc_unified-all_unified_woody,kfold5_block20_unified,RF,curve+topo_ctr+area,,savi,none,RF
pcoa2_pa_unified,3094,0.5791323551327305,0.175198038566017,0.1674043524242367,0.1367104965202958,-0.0056344774824188,0.7741850506811048,1,RFG2c_curve-topo_ctr-area_savi_raw100nc_unified-all_unified_woody,kfold5_block20_unified,RF,curve+topo_ctr+area,,savi,none,RF
lcbd_freq_unified,3040,0.3596990019195448,2.007986469531928e-05,0.2015398620750764,1.6080304862251134e-05,-9.537362804848514e-09,0.5398957312538607,1,RFG2c_curve-topo_ctr-area_savi_raw100nc_unified-all_unified_woody,kfold5_block20_unified,RF,curve+topo_ctr+area,,savi,none,RF
pcoa1_freq_unified,3040,0.2279372904505581,0.4394391074738727,0.2120317654493956,0.21028365356362,-0.0633351102693251,0.5552078665632256,1,RFG2c_curve-topo_ctr-area_savi_raw100nc_unified-all_unified_woody,kfold5_block20_unified,RF,curve+topo_ctr+area,,savi,none,RF
pcoa2_freq_unified,3040,0.3783369686187257,0.3728131202210638,0.1770612595691343,0.2458050874054209,0.0222622933166012,0.7402073345941926,1,RFG2c_curve-topo_ctr-area_savi_raw100nc_unified-all_unified_woody,kfold5_block20_unified,RF,curve+topo_ctr+area,,savi,none,RF
mpd_unified,2535,0.1141699594696524,109.92560220830585,0.1718623934556413,73.9942650093252,-2.803887257140479,0.3179926914660261,1,RFG2c_curve-topo_ctr-area_savi_raw100nc_unified-all_unified_woody,kfold5_block20_unified,RF,curve+topo_ctr+area,,savi,none,RF
mntd_unified,2535,0.0418227453571126,99.68941703296866,0.1558587032438294,65.56821583548526,-4.03923937963611,0.171177480109774,1,RFG2c_curve-topo_ctr-area_savi_raw100nc_unified-all_unified_woody,kfold5_block20_unified,RF,curve+topo_ctr+area,,savi,none,RF
ses_pd_unified,2535,0.1059545838229087,1.1375763084863255,0.2082709331258231,0.8586026426445554,0.0546497441034339,0.3099472749022109,1,RFG2c_curve-topo_ctr-area_savi_raw100nc_unified-all_unified_woody,kfold5_block20_unified,RF,curve+topo_ctr+area,,savi,none,RF
ses_mpd_unified,2535,0.1439605427929137,1.1759345078286514,0.2138350753015051,0.8681560596835544,-0.0488734141230338,0.3310962780719067,1,RFG2c_curve-topo_ctr-area_savi_raw100nc_unified-all_unified_woody,kfold5_block20_unified,RF,curve+topo_ctr+area,,savi,none,RF
ses_mntd_unified,2535,0.0534526830718565,1.1900569223297697,0.1960659456598271,0.8865443339951958,-0.0815957021054802,0.2065380201506838,1,RFG2c_curve-topo_ctr-area_savi_raw100nc_unified-all_unified_woody,kfold5_block20_unified,RF,curve+topo_ctr+area,,savi,none,RF
dark_n_unified,3094,0.5239804987309722,19.15741501320345,0.1790412618056397,15.338071317304856,-1.0618704389422478,0.7208219604166974,1,RFG2c_curve-topo_ctr-area_savi_raw100nc_unified-all_unified_woody,kfold5_block20_unified,RF,curve+topo_ctr+area,,savi,none,RF
hill_q0_unified,3102,0.3421685162165692,2.46283477989751,0.1759167699926793,1.7588447147902988,-0.0594226083965914,0.6178657018695687,2,RFG2c_curve-topo_ctr-area_savi_raw100nc_unified-all_unified_woody,kfold5_block20_unified,RF,curve+topo_ctr+area,,savi,none,RF
lcbd_pa_unified,3094,0.3735082926376385,1.1819947313546676e-05,0.203721270722018,9.39775507000178e-06,-3.764785192770543e-07,0.5452707948232635,2,RFG2c_curve-topo_ctr-area_savi_raw100nc_unified-all_unified_woody,kfold5_block20_unified,RF,curve+topo_ctr+area,,savi,none,RF
pcoa1_pa_unified,3094,0.4222039984438517,0.2230470447708803,0.1739599259949892,0.1255149481750897,-0.0336650034407274,0.7101657720795251,2,RFG2c_curve-topo_ctr-area_savi_raw100nc_unified-all_unified_woody,kfold5_block20_unified,RF,curve+topo_ctr+area,,savi,none,RF
pcoa2_pa_unified,3094,0.5804277748773918,0.174928203249798,0.16714652073421,0.1343236774381424,0.009612093698089,0.7751260221190288,2,RFG2c_curve-topo_ctr-area_savi_raw100nc_unified-all_unified_woody,kfold5_block20_unified,RF,curve+topo_ctr+area,,savi,none,RF
lcbd_freq_unified,3040,0.3577694035160074,2.011009807600796e-05,0.2018433118973992,1.6029574346428515e-05,-1.3643198674852889e-06,0.536275828114932,2,RFG2c_curve-topo_ctr-area_savi_raw100nc_unified-all_unified_woody,kfold5_block20_unified,RF,curve+topo_ctr+area,,savi,none,RF
pcoa1_freq_unified,3040,0.2094387343148047,0.4446724072892688,0.214556861145505,0.2068814970272622,-0.0769751000588528,0.5519660662348373,2,RFG2c_curve-topo_ctr-area_savi_raw100nc_unified-all_unified_woody,kfold5_block20_unified,RF,curve+topo_ctr+area,,savi,none,RF
pcoa2_freq_unified,3040,0.3778362338640877,0.3729632360396982,0.1771325545276188,0.2455910026230934,0.0234945796674134,0.743640485177408,2,RFG2c_curve-topo_ctr-area_savi_raw100nc_unified-all_unified_woody,kfold5_block20_unified,RF,curve+topo_ctr+area,,savi,none,RF
mpd_unified,2535,0.12660520802945,109.15130951100508,0.170651831097828,72.76700515354581,-5.118188505024563,0.3322621960806778,2,RFG2c_curve-topo_ctr-area_savi_raw100nc_unified-all_unified_woody,kfold5_block20_unified,RF,curve+topo_ctr+area,,savi,none,RF
mntd_unified,2535,0.033706232475608,100.1107504346658,0.156517433925343,65.73544783326822,-5.969468695556222,0.1598832662900869,2,RFG2c_curve-topo_ctr-area_savi_raw100nc_unified-all_unified_woody,kfold5_block20_unified,RF,curve+topo_ctr+area,,savi,none,RF
ses_pd_unified,2535,0.1067057547391016,1.1370983161007409,0.2081834208249514,0.8525349482317333,0.0260555905487125,0.3023578016608311,2,RFG2c_curve-topo_ctr-area_savi_raw100nc_unified-all_unified_woody,kfold5_block20_unified,RF,curve+topo_ctr+area,,savi,none,RF
ses_mpd_unified,2535,0.136693801395781,1.1809150924431675,0.2147407581256763,0.8733633070741867,-0.0520401099974827,0.3185629024698466,2,RFG2c_curve-topo_ctr-area_savi_raw100nc_unified-all_unified_woody,kfold5_block20_unified,RF,curve+topo_ctr+area,,savi,none,RF
ses_mntd_unified,2535,0.0409399794884622,1.1978969638325392,0.1973576192952726,0.8958758297814069,-0.0137748772788417,0.1864898603797775,2,RFG2c_curve-topo_ctr-area_savi_raw100nc_unified-all_unified_woody,kfold5_block20_unified,RF,curve+topo_ctr+area,,savi,none,RF
dark_n_unified,3094,0.5262785307096829,19.111116895322528,0.1786085691151638,15.323226101358213,-0.1346255795400706,0.7214491645367846,2,RFG2c_curve-topo_ctr-area_savi_raw100nc_unified-all_unified_woody,kfold5_block20_unified,RF,curve+topo_ctr+area,,savi,none,RF
hill_q0_unified,3102,0.291490392986317,2.555940986360222,0.1825672133114444,1.8089795389352905,-0.054412914422521,0.5935038401647368,0,RFG7c_lspu-topo_ctr-area_savi_raw100nc_unified-all_unified_woody_lspunc,kfold5_block20_unified,RF,lspu+topo_ctr+area,,savi,none,RF
lcbd_pa_unified,3094,0.3784995409187308,1.1772768502522936e-05,0.202908126037194,9.390154099056223e-06,1.6617095438923277e-07,0.5585438540069572,0,RFG7c_lspu-topo_ctr-area_savi_raw100nc_unified-all_unified_woody_lspunc,kfold5_block20_unified,RF,lspu+topo_ctr+area,,savi,none,RF
pcoa1_pa_unified,3094,0.4987351440977857,0.2077508626989537,0.1620300539629629,0.121092495252809,-0.0211246640711873,0.7191187508294259,0,RFG7c_lspu-topo_ctr-area_savi_raw100nc_unified-all_unified_woody_lspunc,kfold5_block20_unified,RF,lspu+topo_ctr+area,,savi,none,RF
pcoa2_pa_unified,3094,0.5914043060738428,0.1726248692218638,0.164945650538864,0.1323652420263295,0.0061842105638766,0.7829869580694525,0,RFG7c_lspu-topo_ctr-area_savi_raw100nc_unified-all_unified_woody_lspunc,kfold5_block20_unified,RF,lspu+topo_ctr+area,,savi,none,RF
lcbd_freq_unified,3040,0.3473619160616148,2.027238750592954e-05,0.2034721968435344,1.615110093687841e-05,-2.294586886815317e-06,0.553570626932405,0,RFG7c_lspu-topo_ctr-area_savi_raw100nc_unified-all_unified_woody_lspunc,kfold5_block20_unified,RF,lspu+topo_ctr+area,,savi,none,RF
pcoa1_freq_unified,3040,0.29373985279533,0.4202955249435236,0.2027948824958741,0.1983373497349023,-0.0665934106600985,0.5754821270354871,0,RFG7c_lspu-topo_ctr-area_savi_raw100nc_unified-all_unified_woody_lspunc,kfold5_block20_unified,RF,lspu+topo_ctr+area,,savi,none,RF
pcoa2_freq_unified,3040,0.3870178154550125,0.3702010048334319,0.1758206797300992,0.249057251377477,0.0103650567586951,0.7362311141088835,0,RFG7c_lspu-topo_ctr-area_savi_raw100nc_unified-all_unified_woody_lspunc,kfold5_block20_unified,RF,lspu+topo_ctr+area,,savi,none,RF
mpd_unified,2535,0.1460317511407657,107.93058058711073,0.1687432912271666,74.75402044859017,6.09962148163195,0.381235516126835,0,RFG7c_lspu-topo_ctr-area_savi_raw100nc_unified-all_unified_woody_lspunc,kfold5_block20_unified,RF,lspu+topo_ctr+area,,savi,none,RF
mntd_unified,2535,0.0317494780365815,100.2120618015004,0.1566758284543578,65.2017042230646,-6.564876244752889,0.1872263300393516,0,RFG7c_lspu-topo_ctr-area_savi_raw100nc_unified-all_unified_woody_lspunc,kfold5_block20_unified,RF,lspu+topo_ctr+area,,savi,none,RF
ses_pd_unified,2535,0.1056456232156132,1.1377728510228835,0.2083069167316547,0.8334457637875816,-0.067314181170547,0.3129411028372506,0,RFG7c_lspu-topo_ctr-area_savi_raw100nc_unified-all_unified_woody_lspunc,kfold5_block20_unified,RF,lspu+topo_ctr+area,,savi,none,RF
ses_mpd_unified,2535,0.1392960697051871,1.1791339299735049,0.2144168667794415,0.8797746181393633,-0.0411436830718809,0.3406332865771209,0,RFG7c_lspu-topo_ctr-area_savi_raw100nc_unified-all_unified_woody_lspunc,kfold5_block20_unified,RF,lspu+topo_ctr+area,,savi,none,RF
ses_mntd_unified,2535,0.0440749519792343,1.1959375202821445,0.1970347942728164,0.888959649143281,-0.0890126378419606,0.1857005769963717,0,RFG7c_lspu-topo_ctr-area_savi_raw100nc_unified-all_unified_woody_lspunc,kfold5_block20_unified,RF,lspu+topo_ctr+area,,savi,none,RF
dark_n_unified,3094,0.5278830573361052,19.07872412078505,0.1783058329045332,15.362331127905472,-0.5190912499207488,0.7190068305680085,0,RFG7c_lspu-topo_ctr-area_savi_raw100nc_unified-all_unified_woody_lspunc,kfold5_block20_unified,RF,lspu+topo_ctr+area,,savi,none,RF
hill_q0_unified,3102,0.2874320236535793,2.56325079602224,0.1830893425730171,1.7972886278730853,-0.1893195841638901,0.5891390370859423,1,RFG7c_lspu-topo_ctr-area_savi_raw100nc_unified-all_unified_woody_lspunc,kfold5_block20_unified,RF,lspu+topo_ctr+area,,savi,none,RF
lcbd_pa_unified,3094,0.3720140859155031,1.1834034432544171e-05,0.2039640675557817,9.397026376574132e-06,-1.266867054834606e-06,0.5581176860874282,1,RFG7c_lspu-topo_ctr-area_savi_raw100nc_unified-all_unified_woody_lspunc,kfold5_block20_unified,RF,lspu+topo_ctr+area,,savi,none,RF
pcoa1_pa_unified,3094,0.4938380727263348,0.2087631998607211,0.1628196008405014,0.1203640458780699,-0.024957694290076,0.7161767783274969,1,RFG7c_lspu-topo_ctr-area_savi_raw100nc_unified-all_unified_woody_lspunc,kfold5_block20_unified,RF,lspu+topo_ctr+area,,savi,none,RF
pcoa2_pa_unified,3094,0.5914591386056516,0.1726132859179341,0.164934582518302,0.1341170803246309,-0.0045332324266727,0.7824210332951861,1,RFG7c_lspu-topo_ctr-area_savi_raw100nc_unified-all_unified_woody_lspunc,kfold5_block20_unified,RF,lspu+topo_ctr+area,,savi,none,RF
lcbd_freq_unified,3040,0.3527048782062514,2.018923483755341e-05,0.2026376007160214,1.6181615357938958e-05,-4.577148780338561e-07,0.5530560709366481,1,RFG7c_lspu-topo_ctr-area_savi_raw100nc_unified-all_unified_woody_lspunc,kfold5_block20_unified,RF,lspu+topo_ctr+area,,savi,none,RF
pcoa1_freq_unified,3040,0.2851259719764557,0.4228508180841085,0.2040278253692418,0.1981867000267468,-0.0708966450131154,0.5807592918024692,1,RFG7c_lspu-topo_ctr-area_savi_raw100nc_unified-all_unified_woody_lspunc,kfold5_block20_unified,RF,lspu+topo_ctr+area,,savi,none,RF
pcoa2_freq_unified,3040,0.3774849969710246,0.3730684976863128,0.1771825467589085,0.244929712077716,0.0289848962652555,0.7302779621326251,1,RFG7c_lspu-topo_ctr-area_savi_raw100nc_unified-all_unified_woody_lspunc,kfold5_block20_unified,RF,lspu+topo_ctr+area,,savi,none,RF
mpd_unified,2535,0.118386375224022,109.66367561172288,0.1714528861989684,73.466803466433,-5.384057797869323,0.3469861319728702,1,RFG7c_lspu-topo_ctr-area_savi_raw100nc_unified-all_unified_woody_lspunc,kfold5_block20_unified,RF,lspu+topo_ctr+area,,savi,none,RF
mntd_unified,2535,0.0299653269727042,100.30434740568175,0.1568201117195616,65.32759569558266,-3.853914080354433,0.1746573604569704,1,RFG7c_lspu-topo_ctr-area_savi_raw100nc_unified-all_unified_woody_lspunc,kfold5_block20_unified,RF,lspu+topo_ctr+area,,savi,none,RF
ses_pd_unified,2535,0.1022030559587739,1.139960517168988,0.2087074413085274,0.8652316661960753,0.0495470088876556,0.3188485688541793,1,RFG7c_lspu-topo_ctr-area_savi_raw100nc_unified-all_unified_woody_lspunc,kfold5_block20_unified,RF,lspu+topo_ctr+area,,savi,none,RF
ses_mpd_unified,2535,0.1406163951513244,1.178229183296632,0.2142523452244656,0.8718558570253823,-0.0611611080345466,0.3458125229032482,1,RFG7c_lspu-topo_ctr-area_savi_raw100nc_unified-all_unified_woody_lspunc,kfold5_block20_unified,RF,lspu+topo_ctr+area,,savi,none,RF
ses_mntd_unified,2535,0.0326882086706811,1.2030392905841667,0.1982048352044711,0.8927003474411694,-0.0847264107253079,0.1692684609785898,1,RFG7c_lspu-topo_ctr-area_savi_raw100nc_unified-all_unified_woody_lspunc,kfold5_block20_unified,RF,lspu+topo_ctr+area,,savi,none,RF
dark_n_unified,3094,0.5260700972008949,19.115320799241296,0.1786478579368345,15.370489809442084,-0.9752263729428834,0.7189873215086215,1,RFG7c_lspu-topo_ctr-area_savi_raw100nc_unified-all_unified_woody_lspunc,kfold5_block20_unified,RF,lspu+topo_ctr+area,,savi,none,RF
hill_q0_unified,3102,0.2854020900182786,2.566899239934379,0.1833499457095984,1.8335365125345475,-0.025397811197215,0.580617913353674,2,RFG7c_lspu-topo_ctr-area_savi_raw100nc_unified-all_unified_woody_lspunc,kfold5_block20_unified,RF,lspu+topo_ctr+area,,savi,none,RF
lcbd_pa_unified,3094,0.3733991720564853,1.182097665148233e-05,0.2037390117513721,9.400071619655905e-06,-2.1049744248556285e-07,0.5592212276800613,2,RFG7c_lspu-topo_ctr-area_savi_raw100nc_unified-all_unified_woody_lspunc,kfold5_block20_unified,RF,lspu+topo_ctr+area,,savi,none,RF
pcoa1_pa_unified,3094,0.4839795641693065,0.2107864346567739,0.1643975718723677,0.1191126494250039,-0.0341683987549666,0.7190371067723879,2,RFG7c_lspu-topo_ctr-area_savi_raw100nc_unified-all_unified_woody_lspunc,kfold5_block20_unified,RF,lspu+topo_ctr+area,,savi,none,RF
pcoa2_pa_unified,3094,0.5889711476413333,0.1731380907444765,0.1654360413979534,0.1320441315551627,0.012305893289686,0.7824402374057848,2,RFG7c_lspu-topo_ctr-area_savi_raw100nc_unified-all_unified_woody_lspunc,kfold5_block20_unified,RF,lspu+topo_ctr+area,,savi,none,RF
lcbd_freq_unified,3040,0.3526473962896943,2.0190131252581088e-05,0.2026465979559819,1.6127086406432925e-05,-1.1053613509394811e-06,0.5490459092213379,2,RFG7c_lspu-topo_ctr-area_savi_raw100nc_unified-all_unified_woody_lspunc,kfold5_block20_unified,RF,lspu+topo_ctr+area,,savi,none,RF
pcoa1_freq_unified,3040,0.27657638303638,0.4253718606929754,0.2052442421743004,0.1974349708303346,-0.0754752142527669,0.5807431550253929,2,RFG7c_lspu-topo_ctr-area_savi_raw100nc_unified-all_unified_woody_lspunc,kfold5_block20_unified,RF,lspu+topo_ctr+area,,savi,none,RF
pcoa2_freq_unified,3040,0.3763714413681374,0.3734020212947942,0.1773409481321722,0.2447627501140369,0.0287840257274081,0.7321972075188433,2,RFG7c_lspu-topo_ctr-area_savi_raw100nc_unified-all_unified_woody_lspunc,kfold5_block20_unified,RF,lspu+topo_ctr+area,,savi,none,RF
mpd_unified,2535,0.1314530089997919,108.84796437396348,0.1701775683214795,72.84566938654179,-3.850095987515143,0.3604742220950008,2,RFG7c_lspu-topo_ctr-area_savi_raw100nc_unified-all_unified_woody_lspunc,kfold5_block20_unified,RF,lspu+topo_ctr+area,,savi,none,RF
mntd_unified,2535,0.0201269103284071,100.81172430280772,0.1576133664861712,65.74030399282148,-6.867772722367065,0.1645085269595136,2,RFG7c_lspu-topo_ctr-area_savi_raw100nc_unified-all_unified_woody_lspunc,kfold5_block20_unified,RF,lspu+topo_ctr+area,,savi,none,RF
ses_pd_unified,2535,0.1045897762862571,1.1384442625197693,0.2084298407921547,0.8540056237122323,0.0054863174173714,0.3125845889031056,2,RFG7c_lspu-topo_ctr-area_savi_raw100nc_unified-all_unified_woody_lspunc,kfold5_block20_unified,RF,lspu+topo_ctr+area,,savi,none,RF
ses_mpd_unified,2535,0.1374846392945041,1.1803740756005254,0.2146423781763546,0.8709001070407688,-0.0677792682869908,0.3436349003174148,2,RFG7c_lspu-topo_ctr-area_savi_raw100nc_unified-all_unified_woody_lspunc,kfold5_block20_unified,RF,lspu+topo_ctr+area,,savi,none,RF
ses_mntd_unified,2535,0.0310201657969911,1.2040761107571574,0.1983756548719024,0.8954507424227715,-0.0248423310897828,0.1652644602621063,2,RFG7c_lspu-topo_ctr-area_savi_raw100nc_unified-all_unified_woody_lspunc,kfold5_block20_unified,RF,lspu+topo_ctr+area,,savi,none,RF
dark_n_unified,3094,0.5298785387152305,19.038361713576275,0.1779286141455726,15.376146547678944,0.4338242314685699,0.7204743138665283,2,RFG7c_lspu-topo_ctr-area_savi_raw100nc_unified-all_unified_woody_lspunc,kfold5_block20_unified,RF,lspu+topo_ctr+area,,savi,none,RF
lcbd_count_sorensen,2499,0.441639369227936,1.5836712648266027e-05,0.1931140233835302,1.2515378265262003e-05,-1.1576526329592776e-06,0.5980461310752516,0,RFG2c_curve-topo_ctr-area_savi_raw100tcfe_pg-all_unified_woody,kfold5_block20_unified,RF,curve+topo_ctr+area,,savi,none,RF
pd_inext_q0,877,0.0602647080131275,1.4919138476563232,0.2155368320208375,1.149418287880264,-0.0897845791018242,0.2657190382386102,0,RFG2c_curve-topo_ctr-area_savi_raw100tcfe_pg-all_unified_woody,kfold5_block20_unified,RF,curve+topo_ctr+area,,savi,none,RF
pd_inext_q1,877,0.0615080176307674,1.1050497564735156,0.2203643524192339,0.8805490263283732,0.056895630371497,0.2519381476082623,0,RFG2c_curve-topo_ctr-area_savi_raw100tcfe_pg-all_unified_woody,kfold5_block20_unified,RF,curve+topo_ctr+area,,savi,none,RF
pd_inext_q2,877,0.0650210348154544,0.8984915255955681,0.234580333741652,0.7191491489413172,0.0111926437428933,0.2687532008623843,0,RFG2c_curve-topo_ctr-area_savi_raw100tcfe_pg-all_unified_woody,kfold5_block20_unified,RF,curve+topo_ctr+area,,savi,none,RF
td_inext_q0,881,0.004708844032619,2.315608163980179,0.2333819640682621,1.776679149450492,-0.035509985064752,0.1437109502565754,0,RFG2c_curve-topo_ctr-area_savi_raw100tcfe_pg-all_unified_woody,kfold5_block20_unified,RF,curve+topo_ctr+area,,savi,none,RF
td_inext_q1,881,0.0316268281573819,1.6648843743985389,0.2034627797270862,1.26420584125461,0.0398331366087493,0.2082687728616685,0,RFG2c_curve-topo_ctr-area_savi_raw100tcfe_pg-all_unified_woody,kfold5_block20_unified,RF,curve+topo_ctr+area,,savi,none,RF
td_inext_q2,881,0.0424651106137995,1.4761468968095952,0.1983549291825544,1.1343752484258427,0.0708548507395538,0.2314264451955695,0,RFG2c_curve-topo_ctr-area_savi_raw100tcfe_pg-all_unified_woody,kfold5_block20_unified,RF,curve+topo_ctr+area,,savi,none,RF
lcbd_count_sorensen,2499,0.4358410240102385,1.591872914097567e-05,0.1941141384479845,1.264284223170946e-05,1.1817274409579901e-07,0.5876413787239806,1,RFG2c_curve-topo_ctr-area_savi_raw100tcfe_pg-all_unified_woody,kfold5_block20_unified,RF,curve+topo_ctr+area,,savi,none,RF
pd_inext_q0,877,0.0776973326287981,1.4780111444933313,0.2135283081365766,1.1488044717767238,-0.0122373633642204,0.2801414954522216,1,RFG2c_curve-topo_ctr-area_savi_raw100tcfe_pg-all_unified_woody,kfold5_block20_unified,RF,curve+topo_ctr+area,,savi,none,RF
pd_inext_q1,877,0.0559299122693525,1.108328927662685,0.2210182708797738,0.8754356274281404,-0.0145957886378194,0.2414555392848525,1,RFG2c_curve-topo_ctr-area_savi_raw100tcfe_pg-all_unified_woody,kfold5_block20_unified,RF,curve+topo_ctr+area,,savi,none,RF
pd_inext_q2,877,0.0236362736286631,0.9181610878865868,0.2397157104873824,0.7223171762951405,-0.0601359913285895,0.2203202563580829,1,RFG2c_curve-topo_ctr-area_savi_raw100tcfe_pg-all_unified_woody,kfold5_block20_unified,RF,curve+topo_ctr+area,,savi,none,RF
td_inext_q0,881,-0.0055373840785202,2.327496895207328,0.2345801872768479,1.831649332057356,0.2037064758622531,0.1285097463576666,1,RFG2c_curve-topo_ctr-area_savi_raw100tcfe_pg-all_unified_woody,kfold5_block20_unified,RF,curve+topo_ctr+area,,savi,none,RF
td_inext_q1,881,0.0447592358904364,1.653556833577141,0.2020784596034582,1.2503628779215512,0.0114786503377942,0.2188832492707995,1,RFG2c_curve-topo_ctr-area_savi_raw100tcfe_pg-all_unified_woody,kfold5_block20_unified,RF,curve+topo_ctr+area,,savi,none,RF
td_inext_q2,881,0.0436073057575189,1.4752662234596554,0.1982365900793541,1.1397486037303026,0.0671500750997398,0.2239751795053995,1,RFG2c_curve-topo_ctr-area_savi_raw100tcfe_pg-all_unified_woody,kfold5_block20_unified,RF,curve+topo_ctr+area,,savi,none,RF
lcbd_count_sorensen,2499,0.4384049905807234,1.5882514553894777e-05,0.1936725351448438,1.2538817466596833e-05,-1.2236899019974371e-06,0.5920985215922617,2,RFG2c_curve-topo_ctr-area_savi_raw100tcfe_pg-all_unified_woody,kfold5_block20_unified,RF,curve+topo_ctr+area,,savi,none,RF
pd_inext_q0,877,0.0718616642567265,1.4826796674727265,0.214202769771728,1.15110312697134,-0.0258282708075823,0.2809026709340986,2,RFG2c_curve-topo_ctr-area_savi_raw100tcfe_pg-all_unified_woody,kfold5_block20_unified,RF,curve+topo_ctr+area,,savi,none,RF
pd_inext_q1,877,0.05977070048077,1.106072106300282,0.2205682251011666,0.8639033525682901,-0.0829003891697467,0.2536263038336963,2,RFG2c_curve-topo_ctr-area_savi_raw100tcfe_pg-all_unified_woody,kfold5_block20_unified,RF,curve+topo_ctr+area,,savi,none,RF
pd_inext_q2,877,0.0545032375566753,0.9035310632508868,0.2358960683828938,0.7123051986243901,-0.0601028502317012,0.2499199903932432,2,RFG2c_curve-topo_ctr-area_savi_raw100tcfe_pg-all_unified_woody,kfold5_block20_unified,RF,curve+topo_ctr+area,,savi,none,RF
td_inext_q0,881,-0.0240199269922338,2.348790077269604,0.2367262518521322,1.7946119306949355,-0.0784947260414173,0.1003630207927223,2,RFG2c_curve-topo_ctr-area_savi_raw100tcfe_pg-all_unified_woody,kfold5_block20_unified,RF,curve+topo_ctr+area,,savi,none,RF
td_inext_q1,881,0.0218378431932257,1.6732781159737558,0.2044885650725829,1.280778899308513,0.1465588002211749,0.1951307664173163,2,RFG2c_curve-topo_ctr-area_savi_raw100tcfe_pg-all_unified_woody,kfold5_block20_unified,RF,curve+topo_ctr+area,,savi,none,RF
td_inext_q2,881,0.0308190662849012,1.4850966048266148,0.1995575321916162,1.141901465595454,0.037038884483691,0.2075738345498013,2,RFG2c_curve-topo_ctr-area_savi_raw100tcfe_pg-all_unified_woody,kfold5_block20_unified,RF,curve+topo_ctr+area,,savi,none,RF
lcbd_count_sorensen,2499,0.4523992388369008,1.5683379939459667e-05,0.1912442732042129,1.2385611009202934e-05,-1.118670903931554e-06,0.6142143044538462,0,RFG7c_lspu-topo_ctr-area_savi_raw100tcfe_pg-all_unified_woody_lsputcfe,kfold5_block20_unified,RF,lspu+topo_ctr+area,,savi,none,RF
pd_inext_q0,877,0.071481197744135,1.48298352959214,0.2142466687399508,1.151947256324652,-0.0761851049116962,0.2738899597607617,0,RFG7c_lspu-topo_ctr-area_savi_raw100tcfe_pg-all_unified_woody_lsputcfe,kfold5_block20_unified,RF,lspu+topo_ctr+area,,savi,none,RF
pd_inext_q1,877,0.0959763294000309,1.0845671617408834,0.2162797999385147,0.8646844793977019,0.0482132468665222,0.29237181261932,0,RFG7c_lspu-topo_ctr-area_savi_raw100tcfe_pg-all_unified_woody_lsputcfe,kfold5_block20_unified,RF,lspu+topo_ctr+area,,savi,none,RF
pd_inext_q2,877,0.086145807723134,0.8882833450331189,0.231915157348756,0.7111629557796396,0.0042498269094806,0.2979425129007402,0,RFG7c_lspu-topo_ctr-area_savi_raw100tcfe_pg-all_unified_woody_lsputcfe,kfold5_block20_unified,RF,lspu+topo_ctr+area,,savi,none,RF
td_inext_q0,881,0.0220590817810146,2.295336213057959,0.231338825770809,1.7703280378827702,-0.0318461496987051,0.1663463261049316,0,RFG7c_lspu-topo_ctr-area_savi_raw100tcfe_pg-all_unified_woody_lsputcfe,kfold5_block20_unified,RF,lspu+topo_ctr+area,,savi,none,RF
td_inext_q1,881,0.0639813137733337,1.6368352235838302,0.2000349391625986,1.2459819452351382,-0.0186558032282825,0.2285872886693756,0,RFG7c_lspu-topo_ctr-area_savi_raw100tcfe_pg-all_unified_woody_lsputcfe,kfold5_block20_unified,RF,lspu+topo_ctr+area,,savi,none,RF
td_inext_q2,881,0.0733244732048894,1.452165521231381,0.1951324693685631,1.117026973745315,0.038220335960118,0.2507854580651947,0,RFG7c_lspu-topo_ctr-area_savi_raw100tcfe_pg-all_unified_woody_lsputcfe,kfold5_block20_unified,RF,lspu+topo_ctr+area,,savi,none,RF
lcbd_count_sorensen,2499,0.444473387131448,1.5796471073275178e-05,0.1926233146975565,1.2531350865973066e-05,2.676304079389882e-07,0.6029767717826022,1,RFG7c_lspu-topo_ctr-area_savi_raw100tcfe_pg-all_unified_woody_lsputcfe,kfold5_block20_unified,RF,lspu+topo_ctr+area,,savi,none,RF
pd_inext_q0,877,0.0829889390296514,1.4737650851967046,0.2129148798405626,1.1566389662344618,-0.0045277323913487,0.2878587911849877,1,RFG7c_lspu-topo_ctr-area_savi_raw100tcfe_pg-all_unified_woody_lsputcfe,kfold5_block20_unified,RF,lspu+topo_ctr+area,,savi,none,RF
pd_inext_q1,877,0.0938816177728365,1.0858229590238788,0.2165302257256034,0.8586139316543597,-0.014129046874389,0.3001258173804464,1,RFG7c_lspu-topo_ctr-area_savi_raw100tcfe_pg-all_unified_woody_lsputcfe,kfold5_block20_unified,RF,lspu+topo_ctr+area,,savi,none,RF
pd_inext_q2,877,0.0442146714943091,0.9084337170741528,0.23717606506324,0.7155395696560418,-0.0903359355632129,0.2578979749090193,1,RFG7c_lspu-topo_ctr-area_savi_raw100tcfe_pg-all_unified_woody_lsputcfe,kfold5_block20_unified,RF,lspu+topo_ctr+area,,savi,none,RF
td_inext_q0,881,0.0051516145644666,2.3150930397847302,0.2333300465209228,1.8255527929666409,0.2352732784075447,0.1652659429427964,1,RFG7c_lspu-topo_ctr-area_savi_raw100tcfe_pg-all_unified_woody_lsputcfe,kfold5_block20_unified,RF,lspu+topo_ctr+area,,savi,none,RF
td_inext_q1,881,0.0782524768430504,1.6243091560881238,0.1985041490663517,1.2396239761098489,0.0060859938206837,0.250547300672589,1,RFG7c_lspu-topo_ctr-area_savi_raw100tcfe_pg-all_unified_woody_lsputcfe,kfold5_block20_unified,RF,lspu+topo_ctr+area,,savi,none,RF
td_inext_q2,881,0.0677426150376018,1.4565325364431885,0.1957192802035479,1.1255160680752114,0.0543736670324682,0.2395311856723717,1,RFG7c_lspu-topo_ctr-area_savi_raw100tcfe_pg-all_unified_woody_lsputcfe,kfold5_block20_unified,RF,lspu+topo_ctr+area,,savi,none,RF
lcbd_count_sorensen,2499,0.4525585152937316,1.5681098921029325e-05,0.1912164582999282,1.2355085370828882e-05,-1.1326392397449052e-06,0.6127760030768602,2,RFG7c_lspu-topo_ctr-area_savi_raw100tcfe_pg-all_unified_woody_lsputcfe,kfold5_block20_unified,RF,lspu+topo_ctr+area,,savi,none,RF
pd_inext_q0,877,0.0824583470827438,1.4741913912894995,0.2129764682927755,1.1497539609874947,-0.0222876959521139,0.2917629777542113,2,RFG7c_lspu-topo_ctr-area_savi_raw100tcfe_pg-all_unified_woody_lsputcfe,kfold5_block20_unified,RF,lspu+topo_ctr+area,,savi,none,RF
pd_inext_q1,877,0.0842719447030192,1.091565522327085,0.217675383431059,0.8545924622023777,-0.0774417228529269,0.293043947576462,2,RFG7c_lspu-topo_ctr-area_savi_raw100tcfe_pg-all_unified_woody_lsputcfe,kfold5_block20_unified,RF,lspu+topo_ctr+area,,savi,none,RF
pd_inext_q2,877,0.0738687668607636,0.8942301951670043,0.2334677753194082,0.7075282059342,-0.0570936044397804,0.281813906892292,2,RFG7c_lspu-topo_ctr-area_savi_raw100tcfe_pg-all_unified_woody_lsputcfe,kfold5_block20_unified,RF,lspu+topo_ctr+area,,savi,none,RF
td_inext_q0,881,-0.0111096822262222,2.333937027848494,0.2352292654879352,1.7943524728767033,-0.1015748851296248,0.1361332846349934,2,RFG7c_lspu-topo_ctr-area_savi_raw100tcfe_pg-all_unified_woody_lsputcfe,kfold5_block20_unified,RF,lspu+topo_ctr+area,,savi,none,RF
td_inext_q1,881,0.0463421260900428,1.6521862450302125,0.2019109622325246,1.2781800610711176,0.1601957727736678,0.2094425512263301,2,RFG7c_lspu-topo_ctr-area_savi_raw100tcfe_pg-all_unified_woody_lsputcfe,kfold5_block20_unified,RF,lspu+topo_ctr+area,,savi,none,RF
td_inext_q2,881,0.0643710562457959,1.459163973393588,0.196072875425726,1.1181076073046226,0.0011910891517814,0.2250120225400477,2,RFG7c_lspu-topo_ctr-area_savi_raw100tcfe_pg-all_unified_woody_lsputcfe,kfold5_block20_unified,RF,lspu+topo_ctr+area,,savi,none,RF
hill_q0_unified,3102,0.3462919930696958,2.4551037675938066,0.175364554828129,1.7378334021032087,-0.1014486918649563,0.6336293347721018,0,RFG2c_curve-topo_ctr-area_savi_raw100tcfe_unified-all_unified_woody,kfold5_block20_unified,RF,curve+topo_ctr+area,,savi,none,RF
lcbd_pa_unified,3094,0.3800131595237598,1.1758423907987204e-05,0.2026608915149671,9.346915765898924e-06,9.692394317873005e-08,0.5471666206530801,0,RFG2c_curve-topo_ctr-area_savi_raw100tcfe_unified-all_unified_woody,kfold5_block20_unified,RF,curve+topo_ctr+area,,savi,none,RF
pcoa1_pa_unified,3094,0.4402365940392609,0.219538887517656,0.1712238270846603,0.127431551152053,-0.0206298848138847,0.7284750156193291,0,RFG2c_curve-topo_ctr-area_savi_raw100tcfe_unified-all_unified_woody,kfold5_block20_unified,RF,curve+topo_ctr+area,,savi,none,RF
pcoa2_pa_unified,3094,0.6019860477603205,0.1703749016152684,0.1627957727591782,0.1313578580086181,0.0035242394017443,0.7853085349974067,0,RFG2c_curve-topo_ctr-area_savi_raw100tcfe_unified-all_unified_woody,kfold5_block20_unified,RF,curve+topo_ctr+area,,savi,none,RF
lcbd_freq_unified,3040,0.3579917174821873,2.010661712800176e-05,0.2018083739238766,1.5941964383863205e-05,-2.0613011089149047e-06,0.5445821120352444,0,RFG2c_curve-topo_ctr-area_savi_raw100tcfe_unified-all_unified_woody,kfold5_block20_unified,RF,curve+topo_ctr+area,,savi,none,RF
pcoa1_freq_unified,3040,0.2299304880651661,0.4388715013642393,0.2117578924065587,0.2164195616094,-0.0522472437129162,0.5641906516108243,0,RFG2c_curve-topo_ctr-area_savi_raw100tcfe_unified-all_unified_woody,kfold5_block20_unified,RF,curve+topo_ctr+area,,savi,none,RF
pcoa2_freq_unified,3040,0.401563317913028,0.3657823705538587,0.1737221244253592,0.2457507464189368,0.0054604650766877,0.7570670103050842,0,RFG2c_curve-topo_ctr-area_savi_raw100tcfe_unified-all_unified_woody,kfold5_block20_unified,RF,curve+topo_ctr+area,,savi,none,RF
mpd_unified,2535,0.1367485394727697,108.51563405894166,0.1696579888767448,74.86612019516627,7.230249876457355,0.3554485019009551,0,RFG2c_curve-topo_ctr-area_savi_raw100tcfe_unified-all_unified_woody,kfold5_block20_unified,RF,curve+topo_ctr+area,,savi,none,RF
mntd_unified,2535,0.0418209643787563,99.68950968002883,0.1558588480922103,65.66400804662682,-5.548646521640734,0.1575819680037574,0,RFG2c_curve-topo_ctr-area_savi_raw100tcfe_unified-all_unified_woody,kfold5_block20_unified,RF,curve+topo_ctr+area,,savi,none,RF
ses_pd_unified,2535,0.1095050711557242,1.135315255460767,0.2078569726556841,0.8322271945943386,-0.0555344296758698,0.3080139104912122,0,RFG2c_curve-topo_ctr-area_savi_raw100tcfe_unified-all_unified_woody,kfold5_block20_unified,RF,curve+topo_ctr+area,,savi,none,RF
ses_mpd_unified,2535,0.1424900834643847,1.1769440535468654,0.2140186537943867,0.8741925521244361,-0.0413733728303391,0.3259189587639724,0,RFG2c_curve-topo_ctr-area_savi_raw100tcfe_unified-all_unified_woody,kfold5_block20_unified,RF,curve+topo_ctr+area,,savi,none,RF
ses_mntd_unified,2535,0.046496096994463,1.1944220385320694,0.1967851134744585,0.8893904282370445,-0.0707291114512687,0.1991353483733198,0,RFG2c_curve-topo_ctr-area_savi_raw100tcfe_unified-all_unified_woody,kfold5_block20_unified,RF,curve+topo_ctr+area,,savi,none,RF
dark_n_unified,3094,0.5377347943921662,18.878615352797,0.1764356575027757,15.08939386695938,-1.318659568384929,0.7313573430462179,0,RFG2c_curve-topo_ctr-area_savi_raw100tcfe_unified-all_unified_woody,kfold5_block20_unified,RF,curve+topo_ctr+area,,savi,none,RF
hill_q0_unified,3102,0.3437169734585029,2.459934461748426,0.1757096044106018,1.7348603640764564,-0.1748431744073836,0.6318260807318221,1,RFG2c_curve-topo_ctr-area_savi_raw100tcfe_unified-all_unified_woody,kfold5_block20_unified,RF,curve+topo_ctr+area,,savi,none,RF
lcbd_pa_unified,3094,0.3731235387402017,1.182357631031932e-05,0.2037838178564813,9.370733614050548e-06,-1.2183638186819548e-06,0.5475077620231498,1,RFG2c_curve-topo_ctr-area_savi_raw100tcfe_unified-all_unified_woody,kfold5_block20_unified,RF,curve+topo_ctr+area,,savi,none,RF
pcoa1_pa_unified,3094,0.4351901456339154,0.2205262741966601,0.1719939144614486,0.1263292181812774,-0.0250383130025362,0.7227603331351415,1,RFG2c_curve-topo_ctr-area_savi_raw100tcfe_unified-all_unified_woody,kfold5_block20_unified,RF,curve+topo_ctr+area,,savi,none,RF
pcoa2_pa_unified,3094,0.5982724262432555,0.1711678875030332,0.1635534826634064,0.1333189561757158,-0.0018557246013102,0.7830910706896909,1,RFG2c_curve-topo_ctr-area_savi_raw100tcfe_unified-all_unified_woody,kfold5_block20_unified,RF,curve+topo_ctr+area,,savi,none,RF
lcbd_freq_unified,3040,0.3643909920154006,2.0006158924230687e-05,0.2008000836370875,1.5954098362936757e-05,-1.903891736133662e-08,0.5426483930882079,1,RFG2c_curve-topo_ctr-area_savi_raw100tcfe_unified-all_unified_woody,kfold5_block20_unified,RF,curve+topo_ctr+area,,savi,none,RF
pcoa1_freq_unified,3040,0.2235068150243343,0.4406981626169192,0.2126392664210613,0.2103962765150999,-0.0667191591978638,0.5656477093168671,1,RFG2c_curve-topo_ctr-area_savi_raw100tcfe_unified-all_unified_woody,kfold5_block20_unified,RF,curve+topo_ctr+area,,savi,none,RF
pcoa2_freq_unified,3040,0.3954894463109659,0.3676339500837722,0.1746015006757564,0.2428927832104599,0.0183125867609262,0.7525505567046541,1,RFG2c_curve-topo_ctr-area_savi_raw100tcfe_unified-all_unified_woody,kfold5_block20_unified,RF,curve+topo_ctr+area,,savi,none,RF
mpd_unified,2535,0.1261257275806278,109.18126660396015,0.1706986672997028,73.39219669714396,-3.7894498499456177,0.3379402627086036,1,RFG2c_curve-topo_ctr-area_savi_raw100tcfe_unified-all_unified_woody,kfold5_block20_unified,RF,curve+topo_ctr+area,,savi,none,RF
mntd_unified,2535,0.0362235822918616,99.98026313572828,0.1563134244947786,65.84586836067564,-6.160637218016515,0.1620427767194193,1,RFG2c_curve-topo_ctr-area_savi_raw100tcfe_unified-all_unified_woody,kfold5_block20_unified,RF,curve+topo_ctr+area,,savi,none,RF
ses_pd_unified,2535,0.1065806326435183,1.137177948955877,0.2081980002504572,0.8596188116448082,0.0534005297142048,0.3161729161773136,1,RFG2c_curve-topo_ctr-area_savi_raw100tcfe_unified-all_unified_woody,kfold5_block20_unified,RF,curve+topo_ctr+area,,savi,none,RF
ses_mpd_unified,2535,0.1443840875990003,1.1756435617917254,0.2137821688961734,0.8711395461182496,-0.0510833991990559,0.330551741612843,1,RFG2c_curve-topo_ctr-area_savi_raw100tcfe_unified-all_unified_woody,kfold5_block20_unified,RF,curve+topo_ctr+area,,savi,none,RF
ses_mntd_unified,2535,0.0438432043974663,1.1960824787352038,0.1970586766734371,0.8923677536853922,-0.0854340131250585,0.1928117426870467,1,RFG2c_curve-topo_ctr-area_savi_raw100tcfe_unified-all_unified_woody,kfold5_block20_unified,RF,curve+topo_ctr+area,,savi,none,RF
dark_n_unified,3094,0.5362432954801374,18.909046756665777,0.1767200631464091,15.128499751068846,-0.9602924152495572,0.7316358419315646,1,RFG2c_curve-topo_ctr-area_savi_raw100tcfe_unified-all_unified_woody,kfold5_block20_unified,RF,curve+topo_ctr+area,,savi,none,RF
hill_q0_unified,3102,0.348302263359649,2.4513259170209434,0.1750947083586388,1.7564295663762397,-0.0247680050689723,0.6261020705149195,2,RFG2c_curve-topo_ctr-area_savi_raw100tcfe_unified-all_unified_woody,kfold5_block20_unified,RF,curve+topo_ctr+area,,savi,none,RF
lcbd_pa_unified,3094,0.3802352473038362,1.175631770508552e-05,0.2026245903098816,9.316848883729008e-06,-2.0611116086855045e-07,0.5503507483755921,2,RFG2c_curve-topo_ctr-area_savi_raw100tcfe_unified-all_unified_woody,kfold5_block20_unified,RF,curve+topo_ctr+area,,savi,none,RF
pcoa1_pa_unified,3094,0.4220996864778625,0.2230671776773744,0.1739756281484402,0.1246530945020298,-0.0342084304771554,0.7230807283295626,2,RFG2c_curve-topo_ctr-area_savi_raw100tcfe_unified-all_unified_woody,kfold5_block20_unified,RF,curve+topo_ctr+area,,savi,none,RF
pcoa2_pa_unified,3094,0.6015476964449538,0.1704686967069538,0.1628853953754625,0.1313813274540036,0.0069155550897756,0.7851771140886509,2,RFG2c_curve-topo_ctr-area_savi_raw100tcfe_unified-all_unified_woody,kfold5_block20_unified,RF,curve+topo_ctr+area,,savi,none,RF
lcbd_freq_unified,3040,0.3617865133552992,2.004710575260841e-05,0.2012110634055708,1.593061940101545e-05,-1.0839398735692347e-06,0.5374890496941896,2,RFG2c_curve-topo_ctr-area_savi_raw100tcfe_unified-all_unified_woody,kfold5_block20_unified,RF,curve+topo_ctr+area,,savi,none,RF
pcoa1_freq_unified,3040,0.2108750562146989,0.4442682747389112,0.2143618649863773,0.2083179437994083,-0.0754150216463892,0.5676700080467464,2,RFG2c_curve-topo_ctr-area_savi_raw100tcfe_unified-all_unified_woody,kfold5_block20_unified,RF,curve+topo_ctr+area,,savi,none,RF
pcoa2_freq_unified,3040,0.3944851407143362,0.3679392082870242,0.1747464778748678,0.2414144003285958,0.0227186810805651,0.7555200343183951,2,RFG2c_curve-topo_ctr-area_savi_raw100tcfe_unified-all_unified_woody,kfold5_block20_unified,RF,curve+topo_ctr+area,,savi,none,RF
mpd_unified,2535,0.1347672258698548,108.64009389793148,0.1698525747183339,71.93554457107211,-5.908684686297448,0.3509018956019538,2,RFG2c_curve-topo_ctr-area_savi_raw100tcfe_unified-all_unified_woody,kfold5_block20_unified,RF,curve+topo_ctr+area,,savi,none,RF
mntd_unified,2535,0.0382461721201951,99.87529829860864,0.1561493179738803,65.71985669971234,-5.303351578558338,0.1620983682440547,2,RFG2c_curve-topo_ctr-area_savi_raw100tcfe_unified-all_unified_woody,kfold5_block20_unified,RF,curve+topo_ctr+area,,savi,none,RF
ses_pd_unified,2535,0.1090473065324877,1.135607026009257,0.2079103908957963,0.8528560136922511,0.0278722144120824,0.3158652499854004,2,RFG2c_curve-topo_ctr-area_savi_raw100tcfe_unified-all_unified_woody,kfold5_block20_unified,RF,curve+topo_ctr+area,,savi,none,RF
ses_mpd_unified,2535,0.1441300273340037,1.1758180922916464,0.213813905988966,0.8691874928341109,-0.0579756716796372,0.3313959075752566,2,RFG2c_curve-topo_ctr-area_savi_raw100tcfe_unified-all_unified_woody,kfold5_block20_unified,RF,curve+topo_ctr+area,,savi,none,RF
ses_mntd_unified,2535,0.0442131013080794,1.1958510993143998,0.197020556122987,0.89291590220207,-0.0044910669769464,0.192555289922864,2,RFG2c_curve-topo_ctr-area_savi_raw100tcfe_unified-all_unified_woody,kfold5_block20_unified,RF,curve+topo_ctr+area,,savi,none,RF
dark_n_unified,3094,0.5387697957108585,18.85746911371932,0.1762380291001805,15.10128477324156,-0.3690399983649362,0.73226445067306,2,RFG2c_curve-topo_ctr-area_savi_raw100tcfe_unified-all_unified_woody,kfold5_block20_unified,RF,curve+topo_ctr+area,,savi,none,RF
hill_q0_unified,3102,0.3067129965129452,2.528334204199618,0.1805953002999727,1.78443234972792,-0.0774854863984733,0.5989473494204971,0,RFG7c_lspu-topo_ctr-area_savi_raw100tcfe_unified-all_unified_woody_lsputcfe,kfold5_block20_unified,RF,lspu+topo_ctr+area,,savi,none,RF
lcbd_pa_unified,3094,0.3879612104010639,1.1682811006070591e-05,0.2013576744994583,9.237822370808446e-06,2.905493591253748e-07,0.5611404046480288,0,RFG7c_lspu-topo_ctr-area_savi_raw100tcfe_unified-all_unified_woody_lsputcfe,kfold5_block20_unified,RF,lspu+topo_ctr+area,,savi,none,RF
pcoa1_pa_unified,3094,0.4990507374810981,0.2076854530458282,0.1619790393510959,0.1209123127117011,-0.0185738009327571,0.7315740216658198,0,RFG7c_lspu-topo_ctr-area_savi_raw100tcfe_unified-all_unified_woody_lsputcfe,kfold5_block20_unified,RF,lspu+topo_ctr+area,,savi,none,RF
pcoa2_pa_unified,3094,0.6095853283738888,0.1687405789421955,0.161234152943241,0.1298924009939421,0.005309069281465,0.7920607506439392,0,RFG7c_lspu-topo_ctr-area_savi_raw100tcfe_unified-all_unified_woody_lsputcfe,kfold5_block20_unified,RF,lspu+topo_ctr+area,,savi,none,RF
lcbd_freq_unified,3040,0.3547401243873498,2.015747002752236e-05,0.2023187800700838,1.601504646668937e-05,-2.1276633942893384e-06,0.5501583743714253,0,RFG7c_lspu-topo_ctr-area_savi_raw100tcfe_unified-all_unified_woody_lsputcfe,kfold5_block20_unified,RF,lspu+topo_ctr+area,,savi,none,RF
pcoa1_freq_unified,3040,0.2788981673802655,0.4246887094897664,0.20491461799379,0.2009919483416239,-0.0672090650823646,0.5689400791212088,0,RFG7c_lspu-topo_ctr-area_savi_raw100tcfe_unified-all_unified_woody_lsputcfe,kfold5_block20_unified,RF,lspu+topo_ctr+area,,savi,none,RF
pcoa2_freq_unified,3040,0.4045978063169398,0.3648538069787288,0.1732811189261293,0.2444231753070121,0.0075139003687448,0.7435451302235465,0,RFG7c_lspu-topo_ctr-area_savi_raw100tcfe_unified-all_unified_woody_lsputcfe,kfold5_block20_unified,RF,lspu+topo_ctr+area,,savi,none,RF
mpd_unified,2535,0.1517588573638654,107.56805554202668,0.1681765040485284,74.18090818067645,4.753373393157276,0.3823065967549378,0,RFG7c_lspu-topo_ctr-area_savi_raw100tcfe_unified-all_unified_woody_lsputcfe,kfold5_block20_unified,RF,lspu+topo_ctr+area,,savi,none,RF
mntd_unified,2535,0.0411752277876613,99.72309542956452,0.1559113574911606,65.74709684071016,-4.899412276113347,0.1729826486643612,0,RFG7c_lspu-topo_ctr-area_savi_raw100tcfe_unified-all_unified_woody_lsputcfe,kfold5_block20_unified,RF,lspu+topo_ctr+area,,savi,none,RF
ses_pd_unified,2535,0.1139345421169529,1.1324881112654002,0.2073393704911016,0.8330800180048575,-0.0533240264759598,0.3223428801071366,0,RFG7c_lspu-topo_ctr-area_savi_raw100tcfe_unified-all_unified_woody_lsputcfe,kfold5_block20_unified,RF,lspu+topo_ctr+area,,savi,none,RF
ses_mpd_unified,2535,0.1450327107520167,1.1751978628539494,0.2137011218095486,0.8755888938485354,-0.0497569043548868,0.3471007621987923,0,RFG7c_lspu-topo_ctr-area_savi_raw100tcfe_unified-all_unified_woody_lsputcfe,kfold5_block20_unified,RF,lspu+topo_ctr+area,,savi,none,RF
ses_mntd_unified,2535,0.0446238123456592,1.1955941372129533,0.1969782207384575,0.889118736099181,-0.0822847635354095,0.1868350287123151,0,RFG7c_lspu-topo_ctr-area_savi_raw100tcfe_unified-all_unified_woody_lsputcfe,kfold5_block20_unified,RF,lspu+topo_ctr+area,,savi,none,RF
dark_n_unified,3094,0.5395568162567748,18.841373515484555,0.1760876029484538,15.11591334038308,-0.52057983136504,0.7271738199544862,0,RFG7c_lspu-topo_ctr-area_savi_raw100tcfe_unified-all_unified_woody_lsputcfe,kfold5_block20_unified,RF,lspu+topo_ctr+area,,savi,none,RF
hill_q0_unified,3102,0.3072791273006422,2.5273016879713555,0.1805215491408111,1.772956529162513,-0.1714599503633598,0.5991055746238112,1,RFG7c_lspu-topo_ctr-area_savi_raw100tcfe_unified-all_unified_woody_lsputcfe,kfold5_block20_unified,RF,lspu+topo_ctr+area,,savi,none,RF
lcbd_pa_unified,3094,0.3855219741367908,1.1706068355016074e-05,0.201758523721127,9.233432169897146e-06,-1.0983596332574452e-06,0.5630590128342605,1,RFG7c_lspu-topo_ctr-area_savi_raw100tcfe_unified-all_unified_woody_lsputcfe,kfold5_block20_unified,RF,lspu+topo_ctr+area,,savi,none,RF
pcoa1_pa_unified,3094,0.4945549176213529,0.2086153184725623,0.1627042644756257,0.1197751684068883,-0.0231249021118449,0.7308884718578798,1,RFG7c_lspu-topo_ctr-area_savi_raw100tcfe_unified-all_unified_woody_lsputcfe,kfold5_block20_unified,RF,lspu+topo_ctr+area,,savi,none,RF
pcoa2_pa_unified,3094,0.6086733509473856,0.1689375462280552,0.1614223581378197,0.1310944753726379,-0.0012943325675305,0.7911865494428131,1,RFG7c_lspu-topo_ctr-area_savi_raw100tcfe_unified-all_unified_woody_lsputcfe,kfold5_block20_unified,RF,lspu+topo_ctr+area,,savi,none,RF
lcbd_freq_unified,3040,0.3574692409335211,2.011479700647501e-05,0.2018904746553459,1.6055126948147935e-05,-3.9651941317667513e-07,0.5449338628556996,1,RFG7c_lspu-topo_ctr-area_savi_raw100tcfe_unified-all_unified_woody_lsputcfe,kfold5_block20_unified,RF,lspu+topo_ctr+area,,savi,none,RF
pcoa1_freq_unified,3040,0.2648797003766857,0.4287968866036689,0.2068968358515653,0.1999270384398161,-0.0744588257913969,0.5727794277708964,1,RFG7c_lspu-topo_ctr-area_savi_raw100tcfe_unified-all_unified_woody_lsputcfe,kfold5_block20_unified,RF,lspu+topo_ctr+area,,savi,none,RF
pcoa2_freq_unified,3040,0.398858072649131,0.3666082016541743,0.1741143388804903,0.2408482282347387,0.0256397768263166,0.7442642556142952,1,RFG7c_lspu-topo_ctr-area_savi_raw100tcfe_unified-all_unified_woody_lsputcfe,kfold5_block20_unified,RF,lspu+topo_ctr+area,,savi,none,RF
mpd_unified,2535,0.1216107580650553,109.46295186749582,0.1711390661023465,73.33699614684186,-6.253334555988433,0.3443739585908341,1,RFG7c_lspu-topo_ctr-area_savi_raw100tcfe_unified-all_unified_woody_lsputcfe,kfold5_block20_unified,RF,lspu+topo_ctr+area,,savi,none,RF
mntd_unified,2535,0.0374888958733649,99.91461101382268,0.1562107811561981,65.5048362746725,-6.49182646543608,0.1773403865615442,1,RFG7c_lspu-topo_ctr-area_savi_raw100tcfe_unified-all_unified_woody_lsputcfe,kfold5_block20_unified,RF,lspu+topo_ctr+area,,savi,none,RF
ses_pd_unified,2535,0.1134734064035319,1.1327827637540666,0.2073933163655933,0.8600479982436224,0.0517529909046946,0.3362184785889935,1,RFG7c_lspu-topo_ctr-area_savi_raw100tcfe_unified-all_unified_woody_lsputcfe,kfold5_block20_unified,RF,lspu+topo_ctr+area,,savi,none,RF
ses_mpd_unified,2535,0.1405731868240596,1.178258802591185,0.2142577312761878,0.8717702506468713,-0.0683432106859505,0.3439190812250727,1,RFG7c_lspu-topo_ctr-area_savi_raw100tcfe_unified-all_unified_woody_lsputcfe,kfold5_block20_unified,RF,lspu+topo_ctr+area,,savi,none,RF
ses_mntd_unified,2535,0.0358481446330919,1.2010726874349351,0.1978808306136346,0.8927502598596868,-0.0643159811910277,0.1645822050598975,1,RFG7c_lspu-topo_ctr-area_savi_raw100tcfe_unified-all_unified_woody_lsputcfe,kfold5_block20_unified,RF,lspu+topo_ctr+area,,savi,none,RF
dark_n_unified,3094,0.5388985539861499,18.85483677887206,0.1762134278399257,15.09397446105476,-0.8540810217471125,0.7264634809283889,1,RFG7c_lspu-topo_ctr-area_savi_raw100tcfe_unified-all_unified_woody_lsputcfe,kfold5_block20_unified,RF,lspu+topo_ctr+area,,savi,none,RF
hill_q0_unified,3102,0.2988390393550084,2.542651354192169,0.1816179538708692,1.8141369977893445,-0.0116028311125383,0.5852031086786972,2,RFG7c_lspu-topo_ctr-area_savi_raw100tcfe_unified-all_unified_woody_lsputcfe,kfold5_block20_unified,RF,lspu+topo_ctr+area,,savi,none,RF
lcbd_pa_unified,3094,0.3897951241419367,1.1665294680499892e-05,0.2010557739910226,9.210541322651604e-06,-1.0741695198648149e-07,0.5666178417705545,2,RFG7c_lspu-topo_ctr-area_savi_raw100tcfe_unified-all_unified_woody_lsputcfe,kfold5_block20_unified,RF,lspu+topo_ctr+area,,savi,none,RF
pcoa1_pa_unified,3094,0.4773849389599294,0.2121290602948885,0.1654447189299999,0.1180646102473262,-0.0358389434727465,0.7309273719357783,2,RFG7c_lspu-topo_ctr-area_savi_raw100tcfe_unified-all_unified_woody_lsputcfe,kfold5_block20_unified,RF,lspu+topo_ctr+area,,savi,none,RF
pcoa2_pa_unified,3094,0.6053369033918983,0.1696561976891873,0.1621090403829763,0.129640072470666,0.012423827808319,0.7907599116478298,2,RFG7c_lspu-topo_ctr-area_savi_raw100tcfe_unified-all_unified_woody_lsputcfe,kfold5_block20_unified,RF,lspu+topo_ctr+area,,savi,none,RF
lcbd_freq_unified,3040,0.3570063561325182,2.012204114022296e-05,0.2019631833980874,1.60075895411185e-05,-8.241900605170436e-07,0.5429131493426109,2,RFG7c_lspu-topo_ctr-area_savi_raw100tcfe_unified-all_unified_woody_lsputcfe,kfold5_block20_unified,RF,lspu+topo_ctr+area,,savi,none,RF
pcoa1_freq_unified,3040,0.2594063373071624,0.4303902371329395,0.207665636169869,0.1993817793871741,-0.0785552939422719,0.573783658582629,2,RFG7c_lspu-topo_ctr-area_savi_raw100tcfe_unified-all_unified_woody_lsputcfe,kfold5_block20_unified,RF,lspu+topo_ctr+area,,savi,none,RF
pcoa2_freq_unified,3040,0.3961395723223178,0.3674362093763298,0.1745075870851964,0.2380401775375404,0.034729806404933,0.7448265912359394,2,RFG7c_lspu-topo_ctr-area_savi_raw100tcfe_unified-all_unified_woody_lsputcfe,kfold5_block20_unified,RF,lspu+topo_ctr+area,,savi,none,RF
mpd_unified,2535,0.1363670526803175,108.53960894373186,0.1696954722382192,72.61289192275241,-4.876923545667912,0.3617001029191301,2,RFG7c_lspu-topo_ctr-area_savi_raw100tcfe_unified-all_unified_woody_lsputcfe,kfold5_block20_unified,RF,lspu+topo_ctr+area,,savi,none,RF
mntd_unified,2535,0.0325980535747932,100.16813921005718,0.1566071579941506,65.73273403056196,-5.986487787203245,0.1704080560739263,2,RFG7c_lspu-topo_ctr-area_savi_raw100tcfe_unified-all_unified_woody_lsputcfe,kfold5_block20_unified,RF,lspu+topo_ctr+area,,savi,none,RF
ses_pd_unified,2535,0.117334697513925,1.130313138352122,0.2069411698299305,0.848501849427909,0.0076975905586859,0.3307754372008313,2,RFG7c_lspu-topo_ctr-area_savi_raw100tcfe_unified-all_unified_woody_lsputcfe,kfold5_block20_unified,RF,lspu+topo_ctr+area,,savi,none,RF
ses_mpd_unified,2535,0.1476804614924087,1.173376714902974,0.2133699593964725,0.8707935898331344,-0.0648172447317184,0.3497778066783359,2,RFG7c_lspu-topo_ctr-area_savi_raw100tcfe_unified-all_unified_woody_lsputcfe,kfold5_block20_unified,RF,lspu+topo_ctr+area,,savi,none,RF
ses_mntd_unified,2535,0.0329201356775893,1.2028950588943568,0.19818107254058,0.89754322106996,-0.0280105087421791,0.1666627682405503,2,RFG7c_lspu-topo_ctr-area_savi_raw100tcfe_unified-all_unified_woody_lsputcfe,kfold5_block20_unified,RF,lspu+topo_ctr+area,,savi,none,RF
dark_n_unified,3094,0.5390089775173033,18.852578986862746,0.1761923269800256,15.17839896763754,0.1531280369250703,0.7253879885522071,2,RFG7c_lspu-topo_ctr-area_savi_raw100tcfe_unified-all_unified_woody_lsputcfe,kfold5_block20_unified,RF,lspu+topo_ctr+area,,savi,none,RF
lcbd_count_sorensen,2499,0.4380659592358816,1.588730791721778e-05,0.1937309857650832,1.258906230645886e-05,-1.1136969940646366e-06,0.5937606401508028,0,RFG2c_curve-topo_ctr-area_savi_raw100tccs_pg-all_unified_woody,kfold5_block20_unified,RF,curve+topo_ctr+area,,savi,none,RF
pd_inext_q0,877,0.0617935596142229,1.4906997593101798,0.2153614326461804,1.1507449683447193,-0.0895001199457772,0.2631055552262899,0,RFG2c_curve-topo_ctr-area_savi_raw100tccs_pg-all_unified_woody,kfold5_block20_unified,RF,curve+topo_ctr+area,,savi,none,RF
pd_inext_q1,877,0.0702336048561875,1.099900684869146,0.2193375463202233,0.872734303017666,0.042320524292835,0.2570537455788349,0,RFG2c_curve-topo_ctr-area_savi_raw100tccs_pg-all_unified_woody,kfold5_block20_unified,RF,curve+topo_ctr+area,,savi,none,RF
pd_inext_q2,877,0.0637682884336994,0.8990932531583149,0.234737434224483,0.7192382397422792,0.014694177444436,0.2653164370051381,0,RFG2c_curve-topo_ctr-area_savi_raw100tccs_pg-all_unified_woody,kfold5_block20_unified,RF,curve+topo_ctr+area,,savi,none,RF
td_inext_q0,881,0.0216204298810852,2.2958509377679337,0.2313907030554191,1.7683324062114076,-0.0257672194991066,0.162460983304163,0,RFG2c_curve-topo_ctr-area_savi_raw100tccs_pg-all_unified_woody,kfold5_block20_unified,RF,curve+topo_ctr+area,,savi,none,RF
td_inext_q1,881,0.0191027118772808,1.675615888151044,0.2047742603634234,1.264813329451867,0.0252338851249815,0.1971229983387441,0,RFG2c_curve-topo_ctr-area_savi_raw100tccs_pg-all_unified_woody,kfold5_block20_unified,RF,curve+topo_ctr+area,,savi,none,RF
td_inext_q2,881,0.0356290081809552,1.4814068328954562,0.1990617248626257,1.141582599023128,0.0738685483917912,0.2199132011501877,0,RFG2c_curve-topo_ctr-area_savi_raw100tccs_pg-all_unified_woody,kfold5_block20_unified,RF,curve+topo_ctr+area,,savi,none,RF
lcbd_count_sorensen,2499,0.4371958229279042,1.589960364504525e-05,0.1938809207625747,1.2635753867299029e-05,9.584457533737444e-08,0.5895293263497005,1,RFG2c_curve-topo_ctr-area_savi_raw100tccs_pg-all_unified_woody,kfold5_block20_unified,RF,curve+topo_ctr+area,,savi,none,RF
pd_inext_q0,877,0.0866027614136549,1.470858259400609,0.2124949306428853,1.1460382144186805,-0.0126111805119495,0.2835742392534898,1,RFG2c_curve-topo_ctr-area_savi_raw100tccs_pg-all_unified_woody,kfold5_block20_unified,RF,curve+topo_ctr+area,,savi,none,RF
pd_inext_q1,877,0.0501636415895651,1.1117085472559634,0.2216922203365592,0.8763922129719275,-0.0119617491765601,0.2359815203359696,1,RFG2c_curve-topo_ctr-area_savi_raw100tccs_pg-all_unified_woody,kfold5_block20_unified,RF,curve+topo_ctr+area,,savi,none,RF
pd_inext_q2,877,0.0235478306764176,0.918202672306498,0.2397265674479917,0.720126305158891,-0.0702583598775426,0.2261558985375269,1,RFG2c_curve-topo_ctr-area_savi_raw100tccs_pg-all_unified_woody,kfold5_block20_unified,RF,curve+topo_ctr+area,,savi,none,RF
td_inext_q0,881,0.0003799238282309,2.3206384542912235,0.2338889492529262,1.826930481088004,0.2204945505309974,0.131352050536263,1,RFG2c_curve-topo_ctr-area_savi_raw100tccs_pg-all_unified_woody,kfold5_block20_unified,RF,curve+topo_ctr+area,,savi,none,RF
td_inext_q1,881,0.0307627821473917,1.6656269682644738,0.2035535309014589,1.2588935147689315,0.0214428342772736,0.2101850699544131,1,RFG2c_curve-topo_ctr-area_savi_raw100tccs_pg-all_unified_woody,kfold5_block20_unified,RF,curve+topo_ctr+area,,savi,none,RF
td_inext_q2,881,0.032147459947275,1.484078492878775,0.1994207249919058,1.147523562048265,0.0759311904550329,0.214096947381519,1,RFG2c_curve-topo_ctr-area_savi_raw100tccs_pg-all_unified_woody,kfold5_block20_unified,RF,curve+topo_ctr+area,,savi,none,RF
lcbd_count_sorensen,2499,0.4378453098419632,1.589042677152787e-05,0.1937690173008915,1.2558794236667996e-05,-1.2644495976504334e-06,0.5932923013969977,2,RFG2c_curve-topo_ctr-area_savi_raw100tccs_pg-all_unified_woody,kfold5_block20_unified,RF,curve+topo_ctr+area,,savi,none,RF
pd_inext_q0,877,0.0748987147652542,1.4802518705828458,0.2138520258924772,1.1464662668306755,-0.0503732893426097,0.2728640380316648,2,RFG2c_curve-topo_ctr-area_savi_raw100tccs_pg-all_unified_woody,kfold5_block20_unified,RF,curve+topo_ctr+area,,savi,none,RF
pd_inext_q1,877,0.0616446860134382,1.1049692918214395,0.2203483064983661,0.8607162471361178,-0.0880437758860371,0.2587420441265912,2,RFG2c_curve-topo_ctr-area_savi_raw100tccs_pg-all_unified_woody,kfold5_block20_unified,RF,curve+topo_ctr+area,,savi,none,RF
pd_inext_q2,877,0.0534484806291901,0.9040348936450084,0.2360276096369127,0.7105671011293719,-0.0654463234533663,0.2517580120240124,2,RFG2c_curve-topo_ctr-area_savi_raw100tccs_pg-all_unified_woody,kfold5_block20_unified,RF,curve+topo_ctr+area,,savi,none,RF
td_inext_q0,881,-0.0060726501016268,2.328116297467342,0.2346426146418223,1.78641690596995,-0.0783878886475234,0.1290252274817289,2,RFG2c_curve-topo_ctr-area_savi_raw100tccs_pg-all_unified_woody,kfold5_block20_unified,RF,curve+topo_ctr+area,,savi,none,RF
td_inext_q1,881,0.005583724059605,1.687123266739965,0.2061805581646865,1.2863485220761937,0.1513194989919092,0.1868562655389896,2,RFG2c_curve-topo_ctr-area_savi_raw100tccs_pg-all_unified_woody,kfold5_block20_unified,RF,curve+topo_ctr+area,,savi,none,RF
td_inext_q2,881,0.024655155608751,1.4898116657220293,0.2001911111206664,1.141655091205483,0.0234557087895783,0.2007225277518081,2,RFG2c_curve-topo_ctr-area_savi_raw100tccs_pg-all_unified_woody,kfold5_block20_unified,RF,curve+topo_ctr+area,,savi,none,RF
lcbd_count_sorensen,2499,0.4550863274754189,1.564485327827318e-05,0.1907744763016296,1.2358768200128903e-05,-1.0990936014245892e-06,0.6191733703023412,0,RFG7c_lspu-topo_ctr-area_savi_raw100tccs_pg-all_unified_woody_lsputccs,kfold5_block20_unified,RF,lspu+topo_ctr+area,,savi,none,RF
pd_inext_q0,877,0.0491506075007551,1.5007102301808517,0.2168076456308584,1.167553128909926,-0.0680360281561167,0.2388248383482818,0,RFG7c_lspu-topo_ctr-area_savi_raw100tccs_pg-all_unified_woody_lsputccs,kfold5_block20_unified,RF,lspu+topo_ctr+area,,savi,none,RF
pd_inext_q1,877,0.0980545088060774,1.0833198371180677,0.2160310637335129,0.8585690294358935,0.037592089683397,0.2983650411900815,0,RFG7c_lspu-topo_ctr-area_savi_raw100tccs_pg-all_unified_woody_lsputccs,kfold5_block20_unified,RF,lspu+topo_ctr+area,,savi,none,RF
pd_inext_q2,877,0.0807750318388211,0.890889768357588,0.2325956486343257,0.7104570579597477,-0.0010919416920528,0.297063974995747,0,RFG7c_lspu-topo_ctr-area_savi_raw100tccs_pg-all_unified_woody_lsputccs,kfold5_block20_unified,RF,lspu+topo_ctr+area,,savi,none,RF
td_inext_q0,881,-0.0019586747588036,2.3233514207086667,0.2341623795511965,1.7939894822700193,0.0014122038835898,0.1576333847119084,0,RFG7c_lspu-topo_ctr-area_savi_raw100tccs_pg-all_unified_woody_lsputccs,kfold5_block20_unified,RF,lspu+topo_ctr+area,,savi,none,RF
td_inext_q1,881,0.0498871530200516,1.6491125547045564,0.20153533159577,1.2442290086274703,-0.0105336313944172,0.2360971326669999,0,RFG7c_lspu-topo_ctr-area_savi_raw100tccs_pg-all_unified_woody_lsputccs,kfold5_block20_unified,RF,lspu+topo_ctr+area,,savi,none,RF
td_inext_q2,881,0.0553944579934216,1.4661470096292408,0.1970112099918832,1.1214895557595628,0.0415636094261356,0.2449125471182184,0,RFG7c_lspu-topo_ctr-area_savi_raw100tccs_pg-all_unified_woody_lsputccs,kfold5_block20_unified,RF,lspu+topo_ctr+area,,savi,none,RF
lcbd_count_sorensen,2499,0.4470513095776506,1.5759776674607253e-05,0.1921758605371012,1.2519409075201e-05,5.1678851539334383e-08,0.609107731980235,1,RFG7c_lspu-topo_ctr-area_savi_raw100tccs_pg-all_unified_woody_lsputccs,kfold5_block20_unified,RF,lspu+topo_ctr+area,,savi,none,RF
pd_inext_q0,877,0.0607486071811361,1.4915296815850008,0.2154813315386128,1.1702118824736796,0.0067330589003557,0.2607088647260565,1,RFG7c_lspu-topo_ctr-area_savi_raw100tccs_pg-all_unified_woody_lsputccs,kfold5_block20_unified,RF,lspu+topo_ctr+area,,savi,none,RF
pd_inext_q1,877,0.0914280043957703,1.0872920764620384,0.2168231909165293,0.8572771660330701,-0.0187619778286751,0.2947071084440501,1,RFG7c_lspu-topo_ctr-area_savi_raw100tccs_pg-all_unified_woody_lsputccs,kfold5_block20_unified,RF,lspu+topo_ctr+area,,savi,none,RF
pd_inext_q2,877,0.0462834935251923,0.907450020354113,0.2369192391519053,0.7119930099553813,-0.0815490604248794,0.2637502865904575,1,RFG7c_lspu-topo_ctr-area_savi_raw100tccs_pg-all_unified_woody_lsputccs,kfold5_block20_unified,RF,lspu+topo_ctr+area,,savi,none,RF
td_inext_q0,881,-0.0198357611395365,2.3439865638749926,0.2362421227115026,1.851827017558596,0.2437213644215905,0.1432343857968067,1,RFG7c_lspu-topo_ctr-area_savi_raw100tccs_pg-all_unified_woody_lsputccs,kfold5_block20_unified,RF,lspu+topo_ctr+area,,savi,none,RF
td_inext_q1,881,0.0489193900511766,1.6499522148956642,0.2016379450860135,1.2505036078050205,0.0336615801048705,0.2342640357181857,1,RFG7c_lspu-topo_ctr-area_savi_raw100tccs_pg-all_unified_woody_lsputccs,kfold5_block20_unified,RF,lspu+topo_ctr+area,,savi,none,RF
td_inext_q2,881,0.0615161146507418,1.4613884956935217,0.1963717921285434,1.122268980884704,0.0518512175040395,0.2470014306836938,1,RFG7c_lspu-topo_ctr-area_savi_raw100tccs_pg-all_unified_woody_lsputccs,kfold5_block20_unified,RF,lspu+topo_ctr+area,,savi,none,RF
lcbd_count_sorensen,2499,0.4523653879031505,1.5683864680249516e-05,0.1912501841685844,1.2379143144588386e-05,-1.2003912332186612e-06,0.6157592957448544,2,RFG7c_lspu-topo_ctr-area_savi_raw100tccs_pg-all_unified_woody_lsputccs,kfold5_block20_unified,RF,lspu+topo_ctr+area,,savi,none,RF
pd_inext_q0,877,0.0507181453833482,1.4994727100829983,0.2166288610704279,1.167039162577463,-0.022346097196256,0.2496244268979404,2,RFG7c_lspu-topo_ctr-area_savi_raw100tccs_pg-all_unified_woody_lsputccs,kfold5_block20_unified,RF,lspu+topo_ctr+area,,savi,none,RF
pd_inext_q1,877,0.0811946606276237,1.0933980750712489,0.2180408233548055,0.8522797769109104,-0.0883556818344326,0.2896137661266201,2,RFG7c_lspu-topo_ctr-area_savi_raw100tccs_pg-all_unified_woody_lsputccs,kfold5_block20_unified,RF,lspu+topo_ctr+area,,savi,none,RF
pd_inext_q2,877,0.0768687007922286,0.8927807205480194,0.2330893429912389,0.7005613997512344,-0.0643519347350006,0.295911911377669,2,RFG7c_lspu-topo_ctr-area_savi_raw100tccs_pg-all_unified_woody_lsputccs,kfold5_block20_unified,RF,lspu+topo_ctr+area,,savi,none,RF
td_inext_q0,881,-0.0424141299501452,2.369791537969318,0.2388429148621542,1.8294376482918384,-0.0715928299609986,0.1205183397698144,2,RFG7c_lspu-topo_ctr-area_savi_raw100tccs_pg-all_unified_woody_lsputccs,kfold5_block20_unified,RF,lspu+topo_ctr+area,,savi,none,RF
td_inext_q1,881,0.026587684986521,1.6692105499905316,0.2039914745271995,1.2782579278566404,0.1451564253862758,0.2126965174544949,2,RFG7c_lspu-topo_ctr-area_savi_raw100tccs_pg-all_unified_woody_lsputccs,kfold5_block20_unified,RF,lspu+topo_ctr+area,,savi,none,RF
td_inext_q2,881,0.0522744204999982,1.468566359462585,0.1973363063396099,1.1171712365987805,0.014037331092475,0.234584190077193,2,RFG7c_lspu-topo_ctr-area_savi_raw100tccs_pg-all_unified_woody_lsputccs,kfold5_block20_unified,RF,lspu+topo_ctr+area,,savi,none,RF
hill_q0_unified,3102,0.3442553615119251,2.458925239351063,0.1756375170965045,1.7416943507277898,-0.096250143131135,0.6304012085133014,0,RFG2c_curve-topo_ctr-area_savi_raw100tccs_unified-all_unified_woody,kfold5_block20_unified,RF,curve+topo_ctr+area,,savi,none,RF
lcbd_pa_unified,3094,0.3789031641549395,1.1768945066359829e-05,0.2028422276661598,9.352757171187107e-06,8.048352257783609e-08,0.547209033550503,0,RFG2c_curve-topo_ctr-area_savi_raw100tccs_unified-all_unified_woody,kfold5_block20_unified,RF,curve+topo_ctr+area,,savi,none,RF
pcoa1_pa_unified,3094,0.4359227007771942,0.2203832171388426,0.1718823407115406,0.1275852553655396,-0.0203475056692792,0.7282980093864986,0,RFG2c_curve-topo_ctr-area_savi_raw100tccs_unified-all_unified_woody,kfold5_block20_unified,RF,curve+topo_ctr+area,,savi,none,RF
pcoa2_pa_unified,3094,0.6088869031195109,0.1688914442013934,0.1613783069601812,0.1306729971623095,0.0028014885365744,0.7905213604504029,0,RFG2c_curve-topo_ctr-area_savi_raw100tccs_unified-all_unified_woody,kfold5_block20_unified,RF,curve+topo_ctr+area,,savi,none,RF
lcbd_freq_unified,3040,0.3537257284564887,2.017330831714124e-05,0.202477747610639,1.6017879011976406e-05,-2.282540411743759e-06,0.5464992925673205,0,RFG2c_curve-topo_ctr-area_savi_raw100tccs_unified-all_unified_woody,kfold5_block20_unified,RF,curve+topo_ctr+area,,savi,none,RF
pcoa1_freq_unified,3040,0.2247000144908554,0.4403594326791721,0.2124758273791337,0.2159277522124316,-0.0552502576746122,0.5586513397650611,0,RFG2c_curve-topo_ctr-area_savi_raw100tccs_unified-all_unified_woody,kfold5_block20_unified,RF,curve+topo_ctr+area,,savi,none,RF
pcoa2_freq_unified,3040,0.4055831466128555,0.3645517808669569,0.1731376767539724,0.2456981637526301,0.0047819366847452,0.7614832460713272,0,RFG2c_curve-topo_ctr-area_savi_raw100tccs_unified-all_unified_woody,kfold5_block20_unified,RF,curve+topo_ctr+area,,savi,none,RF
mpd_unified,2535,0.1448926859814878,108.00253817780349,0.1688557928056463,74.46261657362295,6.585261919232551,0.3579125548661551,0,RFG2c_curve-topo_ctr-area_savi_raw100tccs_unified-all_unified_woody,kfold5_block20_unified,RF,curve+topo_ctr+area,,savi,none,RF
mntd_unified,2535,0.0444032495349149,99.555087820244,0.1556486872007412,65.57348178349102,-5.174237539084914,0.1609281064855355,0,RFG2c_curve-topo_ctr-area_savi_raw100tccs_unified-all_unified_woody,kfold5_block20_unified,RF,curve+topo_ctr+area,,savi,none,RF
ses_pd_unified,2535,0.1041808738359774,1.1387041766364667,0.2084774266597693,0.8335323097281583,-0.0727596395589829,0.2998882431819623,0,RFG2c_curve-topo_ctr-area_savi_raw100tccs_unified-all_unified_woody,kfold5_block20_unified,RF,curve+topo_ctr+area,,savi,none,RF
ses_mpd_unified,2535,0.1431116735490306,1.1765174057823289,0.2139410710240457,0.8729574987768508,-0.0451314780269512,0.3251989391771366,0,RFG2c_curve-topo_ctr-area_savi_raw100tccs_unified-all_unified_woody,kfold5_block20_unified,RF,curve+topo_ctr+area,,savi,none,RF
ses_mntd_unified,2535,0.0556346127725665,1.1886845035280778,0.1958398349712154,0.8886642749037558,-0.0671418081310812,0.2089133075265219,0,RFG2c_curve-topo_ctr-area_savi_raw100tccs_unified-all_unified_woody,kfold5_block20_unified,RF,curve+topo_ctr+area,,savi,none,RF
dark_n_unified,3094,0.5334820350003691,18.965256524934137,0.1772453880834966,15.179949127168426,-1.0877523031922065,0.7266640416625889,0,RFG2c_curve-topo_ctr-area_savi_raw100tccs_unified-all_unified_woody,kfold5_block20_unified,RF,curve+topo_ctr+area,,savi,none,RF
hill_q0_unified,3102,0.3447247017729901,2.4580451107744152,0.175574650769601,1.7349519405300675,-0.1808748177960758,0.6281786905627198,1,RFG2c_curve-topo_ctr-area_savi_raw100tccs_unified-all_unified_woody,kfold5_block20_unified,RF,curve+topo_ctr+area,,savi,none,RF
lcbd_pa_unified,3094,0.3750312830179475,1.1805571528843813e-05,0.2034734986254421,9.361991463567923e-06,-1.189529124968099e-06,0.5491692481720547,1,RFG2c_curve-topo_ctr-area_savi_raw100tccs_unified-all_unified_woody,kfold5_block20_unified,RF,curve+topo_ctr+area,,savi,none,RF
pcoa1_pa_unified,3094,0.4297014102874283,0.2215952037695116,0.1728275991649519,0.1266608001774748,-0.0244800024772602,0.7231999751604858,1,RFG2c_curve-topo_ctr-area_savi_raw100tccs_unified-all_unified_woody,kfold5_block20_unified,RF,curve+topo_ctr+area,,savi,none,RF
pcoa2_pa_unified,3094,0.6053600917949249,0.1696512135468774,0.1621042779602767,0.132488233670063,-0.0020025895607361,0.7881896391901188,1,RFG2c_curve-topo_ctr-area_savi_raw100tccs_unified-all_unified_woody,kfold5_block20_unified,RF,curve+topo_ctr+area,,savi,none,RF
lcbd_freq_unified,3040,0.3543201143688809,2.0164029370825425e-05,0.2023846156304654,1.6113314097711053e-05,-2.6136435617003005e-08,0.5350201805501149,1,RFG2c_curve-topo_ctr-area_savi_raw100tccs_unified-all_unified_woody,kfold5_block20_unified,RF,curve+topo_ctr+area,,savi,none,RF
pcoa1_freq_unified,3040,0.2155745464929768,0.4429434198001034,0.2137226152544757,0.2113405863912844,-0.0668124319466316,0.5627927183777056,1,RFG2c_curve-topo_ctr-area_savi_raw100tccs_unified-all_unified_woody,kfold5_block20_unified,RF,curve+topo_ctr+area,,savi,none,RF
pcoa2_freq_unified,3040,0.4007499896561826,0.3660308514147307,0.1738401361900168,0.2423282911115852,0.0208190588171545,0.7587443751269366,1,RFG2c_curve-topo_ctr-area_savi_raw100tccs_unified-all_unified_woody,kfold5_block20_unified,RF,curve+topo_ctr+area,,savi,none,RF
mpd_unified,2535,0.1182770127922537,109.67047718216024,0.1714635200654303,73.61662883582197,-3.9119756443265294,0.3300751195545395,1,RFG2c_curve-topo_ctr-area_savi_raw100tccs_unified-all_unified_woody,kfold5_block20_unified,RF,curve+topo_ctr+area,,savi,none,RF
mntd_unified,2535,0.0473945674040777,99.39914634645426,0.1554048816232769,65.55457693600641,-6.191914877119308,0.1674409733160689,1,RFG2c_curve-topo_ctr-area_savi_raw100tccs_unified-all_unified_woody,kfold5_block20_unified,RF,curve+topo_ctr+area,,savi,none,RF
ses_pd_unified,2535,0.1007892458444258,1.1408577432709797,0.2088717081942674,0.858523666769522,0.0408714549985679,0.3007330006578457,1,RFG2c_curve-topo_ctr-area_savi_raw100tccs_unified-all_unified_woody,kfold5_block20_unified,RF,curve+topo_ctr+area,,savi,none,RF
ses_mpd_unified,2535,0.1439208648278628,1.1759617601633765,0.2138400309389231,0.8702501724219459,-0.0508921378761031,0.329950420658291,1,RFG2c_curve-topo_ctr-area_savi_raw100tccs_unified-all_unified_woody,kfold5_block20_unified,RF,curve+topo_ctr+area,,savi,none,RF
ses_mntd_unified,2535,0.0501843979463088,1.1921096954110093,0.1964041470414974,0.89048970726636,-0.0775772318757927,0.1939081040635832,1,RFG2c_curve-topo_ctr-area_savi_raw100tccs_unified-all_unified_woody,kfold5_block20_unified,RF,curve+topo_ctr+area,,savi,none,RF
dark_n_unified,3094,0.5286702820171392,19.06281121099136,0.1781571141214145,15.27632487779062,-0.9602927156322608,0.7246441552520164,1,RFG2c_curve-topo_ctr-area_savi_raw100tccs_unified-all_unified_woody,kfold5_block20_unified,RF,curve+topo_ctr+area,,savi,none,RF
hill_q0_unified,3102,0.3464840008639904,2.45474318330065,0.1753387988071892,1.7592040268036169,-0.0196686455317236,0.6214230392176815,2,RFG2c_curve-topo_ctr-area_savi_raw100tccs_unified-all_unified_woody,kfold5_block20_unified,RF,curve+topo_ctr+area,,savi,none,RF
lcbd_pa_unified,3094,0.3816398314179212,1.1742988370517498e-05,0.202394854177897,9.312921546038496e-06,-2.34138698772938e-07,0.5550654629744337,2,RFG2c_curve-topo_ctr-area_savi_raw100tccs_unified-all_unified_woody,kfold5_block20_unified,RF,curve+topo_ctr+area,,savi,none,RF
pcoa1_pa_unified,3094,0.4175333679036994,0.2239467338546199,0.1746616158406745,0.1246010949510575,-0.0349762109424659,0.7250676322672517,2,RFG2c_curve-topo_ctr-area_savi_raw100tccs_unified-all_unified_woody,kfold5_block20_unified,RF,curve+topo_ctr+area,,savi,none,RF
pcoa2_pa_unified,3094,0.6053616063469472,0.1696508880022103,0.1621039668974667,0.1312356019578511,0.005826304729334,0.787920674478454,2,RFG2c_curve-topo_ctr-area_savi_raw100tccs_unified-all_unified_woody,kfold5_block20_unified,RF,curve+topo_ctr+area,,savi,none,RF
lcbd_freq_unified,3040,0.3530979319483215,2.018310420327816e-05,0.2025760680710052,1.6067049011702026e-05,-1.3799485794386115e-06,0.5364672042842349,2,RFG2c_curve-topo_ctr-area_savi_raw100tccs_unified-all_unified_woody,kfold5_block20_unified,RF,curve+topo_ctr+area,,savi,none,RF
pcoa1_freq_unified,3040,0.1983247251581914,0.4477871847247698,0.2160597582418234,0.2085869654828914,-0.0774229488167785,0.5633514416035355,2,RFG2c_curve-topo_ctr-area_savi_raw100tccs_unified-all_unified_woody,kfold5_block20_unified,RF,curve+topo_ctr+area,,savi,none,RF
pcoa2_freq_unified,3040,0.3986227701774713,0.3666799445922692,0.1741484119704522,0.2408671218042208,0.0240873922115655,0.7614100954946043,2,RFG2c_curve-topo_ctr-area_savi_raw100tccs_unified-all_unified_woody,kfold5_block20_unified,RF,curve+topo_ctr+area,,savi,none,RF
mpd_unified,2535,0.1330155328984018,108.75001106282627,0.1700244239205323,72.48134894532014,-5.479420143831236,0.3402068408997202,2,RFG2c_curve-topo_ctr-area_savi_raw100tccs_unified-all_unified_woody,kfold5_block20_unified,RF,curve+topo_ctr+area,,savi,none,RF
mntd_unified,2535,0.0426757602271696,99.64503302728092,0.1557893113888347,65.5029626301089,-5.417001377855362,0.1582705010046332,2,RFG2c_curve-topo_ctr-area_savi_raw100tccs_unified-all_unified_woody,kfold5_block20_unified,RF,curve+topo_ctr+area,,savi,none,RF
ses_pd_unified,2535,0.1032694500058812,1.139283299277253,0.2085834541955848,0.8541721124977089,0.0224071257898403,0.2986973803465037,2,RFG2c_curve-topo_ctr-area_savi_raw100tccs_unified-all_unified_woody,kfold5_block20_unified,RF,curve+topo_ctr+area,,savi,none,RF
ses_mpd_unified,2535,0.1394812243848172,1.1790070954721203,0.2143938028545598,0.8689601997692948,-0.067970895523032,0.3223567832518778,2,RFG2c_curve-topo_ctr-area_savi_raw100tccs_unified-all_unified_woody,kfold5_block20_unified,RF,curve+topo_ctr+area,,savi,none,RF
ses_mntd_unified,2535,0.0459799647206876,1.1947452655047124,0.1968383662230161,0.8938669719751696,-0.0124553211798216,0.1875147354108188,2,RFG2c_curve-topo_ctr-area_savi_raw100tccs_unified-all_unified_woody,kfold5_block20_unified,RF,curve+topo_ctr+area,,savi,none,RF
dark_n_unified,3094,0.5330191833465957,18.9746622979226,0.1773332925039495,15.224281671003135,-0.4316073295108315,0.7267422430662664,2,RFG2c_curve-topo_ctr-area_savi_raw100tccs_unified-all_unified_woody,kfold5_block20_unified,RF,curve+topo_ctr+area,,savi,none,RF
hill_q0_unified,3102,0.3014275070883581,2.5379536764316115,0.1812824054594008,1.7867145285478665,-0.1097343716849393,0.6013954912285423,0,RFG7c_lspu-topo_ctr-area_savi_raw100tccs_unified-all_unified_woody_lsputccs,kfold5_block20_unified,RF,lspu+topo_ctr+area,,savi,none,RF
lcbd_pa_unified,3094,0.3750516008441799,1.180537962683823e-05,0.2034701911216611,9.401237663499527e-06,2.569859687297482e-07,0.5527928031368413,0,RFG7c_lspu-topo_ctr-area_savi_raw100tccs_unified-all_unified_woody_lsputccs,kfold5_block20_unified,RF,lspu+topo_ctr+area,,savi,none,RF
pcoa1_pa_unified,3094,0.4953958486773691,0.2084417050227122,0.1625688590371959,0.1215973666114922,-0.0211087069589206,0.7299223666887701,0,RFG7c_lspu-topo_ctr-area_savi_raw100tccs_unified-all_unified_woody_lsputccs,kfold5_block20_unified,RF,lspu+topo_ctr+area,,savi,none,RF
pcoa2_pa_unified,3094,0.6073540275272888,0.1692220856530918,0.161694239824266,0.1313337831808955,0.0029100889676469,0.7909861461549509,0,RFG7c_lspu-topo_ctr-area_savi_raw100tccs_unified-all_unified_woody_lsputccs,kfold5_block20_unified,RF,lspu+topo_ctr+area,,savi,none,RF
lcbd_freq_unified,3040,0.3462572721897051,2.028953659771815e-05,0.2036443207918892,1.6206500050375595e-05,-1.980479075684468e-06,0.5503912065807599,0,RFG7c_lspu-topo_ctr-area_savi_raw100tccs_unified-all_unified_woody_lsputccs,kfold5_block20_unified,RF,lspu+topo_ctr+area,,savi,none,RF
pcoa1_freq_unified,3040,0.2890913789598424,0.4216764102432132,0.2034611671824133,0.2001472379279326,-0.065578277512999,0.5791766041218116,0,RFG7c_lspu-topo_ctr-area_savi_raw100tccs_unified-all_unified_woody_lsputccs,kfold5_block20_unified,RF,lspu+topo_ctr+area,,savi,none,RF
pcoa2_freq_unified,3040,0.4031564698086598,0.365295155066175,0.1734907297043802,0.2467465797322969,0.0091784884004028,0.7445268097202191,0,RFG7c_lspu-topo_ctr-area_savi_raw100tccs_unified-all_unified_woody_lsputccs,kfold5_block20_unified,RF,lspu+topo_ctr+area,,savi,none,RF
mpd_unified,2535,0.1385146376508388,108.4045729168389,0.1694843511315949,74.5078041901644,4.714478059127639,0.372861265358042,0,RFG7c_lspu-topo_ctr-area_savi_raw100tccs_unified-all_unified_woody_lsputccs,kfold5_block20_unified,RF,lspu+topo_ctr+area,,savi,none,RF
mntd_unified,2535,0.0338258130836016,100.10455579945412,0.1565077489674017,66.06730711115956,-4.483849768583981,0.1628100232205226,0,RFG7c_lspu-topo_ctr-area_savi_raw100tccs_unified-all_unified_woody_lsputccs,kfold5_block20_unified,RF,lspu+topo_ctr+area,,savi,none,RF
ses_pd_unified,2535,0.1008422061379992,1.140824146558313,0.2088655572058503,0.8386687901979841,-0.0549388534506928,0.3035253118129417,0,RFG7c_lspu-topo_ctr-area_savi_raw100tccs_unified-all_unified_woody_lsputccs,kfold5_block20_unified,RF,lspu+topo_ctr+area,,savi,none,RF
ses_mpd_unified,2535,0.1354719302003598,1.181750494726561,0.2148926699107181,0.8732470693968383,-0.0626543905608422,0.3316593837331839,0,RFG7c_lspu-topo_ctr-area_savi_raw100tccs_unified-all_unified_woody_lsputccs,kfold5_block20_unified,RF,lspu+topo_ctr+area,,savi,none,RF
ses_mntd_unified,2535,0.0400813307135002,1.198433083898337,0.1974459469086124,0.8911755103261758,-0.0806390864146667,0.1867192187725237,0,RFG7c_lspu-topo_ctr-area_savi_raw100tccs_unified-all_unified_woody_lsputccs,kfold5_block20_unified,RF,lspu+topo_ctr+area,,savi,none,RF
dark_n_unified,3094,0.5438747172275875,18.752820987486416,0.175260009228845,15.058667755302654,-0.6682432723300262,0.7284509716730051,0,RFG7c_lspu-topo_ctr-area_savi_raw100tccs_unified-all_unified_woody_lsputccs,kfold5_block20_unified,RF,lspu+topo_ctr+area,,savi,none,RF
hill_q0_unified,3102,0.2973748908306075,2.545304723380456,0.1818074802414611,1.7811654190052173,-0.1962848850229208,0.5980404209735399,1,RFG7c_lspu-topo_ctr-area_savi_raw100tccs_unified-all_unified_woody_lsputccs,kfold5_block20_unified,RF,lspu+topo_ctr+area,,savi,none,RF
lcbd_pa_unified,3094,0.3712537125637895,1.1841196665057992e-05,0.2040875113470454,9.386874521900594e-06,-1.2082905801715327e-06,0.5531228693776398,1,RFG7c_lspu-topo_ctr-area_savi_raw100tccs_unified-all_unified_woody_lsputccs,kfold5_block20_unified,RF,lspu+topo_ctr+area,,savi,none,RF
pcoa1_pa_unified,3094,0.4903692661495263,0.2094773218254842,0.1633765622845285,0.120614516930749,-0.0247261217615353,0.7265831359587711,1,RFG7c_lspu-topo_ctr-area_savi_raw100tccs_unified-all_unified_woody_lsputccs,kfold5_block20_unified,RF,lspu+topo_ctr+area,,savi,none,RF
pcoa2_pa_unified,3094,0.6030745222680765,0.170141774485607,0.1625730162917376,0.1329624480270457,-0.0025568237113243,0.7879113707179991,1,RFG7c_lspu-topo_ctr-area_savi_raw100tccs_unified-all_unified_woody_lsputccs,kfold5_block20_unified,RF,lspu+topo_ctr+area,,savi,none,RF
lcbd_freq_unified,3040,0.3498275743102227,2.0234056859466808e-05,0.203087475466246,1.6229591418284626e-05,-3.549240232553494e-07,0.5458301715545036,1,RFG7c_lspu-topo_ctr-area_savi_raw100tccs_unified-all_unified_woody_lsputccs,kfold5_block20_unified,RF,lspu+topo_ctr+area,,savi,none,RF
pcoa1_freq_unified,3040,0.2735862034842353,0.4262500643973493,0.2056679802501695,0.1980154815566895,-0.0758889318090685,0.5841281139102367,1,RFG7c_lspu-topo_ctr-area_savi_raw100tccs_unified-all_unified_woody_lsputccs,kfold5_block20_unified,RF,lspu+topo_ctr+area,,savi,none,RF
pcoa2_freq_unified,3040,0.395792185555471,0.3675418829051738,0.1745577749329555,0.2414740904993882,0.0321638550940992,0.7456824827332351,1,RFG7c_lspu-topo_ctr-area_savi_raw100tccs_unified-all_unified_woody_lsputccs,kfold5_block20_unified,RF,lspu+topo_ctr+area,,savi,none,RF
mpd_unified,2535,0.1178553848236676,109.69669551526955,0.1715045109300703,73.51350130606036,-5.207884324191644,0.3430982540403546,1,RFG7c_lspu-topo_ctr-area_savi_raw100tccs_unified-all_unified_woody_lsputccs,kfold5_block20_unified,RF,lspu+topo_ctr+area,,savi,none,RF
mntd_unified,2535,0.0358469116403956,99.9997987620769,0.1563439673295185,65.79580290844281,-5.068653351074726,0.171044192719389,1,RFG7c_lspu-topo_ctr-area_savi_raw100tccs_unified-all_unified_woody_lsputccs,kfold5_block20_unified,RF,lspu+topo_ctr+area,,savi,none,RF
ses_pd_unified,2535,0.0983882790297967,1.1423798200251525,0.2091503746393365,0.8628689294739611,0.044271340794437,0.3140489500512706,1,RFG7c_lspu-topo_ctr-area_savi_raw100tccs_unified-all_unified_woody_lsputccs,kfold5_block20_unified,RF,lspu+topo_ctr+area,,savi,none,RF
ses_mpd_unified,2535,0.1362752584402629,1.181201319856935,0.2147928064839555,0.8704989841880635,-0.0708587881657674,0.3352693580270702,1,RFG7c_lspu-topo_ctr-area_savi_raw100tccs_unified-all_unified_woody_lsputccs,kfold5_block20_unified,RF,lspu+topo_ctr+area,,savi,none,RF
ses_mntd_unified,2535,0.0305760319121632,1.2043520245158958,0.198421112606749,0.8959839722567364,-0.0612767570983853,0.1592493244000707,1,RFG7c_lspu-topo_ctr-area_savi_raw100tccs_unified-all_unified_woody_lsputccs,kfold5_block20_unified,RF,lspu+topo_ctr+area,,savi,none,RF
dark_n_unified,3094,0.5399577236100389,18.83316914803112,0.1760109266171133,15.109559408746222,-0.8547791004298191,0.7260305606213642,1,RFG7c_lspu-topo_ctr-area_savi_raw100tccs_unified-all_unified_woody_lsputccs,kfold5_block20_unified,RF,lspu+topo_ctr+area,,savi,none,RF
hill_q0_unified,3102,0.2904469249195396,2.557822443939731,0.1827016031385522,1.8231256070936608,-0.0247893483611713,0.5846180435193814,2,RFG7c_lspu-topo_ctr-area_savi_raw100tccs_unified-all_unified_woody_lsputccs,kfold5_block20_unified,RF,lspu+topo_ctr+area,,savi,none,RF
lcbd_pa_unified,3094,0.3726198288417168,1.18283256165183e-05,0.2038656739484112,9.377567037034264e-06,-1.7467726933977297e-07,0.5560963111547628,2,RFG7c_lspu-topo_ctr-area_savi_raw100tccs_unified-all_unified_woody_lsputccs,kfold5_block20_unified,RF,lspu+topo_ctr+area,,savi,none,RF
pcoa1_pa_unified,3094,0.4767418529215732,0.2122595342393686,0.1655464787975173,0.1191916802102663,-0.0359401767864462,0.7274538236485208,2,RFG7c_lspu-topo_ctr-area_savi_raw100tccs_unified-all_unified_woody_lsputccs,kfold5_block20_unified,RF,lspu+topo_ctr+area,,savi,none,RF
pcoa2_pa_unified,3094,0.603959591661971,0.1699519764948716,0.1623916614661326,0.1313032615355,0.0088886411013916,0.7894371238234104,2,RFG7c_lspu-topo_ctr-area_savi_raw100tccs_unified-all_unified_woody_lsputccs,kfold5_block20_unified,RF,lspu+topo_ctr+area,,savi,none,RF
lcbd_freq_unified,3040,0.349723609812573,2.023567453762917e-05,0.2031037119617938,1.617858252903091e-05,-1.078272144945877e-06,0.5434011635191114,2,RFG7c_lspu-topo_ctr-area_savi_raw100tccs_unified-all_unified_woody_lsputccs,kfold5_block20_unified,RF,lspu+topo_ctr+area,,savi,none,RF
pcoa1_freq_unified,3040,0.2690276164897095,0.4275854321137659,0.2063123024545895,0.1983274375758373,-0.077499626775212,0.5778566892661312,2,RFG7c_lspu-topo_ctr-area_savi_raw100tccs_unified-all_unified_woody_lsputccs,kfold5_block20_unified,RF,lspu+topo_ctr+area,,savi,none,RF
pcoa2_freq_unified,3040,0.3943449931320628,0.3679817859432692,0.17476669940956,0.2396681931123447,0.036932627861863,0.7479673759289744,2,RFG7c_lspu-topo_ctr-area_savi_raw100tccs_unified-all_unified_woody_lsputccs,kfold5_block20_unified,RF,lspu+topo_ctr+area,,savi,none,RF
mpd_unified,2535,0.1306245444018823,108.89986438192912,0.1702587110162672,72.8640305903577,-3.60751060504268,0.3595004082024463,2,RFG7c_lspu-topo_ctr-area_savi_raw100tccs_unified-all_unified_woody_lsputccs,kfold5_block20_unified,RF,lspu+topo_ctr+area,,savi,none,RF
mntd_unified,2535,0.0298387652923292,100.31089061133385,0.1568303416474551,66.03064452453715,-5.620861324162468,0.170428038128179,2,RFG7c_lspu-topo_ctr-area_savi_raw100tccs_unified-all_unified_woody_lsputccs,kfold5_block20_unified,RF,lspu+topo_ctr+area,,savi,none,RF
ses_pd_unified,2535,0.1020839929675038,1.140036103642287,0.20872127991013,0.8535483016018052,0.0037047624570192,0.3101134654530305,2,RFG7c_lspu-topo_ctr-area_savi_raw100tccs_unified-all_unified_woody_lsputccs,kfold5_block20_unified,RF,lspu+topo_ctr+area,,savi,none,RF
ses_mpd_unified,2535,0.1350049892134928,1.1820695897752296,0.2149506950076143,0.8772217053612935,-0.0599178110016487,0.3304633243450828,2,RFG7c_lspu-topo_ctr-area_savi_raw100tccs_unified-all_unified_woody_lsputccs,kfold5_block20_unified,RF,lspu+topo_ctr+area,,savi,none,RF
ses_mntd_unified,2535,0.0274879215822355,1.2062687373746974,0.1987368976017083,0.8978403081260224,-0.0188587497405158,0.1641730372191463,2,RFG7c_lspu-topo_ctr-area_savi_raw100tccs_unified-all_unified_woody_lsputccs,kfold5_block20_unified,RF,lspu+topo_ctr+area,,savi,none,RF
dark_n_unified,3094,0.5427124982394798,18.776697123750328,0.1754831506892554,15.106664403327686,0.1551263963829457,0.7273081922336423,2,RFG7c_lspu-topo_ctr-area_savi_raw100tccs_unified-all_unified_woody_lsputccs,kfold5_block20_unified,RF,lspu+topo_ctr+area,,savi,none,RF
lcbd_count_sorensen,2499,0.4461732781020903,1.5772284246616032e-05,0.1923283787779142,1.24776059128018e-05,-1.2475288066030316e-06,0.6038367235156439,0,RFG2c_curve-topo_ctr-area_savi_raw100tccsall_pg-all_unified_woody,kfold5_block20_unified,RF,curve+topo_ctr+area,,savi,none,RF
pd_inext_q0,877,0.0486592769666394,1.5010979096270862,0.2168636536904473,1.155453610436052,-0.0857464994886806,0.2529805745921357,0,RFG2c_curve-topo_ctr-area_savi_raw100tccsall_pg-all_unified_woody,kfold5_block20_unified,RF,curve+topo_ctr+area,,savi,none,RF
pd_inext_q1,877,0.0685676858220083,1.1008856233706157,0.2195339585937681,0.8689807171876284,0.0368971069323754,0.2703196448168545,0,RFG2c_curve-topo_ctr-area_savi_raw100tccsall_pg-all_unified_woody,kfold5_block20_unified,RF,curve+topo_ctr+area,,savi,none,RF
pd_inext_q2,877,0.0717560540140931,0.8952495838504276,0.2337339197745954,0.7121150249727247,-0.0032246702473258,0.2828718598747786,0,RFG2c_curve-topo_ctr-area_savi_raw100tccsall_pg-all_unified_woody,kfold5_block20_unified,RF,curve+topo_ctr+area,,savi,none,RF
td_inext_q0,881,0.0014816208124757,2.3193592957066755,0.2337600273794157,1.794736792232049,-0.0471872124811981,0.1034229456230604,0,RFG2c_curve-topo_ctr-area_savi_raw100tccsall_pg-all_unified_woody,kfold5_block20_unified,RF,curve+topo_ctr+area,,savi,none,RF
td_inext_q1,881,0.0083595155323707,1.684766922049693,0.2058925931575964,1.271178244033245,-0.0122475807791075,0.1762129472322528,0,RFG2c_curve-topo_ctr-area_savi_raw100tccsall_pg-all_unified_woody,kfold5_block20_unified,RF,curve+topo_ctr+area,,savi,none,RF
td_inext_q2,881,0.0245856282807223,1.4898647652893653,0.2001982462919297,1.1475055527541116,0.0416058327206302,0.1735737977932701,0,RFG2c_curve-topo_ctr-area_savi_raw100tccsall_pg-all_unified_woody,kfold5_block20_unified,RF,curve+topo_ctr+area,,savi,none,RF
lcbd_count_sorensen,2499,0.4425314742356412,1.5824056259589255e-05,0.1929596904614673,1.2555156218595942e-05,6.502281825273102e-08,0.5962585128369416,1,RFG2c_curve-topo_ctr-area_savi_raw100tccsall_pg-all_unified_woody,kfold5_block20_unified,RF,curve+topo_ctr+area,,savi,none,RF
pd_inext_q0,877,0.0663632931300181,1.4870649431509977,0.2148363106619861,1.157057835750662,-0.0107392938313659,0.2671366755369988,1,RFG2c_curve-topo_ctr-area_savi_raw100tccsall_pg-all_unified_woody,kfold5_block20_unified,RF,curve+topo_ctr+area,,savi,none,RF
pd_inext_q1,877,0.0589786588146097,1.1065378813918505,0.2206611080015294,0.8662623512052855,-0.0210216804977101,0.2641055853728233,1,RFG2c_curve-topo_ctr-area_savi_raw100tccsall_pg-all_unified_woody,kfold5_block20_unified,RF,curve+topo_ctr+area,,savi,none,RF
pd_inext_q2,877,0.0259439843153193,0.9170753738256188,0.2394322496427171,0.7172146459699723,-0.0817682615432282,0.2444590473077175,1,RFG2c_curve-topo_ctr-area_savi_raw100tccsall_pg-all_unified_woody,kfold5_block20_unified,RF,curve+topo_ctr+area,,savi,none,RF
td_inext_q0,881,-0.0077131975388688,2.330013690005422,0.2348338461308253,1.85156571418777,0.2214123544035468,0.091698753774223,1,RFG2c_curve-topo_ctr-area_savi_raw100tccsall_pg-all_unified_woody,kfold5_block20_unified,RF,curve+topo_ctr+area,,savi,none,RF
td_inext_q1,881,0.0216425573381713,1.6734451390166851,0.2045089766838128,1.2708870716993936,0.0097265206768577,0.1755270154824663,1,RFG2c_curve-topo_ctr-area_savi_raw100tccsall_pg-all_unified_woody,kfold5_block20_unified,RF,curve+topo_ctr+area,,savi,none,RF
td_inext_q2,881,0.0341980544695703,1.482505496608125,0.1992093560796766,1.1444234669363211,0.0514010262534656,0.1843112500215708,1,RFG2c_curve-topo_ctr-area_savi_raw100tccsall_pg-all_unified_woody,kfold5_block20_unified,RF,curve+topo_ctr+area,,savi,none,RF
lcbd_count_sorensen,2499,0.4453445917628836,1.5784079805041146e-05,0.1924722146734135,1.2458079533216576e-05,-1.2304242167944507e-06,0.6000283401367661,2,RFG2c_curve-topo_ctr-area_savi_raw100tccsall_pg-all_unified_woody,kfold5_block20_unified,RF,curve+topo_ctr+area,,savi,none,RF
pd_inext_q0,877,0.0548999802757385,1.4961662798736657,0.2161511810128716,1.1554797542055717,-0.0464186905003944,0.2617827668757261,2,RFG2c_curve-topo_ctr-area_savi_raw100tccsall_pg-all_unified_woody,kfold5_block20_unified,RF,curve+topo_ctr+area,,savi,none,RF
pd_inext_q1,877,0.0636744723513043,1.103773547656934,0.2201098562503779,0.8546530058067756,-0.0918021645448777,0.2721329735247124,2,RFG2c_curve-topo_ctr-area_savi_raw100tccsall_pg-all_unified_woody,kfold5_block20_unified,RF,curve+topo_ctr+area,,savi,none,RF
pd_inext_q2,877,0.0628245022712431,0.8995463130251432,0.2348557201868298,0.7023742310128804,-0.0740627345799659,0.2795544154944533,2,RFG2c_curve-topo_ctr-area_savi_raw100tccsall_pg-all_unified_woody,kfold5_block20_unified,RF,curve+topo_ctr+area,,savi,none,RF
td_inext_q0,881,-0.022545854740299,2.3470989318771367,0.2365558072841097,1.809016022532664,-0.1064738626259454,0.0725830569032998,2,RFG2c_curve-topo_ctr-area_savi_raw100tccsall_pg-all_unified_woody,kfold5_block20_unified,RF,curve+topo_ctr+area,,savi,none,RF
td_inext_q1,881,-0.0033913287706668,1.694719686997464,0.2071089041839854,1.2972896619570082,0.1377457080427078,0.1569597214344766,2,RFG2c_curve-topo_ctr-area_savi_raw100tccsall_pg-all_unified_woody,kfold5_block20_unified,RF,curve+topo_ctr+area,,savi,none,RF
td_inext_q2,881,0.0188310368113683,1.4942531335829192,0.2007879264138581,1.1474220955141516,0.0183369792493595,0.1641063455675578,2,RFG2c_curve-topo_ctr-area_savi_raw100tccsall_pg-all_unified_woody,kfold5_block20_unified,RF,curve+topo_ctr+area,,savi,none,RF
lcbd_count_sorensen,2499,0.455974530532706,1.5632097612252522e-05,0.1906189327844303,1.2329293232783228e-05,-1.3711244342562463e-06,0.6197320455272294,0,RFG7c_lspu-topo_ctr-area_savi_raw100tccsall_pg-all_unified_woody_lsputccsall,kfold5_block20_unified,RF,lspu+topo_ctr+area,,savi,none,RF
pd_inext_q0,877,0.0502611439872688,1.4998336032487851,0.2166809993153902,1.152857157801097,-0.0828678505032297,0.252428123724411,0,RFG7c_lspu-topo_ctr-area_savi_raw100tccsall_pg-all_unified_woody_lsputccsall,kfold5_block20_unified,RF,lspu+topo_ctr+area,,savi,none,RF
pd_inext_q1,877,0.1097800776169115,1.076255055371815,0.2146222348139316,0.8535565100453756,0.0371471564436599,0.3113635167845829,0,RFG7c_lspu-topo_ctr-area_savi_raw100tccsall_pg-all_unified_woody_lsputccsall,kfold5_block20_unified,RF,lspu+topo_ctr+area,,savi,none,RF
pd_inext_q2,877,0.1051883012810613,0.8789797943421981,0.2294861639037572,0.7049197158579374,0.0110209870024851,0.3091290118494452,0,RFG7c_lspu-topo_ctr-area_savi_raw100tccsall_pg-all_unified_woody_lsputccsall,kfold5_block20_unified,RF,lspu+topo_ctr+area,,savi,none,RF
td_inext_q0,881,0.0093731008140247,2.310175947225709,0.2328344701376726,1.7863140693242083,-0.0568077179996751,0.179121891469738,0,RFG7c_lspu-topo_ctr-area_savi_raw100tccsall_pg-all_unified_woody_lsputccsall,kfold5_block20_unified,RF,lspu+topo_ctr+area,,savi,none,RF
td_inext_q1,881,0.0670463663594861,1.6341530656541272,0.199707157055663,1.2344862346367242,-0.0180891274891495,0.2394091512208601,0,RFG7c_lspu-topo_ctr-area_savi_raw100tccsall_pg-all_unified_woody_lsputccsall,kfold5_block20_unified,RF,lspu+topo_ctr+area,,savi,none,RF
td_inext_q2,881,0.0718199823126261,1.4533438645099743,0.1952908074025916,1.119907423204823,0.0519466052992901,0.2410209877992604,0,RFG7c_lspu-topo_ctr-area_savi_raw100tccsall_pg-all_unified_woody_lsputccsall,kfold5_block20_unified,RF,lspu+topo_ctr+area,,savi,none,RF
lcbd_count_sorensen,2499,0.4525645623727335,1.5681012313502744e-05,0.1912154022014635,1.2462491261808662e-05,3.592827488739847e-08,0.6116096372802301,1,RFG7c_lspu-topo_ctr-area_savi_raw100tccsall_pg-all_unified_woody_lsputccsall,kfold5_block20_unified,RF,lspu+topo_ctr+area,,savi,none,RF
pd_inext_q0,877,0.0656289026716893,1.487649684317005,0.2149207882333093,1.1537439831706602,-0.0020899171699747,0.2740540574245965,1,RFG7c_lspu-topo_ctr-area_savi_raw100tccsall_pg-all_unified_woody_lsputccsall,kfold5_block20_unified,RF,lspu+topo_ctr+area,,savi,none,RF
pd_inext_q1,877,0.096595302407169,1.084195803794552,0.2162057453062416,0.8510546808066852,-0.0250902412152237,0.2972410328597781,1,RFG7c_lspu-topo_ctr-area_savi_raw100tccsall_pg-all_unified_woody_lsputccsall,kfold5_block20_unified,RF,lspu+topo_ctr+area,,savi,none,RF
pd_inext_q2,877,0.0577803073959285,0.9019638952804256,0.2354869083907655,0.7110999252460665,-0.0816865762009714,0.2657314133162546,1,RFG7c_lspu-topo_ctr-area_savi_raw100tccsall_pg-all_unified_woody_lsputccsall,kfold5_block20_unified,RF,lspu+topo_ctr+area,,savi,none,RF
td_inext_q0,881,-0.0030987570707836,2.324672861834087,0.2342955629325856,1.8460325841924927,0.2308617127945052,0.1713680249636923,1,RFG7c_lspu-topo_ctr-area_savi_raw100tccsall_pg-all_unified_woody_lsputccsall,kfold5_block20_unified,RF,lspu+topo_ctr+area,,savi,none,RF
td_inext_q1,881,0.0759344339587828,1.6263503083195523,0.1987535949217148,1.236788797924609,0.0007210308536507,0.2438067991575295,1,RFG7c_lspu-topo_ctr-area_savi_raw100tccsall_pg-all_unified_woody_lsputccsall,kfold5_block20_unified,RF,lspu+topo_ctr+area,,savi,none,RF
td_inext_q2,881,0.0737295964772563,1.4518480582447055,0.195089810776538,1.1187006154163244,0.0473380474712628,0.2408842893044711,1,RFG7c_lspu-topo_ctr-area_savi_raw100tccsall_pg-all_unified_woody_lsputccsall,kfold5_block20_unified,RF,lspu+topo_ctr+area,,savi,none,RF
lcbd_count_sorensen,2499,0.4569567183294813,1.5617980082339206e-05,0.1904467826000866,1.2299626509783768e-05,-1.0676107103304354e-06,0.6185151922816905,2,RFG7c_lspu-topo_ctr-area_savi_raw100tccsall_pg-all_unified_woody_lsputccsall,kfold5_block20_unified,RF,lspu+topo_ctr+area,,savi,none,RF
pd_inext_q0,877,0.0528849643914887,1.4977603934751795,0.2163814826459661,1.155597097949453,-0.008645393830836,0.2760645740318485,2,RFG7c_lspu-topo_ctr-area_savi_raw100tccsall_pg-all_unified_woody_lsputccsall,kfold5_block20_unified,RF,lspu+topo_ctr+area,,savi,none,RF
pd_inext_q1,877,0.0919503957303684,1.0869794575236813,0.2167608497689914,0.8496576562762127,-0.0773736330920838,0.2967427801998517,2,RFG7c_lspu-topo_ctr-area_savi_raw100tccsall_pg-all_unified_woody_lsputccsall,kfold5_block20_unified,RF,lspu+topo_ctr+area,,savi,none,RF
pd_inext_q2,877,0.085745396257261,0.8884779274331642,0.2319659593908928,0.7023165168064981,-0.0591860566834739,0.2886564617114037,2,RFG7c_lspu-topo_ctr-area_savi_raw100tccsall_pg-all_unified_woody_lsputccsall,kfold5_block20_unified,RF,lspu+topo_ctr+area,,savi,none,RF
td_inext_q0,881,-0.0160196881421093,2.339597030082327,0.2357997171120529,1.8008248379459662,-0.1254363043816844,0.1515220280357442,2,RFG7c_lspu-topo_ctr-area_savi_raw100tccsall_pg-all_unified_woody_lsputccsall,kfold5_block20_unified,RF,lspu+topo_ctr+area,,savi,none,RF
td_inext_q1,881,0.050255091060856,1.6487932084290675,0.2014963048129461,1.268208923097135,0.1615771498982308,0.2225640439952049,2,RFG7c_lspu-topo_ctr-area_savi_raw100tccsall_pg-all_unified_woody_lsputccsall,kfold5_block20_unified,RF,lspu+topo_ctr+area,,savi,none,RF
td_inext_q2,881,0.0545748724123963,1.466782921848463,0.1970966597011789,1.1215040156263278,0.0249363473605707,0.2166041393969651,2,RFG7c_lspu-topo_ctr-area_savi_raw100tccsall_pg-all_unified_woody_lsputccsall,kfold5_block20_unified,RF,lspu+topo_ctr+area,,savi,none,RF
hill_q0_unified,3102,0.3515523999335878,2.4452056699954947,0.174657547856821,1.7360147212166332,-0.0840420258157852,0.6360933501320991,0,RFG2c_curve-topo_ctr-area_savi_raw100tccsall_unified-all_unified_woody,kfold5_block20_unified,RF,curve+topo_ctr+area,,savi,none,RF
lcbd_pa_unified,3094,0.3783672147573578,1.1774021729555166e-05,0.2029297258799629,9.333923665988911e-06,9.487163183476177e-08,0.5460382187166072,0,RFG2c_curve-topo_ctr-area_savi_raw100tccsall_unified-all_unified_woody,kfold5_block20_unified,RF,curve+topo_ctr+area,,savi,none,RF
pcoa1_pa_unified,3094,0.4669665489439021,0.2142330346344274,0.1670856607356962,0.1245978305429121,-0.019679278173947,0.7371911401632711,0,RFG2c_curve-topo_ctr-area_savi_raw100tccsall_unified-all_unified_woody,kfold5_block20_unified,RF,curve+topo_ctr+area,,savi,none,RF
pcoa2_pa_unified,3094,0.6174318842270132,0.1670362978533701,0.1596056868122337,0.1289550508117683,0.0029555498962091,0.7957774336925435,0,RFG2c_curve-topo_ctr-area_savi_raw100tccsall_unified-all_unified_woody,kfold5_block20_unified,RF,curve+topo_ctr+area,,savi,none,RF
lcbd_freq_unified,3040,0.355146462772682,2.01511221636411e-05,0.2022550671103348,1.5992544145820703e-05,-2.343688644629195e-06,0.5463220373182667,0,RFG2c_curve-topo_ctr-area_savi_raw100tccsall_unified-all_unified_woody,kfold5_block20_unified,RF,curve+topo_ctr+area,,savi,none,RF
pcoa1_freq_unified,3040,0.2538986566856478,0.4319876455558318,0.2084363944439712,0.2099159867313552,-0.0575184930830744,0.5749103526233803,0,RFG2c_curve-topo_ctr-area_savi_raw100tccsall_unified-all_unified_woody,kfold5_block20_unified,RF,curve+topo_ctr+area,,savi,none,RF
pcoa2_freq_unified,3040,0.4252119060072301,0.3584821608913542,0.170255013833341,0.2407546327016177,0.0081314414612056,0.7716528076606258,0,RFG2c_curve-topo_ctr-area_savi_raw100tccsall_unified-all_unified_woody,kfold5_block20_unified,RF,curve+topo_ctr+area,,savi,none,RF
mpd_unified,2535,0.1473875876730181,107.8448664199946,0.1686092820280565,74.15190159656207,6.507005095005815,0.3641643661946642,0,RFG2c_curve-topo_ctr-area_savi_raw100tccsall_unified-all_unified_woody,kfold5_block20_unified,RF,curve+topo_ctr+area,,savi,none,RF
mntd_unified,2535,0.0452674758957634,99.5100596256177,0.1555782881931761,65.90534266189084,-5.418508700207922,0.1616188737107919,0,RFG2c_curve-topo_ctr-area_savi_raw100tccsall_unified-all_unified_woody,kfold5_block20_unified,RF,curve+topo_ctr+area,,savi,none,RF
ses_pd_unified,2535,0.107381713454426,1.136668011650347,0.2081046393764076,0.8261096894150836,-0.0697643365713005,0.3126870864174316,0,RFG2c_curve-topo_ctr-area_savi_raw100tccsall_unified-all_unified_woody,kfold5_block20_unified,RF,curve+topo_ctr+area,,savi,none,RF
ses_mpd_unified,2535,0.1455230134635932,1.174860840994015,0.2136398368533562,0.8704683715315656,-0.0453599210469249,0.3261760093029753,0,RFG2c_curve-topo_ctr-area_savi_raw100tccsall_unified-all_unified_woody,kfold5_block20_unified,RF,curve+topo_ctr+area,,savi,none,RF
ses_mntd_unified,2535,0.0628818065690899,1.1841146525643529,0.19508693640484,0.8838862986046003,-0.0707334664606108,0.2176837261064228,0,RFG2c_curve-topo_ctr-area_savi_raw100tccsall_unified-all_unified_woody,kfold5_block20_unified,RF,curve+topo_ctr+area,,savi,none,RF
dark_n_unified,3094,0.5434088752926152,18.762394696066565,0.175349483140809,14.939876336773075,-1.1071186994298283,0.736031735035003,0,RFG2c_curve-topo_ctr-area_savi_raw100tccsall_unified-all_unified_woody,kfold5_block20_unified,RF,curve+topo_ctr+area,,savi,none,RF
hill_q0_unified,3102,0.3487545308631176,2.4504751794748403,0.17503394139106,1.726871502625941,-0.1681386344805812,0.635521982987517,1,RFG2c_curve-topo_ctr-area_savi_raw100tccsall_unified-all_unified_woody,kfold5_block20_unified,RF,curve+topo_ctr+area,,savi,none,RF
lcbd_pa_unified,3094,0.3744201128237007,1.1811342577964197e-05,0.2035729648437777,9.326515476937756e-06,-1.1684760659393606e-06,0.5476425643616223,1,RFG2c_curve-topo_ctr-area_savi_raw100tccsall_unified-all_unified_woody,kfold5_block20_unified,RF,curve+topo_ctr+area,,savi,none,RF
pcoa1_pa_unified,3094,0.4626235454363661,0.215104018727862,0.1677649628470168,0.1235379248342173,-0.0239015311869266,0.7332874713814068,1,RFG2c_curve-topo_ctr-area_savi_raw100tccsall_unified-all_unified_woody,kfold5_block20_unified,RF,curve+topo_ctr+area,,savi,none,RF
pcoa2_pa_unified,3094,0.6151056522894452,0.1675433660975134,0.1600901981214954,0.1302633613669207,-0.0024523853053548,0.7940798544517049,1,RFG2c_curve-topo_ctr-area_savi_raw100tccsall_unified-all_unified_woody,kfold5_block20_unified,RF,curve+topo_ctr+area,,savi,none,RF
lcbd_freq_unified,3040,0.3580524663331499,2.010566582969583e-05,0.2017988258252078,1.6051581505389742e-05,-8.92287426372657e-08,0.5392759149153902,1,RFG2c_curve-topo_ctr-area_savi_raw100tccsall_unified-all_unified_woody,kfold5_block20_unified,RF,curve+topo_ctr+area,,savi,none,RF
pcoa1_freq_unified,3040,0.2405745414719698,0.4358278628899439,0.2102893202469155,0.2073975696085288,-0.0676441029994684,0.5739143707696086,1,RFG2c_curve-topo_ctr-area_savi_raw100tccsall_unified-all_unified_woody,kfold5_block20_unified,RF,curve+topo_ctr+area,,savi,none,RF
pcoa2_freq_unified,3040,0.4172344562371282,0.3609612649923739,0.1714324222208711,0.2376778211022674,0.0227339273790238,0.7672535460589974,1,RFG2c_curve-topo_ctr-area_savi_raw100tccsall_unified-all_unified_woody,kfold5_block20_unified,RF,curve+topo_ctr+area,,savi,none,RF
mpd_unified,2535,0.1316640284945325,108.83474088808696,0.1701568941574366,73.0762696091407,-3.5261798561933047,0.3352074765979526,1,RFG2c_curve-topo_ctr-area_savi_raw100tccsall_unified-all_unified_woody,kfold5_block20_unified,RF,curve+topo_ctr+area,,savi,none,RF
mntd_unified,2535,0.0465511259935063,99.44314085039458,0.1554736645145614,65.70313857105361,-4.7622655375882985,0.1594559725052886,1,RFG2c_curve-topo_ctr-area_savi_raw100tccsall_unified-all_unified_woody,kfold5_block20_unified,RF,curve+topo_ctr+area,,savi,none,RF
ses_pd_unified,2535,0.1057854264884896,1.1376839206228566,0.2082906350833303,0.8564328897648866,0.0506894327564768,0.3127678445802089,1,RFG2c_curve-topo_ctr-area_savi_raw100tccsall_unified-all_unified_woody,kfold5_block20_unified,RF,curve+topo_ctr+area,,savi,none,RF
ses_mpd_unified,2535,0.1516260859453215,1.1706576206346964,0.2128755120239885,0.8646806046003797,-0.0498659564384549,0.3305679316237942,1,RFG2c_curve-topo_ctr-area_savi_raw100tccsall_unified-all_unified_woody,kfold5_block20_unified,RF,curve+topo_ctr+area,,savi,none,RF
ses_mntd_unified,2535,0.0554575447117234,1.1887959371943426,0.1958581940486214,0.8866359769928506,-0.0704113132712461,0.2001994078106783,1,RFG2c_curve-topo_ctr-area_savi_raw100tccsall_unified-all_unified_woody,kfold5_block20_unified,RF,curve+topo_ctr+area,,savi,none,RF
dark_n_unified,3094,0.5447674024428397,18.73446137735074,0.1750884240873901,14.909228823885403,-0.8543383082180505,0.7375166718343134,1,RFG2c_curve-topo_ctr-area_savi_raw100tccsall_unified-all_unified_woody,kfold5_block20_unified,RF,curve+topo_ctr+area,,savi,none,RF
hill_q0_unified,3102,0.3507503460162222,2.446717419534866,0.1747655299667761,1.751568170728639,-0.0365663313357535,0.6287857323799825,2,RFG2c_curve-topo_ctr-area_savi_raw100tccsall_unified-all_unified_woody,kfold5_block20_unified,RF,curve+topo_ctr+area,,savi,none,RF
lcbd_pa_unified,3094,0.3765615147026999,1.1791109739922146e-05,0.2032242442135668,9.319471559142134e-06,-2.9401823030112134e-07,0.5472118404680861,2,RFG2c_curve-topo_ctr-area_savi_raw100tccsall_unified-all_unified_woody,kfold5_block20_unified,RF,curve+topo_ctr+area,,savi,none,RF
pcoa1_pa_unified,3094,0.4494864306911844,0.2177174412080299,0.1698032359015227,0.1222797436146826,-0.0331832149617579,0.7340418180067305,2,RFG2c_curve-topo_ctr-area_savi_raw100tccsall_unified-all_unified_woody,kfold5_block20_unified,RF,curve+topo_ctr+area,,savi,none,RF
pcoa2_pa_unified,3094,0.612608006491633,0.168086095952204,0.160608784634275,0.1290261305344957,0.0094498940496567,0.7930109640561944,2,RFG2c_curve-topo_ctr-area_savi_raw100tccsall_unified-all_unified_woody,kfold5_block20_unified,RF,curve+topo_ctr+area,,savi,none,RF
lcbd_freq_unified,3040,0.3584142697798365,2.009999922607451e-05,0.2017419506156581,1.597619785455601e-05,-1.2266231481808135e-06,0.5396507545404785,2,RFG2c_curve-topo_ctr-area_savi_raw100tccsall_unified-all_unified_woody,kfold5_block20_unified,RF,curve+topo_ctr+area,,savi,none,RF
pcoa1_freq_unified,3040,0.2325776524759956,0.438116527214561,0.2113936132627538,0.2039423841955074,-0.0768588538265199,0.5776292352222728,2,RFG2c_curve-topo_ctr-area_savi_raw100tccsall_unified-all_unified_woody,kfold5_block20_unified,RF,curve+topo_ctr+area,,savi,none,RF
pcoa2_freq_unified,3040,0.416343462867195,0.3612370974106224,0.1715634241431643,0.2367259053373622,0.0249190871061612,0.7707874306635649,2,RFG2c_curve-topo_ctr-area_savi_raw100tccsall_unified-all_unified_woody,kfold5_block20_unified,RF,curve+topo_ctr+area,,savi,none,RF
mpd_unified,2535,0.1372773433379573,108.48239213586184,0.1696060170307981,72.11816469630935,-4.7751227983703775,0.3429626156610021,2,RFG2c_curve-topo_ctr-area_savi_raw100tccsall_unified-all_unified_woody,kfold5_block20_unified,RF,curve+topo_ctr+area,,savi,none,RF
mntd_unified,2535,0.0422041938107292,99.66957197867715,0.155827676636194,65.90653623114908,-5.861308551842936,0.163030526360456,2,RFG2c_curve-topo_ctr-area_savi_raw100tccsall_unified-all_unified_woody,kfold5_block20_unified,RF,curve+topo_ctr+area,,savi,none,RF
ses_pd_unified,2535,0.1074148985502316,1.1366468823568816,0.2081007709610464,0.8489807972979195,0.0195053541492964,0.3080967879369937,2,RFG2c_curve-topo_ctr-area_savi_raw100tccsall_unified-all_unified_woody,kfold5_block20_unified,RF,curve+topo_ctr+area,,savi,none,RF
ses_mpd_unified,2535,0.1448134932027844,1.1753485162688342,0.2137285170293519,0.8662772981759154,-0.0661597959424346,0.3229195703818799,2,RFG2c_curve-topo_ctr-area_savi_raw100tccsall_unified-all_unified_woody,kfold5_block20_unified,RF,curve+topo_ctr+area,,savi,none,RF
ses_mntd_unified,2535,0.0513829920696683,1.191357282661985,0.196280184469291,0.8907087654651814,-0.0196302389871307,0.1955907204803017,2,RFG2c_curve-topo_ctr-area_savi_raw100tccsall_unified-all_unified_woody,kfold5_block20_unified,RF,curve+topo_ctr+area,,savi,none,RF
dark_n_unified,3094,0.5455894164743165,18.717539315490825,0.1749302739765497,14.92572086322011,-0.2964810324745795,0.7372318690742732,2,RFG2c_curve-topo_ctr-area_savi_raw100tccsall_unified-all_unified_woody,kfold5_block20_unified,RF,curve+topo_ctr+area,,savi,none,RF
hill_q0_unified,3102,0.3030636737583553,2.5349797907074336,0.18106998505053098,1.7797291708672112,-0.07648815291467871,0.6040407499735386,0,RFG7c_lspu-topo_ctr-area_savi_raw100tccsall_unified-all_unified_woody_lsputccsall,kfold5_block20_unified,RF,lspu+topo_ctr+area,,savi,none,RF
lcbd_pa_unified,3094,0.37805088997014213,1.1777017019800995e-05,0.20298135084231467,9.317408085284212e-06,1.7928068906046236e-07,0.5538924307242659,0,RFG7c_lspu-topo_ctr-area_savi_raw100tccsall_unified-all_unified_woody_lsputccsall,kfold5_block20_unified,RF,lspu+topo_ctr+area,,savi,none,RF
pcoa1_pa_unified,3094,0.5176923134363116,0.20378457082548182,0.15893664449191408,0.11992144437361346,-0.017430679688657445,0.7368508071241475,0,RFG7c_lspu-topo_ctr-area_savi_raw100tccsall_unified-all_unified_woody_lsputccsall,kfold5_block20_unified,RF,lspu+topo_ctr+area,,savi,none,RF
pcoa2_pa_unified,3094,0.5998081095952329,0.1708404126394299,0.1632405755217202,0.13105001049556672,0.0016415643197462552,0.7853751565424862,0,RFG7c_lspu-topo_ctr-area_savi_raw100tccsall_unified-all_unified_woody_lsputccsall,kfold5_block20_unified,RF,lspu+topo_ctr+area,,savi,none,RF
lcbd_freq_unified,3040,0.3490061973337202,2.0246833887580432e-05,0.20321571739032385,1.6057338390420833e-05,-2.2508953012826364e-06,0.5514685031421611,0,RFG7c_lspu-topo_ctr-area_savi_raw100tccsall_unified-all_unified_woody_lsputccsall,kfold5_block20_unified,RF,lspu+topo_ctr+area,,savi,none,RF
pcoa1_freq_unified,3040,0.3109455197327472,0.4151444115421006,0.2003094421926378,0.19505272935419055,-0.06761278296043487,0.5875348970284534,0,RFG7c_lspu-topo_ctr-area_savi_raw100tccsall_unified-all_unified_woody_lsputccsall,kfold5_block20_unified,RF,lspu+topo_ctr+area,,savi,none,RF
pcoa2_freq_unified,3040,0.3964680117887309,0.367336271575302,0.17446012332394778,0.24812422922274902,0.005556670046088705,0.7452743698266105,0,RFG7c_lspu-topo_ctr-area_savi_raw100tccsall_unified-all_unified_woody_lsputccsall,kfold5_block20_unified,RF,lspu+topo_ctr+area,,savi,none,RF
mpd_unified,2535,0.14646743427655506,107.90304470794602,0.16870024045460705,74.75919773832817,5.418309017860689,0.3805903962886393,0,RFG7c_lspu-topo_ctr-area_savi_raw100tccsall_unified-all_unified_woody_lsputccsall,kfold5_block20_unified,RF,lspu+topo_ctr+area,,savi,none,RF
mntd_unified,2535,0.045386061396586186,99.50387945661211,0.15556862585232079,65.34713577210113,-5.906732318219654,0.19090261399656308,0,RFG7c_lspu-topo_ctr-area_savi_raw100tccsall_unified-all_unified_woody_lsputccsall,kfold5_block20_unified,RF,lspu+topo_ctr+area,,savi,none,RF
ses_pd_unified,2535,0.1064625855376774,1.137253073884109,0.20821175435098407,0.8367737003413431,-0.07475499916526891,0.31487304322876203,0,RFG7c_lspu-topo_ctr-area_savi_raw100tccsall_unified-all_unified_woody_lsputccsall,kfold5_block20_unified,RF,lspu+topo_ctr+area,,savi,none,RF
ses_mpd_unified,2535,0.13614702460432593,1.1812890007738694,0.21480875061634583,0.882760935588354,-0.04976019492476155,0.3315304860974821,0,RFG7c_lspu-topo_ctr-area_savi_raw100tccsall_unified-all_unified_woody_lsputccsall,kfold5_block20_unified,RF,lspu+topo_ctr+area,,savi,none,RF
ses_mntd_unified,2535,0.06179135229887511,1.1848033850432982,0.1952004074348868,0.8837446640634471,-0.09959508340386249,0.21871607880122063,0,RFG7c_lspu-topo_ctr-area_savi_raw100tccsall_unified-all_unified_woody_lsputccsall,kfold5_block20_unified,RF,lspu+topo_ctr+area,,savi,none,RF
dark_n_unified,3094,0.5404427575828221,18.823238391301544,0.17591811580655647,15.018630061867453,-0.2454762414862088,0.728849682729086,0,RFG7c_lspu-topo_ctr-area_savi_raw100tccsall_unified-all_unified_woody_lsputccsall,kfold5_block20_unified,RF,lspu+topo_ctr+area,,savi,none,RF
hill_q0_unified,3102,0.3056687493206286,2.5302376096015444,0.18073125782868174,1.768451504573411,-0.16839365783549926,0.6043142263196987,1,RFG7c_lspu-topo_ctr-area_savi_raw100tccsall_unified-all_unified_woody_lsputccsall,kfold5_block20_unified,RF,lspu+topo_ctr+area,,savi,none,RF
lcbd_pa_unified,3094,0.37357986287195966,1.1819272140554928e-05,0.20370963385967109,9.30070082028881e-06,-1.1254528997043077e-06,0.5525001378168548,1,RFG7c_lspu-topo_ctr-area_savi_raw100tccsall_unified-all_unified_woody_lsputccsall,kfold5_block20_unified,RF,lspu+topo_ctr+area,,savi,none,RF
pcoa1_pa_unified,3094,0.5113389030727645,0.20512240044579858,0.15998005101623397,0.1184237449405068,-0.02327078442161918,0.7338924704411421,1,RFG7c_lspu-topo_ctr-area_savi_raw100tccsall_unified-all_unified_woody_lsputccsall,kfold5_block20_unified,RF,lspu+topo_ctr+area,,savi,none,RF
pcoa2_pa_unified,3094,0.5998043750627479,0.1708412097665052,0.16324133718859118,0.13159442600373963,-0.0012920451111308338,0.7857725879804278,1,RFG7c_lspu-topo_ctr-area_savi_raw100tccsall_unified-all_unified_woody_lsputccsall,kfold5_block20_unified,RF,lspu+topo_ctr+area,,savi,none,RF
lcbd_freq_unified,3040,0.3521102157839393,2.019850651500221e-05,0.2027306597392065,1.611431677957735e-05,-5.500107185361582e-07,0.5460985961296501,1,RFG7c_lspu-topo_ctr-area_savi_raw100tccsall_unified-all_unified_woody_lsputccsall,kfold5_block20_unified,RF,lspu+topo_ctr+area,,savi,none,RF
pcoa1_freq_unified,3040,0.30877063667774196,0.4157990616742726,0.2006253144509674,0.1944780588199773,-0.07087264504380669,0.586747652786753,1,RFG7c_lspu-topo_ctr-area_savi_raw100tccsall_unified-all_unified_woody_lsputccsall,kfold5_block20_unified,RF,lspu+topo_ctr+area,,savi,none,RF
pcoa2_freq_unified,3040,0.3893969746375854,0.36948187837909674,0.17547914283429852,0.24074282793073432,0.03174138670301717,0.741555918091079,1,RFG7c_lspu-topo_ctr-area_savi_raw100tccsall_unified-all_unified_woody_lsputccsall,kfold5_block20_unified,RF,lspu+topo_ctr+area,,savi,none,RF
mpd_unified,2535,0.11697302638297025,109.75154344599449,0.17159026253352852,74.00816758168469,-4.754499264949627,0.3420635047285206,1,RFG7c_lspu-topo_ctr-area_savi_raw100tccsall_unified-all_unified_woody_lsputccsall,kfold5_block20_unified,RF,lspu+topo_ctr+area,,savi,none,RF
mntd_unified,2535,0.04459684704243427,99.54500271210146,0.15563291971083154,65.32907330339015,-7.018209216440516,0.18850601756167032,1,RFG7c_lspu-topo_ctr-area_savi_raw100tccsall_unified-all_unified_woody_lsputccsall,kfold5_block20_unified,RF,lspu+topo_ctr+area,,savi,none,RF
ses_pd_unified,2535,0.10276789810486553,1.1396018619870063,0.20864177762613137,0.8674189428326817,0.049796536970811794,0.31471171400709436,1,RFG7c_lspu-topo_ctr-area_savi_raw100tccsall_unified-all_unified_woody_lsputccsall,kfold5_block20_unified,RF,lspu+topo_ctr+area,,savi,none,RF
ses_mpd_unified,2535,0.13532930606153115,1.1818479694076462,0.21491039496736972,0.8746149144755418,-0.07746643660096127,0.3351104898844838,1,RFG7c_lspu-topo_ctr-area_savi_raw100tccsall_unified-all_unified_woody_lsputccsall,kfold5_block20_unified,RF,lspu+topo_ctr+area,,savi,none,RF
ses_mntd_unified,2535,0.05501644112312454,1.1890734900684528,0.1959039218333281,0.8857909859062605,-0.061564518760279845,0.20142347016833204,1,RFG7c_lspu-topo_ctr-area_savi_raw100tccsall_unified-all_unified_woody_lsputccsall,kfold5_block20_unified,RF,lspu+topo_ctr+area,,savi,none,RF
dark_n_unified,3094,0.5393195995563107,18.846226354121622,0.1761329565805759,14.978567959538228,-0.7952134433395659,0.7289889236601301,1,RFG7c_lspu-topo_ctr-area_savi_raw100tccsall_unified-all_unified_woody_lsputccsall,kfold5_block20_unified,RF,lspu+topo_ctr+area,,savi,none,RF
hill_q0_unified,3102,0.30147595287371987,2.5378656717563066,0.18127611941116475,1.8028597128787993,-0.007443446867231219,0.5937701024542063,2,RFG7c_lspu-topo_ctr-area_savi_raw100tccsall_unified-all_unified_woody_lsputccsall,kfold5_block20_unified,RF,lspu+topo_ctr+area,,savi,none,RF
lcbd_pa_unified,3094,0.3769103869570556,1.178781016283528e-05,0.20316737475221056,9.304203491397587e-06,-2.494882833957255e-07,0.556020689683481,2,RFG7c_lspu-topo_ctr-area_savi_raw100tccsall_unified-all_unified_woody_lsputccsall,kfold5_block20_unified,RF,lspu+topo_ctr+area,,savi,none,RF
pcoa1_pa_unified,3094,0.4966203946181794,0.20818863389176306,0.1623714825812263,0.11733446559933514,-0.03439153959315576,0.7326913002282816,2,RFG7c_lspu-topo_ctr-area_savi_raw100tccsall_unified-all_unified_woody_lsputccsall,kfold5_block20_unified,RF,lspu+topo_ctr+area,,savi,none,RF
pcoa2_pa_unified,3094,0.6007832616458939,0.17063214131664947,0.1630415691503934,0.1301586705338537,0.006912688319632156,0.7867807131334913,2,RFG7c_lspu-topo_ctr-area_savi_raw100tccsall_unified-all_unified_woody_lsputccsall,kfold5_block20_unified,RF,lspu+topo_ctr+area,,savi,none,RF
lcbd_freq_unified,3040,0.35396734536153784,2.0169536955515238e-05,0.2024398947807782,1.605843083707078e-05,-8.938764976790012e-07,0.5441725322977368,2,RFG7c_lspu-topo_ctr-area_savi_raw100tccsall_unified-all_unified_woody_lsputccsall,kfold5_block20_unified,RF,lspu+topo_ctr+area,,savi,none,RF
pcoa1_freq_unified,3040,0.30230343973191776,0.4177396577087122,0.2015616626189119,0.1960783212651693,-0.06962188583053705,0.5905703760220616,2,RFG7c_lspu-topo_ctr-area_savi_raw100tccsall_unified-all_unified_woody_lsputccsall,kfold5_block20_unified,RF,lspu+topo_ctr+area,,savi,none,RF
pcoa2_freq_unified,3040,0.3893204749853679,0.36950502299906474,0.17549013497846272,0.2408860890817756,0.030551822511707193,0.7434210204197599,2,RFG7c_lspu-topo_ctr-area_savi_raw100tccsall_unified-all_unified_woody_lsputccsall,kfold5_block20_unified,RF,lspu+topo_ctr+area,,savi,none,RF
mpd_unified,2535,0.13036844157113803,108.91590320020619,0.1702837867915363,73.45200096161815,-3.442160622170063,0.3554813069982193,2,RFG7c_lspu-topo_ctr-area_savi_raw100tccsall_unified-all_unified_woody_lsputccsall,kfold5_block20_unified,RF,lspu+topo_ctr+area,,savi,none,RF
mntd_unified,2535,0.0379790717868399,99.88916612672331,0.15617099953016872,65.80486251847992,-8.14630207846111,0.1832472710410496,2,RFG7c_lspu-topo_ctr-area_savi_raw100tccsall_unified-all_unified_woody_lsputccsall,kfold5_block20_unified,RF,lspu+topo_ctr+area,,savi,none,RF
ses_pd_unified,2535,0.1077269829614167,1.1364481557677442,0.20806438749222078,0.8557901053536328,-0.0008023997120610002,0.31613736643877344,2,RFG7c_lspu-topo_ctr-area_savi_raw100tccsall_unified-all_unified_woody_lsputccsall,kfold5_block20_unified,RF,lspu+topo_ctr+area,,savi,none,RF
ses_mpd_unified,2535,0.1357544384604319,1.1815573942557747,0.21485755600476802,0.876298484954145,-0.07051441013150514,0.3314461803271454,2,RFG7c_lspu-topo_ctr-area_savi_raw100tccsall_unified-all_unified_woody_lsputccsall,kfold5_block20_unified,RF,lspu+topo_ctr+area,,savi,none,RF
ses_mntd_unified,2535,0.049042304009368265,1.1928261988134492,0.1965221934261131,0.8899537445155994,-0.022541244960819093,0.19663036617523247,2,RFG7c_lspu-topo_ctr-area_savi_raw100tccsall_unified-all_unified_woody_lsputccsall,kfold5_block20_unified,RF,lspu+topo_ctr+area,,savi,none,RF
dark_n_unified,3094,0.5434971663153689,18.760580566293843,0.1753325286569518,14.984392450695742,0.403254428491782,0.730760548342685,2,RFG7c_lspu-topo_ctr-area_savi_raw100tccsall_unified-all_unified_woody_lsputccsall,kfold5_block20_unified,RF,lspu+topo_ctr+area,,savi,none,RF
