tile_id,xmin,ymin,xmax,ymax,native_px240,native_frac
t2_446,19980,4455540,29970,4465530,1006,0.334664005322688
t2_447,19980,4465530,29970,4475520,771,0.2564870259481038
t2_448,19980,4475520,29970,4485510,1261,0.4194943446440452
t2_449,19980,4485510,29970,4495500,109,0.03626081170991351
t2_450,19980,4495500,29970,4505490,542,0.18030605455755155
t2_451,19980,4505490,29970,4515480,347,0.11543579507651364
t2_452,19980,4515480,29970,4525470,6,0.001996007984031936
t2_453,19980,4525470,29970,4535460,1947,0.6477045908183633
t2_454,19980,4535460,29970,4545450,1373,0.45675316034597474
t2_455,19980,4545450,29970,4555440,1806,0.6007984031936128
t2_456,19980,4555440,29970,4565430,1774,0.5901530272787758
t2_457,19980,4565430,29970,4575420,1758,0.5848303393213573
t2_458,19980,4575420,29970,4585410,1712,0.5695276114437791
t2_459,19980,4585410,29970,4595400,1765,0.5871590153027278
t2_460,19980,4595400,29970,4605390,1547,0.5146373918829009
t2_461,19980,4605390,29970,4615380,1601,0.5326014637391883
t2_462,19980,4615380,29970,4625370,1636,0.5442448436460412
t2_463,19980,4625370,29970,4635360,1445,0.48070525615435794
t2_464,19980,4635360,29970,4645350,1817,0.604457751164338
t2_465,19980,4645350,29970,4655340,2289,0.7614770459081837
t2_466,19980,4655340,29970,4665330,1295,0.43080505655355955
t2_467,19980,4665330,29970,4675320,2,0.0006653359946773121
t2_468,19980,4675320,29970,4685310,1,0.00033266799733865603
t2_469,19980,4685310,29970,4695300,648,0.2155688622754491
t2_470,19980,4695300,29970,4705290,18,0.005988023952095809
t2_478,19980,4775220,29970,4785210,29,0.009647371922821025
t2_479,19980,4785210,29970,4795200,684,0.2275449101796407
t2_480,19980,4795200,29970,4805190,262,0.08715901530272788
t2_481,19980,4805190,29970,4815180,956,0.3180306054557552
t2_482,19980,4815180,29970,4825170,2205,0.7335329341317365
t2_483,19980,4825170,29970,4835160,2536,0.8436460412508316
t2_484,19980,4835160,29970,4845150,2139,0.7115768463073853
t2_485,19980,4845150,29970,4855140,756,0.25149700598802394
t2_486,19980,4855140,29970,4865130,1,0.00033266799733865603
t2_489,19980,4885110,29970,4895100,2,0.0006653359946773121
t2_490,19980,4895100,29970,4905090,310,0.10312707917498337
t2_501,19980,5004990,29970,5014980,559,0.18596141051230872
t2_502,19980,5014980,29970,5024970,271,0.09015302727877578
t2_516,19980,5154840,29970,5164830,72,0.023952095808383235
t3_437,29970,4365630,39960,4375620,12,0.003992015968063872
t3_439,29970,4385610,39960,4395600,10,0.00332667997338656
t3_440,29970,4395600,39960,4405590,26,0.008649367930805056
t3_441,29970,4405590,39960,4415580,64,0.021290751829673986
t3_443,29970,4425570,39960,4435560,2,0.0006653359946773121
t3_446,29970,4455540,39960,4465530,164,0.054557551563539586
t3_447,29970,4465530,39960,4475520,2163,0.719560878243513
t3_448,29970,4475520,39960,4485510,2657,0.8838988689288091
t3_449,29970,4485510,39960,4495500,942,0.313373253493014
t3_450,29970,4495500,39960,4505490,1308,0.4351297405189621
t3_451,29970,4505490,39960,4515480,1359,0.45209580838323354
t3_452,29970,4515480,39960,4525470,1731,0.5758483033932136
t3_453,29970,4525470,39960,4535460,706,0.23486360612109114
t3_454,29970,4535460,39960,4545450,1588,0.5282767797737857
t3_455,29970,4545450,39960,4555440,1613,0.5365934797072521
t3_456,29970,4555440,39960,4565430,1707,0.5678642714570858
t3_457,29970,4565430,39960,4575420,1718,0.571523619427811
t3_458,29970,4575420,39960,4585410,1096,0.364604125083167
t3_459,29970,4585410,39960,4595400,1790,0.5954757152361942
t3_460,29970,4595400,39960,4605390,1808,0.6014637391882901
t3_461,29970,4605390,39960,4615380,1599,0.5319361277445109
t3_462,29970,4615380,39960,4625370,1288,0.42847638057218895
t3_463,29970,4625370,39960,4635360,1847,0.6144377910844977
t3_464,29970,4635360,39960,4645350,2031,0.6756487025948104
t3_465,29970,4645350,39960,4655340,1622,0.5395874916833001
t3_466,29970,4655340,39960,4665330,1071,0.3562874251497006
t3_467,29970,4665330,39960,4675320,792,0.2634730538922156
t3_468,29970,4675320,39960,4685310,390,0.12974051896207583
t3_469,29970,4685310,39960,4695300,1415,0.4707252162341983
t3_470,29970,4695300,39960,4705290,172,0.057218895542248835
t3_480,29970,4795200,39960,4805190,198,0.0658682634730539
t3_481,29970,4805190,39960,4815180,234,0.07784431137724551
t3_482,29970,4815180,39960,4825170,1171,0.3895542248835662
t3_483,29970,4825170,39960,4835160,2358,0.7844311377245509
t3_484,29970,4835160,39960,4845150,2472,0.8223552894211577
t3_485,29970,4845150,39960,4855140,2075,0.6902860944777113
t3_486,29970,4855140,39960,4865130,1514,0.5036593479707252
t3_487,29970,4865130,39960,4875120,242,0.08050565535595476
t3_488,29970,4875120,39960,4885110,1656,0.5508982035928144
t3_489,29970,4885110,39960,4895100,1212,0.4031936127744511
t3_490,29970,4895100,39960,4905090,1765,0.5871590153027278
t3_491,29970,4905090,39960,4915080,96,0.031936127744510975
t3_493,29970,4925070,39960,4935060,123,0.04091816367265469
t3_504,29970,5034960,39960,5044950,101,0.03359946773120426
t3_505,29970,5044950,39960,5054940,249,0.08283433133732535
t3_515,29970,5144850,39960,5154840,1048,0.3486360612109115
t3_516,29970,5154840,39960,5164830,1545,0.5139720558882236
t4_435,39960,4345650,49950,4355640,41,0.013639387890884896
t4_436,39960,4355640,49950,4365630,985,0.3276779773785762
t4_437,39960,4365630,49950,4375620,1585,0.5272787757817698
t4_438,39960,4375620,49950,4385610,1170,0.38922155688622756
t4_439,39960,4385610,49950,4395600,897,0.29840319361277445
t4_440,39960,4395600,49950,4405590,1232,0.4098469727212242
t4_441,39960,4405590,49950,4415580,1293,0.4301397205588822
t4_442,39960,4415580,49950,4425570,1292,0.42980705256154356
t4_443,39960,4425570,49950,4435560,825,0.2744510978043912
t4_444,39960,4435560,49950,4445550,1211,0.40286094477711243
t4_445,39960,4445550,49950,4455540,12,0.003992015968063872
t4_446,39960,4455540,49950,4465530,1814,0.603459747172322
t4_447,39960,4465530,49950,4475520,2304,0.7664670658682635
t4_448,39960,4475520,49950,4485510,1944,0.6467065868263473
t4_449,39960,4485510,49950,4495500,1369,0.4554224883566201
t4_450,39960,4495500,49950,4505490,1323,0.44011976047904194
t4_451,39960,4505490,49950,4515480,1474,0.490352628077179
t4_452,39960,4515480,49950,4525470,1349,0.44876912840984695
t4_453,39960,4525470,49950,4535460,827,0.2751164337990685
t4_454,39960,4535460,49950,4545450,1022,0.33998669328010644
t4_455,39960,4545450,49950,4555440,1667,0.5545575515635396
t4_456,39960,4555440,49950,4565430,2121,0.7055888223552894
t4_457,39960,4565430,49950,4575420,2192,0.729208250166334
t4_458,39960,4575420,49950,4585410,1544,0.5136393878908849
t4_459,39960,4585410,49950,4595400,1532,0.5096473719228211
t4_460,39960,4595400,49950,4605390,2008,0.6679973386560213
t4_461,39960,4605390,49950,4615380,1900,0.6320691949434465
t4_462,39960,4615380,49950,4625370,1933,0.6430472388556221
t4_463,39960,4625370,49950,4635360,1515,0.5039920159680639
t4_464,39960,4635360,49950,4645350,1190,0.3958749168330007
t4_465,39960,4645350,49950,4655340,1947,0.6477045908183633
t4_466,39960,4655340,49950,4665330,1610,0.5355954757152362
t4_467,39960,4665330,49950,4675320,2011,0.6689953426480373
t4_468,39960,4675320,49950,4685310,1382,0.4597471723220226
t4_469,39960,4685310,49950,4695300,1900,0.6320691949434465
t4_470,39960,4695300,49950,4705290,1332,0.4431137724550898
t4_471,39960,4705290,49950,4715280,1,0.00033266799733865603
t4_480,39960,4795200,49950,4805190,13,0.004324683965402528
t4_481,39960,4805190,49950,4815180,2043,0.6796407185628742
t4_482,39960,4815180,49950,4825170,2498,0.8310046573519627
t4_483,39960,4825170,49950,4835160,1857,0.6177644710578842
t4_484,39960,4835160,49950,4845150,2336,0.7771124417831005
t4_485,39960,4845150,49950,4855140,2411,0.8020625415834997
t4_486,39960,4855140,49950,4865130,1949,0.6483699268130406
t4_487,39960,4865130,49950,4875120,794,0.26413838988689287
t4_488,39960,4875120,49950,4885110,1938,0.6447105788423154
t4_489,39960,4885110,49950,4895100,2172,0.7225548902195609
t4_490,39960,4895100,49950,4905090,1705,0.5671989354624085
t4_491,39960,4905090,49950,4915080,50,0.0166333998669328
t4_492,39960,4915080,49950,4925070,205,0.06819693945442448
t4_493,39960,4925070,49950,4935060,1197,0.39820359281437123
t4_494,39960,4935060,49950,4945050,35,0.011643379906852961
t4_504,39960,5034960,49950,5044950,944,0.3140385894876913
t4_505,39960,5044950,49950,5054940,801,0.26646706586826346
t4_515,39960,5144850,49950,5154840,527,0.17531603459747172
t4_516,39960,5154840,49950,5164830,1444,0.4803725881570193
t5_435,49950,4345650,59940,4355640,321,0.10678642714570859
t5_436,49950,4355640,59940,4365630,2278,0.7578176979374585
t5_437,49950,4365630,59940,4375620,2268,0.7544910179640718
t5_438,49950,4375620,59940,4385610,2401,0.7987358616101131
t5_439,49950,4385610,59940,4395600,1406,0.46773120425815035
t5_440,49950,4395600,59940,4405590,1902,0.6327345309381237
t5_441,49950,4405590,59940,4415580,2095,0.6969394544244844
t5_442,49950,4415580,59940,4425570,1015,0.33765801729873585
t5_443,49950,4425570,59940,4435560,1752,0.5828343313373253
t5_444,49950,4435560,59940,4445550,1196,0.3978709248170326
t5_445,49950,4445550,59940,4455540,60,0.01996007984031936
t5_446,49950,4455540,59940,4465530,1762,0.5861610113107119
t5_447,49950,4465530,59940,4475520,1914,0.6367265469061876
t5_448,49950,4475520,59940,4485510,1988,0.6613439787092482
t5_449,49950,4485510,59940,4495500,1566,0.5209580838323353
t5_450,49950,4495500,59940,4505490,1184,0.39387890884896876
t5_451,49950,4505490,59940,4515480,1235,0.41084497671324016
t5_452,49950,4515480,59940,4525470,1193,0.39687292082501663
t5_453,49950,4525470,59940,4535460,1577,0.5246174318030605
t5_454,49950,4535460,59940,4545450,1585,0.5272787757817698
t5_455,49950,4545450,59940,4555440,1751,0.5825016633399867
t5_456,49950,4555440,59940,4565430,1722,0.5728542914171657
t5_457,49950,4565430,59940,4575420,1783,0.5931470392548237
t5_458,49950,4575420,59940,4585410,1886,0.6274118429807053
t5_459,49950,4585410,59940,4595400,1842,0.6127744510978044
t5_460,49950,4595400,59940,4605390,1611,0.5359281437125748
t5_461,49950,4605390,59940,4615380,1351,0.4494344644045243
t5_462,49950,4615380,59940,4625370,1298,0.4318030605455755
t5_463,49950,4625370,59940,4635360,1927,0.6410512308715901
t5_464,49950,4635360,59940,4645350,2133,0.7095808383233533
t5_465,49950,4645350,59940,4655340,2017,0.6709913506320692
t5_466,49950,4655340,59940,4665330,1823,0.60645375914837
t5_467,49950,4665330,59940,4675320,1998,0.6646706586826348
t5_468,49950,4675320,59940,4685310,1521,0.5059880239520959
t5_469,49950,4685310,59940,4695300,985,0.3276779773785762
t5_470,49950,4695300,59940,4705290,1168,0.38855622089155023
t5_480,49950,4795200,59940,4805190,593,0.19727212242182302
t5_481,49950,4805190,59940,4815180,2640,0.8782435129740519
t5_482,49950,4815180,59940,4825170,2446,0.8137059214903526
t5_483,49950,4825170,59940,4835160,2554,0.8496340652029275
t5_484,49950,4835160,59940,4845150,2430,0.8083832335329342
t5_485,49950,4845150,59940,4855140,2557,0.8506320691949435
t5_486,49950,4855140,59940,4865130,2506,0.833666001330672
t5_487,49950,4865130,59940,4875120,1733,0.5765136393878909
t5_488,49950,4875120,59940,4885110,1223,0.4068529607451763
t5_489,49950,4885110,59940,4895100,1883,0.6264138389886893
t5_490,49950,4895100,59940,4905090,2006,0.667332002661344
t5_491,49950,4905090,59940,4915080,947,0.31503659347970725
t5_492,49950,4915080,59940,4925070,544,0.18097139055222888
t5_493,49950,4925070,59940,4935060,461,0.15335994677312043
t5_494,49950,4935060,59940,4945050,9,0.0029940119760479044
t5_497,49950,4965030,59940,4975020,144,0.04790419161676647
t5_500,49950,4995000,59940,5004990,58,0.01929474384564205
t5_501,49950,5004990,59940,5014980,86,0.028609447771124417
t5_503,49950,5024970,59940,5034960,1,0.00033266799733865603
t5_504,49950,5034960,59940,5044950,1437,0.4780439121756487
t5_505,49950,5044950,59940,5054940,5,0.00166333998669328
t5_506,49950,5054940,59940,5064930,231,0.07684630738522955
t5_515,49950,5144850,59940,5154840,28,0.009314703925482368
t5_516,49950,5154840,59940,5164830,37,0.012308715901530274
t6_426,59940,4255740,69930,4265730,583,0.19394544244843645
t6_427,59940,4265730,69930,4275720,1588,0.5282767797737857
t6_428,59940,4275720,69930,4285710,423,0.1407185628742515
t6_429,59940,4285710,69930,4295700,431,0.14337990685296076
t6_430,59940,4295700,69930,4305690,148,0.049234863606121095
t6_436,59940,4355640,69930,4365630,109,0.03626081170991351
t6_437,59940,4365630,69930,4375620,85,0.028276779773785763
t6_438,59940,4375620,69930,4385610,1375,0.457418496340652
t6_439,59940,4385610,69930,4395600,1572,0.5229540918163673
t6_440,59940,4395600,69930,4405590,1956,0.6506986027944112
t6_441,59940,4405590,69930,4415580,1933,0.6430472388556221
t6_442,59940,4415580,69930,4425570,1991,0.6623419827012641
t6_443,59940,4425570,69930,4435560,1821,0.6057884231536926
t6_444,59940,4435560,69930,4445550,956,0.3180306054557552
t6_445,59940,4445550,69930,4455540,422,0.14038589487691283
t6_446,59940,4455540,69930,4465530,2150,0.7152361942781105
t6_447,59940,4465530,69930,4475520,2405,0.8000665335994678
t6_448,59940,4475520,69930,4485510,2105,0.7002661343978709
t6_449,59940,4485510,69930,4495500,1749,0.5818363273453094
t6_450,59940,4495500,69930,4505490,1551,0.5159680638722555
t6_451,59940,4505490,69930,4515480,1454,0.48369926813040587
t6_452,59940,4515480,69930,4525470,1296,0.4311377245508982
t6_453,59940,4525470,69930,4535460,1443,0.48003992015968067
t6_454,59940,4535460,69930,4545450,1516,0.5043246839654025
t6_455,59940,4545450,69930,4555440,1665,0.5538922155688623
t6_456,59940,4555440,69930,4565430,1369,0.4554224883566201
t6_457,59940,4565430,69930,4575420,1902,0.6327345309381237
t6_458,59940,4575420,69930,4585410,1943,0.6463739188290086
t6_459,59940,4585410,69930,4595400,1901,0.632401862940785
t6_460,59940,4595400,69930,4605390,1524,0.5069860279441117
t6_461,59940,4605390,69930,4615380,2371,0.7887558216899534
t6_462,59940,4615380,69930,4625370,1733,0.5765136393878909
t6_463,59940,4625370,69930,4635360,2306,0.7671324018629407
t6_464,59940,4635360,69930,4645350,2123,0.7062541583499667
t6_465,59940,4645350,69930,4655340,1983,0.6596806387225549
t6_466,59940,4655340,69930,4665330,1990,0.6620093147039254
t6_467,59940,4665330,69930,4675320,1991,0.6623419827012641
t6_468,59940,4675320,69930,4685310,2073,0.689620758483034
t6_469,59940,4685310,69930,4695300,875,0.291084497671324
t6_470,59940,4695300,69930,4705290,58,0.01929474384564205
t6_471,59940,4705290,69930,4715280,52,0.017298735861610112
t6_479,59940,4785210,69930,4795200,6,0.001996007984031936
t6_480,59940,4795200,69930,4805190,1358,0.4517631403858949
t6_481,59940,4805190,69930,4815180,2608,0.867598137059215
t6_482,59940,4815180,69930,4825170,2252,0.7491683300066534
t6_483,59940,4825170,69930,4835160,2029,0.674983366600133
t6_484,59940,4835160,69930,4845150,2473,0.8226879574184963
t6_485,59940,4845150,69930,4855140,2302,0.7658017298735862
t6_486,59940,4855140,69930,4865130,2551,0.8486360612109115
t6_487,59940,4865130,69930,4875120,2519,0.8379906852960746
t6_488,59940,4875120,69930,4885110,2408,0.8010645375914837
t6_489,59940,4885110,69930,4895100,1752,0.5828343313373253
t6_490,59940,4895100,69930,4905090,1798,0.5981370592149036
t6_491,59940,4905090,69930,4915080,936,0.31137724550898205
t6_492,59940,4915080,69930,4925070,1778,0.5914836992681304
t6_493,59940,4925070,69930,4935060,1959,0.6516966067864272
t6_494,59940,4935060,69930,4945050,505,0.1679973386560213
t6_495,59940,4945050,69930,4955040,257,0.0854956753160346
t6_496,59940,4955040,69930,4965030,109,0.03626081170991351
t6_497,59940,4965030,69930,4975020,555,0.18463073852295409
t6_498,59940,4975020,69930,4985010,908,0.30206254158349966
t6_501,59940,5004990,69930,5014980,75,0.0249500998003992
t6_502,59940,5014980,69930,5024970,228,0.07584830339321358
t6_503,59940,5024970,69930,5034960,1305,0.4341317365269461
t6_504,59940,5034960,69930,5044950,1625,0.540585495675316
t6_505,59940,5044950,69930,5054940,54,0.017964071856287425
t6_506,59940,5054940,69930,5064930,2289,0.7614770459081837
t6_507,59940,5064930,69930,5074920,452,0.15036593479707253
t6_508,59940,5074920,69930,5084910,79,0.026280771789753826
t6_509,59940,5084910,69930,5094900,93,0.03093812375249501
t6_519,59940,5184810,69930,5194800,319,0.10612109115103127
t6_520,59940,5194800,69930,5204790,1738,0.5781769793745841
t6_521,59940,5204790,69930,5214780,895,0.2977378576180971
t6_522,59940,5214780,69930,5224770,162,0.05389221556886228
t7_423,69930,4225770,79920,4235760,17,0.005655355954757153
t7_424,69930,4235760,79920,4245750,142,0.047238855622089154
t7_426,69930,4255740,79920,4265730,133,0.044244843646041254
t7_427,69930,4265730,79920,4275720,735,0.24451097804391217
t7_428,69930,4275720,79920,4285710,1419,0.4720558882235529
t7_429,69930,4285710,79920,4295700,2024,0.6733200266134398
t7_430,69930,4295700,79920,4305690,1231,0.40951430472388556
t7_431,69930,4305690,79920,4315680,106,0.03526280771789754
t7_432,69930,4315680,79920,4325670,88,0.02927478376580173
t7_433,69930,4325670,79920,4335660,425,0.1413838988689288
t7_434,69930,4335660,79920,4345650,108,0.03592814371257485
t7_435,69930,4345650,79920,4355640,246,0.08183632734530938
t7_436,69930,4355640,79920,4365630,1516,0.5043246839654025
t7_437,69930,4365630,79920,4375620,905,0.3010645375914837
t7_438,69930,4375620,79920,4385610,2,0.0006653359946773121
t7_439,69930,4385610,79920,4395600,444,0.14770459081836326
t7_440,69930,4395600,79920,4405590,1276,0.4244843646041251
t7_441,69930,4405590,79920,4415580,1955,0.6503659347970725
t7_442,69930,4415580,79920,4425570,2038,0.677977378576181
t7_443,69930,4425570,79920,4435560,1689,0.56187624750499
t7_444,69930,4435560,79920,4445550,162,0.05389221556886228
t7_445,69930,4445550,79920,4455540,627,0.2085828343313373
t7_446,69930,4455540,79920,4465530,882,0.2934131736526946
t7_447,69930,4465530,79920,4475520,1595,0.5306054557551564
t7_448,69930,4475520,79920,4485510,1133,0.3769128409846973
t7_449,69930,4485510,79920,4495500,1153,0.38356620093147037
t7_450,69930,4495500,79920,4505490,1545,0.5139720558882236
t7_451,69930,4505490,79920,4515480,1947,0.6477045908183633
t7_452,69930,4515480,79920,4525470,1816,0.6041250831669993
t7_453,69930,4525470,79920,4535460,1748,0.5815036593479708
t7_454,69930,4535460,79920,4545450,1720,0.5721889554224884
t7_455,69930,4545450,79920,4555440,1470,0.48902195608782434
t7_456,69930,4555440,79920,4565430,1831,0.6091151031270792
t7_457,69930,4565430,79920,4575420,2229,0.7415169660678643
t7_458,69930,4575420,79920,4585410,2121,0.7055888223552894
t7_459,69930,4585410,79920,4595400,1750,0.582168995342648
t7_460,69930,4595400,79920,4605390,1800,0.5988023952095808
t7_461,69930,4605390,79920,4615380,2341,0.7787757817697938
t7_462,69930,4615380,79920,4625370,1391,0.46274118429807054
t7_463,69930,4625370,79920,4635360,1979,0.6583499667332002
t7_464,69930,4635360,79920,4645350,1975,0.6570192947438457
t7_465,69930,4645350,79920,4655340,1476,0.49101796407185627
t7_466,69930,4655340,79920,4665330,1065,0.35429141716566864
t7_467,69930,4665330,79920,4675320,995,0.3310046573519627
t7_468,69930,4675320,79920,4685310,867,0.2884231536926148
t7_469,69930,4685310,79920,4695300,769,0.25582168995342647
t7_470,69930,4695300,79920,4705290,1127,0.37491683300066536
t7_471,69930,4705290,79920,4715280,533,0.17731204258150365
t7_472,69930,4715280,79920,4725270,32,0.010645375914836993
t7_479,69930,4785210,79920,4795200,491,0.16333998669328012
t7_480,69930,4795200,79920,4805190,1471,0.489354624085163
t7_481,69930,4805190,79920,4815180,2381,0.7920825016633399
t7_482,69930,4815180,79920,4825170,2226,0.7405189620758483
t7_483,69930,4825170,79920,4835160,2103,0.6996007984031936
t7_484,69930,4835160,79920,4845150,1567,0.521290751829674
t7_485,69930,4845150,79920,4855140,2514,0.8363273453093812
t7_486,69930,4855140,79920,4865130,2215,0.7368596141051231
t7_487,69930,4865130,79920,4875120,2421,0.8053892215568862
t7_488,69930,4875120,79920,4885110,2159,0.7182302062541583
t7_489,69930,4885110,79920,4895100,1740,0.5788423153692615
t7_490,69930,4895100,79920,4905090,1458,0.48502994011976047
t7_491,69930,4905090,79920,4915080,1333,0.4434464404524285
t7_492,69930,4915080,79920,4925070,2027,0.6743180306054558
t7_493,69930,4925070,79920,4935060,1797,0.5978043912175649
t7_494,69930,4935060,79920,4945050,2038,0.677977378576181
t7_495,69930,4945050,79920,4955040,1893,0.6297405189620758
t7_496,69930,4955040,79920,4965030,1296,0.4311377245508982
t7_497,69930,4965030,79920,4975020,1661,0.5525615435795076
t7_498,69930,4975020,79920,4985010,887,0.2950765136393879
t7_499,69930,4985010,79920,4995000,910,0.302727877578177
t7_500,69930,4995000,79920,5004990,606,0.20159680638722555
t7_501,69930,5004990,79920,5014980,1436,0.47771124417831007
t7_502,69930,5014980,79920,5024970,1534,0.5103127079174984
t7_503,69930,5024970,79920,5034960,1579,0.5252827677977379
t7_504,69930,5034960,79920,5044950,1670,0.5555555555555556
t7_505,69930,5044950,79920,5054940,714,0.2375249500998004
t7_506,69930,5054940,79920,5064930,2281,0.7588157019294743
t7_507,69930,5064930,79920,5074920,1416,0.47105788423153694
t7_508,69930,5074920,79920,5084910,1397,0.4647371922821025
t7_509,69930,5084910,79920,5094900,1124,0.37391882900864937
t7_510,69930,5094900,79920,5104890,1374,0.45708582834331335
t7_511,69930,5104890,79920,5114880,487,0.1620093147039255
t7_517,69930,5164830,79920,5174820,14,0.004657351962741184
t7_518,69930,5174820,79920,5184810,429,0.14271457085828343
t7_519,69930,5184810,79920,5194800,1501,0.49933466400532267
t7_520,69930,5194800,79920,5204790,2418,0.8043912175648703
t7_521,69930,5204790,79920,5214780,2415,0.8033932135728543
t7_522,69930,5214780,79920,5224770,1984,0.6600133067198936
t7_523,69930,5224770,79920,5234760,1375,0.457418496340652
t7_524,69930,5234760,79920,5244750,499,0.16600133067198936
t7_525,69930,5244750,79920,5254740,373,0.1240851630073187
t7_526,69930,5254740,79920,5264730,156,0.05189620758483034
t7_527,69930,5264730,79920,5274720,136,0.04524284763805722
t7_528,69930,5274720,79920,5284710,1132,0.37658017298735863
t7_529,69930,5284710,79920,5294700,1434,0.47704590818363274
t7_530,69930,5294700,79920,5304690,933,0.31037924151696605
t7_531,69930,5304690,79920,5314680,1239,0.4121756487025948
t7_532,69930,5314680,79920,5324670,223,0.0741849634065203
t7_536,69930,5354640,79920,5364630,10,0.00332667997338656
t8_418,79920,4175820,89910,4185810,4,0.0013306719893546241
t8_420,79920,4195800,89910,4205790,2,0.0006653359946773121
t8_421,79920,4205790,89910,4215780,303,0.10079840319361277
t8_422,79920,4215780,89910,4225770,833,0.27711244178310046
t8_423,79920,4225770,89910,4235760,1058,0.35196274118429804
t8_424,79920,4235760,89910,4245750,1804,0.6001330671989354
t8_425,79920,4245750,89910,4255740,1192,0.39654025282767796
t8_426,79920,4255740,89910,4265730,18,0.005988023952095809
t8_427,79920,4265730,89910,4275720,356,0.11842980705256155
t8_428,79920,4275720,89910,4285710,1439,0.478709248170326
t8_429,79920,4285710,89910,4295700,1427,0.47471723220226214
t8_430,79920,4295700,89910,4305690,1604,0.5335994677312043
t8_431,79920,4305690,89910,4315680,1089,0.36227544910179643
t8_432,79920,4315680,89910,4325670,1232,0.4098469727212242
t8_433,79920,4325670,89910,4335660,1472,0.48968729208250167
t8_434,79920,4335660,89910,4345650,1436,0.47771124417831007
t8_435,79920,4345650,89910,4355640,1410,0.469061876247505
t8_436,79920,4355640,89910,4365630,1757,0.5844976713240186
t8_437,79920,4365630,89910,4375620,994,0.3306719893546241
t8_438,79920,4375620,89910,4385610,204,0.06786427145708583
t8_439,79920,4385610,89910,4395600,39,0.012974051896207584
t8_440,79920,4395600,89910,4405590,127,0.042248835662009314
t8_441,79920,4405590,89910,4415580,363,0.12075848303393213
t8_442,79920,4415580,89910,4425570,1172,0.38988689288090483
t8_443,79920,4425570,89910,4435560,1203,0.4001996007984032
t8_444,79920,4435560,89910,4445550,1293,0.4301397205588822
t8_445,79920,4445550,89910,4455540,1779,0.591816367265469
t8_446,79920,4455540,89910,4465530,1963,0.6530272787757818
t8_447,79920,4465530,89910,4475520,1302,0.43313373253493015
t8_448,79920,4475520,89910,4485510,1728,0.5748502994011976
t8_449,79920,4485510,89910,4495500,1805,0.6004657351962741
t8_450,79920,4495500,89910,4505490,1392,0.4630738522954092
t8_451,79920,4505490,89910,4515480,1664,0.5535595475715236
t8_452,79920,4515480,89910,4525470,1635,0.5439121756487026
t8_453,79920,4525470,89910,4535460,1524,0.5069860279441117
t8_454,79920,4535460,89910,4545450,1371,0.4560878243512974
t8_455,79920,4545450,89910,4555440,1686,0.5608782435129741
t8_456,79920,4555440,89910,4565430,1815,0.6037924151696606
t8_457,79920,4565430,89910,4575420,2052,0.6826347305389222
t8_458,79920,4575420,89910,4585410,2288,0.761144377910845
t8_459,79920,4585410,89910,4595400,1822,0.6061210911510313
t8_460,79920,4595400,89910,4605390,2138,0.7112441783100466
t8_461,79920,4605390,89910,4615380,2266,0.7538256819693946
t8_462,79920,4615380,89910,4625370,1639,0.5452428476380572
t8_463,79920,4625370,89910,4635360,1917,0.6377245508982036
t8_464,79920,4635360,89910,4645350,1081,0.35961410512308717
t8_465,79920,4645350,89910,4655340,694,0.23087159015302727
t8_466,79920,4655340,89910,4665330,1030,0.3426480372588157
t8_467,79920,4665330,89910,4675320,1369,0.4554224883566201
t8_468,79920,4675320,89910,4685310,1109,0.3689288090485695
t8_469,79920,4685310,89910,4695300,960,0.3193612774451098
t8_470,79920,4695300,89910,4705290,2291,0.762142381902861
t8_471,79920,4705290,89910,4715280,2107,0.7009314703925482
t8_472,79920,4715280,89910,4725270,1282,0.426480372588157
t8_473,79920,4725270,89910,4735260,439,0.14604125083167
t8_474,79920,4735260,89910,4745250,293,0.09747172322022621
t8_476,79920,4755240,89910,4765230,144,0.04790419161676647
t8_477,79920,4765230,89910,4775220,643,0.2139055222887558
t8_479,79920,4785210,89910,4795200,593,0.19727212242182302
t8_480,79920,4795200,89910,4805190,692,0.23020625415834997
t8_481,79920,4805190,89910,4815180,1986,0.6606786427145709
t8_482,79920,4815180,89910,4825170,2054,0.6833000665335994
t8_483,79920,4825170,89910,4835160,1896,0.6307385229540918
t8_484,79920,4835160,89910,4845150,1353,0.4500998003992016
t8_485,79920,4845150,89910,4855140,1637,0.5445775116433799
t8_486,79920,4855140,89910,4865130,2166,0.720558882235529
t8_487,79920,4865130,89910,4875120,2192,0.729208250166334
t8_488,79920,4875120,89910,4885110,2456,0.8170326014637392
t8_489,79920,4885110,89910,4895100,2149,0.7149035262807718
t8_490,79920,4895100,89910,4905090,2062,0.6859614105123087
t8_491,79920,4905090,89910,4915080,2092,0.6959414504324684
t8_492,79920,4915080,89910,4925070,1865,0.6204258150365934
t8_493,79920,4925070,89910,4935060,2358,0.7844311377245509
t8_494,79920,4935060,89910,4945050,2396,0.7970725216234198
t8_495,79920,4945050,89910,4955040,1434,0.47704590818363274
t8_496,79920,4955040,89910,4965030,1858,0.6180971390552229
t8_497,79920,4965030,89910,4975020,1876,0.6240851630073186
t8_498,79920,4975020,89910,4985010,1760,0.5854956753160346
t8_499,79920,4985010,89910,4995000,1475,0.4906852960745176
t8_500,79920,4995000,89910,5004990,1429,0.47538256819693947
t8_501,79920,5004990,89910,5014980,1753,0.583166999334664
t8_502,79920,5014980,89910,5024970,499,0.16600133067198936
t8_503,79920,5024970,89910,5034960,2064,0.6866267465069861
t8_504,79920,5034960,89910,5044950,2087,0.6942781104457751
t8_505,79920,5044950,89910,5054940,1523,0.5066533599467731
t8_506,79920,5054940,89910,5064930,1939,0.645043246839654
t8_507,79920,5064930,89910,5074920,1015,0.33765801729873585
t8_508,79920,5074920,89910,5084910,882,0.2934131736526946
t8_509,79920,5084910,89910,5094900,841,0.2797737857618097
t8_510,79920,5094900,89910,5104890,806,0.26813040585495673
t8_511,79920,5104890,89910,5114880,882,0.2934131736526946
t8_512,79920,5114880,89910,5124870,169,0.05622089155023287
t8_513,79920,5124870,89910,5134860,551,0.18330006653359945
t8_514,79920,5134860,89910,5144850,49,0.016300731869594146
t8_518,79920,5174820,89910,5184810,156,0.05189620758483034
t8_519,79920,5184810,89910,5194800,1986,0.6606786427145709
t8_520,79920,5194800,89910,5204790,2473,0.8226879574184963
t8_521,79920,5204790,89910,5214780,2435,0.8100465735196274
t8_522,79920,5214780,89910,5224770,2439,0.811377245508982
t8_523,79920,5224770,89910,5234760,2440,0.8117099135063207
t8_524,79920,5234760,89910,5244750,2440,0.8117099135063207
t8_525,79920,5244750,89910,5254740,2429,0.8080505655355955
t8_526,79920,5254740,89910,5264730,2259,0.7514970059880239
t8_527,79920,5264730,89910,5274720,2034,0.6766467065868264
t8_528,79920,5274720,89910,5284710,2440,0.8117099135063207
t8_529,79920,5284710,89910,5294700,2440,0.8117099135063207
t8_530,79920,5294700,89910,5304690,2400,0.7984031936127745
t8_531,79920,5304690,89910,5314680,2400,0.7984031936127745
t8_532,79920,5314680,89910,5324670,2098,0.6979374584165003
t8_533,79920,5324670,89910,5334660,1458,0.48502994011976047
t8_534,79920,5334660,89910,5344650,1573,0.5232867598137059
t8_535,79920,5344650,89910,5354640,611,0.20326014637391882
t8_536,79920,5354640,89910,5364630,880,0.2927478376580173
t8_543,79920,5424570,89910,5434560,242,0.08050565535595476
t8_544,79920,5434560,89910,5444550,840,0.27944111776447106
t8_545,79920,5444550,89910,5454540,1156,0.38456420492348636
t8_546,79920,5454540,89910,5464530,144,0.04790419161676647
t8_547,79920,5464530,89910,5474520,152,0.05056553559547571
t8_548,79920,5474520,89910,5484510,2,0.0006653359946773121
t8_582,79920,5814180,89910,5824170,126,0.041916167664670656
t8_583,79920,5824170,89910,5834160,160,0.05322687957418496
t8_585,79920,5844150,89910,5854140,23,0.007651363938789089
t8_586,79920,5854140,89910,5864130,392,0.13040585495675316
t8_587,79920,5864130,89910,5874120,392,0.13040585495675316
t8_588,79920,5874120,89910,5884110,8,0.0026613439787092482
t9_419,89910,4185810,99900,4195800,405,0.1347305389221557
t9_420,89910,4195800,99900,4205790,248,0.0825016633399867
t9_421,89910,4205790,99900,4215780,1172,0.38988689288090483
t9_422,89910,4215780,99900,4225770,1110,0.36926147704590817
t9_423,89910,4225770,99900,4235760,1078,0.3586161011310712
t9_424,89910,4235760,99900,4245750,1123,0.3735861610113107
t9_425,89910,4245750,99900,4255740,1122,0.37325349301397204
t9_426,89910,4255740,99900,4265730,1559,0.5186294078509648
t9_427,89910,4265730,99900,4275720,178,0.059214903526280775
t9_428,89910,4275720,99900,4285710,933,0.31037924151696605
t9_429,89910,4285710,99900,4295700,1625,0.540585495675316
t9_430,89910,4295700,99900,4305690,1461,0.48602794411177647
t9_431,89910,4305690,99900,4315680,1402,0.46640053226879574
t9_432,89910,4315680,99900,4325670,944,0.3140385894876913
t9_433,89910,4325670,99900,4335660,1773,0.5898203592814372
t9_434,89910,4335660,99900,4345650,1914,0.6367265469061876
t9_435,89910,4345650,99900,4355640,1996,0.6640053226879574
t9_436,89910,4355640,99900,4365630,1620,0.5389221556886228
t9_437,89910,4365630,99900,4375620,1126,0.3745841650033267
t9_438,89910,4375620,99900,4385610,336,0.11177644710578842
t9_439,89910,4385610,99900,4395600,1547,0.5146373918829009
t9_440,89910,4395600,99900,4405590,1993,0.6630073186959414
t9_441,89910,4405590,99900,4415580,959,0.3190286094477711
t9_442,89910,4415580,99900,4425570,1170,0.38922155688622756
t9_443,89910,4425570,99900,4435560,1034,0.3439787092481703
t9_444,89910,4435560,99900,4445550,1214,0.4038589487691284
t9_445,89910,4445550,99900,4455540,1838,0.6114437791084497
t9_446,89910,4455540,99900,4465530,1625,0.540585495675316
t9_447,89910,4465530,99900,4475520,1215,0.4041916167664671
t9_448,89910,4475520,99900,4485510,1043,0.34697272122421824
t9_449,89910,4485510,99900,4495500,1355,0.4507651363938789
t9_450,89910,4495500,99900,4505490,1566,0.5209580838323353
t9_451,89910,4505490,99900,4515480,2067,0.687624750499002
t9_452,89910,4515480,99900,4525470,1764,0.5868263473053892
t9_453,89910,4525470,99900,4535460,1910,0.635395874916833
t9_454,89910,4535460,99900,4545450,1546,0.5143047238855623
t9_455,89910,4545450,99900,4555440,1776,0.590818363273453
t9_456,89910,4555440,99900,4565430,1841,0.6124417831004657
t9_457,89910,4565430,99900,4575420,2167,0.7208915502328676
t9_458,89910,4575420,99900,4585410,2001,0.6656686626746507
t9_459,89910,4585410,99900,4595400,1297,0.4314703925482369
t9_460,89910,4595400,99900,4605390,1966,0.6540252827677977
t9_461,89910,4605390,99900,4615380,317,0.10545575515635396
t9_462,89910,4615380,99900,4625370,578,0.19228210246174318
t9_463,89910,4625370,99900,4635360,882,0.2934131736526946
t9_464,89910,4635360,99900,4645350,1995,0.6636726546906188
t9_465,89910,4645350,99900,4655340,1958,0.6513639387890885
t9_466,89910,4655340,99900,4665330,1807,0.6011310711909514
t9_467,89910,4665330,99900,4675320,2108,0.7012641383898869
t9_468,89910,4675320,99900,4685310,1230,0.4091816367265469
t9_469,89910,4685310,99900,4695300,1715,0.570525615435795
t9_470,89910,4695300,99900,4705290,1838,0.6114437791084497
t9_471,89910,4705290,99900,4715280,2001,0.6656686626746507
t9_472,89910,4715280,99900,4725270,1417,0.4713905522288756
t9_473,89910,4725270,99900,4735260,1768,0.5881570192947438
t9_474,89910,4735260,99900,4745250,2050,0.6819693945442449
t9_475,89910,4745250,99900,4755240,1056,0.35129740518962077
t9_476,89910,4755240,99900,4765230,125,0.041583499667332005
t9_477,89910,4765230,99900,4775220,1878,0.624750499001996
t9_478,89910,4775220,99900,4785210,390,0.12974051896207583
t9_479,89910,4785210,99900,4795200,99,0.03293413173652695
t9_480,89910,4795200,99900,4805190,184,0.06121091151031271
t9_481,89910,4805190,99900,4815180,1953,0.6497005988023952
t9_482,89910,4815180,99900,4825170,2586,0.8602794411177644
t9_483,89910,4825170,99900,4835160,2084,0.6932801064537591
t9_484,89910,4835160,99900,4845150,1741,0.5791749833666001
t9_485,89910,4845150,99900,4855140,2214,0.7365269461077845
t9_486,89910,4855140,99900,4865130,2428,0.8077178975382568
t9_487,89910,4865130,99900,4875120,2390,0.7950765136393879
t9_488,89910,4875120,99900,4885110,2244,0.7465069860279441
t9_489,89910,4885110,99900,4895100,2240,0.7451763140385895
t9_490,89910,4895100,99900,4905090,2407,0.800731869594145
t9_491,89910,4905090,99900,4915080,2010,0.6686626746506986
t9_492,89910,4915080,99900,4925070,1942,0.64604125083167
t9_493,89910,4925070,99900,4935060,1150,0.38256819693945443
t9_494,89910,4935060,99900,4945050,1082,0.35994677312042583
t9_495,89910,4945050,99900,4955040,474,0.15768463073852296
t9_496,89910,4955040,99900,4965030,748,0.2488356620093147
t9_497,89910,4965030,99900,4975020,1702,0.5662009314703925
t9_498,89910,4975020,99900,4985010,1016,0.3379906852960745
t9_499,89910,4985010,99900,4995000,2315,0.7701264138389887
t9_500,89910,4995000,99900,5004990,1638,0.5449101796407185
t9_501,89910,5004990,99900,5014980,2448,0.8143712574850299
t9_502,89910,5014980,99900,5024970,1434,0.47704590818363274
t9_503,89910,5024970,99900,5034960,1385,0.4607451763140386
t9_504,89910,5034960,99900,5044950,2436,0.810379241516966
t9_505,89910,5044950,99900,5054940,1292,0.42980705256154356
t9_506,89910,5054940,99900,5064930,1363,0.45342648037258815
t9_507,89910,5064930,99900,5074920,1087,0.3616101131071191
t9_508,89910,5074920,99900,5084910,1626,0.5409181636726547
t9_509,89910,5084910,99900,5094900,1711,0.5691949434464405
t9_510,89910,5094900,99900,5104890,1149,0.38223552894211577
t9_511,89910,5104890,99900,5114880,324,0.10778443113772455
t9_512,89910,5114880,99900,5124870,99,0.03293413173652695
t9_513,89910,5124870,99900,5134860,2018,0.6713240186294078
t9_514,89910,5134860,99900,5144850,477,0.15868263473053892
t9_518,89910,5174820,99900,5184810,25,0.0083166999334664
t9_519,89910,5184810,99900,5194800,2104,0.6999334664005322
t9_520,89910,5194800,99900,5204790,2415,0.8033932135728543
t9_521,89910,5204790,99900,5214780,2244,0.7465069860279441
t9_522,89910,5214780,99900,5224770,2472,0.8223552894211577
t9_523,89910,5224770,99900,5234760,2439,0.811377245508982
t9_524,89910,5234760,99900,5244750,2412,0.8023952095808383
t9_525,89910,5244750,99900,5254740,2102,0.699268130405855
t9_526,89910,5254740,99900,5264730,2023,0.6729873586161012
t9_527,89910,5264730,99900,5274720,2168,0.7212242182302062
t9_528,89910,5274720,99900,5284710,2416,0.803725881570193
t9_529,89910,5284710,99900,5294700,2460,0.8183632734530938
t9_530,89910,5294700,99900,5304690,2383,0.7927478376580173
t9_531,89910,5304690,99900,5314680,2400,0.7984031936127745
t9_532,89910,5314680,99900,5324670,2437,0.8107119095143047
t9_533,89910,5324670,99900,5334660,2250,0.7485029940119761
t9_534,89910,5334660,99900,5344650,2073,0.689620758483034
t9_535,89910,5344650,99900,5354640,1564,0.520292747837658
t9_536,89910,5354640,99900,5364630,489,0.1626746506986028
t9_537,89910,5364630,99900,5374620,19,0.006320691949434464
t9_538,89910,5374620,99900,5384610,1,0.00033266799733865603
t9_539,89910,5384610,99900,5394600,17,0.005655355954757153
t9_540,89910,5394600,99900,5404590,914,0.3040585495675316
t9_541,89910,5404590,99900,5414580,969,0.3223552894211577
t9_542,89910,5414580,99900,5424570,1477,0.49135063206919494
t9_543,89910,5424570,99900,5434560,2230,0.7418496340652029
t9_544,89910,5434560,99900,5444550,2360,0.7850964737192282
t9_545,89910,5444550,99900,5454540,2360,0.7850964737192282
t9_546,89910,5454540,99900,5464530,2159,0.7182302062541583
t9_547,89910,5464530,99900,5474520,2289,0.7614770459081837
t9_548,89910,5474520,99900,5484510,1701,0.5658682634730539
t9_549,89910,5484510,99900,5494500,1248,0.4151696606786427
t9_550,89910,5494500,99900,5504490,114,0.03792415169660679
t9_551,89910,5504490,99900,5514480,717,0.23852295409181637
t9_552,89910,5514480,99900,5524470,793,0.2638057218895542
t9_553,89910,5524470,99900,5534460,654,0.21756487025948104
t9_554,89910,5534460,99900,5544450,173,0.05755156353958749
t9_556,89910,5554440,99900,5564430,60,0.01996007984031936
t9_580,89910,5794200,99900,5804190,116,0.0385894876912841
t9_581,89910,5804190,99900,5814180,735,0.24451097804391217
t9_582,89910,5814180,99900,5824170,1326,0.4411177644710579
t9_583,89910,5824170,99900,5834160,869,0.28908848968729206
t9_584,89910,5834160,99900,5844150,491,0.16333998669328012
t9_585,89910,5844150,99900,5854140,825,0.2744510978043912
t9_586,89910,5854140,99900,5864130,1046,0.3479707252162342
t9_587,89910,5864130,99900,5874120,1150,0.38256819693945443
t9_588,89910,5874120,99900,5884110,219,0.07285429141716566
t10_418,99900,4175820,109890,4185810,203,0.06753160345974717
t10_419,99900,4185810,109890,4195800,1505,0.5006653359946773
t10_420,99900,4195800,109890,4205790,1299,0.43213572854291415
t10_421,99900,4205790,109890,4215780,1035,0.344311377245509
t10_422,99900,4215780,109890,4225770,1008,0.33532934131736525
t10_423,99900,4225770,109890,4235760,1125,0.37425149700598803
t10_424,99900,4235760,109890,4245750,1410,0.469061876247505
t10_425,99900,4245750,109890,4255740,1717,0.5711909514304724
t10_426,99900,4255740,109890,4265730,383,0.12741184298070526
t10_427,99900,4265730,109890,4275720,297,0.09880239520958084
t10_428,99900,4275720,109890,4285710,103,0.034264803725881574
t10_429,99900,4285710,109890,4295700,990,0.32934131736526945
t10_430,99900,4295700,109890,4305690,1829,0.6084497671324018
t10_431,99900,4305690,109890,4315680,1771,0.5891550232867598
t10_432,99900,4315680,109890,4325670,1863,0.6197604790419161
t10_433,99900,4325670,109890,4335660,1857,0.6177644710578842
t10_434,99900,4335660,109890,4345650,1702,0.5662009314703925
t10_435,99900,4345650,109890,4355640,1437,0.4780439121756487
t10_436,99900,4355640,109890,4365630,1654,0.550232867598137
t10_437,99900,4365630,109890,4375620,855,0.2844311377245509
t10_438,99900,4375620,109890,4385610,1247,0.4148369926813041
t10_439,99900,4385610,109890,4395600,1686,0.5608782435129741
t10_440,99900,4395600,109890,4405590,1518,0.5049900199600799
t10_441,99900,4405590,109890,4415580,738,0.24550898203592814
t10_442,99900,4415580,109890,4425570,1824,0.6067864271457086
t10_443,99900,4425570,109890,4435560,1700,0.5655355954757152
t10_444,99900,4435560,109890,4445550,1071,0.3562874251497006
t10_445,99900,4445550,109890,4455540,1436,0.47771124417831007
t10_446,99900,4455540,109890,4465530,1953,0.6497005988023952
t10_447,99900,4465530,109890,4475520,1502,0.49966733200266134
t10_448,99900,4475520,109890,4485510,1800,0.5988023952095808
t10_449,99900,4485510,109890,4495500,1495,0.49733865602129074
t10_450,99900,4495500,109890,4505490,1716,0.5708582834331337
t10_451,99900,4505490,109890,4515480,1701,0.5658682634730539
t10_452,99900,4515480,109890,4525470,1495,0.49733865602129074
t10_453,99900,4525470,109890,4535460,1465,0.48735861610113107
t10_454,99900,4535460,109890,4545450,1472,0.48968729208250167
t10_455,99900,4545450,109890,4555440,1860,0.6187624750499002
t10_456,99900,4555440,109890,4565430,1846,0.614105123087159
t10_457,99900,4565430,109890,4575420,1279,0.425482368596141
t10_458,99900,4575420,109890,4585410,1336,0.4444444444444444
t10_459,99900,4585410,109890,4595400,345,0.11477045908183632
t10_460,99900,4595400,109890,4605390,760,0.2528276779773786
t10_461,99900,4605390,109890,4615380,1270,0.42248835662009315
t10_462,99900,4615380,109890,4625370,1702,0.5662009314703925
t10_463,99900,4625370,109890,4635360,2074,0.6899534264803726
t10_464,99900,4635360,109890,4645350,1834,0.6101131071190952
t10_465,99900,4645350,109890,4655340,1947,0.6477045908183633
t10_466,99900,4655340,109890,4665330,1920,0.6387225548902196
t10_467,99900,4665330,109890,4675320,1192,0.39654025282767796
t10_468,99900,4675320,109890,4685310,1852,0.6161011310711909
t10_469,99900,4685310,109890,4695300,1600,0.5322687957418496
t10_470,99900,4695300,109890,4705290,1864,0.6200931470392548
t10_471,99900,4705290,109890,4715280,1434,0.47704590818363274
t10_472,99900,4715280,109890,4725270,1670,0.5555555555555556
t10_473,99900,4725270,109890,4735260,1991,0.6623419827012641
t10_474,99900,4735260,109890,4745250,1931,0.6423819028609448
t10_475,99900,4745250,109890,4755240,1923,0.6397205588822356
t10_476,99900,4755240,109890,4765230,1164,0.3872255489021956
t10_477,99900,4765230,109890,4775220,861,0.28642714570858285
t10_478,99900,4775220,109890,4785210,486,0.16167664670658682
t10_479,99900,4785210,109890,4795200,143,0.04757152361942781
t10_480,99900,4795200,109890,4805190,1743,0.5798403193612774
t10_481,99900,4805190,109890,4815180,2411,0.8020625415834997
t10_482,99900,4815180,109890,4825170,2599,0.864604125083167
t10_483,99900,4825170,109890,4835160,2516,0.8369926813040586
t10_484,99900,4835160,109890,4845150,2398,0.7977378576180971
t10_485,99900,4845150,109890,4855140,2247,0.7475049900199601
t10_486,99900,4855140,109890,4865130,2580,0.8582834331337326
t10_487,99900,4865130,109890,4875120,2195,0.7302062541583499
t10_488,99900,4875120,109890,4885110,2135,0.7102461743180306
t10_489,99900,4885110,109890,4895100,1931,0.6423819028609448
t10_490,99900,4895100,109890,4905090,2142,0.7125748502994012
t10_491,99900,4905090,109890,4915080,1912,0.6360612109115104
t10_492,99900,4915080,109890,4925070,1327,0.44145043246839655
t10_493,99900,4925070,109890,4935060,1028,0.3419827012641384
t10_494,99900,4935060,109890,4945050,1672,0.5562208915502329
t10_495,99900,4945050,109890,4955040,1745,0.5805056553559548
t10_496,99900,4955040,109890,4965030,1316,0.43779108449767135
t10_497,99900,4965030,109890,4975020,2220,0.7385229540918163
t10_498,99900,4975020,109890,4985010,1786,0.5941450432468397
t10_499,99900,4985010,109890,4995000,2312,0.7691284098469727
t10_500,99900,4995000,109890,5004990,1716,0.5708582834331337
t10_501,99900,5004990,109890,5014980,2282,0.759148369926813
t10_502,99900,5014980,109890,5024970,1270,0.42248835662009315
t10_503,99900,5024970,109890,5034960,1205,0.4008649367930805
t10_504,99900,5034960,109890,5044950,2111,0.7022621423819029
t10_505,99900,5044950,109890,5054940,1375,0.457418496340652
t10_506,99900,5054940,109890,5064930,1627,0.5412508316699933
t10_507,99900,5064930,109890,5074920,1573,0.5232867598137059
t10_508,99900,5074920,109890,5084910,1901,0.632401862940785
t10_509,99900,5084910,109890,5094900,1920,0.6387225548902196
t10_510,99900,5094900,109890,5104890,1891,0.6290751829673985
t10_511,99900,5104890,109890,5114880,195,0.06487025948103792
t10_512,99900,5114880,109890,5124870,864,0.2874251497005988
t10_513,99900,5124870,109890,5134860,1575,0.5239520958083832
t10_514,99900,5134860,109890,5144850,417,0.13872255489021956
t10_518,99900,5174820,109890,5184810,582,0.1936127744510978
t10_519,99900,5184810,109890,5194800,2225,0.7401862940785097
t10_520,99900,5194800,109890,5204790,2292,0.7624750499001997
t10_521,99900,5204790,109890,5214780,2203,0.7328675981370593
t10_522,99900,5214780,109890,5224770,2386,0.7937458416500333
t10_523,99900,5224770,109890,5234760,2295,0.7634730538922155
t10_524,99900,5234760,109890,5244750,2428,0.8077178975382568
t10_525,99900,5244750,109890,5254740,2104,0.6999334664005322
t10_526,99900,5254740,109890,5264730,2037,0.6776447105788423
t10_527,99900,5264730,109890,5274720,1141,0.3795741849634065
t10_528,99900,5274720,109890,5284710,1266,0.42115768463073855
t10_529,99900,5284710,109890,5294700,1587,0.5279441117764471
t10_530,99900,5294700,109890,5304690,2148,0.7145708582834331
t10_531,99900,5304690,109890,5314680,2365,0.7867598137059215
t10_532,99900,5314680,109890,5324670,2304,0.7664670658682635
t10_533,99900,5324670,109890,5334660,1849,0.615103127079175
t10_534,99900,5334660,109890,5344650,1759,0.585163007318696
t10_535,99900,5344650,109890,5354640,1249,0.41550232867598136
t10_536,99900,5354640,109890,5364630,228,0.07584830339321358
t10_537,99900,5364630,109890,5374620,287,0.09547571523619428
t10_538,99900,5374620,109890,5384610,61,0.020292747837658016
t10_539,99900,5384610,109890,5394600,1253,0.416833000665336
t10_540,99900,5394600,109890,5404590,2047,0.6809713905522289
t10_541,99900,5404590,109890,5414580,2246,0.7471723220226214
t10_542,99900,5414580,109890,5424570,2305,0.7667997338656022
t10_543,99900,5424570,109890,5434560,2302,0.7658017298735862
t10_544,99900,5434560,109890,5444550,1893,0.6297405189620758
t10_545,99900,5444550,109890,5454540,2309,0.7681304058549567
t10_546,99900,5454540,109890,5464530,2320,0.7717897538256819
t10_547,99900,5464530,109890,5474520,2320,0.7717897538256819
t10_548,99900,5474520,109890,5484510,2377,0.7907518296739854
t10_549,99900,5484510,109890,5494500,2317,0.770791749833666
t10_550,99900,5494500,109890,5504490,2229,0.7415169660678643
t10_551,99900,5504490,109890,5514480,2342,0.7791084497671324
t10_552,99900,5514480,109890,5524470,2360,0.7850964737192282
t10_553,99900,5524470,109890,5534460,2288,0.761144377910845
t10_554,99900,5534460,109890,5544450,2030,0.6753160345974717
t10_555,99900,5544450,109890,5554440,1506,0.500998003992016
t10_556,99900,5554440,109890,5564430,1844,0.6134397870924817
t10_557,99900,5564430,109890,5574420,417,0.13872255489021956
t10_571,99900,5704290,109890,5714280,14,0.004657351962741184
t10_572,99900,5714280,109890,5724270,293,0.09747172322022621
t10_573,99900,5724270,109890,5734260,555,0.18463073852295409
t10_574,99900,5734260,109890,5744250,789,0.2624750499001996
t10_575,99900,5744250,109890,5754240,529,0.17598137059214902
t10_576,99900,5754240,109890,5764230,247,0.08216899534264804
t10_577,99900,5764230,109890,5774220,29,0.009647371922821025
t10_578,99900,5774220,109890,5784210,274,0.09115103127079174
t10_579,99900,5784210,109890,5794200,720,0.23952095808383234
t10_580,99900,5794200,109890,5804190,1367,0.4547571523619428
t10_581,99900,5804190,109890,5814180,1298,0.4318030605455755
t10_582,99900,5814180,109890,5824170,1377,0.45808383233532934
t10_583,99900,5824170,109890,5834160,1142,0.37990685296074517
t10_584,99900,5834160,109890,5844150,815,0.27112441783100466
t10_585,99900,5844150,109890,5854140,947,0.31503659347970725
t10_586,99900,5854140,109890,5864130,1300,0.4324683965402528
t10_587,99900,5864130,109890,5874120,1121,0.3729208250166334
t11_413,109890,4125870,119880,4135860,262,0.08715901530272788
t11_414,109890,4135860,119880,4145850,768,0.2554890219560878
t11_416,109890,4155840,119880,4165830,2,0.0006653359946773121
t11_417,109890,4165830,119880,4175820,16,0.0053226879574184965
t11_418,109890,4175820,119880,4185810,840,0.27944111776447106
t11_419,109890,4185810,119880,4195800,1784,0.5934797072521624
t11_420,109890,4195800,119880,4205790,1387,0.4614105123087159
t11_421,109890,4205790,119880,4215780,1392,0.4630738522954092
t11_422,109890,4215780,119880,4225770,1374,0.45708582834331335
t11_423,109890,4225770,119880,4235760,1317,0.43812375249500995
t11_424,109890,4235760,119880,4245750,1280,0.4258150365934797
t11_425,109890,4245750,119880,4255740,594,0.19760479041916168
t11_426,109890,4255740,119880,4265730,243,0.08083832335329341
t11_427,109890,4265730,119880,4275720,344,0.11443779108449767
t11_428,109890,4275720,119880,4285710,195,0.06487025948103792
t11_429,109890,4285710,119880,4295700,619,0.20592149035262808
t11_430,109890,4295700,119880,4305690,1611,0.5359281437125748
t11_431,109890,4305690,119880,4315680,1288,0.42847638057218895
t11_432,109890,4315680,119880,4325670,2373,0.7894211576846307
t11_433,109890,4325670,119880,4335660,1821,0.6057884231536926
t11_434,109890,4335660,119880,4345650,2064,0.6866267465069861
t11_435,109890,4345650,119880,4355640,1778,0.5914836992681304
t11_436,109890,4355640,119880,4365630,1629,0.5419161676646707
t11_437,109890,4365630,119880,4375620,1757,0.5844976713240186
t11_438,109890,4375620,119880,4385610,1945,0.647039254823686
t11_439,109890,4385610,119880,4395600,1790,0.5954757152361942
t11_440,109890,4395600,119880,4405590,418,0.13905522288755823
t11_441,109890,4405590,119880,4415580,1933,0.6430472388556221
t11_442,109890,4415580,119880,4425570,1939,0.645043246839654
t11_443,109890,4425570,119880,4435560,1957,0.6510312707917498
t11_444,109890,4435560,119880,4445550,1266,0.42115768463073855
t11_445,109890,4445550,119880,4455540,531,0.17664670658682635
t11_446,109890,4455540,119880,4465530,629,0.20924817032601464
t11_447,109890,4465530,119880,4475520,791,0.2631403858948769
t11_448,109890,4475520,119880,4485510,865,0.28775781769793746
t11_449,109890,4485510,119880,4495500,1055,0.3509647371922821
t11_450,109890,4495500,119880,4505490,1677,0.5578842315369261
t11_451,109890,4505490,119880,4515480,1488,0.49500998003992014
t11_452,109890,4515480,119880,4525470,2041,0.6789753825681969
t11_453,109890,4525470,119880,4535460,1990,0.6620093147039254
t11_454,109890,4535460,119880,4545450,2193,0.7295409181636726
t11_455,109890,4545450,119880,4555440,2346,0.780439121756487
t11_456,109890,4555440,119880,4565430,2392,0.7957418496340652
t11_457,109890,4565430,119880,4575420,2213,0.7361942781104458
t11_458,109890,4575420,119880,4585410,2248,0.7478376580172987
t11_459,109890,4585410,119880,4595400,1501,0.49933466400532267
t11_460,109890,4595400,119880,4605390,2177,0.7242182302062542
t11_461,109890,4605390,119880,4615380,1804,0.6001330671989354
t11_462,109890,4615380,119880,4625370,1732,0.5761809713905522
t11_463,109890,4625370,119880,4635360,1944,0.6467065868263473
t11_464,109890,4635360,119880,4645350,1714,0.5701929474384564
t11_465,109890,4645350,119880,4655340,1918,0.6380572188955422
t11_466,109890,4655340,119880,4665330,1673,0.5565535595475716
t11_467,109890,4665330,119880,4675320,1384,0.46041250831669994
t11_468,109890,4675320,119880,4685310,2038,0.677977378576181
t11_469,109890,4685310,119880,4695300,2085,0.6936127744510978
t11_470,109890,4695300,119880,4705290,1950,0.6487025948103793
t11_471,109890,4705290,119880,4715280,1761,0.5858283433133733
t11_472,109890,4715280,119880,4725270,1824,0.6067864271457086
t11_473,109890,4725270,119880,4735260,1820,0.605455755156354
t11_474,109890,4735260,119880,4745250,1669,0.5552228875582169
t11_475,109890,4745250,119880,4755240,1573,0.5232867598137059
t11_476,109890,4755240,119880,4765230,1413,0.47005988023952094
t11_477,109890,4765230,119880,4775220,2156,0.7172322022621423
t11_478,109890,4775220,119880,4785210,1761,0.5858283433133733
t11_479,109890,4785210,119880,4795200,1979,0.6583499667332002
t11_480,109890,4795200,119880,4805190,1483,0.49334664005322687
t11_481,109890,4805190,119880,4815180,2414,0.8030605455755156
t11_482,109890,4815180,119880,4825170,1861,0.6190951430472389
t11_483,109890,4825170,119880,4835160,2571,0.8552894211576846
t11_484,109890,4835160,119880,4845150,2600,0.8649367930805056
t11_485,109890,4845150,119880,4855140,2480,0.825016633399867
t11_486,109890,4855140,119880,4865130,2364,0.7864271457085829
t11_487,109890,4865130,119880,4875120,1869,0.6217564870259481
t11_488,109890,4875120,119880,4885110,1736,0.5775116433799069
t11_489,109890,4885110,119880,4895100,1460,0.4856952761144378
t11_490,109890,4895100,119880,4905090,1146,0.3812375249500998
t11_491,109890,4905090,119880,4915080,1497,0.49800399201596807
t11_492,109890,4915080,119880,4925070,1545,0.5139720558882236
t11_493,109890,4925070,119880,4935060,2415,0.8033932135728543
t11_494,109890,4935060,119880,4945050,2175,0.7235528942115769
t11_495,109890,4945050,119880,4955040,2088,0.6946107784431138
t11_496,109890,4955040,119880,4965030,1847,0.6144377910844977
t11_497,109890,4965030,119880,4975020,2430,0.8083832335329342
t11_498,109890,4975020,119880,4985010,2096,0.697272122421823
t11_499,109890,4985010,119880,4995000,2451,0.8153692614770459
t11_500,109890,4995000,119880,5004990,2389,0.7947438456420493
t11_501,109890,5004990,119880,5014980,1055,0.3509647371922821
t11_502,109890,5014980,119880,5024970,1246,0.4145043246839654
t11_503,109890,5024970,119880,5034960,1279,0.425482368596141
t11_504,109890,5034960,119880,5044950,1323,0.44011976047904194
t11_505,109890,5044950,119880,5054940,1245,0.41417165668662675
t11_506,109890,5054940,119880,5064930,850,0.2827677977378576
t11_507,109890,5064930,119880,5074920,1728,0.5748502994011976
t11_508,109890,5074920,119880,5084910,1608,0.5349301397205589
t11_509,109890,5084910,119880,5094900,1018,0.33865602129075184
t11_510,109890,5094900,119880,5104890,915,0.30439121756487025
t11_511,109890,5104890,119880,5114880,247,0.08216899534264804
t11_512,109890,5114880,119880,5124870,873,0.2904191616766467
t11_513,109890,5124870,119880,5134860,1706,0.5675316034597472
t11_514,109890,5134860,119880,5144850,664,0.2208915502328676
t11_518,109890,5174820,119880,5184810,126,0.041916167664670656
t11_519,109890,5184810,119880,5194800,1948,0.648037258815702
t11_520,109890,5194800,119880,5204790,2196,0.7305389221556886
t11_521,109890,5204790,119880,5214780,1599,0.5319361277445109
t11_522,109890,5214780,119880,5224770,2336,0.7771124417831005
t11_523,109890,5224770,119880,5234760,2308,0.7677977378576181
t11_524,109890,5234760,119880,5244750,2011,0.6689953426480373
t11_525,109890,5244750,119880,5254740,2352,0.782435129740519
t11_526,109890,5254740,119880,5264730,1795,0.5971390552228876
t11_527,109890,5264730,119880,5274720,849,0.282435129740519
t11_528,109890,5274720,119880,5284710,737,0.2451763140385895
t11_529,109890,5284710,119880,5294700,686,0.22821024617431804
t11_530,109890,5294700,119880,5304690,1654,0.550232867598137
t11_531,109890,5304690,119880,5314680,2171,0.7222222222222222
t11_532,109890,5314680,119880,5324670,2111,0.7022621423819029
t11_533,109890,5324670,119880,5334660,2222,0.7391882900864937
t11_534,109890,5334660,119880,5344650,1925,0.6403858948769129
t11_535,109890,5344650,119880,5354640,1774,0.5901530272787758
t11_536,109890,5354640,119880,5364630,1203,0.4001996007984032
t11_537,109890,5364630,119880,5374620,1753,0.583166999334664
t11_538,109890,5374620,119880,5384610,1225,0.4075182967398536
t11_539,109890,5384610,119880,5394600,1068,0.35528942115768464
t11_540,109890,5394600,119880,5404590,1269,0.4221556886227545
t11_541,109890,5404590,119880,5414580,1409,0.46872920825016634
t11_542,109890,5414580,119880,5424570,1429,0.47538256819693947
t11_543,109890,5424570,119880,5434560,1396,0.4644045242847638
t11_544,109890,5434560,119880,5444550,1148,0.3819028609447771
t11_545,109890,5444550,119880,5454540,1015,0.33765801729873585
t11_546,109890,5454540,119880,5464530,1827,0.6077844311377245
t11_547,109890,5464530,119880,5474520,2401,0.7987358616101131
t11_548,109890,5474520,119880,5484510,2243,0.7461743180306054
t11_549,109890,5484510,119880,5494500,2004,0.6666666666666666
t11_550,109890,5494500,119880,5504490,2098,0.6979374584165003
t11_551,109890,5504490,119880,5514480,2126,0.7072521623419827
t11_552,109890,5514480,119880,5524470,2295,0.7634730538922155
t11_553,109890,5524470,119880,5534460,2201,0.7322022621423819
t11_554,109890,5534460,119880,5544450,2320,0.7717897538256819
t11_555,109890,5544450,119880,5554440,2378,0.791084497671324
t11_556,109890,5554440,119880,5564430,2294,0.7631403858948769
t11_557,109890,5564430,119880,5574420,1802,0.5994677312042581
t11_558,109890,5574420,119880,5584410,242,0.08050565535595476
t11_569,109890,5684310,119880,5694300,77,0.025615435795076514
t11_570,109890,5694300,119880,5704290,286,0.09514304723885562
t11_571,109890,5704290,119880,5714280,1379,0.4587491683300067
t11_572,109890,5714280,119880,5724270,1602,0.5329341317365269
t11_573,109890,5724270,119880,5734260,1640,0.5455755156353959
t11_574,109890,5734260,119880,5744250,1769,0.5884896872920825
t11_575,109890,5744250,119880,5754240,1410,0.469061876247505
t11_576,109890,5754240,119880,5764230,1141,0.3795741849634065
t11_577,109890,5764230,119880,5774220,1098,0.3652694610778443
t11_578,109890,5774220,119880,5784210,1367,0.4547571523619428
t11_579,109890,5784210,119880,5794200,1242,0.41317365269461076
t11_580,109890,5794200,119880,5804190,1266,0.42115768463073855
t11_581,109890,5804190,119880,5814180,1488,0.49500998003992014
t11_582,109890,5814180,119880,5824170,1165,0.3875582168995343
t11_583,109890,5824170,119880,5834160,821,0.2731204258150366
t11_584,109890,5834160,119880,5844150,568,0.18895542248835662
t11_585,109890,5844150,119880,5854140,626,0.20825016633399868
t11_586,109890,5854140,119880,5864130,1386,0.46107784431137727
t11_587,109890,5864130,119880,5874120,736,0.24484364604125083
t12_411,119880,4105890,129870,4115880,49,0.016300731869594146
t12_412,119880,4115880,129870,4125870,1050,0.34930139720558884
t12_413,119880,4125870,129870,4135860,1781,0.5924817032601464
t12_414,119880,4135860,129870,4145850,355,0.11809713905522289
t12_416,119880,4155840,129870,4165830,12,0.003992015968063872
t12_417,119880,4165830,129870,4175820,726,0.24151696606786427
t12_418,119880,4175820,129870,4185810,695,0.23120425815036594
t12_419,119880,4185810,129870,4195800,723,0.2405189620758483
t12_420,119880,4195800,129870,4205790,494,0.1643379906852961
t12_421,119880,4205790,129870,4215780,421,0.1400532268795742
t12_422,119880,4215780,129870,4225770,1136,0.37791084497671323
t12_423,119880,4225770,129870,4235760,776,0.25815036593479707
t12_424,119880,4235760,129870,4245750,320,0.10645375914836992
t12_425,119880,4245750,129870,4255740,1235,0.41084497671324016
t12_426,119880,4255740,129870,4265730,398,0.1324018629407851
t12_427,119880,4265730,129870,4275720,375,0.124750499001996
t12_428,119880,4275720,129870,4285710,44,0.014637391882900865
t12_429,119880,4285710,129870,4295700,655,0.2178975382568197
t12_430,119880,4295700,129870,4305690,432,0.1437125748502994
t12_431,119880,4305690,129870,4315680,632,0.2102461743180306
t12_432,119880,4315680,129870,4325670,1315,0.4374584165003327
t12_433,119880,4325670,129870,4335660,1103,0.3669328010645376
t12_434,119880,4335660,129870,4345650,1584,0.5269461077844312
t12_435,119880,4345650,129870,4355640,890,0.29607451763140386
t12_436,119880,4355640,129870,4365630,1593,0.5299401197604791
t12_437,119880,4365630,129870,4375620,1601,0.5326014637391883
t12_438,119880,4375620,129870,4385610,1183,0.3935462408516301
t12_439,119880,4385610,129870,4395600,956,0.3180306054557552
t12_440,119880,4395600,129870,4405590,944,0.3140385894876913
t12_441,119880,4405590,129870,4415580,1483,0.49334664005322687
t12_442,119880,4415580,129870,4425570,1896,0.6307385229540918
t12_443,119880,4425570,129870,4435560,1358,0.4517631403858949
t12_444,119880,4435560,129870,4445550,1238,0.41184298070525616
t12_445,119880,4445550,129870,4455540,1647,0.5479041916167665
t12_446,119880,4455540,129870,4465530,1681,0.5592149035262808
t12_447,119880,4465530,129870,4475520,1488,0.49500998003992014
t12_448,119880,4475520,129870,4485510,1618,0.5382568196939455
t12_449,119880,4485510,129870,4495500,1756,0.58416500332668
t12_450,119880,4495500,129870,4505490,741,0.2465069860279441
t12_451,119880,4505490,129870,4515480,1309,0.43546240851630075
t12_452,119880,4515480,129870,4525470,1863,0.6197604790419161
t12_453,119880,4525470,129870,4535460,1899,0.6317365269461078
t12_454,119880,4535460,129870,4545450,2086,0.6939454424484365
t12_455,119880,4545450,129870,4555440,2253,0.7495009980039921
t12_456,119880,4555440,129870,4565430,1860,0.6187624750499002
t12_457,119880,4565430,129870,4575420,1987,0.6610113107119095
t12_458,119880,4575420,129870,4585410,1471,0.489354624085163
t12_459,119880,4585410,129870,4595400,1735,0.5771789753825682
t12_460,119880,4595400,129870,4605390,1939,0.645043246839654
t12_461,119880,4605390,129870,4615380,2153,0.7162341982701265
t12_462,119880,4615380,129870,4625370,1577,0.5246174318030605
t12_463,119880,4625370,129870,4635360,2008,0.6679973386560213
t12_464,119880,4635360,129870,4645350,2008,0.6679973386560213
t12_465,119880,4645350,129870,4655340,1988,0.6613439787092482
t12_466,119880,4655340,129870,4665330,1827,0.6077844311377245
t12_467,119880,4665330,129870,4675320,1794,0.5968063872255489
t12_468,119880,4675320,129870,4685310,1326,0.4411177644710579
t12_469,119880,4685310,129870,4695300,1395,0.46407185628742514
t12_470,119880,4695300,129870,4705290,1805,0.6004657351962741
t12_471,119880,4705290,129870,4715280,1804,0.6001330671989354
t12_472,119880,4715280,129870,4725270,1673,0.5565535595475716
t12_473,119880,4725270,129870,4735260,1674,0.5568862275449101
t12_474,119880,4735260,129870,4745250,1528,0.5083166999334664
t12_475,119880,4745250,129870,4755240,1602,0.5329341317365269
t12_476,119880,4755240,129870,4765230,1774,0.5901530272787758
t12_477,119880,4765230,129870,4775220,1400,0.4657351962741184
t12_478,119880,4775220,129870,4785210,2308,0.7677977378576181
t12_479,119880,4785210,129870,4795200,1831,0.6091151031270792
t12_480,119880,4795200,129870,4805190,1323,0.44011976047904194
t12_481,119880,4805190,129870,4815180,2116,0.7039254823685961
t12_482,119880,4815180,129870,4825170,500,0.16633399866932802
t12_483,119880,4825170,129870,4835160,1391,0.46274118429807054
t12_484,119880,4835160,129870,4845150,1596,0.530938123752495
t12_485,119880,4845150,129870,4855140,2503,0.832667997338656
t12_486,119880,4855140,129870,4865130,2037,0.6776447105788423
t12_487,119880,4865130,129870,4875120,2375,0.790086493679308
t12_488,119880,4875120,129870,4885110,1915,0.6370592149035262
t12_489,119880,4885110,129870,4895100,2066,0.6872920825016633
t12_490,119880,4895100,129870,4905090,1997,0.6643379906852961
t12_491,119880,4905090,129870,4915080,1564,0.520292747837658
t12_492,119880,4915080,129870,4925070,1062,0.3532934131736527
t12_493,119880,4925070,129870,4935060,964,0.3206919494344644
t12_494,119880,4935060,129870,4945050,1073,0.3569527611443779
t12_495,119880,4945050,129870,4955040,1452,0.48303393213572854
t12_496,119880,4955040,129870,4965030,934,0.3107119095143047
t12_497,119880,4965030,129870,4975020,1878,0.624750499001996
t12_498,119880,4975020,129870,4985010,2298,0.7644710578842315
t12_499,119880,4985010,129870,4995000,2433,0.8093812375249501
t12_500,119880,4995000,129870,5004990,1730,0.5755156353958749
t12_501,119880,5004990,129870,5014980,1085,0.3609447771124418
t12_502,119880,5014980,129870,5024970,1298,0.4318030605455755
t12_503,119880,5024970,129870,5034960,1163,0.38689288090485696
t12_504,119880,5034960,129870,5044950,2002,0.6660013306719893
t12_505,119880,5044950,129870,5054940,2522,0.8389886892880905
t12_506,119880,5054940,129870,5064930,1445,0.48070525615435794
t12_507,119880,5064930,129870,5074920,1195,0.39753825681969396
t12_508,119880,5074920,129870,5084910,1009,0.3356620093147039
t12_509,119880,5084910,129870,5094900,1028,0.3419827012641384
t12_510,119880,5094900,129870,5104890,784,0.26081170991350633
t12_511,119880,5104890,129870,5114880,1155,0.3842315369261477
t12_512,119880,5114880,129870,5124870,1556,0.5176314038589488
t12_513,119880,5124870,129870,5134860,164,0.054557551563539586
t12_519,119880,5184810,129870,5194800,351,0.11676646706586827
t12_520,119880,5194800,129870,5204790,579,0.19261477045908185
t12_521,119880,5204790,129870,5214780,686,0.22821024617431804
t12_522,119880,5214780,129870,5224770,1686,0.5608782435129741
t12_523,119880,5224770,129870,5234760,1919,0.6383898868928809
t12_524,119880,5234760,129870,5244750,1301,0.4328010645375915
t12_525,119880,5244750,129870,5254740,2042,0.6793080505655356
t12_526,119880,5254740,129870,5264730,625,0.20791749833666
t12_527,119880,5264730,129870,5274720,707,0.2351962741184298
t12_528,119880,5274720,129870,5284710,231,0.07684630738522955
t12_529,119880,5284710,129870,5294700,796,0.2648037258815702
t12_530,119880,5294700,129870,5304690,770,0.25615435795076513
t12_531,119880,5304690,129870,5314680,1888,0.6280771789753826
t12_532,119880,5314680,129870,5324670,2167,0.7208915502328676
t12_533,119880,5324670,129870,5334660,2253,0.7495009980039921
t12_534,119880,5334660,129870,5344650,1584,0.5269461077844312
t12_535,119880,5344650,129870,5354640,912,0.3033932135728543
t12_536,119880,5354640,129870,5364630,886,0.29474384564204925
t12_537,119880,5364630,129870,5374620,2130,0.7085828343313373
t12_538,119880,5374620,129870,5384610,1467,0.4880239520958084
t12_539,119880,5384610,129870,5394600,1047,0.34830339321357284
t12_540,119880,5394600,129870,5404590,1014,0.3373253493013972
t12_541,119880,5404590,129870,5414580,875,0.291084497671324
t12_542,119880,5414580,129870,5424570,914,0.3040585495675316
t12_543,119880,5424570,129870,5434560,1066,0.3546240851630073
t12_544,119880,5434560,129870,5444550,1044,0.3473053892215569
t12_545,119880,5444550,129870,5454540,1006,0.334664005322688
t12_546,119880,5454540,129870,5464530,893,0.29707252162341985
t12_547,119880,5464530,129870,5474520,1129,0.37558216899534264
t12_548,119880,5474520,129870,5484510,1309,0.43546240851630075
t12_549,119880,5484510,129870,5494500,1373,0.45675316034597474
t12_550,119880,5494500,129870,5504490,1510,0.5023286759813705
t12_551,119880,5504490,129870,5514480,1982,0.6593479707252162
t12_552,119880,5514480,129870,5524470,1634,0.543579507651364
t12_553,119880,5524470,129870,5534460,1674,0.5568862275449101
t12_554,119880,5534460,129870,5544450,2236,0.7438456420492349
t12_555,119880,5544450,129870,5554440,2347,0.7807717897538257
t12_556,119880,5554440,129870,5564430,2320,0.7717897538256819
t12_557,119880,5564430,129870,5574420,1647,0.5479041916167665
t12_558,119880,5574420,129870,5584410,1082,0.35994677312042583
t12_559,119880,5584410,129870,5594400,1225,0.4075182967398536
t12_560,119880,5594400,129870,5604390,922,0.30671989354624085
t12_561,119880,5604390,129870,5614380,30,0.00998003992015968
t12_566,119880,5654340,129870,5664330,1,0.00033266799733865603
t12_567,119880,5664330,129870,5674320,236,0.07850964737192283
t12_568,119880,5674320,129870,5684310,498,0.1656686626746507
t12_569,119880,5684310,129870,5694300,699,0.23253493013972057
t12_570,119880,5694300,129870,5704290,1214,0.4038589487691284
t12_571,119880,5704290,129870,5714280,1245,0.41417165668662675
t12_572,119880,5714280,129870,5724270,1369,0.4554224883566201
t12_573,119880,5724270,129870,5734260,1728,0.5748502994011976
t12_574,119880,5734260,129870,5744250,1564,0.520292747837658
t12_575,119880,5744250,129870,5754240,1546,0.5143047238855623
t12_576,119880,5754240,129870,5764230,1291,0.42947438456420495
t12_577,119880,5764230,129870,5774220,1196,0.3978709248170326
t12_578,119880,5774220,129870,5784210,1515,0.5039920159680639
t12_579,119880,5784210,129870,5794200,1207,0.4015302727877578
t12_580,119880,5794200,129870,5804190,1399,0.46540252827677975
t12_581,119880,5804190,129870,5814180,1377,0.45808383233532934
t12_582,119880,5814180,129870,5824170,1781,0.5924817032601464
t12_583,119880,5824170,129870,5834160,1466,0.48769128409846974
t12_584,119880,5834160,129870,5844150,866,0.2880904856952761
t12_585,119880,5844150,129870,5854140,968,0.32202262142381904
t12_586,119880,5854140,129870,5864130,839,0.2791084497671324
t12_587,119880,5864130,129870,5874120,896,0.2980705256154358
t12_588,119880,5874120,129870,5884110,222,0.07385229540918163
t12_589,119880,5884110,129870,5894100,32,0.010645375914836993
t12_590,119880,5894100,129870,5904090,231,0.07684630738522955
t12_591,119880,5904090,129870,5914080,25,0.0083166999334664
t12_592,119880,5914080,129870,5924070,427,0.14204923486360613
t12_593,119880,5924070,129870,5934060,68,0.02262142381902861
t13_411,129870,4105890,139860,4115880,765,0.25449101796407186
t13_412,129870,4115880,139860,4125870,1835,0.6104457751164338
t13_413,129870,4125870,139860,4135860,851,0.28310046573519626
t13_415,129870,4145850,139860,4155840,24,0.007984031936127744
t13_416,129870,4155840,139860,4165830,353,0.11743180306054557
t13_417,129870,4165830,139860,4175820,101,0.03359946773120426
t13_418,129870,4175820,139860,4185810,205,0.06819693945442448
t13_419,129870,4185810,139860,4195800,469,0.15602129075182966
t13_420,129870,4195800,139860,4205790,1228,0.4085163007318696
t13_421,129870,4205790,139860,4215780,1795,0.5971390552228876
t13_422,129870,4215780,139860,4225770,1016,0.3379906852960745
t13_423,129870,4225770,139860,4235760,562,0.18695941450432468
t13_424,129870,4235760,139860,4245750,1923,0.6397205588822356
t13_425,129870,4245750,139860,4255740,892,0.2967398536260812
t13_426,129870,4255740,139860,4265730,398,0.1324018629407851
t13_427,129870,4265730,139860,4275720,148,0.049234863606121095
t13_428,129870,4275720,139860,4285710,34,0.011310711909514305
t13_429,129870,4285710,139860,4295700,825,0.2744510978043912
t13_430,129870,4295700,139860,4305690,1630,0.5422488356620093
t13_431,129870,4305690,139860,4315680,705,0.2345309381237525
t13_432,129870,4315680,139860,4325670,1641,0.5459081836327345
t13_433,129870,4325670,139860,4335660,1369,0.4554224883566201
t13_434,129870,4335660,139860,4345650,1816,0.6041250831669993
t13_435,129870,4345650,139860,4355640,955,0.3176979374584165
t13_436,129870,4355640,139860,4365630,1675,0.5572188955422488
t13_437,129870,4365630,139860,4375620,1241,0.4128409846972721
t13_438,129870,4375620,139860,4385610,1186,0.39454424484364603
t13_439,129870,4385610,139860,4395600,1317,0.43812375249500995
t13_440,129870,4395600,139860,4405590,1336,0.4444444444444444
t13_441,129870,4405590,139860,4415580,1295,0.43080505655355955
t13_442,129870,4415580,139860,4425570,1255,0.4174983366600133
t13_443,129870,4425570,139860,4435560,1396,0.4644045242847638
t13_444,129870,4435560,139860,4445550,1457,0.4846972721224218
t13_445,129870,4445550,139860,4455540,1066,0.3546240851630073
t13_446,129870,4455540,139860,4465530,1568,0.5216234198270127
t13_447,129870,4465530,139860,4475520,1304,0.4337990685296075
t13_448,129870,4475520,139860,4485510,1406,0.46773120425815035
t13_449,129870,4485510,139860,4495500,1577,0.5246174318030605
t13_450,129870,4495500,139860,4505490,1149,0.38223552894211577
t13_451,129870,4505490,139860,4515480,1607,0.5345974717232203
t13_452,129870,4515480,139860,4525470,1439,0.478709248170326
t13_453,129870,4525470,139860,4535460,1170,0.38922155688622756
t13_454,129870,4535460,139860,4545450,1113,0.37025948103792417
t13_455,129870,4545450,139860,4555440,1004,0.33399866932801064
t13_456,129870,4555440,139860,4565430,1274,0.42381902860944776
t13_457,129870,4565430,139860,4575420,1414,0.4703925482368596
t13_458,129870,4575420,139860,4585410,476,0.15834996673320026
t13_459,129870,4585410,139860,4595400,1404,0.46706586826347307
t13_460,129870,4595400,139860,4605390,2152,0.7159015302727878
t13_461,129870,4605390,139860,4615380,1754,0.5834996673320026
t13_462,129870,4615380,139860,4625370,1977,0.6576846307385229
t13_463,129870,4625370,139860,4635360,1978,0.6580172987358616
t13_464,129870,4635360,139860,4645350,2095,0.6969394544244844
t13_465,129870,4645350,139860,4655340,1857,0.6177644710578842
t13_466,129870,4655340,139860,4665330,1634,0.543579507651364
t13_467,129870,4665330,139860,4675320,1055,0.3509647371922821
t13_468,129870,4675320,139860,4685310,1114,0.37059214903526283
t13_469,129870,4685310,139860,4695300,1446,0.4810379241516966
t13_470,129870,4695300,139860,4705290,1876,0.6240851630073186
t13_471,129870,4705290,139860,4715280,1142,0.37990685296074517
t13_472,129870,4715280,139860,4725270,1607,0.5345974717232203
t13_473,129870,4725270,139860,4735260,1372,0.4564204923486361
t13_474,129870,4735260,139860,4745250,1017,0.3383233532934132
t13_475,129870,4745250,139860,4755240,623,0.2072521623419827
t13_476,129870,4755240,139860,4765230,1076,0.3579507651363939
t13_477,129870,4765230,139860,4775220,938,0.3120425815036593
t13_478,129870,4775220,139860,4785210,1144,0.3805721889554225
t13_479,129870,4785210,139860,4795200,1474,0.490352628077179
t13_480,129870,4795200,139860,4805190,379,0.12608117099135063
t13_481,129870,4805190,139860,4815180,1722,0.5728542914171657
t13_482,129870,4815180,139860,4825170,969,0.3223552894211577
t13_483,129870,4825170,139860,4835160,1547,0.5146373918829009
t13_484,129870,4835160,139860,4845150,1067,0.354956753160346
t13_485,129870,4845150,139860,4855140,1008,0.33532934131736525
t13_486,129870,4855140,139860,4865130,1314,0.437125748502994
t13_487,129870,4865130,139860,4875120,1254,0.4171656686626746
t13_488,129870,4875120,139860,4885110,2136,0.7105788423153693
t13_489,129870,4885110,139860,4895100,1776,0.590818363273453
t13_490,129870,4895100,139860,4905090,1917,0.6377245508982036
t13_491,129870,4905090,139860,4915080,1510,0.5023286759813705
t13_492,129870,4915080,139860,4925070,721,0.239853626081171
t13_493,129870,4925070,139860,4935060,2157,0.717564870259481
t13_494,129870,4935060,139860,4945050,2277,0.7574850299401198
t13_495,129870,4945050,139860,4955040,2216,0.7371922821024618
t13_496,129870,4955040,139860,4965030,503,0.167332002661344
t13_497,129870,4965030,139860,4975020,124,0.04125083166999335
t13_498,129870,4975020,139860,4985010,602,0.20026613439787092
t13_499,129870,4985010,139860,4995000,639,0.2125748502994012
t13_500,129870,4995000,139860,5004990,318,0.10578842315369262
t13_501,129870,5004990,139860,5014980,252,0.08383233532934131
t13_502,129870,5014980,139860,5024970,343,0.11410512308715902
t13_503,129870,5024970,139860,5034960,1712,0.5695276114437791
t13_504,129870,5034960,139860,5044950,1329,0.4421157684630739
t13_505,129870,5044950,139860,5054940,1179,0.39221556886227543
t13_506,129870,5054940,139860,5064930,922,0.30671989354624085
t13_507,129870,5064930,139860,5074920,758,0.25216234198270127
t13_508,129870,5074920,139860,5084910,311,0.10345974717232202
t13_509,129870,5084910,139860,5094900,144,0.04790419161676647
t13_510,129870,5094900,139860,5104890,701,0.23320026613439787
t13_511,129870,5104890,139860,5114880,1223,0.4068529607451763
t13_512,129870,5114880,139860,5124870,132,0.043912175648702596
t13_513,129870,5124870,139860,5134860,1,0.00033266799733865603
t13_515,129870,5144850,139860,5154840,23,0.007651363938789089
t13_521,129870,5204790,139860,5214780,360,0.11976047904191617
t13_522,129870,5214780,139860,5224770,814,0.270791749833666
t13_523,129870,5224770,139860,5234760,738,0.24550898203592814
t13_524,129870,5234760,139860,5244750,634,0.2109115103127079
t13_525,129870,5244750,139860,5254740,833,0.27711244178310046
t13_526,129870,5254740,139860,5264730,5,0.00166333998669328
t13_527,129870,5264730,139860,5274720,334,0.1111111111111111
t13_528,129870,5274720,139860,5284710,427,0.14204923486360613
t13_529,129870,5284710,139860,5294700,278,0.09248170326014638
t13_530,129870,5294700,139860,5304690,250,0.08316699933466401
t13_531,129870,5304690,139860,5314680,1539,0.5119760479041916
t13_532,129870,5314680,139860,5324670,1139,0.37890884896872923
t13_533,129870,5324670,139860,5334660,879,0.29241516966067865
t13_534,129870,5334660,139860,5344650,61,0.020292747837658016
t13_536,129870,5354640,139860,5364630,153,0.05089820359281437
t13_537,129870,5364630,139860,5374620,1781,0.5924817032601464
t13_538,129870,5374620,139860,5384610,1752,0.5828343313373253
t13_539,129870,5384610,139860,5394600,1241,0.4128409846972721
t13_540,129870,5394600,139860,5404590,1177,0.39155023286759816
t13_541,129870,5404590,139860,5414580,833,0.27711244178310046
t13_542,129870,5414580,139860,5424570,1050,0.34930139720558884
t13_543,129870,5424570,139860,5434560,888,0.2954091816367265
t13_544,129870,5434560,139860,5444550,748,0.2488356620093147
t13_545,129870,5444550,139860,5454540,746,0.2481703260146374
t13_546,129870,5454540,139860,5464530,623,0.2072521623419827
t13_547,129870,5464530,139860,5474520,680,0.2262142381902861
t13_548,129870,5474520,139860,5484510,834,0.2774451097804391
t13_549,129870,5484510,139860,5494500,994,0.3306719893546241
t13_550,129870,5494500,139860,5504490,1021,0.3396540252827678
t13_551,129870,5504490,139860,5514480,1126,0.3745841650033267
t13_552,129870,5514480,139860,5524470,1231,0.40951430472388556
t13_553,129870,5524470,139860,5534460,1382,0.4597471723220226
t13_554,129870,5534460,139860,5544450,1348,0.44843646041250834
t13_555,129870,5544450,139860,5554440,1705,0.5671989354624085
t13_556,129870,5554440,139860,5564430,2204,0.7332002661343978
t13_557,129870,5564430,139860,5574420,1418,0.4717232202262142
t13_558,129870,5574420,139860,5584410,1370,0.45575515635395875
t13_559,129870,5584410,139860,5594400,1520,0.5056553559547572
t13_560,129870,5594400,139860,5604390,1893,0.6297405189620758
t13_561,129870,5604390,139860,5614380,1744,0.5801729873586161
t13_562,129870,5614380,139860,5624370,1093,0.36360612109115104
t13_563,129870,5624370,139860,5634360,533,0.17731204258150365
t13_564,129870,5634360,139860,5644350,570,0.18962075848303392
t13_565,129870,5644350,139860,5654340,788,0.26214238190286093
t13_566,129870,5654340,139860,5664330,641,0.2132401862940785
t13_567,129870,5664330,139860,5674320,755,0.25116433799068527
t13_568,129870,5674320,139860,5684310,1288,0.42847638057218895
t13_569,129870,5684310,139860,5694300,1264,0.4204923486360612
t13_570,129870,5694300,139860,5704290,1598,0.5316034597471723
t13_571,129870,5704290,139860,5714280,1460,0.4856952761144378
t13_572,129870,5714280,139860,5724270,1511,0.5026613439787092
t13_573,129870,5724270,139860,5734260,1594,0.5302727877578177
t13_574,129870,5734260,139860,5744250,1611,0.5359281437125748
t13_575,129870,5744250,139860,5754240,1334,0.44377910844976715
t13_576,129870,5754240,139860,5764230,1178,0.39188290086493677
t13_577,129870,5764230,139860,5774220,1451,0.4827012641383899
t13_578,129870,5774220,139860,5784210,1876,0.6240851630073186
t13_579,129870,5784210,139860,5794200,1769,0.5884896872920825
t13_580,129870,5794200,139860,5804190,1720,0.5721889554224884
t13_581,129870,5804190,139860,5814180,1527,0.5079840319361277
t13_582,129870,5814180,139860,5824170,2194,0.7298735861610113
t13_583,129870,5824170,139860,5834160,1769,0.5884896872920825
t13_584,129870,5834160,139860,5844150,1328,0.4417831004657352
t13_585,129870,5844150,139860,5854140,1212,0.4031936127744511
t13_586,129870,5854140,139860,5864130,1055,0.3509647371922821
t13_587,129870,5864130,139860,5874120,1191,0.3962075848303393
t13_588,129870,5874120,139860,5884110,928,0.3087159015302728
t13_589,129870,5884110,139860,5894100,939,0.312375249500998
t13_590,129870,5894100,139860,5904090,1097,0.36493679308050564
t13_591,129870,5904090,139860,5914080,1051,0.3496340652029275
t13_592,129870,5914080,139860,5924070,977,0.3250166333998669
t13_593,129870,5924070,139860,5934060,554,0.18429807052561545
t13_594,129870,5934060,139860,5944050,262,0.08715901530272788
t14_408,139860,4075920,149850,4085910,308,0.10246174318030606
t14_409,139860,4085910,149850,4095900,291,0.0968063872255489
t14_410,139860,4095900,149850,4105890,1399,0.46540252827677975
t14_411,139860,4105890,149850,4115880,1802,0.5994677312042581
t14_412,139860,4115880,149850,4125870,1002,0.3333333333333333
t14_413,139860,4125870,149850,4135860,5,0.00166333998669328
t14_415,139860,4145850,149850,4155840,82,0.027278775781769793
t14_416,139860,4155840,149850,4165830,118,0.039254823685961414
t14_417,139860,4165830,149850,4175820,231,0.07684630738522955
t14_418,139860,4175820,149850,4185810,846,0.281437125748503
t14_419,139860,4185810,149850,4195800,1150,0.38256819693945443
t14_420,139860,4195800,149850,4205790,1638,0.5449101796407185
t14_421,139860,4205790,149850,4215780,2098,0.6979374584165003
t14_422,139860,4215780,149850,4225770,539,0.1793080505655356
t14_423,139860,4225770,149850,4235760,1365,0.4540918163672655
t14_424,139860,4235760,149850,4245750,1563,0.5199600798403193
t14_425,139860,4245750,149850,4255740,860,0.2860944777112442
t14_426,139860,4255740,149850,4265730,1951,0.649035262807718
t14_427,139860,4265730,149850,4275720,1177,0.39155023286759816
t14_428,139860,4275720,149850,4285710,344,0.11443779108449767
t14_429,139860,4285710,149850,4295700,1144,0.3805721889554225
t14_430,139860,4295700,149850,4305690,1516,0.5043246839654025
t14_431,139860,4305690,149850,4315680,1043,0.34697272122421824
t14_432,139860,4315680,149850,4325670,1713,0.5698602794411177
t14_433,139860,4325670,149850,4335660,1517,0.5046573519627412
t14_434,139860,4335660,149850,4345650,1811,0.6024617431803061
t14_435,139860,4345650,149850,4355640,1054,0.35063206919494344
t14_436,139860,4355640,149850,4365630,1449,0.4820359281437126
t14_437,139860,4365630,149850,4375620,1588,0.5282767797737857
t14_438,139860,4375620,149850,4385610,1264,0.4204923486360612
t14_439,139860,4385610,149850,4395600,1189,0.395542248835662
t14_440,139860,4395600,149850,4405590,1802,0.5994677312042581
t14_441,139860,4405590,149850,4415580,1143,0.38023952095808383
t14_442,139860,4415580,149850,4425570,980,0.3260146373918829
t14_443,139860,4425570,149850,4435560,1258,0.4184963406520293
t14_444,139860,4435560,149850,4445550,1148,0.3819028609447771
t14_445,139860,4445550,149850,4455540,558,0.18562874251497005
t14_446,139860,4455540,149850,4465530,1359,0.45209580838323354
t14_447,139860,4465530,149850,4475520,660,0.21956087824351297
t14_448,139860,4475520,149850,4485510,1288,0.42847638057218895
t14_449,139860,4485510,149850,4495500,1729,0.5751829673985362
t14_450,139860,4495500,149850,4505490,1424,0.4737192282102462
t14_451,139860,4505490,149850,4515480,1622,0.5395874916833001
t14_452,139860,4515480,149850,4525470,1767,0.5878243512974052
t14_453,139860,4525470,149850,4535460,1336,0.4444444444444444
t14_454,139860,4535460,149850,4545450,387,0.12874251497005987
t14_455,139860,4545450,149850,4555440,889,0.2957418496340652
t14_456,139860,4555440,149850,4565430,1007,0.33499667332002664
t14_457,139860,4565430,149850,4575420,642,0.21357285429141717
t14_459,139860,4585410,149850,4595400,616,0.2049234863606121
t14_460,139860,4595400,149850,4605390,906,0.3013972055888224
t14_461,139860,4605390,149850,4615380,1212,0.4031936127744511
t14_462,139860,4615380,149850,4625370,1265,0.4208250166333999
t14_463,139860,4625370,149850,4635360,2178,0.7245508982035929
t14_464,139860,4635360,149850,4645350,1831,0.6091151031270792
t14_465,139860,4645350,149850,4655340,2201,0.7322022621423819
t14_466,139860,4655340,149850,4665330,2132,0.7092481703260146
t14_467,139860,4665330,149850,4675320,654,0.21756487025948104
t14_468,139860,4675320,149850,4685310,1231,0.40951430472388556
t14_469,139860,4685310,149850,4695300,865,0.28775781769793746
t14_470,139860,4695300,149850,4705290,1200,0.3992015968063872
t14_471,139860,4705290,149850,4715280,1270,0.42248835662009315
t14_472,139860,4715280,149850,4725270,2068,0.6879574184963406
t14_473,139860,4725270,149850,4735260,1417,0.4713905522288756
t14_474,139860,4735260,149850,4745250,364,0.12109115103127079
t14_475,139860,4745250,149850,4755240,30,0.00998003992015968
t14_476,139860,4755240,149850,4765230,10,0.00332667997338656
t14_477,139860,4765230,149850,4775220,39,0.012974051896207584
t14_478,139860,4775220,149850,4785210,82,0.027278775781769793
t14_479,139860,4785210,149850,4795200,221,0.07351962741184298
t14_480,139860,4795200,149850,4805190,19,0.006320691949434464
t14_481,139860,4805190,149850,4815180,64,0.021290751829673986
t14_482,139860,4815180,149850,4825170,24,0.007984031936127744
t14_483,139860,4825170,149850,4835160,718,0.23885562208915503
t14_484,139860,4835160,149850,4845150,1464,0.4870259481037924
t14_485,139860,4845150,149850,4855140,1510,0.5023286759813705
t14_486,139860,4855140,149850,4865130,1177,0.39155023286759816
t14_487,139860,4865130,149850,4875120,1408,0.4683965402528277
t14_488,139860,4875120,149850,4885110,1623,0.5399201596806387
t14_489,139860,4885110,149850,4895100,1752,0.5828343313373253
t14_490,139860,4895100,149850,4905090,1634,0.543579507651364
t14_491,139860,4905090,149850,4915080,641,0.2132401862940785
t14_492,139860,4915080,149850,4925070,740,0.24617431803060547
t14_493,139860,4925070,149850,4935060,1613,0.5365934797072521
t14_494,139860,4935060,149850,4945050,1483,0.49334664005322687
t14_495,139860,4945050,149850,4955040,1345,0.44743845642049235
t14_496,139860,4955040,149850,4965030,300,0.0998003992015968
t14_497,139860,4965030,149850,4975020,1222,0.40652029274783763
t14_498,139860,4975020,149850,4985010,1036,0.34464404524284764
t14_499,139860,4985010,149850,4995000,329,0.10944777112441784
t14_500,139860,4995000,149850,5004990,528,0.17564870259481039
t14_501,139860,5004990,149850,5014980,351,0.11676646706586827
t14_502,139860,5014980,149850,5024970,9,0.0029940119760479044
t14_503,139860,5024970,149850,5034960,13,0.004324683965402528
t14_504,139860,5034960,149850,5044950,216,0.0718562874251497
t14_505,139860,5044950,149850,5054940,320,0.10645375914836992
t14_506,139860,5054940,149850,5064930,1,0.00033266799733865603
t14_508,139860,5074920,149850,5084910,11,0.003659347970725216
t14_509,139860,5084910,149850,5094900,130,0.04324683965402528
t14_510,139860,5094900,149850,5104890,410,0.13639387890884896
t14_511,139860,5104890,149850,5114880,107,0.03559547571523619
t14_512,139860,5114880,149850,5124870,3,0.000998003992015968
t14_515,139860,5144850,149850,5154840,3,0.000998003992015968
t14_523,139860,5224770,149850,5234760,496,0.1650033266799734
t14_527,139860,5264730,149850,5274720,297,0.09880239520958084
t14_528,139860,5274720,149850,5284710,46,0.015302727877578177
t14_529,139860,5284710,149850,5294700,423,0.1407185628742515
t14_530,139860,5294700,149850,5304690,80,0.02661343978709248
t14_531,139860,5304690,149850,5314680,522,0.17365269461077845
t14_532,139860,5314680,149850,5324670,67,0.022288755821689953
t14_536,139860,5354640,149850,5364630,32,0.010645375914836993
t14_537,139860,5364630,149850,5374620,1565,0.5206254158349967
t14_538,139860,5374620,149850,5384610,2296,0.7638057218895542
t14_539,139860,5384610,149850,5394600,1878,0.624750499001996
t14_540,139860,5394600,149850,5404590,1228,0.4085163007318696
t14_541,139860,5404590,149850,5414580,940,0.31270791749833665
t14_542,139860,5414580,149850,5424570,1003,0.333666001330672
t14_543,139860,5424570,149850,5434560,866,0.2880904856952761
t14_544,139860,5434560,149850,5444550,888,0.2954091816367265
t14_545,139860,5444550,149850,5454540,839,0.2791084497671324
t14_546,139860,5454540,149850,5464530,874,0.2907518296739854
t14_547,139860,5464530,149850,5474520,664,0.2208915502328676
t14_548,139860,5474520,149850,5484510,429,0.14271457085828343
t14_549,139860,5484510,149850,5494500,660,0.21956087824351297
t14_550,139860,5494500,149850,5504490,645,0.21457085828343314
t14_551,139860,5504490,149850,5514480,1040,0.34597471723220224
t14_552,139860,5514480,149850,5524470,958,0.31869594145043245
t14_553,139860,5524470,149850,5534460,852,0.2834331337325349
t14_554,139860,5534460,149850,5544450,1080,0.3592814371257485
t14_555,139860,5544450,149850,5554440,1172,0.38988689288090483
t14_556,139860,5554440,149850,5564430,1365,0.4540918163672655
t14_557,139860,5564430,149850,5574420,1509,0.501996007984032
t14_558,139860,5574420,149850,5584410,1582,0.5262807717897539
t14_559,139860,5584410,149850,5594400,1533,0.5099800399201597
t14_560,139860,5594400,149850,5604390,1097,0.36493679308050564
t14_561,139860,5604390,149850,5614380,1352,0.44976713240186295
t14_562,139860,5614380,149850,5624370,1581,0.5259481037924152
t14_563,139860,5624370,149850,5634360,1665,0.5538922155688623
t14_564,139860,5634360,149850,5644350,1830,0.6087824351297405
t14_565,139860,5644350,149850,5654340,1651,0.5492348636061211
t14_566,139860,5654340,149850,5664330,1006,0.334664005322688
t14_567,139860,5664330,149850,5674320,1289,0.4288090485695276
t14_568,139860,5674320,149850,5684310,1250,0.41583499667332
t14_569,139860,5684310,149850,5694300,1494,0.49700598802395207
t14_570,139860,5694300,149850,5704290,1577,0.5246174318030605
t14_571,139860,5704290,149850,5714280,1249,0.41550232867598136
t14_572,139860,5714280,149850,5724270,1625,0.540585495675316
t14_573,139860,5724270,149850,5734260,1423,0.47338656021290754
t14_574,139860,5734260,149850,5744250,1523,0.5066533599467731
t14_575,139860,5744250,149850,5754240,1382,0.4597471723220226
t14_576,139860,5754240,149850,5764230,1247,0.4148369926813041
t14_577,139860,5764230,149850,5774220,1474,0.490352628077179
t14_578,139860,5774220,149850,5784210,1545,0.5139720558882236
t14_579,139860,5784210,149850,5794200,1573,0.5232867598137059
t14_580,139860,5794200,149850,5804190,2004,0.6666666666666666
t14_581,139860,5804190,149850,5814180,2155,0.7168995342648037
t14_582,139860,5814180,149850,5824170,1871,0.6224218230206254
t14_583,139860,5824170,149850,5834160,1798,0.5981370592149036
t14_584,139860,5834160,149850,5844150,1691,0.5625415834996673
t14_585,139860,5844150,149850,5854140,1468,0.48835662009314706
t14_586,139860,5854140,149850,5864130,1554,0.5169660678642715
t14_587,139860,5864130,149850,5874120,1507,0.5013306719893547
t14_588,139860,5874120,149850,5884110,1332,0.4431137724550898
t14_589,139860,5884110,149850,5894100,1133,0.3769128409846973
t14_590,139860,5894100,149850,5904090,1477,0.49135063206919494
t14_591,139860,5904090,149850,5914080,1748,0.5815036593479708
t14_592,139860,5914080,149850,5924070,1552,0.5163007318695941
t14_593,139860,5924070,149850,5934060,837,0.27844311377245506
t14_594,139860,5934060,149850,5944050,737,0.2451763140385895
t14_595,139860,5944050,149850,5954040,563,0.18729208250166335
t14_596,139860,5954040,149850,5964030,18,0.005988023952095809
t15_408,149850,4075920,159840,4085910,1719,0.5718562874251497
t15_409,149850,4085910,159840,4095900,79,0.026280771789753826
t15_410,149850,4095900,159840,4105890,1055,0.3509647371922821
t15_411,149850,4105890,159840,4115880,1084,0.3606121091151031
t15_412,149850,4115880,159840,4125870,721,0.239853626081171
t15_415,149850,4145850,159840,4155840,633,0.21057884231536927
t15_416,149850,4155840,159840,4165830,947,0.31503659347970725
t15_417,149850,4165830,159840,4175820,151,0.05023286759813706
t15_418,149850,4175820,159840,4185810,1302,0.43313373253493015
t15_419,149850,4185810,159840,4195800,2329,0.7747837658017299
t15_420,149850,4195800,159840,4205790,2228,0.7411842980705257
t15_421,149850,4205790,159840,4215780,1806,0.6007984031936128
t15_422,149850,4215780,159840,4225770,1525,0.5073186959414504
t15_423,149850,4225770,159840,4235760,1825,0.6071190951430473
t15_424,149850,4235760,159840,4245750,749,0.24916833000665337
t15_425,149850,4245750,159840,4255740,2097,0.6976047904191617
t15_426,149850,4255740,159840,4265730,1563,0.5199600798403193
t15_427,149850,4265730,159840,4275720,1064,0.35395874916833003
t15_428,149850,4275720,159840,4285710,742,0.24683965402528277
t15_429,149850,4285710,159840,4295700,681,0.22654690618762474
t15_430,149850,4295700,159840,4305690,1261,0.4194943446440452
t15_431,149850,4305690,159840,4315680,1260,0.41916167664670656
t15_432,149850,4315680,159840,4325670,1845,0.6137724550898204
t15_433,149850,4325670,159840,4335660,1875,0.6237524950099801
t15_434,149850,4335660,159840,4345650,2207,0.7341982701264138
t15_435,149850,4345650,159840,4355640,1386,0.46107784431137727
t15_436,149850,4355640,159840,4365630,1561,0.519294743845642
t15_437,149850,4365630,159840,4375620,1375,0.457418496340652
t15_438,149850,4375620,159840,4385610,1101,0.3662674650698603
t15_439,149850,4385610,159840,4395600,1434,0.47704590818363274
t15_440,149850,4395600,159840,4405590,625,0.20791749833666
t15_441,149850,4405590,159840,4415580,353,0.11743180306054557
t15_442,149850,4415580,159840,4425570,213,0.07085828343313373
t15_443,149850,4425570,159840,4435560,70,0.023286759813705923
t15_444,149850,4435560,159840,4445550,5,0.00166333998669328
t15_445,149850,4445550,159840,4455540,72,0.023952095808383235
t15_446,149850,4455540,159840,4465530,535,0.17797737857618098
t15_447,149850,4465530,159840,4475520,321,0.10678642714570859
t15_448,149850,4475520,159840,4485510,912,0.3033932135728543
t15_449,149850,4485510,159840,4495500,1176,0.3912175648702595
t15_450,149850,4495500,159840,4505490,1443,0.48003992015968067
t15_451,149850,4505490,159840,4515480,564,0.18762475049900199
t15_452,149850,4515480,159840,4525470,1448,0.48170326014637393
t15_453,149850,4525470,159840,4535460,236,0.07850964737192283
t15_454,149850,4535460,159840,4545450,86,0.028609447771124417
t15_455,149850,4545450,159840,4555440,1011,0.33632734530938124
t15_456,149850,4555440,159840,4565430,876,0.29141716566866266
t15_457,149850,4565430,159840,4575420,70,0.023286759813705923
t15_459,149850,4585410,159840,4595400,14,0.004657351962741184
t15_460,149850,4595400,159840,4605390,33,0.010978043912175649
t15_461,149850,4605390,159840,4615380,139,0.04624085163007319
t15_462,149850,4615380,159840,4625370,11,0.003659347970725216
t15_463,149850,4625370,159840,4635360,790,0.26280771789753826
t15_464,149850,4635360,159840,4645350,1932,0.6427145708582834
t15_465,149850,4645350,159840,4655340,1754,0.5834996673320026
t15_466,149850,4655340,159840,4665330,1499,0.4986693280106454
t15_467,149850,4665330,159840,4675320,440,0.14637391882900866
t15_468,149850,4675320,159840,4685310,2038,0.677977378576181
t15_469,149850,4685310,159840,4695300,1113,0.37025948103792417
t15_470,149850,4695300,159840,4705290,1441,0.47937458416500334
t15_471,149850,4705290,159840,4715280,1377,0.45808383233532934
t15_472,149850,4715280,159840,4725270,2029,0.674983366600133
t15_473,149850,4725270,159840,4735260,1616,0.5375914836992681
t15_474,149850,4735260,159840,4745250,93,0.03093812375249501
t15_483,149850,4825170,159840,4835160,84,0.027944111776447105
t15_484,149850,4835160,159840,4845150,499,0.16600133067198936
t15_485,149850,4845150,159840,4855140,1739,0.5785096473719228
t15_486,149850,4855140,159840,4865130,1804,0.6001330671989354
t15_487,149850,4865130,159840,4875120,2166,0.720558882235529
t15_488,149850,4875120,159840,4885110,1712,0.5695276114437791
t15_489,149850,4885110,159840,4895100,1827,0.6077844311377245
t15_490,149850,4895100,159840,4905090,2482,0.8256819693945442
t15_491,149850,4905090,159840,4915080,2362,0.7857618097139055
t15_492,149850,4915080,159840,4925070,2020,0.6719893546240852
t15_493,149850,4925070,159840,4935060,1899,0.6317365269461078
t15_494,149850,4935060,159840,4945050,2483,0.8260146373918829
t15_495,149850,4945050,159840,4955040,2445,0.8133732534930139
t15_496,149850,4955040,159840,4965030,1599,0.5319361277445109
t15_497,149850,4965030,159840,4975020,694,0.23087159015302727
t15_498,149850,4975020,159840,4985010,1772,0.5894876912840985
t15_499,149850,4985010,159840,4995000,907,0.301729873586161
t15_500,149850,4995000,159840,5004990,1374,0.45708582834331335
t15_501,149850,5004990,159840,5014980,920,0.3060545575515635
t15_502,149850,5014980,159840,5024970,325,0.1081170991350632
t15_503,149850,5024970,159840,5034960,1210,0.40252827677977376
t15_504,149850,5034960,159840,5044950,2329,0.7747837658017299
t15_505,149850,5044950,159840,5054940,1861,0.6190951430472389
t15_506,149850,5054940,159840,5064930,561,0.18662674650698602
t15_507,149850,5064930,159840,5074920,70,0.023286759813705923
t15_508,149850,5074920,159840,5084910,360,0.11976047904191617
t15_509,149850,5084910,159840,5094900,3,0.000998003992015968
t15_510,149850,5094900,159840,5104890,246,0.08183632734530938
t15_511,149850,5104890,159840,5114880,129,0.04291417165668663
t15_512,149850,5114880,159840,5124870,352,0.11709913506320692
t15_513,149850,5124870,159840,5134860,89,0.029607451763140388
t15_527,149850,5264730,159840,5274720,210,0.06986027944111776
t15_528,149850,5274720,159840,5284710,63,0.020958083832335328
t15_529,149850,5284710,159840,5294700,71,0.023619427811044577
t15_530,149850,5294700,159840,5304690,32,0.010645375914836993
t15_531,149850,5304690,159840,5314680,479,0.15934797072521623
t15_535,149850,5344650,159840,5354640,26,0.008649367930805056
t15_536,149850,5354640,159840,5364630,122,0.04058549567531603
t15_537,149850,5364630,159840,5374620,1149,0.38223552894211577
t15_538,149850,5374620,159840,5384610,1869,0.6217564870259481
t15_539,149850,5384610,159840,5394600,2017,0.6709913506320692
t15_540,149850,5394600,159840,5404590,1952,0.6493679308050565
t15_541,149850,5404590,159840,5414580,1361,0.4527611443779108
t15_542,149850,5414580,159840,5424570,1078,0.3586161011310712
t15_543,149850,5424570,159840,5434560,887,0.2950765136393879
t15_544,149850,5434560,159840,5444550,750,0.249500998003992
t15_545,149850,5444550,159840,5454540,641,0.2132401862940785
t15_546,149850,5454540,159840,5464530,856,0.28476380572188953
t15_547,149850,5464530,159840,5474520,550,0.18296739853626082
t15_548,149850,5474520,159840,5484510,382,0.1270791749833666
t15_549,149850,5484510,159840,5494500,516,0.17165668662674652
t15_550,149850,5494500,159840,5504490,570,0.18962075848303392
t15_551,149850,5504490,159840,5514480,436,0.14504324683965403
t15_552,149850,5514480,159840,5524470,673,0.2238855622089155
t15_553,149850,5524470,159840,5534460,1060,0.3526280771789754
t15_554,149850,5534460,159840,5544450,965,0.32102461743180305
t15_555,149850,5544450,159840,5554440,928,0.3087159015302728
t15_556,149850,5554440,159840,5564430,1250,0.41583499667332
t15_557,149850,5564430,159840,5574420,1205,0.4008649367930805
t15_558,149850,5574420,159840,5584410,968,0.32202262142381904
t15_559,149850,5584410,159840,5594400,1315,0.4374584165003327
t15_560,149850,5594400,159840,5604390,1200,0.3992015968063872
t15_561,149850,5604390,159840,5614380,1047,0.34830339321357284
t15_562,149850,5614380,159840,5624370,1099,0.36560212907518297
t15_563,149850,5624370,159840,5634360,1501,0.49933466400532267
t15_564,149850,5634360,159840,5644350,1491,0.49600798403193613
t15_565,149850,5644350,159840,5654340,1858,0.6180971390552229
t15_566,149850,5654340,159840,5664330,1614,0.5369261477045908
t15_567,149850,5664330,159840,5674320,1422,0.47305389221556887
t15_568,149850,5674320,159840,5684310,1118,0.37192282102461743
t15_569,149850,5684310,159840,5694300,1353,0.4500998003992016
t15_570,149850,5694300,159840,5704290,681,0.22654690618762474
t15_571,149850,5704290,159840,5714280,1103,0.3669328010645376
t15_572,149850,5714280,159840,5724270,1788,0.5948103792415169
t15_573,149850,5724270,159840,5734260,1601,0.5326014637391883
t15_574,149850,5734260,159840,5744250,1600,0.5322687957418496
t15_575,149850,5744250,159840,5754240,1505,0.5006653359946773
t15_576,149850,5754240,159840,5764230,1721,0.572521623419827
t15_577,149850,5764230,159840,5774220,1694,0.5635395874916833
t15_578,149850,5774220,159840,5784210,1517,0.5046573519627412
t15_579,149850,5784210,159840,5794200,1676,0.5575515635395875
t15_580,149850,5794200,159840,5804190,1971,0.655688622754491
t15_581,149850,5804190,159840,5814180,2151,0.7155688622754491
t15_582,149850,5814180,159840,5824170,1882,0.6260811709913506
t15_583,149850,5824170,159840,5834160,1736,0.5775116433799069
t15_584,149850,5834160,159840,5844150,1719,0.5718562874251497
t15_585,149850,5844150,159840,5854140,1747,0.5811709913506321
t15_586,149850,5854140,159840,5864130,1823,0.60645375914837
t15_587,149850,5864130,159840,5874120,1544,0.5136393878908849
t15_588,149850,5874120,159840,5884110,996,0.3313373253493014
t15_589,149850,5884110,159840,5894100,1508,0.5016633399866933
t15_590,149850,5894100,159840,5904090,1803,0.5998003992015968
t15_591,149850,5904090,159840,5914080,1699,0.5652029274783765
t15_592,149850,5914080,159840,5924070,1686,0.5608782435129741
t15_593,149850,5924070,159840,5934060,1762,0.5861610113107119
t15_594,149850,5934060,159840,5944050,1679,0.5585495675316035
t15_595,149850,5944050,159840,5954040,1303,0.4334664005322688
t15_596,149850,5954040,159840,5964030,962,0.3200266134397871
t15_597,149850,5964030,159840,5974020,491,0.16333998669328012
t15_598,149850,5974020,159840,5984010,299,0.09946773120425816
t15_599,149850,5984010,159840,5994000,341,0.1134397870924817
t15_600,149850,5994000,159840,6003990,308,0.10246174318030606
t15_601,149850,6003990,159840,6013980,60,0.01996007984031936
t16_408,159840,4075920,169830,4085910,279,0.09281437125748503
t16_409,159840,4085910,169830,4095900,321,0.10678642714570859
t16_410,159840,4095900,169830,4105890,1601,0.5326014637391883
t16_411,159840,4105890,169830,4115880,1251,0.4161676646706587
t16_412,159840,4115880,169830,4125870,354,0.11776447105788423
t16_414,159840,4135860,169830,4145850,104,0.034597471723220224
t16_415,159840,4145850,169830,4155840,963,0.3203592814371258
t16_416,159840,4155840,169830,4165830,2027,0.6743180306054558
t16_417,159840,4165830,169830,4175820,1467,0.4880239520958084
t16_418,159840,4175820,169830,4185810,1321,0.4394544244843646
t16_419,159840,4185810,169830,4195800,1729,0.5751829673985362
t16_420,159840,4195800,169830,4205790,2216,0.7371922821024618
t16_421,159840,4205790,169830,4215780,1239,0.4121756487025948
t16_422,159840,4215780,169830,4225770,2087,0.6942781104457751
t16_423,159840,4225770,169830,4235760,1157,0.38489687292082503
t16_424,159840,4235760,169830,4245750,1678,0.5582168995342648
t16_425,159840,4245750,169830,4255740,1437,0.4780439121756487
t16_426,159840,4255740,169830,4265730,1508,0.5016633399866933
t16_427,159840,4265730,169830,4275720,1076,0.3579507651363939
t16_428,159840,4275720,169830,4285710,1524,0.5069860279441117
t16_429,159840,4285710,169830,4295700,1373,0.45675316034597474
t16_430,159840,4295700,169830,4305690,1616,0.5375914836992681
t16_431,159840,4305690,169830,4315680,1596,0.530938123752495
t16_432,159840,4315680,169830,4325670,2012,0.669328010645376
t16_433,159840,4325670,169830,4335660,2425,0.8067198935462409
t16_434,159840,4335660,169830,4345650,1924,0.6400532268795742
t16_435,159840,4345650,169830,4355640,1757,0.5844976713240186
t16_436,159840,4355640,169830,4365630,1478,0.4916833000665336
t16_437,159840,4365630,169830,4375620,1200,0.3992015968063872
t16_438,159840,4375620,169830,4385610,704,0.23419827012641384
t16_439,159840,4385610,169830,4395600,1498,0.49833666001330673
t16_440,159840,4395600,169830,4405590,1769,0.5884896872920825
t16_441,159840,4405590,169830,4415580,437,0.1453759148369927
t16_447,159840,4465530,169830,4475520,72,0.023952095808383235
t16_448,159840,4475520,169830,4485510,470,0.15635395874916833
t16_449,159840,4485510,169830,4495500,120,0.03992015968063872
t16_450,159840,4495500,169830,4505490,26,0.008649367930805056
t16_451,159840,4505490,169830,4515480,1,0.00033266799733865603
t16_455,159840,4545450,169830,4555440,17,0.005655355954757153
t16_456,159840,4555440,169830,4565430,135,0.04491017964071856
t16_463,159840,4625370,169830,4635360,47,0.015635395874916833
t16_464,159840,4635360,169830,4645350,1838,0.6114437791084497
t16_465,159840,4645350,169830,4655340,1475,0.4906852960745176
t16_466,159840,4655340,169830,4665330,873,0.2904191616766467
t16_467,159840,4665330,169830,4675320,1590,0.5289421157684631
t16_468,159840,4675320,169830,4685310,1922,0.6393878908848969
t16_469,159840,4685310,169830,4695300,1670,0.5555555555555556
t16_470,159840,4695300,169830,4705290,1975,0.6570192947438457
t16_471,159840,4705290,169830,4715280,1387,0.4614105123087159
t16_472,159840,4715280,169830,4725270,1481,0.49268130405854954
t16_473,159840,4725270,169830,4735260,462,0.1536926147704591
t16_474,159840,4735260,169830,4745250,26,0.008649367930805056
t16_476,159840,4755240,169830,4765230,74,0.024617431803060547
t16_477,159840,4765230,169830,4775220,52,0.017298735861610112
t16_484,159840,4835160,169830,4845150,485,0.16134397870924816
t16_485,159840,4845150,169830,4855140,1823,0.60645375914837
t16_486,159840,4855140,169830,4865130,2431,0.8087159015302728
t16_487,159840,4865130,169830,4875120,1949,0.6483699268130406
t16_488,159840,4875120,169830,4885110,2031,0.6756487025948104
t16_489,159840,4885110,169830,4895100,2054,0.6833000665335994
t16_490,159840,4895100,169830,4905090,2429,0.8080505655355955
t16_491,159840,4905090,169830,4915080,2285,0.760146373918829
t16_492,159840,4915080,169830,4925070,2270,0.7551563539587491
t16_493,159840,4925070,169830,4935060,1785,0.593812375249501
t16_494,159840,4935060,169830,4945050,1869,0.6217564870259481
t16_495,159840,4945050,169830,4955040,2185,0.7268795741849634
t16_496,159840,4955040,169830,4965030,2295,0.7634730538922155
t16_497,159840,4965030,169830,4975020,1655,0.5505655355954757
t16_498,159840,4975020,169830,4985010,1527,0.5079840319361277
t16_499,159840,4985010,169830,4995000,1895,0.6304058549567532
t16_500,159840,4995000,169830,5004990,2116,0.7039254823685961
t16_501,159840,5004990,169830,5014980,1905,0.6337325349301397
t16_502,159840,5014980,169830,5024970,2005,0.6669993346640053
t16_503,159840,5024970,169830,5034960,1903,0.6330671989354624
t16_504,159840,5034960,169830,5044950,2418,0.8043912175648703
t16_505,159840,5044950,169830,5054940,2042,0.6793080505655356
t16_506,159840,5054940,169830,5064930,1377,0.45808383233532934
t16_507,159840,5064930,169830,5074920,1712,0.5695276114437791
t16_508,159840,5074920,169830,5084910,1595,0.5306054557551564
t16_509,159840,5084910,169830,5094900,589,0.19594145043246838
t16_510,159840,5094900,169830,5104890,1779,0.591816367265469
t16_511,159840,5104890,169830,5114880,1177,0.39155023286759816
t16_512,159840,5114880,169830,5124870,1839,0.6117764471057884
t16_513,159840,5124870,169830,5134860,1471,0.489354624085163
t16_518,159840,5174820,169830,5184810,86,0.028609447771124417
t16_526,159840,5254740,169830,5264730,201,0.06686626746506986
t16_527,159840,5264730,169830,5274720,225,0.0748502994011976
t16_528,159840,5274720,169830,5284710,29,0.009647371922821025
t16_530,159840,5294700,169830,5304690,46,0.015302727877578177
t16_531,159840,5304690,169830,5314680,702,0.23353293413173654
t16_535,159840,5344650,169830,5354640,7,0.002328675981370592
t16_536,159840,5354640,169830,5364630,503,0.167332002661344
t16_537,159840,5364630,169830,5374620,429,0.14271457085828343
t16_538,159840,5374620,169830,5384610,588,0.19560878243512975
t16_539,159840,5384610,169830,5394600,479,0.15934797072521623
t16_540,159840,5394600,169830,5404590,1541,0.5126413838988689
t16_541,159840,5404590,169830,5414580,1742,0.5795076513639388
t16_542,159840,5414580,169830,5424570,853,0.2837658017298736
t16_543,159840,5424570,169830,5434560,441,0.1467065868263473
t16_544,159840,5434560,169830,5444550,565,0.18795741849634065
t16_545,159840,5444550,169830,5454540,817,0.271789753825682
t16_546,159840,5454540,169830,5464530,1108,0.3685961410512309
t16_547,159840,5464530,169830,5474520,837,0.27844311377245506
t16_548,159840,5474520,169830,5484510,664,0.2208915502328676
t16_549,159840,5484510,169830,5494500,534,0.17764471057884232
t16_550,159840,5494500,169830,5504490,266,0.08848968729208251
t16_551,159840,5504490,169830,5514480,262,0.08715901530272788
t16_552,159840,5514480,169830,5524470,677,0.22521623419827014
t16_553,159840,5524470,169830,5534460,1058,0.35196274118429804
t16_554,159840,5534460,169830,5544450,1130,0.3759148369926813
t16_555,159840,5544450,169830,5554440,870,0.2894211576846307
t16_556,159840,5554440,169830,5564430,1163,0.38689288090485696
t16_557,159840,5564430,169830,5574420,1664,0.5535595475715236
t16_558,159840,5574420,169830,5584410,1230,0.4091816367265469
t16_559,159840,5584410,169830,5594400,1147,0.38157019294743844
t16_560,159840,5594400,169830,5604390,1145,0.38090485695276116
t16_561,159840,5604390,169830,5614380,1247,0.4148369926813041
t16_562,159840,5614380,169830,5624370,1021,0.3396540252827678
t16_563,159840,5624370,169830,5634360,1580,0.5256154357950765
t16_564,159840,5634360,169830,5644350,1545,0.5139720558882236
t16_565,159840,5644350,169830,5654340,1741,0.5791749833666001
t16_566,159840,5654340,169830,5664330,1751,0.5825016633399867
t16_567,159840,5664330,169830,5674320,1139,0.37890884896872923
t16_568,159840,5674320,169830,5684310,811,0.26979374584165006
t16_569,159840,5684310,169830,5694300,719,0.23918829008649367
t16_570,159840,5694300,169830,5704290,682,0.2268795741849634
t16_571,159840,5704290,169830,5714280,802,0.26679973386560213
t16_572,159840,5714280,169830,5724270,1300,0.4324683965402528
t16_573,159840,5724270,169830,5734260,1551,0.5159680638722555
t16_574,159840,5734260,169830,5744250,1332,0.4431137724550898
t16_575,159840,5744250,169830,5754240,1835,0.6104457751164338
t16_576,159840,5754240,169830,5764230,1740,0.5788423153692615
t16_577,159840,5764230,169830,5774220,1688,0.5615435795076513
t16_578,159840,5774220,169830,5784210,1530,0.5089820359281437
t16_579,159840,5784210,169830,5794200,1737,0.5778443113772455
t16_580,159840,5794200,169830,5804190,1540,0.5123087159015303
t16_581,159840,5804190,169830,5814180,1920,0.6387225548902196
t16_582,159840,5814180,169830,5824170,1521,0.5059880239520959
t16_583,159840,5824170,169830,5834160,1451,0.4827012641383899
t16_584,159840,5834160,169830,5844150,1486,0.49434464404524286
t16_585,159840,5844150,169830,5854140,1781,0.5924817032601464
t16_586,159840,5854140,169830,5864130,1493,0.49667332002661346
t16_587,159840,5864130,169830,5874120,1741,0.5791749833666001
t16_588,159840,5874120,169830,5884110,1420,0.47238855622089154
t16_589,159840,5884110,169830,5894100,1288,0.42847638057218895
t16_590,159840,5894100,169830,5904090,1609,0.5352628077178976
t16_591,159840,5904090,169830,5914080,1510,0.5023286759813705
t16_592,159840,5914080,169830,5924070,1587,0.5279441117764471
t16_593,159840,5924070,169830,5934060,1588,0.5282767797737857
t16_594,159840,5934060,169830,5944050,1313,0.43679308050565535
t16_595,159840,5944050,169830,5954040,1562,0.5196274118429807
t16_596,159840,5954040,169830,5964030,1165,0.3875582168995343
t16_597,159840,5964030,169830,5974020,1061,0.35296074517631404
t16_598,159840,5974020,169830,5984010,1100,0.36593479707252163
t16_599,159840,5984010,169830,5994000,1009,0.3356620093147039
t16_600,159840,5994000,169830,6003990,1382,0.4597471723220226
t16_601,159840,6003990,169830,6013980,1113,0.37025948103792417
t16_602,159840,6013980,169830,6023970,514,0.1709913506320692
t16_603,159840,6023970,169830,6033960,9,0.0029940119760479044
t17_405,169830,4045950,179820,4055940,288,0.09580838323353294
t17_406,169830,4055940,179820,4065930,278,0.09248170326014638
t17_407,169830,4065930,179820,4075920,452,0.15036593479707253
t17_408,169830,4075920,179820,4085910,332,0.1104457751164338
t17_409,169830,4085910,179820,4095900,710,0.23619427811044577
t17_410,169830,4095900,179820,4105890,1634,0.543579507651364
t17_411,169830,4105890,179820,4115880,1134,0.3772455089820359
t17_412,169830,4115880,179820,4125870,57,0.018962075848303395
t17_413,169830,4125870,179820,4135860,360,0.11976047904191617
t17_414,169830,4135860,179820,4145850,35,0.011643379906852961
t17_415,169830,4145850,179820,4155840,1846,0.614105123087159
t17_416,169830,4155840,179820,4165830,2395,0.7967398536260811
t17_417,169830,4165830,179820,4175820,2517,0.8373253493013972
t17_418,169830,4175820,179820,4185810,1910,0.635395874916833
t17_419,169830,4185810,179820,4195800,1681,0.5592149035262808
t17_420,169830,4195800,179820,4205790,1617,0.5379241516966068
t17_421,169830,4205790,179820,4215780,1681,0.5592149035262808
t17_422,169830,4215780,179820,4225770,1691,0.5625415834996673
t17_423,169830,4225770,179820,4235760,1290,0.4291417165668663
t17_424,169830,4235760,179820,4245750,1159,0.3855622089155023
t17_425,169830,4245750,179820,4255740,669,0.22255489021956087
t17_426,169830,4255740,179820,4265730,1609,0.5352628077178976
t17_427,169830,4265730,179820,4275720,1586,0.5276114437791084
t17_428,169830,4275720,179820,4285710,1607,0.5345974717232203
t17_429,169830,4285710,179820,4295700,1126,0.3745841650033267
t17_430,169830,4295700,179820,4305690,1905,0.6337325349301397
t17_431,169830,4305690,179820,4315680,1709,0.5685296074517632
t17_432,169830,4315680,179820,4325670,1359,0.45209580838323354
t17_433,169830,4325670,179820,4335660,1131,0.37624750499001997
t17_434,169830,4335660,179820,4345650,443,0.14737192282102463
t17_435,169830,4345650,179820,4355640,545,0.18130405854956752
t17_436,169830,4355640,179820,4365630,90,0.029940119760479042
t17_437,169830,4365630,179820,4375620,303,0.10079840319361277
t17_438,169830,4375620,179820,4385610,1219,0.4055222887558217
t17_439,169830,4385610,179820,4395600,681,0.22654690618762474
t17_440,169830,4395600,179820,4405590,1202,0.39986693280106456
t17_441,169830,4405590,179820,4415580,1205,0.4008649367930805
t17_463,169830,4625370,179820,4635360,612,0.20359281437125748
t17_464,169830,4635360,179820,4645350,1862,0.6194278110445776
t17_465,169830,4645350,179820,4655340,1930,0.6420492348636061
t17_466,169830,4655340,179820,4665330,1491,0.49600798403193613
t17_467,169830,4665330,179820,4675320,1900,0.6320691949434465
t17_468,169830,4675320,179820,4685310,2021,0.6723220226214238
t17_469,169830,4685310,179820,4695300,1610,0.5355954757152362
t17_470,169830,4695300,179820,4705290,2097,0.6976047904191617
t17_471,169830,4705290,179820,4715280,1506,0.500998003992016
t17_472,169830,4715280,179820,4725270,1296,0.4311377245508982
t17_473,169830,4725270,179820,4735260,1266,0.42115768463073855
t17_474,169830,4735260,179820,4745250,204,0.06786427145708583
t17_475,169830,4745250,179820,4755240,484,0.16101131071190952
t17_476,169830,4755240,179820,4765230,686,0.22821024617431804
t17_477,169830,4765230,179820,4775220,1082,0.35994677312042583
t17_478,169830,4775220,179820,4785210,622,0.20691949434464404
t17_479,169830,4785210,179820,4795200,808,0.26879574184963406
t17_480,169830,4795200,179820,4805190,49,0.016300731869594146
t17_481,169830,4805190,179820,4815180,243,0.08083832335329341
t17_482,169830,4815180,179820,4825170,292,0.09713905522288756
t17_483,169830,4825170,179820,4835160,270,0.08982035928143713
t17_484,169830,4835160,179820,4845150,1115,0.37092481703260144
t17_485,169830,4845150,179820,4855140,2273,0.7561543579507651
t17_486,169830,4855140,179820,4865130,2175,0.7235528942115769
t17_487,169830,4865130,179820,4875120,2366,0.7870924817032602
t17_488,169830,4875120,179820,4885110,988,0.3286759813705922
t17_489,169830,4885110,179820,4895100,2185,0.7268795741849634
t17_490,169830,4895100,179820,4905090,2526,0.8403193612774451
t17_491,169830,4905090,179820,4915080,2390,0.7950765136393879
t17_492,169830,4915080,179820,4925070,1927,0.6410512308715901
t17_493,169830,4925070,179820,4935060,2039,0.6783100465735197
t17_494,169830,4935060,179820,4945050,2374,0.7897538256819694
t17_495,169830,4945050,179820,4955040,2464,0.8196939454424484
t17_496,169830,4955040,179820,4965030,2337,0.7774451097804391
t17_497,169830,4965030,179820,4975020,1550,0.5156353958749168
t17_498,169830,4975020,179820,4985010,1799,0.5984697272122422
t17_499,169830,4985010,179820,4995000,1372,0.4564204923486361
t17_500,169830,4995000,179820,5004990,1711,0.5691949434464405
t17_501,169830,5004990,179820,5014980,2300,0.7651363938789089
t17_502,169830,5014980,179820,5024970,1692,0.562874251497006
t17_503,169830,5024970,179820,5034960,2467,0.8206919494344644
t17_504,169830,5034960,179820,5044950,2328,0.7744510978043913
t17_505,169830,5044950,179820,5054940,2507,0.8339986693280107
t17_506,169830,5054940,179820,5064930,2228,0.7411842980705257
t17_507,169830,5064930,179820,5074920,1874,0.6234198270126414
t17_508,169830,5074920,179820,5084910,1410,0.469061876247505
t17_509,169830,5084910,179820,5094900,1265,0.4208250166333999
t17_510,169830,5094900,179820,5104890,2130,0.7085828343313373
t17_511,169830,5104890,179820,5114880,2147,0.7142381902860945
t17_512,169830,5114880,179820,5124870,2282,0.759148369926813
t17_513,169830,5124870,179820,5134860,1326,0.4411177644710579
t17_514,169830,5134860,179820,5144850,417,0.13872255489021956
t17_515,169830,5144850,179820,5154840,615,0.20459081836327345
t17_516,169830,5154840,179820,5164830,124,0.04125083166999335
t17_517,169830,5164830,179820,5174820,1145,0.38090485695276116
t17_518,169830,5174820,179820,5184810,2299,0.7648037258815702
t17_519,169830,5184810,179820,5194800,1904,0.633399866932801
t17_520,169830,5194800,179820,5204790,898,0.2987358616101131
t17_525,169830,5244750,179820,5254740,36,0.011976047904191617
t17_526,169830,5254740,179820,5264730,930,0.3093812375249501
t17_527,169830,5264730,179820,5274720,153,0.05089820359281437
t17_528,169830,5274720,179820,5284710,30,0.00998003992015968
t17_535,169830,5344650,179820,5354640,46,0.015302727877578177
t17_536,169830,5354640,179820,5364630,107,0.03559547571523619
t17_537,169830,5364630,179820,5374620,24,0.007984031936127744
t17_538,169830,5374620,179820,5384610,268,0.08915502328675981
t17_539,169830,5384610,179820,5394600,1,0.00033266799733865603
t17_540,169830,5394600,179820,5404590,807,0.2684630738522954
t17_541,169830,5404590,179820,5414580,2158,0.7178975382568197
t17_542,169830,5414580,179820,5424570,1000,0.33266799733865604
t17_544,169830,5434560,179820,5444550,1,0.00033266799733865603
t17_545,169830,5444550,179820,5454540,198,0.0658682634730539
t17_546,169830,5454540,179820,5464530,784,0.26081170991350633
t17_547,169830,5464530,179820,5474520,938,0.3120425815036593
t17_548,169830,5474520,179820,5484510,748,0.2488356620093147
t17_549,169830,5484510,179820,5494500,702,0.23353293413173654
t17_550,169830,5494500,179820,5504490,656,0.21823020625415834
t17_551,169830,5504490,179820,5514480,646,0.21490352628077178
t17_552,169830,5514480,179820,5524470,547,0.18196939454424485
t17_553,169830,5524470,179820,5534460,793,0.2638057218895542
t17_554,169830,5534460,179820,5544450,1213,0.40352628077178976
t17_555,169830,5544450,179820,5554440,1036,0.34464404524284764
t17_556,169830,5554440,179820,5564430,1163,0.38689288090485696
t17_557,169830,5564430,179820,5574420,1366,0.45442448436460414
t17_558,169830,5574420,179820,5584410,1152,0.38323353293413176
t17_559,169830,5584410,179820,5594400,1318,0.4384564204923486
t17_560,169830,5594400,179820,5604390,1403,0.4667332002661344
t17_561,169830,5604390,179820,5614380,1168,0.38855622089155023
t17_562,169830,5614380,179820,5624370,1154,0.38389886892880903
t17_563,169830,5624370,179820,5634360,1633,0.5432468396540253
t17_564,169830,5634360,179820,5644350,1987,0.6610113107119095
t17_565,169830,5644350,179820,5654340,1839,0.6117764471057884
t17_566,169830,5654340,179820,5664330,1712,0.5695276114437791
t17_567,169830,5664330,179820,5674320,1485,0.4940119760479042
t17_568,169830,5674320,179820,5684310,909,0.3023952095808383
t17_569,169830,5684310,179820,5694300,565,0.18795741849634065
t17_570,169830,5694300,179820,5704290,662,0.22022621423819028
t17_571,169830,5704290,179820,5714280,653,0.21723220226214238
t17_572,169830,5714280,179820,5724270,1215,0.4041916167664671
t17_573,169830,5724270,179820,5734260,1484,0.49367930805056554
t17_574,169830,5734260,179820,5744250,1154,0.38389886892880903
t17_575,169830,5744250,179820,5754240,1430,0.47571523619427813
t17_576,169830,5754240,179820,5764230,1354,0.4504324683965403
t17_577,169830,5764230,179820,5774220,1053,0.3502994011976048
t17_578,169830,5774220,179820,5784210,1218,0.405189620758483
t17_579,169830,5784210,179820,5794200,1528,0.5083166999334664
t17_580,169830,5794200,179820,5804190,1591,0.5292747837658017
t17_581,169830,5804190,179820,5814180,1454,0.48369926813040587
t17_582,169830,5814180,179820,5824170,1411,0.46939454424484367
t17_583,169830,5824170,179820,5834160,1376,0.4577511643379907
t17_584,169830,5834160,179820,5844150,1433,0.4767132401862941
t17_585,169830,5844150,179820,5854140,1455,0.48403193612774453
t17_586,169830,5854140,179820,5864130,1459,0.48536260811709914
t17_587,169830,5864130,179820,5874120,1390,0.4624085163007319
t17_588,169830,5874120,179820,5884110,1702,0.5662009314703925
t17_589,169830,5884110,179820,5894100,1780,0.5921490352628077
t17_590,169830,5894100,179820,5904090,2082,0.6926147704590818
t17_591,169830,5904090,179820,5914080,1582,0.5262807717897539
t17_592,169830,5914080,179820,5924070,1502,0.49966733200266134
t17_593,169830,5924070,179820,5934060,1428,0.4750499001996008
t17_594,169830,5934060,179820,5944050,1508,0.5016633399866933
t17_595,169830,5944050,179820,5954040,1442,0.479707252162342
t17_596,169830,5954040,179820,5964030,1710,0.5688622754491018
t17_597,169830,5964030,179820,5974020,1614,0.5369261477045908
t17_598,169830,5974020,179820,5984010,1478,0.4916833000665336
t17_599,169830,5984010,179820,5994000,1222,0.40652029274783763
t17_600,169830,5994000,179820,6003990,1448,0.48170326014637393
t17_601,169830,6003990,179820,6013980,1259,0.41882900864936795
t17_602,169830,6013980,179820,6023970,1304,0.4337990685296075
t17_603,169830,6023970,179820,6033960,780,0.25948103792415167
t17_604,169830,6033960,179820,6043950,360,0.11976047904191617
t17_605,169830,6043950,179820,6053940,808,0.26879574184963406
t17_606,169830,6053940,179820,6063930,586,0.19494344644045242
t17_607,169830,6063930,179820,6073920,21,0.006986027944111776
t18_404,179820,4035960,189810,4045950,64,0.021290751829673986
t18_405,179820,4045950,189810,4055940,1311,0.436127744510978
t18_406,179820,4055940,189810,4065930,1504,0.5003326679973387
t18_407,179820,4065930,189810,4075920,667,0.22188955422488357
t18_408,179820,4075920,189810,4085910,272,0.09048569527611444
t18_409,179820,4085910,189810,4095900,635,0.21124417831004658
t18_410,179820,4095900,189810,4105890,1927,0.6410512308715901
t18_411,179820,4105890,189810,4115880,420,0.13972055888223553
t18_412,179820,4115880,189810,4125870,12,0.003992015968063872
t18_413,179820,4125870,189810,4135860,1380,0.4590818363273453
t18_414,179820,4135860,189810,4145850,767,0.2551563539587492
t18_415,179820,4145850,189810,4155840,1344,0.4471057884231537
t18_416,179820,4155840,189810,4165830,1583,0.5266134397870925
t18_417,179820,4165830,189810,4175820,1024,0.3406520292747838
t18_418,179820,4175820,189810,4185810,1409,0.46872920825016634
t18_419,179820,4185810,189810,4195800,586,0.19494344644045242
t18_420,179820,4195800,189810,4205790,851,0.28310046573519626
t18_421,179820,4205790,189810,4215780,1449,0.4820359281437126
t18_422,179820,4215780,189810,4225770,692,0.23020625415834997
t18_423,179820,4225770,189810,4235760,952,0.3166999334664005
t18_424,179820,4235760,189810,4245750,1492,0.4963406520292748
t18_425,179820,4245750,189810,4255740,1416,0.47105788423153694
t18_426,179820,4255740,189810,4265730,1618,0.5382568196939455
t18_427,179820,4265730,189810,4275720,1563,0.5199600798403193
t18_428,179820,4275720,189810,4285710,2031,0.6756487025948104
t18_429,179820,4285710,189810,4295700,1602,0.5329341317365269
t18_430,179820,4295700,189810,4305690,1035,0.344311377245509
t18_431,179820,4305690,189810,4315680,432,0.1437125748502994
t18_437,179820,4365630,189810,4375620,146,0.04856952761144378
t18_438,179820,4375620,189810,4385610,604,0.20093147039254824
t18_439,179820,4385610,189810,4395600,3,0.000998003992015968
t18_440,179820,4395600,189810,4405590,25,0.0083166999334664
t18_441,179820,4405590,189810,4415580,75,0.0249500998003992
t18_459,179820,4585410,189810,4595400,4,0.0013306719893546241
t18_460,179820,4595400,189810,4605390,319,0.10612109115103127
t18_461,179820,4605390,189810,4615380,28,0.009314703925482368
t18_463,179820,4625370,189810,4635360,392,0.13040585495675316
t18_464,179820,4635360,189810,4645350,1772,0.5894876912840985
t18_465,179820,4645350,189810,4655340,2234,0.7431803060545575
t18_466,179820,4655340,189810,4665330,1857,0.6177644710578842
t18_467,179820,4665330,189810,4675320,2127,0.7075848303393214
t18_468,179820,4675320,189810,4685310,1932,0.6427145708582834
t18_469,179820,4685310,189810,4695300,925,0.30771789753825685
t18_470,179820,4695300,189810,4705290,1942,0.64604125083167
t18_471,179820,4705290,189810,4715280,1935,0.6437125748502994
t18_472,179820,4715280,189810,4725270,1381,0.45941450432468395
t18_473,179820,4725270,189810,4735260,1296,0.4311377245508982
t18_474,179820,4735260,189810,4745250,1059,0.3522954091816367
t18_475,179820,4745250,189810,4755240,1321,0.4394544244843646
t18_476,179820,4755240,189810,4765230,739,0.2458416500332668
t18_477,179820,4765230,189810,4775220,1797,0.5978043912175649
t18_478,179820,4775220,189810,4785210,1367,0.4547571523619428
t18_479,179820,4785210,189810,4795200,1888,0.6280771789753826
t18_480,179820,4795200,189810,4805190,689,0.229208250166334
t18_481,179820,4805190,189810,4815180,682,0.2268795741849634
t18_482,179820,4815180,189810,4825170,1498,0.49833666001330673
t18_483,179820,4825170,189810,4835160,998,0.3320026613439787
t18_484,179820,4835160,189810,4845150,1477,0.49135063206919494
t18_485,179820,4845150,189810,4855140,2102,0.699268130405855
t18_486,179820,4855140,189810,4865130,2151,0.7155688622754491
t18_487,179820,4865130,189810,4875120,1644,0.5469061876247505
t18_488,179820,4875120,189810,4885110,554,0.18429807052561545
t18_489,179820,4885110,189810,4895100,1848,0.6147704590818364
t18_490,179820,4895100,189810,4905090,2213,0.7361942781104458
t18_491,179820,4905090,189810,4915080,1350,0.4491017964071856
t18_492,179820,4915080,189810,4925070,2306,0.7671324018629407
t18_493,179820,4925070,189810,4935060,2281,0.7588157019294743
t18_494,179820,4935060,189810,4945050,2415,0.8033932135728543
t18_495,179820,4945050,189810,4955040,2442,0.812375249500998
t18_496,179820,4955040,189810,4965030,1841,0.6124417831004657
t18_497,179820,4965030,189810,4975020,1697,0.5645375914836993
t18_498,179820,4975020,189810,4985010,2320,0.7717897538256819
t18_499,179820,4985010,189810,4995000,2219,0.7381902860944777
t18_500,179820,4995000,189810,5004990,1887,0.627744510978044
t18_501,179820,5004990,189810,5014980,2400,0.7984031936127745
t18_502,179820,5014980,189810,5024970,1904,0.633399866932801
t18_503,179820,5024970,189810,5034960,1522,0.5063206919494344
t18_504,179820,5034960,189810,5044950,2510,0.8349966733200266
t18_505,179820,5044950,189810,5054940,2132,0.7092481703260146
t18_506,179820,5054940,189810,5064930,2347,0.7807717897538257
t18_507,179820,5064930,189810,5074920,2100,0.6986027944111777
t18_508,179820,5074920,189810,5084910,1078,0.3586161011310712
t18_509,179820,5084910,189810,5094900,1911,0.6357285429141717
t18_510,179820,5094900,189810,5104890,2539,0.8446440452428476
t18_511,179820,5104890,189810,5114880,1783,0.5931470392548237
t18_512,179820,5114880,189810,5124870,2277,0.7574850299401198
t18_513,179820,5124870,189810,5134860,2437,0.8107119095143047
t18_514,179820,5134860,189810,5144850,2010,0.6686626746506986
t18_515,179820,5144850,189810,5154840,2047,0.6809713905522289
t18_516,179820,5154840,189810,5164830,1661,0.5525615435795076
t18_517,179820,5164830,189810,5174820,2242,0.7458416500332667
t18_518,179820,5174820,189810,5184810,2417,0.8040585495675316
t18_519,179820,5184810,189810,5194800,2358,0.7844311377245509
t18_520,179820,5194800,189810,5204790,2175,0.7235528942115769
t18_521,179820,5204790,189810,5214780,1259,0.41882900864936795
t18_522,179820,5214780,189810,5224770,1661,0.5525615435795076
t18_523,179820,5224770,189810,5234760,472,0.15701929474384566
t18_524,179820,5234760,189810,5244750,64,0.021290751829673986
t18_525,179820,5244750,189810,5254740,471,0.156686626746507
t18_526,179820,5254740,189810,5264730,936,0.31137724550898205
t18_527,179820,5264730,189810,5274720,846,0.281437125748503
t18_528,179820,5274720,189810,5284710,972,0.32335329341317365
t18_529,179820,5284710,189810,5294700,142,0.047238855622089154
t18_530,179820,5294700,189810,5304690,26,0.008649367930805056
t18_531,179820,5304690,189810,5314680,792,0.2634730538922156
t18_532,179820,5314680,189810,5324670,28,0.009314703925482368
t18_534,179820,5334660,189810,5344650,6,0.001996007984031936
t18_535,179820,5344650,189810,5354640,1520,0.5056553559547572
t18_536,179820,5354640,189810,5364630,1051,0.3496340652029275
t18_537,179820,5364630,189810,5374620,1,0.00033266799733865603
t18_539,179820,5384610,189810,5394600,138,0.04590818363273453
t18_540,179820,5394600,189810,5404590,1791,0.5958083832335329
t18_541,179820,5404590,189810,5414580,2166,0.720558882235529
t18_542,179820,5414580,189810,5424570,2191,0.7288755821689954
t18_543,179820,5424570,189810,5434560,404,0.13439787092481703
t18_545,179820,5444550,189810,5454540,161,0.05355954757152362
t18_546,179820,5454540,189810,5464530,1037,0.3449767132401863
t18_547,179820,5464530,189810,5474520,1125,0.37425149700598803
t18_548,179820,5474520,189810,5484510,997,0.33166999334664005
t18_549,179820,5484510,189810,5494500,1079,0.35894876912840984
t18_550,179820,5494500,189810,5504490,804,0.26746506986027946
t18_551,179820,5504490,189810,5514480,849,0.282435129740519
t18_552,179820,5514480,189810,5524470,834,0.2774451097804391
t18_553,179820,5524470,189810,5534460,801,0.26646706586826346
t18_554,179820,5534460,189810,5544450,1255,0.4174983366600133
t18_555,179820,5544450,189810,5554440,1416,0.47105788423153694
t18_556,179820,5554440,189810,5564430,1158,0.3852295409181637
t18_557,179820,5564430,189810,5574420,1257,0.4181636726546906
t18_558,179820,5574420,189810,5584410,1252,0.41650033266799735
t18_559,179820,5584410,189810,5594400,1087,0.3616101131071191
t18_560,179820,5594400,189810,5604390,1156,0.38456420492348636
t18_561,179820,5604390,189810,5614380,1534,0.5103127079174984
t18_562,179820,5614380,189810,5624370,1374,0.45708582834331335
t18_563,179820,5624370,189810,5634360,1681,0.5592149035262808
t18_564,179820,5634360,189810,5644350,1987,0.6610113107119095
t18_565,179820,5644350,189810,5654340,1740,0.5788423153692615
t18_566,179820,5654340,189810,5664330,1214,0.4038589487691284
t18_567,179820,5664330,189810,5674320,1101,0.3662674650698603
t18_568,179820,5674320,189810,5684310,904,0.30073186959414505
t18_569,179820,5684310,189810,5694300,711,0.23652694610778444
t18_570,179820,5694300,189810,5704290,810,0.2694610778443114
t18_571,179820,5704290,189810,5714280,945,0.3143712574850299
t18_572,179820,5714280,189810,5724270,1881,0.625748502994012
t18_573,179820,5724270,189810,5734260,1517,0.5046573519627412
t18_574,179820,5734260,189810,5744250,1321,0.4394544244843646
t18_575,179820,5744250,189810,5754240,783,0.26047904191616766
t18_576,179820,5754240,189810,5764230,776,0.25815036593479707
t18_577,179820,5764230,189810,5774220,1460,0.4856952761144378
t18_578,179820,5774220,189810,5784210,1885,0.6270791749833666
t18_579,179820,5784210,189810,5794200,1771,0.5891550232867598
t18_580,179820,5794200,189810,5804190,1502,0.49966733200266134
t18_581,179820,5804190,189810,5814180,998,0.3320026613439787
t18_582,179820,5814180,189810,5824170,908,0.30206254158349966
t18_583,179820,5824170,189810,5834160,791,0.2631403858948769
t18_584,179820,5834160,189810,5844150,1081,0.35961410512308717
t18_585,179820,5844150,189810,5854140,548,0.1823020625415835
t18_586,179820,5854140,189810,5864130,1287,0.4281437125748503
t18_587,179820,5864130,189810,5874120,1343,0.446773120425815
t18_588,179820,5874120,189810,5884110,1313,0.43679308050565535
t18_589,179820,5884110,189810,5894100,1403,0.4667332002661344
t18_590,179820,5894100,189810,5904090,1544,0.5136393878908849
t18_591,179820,5904090,189810,5914080,1730,0.5755156353958749
t18_592,179820,5914080,189810,5924070,1768,0.5881570192947438
t18_593,179820,5924070,189810,5934060,1824,0.6067864271457086
t18_594,179820,5934060,189810,5944050,1640,0.5455755156353959
t18_595,179820,5944050,189810,5954040,1889,0.6284098469727212
t18_596,179820,5954040,189810,5964030,2160,0.718562874251497
t18_597,179820,5964030,189810,5974020,1974,0.656686626746507
t18_598,179820,5974020,189810,5984010,1520,0.5056553559547572
t18_599,179820,5984010,189810,5994000,1532,0.5096473719228211
t18_600,179820,5994000,189810,6003990,1711,0.5691949434464405
t18_601,179820,6003990,189810,6013980,1345,0.44743845642049235
t18_602,179820,6013980,189810,6023970,1174,0.39055222887558216
t18_603,179820,6023970,189810,6033960,1069,0.3556220891550233
t18_604,179820,6033960,189810,6043950,1169,0.3888888888888889
t18_605,179820,6043950,189810,6053940,1295,0.43080505655355955
t18_606,179820,6053940,189810,6063930,642,0.21357285429141717
t18_607,179820,6063930,189810,6073920,387,0.12874251497005987
t18_608,179820,6073920,189810,6083910,335,0.11144377910844977
t18_609,179820,6083910,189810,6093900,37,0.012308715901530274
t19_403,189810,4025970,199800,4035960,24,0.007984031936127744
t19_404,189810,4035960,199800,4045950,300,0.0998003992015968
t19_405,189810,4045950,199800,4055940,989,0.3290086493679308
t19_406,189810,4055940,199800,4065930,1528,0.5083166999334664
t19_407,189810,4065930,199800,4075920,1451,0.4827012641383899
t19_408,189810,4075920,199800,4085910,1014,0.3373253493013972
t19_409,189810,4085910,199800,4095900,1583,0.5266134397870925
t19_410,189810,4095900,199800,4105890,1716,0.5708582834331337
t19_411,189810,4105890,199800,4115880,165,0.054890219560878244
t19_412,189810,4115880,199800,4125870,921,0.3063872255489022
t19_413,189810,4125870,199800,4135860,1769,0.5884896872920825
t19_414,189810,4135860,199800,4145850,1128,0.37524950099800397
t19_415,189810,4145850,199800,4155840,1555,0.5172987358616101
t19_416,189810,4155840,199800,4165830,2347,0.7807717897538257
t19_417,189810,4165830,199800,4175820,1666,0.5542248835662009
t19_418,189810,4175820,199800,4185810,2152,0.7159015302727878
t19_419,189810,4185810,199800,4195800,2765,0.9198270126413839
t19_420,189810,4195800,199800,4205790,2751,0.9151696606786427
t19_421,189810,4205790,199800,4215780,1446,0.4810379241516966
t19_422,189810,4215780,199800,4225770,1365,0.4540918163672655
t19_423,189810,4225770,199800,4235760,1495,0.49733865602129074
t19_424,189810,4235760,199800,4245750,1065,0.35429141716566864
t19_425,189810,4245750,199800,4255740,854,0.28409846972721225
t19_426,189810,4255740,199800,4265730,1039,0.3456420492348636
t19_427,189810,4265730,199800,4275720,1300,0.4324683965402528
t19_428,189810,4275720,199800,4285710,536,0.17831004657351962
t19_429,189810,4285710,199800,4295700,484,0.16101131071190952
t19_430,189810,4295700,199800,4305690,373,0.1240851630073187
t19_431,189810,4305690,199800,4315680,1328,0.4417831004657352
t19_432,189810,4315680,199800,4325670,213,0.07085828343313373
t19_433,189810,4325670,199800,4335660,384,0.1277445109780439
t19_434,189810,4335660,199800,4345650,635,0.21124417831004658
t19_435,189810,4345650,199800,4355640,71,0.023619427811044577
t19_438,189810,4375620,199800,4385610,33,0.010978043912175649
t19_456,189810,4555440,199800,4565430,397,0.13206919494344643
t19_457,189810,4565430,199800,4575420,249,0.08283433133732535
t19_458,189810,4575420,199800,4585410,252,0.08383233532934131
t19_459,189810,4585410,199800,4595400,316,0.1051230871590153
t19_460,189810,4595400,199800,4605390,1344,0.4471057884231537
t19_461,189810,4605390,199800,4615380,103,0.034264803725881574
t19_462,189810,4615380,199800,4625370,20,0.00665335994677312
t19_463,189810,4625370,199800,4635360,466,0.1550232867598137
t19_464,189810,4635360,199800,4645350,1701,0.5658682634730539
t19_465,189810,4645350,199800,4655340,2386,0.7937458416500333
t19_466,189810,4655340,199800,4665330,2093,0.696274118429807
t19_467,189810,4665330,199800,4675320,2142,0.7125748502994012
t19_468,189810,4675320,199800,4685310,1761,0.5858283433133733
t19_469,189810,4685310,199800,4695300,1353,0.4500998003992016
t19_470,189810,4695300,199800,4705290,1700,0.5655355954757152
t19_471,189810,4705290,199800,4715280,2416,0.803725881570193
t19_472,189810,4715280,199800,4725270,2211,0.7355289421157685
t19_473,189810,4725270,199800,4735260,1652,0.5495675316034597
t19_474,189810,4735260,199800,4745250,276,0.09181636726546906
t19_475,189810,4745250,199800,4755240,2025,0.6736526946107785
t19_476,189810,4755240,199800,4765230,903,0.3003992015968064
t19_477,189810,4765230,199800,4775220,2054,0.6833000665335994
t19_478,189810,4775220,199800,4785210,621,0.20658682634730538
t19_479,189810,4785210,199800,4795200,1592,0.5296074517631404
t19_480,189810,4795200,199800,4805190,340,0.11310711909514305
t19_481,189810,4805190,199800,4815180,1034,0.3439787092481703
t19_482,189810,4815180,199800,4825170,1787,0.5944777112441784
t19_483,189810,4825170,199800,4835160,586,0.19494344644045242
t19_484,189810,4835160,199800,4845150,1446,0.4810379241516966
t19_485,189810,4845150,199800,4855140,998,0.3320026613439787
t19_486,189810,4855140,199800,4865130,1940,0.6453759148369926
t19_487,189810,4865130,199800,4875120,775,0.2578176979374584
t19_488,189810,4875120,199800,4885110,1681,0.5592149035262808
t19_489,189810,4885110,199800,4895100,1280,0.4258150365934797
t19_490,189810,4895100,199800,4905090,689,0.229208250166334
t19_491,189810,4905090,199800,4915080,305,0.10146373918829009
t19_492,189810,4915080,199800,4925070,1645,0.5472388556220892
t19_493,189810,4925070,199800,4935060,2262,0.7524950099800399
t19_494,189810,4935060,199800,4945050,1795,0.5971390552228876
t19_495,189810,4945050,199800,4955040,2041,0.6789753825681969
t19_496,189810,4955040,199800,4965030,1138,0.37857618097139056
t19_497,189810,4965030,199800,4975020,1496,0.4976713240186294
t19_498,189810,4975020,199800,4985010,1886,0.6274118429807053
t19_499,189810,4985010,199800,4995000,2021,0.6723220226214238
t19_500,189810,4995000,199800,5004990,1369,0.4554224883566201
t19_501,189810,5004990,199800,5014980,2364,0.7864271457085829
t19_502,189810,5014980,199800,5024970,2145,0.7135728542914171
t19_503,189810,5024970,199800,5034960,1026,0.3413173652694611
t19_504,189810,5034960,199800,5044950,1732,0.5761809713905522
t19_505,189810,5044950,199800,5054940,1729,0.5751829673985362
t19_506,189810,5054940,199800,5064930,2400,0.7984031936127745
t19_507,189810,5064930,199800,5074920,1610,0.5355954757152362
t19_508,189810,5074920,199800,5084910,1878,0.624750499001996
t19_509,189810,5084910,199800,5094900,2348,0.7811044577511643
t19_510,189810,5094900,199800,5104890,2327,0.7741184298070526
t19_511,189810,5104890,199800,5114880,1469,0.4886892880904857
t19_512,189810,5114880,199800,5124870,2362,0.7857618097139055
t19_513,189810,5124870,199800,5134860,2371,0.7887558216899534
t19_514,189810,5134860,199800,5144850,2228,0.7411842980705257
t19_515,189810,5144850,199800,5154840,2222,0.7391882900864937
t19_516,189810,5154840,199800,5164830,2100,0.6986027944111777
t19_517,189810,5164830,199800,5174820,2281,0.7588157019294743
t19_518,189810,5174820,199800,5184810,1061,0.35296074517631404
t19_519,189810,5184810,199800,5194800,2399,0.7980705256154358
t19_520,189810,5194800,199800,5204790,2365,0.7867598137059215
t19_521,189810,5204790,199800,5214780,1657,0.551230871590153
t19_522,189810,5214780,199800,5224770,1964,0.6533599467731205
t19_523,189810,5224770,199800,5234760,1566,0.5209580838323353
t19_524,189810,5234760,199800,5244750,1260,0.41916167664670656
t19_525,189810,5244750,199800,5254740,2326,0.7737857618097139
t19_526,189810,5254740,199800,5264730,2436,0.810379241516966
t19_527,189810,5264730,199800,5274720,2393,0.7960745176314039
t19_528,189810,5274720,199800,5284710,2456,0.8170326014637392
t19_529,189810,5284710,199800,5294700,567,0.18862275449101795
t19_530,189810,5294700,199800,5304690,1656,0.5508982035928144
t19_531,189810,5304690,199800,5314680,2356,0.7837658017298735
t19_532,189810,5314680,199800,5324670,841,0.2797737857618097
t19_534,189810,5334660,199800,5344650,585,0.19461077844311378
t19_535,189810,5344650,199800,5354640,2392,0.7957418496340652
t19_536,189810,5354640,199800,5364630,2398,0.7977378576180971
t19_537,189810,5364630,199800,5374620,1264,0.4204923486360612
t19_538,189810,5374620,199800,5384610,835,0.2777777777777778
t19_539,189810,5384610,199800,5394600,1964,0.6533599467731205
t19_540,189810,5394600,199800,5404590,2307,0.7674650698602794
t19_541,189810,5404590,199800,5414580,2360,0.7850964737192282
t19_542,189810,5414580,199800,5424570,2100,0.6986027944111777
t19_543,189810,5424570,199800,5434560,1153,0.38356620093147037
t19_544,189810,5434560,199800,5444550,479,0.15934797072521623
t19_545,189810,5444550,199800,5454540,1180,0.3925482368596141
t19_546,189810,5454540,199800,5464530,1245,0.41417165668662675
t19_547,189810,5464530,199800,5474520,1100,0.36593479707252163
t19_548,189810,5474520,199800,5484510,467,0.15535595475715236
t19_549,189810,5484510,199800,5494500,634,0.2109115103127079
t19_550,189810,5494500,199800,5504490,1054,0.35063206919494344
t19_551,189810,5504490,199800,5514480,1224,0.40718562874251496
t19_552,189810,5514480,199800,5524470,968,0.32202262142381904
t19_553,189810,5524470,199800,5534460,912,0.3033932135728543
t19_554,189810,5534460,199800,5544450,935,0.3110445775116434
t19_555,189810,5544450,199800,5554440,1131,0.37624750499001997
t19_556,189810,5554440,199800,5564430,1090,0.36260811709913504
t19_557,189810,5564430,199800,5574420,1008,0.33532934131736525
t19_558,189810,5574420,199800,5584410,1184,0.39387890884896876
t19_559,189810,5584410,199800,5594400,1544,0.5136393878908849
t19_560,189810,5594400,199800,5604390,1125,0.37425149700598803
t19_561,189810,5604390,199800,5614380,1393,0.4634065202927478
t19_562,189810,5614380,199800,5624370,1597,0.5312707917498337
t19_563,189810,5624370,199800,5634360,1726,0.5741849634065203
t19_564,189810,5634360,199800,5644350,1325,0.4407850964737192
t19_565,189810,5644350,199800,5654340,1466,0.48769128409846974
t19_566,189810,5654340,199800,5664330,1040,0.34597471723220224
t19_567,189810,5664330,199800,5674320,946,0.3147039254823686
t19_568,189810,5674320,199800,5684310,940,0.31270791749833665
t19_569,189810,5684310,199800,5694300,1030,0.3426480372588157
t19_570,189810,5694300,199800,5704290,1263,0.42015968063872255
t19_571,189810,5704290,199800,5714280,898,0.2987358616101131
t19_572,189810,5714280,199800,5724270,1082,0.35994677312042583
t19_573,189810,5724270,199800,5734260,550,0.18296739853626082
t19_574,189810,5734260,199800,5744250,541,0.17997338656021292
t19_575,189810,5744250,199800,5754240,362,0.12042581503659348
t19_576,189810,5754240,199800,5764230,502,0.16699933466400532
t19_577,189810,5764230,199800,5774220,1785,0.593812375249501
t19_578,189810,5774220,199800,5784210,1715,0.570525615435795
t19_579,189810,5784210,199800,5794200,1618,0.5382568196939455
t19_580,189810,5794200,199800,5804190,1203,0.4001996007984032
t19_581,189810,5804190,199800,5814180,1321,0.4394544244843646
t19_582,189810,5814180,199800,5824170,1084,0.3606121091151031
t19_583,189810,5824170,199800,5834160,980,0.3260146373918829
t19_584,189810,5834160,199800,5844150,926,0.30805056553559546
t19_585,189810,5844150,199800,5854140,590,0.19627411842980705
t19_586,189810,5854140,199800,5864130,1522,0.5063206919494344
t19_587,189810,5864130,199800,5874120,1355,0.4507651363938789
t19_588,189810,5874120,199800,5884110,1168,0.38855622089155023
t19_589,189810,5884110,199800,5894100,1297,0.4314703925482369
t19_590,189810,5894100,199800,5904090,1361,0.4527611443779108
t19_591,189810,5904090,199800,5914080,1285,0.427478376580173
t19_592,189810,5914080,199800,5924070,1426,0.4743845642049235
t19_593,189810,5924070,199800,5934060,1273,0.4234863606121091
t19_594,189810,5934060,199800,5944050,1379,0.4587491683300067
t19_595,189810,5944050,199800,5954040,1905,0.6337325349301397
t19_596,189810,5954040,199800,5964030,1953,0.6497005988023952
t19_597,189810,5964030,199800,5974020,1874,0.6234198270126414
t19_598,189810,5974020,199800,5984010,1966,0.6540252827677977
t19_599,189810,5984010,199800,5994000,2076,0.6906187624750499
t19_600,189810,5994000,199800,6003990,2090,0.6952761144377911
t19_601,189810,6003990,199800,6013980,1976,0.6573519627411843
t19_602,189810,6013980,199800,6023970,1786,0.5941450432468397
t19_603,189810,6023970,199800,6033960,1174,0.39055222887558216
t19_604,189810,6033960,199800,6043950,710,0.23619427811044577
t19_605,189810,6043950,199800,6053940,816,0.2714570858283433
t19_606,189810,6053940,199800,6063930,544,0.18097139055222888
t19_607,189810,6063930,199800,6073920,552,0.18363273453093812
t19_608,189810,6073920,199800,6083910,768,0.2554890219560878
t19_609,189810,6083910,199800,6093900,866,0.2880904856952761
t19_610,189810,6093900,199800,6103890,771,0.2564870259481038
t20_400,199800,3996000,209790,4005990,183,0.06087824351297405
t20_402,199800,4015980,209790,4025970,2,0.0006653359946773121
t20_403,199800,4025970,209790,4035960,166,0.0552228875582169
t20_404,199800,4035960,209790,4045950,581,0.19328010645375915
t20_405,199800,4045950,209790,4055940,1329,0.4421157684630739
t20_406,199800,4055940,209790,4065930,1888,0.6280771789753826
t20_407,199800,4065930,209790,4075920,1471,0.489354624085163
t20_408,199800,4075920,209790,4085910,1446,0.4810379241516966
t20_409,199800,4085910,209790,4095900,2163,0.719560878243513
t20_410,199800,4095900,209790,4105890,867,0.2884231536926148
t20_411,199800,4105890,209790,4115880,712,0.2368596141051231
t20_412,199800,4115880,209790,4125870,1471,0.489354624085163
t20_413,199800,4125870,209790,4135860,1926,0.6407185628742516
t20_414,199800,4135860,209790,4145850,1184,0.39387890884896876
t20_415,199800,4145850,209790,4155840,1321,0.4394544244843646
t20_416,199800,4155840,209790,4165830,1895,0.6304058549567532
t20_417,199800,4165830,209790,4175820,1506,0.500998003992016
t20_418,199800,4175820,209790,4185810,1765,0.5871590153027278
t20_419,199800,4185810,209790,4195800,2278,0.7578176979374585
t20_420,199800,4195800,209790,4205790,2641,0.8785761809713906
t20_421,199800,4205790,209790,4215780,831,0.27644710578842313
t20_422,199800,4215780,209790,4225770,1394,0.4637391882900865
t20_423,199800,4225770,209790,4235760,1231,0.40951430472388556
t20_424,199800,4235760,209790,4245750,886,0.29474384564204925
t20_425,199800,4245750,209790,4255740,988,0.3286759813705922
t20_426,199800,4255740,209790,4265730,1335,0.4441117764471058
t20_427,199800,4265730,209790,4275720,1173,0.3902195608782435
t20_428,199800,4275720,209790,4285710,2157,0.717564870259481
t20_429,199800,4285710,209790,4295700,1715,0.570525615435795
t20_430,199800,4295700,209790,4305690,1977,0.6576846307385229
t20_431,199800,4305690,209790,4315680,1830,0.6087824351297405
t20_432,199800,4315680,209790,4325670,1333,0.4434464404524285
t20_433,199800,4325670,209790,4335660,2254,0.7498336660013307
t20_434,199800,4335660,209790,4345650,1198,0.3985362608117099
t20_435,199800,4345650,209790,4355640,564,0.18762475049900199
t20_436,199800,4355640,209790,4365630,437,0.1453759148369927
t20_437,199800,4365630,209790,4375620,19,0.006320691949434464
t20_456,199800,4555440,209790,4565430,590,0.19627411842980705
t20_457,199800,4565430,209790,4575420,1486,0.49434464404524286
t20_458,199800,4575420,209790,4585410,704,0.23419827012641384
t20_459,199800,4585410,209790,4595400,1665,0.5538922155688623
t20_460,199800,4595400,209790,4605390,1778,0.5914836992681304
t20_461,199800,4605390,209790,4615380,1406,0.46773120425815035
t20_462,199800,4615380,209790,4625370,885,0.2944111776447106
t20_463,199800,4625370,209790,4635360,1657,0.551230871590153
t20_464,199800,4635360,209790,4645350,2254,0.7498336660013307
t20_465,199800,4645350,209790,4655340,1421,0.4727212242182302
t20_466,199800,4655340,209790,4665330,1972,0.6560212907518297
t20_467,199800,4665330,209790,4675320,2437,0.8107119095143047
t20_468,199800,4675320,209790,4685310,2151,0.7155688622754491
t20_469,199800,4685310,209790,4695300,1863,0.6197604790419161
t20_470,199800,4695300,209790,4705290,1507,0.5013306719893547
t20_471,199800,4705290,209790,4715280,1418,0.4717232202262142
t20_472,199800,4715280,209790,4725270,2230,0.7418496340652029
t20_473,199800,4725270,209790,4735260,1974,0.656686626746507
t20_474,199800,4735260,209790,4745250,2204,0.7332002661343978
t20_475,199800,4745250,209790,4755240,2410,0.801729873586161
t20_476,199800,4755240,209790,4765230,2425,0.8067198935462409
t20_477,199800,4765230,209790,4775220,2316,0.7704590818363274
t20_478,199800,4775220,209790,4785210,1583,0.5266134397870925
t20_479,199800,4785210,209790,4795200,1274,0.42381902860944776
t20_480,199800,4795200,209790,4805190,1288,0.42847638057218895
t20_481,199800,4805190,209790,4815180,2347,0.7807717897538257
t20_482,199800,4815180,209790,4825170,2179,0.7248835662009314
t20_483,199800,4825170,209790,4835160,1871,0.6224218230206254
t20_484,199800,4835160,209790,4845150,1185,0.39421157684630737
t20_485,199800,4845150,209790,4855140,1912,0.6360612109115104
t20_486,199800,4855140,209790,4865130,1990,0.6620093147039254
t20_487,199800,4865130,209790,4875120,1516,0.5043246839654025
t20_488,199800,4875120,209790,4885110,1963,0.6530272787757818
t20_489,199800,4885110,209790,4895100,1515,0.5039920159680639
t20_490,199800,4895100,209790,4905090,1467,0.4880239520958084
t20_491,199800,4905090,209790,4915080,1337,0.4447771124417831
t20_492,199800,4915080,209790,4925070,1574,0.5236194278110445
t20_493,199800,4925070,209790,4935060,1512,0.5029940119760479
t20_494,199800,4935060,209790,4945050,2327,0.7741184298070526
t20_495,199800,4945050,209790,4955040,2043,0.6796407185628742
t20_496,199800,4955040,209790,4965030,1939,0.645043246839654
t20_497,199800,4965030,209790,4975020,2050,0.6819693945442449
t20_498,199800,4975020,209790,4985010,2106,0.7005988023952096
t20_499,199800,4985010,209790,4995000,1857,0.6177644710578842
t20_500,199800,4995000,209790,5004990,1538,0.5116433799068529
t20_501,199800,5004990,209790,5014980,1215,0.4041916167664671
t20_502,199800,5014980,209790,5024970,1794,0.5968063872255489
t20_503,199800,5024970,209790,5034960,2189,0.7282102461743181
t20_504,199800,5034960,209790,5044950,1034,0.3439787092481703
t20_505,199800,5044950,209790,5054940,896,0.2980705256154358
t20_506,199800,5054940,209790,5064930,1586,0.5276114437791084
t20_507,199800,5064930,209790,5074920,1881,0.625748502994012
t20_508,199800,5074920,209790,5084910,2436,0.810379241516966
t20_509,199800,5084910,209790,5094900,2447,0.8140385894876913
t20_510,199800,5094900,209790,5104890,2231,0.7421823020625415
t20_511,199800,5104890,209790,5114880,2083,0.6929474384564205
t20_512,199800,5114880,209790,5124870,2379,0.7914171656686627
t20_513,199800,5124870,209790,5134860,2144,0.7132401862940785
t20_514,199800,5134860,209790,5144850,2302,0.7658017298735862
t20_515,199800,5144850,209790,5154840,2008,0.6679973386560213
t20_516,199800,5154840,209790,5164830,2062,0.6859614105123087
t20_517,199800,5164830,209790,5174820,1587,0.5279441117764471
t20_518,199800,5174820,209790,5184810,1856,0.6174318030605456
t20_519,199800,5184810,209790,5194800,2446,0.8137059214903526
t20_520,199800,5194800,209790,5204790,2292,0.7624750499001997
t20_521,199800,5204790,209790,5214780,1784,0.5934797072521624
t20_522,199800,5214780,209790,5224770,2031,0.6756487025948104
t20_523,199800,5224770,209790,5234760,2372,0.7890884896872921
t20_524,199800,5234760,209790,5244750,2182,0.7258815701929474
t20_525,199800,5244750,209790,5254740,2334,0.7764471057884231
t20_526,199800,5254740,209790,5264730,2352,0.782435129740519
t20_527,199800,5264730,209790,5274720,2311,0.7687957418496341
t20_528,199800,5274720,209790,5284710,1847,0.6144377910844977
t20_529,199800,5284710,209790,5294700,2153,0.7162341982701265
t20_530,199800,5294700,209790,5304690,2354,0.7831004657351963
t20_531,199800,5304690,209790,5314680,2376,0.7904191616766467
t20_532,199800,5314680,209790,5324670,1461,0.48602794411177647
t20_533,199800,5324670,209790,5334660,1091,0.3629407850964737
t20_534,199800,5334660,209790,5344650,1195,0.39753825681969396
t20_535,199800,5344650,209790,5354640,2425,0.8067198935462409
t20_536,199800,5354640,209790,5364630,2369,0.7880904856952761
t20_537,199800,5364630,209790,5374620,2105,0.7002661343978709
t20_538,199800,5374620,209790,5384610,1835,0.6104457751164338
t20_539,199800,5384610,209790,5394600,2342,0.7791084497671324
t20_540,199800,5394600,209790,5404590,2227,0.740851630073187
t20_541,199800,5404590,209790,5414580,1819,0.6051230871590153
t20_542,199800,5414580,209790,5424570,2285,0.760146373918829
t20_543,199800,5424570,209790,5434560,1854,0.6167664670658682
t20_544,199800,5434560,209790,5444550,1669,0.5552228875582169
t20_545,199800,5444550,209790,5454540,2109,0.7015968063872255
t20_546,199800,5454540,209790,5464530,2157,0.717564870259481
t20_547,199800,5464530,209790,5474520,1019,0.3389886892880905
t20_548,199800,5474520,209790,5484510,404,0.13439787092481703
t20_549,199800,5484510,209790,5494500,170,0.056553559547571526
t20_550,199800,5494500,209790,5504490,894,0.29740518962075846
t20_551,199800,5504490,209790,5514480,2025,0.6736526946107785
t20_552,199800,5514480,209790,5524470,2006,0.667332002661344
t20_553,199800,5524470,209790,5534460,913,0.3037258815701929
t20_554,199800,5534460,209790,5544450,52,0.017298735861610112
t20_555,199800,5544450,209790,5554440,506,0.16833000665335995
t20_556,199800,5554440,209790,5564430,1674,0.5568862275449101
t20_557,199800,5564430,209790,5574420,1942,0.64604125083167
t20_558,199800,5574420,209790,5584410,1742,0.5795076513639388
t20_559,199800,5584410,209790,5594400,1279,0.425482368596141
t20_560,199800,5594400,209790,5604390,1225,0.4075182967398536
t20_561,199800,5604390,209790,5614380,1200,0.3992015968063872
t20_562,199800,5614380,209790,5624370,1280,0.4258150365934797
t20_563,199800,5624370,209790,5634360,1891,0.6290751829673985
t20_564,199800,5634360,209790,5644350,1298,0.4318030605455755
t20_565,199800,5644350,209790,5654340,959,0.3190286094477711
t20_566,199800,5654340,209790,5664330,812,0.27012641383898867
t20_567,199800,5664330,209790,5674320,883,0.29374584165003326
t20_568,199800,5674320,209790,5684310,1005,0.3343313373253493
t20_569,199800,5684310,209790,5694300,566,0.18829008649367932
t20_570,199800,5694300,209790,5704290,871,0.2897538256819694
t20_571,199800,5704290,209790,5714280,503,0.167332002661344
t20_572,199800,5714280,209790,5724270,745,0.24783765801729873
t20_573,199800,5724270,209790,5734260,877,0.2917498336660013
t20_574,199800,5734260,209790,5744250,408,0.13572854291417166
t20_575,199800,5744250,209790,5754240,213,0.07085828343313373
t20_576,199800,5754240,209790,5764230,354,0.11776447105788423
t20_577,199800,5764230,209790,5774220,1013,0.3369926813040586
t20_578,199800,5774220,209790,5784210,1126,0.3745841650033267
t20_579,199800,5784210,209790,5794200,1148,0.3819028609447771
t20_580,199800,5794200,209790,5804190,1310,0.4357950765136394
t20_581,199800,5804190,209790,5814180,1366,0.45442448436460414
t20_582,199800,5814180,209790,5824170,1137,0.3782435129740519
t20_583,199800,5824170,209790,5834160,918,0.30538922155688625
t20_584,199800,5834160,209790,5844150,1002,0.3333333333333333
t20_585,199800,5844150,209790,5854140,521,0.1733200266134398
t20_586,199800,5854140,209790,5864130,1361,0.4527611443779108
t20_587,199800,5864130,209790,5874120,1193,0.39687292082501663
t20_588,199800,5874120,209790,5884110,1240,0.4125083166999335
t20_589,199800,5884110,209790,5894100,1274,0.42381902860944776
t20_590,199800,5894100,209790,5904090,1349,0.44876912840984695
t20_591,199800,5904090,209790,5914080,1109,0.3689288090485695
t20_592,199800,5914080,209790,5924070,759,0.25249500998003993
t20_593,199800,5924070,209790,5934060,682,0.2268795741849634
t20_594,199800,5934060,209790,5944050,1220,0.40585495675316036
t20_595,199800,5944050,209790,5954040,1675,0.5572188955422488
t20_596,199800,5954040,209790,5964030,1980,0.6586826347305389
t20_597,199800,5964030,209790,5974020,1895,0.6304058549567532
t20_598,199800,5974020,209790,5984010,1895,0.6304058549567532
t20_599,199800,5984010,209790,5994000,2095,0.6969394544244844
t20_600,199800,5994000,209790,6003990,2051,0.6823020625415835
t20_601,199800,6003990,209790,6013980,1986,0.6606786427145709
t20_602,199800,6013980,209790,6023970,2120,0.7052561543579507
t20_603,199800,6023970,209790,6033960,1889,0.6284098469727212
t20_604,199800,6033960,209790,6043950,1085,0.3609447771124418
t20_605,199800,6043950,209790,6053940,1048,0.3486360612109115
t20_606,199800,6053940,209790,6063930,943,0.31370592149035265
t20_607,199800,6063930,209790,6073920,1033,0.34364604125083165
t20_608,199800,6073920,209790,6083910,1031,0.3429807052561544
t20_609,199800,6083910,209790,6093900,840,0.27944111776447106
t20_610,199800,6093900,209790,6103890,929,0.30904856952761145
t20_611,199800,6103890,209790,6113880,427,0.14204923486360613
t20_612,199800,6113880,209790,6123870,39,0.012974051896207584
t20_613,199800,6123870,209790,6133860,54,0.017964071856287425
t21_399,209790,3986010,219780,3996000,506,0.16833000665335995
t21_400,209790,3996000,219780,4005990,1878,0.624750499001996
t21_401,209790,4005990,219780,4015980,221,0.07351962741184298
t21_402,209790,4015980,219780,4025970,595,0.19793745841650034
t21_403,209790,4025970,219780,4035960,413,0.13739188290086493
t21_404,209790,4035960,219780,4045950,613,0.20392548236859614
t21_405,209790,4045950,219780,4055940,1361,0.4527611443779108
t21_406,209790,4055940,219780,4065930,1449,0.4820359281437126
t21_407,209790,4065930,219780,4075920,859,0.2857618097139055
t21_408,209790,4075920,219780,4085910,2078,0.6912840984697272
t21_409,209790,4085910,219780,4095900,964,0.3206919494344644
t21_410,209790,4095900,219780,4105890,864,0.2874251497005988
t21_411,209790,4105890,219780,4115880,1425,0.4740518962075848
t21_412,209790,4115880,219780,4125870,1511,0.5026613439787092
t21_413,209790,4125870,219780,4135860,1353,0.4500998003992016
t21_414,209790,4135860,219780,4145850,981,0.3263473053892216
t21_415,209790,4145850,219780,4155840,1610,0.5355954757152362
t21_416,209790,4155840,219780,4165830,1340,0.4457751164337991
t21_417,209790,4165830,219780,4175820,1668,0.5548902195608783
t21_418,209790,4175820,219780,4185810,2125,0.7069194943446441
t21_419,209790,4185810,219780,4195800,2262,0.7524950099800399
t21_420,209790,4195800,219780,4205790,2729,0.9078509647371923
t21_421,209790,4205790,219780,4215780,2231,0.7421823020625415
t21_422,209790,4215780,219780,4225770,1328,0.4417831004657352
t21_423,209790,4225770,219780,4235760,1093,0.36360612109115104
t21_424,209790,4235760,219780,4245750,1472,0.48968729208250167
t21_425,209790,4245750,219780,4255740,2367,0.7874251497005988
t21_426,209790,4255740,219780,4265730,1671,0.5558882235528942
t21_427,209790,4265730,219780,4275720,2439,0.811377245508982
t21_428,209790,4275720,219780,4285710,2161,0.7188955422488357
t21_429,209790,4285710,219780,4295700,1277,0.42481703260146375
t21_430,209790,4295700,219780,4305690,1860,0.6187624750499002
t21_431,209790,4305690,219780,4315680,2362,0.7857618097139055
t21_432,209790,4315680,219780,4325670,2544,0.846307385229541
t21_433,209790,4325670,219780,4335660,1965,0.653692614770459
t21_434,209790,4335660,219780,4345650,905,0.3010645375914837
t21_435,209790,4345650,219780,4355640,1165,0.3875582168995343
t21_436,209790,4355640,219780,4365630,1980,0.6586826347305389
t21_437,209790,4365630,219780,4375620,127,0.042248835662009314
t21_457,209790,4565430,219780,4575420,527,0.17531603459747172
t21_458,209790,4575420,219780,4585410,1116,0.3712574850299401
t21_459,209790,4585410,219780,4595400,962,0.3200266134397871
t21_460,209790,4595400,219780,4605390,1438,0.47837658017298734
t21_461,209790,4605390,219780,4615380,1190,0.3958749168330007
t21_462,209790,4615380,219780,4625370,1340,0.4457751164337991
t21_463,209790,4625370,219780,4635360,1647,0.5479041916167665
t21_464,209790,4635360,219780,4645350,1847,0.6144377910844977
t21_465,209790,4645350,219780,4655340,805,0.2677977378576181
t21_466,209790,4655340,219780,4665330,2172,0.7225548902195609
t21_467,209790,4665330,219780,4675320,1835,0.6104457751164338
t21_468,209790,4675320,219780,4685310,549,0.18263473053892215
t21_469,209790,4685310,219780,4695300,860,0.2860944777112442
t21_470,209790,4695300,219780,4705290,1125,0.37425149700598803
t21_471,209790,4705290,219780,4715280,2220,0.7385229540918163
t21_472,209790,4715280,219780,4725270,1627,0.5412508316699933
t21_473,209790,4725270,219780,4735260,2145,0.7135728542914171
t21_474,209790,4735260,219780,4745250,2179,0.7248835662009314
t21_475,209790,4745250,219780,4755240,2568,0.8542914171656687
t21_476,209790,4755240,219780,4765230,2560,0.8516300731869594
t21_477,209790,4765230,219780,4775220,2508,0.8343313373253493
t21_478,209790,4775220,219780,4785210,2492,0.8290086493679308
t21_479,209790,4785210,219780,4795200,2187,0.7275449101796407
t21_480,209790,4795200,219780,4805190,2288,0.761144377910845
t21_481,209790,4805190,219780,4815180,428,0.14238190286094476
t21_482,209790,4815180,219780,4825170,1459,0.48536260811709914
t21_483,209790,4825170,219780,4835160,1961,0.6523619427811045
t21_484,209790,4835160,219780,4845150,1491,0.49600798403193613
t21_485,209790,4845150,219780,4855140,2106,0.7005988023952096
t21_486,209790,4855140,219780,4865130,2201,0.7322022621423819
t21_487,209790,4865130,219780,4875120,881,0.2930805056553559
t21_488,209790,4875120,219780,4885110,1789,0.5951430472388556
t21_489,209790,4885110,219780,4895100,1211,0.40286094477711243
t21_490,209790,4895100,219780,4905090,1170,0.38922155688622756
t21_491,209790,4905090,219780,4915080,1452,0.48303393213572854
t21_492,209790,4915080,219780,4925070,2161,0.7188955422488357
t21_493,209790,4925070,219780,4935060,1452,0.48303393213572854
t21_494,209790,4935060,219780,4945050,2309,0.7681304058549567
t21_495,209790,4945050,219780,4955040,2287,0.7608117099135063
t21_496,209790,4955040,219780,4965030,2301,0.7654690618762475
t21_497,209790,4965030,219780,4975020,2301,0.7654690618762475
t21_498,209790,4975020,219780,4985010,2176,0.7238855622089155
t21_499,209790,4985010,219780,4995000,2105,0.7002661343978709
t21_500,209790,4995000,219780,5004990,1925,0.6403858948769129
t21_501,209790,5004990,219780,5014980,2033,0.6763140385894877
t21_502,209790,5014980,219780,5024970,1837,0.6111111111111112
t21_503,209790,5024970,219780,5034960,1916,0.6373918829008649
t21_504,209790,5034960,219780,5044950,2390,0.7950765136393879
t21_505,209790,5044950,219780,5054940,2353,0.7827677977378577
t21_506,209790,5054940,219780,5064930,2065,0.6869594145043247
t21_507,209790,5064930,219780,5074920,1327,0.44145043246839655
t21_508,209790,5074920,219780,5084910,1997,0.6643379906852961
t21_509,209790,5084910,219780,5094900,2380,0.7917498336660014
t21_510,209790,5094900,219780,5104890,2265,0.7534930139720559
t21_511,209790,5104890,219780,5114880,2481,0.8253493013972056
t21_512,209790,5114880,219780,5124870,2390,0.7950765136393879
t21_513,209790,5124870,219780,5134860,2266,0.7538256819693946
t21_514,209790,5134860,219780,5144850,2102,0.699268130405855
t21_515,209790,5144850,219780,5154840,1674,0.5568862275449101
t21_516,209790,5154840,219780,5164830,1878,0.624750499001996
t21_517,209790,5164830,219780,5174820,1121,0.3729208250166334
t21_518,209790,5174820,219780,5184810,1271,0.4228210246174318
t21_519,209790,5184810,219780,5194800,1479,0.49201596806387227
t21_520,209790,5194800,219780,5204790,982,0.32667997338656024
t21_521,209790,5204790,219780,5214780,2182,0.7258815701929474
t21_522,209790,5214780,219780,5224770,1895,0.6304058549567532
t21_523,209790,5224770,219780,5234760,2407,0.800731869594145
t21_524,209790,5234760,219780,5244750,2234,0.7431803060545575
t21_525,209790,5244750,219780,5254740,972,0.32335329341317365
t21_526,209790,5254740,219780,5264730,1758,0.5848303393213573
t21_527,209790,5264730,219780,5274720,2399,0.7980705256154358
t21_528,209790,5274720,219780,5284710,2156,0.7172322022621423
t21_529,209790,5284710,219780,5294700,2123,0.7062541583499667
t21_530,209790,5294700,219780,5304690,1637,0.5445775116433799
t21_531,209790,5304690,219780,5314680,1335,0.4441117764471058
t21_532,209790,5314680,219780,5324670,1008,0.33532934131736525
t21_533,209790,5324670,219780,5334660,1736,0.5775116433799069
t21_534,209790,5334660,219780,5344650,1656,0.5508982035928144
t21_535,209790,5344650,219780,5354640,1885,0.6270791749833666
t21_536,209790,5354640,219780,5364630,2238,0.7445109780439122
t21_537,209790,5364630,219780,5374620,1646,0.5475715236194278
t21_538,209790,5374620,219780,5384610,1422,0.47305389221556887
t21_539,209790,5384610,219780,5394600,2318,0.7711244178310046
t21_540,209790,5394600,219780,5404590,1920,0.6387225548902196
t21_541,209790,5404590,219780,5414580,2105,0.7002661343978709
t21_542,209790,5414580,219780,5424570,2291,0.762142381902861
t21_543,209790,5424570,219780,5434560,2352,0.782435129740519
t21_544,209790,5434560,219780,5444550,1808,0.6014637391882901
t21_545,209790,5444550,219780,5454540,1910,0.635395874916833
t21_546,209790,5454540,219780,5464530,2296,0.7638057218895542
t21_547,209790,5464530,219780,5474520,1071,0.3562874251497006
t21_548,209790,5474520,219780,5484510,1783,0.5931470392548237
t21_549,209790,5484510,219780,5494500,1014,0.3373253493013972
t21_550,209790,5494500,219780,5504490,1911,0.6357285429141717
t21_551,209790,5504490,219780,5514480,2311,0.7687957418496341
t21_552,209790,5514480,219780,5524470,2263,0.7528276779773786
t21_553,209790,5524470,219780,5534460,1345,0.44743845642049235
t21_554,209790,5534460,219780,5544450,256,0.08516300731869594
t21_555,209790,5544450,219780,5554440,605,0.20126413838988688
t21_556,209790,5554440,219780,5564430,2123,0.7062541583499667
t21_557,209790,5564430,219780,5574420,2337,0.7774451097804391
t21_558,209790,5574420,219780,5584410,2095,0.6969394544244844
t21_559,209790,5584410,219780,5594400,1510,0.5023286759813705
t21_560,209790,5594400,219780,5604390,1153,0.38356620093147037
t21_561,209790,5604390,219780,5614380,898,0.2987358616101131
t21_562,209790,5614380,219780,5624370,1239,0.4121756487025948
t21_563,209790,5624370,219780,5634360,1912,0.6360612109115104
t21_564,209790,5634360,219780,5644350,1448,0.48170326014637393
t21_565,209790,5644350,219780,5654340,1248,0.4151696606786427
t21_566,209790,5654340,219780,5664330,1087,0.3616101131071191
t21_567,209790,5664330,219780,5674320,1179,0.39221556886227543
t21_568,209790,5674320,219780,5684310,1144,0.3805721889554225
t21_569,209790,5684310,219780,5694300,820,0.27278775781769793
t21_570,209790,5694300,219780,5704290,1039,0.3456420492348636
t21_571,209790,5704290,219780,5714280,607,0.2019294743845642
t21_572,209790,5714280,219780,5724270,518,0.17232202262142382
t21_573,209790,5724270,219780,5734260,771,0.2564870259481038
t21_574,209790,5734260,219780,5744250,648,0.2155688622754491
t21_575,209790,5744250,219780,5754240,512,0.1703260146373919
t21_576,209790,5754240,219780,5764230,483,0.16067864271457086
t21_577,209790,5764230,219780,5774220,587,0.19527611443779108
t21_578,209790,5774220,219780,5784210,1015,0.33765801729873585
t21_579,209790,5784210,219780,5794200,956,0.3180306054557552
t21_580,209790,5794200,219780,5804190,1447,0.48137059214903527
t21_581,209790,5804190,219780,5814180,1007,0.33499667332002664
t21_582,209790,5814180,219780,5824170,926,0.30805056553559546
t21_583,209790,5824170,219780,5834160,1006,0.334664005322688
t21_584,209790,5834160,219780,5844150,1140,0.37924151696606784
t21_585,209790,5844150,219780,5854140,469,0.15602129075182966
t21_586,209790,5854140,219780,5864130,937,0.3117099135063207
t21_587,209790,5864130,219780,5874120,1039,0.3456420492348636
t21_588,209790,5874120,219780,5884110,988,0.3286759813705922
t21_589,209790,5884110,219780,5894100,1160,0.38589487691284097
t21_590,209790,5894100,219780,5904090,1346,0.447771124417831
t21_591,209790,5904090,219780,5914080,1356,0.45109780439121755
t21_592,209790,5914080,219780,5924070,247,0.08216899534264804
t21_593,209790,5924070,219780,5934060,1284,0.42714570858283435
t21_594,209790,5934060,219780,5944050,1107,0.36826347305389223
t21_595,209790,5944050,219780,5954040,1120,0.37258815701929476
t21_596,209790,5954040,219780,5964030,1390,0.4624085163007319
t21_597,209790,5964030,219780,5974020,1492,0.4963406520292748
t21_598,209790,5974020,219780,5984010,1938,0.6447105788423154
t21_599,209790,5984010,219780,5994000,2100,0.6986027944111777
t21_600,209790,5994000,219780,6003990,1926,0.6407185628742516
t21_601,209790,6003990,219780,6013980,2027,0.6743180306054558
t21_602,209790,6013980,219780,6023970,2170,0.7218895542248835
t21_603,209790,6023970,219780,6033960,2168,0.7212242182302062
t21_604,209790,6033960,219780,6043950,2078,0.6912840984697272
t21_605,209790,6043950,219780,6053940,1598,0.5316034597471723
t21_606,209790,6053940,219780,6063930,1466,0.48769128409846974
t21_607,209790,6063930,219780,6073920,1252,0.41650033266799735
t21_608,209790,6073920,219780,6083910,951,0.31636726546906185
t21_609,209790,6083910,219780,6093900,864,0.2874251497005988
t21_610,209790,6093900,219780,6103890,1223,0.4068529607451763
t21_611,209790,6103890,219780,6113880,1097,0.36493679308050564
t21_612,209790,6113880,219780,6123870,990,0.32934131736526945
t21_613,209790,6123870,219780,6133860,769,0.25582168995342647
t21_614,209790,6133860,219780,6143850,564,0.18762475049900199
t21_615,209790,6143850,219780,6153840,290,0.09647371922821024
t21_616,209790,6153840,219780,6163830,24,0.007984031936127744
t22_399,219780,3986010,229770,3996000,565,0.18795741849634065
t22_400,219780,3996000,229770,4005990,867,0.2884231536926148
t22_401,219780,4005990,229770,4015980,446,0.1483699268130406
t22_402,219780,4015980,229770,4025970,1546,0.5143047238855623
t22_403,219780,4025970,229770,4035960,1005,0.3343313373253493
t22_404,219780,4035960,229770,4045950,1132,0.37658017298735863
t22_405,219780,4045950,229770,4055940,1198,0.3985362608117099
t22_406,219780,4055940,229770,4065930,1360,0.4524284763805722
t22_407,219780,4065930,229770,4075920,1385,0.4607451763140386
t22_408,219780,4075920,229770,4085910,1264,0.4204923486360612
t22_409,219780,4085910,229770,4095900,1648,0.5482368596141052
t22_410,219780,4095900,229770,4105890,857,0.2850964737192282
t22_411,219780,4105890,229770,4115880,1477,0.49135063206919494
t22_412,219780,4115880,229770,4125870,1396,0.4644045242847638
t22_413,219780,4125870,229770,4135860,611,0.20326014637391882
t22_414,219780,4135860,229770,4145850,74,0.024617431803060547
t22_415,219780,4145850,229770,4155840,830,0.2761144377910845
t22_416,219780,4155840,229770,4165830,2021,0.6723220226214238
t22_417,219780,4165830,229770,4175820,2000,0.6653359946773121
t22_418,219780,4175820,229770,4185810,2186,0.7272122421823021
t22_419,219780,4185810,229770,4195800,2150,0.7152361942781105
t22_420,219780,4195800,229770,4205790,2569,0.8546240851630074
t22_421,219780,4205790,229770,4215780,1397,0.4647371922821025
t22_422,219780,4215780,229770,4225770,1851,0.6157684630738522
t22_423,219780,4225770,229770,4235760,1832,0.6094477711244178
t22_424,219780,4235760,229770,4245750,1968,0.654690618762475
t22_425,219780,4245750,229770,4255740,1863,0.6197604790419161
t22_426,219780,4255740,229770,4265730,1838,0.6114437791084497
t22_427,219780,4265730,229770,4275720,1805,0.6004657351962741
t22_428,219780,4275720,229770,4285710,1332,0.4431137724550898
t22_429,219780,4285710,229770,4295700,1666,0.5542248835662009
t22_430,219780,4295700,229770,4305690,1363,0.45342648037258815
t22_431,219780,4305690,229770,4315680,2644,0.8795741849634066
t22_432,219780,4315680,229770,4325670,2043,0.6796407185628742
t22_433,219780,4325670,229770,4335660,2442,0.812375249500998
t22_434,219780,4335660,229770,4345650,1681,0.5592149035262808
t22_435,219780,4345650,229770,4355640,1243,0.4135063206919494
t22_436,219780,4355640,229770,4365630,2090,0.6952761144377911
t22_437,219780,4365630,229770,4375620,1106,0.36793080505655357
t22_438,219780,4375620,229770,4385610,132,0.043912175648702596
t22_457,219780,4565430,229770,4575420,522,0.17365269461077845
t22_458,219780,4575420,229770,4585410,1419,0.4720558882235529
t22_459,219780,4585410,229770,4595400,1063,0.35362608117099137
t22_460,219780,4595400,229770,4605390,705,0.2345309381237525
t22_461,219780,4605390,229770,4615380,786,0.26147704590818366
t22_462,219780,4615380,229770,4625370,1642,0.5462408516300732
t22_463,219780,4625370,229770,4635360,981,0.3263473053892216
t22_464,219780,4635360,229770,4645350,1228,0.4085163007318696
t22_465,219780,4645350,229770,4655340,1713,0.5698602794411177
t22_466,219780,4655340,229770,4665330,1813,0.6031270791749833
t22_467,219780,4665330,229770,4675320,1511,0.5026613439787092
t22_468,219780,4675320,229770,4685310,988,0.3286759813705922
t22_469,219780,4685310,229770,4695300,1695,0.563872255489022
t22_470,219780,4695300,229770,4705290,1555,0.5172987358616101
t22_471,219780,4705290,229770,4715280,1063,0.35362608117099137
t22_472,219780,4715280,229770,4725270,1240,0.4125083166999335
t22_473,219780,4725270,229770,4735260,1484,0.49367930805056554
t22_474,219780,4735260,229770,4745250,2201,0.7322022621423819
t22_475,219780,4745250,229770,4755240,2285,0.760146373918829
t22_476,219780,4755240,229770,4765230,2490,0.8283433133732535
t22_477,219780,4765230,229770,4775220,2404,0.7997338656021291
t22_478,219780,4775220,229770,4785210,1844,0.6134397870924817
t22_479,219780,4785210,229770,4795200,1719,0.5718562874251497
t22_480,219780,4795200,229770,4805190,2421,0.8053892215568862
t22_481,219780,4805190,229770,4815180,1885,0.6270791749833666
t22_482,219780,4815180,229770,4825170,376,0.12508316699933467
t22_483,219780,4825170,229770,4835160,951,0.31636726546906185
t22_484,219780,4835160,229770,4845150,1941,0.6457085828343313
t22_485,219780,4845150,229770,4855140,1195,0.39753825681969396
t22_486,219780,4855140,229770,4865130,1203,0.4001996007984032
t22_487,219780,4865130,229770,4875120,822,0.27345309381237526
t22_488,219780,4875120,229770,4885110,1364,0.4537591483699268
t22_489,219780,4885110,229770,4895100,2115,0.7035928143712575
t22_490,219780,4895100,229770,4905090,1039,0.3456420492348636
t22_491,219780,4905090,229770,4915080,1170,0.38922155688622756
t22_492,219780,4915080,229770,4925070,1765,0.5871590153027278
t22_493,219780,4925070,229770,4935060,2367,0.7874251497005988
t22_494,219780,4935060,229770,4945050,2387,0.7940785096473719
t22_495,219780,4945050,229770,4955040,2302,0.7658017298735862
t22_496,219780,4955040,229770,4965030,2472,0.8223552894211577
t22_497,219780,4965030,229770,4975020,2408,0.8010645375914837
t22_498,219780,4975020,229770,4985010,2252,0.7491683300066534
t22_499,219780,4985010,229770,4995000,1767,0.5878243512974052
t22_500,219780,4995000,229770,5004990,2118,0.7045908183632734
t22_501,219780,5004990,229770,5014980,2126,0.7072521623419827
t22_502,219780,5014980,229770,5024970,2364,0.7864271457085829
t22_503,219780,5024970,229770,5034960,1616,0.5375914836992681
t22_504,219780,5034960,229770,5044950,1616,0.5375914836992681
t22_505,219780,5044950,229770,5054940,1834,0.6101131071190952
t22_506,219780,5054940,229770,5064930,1850,0.6154357950765137
t22_507,219780,5064930,229770,5074920,1432,0.4763805721889554
t22_508,219780,5074920,229770,5084910,641,0.2132401862940785
t22_509,219780,5084910,229770,5094900,1289,0.4288090485695276
t22_510,219780,5094900,229770,5104890,1977,0.6576846307385229
t22_511,219780,5104890,229770,5114880,2353,0.7827677977378577
t22_512,219780,5114880,229770,5124870,2388,0.7944111776447106
t22_513,219780,5124870,229770,5134860,2275,0.7568196939454425
t22_514,219780,5134860,229770,5144850,1917,0.6377245508982036
t22_515,219780,5144850,229770,5154840,1960,0.6520292747837658
t22_516,219780,5154840,229770,5164830,2062,0.6859614105123087
t22_517,219780,5164830,229770,5174820,1544,0.5136393878908849
t22_518,219780,5174820,229770,5184810,2126,0.7072521623419827
t22_519,219780,5184810,229770,5194800,2011,0.6689953426480373
t22_520,219780,5194800,229770,5204790,2117,0.7042581503659348
t22_521,219780,5204790,229770,5214780,1616,0.5375914836992681
t22_522,219780,5214780,229770,5224770,2221,0.738855622089155
t22_523,219780,5224770,229770,5234760,2358,0.7844311377245509
t22_524,219780,5234760,229770,5244750,2208,0.7345309381237525
t22_525,219780,5244750,229770,5254740,1744,0.5801729873586161
t22_526,219780,5254740,229770,5264730,1618,0.5382568196939455
t22_527,219780,5264730,229770,5274720,2175,0.7235528942115769
t22_528,219780,5274720,229770,5284710,1676,0.5575515635395875
t22_529,219780,5284710,229770,5294700,2038,0.677977378576181
t22_530,219780,5294700,229770,5304690,1604,0.5335994677312043
t22_531,219780,5304690,229770,5314680,2083,0.6929474384564205
t22_532,219780,5314680,229770,5324670,2089,0.6949434464404525
t22_533,219780,5324670,229770,5334660,1782,0.592814371257485
t22_534,219780,5334660,229770,5344650,798,0.2654690618762475
t22_535,219780,5344650,229770,5354640,1655,0.5505655355954757
t22_536,219780,5354640,229770,5364630,1860,0.6187624750499002
t22_537,219780,5364630,229770,5374620,1955,0.6503659347970725
t22_538,219780,5374620,229770,5384610,1926,0.6407185628742516
t22_539,219780,5384610,229770,5394600,1670,0.5555555555555556
t22_540,219780,5394600,229770,5404590,1658,0.5515635395874917
t22_541,219780,5404590,229770,5414580,1803,0.5998003992015968
t22_542,219780,5414580,229770,5424570,2370,0.7884231536926147
t22_543,219780,5424570,229770,5434560,2130,0.7085828343313373
t22_544,219780,5434560,229770,5444550,1185,0.39421157684630737
t22_545,219780,5444550,229770,5454540,1460,0.4856952761144378
t22_546,219780,5454540,229770,5464530,1567,0.521290751829674
t22_547,219780,5464530,229770,5474520,1671,0.5558882235528942
t22_548,219780,5474520,229770,5484510,2200,0.7318695941450433
t22_549,219780,5484510,229770,5494500,2220,0.7385229540918163
t22_550,219780,5494500,229770,5504490,2296,0.7638057218895542
t22_551,219780,5504490,229770,5514480,1177,0.39155023286759816
t22_552,219780,5514480,229770,5524470,2021,0.6723220226214238
t22_553,219780,5524470,229770,5534460,1603,0.5332667997338656
t22_554,219780,5534460,229770,5544450,1538,0.5116433799068529
t22_555,219780,5544450,229770,5554440,1845,0.6137724550898204
t22_556,219780,5554440,229770,5564430,2339,0.7781104457751165
t22_557,219780,5564430,229770,5574420,2309,0.7681304058549567
t22_558,219780,5574420,229770,5584410,1614,0.5369261477045908
t22_559,219780,5584410,229770,5594400,2098,0.6979374584165003
t22_560,219780,5594400,229770,5604390,1408,0.4683965402528277
t22_561,219780,5604390,229770,5614380,1283,0.4268130405854957
t22_562,219780,5614380,229770,5624370,500,0.16633399866932802
t22_563,219780,5624370,229770,5634360,1720,0.5721889554224884
t22_564,219780,5634360,229770,5644350,1460,0.4856952761144378
t22_565,219780,5644350,229770,5654340,628,0.20891550232867598
t22_566,219780,5654340,229770,5664330,1370,0.45575515635395875
t22_567,219780,5664330,229770,5674320,1410,0.469061876247505
t22_568,219780,5674320,229770,5684310,1058,0.35196274118429804
t22_569,219780,5684310,229770,5694300,1110,0.36926147704590817
t22_570,219780,5694300,229770,5704290,1530,0.5089820359281437
t22_571,219780,5704290,229770,5714280,1124,0.37391882900864937
t22_572,219780,5714280,229770,5724270,758,0.25216234198270127
t22_573,219780,5724270,229770,5734260,988,0.3286759813705922
t22_574,219780,5734260,229770,5744250,702,0.23353293413173654
t22_575,219780,5744250,229770,5754240,827,0.2751164337990685
t22_576,219780,5754240,229770,5764230,1051,0.3496340652029275
t22_577,219780,5764230,229770,5774220,1132,0.37658017298735863
t22_578,219780,5774220,229770,5784210,1372,0.4564204923486361
t22_579,219780,5784210,229770,5794200,1236,0.4111776447105788
t22_580,219780,5794200,229770,5804190,1346,0.447771124417831
t22_581,219780,5804190,229770,5814180,1163,0.38689288090485696
t22_582,219780,5814180,229770,5824170,882,0.2934131736526946
t22_583,219780,5824170,229770,5834160,998,0.3320026613439787
t22_584,219780,5834160,229770,5844150,971,0.323020625415835
t22_585,219780,5844150,229770,5854140,1088,0.36194278110445777
t22_586,219780,5854140,229770,5864130,850,0.2827677977378576
t22_587,219780,5864130,229770,5874120,1204,0.40053226879574183
t22_588,219780,5874120,229770,5884110,1052,0.3499667332002661
t22_589,219780,5884110,229770,5894100,1260,0.41916167664670656
t22_590,219780,5894100,229770,5904090,902,0.3000665335994677
t22_591,219780,5904090,229770,5914080,740,0.24617431803060547
t22_592,219780,5914080,229770,5924070,207,0.0688622754491018
t22_593,219780,5924070,229770,5934060,1798,0.5981370592149036
t22_594,219780,5934060,229770,5944050,1170,0.38922155688622756
t22_595,219780,5944050,229770,5954040,561,0.18662674650698602
t22_596,219780,5954040,229770,5964030,560,0.18629407850964738
t22_597,219780,5964030,229770,5974020,918,0.30538922155688625
t22_598,219780,5974020,229770,5984010,1365,0.4540918163672655
t22_599,219780,5984010,229770,5994000,1627,0.5412508316699933
t22_600,219780,5994000,229770,6003990,1069,0.3556220891550233
t22_601,219780,6003990,229770,6013980,1710,0.5688622754491018
t22_602,219780,6013980,229770,6023970,2001,0.6656686626746507
t22_603,219780,6023970,229770,6033960,2101,0.6989354624085163
t22_604,219780,6033960,229770,6043950,2242,0.7458416500332667
t22_605,219780,6043950,229770,6053940,2000,0.6653359946773121
t22_606,219780,6053940,229770,6063930,2012,0.669328010645376
t22_607,219780,6063930,229770,6073920,2002,0.6660013306719893
t22_608,219780,6073920,229770,6083910,1466,0.48769128409846974
t22_609,219780,6083910,229770,6093900,1179,0.39221556886227543
t22_610,219780,6093900,229770,6103890,1287,0.4281437125748503
t22_611,219780,6103890,229770,6113880,1338,0.44510978043912175
t22_612,219780,6113880,229770,6123870,1477,0.49135063206919494
t22_613,219780,6123870,229770,6133860,1256,0.41783100465735196
t22_614,219780,6133860,229770,6143850,855,0.2844311377245509
t22_615,219780,6143850,229770,6153840,1240,0.4125083166999335
t22_616,219780,6153840,229770,6163830,1171,0.3895542248835662
t22_617,219780,6163830,229770,6173820,1110,0.36926147704590817
t22_618,219780,6173820,229770,6183810,744,0.24750499001996007
t22_619,219780,6183810,229770,6193800,745,0.24783765801729873
t22_620,219780,6193800,229770,6203790,381,0.12674650698602793
t22_621,219780,6203790,229770,6213780,490,0.16300731869594146
t22_622,219780,6213780,229770,6223770,781,0.25981370592149033
t22_623,219780,6223770,229770,6233760,163,0.054224883566200935
t23_395,229770,3946050,239760,3956040,192,0.06387225548902195
t23_396,229770,3956040,239760,3966030,132,0.043912175648702596
t23_398,229770,3976020,239760,3986010,57,0.018962075848303395
t23_399,229770,3986010,239760,3996000,662,0.22022621423819028
t23_400,229770,3996000,239760,4005990,831,0.27644710578842313
t23_401,229770,4005990,239760,4015980,418,0.13905522288755823
t23_402,229770,4015980,239760,4025970,1330,0.4424484364604125
t23_403,229770,4025970,239760,4035960,1420,0.47238855622089154
t23_404,229770,4035960,239760,4045950,1668,0.5548902195608783
t23_405,229770,4045950,239760,4055940,1473,0.49001996007984033
t23_406,229770,4055940,239760,4065930,1260,0.41916167664670656
t23_407,229770,4065930,239760,4075920,1683,0.5598802395209581
t23_408,229770,4075920,239760,4085910,847,0.28176979374584166
t23_409,229770,4085910,239760,4095900,1228,0.4085163007318696
t23_410,229770,4095900,239760,4105890,1036,0.34464404524284764
t23_411,229770,4105890,239760,4115880,1049,0.3489687292082502
t23_412,229770,4115880,239760,4125870,1491,0.49600798403193613
t23_413,229770,4125870,239760,4135860,1454,0.48369926813040587
t23_414,229770,4135860,239760,4145850,1613,0.5365934797072521
t23_415,229770,4145850,239760,4155840,1931,0.6423819028609448
t23_416,229770,4155840,239760,4165830,2089,0.6949434464404525
t23_417,229770,4165830,239760,4175820,2100,0.6986027944111777
t23_418,229770,4175820,239760,4185810,1836,0.6107784431137725
t23_419,229770,4185810,239760,4195800,2653,0.8825681969394544
t23_420,229770,4195800,239760,4205790,2218,0.737857618097139
t23_421,229770,4205790,239760,4215780,1976,0.6573519627411843
t23_422,229770,4215780,239760,4225770,1794,0.5968063872255489
t23_423,229770,4225770,239760,4235760,1851,0.6157684630738522
t23_424,229770,4235760,239760,4245750,595,0.19793745841650034
t23_425,229770,4245750,239760,4255740,166,0.0552228875582169
t23_426,229770,4255740,239760,4265730,2226,0.7405189620758483
t23_427,229770,4265730,239760,4275720,1804,0.6001330671989354
t23_428,229770,4275720,239760,4285710,1581,0.5259481037924152
t23_429,229770,4285710,239760,4295700,2068,0.6879574184963406
t23_430,229770,4295700,239760,4305690,1796,0.5974717232202262
t23_431,229770,4305690,239760,4315680,2132,0.7092481703260146
t23_432,229770,4315680,239760,4325670,949,0.3157019294743846
t23_433,229770,4325670,239760,4335660,2083,0.6929474384564205
t23_434,229770,4335660,239760,4345650,1877,0.6244178310046573
t23_435,229770,4345650,239760,4355640,2673,0.8892215568862275
t23_436,229770,4355640,239760,4365630,2471,0.822022621423819
t23_437,229770,4365630,239760,4375620,2263,0.7528276779773786
t23_438,229770,4375620,239760,4385610,1405,0.46739853626081174
t23_439,229770,4385610,239760,4395600,1,0.00033266799733865603
t23_458,229770,4575420,239760,4585410,120,0.03992015968063872
t23_459,229770,4585410,239760,4595400,864,0.2874251497005988
t23_460,229770,4595400,239760,4605390,1121,0.3729208250166334
t23_461,229770,4605390,239760,4615380,1258,0.4184963406520293
t23_462,229770,4615380,239760,4625370,1171,0.3895542248835662
t23_463,229770,4625370,239760,4635360,2151,0.7155688622754491
t23_464,229770,4635360,239760,4645350,2058,0.6846307385229541
t23_465,229770,4645350,239760,4655340,1803,0.5998003992015968
t23_466,229770,4655340,239760,4665330,956,0.3180306054557552
t23_467,229770,4665330,239760,4675320,1892,0.6294078509647372
t23_468,229770,4675320,239760,4685310,2074,0.6899534264803726
t23_469,229770,4685310,239760,4695300,1759,0.585163007318696
t23_470,229770,4695300,239760,4705290,476,0.15834996673320026
t23_471,229770,4705290,239760,4715280,1360,0.4524284763805722
t23_472,229770,4715280,239760,4725270,1104,0.36726546906187624
t23_473,229770,4725270,239760,4735260,1908,0.6347305389221557
t23_474,229770,4735260,239760,4745250,2114,0.7032601463739189
t23_475,229770,4745250,239760,4755240,1434,0.47704590818363274
t23_476,229770,4755240,239760,4765230,2136,0.7105788423153693
t23_477,229770,4765230,239760,4775220,2420,0.8050565535595475
t23_478,229770,4775220,239760,4785210,2518,0.8376580172987359
t23_479,229770,4785210,239760,4795200,2136,0.7105788423153693
t23_480,229770,4795200,239760,4805190,2210,0.7351962741184298
t23_481,229770,4805190,239760,4815180,2626,0.8735861610113107
t23_482,229770,4815180,239760,4825170,2101,0.6989354624085163
t23_483,229770,4825170,239760,4835160,772,0.25681969394544246
t23_484,229770,4835160,239760,4845150,1248,0.4151696606786427
t23_485,229770,4845150,239760,4855140,875,0.291084497671324
t23_486,229770,4855140,239760,4865130,820,0.27278775781769793
t23_487,229770,4865130,239760,4875120,1350,0.4491017964071856
t23_488,229770,4875120,239760,4885110,1660,0.552228875582169
t23_489,229770,4885110,239760,4895100,1534,0.5103127079174984
t23_490,229770,4895100,239760,4905090,935,0.3110445775116434
t23_491,229770,4905090,239760,4915080,1623,0.5399201596806387
t23_492,229770,4915080,239760,4925070,2125,0.7069194943446441
t23_493,229770,4925070,239760,4935060,1748,0.5815036593479708
t23_494,229770,4935060,239760,4945050,2329,0.7747837658017299
t23_495,229770,4945050,239760,4955040,2192,0.729208250166334
t23_496,229770,4955040,239760,4965030,2415,0.8033932135728543
t23_497,229770,4965030,239760,4975020,2249,0.7481703260146374
t23_498,229770,4975020,239760,4985010,2205,0.7335329341317365
t23_499,229770,4985010,239760,4995000,1967,0.6543579507651364
t23_500,229770,4995000,239760,5004990,1956,0.6506986027944112
t23_501,229770,5004990,239760,5014980,2036,0.6773120425815037
t23_502,229770,5014980,239760,5024970,2279,0.7581503659347971
t23_503,229770,5024970,239760,5034960,1875,0.6237524950099801
t23_504,229770,5034960,239760,5044950,1419,0.4720558882235529
t23_505,229770,5044950,239760,5054940,2395,0.7967398536260811
t23_506,229770,5054940,239760,5064930,1432,0.4763805721889554
t23_507,229770,5064930,239760,5074920,658,0.21889554224883567
t23_508,229770,5074920,239760,5084910,627,0.2085828343313373
t23_509,229770,5084910,239760,5094900,1487,0.49467731204258153
t23_510,229770,5094900,239760,5104890,2076,0.6906187624750499
t23_511,229770,5104890,239760,5114880,1808,0.6014637391882901
t23_512,229770,5114880,239760,5124870,2072,0.6892880904856953
t23_513,229770,5124870,239760,5134860,2339,0.7781104457751165
t23_514,229770,5134860,239760,5144850,1967,0.6543579507651364
t23_515,229770,5144850,239760,5154840,1959,0.6516966067864272
t23_516,229770,5154840,239760,5164830,1912,0.6360612109115104
t23_517,229770,5164830,239760,5174820,1795,0.5971390552228876
t23_518,229770,5174820,239760,5184810,1553,0.5166333998669328
t23_519,229770,5184810,239760,5194800,1668,0.5548902195608783
t23_520,229770,5194800,239760,5204790,1193,0.39687292082501663
t23_521,229770,5204790,239760,5214780,1892,0.6294078509647372
t23_522,229770,5214780,239760,5224770,2016,0.6706586826347305
t23_523,229770,5224770,239760,5234760,1515,0.5039920159680639
t23_524,229770,5234760,239760,5244750,1712,0.5695276114437791
t23_525,229770,5244750,239760,5254740,1934,0.6433799068529608
t23_526,229770,5254740,239760,5264730,1836,0.6107784431137725
t23_527,229770,5264730,239760,5274720,1732,0.5761809713905522
t23_528,229770,5274720,239760,5284710,1855,0.6170991350632069
t23_529,229770,5284710,239760,5294700,1994,0.6633399866932801
t23_530,229770,5294700,239760,5304690,1908,0.6347305389221557
t23_531,229770,5304690,239760,5314680,1399,0.46540252827677975
t23_532,229770,5314680,239760,5324670,1488,0.49500998003992014
t23_533,229770,5324670,239760,5334660,588,0.19560878243512975
t23_534,229770,5334660,239760,5344650,1216,0.4045242847638057
t23_535,229770,5344650,239760,5354640,398,0.1324018629407851
t23_536,229770,5354640,239760,5364630,1375,0.457418496340652
t23_537,229770,5364630,239760,5374620,1844,0.6134397870924817
t23_538,229770,5374620,239760,5384610,1934,0.6433799068529608
t23_539,229770,5384610,239760,5394600,2196,0.7305389221556886
t23_540,229770,5394600,239760,5404590,1819,0.6051230871590153
t23_541,229770,5404590,239760,5414580,1818,0.6047904191616766
t23_542,229770,5414580,239760,5424570,2031,0.6756487025948104
t23_543,229770,5424570,239760,5434560,2105,0.7002661343978709
t23_544,229770,5434560,239760,5444550,1819,0.6051230871590153
t23_545,229770,5444550,239760,5454540,1554,0.5169660678642715
t23_546,229770,5454540,239760,5464530,2163,0.719560878243513
t23_547,229770,5464530,239760,5474520,2024,0.6733200266134398
t23_548,229770,5474520,239760,5484510,1349,0.44876912840984695
t23_549,229770,5484510,239760,5494500,2279,0.7581503659347971
t23_550,229770,5494500,239760,5504490,1632,0.5429141716566867
t23_551,229770,5504490,239760,5514480,976,0.32468396540252825
t23_552,229770,5514480,239760,5524470,2355,0.783433133732535
t23_553,229770,5524470,239760,5534460,1939,0.645043246839654
t23_554,229770,5534460,239760,5544450,1696,0.5642049234863606
t23_555,229770,5544450,239760,5554440,2234,0.7431803060545575
t23_556,229770,5554440,239760,5564430,2282,0.759148369926813
t23_557,229770,5564430,239760,5574420,2143,0.7129075182967398
t23_558,229770,5574420,239760,5584410,2106,0.7005988023952096
t23_559,229770,5584410,239760,5594400,1585,0.5272787757817698
t23_560,229770,5594400,239760,5604390,2295,0.7634730538922155
t23_561,229770,5604390,239760,5614380,2154,0.716566866267465
t23_562,229770,5614380,239760,5624370,866,0.2880904856952761
t23_563,229770,5624370,239760,5634360,1963,0.6530272787757818
t23_564,229770,5634360,239760,5644350,1703,0.5665335994677312
t23_565,229770,5644350,239760,5654340,200,0.0665335994677312
t23_566,229770,5654340,239760,5664330,1891,0.6290751829673985
t23_567,229770,5664330,239760,5674320,1489,0.4953426480372588
t23_568,229770,5674320,239760,5684310,1400,0.4657351962741184
t23_569,229770,5684310,239760,5694300,1440,0.47904191616766467
t23_570,229770,5694300,239760,5704290,2081,0.6922821024617432
t23_571,229770,5704290,239760,5714280,1865,0.6204258150365934
t23_572,229770,5714280,239760,5724270,1499,0.4986693280106454
t23_573,229770,5724270,239760,5734260,1377,0.45808383233532934
t23_574,229770,5734260,239760,5744250,855,0.2844311377245509
t23_575,229770,5744250,239760,5754240,1198,0.3985362608117099
t23_576,229770,5754240,239760,5764230,1213,0.40352628077178976
t23_577,229770,5764230,239760,5774220,1283,0.4268130405854957
t23_578,229770,5774220,239760,5784210,1434,0.47704590818363274
t23_579,229770,5784210,239760,5794200,1691,0.5625415834996673
t23_580,229770,5794200,239760,5804190,1613,0.5365934797072521
t23_581,229770,5804190,239760,5814180,1679,0.5585495675316035
t23_582,229770,5814180,239760,5824170,1338,0.44510978043912175
t23_583,229770,5824170,239760,5834160,1171,0.3895542248835662
t23_584,229770,5834160,239760,5844150,1220,0.40585495675316036
t23_585,229770,5844150,239760,5854140,910,0.302727877578177
t23_586,229770,5854140,239760,5864130,1002,0.3333333333333333
t23_587,229770,5864130,239760,5874120,1128,0.37524950099800397
t23_588,229770,5874120,239760,5884110,790,0.26280771789753826
t23_589,229770,5884110,239760,5894100,643,0.2139055222887558
t23_590,229770,5894100,239760,5904090,703,0.23386560212907517
t23_591,229770,5904090,239760,5914080,530,0.1763140385894877
t23_592,229770,5914080,239760,5924070,773,0.2571523619427811
t23_593,229770,5924070,239760,5934060,1462,0.4863606121091151
t23_594,229770,5934060,239760,5944050,521,0.1733200266134398
t23_595,229770,5944050,239760,5954040,420,0.13972055888223553
t23_596,229770,5954040,239760,5964030,307,0.1021290751829674
t23_597,229770,5964030,239760,5974020,362,0.12042581503659348
t23_598,229770,5974020,239760,5984010,865,0.28775781769793746
t23_599,229770,5984010,239760,5994000,932,0.3100465735196274
t23_600,229770,5994000,239760,6003990,784,0.26081170991350633
t23_601,229770,6003990,239760,6013980,1355,0.4507651363938789
t23_602,229770,6013980,239760,6023970,1980,0.6586826347305389
t23_603,229770,6023970,239760,6033960,2109,0.7015968063872255
t23_604,229770,6033960,239760,6043950,2029,0.674983366600133
t23_605,229770,6043950,239760,6053940,1943,0.6463739188290086
t23_606,229770,6053940,239760,6063930,1950,0.6487025948103793
t23_607,229770,6063930,239760,6073920,1934,0.6433799068529608
t23_608,229770,6073920,239760,6083910,1902,0.6327345309381237
t23_609,229770,6083910,239760,6093900,1828,0.6081170991350632
t23_610,229770,6093900,239760,6103890,1466,0.48769128409846974
t23_611,229770,6103890,239760,6113880,1842,0.6127744510978044
t23_612,229770,6113880,239760,6123870,1867,0.6210911510312708
t23_613,229770,6123870,239760,6133860,1286,0.4278110445775116
t23_614,229770,6133860,239760,6143850,1451,0.4827012641383899
t23_615,229770,6143850,239760,6153840,1817,0.604457751164338
t23_616,229770,6153840,239760,6163830,1861,0.6190951430472389
t23_617,229770,6163830,239760,6173820,1734,0.5768463073852296
t23_618,229770,6173820,239760,6183810,1402,0.46640053226879574
t23_619,229770,6183810,239760,6193800,938,0.3120425815036593
t23_620,229770,6193800,239760,6203790,714,0.2375249500998004
t23_621,229770,6203790,239760,6213780,1023,0.3403193612774451
t23_622,229770,6213780,239760,6223770,1802,0.5994677312042581
t23_623,229770,6223770,239760,6233760,1759,0.585163007318696
t23_624,229770,6233760,239760,6243750,811,0.26979374584165006
t23_625,229770,6243750,239760,6253740,102,0.033932135728542916
t23_626,229770,6253740,239760,6263730,8,0.0026613439787092482
t23_661,229770,6603390,239760,6613380,7,0.002328675981370592
t24_395,239760,3946050,249750,3956040,83,0.02761144377910845
t24_396,239760,3956040,249750,3966030,239,0.0795076513639388
t24_398,239760,3976020,249750,3986010,226,0.07518296739853626
t24_399,239760,3986010,249750,3996000,566,0.18829008649367932
t24_400,239760,3996000,249750,4005990,1884,0.626746506986028
t24_401,239760,4005990,249750,4015980,860,0.2860944777112442
t24_402,239760,4015980,249750,4025970,1413,0.47005988023952094
t24_403,239760,4025970,249750,4035960,1441,0.47937458416500334
t24_404,239760,4035960,249750,4045950,1619,0.5385894876912841
t24_405,239760,4045950,249750,4055940,1712,0.5695276114437791
t24_406,239760,4055940,249750,4065930,1528,0.5083166999334664
t24_407,239760,4065930,249750,4075920,770,0.25615435795076513
t24_408,239760,4075920,249750,4085910,1505,0.5006653359946773
t24_409,239760,4085910,249750,4095900,1582,0.5262807717897539
t24_410,239760,4095900,249750,4105890,1134,0.3772455089820359
t24_411,239760,4105890,249750,4115880,1760,0.5854956753160346
t24_412,239760,4115880,249750,4125870,1606,0.5342648037258816
t24_413,239760,4125870,249750,4135860,1594,0.5302727877578177
t24_414,239760,4135860,249750,4145850,1790,0.5954757152361942
t24_415,239760,4145850,249750,4155840,1678,0.5582168995342648
t24_416,239760,4155840,249750,4165830,1448,0.48170326014637393
t24_417,239760,4165830,249750,4175820,1505,0.5006653359946773
t24_418,239760,4175820,249750,4185810,1293,0.4301397205588822
t24_419,239760,4185810,249750,4195800,1907,0.634397870924817
t24_420,239760,4195800,249750,4205790,2596,0.863606121091151
t24_421,239760,4205790,249750,4215780,2664,0.8862275449101796
t24_422,239760,4215780,249750,4225770,1747,0.5811709913506321
t24_423,239760,4225770,249750,4235760,1530,0.5089820359281437
t24_424,239760,4235760,249750,4245750,401,0.13339986693280106
t24_425,239760,4245750,249750,4255740,908,0.30206254158349966
t24_426,239760,4255740,249750,4265730,2947,0.9803725881570193
t24_427,239760,4265730,249750,4275720,1558,0.5182967398536261
t24_428,239760,4275720,249750,4285710,2067,0.687624750499002
t24_429,239760,4285710,249750,4295700,2528,0.8409846972721224
t24_430,239760,4295700,249750,4305690,2314,0.7697937458416501
t24_431,239760,4305690,249750,4315680,2379,0.7914171656686627
t24_432,239760,4315680,249750,4325670,1097,0.36493679308050564
t24_433,239760,4325670,249750,4335660,1327,0.44145043246839655
t24_434,239760,4335660,249750,4345650,1534,0.5103127079174984
t24_435,239760,4345650,249750,4355640,2737,0.9105123087159015
t24_436,239760,4355640,249750,4365630,1911,0.6357285429141717
t24_437,239760,4365630,249750,4375620,1219,0.4055222887558217
t24_438,239760,4375620,249750,4385610,402,0.13373253493013973
t24_459,239760,4585410,249750,4595400,9,0.0029940119760479044
t24_462,239760,4615380,249750,4625370,294,0.09780439121756487
t24_463,239760,4625370,249750,4635360,998,0.3320026613439787
t24_464,239760,4635360,249750,4645350,2270,0.7551563539587491
t24_465,239760,4645350,249750,4655340,1674,0.5568862275449101
t24_466,239760,4655340,249750,4665330,1710,0.5688622754491018
t24_467,239760,4665330,249750,4675320,1094,0.3639387890884897
t24_468,239760,4675320,249750,4685310,453,0.1506986027944112
t24_469,239760,4685310,249750,4695300,46,0.015302727877578177
t24_470,239760,4695300,249750,4705290,35,0.011643379906852961
t24_471,239760,4705290,249750,4715280,230,0.07651363938789088
t24_472,239760,4715280,249750,4725270,480,0.1596806387225549
t24_473,239760,4725270,249750,4735260,523,0.1739853626081171
t24_474,239760,4735260,249750,4745250,2494,0.8296739853626082
t24_475,239760,4745250,249750,4755240,1440,0.47904191616766467
t24_476,239760,4755240,249750,4765230,1924,0.6400532268795742
t24_477,239760,4765230,249750,4775220,2247,0.7475049900199601
t24_478,239760,4775220,249750,4785210,2443,0.8127079174983367
t24_479,239760,4785210,249750,4795200,1974,0.656686626746507
t24_480,239760,4795200,249750,4805190,1442,0.479707252162342
t24_481,239760,4805190,249750,4815180,1403,0.4667332002661344
t24_482,239760,4815180,249750,4825170,779,0.25914836992681306
t24_483,239760,4825170,249750,4835160,1076,0.3579507651363939
t24_484,239760,4835160,249750,4845150,1274,0.42381902860944776
t24_485,239760,4845150,249750,4855140,1367,0.4547571523619428
t24_486,239760,4855140,249750,4865130,592,0.19693945442448438
t24_487,239760,4865130,249750,4875120,1239,0.4121756487025948
t24_488,239760,4875120,249750,4885110,2272,0.7558216899534265
t24_489,239760,4885110,249750,4895100,1259,0.41882900864936795
t24_490,239760,4895100,249750,4905090,1008,0.33532934131736525
t24_491,239760,4905090,249750,4915080,1876,0.6240851630073186
t24_492,239760,4915080,249750,4925070,1558,0.5182967398536261
t24_493,239760,4925070,249750,4935060,1995,0.6636726546906188
t24_494,239760,4935060,249750,4945050,2125,0.7069194943446441
t24_495,239760,4945050,249750,4955040,1749,0.5818363273453094
t24_496,239760,4955040,249750,4965030,2242,0.7458416500332667
t24_497,239760,4965030,249750,4975020,1741,0.5791749833666001
t24_498,239760,4975020,249750,4985010,1979,0.6583499667332002
t24_499,239760,4985010,249750,4995000,2041,0.6789753825681969
t24_500,239760,4995000,249750,5004990,2207,0.7341982701264138
t24_501,239760,5004990,249750,5014980,2123,0.7062541583499667
t24_502,239760,5014980,249750,5024970,2165,0.7202262142381903
t24_503,239760,5024970,249750,5034960,1869,0.6217564870259481
t24_504,239760,5034960,249750,5044950,2218,0.737857618097139
t24_505,239760,5044950,249750,5054940,1927,0.6410512308715901
t24_506,239760,5054940,249750,5064930,1487,0.49467731204258153
t24_507,239760,5064930,249750,5074920,1713,0.5698602794411177
t24_508,239760,5074920,249750,5084910,1760,0.5854956753160346
t24_509,239760,5084910,249750,5094900,1556,0.5176314038589488
t24_510,239760,5094900,249750,5104890,1978,0.6580172987358616
t24_511,239760,5104890,249750,5114880,2456,0.8170326014637392
t24_512,239760,5114880,249750,5124870,2226,0.7405189620758483
t24_513,239760,5124870,249750,5134860,1869,0.6217564870259481
t24_514,239760,5134860,249750,5144850,1492,0.4963406520292748
t24_515,239760,5144850,249750,5154840,1937,0.6443779108449768
t24_516,239760,5154840,249750,5164830,2237,0.7441783100465735
t24_517,239760,5164830,249750,5174820,1822,0.6061210911510313
t24_518,239760,5174820,249750,5184810,2020,0.6719893546240852
t24_519,239760,5184810,249750,5194800,1585,0.5272787757817698
t24_520,239760,5194800,249750,5204790,1755,0.5838323353293413
t24_521,239760,5204790,249750,5214780,1457,0.4846972721224218
t24_522,239760,5214780,249750,5224770,1804,0.6001330671989354
t24_523,239760,5224770,249750,5234760,1616,0.5375914836992681
t24_524,239760,5234760,249750,5244750,1655,0.5505655355954757
t24_525,239760,5244750,249750,5254740,684,0.2275449101796407
t24_526,239760,5254740,249750,5264730,664,0.2208915502328676
t24_527,239760,5264730,249750,5274720,369,0.12275449101796407
t24_528,239760,5274720,249750,5284710,904,0.30073186959414505
t24_529,239760,5284710,249750,5294700,1853,0.6164337990685296
t24_530,239760,5294700,249750,5304690,899,0.2990685296074518
t24_531,239760,5304690,249750,5314680,302,0.10046573519627412
t24_532,239760,5314680,249750,5324670,1,0.00033266799733865603
t24_533,239760,5324670,249750,5334660,218,0.07252162341982701
t24_534,239760,5334660,249750,5344650,1660,0.552228875582169
t24_535,239760,5344650,249750,5354640,1330,0.4424484364604125
t24_536,239760,5354640,249750,5364630,2197,0.7308715901530273
t24_537,239760,5364630,249750,5374620,2206,0.7338656021290751
t24_538,239760,5374620,249750,5384610,2213,0.7361942781104458
t24_539,239760,5384610,249750,5394600,2164,0.7198935462408517
t24_540,239760,5394600,249750,5404590,1768,0.5881570192947438
t24_541,239760,5404590,249750,5414580,2007,0.6676646706586826
t24_542,239760,5414580,249750,5424570,1888,0.6280771789753826
t24_543,239760,5424570,249750,5434560,2180,0.7252162341982701
t24_544,239760,5434560,249750,5444550,1773,0.5898203592814372
t24_545,239760,5444550,249750,5454540,1917,0.6377245508982036
t24_546,239760,5454540,249750,5464530,2252,0.7491683300066534
t24_547,239760,5464530,249750,5474520,2181,0.7255489021956087
t24_548,239760,5474520,249750,5484510,1947,0.6477045908183633
t24_549,239760,5484510,249750,5494500,2192,0.729208250166334
t24_550,239760,5494500,249750,5504490,2200,0.7318695941450433
t24_551,239760,5504490,249750,5514480,1845,0.6137724550898204
t24_552,239760,5514480,249750,5524470,2075,0.6902860944777113
t24_553,239760,5524470,249750,5534460,2012,0.669328010645376
t24_554,239760,5534460,249750,5544450,1571,0.5226214238190287
t24_555,239760,5544450,249750,5554440,2101,0.6989354624085163
t24_556,239760,5554440,249750,5564430,2283,0.7594810379241517
t24_557,239760,5564430,249750,5574420,1921,0.6390552228875582
t24_558,239760,5574420,249750,5584410,1805,0.6004657351962741
t24_559,239760,5584410,249750,5594400,1898,0.6314038589487692
t24_560,239760,5594400,249750,5604390,2324,0.7731204258150366
t24_561,239760,5604390,249750,5614380,2069,0.6882900864936793
t24_562,239760,5614380,249750,5624370,2072,0.6892880904856953
t24_563,239760,5624370,249750,5634360,1048,0.3486360612109115
t24_564,239760,5634360,249750,5644350,1970,0.6553559547571524
t24_565,239760,5644350,249750,5654340,1500,0.499001996007984
t24_566,239760,5654340,249750,5664330,2329,0.7747837658017299
t24_567,239760,5664330,249750,5674320,1519,0.5053226879574185
t24_568,239760,5674320,249750,5684310,2043,0.6796407185628742
t24_569,239760,5684310,249750,5694300,1611,0.5359281437125748
t24_570,239760,5694300,249750,5704290,2338,0.7777777777777778
t24_571,239760,5704290,249750,5714280,2062,0.6859614105123087
t24_572,239760,5714280,249750,5724270,2088,0.6946107784431138
t24_573,239760,5724270,249750,5734260,2147,0.7142381902860945
t24_574,239760,5734260,249750,5744250,1459,0.48536260811709914
t24_575,239760,5744250,249750,5754240,1528,0.5083166999334664
t24_576,239760,5754240,249750,5764230,1985,0.6603459747172322
t24_577,239760,5764230,249750,5774220,1999,0.6650033266799734
t24_578,239760,5774220,249750,5784210,1897,0.6310711909514305
t24_579,239760,5784210,249750,5794200,2040,0.6786427145708582
t24_580,239760,5794200,249750,5804190,2006,0.667332002661344
t24_581,239760,5804190,249750,5814180,2010,0.6686626746506986
t24_582,239760,5814180,249750,5824170,1777,0.5911510312707917
t24_583,239760,5824170,249750,5834160,1667,0.5545575515635396
t24_584,239760,5834160,249750,5844150,1654,0.550232867598137
t24_585,239760,5844150,249750,5854140,1569,0.5219560878243513
t24_586,239760,5854140,249750,5864130,1506,0.500998003992016
t24_587,239760,5864130,249750,5874120,1144,0.3805721889554225
t24_588,239760,5874120,249750,5884110,1119,0.3722554890219561
t24_589,239760,5884110,249750,5894100,1269,0.4221556886227545
t24_590,239760,5894100,249750,5904090,1138,0.37857618097139056
t24_591,239760,5904090,249750,5914080,866,0.2880904856952761
t24_592,239760,5914080,249750,5924070,1247,0.4148369926813041
t24_593,239760,5924070,249750,5934060,677,0.22521623419827014
t24_594,239760,5934060,249750,5944050,380,0.1264138389886893
t24_595,239760,5944050,249750,5954040,358,0.11909514304723885
t24_596,239760,5954040,249750,5964030,456,0.15169660678642716
t24_597,239760,5964030,249750,5974020,284,0.09447771124417831
t24_598,239760,5974020,249750,5984010,692,0.23020625415834997
t24_599,239760,5984010,249750,5994000,730,0.2428476380572189
t24_600,239760,5994000,249750,6003990,733,0.24384564204923487
t24_601,239760,6003990,249750,6013980,1052,0.3499667332002661
t24_602,239760,6013980,249750,6023970,1511,0.5026613439787092
t24_603,239760,6023970,249750,6033960,1396,0.4644045242847638
t24_604,239760,6033960,249750,6043950,1335,0.4441117764471058
t24_605,239760,6043950,249750,6053940,1814,0.603459747172322
t24_606,239760,6053940,249750,6063930,1533,0.5099800399201597
t24_607,239760,6063930,249750,6073920,1620,0.5389221556886228
t24_608,239760,6073920,249750,6083910,1475,0.4906852960745176
t24_609,239760,6083910,249750,6093900,1710,0.5688622754491018
t24_610,239760,6093900,249750,6103890,2072,0.6892880904856953
t24_611,239760,6103890,249750,6113880,2115,0.7035928143712575
t24_612,239760,6113880,249750,6123870,1957,0.6510312707917498
t24_613,239760,6123870,249750,6133860,1640,0.5455755156353959
t24_614,239760,6133860,249750,6143850,1750,0.582168995342648
t24_615,239760,6143850,249750,6153840,2066,0.6872920825016633
t24_616,239760,6153840,249750,6163830,2114,0.7032601463739189
t24_617,239760,6163830,249750,6173820,2116,0.7039254823685961
t24_618,239760,6173820,249750,6183810,1985,0.6603459747172322
t24_619,239760,6183810,249750,6193800,1864,0.6200931470392548
t24_620,239760,6193800,249750,6203790,1634,0.543579507651364
t24_621,239760,6203790,249750,6213780,1914,0.6367265469061876
t24_622,239760,6213780,249750,6223770,2015,0.6703260146373918
t24_623,239760,6223770,249750,6233760,2003,0.666333998669328
t24_624,239760,6233760,249750,6243750,1854,0.6167664670658682
t24_625,239760,6243750,249750,6253740,1439,0.478709248170326
t24_626,239760,6253740,249750,6263730,833,0.27711244178310046
t24_630,239760,6293700,249750,6303690,41,0.013639387890884896
t24_631,239760,6303690,249750,6313680,8,0.0026613439787092482
t24_632,239760,6313680,249750,6323670,46,0.015302727877578177
t24_633,239760,6323670,249750,6333660,446,0.1483699268130406
t24_634,239760,6333660,249750,6343650,72,0.023952095808383235
t24_653,239760,6523470,249750,6533460,4,0.0013306719893546241
t24_654,239760,6533460,249750,6543450,202,0.06719893546240852
t24_655,239760,6543450,249750,6553440,653,0.21723220226214238
t24_656,239760,6553440,249750,6563430,698,0.2322022621423819
t24_657,239760,6563430,249750,6573420,623,0.2072521623419827
t24_658,239760,6573420,249750,6583410,1229,0.40884896872920823
t24_659,239760,6583410,249750,6593400,1618,0.5382568196939455
t24_660,239760,6593400,249750,6603390,1771,0.5891550232867598
t24_661,239760,6603390,249750,6613380,1973,0.6563539587491684
t24_662,239760,6613380,249750,6623370,1750,0.582168995342648
t24_663,239760,6623370,249750,6633360,1587,0.5279441117764471
t24_664,239760,6633360,249750,6643350,1368,0.4550898203592814
t24_665,239760,6643350,249750,6653340,601,0.19993346640053228
t25_397,249750,3966030,259740,3976020,3,0.000998003992015968
t25_398,249750,3976020,259740,3986010,101,0.03359946773120426
t25_399,249750,3986010,259740,3996000,224,0.07451763140385895
t25_400,249750,3996000,259740,4005990,1793,0.5964737192282102
t25_401,249750,4005990,259740,4015980,1816,0.6041250831669993
t25_402,249750,4015980,259740,4025970,1570,0.52228875582169
t25_403,249750,4025970,259740,4035960,963,0.3203592814371258
t25_404,249750,4035960,259740,4045950,817,0.271789753825682
t25_405,249750,4045950,259740,4055940,977,0.3250166333998669
t25_406,249750,4055940,259740,4065930,977,0.3250166333998669
t25_407,249750,4065930,259740,4075920,1577,0.5246174318030605
t25_408,249750,4075920,259740,4085910,2443,0.8127079174983367
t25_409,249750,4085910,259740,4095900,2115,0.7035928143712575
t25_410,249750,4095900,259740,4105890,2287,0.7608117099135063
t25_411,249750,4105890,259740,4115880,1809,0.6017964071856288
t25_412,249750,4115880,259740,4125870,703,0.23386560212907517
t25_413,249750,4125870,259740,4135860,1542,0.5129740518962076
t25_414,249750,4135860,259740,4145850,1458,0.48502994011976047
t25_415,249750,4145850,259740,4155840,985,0.3276779773785762
t25_416,249750,4155840,259740,4165830,534,0.17764471057884232
t25_417,249750,4165830,259740,4175820,1916,0.6373918829008649
t25_418,249750,4175820,259740,4185810,2168,0.7212242182302062
t25_419,249750,4185810,259740,4195800,1429,0.47538256819693947
t25_420,249750,4195800,259740,4205790,1694,0.5635395874916833
t25_421,249750,4205790,259740,4215780,1998,0.6646706586826348
t25_422,249750,4215780,259740,4225770,2191,0.7288755821689954
t25_423,249750,4225770,259740,4235760,2527,0.8406520292747838
t25_424,249750,4235760,259740,4245750,1042,0.3466400532268796
t25_425,249750,4245750,259740,4255740,370,0.12308715901530273
t25_426,249750,4255740,259740,4265730,1844,0.6134397870924817
t25_427,249750,4265730,259740,4275720,2384,0.7930805056553559
t25_428,249750,4275720,259740,4285710,2741,0.9118429807052562
t25_429,249750,4285710,259740,4295700,2739,0.9111776447105788
t25_430,249750,4295700,259740,4305690,2779,0.9244843646041251
t25_431,249750,4305690,259740,4315680,2816,0.9367930805056554
t25_432,249750,4315680,259740,4325670,2463,0.8193612774451098
t25_433,249750,4325670,259740,4335660,2417,0.8040585495675316
t25_434,249750,4335660,259740,4345650,2544,0.846307385229541
t25_435,249750,4345650,259740,4355640,2587,0.8606121091151031
t25_436,249750,4355640,259740,4365630,1931,0.6423819028609448
t25_437,249750,4365630,259740,4375620,2105,0.7002661343978709
t25_438,249750,4375620,259740,4385610,1678,0.5582168995342648
t25_439,249750,4385610,259740,4395600,88,0.02927478376580173
t25_463,249750,4625370,259740,4635360,10,0.00332667997338656
t25_464,249750,4635360,259740,4645350,1361,0.4527611443779108
t25_465,249750,4645350,259740,4655340,1416,0.47105788423153694
t25_466,249750,4655340,259740,4665330,810,0.2694610778443114
t25_467,249750,4665330,259740,4675320,1,0.00033266799733865603
t25_473,249750,4725270,259740,4735260,151,0.05023286759813706
t25_474,249750,4735260,259740,4745250,564,0.18762475049900199
t25_475,249750,4745250,259740,4755240,1596,0.530938123752495
t25_476,249750,4755240,259740,4765230,1662,0.5528942115768463
t25_477,249750,4765230,259740,4775220,1184,0.39387890884896876
t25_478,249750,4775220,259740,4785210,1969,0.6550232867598137
t25_479,249750,4785210,259740,4795200,1602,0.5329341317365269
t25_480,249750,4795200,259740,4805190,574,0.19095143047238855
t25_481,249750,4805190,259740,4815180,474,0.15768463073852296
t25_482,249750,4815180,259740,4825170,1164,0.3872255489021956
t25_483,249750,4825170,259740,4835160,1681,0.5592149035262808
t25_484,249750,4835160,259740,4845150,1146,0.3812375249500998
t25_485,249750,4845150,259740,4855140,1419,0.4720558882235529
t25_486,249750,4855140,259740,4865130,695,0.23120425815036594
t25_487,249750,4865130,259740,4875120,869,0.28908848968729206
t25_488,249750,4875120,259740,4885110,2386,0.7937458416500333
t25_489,249750,4885110,259740,4895100,1790,0.5954757152361942
t25_490,249750,4895100,259740,4905090,742,0.24683965402528277
t25_491,249750,4905090,259740,4915080,1683,0.5598802395209581
t25_492,249750,4915080,259740,4925070,1519,0.5053226879574185
t25_493,249750,4925070,259740,4935060,2187,0.7275449101796407
t25_494,249750,4935060,259740,4945050,2172,0.7225548902195609
t25_495,249750,4945050,259740,4955040,2192,0.729208250166334
t25_496,249750,4955040,259740,4965030,2307,0.7674650698602794
t25_497,249750,4965030,259740,4975020,2038,0.677977378576181
t25_498,249750,4975020,259740,4985010,2038,0.677977378576181
t25_499,249750,4985010,259740,4995000,2318,0.7711244178310046
t25_500,249750,4995000,259740,5004990,2372,0.7890884896872921
t25_501,249750,5004990,259740,5014980,2342,0.7791084497671324
t25_502,249750,5014980,259740,5024970,2102,0.699268130405855
t25_503,249750,5024970,259740,5034960,1673,0.5565535595475716
t25_504,249750,5034960,259740,5044950,1833,0.6097804391217565
t25_505,249750,5044950,259740,5054940,2342,0.7791084497671324
t25_506,249750,5054940,259740,5064930,1707,0.5678642714570858
t25_507,249750,5064930,259740,5074920,1564,0.520292747837658
t25_508,249750,5074920,259740,5084910,1882,0.6260811709913506
t25_509,249750,5084910,259740,5094900,2192,0.729208250166334
t25_510,249750,5094900,259740,5104890,2038,0.677977378576181
t25_511,249750,5104890,259740,5114880,1754,0.5834996673320026
t25_512,249750,5114880,259740,5124870,1847,0.6144377910844977
t25_513,249750,5124870,259740,5134860,1420,0.47238855622089154
t25_514,249750,5134860,259740,5144850,1801,0.5991350632069194
t25_515,249750,5144850,259740,5154840,1602,0.5329341317365269
t25_516,249750,5154840,259740,5164830,1973,0.6563539587491684
t25_517,249750,5164830,259740,5174820,2318,0.7711244178310046
t25_518,249750,5174820,259740,5184810,2093,0.696274118429807
t25_519,249750,5184810,259740,5194800,1927,0.6410512308715901
t25_520,249750,5194800,259740,5204790,2148,0.7145708582834331
t25_521,249750,5204790,259740,5214780,1616,0.5375914836992681
t25_522,249750,5214780,259740,5224770,2061,0.6856287425149701
t25_523,249750,5224770,259740,5234760,1457,0.4846972721224218
t25_524,249750,5234760,259740,5244750,96,0.031936127744510975
t25_529,249750,5284710,259740,5294700,136,0.04524284763805722
t25_530,249750,5294700,259740,5304690,57,0.018962075848303395
t25_533,249750,5324670,259740,5334660,877,0.2917498336660013
t25_534,249750,5334660,259740,5344650,1897,0.6310711909514305
t25_535,249750,5344650,259740,5354640,1981,0.6590153027278776
t25_536,249750,5354640,259740,5364630,2132,0.7092481703260146
t25_537,249750,5364630,259740,5374620,2039,0.6783100465735197
t25_538,249750,5374620,259740,5384610,2300,0.7651363938789089
t25_539,249750,5384610,259740,5394600,2313,0.7694610778443114
t25_540,249750,5394600,259740,5404590,2271,0.7554890219560878
t25_541,249750,5404590,259740,5414580,2147,0.7142381902860945
t25_542,249750,5414580,259740,5424570,1752,0.5828343313373253
t25_543,249750,5424570,259740,5434560,1952,0.6493679308050565
t25_544,249750,5434560,259740,5444550,724,0.24085163007318697
t25_545,249750,5444550,259740,5454540,2078,0.6912840984697272
t25_546,249750,5454540,259740,5464530,1465,0.48735861610113107
t25_547,249750,5464530,259740,5474520,1453,0.4833666001330672
t25_548,249750,5474520,259740,5484510,263,0.08749168330006653
t25_549,249750,5484510,259740,5494500,533,0.17731204258150365
t25_550,249750,5494500,259740,5504490,1538,0.5116433799068529
t25_551,249750,5504490,259740,5514480,1413,0.47005988023952094
t25_552,249750,5514480,259740,5524470,1986,0.6606786427145709
t25_553,249750,5524470,259740,5534460,2193,0.7295409181636726
t25_554,249750,5534460,259740,5544450,2143,0.7129075182967398
t25_555,249750,5544450,259740,5554440,1939,0.645043246839654
t25_556,249750,5554440,259740,5564430,2169,0.7215568862275449
t25_557,249750,5564430,259740,5574420,2292,0.7624750499001997
t25_558,249750,5574420,259740,5584410,2071,0.6889554224883566
t25_559,249750,5584410,259740,5594400,2245,0.7468396540252827
t25_560,249750,5594400,259740,5604390,2099,0.698270126413839
t25_561,249750,5604390,259740,5614380,2267,0.7541583499667333
t25_562,249750,5614380,259740,5624370,2337,0.7774451097804391
t25_563,249750,5624370,259740,5634360,1198,0.3985362608117099
t25_564,249750,5634360,259740,5644350,2076,0.6906187624750499
t25_565,249750,5644350,259740,5654340,2011,0.6689953426480373
t25_566,249750,5654340,259740,5664330,2017,0.6709913506320692
t25_567,249750,5664330,259740,5674320,2001,0.6656686626746507
t25_568,249750,5674320,259740,5684310,2295,0.7634730538922155
t25_569,249750,5684310,259740,5694300,2053,0.6829673985362608
t25_570,249750,5694300,259740,5704290,2109,0.7015968063872255
t25_571,249750,5704290,259740,5714280,1721,0.572521623419827
t25_572,249750,5714280,259740,5724270,2151,0.7155688622754491
t25_573,249750,5724270,259740,5734260,2081,0.6922821024617432
t25_574,249750,5734260,259740,5744250,1493,0.49667332002661346
t25_575,249750,5744250,259740,5754240,2156,0.7172322022621423
t25_576,249750,5754240,259740,5764230,2302,0.7658017298735862
t25_577,249750,5764230,259740,5774220,2278,0.7578176979374585
t25_578,249750,5774220,259740,5784210,2231,0.7421823020625415
t25_579,249750,5784210,259740,5794200,2303,0.7661343978709249
t25_580,249750,5794200,259740,5804190,2264,0.7531603459747173
t25_581,249750,5804190,259740,5814180,2152,0.7159015302727878
t25_582,249750,5814180,259740,5824170,1589,0.5286094477711244
t25_583,249750,5824170,259740,5834160,1953,0.6497005988023952
t25_584,249750,5834160,259740,5844150,2046,0.6806387225548902
t25_585,249750,5844150,259740,5854140,1948,0.648037258815702
t25_586,249750,5854140,259740,5864130,1982,0.6593479707252162
t25_587,249750,5864130,259740,5874120,2112,0.7025948103792415
t25_588,249750,5874120,259740,5884110,1962,0.6526946107784432
t25_589,249750,5884110,259740,5894100,1665,0.5538922155688623
t25_590,249750,5894100,259740,5904090,1897,0.6310711909514305
t25_591,249750,5904090,259740,5914080,2016,0.6706586826347305
t25_592,249750,5914080,259740,5924070,2015,0.6703260146373918
t25_593,249750,5924070,259740,5934060,1712,0.5695276114437791
t25_594,249750,5934060,259740,5944050,1677,0.5578842315369261
t25_595,249750,5944050,259740,5954040,1173,0.3902195608782435
t25_596,249750,5954040,259740,5964030,975,0.32435129740518964
t25_597,249750,5964030,259740,5974020,759,0.25249500998003993
t25_598,249750,5974020,259740,5984010,1369,0.4554224883566201
t25_599,249750,5984010,259740,5994000,644,0.21423819028609448
t25_600,249750,5994000,259740,6003990,730,0.2428476380572189
t25_601,249750,6003990,259740,6013980,588,0.19560878243512975
t25_602,249750,6013980,259740,6023970,872,0.29008649367930806
t25_603,249750,6023970,259740,6033960,519,0.17265469061876249
t25_604,249750,6033960,259740,6043950,642,0.21357285429141717
t25_605,249750,6043950,259740,6053940,380,0.1264138389886893
t25_606,249750,6053940,259740,6063930,634,0.2109115103127079
t25_607,249750,6063930,259740,6073920,1107,0.36826347305389223
t25_608,249750,6073920,259740,6083910,1588,0.5282767797737857
t25_609,249750,6083910,259740,6093900,2138,0.7112441783100466
t25_610,249750,6093900,259740,6103890,2079,0.6916167664670658
t25_611,249750,6103890,259740,6113880,1725,0.5738522954091816
t25_612,249750,6113880,259740,6123870,1806,0.6007984031936128
t25_613,249750,6123870,259740,6133860,2079,0.6916167664670658
t25_614,249750,6133860,259740,6143850,1973,0.6563539587491684
t25_615,249750,6143850,259740,6153840,2045,0.6803060545575516
t25_616,249750,6153840,259740,6163830,2064,0.6866267465069861
t25_617,249750,6163830,259740,6173820,2167,0.7208915502328676
t25_618,249750,6173820,259740,6183810,2102,0.699268130405855
t25_619,249750,6183810,259740,6193800,2081,0.6922821024617432
t25_620,249750,6193800,259740,6203790,2180,0.7252162341982701
t25_621,249750,6203790,259740,6213780,2060,0.6852960745176314
t25_622,249750,6213780,259740,6223770,2111,0.7022621423819029
t25_623,249750,6223770,259740,6233760,2186,0.7272122421823021
t25_624,249750,6233760,259740,6243750,1931,0.6423819028609448
t25_625,249750,6243750,259740,6253740,1732,0.5761809713905522
t25_626,249750,6253740,259740,6263730,1272,0.4231536926147705
t25_627,249750,6263730,259740,6273720,694,0.23087159015302727
t25_628,249750,6273720,259740,6283710,243,0.08083832335329341
t25_629,249750,6283710,259740,6293700,411,0.13672654690618763
t25_630,249750,6293700,259740,6303690,1632,0.5429141716566867
t25_631,249750,6303690,259740,6313680,1410,0.469061876247505
t25_632,249750,6313680,259740,6323670,1772,0.5894876912840985
t25_633,249750,6323670,259740,6333660,1863,0.6197604790419161
t25_634,249750,6333660,259740,6343650,906,0.3013972055888224
t25_647,249750,6463530,259740,6473520,32,0.010645375914836993
t25_648,249750,6473520,259740,6483510,25,0.0083166999334664
t25_649,249750,6483510,259740,6493500,168,0.05588822355289421
t25_650,249750,6493500,259740,6503490,461,0.15335994677312043
t25_651,249750,6503490,259740,6513480,781,0.25981370592149033
t25_652,249750,6513480,259740,6523470,1284,0.42714570858283435
t25_653,249750,6523470,259740,6533460,1805,0.6004657351962741
t25_654,249750,6533460,259740,6543450,2129,0.7082501663339986
t25_655,249750,6543450,259740,6553440,2075,0.6902860944777113
t25_656,249750,6553440,259740,6563430,2124,0.7065868263473054
t25_657,249750,6563430,259740,6573420,2135,0.7102461743180306
t25_658,249750,6573420,259740,6583410,2131,0.708915502328676
t25_659,249750,6583410,259740,6593400,2031,0.6756487025948104
t25_660,249750,6593400,259740,6603390,2086,0.6939454424484365
t25_661,249750,6603390,259740,6613380,2079,0.6916167664670658
t25_662,249750,6613380,259740,6623370,2093,0.696274118429807
t25_663,249750,6623370,259740,6633360,2044,0.6799733865602129
t25_664,249750,6633360,259740,6643350,2100,0.6986027944111777
t25_665,249750,6643350,259740,6653340,478,0.1590153027278776
t26_397,259740,3966030,269730,3976020,205,0.06819693945442448
t26_398,259740,3976020,269730,3986010,548,0.1823020625415835
t26_399,259740,3986010,269730,3996000,508,0.16899534264803726
t26_400,259740,3996000,269730,4005990,1533,0.5099800399201597
t26_401,259740,4005990,269730,4015980,1825,0.6071190951430473
t26_402,259740,4015980,269730,4025970,1541,0.5126413838988689
t26_403,259740,4025970,269730,4035960,144,0.04790419161676647
t26_404,259740,4035960,269730,4045950,704,0.23419827012641384
t26_405,259740,4045950,269730,4055940,2029,0.674983366600133
t26_406,259740,4055940,269730,4065930,1278,0.4251497005988024
t26_407,259740,4065930,269730,4075920,2597,0.8639387890884896
t26_408,259740,4075920,269730,4085910,1207,0.4015302727877578
t26_409,259740,4085910,269730,4095900,1967,0.6543579507651364
t26_410,259740,4095900,269730,4105890,1915,0.6370592149035262
t26_411,259740,4105890,269730,4115880,1983,0.6596806387225549
t26_412,259740,4115880,269730,4125870,2012,0.669328010645376
t26_413,259740,4125870,269730,4135860,2002,0.6660013306719893
t26_414,259740,4135860,269730,4145850,1401,0.4660678642714571
t26_415,259740,4145850,269730,4155840,1016,0.3379906852960745
t26_416,259740,4155840,269730,4165830,1021,0.3396540252827678
t26_417,259740,4165830,269730,4175820,1477,0.49135063206919494
t26_418,259740,4175820,269730,4185810,2510,0.8349966733200266
t26_419,259740,4185810,269730,4195800,2624,0.8729208250166334
t26_420,259740,4195800,269730,4205790,2510,0.8349966733200266
t26_421,259740,4205790,269730,4215780,2458,0.8176979374584165
t26_422,259740,4215780,269730,4225770,2406,0.8003992015968064
t26_423,259740,4225770,269730,4235760,1268,0.4218230206254158
t26_424,259740,4235760,269730,4245750,1997,0.6643379906852961
t26_425,259740,4245750,269730,4255740,2246,0.7471723220226214
t26_426,259740,4255740,269730,4265730,2753,0.91583499667332
t26_427,259740,4265730,269730,4275720,2829,0.9411177644710579
t26_428,259740,4275720,269730,4285710,1439,0.478709248170326
t26_429,259740,4285710,269730,4295700,2232,0.7425149700598802
t26_430,259740,4295700,269730,4305690,2502,0.8323353293413174
t26_431,259740,4305690,269730,4315680,2289,0.7614770459081837
t26_432,259740,4315680,269730,4325670,2303,0.7661343978709249
t26_433,259740,4325670,269730,4335660,764,0.2541583499667332
t26_434,259740,4335660,269730,4345650,1739,0.5785096473719228
t26_435,259740,4345650,269730,4355640,2519,0.8379906852960746
t26_436,259740,4355640,269730,4365630,2248,0.7478376580172987
t26_437,259740,4365630,269730,4375620,1093,0.36360612109115104
t26_438,259740,4375620,269730,4385610,951,0.31636726546906185
t26_439,259740,4385610,269730,4395600,16,0.0053226879574184965
t26_464,259740,4635360,269730,4645350,115,0.03825681969394544
t26_475,259740,4745250,269730,4755240,631,0.20991350632069194
t26_476,259740,4755240,269730,4765230,1958,0.6513639387890885
t26_477,259740,4765230,269730,4775220,1657,0.551230871590153
t26_478,259740,4775220,269730,4785210,2019,0.6716566866267465
t26_479,259740,4785210,269730,4795200,1044,0.3473053892215569
t26_480,259740,4795200,269730,4805190,771,0.2564870259481038
t26_481,259740,4805190,269730,4815180,925,0.30771789753825685
t26_482,259740,4815180,269730,4825170,730,0.2428476380572189
t26_483,259740,4825170,269730,4835160,667,0.22188955422488357
t26_484,259740,4835160,269730,4845150,929,0.30904856952761145
t26_485,259740,4845150,269730,4855140,815,0.27112441783100466
t26_486,259740,4855140,269730,4865130,1478,0.4916833000665336
t26_487,259740,4865130,269730,4875120,2250,0.7485029940119761
t26_488,259740,4875120,269730,4885110,2379,0.7914171656686627
t26_489,259740,4885110,269730,4895100,1495,0.49733865602129074
t26_490,259740,4895100,269730,4905090,1506,0.500998003992016
t26_491,259740,4905090,269730,4915080,1782,0.592814371257485
t26_492,259740,4915080,269730,4925070,2291,0.762142381902861
t26_493,259740,4925070,269730,4935060,2315,0.7701264138389887
t26_494,259740,4935060,269730,4945050,2207,0.7341982701264138
t26_495,259740,4945050,269730,4955040,2251,0.7488356620093147
t26_496,259740,4955040,269730,4965030,2315,0.7701264138389887
t26_497,259740,4965030,269730,4975020,2454,0.8163672654690619
t26_498,259740,4975020,269730,4985010,1570,0.52228875582169
t26_499,259740,4985010,269730,4995000,2497,0.830671989354624
t26_500,259740,4995000,269730,5004990,1718,0.571523619427811
t26_501,259740,5004990,269730,5014980,2144,0.7132401862940785
t26_502,259740,5014980,269730,5024970,1185,0.39421157684630737
t26_503,259740,5024970,269730,5034960,52,0.017298735861610112
t26_504,259740,5034960,269730,5044950,1742,0.5795076513639388
t26_505,259740,5044950,269730,5054940,2458,0.8176979374584165
t26_506,259740,5054940,269730,5064930,1611,0.5359281437125748
t26_507,259740,5064930,269730,5074920,1586,0.5276114437791084
t26_508,259740,5074920,269730,5084910,1944,0.6467065868263473
t26_509,259740,5084910,269730,5094900,2079,0.6916167664670658
t26_510,259740,5094900,269730,5104890,2214,0.7365269461077845
t26_511,259740,5104890,269730,5114880,2170,0.7218895542248835
t26_512,259740,5114880,269730,5124870,1818,0.6047904191616766
t26_513,259740,5124870,269730,5134860,1087,0.3616101131071191
t26_514,259740,5134860,269730,5144850,1499,0.4986693280106454
t26_515,259740,5144850,269730,5154840,1405,0.46739853626081174
t26_516,259740,5154840,269730,5164830,2063,0.6862940785096474
t26_517,259740,5164830,269730,5174820,1955,0.6503659347970725
t26_518,259740,5174820,269730,5184810,1423,0.47338656021290754
t26_519,259740,5184810,269730,5194800,745,0.24783765801729873
t26_520,259740,5194800,269730,5204790,1681,0.5592149035262808
t26_521,259740,5204790,269730,5214780,2200,0.7318695941450433
t26_522,259740,5214780,269730,5224770,1332,0.4431137724550898
t26_523,259740,5224770,269730,5234760,154,0.05123087159015303
t26_533,259740,5324670,269730,5334660,1086,0.36127744510978044
t26_534,259740,5334660,269730,5344650,2083,0.6929474384564205
t26_535,259740,5344650,269730,5354640,1841,0.6124417831004657
t26_536,259740,5354640,269730,5364630,1671,0.5558882235528942
t26_537,259740,5364630,269730,5374620,1907,0.634397870924817
t26_538,259740,5374620,269730,5384610,1289,0.4288090485695276
t26_539,259740,5384610,269730,5394600,458,0.15236194278110446
t26_540,259740,5394600,269730,5404590,802,0.26679973386560213
t26_541,259740,5404590,269730,5414580,432,0.1437125748502994
t26_543,259740,5424570,269730,5434560,168,0.05588822355289421
t26_544,259740,5434560,269730,5444550,57,0.018962075848303395
t26_545,259740,5444550,269730,5454540,419,0.13938789088489686
t26_546,259740,5454540,269730,5464530,5,0.00166333998669328
t26_550,259740,5494500,269730,5504490,36,0.011976047904191617
t26_552,259740,5514480,269730,5524470,461,0.15335994677312043
t26_553,259740,5524470,269730,5534460,2195,0.7302062541583499
t26_554,259740,5534460,269730,5544450,686,0.22821024617431804
t26_555,259740,5544450,269730,5554440,198,0.0658682634730539
t26_556,259740,5554440,269730,5564430,1501,0.49933466400532267
t26_557,259740,5564430,269730,5574420,1911,0.6357285429141717
t26_558,259740,5574420,269730,5584410,2116,0.7039254823685961
t26_559,259740,5584410,269730,5594400,2168,0.7212242182302062
t26_560,259740,5594400,269730,5604390,1945,0.647039254823686
t26_561,259740,5604390,269730,5614380,2022,0.6726546906187625
t26_562,259740,5614380,269730,5624370,1077,0.3582834331337325
t26_563,259740,5624370,269730,5634360,1902,0.6327345309381237
t26_564,259740,5634360,269730,5644350,1901,0.632401862940785
t26_565,259740,5644350,269730,5654340,2206,0.7338656021290751
t26_566,259740,5654340,269730,5664330,1975,0.6570192947438457
t26_567,259740,5664330,269730,5674320,1698,0.564870259481038
t26_568,259740,5674320,269730,5684310,2311,0.7687957418496341
t26_569,259740,5684310,269730,5694300,2146,0.7139055222887558
t26_570,259740,5694300,269730,5704290,1965,0.653692614770459
t26_571,259740,5704290,269730,5714280,378,0.12574850299401197
t26_572,259740,5714280,269730,5724270,1311,0.436127744510978
t26_573,259740,5724270,269730,5734260,2217,0.7375249500998003
t26_574,259740,5734260,269730,5744250,2069,0.6882900864936793
t26_575,259740,5744250,269730,5754240,2224,0.739853626081171
t26_576,259740,5754240,269730,5764230,1824,0.6067864271457086
t26_577,259740,5764230,269730,5774220,2242,0.7458416500332667
t26_578,259740,5774220,269730,5784210,2297,0.7641383898868929
t26_579,259740,5784210,269730,5794200,2303,0.7661343978709249
t26_580,259740,5794200,269730,5804190,2245,0.7468396540252827
t26_581,259740,5804190,269730,5814180,2078,0.6912840984697272
t26_582,259740,5814180,269730,5824170,2132,0.7092481703260146
t26_583,259740,5824170,269730,5834160,2221,0.738855622089155
t26_584,259740,5834160,269730,5844150,2150,0.7152361942781105
t26_585,259740,5844150,269730,5854140,2298,0.7644710578842315
t26_586,259740,5854140,269730,5864130,2290,0.7618097139055223
t26_587,259740,5864130,269730,5874120,2184,0.7265469061876247
t26_588,259740,5874120,269730,5884110,2254,0.7498336660013307
t26_589,259740,5884110,269730,5894100,2263,0.7528276779773786
t26_590,259740,5894100,269730,5904090,2240,0.7451763140385895
t26_591,259740,5904090,269730,5914080,2221,0.738855622089155
t26_592,259740,5914080,269730,5924070,2124,0.7065868263473054
t26_593,259740,5924070,269730,5934060,1993,0.6630073186959414
t26_594,259740,5934060,269730,5944050,1985,0.6603459747172322
t26_595,259740,5944050,269730,5954040,1629,0.5419161676646707
t26_596,259740,5954040,269730,5964030,1545,0.5139720558882236
t26_597,259740,5964030,269730,5974020,1667,0.5545575515635396
t26_598,259740,5974020,269730,5984010,2059,0.6849634065202928
t26_599,259740,5984010,269730,5994000,1322,0.4397870924817033
t26_600,259740,5994000,269730,6003990,880,0.2927478376580173
t26_601,259740,6003990,269730,6013980,368,0.12242182302062542
t26_602,259740,6013980,269730,6023970,729,0.24251497005988024
t26_603,259740,6023970,269730,6033960,609,0.2025948103792415
t26_604,259740,6033960,269730,6043950,512,0.1703260146373919
t26_605,259740,6043950,269730,6053940,344,0.11443779108449767
t26_606,259740,6053940,269730,6063930,467,0.15535595475715236
t26_607,259740,6063930,269730,6073920,291,0.0968063872255489
t26_608,259740,6073920,269730,6083910,488,0.16234198270126413
t26_609,259740,6083910,269730,6093900,1800,0.5988023952095808
t26_610,259740,6093900,269730,6103890,2074,0.6899534264803726
t26_611,259740,6103890,269730,6113880,2042,0.6793080505655356
t26_612,259740,6113880,269730,6123870,1821,0.6057884231536926
t26_613,259740,6123870,269730,6133860,2210,0.7351962741184298
t26_614,259740,6133860,269730,6143850,2168,0.7212242182302062
t26_615,259740,6143850,269730,6153840,2218,0.737857618097139
t26_616,259740,6153840,269730,6163830,2128,0.7079174983366601
t26_617,259740,6163830,269730,6173820,2169,0.7215568862275449
t26_618,259740,6173820,269730,6183810,2080,0.6919494344644045
t26_619,259740,6183810,269730,6193800,2097,0.6976047904191617
t26_620,259740,6193800,269730,6203790,2123,0.7062541583499667
t26_621,259740,6203790,269730,6213780,2162,0.7192282102461743
t26_622,259740,6213780,269730,6223770,2037,0.6776447105788423
t26_623,259740,6223770,269730,6233760,2109,0.7015968063872255
t26_624,259740,6233760,269730,6243750,2126,0.7072521623419827
t26_625,259740,6243750,269730,6253740,1922,0.6393878908848969
t26_626,259740,6253740,269730,6263730,1609,0.5352628077178976
t26_627,259740,6263730,269730,6273720,1787,0.5944777112441784
t26_628,259740,6273720,269730,6283710,1655,0.5505655355954757
t26_629,259740,6283710,269730,6293700,1981,0.6590153027278776
t26_630,259740,6293700,269730,6303690,1952,0.6493679308050565
t26_631,259740,6303690,269730,6313680,2095,0.6969394544244844
t26_632,259740,6313680,269730,6323670,2041,0.6789753825681969
t26_633,259740,6323670,269730,6333660,1881,0.625748502994012
t26_634,259740,6333660,269730,6343650,1679,0.5585495675316035
t26_635,259740,6343650,269730,6353640,1198,0.3985362608117099
t26_636,259740,6353640,269730,6363630,702,0.23353293413173654
t26_637,259740,6363630,269730,6373620,1000,0.33266799733865604
t26_638,259740,6373620,269730,6383610,360,0.11976047904191617
t26_639,259740,6383610,269730,6393600,15,0.00499001996007984
t26_640,259740,6393600,269730,6403590,239,0.0795076513639388
t26_642,259740,6413580,269730,6423570,234,0.07784431137724551
t26_643,259740,6423570,269730,6433560,957,0.3183632734530938
t26_644,259740,6433560,269730,6443550,1675,0.5572188955422488
t26_645,259740,6443550,269730,6453540,1594,0.5302727877578177
t26_646,259740,6453540,269730,6463530,1339,0.4454424484364604
t26_647,259740,6463530,269730,6473520,1380,0.4590818363273453
t26_648,259740,6473520,269730,6483510,1751,0.5825016633399867
t26_649,259740,6483510,269730,6493500,2072,0.6892880904856953
t26_650,259740,6493500,269730,6503490,2063,0.6862940785096474
t26_651,259740,6503490,269730,6513480,2142,0.7125748502994012
t26_652,259740,6513480,269730,6523470,2123,0.7062541583499667
t26_653,259740,6523470,269730,6533460,2134,0.709913506320692
t26_654,259740,6533460,269730,6543450,2142,0.7125748502994012
t26_655,259740,6543450,269730,6553440,2050,0.6819693945442449
t26_656,259740,6553440,269730,6563430,2100,0.6986027944111777
t26_657,259740,6563430,269730,6573420,2100,0.6986027944111777
t26_658,259740,6573420,269730,6583410,2100,0.6986027944111777
t26_659,259740,6583410,269730,6593400,2048,0.6813040585495675
t26_660,259740,6593400,269730,6603390,2066,0.6872920825016633
t26_661,259740,6603390,269730,6613380,1860,0.6187624750499002
t26_662,259740,6613380,269730,6623370,1997,0.6643379906852961
t26_663,259740,6623370,269730,6633360,2129,0.7082501663339986
t26_664,259740,6633360,269730,6643350,2123,0.7062541583499667
t26_665,259740,6643350,269730,6653340,1951,0.649035262807718
t26_666,259740,6653340,269730,6663330,726,0.24151696606786427
t27_396,269730,3956040,279720,3966030,487,0.1620093147039255
t27_397,269730,3966030,279720,3976020,1403,0.4667332002661344
t27_398,269730,3976020,279720,3986010,1522,0.5063206919494344
t27_399,269730,3986010,279720,3996000,1401,0.4660678642714571
t27_400,269730,3996000,279720,4005990,737,0.2451763140385895
t27_401,269730,4005990,279720,4015980,2131,0.708915502328676
t27_402,269730,4015980,279720,4025970,2010,0.6686626746506986
t27_403,269730,4025970,279720,4035960,1006,0.334664005322688
t27_404,269730,4035960,279720,4045950,1966,0.6540252827677977
t27_405,269730,4045950,279720,4055940,1599,0.5319361277445109
t27_406,269730,4055940,279720,4065930,1134,0.3772455089820359
t27_407,269730,4065930,279720,4075920,2119,0.7049234863606121
t27_408,269730,4075920,279720,4085910,2323,0.7727877578176979
t27_409,269730,4085910,279720,4095900,1120,0.37258815701929476
t27_410,269730,4095900,279720,4105890,2038,0.677977378576181
t27_411,269730,4105890,279720,4115880,1495,0.49733865602129074
t27_412,269730,4115880,279720,4125870,2620,0.8715901530272788
t27_413,269730,4125870,279720,4135860,2682,0.8922155688622755
t27_414,269730,4135860,279720,4145850,2116,0.7039254823685961
t27_415,269730,4145850,279720,4155840,1018,0.33865602129075184
t27_416,269730,4155840,279720,4165830,208,0.06919494344644045
t27_417,269730,4165830,279720,4175820,1170,0.38922155688622756
t27_418,269730,4175820,279720,4185810,2310,0.7684630738522954
t27_419,269730,4185810,279720,4195800,2675,0.8898868928809048
t27_420,269730,4195800,279720,4205790,2539,0.8446440452428476
t27_421,269730,4205790,279720,4215780,2837,0.9437791084497671
t27_422,269730,4215780,279720,4225770,2772,0.9221556886227545
t27_423,269730,4225770,279720,4235760,2840,0.9447771124417831
t27_424,269730,4235760,279720,4245750,2496,0.8303393213572854
t27_425,269730,4245750,279720,4255740,1997,0.6643379906852961
t27_426,269730,4255740,279720,4265730,2892,0.9620758483033932
t27_427,269730,4265730,279720,4275720,936,0.31137724550898205
t27_428,269730,4275720,279720,4285710,66,0.021956087824351298
t27_430,269730,4295700,279720,4305690,65,0.02162341982701264
t27_431,269730,4305690,279720,4315680,225,0.0748502994011976
t27_432,269730,4315680,279720,4325670,350,0.1164337990685296
t27_434,269730,4335660,279720,4345650,191,0.0635395874916833
t27_435,269730,4345650,279720,4355640,318,0.10578842315369262
t27_436,269730,4355640,279720,4365630,344,0.11443779108449767
t27_475,269730,4745250,279720,4755240,55,0.018296739853626082
t27_476,269730,4755240,279720,4765230,258,0.08582834331337326
t27_477,269730,4765230,279720,4775220,1881,0.625748502994012
t27_478,269730,4775220,279720,4785210,643,0.2139055222887558
t27_479,269730,4785210,279720,4795200,236,0.07850964737192283
t27_480,269730,4795200,279720,4805190,329,0.10944777112441784
t27_481,269730,4805190,279720,4815180,1205,0.4008649367930805
t27_482,269730,4815180,279720,4825170,1426,0.4743845642049235
t27_483,269730,4825170,279720,4835160,761,0.2531603459747172
t27_484,269730,4835160,279720,4845150,1907,0.634397870924817
t27_485,269730,4845150,279720,4855140,326,0.10844976713240187
t27_486,269730,4855140,279720,4865130,2049,0.6816367265469062
t27_487,269730,4865130,279720,4875120,1826,0.6074517631403858
t27_488,269730,4875120,279720,4885110,1132,0.37658017298735863
t27_489,269730,4885110,279720,4895100,298,0.09913506320691949
t27_490,269730,4895100,279720,4905090,1036,0.34464404524284764
t27_491,269730,4905090,279720,4915080,1878,0.624750499001996
t27_492,269730,4915080,279720,4925070,2574,0.8562874251497006
t27_493,269730,4925070,279720,4935060,2514,0.8363273453093812
t27_494,269730,4935060,279720,4945050,2241,0.7455089820359282
t27_495,269730,4945050,279720,4955040,2457,0.8173652694610778
t27_496,269730,4955040,279720,4965030,1996,0.6640053226879574
t27_497,269730,4965030,279720,4975020,2246,0.7471723220226214
t27_498,269730,4975020,279720,4985010,1961,0.6523619427811045
t27_499,269730,4985010,279720,4995000,2430,0.8083832335329342
t27_500,269730,4995000,279720,5004990,1801,0.5991350632069194
t27_501,269730,5004990,279720,5014980,2428,0.8077178975382568
t27_502,269730,5014980,279720,5024970,863,0.2870924817032601
t27_504,269730,5034960,279720,5044950,1172,0.38988689288090483
t27_505,269730,5044950,279720,5054940,2446,0.8137059214903526
t27_506,269730,5054940,279720,5064930,2117,0.7042581503659348
t27_507,269730,5064930,279720,5074920,2257,0.7508316699933466
t27_508,269730,5074920,279720,5084910,1229,0.40884896872920823
t27_509,269730,5084910,279720,5094900,1563,0.5199600798403193
t27_510,269730,5094900,279720,5104890,1522,0.5063206919494344
t27_511,269730,5104890,279720,5114880,1072,0.35662009314703924
t27_512,269730,5114880,279720,5124870,1799,0.5984697272122422
t27_513,269730,5124870,279720,5134860,1489,0.4953426480372588
t27_514,269730,5134860,279720,5144850,1543,0.5133067198935463
t27_515,269730,5144850,279720,5154840,2102,0.699268130405855
t27_516,269730,5154840,279720,5164830,2263,0.7528276779773786
t27_517,269730,5164830,279720,5174820,1947,0.6477045908183633
t27_518,269730,5174820,279720,5184810,18,0.005988023952095809
t27_520,269730,5194800,279720,5204790,655,0.2178975382568197
t27_521,269730,5204790,279720,5214780,1448,0.48170326014637393
t27_522,269730,5214780,279720,5224770,411,0.13672654690618763
t27_533,269730,5324670,279720,5334660,274,0.09115103127079174
t27_534,269730,5334660,279720,5344650,665,0.22122421823020624
t27_535,269730,5344650,279720,5354640,60,0.01996007984031936
t27_536,269730,5354640,279720,5364630,6,0.001996007984031936
t27_537,269730,5364630,279720,5374620,89,0.029607451763140388
t27_552,269730,5514480,279720,5524470,70,0.023286759813705923
t27_553,269730,5524470,279720,5534460,685,0.22787757817697937
t27_554,269730,5534460,279720,5544450,86,0.028609447771124417
t27_556,269730,5554440,279720,5564430,463,0.15402528276779773
t27_557,269730,5564430,279720,5574420,834,0.2774451097804391
t27_558,269730,5574420,279720,5584410,1493,0.49667332002661346
t27_559,269730,5584410,279720,5594400,209,0.06952761144377911
t27_560,269730,5594400,279720,5604390,85,0.028276779773785763
t27_561,269730,5604390,279720,5614380,436,0.14504324683965403
t27_562,269730,5614380,279720,5624370,1502,0.49966733200266134
t27_563,269730,5624370,279720,5634360,2168,0.7212242182302062
t27_564,269730,5634360,279720,5644350,2187,0.7275449101796407
t27_565,269730,5644350,279720,5654340,2308,0.7677977378576181
t27_566,269730,5654340,279720,5664330,2209,0.7348636061210911
t27_567,269730,5664330,279720,5674320,2292,0.7624750499001997
t27_568,269730,5674320,279720,5684310,1475,0.4906852960745176
t27_569,269730,5684310,279720,5694300,2201,0.7322022621423819
t27_570,269730,5694300,279720,5704290,2000,0.6653359946773121
t27_571,269730,5704290,279720,5714280,1743,0.5798403193612774
t27_572,269730,5714280,279720,5724270,1805,0.6004657351962741
t27_573,269730,5724270,279720,5734260,1770,0.5888223552894212
t27_574,269730,5734260,279720,5744250,2289,0.7614770459081837
t27_575,269730,5744250,279720,5754240,582,0.1936127744510978
t27_576,269730,5754240,279720,5764230,1934,0.6433799068529608
t27_577,269730,5764230,279720,5774220,2238,0.7445109780439122
t27_578,269730,5774220,279720,5784210,2321,0.7721224218230206
t27_579,269730,5784210,279720,5794200,2298,0.7644710578842315
t27_580,269730,5794200,279720,5804190,2168,0.7212242182302062
t27_581,269730,5804190,279720,5814180,2284,0.7598137059214903
t27_582,269730,5814180,279720,5824170,2278,0.7578176979374585
t27_583,269730,5824170,279720,5834160,2162,0.7192282102461743
t27_584,269730,5834160,279720,5844150,2201,0.7322022621423819
t27_585,269730,5844150,279720,5854140,2202,0.7325349301397206
t27_586,269730,5854140,279720,5864130,2189,0.7282102461743181
t27_587,269730,5864130,279720,5874120,2208,0.7345309381237525
t27_588,269730,5874120,279720,5884110,2276,0.7571523619427811
t27_589,269730,5884110,279720,5894100,2204,0.7332002661343978
t27_590,269730,5894100,279720,5904090,2191,0.7288755821689954
t27_591,269730,5904090,279720,5914080,2206,0.7338656021290751
t27_592,269730,5914080,279720,5924070,2244,0.7465069860279441
t27_593,269730,5924070,279720,5934060,2228,0.7411842980705257
t27_594,269730,5934060,279720,5944050,2185,0.7268795741849634
t27_595,269730,5944050,279720,5954040,1945,0.647039254823686
t27_596,269730,5954040,279720,5964030,2219,0.7381902860944777
t27_597,269730,5964030,279720,5974020,1916,0.6373918829008649
t27_598,269730,5974020,279720,5984010,1895,0.6304058549567532
t27_599,269730,5984010,279720,5994000,1952,0.6493679308050565
t27_600,269730,5994000,279720,6003990,1770,0.5888223552894212
t27_601,269730,6003990,279720,6013980,1686,0.5608782435129741
t27_602,269730,6013980,279720,6023970,1717,0.5711909514304724
t27_603,269730,6023970,279720,6033960,892,0.2967398536260812
t27_604,269730,6033960,279720,6043950,361,0.12009314703925482
t27_605,269730,6043950,279720,6053940,198,0.0658682634730539
t27_606,269730,6053940,279720,6063930,510,0.16966067864271456
t27_607,269730,6063930,279720,6073920,203,0.06753160345974717
t27_608,269730,6073920,279720,6083910,442,0.14703925482368596
t27_609,269730,6083910,279720,6093900,991,0.3296739853626081
t27_610,269730,6093900,279720,6103890,1724,0.573519627411843
t27_611,269730,6103890,279720,6113880,2153,0.7162341982701265
t27_612,269730,6113880,279720,6123870,1308,0.4351297405189621
t27_613,269730,6123870,279720,6133860,2133,0.7095808383233533
t27_614,269730,6133860,279720,6143850,2166,0.720558882235529
t27_615,269730,6143850,279720,6153840,2161,0.7188955422488357
t27_616,269730,6153840,279720,6163830,2148,0.7145708582834331
t27_617,269730,6163830,279720,6173820,1794,0.5968063872255489
t27_618,269730,6173820,279720,6183810,1521,0.5059880239520959
t27_619,269730,6183810,279720,6193800,1680,0.5588822355289421
t27_620,269730,6193800,279720,6203790,1697,0.5645375914836993
t27_621,269730,6203790,279720,6213780,1471,0.489354624085163
t27_622,269730,6213780,279720,6223770,1302,0.43313373253493015
t27_623,269730,6223770,279720,6233760,2158,0.7178975382568197
t27_624,269730,6233760,279720,6243750,1791,0.5958083832335329
t27_625,269730,6243750,279720,6253740,2007,0.6676646706586826
t27_626,269730,6253740,279720,6263730,1779,0.591816367265469
t27_627,269730,6263730,279720,6273720,2135,0.7102461743180306
t27_628,269730,6273720,279720,6283710,1693,0.5632069194943446
t27_629,269730,6283710,279720,6293700,1982,0.6593479707252162
t27_630,269730,6293700,279720,6303690,1971,0.655688622754491
t27_631,269730,6303690,279720,6313680,1859,0.6184298070525616
t27_632,269730,6313680,279720,6323670,1950,0.6487025948103793
t27_633,269730,6323670,279720,6333660,2100,0.6986027944111777
t27_634,269730,6333660,279720,6343650,1411,0.46939454424484367
t27_635,269730,6343650,279720,6353640,2094,0.6966067864271457
t27_636,269730,6353640,279720,6363630,1987,0.6610113107119095
t27_637,269730,6363630,279720,6373620,2100,0.6986027944111777
t27_638,269730,6373620,279720,6383610,1879,0.6250831669993346
t27_639,269730,6383610,279720,6393600,1708,0.5681969394544245
t27_640,269730,6393600,279720,6403590,2007,0.6676646706586826
t27_641,269730,6403590,279720,6413580,1490,0.49567531603459747
t27_642,269730,6413580,279720,6423570,1732,0.5761809713905522
t27_643,269730,6423570,279720,6433560,2142,0.7125748502994012
t27_644,269730,6433560,279720,6443550,2133,0.7095808383233533
t27_645,269730,6443550,279720,6453540,2141,0.7122421823020625
t27_646,269730,6453540,279720,6463530,2141,0.7122421823020625
t27_647,269730,6463530,279720,6473520,2171,0.7222222222222222
t27_648,269730,6473520,279720,6483510,2126,0.7072521623419827
t27_649,269730,6483510,279720,6493500,2142,0.7125748502994012
t27_650,269730,6493500,279720,6503490,2123,0.7062541583499667
t27_651,269730,6503490,279720,6513480,2089,0.6949434464404525
t27_652,269730,6513480,279720,6523470,2142,0.7125748502994012
t27_653,269730,6523470,279720,6533460,2126,0.7072521623419827
t27_654,269730,6533460,279720,6543450,2142,0.7125748502994012
t27_655,269730,6543450,279720,6553440,2091,0.6956087824351297
t27_656,269730,6553440,279720,6563430,2142,0.7125748502994012
t27_657,269730,6563430,279720,6573420,2142,0.7125748502994012
t27_658,269730,6573420,279720,6583410,2142,0.7125748502994012
t27_659,269730,6583410,279720,6593400,2128,0.7079174983366601
t27_660,269730,6593400,279720,6603390,1947,0.6477045908183633
t27_661,269730,6603390,279720,6613380,1872,0.6227544910179641
t27_662,269730,6613380,279720,6623370,2123,0.7062541583499667
t27_663,269730,6623370,279720,6633360,2100,0.6986027944111777
t27_664,269730,6633360,279720,6643350,2099,0.698270126413839
t27_665,269730,6643350,279720,6653340,2093,0.696274118429807
t27_666,269730,6653340,279720,6663330,1942,0.64604125083167
t27_667,269730,6663330,279720,6673320,1782,0.592814371257485
t28_394,279720,3936060,289710,3946050,2,0.0006653359946773121
t28_396,279720,3956040,289710,3966030,1002,0.3333333333333333
t28_397,279720,3966030,289710,3976020,1140,0.37924151696606784
t28_398,279720,3976020,289710,3986010,1219,0.4055222887558217
t28_399,279720,3986010,289710,3996000,1917,0.6377245508982036
t28_400,279720,3996000,289710,4005990,1915,0.6370592149035262
t28_401,279720,4005990,289710,4015980,1517,0.5046573519627412
t28_402,279720,4015980,289710,4025970,1078,0.3586161011310712
t28_403,279720,4025970,289710,4035960,1637,0.5445775116433799
t28_404,279720,4035960,289710,4045950,1371,0.4560878243512974
t28_405,279720,4045950,289710,4055940,1188,0.39520958083832336
t28_406,279720,4055940,289710,4065930,2206,0.7338656021290751
t28_407,279720,4065930,289710,4075920,2395,0.7967398536260811
t28_408,279720,4075920,289710,4085910,2015,0.6703260146373918
t28_409,279720,4085910,289710,4095900,2105,0.7002661343978709
t28_410,279720,4095900,289710,4105890,922,0.30671989354624085
t28_411,279720,4105890,289710,4115880,1183,0.3935462408516301
t28_412,279720,4115880,289710,4125870,2136,0.7105788423153693
t28_413,279720,4125870,289710,4135860,2544,0.846307385229541
t28_414,279720,4135860,289710,4145850,2348,0.7811044577511643
t28_415,279720,4145850,289710,4155840,2318,0.7711244178310046
t28_416,279720,4155840,289710,4165830,655,0.2178975382568197
t28_417,279720,4165830,289710,4175820,477,0.15868263473053892
t28_418,279720,4175820,289710,4185810,2848,0.9474384564204924
t28_419,279720,4185810,289710,4195800,2511,0.8353293413173652
t28_420,279720,4195800,289710,4205790,1899,0.6317365269461078
t28_421,279720,4205790,289710,4215780,2569,0.8546240851630074
t28_422,279720,4215780,289710,4225770,2949,0.9810379241516967
t28_423,279720,4225770,289710,4235760,2950,0.9813705921490352
t28_424,279720,4235760,289710,4245750,2877,0.9570858283433133
t28_425,279720,4245750,289710,4255740,2726,0.9068529607451763
t28_426,279720,4255740,289710,4265730,1586,0.5276114437791084
t28_476,279720,4755240,289710,4765230,8,0.0026613439787092482
t28_477,279720,4765230,289710,4775220,658,0.21889554224883567
t28_478,279720,4775220,289710,4785210,233,0.07751164337990685
t28_481,279720,4805190,289710,4815180,264,0.08782435129740519
t28_482,279720,4815180,289710,4825170,2224,0.739853626081171
t28_483,279720,4825170,289710,4835160,1337,0.4447771124417831
t28_484,279720,4835160,289710,4845150,2110,0.7019294743845642
t28_485,279720,4845150,289710,4855140,504,0.16766467065868262
t28_486,279720,4855140,289710,4865130,848,0.2821024617431803
t28_487,279720,4865130,289710,4875120,1827,0.6077844311377245
t28_488,279720,4875120,289710,4885110,479,0.15934797072521623
t28_489,279720,4885110,289710,4895100,468,0.15568862275449102
t28_490,279720,4895100,289710,4905090,2046,0.6806387225548902
t28_491,279720,4905090,289710,4915080,2513,0.8359946773120426
t28_492,279720,4915080,289710,4925070,1883,0.6264138389886893
t28_493,279720,4925070,289710,4935060,1128,0.37524950099800397
t28_494,279720,4935060,289710,4945050,979,0.32568196939454425
t28_495,279720,4945050,289710,4955040,1479,0.49201596806387227
t28_496,279720,4955040,289710,4965030,2432,0.8090485695276114
t28_497,279720,4965030,289710,4975020,2001,0.6656686626746507
t28_498,279720,4975020,289710,4985010,2453,0.8160345974717232
t28_499,279720,4985010,289710,4995000,2498,0.8310046573519627
t28_500,279720,4995000,289710,5004990,2272,0.7558216899534265
t28_501,279720,5004990,289710,5014980,2355,0.783433133732535
t28_502,279720,5014980,289710,5024970,383,0.12741184298070526
t28_504,279720,5034960,289710,5044950,1361,0.4527611443779108
t28_505,279720,5044950,289710,5054940,2551,0.8486360612109115
t28_506,279720,5054940,289710,5064930,2441,0.8120425815036594
t28_507,279720,5064930,289710,5074920,2345,0.7801064537591483
t28_508,279720,5074920,289710,5084910,665,0.22122421823020624
t28_511,279720,5104890,289710,5114880,7,0.002328675981370592
t28_512,279720,5114880,289710,5124870,477,0.15868263473053892
t28_513,279720,5124870,289710,5134860,905,0.3010645375914837
t28_514,279720,5134860,289710,5144850,359,0.11942781104457752
t28_515,279720,5144850,289710,5154840,194,0.06453759148369927
t28_516,279720,5154840,289710,5164830,1798,0.5981370592149036
t28_517,279720,5164830,289710,5174820,623,0.2072521623419827
t28_561,279720,5604390,289710,5614380,200,0.0665335994677312
t28_562,279720,5614380,289710,5624370,1209,0.40219560878243515
t28_563,279720,5624370,289710,5634360,1909,0.6350632069194944
t28_564,279720,5634360,289710,5644350,2131,0.708915502328676
t28_565,279720,5644350,289710,5654340,2263,0.7528276779773786
t28_566,279720,5654340,289710,5664330,2276,0.7571523619427811
t28_567,279720,5664330,289710,5674320,2259,0.7514970059880239
t28_568,279720,5674320,289710,5684310,1435,0.4773785761809714
t28_569,279720,5684310,289710,5694300,1885,0.6270791749833666
t28_570,279720,5694300,289710,5704290,2232,0.7425149700598802
t28_571,279720,5704290,289710,5714280,2151,0.7155688622754491
t28_572,279720,5714280,289710,5724270,2153,0.7162341982701265
t28_573,279720,5724270,289710,5734260,2316,0.7704590818363274
t28_574,279720,5734260,289710,5744250,2192,0.729208250166334
t28_575,279720,5744250,289710,5754240,1565,0.5206254158349967
t28_576,279720,5754240,289710,5764230,1828,0.6081170991350632
t28_577,279720,5764230,289710,5774220,2257,0.7508316699933466
t28_578,279720,5774220,289710,5784210,2264,0.7531603459747173
t28_579,279720,5784210,289710,5794200,2191,0.7288755821689954
t28_580,279720,5794200,289710,5804190,1091,0.3629407850964737
t28_581,279720,5804190,289710,5814180,2234,0.7431803060545575
t28_582,279720,5814180,289710,5824170,2294,0.7631403858948769
t28_583,279720,5824170,289710,5834160,2235,0.7435129740518962
t28_584,279720,5834160,289710,5844150,2135,0.7102461743180306
t28_585,279720,5844150,289710,5854140,942,0.313373253493014
t28_586,279720,5854140,289710,5864130,1697,0.5645375914836993
t28_587,279720,5864130,289710,5874120,2033,0.6763140385894877
t28_588,279720,5874120,289710,5884110,2176,0.7238855622089155
t28_589,279720,5884110,289710,5894100,2123,0.7062541583499667
t28_590,279720,5894100,289710,5904090,2104,0.6999334664005322
t28_591,279720,5904090,289710,5914080,1936,0.6440452428476381
t28_592,279720,5914080,289710,5924070,529,0.17598137059214902
t28_593,279720,5924070,289710,5934060,1880,0.6254158349966733
t28_594,279720,5934060,289710,5944050,2207,0.7341982701264138
t28_595,279720,5944050,289710,5954040,2061,0.6856287425149701
t28_596,279720,5954040,289710,5964030,2136,0.7105788423153693
t28_597,279720,5964030,289710,5974020,2144,0.7132401862940785
t28_598,279720,5974020,289710,5984010,2178,0.7245508982035929
t28_599,279720,5984010,289710,5994000,2229,0.7415169660678643
t28_600,279720,5994000,289710,6003990,2046,0.6806387225548902
t28_601,279720,6003990,289710,6013980,2110,0.7019294743845642
t28_602,279720,6013980,289710,6023970,2124,0.7065868263473054
t28_603,279720,6023970,289710,6033960,2144,0.7132401862940785
t28_604,279720,6033960,289710,6043950,1740,0.5788423153692615
t28_605,279720,6043950,289710,6053940,1087,0.3616101131071191
t28_606,279720,6053940,289710,6063930,922,0.30671989354624085
t28_607,279720,6063930,289710,6073920,428,0.14238190286094476
t28_608,279720,6073920,289710,6083910,949,0.3157019294743846
t28_609,279720,6083910,289710,6093900,829,0.27578176979374586
t28_610,279720,6093900,289710,6103890,1165,0.3875582168995343
t28_611,279720,6103890,289710,6113880,1565,0.5206254158349967
t28_612,279720,6113880,289710,6123870,1293,0.4301397205588822
t28_613,279720,6123870,289710,6133860,1131,0.37624750499001997
t28_614,279720,6133860,289710,6143850,1935,0.6437125748502994
t28_615,279720,6143850,289710,6153840,1680,0.5588822355289421
t28_616,279720,6153840,289710,6163830,946,0.3147039254823686
t28_617,279720,6163830,289710,6173820,964,0.3206919494344644
t28_618,279720,6173820,289710,6183810,803,0.2671324018629408
t28_619,279720,6183810,289710,6193800,1169,0.3888888888888889
t28_620,279720,6193800,289710,6203790,1214,0.4038589487691284
t28_621,279720,6203790,289710,6213780,1745,0.5805056553559548
t28_622,279720,6213780,289710,6223770,1556,0.5176314038589488
t28_623,279720,6223770,289710,6233760,2007,0.6676646706586826
t28_624,279720,6233760,289710,6243750,1918,0.6380572188955422
t28_625,279720,6243750,289710,6253740,2100,0.6986027944111777
t28_626,279720,6253740,289710,6263730,1158,0.3852295409181637
t28_627,279720,6263730,289710,6273720,877,0.2917498336660013
t28_628,279720,6273720,289710,6283710,1720,0.5721889554224884
t28_629,279720,6283710,289710,6293700,2095,0.6969394544244844
t28_630,279720,6293700,289710,6303690,2066,0.6872920825016633
t28_631,279720,6303690,289710,6313680,1919,0.6383898868928809
t28_632,279720,6313680,289710,6323670,1999,0.6650033266799734
t28_633,279720,6323670,289710,6333660,2120,0.7052561543579507
t28_634,279720,6333660,289710,6343650,2007,0.6676646706586826
t28_635,279720,6343650,289710,6353640,1582,0.5262807717897539
t28_636,279720,6353640,289710,6363630,1414,0.4703925482368596
t28_637,279720,6363630,289710,6373620,2076,0.6906187624750499
t28_638,279720,6373620,289710,6383610,2122,0.7059214903526281
t28_639,279720,6383610,289710,6393600,2119,0.7049234863606121
t28_640,279720,6393600,289710,6403590,2114,0.7032601463739189
t28_641,279720,6403590,289710,6413580,1954,0.6500332667997338
t28_642,279720,6413580,289710,6423570,2130,0.7085828343313373
t28_643,279720,6423570,289710,6433560,2139,0.7115768463073853
t28_644,279720,6433560,289710,6443550,2142,0.7125748502994012
t28_645,279720,6443550,289710,6453540,2137,0.7109115103127079
t28_646,279720,6453540,289710,6463530,2142,0.7125748502994012
t28_647,279720,6463530,289710,6473520,2086,0.6939454424484365
t28_648,279720,6473520,289710,6483510,2093,0.696274118429807
t28_649,279720,6483510,289710,6493500,1984,0.6600133067198936
t28_650,279720,6493500,289710,6503490,2067,0.687624750499002
t28_651,279720,6503490,289710,6513480,2100,0.6986027944111777
t28_652,279720,6513480,289710,6523470,2100,0.6986027944111777
t28_653,279720,6523470,289710,6533460,2082,0.6926147704590818
t28_654,279720,6533460,289710,6543450,2100,0.6986027944111777
t28_655,279720,6543450,289710,6553440,2100,0.6986027944111777
t28_656,279720,6553440,289710,6563430,2100,0.6986027944111777
t28_657,279720,6563430,289710,6573420,2100,0.6986027944111777
t28_658,279720,6573420,289710,6583410,2100,0.6986027944111777
t28_659,279720,6583410,289710,6593400,1974,0.656686626746507
t28_660,279720,6593400,289710,6603390,1909,0.6350632069194944
t28_661,279720,6603390,289710,6613380,1604,0.5335994677312043
t28_662,279720,6613380,289710,6623370,2000,0.6653359946773121
t28_663,279720,6623370,289710,6633360,2094,0.6966067864271457
t28_664,279720,6633360,289710,6643350,2086,0.6939454424484365
t28_665,279720,6643350,289710,6653340,2030,0.6753160345974717
t28_666,279720,6653340,289710,6663330,2073,0.689620758483034
t28_667,279720,6663330,289710,6673320,1714,0.5701929474384564
t29_394,289710,3936060,299700,3946050,2,0.0006653359946773121
t29_396,289710,3956040,299700,3966030,588,0.19560878243512975
t29_397,289710,3966030,299700,3976020,756,0.25149700598802394
t29_398,289710,3976020,299700,3986010,867,0.2884231536926148
t29_399,289710,3986010,299700,3996000,620,0.20625415834996674
t29_400,289710,3996000,299700,4005990,1714,0.5701929474384564
t29_401,289710,4005990,299700,4015980,2713,0.9025282767797738
t29_402,289710,4015980,299700,4025970,1768,0.5881570192947438
t29_403,289710,4025970,299700,4035960,1296,0.4311377245508982
t29_404,289710,4035960,299700,4045950,460,0.15302727877578176
t29_405,289710,4045950,299700,4055940,2125,0.7069194943446441
t29_406,289710,4055940,299700,4065930,2705,0.8998669328010646
t29_407,289710,4065930,299700,4075920,2703,0.8992015968063872
t29_408,289710,4075920,299700,4085910,1613,0.5365934797072521
t29_409,289710,4085910,299700,4095900,1461,0.48602794411177647
t29_410,289710,4095900,299700,4105890,78,0.02594810379241517
t29_411,289710,4105890,299700,4115880,2299,0.7648037258815702
t29_412,289710,4115880,299700,4125870,2925,0.9730538922155688
t29_413,289710,4125870,299700,4135860,2482,0.8256819693945442
t29_414,289710,4135860,299700,4145850,2424,0.8063872255489022
t29_415,289710,4145850,299700,4155840,2827,0.9404524284763806
t29_416,289710,4155840,299700,4165830,1295,0.43080505655355955
t29_417,289710,4165830,299700,4175820,710,0.23619427811044577
t29_418,289710,4175820,299700,4185810,2949,0.9810379241516967
t29_419,289710,4185810,299700,4195800,2877,0.9570858283433133
t29_420,289710,4195800,299700,4205790,2687,0.8938789088489687
t29_421,289710,4205790,299700,4215780,2881,0.958416500332668
t29_422,289710,4215780,299700,4225770,2881,0.958416500332668
t29_423,289710,4225770,299700,4235760,2872,0.9554224883566201
t29_424,289710,4235760,299700,4245750,1531,0.5093147039254824
t29_425,289710,4245750,299700,4255740,1583,0.5266134397870925
t29_426,289710,4255740,299700,4265730,52,0.017298735861610112
t29_482,289710,4815180,299700,4825170,394,0.13107119095143047
t29_483,289710,4825170,299700,4835160,1807,0.6011310711909514
t29_484,289710,4835160,299700,4845150,1128,0.37524950099800397
t29_485,289710,4845150,299700,4855140,2,0.0006653359946773121
t29_487,289710,4865130,299700,4875120,75,0.0249500998003992
t29_489,289710,4885110,299700,4895100,95,0.031603459747172324
t29_490,289710,4895100,299700,4905090,1166,0.3878908848968729
t29_491,289710,4905090,299700,4915080,1608,0.5349301397205589
t29_492,289710,4915080,299700,4925070,196,0.06520292747837658
t29_495,289710,4945050,299700,4955040,17,0.005655355954757153
t29_496,289710,4955040,299700,4965030,2258,0.7511643379906853
t29_497,289710,4965030,299700,4975020,2314,0.7697937458416501
t29_498,289710,4975020,299700,4985010,2560,0.8516300731869594
t29_499,289710,4985010,299700,4995000,2534,0.8429807052561543
t29_500,289710,4995000,299700,5004990,2416,0.803725881570193
t29_501,289710,5004990,299700,5014980,1944,0.6467065868263473
t29_502,289710,5014980,299700,5024970,40,0.01330671989354624
t29_504,289710,5034960,299700,5044950,951,0.31636726546906185
t29_505,289710,5044950,299700,5054940,2385,0.7934131736526946
t29_506,289710,5054940,299700,5064930,2378,0.791084497671324
t29_507,289710,5064930,299700,5074920,2398,0.7977378576180971
t29_508,289710,5074920,299700,5084910,1140,0.37924151696606784
t29_516,289710,5154840,299700,5164830,194,0.06453759148369927
t29_517,289710,5164830,299700,5174820,24,0.007984031936127744
t29_564,289710,5634360,299700,5644350,375,0.124750499001996
t29_565,289710,5644350,299700,5654340,1008,0.33532934131736525
t29_566,289710,5654340,299700,5664330,789,0.2624750499001996
t29_567,289710,5664330,299700,5674320,390,0.12974051896207583
t29_568,289710,5674320,299700,5684310,218,0.07252162341982701
t29_569,289710,5684310,299700,5694300,532,0.17697937458416502
t29_570,289710,5694300,299700,5704290,2235,0.7435129740518962
t29_571,289710,5704290,299700,5714280,2159,0.7182302062541583
t29_572,289710,5714280,299700,5724270,2041,0.6789753825681969
t29_573,289710,5724270,299700,5734260,2095,0.6969394544244844
t29_574,289710,5734260,299700,5744250,2057,0.6842980705256154
t29_575,289710,5744250,299700,5754240,2159,0.7182302062541583
t29_576,289710,5754240,299700,5764230,1979,0.6583499667332002
t29_577,289710,5764230,299700,5774220,2264,0.7531603459747173
t29_578,289710,5774220,299700,5784210,2277,0.7574850299401198
t29_579,289710,5784210,299700,5794200,2254,0.7498336660013307
t29_580,289710,5794200,299700,5804190,2152,0.7159015302727878
t29_581,289710,5804190,299700,5814180,2156,0.7172322022621423
t29_582,289710,5814180,299700,5824170,2248,0.7478376580172987
t29_583,289710,5824170,299700,5834160,2132,0.7092481703260146
t29_584,289710,5834160,299700,5844150,1356,0.45109780439121755
t29_585,289710,5844150,299700,5854140,1046,0.3479707252162342
t29_586,289710,5854140,299700,5864130,146,0.04856952761144378
t29_587,289710,5864130,299700,5874120,1284,0.42714570858283435
t29_588,289710,5874120,299700,5884110,1563,0.5199600798403193
t29_589,289710,5884110,299700,5894100,1919,0.6383898868928809
t29_590,289710,5894100,299700,5904090,1757,0.5844976713240186
t29_591,289710,5904090,299700,5914080,877,0.2917498336660013
t29_592,289710,5914080,299700,5924070,1343,0.446773120425815
t29_593,289710,5924070,299700,5934060,2210,0.7351962741184298
t29_594,289710,5934060,299700,5944050,2148,0.7145708582834331
t29_595,289710,5944050,299700,5954040,2111,0.7022621423819029
t29_596,289710,5954040,299700,5964030,1888,0.6280771789753826
t29_597,289710,5964030,299700,5974020,1917,0.6377245508982036
t29_598,289710,5974020,299700,5984010,2182,0.7258815701929474
t29_599,289710,5984010,299700,5994000,2051,0.6823020625415835
t29_600,289710,5994000,299700,6003990,2181,0.7255489021956087
t29_601,289710,6003990,299700,6013980,2151,0.7155688622754491
t29_602,289710,6013980,299700,6023970,2171,0.7222222222222222
t29_603,289710,6023970,299700,6033960,2193,0.7295409181636726
t29_604,289710,6033960,299700,6043950,2221,0.738855622089155
t29_605,289710,6043950,299700,6053940,1255,0.4174983366600133
t29_606,289710,6053940,299700,6063930,1412,0.4697272122421823
t29_607,289710,6063930,299700,6073920,1392,0.4630738522954092
t29_608,289710,6073920,299700,6083910,1830,0.6087824351297405
t29_609,289710,6083910,299700,6093900,1352,0.44976713240186295
t29_610,289710,6093900,299700,6103890,571,0.18995342648037258
t29_611,289710,6103890,299700,6113880,548,0.1823020625415835
t29_612,289710,6113880,299700,6123870,340,0.11310711909514305
t29_613,289710,6123870,299700,6133860,399,0.13273453093812376
t29_614,289710,6133860,299700,6143850,808,0.26879574184963406
t29_615,289710,6143850,299700,6153840,1289,0.4288090485695276
t29_616,289710,6153840,299700,6163830,332,0.1104457751164338
t29_617,289710,6163830,299700,6173820,1872,0.6227544910179641
t29_618,289710,6173820,299700,6183810,2019,0.6716566866267465
t29_619,289710,6183810,299700,6193800,1737,0.5778443113772455
t29_620,289710,6193800,299700,6203790,1452,0.48303393213572854
t29_621,289710,6203790,299700,6213780,2087,0.6942781104457751
t29_622,289710,6213780,299700,6223770,2104,0.6999334664005322
t29_623,289710,6223770,299700,6233760,1868,0.6214238190286094
t29_624,289710,6233760,299700,6243750,2113,0.7029274783765802
t29_625,289710,6243750,299700,6253740,1953,0.6497005988023952
t29_626,289710,6253740,299700,6263730,1375,0.457418496340652
t29_627,289710,6263730,299700,6273720,658,0.21889554224883567
t29_628,289710,6273720,299700,6283710,681,0.22654690618762474
t29_629,289710,6283710,299700,6293700,887,0.2950765136393879
t29_630,289710,6293700,299700,6303690,2038,0.677977378576181
t29_631,289710,6303690,299700,6313680,2161,0.7188955422488357
t29_632,289710,6313680,299700,6323670,2163,0.719560878243513
t29_633,289710,6323670,299700,6333660,2172,0.7225548902195609
t29_634,289710,6333660,299700,6343650,2019,0.6716566866267465
t29_635,289710,6343650,299700,6353640,1748,0.5815036593479708
t29_636,289710,6353640,299700,6363630,1380,0.4590818363273453
t29_637,289710,6363630,299700,6373620,1321,0.4394544244843646
t29_638,289710,6373620,299700,6383610,1650,0.5489021956087824
t29_639,289710,6383610,299700,6393600,2013,0.6696606786427146
t29_640,289710,6393600,299700,6403590,2142,0.7125748502994012
t29_641,289710,6403590,299700,6413580,2049,0.6816367265469062
t29_642,289710,6413580,299700,6423570,2176,0.7238855622089155
t29_643,289710,6423570,299700,6433560,2182,0.7258815701929474
t29_644,289710,6433560,299700,6443550,2142,0.7125748502994012
t29_645,289710,6443550,299700,6453540,2141,0.7122421823020625
t29_646,289710,6453540,299700,6463530,2142,0.7125748502994012
t29_647,289710,6463530,299700,6473520,2138,0.7112441783100466
t29_648,289710,6473520,299700,6483510,2091,0.6956087824351297
t29_649,289710,6483510,299700,6493500,2021,0.6723220226214238
t29_650,289710,6493500,299700,6503490,2023,0.6729873586161012
t29_651,289710,6503490,299700,6513480,2142,0.7125748502994012
t29_652,289710,6513480,299700,6523470,2091,0.6956087824351297
t29_653,289710,6523470,299700,6533460,2142,0.7125748502994012
t29_654,289710,6533460,299700,6543450,2123,0.7062541583499667
t29_655,289710,6543450,299700,6553440,2141,0.7122421823020625
t29_656,289710,6553440,299700,6563430,2137,0.7109115103127079
t29_657,289710,6563430,299700,6573420,2141,0.7122421823020625
t29_658,289710,6573420,299700,6583410,2142,0.7125748502994012
t29_659,289710,6583410,299700,6593400,2142,0.7125748502994012
t29_660,289710,6593400,299700,6603390,2100,0.6986027944111777
t29_661,289710,6603390,299700,6613380,1908,0.6347305389221557
t29_662,289710,6613380,299700,6623370,1930,0.6420492348636061
t29_663,289710,6623370,299700,6633360,2002,0.6660013306719893
t29_664,289710,6633360,299700,6643350,2099,0.698270126413839
t29_665,289710,6643350,299700,6653340,1987,0.6610113107119095
t29_666,289710,6653340,299700,6663330,2055,0.6836327345309381
t29_667,289710,6663330,299700,6673320,2100,0.6986027944111777
t30_393,299700,3926070,309690,3936060,290,0.09647371922821024
t30_394,299700,3936060,309690,3946050,963,0.3203592814371258
t30_395,299700,3946050,309690,3956040,888,0.2954091816367265
t30_396,299700,3956040,309690,3966030,684,0.2275449101796407
t30_397,299700,3966030,309690,3976020,427,0.14204923486360613
t30_398,299700,3976020,309690,3986010,1284,0.42714570858283435
t30_399,299700,3986010,309690,3996000,2188,0.7278775781769794
t30_400,299700,3996000,309690,4005990,2308,0.7677977378576181
t30_401,299700,4005990,309690,4015980,2440,0.8117099135063207
t30_402,299700,4015980,309690,4025970,1946,0.6473719228210246
t30_403,299700,4025970,309690,4035960,503,0.167332002661344
t30_404,299700,4035960,309690,4045950,314,0.10445775116433799
t30_405,299700,4045950,309690,4055940,1993,0.6630073186959414
t30_406,299700,4055940,309690,4065930,1860,0.6187624750499002
t30_407,299700,4065930,309690,4075920,2310,0.7684630738522954
t30_408,299700,4075920,309690,4085910,2449,0.8147039254823686
t30_409,299700,4085910,309690,4095900,2716,0.9035262807717898
t30_410,299700,4095900,309690,4105890,649,0.21590153027278775
t30_411,299700,4105890,309690,4115880,348,0.1157684630738523
t30_412,299700,4115880,309690,4125870,1462,0.4863606121091151
t30_413,299700,4125870,309690,4135860,2952,0.9820359281437125
t30_414,299700,4135860,309690,4145850,2989,0.9943446440452428
t30_415,299700,4145850,309690,4155840,2987,0.9936793080505656
t30_416,299700,4155840,309690,4165830,729,0.24251497005988024
t30_417,299700,4165830,309690,4175820,572,0.19028609447771125
t30_418,299700,4175820,309690,4185810,2952,0.9820359281437125
t30_419,299700,4185810,309690,4195800,2935,0.9763805721889555
t30_420,299700,4195800,309690,4205790,2909,0.9677312042581504
t30_421,299700,4205790,309690,4215780,2907,0.9670658682634731
t30_422,299700,4215780,309690,4225770,2911,0.9683965402528277
t30_423,299700,4225770,309690,4235760,2726,0.9068529607451763
t30_496,299700,4955040,309690,4965030,1163,0.38689288090485696
t30_497,299700,4965030,309690,4975020,1420,0.47238855622089154
t30_498,299700,4975020,309690,4985010,2510,0.8349966733200266
t30_499,299700,4985010,309690,4995000,2507,0.8339986693280107
t30_500,299700,4995000,309690,5004990,1432,0.4763805721889554
t30_501,299700,5004990,309690,5014980,270,0.08982035928143713
t30_504,299700,5034960,309690,5044950,147,0.04890219560878244
t30_505,299700,5044950,309690,5054940,1981,0.6590153027278776
t30_506,299700,5054940,309690,5064930,2526,0.8403193612774451
t30_507,299700,5064930,309690,5074920,2302,0.7658017298735862
t30_508,299700,5074920,309690,5084910,1627,0.5412508316699933
t30_570,299700,5694300,309690,5704290,974,0.324018629407851
t30_571,299700,5704290,309690,5714280,2076,0.6906187624750499
t30_572,299700,5714280,309690,5724270,2052,0.6826347305389222
t30_573,299700,5724270,309690,5734260,2311,0.7687957418496341
t30_574,299700,5734260,309690,5744250,2227,0.740851630073187
t30_575,299700,5744250,309690,5754240,2232,0.7425149700598802
t30_576,299700,5754240,309690,5764230,2203,0.7328675981370593
t30_577,299700,5764230,309690,5774220,2231,0.7421823020625415
t30_578,299700,5774220,309690,5784210,1791,0.5958083832335329
t30_579,299700,5784210,309690,5794200,2183,0.7262142381902861
t30_580,299700,5794200,309690,5804190,1818,0.6047904191616766
t30_581,299700,5804190,309690,5814180,1164,0.3872255489021956
t30_582,299700,5814180,309690,5824170,1728,0.5748502994011976
t30_583,299700,5824170,309690,5834160,918,0.30538922155688625
t30_584,299700,5834160,309690,5844150,1312,0.4364604125083167
t30_585,299700,5844150,309690,5854140,607,0.2019294743845642
t30_586,299700,5854140,309690,5864130,631,0.20991350632069194
t30_587,299700,5864130,309690,5874120,755,0.25116433799068527
t30_588,299700,5874120,309690,5884110,1574,0.5236194278110445
t30_589,299700,5884110,309690,5894100,1687,0.5612109115103127
t30_590,299700,5894100,309690,5904090,877,0.2917498336660013
t30_591,299700,5904090,309690,5914080,1183,0.3935462408516301
t30_592,299700,5914080,309690,5924070,1606,0.5342648037258816
t30_593,299700,5924070,309690,5934060,1966,0.6540252827677977
t30_594,299700,5934060,309690,5944050,1026,0.3413173652694611
t30_595,299700,5944050,309690,5954040,1554,0.5169660678642715
t30_596,299700,5954040,309690,5964030,1854,0.6167664670658682
t30_597,299700,5964030,309690,5974020,1955,0.6503659347970725
t30_598,299700,5974020,309690,5984010,1332,0.4431137724550898
t30_599,299700,5984010,309690,5994000,1241,0.4128409846972721
t30_600,299700,5994000,309690,6003990,1846,0.614105123087159
t30_601,299700,6003990,309690,6013980,1138,0.37857618097139056
t30_602,299700,6013980,309690,6023970,797,0.26513639387890886
t30_603,299700,6023970,309690,6033960,1879,0.6250831669993346
t30_604,299700,6033960,309690,6043950,1861,0.6190951430472389
t30_605,299700,6043950,309690,6053940,2078,0.6912840984697272
t30_606,299700,6053940,309690,6063930,2041,0.6789753825681969
t30_607,299700,6063930,309690,6073920,1877,0.6244178310046573
t30_608,299700,6073920,309690,6083910,2045,0.6803060545575516
t30_609,299700,6083910,309690,6093900,2021,0.6723220226214238
t30_610,299700,6093900,309690,6103890,1698,0.564870259481038
t30_611,299700,6103890,309690,6113880,1267,0.42149035262807716
t30_612,299700,6113880,309690,6123870,990,0.32934131736526945
t30_613,299700,6123870,309690,6133860,802,0.26679973386560213
t30_614,299700,6133860,309690,6143850,698,0.2322022621423819
t30_615,299700,6143850,309690,6153840,1150,0.38256819693945443
t30_616,299700,6153840,309690,6163830,1556,0.5176314038589488
t30_617,299700,6163830,309690,6173820,1404,0.46706586826347307
t30_618,299700,6173820,309690,6183810,1484,0.49367930805056554
t30_619,299700,6183810,309690,6193800,727,0.24184963406520293
t30_620,299700,6193800,309690,6203790,1065,0.35429141716566864
t30_621,299700,6203790,309690,6213780,2069,0.6882900864936793
t30_622,299700,6213780,309690,6223770,1942,0.64604125083167
t30_623,299700,6223770,309690,6233760,1950,0.6487025948103793
t30_624,299700,6233760,309690,6243750,2149,0.7149035262807718
t30_625,299700,6243750,309690,6253740,2176,0.7238855622089155
t30_626,299700,6253740,309690,6263730,1818,0.6047904191616766
t30_627,299700,6263730,309690,6273720,1231,0.40951430472388556
t30_628,299700,6273720,309690,6283710,1463,0.48669328010645374
t30_629,299700,6283710,309690,6293700,1262,0.4198270126413839
t30_630,299700,6293700,309690,6303690,1486,0.49434464404524286
t30_631,299700,6303690,309690,6313680,2097,0.6976047904191617
t30_632,299700,6313680,309690,6323670,2129,0.7082501663339986
t30_633,299700,6323670,309690,6333660,2122,0.7059214903526281
t30_634,299700,6333660,309690,6343650,2098,0.6979374584165003
t30_635,299700,6343650,309690,6353640,2118,0.7045908183632734
t30_636,299700,6353640,309690,6363630,1860,0.6187624750499002
t30_637,299700,6363630,309690,6373620,1671,0.5558882235528942
t30_638,299700,6373620,309690,6383610,2129,0.7082501663339986
t30_639,299700,6383610,309690,6393600,2010,0.6686626746506986
t30_640,299700,6393600,309690,6403590,2108,0.7012641383898869
t30_641,299700,6403590,309690,6413580,2025,0.6736526946107785
t30_642,299700,6413580,309690,6423570,2104,0.6999334664005322
t30_643,299700,6423570,309690,6433560,2138,0.7112441783100466
t30_644,299700,6433560,309690,6443550,2091,0.6956087824351297
t30_645,299700,6443550,309690,6453540,2120,0.7052561543579507
t30_646,299700,6453540,309690,6463530,2132,0.7092481703260146
t30_647,299700,6463530,309690,6473520,2142,0.7125748502994012
t30_648,299700,6473520,309690,6483510,1962,0.6526946107784432
t30_649,299700,6483510,309690,6493500,2050,0.6819693945442449
t30_650,299700,6493500,309690,6503490,2094,0.6966067864271457
t30_651,299700,6503490,309690,6513480,2109,0.7015968063872255
t30_652,299700,6513480,309690,6523470,2140,0.7119095143047239
t30_653,299700,6523470,309690,6533460,2138,0.7112441783100466
t30_654,299700,6533460,309690,6543450,2134,0.709913506320692
t30_655,299700,6543450,309690,6553440,2053,0.6829673985362608
t30_656,299700,6553440,309690,6563430,2071,0.6889554224883566
t30_657,299700,6563430,309690,6573420,2046,0.6806387225548902
t30_658,299700,6573420,309690,6583410,1916,0.6373918829008649
t30_659,299700,6583410,309690,6593400,2081,0.6922821024617432
t30_660,299700,6593400,309690,6603390,1864,0.6200931470392548
t30_661,299700,6603390,309690,6613380,2122,0.7059214903526281
t30_662,299700,6613380,309690,6623370,2100,0.6986027944111777
t30_663,299700,6623370,309690,6633360,2067,0.687624750499002
t30_664,299700,6633360,309690,6643350,2068,0.6879574184963406
t30_665,299700,6643350,309690,6653340,2069,0.6882900864936793
t30_666,299700,6653340,309690,6663330,2094,0.6966067864271457
t30_667,299700,6663330,309690,6673320,2150,0.7152361942781105
t31_393,309690,3926070,319680,3936060,655,0.2178975382568197
t31_394,309690,3936060,319680,3946050,1076,0.3579507651363939
t31_395,309690,3946050,319680,3956040,843,0.28043912175648705
t31_396,309690,3956040,319680,3966030,1160,0.38589487691284097
t31_397,309690,3966030,319680,3976020,583,0.19394544244843645
t31_398,309690,3976020,319680,3986010,2101,0.6989354624085163
t31_399,309690,3986010,319680,3996000,2281,0.7588157019294743
t31_400,309690,3996000,319680,4005990,1884,0.626746506986028
t31_401,309690,4005990,319680,4015980,2382,0.7924151696606786
t31_402,309690,4015980,319680,4025970,2031,0.6756487025948104
t31_403,309690,4025970,319680,4035960,153,0.05089820359281437
t31_404,309690,4035960,319680,4045950,1803,0.5998003992015968
t31_405,309690,4045950,319680,4055940,2445,0.8133732534930139
t31_406,309690,4055940,319680,4065930,2476,0.8236859614105123
t31_407,309690,4065930,319680,4075920,1834,0.6101131071190952
t31_408,309690,4075920,319680,4085910,2145,0.7135728542914171
t31_409,309690,4085910,319680,4095900,1805,0.6004657351962741
t31_410,309690,4095900,319680,4105890,346,0.11510312707917499
t31_411,309690,4105890,319680,4115880,129,0.04291417165668663
t31_413,309690,4125870,319680,4135860,2098,0.6979374584165003
t31_414,309690,4135860,319680,4145850,2992,0.9953426480372588
t31_415,309690,4145850,319680,4155840,2952,0.9820359281437125
t31_416,309690,4155840,319680,4165830,523,0.1739853626081171
t31_417,309690,4165830,319680,4175820,910,0.302727877578177
t31_418,309690,4175820,319680,4185810,2952,0.9820359281437125
t31_419,309690,4185810,319680,4195800,2911,0.9683965402528277
t31_420,309690,4195800,319680,4205790,2951,0.9817032601463739
t31_421,309690,4205790,319680,4215780,2889,0.9610778443113772
t31_422,309690,4215780,319680,4225770,2952,0.9820359281437125
t31_423,309690,4225770,319680,4235760,2753,0.91583499667332
t31_497,309690,4965030,319680,4975020,28,0.009314703925482368
t31_498,309690,4975020,319680,4985010,1686,0.5608782435129741
t31_499,309690,4985010,319680,4995000,1146,0.3812375249500998
t31_500,309690,4995000,319680,5004990,11,0.003659347970725216
t31_504,309690,5034960,319680,5044950,1135,0.37757817697937457
t31_505,309690,5044950,319680,5054940,2104,0.6999334664005322
t31_506,309690,5054940,319680,5064930,2511,0.8353293413173652
t31_507,309690,5064930,319680,5074920,2464,0.8196939454424484
t31_508,309690,5074920,319680,5084910,1154,0.38389886892880903
t31_570,309690,5694300,319680,5704290,38,0.012641383898868928
t31_571,309690,5704290,319680,5714280,1639,0.5452428476380572
t31_572,309690,5714280,319680,5724270,2256,0.7504990019960079
t31_573,309690,5724270,319680,5734260,2219,0.7381902860944777
t31_574,309690,5734260,319680,5744250,2117,0.7042581503659348
t31_575,309690,5744250,319680,5754240,1795,0.5971390552228876
t31_576,309690,5754240,319680,5764230,2041,0.6789753825681969
t31_577,309690,5764230,319680,5774220,2100,0.6986027944111777
t31_578,309690,5774220,319680,5784210,1553,0.5166333998669328
t31_579,309690,5784210,319680,5794200,1887,0.627744510978044
t31_580,309690,5794200,319680,5804190,706,0.23486360612109114
t31_581,309690,5804190,319680,5814180,172,0.057218895542248835
t31_582,309690,5814180,319680,5824170,12,0.003992015968063872
t31_584,309690,5834160,319680,5844150,259,0.08616101131071191
t31_585,309690,5844150,319680,5854140,286,0.09514304723885562
t31_586,309690,5854140,319680,5864130,17,0.005655355954757153
t31_588,309690,5874120,319680,5884110,223,0.0741849634065203
t31_589,309690,5884110,319680,5894100,216,0.0718562874251497
t31_590,309690,5894100,319680,5904090,15,0.00499001996007984
t31_591,309690,5904090,319680,5914080,354,0.11776447105788423
t31_592,309690,5914080,319680,5924070,38,0.012641383898868928
t31_593,309690,5924070,319680,5934060,68,0.02262142381902861
t31_594,309690,5934060,319680,5944050,864,0.2874251497005988
t31_595,309690,5944050,319680,5954040,1136,0.37791084497671323
t31_596,309690,5954040,319680,5964030,1052,0.3499667332002661
t31_597,309690,5964030,319680,5974020,965,0.32102461743180305
t31_598,309690,5974020,319680,5984010,815,0.27112441783100466
t31_599,309690,5984010,319680,5994000,936,0.31137724550898205
t31_600,309690,5994000,319680,6003990,951,0.31636726546906185
t31_601,309690,6003990,319680,6013980,617,0.20525615435795078
t31_602,309690,6013980,319680,6023970,1040,0.34597471723220224
t31_603,309690,6023970,319680,6033960,1749,0.5818363273453094
t31_604,309690,6033960,319680,6043950,1860,0.6187624750499002
t31_605,309690,6043950,319680,6053940,2147,0.7142381902860945
t31_606,309690,6053940,319680,6063930,1940,0.6453759148369926
t31_607,309690,6063930,319680,6073920,1933,0.6430472388556221
t31_608,309690,6073920,319680,6083910,2161,0.7188955422488357
t31_609,309690,6083910,319680,6093900,2120,0.7052561543579507
t31_610,309690,6093900,319680,6103890,2049,0.6816367265469062
t31_611,309690,6103890,319680,6113880,2071,0.6889554224883566
t31_612,309690,6113880,319680,6123870,1985,0.6603459747172322
t31_613,309690,6123870,319680,6133860,714,0.2375249500998004
t31_614,309690,6133860,319680,6143850,1008,0.33532934131736525
t31_615,309690,6143850,319680,6153840,768,0.2554890219560878
t31_616,309690,6153840,319680,6163830,947,0.31503659347970725
t31_617,309690,6163830,319680,6173820,923,0.3070525615435795
t31_618,309690,6173820,319680,6183810,1616,0.5375914836992681
t31_619,309690,6183810,319680,6193800,1155,0.3842315369261477
t31_620,309690,6193800,319680,6203790,1053,0.3502994011976048
t31_621,309690,6203790,319680,6213780,932,0.3100465735196274
t31_622,309690,6213780,319680,6223770,2218,0.737857618097139
t31_623,309690,6223770,319680,6233760,2048,0.6813040585495675
t31_624,309690,6233760,319680,6243750,2172,0.7225548902195609
t31_625,309690,6243750,319680,6253740,2153,0.7162341982701265
t31_626,309690,6253740,319680,6263730,2139,0.7115768463073853
t31_627,309690,6263730,319680,6273720,535,0.17797737857618098
t31_628,309690,6273720,319680,6283710,1646,0.5475715236194278
t31_629,309690,6283710,319680,6293700,1728,0.5748502994011976
t31_630,309690,6293700,319680,6303690,1759,0.585163007318696
t31_631,309690,6303690,319680,6313680,2182,0.7258815701929474
t31_632,309690,6313680,319680,6323670,2180,0.7252162341982701
t31_633,309690,6323670,319680,6333660,2147,0.7142381902860945
t31_634,309690,6333660,319680,6343650,2117,0.7042581503659348
t31_635,309690,6343650,319680,6353640,2173,0.7228875582168995
t31_636,309690,6353640,319680,6363630,1770,0.5888223552894212
t31_637,309690,6363630,319680,6373620,1264,0.4204923486360612
t31_638,309690,6373620,319680,6383610,1828,0.6081170991350632
t31_639,309690,6383610,319680,6393600,2139,0.7115768463073853
t31_640,309690,6393600,319680,6403590,2128,0.7079174983366601
t31_641,309690,6403590,319680,6413580,2019,0.6716566866267465
t31_642,309690,6413580,319680,6423570,2142,0.7125748502994012
t31_643,309690,6423570,319680,6433560,2100,0.6986027944111777
t31_644,309690,6433560,319680,6443550,2136,0.7105788423153693
t31_645,309690,6443550,319680,6453540,2120,0.7052561543579507
t31_646,309690,6453540,319680,6463530,2138,0.7112441783100466
t31_647,309690,6463530,319680,6473520,2139,0.7115768463073853
t31_648,309690,6473520,319680,6483510,1929,0.6417165668662674
t31_649,309690,6483510,319680,6493500,2068,0.6879574184963406
t31_650,309690,6493500,319680,6503490,2129,0.7082501663339986
t31_651,309690,6503490,319680,6513480,2121,0.7055888223552894
t31_652,309690,6513480,319680,6523470,2115,0.7035928143712575
t31_653,309690,6523470,319680,6533460,1954,0.6500332667997338
t31_654,309690,6533460,319680,6543450,2136,0.7105788423153693
t31_655,309690,6543450,319680,6553440,2060,0.6852960745176314
t31_656,309690,6553440,319680,6563430,2031,0.6756487025948104
t31_657,309690,6563430,319680,6573420,2131,0.708915502328676
t31_658,309690,6573420,319680,6583410,2071,0.6889554224883566
t31_659,309690,6583410,319680,6593400,1884,0.626746506986028
t31_660,309690,6593400,319680,6603390,1738,0.5781769793745841
t31_661,309690,6603390,319680,6613380,2058,0.6846307385229541
t31_662,309690,6613380,319680,6623370,2099,0.698270126413839
t31_663,309690,6623370,319680,6633360,2127,0.7075848303393214
t31_664,309690,6633360,319680,6643350,2048,0.6813040585495675
t31_665,309690,6643350,319680,6653340,2061,0.6856287425149701
t31_666,309690,6653340,319680,6663330,2100,0.6986027944111777
t31_667,309690,6663330,319680,6673320,2100,0.6986027944111777
t32_393,319680,3926070,329670,3936060,364,0.12109115103127079
t32_394,319680,3936060,329670,3946050,1171,0.3895542248835662
t32_395,319680,3946050,329670,3956040,887,0.2950765136393879
t32_396,319680,3956040,329670,3966030,1541,0.5126413838988689
t32_397,319680,3966030,329670,3976020,402,0.13373253493013973
t32_398,319680,3976020,329670,3986010,1233,0.4101796407185629
t32_399,319680,3986010,329670,3996000,1306,0.43446440452428475
t32_400,319680,3996000,329670,4005990,2170,0.7218895542248835
t32_401,319680,4005990,329670,4015980,1866,0.6207584830339321
t32_402,319680,4015980,329670,4025970,1368,0.4550898203592814
t32_403,319680,4025970,329670,4035960,318,0.10578842315369262
t32_404,319680,4035960,329670,4045950,2647,0.8805721889554224
t32_405,319680,4045950,329670,4055940,2368,0.7877578176979375
t32_406,319680,4055940,329670,4065930,2749,0.9145043246839654
t32_407,319680,4065930,329670,4075920,2916,0.9700598802395209
t32_408,319680,4075920,329670,4085910,2933,0.9757152361942781
t32_409,319680,4085910,329670,4095900,2824,0.9394544244843646
t32_410,319680,4095900,329670,4105890,2085,0.6936127744510978
t32_411,319680,4105890,329670,4115880,2,0.0006653359946773121
t32_413,319680,4125870,329670,4135860,198,0.0658682634730539
t32_414,319680,4135860,329670,4145850,2638,0.8775781769793746
t32_415,319680,4145850,329670,4155840,2945,0.979707252162342
t32_416,319680,4155840,329670,4165830,1442,0.479707252162342
t32_417,319680,4165830,329670,4175820,1082,0.35994677312042583
t32_418,319680,4175820,329670,4185810,2951,0.9817032601463739
t32_419,319680,4185810,329670,4195800,2911,0.9683965402528277
t32_420,319680,4195800,329670,4205790,2910,0.9680638722554891
t32_421,319680,4205790,329670,4215780,2911,0.9683965402528277
t32_422,319680,4215780,329670,4225770,2982,0.9920159680638723
t32_423,319680,4225770,329670,4235760,2868,0.9540918163672655
t32_504,319680,5034960,329670,5044950,333,0.11077844311377245
t32_505,319680,5044950,329670,5054940,1083,0.3602794411177645
t32_506,319680,5054940,329670,5064930,1858,0.6180971390552229
t32_507,319680,5064930,329670,5074920,2400,0.7984031936127745
t32_508,319680,5074920,329670,5084910,591,0.1966067864271457
t32_571,319680,5704290,329670,5714280,1093,0.36360612109115104
t32_572,319680,5714280,329670,5724270,2177,0.7242182302062542
t32_573,319680,5724270,329670,5734260,2160,0.718562874251497
t32_574,319680,5734260,329670,5744250,1609,0.5352628077178976
t32_575,319680,5744250,329670,5754240,1112,0.3699268130405855
t32_576,319680,5754240,329670,5764230,736,0.24484364604125083
t32_577,319680,5764230,329670,5774220,727,0.24184963406520293
t32_578,319680,5774220,329670,5784210,406,0.13506320691949433
t32_579,319680,5784210,329670,5794200,65,0.02162341982701264
t32_594,319680,5934060,329670,5944050,17,0.005655355954757153
t32_596,319680,5954040,329670,5964030,372,0.12375249500998003
t32_597,319680,5964030,329670,5974020,1030,0.3426480372588157
t32_598,319680,5974020,329670,5984010,1300,0.4324683965402528
t32_599,319680,5984010,329670,5994000,1328,0.4417831004657352
t32_600,319680,5994000,329670,6003990,1356,0.45109780439121755
t32_601,319680,6003990,329670,6013980,1342,0.44644045242847635
t32_602,319680,6013980,329670,6023970,1334,0.44377910844976715
t32_603,319680,6023970,329670,6033960,1757,0.5844976713240186
t32_604,319680,6033960,329670,6043950,1875,0.6237524950099801
t32_605,319680,6043950,329670,6053940,1595,0.5306054557551564
t32_606,319680,6053940,329670,6063930,1455,0.48403193612774453
t32_607,319680,6063930,329670,6073920,1328,0.4417831004657352
t32_608,319680,6073920,329670,6083910,1899,0.6317365269461078
t32_609,319680,6083910,329670,6093900,2188,0.7278775781769794
t32_610,319680,6093900,329670,6103890,2179,0.7248835662009314
t32_611,319680,6103890,329670,6113880,2102,0.699268130405855
t32_612,319680,6113880,329670,6123870,2140,0.7119095143047239
t32_613,319680,6123870,329670,6133860,1761,0.5858283433133733
t32_614,319680,6133860,329670,6143850,2044,0.6799733865602129
t32_615,319680,6143850,329670,6153840,1767,0.5878243512974052
t32_616,319680,6153840,329670,6163830,1436,0.47771124417831007
t32_617,319680,6163830,329670,6173820,1412,0.4697272122421823
t32_618,319680,6173820,329670,6183810,1465,0.48735861610113107
t32_619,319680,6183810,329670,6193800,851,0.28310046573519626
t32_620,319680,6193800,329670,6203790,901,0.29973386560212906
t32_621,319680,6203790,329670,6213780,1214,0.4038589487691284
t32_622,319680,6213780,329670,6223770,1942,0.64604125083167
t32_623,319680,6223770,329670,6233760,2129,0.7082501663339986
t32_624,319680,6233760,329670,6243750,2210,0.7351962741184298
t32_625,319680,6243750,329670,6253740,1627,0.5412508316699933
t32_626,319680,6253740,329670,6263730,1250,0.41583499667332
t32_627,319680,6263730,329670,6273720,496,0.1650033266799734
t32_628,319680,6273720,329670,6283710,568,0.18895542248835662
t32_629,319680,6283710,329670,6293700,1382,0.4597471723220226
t32_630,319680,6293700,329670,6303690,1822,0.6061210911510313
t32_631,319680,6303690,329670,6313680,1684,0.5602129075182968
t32_632,319680,6313680,329670,6323670,1818,0.6047904191616766
t32_633,319680,6323670,329670,6333660,1600,0.5322687957418496
t32_634,319680,6333660,329670,6343650,1918,0.6380572188955422
t32_635,319680,6343650,329670,6353640,2100,0.6986027944111777
t32_636,319680,6353640,329670,6363630,1849,0.615103127079175
t32_637,319680,6363630,329670,6373620,1409,0.46872920825016634
t32_638,319680,6373620,329670,6383610,2089,0.6949434464404525
t32_639,319680,6383610,329670,6393600,2176,0.7238855622089155
t32_640,319680,6393600,329670,6403590,2130,0.7085828343313373
t32_641,319680,6403590,329670,6413580,2117,0.7042581503659348
t32_642,319680,6413580,329670,6423570,2100,0.6986027944111777
t32_643,319680,6423570,329670,6433560,2097,0.6976047904191617
t32_644,319680,6433560,329670,6443550,2110,0.7019294743845642
t32_645,319680,6443550,329670,6453540,2030,0.6753160345974717
t32_646,319680,6453540,329670,6463530,2132,0.7092481703260146
t32_647,319680,6463530,329670,6473520,2033,0.6763140385894877
t32_648,319680,6473520,329670,6483510,1982,0.6593479707252162
t32_649,319680,6483510,329670,6493500,2113,0.7029274783765802
t32_650,319680,6493500,329670,6503490,2085,0.6936127744510978
t32_651,319680,6503490,329670,6513480,2080,0.6919494344644045
t32_652,319680,6513480,329670,6523470,1486,0.49434464404524286
t32_653,319680,6523470,329670,6533460,1050,0.34930139720558884
t32_654,319680,6533460,329670,6543450,1750,0.582168995342648
t32_655,319680,6543450,329670,6553440,1956,0.6506986027944112
t32_656,319680,6553440,329670,6563430,2048,0.6813040585495675
t32_657,319680,6563430,329670,6573420,2058,0.6846307385229541
t32_658,319680,6573420,329670,6583410,2054,0.6833000665335994
t32_659,319680,6583410,329670,6593400,2076,0.6906187624750499
t32_660,319680,6593400,329670,6603390,2012,0.669328010645376
t32_661,319680,6603390,329670,6613380,2097,0.6976047904191617
t32_662,319680,6613380,329670,6623370,2035,0.676979374584165
t32_663,319680,6623370,329670,6633360,2012,0.669328010645376
t32_664,319680,6633360,329670,6643350,1922,0.6393878908848969
t32_665,319680,6643350,329670,6653340,2066,0.6872920825016633
t32_666,319680,6653340,329670,6663330,2025,0.6736526946107785
t32_667,319680,6663330,329670,6673320,1959,0.6516966067864272
t33_393,329670,3926070,339660,3936060,1002,0.3333333333333333
t33_394,329670,3936060,339660,3946050,1274,0.42381902860944776
t33_395,329670,3946050,339660,3956040,1626,0.5409181636726547
t33_396,329670,3956040,339660,3966030,2027,0.6743180306054558
t33_397,329670,3966030,339660,3976020,738,0.24550898203592814
t33_398,329670,3976020,339660,3986010,1266,0.42115768463073855
t33_399,329670,3986010,339660,3996000,2125,0.7069194943446441
t33_400,329670,3996000,339660,4005990,2503,0.832667997338656
t33_401,329670,4005990,339660,4015980,1992,0.6626746506986028
t33_402,329670,4015980,339660,4025970,884,0.2940785096473719
t33_403,329670,4025970,339660,4035960,876,0.29141716566866266
t33_404,329670,4035960,339660,4045950,2372,0.7890884896872921
t33_405,329670,4045950,339660,4055940,2637,0.8772455089820359
t33_406,329670,4055940,339660,4065930,2723,0.9058549567531603
t33_407,329670,4065930,339660,4075920,2741,0.9118429807052562
t33_408,329670,4075920,339660,4085910,2511,0.8353293413173652
t33_409,329670,4085910,339660,4095900,2933,0.9757152361942781
t33_410,329670,4095900,339660,4105890,2976,0.9900199600798403
t33_411,329670,4105890,339660,4115880,706,0.23486360612109114
t33_414,329670,4135860,339660,4145850,824,0.2741184298070526
t33_415,329670,4145850,339660,4155840,2494,0.8296739853626082
t33_416,329670,4155840,339660,4165830,2470,0.8216899534264803
t33_417,329670,4165830,339660,4175820,2848,0.9474384564204924
t33_418,329670,4175820,339660,4185810,3015,1.0029940119760479
t33_419,329670,4185810,339660,4195800,2892,0.9620758483033932
t33_420,329670,4195800,339660,4205790,2898,0.9640718562874252
t33_421,329670,4205790,339660,4215780,2979,0.9910179640718563
t33_422,329670,4215780,339660,4225770,2892,0.9620758483033932
t33_423,329670,4225770,339660,4235760,2891,0.9617431803060545
t33_424,329670,4235760,339660,4245750,142,0.047238855622089154
t33_506,329670,5054940,339660,5064930,460,0.15302727877578176
t33_507,329670,5064930,339660,5074920,423,0.1407185628742515
t33_571,329670,5704290,339660,5714280,482,0.1603459747172322
t33_572,329670,5714280,339660,5724270,993,0.33033932135728544
t33_573,329670,5724270,339660,5734260,1360,0.4524284763805722
t33_574,329670,5734260,339660,5744250,332,0.1104457751164338
t33_596,329670,5954040,339660,5964030,1,0.00033266799733865603
t33_597,329670,5964030,339660,5974020,508,0.16899534264803726
t33_598,329670,5974020,339660,5984010,1177,0.39155023286759816
t33_599,329670,5984010,339660,5994000,941,0.3130405854956753
t33_600,329670,5994000,339660,6003990,893,0.29707252162341985
t33_601,329670,6003990,339660,6013980,734,0.24417831004657353
t33_602,329670,6013980,339660,6023970,292,0.09713905522288756
t33_603,329670,6023970,339660,6033960,1076,0.3579507651363939
t33_604,329670,6033960,339660,6043950,1373,0.45675316034597474
t33_605,329670,6043950,339660,6053940,136,0.04524284763805722
t33_606,329670,6053940,339660,6063930,71,0.023619427811044577
t33_607,329670,6063930,339660,6073920,177,0.05888223552894212
t33_608,329670,6073920,339660,6083910,821,0.2731204258150366
t33_609,329670,6083910,339660,6093900,1574,0.5236194278110445
t33_610,329670,6093900,339660,6103890,1174,0.39055222887558216
t33_611,329670,6103890,339660,6113880,1731,0.5758483033932136
t33_612,329670,6113880,339660,6123870,1992,0.6626746506986028
t33_613,329670,6123870,339660,6133860,2026,0.6739853626081171
t33_614,329670,6133860,339660,6143850,2034,0.6766467065868264
t33_615,329670,6143850,339660,6153840,2211,0.7355289421157685
t33_616,329670,6153840,339660,6163830,2101,0.6989354624085163
t33_617,329670,6163830,339660,6173820,2190,0.7285429141716567
t33_618,329670,6173820,339660,6183810,2100,0.6986027944111777
t33_619,329670,6183810,339660,6193800,1827,0.6077844311377245
t33_620,329670,6193800,339660,6203790,1074,0.35728542914171657
t33_621,329670,6203790,339660,6213780,871,0.2897538256819694
t33_622,329670,6213780,339660,6223770,769,0.25582168995342647
t33_623,329670,6223770,339660,6233760,1659,0.5518962075848304
t33_624,329670,6233760,339660,6243750,2156,0.7172322022621423
t33_625,329670,6243750,339660,6253740,1508,0.5016633399866933
t33_626,329670,6253740,339660,6263730,295,0.09813705921490352
t33_627,329670,6263730,339660,6273720,1099,0.36560212907518297
t33_628,329670,6273720,339660,6283710,510,0.16966067864271456
t33_629,329670,6283710,339660,6293700,248,0.0825016633399867
t33_630,329670,6293700,339660,6303690,580,0.19294743845642048
t33_631,329670,6303690,339660,6313680,594,0.19760479041916168
t33_632,329670,6313680,339660,6323670,634,0.2109115103127079
t33_633,329670,6323670,339660,6333660,1653,0.5499001996007984
t33_634,329670,6333660,339660,6343650,1539,0.5119760479041916
t33_635,329670,6343650,339660,6353640,2111,0.7022621423819029
t33_636,329670,6353640,339660,6363630,2149,0.7149035262807718
t33_637,329670,6363630,339660,6373620,1904,0.633399866932801
t33_638,329670,6373620,339660,6383610,1360,0.4524284763805722
t33_639,329670,6383610,339660,6393600,1763,0.5864936793080505
t33_640,329670,6393600,339660,6403590,2070,0.688622754491018
t33_641,329670,6403590,339660,6413580,2177,0.7242182302062542
t33_642,329670,6413580,339660,6423570,2123,0.7062541583499667
t33_643,329670,6423570,339660,6433560,2146,0.7139055222887558
t33_644,329670,6433560,339660,6443550,1999,0.6650033266799734
t33_645,329670,6443550,339660,6453540,2000,0.6653359946773121
t33_646,329670,6453540,339660,6463530,1900,0.6320691949434465
t33_647,329670,6463530,339660,6473520,1973,0.6563539587491684
t33_648,329670,6473520,339660,6483510,2084,0.6932801064537591
t33_649,329670,6483510,339660,6493500,2085,0.6936127744510978
t33_650,329670,6493500,339660,6503490,1921,0.6390552228875582
t33_651,329670,6503490,339660,6513480,1122,0.37325349301397204
t33_652,329670,6513480,339660,6523470,1122,0.37325349301397204
t33_653,329670,6523470,339660,6533460,491,0.16333998669328012
t33_654,329670,6533460,339660,6543450,515,0.17132401862940785
t33_655,329670,6543450,339660,6553440,1276,0.4244843646041251
t33_656,329670,6553440,339660,6563430,1655,0.5505655355954757
t33_657,329670,6563430,339660,6573420,2021,0.6723220226214238
t33_658,329670,6573420,339660,6583410,1724,0.573519627411843
t33_659,329670,6583410,339660,6593400,1960,0.6520292747837658
t33_660,329670,6593400,339660,6603390,1981,0.6590153027278776
t33_661,329670,6603390,339660,6613380,1974,0.656686626746507
t33_662,329670,6613380,339660,6623370,2130,0.7085828343313373
t33_663,329670,6623370,339660,6633360,2027,0.6743180306054558
t33_664,329670,6633360,339660,6643350,1844,0.6134397870924817
t33_665,329670,6643350,339660,6653340,1838,0.6114437791084497
t33_666,329670,6653340,339660,6663330,2026,0.6739853626081171
t33_667,329670,6663330,339660,6673320,1966,0.6540252827677977
t34_391,339660,3906090,349650,3916080,907,0.301729873586161
t34_392,339660,3916080,349650,3926070,853,0.2837658017298736
t34_393,339660,3926070,349650,3936060,72,0.023952095808383235
t34_394,339660,3936060,349650,3946050,1093,0.36360612109115104
t34_395,339660,3946050,349650,3956040,2041,0.6789753825681969
t34_396,339660,3956040,349650,3966030,1827,0.6077844311377245
t34_397,339660,3966030,349650,3976020,943,0.31370592149035265
t34_398,339660,3976020,349650,3986010,1688,0.5615435795076513
t34_399,339660,3986010,349650,3996000,2113,0.7029274783765802
t34_400,339660,3996000,349650,4005990,2702,0.8988689288090486
t34_401,339660,4005990,349650,4015980,2171,0.7222222222222222
t34_402,339660,4015980,349650,4025970,188,0.06254158349966733
t34_403,339660,4025970,349650,4035960,2201,0.7322022621423819
t34_404,339660,4035960,349650,4045950,3080,1.0246174318030605
t34_405,339660,4045950,349650,4055940,2648,0.8809048569527611
t34_406,339660,4055940,349650,4065930,2654,0.8829008649367931
t34_407,339660,4065930,349650,4075920,3001,0.9983366600133067
t34_408,339660,4075920,349650,4085910,2634,0.8762475049900199
t34_409,339660,4085910,349650,4095900,2980,0.9913506320691949
t34_410,339660,4095900,349650,4105890,2987,0.9936793080505656
t34_411,339660,4105890,349650,4115880,2364,0.7864271457085829
t34_412,339660,4115880,349650,4125870,646,0.21490352628077178
t34_413,339660,4125870,349650,4135860,10,0.00332667997338656
t34_415,339660,4145850,349650,4155840,2191,0.7288755821689954
t34_416,339660,4155840,349650,4165830,2935,0.9763805721889555
t34_417,339660,4165830,349650,4175820,3021,1.0049900199600799
t34_418,339660,4175820,349650,4185810,2563,0.8526280771789754
t34_419,339660,4185810,349650,4195800,2101,0.6989354624085163
t34_420,339660,4195800,349650,4205790,2817,0.937125748502994
t34_421,339660,4205790,349650,4215780,2893,0.9624085163007319
t34_422,339660,4215780,349650,4225770,2909,0.9677312042581504
t34_423,339660,4225770,349650,4235760,2861,0.9517631403858948
t34_424,339660,4235760,349650,4245750,210,0.06986027944111776
t34_573,339660,5724270,349650,5734260,40,0.01330671989354624
t34_597,339660,5964030,349650,5974020,240,0.07984031936127745
t34_598,339660,5974020,349650,5984010,676,0.22488356620093147
t34_599,339660,5984010,349650,5994000,870,0.2894211576846307
t34_600,339660,5994000,349650,6003990,485,0.16134397870924816
t34_601,339660,6003990,349650,6013980,878,0.29208250166334
t34_602,339660,6013980,349650,6023970,444,0.14770459081836326
t34_603,339660,6023970,349650,6033960,874,0.2907518296739854
t34_604,339660,6033960,349650,6043950,478,0.1590153027278776
t34_605,339660,6043950,349650,6053940,190,0.06320691949434465
t34_606,339660,6053940,349650,6063930,39,0.012974051896207584
t34_607,339660,6063930,349650,6073920,95,0.031603459747172324
t34_608,339660,6073920,349650,6083910,463,0.15402528276779773
t34_609,339660,6083910,349650,6093900,895,0.2977378576180971
t34_610,339660,6093900,349650,6103890,458,0.15236194278110446
t34_611,339660,6103890,349650,6113880,1118,0.37192282102461743
t34_612,339660,6113880,349650,6123870,1420,0.47238855622089154
t34_613,339660,6123870,349650,6133860,1615,0.5372588157019295
t34_614,339660,6133860,349650,6143850,1603,0.5332667997338656
t34_615,339660,6143850,349650,6153840,1990,0.6620093147039254
t34_616,339660,6153840,349650,6163830,2097,0.6976047904191617
t34_617,339660,6163830,349650,6173820,1414,0.4703925482368596
t34_618,339660,6173820,349650,6183810,2057,0.6842980705256154
t34_619,339660,6183810,349650,6193800,2169,0.7215568862275449
t34_620,339660,6193800,349650,6203790,2106,0.7005988023952096
t34_621,339660,6203790,349650,6213780,1610,0.5355954757152362
t34_622,339660,6213780,349650,6223770,617,0.20525615435795078
t34_623,339660,6223770,349650,6233760,857,0.2850964737192282
t34_624,339660,6233760,349650,6243750,1443,0.48003992015968067
t34_625,339660,6243750,349650,6253740,1311,0.436127744510978
t34_626,339660,6253740,349650,6263730,994,0.3306719893546241
t34_627,339660,6263730,349650,6273720,1459,0.48536260811709914
t34_628,339660,6273720,349650,6283710,551,0.18330006653359945
t34_629,339660,6283710,349650,6293700,94,0.03127079174983367
t34_630,339660,6293700,349650,6303690,138,0.04590818363273453
t34_631,339660,6303690,349650,6313680,980,0.3260146373918829
t34_632,339660,6313680,349650,6323670,934,0.3107119095143047
t34_633,339660,6323670,349650,6333660,1513,0.5033266799733865
t34_634,339660,6333660,349650,6343650,1932,0.6427145708582834
t34_635,339660,6343650,349650,6353640,2054,0.6833000665335994
t34_636,339660,6353640,349650,6363630,1421,0.4727212242182302
t34_637,339660,6363630,349650,6373620,211,0.07019294743845642
t34_638,339660,6373620,349650,6383610,1408,0.4683965402528277
t34_639,339660,6383610,349650,6393600,2045,0.6803060545575516
t34_640,339660,6393600,349650,6403590,1996,0.6640053226879574
t34_641,339660,6403590,349650,6413580,2104,0.6999334664005322
t34_642,339660,6413580,349650,6423570,1980,0.6586826347305389
t34_643,339660,6423570,349650,6433560,1976,0.6573519627411843
t34_644,339660,6433560,349650,6443550,1450,0.4823685961410512
t34_645,339660,6443550,349650,6453540,1627,0.5412508316699933
t34_646,339660,6453540,349650,6463530,1867,0.6210911510312708
t34_647,339660,6463530,349650,6473520,1944,0.6467065868263473
t34_648,339660,6473520,349650,6483510,2080,0.6919494344644045
t34_649,339660,6483510,349650,6493500,1336,0.4444444444444444
t34_650,339660,6493500,349650,6503490,992,0.3300066533599468
t34_651,339660,6503490,349650,6513480,339,0.11277445109780439
t34_652,339660,6513480,349650,6523470,598,0.1989354624085163
t34_653,339660,6523470,349650,6533460,962,0.3200266134397871
t34_654,339660,6533460,349650,6543450,750,0.249500998003992
t34_655,339660,6543450,349650,6553440,858,0.28542914171656686
t34_656,339660,6553440,349650,6563430,1135,0.37757817697937457
t34_657,339660,6563430,349650,6573420,1700,0.5655355954757152
t34_658,339660,6573420,349650,6583410,1566,0.5209580838323353
t34_659,339660,6583410,349650,6593400,2017,0.6709913506320692
t34_660,339660,6593400,349650,6603390,1985,0.6603459747172322
t34_661,339660,6603390,349650,6613380,1626,0.5409181636726547
t34_662,339660,6613380,349650,6623370,1862,0.6194278110445776
t34_663,339660,6623370,349650,6633360,1726,0.5741849634065203
t34_664,339660,6633360,349650,6643350,1923,0.6397205588822356
t34_665,339660,6643350,349650,6653340,1777,0.5911510312707917
t34_666,339660,6653340,349650,6663330,1762,0.5861610113107119
t34_667,339660,6663330,349650,6673320,1756,0.58416500332668
t35_390,349650,3896100,359640,3906090,464,0.1543579507651364
t35_391,349650,3906090,359640,3916080,765,0.25449101796407186
t35_392,349650,3916080,359640,3926070,1151,0.3829008649367931
t35_393,349650,3926070,359640,3936060,483,0.16067864271457086
t35_394,349650,3936060,359640,3946050,1202,0.39986693280106456
t35_395,349650,3946050,359640,3956040,963,0.3203592814371258
t35_396,349650,3956040,359640,3966030,806,0.26813040585495673
t35_397,349650,3966030,359640,3976020,1139,0.37890884896872923
t35_398,349650,3976020,359640,3986010,2432,0.8090485695276114
t35_399,349650,3986010,359640,3996000,2438,0.8110445775116434
t35_400,349650,3996000,359640,4005990,2154,0.716566866267465
t35_401,349650,4005990,359640,4015980,926,0.30805056553559546
t35_402,349650,4015980,359640,4025970,2,0.0006653359946773121
t35_403,349650,4025970,359640,4035960,2453,0.8160345974717232
t35_404,349650,4035960,359640,4045950,3019,1.0043246839654025
t35_405,349650,4045950,359640,4055940,2959,0.9843646041250832
t35_406,349650,4055940,359640,4065930,2996,0.9966733200266135
t35_407,349650,4065930,359640,4075920,2992,0.9953426480372588
t35_408,349650,4075920,359640,4085910,2971,0.9883566200931471
t35_409,349650,4085910,359640,4095900,2936,0.9767132401862941
t35_410,349650,4095900,359640,4105890,2949,0.9810379241516967
t35_411,349650,4105890,359640,4115880,3022,1.0053226879574184
t35_412,349650,4115880,359640,4125870,2945,0.979707252162342
t35_413,349650,4125870,359640,4135860,1716,0.5708582834331337
t35_414,349650,4135860,359640,4145850,876,0.29141716566866266
t35_415,349650,4145850,359640,4155840,2280,0.7584830339321357
t35_416,349650,4155840,359640,4165830,2927,0.9737192282102461
t35_417,349650,4165830,359640,4175820,2886,0.9600798403193613
t35_418,349650,4175820,359640,4185810,2365,0.7867598137059215
t35_419,349650,4185810,359640,4195800,1435,0.4773785761809714
t35_420,349650,4195800,359640,4205790,2344,0.7797737857618097
t35_421,349650,4205790,359640,4215780,2892,0.9620758483033932
t35_422,349650,4215780,359640,4225770,2960,0.9846972721224219
t35_423,349650,4225770,359640,4235760,2904,0.9660678642714571
t35_424,349650,4235760,359640,4245750,355,0.11809713905522289
t35_599,349650,5984010,359640,5994000,305,0.10146373918829009
t35_600,349650,5994000,359640,6003990,409,0.1360612109115103
t35_601,349650,6003990,359640,6013980,352,0.11709913506320692
t35_602,349650,6013980,359640,6023970,567,0.18862275449101795
t35_603,349650,6023970,359640,6033960,466,0.1550232867598137
t35_604,349650,6033960,359640,6043950,176,0.05854956753160346
t35_605,349650,6043950,359640,6053940,271,0.09015302727877578
t35_606,349650,6053940,359640,6063930,36,0.011976047904191617
t35_607,349650,6063930,359640,6073920,26,0.008649367930805056
t35_608,349650,6073920,359640,6083910,190,0.06320691949434465
t35_609,349650,6083910,359640,6093900,432,0.1437125748502994
t35_610,349650,6093900,359640,6103890,183,0.06087824351297405
t35_611,349650,6103890,359640,6113880,113,0.03759148369926813
t35_612,349650,6113880,359640,6123870,751,0.24983366600133067
t35_613,349650,6123870,359640,6133860,386,0.12840984697272123
t35_614,349650,6133860,359640,6143850,610,0.20292747837658018
t35_615,349650,6143850,359640,6153840,1333,0.4434464404524285
t35_616,349650,6153840,359640,6163830,695,0.23120425815036594
t35_617,349650,6163830,359640,6173820,578,0.19228210246174318
t35_618,349650,6173820,359640,6183810,1099,0.36560212907518297
t35_619,349650,6183810,359640,6193800,1536,0.5109780439121756
t35_620,349650,6193800,359640,6203790,2015,0.6703260146373918
t35_621,349650,6203790,359640,6213780,2093,0.696274118429807
t35_622,349650,6213780,359640,6223770,2138,0.7112441783100466
t35_623,349650,6223770,359640,6233760,1984,0.6600133067198936
t35_624,349650,6233760,359640,6243750,1994,0.6633399866932801
t35_625,349650,6243750,359640,6253740,2122,0.7059214903526281
t35_626,349650,6253740,359640,6263730,2109,0.7015968063872255
t35_627,349650,6263730,359640,6273720,1746,0.5808383233532934
t35_628,349650,6273720,359640,6283710,947,0.31503659347970725
t35_629,349650,6283710,359640,6293700,817,0.271789753825682
t35_630,349650,6293700,359640,6303690,513,0.17065868263473055
t35_631,349650,6303690,359640,6313680,1510,0.5023286759813705
t35_632,349650,6313680,359640,6323670,2214,0.7365269461077845
t35_633,349650,6323670,359640,6333660,2083,0.6929474384564205
t35_634,349650,6333660,359640,6343650,2065,0.6869594145043247
t35_635,349650,6343650,359640,6353640,2059,0.6849634065202928
t35_636,349650,6353640,359640,6363630,1892,0.6294078509647372
t35_637,349650,6363630,359640,6373620,1229,0.40884896872920823
t35_638,349650,6373620,359640,6383610,1908,0.6347305389221557
t35_639,349650,6383610,359640,6393600,1887,0.627744510978044
t35_640,349650,6393600,359640,6403590,2032,0.675981370592149
t35_641,349650,6403590,359640,6413580,1956,0.6506986027944112
t35_642,349650,6413580,359640,6423570,1501,0.49933466400532267
t35_643,349650,6423570,359640,6433560,1703,0.5665335994677312
t35_644,349650,6433560,359640,6443550,1282,0.426480372588157
t35_645,349650,6443550,359640,6453540,1433,0.4767132401862941
t35_646,349650,6453540,359640,6463530,1933,0.6430472388556221
t35_647,349650,6463530,359640,6473520,1444,0.4803725881570193
t35_648,349650,6473520,359640,6483510,1223,0.4068529607451763
t35_649,349650,6483510,359640,6493500,613,0.20392548236859614
t35_650,349650,6493500,359640,6503490,215,0.07152361942781105
t35_651,349650,6503490,359640,6513480,129,0.04291417165668663
t35_652,349650,6513480,359640,6523470,53,0.01763140385894877
t35_653,349650,6523470,359640,6533460,85,0.028276779773785763
t35_654,349650,6533460,359640,6543450,375,0.124750499001996
t35_655,349650,6543450,359640,6553440,633,0.21057884231536927
t35_656,349650,6553440,359640,6563430,1232,0.4098469727212242
t35_657,349650,6563430,359640,6573420,1757,0.5844976713240186
t35_658,349650,6573420,359640,6583410,1287,0.4281437125748503
t35_659,349650,6583410,359640,6593400,1425,0.4740518962075848
t35_660,349650,6593400,359640,6603390,1662,0.5528942115768463
t35_661,349650,6603390,359640,6613380,1290,0.4291417165668663
t35_662,349650,6613380,359640,6623370,488,0.16234198270126413
t35_663,349650,6623370,359640,6633360,980,0.3260146373918829
t35_664,349650,6633360,359640,6643350,460,0.15302727877578176
t35_665,349650,6643350,359640,6653340,1118,0.37192282102461743
t35_666,349650,6653340,359640,6663330,1809,0.6017964071856288
t35_667,349650,6663330,359640,6673320,1946,0.6473719228210246
t36_389,359640,3886110,369630,3896100,2,0.0006653359946773121
t36_390,359640,3896100,369630,3906090,452,0.15036593479707253
t36_391,359640,3906090,369630,3916080,1430,0.47571523619427813
t36_392,359640,3916080,369630,3926070,855,0.2844311377245509
t36_393,359640,3926070,369630,3936060,472,0.15701929474384566
t36_394,359640,3936060,369630,3946050,1397,0.4647371922821025
t36_395,359640,3946050,369630,3956040,565,0.18795741849634065
t36_396,359640,3956040,369630,3966030,785,0.261144377910845
t36_397,359640,3966030,369630,3976020,903,0.3003992015968064
t36_398,359640,3976020,369630,3986010,2462,0.8190286094477711
t36_399,359640,3986010,369630,3996000,2492,0.8290086493679308
t36_400,359640,3996000,369630,4005990,1937,0.6443779108449768
t36_401,359640,4005990,369630,4015980,222,0.07385229540918163
t36_403,359640,4025970,369630,4035960,501,0.16666666666666666
t36_404,359640,4035960,369630,4045950,2738,0.9108449767132402
t36_405,359640,4045950,369630,4055940,3043,1.0123087159015303
t36_406,359640,4055940,369630,4065930,2990,0.9946773120425815
t36_407,359640,4065930,369630,4075920,2920,0.9713905522288756
t36_408,359640,4075920,369630,4085910,2640,0.8782435129740519
t36_409,359640,4085910,369630,4095900,2967,0.9870259481037924
t36_410,359640,4095900,369630,4105890,3016,1.0033266799733866
t36_411,359640,4105890,369630,4115880,3014,1.0026613439787093
t36_412,359640,4115880,369630,4125870,2950,0.9813705921490352
t36_413,359640,4125870,369630,4135860,3022,1.0053226879574184
t36_414,359640,4135860,369630,4145850,2917,0.9703925482368596
t36_415,359640,4145850,369630,4155840,2082,0.6926147704590818
t36_416,359640,4155840,369630,4165830,2974,0.9893546240851631
t36_417,359640,4165830,369630,4175820,2906,0.9667332002661344
t36_418,359640,4175820,369630,4185810,2979,0.9910179640718563
t36_419,359640,4185810,369630,4195800,2972,0.9886892880904857
t36_420,359640,4195800,369630,4205790,2906,0.9667332002661344
t36_421,359640,4205790,369630,4215780,2981,0.9916833000665336
t36_422,359640,4215780,369630,4225770,2936,0.9767132401862941
t36_423,359640,4225770,369630,4235760,2869,0.9544244843646041
t36_424,359640,4235760,369630,4245750,420,0.13972055888223553
t36_600,359640,5994000,369630,6003990,70,0.023286759813705923
t36_601,359640,6003990,369630,6013980,75,0.0249500998003992
t36_602,359640,6013980,369630,6023970,699,0.23253493013972057
t36_603,359640,6023970,369630,6033960,513,0.17065868263473055
t36_604,359640,6033960,369630,6043950,208,0.06919494344644045
t36_605,359640,6043950,369630,6053940,126,0.041916167664670656
t36_606,359640,6053940,369630,6063930,21,0.006986027944111776
t36_607,359640,6063930,369630,6073920,103,0.034264803725881574
t36_608,359640,6073920,369630,6083910,165,0.054890219560878244
t36_609,359640,6083910,369630,6093900,171,0.05688622754491018
t36_610,359640,6093900,369630,6103890,13,0.004324683965402528
t36_611,359640,6103890,369630,6113880,458,0.15236194278110446
t36_612,359640,6113880,369630,6123870,1121,0.3729208250166334
t36_613,359640,6123870,369630,6133860,696,0.2315369261477046
t36_614,359640,6133860,369630,6143850,605,0.20126413838988688
t36_615,359640,6143850,369630,6153840,1138,0.37857618097139056
t36_616,359640,6153840,369630,6163830,636,0.21157684630738524
t36_617,359640,6163830,369630,6173820,392,0.13040585495675316
t36_618,359640,6173820,369630,6183810,551,0.18330006653359945
t36_619,359640,6183810,369630,6193800,480,0.1596806387225549
t36_620,359640,6193800,369630,6203790,1841,0.6124417831004657
t36_621,359640,6203790,369630,6213780,2075,0.6902860944777113
t36_622,359640,6213780,369630,6223770,1647,0.5479041916167665
t36_623,359640,6223770,369630,6233760,1188,0.39520958083832336
t36_624,359640,6233760,369630,6243750,1630,0.5422488356620093
t36_625,359640,6243750,369630,6253740,1428,0.4750499001996008
t36_626,359640,6253740,369630,6263730,1535,0.5106453759148369
t36_627,359640,6263730,369630,6273720,1960,0.6520292747837658
t36_628,359640,6273720,369630,6283710,1993,0.6630073186959414
t36_629,359640,6283710,369630,6293700,1546,0.5143047238855623
t36_630,359640,6293700,369630,6303690,1454,0.48369926813040587
t36_631,359640,6303690,369630,6313680,1985,0.6603459747172322
t36_632,359640,6313680,369630,6323670,1925,0.6403858948769129
t36_633,359640,6323670,369630,6333660,1401,0.4660678642714571
t36_634,359640,6333660,369630,6343650,1259,0.41882900864936795
t36_635,359640,6343650,369630,6353640,1074,0.35728542914171657
t36_636,359640,6353640,369630,6363630,1813,0.6031270791749833
t36_637,359640,6363630,369630,6373620,2060,0.6852960745176314
t36_638,359640,6373620,369630,6383610,1810,0.6021290751829674
t36_639,359640,6383610,369630,6393600,899,0.2990685296074518
t36_640,359640,6393600,369630,6403590,1547,0.5146373918829009
t36_641,359640,6403590,369630,6413580,1299,0.43213572854291415
t36_642,359640,6413580,369630,6423570,704,0.23419827012641384
t36_643,359640,6423570,369630,6433560,674,0.22421823020625417
t36_644,359640,6433560,369630,6443550,825,0.2744510978043912
t36_645,359640,6443550,369630,6453540,984,0.3273453093812375
t36_646,359640,6453540,369630,6463530,506,0.16833000665335995
t36_647,359640,6463530,369630,6473520,338,0.11244178310046574
t36_648,359640,6473520,369630,6483510,26,0.008649367930805056
t36_649,359640,6483510,369630,6493500,1,0.00033266799733865603
t36_655,359640,6543450,369630,6553440,27,0.008982035928143712
t36_656,359640,6553440,369630,6563430,610,0.20292747837658018
t36_657,359640,6563430,369630,6573420,1079,0.35894876912840984
t36_658,359640,6573420,369630,6583410,947,0.31503659347970725
t36_659,359640,6583410,369630,6593400,597,0.19860279441117765
t36_660,359640,6593400,369630,6603390,778,0.2588157019294744
t36_661,359640,6603390,369630,6613380,460,0.15302727877578176
t36_662,359640,6613380,369630,6623370,555,0.18463073852295409
t36_663,359640,6623370,369630,6633360,416,0.1383898868928809
t36_664,359640,6633360,369630,6643350,662,0.22022621423819028
t36_665,359640,6643350,369630,6653340,509,0.16932801064537592
t36_666,359640,6653340,369630,6663330,1580,0.5256154357950765
t36_667,359640,6663330,369630,6673320,1254,0.4171656686626746
t37_389,369630,3886110,379620,3896100,457,0.1520292747837658
t37_390,369630,3896100,379620,3906090,1568,0.5216234198270127
t37_391,369630,3906090,379620,3916080,1444,0.4803725881570193
t37_392,369630,3916080,379620,3926070,428,0.14238190286094476
t37_393,369630,3926070,379620,3936060,1210,0.40252827677977376
t37_394,369630,3936060,379620,3946050,1705,0.5671989354624085
t37_395,369630,3946050,379620,3956040,927,0.3083832335329341
t37_396,369630,3956040,379620,3966030,1506,0.500998003992016
t37_397,369630,3966030,379620,3976020,952,0.3166999334664005
t37_398,369630,3976020,379620,3986010,365,0.12142381902860945
t37_399,369630,3986010,379620,3996000,1359,0.45209580838323354
t37_400,369630,3996000,379620,4005990,561,0.18662674650698602
t37_401,369630,4005990,379620,4015980,738,0.24550898203592814
t37_402,369630,4015980,379620,4025970,950,0.31603459747172324
t37_403,369630,4025970,379620,4035960,651,0.21656686626746507
t37_404,369630,4035960,379620,4045950,117,0.038922155688622756
t37_405,369630,4045950,379620,4055940,305,0.10146373918829009
t37_406,369630,4055940,379620,4065930,696,0.2315369261477046
t37_407,369630,4065930,379620,4075920,188,0.06254158349966733
t37_408,369630,4075920,379620,4085910,3,0.000998003992015968
t37_409,369630,4085910,379620,4095900,284,0.09447771124417831
t37_410,369630,4095900,379620,4105890,272,0.09048569527611444
t37_411,369630,4105890,379620,4115880,821,0.2731204258150366
t37_412,369630,4115880,379620,4125870,1962,0.6526946107784432
t37_413,369630,4125870,379620,4135860,2265,0.7534930139720559
t37_414,369630,4135860,379620,4145850,2062,0.6859614105123087
t37_415,369630,4145850,379620,4155840,2419,0.8047238855622089
t37_416,369630,4155840,379620,4165830,2812,0.9354624085163007
t37_417,369630,4165830,379620,4175820,2903,0.9657351962741184
t37_418,369630,4175820,379620,4185810,2979,0.9910179640718563
t37_419,369630,4185810,379620,4195800,2972,0.9886892880904857
t37_420,369630,4195800,379620,4205790,2903,0.9657351962741184
t37_421,369630,4205790,379620,4215780,2938,0.9773785761809713
t37_422,369630,4215780,379620,4225770,2867,0.9537591483699268
t37_423,369630,4225770,379620,4235760,2911,0.9683965402528277
t37_424,369630,4235760,379620,4245750,490,0.16300731869594146
t37_600,369630,5994000,379620,6003990,2,0.0006653359946773121
t37_601,369630,6003990,379620,6013980,6,0.001996007984031936
t37_602,369630,6013980,379620,6023970,154,0.05123087159015303
t37_603,369630,6023970,379620,6033960,140,0.046573519627411845
t37_604,369630,6033960,379620,6043950,130,0.04324683965402528
t37_605,369630,6043950,379620,6053940,29,0.009647371922821025
t37_606,369630,6053940,379620,6063930,5,0.00166333998669328
t37_607,369630,6063930,379620,6073920,24,0.007984031936127744
t37_611,369630,6103890,379620,6113880,89,0.029607451763140388
t37_612,369630,6113880,379620,6123870,59,0.019627411842980707
t37_613,369630,6123870,379620,6133860,224,0.07451763140385895
t37_614,369630,6133860,379620,6143850,471,0.156686626746507
t37_615,369630,6143850,379620,6153840,151,0.05023286759813706
t37_616,369630,6153840,379620,6163830,120,0.03992015968063872
t37_617,369630,6163830,379620,6173820,49,0.016300731869594146
t37_618,369630,6173820,379620,6183810,231,0.07684630738522955
t37_619,369630,6183810,379620,6193800,386,0.12840984697272123
t37_620,369630,6193800,379620,6203790,1037,0.3449767132401863
t37_621,369630,6203790,379620,6213780,1072,0.35662009314703924
t37_622,369630,6213780,379620,6223770,815,0.27112441783100466
t37_623,369630,6223770,379620,6233760,60,0.01996007984031936
t37_624,369630,6233760,379620,6243750,179,0.059547571523619426
t37_625,369630,6243750,379620,6253740,417,0.13872255489021956
t37_626,369630,6253740,379620,6263730,769,0.25582168995342647
t37_627,369630,6263730,379620,6273720,1834,0.6101131071190952
t37_628,369630,6273720,379620,6283710,1985,0.6603459747172322
t37_629,369630,6283710,379620,6293700,1930,0.6420492348636061
t37_630,369630,6293700,379620,6303690,1930,0.6420492348636061
t37_631,369630,6303690,379620,6313680,1913,0.636393878908849
t37_632,369630,6313680,379620,6323670,1053,0.3502994011976048
t37_633,369630,6323670,379620,6333660,292,0.09713905522288756
t37_634,369630,6333660,379620,6343650,170,0.056553559547571526
t37_635,369630,6343650,379620,6353640,635,0.21124417831004658
t37_636,369630,6353640,379620,6363630,1578,0.5249500998003992
t37_637,369630,6363630,379620,6373620,1728,0.5748502994011976
t37_638,369630,6373620,379620,6383610,1325,0.4407850964737192
t37_639,369630,6383610,379620,6393600,1142,0.37990685296074517
t37_640,369630,6393600,379620,6403590,912,0.3033932135728543
t37_641,369630,6403590,379620,6413580,342,0.11377245508982035
t37_642,369630,6413580,379620,6423570,637,0.21190951430472388
t37_643,369630,6423570,379620,6433560,275,0.09148369926813041
t37_644,369630,6433560,379620,6443550,402,0.13373253493013973
t37_645,369630,6443550,379620,6453540,134,0.044577511643379905
t37_646,369630,6453540,379620,6463530,581,0.19328010645375915
t37_647,369630,6463530,379620,6473520,124,0.04125083166999335
t37_656,369630,6553440,379620,6563430,37,0.012308715901530274
t37_657,369630,6563430,379620,6573420,309,0.1027944111776447
t37_658,369630,6573420,379620,6583410,135,0.04491017964071856
t37_659,369630,6583410,379620,6593400,351,0.11676646706586827
t37_660,369630,6593400,379620,6603390,483,0.16067864271457086
t37_661,369630,6603390,379620,6613380,560,0.18629407850964738
t37_662,369630,6613380,379620,6623370,590,0.19627411842980705
t37_663,369630,6623370,379620,6633360,859,0.2857618097139055
t37_664,369630,6633360,379620,6643350,737,0.2451763140385895
t37_665,369630,6643350,379620,6653340,1120,0.37258815701929476
t37_666,369630,6653340,379620,6663330,1420,0.47238855622089154
t37_667,369630,6663330,379620,6673320,1320,0.43912175648702595
t38_389,379620,3886110,389610,3896100,579,0.19261477045908185
t38_390,379620,3896100,389610,3906090,1525,0.5073186959414504
t38_391,379620,3906090,389610,3916080,817,0.271789753825682
t38_392,379620,3916080,389610,3926070,1122,0.37325349301397204
t38_393,379620,3926070,389610,3936060,1773,0.5898203592814372
t38_394,379620,3936060,389610,3946050,2068,0.6879574184963406
t38_395,379620,3946050,389610,3956040,1547,0.5146373918829009
t38_396,379620,3956040,389610,3966030,924,0.3073852295409182
t38_397,379620,3966030,389610,3976020,1375,0.457418496340652
t38_398,379620,3976020,389610,3986010,767,0.2551563539587492
t38_399,379620,3986010,389610,3996000,1748,0.5815036593479708
t38_400,379620,3996000,389610,4005990,2296,0.7638057218895542
t38_401,379620,4005990,389610,4015980,2719,0.9045242847638058
t38_402,379620,4015980,389610,4025970,2949,0.9810379241516967
t38_403,379620,4025970,389610,4035960,2156,0.7172322022621423
t38_404,379620,4035960,389610,4045950,472,0.15701929474384566
t38_405,379620,4045950,389610,4055940,234,0.07784431137724551
t38_413,379620,4125870,389610,4135860,29,0.009647371922821025
t38_414,379620,4135860,389610,4145850,960,0.3193612774451098
t38_415,379620,4145850,389610,4155840,357,0.1187624750499002
t38_416,379620,4155840,389610,4165830,2491,0.8286759813705922
t38_417,379620,4165830,389610,4175820,2841,0.9451097804391217
t38_418,379620,4175820,389610,4185810,2980,0.9913506320691949
t38_419,379620,4185810,389610,4195800,2982,0.9920159680638723
t38_420,379620,4195800,389610,4205790,2904,0.9660678642714571
t38_421,379620,4205790,389610,4215780,2934,0.9760479041916168
t38_422,379620,4215780,389610,4225770,2911,0.9683965402528277
t38_423,379620,4225770,389610,4235760,2928,0.9740518962075848
t38_424,379620,4235760,389610,4245750,544,0.18097139055222888
t38_614,379620,6133860,389610,6143850,38,0.012641383898868928
t38_615,379620,6143850,389610,6153840,17,0.005655355954757153
t38_616,379620,6153840,389610,6163830,28,0.009314703925482368
t38_617,379620,6163830,389610,6173820,71,0.023619427811044577
t38_618,379620,6173820,389610,6183810,528,0.17564870259481039
t38_619,379620,6183810,389610,6193800,440,0.14637391882900866
t38_620,379620,6193800,389610,6203790,709,0.2358616101131071
t38_621,379620,6203790,389610,6213780,902,0.3000665335994677
t38_622,379620,6213780,389610,6223770,402,0.13373253493013973
t38_623,379620,6223770,389610,6233760,120,0.03992015968063872
t38_624,379620,6233760,389610,6243750,431,0.14337990685296076
t38_625,379620,6243750,389610,6253740,484,0.16101131071190952
t38_626,379620,6253740,389610,6263730,1336,0.4444444444444444
t38_627,379620,6263730,389610,6273720,1247,0.4148369926813041
t38_628,379620,6273720,389610,6283710,1422,0.47305389221556887
t38_629,379620,6283710,389610,6293700,1644,0.5469061876247505
t38_630,379620,6293700,389610,6303690,1138,0.37857618097139056
t38_631,379620,6303690,389610,6313680,700,0.2328675981370592
t38_632,379620,6313680,389610,6323670,62,0.020625415834996674
t38_633,379620,6323670,389610,6333660,28,0.009314703925482368
t38_634,379620,6333660,389610,6343650,111,0.036926147704590816
t38_635,379620,6343650,389610,6353640,508,0.16899534264803726
t38_636,379620,6353640,389610,6363630,685,0.22787757817697937
t38_637,379620,6363630,389610,6373620,498,0.1656686626746507
t38_638,379620,6373620,389610,6383610,1282,0.426480372588157
t38_639,379620,6383610,389610,6393600,552,0.18363273453093812
t38_640,379620,6393600,389610,6403590,592,0.19693945442448438
t38_641,379620,6403590,389610,6413580,213,0.07085828343313373
t38_642,379620,6413580,389610,6423570,115,0.03825681969394544
t38_643,379620,6423570,389610,6433560,2,0.0006653359946773121
t38_646,379620,6453540,389610,6463530,105,0.03493013972055888
t38_647,379620,6463530,389610,6473520,66,0.021956087824351298
t38_661,379620,6603390,389610,6613380,6,0.001996007984031936
t38_662,379620,6613380,389610,6623370,208,0.06919494344644045
t38_663,379620,6623370,389610,6633360,276,0.09181636726546906
t38_664,379620,6633360,389610,6643350,643,0.2139055222887558
t38_665,379620,6643350,389610,6653340,382,0.1270791749833666
t38_666,379620,6653340,389610,6663330,1487,0.49467731204258153
t38_667,379620,6663330,389610,6673320,1305,0.4341317365269461
t39_389,389610,3886110,399600,3896100,1145,0.38090485695276116
t39_390,389610,3896100,399600,3906090,2015,0.6703260146373918
t39_391,389610,3906090,399600,3916080,1000,0.33266799733865604
t39_392,389610,3916080,399600,3926070,1907,0.634397870924817
t39_393,389610,3926070,399600,3936060,1703,0.5665335994677312
t39_394,389610,3936060,399600,3946050,2095,0.6969394544244844
t39_395,389610,3946050,399600,3956040,1640,0.5455755156353959
t39_396,389610,3956040,399600,3966030,850,0.2827677977378576
t39_397,389610,3966030,399600,3976020,1467,0.4880239520958084
t39_398,389610,3976020,399600,3986010,711,0.23652694610778444
t39_399,389610,3986010,399600,3996000,1802,0.5994677312042581
t39_400,389610,3996000,399600,4005990,2759,0.917831004657352
t39_401,389610,4005990,399600,4015980,2090,0.6952761144377911
t39_402,389610,4015980,399600,4025970,2163,0.719560878243513
t39_403,389610,4025970,399600,4035960,2110,0.7019294743845642
t39_404,389610,4035960,399600,4045950,2852,0.948769128409847
t39_405,389610,4045950,399600,4055940,2411,0.8020625415834997
t39_406,389610,4055940,399600,4065930,482,0.1603459747172322
t39_413,389610,4125870,399600,4135860,16,0.0053226879574184965
t39_414,389610,4135860,399600,4145850,47,0.015635395874916833
t39_416,389610,4155840,399600,4165830,1761,0.5858283433133733
t39_417,389610,4165830,399600,4175820,2871,0.9550898203592815
t39_418,389610,4175820,399600,4185810,2960,0.9846972721224219
t39_419,389610,4185810,399600,4195800,2937,0.9770459081836327
t39_420,389610,4195800,399600,4205790,2910,0.9680638722554891
t39_421,389610,4205790,399600,4215780,2940,0.9780439121756487
t39_422,389610,4215780,399600,4225770,2940,0.9780439121756487
t39_423,389610,4225770,399600,4235760,2940,0.9780439121756487
t39_424,389610,4235760,399600,4245750,560,0.18629407850964738
t39_617,389610,6163830,399600,6173820,1,0.00033266799733865603
t39_618,389610,6173820,399600,6183810,170,0.056553559547571526
t39_619,389610,6183810,399600,6193800,470,0.15635395874916833
t39_620,389610,6193800,399600,6203790,703,0.23386560212907517
t39_621,389610,6203790,399600,6213780,117,0.038922155688622756
t39_622,389610,6213780,399600,6223770,128,0.04258150365934797
t39_623,389610,6223770,399600,6233760,289,0.09614105123087159
t39_624,389610,6233760,399600,6243750,902,0.3000665335994677
t39_625,389610,6243750,399600,6253740,515,0.17132401862940785
t39_626,389610,6253740,399600,6263730,865,0.28775781769793746
t39_627,389610,6263730,399600,6273720,1045,0.34763805721889557
t39_628,389610,6273720,399600,6283710,429,0.14271457085828343
t39_629,389610,6283710,399600,6293700,400,0.1330671989354624
t39_630,389610,6293700,399600,6303690,439,0.14604125083167
t39_631,389610,6303690,399600,6313680,476,0.15834996673320026
t39_632,389610,6313680,399600,6323670,667,0.22188955422488357
t39_633,389610,6323670,399600,6333660,218,0.07252162341982701
t39_634,389610,6333660,399600,6343650,22,0.007318695941450432
t39_635,389610,6343650,399600,6353640,214,0.07119095143047238
t39_636,389610,6353640,399600,6363630,559,0.18596141051230872
t39_637,389610,6363630,399600,6373620,288,0.09580838323353294
t39_638,389610,6373620,399600,6383610,76,0.025282767797737856
t39_639,389610,6383610,399600,6393600,12,0.003992015968063872
t39_640,389610,6393600,399600,6403590,51,0.016966067864271458
t39_641,389610,6403590,399600,6413580,7,0.002328675981370592
t39_663,389610,6623370,399600,6633360,2,0.0006653359946773121
t39_664,389610,6633360,399600,6643350,132,0.043912175648702596
t39_665,389610,6643350,399600,6653340,582,0.1936127744510978
t39_666,389610,6653340,399600,6663330,738,0.24550898203592814
t39_667,389610,6663330,399600,6673320,875,0.291084497671324
t40_389,399600,3886110,409590,3896100,1939,0.645043246839654
t40_390,399600,3896100,409590,3906090,1452,0.48303393213572854
t40_391,399600,3906090,409590,3916080,1616,0.5375914836992681
t40_392,399600,3916080,409590,3926070,1765,0.5871590153027278
t40_393,399600,3926070,409590,3936060,1720,0.5721889554224884
t40_394,399600,3936060,409590,3946050,1266,0.42115768463073855
t40_395,399600,3946050,409590,3956040,719,0.23918829008649367
t40_396,399600,3956040,409590,3966030,548,0.1823020625415835
t40_397,399600,3966030,409590,3976020,1351,0.4494344644045243
t40_398,399600,3976020,409590,3986010,1539,0.5119760479041916
t40_399,399600,3986010,409590,3996000,2335,0.7767797737857618
t40_400,399600,3996000,409590,4005990,1750,0.582168995342648
t40_401,399600,4005990,409590,4015980,1926,0.6407185628742516
t40_402,399600,4015980,409590,4025970,2733,0.909181636726547
t40_403,399600,4025970,409590,4035960,1800,0.5988023952095808
t40_404,399600,4035960,409590,4045950,1544,0.5136393878908849
t40_405,399600,4045950,409590,4055940,1014,0.3373253493013972
t40_406,399600,4055940,409590,4065930,794,0.26413838988689287
t40_408,399600,4075920,409590,4085910,427,0.14204923486360613
t40_409,399600,4085910,409590,4095900,1708,0.5681969394544245
t40_410,399600,4095900,409590,4105890,1593,0.5299401197604791
t40_411,399600,4105890,409590,4115880,1489,0.4953426480372588
t40_412,399600,4115880,409590,4125870,1564,0.520292747837658
t40_413,399600,4125870,409590,4135860,291,0.0968063872255489
t40_415,399600,4145850,409590,4155840,518,0.17232202262142382
t40_416,399600,4155840,409590,4165830,1157,0.38489687292082503
t40_417,399600,4165830,409590,4175820,2952,0.9820359281437125
t40_418,399600,4175820,409590,4185810,2974,0.9893546240851631
t40_419,399600,4185810,409590,4195800,2940,0.9780439121756487
t40_420,399600,4195800,409590,4205790,2940,0.9780439121756487
t40_421,399600,4205790,409590,4215780,2936,0.9767132401862941
t40_422,399600,4215780,409590,4225770,2940,0.9780439121756487
t40_423,399600,4225770,409590,4235760,2867,0.9537591483699268
t40_424,399600,4235760,409590,4245750,621,0.20658682634730538
t40_619,399600,6183810,409590,6193800,107,0.03559547571523619
t40_620,399600,6193800,409590,6203790,189,0.06287425149700598
t40_621,399600,6203790,409590,6213780,12,0.003992015968063872
t40_622,399600,6213780,409590,6223770,333,0.11077844311377245
t40_623,399600,6223770,409590,6233760,562,0.18695941450432468
t40_624,399600,6233760,409590,6243750,338,0.11244178310046574
t40_625,399600,6243750,409590,6253740,173,0.05755156353958749
t40_626,399600,6253740,409590,6263730,596,0.19827012641383898
t40_627,399600,6263730,409590,6273720,56,0.018629407850964737
t40_628,399600,6273720,409590,6283710,502,0.16699933466400532
t40_629,399600,6283710,409590,6293700,82,0.027278775781769793
t40_630,399600,6293700,409590,6303690,473,0.1573519627411843
t40_631,399600,6303690,409590,6313680,155,0.051563539587491686
t40_632,399600,6313680,409590,6323670,95,0.031603459747172324
t40_633,399600,6323670,409590,6333660,2,0.0006653359946773121
t40_634,399600,6333660,409590,6343650,1,0.00033266799733865603
t40_635,399600,6343650,409590,6353640,13,0.004324683965402528
t40_636,399600,6353640,409590,6363630,79,0.026280771789753826
t40_664,399600,6633360,409590,6643350,112,0.037258815701929474
t40_665,399600,6643350,409590,6653340,484,0.16101131071190952
t40_666,399600,6653340,409590,6663330,259,0.08616101131071191
t40_667,399600,6663330,409590,6673320,197,0.06553559547571523
t41_389,409590,3886110,419580,3896100,1427,0.47471723220226214
t41_390,409590,3896100,419580,3906090,1098,0.3652694610778443
t41_391,409590,3906090,419580,3916080,1631,0.542581503659348
t41_392,409590,3916080,419580,3926070,1341,0.44610778443113774
t41_393,409590,3926070,419580,3936060,1280,0.4258150365934797
t41_394,409590,3936060,419580,3946050,1362,0.4530938123752495
t41_395,409590,3946050,419580,3956040,797,0.26513639387890886
t41_396,409590,3956040,419580,3966030,1350,0.4491017964071856
t41_397,409590,3966030,419580,3976020,1182,0.3932135728542914
t41_398,409590,3976020,419580,3986010,1040,0.34597471723220224
t41_399,409590,3986010,419580,3996000,2195,0.7302062541583499
t41_400,409590,3996000,419580,4005990,1274,0.42381902860944776
t41_401,409590,4005990,419580,4015980,1035,0.344311377245509
t41_402,409590,4015980,419580,4025970,168,0.05588822355289421
t41_407,409590,4065930,419580,4075920,142,0.047238855622089154
t41_408,409590,4075920,419580,4085910,2140,0.7119095143047239
t41_409,409590,4085910,419580,4095900,3008,1.0006653359946773
t41_410,409590,4095900,419580,4105890,2731,0.9085163007318696
t41_411,409590,4105890,419580,4115880,2493,0.8293413173652695
t41_412,409590,4115880,419580,4125870,1554,0.5169660678642715
t41_413,409590,4125870,419580,4135860,160,0.05322687957418496
t41_414,409590,4135860,419580,4145850,1033,0.34364604125083165
t41_415,409590,4145850,419580,4155840,2217,0.7375249500998003
t41_416,409590,4155840,419580,4165830,20,0.00665335994677312
t41_417,409590,4165830,419580,4175820,2562,0.8522954091816367
t41_418,409590,4175820,419580,4185810,2940,0.9780439121756487
t41_419,409590,4185810,419580,4195800,2940,0.9780439121756487
t41_420,409590,4195800,419580,4205790,2940,0.9780439121756487
t41_421,409590,4205790,419580,4215780,2869,0.9544244843646041
t41_422,409590,4215780,419580,4225770,2930,0.9747172322022621
t41_423,409590,4225770,419580,4235760,2852,0.948769128409847
t41_424,409590,4235760,419580,4245750,654,0.21756487025948104
t41_621,409590,6203790,419580,6213780,261,0.08682634730538923
t41_622,409590,6213780,419580,6223770,672,0.22355289421157684
t41_623,409590,6223770,419580,6233760,36,0.011976047904191617
t41_624,409590,6233760,419580,6243750,289,0.09614105123087159
t41_625,409590,6243750,419580,6253740,632,0.2102461743180306
t41_626,409590,6253740,419580,6263730,135,0.04491017964071856
t41_627,409590,6263730,419580,6273720,51,0.016966067864271458
t41_628,409590,6273720,419580,6283710,748,0.2488356620093147
t41_629,409590,6283710,419580,6293700,59,0.019627411842980707
t41_630,409590,6293700,419580,6303690,271,0.09015302727877578
t41_631,409590,6303690,419580,6313680,438,0.14570858283433133
t41_632,409590,6313680,419580,6323670,46,0.015302727877578177
t41_665,409590,6643350,419580,6653340,10,0.00332667997338656
t41_666,409590,6653340,419580,6663330,93,0.03093812375249501
t41_667,409590,6663330,419580,6673320,29,0.009647371922821025
t42_389,419580,3886110,429570,3896100,18,0.005988023952095809
t42_390,419580,3896100,429570,3906090,921,0.3063872255489022
t42_391,419580,3906090,429570,3916080,1127,0.37491683300066536
t42_392,419580,3916080,429570,3926070,1243,0.4135063206919494
t42_393,419580,3926070,429570,3936060,1401,0.4660678642714571
t42_394,419580,3936060,429570,3946050,552,0.18363273453093812
t42_395,419580,3946050,429570,3956040,696,0.2315369261477046
t42_396,419580,3956040,429570,3966030,1511,0.5026613439787092
t42_397,419580,3966030,429570,3976020,1400,0.4657351962741184
t42_398,419580,3976020,429570,3986010,1374,0.45708582834331335
t42_399,419580,3986010,429570,3996000,115,0.03825681969394544
t42_401,419580,4005990,429570,4015980,15,0.00499001996007984
t42_402,419580,4015980,429570,4025970,856,0.28476380572188953
t42_403,419580,4025970,429570,4035960,1730,0.5755156353958749
t42_404,419580,4035960,429570,4045950,1564,0.520292747837658
t42_407,419580,4065930,429570,4075920,116,0.0385894876912841
t42_408,419580,4075920,429570,4085910,2797,0.9304723885562209
t42_409,419580,4085910,429570,4095900,2982,0.9920159680638723
t42_410,419580,4095900,429570,4105890,2982,0.9920159680638723
t42_411,419580,4105890,429570,4115880,2979,0.9910179640718563
t42_412,419580,4115880,429570,4125870,2731,0.9085163007318696
t42_413,419580,4125870,429570,4135860,1160,0.38589487691284097
t42_414,419580,4135860,429570,4145850,2337,0.7774451097804391
t42_415,419580,4145850,429570,4155840,2184,0.7265469061876247
t42_416,419580,4155840,429570,4165830,86,0.028609447771124417
t42_417,419580,4165830,429570,4175820,538,0.17897538256819695
t42_418,419580,4175820,429570,4185810,2938,0.9773785761809713
t42_419,419580,4185810,429570,4195800,2940,0.9780439121756487
t42_420,419580,4195800,429570,4205790,2940,0.9780439121756487
t42_421,419580,4205790,429570,4215780,2940,0.9780439121756487
t42_422,419580,4215780,429570,4225770,2940,0.9780439121756487
t42_423,419580,4225770,429570,4235760,2841,0.9451097804391217
t42_424,419580,4235760,429570,4245750,682,0.2268795741849634
t42_621,419580,6203790,429570,6213780,157,0.052228875582168995
t42_622,419580,6213780,429570,6223770,17,0.005655355954757153
t42_623,419580,6223770,429570,6233760,39,0.012974051896207584
t42_624,419580,6233760,429570,6243750,7,0.002328675981370592
t42_627,419580,6263730,429570,6273720,1,0.00033266799733865603
t42_631,419580,6303690,429570,6313680,27,0.008982035928143712
t42_632,419580,6313680,429570,6323670,9,0.0029940119760479044
t43_389,429570,3886110,439560,3896100,556,0.18496340652029275
t43_390,429570,3896100,439560,3906090,1572,0.5229540918163673
t43_391,429570,3906090,439560,3916080,1205,0.4008649367930805
t43_392,429570,3916080,439560,3926070,1132,0.37658017298735863
t43_393,429570,3926070,439560,3936060,1048,0.3486360612109115
t43_394,429570,3936060,439560,3946050,207,0.0688622754491018
t43_395,429570,3946050,439560,3956040,1,0.00033266799733865603
t43_396,429570,3956040,439560,3966030,640,0.21290751829673984
t43_397,429570,3966030,439560,3976020,2206,0.7338656021290751
t43_398,429570,3976020,439560,3986010,2418,0.8043912175648703
t43_399,429570,3986010,439560,3996000,201,0.06686626746506986
t43_400,429570,3996000,439560,4005990,802,0.26679973386560213
t43_401,429570,4005990,439560,4015980,2648,0.8809048569527611
t43_402,429570,4015980,439560,4025970,3018,1.003992015968064
t43_403,429570,4025970,439560,4035960,2938,0.9773785761809713
t43_404,429570,4035960,439560,4045950,3020,1.004657351962741
t43_405,429570,4045950,439560,4055940,472,0.15701929474384566
t43_408,429570,4075920,439560,4085910,1239,0.4121756487025948
t43_409,429570,4085910,439560,4095900,3013,1.0023286759813705
t43_410,429570,4095900,439560,4105890,3024,1.0059880239520957
t43_411,429570,4105890,439560,4115880,2982,0.9920159680638723
t43_412,429570,4115880,439560,4125870,2982,0.9920159680638723
t43_413,429570,4125870,439560,4135860,2981,0.9916833000665336
t43_414,429570,4135860,439560,4145850,2605,0.866600133067199
t43_415,429570,4145850,439560,4155840,75,0.0249500998003992
t43_418,429570,4175820,439560,4185810,1973,0.6563539587491684
t43_419,429570,4185810,439560,4195800,2939,0.97771124417831
t43_420,429570,4195800,439560,4205790,2940,0.9780439121756487
t43_421,429570,4205790,439560,4215780,2940,0.9780439121756487
t43_422,429570,4215780,439560,4225770,2940,0.9780439121756487
t43_423,429570,4225770,439560,4235760,2912,0.9687292082501663
t43_424,429570,4235760,439560,4245750,371,0.12341982701264138
t44_389,439560,3886110,449550,3896100,788,0.26214238190286093
t44_390,439560,3896100,449550,3906090,1496,0.4976713240186294
t44_391,439560,3906090,449550,3916080,1891,0.6290751829673985
t44_392,439560,3916080,449550,3926070,917,0.3050565535595476
t44_393,439560,3926070,449550,3936060,419,0.13938789088489686
t44_394,439560,3936060,449550,3946050,107,0.03559547571523619
t44_395,439560,3946050,449550,3956040,291,0.0968063872255489
t44_396,439560,3956040,449550,3966030,1363,0.45342648037258815
t44_397,439560,3966030,449550,3976020,1386,0.46107784431137727
t44_398,439560,3976020,449550,3986010,940,0.31270791749833665
t44_399,439560,3986010,449550,3996000,95,0.031603459747172324
t44_400,439560,3996000,449550,4005990,2673,0.8892215568862275
t44_401,439560,4005990,449550,4015980,3012,1.001996007984032
t44_402,439560,4015980,449550,4025970,2907,0.9670658682634731
t44_403,439560,4025970,449550,4035960,3007,1.0003326679973386
t44_404,439560,4035960,449550,4045950,3006,1.0
t44_405,439560,4045950,449550,4055940,2242,0.7458416500332667
t44_408,439560,4075920,449550,4085910,174,0.05788423153692615
t44_409,439560,4085910,449550,4095900,2948,0.980705256154358
t44_410,439560,4095900,449550,4105890,3052,1.0153027278775781
t44_411,439560,4105890,449550,4115880,2981,0.9916833000665336
t44_412,439560,4115880,449550,4125870,2978,0.9906852960745176
t44_413,439560,4125870,449550,4135860,3053,1.015635395874917
t44_414,439560,4135860,449550,4145850,2964,0.9860279441117764
t44_415,439560,4145850,449550,4155840,1236,0.4111776447105788
t44_418,439560,4175820,449550,4185810,1116,0.3712574850299401
t44_419,439560,4185810,449550,4195800,2912,0.9687292082501663
t44_420,439560,4195800,449550,4205790,2937,0.9770459081836327
t44_421,439560,4205790,449550,4215780,2939,0.97771124417831
t44_422,439560,4215780,449550,4225770,2898,0.9640718562874252
t44_423,439560,4225770,449550,4235760,1842,0.6127744510978044
t45_389,449550,3886110,459540,3896100,479,0.15934797072521623
t45_390,449550,3896100,459540,3906090,1438,0.47837658017298734
t45_391,449550,3906090,459540,3916080,1813,0.6031270791749833
t45_392,449550,3916080,459540,3926070,1112,0.3699268130405855
t45_393,449550,3926070,459540,3936060,1534,0.5103127079174984
t45_394,449550,3936060,459540,3946050,160,0.05322687957418496
t45_395,449550,3946050,459540,3956040,588,0.19560878243512975
t45_396,449550,3956040,459540,3966030,1470,0.48902195608782434
t45_397,449550,3966030,459540,3976020,2151,0.7155688622754491
t45_398,449550,3976020,459540,3986010,979,0.32568196939454425
t45_399,449550,3986010,459540,3996000,1004,0.33399866932801064
t45_400,449550,3996000,459540,4005990,2997,0.9970059880239521
t45_401,449550,4005990,459540,4015980,3034,1.0093147039254824
t45_402,449550,4015980,459540,4025970,2755,0.9165003326679974
t45_403,449550,4025970,459540,4035960,3062,1.0186294078509648
t45_404,449550,4035960,459540,4045950,3012,1.001996007984032
t45_405,449550,4045950,459540,4055940,2754,0.9161676646706587
t45_406,449550,4055940,459540,4065930,185,0.061543579507651366
t45_408,449550,4075920,459540,4085910,4,0.0013306719893546241
t45_409,449550,4085910,459540,4095900,2668,0.8875582168995343
t45_410,449550,4095900,459540,4105890,2974,0.9893546240851631
t45_411,449550,4105890,459540,4115880,2961,0.9850299401197605
t45_412,449550,4115880,459540,4125870,3010,1.0013306719893547
t45_413,449550,4125870,459540,4135860,2981,0.9916833000665336
t45_414,449550,4135860,459540,4145850,2981,0.9916833000665336
t45_415,449550,4145850,459540,4155840,2690,0.8948769128409847
t45_416,449550,4155840,459540,4165830,1053,0.3502994011976048
t45_417,449550,4165830,459540,4175820,85,0.028276779773785763
t45_418,449550,4175820,459540,4185810,1644,0.5469061876247505
t45_419,449550,4185810,459540,4195800,2876,0.9567531603459747
t45_420,449550,4195800,459540,4205790,2981,0.9916833000665336
t45_421,449550,4205790,459540,4215780,2938,0.9773785761809713
t45_422,449550,4215780,459540,4225770,2827,0.9404524284763806
t45_423,449550,4225770,459540,4235760,393,0.13073852295409183
t46_389,459540,3886110,469530,3896100,1046,0.3479707252162342
t46_390,459540,3896100,469530,3906090,1535,0.5106453759148369
t46_391,459540,3906090,469530,3916080,1837,0.6111111111111112
t46_392,459540,3916080,469530,3926070,793,0.2638057218895542
t46_393,459540,3926070,469530,3936060,426,0.14171656686626746
t46_394,459540,3936060,469530,3946050,59,0.019627411842980707
t46_396,459540,3956040,469530,3966030,1137,0.3782435129740519
t46_397,459540,3966030,469530,3976020,1590,0.5289421157684631
t46_398,459540,3976020,469530,3986010,365,0.12142381902860945
t46_399,459540,3986010,469530,3996000,2246,0.7471723220226214
t46_400,459540,3996000,469530,4005990,3003,0.999001996007984
t46_401,459540,4005990,469530,4015980,3030,1.0079840319361277
t46_402,459540,4015980,469530,4025970,3063,1.0189620758483033
t46_403,459540,4025970,469530,4035960,3011,1.0016633399866932
t46_404,459540,4035960,469530,4045950,3006,1.0
t46_405,459540,4045950,469530,4055940,3022,1.0053226879574184
t46_406,459540,4055940,469530,4065930,1877,0.6244178310046573
t46_409,459540,4085910,469530,4095900,2283,0.7594810379241517
t46_410,459540,4095900,469530,4105890,2979,0.9910179640718563
t46_411,459540,4105890,469530,4115880,3049,1.0143047238855623
t46_412,459540,4115880,469530,4125870,2982,0.9920159680638723
t46_413,459540,4125870,469530,4135860,2978,0.9906852960745176
t46_414,459540,4135860,469530,4145850,3010,1.0013306719893547
t46_415,459540,4145850,469530,4155840,2939,0.97771124417831
t46_416,459540,4155840,469530,4165830,3000,0.998003992015968
t46_417,459540,4165830,469530,4175820,2854,0.9494344644045243
t46_418,459540,4175820,469530,4185810,2155,0.7168995342648037
t46_419,459540,4185810,469530,4195800,860,0.2860944777112442
t46_420,459540,4195800,469530,4205790,2199,0.7315369261477046
t46_421,459540,4205790,469530,4215780,2699,0.8978709248170326
t46_422,459540,4215780,469530,4225770,2131,0.708915502328676
t47_389,469530,3886110,479520,3896100,1535,0.5106453759148369
t47_390,469530,3896100,479520,3906090,1933,0.6430472388556221
t47_391,469530,3906090,479520,3916080,1456,0.48436460412508314
t47_392,469530,3916080,479520,3926070,871,0.2897538256819694
t47_393,469530,3926070,479520,3936060,151,0.05023286759813706
t47_394,469530,3936060,479520,3946050,991,0.3296739853626081
t47_395,469530,3946050,479520,3956040,763,0.25382568196939453
t47_396,469530,3956040,479520,3966030,1543,0.5133067198935463
t47_397,469530,3966030,479520,3976020,1501,0.49933466400532267
t47_398,469530,3976020,479520,3986010,763,0.25382568196939453
t47_399,469530,3986010,479520,3996000,2997,0.9970059880239521
t47_400,469530,3996000,479520,4005990,2991,0.9950099800399201
t47_401,469530,4005990,479520,4015980,3088,1.0272787757817698
t47_402,469530,4015980,479520,4025970,1539,0.5119760479041916
t47_403,469530,4025970,479520,4035960,2983,0.9923486360612109
t47_404,469530,4035960,479520,4045950,3093,1.028942115768463
t47_405,469530,4045950,479520,4055940,2938,0.9773785761809713
t47_406,469530,4055940,479520,4065930,2985,0.9930139720558883
t47_407,469530,4065930,479520,4075920,834,0.2774451097804391
t47_408,469530,4075920,479520,4085910,329,0.10944777112441784
t47_409,469530,4085910,479520,4095900,2554,0.8496340652029275
t47_410,469530,4095900,479520,4105890,3051,1.0149700598802396
t47_411,469530,4105890,479520,4115880,2926,0.9733865602129075
t47_412,469530,4115880,479520,4125870,2965,0.9863606121091151
t47_413,469530,4125870,479520,4135860,2993,0.9956753160345975
t47_414,469530,4135860,479520,4145850,2918,0.9707252162341983
t47_415,469530,4145850,479520,4155840,2917,0.9703925482368596
t47_416,469530,4155840,479520,4165830,2993,0.9956753160345975
t47_417,469530,4165830,479520,4175820,2813,0.9357950765136394
t47_418,469530,4175820,479520,4185810,2101,0.6989354624085163
t47_419,469530,4185810,479520,4195800,284,0.09447771124417831
t47_421,469530,4205790,479520,4215780,1291,0.42947438456420495
t47_422,469530,4215780,479520,4225770,1792,0.5961410512308716
t48_389,479520,3886110,489510,3896100,2341,0.7787757817697938
t48_390,479520,3896100,489510,3906090,1822,0.6061210911510313
t48_391,479520,3906090,489510,3916080,1405,0.46739853626081174
t48_392,479520,3916080,489510,3926070,59,0.019627411842980707
t48_393,479520,3926070,489510,3936060,1,0.00033266799733865603
t48_394,479520,3936060,489510,3946050,347,0.11543579507651364
t48_395,479520,3946050,489510,3956040,1917,0.6377245508982036
t48_396,479520,3956040,489510,3966030,1207,0.4015302727877578
t48_397,479520,3966030,489510,3976020,417,0.13872255489021956
t48_398,479520,3976020,489510,3986010,2046,0.6806387225548902
t48_399,479520,3986010,489510,3996000,2989,0.9943446440452428
t48_400,479520,3996000,489510,4005990,2958,0.9840319361277445
t48_401,479520,4005990,489510,4015980,2488,0.8276779773785762
t48_402,479520,4015980,489510,4025970,2946,0.9800399201596807
t48_403,479520,4025970,489510,4035960,3049,1.0143047238855623
t48_404,479520,4035960,489510,4045950,3035,1.009647371922821
t48_405,479520,4045950,489510,4055940,2996,0.9966733200266135
t48_406,479520,4055940,489510,4065930,3021,1.0049900199600799
t48_407,479520,4065930,489510,4075920,3035,1.009647371922821
t48_408,479520,4075920,489510,4085910,2903,0.9657351962741184
t48_409,479520,4085910,489510,4095900,2935,0.9763805721889555
t48_410,479520,4095900,489510,4105890,2919,0.9710578842315369
t48_411,479520,4105890,489510,4115880,2904,0.9660678642714571
t48_412,479520,4115880,489510,4125870,3048,1.0139720558882235
t48_413,479520,4125870,489510,4135860,3009,1.0009980039920159
t48_414,479520,4135860,489510,4145850,2939,0.97771124417831
t48_415,479520,4145850,489510,4155840,2995,0.9963406520292748
t48_416,479520,4155840,489510,4165830,2526,0.8403193612774451
t48_417,479520,4165830,489510,4175820,217,0.07218895542248836
t48_421,479520,4205790,489510,4215780,123,0.04091816367265469
t48_422,479520,4215780,489510,4225770,1555,0.5172987358616101
t49_389,489510,3886110,499500,3896100,2504,0.8330006653359947
t49_390,489510,3896100,499500,3906090,2136,0.7105788423153693
t49_391,489510,3906090,499500,3916080,1252,0.41650033266799735
t49_392,489510,3916080,499500,3926070,192,0.06387225548902195
t49_393,489510,3926070,499500,3936060,337,0.11210911510312709
t49_394,489510,3936060,499500,3946050,317,0.10545575515635396
t49_395,489510,3946050,499500,3956040,1447,0.48137059214903527
t49_396,489510,3956040,499500,3966030,1455,0.48403193612774453
t49_397,489510,3966030,499500,3976020,800,0.2661343978709248
t49_398,489510,3976020,499500,3986010,2813,0.9357950765136394
t49_399,489510,3986010,499500,3996000,2976,0.9900199600798403
t49_400,489510,3996000,499500,4005990,1940,0.6453759148369926
t49_401,489510,4005990,499500,4015980,1615,0.5372588157019295
t49_402,489510,4015980,499500,4025970,2533,0.8426480372588157
t49_403,489510,4025970,499500,4035960,3096,1.029940119760479
t49_404,489510,4035960,499500,4045950,3077,1.0236194278110446
t49_405,489510,4045950,499500,4055940,3010,1.0013306719893547
t49_406,489510,4055940,499500,4065930,3037,1.0103127079174983
t49_407,489510,4065930,499500,4075920,3041,1.011643379906853
t49_408,489510,4075920,499500,4085910,2979,0.9910179640718563
t49_409,489510,4085910,499500,4095900,3002,0.9986693280106453
t49_410,489510,4095900,499500,4105890,2996,0.9966733200266135
t49_411,489510,4105890,499500,4115880,2729,0.9078509647371923
t49_412,489510,4115880,499500,4125870,3049,1.0143047238855623
t49_413,489510,4125870,499500,4135860,2938,0.9773785761809713
t49_414,489510,4135860,499500,4145850,2939,0.97771124417831
t49_415,489510,4145850,499500,4155840,2995,0.9963406520292748
t49_416,489510,4155840,499500,4165830,1964,0.6533599467731205
t49_421,489510,4205790,499500,4215780,592,0.19693945442448438
t49_422,489510,4215780,499500,4225770,783,0.26047904191616766
t50_389,499500,3886110,509490,3896100,1639,0.5452428476380572
t50_390,499500,3896100,509490,3906090,1980,0.6586826347305389
t50_391,499500,3906090,509490,3916080,1226,0.4078509647371923
t50_392,499500,3916080,509490,3926070,1780,0.5921490352628077
t50_393,499500,3926070,509490,3936060,2029,0.674983366600133
t50_394,499500,3936060,509490,3946050,1863,0.6197604790419161
t50_395,499500,3946050,509490,3956040,1067,0.354956753160346
t50_396,499500,3956040,509490,3966030,1986,0.6606786427145709
t50_397,499500,3966030,509490,3976020,1211,0.40286094477711243
t50_398,499500,3976020,509490,3986010,2929,0.9743845642049235
t50_399,499500,3986010,509490,3996000,2712,0.9021956087824351
t50_400,499500,3996000,509490,4005990,2796,0.9301397205588823
t50_401,499500,4005990,509490,4015980,1966,0.6540252827677977
t50_402,499500,4015980,509490,4025970,2344,0.7797737857618097
t50_403,499500,4025970,509490,4035960,3022,1.0053226879574184
t50_404,499500,4035960,509490,4045950,3033,1.0089820359281436
t50_405,499500,4045950,509490,4055940,2980,0.9913506320691949
t50_406,499500,4055940,509490,4065930,3044,1.0126413838988688
t50_407,499500,4065930,509490,4075920,3009,1.0009980039920159
t50_408,499500,4075920,509490,4085910,2936,0.9767132401862941
t50_409,499500,4085910,509490,4095900,2968,0.9873586161011311
t50_410,499500,4095900,509490,4105890,2997,0.9970059880239521
t50_411,499500,4105890,509490,4115880,2937,0.9770459081836327
t50_412,499500,4115880,509490,4125870,3000,0.998003992015968
t50_413,499500,4125870,509490,4135860,3008,1.0006653359946773
t50_414,499500,4135860,509490,4145850,2947,0.9803725881570193
t50_415,499500,4145850,509490,4155840,2944,0.9793745841650033
t50_416,499500,4155840,509490,4165830,2872,0.9554224883566201
t50_417,499500,4165830,509490,4175820,331,0.11011310711909514
t50_420,499500,4195800,509490,4205790,103,0.034264803725881574
t50_421,499500,4205790,509490,4215780,1960,0.6520292747837658
t50_422,499500,4215780,509490,4225770,35,0.011643379906852961
t51_389,509490,3886110,519480,3896100,1516,0.5043246839654025
t51_390,509490,3896100,519480,3906090,2254,0.7498336660013307
t51_391,509490,3906090,519480,3916080,1621,0.5392548236859614
t51_392,509490,3916080,519480,3926070,1694,0.5635395874916833
t51_393,509490,3926070,519480,3936060,2224,0.739853626081171
t51_394,509490,3936060,519480,3946050,1504,0.5003326679973387
t51_395,509490,3946050,519480,3956040,2064,0.6866267465069861
t51_396,509490,3956040,519480,3966030,2057,0.6842980705256154
t51_397,509490,3966030,519480,3976020,2212,0.7358616101131071
t51_398,509490,3976020,519480,3986010,2862,0.9520958083832335
t51_399,509490,3986010,519480,3996000,3055,1.0163007318695942
t51_400,509490,3996000,519480,4005990,3010,1.0013306719893547
t51_401,509490,4005990,519480,4015980,3073,1.02228875582169
t51_402,509490,4015980,519480,4025970,3007,1.0003326679973386
t51_403,509490,4025970,519480,4035960,3053,1.015635395874917
t51_404,509490,4035960,519480,4045950,3051,1.0149700598802396
t51_405,509490,4045950,519480,4055940,2976,0.9900199600798403
t51_406,509490,4055940,519480,4065930,3049,1.0143047238855623
t51_407,509490,4065930,519480,4075920,3010,1.0013306719893547
t51_408,509490,4075920,519480,4085910,2982,0.9920159680638723
t51_409,509490,4085910,519480,4095900,3040,1.0113107119095144
t51_410,509490,4095900,519480,4105890,2529,0.8413173652694611
t51_411,509490,4105890,519480,4115880,2634,0.8762475049900199
t51_412,509490,4115880,519480,4125870,2813,0.9357950765136394
t51_413,509490,4125870,519480,4135860,2980,0.9913506320691949
t51_414,509490,4135860,519480,4145850,2898,0.9640718562874252
t51_415,509490,4145850,519480,4155840,2995,0.9963406520292748
t51_416,509490,4155840,519480,4165830,3003,0.999001996007984
t51_417,509490,4165830,519480,4175820,1890,0.6287425149700598
t51_418,509490,4175820,519480,4185810,128,0.04258150365934797
t51_420,509490,4195800,519480,4205790,448,0.1490352628077179
t51_421,509490,4205790,519480,4215780,585,0.19461077844311378
t52_389,519480,3886110,529470,3896100,1714,0.5701929474384564
t52_390,519480,3896100,529470,3906090,1717,0.5711909514304724
t52_391,519480,3906090,529470,3916080,1493,0.49667332002661346
t52_392,519480,3916080,529470,3926070,1404,0.46706586826347307
t52_393,519480,3926070,529470,3936060,1220,0.40585495675316036
t52_394,519480,3936060,529470,3946050,1296,0.4311377245508982
t52_395,519480,3946050,529470,3956040,1180,0.3925482368596141
t52_396,519480,3956040,529470,3966030,1184,0.39387890884896876
t52_397,519480,3966030,529470,3976020,945,0.3143712574850299
t52_398,519480,3976020,529470,3986010,1755,0.5838323353293413
t52_399,519480,3986010,529470,3996000,1864,0.6200931470392548
t52_400,519480,3996000,529470,4005990,1834,0.6101131071190952
t52_401,519480,4005990,529470,4015980,1934,0.6433799068529608
t52_402,519480,4015980,529470,4025970,1935,0.6437125748502994
t52_403,519480,4025970,529470,4035960,1935,0.6437125748502994
t52_404,519480,4035960,529470,4045950,1968,0.654690618762475
t52_405,519480,4045950,529470,4055940,1978,0.6580172987358616
t52_406,519480,4055940,529470,4065930,1978,0.6580172987358616
t52_407,519480,4065930,529470,4075920,1978,0.6580172987358616
t52_408,519480,4075920,529470,4085910,2021,0.6723220226214238
t52_409,519480,4085910,529470,4095900,1993,0.6630073186959414
t52_410,519480,4095900,529470,4105890,1344,0.4471057884231537
t52_411,519480,4105890,529470,4115880,1500,0.499001996007984
t52_412,519480,4115880,529470,4125870,1844,0.6134397870924817
t52_413,519480,4125870,529470,4135860,2059,0.6849634065202928
t52_414,519480,4135860,529470,4145850,2064,0.6866267465069861
t52_415,519480,4145850,529470,4155840,2107,0.7009314703925482
t52_416,519480,4155840,529470,4165830,2105,0.7002661343978709
t52_417,519480,4165830,529470,4175820,682,0.2268795741849634
t52_420,519480,4195800,529470,4205790,648,0.2155688622754491
t52_421,519480,4205790,529470,4215780,121,0.04025282767797738
t53_389,529470,3886110,539460,3896100,974,0.324018629407851
t53_390,529470,3896100,539460,3906090,1363,0.45342648037258815
t53_391,529470,3906090,539460,3916080,1357,0.4514304723885562
t53_419,529470,4185810,539460,4195800,16,0.0053226879574184965
t53_420,529470,4195800,539460,4205790,425,0.1413838988689288
t54_389,539460,3886110,549450,3896100,217,0.07218895542248836
t54_390,539460,3896100,549450,3906090,1483,0.49334664005322687
t54_391,539460,3906090,549450,3916080,1988,0.6613439787092482
t54_419,539460,4185810,549450,4195800,1,0.00033266799733865603
t54_420,539460,4195800,549450,4205790,39,0.012974051896207584
t55_389,549450,3886110,559440,3896100,1667,0.5545575515635396
t55_390,549450,3896100,559440,3906090,1897,0.6310711909514305
t55_391,549450,3906090,559440,3916080,2742,0.9121756487025948
t55_392,549450,3916080,559440,3926070,21,0.006986027944111776
t56_389,559440,3886110,569430,3896100,3066,1.0199600798403194
t56_390,559440,3896100,569430,3906090,2935,0.9763805721889555
t56_391,559440,3906090,569430,3916080,2942,0.978709248170326
t56_392,559440,3916080,569430,3926070,29,0.009647371922821025
t57_389,569430,3886110,579420,3896100,2370,0.7884231536926147
t57_390,569430,3896100,579420,3906090,2137,0.7109115103127079
t57_391,569430,3906090,579420,3916080,2020,0.6719893546240852
t58_389,579420,3886110,589410,3896100,2935,0.9763805721889555
t58_390,579420,3896100,589410,3906090,1915,0.6370592149035262
t58_391,579420,3906090,589410,3916080,1506,0.500998003992016
t59_389,589410,3886110,599400,3896100,2593,0.8626081170991351
t59_390,589410,3896100,599400,3906090,2246,0.7471723220226214
t59_391,589410,3906090,599400,3916080,1571,0.5226214238190287
t60_389,599400,3886110,609390,3896100,2322,0.7724550898203593
t60_390,599400,3896100,609390,3906090,2686,0.89354624085163
t60_391,599400,3906090,609390,3916080,1687,0.5612109115103127
t61_389,609390,3886110,619380,3896100,3036,1.0099800399201597
t61_390,609390,3896100,619380,3906090,2774,0.9228210246174318
t61_391,609390,3906090,619380,3916080,802,0.26679973386560213
t62_389,619380,3886110,629370,3896100,1441,0.47937458416500334
t62_390,619380,3896100,629370,3906090,1017,0.3383233532934132
