tipo,grupo,pool,etiqueta,run_a,run_b,esquema,target,clase_pendiente,lectura,n,R2_o_dif,DE
modelo,compuerta_pool,pg_all_lenoso,piso_topo_area,B01c_topo_ctr-area_raw100_pg-all_unified_woody,,kfold5_block20_unified,lcbd_count_sorensen,todas,todas,2499,0.35484998393918915,0.004636526690961559
modelo,compuerta_pool,pg_all_lenoso,piso_topo_area,B01c_topo_ctr-area_raw100_pg-all_unified_woody,,kfold5_block20_unified,lcbd_count_sorensen,todas,parcelas_cl,479,0.5150920147241206,0.0074619549049884685
modelo,compuerta_pool,pg_all_lenoso,piso_topo_area,B01c_topo_ctr-area_raw100_pg-all_unified_woody,,kfold5_block20_unified,lcbd_count_sorensen,todas,living_trees,2020,0.060971324594019514,0.008023260155985158
modelo,compuerta_pool,pg_all_lenoso,piso_topo_area,B01c_topo_ctr-area_raw100_pg-all_unified_woody,,kfold5_block20_unified,lcbd_count_sorensen,todas,pcl_dentro_owner,479,-0.1926508030420319,0.028567339539110642
modelo,compuerta_pool,pg_all_lenoso,piso_topo_area,B01c_topo_ctr-area_raw100_pg-all_unified_woody,,kfold5_block20_unified,lcbd_count_sorensen,todas,lt_dentro_banda,2020,0.038295489130505476,0.004853507447203171
modelo,compuerta_pool,pg_all_lenoso,clima,RFG1c_clim-topo_ctr-area_raw100_pg-all_unified_woody,,kfold5_block20_unified,lcbd_count_sorensen,todas,todas,2499,0.45684117755381776,0.0026897704964276674
modelo,compuerta_pool,pg_all_lenoso,clima,RFG1c_clim-topo_ctr-area_raw100_pg-all_unified_woody,,kfold5_block20_unified,lcbd_count_sorensen,todas,parcelas_cl,479,0.5194864015172151,0.028059666325926647
modelo,compuerta_pool,pg_all_lenoso,clima,RFG1c_clim-topo_ctr-area_raw100_pg-all_unified_woody,,kfold5_block20_unified,lcbd_count_sorensen,todas,living_trees,2020,0.21977003112267376,0.006974135488468668
modelo,compuerta_pool,pg_all_lenoso,clima,RFG1c_clim-topo_ctr-area_raw100_pg-all_unified_woody,,kfold5_block20_unified,lcbd_count_sorensen,todas,pcl_dentro_owner,479,-0.3388157063980226,0.027403516363298967
modelo,compuerta_pool,pg_all_lenoso,clima,RFG1c_clim-topo_ctr-area_raw100_pg-all_unified_woody,,kfold5_block20_unified,lcbd_count_sorensen,todas,lt_dentro_banda,2020,0.13494219081788836,0.007964030731883264
modelo,compuerta_pool,pg_all_lenoso,curva,RFG2c_curve-topo_ctr-area_kndvi_raw100_pg-all_unified_woody,,kfold5_block20_unified,lcbd_count_sorensen,todas,todas,2499,0.44690133575235125,0.0021565188955805733
modelo,compuerta_pool,pg_all_lenoso,curva,RFG2c_curve-topo_ctr-area_kndvi_raw100_pg-all_unified_woody,,kfold5_block20_unified,lcbd_count_sorensen,todas,parcelas_cl,479,0.5460482374390367,0.030583496848196057
modelo,compuerta_pool,pg_all_lenoso,curva,RFG2c_curve-topo_ctr-area_kndvi_raw100_pg-all_unified_woody,,kfold5_block20_unified,lcbd_count_sorensen,todas,living_trees,2020,0.2004287752066446,0.007167066008961842
modelo,compuerta_pool,pg_all_lenoso,curva,RFG2c_curve-topo_ctr-area_kndvi_raw100_pg-all_unified_woody,,kfold5_block20_unified,lcbd_count_sorensen,todas,pcl_dentro_owner,479,-0.27750538062145974,0.039639806623528714
modelo,compuerta_pool,pg_all_lenoso,curva,RFG2c_curve-topo_ctr-area_kndvi_raw100_pg-all_unified_woody,,kfold5_block20_unified,lcbd_count_sorensen,todas,lt_dentro_banda,2020,0.11609563950129413,0.005914465899264691
modelo,compuerta_pool,pg_all_lenoso,lsp,RFG7c_lspu-topo_ctr-area_kndvi_raw100_pg-all_unified_woody,,kfold5_block20_unified,lcbd_count_sorensen,todas,todas,2499,0.44471723790504464,0.00275714893321457
modelo,compuerta_pool,pg_all_lenoso,lsp,RFG7c_lspu-topo_ctr-area_kndvi_raw100_pg-all_unified_woody,,kfold5_block20_unified,lcbd_count_sorensen,todas,parcelas_cl,479,0.513155787091829,0.03983934594546318
modelo,compuerta_pool,pg_all_lenoso,lsp,RFG7c_lspu-topo_ctr-area_kndvi_raw100_pg-all_unified_woody,,kfold5_block20_unified,lcbd_count_sorensen,todas,living_trees,2020,0.20172500568401805,0.00803069058559457
modelo,compuerta_pool,pg_all_lenoso,lsp,RFG7c_lspu-topo_ctr-area_kndvi_raw100_pg-all_unified_woody,,kfold5_block20_unified,lcbd_count_sorensen,todas,pcl_dentro_owner,479,-0.3239221622818102,0.04268113116301487
modelo,compuerta_pool,pg_all_lenoso,lsp,RFG7c_lspu-topo_ctr-area_kndvi_raw100_pg-all_unified_woody,,kfold5_block20_unified,lcbd_count_sorensen,todas,lt_dentro_banda,2020,0.11847833480917092,0.0064546060453674475
modelo,compuerta_pool,pg_all_lenoso,gm,RFG4ac_gmoall-topo_ctr-area_raw100_pg-all_unified_woody_gmonc,,kfold5_block20_unified,lcbd_count_sorensen,todas,todas,2499,0.46345545639467994,0.002821474240741684
modelo,compuerta_pool,pg_all_lenoso,gm,RFG4ac_gmoall-topo_ctr-area_raw100_pg-all_unified_woody_gmonc,,kfold5_block20_unified,lcbd_count_sorensen,todas,parcelas_cl,479,0.5968132897703571,0.024200000553132695
modelo,compuerta_pool,pg_all_lenoso,gm,RFG4ac_gmoall-topo_ctr-area_raw100_pg-all_unified_woody_gmonc,,kfold5_block20_unified,lcbd_count_sorensen,todas,living_trees,2020,0.2190356926043008,0.006858713221999045
modelo,compuerta_pool,pg_all_lenoso,gm,RFG4ac_gmoall-topo_ctr-area_raw100_pg-all_unified_woody_gmonc,,kfold5_block20_unified,lcbd_count_sorensen,todas,pcl_dentro_owner,479,-0.19081730953894413,0.051856329378993926
modelo,compuerta_pool,pg_all_lenoso,gm,RFG4ac_gmoall-topo_ctr-area_raw100_pg-all_unified_woody_gmonc,,kfold5_block20_unified,lcbd_count_sorensen,todas,lt_dentro_banda,2020,0.1417192290472431,0.0058973147900937715
modelo,compuerta_pool,pg_all_lenoso,gm_clima,RFG5ac_gmoall-clim-topo_ctr-area_raw100_pg-all_unified_woody_gmonc,,kfold5_block20_unified,lcbd_count_sorensen,todas,todas,2499,0.5005601326333647,0.001354326332235464
modelo,compuerta_pool,pg_all_lenoso,gm_clima,RFG5ac_gmoall-clim-topo_ctr-area_raw100_pg-all_unified_woody_gmonc,,kfold5_block20_unified,lcbd_count_sorensen,todas,parcelas_cl,479,0.6448167437331195,0.01920291950402466
modelo,compuerta_pool,pg_all_lenoso,gm_clima,RFG5ac_gmoall-clim-topo_ctr-area_raw100_pg-all_unified_woody_gmonc,,kfold5_block20_unified,lcbd_count_sorensen,todas,living_trees,2020,0.27016177486965604,0.00301189206587002
modelo,compuerta_pool,pg_all_lenoso,gm_clima,RFG5ac_gmoall-clim-topo_ctr-area_raw100_pg-all_unified_woody_gmonc,,kfold5_block20_unified,lcbd_count_sorensen,todas,pcl_dentro_owner,479,-0.0691957232946822,0.026093763309399217
modelo,compuerta_pool,pg_all_lenoso,gm_clima,RFG5ac_gmoall-clim-topo_ctr-area_raw100_pg-all_unified_woody_gmonc,,kfold5_block20_unified,lcbd_count_sorensen,todas,lt_dentro_banda,2020,0.1908443247429851,0.003403732664420668
modelo,compuerta_pool,pg_all_lenoso,clima_curva,RFG3c_clim-curve-topo_ctr-area_kndvi_raw100_pg-all_unified_woody,,kfold5_block20_unified,lcbd_count_sorensen,todas,todas,2499,0.4788387179214386,0.0014625953983703438
modelo,compuerta_pool,pg_all_lenoso,clima_curva,RFG3c_clim-curve-topo_ctr-area_kndvi_raw100_pg-all_unified_woody,,kfold5_block20_unified,lcbd_count_sorensen,todas,parcelas_cl,479,0.6181722978584799,0.026150757000123523
modelo,compuerta_pool,pg_all_lenoso,clima_curva,RFG3c_clim-curve-topo_ctr-area_kndvi_raw100_pg-all_unified_woody,,kfold5_block20_unified,lcbd_count_sorensen,todas,living_trees,2020,0.24002342376459254,0.00500413317125971
modelo,compuerta_pool,pg_all_lenoso,clima_curva,RFG3c_clim-curve-topo_ctr-area_kndvi_raw100_pg-all_unified_woody,,kfold5_block20_unified,lcbd_count_sorensen,todas,pcl_dentro_owner,479,-0.11788074148534207,0.04265137801050584
modelo,compuerta_pool,pg_all_lenoso,clima_curva,RFG3c_clim-curve-topo_ctr-area_kndvi_raw100_pg-all_unified_woody,,kfold5_block20_unified,lcbd_count_sorensen,todas,lt_dentro_banda,2020,0.1577768549609826,0.005129955234762391
par,compuerta_pool,pg_all_lenoso,gm − curva,RFG4ac_gmoall-topo_ctr-area_raw100_pg-all_unified_woody_gmonc,RFG2c_curve-topo_ctr-area_kndvi_raw100_pg-all_unified_woody,kfold5_block20_unified,lcbd_count_sorensen,todas,todas,2499,0.016554120642328713,0.0026248421783916947
par,compuerta_pool,pg_all_lenoso,gm − curva,RFG4ac_gmoall-topo_ctr-area_raw100_pg-all_unified_woody_gmonc,RFG2c_curve-topo_ctr-area_kndvi_raw100_pg-all_unified_woody,kfold5_block20_unified,lcbd_count_sorensen,todas,parcelas_cl,479,0.05076505233132037,0.02075246267777567
par,compuerta_pool,pg_all_lenoso,gm − curva,RFG4ac_gmoall-topo_ctr-area_raw100_pg-all_unified_woody_gmonc,RFG2c_curve-topo_ctr-area_kndvi_raw100_pg-all_unified_woody,kfold5_block20_unified,lcbd_count_sorensen,todas,living_trees,2020,0.018606917397656225,0.0013210130169470772
par,compuerta_pool,pg_all_lenoso,gm − curva,RFG4ac_gmoall-topo_ctr-area_raw100_pg-all_unified_woody_gmonc,RFG2c_curve-topo_ctr-area_kndvi_raw100_pg-all_unified_woody,kfold5_block20_unified,lcbd_count_sorensen,todas,pcl_dentro_owner,479,0.0866880710825156,0.022239481043321928
par,compuerta_pool,pg_all_lenoso,gm − curva,RFG4ac_gmoall-topo_ctr-area_raw100_pg-all_unified_woody_gmonc,RFG2c_curve-topo_ctr-area_kndvi_raw100_pg-all_unified_woody,kfold5_block20_unified,lcbd_count_sorensen,todas,lt_dentro_banda,2020,0.025623589545948972,0.0013441682998063102
par,compuerta_pool,pg_all_lenoso,gm − clima,RFG4ac_gmoall-topo_ctr-area_raw100_pg-all_unified_woody_gmonc,RFG1c_clim-topo_ctr-area_raw100_pg-all_unified_woody,kfold5_block20_unified,lcbd_count_sorensen,todas,todas,2499,0.006614278840862149,0.003797781500059197
par,compuerta_pool,pg_all_lenoso,gm − clima,RFG4ac_gmoall-topo_ctr-area_raw100_pg-all_unified_woody_gmonc,RFG1c_clim-topo_ctr-area_raw100_pg-all_unified_woody,kfold5_block20_unified,lcbd_count_sorensen,todas,parcelas_cl,479,0.07732688825314193,0.03455994476915308
par,compuerta_pool,pg_all_lenoso,gm − clima,RFG4ac_gmoall-topo_ctr-area_raw100_pg-all_unified_woody_gmonc,RFG1c_clim-topo_ctr-area_raw100_pg-all_unified_woody,kfold5_block20_unified,lcbd_count_sorensen,todas,living_trees,2020,-0.0007343385183729382,0.00904483797962357
par,compuerta_pool,pg_all_lenoso,gm − clima,RFG4ac_gmoall-topo_ctr-area_raw100_pg-all_unified_woody_gmonc,RFG1c_clim-topo_ctr-area_raw100_pg-all_unified_woody,kfold5_block20_unified,lcbd_count_sorensen,todas,pcl_dentro_owner,479,0.14799839685907848,0.07923461147212012
par,compuerta_pool,pg_all_lenoso,gm − clima,RFG4ac_gmoall-topo_ctr-area_raw100_pg-all_unified_woody_gmonc,RFG1c_clim-topo_ctr-area_raw100_pg-all_unified_woody,kfold5_block20_unified,lcbd_count_sorensen,todas,lt_dentro_banda,2020,0.006777038229354752,0.008654929629199436
par,compuerta_pool,pg_all_lenoso,gm − piso_topo_area,RFG4ac_gmoall-topo_ctr-area_raw100_pg-all_unified_woody_gmonc,B01c_topo_ctr-area_raw100_pg-all_unified_woody,kfold5_block20_unified,lcbd_count_sorensen,todas,todas,2499,0.10860547245549083,0.004197381515551039
par,compuerta_pool,pg_all_lenoso,gm − piso_topo_area,RFG4ac_gmoall-topo_ctr-area_raw100_pg-all_unified_woody_gmonc,B01c_topo_ctr-area_raw100_pg-all_unified_woody,kfold5_block20_unified,lcbd_count_sorensen,todas,parcelas_cl,479,0.08172127504623643,0.01937213934080335
par,compuerta_pool,pg_all_lenoso,gm − piso_topo_area,RFG4ac_gmoall-topo_ctr-area_raw100_pg-all_unified_woody_gmonc,B01c_topo_ctr-area_raw100_pg-all_unified_woody,kfold5_block20_unified,lcbd_count_sorensen,todas,living_trees,2020,0.15806436801028131,0.004228255922520745
par,compuerta_pool,pg_all_lenoso,gm − piso_topo_area,RFG4ac_gmoall-topo_ctr-area_raw100_pg-all_unified_woody_gmonc,B01c_topo_ctr-area_raw100_pg-all_unified_woody,kfold5_block20_unified,lcbd_count_sorensen,todas,pcl_dentro_owner,479,0.001833493503087776,0.07500754955203226
par,compuerta_pool,pg_all_lenoso,gm − piso_topo_area,RFG4ac_gmoall-topo_ctr-area_raw100_pg-all_unified_woody_gmonc,B01c_topo_ctr-area_raw100_pg-all_unified_woody,kfold5_block20_unified,lcbd_count_sorensen,todas,lt_dentro_banda,2020,0.10342373991673763,0.0033248044098445765
par,compuerta_pool,pg_all_lenoso,curva − clima,RFG2c_curve-topo_ctr-area_kndvi_raw100_pg-all_unified_woody,RFG1c_clim-topo_ctr-area_raw100_pg-all_unified_woody,kfold5_block20_unified,lcbd_count_sorensen,todas,todas,2499,-0.009939841801466565,0.004672628484300389
par,compuerta_pool,pg_all_lenoso,curva − clima,RFG2c_curve-topo_ctr-area_kndvi_raw100_pg-all_unified_woody,RFG1c_clim-topo_ctr-area_raw100_pg-all_unified_woody,kfold5_block20_unified,lcbd_count_sorensen,todas,parcelas_cl,479,0.02656183592182156,0.02014198430538587
par,compuerta_pool,pg_all_lenoso,curva − clima,RFG2c_curve-topo_ctr-area_kndvi_raw100_pg-all_unified_woody,RFG1c_clim-topo_ctr-area_raw100_pg-all_unified_woody,kfold5_block20_unified,lcbd_count_sorensen,todas,living_trees,2020,-0.01934125591602916,0.010188181707674104
par,compuerta_pool,pg_all_lenoso,curva − clima,RFG2c_curve-topo_ctr-area_kndvi_raw100_pg-all_unified_woody,RFG1c_clim-topo_ctr-area_raw100_pg-all_unified_woody,kfold5_block20_unified,lcbd_count_sorensen,todas,pcl_dentro_owner,479,0.06131032577656289,0.06529381683559025
par,compuerta_pool,pg_all_lenoso,curva − clima,RFG2c_curve-topo_ctr-area_kndvi_raw100_pg-all_unified_woody,RFG1c_clim-topo_ctr-area_raw100_pg-all_unified_woody,kfold5_block20_unified,lcbd_count_sorensen,todas,lt_dentro_banda,2020,-0.018846551316594223,0.00981235539550351
par,compuerta_pool,pg_all_lenoso,gm_clima − clima,RFG5ac_gmoall-clim-topo_ctr-area_raw100_pg-all_unified_woody_gmonc,RFG1c_clim-topo_ctr-area_raw100_pg-all_unified_woody,kfold5_block20_unified,lcbd_count_sorensen,todas,todas,2499,0.04371895507954693,0.0013580789402561552
par,compuerta_pool,pg_all_lenoso,gm_clima − clima,RFG5ac_gmoall-clim-topo_ctr-area_raw100_pg-all_unified_woody_gmonc,RFG1c_clim-topo_ctr-area_raw100_pg-all_unified_woody,kfold5_block20_unified,lcbd_count_sorensen,todas,parcelas_cl,479,0.12533034221590425,0.016005520936515742
par,compuerta_pool,pg_all_lenoso,gm_clima − clima,RFG5ac_gmoall-clim-topo_ctr-area_raw100_pg-all_unified_woody_gmonc,RFG1c_clim-topo_ctr-area_raw100_pg-all_unified_woody,kfold5_block20_unified,lcbd_count_sorensen,todas,living_trees,2020,0.0503917437469823,0.0043757141929236295
par,compuerta_pool,pg_all_lenoso,gm_clima − clima,RFG5ac_gmoall-clim-topo_ctr-area_raw100_pg-all_unified_woody_gmonc,RFG1c_clim-topo_ctr-area_raw100_pg-all_unified_woody,kfold5_block20_unified,lcbd_count_sorensen,todas,pcl_dentro_owner,479,0.2696199831033404,0.05300994541330794
par,compuerta_pool,pg_all_lenoso,gm_clima − clima,RFG5ac_gmoall-clim-topo_ctr-area_raw100_pg-all_unified_woody_gmonc,RFG1c_clim-topo_ctr-area_raw100_pg-all_unified_woody,kfold5_block20_unified,lcbd_count_sorensen,todas,lt_dentro_banda,2020,0.05590213392509676,0.004746619306155853
par,compuerta_pool,pg_all_lenoso,gm_clima − clima_curva,RFG5ac_gmoall-clim-topo_ctr-area_raw100_pg-all_unified_woody_gmonc,RFG3c_clim-curve-topo_ctr-area_kndvi_raw100_pg-all_unified_woody,kfold5_block20_unified,lcbd_count_sorensen,todas,todas,2499,0.021721414711926085,0.0010778545519399758
par,compuerta_pool,pg_all_lenoso,gm_clima − clima_curva,RFG5ac_gmoall-clim-topo_ctr-area_raw100_pg-all_unified_woody_gmonc,RFG3c_clim-curve-topo_ctr-area_kndvi_raw100_pg-all_unified_woody,kfold5_block20_unified,lcbd_count_sorensen,todas,parcelas_cl,479,0.026644445874639433,0.008015806557210388
par,compuerta_pool,pg_all_lenoso,gm_clima − clima_curva,RFG5ac_gmoall-clim-topo_ctr-area_raw100_pg-all_unified_woody_gmonc,RFG3c_clim-curve-topo_ctr-area_kndvi_raw100_pg-all_unified_woody,kfold5_block20_unified,lcbd_count_sorensen,todas,living_trees,2020,0.030138351105063504,0.002719341979142574
par,compuerta_pool,pg_all_lenoso,gm_clima − clima_curva,RFG5ac_gmoall-clim-topo_ctr-area_raw100_pg-all_unified_woody_gmonc,RFG3c_clim-curve-topo_ctr-area_kndvi_raw100_pg-all_unified_woody,kfold5_block20_unified,lcbd_count_sorensen,todas,pcl_dentro_owner,479,0.04868501819065988,0.024856954377791313
par,compuerta_pool,pg_all_lenoso,gm_clima − clima_curva,RFG5ac_gmoall-clim-topo_ctr-area_raw100_pg-all_unified_woody_gmonc,RFG3c_clim-curve-topo_ctr-area_kndvi_raw100_pg-all_unified_woody,kfold5_block20_unified,lcbd_count_sorensen,todas,lt_dentro_banda,2020,0.03306746978200251,0.0030863375131244468
par,compuerta_pool,pg_all_lenoso,gm_clima − gm,RFG5ac_gmoall-clim-topo_ctr-area_raw100_pg-all_unified_woody_gmonc,RFG4ac_gmoall-topo_ctr-area_raw100_pg-all_unified_woody_gmonc,kfold5_block20_unified,lcbd_count_sorensen,todas,todas,2499,0.037104676238684776,0.0032240624376946056
par,compuerta_pool,pg_all_lenoso,gm_clima − gm,RFG5ac_gmoall-clim-topo_ctr-area_raw100_pg-all_unified_woody_gmonc,RFG4ac_gmoall-topo_ctr-area_raw100_pg-all_unified_woody_gmonc,kfold5_block20_unified,lcbd_count_sorensen,todas,parcelas_cl,479,0.04800345396276232,0.018586438849956654
par,compuerta_pool,pg_all_lenoso,gm_clima − gm,RFG5ac_gmoall-clim-topo_ctr-area_raw100_pg-all_unified_woody_gmonc,RFG4ac_gmoall-topo_ctr-area_raw100_pg-all_unified_woody_gmonc,kfold5_block20_unified,lcbd_count_sorensen,todas,living_trees,2020,0.051126082265355234,0.0058648793707614475
par,compuerta_pool,pg_all_lenoso,gm_clima − gm,RFG5ac_gmoall-clim-topo_ctr-area_raw100_pg-all_unified_woody_gmonc,RFG4ac_gmoall-topo_ctr-area_raw100_pg-all_unified_woody_gmonc,kfold5_block20_unified,lcbd_count_sorensen,todas,pcl_dentro_owner,479,0.12162158624426193,0.028353399720924467
par,compuerta_pool,pg_all_lenoso,gm_clima − gm,RFG5ac_gmoall-clim-topo_ctr-area_raw100_pg-all_unified_woody_gmonc,RFG4ac_gmoall-topo_ctr-area_raw100_pg-all_unified_woody_gmonc,kfold5_block20_unified,lcbd_count_sorensen,todas,lt_dentro_banda,2020,0.049125095695742006,0.005193072106429003
modelo,compuerta_pool,unified_all_lenoso,piso_topo_area,B01c_topo_ctr-area_raw100_unified-all_unified_woody,,kfold5_block20_unified,lcbd_pa_unified,todas,todas,3094,0.2787030309971972,0.0025021245914756884
modelo,compuerta_pool,unified_all_lenoso,piso_topo_area,B01c_topo_ctr-area_raw100_unified-all_unified_woody,,kfold5_block20_unified,lcbd_pa_unified,todas,parcelas_cl,1082,0.30578294624451985,0.004089452291027139
modelo,compuerta_pool,unified_all_lenoso,piso_topo_area,B01c_topo_ctr-area_raw100_unified-all_unified_woody,,kfold5_block20_unified,lcbd_pa_unified,todas,living_trees,2012,0.07011800414305698,0.003723602978225605
modelo,compuerta_pool,unified_all_lenoso,piso_topo_area,B01c_topo_ctr-area_raw100_unified-all_unified_woody,,kfold5_block20_unified,lcbd_pa_unified,todas,pcl_dentro_owner,1082,0.0583311580876642,0.008363032222491346
modelo,compuerta_pool,unified_all_lenoso,piso_topo_area,B01c_topo_ctr-area_raw100_unified-all_unified_woody,,kfold5_block20_unified,lcbd_pa_unified,todas,lt_dentro_banda,2012,0.0719929798064602,0.0008593773470796938
modelo,compuerta_pool,unified_all_lenoso,clima,RFG1c_clim-topo_ctr-area_raw100_unified-all_unified_woody,,kfold5_block20_unified,lcbd_pa_unified,todas,todas,3094,0.4038642156109195,0.007325362494258765
modelo,compuerta_pool,unified_all_lenoso,clima,RFG1c_clim-topo_ctr-area_raw100_unified-all_unified_woody,,kfold5_block20_unified,lcbd_pa_unified,todas,parcelas_cl,1082,0.41386014885411065,0.017152528301791408
modelo,compuerta_pool,unified_all_lenoso,clima,RFG1c_clim-topo_ctr-area_raw100_unified-all_unified_woody,,kfold5_block20_unified,lcbd_pa_unified,todas,living_trees,2012,0.24081329110181562,0.003180429766003798
modelo,compuerta_pool,unified_all_lenoso,clima,RFG1c_clim-topo_ctr-area_raw100_unified-all_unified_woody,,kfold5_block20_unified,lcbd_pa_unified,todas,pcl_dentro_owner,1082,0.21869957295511364,0.001050903246388508
modelo,compuerta_pool,unified_all_lenoso,clima,RFG1c_clim-topo_ctr-area_raw100_unified-all_unified_woody,,kfold5_block20_unified,lcbd_pa_unified,todas,lt_dentro_banda,2012,0.22845940594148376,0.0017417703907664723
modelo,compuerta_pool,unified_all_lenoso,curva,RFG2c_curve-topo_ctr-area_kndvi_raw100_unified-all_unified_woody,,kfold5_block20_unified,lcbd_pa_unified,todas,todas,3094,0.39166037893386657,0.0018255121287872413
modelo,compuerta_pool,unified_all_lenoso,curva,RFG2c_curve-topo_ctr-area_kndvi_raw100_unified-all_unified_woody,,kfold5_block20_unified,lcbd_pa_unified,todas,parcelas_cl,1082,0.4863583562862788,0.008642508895196237
modelo,compuerta_pool,unified_all_lenoso,curva,RFG2c_curve-topo_ctr-area_kndvi_raw100_unified-all_unified_woody,,kfold5_block20_unified,lcbd_pa_unified,todas,living_trees,2012,0.161549380933423,0.0035028744971020687
modelo,compuerta_pool,unified_all_lenoso,curva,RFG2c_curve-topo_ctr-area_kndvi_raw100_unified-all_unified_woody,,kfold5_block20_unified,lcbd_pa_unified,todas,pcl_dentro_owner,1082,0.30123898753494543,0.00875177924625717
modelo,compuerta_pool,unified_all_lenoso,curva,RFG2c_curve-topo_ctr-area_kndvi_raw100_unified-all_unified_woody,,kfold5_block20_unified,lcbd_pa_unified,todas,lt_dentro_banda,2012,0.1567214035438509,0.004225205188695797
modelo,compuerta_pool,unified_all_lenoso,lsp,RFG7c_lspu-topo_ctr-area_kndvi_raw100_unified-all_unified_woody,,kfold5_block20_unified,lcbd_pa_unified,todas,todas,3094,0.37295605430727985,0.003589576468767639
modelo,compuerta_pool,unified_all_lenoso,lsp,RFG7c_lspu-topo_ctr-area_kndvi_raw100_unified-all_unified_woody,,kfold5_block20_unified,lcbd_pa_unified,todas,parcelas_cl,1082,0.45402549397394526,0.007785708728772652
modelo,compuerta_pool,unified_all_lenoso,lsp,RFG7c_lspu-topo_ctr-area_kndvi_raw100_unified-all_unified_woody,,kfold5_block20_unified,lcbd_pa_unified,todas,living_trees,2012,0.14824340923856072,0.004207027668860868
modelo,compuerta_pool,unified_all_lenoso,lsp,RFG7c_lspu-topo_ctr-area_kndvi_raw100_unified-all_unified_woody,,kfold5_block20_unified,lcbd_pa_unified,todas,pcl_dentro_owner,1082,0.28573650103620996,0.005525766054768178
modelo,compuerta_pool,unified_all_lenoso,lsp,RFG7c_lspu-topo_ctr-area_kndvi_raw100_unified-all_unified_woody,,kfold5_block20_unified,lcbd_pa_unified,todas,lt_dentro_banda,2012,0.14319533277425137,0.0028398081745164704
modelo,compuerta_pool,unified_all_lenoso,gm,RFG4ac_gmoall-topo_ctr-area_raw100_unified-all_unified_woody_gmonc,,kfold5_block20_unified,lcbd_pa_unified,todas,todas,3094,0.40031783987993963,0.001213057715704357
modelo,compuerta_pool,unified_all_lenoso,gm,RFG4ac_gmoall-topo_ctr-area_raw100_unified-all_unified_woody_gmonc,,kfold5_block20_unified,lcbd_pa_unified,todas,parcelas_cl,1082,0.4951244464326836,0.005185839675026651
modelo,compuerta_pool,unified_all_lenoso,gm,RFG4ac_gmoall-topo_ctr-area_raw100_unified-all_unified_woody_gmonc,,kfold5_block20_unified,lcbd_pa_unified,todas,living_trees,2012,0.17238337461861294,0.001765503273047578
modelo,compuerta_pool,unified_all_lenoso,gm,RFG4ac_gmoall-topo_ctr-area_raw100_unified-all_unified_woody_gmonc,,kfold5_block20_unified,lcbd_pa_unified,todas,pcl_dentro_owner,1082,0.3187493589438379,0.004009342440956804
modelo,compuerta_pool,unified_all_lenoso,gm,RFG4ac_gmoall-topo_ctr-area_raw100_unified-all_unified_woody_gmonc,,kfold5_block20_unified,lcbd_pa_unified,todas,lt_dentro_banda,2012,0.17003067520886683,0.0003064063105799767
modelo,compuerta_pool,unified_all_lenoso,gm_clima,RFG5ac_gmoall-clim-topo_ctr-area_raw100_unified-all_unified_woody_gmonc,,kfold5_block20_unified,lcbd_pa_unified,todas,todas,3094,0.44191827677683143,0.005444982241227746
modelo,compuerta_pool,unified_all_lenoso,gm_clima,RFG5ac_gmoall-clim-topo_ctr-area_raw100_unified-all_unified_woody_gmonc,,kfold5_block20_unified,lcbd_pa_unified,todas,parcelas_cl,1082,0.49242121613148226,0.01294995985009128
modelo,compuerta_pool,unified_all_lenoso,gm_clima,RFG5ac_gmoall-clim-topo_ctr-area_raw100_unified-all_unified_woody_gmonc,,kfold5_block20_unified,lcbd_pa_unified,todas,living_trees,2012,0.25824682271881555,0.0028501504548425587
modelo,compuerta_pool,unified_all_lenoso,gm_clima,RFG5ac_gmoall-clim-topo_ctr-area_raw100_unified-all_unified_woody_gmonc,,kfold5_block20_unified,lcbd_pa_unified,todas,pcl_dentro_owner,1082,0.32509530135210485,0.004501530412900906
modelo,compuerta_pool,unified_all_lenoso,gm_clima,RFG5ac_gmoall-clim-topo_ctr-area_raw100_unified-all_unified_woody_gmonc,,kfold5_block20_unified,lcbd_pa_unified,todas,lt_dentro_banda,2012,0.24767109508039756,0.00283279813409479
modelo,compuerta_pool,unified_all_lenoso,clima_curva,RFG3c_clim-curve-topo_ctr-area_kndvi_raw100_unified-all_unified_woody,,kfold5_block20_unified,lcbd_pa_unified,todas,todas,3094,0.4256327919170797,0.006165895670472639
modelo,compuerta_pool,unified_all_lenoso,clima_curva,RFG3c_clim-curve-topo_ctr-area_kndvi_raw100_unified-all_unified_woody,,kfold5_block20_unified,lcbd_pa_unified,todas,parcelas_cl,1082,0.4885212028561929,0.015343418451334877
modelo,compuerta_pool,unified_all_lenoso,clima_curva,RFG3c_clim-curve-topo_ctr-area_kndvi_raw100_unified-all_unified_woody,,kfold5_block20_unified,lcbd_pa_unified,todas,living_trees,2012,0.22837270302657608,0.0009882626467993397
modelo,compuerta_pool,unified_all_lenoso,clima_curva,RFG3c_clim-curve-topo_ctr-area_kndvi_raw100_unified-all_unified_woody,,kfold5_block20_unified,lcbd_pa_unified,todas,pcl_dentro_owner,1082,0.31564327256193564,0.0004581617921535874
modelo,compuerta_pool,unified_all_lenoso,clima_curva,RFG3c_clim-curve-topo_ctr-area_kndvi_raw100_unified-all_unified_woody,,kfold5_block20_unified,lcbd_pa_unified,todas,lt_dentro_banda,2012,0.21773671319160323,0.0019781947796669226
par,compuerta_pool,unified_all_lenoso,gm − curva,RFG4ac_gmoall-topo_ctr-area_raw100_unified-all_unified_woody_gmonc,RFG2c_curve-topo_ctr-area_kndvi_raw100_unified-all_unified_woody,kfold5_block20_unified,lcbd_pa_unified,todas,todas,3094,0.008657460946073114,0.0006193398965157819
par,compuerta_pool,unified_all_lenoso,gm − curva,RFG4ac_gmoall-topo_ctr-area_raw100_unified-all_unified_woody_gmonc,RFG2c_curve-topo_ctr-area_kndvi_raw100_unified-all_unified_woody,kfold5_block20_unified,lcbd_pa_unified,todas,parcelas_cl,1082,0.008766090146404762,0.005644557411631269
par,compuerta_pool,unified_all_lenoso,gm − curva,RFG4ac_gmoall-topo_ctr-area_raw100_unified-all_unified_woody_gmonc,RFG2c_curve-topo_ctr-area_kndvi_raw100_unified-all_unified_woody,kfold5_block20_unified,lcbd_pa_unified,todas,living_trees,2012,0.010833993685189927,0.003927552938020459
par,compuerta_pool,unified_all_lenoso,gm − curva,RFG4ac_gmoall-topo_ctr-area_raw100_unified-all_unified_woody_gmonc,RFG2c_curve-topo_ctr-area_kndvi_raw100_unified-all_unified_woody,kfold5_block20_unified,lcbd_pa_unified,todas,pcl_dentro_owner,1082,0.017510371408892483,0.005878871942979495
par,compuerta_pool,unified_all_lenoso,gm − curva,RFG4ac_gmoall-topo_ctr-area_raw100_unified-all_unified_woody_gmonc,RFG2c_curve-topo_ctr-area_kndvi_raw100_unified-all_unified_woody,kfold5_block20_unified,lcbd_pa_unified,todas,lt_dentro_banda,2012,0.013309271665015943,0.004301386211247242
par,compuerta_pool,unified_all_lenoso,gm − clima,RFG4ac_gmoall-topo_ctr-area_raw100_unified-all_unified_woody_gmonc,RFG1c_clim-topo_ctr-area_raw100_unified-all_unified_woody,kfold5_block20_unified,lcbd_pa_unified,todas,todas,3094,-0.0035463757309798227,0.006138818848544971
par,compuerta_pool,unified_all_lenoso,gm − clima,RFG4ac_gmoall-topo_ctr-area_raw100_unified-all_unified_woody_gmonc,RFG1c_clim-topo_ctr-area_raw100_unified-all_unified_woody,kfold5_block20_unified,lcbd_pa_unified,todas,parcelas_cl,1082,0.08126429757857301,0.01198047922897728
par,compuerta_pool,unified_all_lenoso,gm − clima,RFG4ac_gmoall-topo_ctr-area_raw100_unified-all_unified_woody_gmonc,RFG1c_clim-topo_ctr-area_raw100_unified-all_unified_woody,kfold5_block20_unified,lcbd_pa_unified,todas,living_trees,2012,-0.0684299164832027,0.003825411225768673
par,compuerta_pool,unified_all_lenoso,gm − clima,RFG4ac_gmoall-topo_ctr-area_raw100_unified-all_unified_woody_gmonc,RFG1c_clim-topo_ctr-area_raw100_unified-all_unified_woody,kfold5_block20_unified,lcbd_pa_unified,todas,pcl_dentro_owner,1082,0.10004978598872427,0.003843459157260523
par,compuerta_pool,unified_all_lenoso,gm − clima,RFG4ac_gmoall-topo_ctr-area_raw100_unified-all_unified_woody_gmonc,RFG1c_clim-topo_ctr-area_raw100_unified-all_unified_woody,kfold5_block20_unified,lcbd_pa_unified,todas,lt_dentro_banda,2012,-0.05842873073261693,0.0020353451618951132
par,compuerta_pool,unified_all_lenoso,gm − piso_topo_area,RFG4ac_gmoall-topo_ctr-area_raw100_unified-all_unified_woody_gmonc,B01c_topo_ctr-area_raw100_unified-all_unified_woody,kfold5_block20_unified,lcbd_pa_unified,todas,todas,3094,0.1216148088827425,0.0022396130813106987
par,compuerta_pool,unified_all_lenoso,gm − piso_topo_area,RFG4ac_gmoall-topo_ctr-area_raw100_unified-all_unified_woody_gmonc,B01c_topo_ctr-area_raw100_unified-all_unified_woody,kfold5_block20_unified,lcbd_pa_unified,todas,parcelas_cl,1082,0.18934150018816376,0.0029327222847614696
par,compuerta_pool,unified_all_lenoso,gm − piso_topo_area,RFG4ac_gmoall-topo_ctr-area_raw100_unified-all_unified_woody_gmonc,B01c_topo_ctr-area_raw100_unified-all_unified_woody,kfold5_block20_unified,lcbd_pa_unified,todas,living_trees,2012,0.10226537047555595,0.0024920993108450205
par,compuerta_pool,unified_all_lenoso,gm − piso_topo_area,RFG4ac_gmoall-topo_ctr-area_raw100_unified-all_unified_woody_gmonc,B01c_topo_ctr-area_raw100_unified-all_unified_woody,kfold5_block20_unified,lcbd_pa_unified,todas,pcl_dentro_owner,1082,0.2604182008561737,0.004718522496074159
par,compuerta_pool,unified_all_lenoso,gm − piso_topo_area,RFG4ac_gmoall-topo_ctr-area_raw100_unified-all_unified_woody_gmonc,B01c_topo_ctr-area_raw100_unified-all_unified_woody,kfold5_block20_unified,lcbd_pa_unified,todas,lt_dentro_banda,2012,0.09803769540240663,0.0011608983799234688
par,compuerta_pool,unified_all_lenoso,curva − clima,RFG2c_curve-topo_ctr-area_kndvi_raw100_unified-all_unified_woody,RFG1c_clim-topo_ctr-area_raw100_unified-all_unified_woody,kfold5_block20_unified,lcbd_pa_unified,todas,todas,3094,-0.012203836677052937,0.005520199626356298
par,compuerta_pool,unified_all_lenoso,curva − clima,RFG2c_curve-topo_ctr-area_kndvi_raw100_unified-all_unified_woody,RFG1c_clim-topo_ctr-area_raw100_unified-all_unified_woody,kfold5_block20_unified,lcbd_pa_unified,todas,parcelas_cl,1082,0.07249820743216824,0.012249821041707807
par,compuerta_pool,unified_all_lenoso,curva − clima,RFG2c_curve-topo_ctr-area_kndvi_raw100_unified-all_unified_woody,RFG1c_clim-topo_ctr-area_raw100_unified-all_unified_woody,kfold5_block20_unified,lcbd_pa_unified,todas,living_trees,2012,-0.07926391016839263,0.006669599467547474
par,compuerta_pool,unified_all_lenoso,curva − clima,RFG2c_curve-topo_ctr-area_kndvi_raw100_unified-all_unified_woody,RFG1c_clim-topo_ctr-area_raw100_unified-all_unified_woody,kfold5_block20_unified,lcbd_pa_unified,todas,pcl_dentro_owner,1082,0.08253941457983179,0.00796636551041276
par,compuerta_pool,unified_all_lenoso,curva − clima,RFG2c_curve-topo_ctr-area_kndvi_raw100_unified-all_unified_woody,RFG1c_clim-topo_ctr-area_raw100_unified-all_unified_woody,kfold5_block20_unified,lcbd_pa_unified,todas,lt_dentro_banda,2012,-0.07173800239763288,0.0047255953821464325
par,compuerta_pool,unified_all_lenoso,gm_clima − clima,RFG5ac_gmoall-clim-topo_ctr-area_raw100_unified-all_unified_woody_gmonc,RFG1c_clim-topo_ctr-area_raw100_unified-all_unified_woody,kfold5_block20_unified,lcbd_pa_unified,todas,todas,3094,0.03805406116591192,0.002023134039715674
par,compuerta_pool,unified_all_lenoso,gm_clima − clima,RFG5ac_gmoall-clim-topo_ctr-area_raw100_unified-all_unified_woody_gmonc,RFG1c_clim-topo_ctr-area_raw100_unified-all_unified_woody,kfold5_block20_unified,lcbd_pa_unified,todas,parcelas_cl,1082,0.07856106727737167,0.004981053098926999
par,compuerta_pool,unified_all_lenoso,gm_clima − clima,RFG5ac_gmoall-clim-topo_ctr-area_raw100_unified-all_unified_woody_gmonc,RFG1c_clim-topo_ctr-area_raw100_unified-all_unified_woody,kfold5_block20_unified,lcbd_pa_unified,todas,living_trees,2012,0.017433531616999898,0.0003394937041894838
par,compuerta_pool,unified_all_lenoso,gm_clima − clima,RFG5ac_gmoall-clim-topo_ctr-area_raw100_unified-all_unified_woody_gmonc,RFG1c_clim-topo_ctr-area_raw100_unified-all_unified_woody,kfold5_block20_unified,lcbd_pa_unified,todas,pcl_dentro_owner,1082,0.10639572839699123,0.00555019580968771
par,compuerta_pool,unified_all_lenoso,gm_clima − clima,RFG5ac_gmoall-clim-topo_ctr-area_raw100_unified-all_unified_woody_gmonc,RFG1c_clim-topo_ctr-area_raw100_unified-all_unified_woody,kfold5_block20_unified,lcbd_pa_unified,todas,lt_dentro_banda,2012,0.0192116891389138,0.001101586225240122
par,compuerta_pool,unified_all_lenoso,gm_clima − clima_curva,RFG5ac_gmoall-clim-topo_ctr-area_raw100_unified-all_unified_woody_gmonc,RFG3c_clim-curve-topo_ctr-area_kndvi_raw100_unified-all_unified_woody,kfold5_block20_unified,lcbd_pa_unified,todas,todas,3094,0.016285484859751675,0.0010559028183683532
par,compuerta_pool,unified_all_lenoso,gm_clima − clima_curva,RFG5ac_gmoall-clim-topo_ctr-area_raw100_unified-all_unified_woody_gmonc,RFG3c_clim-curve-topo_ctr-area_kndvi_raw100_unified-all_unified_woody,kfold5_block20_unified,lcbd_pa_unified,todas,parcelas_cl,1082,0.003900013275289438,0.005358980794448567
par,compuerta_pool,unified_all_lenoso,gm_clima − clima_curva,RFG5ac_gmoall-clim-topo_ctr-area_raw100_unified-all_unified_woody_gmonc,RFG3c_clim-curve-topo_ctr-area_kndvi_raw100_unified-all_unified_woody,kfold5_block20_unified,lcbd_pa_unified,todas,living_trees,2012,0.029874119692239447,0.001962139810558842
par,compuerta_pool,unified_all_lenoso,gm_clima − clima_curva,RFG5ac_gmoall-clim-topo_ctr-area_raw100_unified-all_unified_woody_gmonc,RFG3c_clim-curve-topo_ctr-area_kndvi_raw100_unified-all_unified_woody,kfold5_block20_unified,lcbd_pa_unified,todas,pcl_dentro_owner,1082,0.009452028790169228,0.004943676311042948
par,compuerta_pool,unified_all_lenoso,gm_clima − clima_curva,RFG5ac_gmoall-clim-topo_ctr-area_raw100_unified-all_unified_woody_gmonc,RFG3c_clim-curve-topo_ctr-area_kndvi_raw100_unified-all_unified_woody,kfold5_block20_unified,lcbd_pa_unified,todas,lt_dentro_banda,2012,0.029934381888794343,0.00195568408314485
par,compuerta_pool,unified_all_lenoso,gm_clima − gm,RFG5ac_gmoall-clim-topo_ctr-area_raw100_unified-all_unified_woody_gmonc,RFG4ac_gmoall-topo_ctr-area_raw100_unified-all_unified_woody_gmonc,kfold5_block20_unified,lcbd_pa_unified,todas,todas,3094,0.041600436896891746,0.004305562112353152
par,compuerta_pool,unified_all_lenoso,gm_clima − gm,RFG5ac_gmoall-clim-topo_ctr-area_raw100_unified-all_unified_woody_gmonc,RFG4ac_gmoall-topo_ctr-area_raw100_unified-all_unified_woody_gmonc,kfold5_block20_unified,lcbd_pa_unified,todas,parcelas_cl,1082,-0.0027032303012013426,0.008009370745664919
par,compuerta_pool,unified_all_lenoso,gm_clima − gm,RFG5ac_gmoall-clim-topo_ctr-area_raw100_unified-all_unified_woody_gmonc,RFG4ac_gmoall-topo_ctr-area_raw100_unified-all_unified_woody_gmonc,kfold5_block20_unified,lcbd_pa_unified,todas,living_trees,2012,0.08586344810020259,0.003497926775663329
par,compuerta_pool,unified_all_lenoso,gm_clima − gm,RFG5ac_gmoall-clim-topo_ctr-area_raw100_unified-all_unified_woody_gmonc,RFG4ac_gmoall-topo_ctr-area_raw100_unified-all_unified_woody_gmonc,kfold5_block20_unified,lcbd_pa_unified,todas,pcl_dentro_owner,1082,0.006345942408266951,0.007009093941709328
par,compuerta_pool,unified_all_lenoso,gm_clima − gm,RFG5ac_gmoall-clim-topo_ctr-area_raw100_unified-all_unified_woody_gmonc,RFG4ac_gmoall-topo_ctr-area_raw100_unified-all_unified_woody_gmonc,kfold5_block20_unified,lcbd_pa_unified,todas,lt_dentro_banda,2012,0.07764041987153074,0.003119092002788854
modelo,compuerta_pool,unified_all_lenoso,piso_topo_area,B01c_topo_ctr-area_raw100_unified-all_unified_woody,,kfold5_block20_unified,hill_q0_unified,todas,todas,3102,0.20647037063699303,0.01193689422107759
modelo,compuerta_pool,unified_all_lenoso,piso_topo_area,B01c_topo_ctr-area_raw100_unified-all_unified_woody,,kfold5_block20_unified,hill_q0_unified,todas,parcelas_cl,1082,0.05014353985048418,0.01881668028201692
modelo,compuerta_pool,unified_all_lenoso,piso_topo_area,B01c_topo_ctr-area_raw100_unified-all_unified_woody,,kfold5_block20_unified,hill_q0_unified,todas,living_trees,2020,0.2692867084528942,0.004398242208427928
modelo,compuerta_pool,unified_all_lenoso,piso_topo_area,B01c_topo_ctr-area_raw100_unified-all_unified_woody,,kfold5_block20_unified,hill_q0_unified,todas,pcl_dentro_owner,1082,-0.2553760577315198,0.03673364554766327
modelo,compuerta_pool,unified_all_lenoso,piso_topo_area,B01c_topo_ctr-area_raw100_unified-all_unified_woody,,kfold5_block20_unified,hill_q0_unified,todas,lt_dentro_banda,2020,0.22429544618923222,0.005333775186573466
modelo,compuerta_pool,unified_all_lenoso,clima,RFG1c_clim-topo_ctr-area_raw100_unified-all_unified_woody,,kfold5_block20_unified,hill_q0_unified,todas,todas,3102,0.44437735261127004,0.0029017484640546155
modelo,compuerta_pool,unified_all_lenoso,clima,RFG1c_clim-topo_ctr-area_raw100_unified-all_unified_woody,,kfold5_block20_unified,hill_q0_unified,todas,parcelas_cl,1082,0.356545210844583,0.005197793726160122
modelo,compuerta_pool,unified_all_lenoso,clima,RFG1c_clim-topo_ctr-area_raw100_unified-all_unified_woody,,kfold5_block20_unified,hill_q0_unified,todas,living_trees,2020,0.45650368849341216,0.005526882994639636
modelo,compuerta_pool,unified_all_lenoso,clima,RFG1c_clim-topo_ctr-area_raw100_unified-all_unified_woody,,kfold5_block20_unified,hill_q0_unified,todas,pcl_dentro_owner,1082,0.05480551273130899,0.010399618232581356
modelo,compuerta_pool,unified_all_lenoso,clima,RFG1c_clim-topo_ctr-area_raw100_unified-all_unified_woody,,kfold5_block20_unified,hill_q0_unified,todas,lt_dentro_banda,2020,0.37248612453439955,0.007319797135022489
modelo,compuerta_pool,unified_all_lenoso,curva,RFG2c_curve-topo_ctr-area_kndvi_raw100_unified-all_unified_woody,,kfold5_block20_unified,hill_q0_unified,todas,todas,3102,0.3594807706777466,0.0011460650967910922
modelo,compuerta_pool,unified_all_lenoso,curva,RFG2c_curve-topo_ctr-area_kndvi_raw100_unified-all_unified_woody,,kfold5_block20_unified,hill_q0_unified,todas,parcelas_cl,1082,0.24343655386105825,0.003724682969480328
modelo,compuerta_pool,unified_all_lenoso,curva,RFG2c_curve-topo_ctr-area_kndvi_raw100_unified-all_unified_woody,,kfold5_block20_unified,hill_q0_unified,todas,living_trees,2020,0.39524898742825476,0.007566585700753019
modelo,compuerta_pool,unified_all_lenoso,curva,RFG2c_curve-topo_ctr-area_kndvi_raw100_unified-all_unified_woody,,kfold5_block20_unified,hill_q0_unified,todas,pcl_dentro_owner,1082,-0.115638196851928,0.008876551073845442
modelo,compuerta_pool,unified_all_lenoso,curva,RFG2c_curve-topo_ctr-area_kndvi_raw100_unified-all_unified_woody,,kfold5_block20_unified,hill_q0_unified,todas,lt_dentro_banda,2020,0.31750553521951236,0.0067154431861071165
modelo,compuerta_pool,unified_all_lenoso,lsp,RFG7c_lspu-topo_ctr-area_kndvi_raw100_unified-all_unified_woody,,kfold5_block20_unified,hill_q0_unified,todas,todas,3102,0.3373667767817148,0.005830341027597397
modelo,compuerta_pool,unified_all_lenoso,lsp,RFG7c_lspu-topo_ctr-area_kndvi_raw100_unified-all_unified_woody,,kfold5_block20_unified,hill_q0_unified,todas,parcelas_cl,1082,0.20495257259977176,0.004693334979262046
modelo,compuerta_pool,unified_all_lenoso,lsp,RFG7c_lspu-topo_ctr-area_kndvi_raw100_unified-all_unified_woody,,kfold5_block20_unified,hill_q0_unified,todas,living_trees,2020,0.3925820847810737,0.009042408921079395
modelo,compuerta_pool,unified_all_lenoso,lsp,RFG7c_lspu-topo_ctr-area_kndvi_raw100_unified-all_unified_woody,,kfold5_block20_unified,hill_q0_unified,todas,pcl_dentro_owner,1082,-0.10155814879358023,0.016060676810213097
modelo,compuerta_pool,unified_all_lenoso,lsp,RFG7c_lspu-topo_ctr-area_kndvi_raw100_unified-all_unified_woody,,kfold5_block20_unified,hill_q0_unified,todas,lt_dentro_banda,2020,0.31553125752576794,0.00764631218781081
modelo,compuerta_pool,unified_all_lenoso,gm,RFG4ac_gmoall-topo_ctr-area_raw100_unified-all_unified_woody_gmonc,,kfold5_block20_unified,hill_q0_unified,todas,todas,3102,0.36472192669271325,0.006575960618719113
modelo,compuerta_pool,unified_all_lenoso,gm,RFG4ac_gmoall-topo_ctr-area_raw100_unified-all_unified_woody_gmonc,,kfold5_block20_unified,hill_q0_unified,todas,parcelas_cl,1082,0.2536179496998343,0.004941019345308412
modelo,compuerta_pool,unified_all_lenoso,gm,RFG4ac_gmoall-topo_ctr-area_raw100_unified-all_unified_woody_gmonc,,kfold5_block20_unified,hill_q0_unified,todas,living_trees,2020,0.3943189593776475,0.012011744515646695
modelo,compuerta_pool,unified_all_lenoso,gm,RFG4ac_gmoall-topo_ctr-area_raw100_unified-all_unified_woody_gmonc,,kfold5_block20_unified,hill_q0_unified,todas,pcl_dentro_owner,1082,-0.08051668476233753,0.01331036908027363
modelo,compuerta_pool,unified_all_lenoso,gm,RFG4ac_gmoall-topo_ctr-area_raw100_unified-all_unified_woody_gmonc,,kfold5_block20_unified,hill_q0_unified,todas,lt_dentro_banda,2020,0.33483352646290765,0.00839179006447283
modelo,compuerta_pool,unified_all_lenoso,gm_clima,RFG5ac_gmoall-clim-topo_ctr-area_raw100_unified-all_unified_woody_gmonc,,kfold5_block20_unified,hill_q0_unified,todas,todas,3102,0.446761677728112,0.0023668071659320197
modelo,compuerta_pool,unified_all_lenoso,gm_clima,RFG5ac_gmoall-clim-topo_ctr-area_raw100_unified-all_unified_woody_gmonc,,kfold5_block20_unified,hill_q0_unified,todas,parcelas_cl,1082,0.34112677884838744,0.002516082409257494
modelo,compuerta_pool,unified_all_lenoso,gm_clima,RFG5ac_gmoall-clim-topo_ctr-area_raw100_unified-all_unified_woody_gmonc,,kfold5_block20_unified,hill_q0_unified,todas,living_trees,2020,0.48561563162492744,0.008922843349578399
modelo,compuerta_pool,unified_all_lenoso,gm_clima,RFG5ac_gmoall-clim-topo_ctr-area_raw100_unified-all_unified_woody_gmonc,,kfold5_block20_unified,hill_q0_unified,todas,pcl_dentro_owner,1082,0.06740143857587615,0.0031847523617183596
modelo,compuerta_pool,unified_all_lenoso,gm_clima,RFG5ac_gmoall-clim-topo_ctr-area_raw100_unified-all_unified_woody_gmonc,,kfold5_block20_unified,hill_q0_unified,todas,lt_dentro_banda,2020,0.4067049969697459,0.010506437671244049
modelo,compuerta_pool,unified_all_lenoso,clima_curva,RFG3c_clim-curve-topo_ctr-area_kndvi_raw100_unified-all_unified_woody,,kfold5_block20_unified,hill_q0_unified,todas,todas,3102,0.4302799157625556,0.0016376786405222306
modelo,compuerta_pool,unified_all_lenoso,clima_curva,RFG3c_clim-curve-topo_ctr-area_kndvi_raw100_unified-all_unified_woody,,kfold5_block20_unified,hill_q0_unified,todas,parcelas_cl,1082,0.32388238996742486,0.00730968944121127
modelo,compuerta_pool,unified_all_lenoso,clima_curva,RFG3c_clim-curve-topo_ctr-area_kndvi_raw100_unified-all_unified_woody,,kfold5_block20_unified,hill_q0_unified,todas,living_trees,2020,0.466779049371947,0.006495803228759582
modelo,compuerta_pool,unified_all_lenoso,clima_curva,RFG3c_clim-curve-topo_ctr-area_kndvi_raw100_unified-all_unified_woody,,kfold5_block20_unified,hill_q0_unified,todas,pcl_dentro_owner,1082,0.03483601359299778,0.015936078651665346
modelo,compuerta_pool,unified_all_lenoso,clima_curva,RFG3c_clim-curve-topo_ctr-area_kndvi_raw100_unified-all_unified_woody,,kfold5_block20_unified,hill_q0_unified,todas,lt_dentro_banda,2020,0.3858225935744477,0.007325791460965932
par,compuerta_pool,unified_all_lenoso,gm − curva,RFG4ac_gmoall-topo_ctr-area_raw100_unified-all_unified_woody_gmonc,RFG2c_curve-topo_ctr-area_kndvi_raw100_unified-all_unified_woody,kfold5_block20_unified,hill_q0_unified,todas,todas,3102,0.00524115601496659,0.005587788600631193
par,compuerta_pool,unified_all_lenoso,gm − curva,RFG4ac_gmoall-topo_ctr-area_raw100_unified-all_unified_woody_gmonc,RFG2c_curve-topo_ctr-area_kndvi_raw100_unified-all_unified_woody,kfold5_block20_unified,hill_q0_unified,todas,parcelas_cl,1082,0.01018139583877605,0.007469392076981161
par,compuerta_pool,unified_all_lenoso,gm − curva,RFG4ac_gmoall-topo_ctr-area_raw100_unified-all_unified_woody_gmonc,RFG2c_curve-topo_ctr-area_kndvi_raw100_unified-all_unified_woody,kfold5_block20_unified,hill_q0_unified,todas,living_trees,2020,-0.0009300280506072308,0.004632489791562933
par,compuerta_pool,unified_all_lenoso,gm − curva,RFG4ac_gmoall-topo_ctr-area_raw100_unified-all_unified_woody_gmonc,RFG2c_curve-topo_ctr-area_kndvi_raw100_unified-all_unified_woody,kfold5_block20_unified,hill_q0_unified,todas,pcl_dentro_owner,1082,0.03512151208959047,0.0054910126105459315
par,compuerta_pool,unified_all_lenoso,gm − curva,RFG4ac_gmoall-topo_ctr-area_raw100_unified-all_unified_woody_gmonc,RFG2c_curve-topo_ctr-area_kndvi_raw100_unified-all_unified_woody,kfold5_block20_unified,hill_q0_unified,todas,lt_dentro_banda,2020,0.017327991243395346,0.001758809744700351
par,compuerta_pool,unified_all_lenoso,gm − clima,RFG4ac_gmoall-topo_ctr-area_raw100_unified-all_unified_woody_gmonc,RFG1c_clim-topo_ctr-area_raw100_unified-all_unified_woody,kfold5_block20_unified,hill_q0_unified,todas,todas,3102,-0.0796554259185569,0.007696955842920718
par,compuerta_pool,unified_all_lenoso,gm − clima,RFG4ac_gmoall-topo_ctr-area_raw100_unified-all_unified_woody_gmonc,RFG1c_clim-topo_ctr-area_raw100_unified-all_unified_woody,kfold5_block20_unified,hill_q0_unified,todas,parcelas_cl,1082,-0.1029272611447487,0.010126636172383841
par,compuerta_pool,unified_all_lenoso,gm − clima,RFG4ac_gmoall-topo_ctr-area_raw100_unified-all_unified_woody_gmonc,RFG1c_clim-topo_ctr-area_raw100_unified-all_unified_woody,kfold5_block20_unified,hill_q0_unified,todas,living_trees,2020,-0.062184729115764635,0.006847495624373253
par,compuerta_pool,unified_all_lenoso,gm − clima,RFG4ac_gmoall-topo_ctr-area_raw100_unified-all_unified_woody_gmonc,RFG1c_clim-topo_ctr-area_raw100_unified-all_unified_woody,kfold5_block20_unified,hill_q0_unified,todas,pcl_dentro_owner,1082,-0.13532219749364652,0.010734149830425106
par,compuerta_pool,unified_all_lenoso,gm − clima,RFG4ac_gmoall-topo_ctr-area_raw100_unified-all_unified_woody_gmonc,RFG1c_clim-topo_ctr-area_raw100_unified-all_unified_woody,kfold5_block20_unified,hill_q0_unified,todas,lt_dentro_banda,2020,-0.03765259807149187,0.001159006674269662
par,compuerta_pool,unified_all_lenoso,gm − piso_topo_area,RFG4ac_gmoall-topo_ctr-area_raw100_unified-all_unified_woody_gmonc,B01c_topo_ctr-area_raw100_unified-all_unified_woody,kfold5_block20_unified,hill_q0_unified,todas,todas,3102,0.15825155605572017,0.006065164676183061
par,compuerta_pool,unified_all_lenoso,gm − piso_topo_area,RFG4ac_gmoall-topo_ctr-area_raw100_unified-all_unified_woody_gmonc,B01c_topo_ctr-area_raw100_unified-all_unified_woody,kfold5_block20_unified,hill_q0_unified,todas,parcelas_cl,1082,0.20347440984935014,0.01592818390569357
par,compuerta_pool,unified_all_lenoso,gm − piso_topo_area,RFG4ac_gmoall-topo_ctr-area_raw100_unified-all_unified_woody_gmonc,B01c_topo_ctr-area_raw100_unified-all_unified_woody,kfold5_block20_unified,hill_q0_unified,todas,living_trees,2020,0.12503225092475326,0.007722122957875383
par,compuerta_pool,unified_all_lenoso,gm − piso_topo_area,RFG4ac_gmoall-topo_ctr-area_raw100_unified-all_unified_woody_gmonc,B01c_topo_ctr-area_raw100_unified-all_unified_woody,kfold5_block20_unified,hill_q0_unified,todas,pcl_dentro_owner,1082,0.17485937296918222,0.02417018085621931
par,compuerta_pool,unified_all_lenoso,gm − piso_topo_area,RFG4ac_gmoall-topo_ctr-area_raw100_unified-all_unified_woody_gmonc,B01c_topo_ctr-area_raw100_unified-all_unified_woody,kfold5_block20_unified,hill_q0_unified,todas,lt_dentro_banda,2020,0.11053808027367547,0.0038171512894225753
par,compuerta_pool,unified_all_lenoso,curva − clima,RFG2c_curve-topo_ctr-area_kndvi_raw100_unified-all_unified_woody,RFG1c_clim-topo_ctr-area_raw100_unified-all_unified_woody,kfold5_block20_unified,hill_q0_unified,todas,todas,3102,-0.0848965819335235,0.0037339393935606918
par,compuerta_pool,unified_all_lenoso,curva − clima,RFG2c_curve-topo_ctr-area_kndvi_raw100_unified-all_unified_woody,RFG1c_clim-topo_ctr-area_raw100_unified-all_unified_woody,kfold5_block20_unified,hill_q0_unified,todas,parcelas_cl,1082,-0.11310865698352475,0.005089104699088682
par,compuerta_pool,unified_all_lenoso,curva − clima,RFG2c_curve-topo_ctr-area_kndvi_raw100_unified-all_unified_woody,RFG1c_clim-topo_ctr-area_raw100_unified-all_unified_woody,kfold5_block20_unified,hill_q0_unified,todas,living_trees,2020,-0.0612547010651574,0.003318422471485126
par,compuerta_pool,unified_all_lenoso,curva − clima,RFG2c_curve-topo_ctr-area_kndvi_raw100_unified-all_unified_woody,RFG1c_clim-topo_ctr-area_raw100_unified-all_unified_woody,kfold5_block20_unified,hill_q0_unified,todas,pcl_dentro_owner,1082,-0.17044370958323699,0.011021417878627291
par,compuerta_pool,unified_all_lenoso,curva − clima,RFG2c_curve-topo_ctr-area_kndvi_raw100_unified-all_unified_woody,RFG1c_clim-topo_ctr-area_raw100_unified-all_unified_woody,kfold5_block20_unified,hill_q0_unified,todas,lt_dentro_banda,2020,-0.05498058931488722,0.0010764419503671457
par,compuerta_pool,unified_all_lenoso,gm_clima − clima,RFG5ac_gmoall-clim-topo_ctr-area_raw100_unified-all_unified_woody_gmonc,RFG1c_clim-topo_ctr-area_raw100_unified-all_unified_woody,kfold5_block20_unified,hill_q0_unified,todas,todas,3102,0.0023843251168419086,0.004326076895497657
par,compuerta_pool,unified_all_lenoso,gm_clima − clima,RFG5ac_gmoall-clim-topo_ctr-area_raw100_unified-all_unified_woody_gmonc,RFG1c_clim-topo_ctr-area_raw100_unified-all_unified_woody,kfold5_block20_unified,hill_q0_unified,todas,parcelas_cl,1082,-0.015418431996195525,0.005585185968634006
par,compuerta_pool,unified_all_lenoso,gm_clima − clima,RFG5ac_gmoall-clim-topo_ctr-area_raw100_unified-all_unified_woody_gmonc,RFG1c_clim-topo_ctr-area_raw100_unified-all_unified_woody,kfold5_block20_unified,hill_q0_unified,todas,living_trees,2020,0.02911194313151529,0.004310187882424446
par,compuerta_pool,unified_all_lenoso,gm_clima − clima,RFG5ac_gmoall-clim-topo_ctr-area_raw100_unified-all_unified_woody_gmonc,RFG1c_clim-topo_ctr-area_raw100_unified-all_unified_woody,kfold5_block20_unified,hill_q0_unified,todas,pcl_dentro_owner,1082,0.012595925844567146,0.008572816398920888
par,compuerta_pool,unified_all_lenoso,gm_clima − clima,RFG5ac_gmoall-clim-topo_ctr-area_raw100_unified-all_unified_woody_gmonc,RFG1c_clim-topo_ctr-area_raw100_unified-all_unified_woody,kfold5_block20_unified,hill_q0_unified,todas,lt_dentro_banda,2020,0.03421887243534635,0.0038339512310333174
par,compuerta_pool,unified_all_lenoso,gm_clima − clima_curva,RFG5ac_gmoall-clim-topo_ctr-area_raw100_unified-all_unified_woody_gmonc,RFG3c_clim-curve-topo_ctr-area_kndvi_raw100_unified-all_unified_woody,kfold5_block20_unified,hill_q0_unified,todas,todas,3102,0.016481761965556434,0.0037976519853076705
par,compuerta_pool,unified_all_lenoso,gm_clima − clima_curva,RFG5ac_gmoall-clim-topo_ctr-area_raw100_unified-all_unified_woody_gmonc,RFG3c_clim-curve-topo_ctr-area_kndvi_raw100_unified-all_unified_woody,kfold5_block20_unified,hill_q0_unified,todas,parcelas_cl,1082,0.017244388880962653,0.005284737611484003
par,compuerta_pool,unified_all_lenoso,gm_clima − clima_curva,RFG5ac_gmoall-clim-topo_ctr-area_raw100_unified-all_unified_woody_gmonc,RFG3c_clim-curve-topo_ctr-area_kndvi_raw100_unified-all_unified_woody,kfold5_block20_unified,hill_q0_unified,todas,living_trees,2020,0.01883658225298046,0.002427688839363353
par,compuerta_pool,unified_all_lenoso,gm_clima − clima_curva,RFG5ac_gmoall-clim-topo_ctr-area_raw100_unified-all_unified_woody_gmonc,RFG3c_clim-curve-topo_ctr-area_kndvi_raw100_unified-all_unified_woody,kfold5_block20_unified,hill_q0_unified,todas,pcl_dentro_owner,1082,0.032565424982878365,0.015199600814899565
par,compuerta_pool,unified_all_lenoso,gm_clima − clima_curva,RFG5ac_gmoall-clim-topo_ctr-area_raw100_unified-all_unified_woody_gmonc,RFG3c_clim-curve-topo_ctr-area_kndvi_raw100_unified-all_unified_woody,kfold5_block20_unified,hill_q0_unified,todas,lt_dentro_banda,2020,0.020882403395298194,0.0031881311873209277
par,compuerta_pool,unified_all_lenoso,gm_clima − gm,RFG5ac_gmoall-clim-topo_ctr-area_raw100_unified-all_unified_woody_gmonc,RFG4ac_gmoall-topo_ctr-area_raw100_unified-all_unified_woody_gmonc,kfold5_block20_unified,hill_q0_unified,todas,todas,3102,0.0820397510353988,0.004249788205748949
par,compuerta_pool,unified_all_lenoso,gm_clima − gm,RFG5ac_gmoall-clim-topo_ctr-area_raw100_unified-all_unified_woody_gmonc,RFG4ac_gmoall-topo_ctr-area_raw100_unified-all_unified_woody_gmonc,kfold5_block20_unified,hill_q0_unified,todas,parcelas_cl,1082,0.08750882914855318,0.005933600287828767
par,compuerta_pool,unified_all_lenoso,gm_clima − gm,RFG5ac_gmoall-clim-topo_ctr-area_raw100_unified-all_unified_woody_gmonc,RFG4ac_gmoall-topo_ctr-area_raw100_unified-all_unified_woody_gmonc,kfold5_block20_unified,hill_q0_unified,todas,living_trees,2020,0.09129667224727993,0.003290385951053151
par,compuerta_pool,unified_all_lenoso,gm_clima − gm,RFG5ac_gmoall-clim-topo_ctr-area_raw100_unified-all_unified_woody_gmonc,RFG4ac_gmoall-topo_ctr-area_raw100_unified-all_unified_woody_gmonc,kfold5_block20_unified,hill_q0_unified,todas,pcl_dentro_owner,1082,0.14791812333821366,0.010139386759043826
par,compuerta_pool,unified_all_lenoso,gm_clima − gm,RFG5ac_gmoall-clim-topo_ctr-area_raw100_unified-all_unified_woody_gmonc,RFG4ac_gmoall-topo_ctr-area_raw100_unified-all_unified_woody_gmonc,kfold5_block20_unified,hill_q0_unified,todas,lt_dentro_banda,2020,0.07187147050683822,0.002749772712862159
modelo,estratos,Forest,clima,RFG1c_clim-topo_ctr-area_raw100_pg-all_unified_strat_11forest,,kfold5_block20_unified,lcbd_count_sorensen,todas,todas,1839,0.241727917738367,0.009937371250970401
modelo,estratos,Forest,clima,RFG1c_clim-topo_ctr-area_raw100_pg-all_unified_strat_11forest,,kfold5_block20_unified,lcbd_count_sorensen,todas,parcelas_cl,184,0.2006159974320665,0.04137099849252889
modelo,estratos,Forest,clima,RFG1c_clim-topo_ctr-area_raw100_pg-all_unified_strat_11forest,,kfold5_block20_unified,lcbd_count_sorensen,todas,living_trees,1655,0.17815553251262836,0.009914034120269718
modelo,estratos,Forest,clima,RFG1c_clim-topo_ctr-area_raw100_pg-all_unified_strat_11forest,,kfold5_block20_unified,lcbd_count_sorensen,todas,pcl_dentro_owner,184,-0.053394035970567945,0.04513681927148628
modelo,estratos,Forest,clima,RFG1c_clim-topo_ctr-area_raw100_pg-all_unified_strat_11forest,,kfold5_block20_unified,lcbd_count_sorensen,todas,lt_dentro_banda,1655,0.09198173789638064,0.009395493446972105
modelo,estratos,Forest,curva,RFG2c_curve-topo_ctr-area_kndvi_raw100_pg-all_unified_strat_11forest,,kfold5_block20_unified,lcbd_count_sorensen,todas,todas,1839,0.18220500914914514,0.0036694108381098672
modelo,estratos,Forest,curva,RFG2c_curve-topo_ctr-area_kndvi_raw100_pg-all_unified_strat_11forest,,kfold5_block20_unified,lcbd_count_sorensen,todas,parcelas_cl,184,-0.04801919003901123,0.02116626422827418
modelo,estratos,Forest,curva,RFG2c_curve-topo_ctr-area_kndvi_raw100_pg-all_unified_strat_11forest,,kfold5_block20_unified,lcbd_count_sorensen,todas,living_trees,1655,0.12057384617059634,0.004567036818369424
modelo,estratos,Forest,curva,RFG2c_curve-topo_ctr-area_kndvi_raw100_pg-all_unified_strat_11forest,,kfold5_block20_unified,lcbd_count_sorensen,todas,pcl_dentro_owner,184,-0.3033577631343942,0.11556611162602769
modelo,estratos,Forest,curva,RFG2c_curve-topo_ctr-area_kndvi_raw100_pg-all_unified_strat_11forest,,kfold5_block20_unified,lcbd_count_sorensen,todas,lt_dentro_banda,1655,0.040456030673261534,0.0032276482243021867
modelo,estratos,Forest,lsp,RFG7c_lspu-topo_ctr-area_kndvi_raw100_pg-all_unified_strat_11forest,,kfold5_block20_unified,lcbd_count_sorensen,todas,todas,1839,0.18923266407088227,0.0052973211746541495
modelo,estratos,Forest,lsp,RFG7c_lspu-topo_ctr-area_kndvi_raw100_pg-all_unified_strat_11forest,,kfold5_block20_unified,lcbd_count_sorensen,todas,parcelas_cl,184,0.09614880769721235,0.009997726392903533
modelo,estratos,Forest,lsp,RFG7c_lspu-topo_ctr-area_kndvi_raw100_pg-all_unified_strat_11forest,,kfold5_block20_unified,lcbd_count_sorensen,todas,living_trees,1655,0.12309102339686721,0.006188269080684876
modelo,estratos,Forest,lsp,RFG7c_lspu-topo_ctr-area_kndvi_raw100_pg-all_unified_strat_11forest,,kfold5_block20_unified,lcbd_count_sorensen,todas,pcl_dentro_owner,184,-0.14905104583681247,0.0714179568975705
modelo,estratos,Forest,lsp,RFG7c_lspu-topo_ctr-area_kndvi_raw100_pg-all_unified_strat_11forest,,kfold5_block20_unified,lcbd_count_sorensen,todas,lt_dentro_banda,1655,0.04282330151636793,0.006057413422880851
modelo,estratos,Forest,gm,RFG4ac_gmoall-topo_ctr-area_raw100_pg-all_unified_strat_11forest_gmonc,,kfold5_block20_unified,lcbd_count_sorensen,todas,todas,1839,0.20211036262279025,0.0013715846794411252
modelo,estratos,Forest,gm,RFG4ac_gmoall-topo_ctr-area_raw100_pg-all_unified_strat_11forest_gmonc,,kfold5_block20_unified,lcbd_count_sorensen,todas,parcelas_cl,184,0.06267198313730331,0.012405993374681339
modelo,estratos,Forest,gm,RFG4ac_gmoall-topo_ctr-area_raw100_pg-all_unified_strat_11forest_gmonc,,kfold5_block20_unified,lcbd_count_sorensen,todas,living_trees,1655,0.138802934113587,0.0010778915573878035
modelo,estratos,Forest,gm,RFG4ac_gmoall-topo_ctr-area_raw100_pg-all_unified_strat_11forest_gmonc,,kfold5_block20_unified,lcbd_count_sorensen,todas,pcl_dentro_owner,184,-0.17396738523010558,0.07476477617681533
modelo,estratos,Forest,gm,RFG4ac_gmoall-topo_ctr-area_raw100_pg-all_unified_strat_11forest_gmonc,,kfold5_block20_unified,lcbd_count_sorensen,todas,lt_dentro_banda,1655,0.06580273509116297,0.000333987317413194
modelo,estratos,Forest,gm_clima,RFG5ac_gmoall-clim-topo_ctr-area_raw100_pg-all_unified_strat_11forest_gmonc,,kfold5_block20_unified,lcbd_count_sorensen,todas,todas,1839,0.26212360724415545,0.006895216504932388
modelo,estratos,Forest,gm_clima,RFG5ac_gmoall-clim-topo_ctr-area_raw100_pg-all_unified_strat_11forest_gmonc,,kfold5_block20_unified,lcbd_count_sorensen,todas,parcelas_cl,184,0.17123010456200338,0.023497673657869197
modelo,estratos,Forest,gm_clima,RFG5ac_gmoall-clim-topo_ctr-area_raw100_pg-all_unified_strat_11forest_gmonc,,kfold5_block20_unified,lcbd_count_sorensen,todas,living_trees,1655,0.2021587234820181,0.007258332854332892
modelo,estratos,Forest,gm_clima,RFG5ac_gmoall-clim-topo_ctr-area_raw100_pg-all_unified_strat_11forest_gmonc,,kfold5_block20_unified,lcbd_count_sorensen,todas,pcl_dentro_owner,184,-0.10184935152497639,0.05100841903592741
modelo,estratos,Forest,gm_clima,RFG5ac_gmoall-clim-topo_ctr-area_raw100_pg-all_unified_strat_11forest_gmonc,,kfold5_block20_unified,lcbd_count_sorensen,todas,lt_dentro_banda,1655,0.11861780021941759,0.006356028233206743
par,estratos,Forest,curva − gm,RFG2c_curve-topo_ctr-area_kndvi_raw100_pg-all_unified_strat_11forest,RFG4ac_gmoall-topo_ctr-area_raw100_pg-all_unified_strat_11forest_gmonc,kfold5_block20_unified,lcbd_count_sorensen,todas,todas,1839,-0.01990535347364512,0.00322341012022651
par,estratos,Forest,curva − gm,RFG2c_curve-topo_ctr-area_kndvi_raw100_pg-all_unified_strat_11forest,RFG4ac_gmoall-topo_ctr-area_raw100_pg-all_unified_strat_11forest_gmonc,kfold5_block20_unified,lcbd_count_sorensen,todas,parcelas_cl,184,-0.11069117317631454,0.018243265108821825
par,estratos,Forest,curva − gm,RFG2c_curve-topo_ctr-area_kndvi_raw100_pg-all_unified_strat_11forest,RFG4ac_gmoall-topo_ctr-area_raw100_pg-all_unified_strat_11forest_gmonc,kfold5_block20_unified,lcbd_count_sorensen,todas,living_trees,1655,-0.018229087942990645,0.004300078658562851
par,estratos,Forest,curva − gm,RFG2c_curve-topo_ctr-area_kndvi_raw100_pg-all_unified_strat_11forest,RFG4ac_gmoall-topo_ctr-area_raw100_pg-all_unified_strat_11forest_gmonc,kfold5_block20_unified,lcbd_count_sorensen,todas,pcl_dentro_owner,184,-0.12939037790428864,0.041868761407893466
par,estratos,Forest,curva − gm,RFG2c_curve-topo_ctr-area_kndvi_raw100_pg-all_unified_strat_11forest,RFG4ac_gmoall-topo_ctr-area_raw100_pg-all_unified_strat_11forest_gmonc,kfold5_block20_unified,lcbd_count_sorensen,todas,lt_dentro_banda,1655,-0.025346704417901433,0.003541251130461081
par,estratos,Forest,curva − clima,RFG2c_curve-topo_ctr-area_kndvi_raw100_pg-all_unified_strat_11forest,RFG1c_clim-topo_ctr-area_raw100_pg-all_unified_strat_11forest,kfold5_block20_unified,lcbd_count_sorensen,todas,todas,1839,-0.05952290858922186,0.006412856436233165
par,estratos,Forest,curva − clima,RFG2c_curve-topo_ctr-area_kndvi_raw100_pg-all_unified_strat_11forest,RFG1c_clim-topo_ctr-area_raw100_pg-all_unified_strat_11forest,kfold5_block20_unified,lcbd_count_sorensen,todas,parcelas_cl,184,-0.24863518747107774,0.04074120364550976
par,estratos,Forest,curva − clima,RFG2c_curve-topo_ctr-area_kndvi_raw100_pg-all_unified_strat_11forest,RFG1c_clim-topo_ctr-area_raw100_pg-all_unified_strat_11forest,kfold5_block20_unified,lcbd_count_sorensen,todas,living_trees,1655,-0.057581686342032014,0.005687049756987647
par,estratos,Forest,curva − clima,RFG2c_curve-topo_ctr-area_kndvi_raw100_pg-all_unified_strat_11forest,RFG1c_clim-topo_ctr-area_raw100_pg-all_unified_strat_11forest,kfold5_block20_unified,lcbd_count_sorensen,todas,pcl_dentro_owner,184,-0.24996372716382628,0.07069291618631306
par,estratos,Forest,curva − clima,RFG2c_curve-topo_ctr-area_kndvi_raw100_pg-all_unified_strat_11forest,RFG1c_clim-topo_ctr-area_raw100_pg-all_unified_strat_11forest,kfold5_block20_unified,lcbd_count_sorensen,todas,lt_dentro_banda,1655,-0.05152570722311911,0.0070141587102859615
par,estratos,Forest,gm − clima,RFG4ac_gmoall-topo_ctr-area_raw100_pg-all_unified_strat_11forest_gmonc,RFG1c_clim-topo_ctr-area_raw100_pg-all_unified_strat_11forest,kfold5_block20_unified,lcbd_count_sorensen,todas,todas,1839,-0.03961755511557674,0.009069615702915774
par,estratos,Forest,gm − clima,RFG4ac_gmoall-topo_ctr-area_raw100_pg-all_unified_strat_11forest_gmonc,RFG1c_clim-topo_ctr-area_raw100_pg-all_unified_strat_11forest,kfold5_block20_unified,lcbd_count_sorensen,todas,parcelas_cl,184,-0.13794401429476322,0.029504809468216455
par,estratos,Forest,gm − clima,RFG4ac_gmoall-topo_ctr-area_raw100_pg-all_unified_strat_11forest_gmonc,RFG1c_clim-topo_ctr-area_raw100_pg-all_unified_strat_11forest,kfold5_block20_unified,lcbd_count_sorensen,todas,living_trees,1655,-0.03935259839904137,0.009296383885401584
par,estratos,Forest,gm − clima,RFG4ac_gmoall-topo_ctr-area_raw100_pg-all_unified_strat_11forest_gmonc,RFG1c_clim-topo_ctr-area_raw100_pg-all_unified_strat_11forest,kfold5_block20_unified,lcbd_count_sorensen,todas,pcl_dentro_owner,184,-0.12057334925953762,0.029643694935378377
par,estratos,Forest,gm − clima,RFG4ac_gmoall-topo_ctr-area_raw100_pg-all_unified_strat_11forest_gmonc,RFG1c_clim-topo_ctr-area_raw100_pg-all_unified_strat_11forest,kfold5_block20_unified,lcbd_count_sorensen,todas,lt_dentro_banda,1655,-0.026179002805217677,0.009584237244651553
par,estratos,Forest,gm_clima − clima,RFG5ac_gmoall-clim-topo_ctr-area_raw100_pg-all_unified_strat_11forest_gmonc,RFG1c_clim-topo_ctr-area_raw100_pg-all_unified_strat_11forest,kfold5_block20_unified,lcbd_count_sorensen,todas,todas,1839,0.02039568950578848,0.0030427591500663664
par,estratos,Forest,gm_clima − clima,RFG5ac_gmoall-clim-topo_ctr-area_raw100_pg-all_unified_strat_11forest_gmonc,RFG1c_clim-topo_ctr-area_raw100_pg-all_unified_strat_11forest,kfold5_block20_unified,lcbd_count_sorensen,todas,parcelas_cl,184,-0.02938589287006314,0.020989544422179682
par,estratos,Forest,gm_clima − clima,RFG5ac_gmoall-clim-topo_ctr-area_raw100_pg-all_unified_strat_11forest_gmonc,RFG1c_clim-topo_ctr-area_raw100_pg-all_unified_strat_11forest,kfold5_block20_unified,lcbd_count_sorensen,todas,living_trees,1655,0.024003190969389743,0.0026558768757708267
par,estratos,Forest,gm_clima − clima,RFG5ac_gmoall-clim-topo_ctr-area_raw100_pg-all_unified_strat_11forest_gmonc,RFG1c_clim-topo_ctr-area_raw100_pg-all_unified_strat_11forest,kfold5_block20_unified,lcbd_count_sorensen,todas,pcl_dentro_owner,184,-0.04845531555440844,0.01568640207301921
par,estratos,Forest,gm_clima − clima,RFG5ac_gmoall-clim-topo_ctr-area_raw100_pg-all_unified_strat_11forest_gmonc,RFG1c_clim-topo_ctr-area_raw100_pg-all_unified_strat_11forest,kfold5_block20_unified,lcbd_count_sorensen,todas,lt_dentro_banda,1655,0.026636062323036946,0.003113598567442511
par,estratos,Forest,curva − gm_clima,RFG2c_curve-topo_ctr-area_kndvi_raw100_pg-all_unified_strat_11forest,RFG5ac_gmoall-clim-topo_ctr-area_raw100_pg-all_unified_strat_11forest_gmonc,kfold5_block20_unified,lcbd_count_sorensen,todas,todas,1839,-0.07991859809501034,0.0034299781975227245
par,estratos,Forest,curva − gm_clima,RFG2c_curve-topo_ctr-area_kndvi_raw100_pg-all_unified_strat_11forest,RFG5ac_gmoall-clim-topo_ctr-area_raw100_pg-all_unified_strat_11forest_gmonc,kfold5_block20_unified,lcbd_count_sorensen,todas,parcelas_cl,184,-0.2192492946010146,0.02006953548799458
par,estratos,Forest,curva − gm_clima,RFG2c_curve-topo_ctr-area_kndvi_raw100_pg-all_unified_strat_11forest,RFG5ac_gmoall-clim-topo_ctr-area_raw100_pg-all_unified_strat_11forest_gmonc,kfold5_block20_unified,lcbd_count_sorensen,todas,living_trees,1655,-0.08158487731142176,0.003150006749949754
par,estratos,Forest,curva − gm_clima,RFG2c_curve-topo_ctr-area_kndvi_raw100_pg-all_unified_strat_11forest,RFG5ac_gmoall-clim-topo_ctr-area_raw100_pg-all_unified_strat_11forest_gmonc,kfold5_block20_unified,lcbd_count_sorensen,todas,pcl_dentro_owner,184,-0.20150841160941782,0.07104665223604098
par,estratos,Forest,curva − gm_clima,RFG2c_curve-topo_ctr-area_kndvi_raw100_pg-all_unified_strat_11forest,RFG5ac_gmoall-clim-topo_ctr-area_raw100_pg-all_unified_strat_11forest_gmonc,kfold5_block20_unified,lcbd_count_sorensen,todas,lt_dentro_banda,1655,-0.07816176954615606,0.0039231551704404476
modelo,estratos,NoBosque,clima,RFG1c_clim-topo_ctr-area_raw100_pg-all_unified_strat_nobosque,,kfold5_block20_unified,lcbd_count_sorensen,todas,todas,506,0.024853425542983348,0.033361012788258926
modelo,estratos,NoBosque,clima,RFG1c_clim-topo_ctr-area_raw100_pg-all_unified_strat_nobosque,,kfold5_block20_unified,lcbd_count_sorensen,todas,parcelas_cl,276,-0.15947023807503813,0.0710983169641814
modelo,estratos,NoBosque,clima,RFG1c_clim-topo_ctr-area_raw100_pg-all_unified_strat_nobosque,,kfold5_block20_unified,lcbd_count_sorensen,todas,living_trees,230,0.1889964290376888,0.0024445685998882184
modelo,estratos,NoBosque,clima,RFG1c_clim-topo_ctr-area_raw100_pg-all_unified_strat_nobosque,,kfold5_block20_unified,lcbd_count_sorensen,todas,pcl_dentro_owner,276,-0.20406607326639592,0.06743739930747984
modelo,estratos,NoBosque,clima,RFG1c_clim-topo_ctr-area_raw100_pg-all_unified_strat_nobosque,,kfold5_block20_unified,lcbd_count_sorensen,todas,lt_dentro_banda,230,-0.011270936790493144,0.0013519922229509507
modelo,estratos,NoBosque,curva,RFG2c_curve-topo_ctr-area_kndvi_raw100_pg-all_unified_strat_nobosque,,kfold5_block20_unified,lcbd_count_sorensen,todas,todas,506,0.17113934887669438,0.01097696222571497
modelo,estratos,NoBosque,curva,RFG2c_curve-topo_ctr-area_kndvi_raw100_pg-all_unified_strat_nobosque,,kfold5_block20_unified,lcbd_count_sorensen,todas,parcelas_cl,276,0.06785564065014038,0.02984009787834374
modelo,estratos,NoBosque,curva,RFG2c_curve-topo_ctr-area_kndvi_raw100_pg-all_unified_strat_nobosque,,kfold5_block20_unified,lcbd_count_sorensen,todas,living_trees,230,0.2614536123837753,0.007934203461631898
modelo,estratos,NoBosque,curva,RFG2c_curve-topo_ctr-area_kndvi_raw100_pg-all_unified_strat_nobosque,,kfold5_block20_unified,lcbd_count_sorensen,todas,pcl_dentro_owner,276,-0.015618769088375783,0.03340987390019019
modelo,estratos,NoBosque,curva,RFG2c_curve-topo_ctr-area_kndvi_raw100_pg-all_unified_strat_nobosque,,kfold5_block20_unified,lcbd_count_sorensen,todas,lt_dentro_banda,230,0.10037201970635701,0.007830975532386838
modelo,estratos,NoBosque,lsp,RFG7c_lspu-topo_ctr-area_kndvi_raw100_pg-all_unified_strat_nobosque,,kfold5_block20_unified,lcbd_count_sorensen,todas,todas,506,0.1145828686443638,0.03525389735650328
modelo,estratos,NoBosque,lsp,RFG7c_lspu-topo_ctr-area_kndvi_raw100_pg-all_unified_strat_nobosque,,kfold5_block20_unified,lcbd_count_sorensen,todas,parcelas_cl,276,-0.06951729039727288,0.06430240355277489
modelo,estratos,NoBosque,lsp,RFG7c_lspu-topo_ctr-area_kndvi_raw100_pg-all_unified_strat_nobosque,,kfold5_block20_unified,lcbd_count_sorensen,todas,living_trees,230,0.2790476956103659,0.008843747698931452
modelo,estratos,NoBosque,lsp,RFG7c_lspu-topo_ctr-area_kndvi_raw100_pg-all_unified_strat_nobosque,,kfold5_block20_unified,lcbd_count_sorensen,todas,pcl_dentro_owner,276,-0.14938799135657113,0.06780851018804415
modelo,estratos,NoBosque,lsp,RFG7c_lspu-topo_ctr-area_kndvi_raw100_pg-all_unified_strat_nobosque,,kfold5_block20_unified,lcbd_count_sorensen,todas,lt_dentro_banda,230,0.13087443779032856,0.016144926606780678
modelo,estratos,NoBosque,gm,RFG4ac_gmoall-topo_ctr-area_raw100_pg-all_unified_strat_nobosque_gmonc,,kfold5_block20_unified,lcbd_count_sorensen,todas,todas,506,-0.011441878324435254,0.03890623712756664
modelo,estratos,NoBosque,gm,RFG4ac_gmoall-topo_ctr-area_raw100_pg-all_unified_strat_nobosque_gmonc,,kfold5_block20_unified,lcbd_count_sorensen,todas,parcelas_cl,276,-0.20413591015457108,0.07432728952174349
modelo,estratos,NoBosque,gm,RFG4ac_gmoall-topo_ctr-area_raw100_pg-all_unified_strat_nobosque_gmonc,,kfold5_block20_unified,lcbd_count_sorensen,todas,living_trees,230,0.16020204796055168,0.008252648413057971
modelo,estratos,NoBosque,gm,RFG4ac_gmoall-topo_ctr-area_raw100_pg-all_unified_strat_nobosque_gmonc,,kfold5_block20_unified,lcbd_count_sorensen,todas,pcl_dentro_owner,276,-0.2968676537050967,0.07350885971545483
modelo,estratos,NoBosque,gm,RFG4ac_gmoall-topo_ctr-area_raw100_pg-all_unified_strat_nobosque_gmonc,,kfold5_block20_unified,lcbd_count_sorensen,todas,lt_dentro_banda,230,0.018681001319698038,0.013001945824382242
modelo,estratos,NoBosque,gm_clima,RFG5ac_gmoall-clim-topo_ctr-area_raw100_pg-all_unified_strat_nobosque_gmonc,,kfold5_block20_unified,lcbd_count_sorensen,todas,todas,506,7.279478017178469e-05,0.030785626578848643
modelo,estratos,NoBosque,gm_clima,RFG5ac_gmoall-clim-topo_ctr-area_raw100_pg-all_unified_strat_nobosque_gmonc,,kfold5_block20_unified,lcbd_count_sorensen,todas,parcelas_cl,276,-0.26210269489779003,0.06484887914393983
modelo,estratos,NoBosque,gm_clima,RFG5ac_gmoall-clim-topo_ctr-area_raw100_pg-all_unified_strat_nobosque_gmonc,,kfold5_block20_unified,lcbd_count_sorensen,todas,living_trees,230,0.23582097494245538,0.0010030334322596586
modelo,estratos,NoBosque,gm_clima,RFG5ac_gmoall-clim-topo_ctr-area_raw100_pg-all_unified_strat_nobosque_gmonc,,kfold5_block20_unified,lcbd_count_sorensen,todas,pcl_dentro_owner,276,-0.33386099730412044,0.06157319483784513
modelo,estratos,NoBosque,gm_clima,RFG5ac_gmoall-clim-topo_ctr-area_raw100_pg-all_unified_strat_nobosque_gmonc,,kfold5_block20_unified,lcbd_count_sorensen,todas,lt_dentro_banda,230,0.05821791992980985,0.00217266649072131
par,estratos,NoBosque,curva − gm,RFG2c_curve-topo_ctr-area_kndvi_raw100_pg-all_unified_strat_nobosque,RFG4ac_gmoall-topo_ctr-area_raw100_pg-all_unified_strat_nobosque_gmonc,kfold5_block20_unified,lcbd_count_sorensen,todas,todas,506,0.18258122720112965,0.027989992867623176
par,estratos,NoBosque,curva − gm,RFG2c_curve-topo_ctr-area_kndvi_raw100_pg-all_unified_strat_nobosque,RFG4ac_gmoall-topo_ctr-area_raw100_pg-all_unified_strat_nobosque_gmonc,kfold5_block20_unified,lcbd_count_sorensen,todas,parcelas_cl,276,0.27199155080471143,0.04452233492541092
par,estratos,NoBosque,curva − gm,RFG2c_curve-topo_ctr-area_kndvi_raw100_pg-all_unified_strat_nobosque,RFG4ac_gmoall-topo_ctr-area_raw100_pg-all_unified_strat_nobosque_gmonc,kfold5_block20_unified,lcbd_count_sorensen,todas,living_trees,230,0.10125156442322363,0.012928282569048637
par,estratos,NoBosque,curva − gm,RFG2c_curve-topo_ctr-area_kndvi_raw100_pg-all_unified_strat_nobosque,RFG4ac_gmoall-topo_ctr-area_raw100_pg-all_unified_strat_nobosque_gmonc,kfold5_block20_unified,lcbd_count_sorensen,todas,pcl_dentro_owner,276,0.28124888461672093,0.0403206753200168
par,estratos,NoBosque,curva − gm,RFG2c_curve-topo_ctr-area_kndvi_raw100_pg-all_unified_strat_nobosque,RFG4ac_gmoall-topo_ctr-area_raw100_pg-all_unified_strat_nobosque_gmonc,kfold5_block20_unified,lcbd_count_sorensen,todas,lt_dentro_banda,230,0.08169101838665897,0.015788922817505227
par,estratos,NoBosque,curva − clima,RFG2c_curve-topo_ctr-area_kndvi_raw100_pg-all_unified_strat_nobosque,RFG1c_clim-topo_ctr-area_raw100_pg-all_unified_strat_nobosque,kfold5_block20_unified,lcbd_count_sorensen,todas,todas,506,0.14628592333371104,0.02243169385138341
par,estratos,NoBosque,curva − clima,RFG2c_curve-topo_ctr-area_kndvi_raw100_pg-all_unified_strat_nobosque,RFG1c_clim-topo_ctr-area_raw100_pg-all_unified_strat_nobosque,kfold5_block20_unified,lcbd_count_sorensen,todas,parcelas_cl,276,0.2273258787251785,0.04272627736639897
par,estratos,NoBosque,curva − clima,RFG2c_curve-topo_ctr-area_kndvi_raw100_pg-all_unified_strat_nobosque,RFG1c_clim-topo_ctr-area_raw100_pg-all_unified_strat_nobosque,kfold5_block20_unified,lcbd_count_sorensen,todas,living_trees,230,0.07245718334608649,0.0055877018407647465
par,estratos,NoBosque,curva − clima,RFG2c_curve-topo_ctr-area_kndvi_raw100_pg-all_unified_strat_nobosque,RFG1c_clim-topo_ctr-area_raw100_pg-all_unified_strat_nobosque,kfold5_block20_unified,lcbd_count_sorensen,todas,pcl_dentro_owner,276,0.18844730417802014,0.0345962141338008
par,estratos,NoBosque,curva − clima,RFG2c_curve-topo_ctr-area_kndvi_raw100_pg-all_unified_strat_nobosque,RFG1c_clim-topo_ctr-area_raw100_pg-all_unified_strat_nobosque,kfold5_block20_unified,lcbd_count_sorensen,todas,lt_dentro_banda,230,0.11164295649685015,0.0064876376232058984
par,estratos,NoBosque,gm − clima,RFG4ac_gmoall-topo_ctr-area_raw100_pg-all_unified_strat_nobosque_gmonc,RFG1c_clim-topo_ctr-area_raw100_pg-all_unified_strat_nobosque,kfold5_block20_unified,lcbd_count_sorensen,todas,todas,506,-0.0362953038674186,0.008139388396758542
par,estratos,NoBosque,gm − clima,RFG4ac_gmoall-topo_ctr-area_raw100_pg-all_unified_strat_nobosque_gmonc,RFG1c_clim-topo_ctr-area_raw100_pg-all_unified_strat_nobosque,kfold5_block20_unified,lcbd_count_sorensen,todas,parcelas_cl,276,-0.044665672079532946,0.015159144224280887
par,estratos,NoBosque,gm − clima,RFG4ac_gmoall-topo_ctr-area_raw100_pg-all_unified_strat_nobosque_gmonc,RFG1c_clim-topo_ctr-area_raw100_pg-all_unified_strat_nobosque,kfold5_block20_unified,lcbd_count_sorensen,todas,living_trees,230,-0.028794381077137127,0.008704785942768588
par,estratos,NoBosque,gm − clima,RFG4ac_gmoall-topo_ctr-area_raw100_pg-all_unified_strat_nobosque_gmonc,RFG1c_clim-topo_ctr-area_raw100_pg-all_unified_strat_nobosque,kfold5_block20_unified,lcbd_count_sorensen,todas,pcl_dentro_owner,276,-0.09280158043870079,0.006897033981498433
par,estratos,NoBosque,gm − clima,RFG4ac_gmoall-topo_ctr-area_raw100_pg-all_unified_strat_nobosque_gmonc,RFG1c_clim-topo_ctr-area_raw100_pg-all_unified_strat_nobosque,kfold5_block20_unified,lcbd_count_sorensen,todas,lt_dentro_banda,230,0.029951938110191183,0.013058628396111214
par,estratos,NoBosque,gm_clima − clima,RFG5ac_gmoall-clim-topo_ctr-area_raw100_pg-all_unified_strat_nobosque_gmonc,RFG1c_clim-topo_ctr-area_raw100_pg-all_unified_strat_nobosque,kfold5_block20_unified,lcbd_count_sorensen,todas,todas,506,-0.024780630762811562,0.00570660736175018
par,estratos,NoBosque,gm_clima − clima,RFG5ac_gmoall-clim-topo_ctr-area_raw100_pg-all_unified_strat_nobosque_gmonc,RFG1c_clim-topo_ctr-area_raw100_pg-all_unified_strat_nobosque,kfold5_block20_unified,lcbd_count_sorensen,todas,parcelas_cl,276,-0.1026324568227519,0.013498946306182766
par,estratos,NoBosque,gm_clima − clima,RFG5ac_gmoall-clim-topo_ctr-area_raw100_pg-all_unified_strat_nobosque_gmonc,RFG1c_clim-topo_ctr-area_raw100_pg-all_unified_strat_nobosque,kfold5_block20_unified,lcbd_count_sorensen,todas,living_trees,230,0.04682454590476659,0.0014475084325207739
par,estratos,NoBosque,gm_clima − clima,RFG5ac_gmoall-clim-topo_ctr-area_raw100_pg-all_unified_strat_nobosque_gmonc,RFG1c_clim-topo_ctr-area_raw100_pg-all_unified_strat_nobosque,kfold5_block20_unified,lcbd_count_sorensen,todas,pcl_dentro_owner,276,-0.12979492403772452,0.013654822826419062
par,estratos,NoBosque,gm_clima − clima,RFG5ac_gmoall-clim-topo_ctr-area_raw100_pg-all_unified_strat_nobosque_gmonc,RFG1c_clim-topo_ctr-area_raw100_pg-all_unified_strat_nobosque,kfold5_block20_unified,lcbd_count_sorensen,todas,lt_dentro_banda,230,0.06948885672030299,0.0008859649574969979
par,estratos,NoBosque,curva − gm_clima,RFG2c_curve-topo_ctr-area_kndvi_raw100_pg-all_unified_strat_nobosque,RFG5ac_gmoall-clim-topo_ctr-area_raw100_pg-all_unified_strat_nobosque_gmonc,kfold5_block20_unified,lcbd_count_sorensen,todas,todas,506,0.1710665540965226,0.020273879181378088
par,estratos,NoBosque,curva − gm_clima,RFG2c_curve-topo_ctr-area_kndvi_raw100_pg-all_unified_strat_nobosque,RFG5ac_gmoall-clim-topo_ctr-area_raw100_pg-all_unified_strat_nobosque_gmonc,kfold5_block20_unified,lcbd_count_sorensen,todas,parcelas_cl,276,0.3299583355479304,0.039483966916360975
par,estratos,NoBosque,curva − gm_clima,RFG2c_curve-topo_ctr-area_kndvi_raw100_pg-all_unified_strat_nobosque,RFG5ac_gmoall-clim-topo_ctr-area_raw100_pg-all_unified_strat_nobosque_gmonc,kfold5_block20_unified,lcbd_count_sorensen,todas,living_trees,230,0.0256326374413199,0.006944622140777598
par,estratos,NoBosque,curva − gm_clima,RFG2c_curve-topo_ctr-area_kndvi_raw100_pg-all_unified_strat_nobosque,RFG5ac_gmoall-clim-topo_ctr-area_raw100_pg-all_unified_strat_nobosque_gmonc,kfold5_block20_unified,lcbd_count_sorensen,todas,pcl_dentro_owner,276,0.31824222821574466,0.03172398836293442
par,estratos,NoBosque,curva − gm_clima,RFG2c_curve-topo_ctr-area_kndvi_raw100_pg-all_unified_strat_nobosque,RFG5ac_gmoall-clim-topo_ctr-area_raw100_pg-all_unified_strat_nobosque_gmonc,kfold5_block20_unified,lcbd_count_sorensen,todas,lt_dentro_banda,230,0.04215409977654716,0.0057893831871511274
modelo,pendiente,pg_all_lenoso,gm_nc,RFG4ac_gmoall-topo_ctr-area_raw100nc_pg-all_unified_woody_gmonc,,kfold5_block20_unified,lcbd_count_sorensen,15-25,todas,686,0.5198904309701474,0.0048708478838156545
modelo,pendiente,pg_all_lenoso,gm_nc,RFG4ac_gmoall-topo_ctr-area_raw100nc_pg-all_unified_woody_gmonc,,kfold5_block20_unified,lcbd_count_sorensen,15-25,parcelas_cl,169,0.5454049841861087,0.0363978764090774
modelo,pendiente,pg_all_lenoso,gm_nc,RFG4ac_gmoall-topo_ctr-area_raw100nc_pg-all_unified_woody_gmonc,,kfold5_block20_unified,lcbd_count_sorensen,15-25,living_trees,517,0.2470347860662253,0.013343068992059356
modelo,pendiente,pg_all_lenoso,gm_nc,RFG4ac_gmoall-topo_ctr-area_raw100nc_pg-all_unified_woody_gmonc,,kfold5_block20_unified,lcbd_count_sorensen,15-25,pcl_dentro_owner,169,-0.13567407124742129,0.08481451892838866
modelo,pendiente,pg_all_lenoso,gm_nc,RFG4ac_gmoall-topo_ctr-area_raw100nc_pg-all_unified_woody_gmonc,,kfold5_block20_unified,lcbd_count_sorensen,15-25,lt_dentro_banda,517,0.13228361198778762,0.011571935844920469
modelo,pendiente,pg_all_lenoso,gm_nc,RFG4ac_gmoall-topo_ctr-area_raw100nc_pg-all_unified_woody_gmonc,,kfold5_block20_unified,lcbd_count_sorensen,5-15,todas,936,0.4583725454004721,0.0034141399614822238
modelo,pendiente,pg_all_lenoso,gm_nc,RFG4ac_gmoall-topo_ctr-area_raw100nc_pg-all_unified_woody_gmonc,,kfold5_block20_unified,lcbd_count_sorensen,5-15,parcelas_cl,185,0.5952971850903558,0.02196418102323032
modelo,pendiente,pg_all_lenoso,gm_nc,RFG4ac_gmoall-topo_ctr-area_raw100nc_pg-all_unified_woody_gmonc,,kfold5_block20_unified,lcbd_count_sorensen,5-15,living_trees,751,0.1829955796841314,0.007227469553218054
modelo,pendiente,pg_all_lenoso,gm_nc,RFG4ac_gmoall-topo_ctr-area_raw100nc_pg-all_unified_woody_gmonc,,kfold5_block20_unified,lcbd_count_sorensen,5-15,pcl_dentro_owner,185,-0.20064932395057444,0.05134077458351963
modelo,pendiente,pg_all_lenoso,gm_nc,RFG4ac_gmoall-topo_ctr-area_raw100nc_pg-all_unified_woody_gmonc,,kfold5_block20_unified,lcbd_count_sorensen,5-15,lt_dentro_banda,751,0.10904931717488324,0.006266710248433522
modelo,pendiente,pg_all_lenoso,gm_nc,RFG4ac_gmoall-topo_ctr-area_raw100nc_pg-all_unified_woody_gmonc,,kfold5_block20_unified,lcbd_count_sorensen,<5,todas,412,0.3684847195135057,0.004400094991962286
modelo,pendiente,pg_all_lenoso,gm_nc,RFG4ac_gmoall-topo_ctr-area_raw100nc_pg-all_unified_woody_gmonc,,kfold5_block20_unified,lcbd_count_sorensen,<5,parcelas_cl,48,0.5888851121187084,0.009923295714814522
modelo,pendiente,pg_all_lenoso,gm_nc,RFG4ac_gmoall-topo_ctr-area_raw100nc_pg-all_unified_woody_gmonc,,kfold5_block20_unified,lcbd_count_sorensen,<5,living_trees,364,0.2342742642374609,0.005610026640932954
modelo,pendiente,pg_all_lenoso,gm_nc,RFG4ac_gmoall-topo_ctr-area_raw100nc_pg-all_unified_woody_gmonc,,kfold5_block20_unified,lcbd_count_sorensen,<5,pcl_dentro_owner,48,-0.3347255687201485,0.07187296271867909
modelo,pendiente,pg_all_lenoso,gm_nc,RFG4ac_gmoall-topo_ctr-area_raw100nc_pg-all_unified_woody_gmonc,,kfold5_block20_unified,lcbd_count_sorensen,<5,lt_dentro_banda,364,0.19823745098832105,0.0056908093886030835
modelo,pendiente,pg_all_lenoso,gm_nc,RFG4ac_gmoall-topo_ctr-area_raw100nc_pg-all_unified_woody_gmonc,,kfold5_block20_unified,lcbd_count_sorensen,>25,todas,465,0.48137613517984695,0.007286533643392201
modelo,pendiente,pg_all_lenoso,gm_nc,RFG4ac_gmoall-topo_ctr-area_raw100nc_pg-all_unified_woody_gmonc,,kfold5_block20_unified,lcbd_count_sorensen,>25,parcelas_cl,77,0.6611713621418615,0.025081792588846272
modelo,pendiente,pg_all_lenoso,gm_nc,RFG4ac_gmoall-topo_ctr-area_raw100nc_pg-all_unified_woody_gmonc,,kfold5_block20_unified,lcbd_count_sorensen,>25,living_trees,388,0.19748279859917037,0.013117840818709574
modelo,pendiente,pg_all_lenoso,gm_nc,RFG4ac_gmoall-topo_ctr-area_raw100nc_pg-all_unified_woody_gmonc,,kfold5_block20_unified,lcbd_count_sorensen,>25,pcl_dentro_owner,77,-0.09606695399554684,0.08332036556381534
modelo,pendiente,pg_all_lenoso,gm_nc,RFG4ac_gmoall-topo_ctr-area_raw100nc_pg-all_unified_woody_gmonc,,kfold5_block20_unified,lcbd_count_sorensen,>25,lt_dentro_banda,388,0.05119630709219003,0.013718029280537954
modelo,pendiente,pg_all_lenoso,gm_nc,RFG4ac_gmoall-topo_ctr-area_raw100nc_pg-all_unified_woody_gmonc,,kfold5_block20_unified,lcbd_count_sorensen,todas,todas,2499,0.46345545639467994,0.002821474240741684
modelo,pendiente,pg_all_lenoso,gm_nc,RFG4ac_gmoall-topo_ctr-area_raw100nc_pg-all_unified_woody_gmonc,,kfold5_block20_unified,lcbd_count_sorensen,todas,parcelas_cl,479,0.5968132897703571,0.024200000553132695
modelo,pendiente,pg_all_lenoso,gm_nc,RFG4ac_gmoall-topo_ctr-area_raw100nc_pg-all_unified_woody_gmonc,,kfold5_block20_unified,lcbd_count_sorensen,todas,living_trees,2020,0.2190356926043008,0.006858713221999045
modelo,pendiente,pg_all_lenoso,gm_nc,RFG4ac_gmoall-topo_ctr-area_raw100nc_pg-all_unified_woody_gmonc,,kfold5_block20_unified,lcbd_count_sorensen,todas,pcl_dentro_owner,479,-0.19081730953894413,0.051856329378993926
modelo,pendiente,pg_all_lenoso,gm_nc,RFG4ac_gmoall-topo_ctr-area_raw100nc_pg-all_unified_woody_gmonc,,kfold5_block20_unified,lcbd_count_sorensen,todas,lt_dentro_banda,2020,0.1417192290472431,0.0058973147900937715
modelo,pendiente,pg_all_lenoso,gm_csall,RFG4ac_gmoall-topo_ctr-area_raw100tccsall_pg-all_unified_woody_gmotccsall,,kfold5_block20_unified,lcbd_count_sorensen,15-25,todas,686,0.5290898616301472,0.002514281061420253
modelo,pendiente,pg_all_lenoso,gm_csall,RFG4ac_gmoall-topo_ctr-area_raw100tccsall_pg-all_unified_woody_gmotccsall,,kfold5_block20_unified,lcbd_count_sorensen,15-25,parcelas_cl,169,0.5394006693325785,0.025884126724760193
modelo,pendiente,pg_all_lenoso,gm_csall,RFG4ac_gmoall-topo_ctr-area_raw100tccsall_pg-all_unified_woody_gmotccsall,,kfold5_block20_unified,lcbd_count_sorensen,15-25,living_trees,517,0.2647731915102978,0.003914766184876449
modelo,pendiente,pg_all_lenoso,gm_csall,RFG4ac_gmoall-topo_ctr-area_raw100tccsall_pg-all_unified_woody_gmotccsall,,kfold5_block20_unified,lcbd_count_sorensen,15-25,pcl_dentro_owner,169,-0.15947589521766078,0.07915784720950833
modelo,pendiente,pg_all_lenoso,gm_csall,RFG4ac_gmoall-topo_ctr-area_raw100tccsall_pg-all_unified_woody_gmotccsall,,kfold5_block20_unified,lcbd_count_sorensen,15-25,lt_dentro_banda,517,0.14760023866130922,0.004295986465004829
modelo,pendiente,pg_all_lenoso,gm_csall,RFG4ac_gmoall-topo_ctr-area_raw100tccsall_pg-all_unified_woody_gmotccsall,,kfold5_block20_unified,lcbd_count_sorensen,5-15,todas,936,0.4556743929153882,0.0024536469635815738
modelo,pendiente,pg_all_lenoso,gm_csall,RFG4ac_gmoall-topo_ctr-area_raw100tccsall_pg-all_unified_woody_gmotccsall,,kfold5_block20_unified,lcbd_count_sorensen,5-15,parcelas_cl,185,0.6114940119299613,0.009962673811416994
modelo,pendiente,pg_all_lenoso,gm_csall,RFG4ac_gmoall-topo_ctr-area_raw100tccsall_pg-all_unified_woody_gmotccsall,,kfold5_block20_unified,lcbd_count_sorensen,5-15,living_trees,751,0.17600056910403303,0.004574739078721006
modelo,pendiente,pg_all_lenoso,gm_csall,RFG4ac_gmoall-topo_ctr-area_raw100tccsall_pg-all_unified_woody_gmotccsall,,kfold5_block20_unified,lcbd_count_sorensen,5-15,pcl_dentro_owner,185,-0.17948543348279053,0.04645617902598943
modelo,pendiente,pg_all_lenoso,gm_csall,RFG4ac_gmoall-topo_ctr-area_raw100tccsall_pg-all_unified_woody_gmotccsall,,kfold5_block20_unified,lcbd_count_sorensen,5-15,lt_dentro_banda,751,0.10105874097936056,0.00447206065404996
modelo,pendiente,pg_all_lenoso,gm_csall,RFG4ac_gmoall-topo_ctr-area_raw100tccsall_pg-all_unified_woody_gmotccsall,,kfold5_block20_unified,lcbd_count_sorensen,<5,todas,412,0.3636583310028943,0.008988747461672606
modelo,pendiente,pg_all_lenoso,gm_csall,RFG4ac_gmoall-topo_ctr-area_raw100tccsall_pg-all_unified_woody_gmotccsall,,kfold5_block20_unified,lcbd_count_sorensen,<5,parcelas_cl,48,0.5626882799660496,0.016635468419750863
modelo,pendiente,pg_all_lenoso,gm_csall,RFG4ac_gmoall-topo_ctr-area_raw100tccsall_pg-all_unified_woody_gmotccsall,,kfold5_block20_unified,lcbd_count_sorensen,<5,living_trees,364,0.23010017100150612,0.010491953966949207
modelo,pendiente,pg_all_lenoso,gm_csall,RFG4ac_gmoall-topo_ctr-area_raw100tccsall_pg-all_unified_woody_gmotccsall,,kfold5_block20_unified,lcbd_count_sorensen,<5,pcl_dentro_owner,48,-0.5070052817255811,0.06543737266721339
modelo,pendiente,pg_all_lenoso,gm_csall,RFG4ac_gmoall-topo_ctr-area_raw100tccsall_pg-all_unified_woody_gmotccsall,,kfold5_block20_unified,lcbd_count_sorensen,<5,lt_dentro_banda,364,0.19105018416556052,0.011137615368936926
modelo,pendiente,pg_all_lenoso,gm_csall,RFG4ac_gmoall-topo_ctr-area_raw100tccsall_pg-all_unified_woody_gmotccsall,,kfold5_block20_unified,lcbd_count_sorensen,>25,todas,465,0.5280807982465114,0.004942766539486668
modelo,pendiente,pg_all_lenoso,gm_csall,RFG4ac_gmoall-topo_ctr-area_raw100tccsall_pg-all_unified_woody_gmotccsall,,kfold5_block20_unified,lcbd_count_sorensen,>25,parcelas_cl,77,0.6642597613628282,0.01706526933006178
modelo,pendiente,pg_all_lenoso,gm_csall,RFG4ac_gmoall-topo_ctr-area_raw100tccsall_pg-all_unified_woody_gmotccsall,,kfold5_block20_unified,lcbd_count_sorensen,>25,living_trees,388,0.27179019851191405,0.008282984451877968
modelo,pendiente,pg_all_lenoso,gm_csall,RFG4ac_gmoall-topo_ctr-area_raw100tccsall_pg-all_unified_woody_gmotccsall,,kfold5_block20_unified,lcbd_count_sorensen,>25,pcl_dentro_owner,77,0.02032022031912813,0.06276299274024133
modelo,pendiente,pg_all_lenoso,gm_csall,RFG4ac_gmoall-topo_ctr-area_raw100tccsall_pg-all_unified_woody_gmotccsall,,kfold5_block20_unified,lcbd_count_sorensen,>25,lt_dentro_banda,388,0.13393375603846455,0.010784286862608055
modelo,pendiente,pg_all_lenoso,gm_csall,RFG4ac_gmoall-topo_ctr-area_raw100tccsall_pg-all_unified_woody_gmotccsall,,kfold5_block20_unified,lcbd_count_sorensen,todas,todas,2499,0.47246874813854894,0.0012414977177964014
modelo,pendiente,pg_all_lenoso,gm_csall,RFG4ac_gmoall-topo_ctr-area_raw100tccsall_pg-all_unified_woody_gmotccsall,,kfold5_block20_unified,lcbd_count_sorensen,todas,parcelas_cl,479,0.5991566305303452,0.016051494844474285
modelo,pendiente,pg_all_lenoso,gm_csall,RFG4ac_gmoall-topo_ctr-area_raw100tccsall_pg-all_unified_woody_gmotccsall,,kfold5_block20_unified,lcbd_count_sorensen,todas,living_trees,2020,0.23278928604544713,0.0005886622538223657
modelo,pendiente,pg_all_lenoso,gm_csall,RFG4ac_gmoall-topo_ctr-area_raw100tccsall_pg-all_unified_woody_gmotccsall,,kfold5_block20_unified,lcbd_count_sorensen,todas,pcl_dentro_owner,479,-0.2011159342715847,0.05641114352108965
modelo,pendiente,pg_all_lenoso,gm_csall,RFG4ac_gmoall-topo_ctr-area_raw100tccsall_pg-all_unified_woody_gmotccsall,,kfold5_block20_unified,lcbd_count_sorensen,todas,lt_dentro_banda,2020,0.15391321941188088,0.0010196591794496641
modelo,pendiente,pg_all_lenoso,gm_clima_nc,RFG5ac_gmoall-clim-topo_ctr-area_raw100nc_pg-all_unified_woody_gmonc,,kfold5_block20_unified,lcbd_count_sorensen,15-25,todas,686,0.5566584232036482,0.002998225617880833
modelo,pendiente,pg_all_lenoso,gm_clima_nc,RFG5ac_gmoall-clim-topo_ctr-area_raw100nc_pg-all_unified_woody_gmonc,,kfold5_block20_unified,lcbd_count_sorensen,15-25,parcelas_cl,169,0.6058192544766269,0.02788940169496635
modelo,pendiente,pg_all_lenoso,gm_clima_nc,RFG5ac_gmoall-clim-topo_ctr-area_raw100nc_pg-all_unified_woody_gmonc,,kfold5_block20_unified,lcbd_count_sorensen,15-25,living_trees,517,0.2989388379213835,0.003926930332549335
modelo,pendiente,pg_all_lenoso,gm_clima_nc,RFG5ac_gmoall-clim-topo_ctr-area_raw100nc_pg-all_unified_woody_gmonc,,kfold5_block20_unified,lcbd_count_sorensen,15-25,pcl_dentro_owner,169,-0.023699480129457513,0.055071133943266806
modelo,pendiente,pg_all_lenoso,gm_clima_nc,RFG5ac_gmoall-clim-topo_ctr-area_raw100nc_pg-all_unified_woody_gmonc,,kfold5_block20_unified,lcbd_count_sorensen,15-25,lt_dentro_banda,517,0.17569818262948453,0.003999777282446831
modelo,pendiente,pg_all_lenoso,gm_clima_nc,RFG5ac_gmoall-clim-topo_ctr-area_raw100nc_pg-all_unified_woody_gmonc,,kfold5_block20_unified,lcbd_count_sorensen,5-15,todas,936,0.48330159397032,0.004322446954922794
modelo,pendiente,pg_all_lenoso,gm_clima_nc,RFG5ac_gmoall-clim-topo_ctr-area_raw100nc_pg-all_unified_woody_gmonc,,kfold5_block20_unified,lcbd_count_sorensen,5-15,parcelas_cl,185,0.617585574364559,0.01493042403246015
modelo,pendiente,pg_all_lenoso,gm_clima_nc,RFG5ac_gmoall-clim-topo_ctr-area_raw100nc_pg-all_unified_woody_gmonc,,kfold5_block20_unified,lcbd_count_sorensen,5-15,living_trees,751,0.22001113819266782,0.008042206199699817
modelo,pendiente,pg_all_lenoso,gm_clima_nc,RFG5ac_gmoall-clim-topo_ctr-area_raw100nc_pg-all_unified_woody_gmonc,,kfold5_block20_unified,lcbd_count_sorensen,5-15,pcl_dentro_owner,185,-0.10876220093805296,0.01637351664730897
modelo,pendiente,pg_all_lenoso,gm_clima_nc,RFG5ac_gmoall-clim-topo_ctr-area_raw100nc_pg-all_unified_woody_gmonc,,kfold5_block20_unified,lcbd_count_sorensen,5-15,lt_dentro_banda,751,0.15048852000743487,0.00873836126038476
modelo,pendiente,pg_all_lenoso,gm_clima_nc,RFG5ac_gmoall-clim-topo_ctr-area_raw100nc_pg-all_unified_woody_gmonc,,kfold5_block20_unified,lcbd_count_sorensen,<5,todas,412,0.4142538108965517,0.002322560386372121
modelo,pendiente,pg_all_lenoso,gm_clima_nc,RFG5ac_gmoall-clim-topo_ctr-area_raw100nc_pg-all_unified_woody_gmonc,,kfold5_block20_unified,lcbd_count_sorensen,<5,parcelas_cl,48,0.7229919417741885,0.014247471067368239
modelo,pendiente,pg_all_lenoso,gm_clima_nc,RFG5ac_gmoall-clim-topo_ctr-area_raw100nc_pg-all_unified_woody_gmonc,,kfold5_block20_unified,lcbd_count_sorensen,<5,living_trees,364,0.2821781606250933,0.001909367553446725
modelo,pendiente,pg_all_lenoso,gm_clima_nc,RFG5ac_gmoall-clim-topo_ctr-area_raw100nc_pg-all_unified_woody_gmonc,,kfold5_block20_unified,lcbd_count_sorensen,<5,pcl_dentro_owner,48,-0.032256784259563874,0.0086822473765511
modelo,pendiente,pg_all_lenoso,gm_clima_nc,RFG5ac_gmoall-clim-topo_ctr-area_raw100nc_pg-all_unified_woody_gmonc,,kfold5_block20_unified,lcbd_count_sorensen,<5,lt_dentro_banda,364,0.23989034003658327,0.002175279582585622
modelo,pendiente,pg_all_lenoso,gm_clima_nc,RFG5ac_gmoall-clim-topo_ctr-area_raw100nc_pg-all_unified_woody_gmonc,,kfold5_block20_unified,lcbd_count_sorensen,>25,todas,465,0.5373985643444091,0.0055475955203153505
modelo,pendiente,pg_all_lenoso,gm_clima_nc,RFG5ac_gmoall-clim-topo_ctr-area_raw100nc_pg-all_unified_woody_gmonc,,kfold5_block20_unified,lcbd_count_sorensen,>25,parcelas_cl,77,0.6989218044392915,0.028873923480528692
modelo,pendiente,pg_all_lenoso,gm_clima_nc,RFG5ac_gmoall-clim-topo_ctr-area_raw100nc_pg-all_unified_woody_gmonc,,kfold5_block20_unified,lcbd_count_sorensen,>25,living_trees,388,0.2840863721858578,0.008259444486575227
modelo,pendiente,pg_all_lenoso,gm_clima_nc,RFG5ac_gmoall-clim-topo_ctr-area_raw100nc_pg-all_unified_woody_gmonc,,kfold5_block20_unified,lcbd_count_sorensen,>25,pcl_dentro_owner,77,-0.02917687898541173,0.12875556097830204
modelo,pendiente,pg_all_lenoso,gm_clima_nc,RFG5ac_gmoall-clim-topo_ctr-area_raw100nc_pg-all_unified_woody_gmonc,,kfold5_block20_unified,lcbd_count_sorensen,>25,lt_dentro_banda,388,0.12323919062136302,0.006956972275178429
modelo,pendiente,pg_all_lenoso,gm_clima_nc,RFG5ac_gmoall-clim-topo_ctr-area_raw100nc_pg-all_unified_woody_gmonc,,kfold5_block20_unified,lcbd_count_sorensen,todas,todas,2499,0.5005601326333647,0.001354326332235464
modelo,pendiente,pg_all_lenoso,gm_clima_nc,RFG5ac_gmoall-clim-topo_ctr-area_raw100nc_pg-all_unified_woody_gmonc,,kfold5_block20_unified,lcbd_count_sorensen,todas,parcelas_cl,479,0.6448167437331195,0.01920291950402466
modelo,pendiente,pg_all_lenoso,gm_clima_nc,RFG5ac_gmoall-clim-topo_ctr-area_raw100nc_pg-all_unified_woody_gmonc,,kfold5_block20_unified,lcbd_count_sorensen,todas,living_trees,2020,0.27016177486965604,0.00301189206587002
modelo,pendiente,pg_all_lenoso,gm_clima_nc,RFG5ac_gmoall-clim-topo_ctr-area_raw100nc_pg-all_unified_woody_gmonc,,kfold5_block20_unified,lcbd_count_sorensen,todas,pcl_dentro_owner,479,-0.0691957232946822,0.026093763309399217
modelo,pendiente,pg_all_lenoso,gm_clima_nc,RFG5ac_gmoall-clim-topo_ctr-area_raw100nc_pg-all_unified_woody_gmonc,,kfold5_block20_unified,lcbd_count_sorensen,todas,lt_dentro_banda,2020,0.1908443247429851,0.003403732664420668
modelo,pendiente,pg_all_lenoso,gm_clima_csall,RFG5ac_gmoall-clim-topo_ctr-area_raw100tccsall_pg-all_unified_woody_gmotccsall,,kfold5_block20_unified,lcbd_count_sorensen,15-25,todas,686,0.5557297624299332,0.0032239861171553296
modelo,pendiente,pg_all_lenoso,gm_clima_csall,RFG5ac_gmoall-clim-topo_ctr-area_raw100tccsall_pg-all_unified_woody_gmotccsall,,kfold5_block20_unified,lcbd_count_sorensen,15-25,parcelas_cl,169,0.5897291175832998,0.02703649864872773
modelo,pendiente,pg_all_lenoso,gm_clima_csall,RFG5ac_gmoall-clim-topo_ctr-area_raw100tccsall_pg-all_unified_woody_gmotccsall,,kfold5_block20_unified,lcbd_count_sorensen,15-25,living_trees,517,0.30090475009202966,0.0030640293712422967
modelo,pendiente,pg_all_lenoso,gm_clima_csall,RFG5ac_gmoall-clim-topo_ctr-area_raw100tccsall_pg-all_unified_woody_gmotccsall,,kfold5_block20_unified,lcbd_count_sorensen,15-25,pcl_dentro_owner,169,-0.06991110790875969,0.060458314686217714
modelo,pendiente,pg_all_lenoso,gm_clima_csall,RFG5ac_gmoall-clim-topo_ctr-area_raw100tccsall_pg-all_unified_woody_gmotccsall,,kfold5_block20_unified,lcbd_count_sorensen,15-25,lt_dentro_banda,517,0.17941741978392797,0.002657744404722393
modelo,pendiente,pg_all_lenoso,gm_clima_csall,RFG5ac_gmoall-clim-topo_ctr-area_raw100tccsall_pg-all_unified_woody_gmotccsall,,kfold5_block20_unified,lcbd_count_sorensen,5-15,todas,936,0.4820899180301343,0.003054572050640868
modelo,pendiente,pg_all_lenoso,gm_clima_csall,RFG5ac_gmoall-clim-topo_ctr-area_raw100tccsall_pg-all_unified_woody_gmotccsall,,kfold5_block20_unified,lcbd_count_sorensen,5-15,parcelas_cl,185,0.6086962483466705,0.020389467376208576
modelo,pendiente,pg_all_lenoso,gm_clima_csall,RFG5ac_gmoall-clim-topo_ctr-area_raw100tccsall_pg-all_unified_woody_gmotccsall,,kfold5_block20_unified,lcbd_count_sorensen,5-15,living_trees,751,0.2194656673787194,0.006480478013535204
modelo,pendiente,pg_all_lenoso,gm_clima_csall,RFG5ac_gmoall-clim-topo_ctr-area_raw100tccsall_pg-all_unified_woody_gmotccsall,,kfold5_block20_unified,lcbd_count_sorensen,5-15,pcl_dentro_owner,185,-0.14399481954009805,0.012409319048425594
modelo,pendiente,pg_all_lenoso,gm_clima_csall,RFG5ac_gmoall-clim-topo_ctr-area_raw100tccsall_pg-all_unified_woody_gmotccsall,,kfold5_block20_unified,lcbd_count_sorensen,5-15,lt_dentro_banda,751,0.1494518201531395,0.007426478101760682
modelo,pendiente,pg_all_lenoso,gm_clima_csall,RFG5ac_gmoall-clim-topo_ctr-area_raw100tccsall_pg-all_unified_woody_gmotccsall,,kfold5_block20_unified,lcbd_count_sorensen,<5,todas,412,0.4051979405066337,0.004456162660600761
modelo,pendiente,pg_all_lenoso,gm_clima_csall,RFG5ac_gmoall-clim-topo_ctr-area_raw100tccsall_pg-all_unified_woody_gmotccsall,,kfold5_block20_unified,lcbd_count_sorensen,<5,parcelas_cl,48,0.7071262965540516,0.02226758531892621
modelo,pendiente,pg_all_lenoso,gm_clima_csall,RFG5ac_gmoall-clim-topo_ctr-area_raw100tccsall_pg-all_unified_woody_gmotccsall,,kfold5_block20_unified,lcbd_count_sorensen,<5,living_trees,364,0.2719233943260148,0.004548442196594878
modelo,pendiente,pg_all_lenoso,gm_clima_csall,RFG5ac_gmoall-clim-topo_ctr-area_raw100tccsall_pg-all_unified_woody_gmotccsall,,kfold5_block20_unified,lcbd_count_sorensen,<5,pcl_dentro_owner,48,-0.13435943180356644,0.039299767945127295
modelo,pendiente,pg_all_lenoso,gm_clima_csall,RFG5ac_gmoall-clim-topo_ctr-area_raw100tccsall_pg-all_unified_woody_gmotccsall,,kfold5_block20_unified,lcbd_count_sorensen,<5,lt_dentro_banda,364,0.23181699337572462,0.0013568718577811282
modelo,pendiente,pg_all_lenoso,gm_clima_csall,RFG5ac_gmoall-clim-topo_ctr-area_raw100tccsall_pg-all_unified_woody_gmotccsall,,kfold5_block20_unified,lcbd_count_sorensen,>25,todas,465,0.5605331142419506,0.006576928276345718
modelo,pendiente,pg_all_lenoso,gm_clima_csall,RFG5ac_gmoall-clim-topo_ctr-area_raw100tccsall_pg-all_unified_woody_gmotccsall,,kfold5_block20_unified,lcbd_count_sorensen,>25,parcelas_cl,77,0.7120536481409108,0.02193814846663792
modelo,pendiente,pg_all_lenoso,gm_clima_csall,RFG5ac_gmoall-clim-topo_ctr-area_raw100tccsall_pg-all_unified_woody_gmotccsall,,kfold5_block20_unified,lcbd_count_sorensen,>25,living_trees,388,0.3200319441975384,0.009974531478427527
modelo,pendiente,pg_all_lenoso,gm_clima_csall,RFG5ac_gmoall-clim-topo_ctr-area_raw100tccsall_pg-all_unified_woody_gmotccsall,,kfold5_block20_unified,lcbd_count_sorensen,>25,pcl_dentro_owner,77,0.021179671436139896,0.07784471937639768
modelo,pendiente,pg_all_lenoso,gm_clima_csall,RFG5ac_gmoall-clim-topo_ctr-area_raw100tccsall_pg-all_unified_woody_gmotccsall,,kfold5_block20_unified,lcbd_count_sorensen,>25,lt_dentro_banda,388,0.1677678879820652,0.013214748436531525
modelo,pendiente,pg_all_lenoso,gm_clima_csall,RFG5ac_gmoall-clim-topo_ctr-area_raw100tccsall_pg-all_unified_woody_gmotccsall,,kfold5_block20_unified,lcbd_count_sorensen,todas,todas,2499,0.5025857752293602,0.0015101087475729623
modelo,pendiente,pg_all_lenoso,gm_clima_csall,RFG5ac_gmoall-clim-topo_ctr-area_raw100tccsall_pg-all_unified_woody_gmotccsall,,kfold5_block20_unified,lcbd_count_sorensen,todas,parcelas_cl,479,0.6350835537988507,0.021170712515335414
modelo,pendiente,pg_all_lenoso,gm_clima_csall,RFG5ac_gmoall-clim-topo_ctr-area_raw100tccsall_pg-all_unified_woody_gmotccsall,,kfold5_block20_unified,lcbd_count_sorensen,todas,living_trees,2020,0.274721993854289,0.0019531769633618886
modelo,pendiente,pg_all_lenoso,gm_clima_csall,RFG5ac_gmoall-clim-topo_ctr-area_raw100tccsall_pg-all_unified_woody_gmotccsall,,kfold5_block20_unified,lcbd_count_sorensen,todas,pcl_dentro_owner,479,-0.11056327184023325,0.024988420806665378
modelo,pendiente,pg_all_lenoso,gm_clima_csall,RFG5ac_gmoall-clim-topo_ctr-area_raw100tccsall_pg-all_unified_woody_gmotccsall,,kfold5_block20_unified,lcbd_count_sorensen,todas,lt_dentro_banda,2020,0.19613114769506976,0.0026076898158826703
modelo,pendiente,pg_all_lenoso,curva_kndvi_nc,RFG2c_curve-topo_ctr-area_kndvi_raw100nc_pg-all_unified_woody,,kfold5_block20_unified,lcbd_count_sorensen,15-25,todas,686,0.5027895848740526,0.0009581016182052805
modelo,pendiente,pg_all_lenoso,curva_kndvi_nc,RFG2c_curve-topo_ctr-area_kndvi_raw100nc_pg-all_unified_woody,,kfold5_block20_unified,lcbd_count_sorensen,15-25,parcelas_cl,169,0.4110755928515726,0.0511092544375617
modelo,pendiente,pg_all_lenoso,curva_kndvi_nc,RFG2c_curve-topo_ctr-area_kndvi_raw100nc_pg-all_unified_woody,,kfold5_block20_unified,lcbd_count_sorensen,15-25,living_trees,517,0.24679541812296155,0.01038689202264575
modelo,pendiente,pg_all_lenoso,curva_kndvi_nc,RFG2c_curve-topo_ctr-area_kndvi_raw100nc_pg-all_unified_woody,,kfold5_block20_unified,lcbd_count_sorensen,15-25,pcl_dentro_owner,169,-0.3531433821303682,0.0885304038911933
modelo,pendiente,pg_all_lenoso,curva_kndvi_nc,RFG2c_curve-topo_ctr-area_kndvi_raw100nc_pg-all_unified_woody,,kfold5_block20_unified,lcbd_count_sorensen,15-25,lt_dentro_banda,517,0.12089900225508876,0.008000766206443534
modelo,pendiente,pg_all_lenoso,curva_kndvi_nc,RFG2c_curve-topo_ctr-area_kndvi_raw100nc_pg-all_unified_woody,,kfold5_block20_unified,lcbd_count_sorensen,5-15,todas,936,0.44513869074323775,0.005775379634866573
modelo,pendiente,pg_all_lenoso,curva_kndvi_nc,RFG2c_curve-topo_ctr-area_kndvi_raw100nc_pg-all_unified_woody,,kfold5_block20_unified,lcbd_count_sorensen,5-15,parcelas_cl,185,0.6182546490277493,0.020894579212170833
modelo,pendiente,pg_all_lenoso,curva_kndvi_nc,RFG2c_curve-topo_ctr-area_kndvi_raw100nc_pg-all_unified_woody,,kfold5_block20_unified,lcbd_count_sorensen,5-15,living_trees,751,0.15775816071113635,0.012736753301853377
modelo,pendiente,pg_all_lenoso,curva_kndvi_nc,RFG2c_curve-topo_ctr-area_kndvi_raw100nc_pg-all_unified_woody,,kfold5_block20_unified,lcbd_count_sorensen,5-15,pcl_dentro_owner,185,-0.12277080115890844,0.026933844486074974
modelo,pendiente,pg_all_lenoso,curva_kndvi_nc,RFG2c_curve-topo_ctr-area_kndvi_raw100nc_pg-all_unified_woody,,kfold5_block20_unified,lcbd_count_sorensen,5-15,lt_dentro_banda,751,0.08471897384127154,0.008931993328044638
modelo,pendiente,pg_all_lenoso,curva_kndvi_nc,RFG2c_curve-topo_ctr-area_kndvi_raw100nc_pg-all_unified_woody,,kfold5_block20_unified,lcbd_count_sorensen,<5,todas,412,0.2976665876242884,0.004668878354379157
modelo,pendiente,pg_all_lenoso,curva_kndvi_nc,RFG2c_curve-topo_ctr-area_kndvi_raw100nc_pg-all_unified_woody,,kfold5_block20_unified,lcbd_count_sorensen,<5,parcelas_cl,48,0.6415793855959732,0.021229099108448394
modelo,pendiente,pg_all_lenoso,curva_kndvi_nc,RFG2c_curve-topo_ctr-area_kndvi_raw100nc_pg-all_unified_woody,,kfold5_block20_unified,lcbd_count_sorensen,<5,living_trees,364,0.14121503499819596,0.005640497172145031
modelo,pendiente,pg_all_lenoso,curva_kndvi_nc,RFG2c_curve-topo_ctr-area_kndvi_raw100nc_pg-all_unified_woody,,kfold5_block20_unified,lcbd_count_sorensen,<5,pcl_dentro_owner,48,-0.24796573239344988,0.10138479319750503
modelo,pendiente,pg_all_lenoso,curva_kndvi_nc,RFG2c_curve-topo_ctr-area_kndvi_raw100nc_pg-all_unified_woody,,kfold5_block20_unified,lcbd_count_sorensen,<5,lt_dentro_banda,364,0.10807542323816555,0.0029473045618655957
modelo,pendiente,pg_all_lenoso,curva_kndvi_nc,RFG2c_curve-topo_ctr-area_kndvi_raw100nc_pg-all_unified_woody,,kfold5_block20_unified,lcbd_count_sorensen,>25,todas,465,0.5084185837742412,0.007783556847410057
modelo,pendiente,pg_all_lenoso,curva_kndvi_nc,RFG2c_curve-topo_ctr-area_kndvi_raw100nc_pg-all_unified_woody,,kfold5_block20_unified,lcbd_count_sorensen,>25,parcelas_cl,77,0.4430020046831738,0.05227996937665854
modelo,pendiente,pg_all_lenoso,curva_kndvi_nc,RFG2c_curve-topo_ctr-area_kndvi_raw100nc_pg-all_unified_woody,,kfold5_block20_unified,lcbd_count_sorensen,>25,living_trees,388,0.2568428387425394,0.0121061567076048
modelo,pendiente,pg_all_lenoso,curva_kndvi_nc,RFG2c_curve-topo_ctr-area_kndvi_raw100nc_pg-all_unified_woody,,kfold5_block20_unified,lcbd_count_sorensen,>25,pcl_dentro_owner,77,-0.5605390120316053,0.10224125465950872
modelo,pendiente,pg_all_lenoso,curva_kndvi_nc,RFG2c_curve-topo_ctr-area_kndvi_raw100nc_pg-all_unified_woody,,kfold5_block20_unified,lcbd_count_sorensen,>25,lt_dentro_banda,388,0.1044730588838116,0.013657286934016305
modelo,pendiente,pg_all_lenoso,curva_kndvi_nc,RFG2c_curve-topo_ctr-area_kndvi_raw100nc_pg-all_unified_woody,,kfold5_block20_unified,lcbd_count_sorensen,todas,todas,2499,0.4469258958415625,0.002138470595897446
modelo,pendiente,pg_all_lenoso,curva_kndvi_nc,RFG2c_curve-topo_ctr-area_kndvi_raw100nc_pg-all_unified_woody,,kfold5_block20_unified,lcbd_count_sorensen,todas,parcelas_cl,479,0.5461156872205251,0.0304196622033881
modelo,pendiente,pg_all_lenoso,curva_kndvi_nc,RFG2c_curve-topo_ctr-area_kndvi_raw100nc_pg-all_unified_woody,,kfold5_block20_unified,lcbd_count_sorensen,todas,living_trees,2020,0.20045750737913082,0.0071152946023772265
modelo,pendiente,pg_all_lenoso,curva_kndvi_nc,RFG2c_curve-topo_ctr-area_kndvi_raw100nc_pg-all_unified_woody,,kfold5_block20_unified,lcbd_count_sorensen,todas,pcl_dentro_owner,479,-0.27722628604055516,0.03950793823094168
modelo,pendiente,pg_all_lenoso,curva_kndvi_nc,RFG2c_curve-topo_ctr-area_kndvi_raw100nc_pg-all_unified_woody,,kfold5_block20_unified,lcbd_count_sorensen,todas,lt_dentro_banda,2020,0.11612355698116235,0.0058633375985671695
modelo,pendiente,pg_all_lenoso,curva_evi_nc,RFG2c_curve-topo_ctr-area_evi_raw100nc_pg-all_unified_woody,,kfold5_block20_unified,lcbd_count_sorensen,15-25,todas,686,0.49828188215273567,0.0014754727684280179
modelo,pendiente,pg_all_lenoso,curva_evi_nc,RFG2c_curve-topo_ctr-area_evi_raw100nc_pg-all_unified_woody,,kfold5_block20_unified,lcbd_count_sorensen,15-25,parcelas_cl,169,0.3882354108718828,0.041019309896656184
modelo,pendiente,pg_all_lenoso,curva_evi_nc,RFG2c_curve-topo_ctr-area_evi_raw100nc_pg-all_unified_woody,,kfold5_block20_unified,lcbd_count_sorensen,15-25,living_trees,517,0.24390450069822503,0.01183613973587613
modelo,pendiente,pg_all_lenoso,curva_evi_nc,RFG2c_curve-topo_ctr-area_evi_raw100nc_pg-all_unified_woody,,kfold5_block20_unified,lcbd_count_sorensen,15-25,pcl_dentro_owner,169,-0.46631244479537576,0.0725589685310338
modelo,pendiente,pg_all_lenoso,curva_evi_nc,RFG2c_curve-topo_ctr-area_evi_raw100nc_pg-all_unified_woody,,kfold5_block20_unified,lcbd_count_sorensen,15-25,lt_dentro_banda,517,0.12452181566888214,0.008095684586337581
modelo,pendiente,pg_all_lenoso,curva_evi_nc,RFG2c_curve-topo_ctr-area_evi_raw100nc_pg-all_unified_woody,,kfold5_block20_unified,lcbd_count_sorensen,5-15,todas,936,0.4361169314349822,0.0027579913979947405
modelo,pendiente,pg_all_lenoso,curva_evi_nc,RFG2c_curve-topo_ctr-area_evi_raw100nc_pg-all_unified_woody,,kfold5_block20_unified,lcbd_count_sorensen,5-15,parcelas_cl,185,0.5536463701445907,0.01872642659104772
modelo,pendiente,pg_all_lenoso,curva_evi_nc,RFG2c_curve-topo_ctr-area_evi_raw100nc_pg-all_unified_woody,,kfold5_block20_unified,lcbd_count_sorensen,5-15,living_trees,751,0.15344318628919015,0.006339873858780643
modelo,pendiente,pg_all_lenoso,curva_evi_nc,RFG2c_curve-topo_ctr-area_evi_raw100nc_pg-all_unified_woody,,kfold5_block20_unified,lcbd_count_sorensen,5-15,pcl_dentro_owner,185,-0.26420257015238047,0.04587299823128477
modelo,pendiente,pg_all_lenoso,curva_evi_nc,RFG2c_curve-topo_ctr-area_evi_raw100nc_pg-all_unified_woody,,kfold5_block20_unified,lcbd_count_sorensen,5-15,lt_dentro_banda,751,0.07829446201053673,0.004595408748602707
modelo,pendiente,pg_all_lenoso,curva_evi_nc,RFG2c_curve-topo_ctr-area_evi_raw100nc_pg-all_unified_woody,,kfold5_block20_unified,lcbd_count_sorensen,<5,todas,412,0.2815335217700111,0.0031959844456190207
modelo,pendiente,pg_all_lenoso,curva_evi_nc,RFG2c_curve-topo_ctr-area_evi_raw100nc_pg-all_unified_woody,,kfold5_block20_unified,lcbd_count_sorensen,<5,parcelas_cl,48,0.5538899409968251,0.021146497585637816
modelo,pendiente,pg_all_lenoso,curva_evi_nc,RFG2c_curve-topo_ctr-area_evi_raw100nc_pg-all_unified_woody,,kfold5_block20_unified,lcbd_count_sorensen,<5,living_trees,364,0.1272712514757519,0.002979388668340717
modelo,pendiente,pg_all_lenoso,curva_evi_nc,RFG2c_curve-topo_ctr-area_evi_raw100nc_pg-all_unified_woody,,kfold5_block20_unified,lcbd_count_sorensen,<5,pcl_dentro_owner,48,-0.5943725188509852,0.1234726157717546
modelo,pendiente,pg_all_lenoso,curva_evi_nc,RFG2c_curve-topo_ctr-area_evi_raw100nc_pg-all_unified_woody,,kfold5_block20_unified,lcbd_count_sorensen,<5,lt_dentro_banda,364,0.09862490418925303,0.0046764474896522626
modelo,pendiente,pg_all_lenoso,curva_evi_nc,RFG2c_curve-topo_ctr-area_evi_raw100nc_pg-all_unified_woody,,kfold5_block20_unified,lcbd_count_sorensen,>25,todas,465,0.4797323750074665,0.008829384203280607
modelo,pendiente,pg_all_lenoso,curva_evi_nc,RFG2c_curve-topo_ctr-area_evi_raw100nc_pg-all_unified_woody,,kfold5_block20_unified,lcbd_count_sorensen,>25,parcelas_cl,77,0.6260469274930688,0.019493584094567102
modelo,pendiente,pg_all_lenoso,curva_evi_nc,RFG2c_curve-topo_ctr-area_evi_raw100nc_pg-all_unified_woody,,kfold5_block20_unified,lcbd_count_sorensen,>25,living_trees,388,0.19746804083281852,0.015331672324147253
modelo,pendiente,pg_all_lenoso,curva_evi_nc,RFG2c_curve-topo_ctr-area_evi_raw100nc_pg-all_unified_woody,,kfold5_block20_unified,lcbd_count_sorensen,>25,pcl_dentro_owner,77,-0.2651743833211098,0.0887398699633033
modelo,pendiente,pg_all_lenoso,curva_evi_nc,RFG2c_curve-topo_ctr-area_evi_raw100nc_pg-all_unified_woody,,kfold5_block20_unified,lcbd_count_sorensen,>25,lt_dentro_banda,388,0.046933363274664575,0.017282204818289425
modelo,pendiente,pg_all_lenoso,curva_evi_nc,RFG2c_curve-topo_ctr-area_evi_raw100nc_pg-all_unified_woody,,kfold5_block20_unified,lcbd_count_sorensen,todas,todas,2499,0.4341849076533721,0.002145275764795101
modelo,pendiente,pg_all_lenoso,curva_evi_nc,RFG2c_curve-topo_ctr-area_evi_raw100nc_pg-all_unified_woody,,kfold5_block20_unified,lcbd_count_sorensen,todas,parcelas_cl,479,0.5185594847822443,0.02369517892768755
modelo,pendiente,pg_all_lenoso,curva_evi_nc,RFG2c_curve-topo_ctr-area_evi_raw100nc_pg-all_unified_woody,,kfold5_block20_unified,lcbd_count_sorensen,todas,living_trees,2020,0.1844875175219497,0.006742014544448083
modelo,pendiente,pg_all_lenoso,curva_evi_nc,RFG2c_curve-topo_ctr-area_evi_raw100nc_pg-all_unified_woody,,kfold5_block20_unified,lcbd_count_sorensen,todas,pcl_dentro_owner,479,-0.40452174675535724,0.03816058775760742
modelo,pendiente,pg_all_lenoso,curva_evi_nc,RFG2c_curve-topo_ctr-area_evi_raw100nc_pg-all_unified_woody,,kfold5_block20_unified,lcbd_count_sorensen,todas,lt_dentro_banda,2020,0.10256542326401408,0.005190783117419353
modelo,pendiente,pg_all_lenoso,curva_evi_csall,RFG2c_curve-topo_ctr-area_evi_raw100tccsall_pg-all_unified_woody,,kfold5_block20_unified,lcbd_count_sorensen,15-25,todas,686,0.5026074118924497,0.0037971162372931982
modelo,pendiente,pg_all_lenoso,curva_evi_csall,RFG2c_curve-topo_ctr-area_evi_raw100tccsall_pg-all_unified_woody,,kfold5_block20_unified,lcbd_count_sorensen,15-25,parcelas_cl,169,0.37820560306601464,0.04762316513787633
modelo,pendiente,pg_all_lenoso,curva_evi_csall,RFG2c_curve-topo_ctr-area_evi_raw100tccsall_pg-all_unified_woody,,kfold5_block20_unified,lcbd_count_sorensen,15-25,living_trees,517,0.25386646202249197,0.009596397465558916
modelo,pendiente,pg_all_lenoso,curva_evi_csall,RFG2c_curve-topo_ctr-area_evi_raw100tccsall_pg-all_unified_woody,,kfold5_block20_unified,lcbd_count_sorensen,15-25,pcl_dentro_owner,169,-0.4874319646449527,0.07181154503295929
modelo,pendiente,pg_all_lenoso,curva_evi_csall,RFG2c_curve-topo_ctr-area_evi_raw100tccsall_pg-all_unified_woody,,kfold5_block20_unified,lcbd_count_sorensen,15-25,lt_dentro_banda,517,0.13106289800651175,0.007358007802798879
modelo,pendiente,pg_all_lenoso,curva_evi_csall,RFG2c_curve-topo_ctr-area_evi_raw100tccsall_pg-all_unified_woody,,kfold5_block20_unified,lcbd_count_sorensen,5-15,todas,936,0.4391454318063978,0.005235400456239457
modelo,pendiente,pg_all_lenoso,curva_evi_csall,RFG2c_curve-topo_ctr-area_evi_raw100tccsall_pg-all_unified_woody,,kfold5_block20_unified,lcbd_count_sorensen,5-15,parcelas_cl,185,0.5593842988517282,0.018088214296494806
modelo,pendiente,pg_all_lenoso,curva_evi_csall,RFG2c_curve-topo_ctr-area_evi_raw100tccsall_pg-all_unified_woody,,kfold5_block20_unified,lcbd_count_sorensen,5-15,living_trees,751,0.15745334900386818,0.011426222685166082
modelo,pendiente,pg_all_lenoso,curva_evi_csall,RFG2c_curve-topo_ctr-area_evi_raw100tccsall_pg-all_unified_woody,,kfold5_block20_unified,lcbd_count_sorensen,5-15,pcl_dentro_owner,185,-0.25274820255646707,0.015173473254544453
modelo,pendiente,pg_all_lenoso,curva_evi_csall,RFG2c_curve-topo_ctr-area_evi_raw100tccsall_pg-all_unified_woody,,kfold5_block20_unified,lcbd_count_sorensen,5-15,lt_dentro_banda,751,0.08458028422415047,0.009403119064093237
modelo,pendiente,pg_all_lenoso,curva_evi_csall,RFG2c_curve-topo_ctr-area_evi_raw100tccsall_pg-all_unified_woody,,kfold5_block20_unified,lcbd_count_sorensen,<5,todas,412,0.2742728268759197,0.0028439904989069056
modelo,pendiente,pg_all_lenoso,curva_evi_csall,RFG2c_curve-topo_ctr-area_evi_raw100tccsall_pg-all_unified_woody,,kfold5_block20_unified,lcbd_count_sorensen,<5,parcelas_cl,48,0.556350392651935,0.010379696172820106
modelo,pendiente,pg_all_lenoso,curva_evi_csall,RFG2c_curve-topo_ctr-area_evi_raw100tccsall_pg-all_unified_woody,,kfold5_block20_unified,lcbd_count_sorensen,<5,living_trees,364,0.117944401058436,0.003103081841159785
modelo,pendiente,pg_all_lenoso,curva_evi_csall,RFG2c_curve-topo_ctr-area_evi_raw100tccsall_pg-all_unified_woody,,kfold5_block20_unified,lcbd_count_sorensen,<5,pcl_dentro_owner,48,-0.542450729518078,0.07233424518020831
modelo,pendiente,pg_all_lenoso,curva_evi_csall,RFG2c_curve-topo_ctr-area_evi_raw100tccsall_pg-all_unified_woody,,kfold5_block20_unified,lcbd_count_sorensen,<5,lt_dentro_banda,364,0.08874464460255749,0.0010330756307406063
modelo,pendiente,pg_all_lenoso,curva_evi_csall,RFG2c_curve-topo_ctr-area_evi_raw100tccsall_pg-all_unified_woody,,kfold5_block20_unified,lcbd_count_sorensen,>25,todas,465,0.5238730155986316,0.005677367155956427
modelo,pendiente,pg_all_lenoso,curva_evi_csall,RFG2c_curve-topo_ctr-area_evi_raw100tccsall_pg-all_unified_woody,,kfold5_block20_unified,lcbd_count_sorensen,>25,parcelas_cl,77,0.5700945005184905,0.04121889328211268
modelo,pendiente,pg_all_lenoso,curva_evi_csall,RFG2c_curve-topo_ctr-area_evi_raw100tccsall_pg-all_unified_woody,,kfold5_block20_unified,lcbd_count_sorensen,>25,living_trees,388,0.2720681925681157,0.010500935952743493
modelo,pendiente,pg_all_lenoso,curva_evi_csall,RFG2c_curve-topo_ctr-area_evi_raw100tccsall_pg-all_unified_woody,,kfold5_block20_unified,lcbd_count_sorensen,>25,pcl_dentro_owner,77,-0.35146675170214725,0.09342526311424866
modelo,pendiente,pg_all_lenoso,curva_evi_csall,RFG2c_curve-topo_ctr-area_evi_raw100tccsall_pg-all_unified_woody,,kfold5_block20_unified,lcbd_count_sorensen,>25,lt_dentro_banda,388,0.1235322028054084,0.014384941938639652
modelo,pendiente,pg_all_lenoso,curva_evi_csall,RFG2c_curve-topo_ctr-area_evi_raw100tccsall_pg-all_unified_woody,,kfold5_block20_unified,lcbd_count_sorensen,todas,todas,2499,0.44337680373154625,0.002064690217769536
modelo,pendiente,pg_all_lenoso,curva_evi_csall,RFG2c_curve-topo_ctr-area_evi_raw100tccsall_pg-all_unified_woody,,kfold5_block20_unified,lcbd_count_sorensen,todas,parcelas_cl,479,0.5126065518067632,0.026883892974595435
modelo,pendiente,pg_all_lenoso,curva_evi_csall,RFG2c_curve-topo_ctr-area_evi_raw100tccsall_pg-all_unified_woody,,kfold5_block20_unified,lcbd_count_sorensen,todas,living_trees,2020,0.1997083523095202,0.0067507402050883585
modelo,pendiente,pg_all_lenoso,curva_evi_csall,RFG2c_curve-topo_ctr-area_evi_raw100tccsall_pg-all_unified_woody,,kfold5_block20_unified,lcbd_count_sorensen,todas,pcl_dentro_owner,479,-0.40913032665431803,0.02569417663963805
modelo,pendiente,pg_all_lenoso,curva_evi_csall,RFG2c_curve-topo_ctr-area_evi_raw100tccsall_pg-all_unified_woody,,kfold5_block20_unified,lcbd_count_sorensen,todas,lt_dentro_banda,2020,0.11663867865398947,0.005600184461389038
par,pendiente,pg_all_lenoso,gm_nc − curva_kndvi_nc,RFG4ac_gmoall-topo_ctr-area_raw100nc_pg-all_unified_woody_gmonc,RFG2c_curve-topo_ctr-area_kndvi_raw100nc_pg-all_unified_woody,kfold5_block20_unified,lcbd_count_sorensen,15-25,todas,686,0.01710084609609482,0.005027830111881528
par,pendiente,pg_all_lenoso,gm_nc − curva_kndvi_nc,RFG4ac_gmoall-topo_ctr-area_raw100nc_pg-all_unified_woody_gmonc,RFG2c_curve-topo_ctr-area_kndvi_raw100nc_pg-all_unified_woody,kfold5_block20_unified,lcbd_count_sorensen,15-25,parcelas_cl,169,0.13432939133453614,0.03005766485421883
par,pendiente,pg_all_lenoso,gm_nc − curva_kndvi_nc,RFG4ac_gmoall-topo_ctr-area_raw100nc_pg-all_unified_woody_gmonc,RFG2c_curve-topo_ctr-area_kndvi_raw100nc_pg-all_unified_woody,kfold5_block20_unified,lcbd_count_sorensen,15-25,living_trees,517,0.00023936794326377223,0.0030266286038530986
par,pendiente,pg_all_lenoso,gm_nc − curva_kndvi_nc,RFG4ac_gmoall-topo_ctr-area_raw100nc_pg-all_unified_woody_gmonc,RFG2c_curve-topo_ctr-area_kndvi_raw100nc_pg-all_unified_woody,kfold5_block20_unified,lcbd_count_sorensen,15-25,pcl_dentro_owner,169,0.21746931088294694,0.04105365355128313
par,pendiente,pg_all_lenoso,gm_nc − curva_kndvi_nc,RFG4ac_gmoall-topo_ctr-area_raw100nc_pg-all_unified_woody_gmonc,RFG2c_curve-topo_ctr-area_kndvi_raw100nc_pg-all_unified_woody,kfold5_block20_unified,lcbd_count_sorensen,15-25,lt_dentro_banda,517,0.011384609732698872,0.003588911632066642
par,pendiente,pg_all_lenoso,gm_nc − curva_kndvi_nc,RFG4ac_gmoall-topo_ctr-area_raw100nc_pg-all_unified_woody_gmonc,RFG2c_curve-topo_ctr-area_kndvi_raw100nc_pg-all_unified_woody,kfold5_block20_unified,lcbd_count_sorensen,5-15,todas,936,0.013233854657234404,0.003602126586870729
par,pendiente,pg_all_lenoso,gm_nc − curva_kndvi_nc,RFG4ac_gmoall-topo_ctr-area_raw100nc_pg-all_unified_woody_gmonc,RFG2c_curve-topo_ctr-area_kndvi_raw100nc_pg-all_unified_woody,kfold5_block20_unified,lcbd_count_sorensen,5-15,parcelas_cl,185,-0.02295746393739362,0.01786254110994502
par,pendiente,pg_all_lenoso,gm_nc − curva_kndvi_nc,RFG4ac_gmoall-topo_ctr-area_raw100nc_pg-all_unified_woody_gmonc,RFG2c_curve-topo_ctr-area_kndvi_raw100nc_pg-all_unified_woody,kfold5_block20_unified,lcbd_count_sorensen,5-15,living_trees,751,0.025237418972995068,0.0055776485708493
par,pendiente,pg_all_lenoso,gm_nc − curva_kndvi_nc,RFG4ac_gmoall-topo_ctr-area_raw100nc_pg-all_unified_woody_gmonc,RFG2c_curve-topo_ctr-area_kndvi_raw100nc_pg-all_unified_woody,kfold5_block20_unified,lcbd_count_sorensen,5-15,pcl_dentro_owner,185,-0.077878522791666,0.027507718904596808
par,pendiente,pg_all_lenoso,gm_nc − curva_kndvi_nc,RFG4ac_gmoall-topo_ctr-area_raw100nc_pg-all_unified_woody_gmonc,RFG2c_curve-topo_ctr-area_kndvi_raw100nc_pg-all_unified_woody,kfold5_block20_unified,lcbd_count_sorensen,5-15,lt_dentro_banda,751,0.024330343333611688,0.002698754569909238
par,pendiente,pg_all_lenoso,gm_nc − curva_kndvi_nc,RFG4ac_gmoall-topo_ctr-area_raw100nc_pg-all_unified_woody_gmonc,RFG2c_curve-topo_ctr-area_kndvi_raw100nc_pg-all_unified_woody,kfold5_block20_unified,lcbd_count_sorensen,<5,todas,412,0.07081813188921733,0.006019504796095412
par,pendiente,pg_all_lenoso,gm_nc − curva_kndvi_nc,RFG4ac_gmoall-topo_ctr-area_raw100nc_pg-all_unified_woody_gmonc,RFG2c_curve-topo_ctr-area_kndvi_raw100nc_pg-all_unified_woody,kfold5_block20_unified,lcbd_count_sorensen,<5,parcelas_cl,48,-0.05269427347726485,0.01926658400577326
par,pendiente,pg_all_lenoso,gm_nc − curva_kndvi_nc,RFG4ac_gmoall-topo_ctr-area_raw100nc_pg-all_unified_woody_gmonc,RFG2c_curve-topo_ctr-area_kndvi_raw100nc_pg-all_unified_woody,kfold5_block20_unified,lcbd_count_sorensen,<5,living_trees,364,0.09305922923926495,0.006871137577407164
par,pendiente,pg_all_lenoso,gm_nc − curva_kndvi_nc,RFG4ac_gmoall-topo_ctr-area_raw100nc_pg-all_unified_woody_gmonc,RFG2c_curve-topo_ctr-area_kndvi_raw100nc_pg-all_unified_woody,kfold5_block20_unified,lcbd_count_sorensen,<5,pcl_dentro_owner,48,-0.08675983632669866,0.05254446136267426
par,pendiente,pg_all_lenoso,gm_nc − curva_kndvi_nc,RFG4ac_gmoall-topo_ctr-area_raw100nc_pg-all_unified_woody_gmonc,RFG2c_curve-topo_ctr-area_kndvi_raw100nc_pg-all_unified_woody,kfold5_block20_unified,lcbd_count_sorensen,<5,lt_dentro_banda,364,0.09016202775015551,0.008269322885062463
par,pendiente,pg_all_lenoso,gm_nc − curva_kndvi_nc,RFG4ac_gmoall-topo_ctr-area_raw100nc_pg-all_unified_woody_gmonc,RFG2c_curve-topo_ctr-area_kndvi_raw100nc_pg-all_unified_woody,kfold5_block20_unified,lcbd_count_sorensen,>25,todas,465,-0.027042448594394197,0.0038134845440128354
par,pendiente,pg_all_lenoso,gm_nc − curva_kndvi_nc,RFG4ac_gmoall-topo_ctr-area_raw100nc_pg-all_unified_woody_gmonc,RFG2c_curve-topo_ctr-area_kndvi_raw100nc_pg-all_unified_woody,kfold5_block20_unified,lcbd_count_sorensen,>25,parcelas_cl,77,0.2181693574586877,0.03484655381443067
par,pendiente,pg_all_lenoso,gm_nc − curva_kndvi_nc,RFG4ac_gmoall-topo_ctr-area_raw100nc_pg-all_unified_woody_gmonc,RFG2c_curve-topo_ctr-area_kndvi_raw100nc_pg-all_unified_woody,kfold5_block20_unified,lcbd_count_sorensen,>25,living_trees,388,-0.05936004014336904,0.0036743738769059865
par,pendiente,pg_all_lenoso,gm_nc − curva_kndvi_nc,RFG4ac_gmoall-topo_ctr-area_raw100nc_pg-all_unified_woody_gmonc,RFG2c_curve-topo_ctr-area_kndvi_raw100nc_pg-all_unified_woody,kfold5_block20_unified,lcbd_count_sorensen,>25,pcl_dentro_owner,77,0.4644720580360584,0.031024352470570022
par,pendiente,pg_all_lenoso,gm_nc − curva_kndvi_nc,RFG4ac_gmoall-topo_ctr-area_raw100nc_pg-all_unified_woody_gmonc,RFG2c_curve-topo_ctr-area_kndvi_raw100nc_pg-all_unified_woody,kfold5_block20_unified,lcbd_count_sorensen,>25,lt_dentro_banda,388,-0.05327675179162158,0.001202711521123517
par,pendiente,pg_all_lenoso,gm_nc − curva_kndvi_nc,RFG4ac_gmoall-topo_ctr-area_raw100nc_pg-all_unified_woody_gmonc,RFG2c_curve-topo_ctr-area_kndvi_raw100nc_pg-all_unified_woody,kfold5_block20_unified,lcbd_count_sorensen,todas,todas,2499,0.016529560553117384,0.0026245374831962475
par,pendiente,pg_all_lenoso,gm_nc − curva_kndvi_nc,RFG4ac_gmoall-topo_ctr-area_raw100nc_pg-all_unified_woody_gmonc,RFG2c_curve-topo_ctr-area_kndvi_raw100nc_pg-all_unified_woody,kfold5_block20_unified,lcbd_count_sorensen,todas,parcelas_cl,479,0.05069760254983202,0.020658889297556896
par,pendiente,pg_all_lenoso,gm_nc − curva_kndvi_nc,RFG4ac_gmoall-topo_ctr-area_raw100nc_pg-all_unified_woody_gmonc,RFG2c_curve-topo_ctr-area_kndvi_raw100nc_pg-all_unified_woody,kfold5_block20_unified,lcbd_count_sorensen,todas,living_trees,2020,0.01857818522517,0.0013076117109079382
par,pendiente,pg_all_lenoso,gm_nc − curva_kndvi_nc,RFG4ac_gmoall-topo_ctr-area_raw100nc_pg-all_unified_woody_gmonc,RFG2c_curve-topo_ctr-area_kndvi_raw100nc_pg-all_unified_woody,kfold5_block20_unified,lcbd_count_sorensen,todas,pcl_dentro_owner,479,0.08640897650161102,0.022277385027246976
par,pendiente,pg_all_lenoso,gm_nc − curva_kndvi_nc,RFG4ac_gmoall-topo_ctr-area_raw100nc_pg-all_unified_woody_gmonc,RFG2c_curve-topo_ctr-area_kndvi_raw100nc_pg-all_unified_woody,kfold5_block20_unified,lcbd_count_sorensen,todas,lt_dentro_banda,2020,0.02559567206608075,0.0013467960703996684
par,pendiente,pg_all_lenoso,gm_nc − curva_evi_nc,RFG4ac_gmoall-topo_ctr-area_raw100nc_pg-all_unified_woody_gmonc,RFG2c_curve-topo_ctr-area_evi_raw100nc_pg-all_unified_woody,kfold5_block20_unified,lcbd_count_sorensen,15-25,todas,686,0.02160854881741181,0.004074003583082855
par,pendiente,pg_all_lenoso,gm_nc − curva_evi_nc,RFG4ac_gmoall-topo_ctr-area_raw100nc_pg-all_unified_woody_gmonc,RFG2c_curve-topo_ctr-area_evi_raw100nc_pg-all_unified_woody,kfold5_block20_unified,lcbd_count_sorensen,15-25,parcelas_cl,169,0.15716957331422596,0.012646548730961212
par,pendiente,pg_all_lenoso,gm_nc − curva_evi_nc,RFG4ac_gmoall-topo_ctr-area_raw100nc_pg-all_unified_woody_gmonc,RFG2c_curve-topo_ctr-area_evi_raw100nc_pg-all_unified_woody,kfold5_block20_unified,lcbd_count_sorensen,15-25,living_trees,517,0.0031302853680002705,0.004546666139725365
par,pendiente,pg_all_lenoso,gm_nc − curva_evi_nc,RFG4ac_gmoall-topo_ctr-area_raw100nc_pg-all_unified_woody_gmonc,RFG2c_curve-topo_ctr-area_evi_raw100nc_pg-all_unified_woody,kfold5_block20_unified,lcbd_count_sorensen,15-25,pcl_dentro_owner,169,0.3306383735479545,0.029768407907237397
par,pendiente,pg_all_lenoso,gm_nc − curva_evi_nc,RFG4ac_gmoall-topo_ctr-area_raw100nc_pg-all_unified_woody_gmonc,RFG2c_curve-topo_ctr-area_evi_raw100nc_pg-all_unified_woody,kfold5_block20_unified,lcbd_count_sorensen,15-25,lt_dentro_banda,517,0.007761796318905501,0.005434042790155695
par,pendiente,pg_all_lenoso,gm_nc − curva_evi_nc,RFG4ac_gmoall-topo_ctr-area_raw100nc_pg-all_unified_woody_gmonc,RFG2c_curve-topo_ctr-area_evi_raw100nc_pg-all_unified_woody,kfold5_block20_unified,lcbd_count_sorensen,5-15,todas,936,0.02225561396548988,0.0006561534396812785
par,pendiente,pg_all_lenoso,gm_nc − curva_evi_nc,RFG4ac_gmoall-topo_ctr-area_raw100nc_pg-all_unified_woody_gmonc,RFG2c_curve-topo_ctr-area_evi_raw100nc_pg-all_unified_woody,kfold5_block20_unified,lcbd_count_sorensen,5-15,parcelas_cl,185,0.04165081494576495,0.005041804375668404
par,pendiente,pg_all_lenoso,gm_nc − curva_evi_nc,RFG4ac_gmoall-topo_ctr-area_raw100nc_pg-all_unified_woody_gmonc,RFG2c_curve-topo_ctr-area_evi_raw100nc_pg-all_unified_woody,kfold5_block20_unified,lcbd_count_sorensen,5-15,living_trees,751,0.029552393394941274,0.0009449955841934317
par,pendiente,pg_all_lenoso,gm_nc − curva_evi_nc,RFG4ac_gmoall-topo_ctr-area_raw100nc_pg-all_unified_woody_gmonc,RFG2c_curve-topo_ctr-area_evi_raw100nc_pg-all_unified_woody,kfold5_block20_unified,lcbd_count_sorensen,5-15,pcl_dentro_owner,185,0.06355324620180602,0.008294404850143993
par,pendiente,pg_all_lenoso,gm_nc − curva_evi_nc,RFG4ac_gmoall-topo_ctr-area_raw100nc_pg-all_unified_woody_gmonc,RFG2c_curve-topo_ctr-area_evi_raw100nc_pg-all_unified_woody,kfold5_block20_unified,lcbd_count_sorensen,5-15,lt_dentro_banda,751,0.030754855164346506,0.0020644634729210477
par,pendiente,pg_all_lenoso,gm_nc − curva_evi_nc,RFG4ac_gmoall-topo_ctr-area_raw100nc_pg-all_unified_woody_gmonc,RFG2c_curve-topo_ctr-area_evi_raw100nc_pg-all_unified_woody,kfold5_block20_unified,lcbd_count_sorensen,<5,todas,412,0.08695119774349462,0.0054372549568132665
par,pendiente,pg_all_lenoso,gm_nc − curva_evi_nc,RFG4ac_gmoall-topo_ctr-area_raw100nc_pg-all_unified_woody_gmonc,RFG2c_curve-topo_ctr-area_evi_raw100nc_pg-all_unified_woody,kfold5_block20_unified,lcbd_count_sorensen,<5,parcelas_cl,48,0.03499517112188322,0.014488454943083463
par,pendiente,pg_all_lenoso,gm_nc − curva_evi_nc,RFG4ac_gmoall-topo_ctr-area_raw100nc_pg-all_unified_woody_gmonc,RFG2c_curve-topo_ctr-area_evi_raw100nc_pg-all_unified_woody,kfold5_block20_unified,lcbd_count_sorensen,<5,living_trees,364,0.10700301276170898,0.005810231015642676
par,pendiente,pg_all_lenoso,gm_nc − curva_evi_nc,RFG4ac_gmoall-topo_ctr-area_raw100nc_pg-all_unified_woody_gmonc,RFG2c_curve-topo_ctr-area_evi_raw100nc_pg-all_unified_woody,kfold5_block20_unified,lcbd_count_sorensen,<5,pcl_dentro_owner,48,0.25964695013083666,0.05320691516477015
par,pendiente,pg_all_lenoso,gm_nc − curva_evi_nc,RFG4ac_gmoall-topo_ctr-area_raw100nc_pg-all_unified_woody_gmonc,RFG2c_curve-topo_ctr-area_evi_raw100nc_pg-all_unified_woody,kfold5_block20_unified,lcbd_count_sorensen,<5,lt_dentro_banda,364,0.09961254679906802,0.00964925689148634
par,pendiente,pg_all_lenoso,gm_nc − curva_evi_nc,RFG4ac_gmoall-topo_ctr-area_raw100nc_pg-all_unified_woody_gmonc,RFG2c_curve-topo_ctr-area_evi_raw100nc_pg-all_unified_woody,kfold5_block20_unified,lcbd_count_sorensen,>25,todas,465,0.0016437601723804374,0.002874700854637922
par,pendiente,pg_all_lenoso,gm_nc − curva_evi_nc,RFG4ac_gmoall-topo_ctr-area_raw100nc_pg-all_unified_woody_gmonc,RFG2c_curve-topo_ctr-area_evi_raw100nc_pg-all_unified_woody,kfold5_block20_unified,lcbd_count_sorensen,>25,parcelas_cl,77,0.03512443464879278,0.0068540604639252024
par,pendiente,pg_all_lenoso,gm_nc − curva_evi_nc,RFG4ac_gmoall-topo_ctr-area_raw100nc_pg-all_unified_woody_gmonc,RFG2c_curve-topo_ctr-area_evi_raw100nc_pg-all_unified_woody,kfold5_block20_unified,lcbd_count_sorensen,>25,living_trees,388,1.4757766351847224e-05,0.0043365047375746885
par,pendiente,pg_all_lenoso,gm_nc − curva_evi_nc,RFG4ac_gmoall-topo_ctr-area_raw100nc_pg-all_unified_woody_gmonc,RFG2c_curve-topo_ctr-area_evi_raw100nc_pg-all_unified_woody,kfold5_block20_unified,lcbd_count_sorensen,>25,pcl_dentro_owner,77,0.169107429325563,0.00965585640589889
par,pendiente,pg_all_lenoso,gm_nc − curva_evi_nc,RFG4ac_gmoall-topo_ctr-area_raw100nc_pg-all_unified_woody_gmonc,RFG2c_curve-topo_ctr-area_evi_raw100nc_pg-all_unified_woody,kfold5_block20_unified,lcbd_count_sorensen,>25,lt_dentro_banda,388,0.004262943817525455,0.005888309477029483
par,pendiente,pg_all_lenoso,gm_nc − curva_evi_nc,RFG4ac_gmoall-topo_ctr-area_raw100nc_pg-all_unified_woody_gmonc,RFG2c_curve-topo_ctr-area_evi_raw100nc_pg-all_unified_woody,kfold5_block20_unified,lcbd_count_sorensen,todas,todas,2499,0.029270548741307856,0.0017462689857901494
par,pendiente,pg_all_lenoso,gm_nc − curva_evi_nc,RFG4ac_gmoall-topo_ctr-area_raw100nc_pg-all_unified_woody_gmonc,RFG2c_curve-topo_ctr-area_evi_raw100nc_pg-all_unified_woody,kfold5_block20_unified,lcbd_count_sorensen,todas,parcelas_cl,479,0.07825380498811278,0.007063697917723872
par,pendiente,pg_all_lenoso,gm_nc − curva_evi_nc,RFG4ac_gmoall-topo_ctr-area_raw100nc_pg-all_unified_woody_gmonc,RFG2c_curve-topo_ctr-area_evi_raw100nc_pg-all_unified_woody,kfold5_block20_unified,lcbd_count_sorensen,todas,living_trees,2020,0.03454817508235112,0.0017277615002964186
par,pendiente,pg_all_lenoso,gm_nc − curva_evi_nc,RFG4ac_gmoall-topo_ctr-area_raw100nc_pg-all_unified_woody_gmonc,RFG2c_curve-topo_ctr-area_evi_raw100nc_pg-all_unified_woody,kfold5_block20_unified,lcbd_count_sorensen,todas,pcl_dentro_owner,479,0.2137044372164131,0.02093414256430587
par,pendiente,pg_all_lenoso,gm_nc − curva_evi_nc,RFG4ac_gmoall-topo_ctr-area_raw100nc_pg-all_unified_woody_gmonc,RFG2c_curve-topo_ctr-area_evi_raw100nc_pg-all_unified_woody,kfold5_block20_unified,lcbd_count_sorensen,todas,lt_dentro_banda,2020,0.03915380578322902,0.0022053689904196943
par,pendiente,pg_all_lenoso,gm_csall − curva_evi_csall,RFG4ac_gmoall-topo_ctr-area_raw100tccsall_pg-all_unified_woody_gmotccsall,RFG2c_curve-topo_ctr-area_evi_raw100tccsall_pg-all_unified_woody,kfold5_block20_unified,lcbd_count_sorensen,15-25,todas,686,0.026482449737697384,0.0018483250071916178
par,pendiente,pg_all_lenoso,gm_csall − curva_evi_csall,RFG4ac_gmoall-topo_ctr-area_raw100tccsall_pg-all_unified_woody_gmotccsall,RFG2c_curve-topo_ctr-area_evi_raw100tccsall_pg-all_unified_woody,kfold5_block20_unified,lcbd_count_sorensen,15-25,parcelas_cl,169,0.1611950662665638,0.021975587752250624
par,pendiente,pg_all_lenoso,gm_csall − curva_evi_csall,RFG4ac_gmoall-topo_ctr-area_raw100tccsall_pg-all_unified_woody_gmotccsall,RFG2c_curve-topo_ctr-area_evi_raw100tccsall_pg-all_unified_woody,kfold5_block20_unified,lcbd_count_sorensen,15-25,living_trees,517,0.010906729487805874,0.005965188469373269
par,pendiente,pg_all_lenoso,gm_csall − curva_evi_csall,RFG4ac_gmoall-topo_ctr-area_raw100tccsall_pg-all_unified_woody_gmotccsall,RFG2c_curve-topo_ctr-area_evi_raw100tccsall_pg-all_unified_woody,kfold5_block20_unified,lcbd_count_sorensen,15-25,pcl_dentro_owner,169,0.3279560694272919,0.013413448589051826
par,pendiente,pg_all_lenoso,gm_csall − curva_evi_csall,RFG4ac_gmoall-topo_ctr-area_raw100tccsall_pg-all_unified_woody_gmotccsall,RFG2c_curve-topo_ctr-area_evi_raw100tccsall_pg-all_unified_woody,kfold5_block20_unified,lcbd_count_sorensen,15-25,lt_dentro_banda,517,0.016537340654797467,0.004098806405475454
par,pendiente,pg_all_lenoso,gm_csall − curva_evi_csall,RFG4ac_gmoall-topo_ctr-area_raw100tccsall_pg-all_unified_woody_gmotccsall,RFG2c_curve-topo_ctr-area_evi_raw100tccsall_pg-all_unified_woody,kfold5_block20_unified,lcbd_count_sorensen,5-15,todas,936,0.016528961108990343,0.003702369478480442
par,pendiente,pg_all_lenoso,gm_csall − curva_evi_csall,RFG4ac_gmoall-topo_ctr-area_raw100tccsall_pg-all_unified_woody_gmotccsall,RFG2c_curve-topo_ctr-area_evi_raw100tccsall_pg-all_unified_woody,kfold5_block20_unified,lcbd_count_sorensen,5-15,parcelas_cl,185,0.05210971307823301,0.012745900238514714
par,pendiente,pg_all_lenoso,gm_csall − curva_evi_csall,RFG4ac_gmoall-topo_ctr-area_raw100tccsall_pg-all_unified_woody_gmotccsall,RFG2c_curve-topo_ctr-area_evi_raw100tccsall_pg-all_unified_woody,kfold5_block20_unified,lcbd_count_sorensen,5-15,living_trees,751,0.018547220100164852,0.0072491334565479276
par,pendiente,pg_all_lenoso,gm_csall − curva_evi_csall,RFG4ac_gmoall-topo_ctr-area_raw100tccsall_pg-all_unified_woody_gmotccsall,RFG2c_curve-topo_ctr-area_evi_raw100tccsall_pg-all_unified_woody,kfold5_block20_unified,lcbd_count_sorensen,5-15,pcl_dentro_owner,185,0.07326276907367653,0.05195307286609937
par,pendiente,pg_all_lenoso,gm_csall − curva_evi_csall,RFG4ac_gmoall-topo_ctr-area_raw100tccsall_pg-all_unified_woody_gmotccsall,RFG2c_curve-topo_ctr-area_evi_raw100tccsall_pg-all_unified_woody,kfold5_block20_unified,lcbd_count_sorensen,5-15,lt_dentro_banda,751,0.01647845675521009,0.005566785635650714
par,pendiente,pg_all_lenoso,gm_csall − curva_evi_csall,RFG4ac_gmoall-topo_ctr-area_raw100tccsall_pg-all_unified_woody_gmotccsall,RFG2c_curve-topo_ctr-area_evi_raw100tccsall_pg-all_unified_woody,kfold5_block20_unified,lcbd_count_sorensen,<5,todas,412,0.08938550412697466,0.006656094709604366
par,pendiente,pg_all_lenoso,gm_csall − curva_evi_csall,RFG4ac_gmoall-topo_ctr-area_raw100tccsall_pg-all_unified_woody_gmotccsall,RFG2c_curve-topo_ctr-area_evi_raw100tccsall_pg-all_unified_woody,kfold5_block20_unified,lcbd_count_sorensen,<5,parcelas_cl,48,0.0063378873141147025,0.014672013859688441
par,pendiente,pg_all_lenoso,gm_csall − curva_evi_csall,RFG4ac_gmoall-topo_ctr-area_raw100tccsall_pg-all_unified_woody_gmotccsall,RFG2c_curve-topo_ctr-area_evi_raw100tccsall_pg-all_unified_woody,kfold5_block20_unified,lcbd_count_sorensen,<5,living_trees,364,0.11215576994307012,0.008534883953509664
par,pendiente,pg_all_lenoso,gm_csall − curva_evi_csall,RFG4ac_gmoall-topo_ctr-area_raw100tccsall_pg-all_unified_woody_gmotccsall,RFG2c_curve-topo_ctr-area_evi_raw100tccsall_pg-all_unified_woody,kfold5_block20_unified,lcbd_count_sorensen,<5,pcl_dentro_owner,48,0.035445447792496955,0.1062957080657502
par,pendiente,pg_all_lenoso,gm_csall − curva_evi_csall,RFG4ac_gmoall-topo_ctr-area_raw100tccsall_pg-all_unified_woody_gmotccsall,RFG2c_curve-topo_ctr-area_evi_raw100tccsall_pg-all_unified_woody,kfold5_block20_unified,lcbd_count_sorensen,<5,lt_dentro_banda,364,0.10230553956300303,0.01212109094101753
par,pendiente,pg_all_lenoso,gm_csall − curva_evi_csall,RFG4ac_gmoall-topo_ctr-area_raw100tccsall_pg-all_unified_woody_gmotccsall,RFG2c_curve-topo_ctr-area_evi_raw100tccsall_pg-all_unified_woody,kfold5_block20_unified,lcbd_count_sorensen,>25,todas,465,0.004207782647879836,0.000734662451083482
par,pendiente,pg_all_lenoso,gm_csall − curva_evi_csall,RFG4ac_gmoall-topo_ctr-area_raw100tccsall_pg-all_unified_woody_gmotccsall,RFG2c_curve-topo_ctr-area_evi_raw100tccsall_pg-all_unified_woody,kfold5_block20_unified,lcbd_count_sorensen,>25,parcelas_cl,77,0.09416526084433756,0.02431770698847083
par,pendiente,pg_all_lenoso,gm_csall − curva_evi_csall,RFG4ac_gmoall-topo_ctr-area_raw100tccsall_pg-all_unified_woody_gmotccsall,RFG2c_curve-topo_ctr-area_evi_raw100tccsall_pg-all_unified_woody,kfold5_block20_unified,lcbd_count_sorensen,>25,living_trees,388,-0.0002779940562016951,0.0025135128693575836
par,pendiente,pg_all_lenoso,gm_csall − curva_evi_csall,RFG4ac_gmoall-topo_ctr-area_raw100tccsall_pg-all_unified_woody_gmotccsall,RFG2c_curve-topo_ctr-area_evi_raw100tccsall_pg-all_unified_woody,kfold5_block20_unified,lcbd_count_sorensen,>25,pcl_dentro_owner,77,0.37178697202127536,0.031921937262876385
par,pendiente,pg_all_lenoso,gm_csall − curva_evi_csall,RFG4ac_gmoall-topo_ctr-area_raw100tccsall_pg-all_unified_woody_gmotccsall,RFG2c_curve-topo_ctr-area_evi_raw100tccsall_pg-all_unified_woody,kfold5_block20_unified,lcbd_count_sorensen,>25,lt_dentro_banda,388,0.010401553233056138,0.004285603488315457
par,pendiente,pg_all_lenoso,gm_csall − curva_evi_csall,RFG4ac_gmoall-topo_ctr-area_raw100tccsall_pg-all_unified_woody_gmotccsall,RFG2c_curve-topo_ctr-area_evi_raw100tccsall_pg-all_unified_woody,kfold5_block20_unified,lcbd_count_sorensen,todas,todas,2499,0.029091944407002617,0.0028860129780905355
par,pendiente,pg_all_lenoso,gm_csall − curva_evi_csall,RFG4ac_gmoall-topo_ctr-area_raw100tccsall_pg-all_unified_woody_gmotccsall,RFG2c_curve-topo_ctr-area_evi_raw100tccsall_pg-all_unified_woody,kfold5_block20_unified,lcbd_count_sorensen,todas,parcelas_cl,479,0.086550078723582,0.011767610281390936
par,pendiente,pg_all_lenoso,gm_csall − curva_evi_csall,RFG4ac_gmoall-topo_ctr-area_raw100tccsall_pg-all_unified_woody_gmotccsall,RFG2c_curve-topo_ctr-area_evi_raw100tccsall_pg-all_unified_woody,kfold5_block20_unified,lcbd_count_sorensen,todas,living_trees,2020,0.033080933735926944,0.0061928962793598346
par,pendiente,pg_all_lenoso,gm_csall − curva_evi_csall,RFG4ac_gmoall-topo_ctr-area_raw100tccsall_pg-all_unified_woody_gmotccsall,RFG2c_curve-topo_ctr-area_evi_raw100tccsall_pg-all_unified_woody,kfold5_block20_unified,lcbd_count_sorensen,todas,pcl_dentro_owner,479,0.20801439238273334,0.035719305278689786
par,pendiente,pg_all_lenoso,gm_csall − curva_evi_csall,RFG4ac_gmoall-topo_ctr-area_raw100tccsall_pg-all_unified_woody_gmotccsall,RFG2c_curve-topo_ctr-area_evi_raw100tccsall_pg-all_unified_woody,kfold5_block20_unified,lcbd_count_sorensen,todas,lt_dentro_banda,2020,0.03727454075789142,0.005482542905314801
par,pendiente,pg_all_lenoso,gm_csall − gm_nc,RFG4ac_gmoall-topo_ctr-area_raw100tccsall_pg-all_unified_woody_gmotccsall,RFG4ac_gmoall-topo_ctr-area_raw100nc_pg-all_unified_woody_gmonc,kfold5_block20_unified,lcbd_count_sorensen,15-25,todas,686,0.009199430659999694,0.005240363117428764
par,pendiente,pg_all_lenoso,gm_csall − gm_nc,RFG4ac_gmoall-topo_ctr-area_raw100tccsall_pg-all_unified_woody_gmotccsall,RFG4ac_gmoall-topo_ctr-area_raw100nc_pg-all_unified_woody_gmonc,kfold5_block20_unified,lcbd_count_sorensen,15-25,parcelas_cl,169,-0.006004314853530257,0.015579600225649727
par,pendiente,pg_all_lenoso,gm_csall − gm_nc,RFG4ac_gmoall-topo_ctr-area_raw100tccsall_pg-all_unified_woody_gmotccsall,RFG4ac_gmoall-topo_ctr-area_raw100nc_pg-all_unified_woody_gmonc,kfold5_block20_unified,lcbd_count_sorensen,15-25,living_trees,517,0.01773840544407253,0.010273170966163874
par,pendiente,pg_all_lenoso,gm_csall − gm_nc,RFG4ac_gmoall-topo_ctr-area_raw100tccsall_pg-all_unified_woody_gmotccsall,RFG4ac_gmoall-topo_ctr-area_raw100nc_pg-all_unified_woody_gmonc,kfold5_block20_unified,lcbd_count_sorensen,15-25,pcl_dentro_owner,169,-0.023801823970239482,0.009370202526199438
par,pendiente,pg_all_lenoso,gm_csall − gm_nc,RFG4ac_gmoall-topo_ctr-area_raw100tccsall_pg-all_unified_woody_gmotccsall,RFG4ac_gmoall-topo_ctr-area_raw100nc_pg-all_unified_woody_gmonc,kfold5_block20_unified,lcbd_count_sorensen,15-25,lt_dentro_banda,517,0.01531662667352159,0.0096254766983663
par,pendiente,pg_all_lenoso,gm_csall − gm_nc,RFG4ac_gmoall-topo_ctr-area_raw100tccsall_pg-all_unified_woody_gmotccsall,RFG4ac_gmoall-topo_ctr-area_raw100nc_pg-all_unified_woody_gmonc,kfold5_block20_unified,lcbd_count_sorensen,5-15,todas,936,-0.0026981524850839453,0.0013315810819119688
par,pendiente,pg_all_lenoso,gm_csall − gm_nc,RFG4ac_gmoall-topo_ctr-area_raw100tccsall_pg-all_unified_woody_gmotccsall,RFG4ac_gmoall-topo_ctr-area_raw100nc_pg-all_unified_woody_gmonc,kfold5_block20_unified,lcbd_count_sorensen,5-15,parcelas_cl,185,0.016196826839605587,0.012694845873600126
par,pendiente,pg_all_lenoso,gm_csall − gm_nc,RFG4ac_gmoall-topo_ctr-area_raw100tccsall_pg-all_unified_woody_gmotccsall,RFG4ac_gmoall-topo_ctr-area_raw100nc_pg-all_unified_woody_gmonc,kfold5_block20_unified,lcbd_count_sorensen,5-15,living_trees,751,-0.0069950105800984,0.003748462863344077
par,pendiente,pg_all_lenoso,gm_csall − gm_nc,RFG4ac_gmoall-topo_ctr-area_raw100tccsall_pg-all_unified_woody_gmotccsall,RFG4ac_gmoall-topo_ctr-area_raw100nc_pg-all_unified_woody_gmonc,kfold5_block20_unified,lcbd_count_sorensen,5-15,pcl_dentro_owner,185,0.021163890467783924,0.019119026649152104
par,pendiente,pg_all_lenoso,gm_csall − gm_nc,RFG4ac_gmoall-topo_ctr-area_raw100tccsall_pg-all_unified_woody_gmotccsall,RFG4ac_gmoall-topo_ctr-area_raw100nc_pg-all_unified_woody_gmonc,kfold5_block20_unified,lcbd_count_sorensen,5-15,lt_dentro_banda,751,-0.00799057619552268,0.0038507592793005224
par,pendiente,pg_all_lenoso,gm_csall − gm_nc,RFG4ac_gmoall-topo_ctr-area_raw100tccsall_pg-all_unified_woody_gmotccsall,RFG4ac_gmoall-topo_ctr-area_raw100nc_pg-all_unified_woody_gmonc,kfold5_block20_unified,lcbd_count_sorensen,<5,todas,412,-0.004826388510611383,0.007388702311374531
par,pendiente,pg_all_lenoso,gm_csall − gm_nc,RFG4ac_gmoall-topo_ctr-area_raw100tccsall_pg-all_unified_woody_gmotccsall,RFG4ac_gmoall-topo_ctr-area_raw100nc_pg-all_unified_woody_gmonc,kfold5_block20_unified,lcbd_count_sorensen,<5,parcelas_cl,48,-0.026196832152658667,0.017987369848457672
par,pendiente,pg_all_lenoso,gm_csall − gm_nc,RFG4ac_gmoall-topo_ctr-area_raw100tccsall_pg-all_unified_woody_gmotccsall,RFG4ac_gmoall-topo_ctr-area_raw100nc_pg-all_unified_woody_gmonc,kfold5_block20_unified,lcbd_count_sorensen,<5,living_trees,364,-0.004174093235954783,0.009760043697337201
par,pendiente,pg_all_lenoso,gm_csall − gm_nc,RFG4ac_gmoall-topo_ctr-area_raw100tccsall_pg-all_unified_woody_gmotccsall,RFG4ac_gmoall-topo_ctr-area_raw100nc_pg-all_unified_woody_gmonc,kfold5_block20_unified,lcbd_count_sorensen,<5,pcl_dentro_owner,48,-0.17227971300543254,0.13290641463372266
par,pendiente,pg_all_lenoso,gm_csall − gm_nc,RFG4ac_gmoall-topo_ctr-area_raw100tccsall_pg-all_unified_woody_gmotccsall,RFG4ac_gmoall-topo_ctr-area_raw100nc_pg-all_unified_woody_gmonc,kfold5_block20_unified,lcbd_count_sorensen,<5,lt_dentro_banda,364,-0.007187266822760534,0.011728210337122853
par,pendiente,pg_all_lenoso,gm_csall − gm_nc,RFG4ac_gmoall-topo_ctr-area_raw100tccsall_pg-all_unified_woody_gmotccsall,RFG4ac_gmoall-topo_ctr-area_raw100nc_pg-all_unified_woody_gmonc,kfold5_block20_unified,lcbd_count_sorensen,>25,todas,465,0.046704663066664466,0.0033876929351878814
par,pendiente,pg_all_lenoso,gm_csall − gm_nc,RFG4ac_gmoall-topo_ctr-area_raw100tccsall_pg-all_unified_woody_gmotccsall,RFG4ac_gmoall-topo_ctr-area_raw100nc_pg-all_unified_woody_gmonc,kfold5_block20_unified,lcbd_count_sorensen,>25,parcelas_cl,77,0.003088399220966598,0.00929579268399722
par,pendiente,pg_all_lenoso,gm_csall − gm_nc,RFG4ac_gmoall-topo_ctr-area_raw100tccsall_pg-all_unified_woody_gmotccsall,RFG4ac_gmoall-topo_ctr-area_raw100nc_pg-all_unified_woody_gmonc,kfold5_block20_unified,lcbd_count_sorensen,>25,living_trees,388,0.07430739991274367,0.006057869360555754
par,pendiente,pg_all_lenoso,gm_csall − gm_nc,RFG4ac_gmoall-topo_ctr-area_raw100tccsall_pg-all_unified_woody_gmotccsall,RFG4ac_gmoall-topo_ctr-area_raw100nc_pg-all_unified_woody_gmonc,kfold5_block20_unified,lcbd_count_sorensen,>25,pcl_dentro_owner,77,0.11638717431467498,0.02121212121737085
par,pendiente,pg_all_lenoso,gm_csall − gm_nc,RFG4ac_gmoall-topo_ctr-area_raw100tccsall_pg-all_unified_woody_gmotccsall,RFG4ac_gmoall-topo_ctr-area_raw100nc_pg-all_unified_woody_gmonc,kfold5_block20_unified,lcbd_count_sorensen,>25,lt_dentro_banda,388,0.08273744894627451,0.003047827718262754
par,pendiente,pg_all_lenoso,gm_csall − gm_nc,RFG4ac_gmoall-topo_ctr-area_raw100tccsall_pg-all_unified_woody_gmotccsall,RFG4ac_gmoall-topo_ctr-area_raw100nc_pg-all_unified_woody_gmonc,kfold5_block20_unified,lcbd_count_sorensen,todas,todas,2499,0.009013291743869,0.003620242895457737
par,pendiente,pg_all_lenoso,gm_csall − gm_nc,RFG4ac_gmoall-topo_ctr-area_raw100tccsall_pg-all_unified_woody_gmotccsall,RFG4ac_gmoall-topo_ctr-area_raw100nc_pg-all_unified_woody_gmonc,kfold5_block20_unified,lcbd_count_sorensen,todas,parcelas_cl,479,0.0023433407599881364,0.00929377543976686
par,pendiente,pg_all_lenoso,gm_csall − gm_nc,RFG4ac_gmoall-topo_ctr-area_raw100tccsall_pg-all_unified_woody_gmotccsall,RFG4ac_gmoall-topo_ctr-area_raw100nc_pg-all_unified_woody_gmonc,kfold5_block20_unified,lcbd_count_sorensen,todas,living_trees,2020,0.013753593441146314,0.006334374730244844
par,pendiente,pg_all_lenoso,gm_csall − gm_nc,RFG4ac_gmoall-topo_ctr-area_raw100tccsall_pg-all_unified_woody_gmotccsall,RFG4ac_gmoall-topo_ctr-area_raw100nc_pg-all_unified_woody_gmonc,kfold5_block20_unified,lcbd_count_sorensen,todas,pcl_dentro_owner,479,-0.010298624732640574,0.00592146159546112
par,pendiente,pg_all_lenoso,gm_csall − gm_nc,RFG4ac_gmoall-topo_ctr-area_raw100tccsall_pg-all_unified_woody_gmotccsall,RFG4ac_gmoall-topo_ctr-area_raw100nc_pg-all_unified_woody_gmonc,kfold5_block20_unified,lcbd_count_sorensen,todas,lt_dentro_banda,2020,0.012193990364637789,0.005921791775397
par,pendiente,pg_all_lenoso,gm_clima_csall − gm_clima_nc,RFG5ac_gmoall-clim-topo_ctr-area_raw100tccsall_pg-all_unified_woody_gmotccsall,RFG5ac_gmoall-clim-topo_ctr-area_raw100nc_pg-all_unified_woody_gmonc,kfold5_block20_unified,lcbd_count_sorensen,15-25,todas,686,-0.0009286607737151176,0.00025302931154838794
par,pendiente,pg_all_lenoso,gm_clima_csall − gm_clima_nc,RFG5ac_gmoall-clim-topo_ctr-area_raw100tccsall_pg-all_unified_woody_gmotccsall,RFG5ac_gmoall-clim-topo_ctr-area_raw100nc_pg-all_unified_woody_gmonc,kfold5_block20_unified,lcbd_count_sorensen,15-25,parcelas_cl,169,-0.01609013689332713,0.005200266041331389
par,pendiente,pg_all_lenoso,gm_clima_csall − gm_clima_nc,RFG5ac_gmoall-clim-topo_ctr-area_raw100tccsall_pg-all_unified_woody_gmotccsall,RFG5ac_gmoall-clim-topo_ctr-area_raw100nc_pg-all_unified_woody_gmonc,kfold5_block20_unified,lcbd_count_sorensen,15-25,living_trees,517,0.0019659121706461966,0.000863259135960391
par,pendiente,pg_all_lenoso,gm_clima_csall − gm_clima_nc,RFG5ac_gmoall-clim-topo_ctr-area_raw100tccsall_pg-all_unified_woody_gmotccsall,RFG5ac_gmoall-clim-topo_ctr-area_raw100nc_pg-all_unified_woody_gmonc,kfold5_block20_unified,lcbd_count_sorensen,15-25,pcl_dentro_owner,169,-0.046211627779302177,0.005680393355022785
par,pendiente,pg_all_lenoso,gm_clima_csall − gm_clima_nc,RFG5ac_gmoall-clim-topo_ctr-area_raw100tccsall_pg-all_unified_woody_gmotccsall,RFG5ac_gmoall-clim-topo_ctr-area_raw100nc_pg-all_unified_woody_gmonc,kfold5_block20_unified,lcbd_count_sorensen,15-25,lt_dentro_banda,517,0.0037192371544434444,0.003173086919598284
par,pendiente,pg_all_lenoso,gm_clima_csall − gm_clima_nc,RFG5ac_gmoall-clim-topo_ctr-area_raw100tccsall_pg-all_unified_woody_gmotccsall,RFG5ac_gmoall-clim-topo_ctr-area_raw100nc_pg-all_unified_woody_gmonc,kfold5_block20_unified,lcbd_count_sorensen,5-15,todas,936,-0.0012116759401857857,0.0013824860346473074
par,pendiente,pg_all_lenoso,gm_clima_csall − gm_clima_nc,RFG5ac_gmoall-clim-topo_ctr-area_raw100tccsall_pg-all_unified_woody_gmotccsall,RFG5ac_gmoall-clim-topo_ctr-area_raw100nc_pg-all_unified_woody_gmonc,kfold5_block20_unified,lcbd_count_sorensen,5-15,parcelas_cl,185,-0.008889326017888536,0.00560173670461005
par,pendiente,pg_all_lenoso,gm_clima_csall − gm_clima_nc,RFG5ac_gmoall-clim-topo_ctr-area_raw100tccsall_pg-all_unified_woody_gmotccsall,RFG5ac_gmoall-clim-topo_ctr-area_raw100nc_pg-all_unified_woody_gmonc,kfold5_block20_unified,lcbd_count_sorensen,5-15,living_trees,751,-0.000545470813948438,0.00165426046816735
par,pendiente,pg_all_lenoso,gm_clima_csall − gm_clima_nc,RFG5ac_gmoall-clim-topo_ctr-area_raw100tccsall_pg-all_unified_woody_gmotccsall,RFG5ac_gmoall-clim-topo_ctr-area_raw100nc_pg-all_unified_woody_gmonc,kfold5_block20_unified,lcbd_count_sorensen,5-15,pcl_dentro_owner,185,-0.035232618602045074,0.020292903669693916
par,pendiente,pg_all_lenoso,gm_clima_csall − gm_clima_nc,RFG5ac_gmoall-clim-topo_ctr-area_raw100tccsall_pg-all_unified_woody_gmotccsall,RFG5ac_gmoall-clim-topo_ctr-area_raw100nc_pg-all_unified_woody_gmonc,kfold5_block20_unified,lcbd_count_sorensen,5-15,lt_dentro_banda,751,-0.001036699854295405,0.0014452735553144665
par,pendiente,pg_all_lenoso,gm_clima_csall − gm_clima_nc,RFG5ac_gmoall-clim-topo_ctr-area_raw100tccsall_pg-all_unified_woody_gmotccsall,RFG5ac_gmoall-clim-topo_ctr-area_raw100nc_pg-all_unified_woody_gmonc,kfold5_block20_unified,lcbd_count_sorensen,<5,todas,412,-0.009055870389917989,0.002530952307411723
par,pendiente,pg_all_lenoso,gm_clima_csall − gm_clima_nc,RFG5ac_gmoall-clim-topo_ctr-area_raw100tccsall_pg-all_unified_woody_gmotccsall,RFG5ac_gmoall-clim-topo_ctr-area_raw100nc_pg-all_unified_woody_gmonc,kfold5_block20_unified,lcbd_count_sorensen,<5,parcelas_cl,48,-0.01586564522013682,0.01154925495286125
par,pendiente,pg_all_lenoso,gm_clima_csall − gm_clima_nc,RFG5ac_gmoall-clim-topo_ctr-area_raw100tccsall_pg-all_unified_woody_gmotccsall,RFG5ac_gmoall-clim-topo_ctr-area_raw100nc_pg-all_unified_woody_gmonc,kfold5_block20_unified,lcbd_count_sorensen,<5,living_trees,364,-0.01025476629907851,0.003417678425760048
par,pendiente,pg_all_lenoso,gm_clima_csall − gm_clima_nc,RFG5ac_gmoall-clim-topo_ctr-area_raw100tccsall_pg-all_unified_woody_gmotccsall,RFG5ac_gmoall-clim-topo_ctr-area_raw100nc_pg-all_unified_woody_gmonc,kfold5_block20_unified,lcbd_count_sorensen,<5,pcl_dentro_owner,48,-0.10210264754400256,0.03941512113058091
par,pendiente,pg_all_lenoso,gm_clima_csall − gm_clima_nc,RFG5ac_gmoall-clim-topo_ctr-area_raw100tccsall_pg-all_unified_woody_gmotccsall,RFG5ac_gmoall-clim-topo_ctr-area_raw100nc_pg-all_unified_woody_gmonc,kfold5_block20_unified,lcbd_count_sorensen,<5,lt_dentro_banda,364,-0.008073346660858646,0.003263873124823093
par,pendiente,pg_all_lenoso,gm_clima_csall − gm_clima_nc,RFG5ac_gmoall-clim-topo_ctr-area_raw100tccsall_pg-all_unified_woody_gmotccsall,RFG5ac_gmoall-clim-topo_ctr-area_raw100nc_pg-all_unified_woody_gmonc,kfold5_block20_unified,lcbd_count_sorensen,>25,todas,465,0.023134549897541528,0.0017882342341875742
par,pendiente,pg_all_lenoso,gm_clima_csall − gm_clima_nc,RFG5ac_gmoall-clim-topo_ctr-area_raw100tccsall_pg-all_unified_woody_gmotccsall,RFG5ac_gmoall-clim-topo_ctr-area_raw100nc_pg-all_unified_woody_gmonc,kfold5_block20_unified,lcbd_count_sorensen,>25,parcelas_cl,77,0.013131843701619276,0.009213642737617411
par,pendiente,pg_all_lenoso,gm_clima_csall − gm_clima_nc,RFG5ac_gmoall-clim-topo_ctr-area_raw100tccsall_pg-all_unified_woody_gmotccsall,RFG5ac_gmoall-clim-topo_ctr-area_raw100nc_pg-all_unified_woody_gmonc,kfold5_block20_unified,lcbd_count_sorensen,>25,living_trees,388,0.03594557201168055,0.0034648120808645775
par,pendiente,pg_all_lenoso,gm_clima_csall − gm_clima_nc,RFG5ac_gmoall-clim-topo_ctr-area_raw100tccsall_pg-all_unified_woody_gmotccsall,RFG5ac_gmoall-clim-topo_ctr-area_raw100nc_pg-all_unified_woody_gmonc,kfold5_block20_unified,lcbd_count_sorensen,>25,pcl_dentro_owner,77,0.05035655042155163,0.058860419410639436
par,pendiente,pg_all_lenoso,gm_clima_csall − gm_clima_nc,RFG5ac_gmoall-clim-topo_ctr-area_raw100tccsall_pg-all_unified_woody_gmotccsall,RFG5ac_gmoall-clim-topo_ctr-area_raw100nc_pg-all_unified_woody_gmonc,kfold5_block20_unified,lcbd_count_sorensen,>25,lt_dentro_banda,388,0.044528697360702196,0.0063662706300911445
par,pendiente,pg_all_lenoso,gm_clima_csall − gm_clima_nc,RFG5ac_gmoall-clim-topo_ctr-area_raw100tccsall_pg-all_unified_woody_gmotccsall,RFG5ac_gmoall-clim-topo_ctr-area_raw100nc_pg-all_unified_woody_gmonc,kfold5_block20_unified,lcbd_count_sorensen,todas,todas,2499,0.0020256425959955435,0.0008413930740578193
par,pendiente,pg_all_lenoso,gm_clima_csall − gm_clima_nc,RFG5ac_gmoall-clim-topo_ctr-area_raw100tccsall_pg-all_unified_woody_gmotccsall,RFG5ac_gmoall-clim-topo_ctr-area_raw100nc_pg-all_unified_woody_gmonc,kfold5_block20_unified,lcbd_count_sorensen,todas,parcelas_cl,479,-0.009733189934268601,0.0020377648136617505
par,pendiente,pg_all_lenoso,gm_clima_csall − gm_clima_nc,RFG5ac_gmoall-clim-topo_ctr-area_raw100tccsall_pg-all_unified_woody_gmotccsall,RFG5ac_gmoall-clim-topo_ctr-area_raw100nc_pg-all_unified_woody_gmonc,kfold5_block20_unified,lcbd_count_sorensen,todas,living_trees,2020,0.004560218984632991,0.001097117308137013
par,pendiente,pg_all_lenoso,gm_clima_csall − gm_clima_nc,RFG5ac_gmoall-clim-topo_ctr-area_raw100tccsall_pg-all_unified_woody_gmotccsall,RFG5ac_gmoall-clim-topo_ctr-area_raw100nc_pg-all_unified_woody_gmonc,kfold5_block20_unified,lcbd_count_sorensen,todas,pcl_dentro_owner,479,-0.04136754854555106,0.01590402747623578
par,pendiente,pg_all_lenoso,gm_clima_csall − gm_clima_nc,RFG5ac_gmoall-clim-topo_ctr-area_raw100tccsall_pg-all_unified_woody_gmotccsall,RFG5ac_gmoall-clim-topo_ctr-area_raw100nc_pg-all_unified_woody_gmonc,kfold5_block20_unified,lcbd_count_sorensen,todas,lt_dentro_banda,2020,0.0052868229520846395,0.0012989228546364708
modelo,pendiente,unified_all_lenoso,gm_nc,RFG4ac_gmoall-topo_ctr-area_raw100nc_unified-all_unified_woody_gmonc,,kfold5_block20_unified,lcbd_pa_unified,15-25,todas,857,0.43019650707427876,0.0034780688789498196
modelo,pendiente,unified_all_lenoso,gm_nc,RFG4ac_gmoall-topo_ctr-area_raw100nc_unified-all_unified_woody_gmonc,,kfold5_block20_unified,lcbd_pa_unified,15-25,parcelas_cl,342,0.4994121873748852,0.010671826614107366
modelo,pendiente,unified_all_lenoso,gm_nc,RFG4ac_gmoall-topo_ctr-area_raw100nc_unified-all_unified_woody_gmonc,,kfold5_block20_unified,lcbd_pa_unified,15-25,living_trees,515,0.11859450655558545,0.0027480906122824677
modelo,pendiente,unified_all_lenoso,gm_nc,RFG4ac_gmoall-topo_ctr-area_raw100nc_unified-all_unified_woody_gmonc,,kfold5_block20_unified,lcbd_pa_unified,15-25,pcl_dentro_owner,342,0.3595383261143033,0.0055391216952813335
modelo,pendiente,unified_all_lenoso,gm_nc,RFG4ac_gmoall-topo_ctr-area_raw100nc_unified-all_unified_woody_gmonc,,kfold5_block20_unified,lcbd_pa_unified,15-25,lt_dentro_banda,515,0.1169880243918738,0.003144184695955481
modelo,pendiente,unified_all_lenoso,gm_nc,RFG4ac_gmoall-topo_ctr-area_raw100nc_unified-all_unified_woody_gmonc,,kfold5_block20_unified,lcbd_pa_unified,5-15,todas,1167,0.3794999569521457,0.00060337254519332
modelo,pendiente,unified_all_lenoso,gm_nc,RFG4ac_gmoall-topo_ctr-area_raw100nc_unified-all_unified_woody_gmonc,,kfold5_block20_unified,lcbd_pa_unified,5-15,parcelas_cl,419,0.46311848877709866,0.0030159802765015267
modelo,pendiente,unified_all_lenoso,gm_nc,RFG4ac_gmoall-topo_ctr-area_raw100nc_unified-all_unified_woody_gmonc,,kfold5_block20_unified,lcbd_pa_unified,5-15,living_trees,748,0.14399274519511587,0.0013850503278460026
modelo,pendiente,unified_all_lenoso,gm_nc,RFG4ac_gmoall-topo_ctr-area_raw100nc_unified-all_unified_woody_gmonc,,kfold5_block20_unified,lcbd_pa_unified,5-15,pcl_dentro_owner,419,0.25598153724658723,0.002463402998621577
modelo,pendiente,unified_all_lenoso,gm_nc,RFG4ac_gmoall-topo_ctr-area_raw100nc_unified-all_unified_woody_gmonc,,kfold5_block20_unified,lcbd_pa_unified,5-15,lt_dentro_banda,748,0.14699637701799015,0.0021507996782586898
modelo,pendiente,unified_all_lenoso,gm_nc,RFG4ac_gmoall-topo_ctr-area_raw100nc_unified-all_unified_woody_gmonc,,kfold5_block20_unified,lcbd_pa_unified,<5,todas,504,0.37534146651997674,0.005780770377714637
modelo,pendiente,unified_all_lenoso,gm_nc,RFG4ac_gmoall-topo_ctr-area_raw100nc_unified-all_unified_woody_gmonc,,kfold5_block20_unified,lcbd_pa_unified,<5,parcelas_cl,143,0.49640925615430626,0.009102343835306762
modelo,pendiente,unified_all_lenoso,gm_nc,RFG4ac_gmoall-topo_ctr-area_raw100nc_unified-all_unified_woody_gmonc,,kfold5_block20_unified,lcbd_pa_unified,<5,living_trees,361,0.23354837443855528,0.00558588038271585
modelo,pendiente,unified_all_lenoso,gm_nc,RFG4ac_gmoall-topo_ctr-area_raw100nc_unified-all_unified_woody_gmonc,,kfold5_block20_unified,lcbd_pa_unified,<5,pcl_dentro_owner,143,0.3476894176350198,0.02326774785362482
modelo,pendiente,unified_all_lenoso,gm_nc,RFG4ac_gmoall-topo_ctr-area_raw100nc_unified-all_unified_woody_gmonc,,kfold5_block20_unified,lcbd_pa_unified,<5,lt_dentro_banda,361,0.19850567077103876,0.007317056086994459
modelo,pendiente,unified_all_lenoso,gm_nc,RFG4ac_gmoall-topo_ctr-area_raw100nc_unified-all_unified_woody_gmonc,,kfold5_block20_unified,lcbd_pa_unified,>25,todas,566,0.3949086749072917,0.0015500821083305138
modelo,pendiente,unified_all_lenoso,gm_nc,RFG4ac_gmoall-topo_ctr-area_raw100nc_unified-all_unified_woody_gmonc,,kfold5_block20_unified,lcbd_pa_unified,>25,parcelas_cl,178,0.53841961364749,0.0025149999865537523
modelo,pendiente,unified_all_lenoso,gm_nc,RFG4ac_gmoall-topo_ctr-area_raw100nc_unified-all_unified_woody_gmonc,,kfold5_block20_unified,lcbd_pa_unified,>25,living_trees,388,0.13725852677243452,0.0028322994467235366
modelo,pendiente,unified_all_lenoso,gm_nc,RFG4ac_gmoall-topo_ctr-area_raw100nc_unified-all_unified_woody_gmonc,,kfold5_block20_unified,lcbd_pa_unified,>25,pcl_dentro_owner,178,0.2806279797214788,0.008179062855758352
modelo,pendiente,unified_all_lenoso,gm_nc,RFG4ac_gmoall-topo_ctr-area_raw100nc_unified-all_unified_woody_gmonc,,kfold5_block20_unified,lcbd_pa_unified,>25,lt_dentro_banda,388,0.13667238483469582,0.005274648129297336
modelo,pendiente,unified_all_lenoso,gm_nc,RFG4ac_gmoall-topo_ctr-area_raw100nc_unified-all_unified_woody_gmonc,,kfold5_block20_unified,lcbd_pa_unified,todas,todas,3094,0.40031783987993963,0.001213057715704357
modelo,pendiente,unified_all_lenoso,gm_nc,RFG4ac_gmoall-topo_ctr-area_raw100nc_unified-all_unified_woody_gmonc,,kfold5_block20_unified,lcbd_pa_unified,todas,parcelas_cl,1082,0.4951244464326836,0.005185839675026651
modelo,pendiente,unified_all_lenoso,gm_nc,RFG4ac_gmoall-topo_ctr-area_raw100nc_unified-all_unified_woody_gmonc,,kfold5_block20_unified,lcbd_pa_unified,todas,living_trees,2012,0.17238337461861294,0.001765503273047578
modelo,pendiente,unified_all_lenoso,gm_nc,RFG4ac_gmoall-topo_ctr-area_raw100nc_unified-all_unified_woody_gmonc,,kfold5_block20_unified,lcbd_pa_unified,todas,pcl_dentro_owner,1082,0.3187493589438379,0.004009342440956804
modelo,pendiente,unified_all_lenoso,gm_nc,RFG4ac_gmoall-topo_ctr-area_raw100nc_unified-all_unified_woody_gmonc,,kfold5_block20_unified,lcbd_pa_unified,todas,lt_dentro_banda,2012,0.17003067520886683,0.0003064063105799767
modelo,pendiente,unified_all_lenoso,gm_csall,RFG4ac_gmoall-topo_ctr-area_raw100tccsall_unified-all_unified_woody_gmotccsall,,kfold5_block20_unified,lcbd_pa_unified,15-25,todas,857,0.4365673299883916,0.002268431129340895
modelo,pendiente,unified_all_lenoso,gm_csall,RFG4ac_gmoall-topo_ctr-area_raw100tccsall_unified-all_unified_woody_gmotccsall,,kfold5_block20_unified,lcbd_pa_unified,15-25,parcelas_cl,342,0.49275107411983293,0.00690187658279306
modelo,pendiente,unified_all_lenoso,gm_csall,RFG4ac_gmoall-topo_ctr-area_raw100tccsall_unified-all_unified_woody_gmotccsall,,kfold5_block20_unified,lcbd_pa_unified,15-25,living_trees,515,0.1414011597172408,0.0065369968942124304
modelo,pendiente,unified_all_lenoso,gm_csall,RFG4ac_gmoall-topo_ctr-area_raw100tccsall_unified-all_unified_woody_gmotccsall,,kfold5_block20_unified,lcbd_pa_unified,15-25,pcl_dentro_owner,342,0.34683138391195917,0.008270209718038274
modelo,pendiente,unified_all_lenoso,gm_csall,RFG4ac_gmoall-topo_ctr-area_raw100tccsall_unified-all_unified_woody_gmotccsall,,kfold5_block20_unified,lcbd_pa_unified,15-25,lt_dentro_banda,515,0.14375361802484835,0.004225658682469857
modelo,pendiente,unified_all_lenoso,gm_csall,RFG4ac_gmoall-topo_ctr-area_raw100tccsall_unified-all_unified_woody_gmotccsall,,kfold5_block20_unified,lcbd_pa_unified,5-15,todas,1167,0.3811241184479222,0.001074797414081461
modelo,pendiente,unified_all_lenoso,gm_csall,RFG4ac_gmoall-topo_ctr-area_raw100tccsall_unified-all_unified_woody_gmotccsall,,kfold5_block20_unified,lcbd_pa_unified,5-15,parcelas_cl,419,0.4643511365320438,0.0063388765815969965
modelo,pendiente,unified_all_lenoso,gm_csall,RFG4ac_gmoall-topo_ctr-area_raw100tccsall_unified-all_unified_woody_gmotccsall,,kfold5_block20_unified,lcbd_pa_unified,5-15,living_trees,748,0.14638145271440695,0.003594560575108215
modelo,pendiente,unified_all_lenoso,gm_csall,RFG4ac_gmoall-topo_ctr-area_raw100tccsall_unified-all_unified_woody_gmotccsall,,kfold5_block20_unified,lcbd_pa_unified,5-15,pcl_dentro_owner,419,0.2598449251249108,0.0038609817751463476
modelo,pendiente,unified_all_lenoso,gm_csall,RFG4ac_gmoall-topo_ctr-area_raw100tccsall_unified-all_unified_woody_gmotccsall,,kfold5_block20_unified,lcbd_pa_unified,5-15,lt_dentro_banda,748,0.147109071845809,0.003456033881804647
modelo,pendiente,unified_all_lenoso,gm_csall,RFG4ac_gmoall-topo_ctr-area_raw100tccsall_unified-all_unified_woody_gmotccsall,,kfold5_block20_unified,lcbd_pa_unified,<5,todas,504,0.3790983306264457,0.007962804372753885
modelo,pendiente,unified_all_lenoso,gm_csall,RFG4ac_gmoall-topo_ctr-area_raw100tccsall_unified-all_unified_woody_gmotccsall,,kfold5_block20_unified,lcbd_pa_unified,<5,parcelas_cl,143,0.4875878992448657,0.019673584223715325
modelo,pendiente,unified_all_lenoso,gm_csall,RFG4ac_gmoall-topo_ctr-area_raw100tccsall_unified-all_unified_woody_gmotccsall,,kfold5_block20_unified,lcbd_pa_unified,<5,living_trees,361,0.24319905932167526,0.005767248168375248
modelo,pendiente,unified_all_lenoso,gm_csall,RFG4ac_gmoall-topo_ctr-area_raw100tccsall_unified-all_unified_woody_gmotccsall,,kfold5_block20_unified,lcbd_pa_unified,<5,pcl_dentro_owner,143,0.33322742889545404,0.028186799272537824
modelo,pendiente,unified_all_lenoso,gm_csall,RFG4ac_gmoall-topo_ctr-area_raw100tccsall_unified-all_unified_woody_gmotccsall,,kfold5_block20_unified,lcbd_pa_unified,<5,lt_dentro_banda,361,0.20647046815328574,0.005413119549627734
modelo,pendiente,unified_all_lenoso,gm_csall,RFG4ac_gmoall-topo_ctr-area_raw100tccsall_unified-all_unified_woody_gmotccsall,,kfold5_block20_unified,lcbd_pa_unified,>25,todas,566,0.39960326057745377,0.0006346708865555972
modelo,pendiente,unified_all_lenoso,gm_csall,RFG4ac_gmoall-topo_ctr-area_raw100tccsall_unified-all_unified_woody_gmotccsall,,kfold5_block20_unified,lcbd_pa_unified,>25,parcelas_cl,178,0.5376212444820054,0.008164961929928313
modelo,pendiente,unified_all_lenoso,gm_csall,RFG4ac_gmoall-topo_ctr-area_raw100tccsall_unified-all_unified_woody_gmotccsall,,kfold5_block20_unified,lcbd_pa_unified,>25,living_trees,388,0.14658730932287714,0.004207920418250524
modelo,pendiente,unified_all_lenoso,gm_csall,RFG4ac_gmoall-topo_ctr-area_raw100tccsall_unified-all_unified_woody_gmotccsall,,kfold5_block20_unified,lcbd_pa_unified,>25,pcl_dentro_owner,178,0.2724164527503496,0.016382499726083556
modelo,pendiente,unified_all_lenoso,gm_csall,RFG4ac_gmoall-topo_ctr-area_raw100tccsall_unified-all_unified_woody_gmotccsall,,kfold5_block20_unified,lcbd_pa_unified,>25,lt_dentro_banda,388,0.1538205647883698,0.003374858091656897
modelo,pendiente,unified_all_lenoso,gm_csall,RFG4ac_gmoall-topo_ctr-area_raw100tccsall_unified-all_unified_woody_gmotccsall,,kfold5_block20_unified,lcbd_pa_unified,todas,todas,3094,0.40420560463916216,0.0014628821424096008
modelo,pendiente,unified_all_lenoso,gm_csall,RFG4ac_gmoall-topo_ctr-area_raw100tccsall_unified-all_unified_woody_gmotccsall,,kfold5_block20_unified,lcbd_pa_unified,todas,parcelas_cl,1082,0.4923269312234362,0.0058624008190952
modelo,pendiente,unified_all_lenoso,gm_csall,RFG4ac_gmoall-topo_ctr-area_raw100tccsall_unified-all_unified_woody_gmotccsall,,kfold5_block20_unified,lcbd_pa_unified,todas,living_trees,2012,0.18232691291464231,0.0015566385579666713
modelo,pendiente,unified_all_lenoso,gm_csall,RFG4ac_gmoall-topo_ctr-area_raw100tccsall_unified-all_unified_woody_gmotccsall,,kfold5_block20_unified,lcbd_pa_unified,todas,pcl_dentro_owner,1082,0.31325440237702645,0.004259821955883662
modelo,pendiente,unified_all_lenoso,gm_csall,RFG4ac_gmoall-topo_ctr-area_raw100tccsall_unified-all_unified_woody_gmotccsall,,kfold5_block20_unified,lcbd_pa_unified,todas,lt_dentro_banda,2012,0.18045324462125076,0.0018635717356252687
modelo,pendiente,unified_all_lenoso,gm_clima_nc,RFG5ac_gmoall-clim-topo_ctr-area_raw100nc_unified-all_unified_woody_gmonc,,kfold5_block20_unified,lcbd_pa_unified,15-25,todas,857,0.4777055194206888,0.004708877920563917
modelo,pendiente,unified_all_lenoso,gm_clima_nc,RFG5ac_gmoall-clim-topo_ctr-area_raw100nc_unified-all_unified_woody_gmonc,,kfold5_block20_unified,lcbd_pa_unified,15-25,parcelas_cl,342,0.4992652863558395,0.018035244316731744
modelo,pendiente,unified_all_lenoso,gm_clima_nc,RFG5ac_gmoall-clim-topo_ctr-area_raw100nc_unified-all_unified_woody_gmonc,,kfold5_block20_unified,lcbd_pa_unified,15-25,living_trees,515,0.23633987924788155,0.007407806319455327
modelo,pendiente,unified_all_lenoso,gm_clima_nc,RFG5ac_gmoall-clim-topo_ctr-area_raw100nc_unified-all_unified_woody_gmonc,,kfold5_block20_unified,lcbd_pa_unified,15-25,pcl_dentro_owner,342,0.3757433138233062,0.0022510792625899355
modelo,pendiente,unified_all_lenoso,gm_clima_nc,RFG5ac_gmoall-clim-topo_ctr-area_raw100nc_unified-all_unified_woody_gmonc,,kfold5_block20_unified,lcbd_pa_unified,15-25,lt_dentro_banda,515,0.22496868943881806,0.001367213916142965
modelo,pendiente,unified_all_lenoso,gm_clima_nc,RFG5ac_gmoall-clim-topo_ctr-area_raw100nc_unified-all_unified_woody_gmonc,,kfold5_block20_unified,lcbd_pa_unified,5-15,todas,1167,0.40953392231561647,0.005724010405855576
modelo,pendiente,unified_all_lenoso,gm_clima_nc,RFG5ac_gmoall-clim-topo_ctr-area_raw100nc_unified-all_unified_woody_gmonc,,kfold5_block20_unified,lcbd_pa_unified,5-15,parcelas_cl,419,0.44723497646248256,0.01509877229248382
modelo,pendiente,unified_all_lenoso,gm_clima_nc,RFG5ac_gmoall-clim-topo_ctr-area_raw100nc_unified-all_unified_woody_gmonc,,kfold5_block20_unified,lcbd_pa_unified,5-15,living_trees,748,0.2213451818314903,0.00413039454867573
modelo,pendiente,unified_all_lenoso,gm_clima_nc,RFG5ac_gmoall-clim-topo_ctr-area_raw100nc_unified-all_unified_woody_gmonc,,kfold5_block20_unified,lcbd_pa_unified,5-15,pcl_dentro_owner,419,0.23885740145408174,0.015167463505272242
modelo,pendiente,unified_all_lenoso,gm_clima_nc,RFG5ac_gmoall-clim-topo_ctr-area_raw100nc_unified-all_unified_woody_gmonc,,kfold5_block20_unified,lcbd_pa_unified,5-15,lt_dentro_banda,748,0.21282016199418194,0.004769033973041795
modelo,pendiente,unified_all_lenoso,gm_clima_nc,RFG5ac_gmoall-clim-topo_ctr-area_raw100nc_unified-all_unified_woody_gmonc,,kfold5_block20_unified,lcbd_pa_unified,<5,todas,504,0.40909229341262626,0.010103554840460795
modelo,pendiente,unified_all_lenoso,gm_clima_nc,RFG5ac_gmoall-clim-topo_ctr-area_raw100nc_unified-all_unified_woody_gmonc,,kfold5_block20_unified,lcbd_pa_unified,<5,parcelas_cl,143,0.5034935215551148,0.012887791287996294
modelo,pendiente,unified_all_lenoso,gm_clima_nc,RFG5ac_gmoall-clim-topo_ctr-area_raw100nc_unified-all_unified_woody_gmonc,,kfold5_block20_unified,lcbd_pa_unified,<5,living_trees,361,0.2835216681132674,0.010571486730473062
modelo,pendiente,unified_all_lenoso,gm_clima_nc,RFG5ac_gmoall-clim-topo_ctr-area_raw100nc_unified-all_unified_woody_gmonc,,kfold5_block20_unified,lcbd_pa_unified,<5,pcl_dentro_owner,143,0.3603319529892919,0.015459985776351258
modelo,pendiente,unified_all_lenoso,gm_clima_nc,RFG5ac_gmoall-clim-topo_ctr-area_raw100nc_unified-all_unified_woody_gmonc,,kfold5_block20_unified,lcbd_pa_unified,<5,lt_dentro_banda,361,0.25505465676551425,0.005072430651296482
modelo,pendiente,unified_all_lenoso,gm_clima_nc,RFG5ac_gmoall-clim-topo_ctr-area_raw100nc_unified-all_unified_woody_gmonc,,kfold5_block20_unified,lcbd_pa_unified,>25,todas,566,0.45713256168107286,0.004983398618322681
modelo,pendiente,unified_all_lenoso,gm_clima_nc,RFG5ac_gmoall-clim-topo_ctr-area_raw100nc_unified-all_unified_woody_gmonc,,kfold5_block20_unified,lcbd_pa_unified,>25,parcelas_cl,178,0.555324314330743,0.009878928501944155
modelo,pendiente,unified_all_lenoso,gm_clima_nc,RFG5ac_gmoall-clim-topo_ctr-area_raw100nc_unified-all_unified_woody_gmonc,,kfold5_block20_unified,lcbd_pa_unified,>25,living_trees,388,0.24436680574753564,0.0034821673886806857
modelo,pendiente,unified_all_lenoso,gm_clima_nc,RFG5ac_gmoall-clim-topo_ctr-area_raw100nc_unified-all_unified_woody_gmonc,,kfold5_block20_unified,lcbd_pa_unified,>25,pcl_dentro_owner,178,0.3198169983619198,0.0019602128825846788
modelo,pendiente,unified_all_lenoso,gm_clima_nc,RFG5ac_gmoall-clim-topo_ctr-area_raw100nc_unified-all_unified_woody_gmonc,,kfold5_block20_unified,lcbd_pa_unified,>25,lt_dentro_banda,388,0.21790135785082546,0.002053838906890597
modelo,pendiente,unified_all_lenoso,gm_clima_nc,RFG5ac_gmoall-clim-topo_ctr-area_raw100nc_unified-all_unified_woody_gmonc,,kfold5_block20_unified,lcbd_pa_unified,todas,todas,3094,0.44191827677683143,0.005444982241227746
modelo,pendiente,unified_all_lenoso,gm_clima_nc,RFG5ac_gmoall-clim-topo_ctr-area_raw100nc_unified-all_unified_woody_gmonc,,kfold5_block20_unified,lcbd_pa_unified,todas,parcelas_cl,1082,0.49242121613148226,0.01294995985009128
modelo,pendiente,unified_all_lenoso,gm_clima_nc,RFG5ac_gmoall-clim-topo_ctr-area_raw100nc_unified-all_unified_woody_gmonc,,kfold5_block20_unified,lcbd_pa_unified,todas,living_trees,2012,0.25824682271881555,0.0028501504548425587
modelo,pendiente,unified_all_lenoso,gm_clima_nc,RFG5ac_gmoall-clim-topo_ctr-area_raw100nc_unified-all_unified_woody_gmonc,,kfold5_block20_unified,lcbd_pa_unified,todas,pcl_dentro_owner,1082,0.32509530135210485,0.004501530412900906
modelo,pendiente,unified_all_lenoso,gm_clima_nc,RFG5ac_gmoall-clim-topo_ctr-area_raw100nc_unified-all_unified_woody_gmonc,,kfold5_block20_unified,lcbd_pa_unified,todas,lt_dentro_banda,2012,0.24767109508039756,0.00283279813409479
modelo,pendiente,unified_all_lenoso,gm_clima_csall,RFG5ac_gmoall-clim-topo_ctr-area_raw100tccsall_unified-all_unified_woody_gmotccsall,,kfold5_block20_unified,lcbd_pa_unified,15-25,todas,857,0.4711436501645954,0.004136954897259744
modelo,pendiente,unified_all_lenoso,gm_clima_csall,RFG5ac_gmoall-clim-topo_ctr-area_raw100tccsall_unified-all_unified_woody_gmotccsall,,kfold5_block20_unified,lcbd_pa_unified,15-25,parcelas_cl,342,0.4815419327889037,0.013178635716182717
modelo,pendiente,unified_all_lenoso,gm_clima_csall,RFG5ac_gmoall-clim-topo_ctr-area_raw100tccsall_unified-all_unified_woody_gmotccsall,,kfold5_block20_unified,lcbd_pa_unified,15-25,living_trees,515,0.23882505331915382,0.007890553155492037
modelo,pendiente,unified_all_lenoso,gm_clima_csall,RFG5ac_gmoall-clim-topo_ctr-area_raw100tccsall_unified-all_unified_woody_gmotccsall,,kfold5_block20_unified,lcbd_pa_unified,15-25,pcl_dentro_owner,342,0.35821520559048964,0.0049983449491026915
modelo,pendiente,unified_all_lenoso,gm_clima_csall,RFG5ac_gmoall-clim-topo_ctr-area_raw100tccsall_unified-all_unified_woody_gmotccsall,,kfold5_block20_unified,lcbd_pa_unified,15-25,lt_dentro_banda,515,0.22946922441477438,0.0049252668827611135
modelo,pendiente,unified_all_lenoso,gm_clima_csall,RFG5ac_gmoall-clim-topo_ctr-area_raw100tccsall_unified-all_unified_woody_gmotccsall,,kfold5_block20_unified,lcbd_pa_unified,5-15,todas,1167,0.416584040878311,0.0011792086364895446
modelo,pendiente,unified_all_lenoso,gm_clima_csall,RFG5ac_gmoall-clim-topo_ctr-area_raw100tccsall_unified-all_unified_woody_gmotccsall,,kfold5_block20_unified,lcbd_pa_unified,5-15,parcelas_cl,419,0.4615272413337405,0.005752289275171845
modelo,pendiente,unified_all_lenoso,gm_clima_csall,RFG5ac_gmoall-clim-topo_ctr-area_raw100tccsall_unified-all_unified_woody_gmotccsall,,kfold5_block20_unified,lcbd_pa_unified,5-15,living_trees,748,0.22404324384992313,0.002522234318151951
modelo,pendiente,unified_all_lenoso,gm_clima_csall,RFG5ac_gmoall-clim-topo_ctr-area_raw100tccsall_unified-all_unified_woody_gmotccsall,,kfold5_block20_unified,lcbd_pa_unified,5-15,pcl_dentro_owner,419,0.25638263123207156,0.018413378259407615
modelo,pendiente,unified_all_lenoso,gm_clima_csall,RFG5ac_gmoall-clim-topo_ctr-area_raw100tccsall_unified-all_unified_woody_gmotccsall,,kfold5_block20_unified,lcbd_pa_unified,5-15,lt_dentro_banda,748,0.21532536534187005,0.003333808693884956
modelo,pendiente,unified_all_lenoso,gm_clima_csall,RFG5ac_gmoall-clim-topo_ctr-area_raw100tccsall_unified-all_unified_woody_gmotccsall,,kfold5_block20_unified,lcbd_pa_unified,<5,todas,504,0.41268236114093076,0.010072507497000456
modelo,pendiente,unified_all_lenoso,gm_clima_csall,RFG5ac_gmoall-clim-topo_ctr-area_raw100tccsall_unified-all_unified_woody_gmotccsall,,kfold5_block20_unified,lcbd_pa_unified,<5,parcelas_cl,143,0.506751652230779,0.012148415381539364
modelo,pendiente,unified_all_lenoso,gm_clima_csall,RFG5ac_gmoall-clim-topo_ctr-area_raw100tccsall_unified-all_unified_woody_gmotccsall,,kfold5_block20_unified,lcbd_pa_unified,<5,living_trees,361,0.2877718654557583,0.010831804996942996
modelo,pendiente,unified_all_lenoso,gm_clima_csall,RFG5ac_gmoall-clim-topo_ctr-area_raw100tccsall_unified-all_unified_woody_gmotccsall,,kfold5_block20_unified,lcbd_pa_unified,<5,pcl_dentro_owner,143,0.3610998728929366,0.013618820516163564
modelo,pendiente,unified_all_lenoso,gm_clima_csall,RFG5ac_gmoall-clim-topo_ctr-area_raw100tccsall_unified-all_unified_woody_gmotccsall,,kfold5_block20_unified,lcbd_pa_unified,<5,lt_dentro_banda,361,0.25966706496120273,0.007586321461537279
modelo,pendiente,unified_all_lenoso,gm_clima_csall,RFG5ac_gmoall-clim-topo_ctr-area_raw100tccsall_unified-all_unified_woody_gmotccsall,,kfold5_block20_unified,lcbd_pa_unified,>25,todas,566,0.4576541788580992,0.005477037143121454
modelo,pendiente,unified_all_lenoso,gm_clima_csall,RFG5ac_gmoall-clim-topo_ctr-area_raw100tccsall_unified-all_unified_woody_gmotccsall,,kfold5_block20_unified,lcbd_pa_unified,>25,parcelas_cl,178,0.5429524159105151,0.01514777312680223
modelo,pendiente,unified_all_lenoso,gm_clima_csall,RFG5ac_gmoall-clim-topo_ctr-area_raw100tccsall_unified-all_unified_woody_gmotccsall,,kfold5_block20_unified,lcbd_pa_unified,>25,living_trees,388,0.25279430104981154,0.0028387117230035657
modelo,pendiente,unified_all_lenoso,gm_clima_csall,RFG5ac_gmoall-clim-topo_ctr-area_raw100tccsall_unified-all_unified_woody_gmotccsall,,kfold5_block20_unified,lcbd_pa_unified,>25,pcl_dentro_owner,178,0.30346115337970253,0.00918469435227679
modelo,pendiente,unified_all_lenoso,gm_clima_csall,RFG5ac_gmoall-clim-topo_ctr-area_raw100tccsall_unified-all_unified_woody_gmotccsall,,kfold5_block20_unified,lcbd_pa_unified,>25,lt_dentro_banda,388,0.23296103748087815,0.005372927695632205
modelo,pendiente,unified_all_lenoso,gm_clima_csall,RFG5ac_gmoall-clim-topo_ctr-area_raw100tccsall_unified-all_unified_woody_gmotccsall,,kfold5_block20_unified,lcbd_pa_unified,todas,todas,3094,0.4432461838070239,0.0031093418884385647
modelo,pendiente,unified_all_lenoso,gm_clima_csall,RFG5ac_gmoall-clim-topo_ctr-area_raw100tccsall_unified-all_unified_woody_gmotccsall,,kfold5_block20_unified,lcbd_pa_unified,todas,parcelas_cl,1082,0.4905653454769691,0.008367617781238942
modelo,pendiente,unified_all_lenoso,gm_clima_csall,RFG5ac_gmoall-clim-topo_ctr-area_raw100tccsall_unified-all_unified_woody_gmotccsall,,kfold5_block20_unified,lcbd_pa_unified,todas,living_trees,2012,0.2623221252628855,0.0008556133673544796
modelo,pendiente,unified_all_lenoso,gm_clima_csall,RFG5ac_gmoall-clim-topo_ctr-area_raw100tccsall_unified-all_unified_woody_gmotccsall,,kfold5_block20_unified,lcbd_pa_unified,todas,pcl_dentro_owner,1082,0.3233313590046643,0.008032948373917406
modelo,pendiente,unified_all_lenoso,gm_clima_csall,RFG5ac_gmoall-clim-topo_ctr-area_raw100tccsall_unified-all_unified_woody_gmotccsall,,kfold5_block20_unified,lcbd_pa_unified,todas,lt_dentro_banda,2012,0.25201044844381393,0.0014144250674168665
modelo,pendiente,unified_all_lenoso,curva_kndvi_nc,RFG2c_curve-topo_ctr-area_kndvi_raw100nc_unified-all_unified_woody,,kfold5_block20_unified,lcbd_pa_unified,15-25,todas,857,0.4255488110580659,0.0027330172904978544
modelo,pendiente,unified_all_lenoso,curva_kndvi_nc,RFG2c_curve-topo_ctr-area_kndvi_raw100nc_unified-all_unified_woody,,kfold5_block20_unified,lcbd_pa_unified,15-25,parcelas_cl,342,0.4740578739795242,0.008818879252865706
modelo,pendiente,unified_all_lenoso,curva_kndvi_nc,RFG2c_curve-topo_ctr-area_kndvi_raw100nc_unified-all_unified_woody,,kfold5_block20_unified,lcbd_pa_unified,15-25,living_trees,515,0.13388036618023938,0.015546495400375301
modelo,pendiente,unified_all_lenoso,curva_kndvi_nc,RFG2c_curve-topo_ctr-area_kndvi_raw100nc_unified-all_unified_woody,,kfold5_block20_unified,lcbd_pa_unified,15-25,pcl_dentro_owner,342,0.315620070637895,0.014152928779858905
modelo,pendiente,unified_all_lenoso,curva_kndvi_nc,RFG2c_curve-topo_ctr-area_kndvi_raw100nc_unified-all_unified_woody,,kfold5_block20_unified,lcbd_pa_unified,15-25,lt_dentro_banda,515,0.1416152039704676,0.014365230429543801
modelo,pendiente,unified_all_lenoso,curva_kndvi_nc,RFG2c_curve-topo_ctr-area_kndvi_raw100nc_unified-all_unified_woody,,kfold5_block20_unified,lcbd_pa_unified,5-15,todas,1167,0.39333868628903773,0.0017244577383892122
modelo,pendiente,unified_all_lenoso,curva_kndvi_nc,RFG2c_curve-topo_ctr-area_kndvi_raw100nc_unified-all_unified_woody,,kfold5_block20_unified,lcbd_pa_unified,5-15,parcelas_cl,419,0.5018491614140442,0.0071980589569765625
modelo,pendiente,unified_all_lenoso,curva_kndvi_nc,RFG2c_curve-topo_ctr-area_kndvi_raw100nc_unified-all_unified_woody,,kfold5_block20_unified,lcbd_pa_unified,5-15,living_trees,748,0.14012989180682953,0.0025888684601674417
modelo,pendiente,unified_all_lenoso,curva_kndvi_nc,RFG2c_curve-topo_ctr-area_kndvi_raw100nc_unified-all_unified_woody,,kfold5_block20_unified,lcbd_pa_unified,5-15,pcl_dentro_owner,419,0.30176470868627114,0.0024797848552619377
modelo,pendiente,unified_all_lenoso,curva_kndvi_nc,RFG2c_curve-topo_ctr-area_kndvi_raw100nc_unified-all_unified_woody,,kfold5_block20_unified,lcbd_pa_unified,5-15,lt_dentro_banda,748,0.14113789074658925,0.004022247978977049
modelo,pendiente,unified_all_lenoso,curva_kndvi_nc,RFG2c_curve-topo_ctr-area_kndvi_raw100nc_unified-all_unified_woody,,kfold5_block20_unified,lcbd_pa_unified,<5,todas,504,0.28279215029888166,0.007477648330633745
modelo,pendiente,unified_all_lenoso,curva_kndvi_nc,RFG2c_curve-topo_ctr-area_kndvi_raw100nc_unified-all_unified_woody,,kfold5_block20_unified,lcbd_pa_unified,<5,parcelas_cl,143,0.38714004172211397,0.015233104985554979
modelo,pendiente,unified_all_lenoso,curva_kndvi_nc,RFG2c_curve-topo_ctr-area_kndvi_raw100nc_unified-all_unified_woody,,kfold5_block20_unified,lcbd_pa_unified,<5,living_trees,361,0.1347342586926079,0.005277706460295545
modelo,pendiente,unified_all_lenoso,curva_kndvi_nc,RFG2c_curve-topo_ctr-area_kndvi_raw100nc_unified-all_unified_woody,,kfold5_block20_unified,lcbd_pa_unified,<5,pcl_dentro_owner,143,0.20725262055108926,0.021738207728816572
modelo,pendiente,unified_all_lenoso,curva_kndvi_nc,RFG2c_curve-topo_ctr-area_kndvi_raw100nc_unified-all_unified_woody,,kfold5_block20_unified,lcbd_pa_unified,<5,lt_dentro_banda,361,0.1126470222424489,0.004244646344360437
modelo,pendiente,unified_all_lenoso,curva_kndvi_nc,RFG2c_curve-topo_ctr-area_kndvi_raw100nc_unified-all_unified_woody,,kfold5_block20_unified,lcbd_pa_unified,>25,todas,566,0.40444485436122973,0.0037731183236023283
modelo,pendiente,unified_all_lenoso,curva_kndvi_nc,RFG2c_curve-topo_ctr-area_kndvi_raw100nc_unified-all_unified_woody,,kfold5_block20_unified,lcbd_pa_unified,>25,parcelas_cl,178,0.5167403217175114,0.012636029406011811
modelo,pendiente,unified_all_lenoso,curva_kndvi_nc,RFG2c_curve-topo_ctr-area_kndvi_raw100nc_unified-all_unified_woody,,kfold5_block20_unified,lcbd_pa_unified,>25,living_trees,388,0.16827713182150342,0.0030118962486703265
modelo,pendiente,unified_all_lenoso,curva_kndvi_nc,RFG2c_curve-topo_ctr-area_kndvi_raw100nc_unified-all_unified_woody,,kfold5_block20_unified,lcbd_pa_unified,>25,pcl_dentro_owner,178,0.2767742232181369,0.010413152630199792
modelo,pendiente,unified_all_lenoso,curva_kndvi_nc,RFG2c_curve-topo_ctr-area_kndvi_raw100nc_unified-all_unified_woody,,kfold5_block20_unified,lcbd_pa_unified,>25,lt_dentro_banda,388,0.15382273009190336,0.008142588560354594
modelo,pendiente,unified_all_lenoso,curva_kndvi_nc,RFG2c_curve-topo_ctr-area_kndvi_raw100nc_unified-all_unified_woody,,kfold5_block20_unified,lcbd_pa_unified,todas,todas,3094,0.3916792370387879,0.0018644486164602805
modelo,pendiente,unified_all_lenoso,curva_kndvi_nc,RFG2c_curve-topo_ctr-area_kndvi_raw100nc_unified-all_unified_woody,,kfold5_block20_unified,lcbd_pa_unified,todas,parcelas_cl,1082,0.48635206798614566,0.008746095030372717
modelo,pendiente,unified_all_lenoso,curva_kndvi_nc,RFG2c_curve-topo_ctr-area_kndvi_raw100nc_unified-all_unified_woody,,kfold5_block20_unified,lcbd_pa_unified,todas,living_trees,2012,0.16159212220975439,0.0036005125264992896
modelo,pendiente,unified_all_lenoso,curva_kndvi_nc,RFG2c_curve-topo_ctr-area_kndvi_raw100nc_unified-all_unified_woody,,kfold5_block20_unified,lcbd_pa_unified,todas,pcl_dentro_owner,1082,0.301264658493314,0.008655086051007026
modelo,pendiente,unified_all_lenoso,curva_kndvi_nc,RFG2c_curve-topo_ctr-area_kndvi_raw100nc_unified-all_unified_woody,,kfold5_block20_unified,lcbd_pa_unified,todas,lt_dentro_banda,2012,0.15678129890314552,0.004354082452364368
modelo,pendiente,unified_all_lenoso,curva_evi_nc,RFG2c_curve-topo_ctr-area_evi_raw100nc_unified-all_unified_woody,,kfold5_block20_unified,lcbd_pa_unified,15-25,todas,857,0.41952754919462,0.006232585100021459
modelo,pendiente,unified_all_lenoso,curva_evi_nc,RFG2c_curve-topo_ctr-area_evi_raw100nc_unified-all_unified_woody,,kfold5_block20_unified,lcbd_pa_unified,15-25,parcelas_cl,342,0.47997408391268426,0.011186398536341274
modelo,pendiente,unified_all_lenoso,curva_evi_nc,RFG2c_curve-topo_ctr-area_evi_raw100nc_unified-all_unified_woody,,kfold5_block20_unified,lcbd_pa_unified,15-25,living_trees,515,0.11272598269896077,0.009057296132387321
modelo,pendiente,unified_all_lenoso,curva_evi_nc,RFG2c_curve-topo_ctr-area_evi_raw100nc_unified-all_unified_woody,,kfold5_block20_unified,lcbd_pa_unified,15-25,pcl_dentro_owner,342,0.3558092855963298,0.0031958321949146387
modelo,pendiente,unified_all_lenoso,curva_evi_nc,RFG2c_curve-topo_ctr-area_evi_raw100nc_unified-all_unified_woody,,kfold5_block20_unified,lcbd_pa_unified,15-25,lt_dentro_banda,515,0.1159184902066837,0.01100312816327523
modelo,pendiente,unified_all_lenoso,curva_evi_nc,RFG2c_curve-topo_ctr-area_evi_raw100nc_unified-all_unified_woody,,kfold5_block20_unified,lcbd_pa_unified,5-15,todas,1167,0.3670997644952805,0.00136521315748339
modelo,pendiente,unified_all_lenoso,curva_evi_nc,RFG2c_curve-topo_ctr-area_evi_raw100nc_unified-all_unified_woody,,kfold5_block20_unified,lcbd_pa_unified,5-15,parcelas_cl,419,0.49190446585746556,0.00908446696300409
modelo,pendiente,unified_all_lenoso,curva_evi_nc,RFG2c_curve-topo_ctr-area_evi_raw100nc_unified-all_unified_woody,,kfold5_block20_unified,lcbd_pa_unified,5-15,living_trees,748,0.09298715533199124,0.00515291269591092
modelo,pendiente,unified_all_lenoso,curva_evi_nc,RFG2c_curve-topo_ctr-area_evi_raw100nc_unified-all_unified_woody,,kfold5_block20_unified,lcbd_pa_unified,5-15,pcl_dentro_owner,419,0.27985473580874787,0.006376636689552991
modelo,pendiente,unified_all_lenoso,curva_evi_nc,RFG2c_curve-topo_ctr-area_evi_raw100nc_unified-all_unified_woody,,kfold5_block20_unified,lcbd_pa_unified,5-15,lt_dentro_banda,748,0.09643974792697219,0.000817774718952325
modelo,pendiente,unified_all_lenoso,curva_evi_nc,RFG2c_curve-topo_ctr-area_evi_raw100nc_unified-all_unified_woody,,kfold5_block20_unified,lcbd_pa_unified,<5,todas,504,0.27005863953227677,0.005504401956765453
modelo,pendiente,unified_all_lenoso,curva_evi_nc,RFG2c_curve-topo_ctr-area_evi_raw100nc_unified-all_unified_woody,,kfold5_block20_unified,lcbd_pa_unified,<5,parcelas_cl,143,0.3952468214629337,0.009491093454273049
modelo,pendiente,unified_all_lenoso,curva_evi_nc,RFG2c_curve-topo_ctr-area_evi_raw100nc_unified-all_unified_woody,,kfold5_block20_unified,lcbd_pa_unified,<5,living_trees,361,0.11129471266527997,0.004606148530304562
modelo,pendiente,unified_all_lenoso,curva_evi_nc,RFG2c_curve-topo_ctr-area_evi_raw100nc_unified-all_unified_woody,,kfold5_block20_unified,lcbd_pa_unified,<5,pcl_dentro_owner,143,0.22472527326957406,0.02049904959854817
modelo,pendiente,unified_all_lenoso,curva_evi_nc,RFG2c_curve-topo_ctr-area_evi_raw100nc_unified-all_unified_woody,,kfold5_block20_unified,lcbd_pa_unified,<5,lt_dentro_banda,361,0.09663156590204063,0.004148427818858305
modelo,pendiente,unified_all_lenoso,curva_evi_nc,RFG2c_curve-topo_ctr-area_evi_raw100nc_unified-all_unified_woody,,kfold5_block20_unified,lcbd_pa_unified,>25,todas,566,0.3622482853505855,0.0030300589900281332
modelo,pendiente,unified_all_lenoso,curva_evi_nc,RFG2c_curve-topo_ctr-area_evi_raw100nc_unified-all_unified_woody,,kfold5_block20_unified,lcbd_pa_unified,>25,parcelas_cl,178,0.4843016252163113,0.015762675903034384
modelo,pendiente,unified_all_lenoso,curva_evi_nc,RFG2c_curve-topo_ctr-area_evi_raw100nc_unified-all_unified_woody,,kfold5_block20_unified,lcbd_pa_unified,>25,living_trees,388,0.10826352697716979,0.003930057239102209
modelo,pendiente,unified_all_lenoso,curva_evi_nc,RFG2c_curve-topo_ctr-area_evi_raw100nc_unified-all_unified_woody,,kfold5_block20_unified,lcbd_pa_unified,>25,pcl_dentro_owner,178,0.26806598156338385,0.01373331289013041
modelo,pendiente,unified_all_lenoso,curva_evi_nc,RFG2c_curve-topo_ctr-area_evi_raw100nc_unified-all_unified_woody,,kfold5_block20_unified,lcbd_pa_unified,>25,lt_dentro_banda,388,0.10169305632505365,0.008232241872015345
modelo,pendiente,unified_all_lenoso,curva_evi_nc,RFG2c_curve-topo_ctr-area_evi_raw100nc_unified-all_unified_woody,,kfold5_block20_unified,lcbd_pa_unified,todas,todas,3094,0.3703826091965506,0.002251353309052089
modelo,pendiente,unified_all_lenoso,curva_evi_nc,RFG2c_curve-topo_ctr-area_evi_raw100nc_unified-all_unified_woody,,kfold5_block20_unified,lcbd_pa_unified,todas,parcelas_cl,1082,0.4799607949898905,0.009299260245104527
modelo,pendiente,unified_all_lenoso,curva_evi_nc,RFG2c_curve-topo_ctr-area_evi_raw100nc_unified-all_unified_woody,,kfold5_block20_unified,lcbd_pa_unified,todas,living_trees,2012,0.12349928981811469,0.0029200382321957225
modelo,pendiente,unified_all_lenoso,curva_evi_nc,RFG2c_curve-topo_ctr-area_evi_raw100nc_unified-all_unified_woody,,kfold5_block20_unified,lcbd_pa_unified,todas,pcl_dentro_owner,1082,0.30295544766241067,0.0037621465964984865
modelo,pendiente,unified_all_lenoso,curva_evi_nc,RFG2c_curve-topo_ctr-area_evi_raw100nc_unified-all_unified_woody,,kfold5_block20_unified,lcbd_pa_unified,todas,lt_dentro_banda,2012,0.1240548096204553,0.0017916947258087544
modelo,pendiente,unified_all_lenoso,curva_evi_csall,RFG2c_curve-topo_ctr-area_evi_raw100tccsall_unified-all_unified_woody,,kfold5_block20_unified,lcbd_pa_unified,15-25,todas,857,0.43449474211060607,0.005399305836957033
modelo,pendiente,unified_all_lenoso,curva_evi_csall,RFG2c_curve-topo_ctr-area_evi_raw100tccsall_unified-all_unified_woody,,kfold5_block20_unified,lcbd_pa_unified,15-25,parcelas_cl,342,0.4954107999473376,0.01284446775074192
modelo,pendiente,unified_all_lenoso,curva_evi_csall,RFG2c_curve-topo_ctr-area_evi_raw100tccsall_unified-all_unified_woody,,kfold5_block20_unified,lcbd_pa_unified,15-25,living_trees,515,0.13346099833343572,0.0076791101009685185
modelo,pendiente,unified_all_lenoso,curva_evi_csall,RFG2c_curve-topo_ctr-area_evi_raw100tccsall_unified-all_unified_woody,,kfold5_block20_unified,lcbd_pa_unified,15-25,pcl_dentro_owner,342,0.3587156103810593,0.004610954943500198
modelo,pendiente,unified_all_lenoso,curva_evi_csall,RFG2c_curve-topo_ctr-area_evi_raw100tccsall_unified-all_unified_woody,,kfold5_block20_unified,lcbd_pa_unified,15-25,lt_dentro_banda,515,0.14180953875897948,0.008410526892483394
modelo,pendiente,unified_all_lenoso,curva_evi_csall,RFG2c_curve-topo_ctr-area_evi_raw100tccsall_unified-all_unified_woody,,kfold5_block20_unified,lcbd_pa_unified,5-15,todas,1167,0.36823350584052267,0.00029367809135815803
modelo,pendiente,unified_all_lenoso,curva_evi_csall,RFG2c_curve-topo_ctr-area_evi_raw100tccsall_unified-all_unified_woody,,kfold5_block20_unified,lcbd_pa_unified,5-15,parcelas_cl,419,0.49206199511853477,0.005154297477539563
modelo,pendiente,unified_all_lenoso,curva_evi_csall,RFG2c_curve-topo_ctr-area_evi_raw100tccsall_unified-all_unified_woody,,kfold5_block20_unified,lcbd_pa_unified,5-15,living_trees,748,0.09525759977457582,0.004035240329906615
modelo,pendiente,unified_all_lenoso,curva_evi_csall,RFG2c_curve-topo_ctr-area_evi_raw100tccsall_unified-all_unified_woody,,kfold5_block20_unified,lcbd_pa_unified,5-15,pcl_dentro_owner,419,0.27731331286421906,0.001959646879828089
modelo,pendiente,unified_all_lenoso,curva_evi_csall,RFG2c_curve-topo_ctr-area_evi_raw100tccsall_unified-all_unified_woody,,kfold5_block20_unified,lcbd_pa_unified,5-15,lt_dentro_banda,748,0.09933048201441179,0.0023553312602523037
modelo,pendiente,unified_all_lenoso,curva_evi_csall,RFG2c_curve-topo_ctr-area_evi_raw100tccsall_unified-all_unified_woody,,kfold5_block20_unified,lcbd_pa_unified,<5,todas,504,0.28102019460779337,0.010449057673800211
modelo,pendiente,unified_all_lenoso,curva_evi_csall,RFG2c_curve-topo_ctr-area_evi_raw100tccsall_unified-all_unified_woody,,kfold5_block20_unified,lcbd_pa_unified,<5,parcelas_cl,143,0.3948295459468629,0.017670118707621155
modelo,pendiente,unified_all_lenoso,curva_evi_csall,RFG2c_curve-topo_ctr-area_evi_raw100tccsall_unified-all_unified_woody,,kfold5_block20_unified,lcbd_pa_unified,<5,living_trees,361,0.12868126246461745,0.010355177249910915
modelo,pendiente,unified_all_lenoso,curva_evi_csall,RFG2c_curve-topo_ctr-area_evi_raw100tccsall_unified-all_unified_woody,,kfold5_block20_unified,lcbd_pa_unified,<5,pcl_dentro_owner,143,0.22711767949153228,0.022237251280809847
modelo,pendiente,unified_all_lenoso,curva_evi_csall,RFG2c_curve-topo_ctr-area_evi_raw100tccsall_unified-all_unified_woody,,kfold5_block20_unified,lcbd_pa_unified,<5,lt_dentro_banda,361,0.11684371220279748,0.010854934427865427
modelo,pendiente,unified_all_lenoso,curva_evi_csall,RFG2c_curve-topo_ctr-area_evi_raw100tccsall_unified-all_unified_woody,,kfold5_block20_unified,lcbd_pa_unified,>25,todas,566,0.3880074715549706,0.002318199253452775
modelo,pendiente,unified_all_lenoso,curva_evi_csall,RFG2c_curve-topo_ctr-area_evi_raw100tccsall_unified-all_unified_woody,,kfold5_block20_unified,lcbd_pa_unified,>25,parcelas_cl,178,0.5042680761523725,0.011233776157356823
modelo,pendiente,unified_all_lenoso,curva_evi_csall,RFG2c_curve-topo_ctr-area_evi_raw100tccsall_unified-all_unified_woody,,kfold5_block20_unified,lcbd_pa_unified,>25,living_trees,388,0.14480054912637277,0.002840497433635597
modelo,pendiente,unified_all_lenoso,curva_evi_csall,RFG2c_curve-topo_ctr-area_evi_raw100tccsall_unified-all_unified_woody,,kfold5_block20_unified,lcbd_pa_unified,>25,pcl_dentro_owner,178,0.2956204318762005,0.006048466255381459
modelo,pendiente,unified_all_lenoso,curva_evi_csall,RFG2c_curve-topo_ctr-area_evi_raw100tccsall_unified-all_unified_woody,,kfold5_block20_unified,lcbd_pa_unified,>25,lt_dentro_banda,388,0.13267752151995071,0.006944966831472248
modelo,pendiente,unified_all_lenoso,curva_evi_csall,RFG2c_curve-topo_ctr-area_evi_raw100tccsall_unified-all_unified_woody,,kfold5_block20_unified,lcbd_pa_unified,todas,todas,3094,0.3817068834227199,0.002563565453269712
modelo,pendiente,unified_all_lenoso,curva_evi_csall,RFG2c_curve-topo_ctr-area_evi_raw100tccsall_unified-all_unified_woody,,kfold5_block20_unified,lcbd_pa_unified,todas,parcelas_cl,1082,0.4882875041117319,0.00942782481407604
modelo,pendiente,unified_all_lenoso,curva_evi_csall,RFG2c_curve-topo_ctr-area_evi_raw100tccsall_unified-all_unified_woody,,kfold5_block20_unified,lcbd_pa_unified,todas,living_trees,2012,0.1400382618513406,0.002307296329698697
modelo,pendiente,unified_all_lenoso,curva_evi_csall,RFG2c_curve-topo_ctr-area_evi_raw100tccsall_unified-all_unified_woody,,kfold5_block20_unified,lcbd_pa_unified,todas,pcl_dentro_owner,1082,0.3114489399732506,0.002380344826520244
modelo,pendiente,unified_all_lenoso,curva_evi_csall,RFG2c_curve-topo_ctr-area_evi_raw100tccsall_unified-all_unified_woody,,kfold5_block20_unified,lcbd_pa_unified,todas,lt_dentro_banda,2012,0.13897465701067258,0.001130108614685596
par,pendiente,unified_all_lenoso,gm_nc − curva_kndvi_nc,RFG4ac_gmoall-topo_ctr-area_raw100nc_unified-all_unified_woody_gmonc,RFG2c_curve-topo_ctr-area_kndvi_raw100nc_unified-all_unified_woody,kfold5_block20_unified,lcbd_pa_unified,15-25,todas,857,0.004647696016212806,0.004481937223081802
par,pendiente,unified_all_lenoso,gm_nc − curva_kndvi_nc,RFG4ac_gmoall-topo_ctr-area_raw100nc_unified-all_unified_woody_gmonc,RFG2c_curve-topo_ctr-area_kndvi_raw100nc_unified-all_unified_woody,kfold5_block20_unified,lcbd_pa_unified,15-25,parcelas_cl,342,0.02535431339536102,0.010194175064759241
par,pendiente,unified_all_lenoso,gm_nc − curva_kndvi_nc,RFG4ac_gmoall-topo_ctr-area_raw100nc_unified-all_unified_woody_gmonc,RFG2c_curve-topo_ctr-area_kndvi_raw100nc_unified-all_unified_woody,kfold5_block20_unified,lcbd_pa_unified,15-25,living_trees,515,-0.015285859624653933,0.015642439707725622
par,pendiente,unified_all_lenoso,gm_nc − curva_kndvi_nc,RFG4ac_gmoall-topo_ctr-area_raw100nc_unified-all_unified_woody_gmonc,RFG2c_curve-topo_ctr-area_kndvi_raw100nc_unified-all_unified_woody,kfold5_block20_unified,lcbd_pa_unified,15-25,pcl_dentro_owner,342,0.04391825547640834,0.01163978715918576
par,pendiente,unified_all_lenoso,gm_nc − curva_kndvi_nc,RFG4ac_gmoall-topo_ctr-area_raw100nc_unified-all_unified_woody_gmonc,RFG2c_curve-topo_ctr-area_kndvi_raw100nc_unified-all_unified_woody,kfold5_block20_unified,lcbd_pa_unified,15-25,lt_dentro_banda,515,-0.0246271795785938,0.01638810852987779
par,pendiente,unified_all_lenoso,gm_nc − curva_kndvi_nc,RFG4ac_gmoall-topo_ctr-area_raw100nc_unified-all_unified_woody_gmonc,RFG2c_curve-topo_ctr-area_kndvi_raw100nc_unified-all_unified_woody,kfold5_block20_unified,lcbd_pa_unified,5-15,todas,1167,-0.013838729336892008,0.0012706713172419301
par,pendiente,unified_all_lenoso,gm_nc − curva_kndvi_nc,RFG4ac_gmoall-topo_ctr-area_raw100nc_unified-all_unified_woody_gmonc,RFG2c_curve-topo_ctr-area_kndvi_raw100nc_unified-all_unified_woody,kfold5_block20_unified,lcbd_pa_unified,5-15,parcelas_cl,419,-0.03873067263694552,0.0047137320572097794
par,pendiente,unified_all_lenoso,gm_nc − curva_kndvi_nc,RFG4ac_gmoall-topo_ctr-area_raw100nc_unified-all_unified_woody_gmonc,RFG2c_curve-topo_ctr-area_kndvi_raw100nc_unified-all_unified_woody,kfold5_block20_unified,lcbd_pa_unified,5-15,living_trees,748,0.0038628533882863656,0.0014396878686244305
par,pendiente,unified_all_lenoso,gm_nc − curva_kndvi_nc,RFG4ac_gmoall-topo_ctr-area_raw100nc_unified-all_unified_woody_gmonc,RFG2c_curve-topo_ctr-area_kndvi_raw100nc_unified-all_unified_woody,kfold5_block20_unified,lcbd_pa_unified,5-15,pcl_dentro_owner,419,-0.04578317143968391,0.0017274459814819853
par,pendiente,unified_all_lenoso,gm_nc − curva_kndvi_nc,RFG4ac_gmoall-topo_ctr-area_raw100nc_unified-all_unified_woody_gmonc,RFG2c_curve-topo_ctr-area_kndvi_raw100nc_unified-all_unified_woody,kfold5_block20_unified,lcbd_pa_unified,5-15,lt_dentro_banda,748,0.00585848627140088,0.002363284811810836
par,pendiente,unified_all_lenoso,gm_nc − curva_kndvi_nc,RFG4ac_gmoall-topo_ctr-area_raw100nc_unified-all_unified_woody_gmonc,RFG2c_curve-topo_ctr-area_kndvi_raw100nc_unified-all_unified_woody,kfold5_block20_unified,lcbd_pa_unified,<5,todas,504,0.09254931622109501,0.004530535732538375
par,pendiente,unified_all_lenoso,gm_nc − curva_kndvi_nc,RFG4ac_gmoall-topo_ctr-area_raw100nc_unified-all_unified_woody_gmonc,RFG2c_curve-topo_ctr-area_kndvi_raw100nc_unified-all_unified_woody,kfold5_block20_unified,lcbd_pa_unified,<5,parcelas_cl,143,0.10926921443219222,0.00682534780543311
par,pendiente,unified_all_lenoso,gm_nc − curva_kndvi_nc,RFG4ac_gmoall-topo_ctr-area_raw100nc_unified-all_unified_woody_gmonc,RFG2c_curve-topo_ctr-area_kndvi_raw100nc_unified-all_unified_woody,kfold5_block20_unified,lcbd_pa_unified,<5,living_trees,361,0.09881411574594738,0.0049689137576259075
par,pendiente,unified_all_lenoso,gm_nc − curva_kndvi_nc,RFG4ac_gmoall-topo_ctr-area_raw100nc_unified-all_unified_woody_gmonc,RFG2c_curve-topo_ctr-area_kndvi_raw100nc_unified-all_unified_woody,kfold5_block20_unified,lcbd_pa_unified,<5,pcl_dentro_owner,143,0.14043679708393053,0.0036218573630238033
par,pendiente,unified_all_lenoso,gm_nc − curva_kndvi_nc,RFG4ac_gmoall-topo_ctr-area_raw100nc_unified-all_unified_woody_gmonc,RFG2c_curve-topo_ctr-area_kndvi_raw100nc_unified-all_unified_woody,kfold5_block20_unified,lcbd_pa_unified,<5,lt_dentro_banda,361,0.08585864852858986,0.003171133108912959
par,pendiente,unified_all_lenoso,gm_nc − curva_kndvi_nc,RFG4ac_gmoall-topo_ctr-area_raw100nc_unified-all_unified_woody_gmonc,RFG2c_curve-topo_ctr-area_kndvi_raw100nc_unified-all_unified_woody,kfold5_block20_unified,lcbd_pa_unified,>25,todas,566,-0.009536179453937995,0.004170701120265437
par,pendiente,unified_all_lenoso,gm_nc − curva_kndvi_nc,RFG4ac_gmoall-topo_ctr-area_raw100nc_unified-all_unified_woody_gmonc,RFG2c_curve-topo_ctr-area_kndvi_raw100nc_unified-all_unified_woody,kfold5_block20_unified,lcbd_pa_unified,>25,parcelas_cl,178,0.021679291929978677,0.011020394773327186
par,pendiente,unified_all_lenoso,gm_nc − curva_kndvi_nc,RFG4ac_gmoall-topo_ctr-area_raw100nc_unified-all_unified_woody_gmonc,RFG2c_curve-topo_ctr-area_kndvi_raw100nc_unified-all_unified_woody,kfold5_block20_unified,lcbd_pa_unified,>25,living_trees,388,-0.03101860504906891,0.0018432738636152551
par,pendiente,unified_all_lenoso,gm_nc − curva_kndvi_nc,RFG4ac_gmoall-topo_ctr-area_raw100nc_unified-all_unified_woody_gmonc,RFG2c_curve-topo_ctr-area_kndvi_raw100nc_unified-all_unified_woody,kfold5_block20_unified,lcbd_pa_unified,>25,pcl_dentro_owner,178,0.0038537565033419283,0.009946005664881323
par,pendiente,unified_all_lenoso,gm_nc − curva_kndvi_nc,RFG4ac_gmoall-topo_ctr-area_raw100nc_unified-all_unified_woody_gmonc,RFG2c_curve-topo_ctr-area_kndvi_raw100nc_unified-all_unified_woody,kfold5_block20_unified,lcbd_pa_unified,>25,lt_dentro_banda,388,-0.017150345257207527,0.0028700663067817264
par,pendiente,unified_all_lenoso,gm_nc − curva_kndvi_nc,RFG4ac_gmoall-topo_ctr-area_raw100nc_unified-all_unified_woody_gmonc,RFG2c_curve-topo_ctr-area_kndvi_raw100nc_unified-all_unified_woody,kfold5_block20_unified,lcbd_pa_unified,todas,todas,3094,0.008638602841151774,0.000667022603563754
par,pendiente,unified_all_lenoso,gm_nc − curva_kndvi_nc,RFG4ac_gmoall-topo_ctr-area_raw100nc_unified-all_unified_woody_gmonc,RFG2c_curve-topo_ctr-area_kndvi_raw100nc_unified-all_unified_woody,kfold5_block20_unified,lcbd_pa_unified,todas,parcelas_cl,1082,0.008772378446537962,0.005694255237551859
par,pendiente,unified_all_lenoso,gm_nc − curva_kndvi_nc,RFG4ac_gmoall-topo_ctr-area_raw100nc_unified-all_unified_woody_gmonc,RFG2c_curve-topo_ctr-area_kndvi_raw100nc_unified-all_unified_woody,kfold5_block20_unified,lcbd_pa_unified,todas,living_trees,2012,0.01079125240885855,0.004043122134316739
par,pendiente,unified_all_lenoso,gm_nc − curva_kndvi_nc,RFG4ac_gmoall-topo_ctr-area_raw100nc_unified-all_unified_woody_gmonc,RFG2c_curve-topo_ctr-area_kndvi_raw100nc_unified-all_unified_woody,kfold5_block20_unified,lcbd_pa_unified,todas,pcl_dentro_owner,1082,0.0174847004505239,0.005817515696393144
par,pendiente,unified_all_lenoso,gm_nc − curva_kndvi_nc,RFG4ac_gmoall-topo_ctr-area_raw100nc_unified-all_unified_woody_gmonc,RFG2c_curve-topo_ctr-area_kndvi_raw100nc_unified-all_unified_woody,kfold5_block20_unified,lcbd_pa_unified,todas,lt_dentro_banda,2012,0.013249376305721317,0.004431364865785923
par,pendiente,unified_all_lenoso,gm_nc − curva_evi_nc,RFG4ac_gmoall-topo_ctr-area_raw100nc_unified-all_unified_woody_gmonc,RFG2c_curve-topo_ctr-area_evi_raw100nc_unified-all_unified_woody,kfold5_block20_unified,lcbd_pa_unified,15-25,todas,857,0.010668957879658788,0.004990671766429906
par,pendiente,unified_all_lenoso,gm_nc − curva_evi_nc,RFG4ac_gmoall-topo_ctr-area_raw100nc_unified-all_unified_woody_gmonc,RFG2c_curve-topo_ctr-area_evi_raw100nc_unified-all_unified_woody,kfold5_block20_unified,lcbd_pa_unified,15-25,parcelas_cl,342,0.019438103462200873,0.0026029155585446063
par,pendiente,unified_all_lenoso,gm_nc − curva_evi_nc,RFG4ac_gmoall-topo_ctr-area_raw100nc_unified-all_unified_woody_gmonc,RFG2c_curve-topo_ctr-area_evi_raw100nc_unified-all_unified_woody,kfold5_block20_unified,lcbd_pa_unified,15-25,living_trees,515,0.005868523856624693,0.009605006061941927
par,pendiente,unified_all_lenoso,gm_nc − curva_evi_nc,RFG4ac_gmoall-topo_ctr-area_raw100nc_unified-all_unified_woody_gmonc,RFG2c_curve-topo_ctr-area_evi_raw100nc_unified-all_unified_woody,kfold5_block20_unified,lcbd_pa_unified,15-25,pcl_dentro_owner,342,0.003729040517973551,0.0026545224276070985
par,pendiente,unified_all_lenoso,gm_nc − curva_evi_nc,RFG4ac_gmoall-topo_ctr-area_raw100nc_unified-all_unified_woody_gmonc,RFG2c_curve-topo_ctr-area_evi_raw100nc_unified-all_unified_woody,kfold5_block20_unified,lcbd_pa_unified,15-25,lt_dentro_banda,515,0.0010695341851901057,0.011920698974471034
par,pendiente,unified_all_lenoso,gm_nc − curva_evi_nc,RFG4ac_gmoall-topo_ctr-area_raw100nc_unified-all_unified_woody_gmonc,RFG2c_curve-topo_ctr-area_evi_raw100nc_unified-all_unified_woody,kfold5_block20_unified,lcbd_pa_unified,5-15,todas,1167,0.012400192456865263,0.0008358218834502465
par,pendiente,unified_all_lenoso,gm_nc − curva_evi_nc,RFG4ac_gmoall-topo_ctr-area_raw100nc_unified-all_unified_woody_gmonc,RFG2c_curve-topo_ctr-area_evi_raw100nc_unified-all_unified_woody,kfold5_block20_unified,lcbd_pa_unified,5-15,parcelas_cl,419,-0.028785977080366825,0.006259314245070278
par,pendiente,unified_all_lenoso,gm_nc − curva_evi_nc,RFG4ac_gmoall-topo_ctr-area_raw100nc_unified-all_unified_woody_gmonc,RFG2c_curve-topo_ctr-area_evi_raw100nc_unified-all_unified_woody,kfold5_block20_unified,lcbd_pa_unified,5-15,living_trees,748,0.051005589863124645,0.003874002517319167
par,pendiente,unified_all_lenoso,gm_nc − curva_evi_nc,RFG4ac_gmoall-topo_ctr-area_raw100nc_unified-all_unified_woody_gmonc,RFG2c_curve-topo_ctr-area_evi_raw100nc_unified-all_unified_woody,kfold5_block20_unified,lcbd_pa_unified,5-15,pcl_dentro_owner,419,-0.023873198562160636,0.005798094579209884
par,pendiente,unified_all_lenoso,gm_nc − curva_evi_nc,RFG4ac_gmoall-topo_ctr-area_raw100nc_unified-all_unified_woody_gmonc,RFG2c_curve-topo_ctr-area_evi_raw100nc_unified-all_unified_woody,kfold5_block20_unified,lcbd_pa_unified,5-15,lt_dentro_banda,748,0.050556629091017956,0.0028593455317116228
par,pendiente,unified_all_lenoso,gm_nc − curva_evi_nc,RFG4ac_gmoall-topo_ctr-area_raw100nc_unified-all_unified_woody_gmonc,RFG2c_curve-topo_ctr-area_evi_raw100nc_unified-all_unified_woody,kfold5_block20_unified,lcbd_pa_unified,<5,todas,504,0.1052828269876999,0.0010946814964417613
par,pendiente,unified_all_lenoso,gm_nc − curva_evi_nc,RFG4ac_gmoall-topo_ctr-area_raw100nc_unified-all_unified_woody_gmonc,RFG2c_curve-topo_ctr-area_evi_raw100nc_unified-all_unified_woody,kfold5_block20_unified,lcbd_pa_unified,<5,parcelas_cl,143,0.1011624346913725,0.001712460362750899
par,pendiente,unified_all_lenoso,gm_nc − curva_evi_nc,RFG4ac_gmoall-topo_ctr-area_raw100nc_unified-all_unified_woody_gmonc,RFG2c_curve-topo_ctr-area_evi_raw100nc_unified-all_unified_woody,kfold5_block20_unified,lcbd_pa_unified,<5,living_trees,361,0.1222536617732753,0.0024424447882612135
par,pendiente,unified_all_lenoso,gm_nc − curva_evi_nc,RFG4ac_gmoall-topo_ctr-area_raw100nc_unified-all_unified_woody_gmonc,RFG2c_curve-topo_ctr-area_evi_raw100nc_unified-all_unified_woody,kfold5_block20_unified,lcbd_pa_unified,<5,pcl_dentro_owner,143,0.12296414436544571,0.00802520775747938
par,pendiente,unified_all_lenoso,gm_nc − curva_evi_nc,RFG4ac_gmoall-topo_ctr-area_raw100nc_unified-all_unified_woody_gmonc,RFG2c_curve-topo_ctr-area_evi_raw100nc_unified-all_unified_woody,kfold5_block20_unified,lcbd_pa_unified,<5,lt_dentro_banda,361,0.10187410486899813,0.0033763070308221207
par,pendiente,unified_all_lenoso,gm_nc − curva_evi_nc,RFG4ac_gmoall-topo_ctr-area_raw100nc_unified-all_unified_woody_gmonc,RFG2c_curve-topo_ctr-area_evi_raw100nc_unified-all_unified_woody,kfold5_block20_unified,lcbd_pa_unified,>25,todas,566,0.032660389556706214,0.0022869764767961555
par,pendiente,unified_all_lenoso,gm_nc − curva_evi_nc,RFG4ac_gmoall-topo_ctr-area_raw100nc_unified-all_unified_woody_gmonc,RFG2c_curve-topo_ctr-area_evi_raw100nc_unified-all_unified_woody,kfold5_block20_unified,lcbd_pa_unified,>25,parcelas_cl,178,0.0541179884311788,0.013356318745278139
par,pendiente,unified_all_lenoso,gm_nc − curva_evi_nc,RFG4ac_gmoall-topo_ctr-area_raw100nc_unified-all_unified_woody_gmonc,RFG2c_curve-topo_ctr-area_evi_raw100nc_unified-all_unified_woody,kfold5_block20_unified,lcbd_pa_unified,>25,living_trees,388,0.028994999795264726,0.004473576962625063
par,pendiente,unified_all_lenoso,gm_nc − curva_evi_nc,RFG4ac_gmoall-topo_ctr-area_raw100nc_unified-all_unified_woody_gmonc,RFG2c_curve-topo_ctr-area_evi_raw100nc_unified-all_unified_woody,kfold5_block20_unified,lcbd_pa_unified,>25,pcl_dentro_owner,178,0.012561998158094926,0.01762937034393721
par,pendiente,unified_all_lenoso,gm_nc − curva_evi_nc,RFG4ac_gmoall-topo_ctr-area_raw100nc_unified-all_unified_woody_gmonc,RFG2c_curve-topo_ctr-area_evi_raw100nc_unified-all_unified_woody,kfold5_block20_unified,lcbd_pa_unified,>25,lt_dentro_banda,388,0.03497932850964217,0.005186887241047261
par,pendiente,unified_all_lenoso,gm_nc − curva_evi_nc,RFG4ac_gmoall-topo_ctr-area_raw100nc_unified-all_unified_woody_gmonc,RFG2c_curve-topo_ctr-area_evi_raw100nc_unified-all_unified_woody,kfold5_block20_unified,lcbd_pa_unified,todas,todas,3094,0.029935230683389102,0.0018523757334915532
par,pendiente,unified_all_lenoso,gm_nc − curva_evi_nc,RFG4ac_gmoall-topo_ctr-area_raw100nc_unified-all_unified_woody_gmonc,RFG2c_curve-topo_ctr-area_evi_raw100nc_unified-all_unified_woody,kfold5_block20_unified,lcbd_pa_unified,todas,parcelas_cl,1082,0.015163651442793117,0.004845124834915896
par,pendiente,unified_all_lenoso,gm_nc − curva_evi_nc,RFG4ac_gmoall-topo_ctr-area_raw100nc_unified-all_unified_woody_gmonc,RFG2c_curve-topo_ctr-area_evi_raw100nc_unified-all_unified_woody,kfold5_block20_unified,lcbd_pa_unified,todas,living_trees,2012,0.04888408480049825,0.0016335170501229933
par,pendiente,unified_all_lenoso,gm_nc − curva_evi_nc,RFG4ac_gmoall-topo_ctr-area_raw100nc_unified-all_unified_woody_gmonc,RFG2c_curve-topo_ctr-area_evi_raw100nc_unified-all_unified_woody,kfold5_block20_unified,lcbd_pa_unified,todas,pcl_dentro_owner,1082,0.015793911281427226,0.00490984665370313
par,pendiente,unified_all_lenoso,gm_nc − curva_evi_nc,RFG4ac_gmoall-topo_ctr-area_raw100nc_unified-all_unified_woody_gmonc,RFG2c_curve-topo_ctr-area_evi_raw100nc_unified-all_unified_woody,kfold5_block20_unified,lcbd_pa_unified,todas,lt_dentro_banda,2012,0.045975865588411526,0.001649356809191004
par,pendiente,unified_all_lenoso,gm_csall − curva_evi_csall,RFG4ac_gmoall-topo_ctr-area_raw100tccsall_unified-all_unified_woody_gmotccsall,RFG2c_curve-topo_ctr-area_evi_raw100tccsall_unified-all_unified_woody,kfold5_block20_unified,lcbd_pa_unified,15-25,todas,857,0.0020725878777854514,0.0037456296905022074
par,pendiente,unified_all_lenoso,gm_csall − curva_evi_csall,RFG4ac_gmoall-topo_ctr-area_raw100tccsall_unified-all_unified_woody_gmotccsall,RFG2c_curve-topo_ctr-area_evi_raw100tccsall_unified-all_unified_woody,kfold5_block20_unified,lcbd_pa_unified,15-25,parcelas_cl,342,-0.002659725827504696,0.006090182278482853
par,pendiente,unified_all_lenoso,gm_csall − curva_evi_csall,RFG4ac_gmoall-topo_ctr-area_raw100tccsall_unified-all_unified_woody_gmotccsall,RFG2c_curve-topo_ctr-area_evi_raw100tccsall_unified-all_unified_woody,kfold5_block20_unified,lcbd_pa_unified,15-25,living_trees,515,0.00794016138380508,0.004132567114598463
par,pendiente,unified_all_lenoso,gm_csall − curva_evi_csall,RFG4ac_gmoall-topo_ctr-area_raw100tccsall_unified-all_unified_woody_gmotccsall,RFG2c_curve-topo_ctr-area_evi_raw100tccsall_unified-all_unified_woody,kfold5_block20_unified,lcbd_pa_unified,15-25,pcl_dentro_owner,342,-0.011884226469100109,0.009338773481128328
par,pendiente,unified_all_lenoso,gm_csall − curva_evi_csall,RFG4ac_gmoall-topo_ctr-area_raw100tccsall_unified-all_unified_woody_gmotccsall,RFG2c_curve-topo_ctr-area_evi_raw100tccsall_unified-all_unified_woody,kfold5_block20_unified,lcbd_pa_unified,15-25,lt_dentro_banda,515,0.0019440792658688884,0.004475348504789143
par,pendiente,unified_all_lenoso,gm_csall − curva_evi_csall,RFG4ac_gmoall-topo_ctr-area_raw100tccsall_unified-all_unified_woody_gmotccsall,RFG2c_curve-topo_ctr-area_evi_raw100tccsall_unified-all_unified_woody,kfold5_block20_unified,lcbd_pa_unified,5-15,todas,1167,0.012890612607399543,0.0009359501631451476
par,pendiente,unified_all_lenoso,gm_csall − curva_evi_csall,RFG4ac_gmoall-topo_ctr-area_raw100tccsall_unified-all_unified_woody_gmotccsall,RFG2c_curve-topo_ctr-area_evi_raw100tccsall_unified-all_unified_woody,kfold5_block20_unified,lcbd_pa_unified,5-15,parcelas_cl,419,-0.02771085858649099,0.0035857196692512063
par,pendiente,unified_all_lenoso,gm_csall − curva_evi_csall,RFG4ac_gmoall-topo_ctr-area_raw100tccsall_unified-all_unified_woody_gmotccsall,RFG2c_curve-topo_ctr-area_evi_raw100tccsall_unified-all_unified_woody,kfold5_block20_unified,lcbd_pa_unified,5-15,living_trees,748,0.05112385293983113,0.0029646857627516478
par,pendiente,unified_all_lenoso,gm_csall − curva_evi_csall,RFG4ac_gmoall-topo_ctr-area_raw100tccsall_unified-all_unified_woody_gmotccsall,RFG2c_curve-topo_ctr-area_evi_raw100tccsall_unified-all_unified_woody,kfold5_block20_unified,lcbd_pa_unified,5-15,pcl_dentro_owner,419,-0.017468387739308255,0.003402182526864855
par,pendiente,unified_all_lenoso,gm_csall − curva_evi_csall,RFG4ac_gmoall-topo_ctr-area_raw100tccsall_unified-all_unified_woody_gmotccsall,RFG2c_curve-topo_ctr-area_evi_raw100tccsall_unified-all_unified_woody,kfold5_block20_unified,lcbd_pa_unified,5-15,lt_dentro_banda,748,0.04777858983139719,0.001453560336253558
par,pendiente,unified_all_lenoso,gm_csall − curva_evi_csall,RFG4ac_gmoall-topo_ctr-area_raw100tccsall_unified-all_unified_woody_gmotccsall,RFG2c_curve-topo_ctr-area_evi_raw100tccsall_unified-all_unified_woody,kfold5_block20_unified,lcbd_pa_unified,<5,todas,504,0.0980781360186523,0.00415691974826121
par,pendiente,unified_all_lenoso,gm_csall − curva_evi_csall,RFG4ac_gmoall-topo_ctr-area_raw100tccsall_unified-all_unified_woody_gmotccsall,RFG2c_curve-topo_ctr-area_evi_raw100tccsall_unified-all_unified_woody,kfold5_block20_unified,lcbd_pa_unified,<5,parcelas_cl,143,0.09275835329800275,0.00965063569311596
par,pendiente,unified_all_lenoso,gm_csall − curva_evi_csall,RFG4ac_gmoall-topo_ctr-area_raw100tccsall_unified-all_unified_woody_gmotccsall,RFG2c_curve-topo_ctr-area_evi_raw100tccsall_unified-all_unified_woody,kfold5_block20_unified,lcbd_pa_unified,<5,living_trees,361,0.1145177968570578,0.010447572073665343
par,pendiente,unified_all_lenoso,gm_csall − curva_evi_csall,RFG4ac_gmoall-topo_ctr-area_raw100tccsall_unified-all_unified_woody_gmotccsall,RFG2c_curve-topo_ctr-area_evi_raw100tccsall_unified-all_unified_woody,kfold5_block20_unified,lcbd_pa_unified,<5,pcl_dentro_owner,143,0.10610974940392177,0.008561882084757545
par,pendiente,unified_all_lenoso,gm_csall − curva_evi_csall,RFG4ac_gmoall-topo_ctr-area_raw100tccsall_unified-all_unified_woody_gmotccsall,RFG2c_curve-topo_ctr-area_evi_raw100tccsall_unified-all_unified_woody,kfold5_block20_unified,lcbd_pa_unified,<5,lt_dentro_banda,361,0.08962675595048826,0.00970824717112736
par,pendiente,unified_all_lenoso,gm_csall − curva_evi_csall,RFG4ac_gmoall-topo_ctr-area_raw100tccsall_unified-all_unified_woody_gmotccsall,RFG2c_curve-topo_ctr-area_evi_raw100tccsall_unified-all_unified_woody,kfold5_block20_unified,lcbd_pa_unified,>25,todas,566,0.01159578902248315,0.0027680803025329223
par,pendiente,unified_all_lenoso,gm_csall − curva_evi_csall,RFG4ac_gmoall-topo_ctr-area_raw100tccsall_unified-all_unified_woody_gmotccsall,RFG2c_curve-topo_ctr-area_evi_raw100tccsall_unified-all_unified_woody,kfold5_block20_unified,lcbd_pa_unified,>25,parcelas_cl,178,0.0333531683296329,0.010819001547591621
par,pendiente,unified_all_lenoso,gm_csall − curva_evi_csall,RFG4ac_gmoall-topo_ctr-area_raw100tccsall_unified-all_unified_woody_gmotccsall,RFG2c_curve-topo_ctr-area_evi_raw100tccsall_unified-all_unified_woody,kfold5_block20_unified,lcbd_pa_unified,>25,living_trees,388,0.0017867601965043667,0.0021568149179425505
par,pendiente,unified_all_lenoso,gm_csall − curva_evi_csall,RFG4ac_gmoall-topo_ctr-area_raw100tccsall_unified-all_unified_woody_gmotccsall,RFG2c_curve-topo_ctr-area_evi_raw100tccsall_unified-all_unified_woody,kfold5_block20_unified,lcbd_pa_unified,>25,pcl_dentro_owner,178,-0.023203979125850926,0.014456628725704516
par,pendiente,unified_all_lenoso,gm_csall − curva_evi_csall,RFG4ac_gmoall-topo_ctr-area_raw100tccsall_unified-all_unified_woody_gmotccsall,RFG2c_curve-topo_ctr-area_evi_raw100tccsall_unified-all_unified_woody,kfold5_block20_unified,lcbd_pa_unified,>25,lt_dentro_banda,388,0.021143043268419093,0.0035880778176012582
par,pendiente,unified_all_lenoso,gm_csall − curva_evi_csall,RFG4ac_gmoall-topo_ctr-area_raw100tccsall_unified-all_unified_woody_gmotccsall,RFG2c_curve-topo_ctr-area_evi_raw100tccsall_unified-all_unified_woody,kfold5_block20_unified,lcbd_pa_unified,todas,todas,3094,0.022498721216442214,0.0011581377269603978
par,pendiente,unified_all_lenoso,gm_csall − curva_evi_csall,RFG4ac_gmoall-topo_ctr-area_raw100tccsall_unified-all_unified_woody_gmotccsall,RFG2c_curve-topo_ctr-area_evi_raw100tccsall_unified-all_unified_woody,kfold5_block20_unified,lcbd_pa_unified,todas,parcelas_cl,1082,0.004039427111704241,0.0037544144948211443
par,pendiente,unified_all_lenoso,gm_csall − curva_evi_csall,RFG4ac_gmoall-topo_ctr-area_raw100tccsall_unified-all_unified_woody_gmotccsall,RFG2c_curve-topo_ctr-area_evi_raw100tccsall_unified-all_unified_woody,kfold5_block20_unified,lcbd_pa_unified,todas,living_trees,2012,0.04228865106330171,0.0018092593064627975
par,pendiente,unified_all_lenoso,gm_csall − curva_evi_csall,RFG4ac_gmoall-topo_ctr-area_raw100tccsall_unified-all_unified_woody_gmotccsall,RFG2c_curve-topo_ctr-area_evi_raw100tccsall_unified-all_unified_woody,kfold5_block20_unified,lcbd_pa_unified,todas,pcl_dentro_owner,1082,0.0018054624037758444,0.003192690007627712
par,pendiente,unified_all_lenoso,gm_csall − curva_evi_csall,RFG4ac_gmoall-topo_ctr-area_raw100tccsall_unified-all_unified_woody_gmotccsall,RFG2c_curve-topo_ctr-area_evi_raw100tccsall_unified-all_unified_woody,kfold5_block20_unified,lcbd_pa_unified,todas,lt_dentro_banda,2012,0.041478587610578176,0.002115999916090704
par,pendiente,unified_all_lenoso,gm_csall − gm_nc,RFG4ac_gmoall-topo_ctr-area_raw100tccsall_unified-all_unified_woody_gmotccsall,RFG4ac_gmoall-topo_ctr-area_raw100nc_unified-all_unified_woody_gmonc,kfold5_block20_unified,lcbd_pa_unified,15-25,todas,857,0.006370822914112802,0.0029146745774003076
par,pendiente,unified_all_lenoso,gm_csall − gm_nc,RFG4ac_gmoall-topo_ctr-area_raw100tccsall_unified-all_unified_woody_gmotccsall,RFG4ac_gmoall-topo_ctr-area_raw100nc_unified-all_unified_woody_gmonc,kfold5_block20_unified,lcbd_pa_unified,15-25,parcelas_cl,342,-0.006661113255052253,0.0039003380285550547
par,pendiente,unified_all_lenoso,gm_csall − gm_nc,RFG4ac_gmoall-topo_ctr-area_raw100tccsall_unified-all_unified_woody_gmotccsall,RFG4ac_gmoall-topo_ctr-area_raw100nc_unified-all_unified_woody_gmonc,kfold5_block20_unified,lcbd_pa_unified,15-25,living_trees,515,0.02280665316165535,0.005988574957968179
par,pendiente,unified_all_lenoso,gm_csall − gm_nc,RFG4ac_gmoall-topo_ctr-area_raw100tccsall_unified-all_unified_woody_gmotccsall,RFG4ac_gmoall-topo_ctr-area_raw100nc_unified-all_unified_woody_gmonc,kfold5_block20_unified,lcbd_pa_unified,15-25,pcl_dentro_owner,342,-0.012706942202344177,0.003235218269060902
par,pendiente,unified_all_lenoso,gm_csall − gm_nc,RFG4ac_gmoall-topo_ctr-area_raw100tccsall_unified-all_unified_woody_gmotccsall,RFG4ac_gmoall-topo_ctr-area_raw100nc_unified-all_unified_woody_gmonc,kfold5_block20_unified,lcbd_pa_unified,15-25,lt_dentro_banda,515,0.026765593632974555,0.005770827503734543
par,pendiente,unified_all_lenoso,gm_csall − gm_nc,RFG4ac_gmoall-topo_ctr-area_raw100tccsall_unified-all_unified_woody_gmotccsall,RFG4ac_gmoall-topo_ctr-area_raw100nc_unified-all_unified_woody_gmonc,kfold5_block20_unified,lcbd_pa_unified,5-15,todas,1167,0.0016241614957765254,0.000592166391072276
par,pendiente,unified_all_lenoso,gm_csall − gm_nc,RFG4ac_gmoall-topo_ctr-area_raw100tccsall_unified-all_unified_woody_gmotccsall,RFG4ac_gmoall-topo_ctr-area_raw100nc_unified-all_unified_woody_gmonc,kfold5_block20_unified,lcbd_pa_unified,5-15,parcelas_cl,419,0.0012326477549451005,0.0044461638358321825
par,pendiente,unified_all_lenoso,gm_csall − gm_nc,RFG4ac_gmoall-topo_ctr-area_raw100tccsall_unified-all_unified_woody_gmotccsall,RFG4ac_gmoall-topo_ctr-area_raw100nc_unified-all_unified_woody_gmonc,kfold5_block20_unified,lcbd_pa_unified,5-15,living_trees,748,0.002388707519291063,0.002762154451100616
par,pendiente,unified_all_lenoso,gm_csall − gm_nc,RFG4ac_gmoall-topo_ctr-area_raw100tccsall_unified-all_unified_woody_gmotccsall,RFG4ac_gmoall-topo_ctr-area_raw100nc_unified-all_unified_woody_gmonc,kfold5_block20_unified,lcbd_pa_unified,5-15,pcl_dentro_owner,419,0.003863387878323595,0.005236466336500436
par,pendiente,unified_all_lenoso,gm_csall − gm_nc,RFG4ac_gmoall-topo_ctr-area_raw100tccsall_unified-all_unified_woody_gmotccsall,RFG4ac_gmoall-topo_ctr-area_raw100nc_unified-all_unified_woody_gmonc,kfold5_block20_unified,lcbd_pa_unified,5-15,lt_dentro_banda,748,0.00011269482781883777,0.0015475418186649092
par,pendiente,unified_all_lenoso,gm_csall − gm_nc,RFG4ac_gmoall-topo_ctr-area_raw100tccsall_unified-all_unified_woody_gmotccsall,RFG4ac_gmoall-topo_ctr-area_raw100nc_unified-all_unified_woody_gmonc,kfold5_block20_unified,lcbd_pa_unified,<5,todas,504,0.00375686410646899,0.006013223530918249
par,pendiente,unified_all_lenoso,gm_csall − gm_nc,RFG4ac_gmoall-topo_ctr-area_raw100tccsall_unified-all_unified_woody_gmotccsall,RFG4ac_gmoall-topo_ctr-area_raw100nc_unified-all_unified_woody_gmonc,kfold5_block20_unified,lcbd_pa_unified,<5,parcelas_cl,143,-0.008821356909440562,0.010675053980832277
par,pendiente,unified_all_lenoso,gm_csall − gm_nc,RFG4ac_gmoall-topo_ctr-area_raw100tccsall_unified-all_unified_woody_gmotccsall,RFG4ac_gmoall-topo_ctr-area_raw100nc_unified-all_unified_woody_gmonc,kfold5_block20_unified,lcbd_pa_unified,<5,living_trees,361,0.009650684883119967,0.00846090029533655
par,pendiente,unified_all_lenoso,gm_csall − gm_nc,RFG4ac_gmoall-topo_ctr-area_raw100tccsall_unified-all_unified_woody_gmotccsall,RFG4ac_gmoall-topo_ctr-area_raw100nc_unified-all_unified_woody_gmonc,kfold5_block20_unified,lcbd_pa_unified,<5,pcl_dentro_owner,143,-0.014461988739565723,0.01139206595115735
par,pendiente,unified_all_lenoso,gm_csall − gm_nc,RFG4ac_gmoall-topo_ctr-area_raw100tccsall_unified-all_unified_woody_gmotccsall,RFG4ac_gmoall-topo_ctr-area_raw100nc_unified-all_unified_woody_gmonc,kfold5_block20_unified,lcbd_pa_unified,<5,lt_dentro_banda,361,0.00796479738224698,0.008713919441545198
par,pendiente,unified_all_lenoso,gm_csall − gm_nc,RFG4ac_gmoall-topo_ctr-area_raw100tccsall_unified-all_unified_woody_gmotccsall,RFG4ac_gmoall-topo_ctr-area_raw100nc_unified-all_unified_woody_gmonc,kfold5_block20_unified,lcbd_pa_unified,>25,todas,566,0.00469458567016201,0.0012327892764493543
par,pendiente,unified_all_lenoso,gm_csall − gm_nc,RFG4ac_gmoall-topo_ctr-area_raw100tccsall_unified-all_unified_woody_gmotccsall,RFG4ac_gmoall-topo_ctr-area_raw100nc_unified-all_unified_woody_gmonc,kfold5_block20_unified,lcbd_pa_unified,>25,parcelas_cl,178,-0.0007983691654846655,0.007795427500191413
par,pendiente,unified_all_lenoso,gm_csall − gm_nc,RFG4ac_gmoall-topo_ctr-area_raw100tccsall_unified-all_unified_woody_gmotccsall,RFG4ac_gmoall-topo_ctr-area_raw100nc_unified-all_unified_woody_gmonc,kfold5_block20_unified,lcbd_pa_unified,>25,living_trees,388,0.009328782550442635,0.006602115296061559
par,pendiente,unified_all_lenoso,gm_csall − gm_nc,RFG4ac_gmoall-topo_ctr-area_raw100tccsall_unified-all_unified_woody_gmotccsall,RFG4ac_gmoall-topo_ctr-area_raw100nc_unified-all_unified_woody_gmonc,kfold5_block20_unified,lcbd_pa_unified,>25,pcl_dentro_owner,178,-0.00821152697112922,0.012273628797164312
par,pendiente,unified_all_lenoso,gm_csall − gm_nc,RFG4ac_gmoall-topo_ctr-area_raw100tccsall_unified-all_unified_woody_gmotccsall,RFG4ac_gmoall-topo_ctr-area_raw100nc_unified-all_unified_woody_gmonc,kfold5_block20_unified,lcbd_pa_unified,>25,lt_dentro_banda,388,0.017148179953673976,0.004243415069568444
par,pendiente,unified_all_lenoso,gm_csall − gm_nc,RFG4ac_gmoall-topo_ctr-area_raw100tccsall_unified-all_unified_woody_gmotccsall,RFG4ac_gmoall-topo_ctr-area_raw100nc_unified-all_unified_woody_gmonc,kfold5_block20_unified,lcbd_pa_unified,todas,todas,3094,0.0038877647592224416,0.0003780544391474885
par,pendiente,unified_all_lenoso,gm_csall − gm_nc,RFG4ac_gmoall-topo_ctr-area_raw100tccsall_unified-all_unified_woody_gmotccsall,RFG4ac_gmoall-topo_ctr-area_raw100nc_unified-all_unified_woody_gmonc,kfold5_block20_unified,lcbd_pa_unified,todas,parcelas_cl,1082,-0.0027975152092474254,0.0015087883556113967
par,pendiente,unified_all_lenoso,gm_csall − gm_nc,RFG4ac_gmoall-topo_ctr-area_raw100tccsall_unified-all_unified_woody_gmotccsall,RFG4ac_gmoall-topo_ctr-area_raw100nc_unified-all_unified_woody_gmonc,kfold5_block20_unified,lcbd_pa_unified,todas,living_trees,2012,0.009943538296029378,0.001546494502447118
par,pendiente,unified_all_lenoso,gm_csall − gm_nc,RFG4ac_gmoall-topo_ctr-area_raw100tccsall_unified-all_unified_woody_gmotccsall,RFG4ac_gmoall-topo_ctr-area_raw100nc_unified-all_unified_woody_gmonc,kfold5_block20_unified,lcbd_pa_unified,todas,pcl_dentro_owner,1082,-0.005494956566811426,0.0020870929778502786
par,pendiente,unified_all_lenoso,gm_csall − gm_nc,RFG4ac_gmoall-topo_ctr-area_raw100tccsall_unified-all_unified_woody_gmotccsall,RFG4ac_gmoall-topo_ctr-area_raw100nc_unified-all_unified_woody_gmonc,kfold5_block20_unified,lcbd_pa_unified,todas,lt_dentro_banda,2012,0.010422569412383917,0.002062781687894318
par,pendiente,unified_all_lenoso,gm_clima_csall − gm_clima_nc,RFG5ac_gmoall-clim-topo_ctr-area_raw100tccsall_unified-all_unified_woody_gmotccsall,RFG5ac_gmoall-clim-topo_ctr-area_raw100nc_unified-all_unified_woody_gmonc,kfold5_block20_unified,lcbd_pa_unified,15-25,todas,857,-0.006561869256093329,0.004170997579494077
par,pendiente,unified_all_lenoso,gm_clima_csall − gm_clima_nc,RFG5ac_gmoall-clim-topo_ctr-area_raw100tccsall_unified-all_unified_woody_gmotccsall,RFG5ac_gmoall-clim-topo_ctr-area_raw100nc_unified-all_unified_woody_gmonc,kfold5_block20_unified,lcbd_pa_unified,15-25,parcelas_cl,342,-0.017723353566935773,0.007352641421871376
par,pendiente,unified_all_lenoso,gm_clima_csall − gm_clima_nc,RFG5ac_gmoall-clim-topo_ctr-area_raw100tccsall_unified-all_unified_woody_gmotccsall,RFG5ac_gmoall-clim-topo_ctr-area_raw100nc_unified-all_unified_woody_gmonc,kfold5_block20_unified,lcbd_pa_unified,15-25,living_trees,515,0.0024851740712722816,0.003700384136381871
par,pendiente,unified_all_lenoso,gm_clima_csall − gm_clima_nc,RFG5ac_gmoall-clim-topo_ctr-area_raw100tccsall_unified-all_unified_woody_gmotccsall,RFG5ac_gmoall-clim-topo_ctr-area_raw100nc_unified-all_unified_woody_gmonc,kfold5_block20_unified,lcbd_pa_unified,15-25,pcl_dentro_owner,342,-0.017528108232816624,0.007210497226609613
par,pendiente,unified_all_lenoso,gm_clima_csall − gm_clima_nc,RFG5ac_gmoall-clim-topo_ctr-area_raw100tccsall_unified-all_unified_woody_gmotccsall,RFG5ac_gmoall-clim-topo_ctr-area_raw100nc_unified-all_unified_woody_gmonc,kfold5_block20_unified,lcbd_pa_unified,15-25,lt_dentro_banda,515,0.0045005349759563345,0.0035722010046696133
par,pendiente,unified_all_lenoso,gm_clima_csall − gm_clima_nc,RFG5ac_gmoall-clim-topo_ctr-area_raw100tccsall_unified-all_unified_woody_gmotccsall,RFG5ac_gmoall-clim-topo_ctr-area_raw100nc_unified-all_unified_woody_gmonc,kfold5_block20_unified,lcbd_pa_unified,5-15,todas,1167,0.007050118562694589,0.005199816046141833
par,pendiente,unified_all_lenoso,gm_clima_csall − gm_clima_nc,RFG5ac_gmoall-clim-topo_ctr-area_raw100tccsall_unified-all_unified_woody_gmotccsall,RFG5ac_gmoall-clim-topo_ctr-area_raw100nc_unified-all_unified_woody_gmonc,kfold5_block20_unified,lcbd_pa_unified,5-15,parcelas_cl,419,0.014292264871257973,0.012268643228582449
par,pendiente,unified_all_lenoso,gm_clima_csall − gm_clima_nc,RFG5ac_gmoall-clim-topo_ctr-area_raw100tccsall_unified-all_unified_woody_gmotccsall,RFG5ac_gmoall-clim-topo_ctr-area_raw100nc_unified-all_unified_woody_gmonc,kfold5_block20_unified,lcbd_pa_unified,5-15,living_trees,748,0.0026980620184328488,0.001674863877479388
par,pendiente,unified_all_lenoso,gm_clima_csall − gm_clima_nc,RFG5ac_gmoall-clim-topo_ctr-area_raw100tccsall_unified-all_unified_woody_gmotccsall,RFG5ac_gmoall-clim-topo_ctr-area_raw100nc_unified-all_unified_woody_gmonc,kfold5_block20_unified,lcbd_pa_unified,5-15,pcl_dentro_owner,419,0.017525229777989797,0.017807089110533254
par,pendiente,unified_all_lenoso,gm_clima_csall − gm_clima_nc,RFG5ac_gmoall-clim-topo_ctr-area_raw100tccsall_unified-all_unified_woody_gmotccsall,RFG5ac_gmoall-clim-topo_ctr-area_raw100nc_unified-all_unified_woody_gmonc,kfold5_block20_unified,lcbd_pa_unified,5-15,lt_dentro_banda,748,0.002505203347688112,0.0018200728759565669
par,pendiente,unified_all_lenoso,gm_clima_csall − gm_clima_nc,RFG5ac_gmoall-clim-topo_ctr-area_raw100tccsall_unified-all_unified_woody_gmotccsall,RFG5ac_gmoall-clim-topo_ctr-area_raw100nc_unified-all_unified_woody_gmonc,kfold5_block20_unified,lcbd_pa_unified,<5,todas,504,0.0035900677283045024,0.0006928693863741427
par,pendiente,unified_all_lenoso,gm_clima_csall − gm_clima_nc,RFG5ac_gmoall-clim-topo_ctr-area_raw100tccsall_unified-all_unified_woody_gmotccsall,RFG5ac_gmoall-clim-topo_ctr-area_raw100nc_unified-all_unified_woody_gmonc,kfold5_block20_unified,lcbd_pa_unified,<5,parcelas_cl,143,0.0032581306756641615,0.004645972590937669
par,pendiente,unified_all_lenoso,gm_clima_csall − gm_clima_nc,RFG5ac_gmoall-clim-topo_ctr-area_raw100tccsall_unified-all_unified_woody_gmotccsall,RFG5ac_gmoall-clim-topo_ctr-area_raw100nc_unified-all_unified_woody_gmonc,kfold5_block20_unified,lcbd_pa_unified,<5,living_trees,361,0.00425019734249088,0.0030494309530216
par,pendiente,unified_all_lenoso,gm_clima_csall − gm_clima_nc,RFG5ac_gmoall-clim-topo_ctr-area_raw100tccsall_unified-all_unified_woody_gmotccsall,RFG5ac_gmoall-clim-topo_ctr-area_raw100nc_unified-all_unified_woody_gmonc,kfold5_block20_unified,lcbd_pa_unified,<5,pcl_dentro_owner,143,0.0007679199036447389,0.001903379715123458
par,pendiente,unified_all_lenoso,gm_clima_csall − gm_clima_nc,RFG5ac_gmoall-clim-topo_ctr-area_raw100tccsall_unified-all_unified_woody_gmotccsall,RFG5ac_gmoall-clim-topo_ctr-area_raw100nc_unified-all_unified_woody_gmonc,kfold5_block20_unified,lcbd_pa_unified,<5,lt_dentro_banda,361,0.0046124081956884595,0.0035743392664052873
par,pendiente,unified_all_lenoso,gm_clima_csall − gm_clima_nc,RFG5ac_gmoall-clim-topo_ctr-area_raw100tccsall_unified-all_unified_woody_gmotccsall,RFG5ac_gmoall-clim-topo_ctr-area_raw100nc_unified-all_unified_woody_gmonc,kfold5_block20_unified,lcbd_pa_unified,>25,todas,566,0.0005216171770264048,0.004043472991333886
par,pendiente,unified_all_lenoso,gm_clima_csall − gm_clima_nc,RFG5ac_gmoall-clim-topo_ctr-area_raw100tccsall_unified-all_unified_woody_gmotccsall,RFG5ac_gmoall-clim-topo_ctr-area_raw100nc_unified-all_unified_woody_gmonc,kfold5_block20_unified,lcbd_pa_unified,>25,parcelas_cl,178,-0.012371898420227975,0.007656772640012871
par,pendiente,unified_all_lenoso,gm_clima_csall − gm_clima_nc,RFG5ac_gmoall-clim-topo_ctr-area_raw100tccsall_unified-all_unified_woody_gmotccsall,RFG5ac_gmoall-clim-topo_ctr-area_raw100nc_unified-all_unified_woody_gmonc,kfold5_block20_unified,lcbd_pa_unified,>25,living_trees,388,0.008427495302275934,0.005157643984502909
par,pendiente,unified_all_lenoso,gm_clima_csall − gm_clima_nc,RFG5ac_gmoall-clim-topo_ctr-area_raw100tccsall_unified-all_unified_woody_gmotccsall,RFG5ac_gmoall-clim-topo_ctr-area_raw100nc_unified-all_unified_woody_gmonc,kfold5_block20_unified,lcbd_pa_unified,>25,pcl_dentro_owner,178,-0.016355844982217243,0.008476713640164994
par,pendiente,unified_all_lenoso,gm_clima_csall − gm_clima_nc,RFG5ac_gmoall-clim-topo_ctr-area_raw100tccsall_unified-all_unified_woody_gmotccsall,RFG5ac_gmoall-clim-topo_ctr-area_raw100nc_unified-all_unified_woody_gmonc,kfold5_block20_unified,lcbd_pa_unified,>25,lt_dentro_banda,388,0.015059679630052688,0.005912462069621282
par,pendiente,unified_all_lenoso,gm_clima_csall − gm_clima_nc,RFG5ac_gmoall-clim-topo_ctr-area_raw100tccsall_unified-all_unified_woody_gmotccsall,RFG5ac_gmoall-clim-topo_ctr-area_raw100nc_unified-all_unified_woody_gmonc,kfold5_block20_unified,lcbd_pa_unified,todas,todas,3094,0.0013279070301924767,0.002760354953152195
par,pendiente,unified_all_lenoso,gm_clima_csall − gm_clima_nc,RFG5ac_gmoall-clim-topo_ctr-area_raw100tccsall_unified-all_unified_woody_gmotccsall,RFG5ac_gmoall-clim-topo_ctr-area_raw100nc_unified-all_unified_woody_gmonc,kfold5_block20_unified,lcbd_pa_unified,todas,parcelas_cl,1082,-0.0018558706545131292,0.005242781524382811
par,pendiente,unified_all_lenoso,gm_clima_csall − gm_clima_nc,RFG5ac_gmoall-clim-topo_ctr-area_raw100tccsall_unified-all_unified_woody_gmotccsall,RFG5ac_gmoall-clim-topo_ctr-area_raw100nc_unified-all_unified_woody_gmonc,kfold5_block20_unified,lcbd_pa_unified,todas,living_trees,2012,0.004075302544069996,0.0020148891624039967
par,pendiente,unified_all_lenoso,gm_clima_csall − gm_clima_nc,RFG5ac_gmoall-clim-topo_ctr-area_raw100tccsall_unified-all_unified_woody_gmotccsall,RFG5ac_gmoall-clim-topo_ctr-area_raw100nc_unified-all_unified_woody_gmonc,kfold5_block20_unified,lcbd_pa_unified,todas,pcl_dentro_owner,1082,-0.0017639423474405576,0.007764456574638417
par,pendiente,unified_all_lenoso,gm_clima_csall − gm_clima_nc,RFG5ac_gmoall-clim-topo_ctr-area_raw100tccsall_unified-all_unified_woody_gmotccsall,RFG5ac_gmoall-clim-topo_ctr-area_raw100nc_unified-all_unified_woody_gmonc,kfold5_block20_unified,lcbd_pa_unified,todas,lt_dentro_banda,2012,0.004339353363416361,0.0020347167949167524
