eje,varianza,acumulada
1,0.07025650206944065,0.07025650206944065
2,0.05950878019203962,0.12976528226148026
3,0.04543481942886007,0.17520010169034034
4,0.03442166564527207,0.2096217673356124
5,0.028522969184709708,0.23814473652032211
6,0.02487057421546781,0.26301531073578993
7,0.02280038877969861,0.2858156995154885
8,0.02116822332517263,0.30698392284066117
9,0.019173260587843764,0.3261571834285049
10,0.01629917887447403,0.34245636230297893
11,0.016022394053373655,0.35847875635635257
12,0.014178623696155619,0.3726573800525082
13,0.013141568101322325,0.38579894815383053
14,0.012477540803790186,0.39827648895762074
15,0.01145528802652789,0.40973177698414864
16,0.01103280288130005,0.4207645798654487
17,0.010211980665339187,0.43097656053078787
18,0.009800381805432449,0.44077694233622033
19,0.009408031096177317,0.45018497343239766
20,0.008734100344631391,0.45891907377702906
21,0.008213385554922433,0.4671324593319515
22,0.007956610942707715,0.47508907027465924
23,0.00778272925037685,0.4828717995250361
24,0.007407091518218128,0.49027889104325423
25,0.007286671374309495,0.4975655624175637
26,0.007097129968182091,0.5046626923857458
27,0.006747916862987308,0.511410609248733
28,0.006657164358957574,0.5180677736076906
29,0.006420080663512855,0.5244878542712035
30,0.0063408514121159115,0.5308287056833194
31,0.0060545454114704885,0.5368832510947898
32,0.005869973535677009,0.5427532246304668
33,0.005705554415372076,0.548458779045839
34,0.005342593016355489,0.5538013720621945
35,0.005261375290429171,0.5590627473526236
36,0.005209280488668618,0.5642720278412923
37,0.005045754655484895,0.5693177824967771
38,0.0049328412097759565,0.5742506237065531
39,0.004812959968883073,0.5790635836754362
40,0.004625977344591823,0.583689561020028
41,0.004510022566047247,0.5881995835860753
42,0.004357203062010828,0.5925567866480861
43,0.004291933622539038,0.5968487202706251
44,0.004191555385525531,0.6010402756561506
45,0.0040778684248911415,0.6051181440810417
46,0.004051859261901295,0.609170003342943
47,0.0038259295539096053,0.6129959328968526
48,0.0037124117830990397,0.6167083446799516
49,0.003615779174797965,0.6203241238547496
50,0.003423782131212511,0.6237479059859621
51,0.003404261372693992,0.6271521673586561
52,0.0032672829173780848,0.6304194502760342
53,0.0032207524510219094,0.6336402027270561
54,0.0031456789277007876,0.6367858816547569
55,0.003116312001860927,0.6399021936566178
56,0.002863071434299692,0.6427652650909175
57,0.0028399558950715537,0.645605220985989
58,0.002801413373262513,0.6484066343592516
59,0.002721935119982806,0.6511285694792344
60,0.0026410638952269086,0.6537696333744613
61,0.0026142839761769533,0.6563839173506382
62,0.0025752390058147094,0.6589591563564529
63,0.002489778007308445,0.6614489343637613
64,0.0023407978502042173,0.6637897322139655
65,0.0023028619834790606,0.6660925941974446
66,0.0022265427457209943,0.6683191369431656
67,0.002173912934681675,0.6704930498778473
68,0.0020087689467631277,0.6725018188246105
69,0.001960299210194009,0.6744621180348045
70,0.0019348528628632899,0.6763969708976678
71,0.001912455700235696,0.6783094265979035
72,0.0018378323187174866,0.680147258916621
73,0.0018071955845959744,0.681954454501217
74,0.0017551302585358838,0.6837095847597529
75,0.0017273464806106323,0.6854369312403635
76,0.0016889470965221493,0.6871258783368857
77,0.0016724434154988578,0.6887983217523845
78,0.0016567450380433344,0.6904550667904279
79,0.0015755041737850381,0.6920305709642129
80,0.0015445398281664744,0.6935751107923794
81,0.001538004269893694,0.6951131150622731
82,0.0014965047844866484,0.6966096198467597
83,0.0014762944208966085,0.6980859142676563
84,0.0014629167943525708,0.6995488310620089
85,0.00144881936657989,0.7009976504285889
86,0.0014318965270375564,0.7024295469556264
87,0.001339243119472169,0.7037687900750986
88,0.0013178381067259295,0.7050866281818245
89,0.0012800621669639763,0.7063666903487885
90,0.0012528370890812844,0.7076195274378698
91,0.0012348970303916577,0.7088544244682615
92,0.0012286766565820424,0.7100831011248435
93,0.0012153500228860798,0.7112984511477296
94,0.0011780713607069159,0.7124765225084365
95,0.001145216864399334,0.7136217393728358
96,0.0011408451210885553,0.7147625844939244
97,0.0011258704008563877,0.7158884548947808
98,0.0011142513288497657,0.7170027062236306
99,0.0010931489446445006,0.7180958551682751
100,0.0010879797534405794,0.7191838349217157
101,0.0010636076103678212,0.7202474425320835
102,0.0010183718911120439,0.7212658144231956
103,0.001005901431642495,0.7222717158548381
104,0.000989403799654861,0.7232611196544929
105,0.0009497976248401893,0.7242109172793331
106,0.0009391742761739536,0.725150091555507
107,0.000921770352492966,0.726071861908
108,0.0009126752637298885,0.7269845371717298
109,0.0008977616533096469,0.7278822988250395
110,0.000881938826140702,0.7287642376511803
111,0.0008636952611228016,0.7296279329123031
112,0.0008560147651827694,0.7304839476774859
113,0.0008351491855606097,0.7313190968630465
114,0.000811372441159216,0.7321304693042058
115,0.0008064601652855889,0.7329369294694914
116,0.000798076667366653,0.733735006136858
117,0.0007847513739783703,0.7345197575108364
118,0.0007789951470118573,0.7352987526578483
119,0.0007727027624445406,0.7360714554202928
120,0.0007527491708270068,0.7368242045911199
121,0.0007492226804241192,0.737573427271544
122,0.000727913609046702,0.7383013408805906
123,0.0007202427103737178,0.7390215835909644
124,0.0007172808722534338,0.7397388644632178
125,0.0007098953132582934,0.7404487597764761
126,0.0007000635244673808,0.7411488233009434
127,0.0006986033134816851,0.7418474266144252
128,0.0006826700203192483,0.7425300966347445
129,0.000675115207562794,0.7432052118423073
130,0.0006696416191465229,0.7438748534614538
131,0.0006575901497135967,0.7445324436111673
132,0.0006552850821523313,0.7451877286933196
133,0.0006482607826297968,0.7458359894759494
134,0.0006381651305457599,0.7464741546064951
135,0.0006236718020457573,0.7470978264085409
136,0.0006201208980265234,0.7477179473065675
137,0.0006188674855299308,0.7483368147920975
138,0.0006144858366493311,0.7489513006287468
139,0.0006059230205218235,0.7495572236492687
140,0.000600415696854295,0.750157639346123
141,0.0005968111780225394,0.7507544505241456
142,0.0005849860241768632,0.7513394365483225
143,0.0005842804982323979,0.7519237170465549
144,0.0005809071230539737,0.7525046241696088
145,0.0005745248345239228,0.7530791490041328
146,0.0005713996659306921,0.7536505486700634
147,0.0005700495468801146,0.7542205982169435
148,0.000566507997568297,0.7547871062145118
149,0.000563960333118573,0.7553510665476304
150,0.0005580005876853807,0.7559090671353158
151,0.0005532941489634311,0.7564623612842792
152,0.0005481223557094815,0.7570104836399887
153,0.0005424613571753782,0.7575529449971641
154,0.0005366964006890526,0.7580896413978532
155,0.0005353751026715341,0.7586250165005247
156,0.0005304078291061416,0.7591554243296309
157,0.0005275805245959186,0.7596830048542268
158,0.0005201735506655773,0.7602031784048924
159,0.0005200716105745141,0.7607232500154669
160,0.0005160406657691971,0.7612392906812361
161,0.0005099200423998193,0.7617492107236359
162,0.0005087727385446557,0.7622579834621805
163,0.0005060223302705183,0.7627640057924511
164,0.0005006169972212941,0.7632646227896723
165,0.0004997675867546592,0.763764390376427
166,0.000491592596355134,0.7642559829727821
167,0.000485162590899136,0.7647411455636812
168,0.00048484833614231214,0.7652259938998235
169,0.0004825654566768344,0.7657085593565003
170,0.0004805091642322689,0.7661890685207325
171,0.00047529228730726846,0.7666643608080398
172,0.00047251708947093483,0.7671368778975107
173,0.00047049566710855766,0.7676073735646193
174,0.0004666307297804847,0.7680740042943998
175,0.00046400523186966905,0.7685380095262694
176,0.0004616542961337908,0.7689996638224031
177,0.000458846647704563,0.7694585104701077
178,0.0004573721557303601,0.7699158826258381
179,0.000455695907510189,0.7703715785333483
180,0.0004540336258430542,0.7708256121591913
181,0.00045132166887033203,0.7712769338280616
182,0.0004484941679812661,0.7717254279960429
183,0.00044322562045876217,0.7721686536165017
184,0.000442567385020786,0.7726112210015225
185,0.00044121060663489687,0.7730524316081574
186,0.0004385231454605392,0.773490954753618
187,0.0004372881848676973,0.7739282429384856
188,0.00043318627757401066,0.7743614292160597
189,0.00042837073070851016,0.7747897999467682
190,0.0004251843763122653,0.7752149843230804
191,0.0004229990392046249,0.7756379833622851
192,0.0004206171747252362,0.7760586005370103
193,0.0004178650814059758,0.7764764656184162
194,0.00041404089522573817,0.776890506513642
195,0.00041204773598260713,0.7773025542496246
196,0.0004104352554578062,0.7777129895050824
197,0.0004084681313567162,0.7781214576364391
198,0.00040807619077874675,0.7785295338272179
199,0.0004052641266149635,0.7789347979538329
200,0.00040333475290661497,0.7793381327067396
201,0.00039926757629115924,0.7797374002830307
202,0.00039888604221335633,0.7801362863252441
203,0.0003966429372769787,0.780532929262521
204,0.00039408284353894776,0.78092701210606
205,0.000390127715077042,0.781317139821137
206,0.00038793486634201954,0.7817050746874791
207,0.0003859787508205983,0.7820910534382997
208,0.0003833727534808837,0.7824744261917805
209,0.00038169565077561816,0.7828561218425562
210,0.00038011802957853595,0.7832362398721346
211,0.00037912154144165177,0.7836153614135764
212,0.0003770979376799409,0.7839924593512563
213,0.00037610671183819534,0.7843685660630945
214,0.00037562415987031774,0.7847441902229648
215,0.0003738948687548908,0.7851180850917198
216,0.0003717173351811308,0.7854898024269009
217,0.00036962051180995805,0.7858594229387109
218,0.000367256997614417,0.7862266799363253
219,0.0003663346292093904,0.7865930145655348
220,0.00036389752055376206,0.7869569120860885
221,0.000362850716726386,0.7873197628028149
222,0.00035962396844457453,0.7876793867712595
223,0.00035835647678682193,0.7880377432480463
224,0.0003569349488755101,0.7883946781969219
225,0.0003557158062495921,0.7887503940031715
226,0.00035393681804010566,0.7891043308212116
227,0.0003528294052582399,0.7894571602264698
228,0.00035078093408689965,0.7898079411605567
229,0.00034995104545850023,0.7901578922060153
230,0.0003478510843253267,0.7905057432903406
231,0.0003452934018688832,0.7908510366922095
232,0.0003446679605069904,0.7911957046527165
233,0.0003414616821281451,0.7915371663348446
234,0.0003399650690371992,0.7918771314038818
235,0.000335946918638407,0.7922130783225202
236,0.0003345750461691895,0.7925476533686894
237,0.00033399947192461996,0.792881652840614
238,0.00033281636316202253,0.793214469203776
239,0.00033184979730081364,0.7935463190010769
240,0.00033103110401676864,0.7938773501050936
241,0.0003280878960900037,0.7942054380011836
242,0.00032586869186980146,0.7945313066930534
243,0.00032460437611405975,0.7948559110691674
244,0.00032299596209419074,0.7951789070312616
245,0.0003220474249132319,0.7955009544561749
246,0.0003207120829067367,0.7958216665390816
247,0.0003182309135368626,0.7961398974526185
248,0.0003172769802223305,0.7964571744328408
249,0.00031422468318870764,0.7967713991160296
250,0.00031192305711488154,0.7970833221731445
251,0.00031068633354172545,0.7973940085066862
252,0.0003096931997082483,0.7977037017063944
253,0.0003084287026925193,0.7980121304090869
254,0.0003070023862551628,0.7983191327953421
255,0.00030562053526463003,0.7986247533306067
256,0.0003037578028722277,0.7989285111334788
257,0.00030262342085088525,0.7992311345543297
258,0.00030097826389561497,0.7995321128182253
259,0.00029969162728597814,0.7998318044455113
260,0.00029918760928805384,0.8001309920547993
261,0.0002988056813961187,0.8004297977361954
262,0.0002971692752686241,0.800726967011464
263,0.00029580543381499673,0.801022772445279
264,0.00029382353618960744,0.8013165959814685
265,0.0002931119936798536,0.8016097079751484
266,0.00029198489530389815,0.8019016928704523
267,0.0002881505325149518,0.8021898434029673
268,0.0002876656330652778,0.8024775090360325
269,0.0002871083275771707,0.8027646173636097
270,0.0002846776620568849,0.8030492950256666
271,0.0002837350145022303,0.8033330300401688
272,0.0002826837775063439,0.8036157138176752
273,0.0002802089349465906,0.8038959227526218
274,0.0002792012404394862,0.8041751239930612
275,0.00027874468206343767,0.8044538686751247
276,0.0002772116315740349,0.8047310803066987
277,0.0002762514202614655,0.8050073317269602
278,0.00027528462754942257,0.8052826163545096
279,0.00027479037300254055,0.8055574067275121
280,0.00027256961138969897,0.8058299763389017
281,0.0002706654403773586,0.8061006417792791
282,0.0002698837724886604,0.8063705255517678
283,0.0002689065593120822,0.8066394321110799
284,0.00026806137321034007,0.8069074934842903
285,0.0002672446268133146,0.8071747381111035
286,0.0002667159535674367,0.8074414540646709
287,0.0002650108647853912,0.8077064649294563
288,0.0002637569070044047,0.8079702218364607
289,0.0002632330015061223,0.8082334548379668
290,0.00026266125170217416,0.808496116089669
291,0.0002619731307179804,0.8087580892203869
292,0.0002613046384085633,0.8090193938587955
293,0.0002588374369431665,0.8092782312957387
294,0.00025767156461706323,0.8095359028603558
295,0.00025593548921807425,0.8097918383495739
296,0.0002543667892063438,0.8100462051387802
297,0.00025427392946647146,0.8103004790682466
298,0.0002531009700287484,0.8105535800382754
299,0.0002529166371503697,0.8108064966754257
300,0.0002515314412498529,0.8110580281166756
301,0.00025055802177758403,0.8113085861384531
302,0.00024866915961668833,0.8115572552980699
303,0.0002480847503283562,0.8118053400483982
304,0.0002470831503149677,0.8120524231987132
305,0.0002470412012669927,0.8122994643999801
306,0.00024637214387108705,0.8125458365438513
307,0.00024539120693467835,0.8127912277507859
308,0.00024481525542153,0.8130360430062075
309,0.0002426543968369158,0.8132786974030444
310,0.00024227009869127414,0.8135209675017356
311,0.00024167541612050457,0.8137626429178562
312,0.0002404696422465765,0.8140031125601027
313,0.0002395052247578681,0.8142426177848606
314,0.00023887192648390905,0.8144814897113445
315,0.00023861581753579277,0.8147201055288803
316,0.00023790248404294455,0.8149580080129233
317,0.000236880037198658,0.815194888050122
318,0.00023599375371919702,0.8154308818038412
319,0.0002352876886607791,0.8156661694925019
320,0.000234896145820698,0.8159010656383227
321,0.00023371839345741303,0.8161347840317801
322,0.0002331015779113344,0.8163678856096914
323,0.0002324005210934992,0.816600286130785
324,0.00023201533766686655,0.8168323014684518
325,0.0002311497210768802,0.8170634511895286
326,0.00022988337337742217,0.817293334562906
327,0.00022924360441091014,0.8175225781673169
328,0.00022893075935689018,0.8177515089266738
329,0.00022830213682009692,0.8179798110634939
330,0.00022719462409288778,0.8182070056875869
331,0.00022577481934206336,0.8184327805069289
332,0.000225142994045229,0.8186579235009741
333,0.00022447490536741982,0.8188823984063415
334,0.0002243037201766144,0.819106702126518
335,0.00022334026044386262,0.8193300423869619
336,0.00022238458077884576,0.8195524269677408
337,0.0002219676521923973,0.8197743946199332
338,0.00022081646999543152,0.8199952110899286
339,0.00022022787143416355,0.8202154389613627
340,0.00021892992513929536,0.820434368886502
341,0.0002185783984424678,0.8206529472849444
342,0.00021807048746066691,0.8208710177724051
343,0.00021747991236272893,0.8210884976847679
344,0.00021652418804585997,0.8213050218728137
345,0.0002164783403118379,0.8215215002131255
346,0.00021515689770469938,0.8217366571108302
347,0.00021450216772855269,0.8219511592785588
348,0.0002141788047111856,0.82216533808327
349,0.0002133255005294804,0.8223786635837994
350,0.0002129536127703577,0.8225916171965698
351,0.0002123270059417278,0.8228039442025116
352,0.0002120013851142159,0.8230159455876258
353,0.00021080498798891085,0.8232267505756147
354,0.0002100696707809244,0.8234368202463956
355,0.0002094473137867758,0.8236462675601824
356,0.00020906675741684153,0.8238553343175993
357,0.000208208321240717,0.82406354263884
358,0.00020757290037186308,0.8242711155392118
359,0.0002070661450746205,0.8244781816842864
360,0.00020611310605263183,0.8246842947903391
361,0.00020501344139195452,0.824889308231731
362,0.00020419227482970775,0.8250935005065607
363,0.0002037461505411238,0.8252972466571018
364,0.00020334220362885701,0.8255005888607306
365,0.00020285476717616933,0.8257034436279068
366,0.0002016644209047976,0.8259051080488116
367,0.00020123117936099409,0.8261063392281726
368,0.00020071438908154094,0.8263070536172541
369,0.00020039329788510102,0.8265074469151392
370,0.00020030841797376056,0.826707755333113
371,0.00019930327459367352,0.8269070586077067
372,0.00019864938616856863,0.8271057079938753
373,0.00019737899472033164,0.8273030869885956
374,0.00019664687124611106,0.8274997338598417
375,0.00019575637742546477,0.8276954902372671
376,0.0001951230498235115,0.8278906132870906
377,0.0001945737441138277,0.8280851870312044
378,0.00019441801853637046,0.8282796050497407
379,0.0001938360931591027,0.8284734411428999
380,0.00019354309060272277,0.8286669842335026
381,0.00019275803761090025,0.8288597422711135
382,0.0001921941657425706,0.829051936436856
383,0.00019168267115453702,0.8292436191080106
384,0.00019095689491048303,0.829434576002921
385,0.00019014407081039393,0.8296247200737314
386,0.00019002199464601018,0.8298147420683775
387,0.00018956623207331855,0.8300043083004508
388,0.00018847677362187,0.8301927850740727
389,0.0001879512672281442,0.8303807363413008
390,0.0001877163018459256,0.8305684526431467
391,0.00018690175509947622,0.8307553543982462
392,0.00018641968574472514,0.830941774083991
393,0.00018600009611621904,0.8311277741801072
394,0.0001855009129535844,0.8313132750930607
395,0.0001849868786315803,0.8314982619716923
396,0.0001846223932239644,0.8316828843649162
397,0.00018439061894806607,0.8318672749838643
398,0.00018340069463746125,0.8320506756785018
399,0.0001827127840892134,0.832233388462591
400,0.00018253273724894595,0.83241592119984
401,0.00018182225159346473,0.8325977434514334
402,0.00018147105467276086,0.8327792145061063
403,0.00018078127291016878,0.8329599957790165
404,0.00018020913206461868,0.8331402049110811
405,0.00017992348263117864,0.8333201283937123
406,0.0001796155362510192,0.8334997439299633
407,0.0001785994590877104,0.833678343389051
408,0.00017777190528485653,0.8338561152943359
409,0.00017762159839300804,0.8340337368927289
410,0.0001770231881162905,0.8342107600808452
411,0.0001767538700364697,0.8343875139508816
412,0.00017597258867571285,0.8345634865395574
413,0.0001755522836486338,0.834739038823206
414,0.00017533658112483077,0.8349143754043308
415,0.0001746115170080342,0.8350889869213388
416,0.00017422315033647663,0.8352632100716753
417,0.0001739347977124173,0.8354371448693877
418,0.00017340757492583233,0.8356105524443135
419,0.00017273813821951922,0.835783290582533
420,0.0001726585209905585,0.8359559491035236
421,0.00017141960316990803,0.8361273687066935
422,0.0001713813859855148,0.836298750092679
423,0.00017074810874243026,0.8364694982014214
424,0.0001700480904141514,0.8366395462918355
425,0.0001699033418094569,0.8368094496336449
426,0.00016946583319247106,0.8369789154668373
427,0.00016934007444755183,0.8371482555412849
428,0.0001687813055504053,0.8373170368468353
429,0.00016776637358056144,0.8374848032204159
430,0.0001676644780483635,0.8376524676984642
431,0.00016722310171088901,0.8378196908001752
432,0.00016662506490455002,0.8379863158650797
433,0.0001664829088056337,0.8381527987738853
434,0.00016606539232142298,0.8383188641662067
435,0.00016548075500785815,0.8384843449212146
436,0.00016516466183597148,0.8386495095830506
437,0.00016485932905402573,0.8388143689121047
438,0.00016464758256605052,0.8389790164946708
439,0.00016429378761389016,0.8391433102822846
440,0.00016421400293874333,0.8393075242852234
441,0.000163709006263096,0.8394712332914864
442,0.00016318401633408117,0.8396344173078205
443,0.0001628983418269078,0.8397973156496474
444,0.00016272423713543498,0.8399600398867829
445,0.0001616260815024712,0.8401216659682854
446,0.00016146776360703098,0.8402831337318925
447,0.000160966158537546,0.84044409989043
448,0.00016039012829695908,0.840604490018727
449,0.00016001668524234108,0.8407645067039693
450,0.00015985187752250315,0.8409243585814918
451,0.00015923214852614183,0.8410835907300179
452,0.00015893137266723774,0.8412425221026851
453,0.00015816670367282447,0.841400688806358
454,0.00015807783988279798,0.8415587666462407
455,0.00015753941016143398,0.8417163060564021
456,0.00015742757917201083,0.8418737336355742
457,0.00015696165222101638,0.8420306952877952
458,0.00015648953046878497,0.8421871848182639
459,0.00015613563948507574,0.842343320457749
460,0.00015574783944066308,0.8424990682971896
461,0.0001554749223241831,0.8426545432195137
462,0.00015520311614293432,0.8428097463356566
463,0.00015471535671629196,0.8429644616923729
464,0.00015467269970187778,0.8431191343920749
465,0.00015381359692881485,0.8432729479890037
466,0.00015360608598082067,0.8434265540749845
467,0.00015316662129919448,0.8435797206962836
468,0.00015274819546674172,0.8437324688917504
469,0.0001526569929397798,0.8438851258846901
470,0.00015204532399364093,0.8440371712086837
471,0.00015159151819650816,0.8441887627268803
472,0.00015149966113114693,0.8443402623880114
473,0.0001514199266186407,0.84449168231463
474,0.00015081158674060377,0.8446424939013706
475,0.0001506751891866033,0.8447931690905572
476,0.0001501183639803541,0.8449432874545376
477,0.00015001369386468826,0.8450933011484023
478,0.00014956972781359957,0.8452428708762159
479,0.0001490968106901319,0.8453919676869059
480,0.0001490693034595938,0.8455410369903655
481,0.00014857024685474988,0.8456896072372203
482,0.00014820289901692918,0.8458378101362373
483,0.00014782295812673123,0.845985633094364
484,0.00014759962642598703,0.84613323272079
485,0.0001471953677669833,0.846280428088557
486,0.00014716182460541461,0.8464275899131624
487,0.0001467059107888423,0.8465742958239512
488,0.0001463560165277545,0.846720651840479
489,0.00014597455836663176,0.8468666263988456
490,0.0001456419663747409,0.8470122683652204
491,0.00014534249195358604,0.847157610857174
492,0.00014505996783971417,0.8473026708250138
493,0.00014470049655421403,0.847447371321568
494,0.0001441937562720669,0.8475915650778401
495,0.00014381564249574123,0.8477353807203358
496,0.00014370777911707316,0.8478790884994529
497,0.00014331305573575534,0.8480224015551887
498,0.00014305288306940337,0.8481654544382581
499,0.00014262807830753136,0.8483080825165656
500,0.0001423592245920775,0.8484504417411577
501,0.00014220304598556562,0.8485926447871432
502,0.000141604523053823,0.848734249310197
503,0.00014157366148636512,0.8488758229716834
504,0.00014131294162842957,0.8490171359133118
505,0.00014121750959050433,0.8491583534229024
506,0.00014094845027318048,0.8492993018731755
507,0.00014074839317608474,0.8494400502663516
508,0.000140584194603618,0.8495806344609552
509,0.00014028127950976494,0.8497209157404649
510,0.00013962521098428166,0.8498605409514493
511,0.0001395575907940582,0.8500000985422433
512,0.00013928440053027688,0.8501393829427736
513,0.0001391278611663142,0.8502785108039399
514,0.00013853376515830166,0.8504170445690982
515,0.00013827435290632653,0.8505553189220045
516,0.00013817870051898768,0.8506934976225236
517,0.0001375860502744907,0.850831083672798
518,0.00013741113922114258,0.8509684948120192
519,0.00013683401659798114,0.8511053288286172
520,0.00013658740533553106,0.8512419162339527
521,0.000136290639688907,0.8513782068736416
522,0.0001359633451528867,0.8515141702187945
523,0.00013559715788239246,0.8516497673766769
524,0.00013546315513925553,0.8517852305318161
525,0.0001351546351276222,0.8519203851669437
526,0.0001350694736417988,0.8520554546405855
527,0.0001348726429716688,0.8521903272835571
528,0.00013440077418979017,0.852324728057747
529,0.00013427933461438978,0.8524590073923614
530,0.0001340409191530489,0.8525930483115144
531,0.00013366483747544687,0.8527267131489898
532,0.00013327968749031133,0.8528599928364802
533,0.00013322737496941547,0.8529932202114496
534,0.0001327198663894412,0.853125940077839
535,0.0001324045528714693,0.8532583446307105
536,0.00013208942192372746,0.8533904340526343
537,0.00013200021579454162,0.8535224342684288
538,0.00013185638151366646,0.8536542906499425
539,0.00013161062476438527,0.8537859012747069
540,0.0001311546305081011,0.8539170559052149
541,0.00013098152531741008,0.8540480374305324
542,0.0001308526371286749,0.854178890067661
543,0.00013049488501856463,0.8543093849526796
544,0.0001301237003081766,0.8544395086529878
545,0.00012981162992637394,0.8545693202829142
546,0.0001294451683491965,0.8546987654512634
547,0.00012936466929145687,0.8548281301205549
548,0.00012897702024252674,0.8549571071407974
549,0.00012881492668512012,0.8550859220674826
550,0.00012857495138341552,0.855214497018866
551,0.00012820100016643258,0.8553426980190324
552,0.0001279044224045914,0.855470602441437
553,0.00012785685460701962,0.8555984592960441
554,0.00012750986090912333,0.8557259691569532
555,0.00012722823899212718,0.8558531973959453
556,0.00012699829202766547,0.855980195687973
557,0.00012681015843352144,0.8561070058464065
558,0.00012673737383509323,0.8562337432202416
559,0.00012637480842635064,0.856360118028668
560,0.0001262038057568934,0.8564863218344249
561,0.0001256804609726405,0.8566120022953975
562,0.00012548524545598482,0.8567374875408534
563,0.00012522894082415677,0.8568627164816776
564,0.00012496221090236317,0.85698767869258
565,0.00012475852100014877,0.8571124372135801
566,0.00012471504831001846,0.8572371522618901
567,0.0001244607117717358,0.8573616129736619
568,0.0001243504945358701,0.8574859634681977
569,0.000123762797256368,0.8576097262654541
570,0.00012348626135979025,0.8577332125268139
571,0.0001233418275495817,0.8578565543543635
572,0.00012321047965249652,0.857979764834016
573,0.00012287419958409302,0.8581026390336001
574,0.00012268875450349603,0.8582253277881036
575,0.000122642254590744,0.8583479700426944
576,0.0001224535358732955,0.8584704235785676
577,0.00012225423824344952,0.858592677816811
578,0.000121922562625467,0.8587146003794365
579,0.00012154314550523729,0.8588361435249418
580,0.0001213703515710422,0.8589575138765128
581,0.00012127499578106659,0.8590787888722938
582,0.00012115257769693488,0.8591999414499908
583,0.00012104347561540863,0.8593209849256062
584,0.0001209648312497548,0.859441949756856
585,0.00012057347920252444,0.8595625232360585
586,0.00012040471684423644,0.8596829279529028
587,0.00012024493153585137,0.8598031728844386
588,0.00012008667035708855,0.8599232595547958
589,0.00011965704952837514,0.8600429166043241
590,0.00011958545974904268,0.8601625020640731
591,0.0001192688277592448,0.8602817708918323
592,0.00011922231149169232,0.860400993203324
593,0.00011905591148747449,0.8605200491148114
594,0.00011854082101925885,0.8606385899358306
595,0.00011843264049299601,0.8607570225763237
596,0.0001182455993264006,0.8608752681756501
597,0.00011803332561619037,0.8609933015012663
598,0.00011793626628054539,0.8611112377675468
599,0.00011780232875568955,0.8612290400963025
600,0.0001176318721331074,0.8613466719684356
601,0.00011739152664980156,0.8614640634950854
602,0.00011712802310142454,0.8615811915181868
603,0.00011690331094604241,0.8616980948291328
604,0.0001165935861393183,0.8618146884152722
605,0.00011640265853181968,0.8619310910738041
606,0.00011633159935625325,0.8620474226731603
607,0.000115956491799545,0.8621633791649598
608,0.00011571877835559418,0.8622790979433154
609,0.00011564642078277327,0.8623947443640981
610,0.00011533069773949157,0.8625100750618376
611,0.00011524853122363595,0.8626253235930613
612,0.00011494326249427993,0.8627402668555556
613,0.00011488364307589267,0.8628551504986315
614,0.00011476360036408246,0.8629699140989956
615,0.00011453558710996789,0.8630844496861055
616,0.00011436208306926106,0.8631988117691748
617,0.00011406366366307882,0.8633128754328379
618,0.00011370269168129619,0.8634265781245192
619,0.00011350529101500611,0.8635400834155342
620,0.00011339101349757777,0.8636534744290318
621,0.00011321081853840507,0.8637666852475703
622,0.00011304213570371615,0.863879727383274
623,0.00011280261077932586,0.8639925299940533
624,0.00011250499309691366,0.8641050349871502
625,0.0001122987264989156,0.8642173337136491
626,0.0001121708271197279,0.8643295045407687
627,0.00011198911109696943,0.8644414936518657
628,0.00011191508987541942,0.8645534087417411
629,0.00011173154257604519,0.8646651402843172
630,0.00011145378759163974,0.8647765940719088
631,0.00011134105195262035,0.8648879351238614
632,0.00011114967392656469,0.864999084797788
633,0.0001110455783575614,0.8651101303761456
634,0.00011077203542100166,0.8652209024115666
635,0.00011056006446989746,0.8653314624760364
636,0.00011034584543710388,0.8654418083214735
637,0.00011023682898110531,0.8655520451504547
638,0.00011005426415702526,0.8656620994146117
639,0.00010986703176116698,0.8657719664463729
640,0.00010970802631178583,0.8658816744726847
641,0.00010951834283235891,0.8659911928155171
642,0.00010926907023526942,0.8661004618857523
643,0.00010920329336379469,0.8662096651791161
644,0.00010898281180191491,0.8663186479909181
645,0.00010876538653786039,0.8664274133774559
646,0.00010865467834697918,0.8665360680558029
647,0.00010826887501229819,0.8666443369308151
648,0.00010824988055853794,0.8667525868113737
649,0.00010790481381917698,0.8668604916251929
650,0.00010784128037815896,0.866968332905571
651,0.00010762838135391511,0.8670759612869249
652,0.00010737200926074049,0.8671833332961856
653,0.00010709146876939473,0.867290424764955
654,0.00010697403166769778,0.8673973987966227
655,0.0001068217689758407,0.8675042205655985
656,0.00010663699334408381,0.8676108575589426
657,0.00010657941297402874,0.8677174369719166
658,0.00010643007014190197,0.8678238670420585
659,0.00010636705187450432,0.867930234093933
660,0.00010622962616725176,0.8680364637201002
661,0.00010606514922195262,0.8681425288693222
662,0.00010591615363293005,0.8682484450229552
663,0.00010575537276733336,0.8683542003957225
664,0.0001054941190210036,0.8684596945147436
665,0.00010536009149750935,0.8685650546062411
666,0.00010527839634624706,0.8686703330025873
667,0.0001051490196975282,0.8687754820222848
668,0.00010497069666102202,0.8688804527189459
669,0.00010484740565055544,0.8689853001245964
670,0.0001044318335898395,0.8690897319581863
671,0.00010435568908372544,0.86919408764727
672,0.00010413408072920571,0.8692982217279992
673,0.00010385609757019532,0.8694020778255694
674,0.00010373038257591691,0.8695058082081454
675,0.00010370048606776549,0.8696095086942132
676,0.00010359546814057371,0.8697131041623537
677,0.00010346430390648836,0.8698165684662602
678,0.00010328681754637902,0.8699198552838066
679,0.00010309840808269476,0.8700229536918892
680,0.00010291814524608052,0.8701258718371353
681,0.00010271902721776253,0.8702285908643531
682,0.00010259621807067108,0.8703311870824237
683,0.00010243428558969642,0.8704336213680134
684,0.00010230721031525563,0.8705359285783286
685,0.00010222330094001106,0.8706381518792686
686,0.00010198781612776892,0.8707401396953964
687,0.00010190736393666933,0.8708420470593331
688,0.0001016914830307949,0.8709437385423638
689,0.00010164114602007594,0.8710453796883839
690,0.00010139056592233463,0.8711467702543062
691,0.00010114387306231263,0.8712479141273685
692,0.00010105117675521396,0.8713489653041236
693,0.00010089153472461889,0.8714498568388482
694,0.00010074698463586148,0.8715506038234841
695,0.00010051078220329211,0.8716511146056874
696,0.00010025119089412521,0.8717513657965815
697,0.000100120328193701,0.8718514861247753
698,0.00010000106368310655,0.8719514871884584
699,9.98759035808098e-05,0.8720513630920392
700,9.985392849145924e-05,0.8721512170205307
701,9.969832840887112e-05,0.8722509153489395
702,9.957837358045704e-05,0.8723504937225199
703,9.945455979569851e-05,0.8724499482823156
704,9.914562156738029e-05,0.872549093903883
705,9.89546158931413e-05,0.8726480485197762
706,9.878913197408236e-05,0.8727468376517502
707,9.875910161956985e-05,0.8728455967533698
708,9.850894858632018e-05,0.8729441057019561
709,9.832224085147556e-05,0.8730424279428076
710,9.820233892666562e-05,0.8731406302817343
711,9.812560511826004e-05,0.8732387558868525
712,9.798683722580642e-05,0.8733367427240784
713,9.784248368596674e-05,0.8734345852077643
714,9.76570711986011e-05,0.8735322422789629
715,9.75409816226825e-05,0.8736297832605856
716,9.73868593193325e-05,0.873727170119905
717,9.726728432828325e-05,0.8738244374042332
718,9.714212016228968e-05,0.8739215795243955
719,9.702832700035864e-05,0.8740186078513958
720,9.690020020091075e-05,0.8741155080515968
721,9.67494092343664e-05,0.8742122574608311
722,9.64775067557858e-05,0.8743087349675869
723,9.643591837983469e-05,0.8744051708859667
724,9.629628890398097e-05,0.8745014671748707
725,9.61696615206627e-05,0.8745976368363914
726,9.611305633618266e-05,0.8746937498927275
727,9.607442444048305e-05,0.874789824317168
728,9.588843817473922e-05,0.8748857127553428
729,9.575891284043374e-05,0.8749814716681832
730,9.55941368424776e-05,0.8750770658050256
731,9.536654599144504e-05,0.875172432351017
732,9.518843332212224e-05,0.8752676207843392
733,9.503843960766732e-05,0.8753626592239468
734,9.501516031545274e-05,0.8754576743842623
735,9.49268108790256e-05,0.8755526011951412
736,9.485448415317423e-05,0.8756474556792944
737,9.45658401050011e-05,0.8757420215193994
738,9.442938822473441e-05,0.8758364509076241
739,9.431268099102681e-05,0.8759307635886151
740,9.421631168480303e-05,0.8760249799002999
741,9.406420718735344e-05,0.8761190441074873
742,9.394932194769164e-05,0.876212993429435
743,9.384916871373728e-05,0.8763068425981487
744,9.367274940914487e-05,0.8764005153475579
745,9.360913502031716e-05,0.8764941244825782
746,9.332606248369764e-05,0.8765874505450619
747,9.330672492538666e-05,0.8766807572699873
748,9.313627900056779e-05,0.8767738935489878
749,9.302562337320608e-05,0.876866919172361
750,9.293498263854603e-05,0.8769598541549996
751,9.288137246233577e-05,0.8770527355274619
752,9.264469880939304e-05,0.8771453802262713
753,9.25388664045943e-05,0.8772379190926759
754,9.249544234868939e-05,0.8773304145350246
755,9.229221587684155e-05,0.8774227067509014
756,9.222569227509091e-05,0.8775149324431765
757,9.211446928486126e-05,0.8776070469124613
758,9.193975350467458e-05,0.8776989866659659
759,9.179815694733504e-05,0.8777907848229133
760,9.16832905148505e-05,0.8778824681134282
761,9.154166644965386e-05,0.8779740097798778
762,9.132739712099672e-05,0.8780653371769989
763,9.124421059666502e-05,0.8781565813875956
764,9.106696549547995e-05,0.878247648353091
765,9.100342436146555e-05,0.8783386517774524
766,9.090932367648779e-05,0.8784295611011289
767,9.078026804075315e-05,0.8785203413691697
768,9.063196705108668e-05,0.8786109733362207
769,9.055101922892731e-05,0.8787015243554497
770,9.043349257963002e-05,0.8787919578480293
771,9.031223382495107e-05,0.8788822700818543
772,9.020510561684197e-05,0.8789724751874711
773,8.99918699107968e-05,0.8790624670573819
774,8.987163456726539e-05,0.8791523386919492
775,8.968199323918403e-05,0.8792420206851884
776,8.953556200988952e-05,0.8793315562471983
777,8.948004696380262e-05,0.8794210362941621
778,8.941522791230609e-05,0.8795104515220744
779,8.933702511454147e-05,0.8795997885471889
780,8.920998689276263e-05,0.8796889985340817
781,8.898292215212377e-05,0.8797779814562338
782,8.89208951369335e-05,0.8798669023513707
783,8.879933180956039e-05,0.8799557016831803
784,8.868609948258607e-05,0.8800443877826628
785,8.855278810863977e-05,0.8801329405707714
786,8.852950720799828e-05,0.8802214700779794
787,8.843416984360253e-05,0.880309904247823
788,8.821396758162266e-05,0.8803981182154046
789,8.813145499808204e-05,0.8804862496704027
790,8.801061508380102e-05,0.8805742602854865
791,8.793841514824434e-05,0.8806621987006347
792,8.780472730544759e-05,0.8807500034279401
793,8.769383045331411e-05,0.8808376972583933
794,8.754389900185336e-05,0.8809252411573952
795,8.741753250067336e-05,0.8810126586898959
796,8.729149067714384e-05,0.881099950180573
797,8.721025311309067e-05,0.8811871604336861
798,8.708817413050639e-05,0.8812742486078166
799,8.699968835505763e-05,0.8813612482961716
800,8.693860874259839e-05,0.8814481869049142
801,8.686643784689647e-05,0.8815350533427612
802,8.647600942750908e-05,0.8816215293521886
803,8.641659475174515e-05,0.8817079459469404
804,8.638586015649953e-05,0.8817943318070969
805,8.62668505019776e-05,0.8818805986575988
806,8.618696149292384e-05,0.8819667856190917
807,8.599818890393087e-05,0.8820527838079957
808,8.593490523477183e-05,0.8821387187132305
809,8.581398126005054e-05,0.8822245326944905
810,8.57711617995911e-05,0.8823103038562902
811,8.551713025327433e-05,0.8823958209865435
812,8.550492428981424e-05,0.8824813259108333
813,8.531315047420414e-05,0.8825666390613075
814,8.519112913555908e-05,0.882651830190443
815,8.509330128505542e-05,0.882736923491728
816,8.49597136067628e-05,0.8828218832053348
817,8.476995955931804e-05,0.8829066531648941
818,8.471063747468992e-05,0.8829913638023689
819,8.457110109425761e-05,0.8830759349034631
820,8.455771503088987e-05,0.883160492618494
821,8.437387760009314e-05,0.8832448664960941
822,8.433929610462738e-05,0.8833292057921988
823,8.423872318979233e-05,0.8834134445153885
824,8.408991574893874e-05,0.8834975344311374
825,8.397142054656895e-05,0.883581505851684
826,8.385539315059631e-05,0.8836653612448346
827,8.369299031872821e-05,0.8837490542351534
828,8.360266690344455e-05,0.8838326569020568
829,8.349028502856729e-05,0.8839161471870853
830,8.337371812412712e-05,0.8839995209052095
831,8.332316263716657e-05,0.8840828440678467
832,8.325524423637731e-05,0.884166099312083
833,8.311030556069523e-05,0.8842492096176437
834,8.299356014704922e-05,0.8843322031777908
835,8.29545474689909e-05,0.8844151577252598
836,8.273492024438018e-05,0.8844978926455042
837,8.260372469917655e-05,0.8845804963702033
838,8.25394877562072e-05,0.8846630358579595
839,8.242270022286841e-05,0.8847454585581823
840,8.240146105402624e-05,0.8848278600192363
841,8.228531612658944e-05,0.8849101453353629
842,8.214410826895483e-05,0.8849922894436318
843,8.207084469513277e-05,0.885074360288327
844,8.192437018350493e-05,0.8851562846585105
845,8.16810822800961e-05,0.8852379657407906
846,8.15879241302632e-05,0.8853195536649209
847,8.152070877893701e-05,0.8854010743736999
848,8.147549018523828e-05,0.8854825498638851
849,8.141904306693043e-05,0.885563968906952
850,8.118097988156289e-05,0.8856451498868335
851,8.113328928358284e-05,0.8857262831761171
852,8.108968236829638e-05,0.8858073728584854
853,8.10267528810078e-05,0.8858883996113665
854,8.095982223497533e-05,0.8859693594336014
855,8.08450572453904e-05,0.8860502044908468
856,8.073198414950855e-05,0.8861309364749963
857,8.0574438471334e-05,0.8862115109134676
858,8.054027253117852e-05,0.8862920511859987
859,8.03930080328344e-05,0.8863724441940316
860,8.024450755889407e-05,0.8864526887015906
861,8.0166578301125e-05,0.8865328552798917
862,8.001140820549107e-05,0.8866128666880971
863,7.992261153142916e-05,0.8866927892996286
864,7.989858833483833e-05,0.8867726878879634
865,7.984038693509121e-05,0.8868525282748985
866,7.954648515078496e-05,0.8869320747600492
867,7.947938025507438e-05,0.8870115541403043
868,7.941168476070646e-05,0.887090965825065
869,7.923110885494265e-05,0.88717019693392
870,7.914701274658778e-05,0.8872493439466665
871,7.907025607887894e-05,0.8873284142027454
872,7.904028716195872e-05,0.8874074544899074
873,7.898109282241007e-05,0.8874864355827299
874,7.884122173236311e-05,0.8875652768044623
875,7.876560486798206e-05,0.8876440424093303
876,7.857528637853308e-05,0.8877226176957088
877,7.855705094876132e-05,0.8878011747466575
878,7.847130879149681e-05,0.887879646055449
879,7.837418646780546e-05,0.8879580202419168
880,7.827016398410217e-05,0.8880362904059009
881,7.826471866554184e-05,0.8881145551245665
882,7.80960719654096e-05,0.8881926511965319
883,7.803158149526494e-05,0.8882706827780271
884,7.795928103363079e-05,0.8883486420590607
885,7.784562129631147e-05,0.888426487680357
886,7.780503055302682e-05,0.88850429271091
887,7.77295709959616e-05,0.888582022281906
888,7.758044591512153e-05,0.8886596027278211
889,7.753307420989596e-05,0.888737135802031
890,7.749899105908668e-05,0.8888146347930901
891,7.736732998474993e-05,0.8888920021230748
892,7.73164247690961e-05,0.8889693185478439
893,7.729571935880993e-05,0.8890466142672027
894,7.716977366626669e-05,0.8891237840408689
895,7.709310258154882e-05,0.8892008771434504
896,7.705378741378291e-05,0.8892779309308642
897,7.686485311216715e-05,0.8893547957839764
898,7.682125203204099e-05,0.8894316170360084
899,7.661867509334766e-05,0.8895082357111017
900,7.658096584053753e-05,0.8895848166769422
901,7.65139184832555e-05,0.8896613305954255
902,7.637740185417951e-05,0.8897377079972797
903,7.623589697908789e-05,0.8898139438942588
904,7.621092299539081e-05,0.8898901548172542
905,7.615247904863335e-05,0.8899663072963029
906,7.609980638640163e-05,0.8900424071026893
907,7.597896158588215e-05,0.8901183860642752
908,7.593354881042645e-05,0.8901943196130856
909,7.580567392267755e-05,0.8902701252870082
910,7.575514849499193e-05,0.8903458804355032
911,7.562154905524308e-05,0.8904215019845585
912,7.55600114779583e-05,0.8904970619960364
913,7.54049415544076e-05,0.8905724669375908
914,7.538380158294014e-05,0.8906478507391737
915,7.526357407854082e-05,0.8907231143132522
916,7.516437475437913e-05,0.8907982786880067
917,7.501564616831586e-05,0.890873294334175
918,7.484292026705983e-05,0.890948137254442
919,7.472688530995836e-05,0.891022864139752
920,7.469808627808752e-05,0.8910975622260301
921,7.463113914655688e-05,0.8911721933651766
922,7.461009381403212e-05,0.8912468034589907
923,7.446297220697392e-05,0.8913212664311976
924,7.444501241735197e-05,0.891395711443615
925,7.43407524550692e-05,0.89147005219607
926,7.427275643284187e-05,0.8915443249525028
927,7.422213641495483e-05,0.8916185470889177
928,7.403379136309809e-05,0.8916925808802808
929,7.40100678622285e-05,0.891766590948143
930,7.391129371958399e-05,0.8918405022418626
931,7.368080157071364e-05,0.8919141830434333
932,7.366776601429344e-05,0.8919878508094475
933,7.363419269070773e-05,0.8920614850021382
934,7.350384949304549e-05,0.8921349888516312
935,7.343104229747528e-05,0.8922084198939287
936,7.338763246202886e-05,0.8922818075263907
937,7.33094119348424e-05,0.8923551169383256
938,7.327732591964103e-05,0.8924283942642453
939,7.323224243712596e-05,0.8925016265066824
940,7.312280784473182e-05,0.8925747493145272
941,7.30045849763143e-05,0.8926477538995035
942,7.289910211941158e-05,0.8927206530016228
943,7.289356540749537e-05,0.8927935465670304
944,7.279321763270144e-05,0.892866339784663
945,7.273185632848538e-05,0.8929390716409915
946,7.257139526926532e-05,0.8930116430362608
947,7.253021033564343e-05,0.8930841732465964
948,7.244283515458229e-05,0.893156616081751
949,7.239796766776462e-05,0.8932290140494188
950,7.236327679043995e-05,0.8933013773262092
951,7.234491838598896e-05,0.8933737222445952
952,7.223497026469319e-05,0.8934459572148599
953,7.214572447345114e-05,0.8935181029393333
954,7.197846690214995e-05,0.8935900814062354
955,7.1943557714343e-05,0.8936620249639498
956,7.186354760848682e-05,0.8937338885115582
957,7.181766860225277e-05,0.8938057061801604
958,7.1749809674201e-05,0.8938774559898346
959,7.170027820882575e-05,0.8939491562680434
960,7.161022674911773e-05,0.8940207664947925
961,7.151510574209144e-05,0.8940922816005346
962,7.133818734088678e-05,0.8941636197878754
963,7.129741307959784e-05,0.894234917200955
964,7.125469978882046e-05,0.8943061719007439
965,7.120941233595625e-05,0.8943773813130799
966,7.116307084701327e-05,0.8944485443839268
967,7.101110981401007e-05,0.8945195554937408
968,7.09528504657359e-05,0.8945905083442066
969,7.088930710187998e-05,0.8946613976513085
970,7.077530548834019e-05,0.8947321729567969
971,7.075333502087562e-05,0.8948029262918177
972,7.070893049326709e-05,0.8948736352223109
973,7.059293130727607e-05,0.8949442281536182
974,7.052941499344049e-05,0.8950147575686116
975,7.043939974091738e-05,0.8950851969683525
976,7.03686001334227e-05,0.895155565568486
977,7.034499161822102e-05,0.8952259105601041
978,7.025926065829743e-05,0.8952961698207624
979,7.013933226910955e-05,0.8953663091530315
980,7.001809966583898e-05,0.8954363272526974
981,6.998433637376955e-05,0.8955063115890711
982,6.98670246874968e-05,0.8955761786137586
983,6.978844841692409e-05,0.8956459670621755
984,6.976007326810293e-05,0.8957157271354436
985,6.966113376137568e-05,0.895785388269205
986,6.950277741832161e-05,0.8958548910466233
987,6.940776551999118e-05,0.8959242988121433
988,6.933003444461043e-05,0.895993628846588
989,6.931403477013573e-05,0.8960629428813581
990,6.923380593202447e-05,0.8961321766872902
991,6.915432049443266e-05,0.8962013310077847
992,6.908854601101491e-05,0.8962704195537957
993,6.905453235088052e-05,0.8963394740861466
994,6.892006310379241e-05,0.8964083941492503
995,6.88548630565718e-05,0.8964772490123069
996,6.881018315165068e-05,0.8965460591954585
997,6.878080195335801e-05,0.8966148399974119
998,6.86683030221955e-05,0.8966835083004341
999,6.856920820733764e-05,0.8967520775086414
1000,6.848061115157926e-05,0.896820558119793
1001,6.843357610448161e-05,0.8968889916958975
1002,6.834074134601553e-05,0.8969573324372435
1003,6.828871846827146e-05,0.8970256211557118
1004,6.822625823390481e-05,0.8970938474139457
1005,6.815641323179132e-05,0.8971620038271775
1006,6.810257541466145e-05,0.8972301064025922
1007,6.802295976947422e-05,0.8972981293623616
1008,6.796635797819893e-05,0.8973660957203399
1009,6.795727122670617e-05,0.8974340529915665
1010,6.790110821871791e-05,0.8975019540997853
1011,6.779749181913863e-05,0.8975697515916045
1012,6.764894444776237e-05,0.8976374005360522
1013,6.761700484401928e-05,0.8977050175408963
1014,6.744336397509289e-05,0.8977724609048714
1015,6.742368688806967e-05,0.8978398845917595
1016,6.73791778045531e-05,0.897907263769564
1017,6.7297169732043e-05,0.8979745609392961
1018,6.72841594614948e-05,0.8980418450987575
1019,6.725380087210927e-05,0.8981090988996296
1020,6.719326530018338e-05,0.8981762921649298
1021,6.708728665030721e-05,0.8982433794515801
1022,6.704051787683718e-05,0.8983104199694569
1023,6.699903296540624e-05,0.8983774190024223
1024,6.684259216328617e-05,0.8984442615945856
1025,6.682723010601833e-05,0.8985110888246916
1026,6.67855826417191e-05,0.8985778744073333
1027,6.669751227324374e-05,0.8986445719196066
1028,6.65901889886409e-05,0.8987111621085953
1029,6.657239723703915e-05,0.8987777345058323
1030,6.652182591458367e-05,0.8988442563317469
1031,6.65123043243927e-05,0.8989107686360713
1032,6.64054252145071e-05,0.8989771740612859
1033,6.629142660384061e-05,0.8990434654878897
1034,6.624399941361802e-05,0.8991097094873033
1035,6.622466264443468e-05,0.8991759341499477
1036,6.611494946916805e-05,0.8992420490994169
1037,6.599687410977348e-05,0.8993080459735266
1038,6.593512904611346e-05,0.8993739811025727
1039,6.590037495035077e-05,0.8994398814775231
1040,6.576123591233102e-05,0.8995056427134354
1041,6.57505193607584e-05,0.8995713932327961
1042,6.568916552603326e-05,0.8996370823983222
1043,6.553993710416942e-05,0.8997026223354263
1044,6.54942463660028e-05,0.8997681165817923
1045,6.546417280715435e-05,0.8998335807545995
1046,6.541905907237314e-05,0.8998989998136719
1047,6.532653938162337e-05,0.8999643263530536
1048,6.529745428787279e-05,0.9000296238073414
1049,6.52282653804814e-05,0.9000948520727219
1050,6.518347387793861e-05,0.9001600355465998
1051,6.51467500426159e-05,0.9002251822966425
1052,6.505134938255041e-05,0.900290233646025
1053,6.499315266819931e-05,0.9003552267986932
1054,6.494325714061878e-05,0.9004201700558337
1055,6.479479030333661e-05,0.900484964846137
1056,6.47012669553597e-05,0.9005496661130924
1057,6.461406021884897e-05,0.9006142801733112
1058,6.455310222709027e-05,0.9006788332755383
1059,6.450415821988281e-05,0.9007433374337582
1060,6.442743862666915e-05,0.9008077648723849
1061,6.437602846296927e-05,0.9008721409008479
1062,6.436721059913793e-05,0.900936508111447
1063,6.426883736832178e-05,0.9010007769488153
1064,6.421058266394245e-05,0.9010649875314792
1065,6.418414387417502e-05,0.9011291716753534
1066,6.41101769677196e-05,0.9011932818523212
1067,6.397811803264963e-05,0.9012572599703538
1068,6.397073253148237e-05,0.9013212307028853
1069,6.394177338462986e-05,0.9013851724762699
1070,6.387461583782153e-05,0.9014490470921077
1071,6.381953072968418e-05,0.9015128666228374
1072,6.377210021973605e-05,0.901576638723057
1073,6.370064863445263e-05,0.9016403393716915
1074,6.357141333773534e-05,0.9017039107850292
1075,6.350009886078548e-05,0.90176741088389
1076,6.347553377950772e-05,0.9018308864176695
1077,6.337908981568774e-05,0.9018942655074852
1078,6.333225922642386e-05,0.9019575977667116
1079,6.328660564546698e-05,0.9020208843723571
1080,6.325241934166144e-05,0.9020841367916987
1081,6.316141149151618e-05,0.9021472982031903
1082,6.311611019015207e-05,0.9022104143133804
1083,6.309601309719571e-05,0.9022735103264776
1084,6.304995856478545e-05,0.9023365602850424
1085,6.29283433263687e-05,0.9023994886283687
1086,6.290452077207835e-05,0.9024623931491408
1087,6.28597420177129e-05,0.9025252528911585
1088,6.281244966663438e-05,0.9025880653408251
1089,6.277040115038896e-05,0.9026508357419756
1090,6.273792011910404e-05,0.9027135736620947
1091,6.257524724202449e-05,0.9027761489093368
1092,6.25441835920157e-05,0.9028386930929287
1093,6.249278893069765e-05,0.9029011858818594
1094,6.242655250928381e-05,0.9029636124343687
1095,6.239621366960716e-05,0.9030260086480384
1096,6.236116092605327e-05,0.9030883698089645
1097,6.230089748330077e-05,0.9031506707064477
1098,6.223453351368156e-05,0.9032129052399614
1099,6.219724300251874e-05,0.9032751024829639
1100,6.214604663785028e-05,0.9033372485296018
1101,6.213324499266713e-05,0.9033993817745946
1102,6.202522556523262e-05,0.9034614070001598
1103,6.197822465531035e-05,0.903523385224815
1104,6.193899939700068e-05,0.903585324224212
1105,6.188080289755116e-05,0.9036472050271096
1106,6.184387287166575e-05,0.9037090488999813
1107,6.178948472547611e-05,0.9037708383847067
1108,6.173395575429277e-05,0.903832572340461
1109,6.170050544950973e-05,0.9038942728459105
1110,6.166224738780212e-05,0.9039559350932983
1111,6.15608504775918e-05,0.9040174959437759
1112,6.15533745109897e-05,0.9040790493182869
1113,6.150025860574078e-05,0.9041405495768926
1114,6.145748549242101e-05,0.9042020070623851
1115,6.136908919523844e-05,0.9042633761515803
1116,6.127060877408038e-05,0.9043246467603543
1117,6.125392130423144e-05,0.9043859006816585
1118,6.114385539888192e-05,0.9044470445370574
1119,6.11001487033283e-05,0.9045081446857607
1120,6.101776991058757e-05,0.9045691624556713
1121,6.097534211029289e-05,0.9046301377977816
1122,6.093721044909417e-05,0.9046910750082306
1123,6.085908404467023e-05,0.9047519340922753
1124,6.080792249644011e-05,0.9048127420147717
1125,6.073886759524902e-05,0.904873480882367
1126,6.068622207830809e-05,0.9049341671044453
1127,6.0565673100236024e-05,0.9049947327775455
1128,6.0553865903325816e-05,0.9050552866434488
1129,6.0448368349132434e-05,0.905115735011798
1130,6.039556064061592e-05,0.9051761305724386
1131,6.0300395410939365e-05,0.9052364309678496
1132,6.024804069159551e-05,0.9052966790085412
1133,6.0240275468027816e-05,0.9053569192840092
1134,6.0179580616822126e-05,0.905417098864626
1135,6.009422648808691e-05,0.9054771930911141
1136,6.0014020893756484e-05,0.9055372071120078
1137,5.9981969622340746e-05,0.9055971890816301
1138,5.99750377217332e-05,0.9056571641193518
1139,5.992535106792629e-05,0.9057170894704197
1140,5.978760511762264e-05,0.9057768770755373
1141,5.974800645004296e-05,0.9058366250819874
1142,5.972165178695927e-05,0.9058963467337743
1143,5.9684217391501684e-05,0.9059560309511658
1144,5.964390800270814e-05,0.9060156748591686
1145,5.958798961012588e-05,0.9060752628487787
1146,5.952826676363173e-05,0.9061347911155423
1147,5.949848075996922e-05,0.9061942895963022
1148,5.9462016535879864e-05,0.906253751612838
1149,5.937499839653183e-05,0.9063131266112345
1150,5.933656698225743e-05,0.9063724631782167
1151,5.9280141722180136e-05,0.9064317433199389
1152,5.925186617438707e-05,0.9064909951861133
1153,5.9236966475023235e-05,0.9065502321525883
1154,5.919681358668709e-05,0.906609428966175
1155,5.914574116769983e-05,0.9066685747073427
1156,5.9068664830855086e-05,0.9067276433721736
1157,5.899865159734951e-05,0.9067866420237709
1158,5.8980484944019004e-05,0.9068456225087149
1159,5.892397135352872e-05,0.9069045464800685
1160,5.882531884187247e-05,0.9069633717989103
1161,5.877002613651001e-05,0.9070221418250468
1162,5.873775055025365e-05,0.907080879575597
1163,5.864302301776334e-05,0.9071395225986147
1164,5.862188238125805e-05,0.907198144480996
1165,5.854685315296468e-05,0.907256691334149
1166,5.852356873004474e-05,0.907315214902879
1167,5.849748319365205e-05,0.9073737123860727
1168,5.847115224077345e-05,0.9074321835383135
1169,5.8443100165723544e-05,0.9074906266384791
1170,5.835717106831162e-05,0.9075489838095474
1171,5.8291851063766954e-05,0.9076072756606112
1172,5.821149243090577e-05,0.9076654871530421
1173,5.815653785959778e-05,0.9077236436909016
1174,5.80903970896976e-05,0.9077817340879913
1175,5.806604382269761e-05,0.9078398001318141
1176,5.803106764174306e-05,0.9078978311994559
1177,5.800187233626771e-05,0.9079558330717922
1178,5.796846968119137e-05,0.9080138015414734
1179,5.7918882358131855e-05,0.9080717204238316
1180,5.788713130675285e-05,0.9081296075551383
1181,5.7806224261492747e-05,0.9081874137793998
1182,5.774343325266192e-05,0.9082451572126525
1183,5.765935168738381e-05,0.9083028165643399
1184,5.763265270278893e-05,0.9083604492170426
1185,5.7591566974163986e-05,0.9084180407840168
1186,5.7536014904196305e-05,0.908475576798921
1187,5.749118639160175e-05,0.9085330679853126
1188,5.7401650623243285e-05,0.9085904696359359
1189,5.7336494716561846e-05,0.9086478061306524
1190,5.7299040929158725e-05,0.9087051051715815
1191,5.728528061553386e-05,0.9087623904521971
1192,5.726521322584299e-05,0.9088196556654229
1193,5.721088377203476e-05,0.908876866549195
1194,5.710389439116577e-05,0.9089339704435861
1195,5.706773855619226e-05,0.9089910381821423
1196,5.7012051786544836e-05,0.9090480502339289
1197,5.699293811407942e-05,0.909105043172043
1198,5.696449238325838e-05,0.9091620076644262
1199,5.695876346698531e-05,0.9092189664278932
1200,5.6854134230162224e-05,0.9092758205621234
1201,5.682264080260077e-05,0.9093326432029261
1202,5.674884082092438e-05,0.909389392043747
1203,5.671168031982271e-05,0.9094461037240669
1204,5.662079137591958e-05,0.9095027245154428
1205,5.6614363340036894e-05,0.9095593388787828
1206,5.659014357175027e-05,0.9096159290223546
1207,5.6545386744764125e-05,0.9096724744090993
1208,5.645532280282654e-05,0.9097289297319021
1209,5.6405223922613083e-05,0.9097853349558247
1210,5.638459550966755e-05,0.9098417195513344
1211,5.6343754480172456e-05,0.9098980633058146
1212,5.627572695212938e-05,0.9099543390327667
1213,5.6228333708827266e-05,0.9100105673664755
1214,5.621571930112913e-05,0.9100667830857766
1215,5.6170198254384385e-05,0.910122953284031
1216,5.615536527569272e-05,0.9101791086493067
1217,5.61257209135307e-05,0.9102352343702202
1218,5.603045431493851e-05,0.9102912648245352
1219,5.60267297726117e-05,0.9103472915543077
1220,5.593630670491303e-05,0.9104032278610126
1221,5.581881381201348e-05,0.9104590466748246
1222,5.579252979908486e-05,0.9105148392046236
1223,5.576632042188848e-05,0.9105706055250455
1224,5.570855816688525e-05,0.9106263140832124
1225,5.565334109946036e-05,0.9106819674243118
1226,5.5649097669868465e-05,0.9107376165219817
1227,5.556583827715971e-05,0.9107931823602589
1228,5.554951159635424e-05,0.9108487318718552
1229,5.55155161011948e-05,0.9109042473879564
1230,5.546240349118852e-05,0.9109597097914476
1231,5.542530545489065e-05,0.9110151350969025
1232,5.5372361463575825e-05,0.911070507458366
1233,5.536867933932958e-05,0.9111258761377053
1234,5.530720171926502e-05,0.9111811833394247
1235,5.5266370205626634e-05,0.9112364497096302
1236,5.5207972158685105e-05,0.9112916576817889
1237,5.5171223879645885e-05,0.9113468289056685
1238,5.5153586821814644e-05,0.9114019824924904
1239,5.5113948016981126e-05,0.9114570964405073
1240,5.503331288475187e-05,0.911512129753392
1241,5.4981911729505086e-05,0.9115671116651215
1242,5.4936418235354177e-05,0.9116220480833569
1243,5.491204499170423e-05,0.9116769601283486
1244,5.4886654395253544e-05,0.9117318467827439
1245,5.480682353787539e-05,0.9117866536062817
1246,5.474047856851972e-05,0.9118413940848503
1247,5.4719416994762595e-05,0.9118961135018451
1248,5.4708937481715804e-05,0.9119508224393268
1249,5.466165243681807e-05,0.9120054840917636
1250,5.4631021606868346e-05,0.9120601151133705
1251,5.4603256406383104e-05,0.9121147183697769
1252,5.457270564848165e-05,0.9121692910754253
1253,5.451552156446267e-05,0.9122238065969898
1254,5.4501681592435065e-05,0.9122783082785823
1255,5.44093063749649e-05,0.9123327175849573
1256,5.438659692563994e-05,0.912387104181883
1257,5.433304099429198e-05,0.9124414372228773
1258,5.431069537669402e-05,0.9124957479182539
1259,5.4279609381225385e-05,0.9125500275276351
1260,5.4207197406287136e-05,0.9126042347250415
1261,5.4175671472744156e-05,0.9126584103965142
1262,5.4126875052206635e-05,0.9127125372715664
1263,5.411132385750117e-05,0.9127666485954239
1264,5.406679547575398e-05,0.9128207153908996
1265,5.400400517805033e-05,0.9128747193960777
1266,5.3994033840164196e-05,0.9129287134299179
1267,5.395086652150463e-05,0.9129826642964394
1268,5.388732649803074e-05,0.9130365516229374
1269,5.38681461673915e-05,0.9130904197691048
1270,5.3837058524300647e-05,0.9131442568276291
1271,5.38188515123334e-05,0.9131980756791415
1272,5.376115953888239e-05,0.9132518368386804
1273,5.374613464131976e-05,0.9133055829733218
1274,5.370180943859077e-05,0.9133592847827604
1275,5.3649688927840225e-05,0.9134129344716883
1276,5.3608962747033956e-05,0.9134665434344353
1277,5.354067863029101e-05,0.9135200841130656
1278,5.351737723257203e-05,0.9135736014902982
1279,5.3455647018063044e-05,0.9136270571373163
1280,5.3440383842500085e-05,0.9136804975211588
1281,5.3418922379382254e-05,0.9137339164435382
1282,5.3380584131488954e-05,0.9137872970276697
1283,5.3330152034519285e-05,0.9138406271797043
1284,5.330325830433036e-05,0.9138939304380086
1285,5.3283614902814604e-05,0.9139472140529115
1286,5.323426907616603e-05,0.9140004483219877
1287,5.3206538334187536e-05,0.9140536548603219
1288,5.316296408527954e-05,0.9141068178244072
1289,5.3144730656106166e-05,0.9141599625550633
1290,5.310847943181212e-05,0.9142130710344951
1291,5.30899271880108e-05,0.9142661609616831
1292,5.304585480537777e-05,0.9143192068164885
1293,5.3004234861332655e-05,0.9143722110513498
1294,5.295909779038213e-05,0.9144251701491402
1295,5.294249693848255e-05,0.9144781126460786
1296,5.288385966034874e-05,0.914530996505739
1297,5.285820015415396e-05,0.9145838547058931
1298,5.2843720079884685e-05,0.914636698425973
1299,5.280154424997726e-05,0.914689499970223
1300,5.277301938958743e-05,0.9147422729896125
1301,5.275393305034929e-05,0.9147950269226629
1302,5.272268697903361e-05,0.9148477496096419
1303,5.2677956473878504e-05,0.9149004275661158
1304,5.263621006660246e-05,0.9149530637761824
1305,5.259931114726633e-05,0.9150056630873297
1306,5.258370770027065e-05,0.9150582467950299
1307,5.255015903748734e-05,0.9151107969540674
1308,5.2492728445127004e-05,0.9151632896825125
1309,5.246279485172361e-05,0.9152157524773642
1310,5.2446663575036024e-05,0.9152681991409393
1311,5.239500794554591e-05,0.9153205941488848
1312,5.2374799302686596e-05,0.9153729689481874
1313,5.2326358835715556e-05,0.9154252953070231
1314,5.2294289084927265e-05,0.915477589596108
1315,5.225590081435906e-05,0.9155298454969224
1316,5.2220733311876294e-05,0.9155820662302343
1317,5.2191009053533783e-05,0.9156342572392878
1318,5.217610804864496e-05,0.9156864333473365
1319,5.214995110293158e-05,0.9157385832984394
1320,5.207846861745978e-05,0.9157906617670568
1321,5.204809780254724e-05,0.9158427098648594
1322,5.2025302410117006e-05,0.9158947351672695
1323,5.199120608767467e-05,0.9159467263733572
1324,5.190932231327193e-05,0.9159986356956704
1325,5.1882925127087705e-05,0.9160505186207974
1326,5.1874286072756485e-05,0.9161023929068702
1327,5.186252167038928e-05,0.9161542554285407
1328,5.179499029414167e-05,0.9162060504188348
1329,5.175317401683552e-05,0.9162578035928517
1330,5.172843616668448e-05,0.9163095320290183
1331,5.171616196139916e-05,0.9163612481909797
1332,5.169803821090419e-05,0.9164129462291907
1333,5.164896342302749e-05,0.9164645951926137
1334,5.161408628602069e-05,0.9165162092788998
1335,5.160252758829204e-05,0.916567811806488
1336,5.157636896801163e-05,0.9166193881754561
1337,5.155956186982986e-05,0.9166709477373259
1338,5.153794414526803e-05,0.9167224856814712
1339,5.151263910571692e-05,0.9167739983205769
1340,5.145113537093353e-05,0.9168254494559479
1341,5.1402998273748956e-05,0.9168768524542217
1342,5.137567620870955e-05,0.9169282281304304
1343,5.133624520965699e-05,0.9169795643756401
1344,5.133450814386424e-05,0.917030898883784
1345,5.127699746254667e-05,0.9170821758812465
1346,5.125086640021759e-05,0.9171334267476468
1347,5.1244098526553973e-05,0.9171846708461733
1348,5.1178483831901156e-05,0.9172358493300051
1349,5.1144562469267204e-05,0.9172869938924744
1350,5.1128834091933036e-05,0.9173381227265663
1351,5.108085627889026e-05,0.9173892035828453
1352,5.104574223733143e-05,0.9174402493250826
1353,5.102114268798638e-05,0.9174912704677706
1354,5.0977904851676846e-05,0.9175422483726222
1355,5.093574851565881e-05,0.9175931841211379
1356,5.089923007320084e-05,0.9176440833512111
1357,5.082472344233163e-05,0.9176949080746534
1358,5.0803586396116866e-05,0.9177457116610495
1359,5.077768448127928e-05,0.9177964893455307
1360,5.075538992206247e-05,0.9178472447354528
1361,5.073614847152621e-05,0.9178979808839243
1362,5.066506583260424e-05,0.9179486459497569
1363,5.064749240503755e-05,0.9179992934421619
1364,5.0638452686081924e-05,0.918049931894848
1365,5.0614687742225976e-05,0.9181005465825902
1366,5.0568430750874444e-05,0.9181511150133411
1367,5.055164109899931e-05,0.9182016666544401
1368,5.050065334578967e-05,0.9182521673077859
1369,5.046786080414194e-05,0.91830263516859
1370,5.041944698858247e-05,0.9183530546155786
1371,5.041240722526407e-05,0.9184034670228038
1372,5.039487204455321e-05,0.9184538618948483
1373,5.032509639237811e-05,0.9185041869912407
1374,5.029707062287061e-05,0.9185544840618636
1375,5.026293119783189e-05,0.9186047469930614
1376,5.022909397187657e-05,0.9186549760870333
1377,5.022174758665713e-05,0.9187051978346199
1378,5.019715523822825e-05,0.9187553949898581
1379,5.013487143166263e-05,0.9188055298612898
1380,5.011811966347891e-05,0.9188556479809533
1381,5.008356932910842e-05,0.9189057315502824
1382,5.0062218388802e-05,0.9189557937686712
1383,5.00565189687969e-05,0.91900585028764
1384,5.002195936513823e-05,0.9190558722470051
1385,4.9964453474618124e-05,0.9191058367004797
1386,4.992367906139523e-05,0.9191557603795412
1387,4.9871760567279144e-05,0.9192056321401084
1388,4.987003557356194e-05,0.919255502175682
1389,4.9862153770264945e-05,0.9193053643294522
1390,4.9821888142983693e-05,0.9193551862175952
1391,4.979879041057521e-05,0.9194049850080057
1392,4.978328693326479e-05,0.919454768294939
1393,4.974446912506906e-05,0.9195045127640641
1394,4.971493680023872e-05,0.9195542277008644
1395,4.968172459280799e-05,0.9196039094254572
1396,4.9676505812759966e-05,0.91965358593127
1397,4.9660510389713554e-05,0.9197032464416597
1398,4.962924275783475e-05,0.9197528756844175
1399,4.960833540981055e-05,0.9198024840198273
1400,4.956581453585118e-05,0.9198520498343632
1401,4.953308755224255e-05,0.9199015829219155
1402,4.9497194803353574e-05,0.9199510801167189
1403,4.9478455482954227e-05,0.9200005585722019
1404,4.9440088897951786e-05,0.9200499986610998
1405,4.9415087843138105e-05,0.920099413748943
1406,4.939459171292609e-05,0.9201488083406559
1407,4.935491874344598e-05,0.9201981632593994
1408,4.9309771896031697e-05,0.9202474730312954
1409,4.930250049908788e-05,0.9202967755317945
1410,4.9290455672017145e-05,0.9203460659874665
1411,4.927391228029202e-05,0.9203953398997468
1412,4.9207955756336506e-05,0.9204445478555031
1413,4.9184789125453894e-05,0.9204937326446285
1414,4.917236537431562e-05,0.9205429050100028
1415,4.917125746276576e-05,0.9205920762674655
1416,4.9171257462669024e-05,0.9206412475249282
1417,4.917125746254738e-05,0.9206904187823907
1418,4.917125746253715e-05,0.9207395900398532
1419,4.917125746253373e-05,0.9207887612973157
1420,4.917125746252305e-05,0.9208379325547782
1421,4.91712574625156e-05,0.9208871038122407
1422,4.9171257462513095e-05,0.9209362750697032
1423,4.917125746250869e-05,0.9209854463271657
1424,4.9171257462506366e-05,0.9210346175846282
1425,4.917125746249691e-05,0.9210837888420907
1426,4.917125746249497e-05,0.9211329600995533
1427,4.917125746249287e-05,0.9211821313570158
1428,4.917125746249248e-05,0.9212313026144783
1429,4.9171257462489554e-05,0.9212804738719408
1430,4.917125746248841e-05,0.9213296451294033
1431,4.917125746248644e-05,0.9213788163868658
1432,4.917125746248596e-05,0.9214279876443283
1433,4.917125746248434e-05,0.9214771589017908
1434,4.9171257462483307e-05,0.9215263301592533
1435,4.917125746248226e-05,0.9215755014167158
1436,4.917125746248149e-05,0.9216246726741784
1437,4.9171257462480345e-05,0.9216738439316409
1438,4.917125746247931e-05,0.9217230151891034
1439,4.9171257462478956e-05,0.9217721864465659
1440,4.917125746247857e-05,0.9218213577040284
1441,4.917125746247802e-05,0.9218705289614909
1442,4.9171257462477127e-05,0.9219197002189534
1443,4.917125746247659e-05,0.9219688714764159
1444,4.91712574624765e-05,0.9220180427338784
1445,4.917125746247585e-05,0.922067213991341
1446,4.917125746247566e-05,0.9221163852488035
1447,4.917125746247542e-05,0.922165556506266
1448,4.917125746247474e-05,0.9222147277637285
1449,4.917125746247421e-05,0.922263899021191
1450,4.917125746247399e-05,0.9223130702786535
1451,4.9171257462473474e-05,0.922362241536116
1452,4.917125746247309e-05,0.9224114127935785
1453,4.9171257462472695e-05,0.922460584051041
1454,4.917125746247268e-05,0.9225097553085035
1455,4.9171257462472146e-05,0.922558926565966
1456,4.917125746247191e-05,0.9226080978234286
1457,4.9171257462471455e-05,0.9226572690808911
1458,4.917125746247119e-05,0.9227064403383536
1459,4.9171257462471136e-05,0.9227556115958161
1460,4.917125746247087e-05,0.9228047828532786
1461,4.9171257462470594e-05,0.9228539541107411
1462,4.9171257462470425e-05,0.9229031253682036
1463,4.917125746247035e-05,0.9229522966256661
1464,4.917125746247026e-05,0.9230014678831286
1465,4.917125746247002e-05,0.9230506391405912
1466,4.917125746246987e-05,0.9230998103980537
1467,4.917125746246981e-05,0.9231489816555162
1468,4.917125746246939e-05,0.9231981529129787
1469,4.91712574624693e-05,0.9232473241704412
1470,4.917125746246903e-05,0.9232964954279037
1471,4.9171257462468934e-05,0.9233456666853662
1472,4.917125746246856e-05,0.9233948379428287
1473,4.917125746246851e-05,0.9234440092002912
1474,4.91712574624683e-05,0.9234931804577537
1475,4.917125746246807e-05,0.9235423517152163
1476,4.917125746246791e-05,0.9235915229726788
1477,4.917125746246787e-05,0.9236406942301413
1478,4.9171257462467755e-05,0.9236898654876038
1479,4.917125746246768e-05,0.9237390367450663
1480,4.917125746246746e-05,0.9237882080025288
1481,4.9171257462467437e-05,0.9238373792599913
1482,4.9171257462467376e-05,0.9238865505174538
1483,4.917125746246723e-05,0.9239357217749163
1484,4.917125746246699e-05,0.9239848930323789
1485,4.917125746246689e-05,0.9240340642898414
1486,4.91712574624668e-05,0.9240832355473039
1487,4.917125746246656e-05,0.9241324068047664
1488,4.917125746246649e-05,0.9241815780622289
1489,4.9171257462466474e-05,0.9242307493196914
1490,4.917125746246627e-05,0.9242799205771539
1491,4.917125746246622e-05,0.9243290918346164
1492,4.9171257462466156e-05,0.9243782630920789
1493,4.917125746246609e-05,0.9244274343495414
1494,4.9171257462466014e-05,0.924476605607004
1495,4.9171257462465905e-05,0.9245257768644665
1496,4.9171257462465824e-05,0.924574948121929
1497,4.917125746246579e-05,0.9246241193793915
1498,4.917125746246573e-05,0.924673290636854
1499,4.917125746246571e-05,0.9247224618943165
1500,4.917125746246565e-05,0.924771633151779
1501,4.917125746246559e-05,0.9248208044092415
1502,4.917125746246557e-05,0.924869975666704
1503,4.9171257462465526e-05,0.9249191469241665
1504,4.917125746246547e-05,0.9249683181816291
1505,4.9171257462465404e-05,0.9250174894390916
1506,4.9171257462465377e-05,0.9250666606965541
1507,4.9171257462465356e-05,0.9251158319540166
1508,4.9171257462465336e-05,0.9251650032114791
1509,4.917125746246527e-05,0.9252141744689416
1510,4.9171257462465166e-05,0.9252633457264041
1511,4.9171257462465085e-05,0.9253125169838666
1512,4.917125746246501e-05,0.9253616882413291
1513,4.917125746246497e-05,0.9254108594987916
1514,4.9171257462464936e-05,0.9254600307562542
1515,4.9171257462464855e-05,0.9255092020137167
1516,4.917125746246479e-05,0.9255583732711792
1517,4.9171257462464746e-05,0.9256075445286417
1518,4.91712574624647e-05,0.9256567157861042
1519,4.917125746246465e-05,0.9257058870435667
1520,4.9171257462464624e-05,0.9257550583010292
1521,4.9171257462464584e-05,0.9258042295584917
1522,4.917125746246449e-05,0.9258534008159542
1523,4.917125746246445e-05,0.9259025720734168
1524,4.917125746246433e-05,0.9259517433308793
1525,4.9171257462464326e-05,0.9260009145883418
1526,4.917125746246429e-05,0.9260500858458043
1527,4.9171257462464225e-05,0.9260992571032668
1528,4.917125746246422e-05,0.9261484283607293
1529,4.917125746246414e-05,0.9261975996181918
1530,4.917125746246411e-05,0.9262467708756543
1531,4.917125746246401e-05,0.9262959421331168
1532,4.917125746246392e-05,0.9263451133905793
1533,4.917125746246387e-05,0.9263942846480419
1534,4.917125746246384e-05,0.9264434559055044
1535,4.9171257462463804e-05,0.9264926271629669
1536,4.9171257462463716e-05,0.9265417984204294
1537,4.917125746246367e-05,0.9265909696778919
1538,4.917125746246362e-05,0.9266401409353544
1539,4.9171257462463594e-05,0.9266893121928169
1540,4.9171257462463486e-05,0.9267384834502794
1541,4.917125746246346e-05,0.9267876547077419
1542,4.9171257462463384e-05,0.9268368259652044
1543,4.9171257462463364e-05,0.926885997222667
1544,4.917125746246333e-05,0.9269351684801295
1545,4.9171257462463235e-05,0.926984339737592
1546,4.9171257462463174e-05,0.9270335109950545
1547,4.917125746246311e-05,0.927082682252517
1548,4.917125746246301e-05,0.9271318535099795
1549,4.917125746246299e-05,0.927181024767442
1550,4.917125746246298e-05,0.9272301960249045
1551,4.91712574624629e-05,0.927279367282367
1552,4.917125746246287e-05,0.9273285385398295
1553,4.9171257462462856e-05,0.9273777097972921
1554,4.9171257462462774e-05,0.9274268810547546
1555,4.917125746246274e-05,0.9274760523122171
1556,4.917125746246271e-05,0.9275252235696796
1557,4.9171257462462686e-05,0.9275743948271421
1558,4.9171257462462625e-05,0.9276235660846046
1559,4.9171257462462605e-05,0.9276727373420671
1560,4.917125746246257e-05,0.9277219085995296
1561,4.9171257462462564e-05,0.9277710798569921
1562,4.9171257462462544e-05,0.9278202511144547
1563,4.917125746246249e-05,0.9278694223719172
1564,4.917125746246245e-05,0.9279185936293797
1565,4.917125746246238e-05,0.9279677648868422
1566,4.9171257462462354e-05,0.9280169361443047
1567,4.91712574624623e-05,0.9280661074017672
1568,4.9171257462462287e-05,0.9281152786592297
1569,4.917125746246226e-05,0.9281644499166922
1570,4.917125746246219e-05,0.9282136211741547
1571,4.9171257462462144e-05,0.9282627924316172
1572,4.9171257462462104e-05,0.9283119636890798
1573,4.917125746246209e-05,0.9283611349465423
1574,4.917125746246201e-05,0.9284103062040048
1575,4.917125746246199e-05,0.9284594774614673
1576,4.917125746246193e-05,0.9285086487189298
1577,4.917125746246192e-05,0.9285578199763923
1578,4.9171257462461866e-05,0.9286069912338548
1579,4.9171257462461805e-05,0.9286561624913173
1580,4.9171257462461744e-05,0.9287053337487798
1581,4.917125746246174e-05,0.9287545050062423
1582,4.917125746246169e-05,0.9288036762637049
1583,4.917125746246164e-05,0.9288528475211674
1584,4.917125746246163e-05,0.9289020187786299
1585,4.9171257462461595e-05,0.9289511900360924
1586,4.917125746246153e-05,0.9290003612935549
1587,4.91712574624615e-05,0.9290495325510174
1588,4.917125746246147e-05,0.9290987038084799
1589,4.9171257462461385e-05,0.9291478750659424
1590,4.917125746246138e-05,0.9291970463234049
1591,4.917125746246134e-05,0.9292462175808675
1592,4.9171257462461324e-05,0.92929538883833
1593,4.9171257462461284e-05,0.9293445600957925
1594,4.917125746246126e-05,0.929393731353255
1595,4.9171257462461236e-05,0.9294429026107175
1596,4.917125746246122e-05,0.92949207386818
1597,4.917125746246118e-05,0.9295412451256425
1598,4.917125746246114e-05,0.929590416383105
1599,4.9171257462461094e-05,0.9296395876405675
1600,4.9171257462461074e-05,0.92968875889803
1601,4.917125746246104e-05,0.9297379301554926
1602,4.9171257462461e-05,0.9297871014129551
1603,4.917125746246098e-05,0.9298362726704176
1604,4.917125746246096e-05,0.9298854439278801
1605,4.917125746246088e-05,0.9299346151853426
1606,4.917125746246084e-05,0.9299837864428051
1607,4.9171257462460816e-05,0.9300329577002676
1608,4.917125746246077e-05,0.9300821289577301
1609,4.917125746246074e-05,0.9301313002151926
1610,4.9171257462460714e-05,0.9301804714726551
1611,4.917125746246065e-05,0.9302296427301177
1612,4.917125746246065e-05,0.9302788139875802
1613,4.917125746246062e-05,0.9303279852450427
1614,4.917125746246059e-05,0.9303771565025052
1615,4.917125746246056e-05,0.9304263277599677
1616,4.9171257462460545e-05,0.9304754990174302
1617,4.9171257462460525e-05,0.9305246702748927
1618,4.917125746246049e-05,0.9305738415323552
1619,4.917125746246046e-05,0.9306230127898177
1620,4.9171257462460443e-05,0.9306721840472802
1621,4.917125746246041e-05,0.9307213553047428
1622,4.917125746246039e-05,0.9307705265622053
1623,4.917125746246037e-05,0.9308196978196678
1624,4.917125746246036e-05,0.9308688690771303
1625,4.917125746246032e-05,0.9309180403345928
1626,4.9171257462460294e-05,0.9309672115920553
1627,4.917125746246027e-05,0.9310163828495178
1628,4.917125746246023e-05,0.9310655541069803
1629,4.91712574624602e-05,0.9311147253644428
1630,4.9171257462460186e-05,0.9311638966219054
1631,4.917125746246016e-05,0.9312130678793679
1632,4.917125746246016e-05,0.9312622391368304
1633,4.917125746246013e-05,0.9313114103942929
1634,4.9171257462460105e-05,0.9313605816517554
1635,4.917125746246009e-05,0.9314097529092179
1636,4.9171257462460084e-05,0.9314589241666804
1637,4.917125746246005e-05,0.9315080954241429
1638,4.9171257462460017e-05,0.9315572666816054
1639,4.917125746246e-05,0.9316064379390679
1640,4.917125746245998e-05,0.9316556091965305
1641,4.917125746245997e-05,0.931704780453993
1642,4.91712574624599e-05,0.9317539517114555
1643,4.917125746245987e-05,0.931803122968918
1644,4.917125746245986e-05,0.9318522942263805
1645,4.917125746245983e-05,0.931901465483843
1646,4.917125746245981e-05,0.9319506367413055
1647,4.917125746245979e-05,0.931999807998768
1648,4.9171257462459745e-05,0.9320489792562305
1649,4.91712574624597e-05,0.932098150513693
1650,4.917125746245966e-05,0.9321473217711556
1651,4.917125746245965e-05,0.9321964930286181
1652,4.917125746245964e-05,0.9322456642860806
1653,4.91712574624596e-05,0.9322948355435431
1654,4.917125746245958e-05,0.9323440068010056
1655,4.917125746245955e-05,0.9323931780584681
1656,4.9171257462459515e-05,0.9324423493159306
1657,4.917125746245949e-05,0.9324915205733931
1658,4.9171257462459454e-05,0.9325406918308556
1659,4.917125746245945e-05,0.9325898630883181
1660,4.917125746245942e-05,0.9326390343457807
1661,4.9171257462459386e-05,0.9326882056032432
1662,4.917125746245938e-05,0.9327373768607057
1663,4.917125746245934e-05,0.9327865481181682
1664,4.917125746245931e-05,0.9328357193756307
1665,4.917125746245929e-05,0.9328848906330932
1666,4.917125746245925e-05,0.9329340618905557
1667,4.9171257462459244e-05,0.9329832331480182
1668,4.91712574624592e-05,0.9330324044054807
1669,4.9171257462459176e-05,0.9330815756629433
1670,4.9171257462459156e-05,0.9331307469204058
1671,4.917125746245915e-05,0.9331799181778683
1672,4.9171257462459136e-05,0.9332290894353308
1673,4.917125746245909e-05,0.9332782606927933
1674,4.917125746245908e-05,0.9333274319502558
1675,4.9171257462459075e-05,0.9333766032077183
1676,4.9171257462459034e-05,0.9334257744651808
1677,4.917125746245899e-05,0.9334749457226433
1678,4.9171257462458966e-05,0.9335241169801058
1679,4.917125746245896e-05,0.9335732882375684
1680,4.9171257462458946e-05,0.9336224594950309
1681,4.917125746245891e-05,0.9336716307524934
1682,4.917125746245889e-05,0.9337208020099559
1683,4.9171257462458865e-05,0.9337699732674184
1684,4.9171257462458824e-05,0.9338191445248809
1685,4.9171257462458804e-05,0.9338683157823434
1686,4.917125746245879e-05,0.9339174870398059
1687,4.917125746245877e-05,0.9339666582972684
1688,4.917125746245871e-05,0.934015829554731
1689,4.9171257462458695e-05,0.9340650008121935
1690,4.917125746245869e-05,0.934114172069656
1691,4.917125746245865e-05,0.9341633433271185
1692,4.9171257462458614e-05,0.934212514584581
1693,4.9171257462458614e-05,0.9342616858420435
1694,4.91712574624586e-05,0.934310857099506
1695,4.917125746245859e-05,0.9343600283569685
1696,4.917125746245858e-05,0.934409199614431
1697,4.917125746245855e-05,0.9344583708718935
1698,4.917125746245853e-05,0.934507542129356
1699,4.917125746245852e-05,0.9345567133868186
1700,4.917125746245852e-05,0.9346058846442811
1701,4.917125746245845e-05,0.9346550559017436
1702,4.917125746245845e-05,0.9347042271592061
1703,4.9171257462458444e-05,0.9347533984166686
1704,4.917125746245842e-05,0.9348025696741311
1705,4.917125746245838e-05,0.9348517409315936
1706,4.9171257462458356e-05,0.9349009121890561
1707,4.9171257462458336e-05,0.9349500834465186
1708,4.917125746245828e-05,0.9349992547039812
1709,4.917125746245826e-05,0.9350484259614437
1710,4.9171257462458255e-05,0.9350975972189062
1711,4.917125746245822e-05,0.9351467684763687
1712,4.9171257462458214e-05,0.9351959397338312
1713,4.9171257462458194e-05,0.9352451109912937
1714,4.917125746245815e-05,0.9352942822487562
1715,4.917125746245814e-05,0.9353434535062187
1716,4.91712574624581e-05,0.9353926247636812
1717,4.9171257462458085e-05,0.9354417960211437
1718,4.917125746245808e-05,0.9354909672786063
1719,4.9171257462458065e-05,0.9355401385360688
1720,4.917125746245805e-05,0.9355893097935313
1721,4.917125746245804e-05,0.9356384810509938
1722,4.917125746245802e-05,0.9356876523084563
1723,4.917125746245802e-05,0.9357368235659188
1724,4.9171257462458e-05,0.9357859948233813
1725,4.9171257462458e-05,0.9358351660808438
1726,4.917125746245796e-05,0.9358843373383063
1727,4.917125746245794e-05,0.9359335085957688
1728,4.9171257462457936e-05,0.9359826798532314
1729,4.917125746245788e-05,0.9360318511106939
1730,4.9171257462457875e-05,0.9360810223681564
1731,4.917125746245787e-05,0.9361301936256189
1732,4.9171257462457835e-05,0.9361793648830814
1733,4.917125746245782e-05,0.9362285361405439
1734,4.9171257462457814e-05,0.9362777073980064
1735,4.9171257462457794e-05,0.9363268786554689
1736,4.917125746245778e-05,0.9363760499129314
1737,4.917125746245776e-05,0.936425221170394
1738,4.917125746245775e-05,0.9364743924278565
1739,4.917125746245773e-05,0.936523563685319
1740,4.917125746245771e-05,0.9365727349427815
1741,4.9171257462457706e-05,0.936621906200244
1742,4.917125746245768e-05,0.9366710774577065
1743,4.9171257462457665e-05,0.936720248715169
1744,4.9171257462457645e-05,0.9367694199726315
1745,4.917125746245761e-05,0.936818591230094
1746,4.9171257462457584e-05,0.9368677624875565
1747,4.917125746245755e-05,0.936916933745019
1748,4.917125746245753e-05,0.9369661050024816
1749,4.9171257462457516e-05,0.9370152762599441
1750,4.917125746245749e-05,0.9370644475174066
1751,4.917125746245748e-05,0.9371136187748691
1752,4.9171257462457455e-05,0.9371627900323316
1753,4.9171257462457455e-05,0.9372119612897941
1754,4.917125746245743e-05,0.9372611325472566
1755,4.917125746245741e-05,0.9373103038047191
1756,4.917125746245738e-05,0.9373594750621816
1757,4.917125746245736e-05,0.9374086463196442
1758,4.917125746245735e-05,0.9374578175771067
1759,4.917125746245734e-05,0.9375069888345692
1760,4.917125746245732e-05,0.9375561600920317
1761,4.9171257462457306e-05,0.9376053313494942
1762,4.917125746245727e-05,0.9376545026069567
1763,4.9171257462457265e-05,0.9377036738644192
1764,4.917125746245726e-05,0.9377528451218817
1765,4.9171257462457245e-05,0.9378020163793442
1766,4.917125746245723e-05,0.9378511876368067
1767,4.917125746245722e-05,0.9379003588942693
1768,4.917125746245719e-05,0.9379495301517318
1769,4.9171257462457184e-05,0.9379987014091943
1770,4.917125746245717e-05,0.9380478726666568
1771,4.917125746245714e-05,0.9380970439241193
1772,4.9171257462457137e-05,0.9381462151815818
1773,4.9171257462457116e-05,0.9381953864390443
1774,4.9171257462457096e-05,0.9382445576965068
1775,4.9171257462457076e-05,0.9382937289539693
1776,4.917125746245706e-05,0.9383429002114319
1777,4.9171257462457055e-05,0.9383920714688944
1778,4.917125746245704e-05,0.9384412427263569
1779,4.917125746245703e-05,0.9384904139838194
1780,4.9171257462456994e-05,0.9385395852412819
1781,4.9171257462456994e-05,0.9385887564987444
1782,4.9171257462456974e-05,0.9386379277562069
1783,4.917125746245696e-05,0.9386870990136694
1784,4.917125746245695e-05,0.9387362702711319
1785,4.917125746245694e-05,0.9387854415285944
1786,4.917125746245694e-05,0.938834612786057
1787,4.917125746245691e-05,0.9388837840435195
1788,4.9171257462456906e-05,0.938932955300982
1789,4.9171257462456886e-05,0.9389821265584445
1790,4.917125746245688e-05,0.939031297815907
1791,4.917125746245688e-05,0.9390804690733695
1792,4.917125746245685e-05,0.939129640330832
1793,4.9171257462456825e-05,0.9391788115882945
1794,4.9171257462456805e-05,0.939227982845757
1795,4.91712574624568e-05,0.9392771541032195
1796,4.9171257462456764e-05,0.9393263253606821
1797,4.9171257462456764e-05,0.9393754966181446
1798,4.917125746245675e-05,0.9394246678756071
1799,4.917125746245673e-05,0.9394738391330696
1800,4.9171257462456716e-05,0.9395230103905321
1801,4.917125746245671e-05,0.9395721816479946
1802,4.917125746245671e-05,0.9396213529054571
1803,4.917125746245665e-05,0.9396705241629196
1804,4.917125746245664e-05,0.9397196954203821
1805,4.9171257462456635e-05,0.9397688666778446
1806,4.917125746245663e-05,0.9398180379353072
1807,4.9171257462456615e-05,0.9398672091927697
1808,4.91712574624566e-05,0.9399163804502322
1809,4.917125746245658e-05,0.9399655517076947
1810,4.917125746245658e-05,0.9400147229651572
1811,4.9171257462456554e-05,0.9400638942226197
1812,4.9171257462456554e-05,0.9401130654800822
1813,4.917125746245654e-05,0.9401622367375447
1814,4.9171257462456534e-05,0.9402114079950072
1815,4.917125746245653e-05,0.9402605792524698
1816,4.917125746245651e-05,0.9403097505099323
1817,4.917125746245649e-05,0.9403589217673948
1818,4.917125746245649e-05,0.9404080930248573
1819,4.917125746245648e-05,0.9404572642823198
1820,4.917125746245646e-05,0.9405064355397823
1821,4.917125746245645e-05,0.9405556067972448
1822,4.9171257462456445e-05,0.9406047780547073
1823,4.9171257462456425e-05,0.9406539493121698
1824,4.917125746245642e-05,0.9407031205696323
1825,4.9171257462456405e-05,0.9407522918270949
1826,4.917125746245639e-05,0.9408014630845574
1827,4.917125746245639e-05,0.9408506343420199
1828,4.9171257462456364e-05,0.9408998055994824
1829,4.917125746245636e-05,0.9409489768569449
1830,4.917125746245635e-05,0.9409981481144074
1831,4.9171257462456344e-05,0.9410473193718699
1832,4.917125746245631e-05,0.9410964906293324
1833,4.91712574624563e-05,0.9411456618867949
1834,4.9171257462456296e-05,0.9411948331442574
1835,4.9171257462456296e-05,0.94124400440172
1836,4.917125746245626e-05,0.9412931756591825
1837,4.917125746245626e-05,0.941342346916645
1838,4.9171257462456235e-05,0.9413915181741075
1839,4.9171257462456235e-05,0.94144068943157
1840,4.917125746245623e-05,0.9414898606890325
1841,4.9171257462456215e-05,0.941539031946495
1842,4.91712574624562e-05,0.9415882032039575
1843,4.917125746245618e-05,0.94163737446142
1844,4.9171257462456174e-05,0.9416865457188826
1845,4.9171257462456174e-05,0.9417357169763451
1846,4.917125746245617e-05,0.9417848882338076
1847,4.9171257462456154e-05,0.9418340594912701
1848,4.9171257462456134e-05,0.9418832307487326
1849,4.917125746245612e-05,0.9419324020061951
1850,4.917125746245612e-05,0.9419815732636576
1851,4.917125746245607e-05,0.9420307445211201
1852,4.9171257462456066e-05,0.9420799157785826
1853,4.9171257462456066e-05,0.9421290870360451
1854,4.9171257462456046e-05,0.9421782582935077
1855,4.917125746245603e-05,0.9422274295509702
1856,4.917125746245603e-05,0.9422766008084327
1857,4.917125746245601e-05,0.9423257720658952
1858,4.9171257462456005e-05,0.9423749433233577
1859,4.9171257462456e-05,0.9424241145808202
1860,4.917125746245598e-05,0.9424732858382827
1861,4.917125746245598e-05,0.9425224570957452
1862,4.9171257462455964e-05,0.9425716283532077
1863,4.9171257462455964e-05,0.9426207996106702
1864,4.917125746245593e-05,0.9426699708681328
1865,4.917125746245593e-05,0.9427191421255953
1866,4.917125746245592e-05,0.9427683133830578
1867,4.917125746245592e-05,0.9428174846405203
1868,4.917125746245591e-05,0.9428666558979828
1869,4.9171257462455897e-05,0.9429158271554453
1870,4.9171257462455876e-05,0.9429649984129078
1871,4.917125746245587e-05,0.9430141696703703
1872,4.9171257462455856e-05,0.9430633409278328
1873,4.917125746245585e-05,0.9431125121852953
1874,4.917125746245584e-05,0.9431616834427579
1875,4.917125746245583e-05,0.9432108547002204
1876,4.9171257462455795e-05,0.9432600259576829
1877,4.9171257462455795e-05,0.9433091972151454
1878,4.917125746245579e-05,0.9433583684726079
1879,4.917125746245577e-05,0.9434075397300704
1880,4.917125746245576e-05,0.9434567109875329
1881,4.9171257462455754e-05,0.9435058822449954
1882,4.9171257462455754e-05,0.9435550535024579
1883,4.917125746245573e-05,0.9436042247599205
1884,4.917125746245572e-05,0.943653396017383
1885,4.9171257462455714e-05,0.9437025672748455
1886,4.917125746245571e-05,0.943751738532308
1887,4.917125746245571e-05,0.9438009097897705
1888,4.917125746245569e-05,0.943850081047233
1889,4.917125746245567e-05,0.9438992523046955
1890,4.917125746245567e-05,0.943948423562158
1891,4.9171257462455666e-05,0.9439975948196205
1892,4.917125746245563e-05,0.944046766077083
1893,4.917125746245562e-05,0.9440959373345456
1894,4.917125746245561e-05,0.9441451085920081
1895,4.917125746245561e-05,0.9441942798494706
1896,4.9171257462455605e-05,0.9442434511069331
1897,4.917125746245559e-05,0.9442926223643956
1898,4.917125746245557e-05,0.9443417936218581
1899,4.9171257462455565e-05,0.9443909648793206
1900,4.917125746245555e-05,0.9444401361367831
1901,4.917125746245554e-05,0.9444893073942456
1902,4.917125746245554e-05,0.9445384786517081
1903,4.9171257462455524e-05,0.9445876499091707
1904,4.9171257462455504e-05,0.9446368211666332
1905,4.91712574624555e-05,0.9446859924240957
1906,4.917125746245549e-05,0.9447351636815582
1907,4.917125746245548e-05,0.9447843349390207
1908,4.917125746245548e-05,0.9448335061964832
1909,4.917125746245546e-05,0.9448826774539457
1910,4.917125746245545e-05,0.9449318487114082
1911,4.9171257462455436e-05,0.9449810199688707
1912,4.9171257462455436e-05,0.9450301912263332
1913,4.917125746245543e-05,0.9450793624837958
1914,4.917125746245542e-05,0.9451285337412583
1915,4.917125746245541e-05,0.9451777049987208
1916,4.917125746245541e-05,0.9452268762561833
1917,4.9171257462455395e-05,0.9452760475136458
1918,4.917125746245539e-05,0.9453252187711083
1919,4.917125746245538e-05,0.9453743900285708
1920,4.917125746245536e-05,0.9454235612860333
1921,4.917125746245534e-05,0.9454727325434958
1922,4.9171257462455334e-05,0.9455219038009584
1923,4.917125746245533e-05,0.9455710750584209
1924,4.917125746245532e-05,0.9456202463158834
1925,4.917125746245532e-05,0.9456694175733459
1926,4.91712574624553e-05,0.9457185888308084
1927,4.9171257462455293e-05,0.9457677600882709
1928,4.9171257462455293e-05,0.9458169313457334
1929,4.9171257462455266e-05,0.9458661026031959
1930,4.917125746245526e-05,0.9459152738606584
1931,4.917125746245526e-05,0.945964445118121
1932,4.917125746245525e-05,0.9460136163755835
1933,4.917125746245524e-05,0.946062787633046
1934,4.917125746245523e-05,0.9461119588905085
1935,4.9171257462455226e-05,0.946161130147971
1936,4.917125746245521e-05,0.9462103014054335
1937,4.917125746245521e-05,0.946259472662896
1938,4.91712574624552e-05,0.9463086439203585
1939,4.917125746245518e-05,0.946357815177821
1940,4.917125746245517e-05,0.9464069864352835
1941,4.917125746245516e-05,0.946456157692746
1942,4.917125746245516e-05,0.9465053289502086
1943,4.917125746245515e-05,0.9465545002076711
1944,4.9171257462455144e-05,0.9466036714651336
1945,4.917125746245514e-05,0.9466528427225961
1946,4.917125746245513e-05,0.9467020139800586
1947,4.917125746245512e-05,0.9467511852375211
1948,4.91712574624551e-05,0.9468003564949836
1949,4.917125746245509e-05,0.9468495277524461
1950,4.9171257462455083e-05,0.9468986990099086
1951,4.9171257462455083e-05,0.9469478702673712
1952,4.917125746245508e-05,0.9469970415248337
1953,4.917125746245504e-05,0.9470462127822962
1954,4.917125746245504e-05,0.9470953840397587
1955,4.917125746245503e-05,0.9471445552972212
1956,4.917125746245502e-05,0.9471937265546837
1957,4.917125746245502e-05,0.9472428978121462
1958,4.9171257462455016e-05,0.9472920690696087
1959,4.9171257462455016e-05,0.9473412403270712
1960,4.9171257462455e-05,0.9473904115845337
1961,4.917125746245498e-05,0.9474395828419963
1962,4.9171257462454975e-05,0.9474887540994588
1963,4.917125746245497e-05,0.9475379253569213
1964,4.917125746245497e-05,0.9475870966143838
1965,4.9171257462454955e-05,0.9476362678718463
1966,4.9171257462454955e-05,0.9476854391293088
1967,4.917125746245494e-05,0.9477346103867713
1968,4.9171257462454934e-05,0.9477837816442338
1969,4.917125746245493e-05,0.9478329529016963
1970,4.917125746245493e-05,0.9478821241591588
1971,4.91712574624549e-05,0.9479312954166214
1972,4.9171257462454894e-05,0.9479804666740839
1973,4.917125746245489e-05,0.9480296379315464
1974,4.9171257462454867e-05,0.9480788091890089
1975,4.917125746245486e-05,0.9481279804464714
1976,4.917125746245485e-05,0.9481771517039339
1977,4.917125746245485e-05,0.9482263229613964
1978,4.9171257462454846e-05,0.9482754942188589
1979,4.917125746245484e-05,0.9483246654763214
1980,4.917125746245482e-05,0.948373836733784
1981,4.917125746245481e-05,0.9484230079912465
1982,4.9171257462454806e-05,0.948472179248709
1983,4.9171257462454806e-05,0.9485213505061715
1984,4.917125746245479e-05,0.948570521763634
1985,4.917125746245478e-05,0.9486196930210965
1986,4.917125746245478e-05,0.948668864278559
1987,4.917125746245477e-05,0.9487180355360215
1988,4.917125746245475e-05,0.9487672067934839
1989,4.917125746245475e-05,0.9488163780509463
1990,4.917125746245475e-05,0.9488655493084087
1991,4.9171257462454745e-05,0.9489147205658711
1992,4.917125746245473e-05,0.9489638918233335
1993,4.9171257462454724e-05,0.9490130630807959
1994,4.917125746245472e-05,0.9490622343382583
1995,4.917125746245471e-05,0.9491114055957207
1996,4.917125746245469e-05,0.9491605768531831
1997,4.917125746245469e-05,0.9492097481106455
1998,4.917125746245469e-05,0.9492589193681079
1999,4.917125746245468e-05,0.9493080906255703
2000,4.917125746245468e-05,0.9493572618830327
2001,4.917125746245468e-05,0.9494064331404951
2002,4.917125746245466e-05,0.9494556043979575
2003,4.9171257462454656e-05,0.9495047756554199
2004,4.9171257462454656e-05,0.9495539469128823
2005,4.917125746245464e-05,0.9496031181703447
2006,4.9171257462454636e-05,0.9496522894278071
2007,4.917125746245462e-05,0.9497014606852695
2008,4.9171257462454616e-05,0.9497506319427319
2009,4.9171257462454616e-05,0.9497998032001943
2010,4.917125746245461e-05,0.9498489744576567
2011,4.917125746245461e-05,0.9498981457151191
2012,4.917125746245461e-05,0.9499473169725815
2013,4.91712574624546e-05,0.9499964882300439
2014,4.91712574624546e-05,0.9500456594875063
2015,4.9171257462454596e-05,0.9500948307449687
2016,4.917125746245458e-05,0.9501440020024311
2017,4.9171257462454575e-05,0.9501931732598935
2018,4.917125746245457e-05,0.9502423445173559
2019,4.917125746245456e-05,0.9502915157748183
2020,4.917125746245454e-05,0.9503406870322807
2021,4.917125746245454e-05,0.9503898582897431
2022,4.917125746245454e-05,0.9504390295472055
2023,4.9171257462454535e-05,0.9504882008046679
2024,4.917125746245453e-05,0.9505373720621303
2025,4.9171257462454514e-05,0.9505865433195927
2026,4.917125746245451e-05,0.9506357145770551
2027,4.9171257462454494e-05,0.9506848858345175
2028,4.9171257462454494e-05,0.9507340570919799
2029,4.9171257462454494e-05,0.9507832283494423
2030,4.917125746245449e-05,0.9508323996069047
2031,4.917125746245448e-05,0.9508815708643671
2032,4.9171257462454474e-05,0.9509307421218295
2033,4.9171257462454446e-05,0.9509799133792919
2034,4.9171257462454446e-05,0.9510290846367543
2035,4.917125746245444e-05,0.9510782558942167
2036,4.917125746245444e-05,0.9511274271516791
2037,4.917125746245443e-05,0.9511765984091415
2038,4.9171257462454426e-05,0.9512257696666039
2039,4.9171257462454426e-05,0.9512749409240663
2040,4.917125746245442e-05,0.9513241121815287
2041,4.917125746245441e-05,0.9513732834389911
2042,4.91712574624544e-05,0.9514224546964535
2043,4.917125746245439e-05,0.9514716259539159
2044,4.9171257462454385e-05,0.9515207972113783
2045,4.9171257462454385e-05,0.9515699684688407
2046,4.9171257462454385e-05,0.9516191397263031
2047,4.917125746245438e-05,0.9516683109837655
2048,4.917125746245436e-05,0.9517174822412279
2049,4.917125746245435e-05,0.9517666534986903
2050,4.917125746245435e-05,0.9518158247561527
2051,4.9171257462454345e-05,0.9518649960136151
2052,4.9171257462454345e-05,0.9519141672710775
2053,4.9171257462454324e-05,0.9519633385285399
2054,4.917125746245432e-05,0.9520125097860023
2055,4.917125746245432e-05,0.9520616810434647
2056,4.917125746245431e-05,0.9521108523009271
2057,4.917125746245431e-05,0.9521600235583895
2058,4.9171257462454304e-05,0.9522091948158519
2059,4.91712574624543e-05,0.9522583660733143
2060,4.917125746245428e-05,0.9523075373307767
2061,4.917125746245428e-05,0.9523567085882391
2062,4.917125746245427e-05,0.9524058798457015
2063,4.9171257462454263e-05,0.9524550511031639
2064,4.917125746245426e-05,0.9525042223606263
2065,4.917125746245425e-05,0.9525533936180887
2066,4.917125746245424e-05,0.9526025648755511
2067,4.917125746245424e-05,0.9526517361330135
2068,4.917125746245424e-05,0.9527009073904759
2069,4.9171257462454236e-05,0.9527500786479383
2070,4.917125746245422e-05,0.9527992499054007
2071,4.917125746245422e-05,0.9528484211628631
2072,4.9171257462454216e-05,0.9528975924203255
2073,4.917125746245421e-05,0.9529467636777879
2074,4.917125746245421e-05,0.9529959349352503
2075,4.91712574624542e-05,0.9530451061927127
2076,4.9171257462454196e-05,0.953094277450175
2077,4.917125746245418e-05,0.9531434487076375
2078,4.9171257462454175e-05,0.9531926199650999
2079,4.9171257462454175e-05,0.9532417912225623
2080,4.917125746245416e-05,0.9532909624800247
2081,4.917125746245416e-05,0.953340133737487
2082,4.917125746245416e-05,0.9533893049949494
2083,4.9171257462454155e-05,0.9534384762524118
2084,4.917125746245415e-05,0.9534876475098742
2085,4.917125746245414e-05,0.9535368187673366
2086,4.917125746245414e-05,0.953585990024799
2087,4.917125746245413e-05,0.9536351612822614
2088,4.917125746245412e-05,0.9536843325397238
2089,4.917125746245412e-05,0.9537335037971862
2090,4.9171257462454114e-05,0.9537826750546486
2091,4.917125746245411e-05,0.953831846312111
2092,4.9171257462454094e-05,0.9538810175695734
2093,4.9171257462454094e-05,0.9539301888270358
2094,4.917125746245409e-05,0.9539793600844982
2095,4.917125746245409e-05,0.9540285313419606
2096,4.917125746245409e-05,0.954077702599423
2097,4.917125746245407e-05,0.9541268738568854
2098,4.917125746245407e-05,0.9541760451143478
2099,4.917125746245406e-05,0.9542252163718102
2100,4.917125746245406e-05,0.9542743876292726
2101,4.917125746245406e-05,0.954323558886735
2102,4.9171257462454053e-05,0.9543727301441974
2103,4.917125746245404e-05,0.9544219014016598
2104,4.917125746245404e-05,0.9544710726591222
2105,4.917125746245403e-05,0.9545202439165846
2106,4.917125746245403e-05,0.954569415174047
2107,4.917125746245403e-05,0.9546185864315094
2108,4.917125746245401e-05,0.9546677576889718
2109,4.917125746245401e-05,0.9547169289464342
2110,4.917125746245401e-05,0.9547661002038966
2111,4.9171257462454e-05,0.954815271461359
2112,4.917125746245399e-05,0.9548644427188214
2113,4.9171257462453986e-05,0.9549136139762838
2114,4.917125746245397e-05,0.9549627852337462
2115,4.917125746245397e-05,0.9550119564912086
2116,4.9171257462453965e-05,0.955061127748671
2117,4.917125746245396e-05,0.9551102990061334
2118,4.917125746245396e-05,0.9551594702635958
2119,4.917125746245395e-05,0.9552086415210582
2120,4.917125746245395e-05,0.9552578127785206
2121,4.917125746245395e-05,0.955306984035983
2122,4.917125746245395e-05,0.9553561552934454
2123,4.917125746245394e-05,0.9554053265509078
2124,4.917125746245393e-05,0.9554544978083702
2125,4.9171257462453904e-05,0.9555036690658326
2126,4.9171257462453904e-05,0.955552840323295
2127,4.917125746245389e-05,0.9556020115807574
2128,4.917125746245389e-05,0.9556511828382198
2129,4.9171257462453884e-05,0.9557003540956822
2130,4.917125746245388e-05,0.9557495253531446
2131,4.917125746245388e-05,0.955798696610607
2132,4.917125746245387e-05,0.9558478678680694
2133,4.917125746245387e-05,0.9558970391255318
2134,4.917125746245385e-05,0.9559462103829942
2135,4.917125746245385e-05,0.9559953816404566
2136,4.917125746245385e-05,0.956044552897919
2137,4.917125746245384e-05,0.9560937241553814
2138,4.9171257462453837e-05,0.9561428954128438
2139,4.9171257462453837e-05,0.9561920666703062
2140,4.917125746245383e-05,0.9562412379277686
2141,4.9171257462453816e-05,0.956290409185231
2142,4.917125746245381e-05,0.9563395804426934
2143,4.91712574624538e-05,0.9563887517001558
2144,4.9171257462453796e-05,0.9564379229576182
2145,4.9171257462453796e-05,0.9564870942150806
2146,4.9171257462453796e-05,0.956536265472543
2147,4.9171257462453776e-05,0.9565854367300054
2148,4.917125746245377e-05,0.9566346079874678
2149,4.917125746245377e-05,0.9566837792449302
2150,4.917125746245377e-05,0.9567329505023926
2151,4.917125746245377e-05,0.956782121759855
2152,4.9171257462453755e-05,0.9568312930173174
2153,4.9171257462453755e-05,0.9568804642747798
2154,4.917125746245375e-05,0.9569296355322422
2155,4.917125746245373e-05,0.9569788067897046
2156,4.917125746245372e-05,0.957027978047167
2157,4.9171257462453715e-05,0.9570771493046294
2158,4.917125746245371e-05,0.9571263205620918
2159,4.917125746245371e-05,0.9571754918195542
2160,4.9171257462453694e-05,0.9572246630770166
2161,4.9171257462453694e-05,0.957273834334479
2162,4.917125746245369e-05,0.9573230055919414
2163,4.917125746245368e-05,0.9573721768494038
2164,4.917125746245367e-05,0.9574213481068662
2165,4.917125746245367e-05,0.9574705193643286
2166,4.917125746245366e-05,0.957519690621791
2167,4.9171257462453654e-05,0.9575688618792534
2168,4.917125746245363e-05,0.9576180331367158
2169,4.917125746245363e-05,0.9576672043941782
2170,4.9171257462453627e-05,0.9577163756516406
2171,4.9171257462453627e-05,0.957765546909103
2172,4.917125746245361e-05,0.9578147181665654
2173,4.917125746245359e-05,0.9578638894240278
2174,4.917125746245359e-05,0.9579130606814902
2175,4.917125746245359e-05,0.9579622319389526
2176,4.9171257462453586e-05,0.958011403196415
2177,4.917125746245356e-05,0.9580605744538774
2178,4.917125746245354e-05,0.9581097457113398
2179,4.917125746245353e-05,0.9581589169688022
2180,4.9171257462453525e-05,0.9582080882262646
2181,4.9171257462453525e-05,0.958257259483727
2182,4.9171257462453525e-05,0.9583064307411894
2183,4.917125746245352e-05,0.9583556019986518
2184,4.91712574624535e-05,0.9584047732561142
2185,4.91712574624535e-05,0.9584539445135766
2186,4.9171257462453484e-05,0.958503115771039
2187,4.9171257462453484e-05,0.9585522870285014
2188,4.917125746245348e-05,0.9586014582859638
2189,4.917125746245348e-05,0.9586506295434262
2190,4.9171257462453464e-05,0.9586998008008886
2191,4.917125746245345e-05,0.958748972058351
2192,4.9171257462453444e-05,0.9587981433158134
2193,4.917125746245344e-05,0.9588473145732758
2194,4.917125746245344e-05,0.9588964858307382
2195,4.9171257462453416e-05,0.9589456570882006
2196,4.9171257462453416e-05,0.958994828345663
2197,4.9171257462453416e-05,0.9590439996031254
2198,4.9171257462453396e-05,0.9590931708605878
2199,4.917125746245339e-05,0.9591423421180502
2200,4.917125746245339e-05,0.9591915133755126
2201,4.917125746245339e-05,0.959240684632975
2202,4.917125746245338e-05,0.9592898558904374
2203,4.9171257462453355e-05,0.9593390271478998
2204,4.917125746245334e-05,0.9593881984053622
2205,4.917125746245334e-05,0.9594373696628246
2206,4.917125746245333e-05,0.959486540920287
2207,4.917125746245332e-05,0.9595357121777494
2208,4.917125746245331e-05,0.9595848834352118
2209,4.91712574624533e-05,0.9596340546926742
2210,4.9171257462453294e-05,0.9596832259501366
2211,4.917125746245329e-05,0.959732397207599
2212,4.917125746245327e-05,0.9597815684650614
2213,4.9171257462453254e-05,0.9598307397225238
2214,4.917125746245325e-05,0.9598799109799862
2215,4.917125746245324e-05,0.9599290822374485
2216,4.917125746245324e-05,0.959978253494911
2217,4.9171257462453233e-05,0.9600274247523733
2218,4.917125746245321e-05,0.9600765960098357
2219,4.917125746245321e-05,0.9601257672672981
2220,4.917125746245319e-05,0.9601749385247605
2221,4.917125746245319e-05,0.960224109782223
2222,4.917125746245318e-05,0.9602732810396853
2223,4.9171257462453166e-05,0.9603224522971477
2224,4.917125746245314e-05,0.9603716235546101
2225,4.917125746245313e-05,0.9604207948120725
2226,4.9171257462453125e-05,0.9604699660695349
2227,4.9171257462453125e-05,0.9605191373269973
2228,4.917125746245311e-05,0.9605683085844597
2229,4.917125746245309e-05,0.9606174798419221
2230,4.917125746245308e-05,0.9606666510993845
2231,4.917125746245307e-05,0.9607158223568469
2232,4.9171257462453064e-05,0.9607649936143093
2233,4.917125746245306e-05,0.9608141648717717
2234,4.917125746245305e-05,0.9608633361292341
2235,4.917125746245305e-05,0.9609125073866965
2236,4.917125746245303e-05,0.9609616786441589
2237,4.9171257462453023e-05,0.9610108499016213
2238,4.917125746245302e-05,0.9610600211590837
2239,4.917125746245302e-05,0.9611091924165461
2240,4.917125746245301e-05,0.9611583636740085
2241,4.9171257462452976e-05,0.9612075349314709
2242,4.917125746245297e-05,0.9612567061889333
2243,4.917125746245297e-05,0.9613058774463957
2244,4.917125746245296e-05,0.9613550487038581
2245,4.917125746245296e-05,0.9614042199613205
2246,4.9171257462452956e-05,0.9614533912187829
2247,4.9171257462452935e-05,0.9615025624762453
2248,4.917125746245293e-05,0.9615517337337077
2249,4.917125746245293e-05,0.9616009049911701
2250,4.917125746245292e-05,0.9616500762486325
2251,4.9171257462452895e-05,0.9616992475060949
2252,4.917125746245288e-05,0.9617484187635573
2253,4.917125746245287e-05,0.9617975900210197
2254,4.917125746245286e-05,0.9618467612784821
2255,4.917125746245286e-05,0.9618959325359445
2256,4.917125746245286e-05,0.9619451037934069
2257,4.917125746245285e-05,0.9619942750508693
2258,4.917125746245285e-05,0.9620434463083317
2259,4.917125746245284e-05,0.9620926175657941
2260,4.9171257462452834e-05,0.9621417888232565
2261,4.9171257462452834e-05,0.9621909600807189
2262,4.917125746245283e-05,0.9622401313381813
2263,4.917125746245283e-05,0.9622893025956437
2264,4.917125746245281e-05,0.9623384738531061
2265,4.917125746245279e-05,0.9623876451105685
2266,4.917125746245279e-05,0.9624368163680309
2267,4.9171257462452786e-05,0.9624859876254933
2268,4.917125746245278e-05,0.9625351588829557
2269,4.917125746245277e-05,0.9625843301404181
2270,4.917125746245276e-05,0.9626335013978805
2271,4.917125746245275e-05,0.9626826726553429
2272,4.9171257462452746e-05,0.9627318439128053
2273,4.9171257462452746e-05,0.9627810151702677
2274,4.917125746245274e-05,0.9628301864277301
2275,4.917125746245271e-05,0.9628793576851925
2276,4.9171257462452705e-05,0.9629285289426549
2277,4.9171257462452705e-05,0.9629777002001173
2278,4.91712574624527e-05,0.9630268714575797
2279,4.9171257462452685e-05,0.9630760427150421
2280,4.9171257462452685e-05,0.9631252139725045
2281,4.917125746245268e-05,0.9631743852299669
2282,4.917125746245267e-05,0.9632235564874293
2283,4.917125746245266e-05,0.9632727277448917
2284,4.917125746245265e-05,0.9633218990023541
2285,4.917125746245265e-05,0.9633710702598165
2286,4.917125746245263e-05,0.9634202415172789
2287,4.9171257462452624e-05,0.9634694127747413
2288,4.9171257462452624e-05,0.9635185840322037
2289,4.91712574624526e-05,0.9635677552896661
2290,4.9171257462452597e-05,0.9636169265471285
2291,4.917125746245259e-05,0.9636660978045909
2292,4.917125746245259e-05,0.9637152690620533
2293,4.917125746245258e-05,0.9637644403195157
2294,4.917125746245258e-05,0.9638136115769781
2295,4.917125746245257e-05,0.9638627828344405
2296,4.917125746245257e-05,0.9639119540919029
2297,4.917125746245256e-05,0.9639611253493653
2298,4.9171257462452556e-05,0.9640102966068277
2299,4.9171257462452536e-05,0.9640594678642901
2300,4.917125746245253e-05,0.9641086391217525
2301,4.917125746245252e-05,0.9641578103792149
2302,4.917125746245251e-05,0.9642069816366773
2303,4.91712574624525e-05,0.9642561528941397
2304,4.9171257462452495e-05,0.9643053241516021
2305,4.9171257462452495e-05,0.9643544954090645
2306,4.917125746245249e-05,0.9644036666665269
2307,4.917125746245248e-05,0.9644528379239893
2308,4.9171257462452475e-05,0.9645020091814517
2309,4.917125746245247e-05,0.9645511804389141
2310,4.917125746245246e-05,0.9646003516963765
2311,4.917125746245244e-05,0.9646495229538389
2312,4.9171257462452434e-05,0.9646986942113013
2313,4.917125746245242e-05,0.9647478654687637
2314,4.917125746245241e-05,0.9647970367262261
2315,4.91712574624524e-05,0.9648462079836885
2316,4.91712574624524e-05,0.9648953792411509
2317,4.9171257462452386e-05,0.9649445504986133
2318,4.917125746245238e-05,0.9649937217560757
2319,4.917125746245235e-05,0.9650428930135381
2320,4.917125746245235e-05,0.9650920642710005
2321,4.9171257462452346e-05,0.9651412355284629
2322,4.917125746245234e-05,0.9651904067859253
2323,4.917125746245234e-05,0.9652395780433877
2324,4.9171257462452325e-05,0.9652887493008501
2325,4.917125746245232e-05,0.9653379205583125
2326,4.91712574624523e-05,0.9653870918157749
2327,4.91712574624523e-05,0.9654362630732373
2328,4.917125746245229e-05,0.9654854343306997
2329,4.9171257462452285e-05,0.9655346055881621
2330,4.917125746245228e-05,0.9655837768456245
2331,4.9171257462452264e-05,0.9656329481030869
2332,4.917125746245226e-05,0.9656821193605493
2333,4.917125746245225e-05,0.9657312906180117
2334,4.917125746245225e-05,0.9657804618754741
2335,4.9171257462452244e-05,0.9658296331329365
2336,4.917125746245222e-05,0.9658788043903989
2337,4.9171257462452203e-05,0.9659279756478613
2338,4.9171257462452203e-05,0.9659771469053237
2339,4.91712574624522e-05,0.9660263181627861
2340,4.917125746245219e-05,0.9660754894202485
2341,4.9171257462452156e-05,0.9661246606777109
2342,4.9171257462452156e-05,0.9661738319351733
2343,4.917125746245214e-05,0.9662230031926357
2344,4.9171257462452136e-05,0.966272174450098
2345,4.9171257462452136e-05,0.9663213457075605
2346,4.917125746245212e-05,0.9663705169650229
2347,4.917125746245208e-05,0.9664196882224853
2348,4.917125746245208e-05,0.9664688594799477
2349,4.9171257462452075e-05,0.96651803073741
2350,4.917125746245203e-05,0.9665672019948724
2351,4.917125746245203e-05,0.9666163732523348
2352,4.917125746245203e-05,0.9666655445097972
2353,4.9171257462451993e-05,0.9667147157672596
2354,4.917125746245199e-05,0.966763887024722
2355,4.917125746245199e-05,0.9668130582821844
2356,4.917125746245195e-05,0.9668622295396468
2357,4.9171257462451946e-05,0.9669114007971092
2358,4.917125746245193e-05,0.9669605720545716
2359,4.91712574624519e-05,0.967009743312034
2360,4.917125746245189e-05,0.9670589145694964
2361,4.917125746245187e-05,0.9671080858269588
2362,4.917125746245186e-05,0.9671572570844212
2363,4.917125746245185e-05,0.9672064283418836
2364,4.917125746245184e-05,0.967255599599346
2365,4.917125746245183e-05,0.9673047708568084
2366,4.91712574624518e-05,0.9673539421142708
2367,4.917125746245179e-05,0.9674031133717332
2368,4.917125746245177e-05,0.9674522846291956
2369,4.917125746245176e-05,0.967501455886658
2370,4.917125746245174e-05,0.9675506271441204
2371,4.9171257462451736e-05,0.9675997984015828
2372,4.9171257462451736e-05,0.9676489696590452
2373,4.91712574624517e-05,0.9676981409165076
2374,4.9171257462451655e-05,0.96774731217397
2375,4.9171257462451655e-05,0.9677964834314324
2376,4.917125746245163e-05,0.9678456546888948
2377,4.9171257462451614e-05,0.9678948259463572
2378,4.917125746245158e-05,0.9679439972038196
2379,4.917125746245152e-05,0.967993168461282
2380,4.917125746245151e-05,0.9680423397187444
2381,4.9171257462451485e-05,0.9680915109762068
2382,4.917125746245144e-05,0.9681406822336692
2383,4.917125746245144e-05,0.9681898534911316
2384,4.917125746245141e-05,0.968239024748594
2385,4.9171257462451404e-05,0.9682881960060564
2386,4.917125746245139e-05,0.9683373672635188
2387,4.917125746245132e-05,0.9683865385209812
2388,4.91712574624513e-05,0.9684357097784436
2389,4.9171257462451275e-05,0.968484881035906
2390,4.917125746245125e-05,0.9685340522933684
2391,4.9171257462451173e-05,0.9685832235508308
2392,4.917125746245117e-05,0.9686323948082932
2393,4.917125746245117e-05,0.9686815660657556
2394,4.9171257462451126e-05,0.968730737323218
2395,4.917125746245101e-05,0.9687799085806804
2396,4.917125746245097e-05,0.9688290798381428
2397,4.917125746245096e-05,0.9688782510956052
2398,4.917125746245092e-05,0.9689274223530676
2399,4.917125746245087e-05,0.96897659361053
2400,4.91712574624508e-05,0.9690257648679924
2401,4.9171257462450774e-05,0.9690749361254548
2402,4.91712574624507e-05,0.9691241073829172
2403,4.917125746245064e-05,0.9691732786403796
2404,4.9171257462450625e-05,0.969222449897842
2405,4.9171257462450625e-05,0.9692716211553044
2406,4.917125746245059e-05,0.9693207924127668
2407,4.9171257462450516e-05,0.9693699636702292
2408,4.917125746245051e-05,0.9694191349276916
2409,4.917125746245042e-05,0.969468306185154
2410,4.917125746245035e-05,0.9695174774426164
2411,4.9171257462450286e-05,0.9695666487000788
2412,4.917125746245025e-05,0.9696158199575412
2413,4.917125746245019e-05,0.9696649912150036
2414,4.917125746245019e-05,0.969714162472466
2415,4.9171257462450184e-05,0.9697633337299284
2416,4.917125746245015e-05,0.9698125049873908
2417,4.917125746245005e-05,0.9698616762448532
2418,4.9171257462450015e-05,0.9699108475023156
2419,4.917125746245e-05,0.969960018759778
2420,4.9171257462449906e-05,0.9700091900172404
2421,4.9171257462449825e-05,0.9700583612747028
2422,4.9171257462449676e-05,0.9701075325321652
2423,4.9171257462449656e-05,0.9701567037896276
2424,4.917125746244948e-05,0.97020587504709
2425,4.9171257462449466e-05,0.9702550463045524
2426,4.91712574624494e-05,0.9703042175620148
2427,4.917125746244938e-05,0.9703533888194772
2428,4.917125746244932e-05,0.9704025600769396
2429,4.9171257462449296e-05,0.970451731334402
2430,4.917125746244918e-05,0.9705009025918644
2431,4.917125746244911e-05,0.9705500738493268
2432,4.917125746244904e-05,0.9705992451067892
2433,4.9171257462449e-05,0.9706484163642516
2434,4.9171257462448944e-05,0.970697587621714
2435,4.9171257462448836e-05,0.9707467588791764
2436,4.917125746244866e-05,0.9707959301366388
2437,4.9171257462448605e-05,0.9708451013941012
2438,4.9171257462448565e-05,0.9708942726515636
2439,4.9171257462448456e-05,0.970943443909026
2440,4.917125746244841e-05,0.9709926151664884
2441,4.917125746244825e-05,0.9710417864239508
2442,4.917125746244813e-05,0.9710909576814132
2443,4.917125746244809e-05,0.9711401289388756
2444,4.917125746244805e-05,0.971189300196338
2445,4.9171257462447873e-05,0.9712384714538004
2446,4.917125746244773e-05,0.9712876427112628
2447,4.917125746244766e-05,0.9713368139687252
2448,4.917125746244758e-05,0.9713859852261876
2449,4.9171257462447386e-05,0.97143515648365
2450,4.917125746244731e-05,0.9714843277411124
2451,4.9171257462447304e-05,0.9715334989985748
2452,4.917125746244709e-05,0.9715826702560372
2453,4.917125746244692e-05,0.9716318415134996
2454,4.9171257462446776e-05,0.971681012770962
2455,4.9171257462446633e-05,0.9717301840284244
2456,4.9171257462446484e-05,0.9717793552858868
2457,4.917125746244637e-05,0.9718285265433492
2458,4.917125746244633e-05,0.9718776978008116
2459,4.91712574624463e-05,0.971926869058274
2460,4.917125746244618e-05,0.9719760403157364
2461,4.9171257462445813e-05,0.9720252115731988
2462,4.917125746244568e-05,0.9720743828306612
2463,4.9171257462445475e-05,0.9721235540881236
2464,4.917125746244536e-05,0.972172725345586
2465,4.9171257462445204e-05,0.9722218966030484
2466,4.9171257462444926e-05,0.9722710678605108
2467,4.9171257462444756e-05,0.9723202391179732
2468,4.9171257462444275e-05,0.9723694103754356
2469,4.917125746244419e-05,0.972418581632898
2470,4.9171257462443726e-05,0.9724677528903604
2471,4.9171257462443625e-05,0.9725169241478228
2472,4.917125746244335e-05,0.9725660954052852
2473,4.917125746244317e-05,0.9726152666627476
2474,4.9171257462442934e-05,0.97266443792021
2475,4.9171257462442764e-05,0.9727136091776724
2476,4.917125746244243e-05,0.9727627804351348
2477,4.917125746244184e-05,0.9728119516925972
2478,4.917125746244179e-05,0.9728611229500596
2479,4.917125746244158e-05,0.972910294207522
2480,4.917125746244091e-05,0.9729594654649844
2481,4.917125746244072e-05,0.9730086367224468
2482,4.917125746244035e-05,0.9730578079799092
2483,4.917125746243975e-05,0.9731069792373715
2484,4.917125746243951e-05,0.973156150494834
2485,4.917125746243941e-05,0.9732053217522963
2486,4.9171257462439024e-05,0.9732544930097587
2487,4.917125746243841e-05,0.9733036642672211
2488,4.91712574624378e-05,0.9733528355246835
2489,4.917125746243719e-05,0.973402006782146
2490,4.917125746243629e-05,0.9734511780396083
2491,4.9171257462435825e-05,0.9735003492970707
2492,4.9171257462435154e-05,0.9735495205545331
2493,4.9171257462434395e-05,0.9735986918119955
2494,4.9171257462433454e-05,0.9736478630694579
2495,4.917125746243255e-05,0.9736970343269203
2496,4.9171257462431495e-05,0.9737462055843827
2497,4.9171257462430025e-05,0.9737953768418451
2498,4.917125746242965e-05,0.9738445480993075
2499,4.917125746242794e-05,0.9738937193567699
2500,4.917125746242657e-05,0.9739428906142323
2501,4.917125746242492e-05,0.9739920618716947
2502,4.917125746242385e-05,0.9740412331291571
2503,4.917125746242222e-05,0.9740904043866195
2504,4.9171257462419915e-05,0.9741395756440819
2505,4.917125746241511e-05,0.9741887469015443
2506,4.9171257462414446e-05,0.9742379181590067
2507,4.9171257462413104e-05,0.9742870894164691
2508,4.9171257462408856e-05,0.9743362606739315
2509,4.917125746240305e-05,0.9743854319313939
2510,4.9171257462398414e-05,0.9744346031888563
2511,4.917125746239314e-05,0.9744837744463187
2512,4.917125746237656e-05,0.9745329457037811
2513,4.9171257462374954e-05,0.9745821169612435
2514,4.9171257462345654e-05,0.9746312882187059
2515,4.917125746221013e-05,0.9746804594761681
2516,4.915071376042182e-05,0.9747296101899285
2517,4.9119858274268024e-05,0.9747787300482028
2518,4.9105296807802706e-05,0.9748278353450106
2519,4.909667194429471e-05,0.9748769320169549
2520,4.907069706270433e-05,0.9749260027140176
2521,4.903441732858998e-05,0.9749750371313463
2522,4.901873881802206e-05,0.9750240558701643
2523,4.899064285796611e-05,0.9750730465130223
2524,4.8959402075957744e-05,0.9751220059150982
2525,4.8933336165460615e-05,0.9751709392512637
2526,4.89017791480043e-05,0.9752198410304117
2527,4.888946118387421e-05,0.9752687304915956
2528,4.883261175520729e-05,0.9753175631033508
2529,4.881886461085844e-05,0.9753663819679617
2530,4.8781448148287224e-05,0.9754151634161099
2531,4.877300941568291e-05,0.9754639364255255
2532,4.874680577353397e-05,0.975512683231299
2533,4.8712329432460495e-05,0.9755613955607315
2534,4.8686546751771876e-05,0.9756100821074832
2535,4.866150430308781e-05,0.9756587436117863
2536,4.865879407625399e-05,0.9757074024058625
2537,4.861134212400597e-05,0.9757560137479865
2538,4.858953944916354e-05,0.9758046032874357
2539,4.856182315256568e-05,0.9758531651105883
2540,4.8523745119482976e-05,0.9759016888557077
2541,4.851184937831915e-05,0.9759502007050861
2542,4.84870956486068e-05,0.9759986878007347
2543,4.8477844718635084e-05,0.9760471656454534
2544,4.845513621920382e-05,0.9760956207816726
2545,4.845200353654633e-05,0.9761440727852091
2546,4.8426935070968355e-05,0.9761924997202801
2547,4.8388775462553334e-05,0.9762408884957426
2548,4.8341723738471866e-05,0.9762892302194811
2549,4.8319953015929156e-05,0.976337550172497
2550,4.830920989052845e-05,0.9763858593823875
2551,4.8270308633265724e-05,0.9764341296910208
2552,4.825845163318437e-05,0.976482388142654
2553,4.824279576464102e-05,0.9765306309384186
2554,4.822998672282582e-05,0.9765788609251415
2555,4.819620213987208e-05,0.9766270571272814
2556,4.8180213798010785e-05,0.9766752373410794
2557,4.81709100938273e-05,0.9767234082511732
2558,4.815779049510094e-05,0.9767715660416683
2559,4.812922503341992e-05,0.9768196952667016
2560,4.812556874079956e-05,0.9768678208354424
2561,4.811852033220243e-05,0.9769159393557746
2562,4.808227449646118e-05,0.9769640216302711
2563,4.802975483112255e-05,0.9770120513851022
2564,4.798583543070135e-05,0.9770600372205329
2565,4.796712387160723e-05,0.9771080043444045
2566,4.795125748911511e-05,0.9771559556018936
2567,4.7934122921240324e-05,0.9772038897248149
2568,4.791809052457304e-05,0.9772518078153395
2569,4.790758991354761e-05,0.9772997154052531
2570,4.786408520109286e-05,0.9773475794904541
2571,4.785986142280461e-05,0.9773954393518769
2572,4.7821292401448576e-05,0.9774432606442783
2573,4.7816290887738414e-05,0.9774910769351661
2574,4.778033303445758e-05,0.9775388572682006
2575,4.775633387002697e-05,0.9775866136020706
2576,4.774741785593821e-05,0.9776343610199265
2577,4.7713084787803144e-05,0.9776820741047143
2578,4.7684009991371763e-05,0.9777297581147056
2579,4.766524677500417e-05,0.9777774233614807
2580,4.764072605077045e-05,0.9778250640875314
2581,4.7628066983211016e-05,0.9778726921545147
2582,4.759974305740289e-05,0.9779202918975721
2583,4.758938918016426e-05,0.9779678812867523
2584,4.756593342096646e-05,0.9780154472201732
2585,4.754023852327588e-05,0.9780629874586965
2586,4.752890463085099e-05,0.9781105163633274
2587,4.749919022737195e-05,0.9781580155535547
2588,4.74932218284256e-05,0.9782055087753831
2589,4.747592732564498e-05,0.9782529847027088
2590,4.745937698322824e-05,0.9783004440796921
2591,4.742475672145033e-05,0.9783478688364136
2592,4.740676904637121e-05,0.9783952756054599
2593,4.7398281860082463e-05,0.97844267388732
2594,4.73734904670193e-05,0.978490047377787
2595,4.736641558437986e-05,0.9785374137933713
2596,4.733971594865769e-05,0.97858475350932
2597,4.7320165877839446e-05,0.9786320736751978
2598,4.7314289563177846e-05,0.978679387964761
2599,4.729921294190175e-05,0.9787266871777028
2600,4.7269594946906455e-05,0.9787739567726498
2601,4.723606067921797e-05,0.978821192833329
2602,4.7233694013290284e-05,0.9788684265273423
2603,4.71896582303255e-05,0.9789156161855727
2604,4.717001026363444e-05,0.9789627861958363
2605,4.714771797137761e-05,0.9790099339138078
2606,4.713502578622073e-05,0.979057068939594
2607,4.712923428856024e-05,0.9791041981738825
2608,4.7112815283106405e-05,0.9791513109891656
2609,4.7099869240524995e-05,0.9791984108584062
2610,4.7064190852894e-05,0.9792454750492591
2611,4.7048376483249646e-05,0.9792925234257424
2612,4.703391181663588e-05,0.979339557337559
2613,4.701853656212426e-05,0.979386575874121
2614,4.7004444810559275e-05,0.9794335803189316
2615,4.699566936459529e-05,0.9794805759882962
2616,4.6979374568907716e-05,0.9795275553628651
2617,4.694462311117718e-05,0.9795744999859762
2618,4.6927682255326e-05,0.9796214276682316
2619,4.692059202734237e-05,0.979668348260259
2620,4.690126219165817e-05,0.9797152495224506
2621,4.6887305655251225e-05,0.9797621368281059
2622,4.6863386789877194e-05,0.9798090002148957
2623,4.684828026176694e-05,0.9798558484951575
2624,4.68390720540902e-05,0.9799026875672115
2625,4.683728144737688e-05,0.9799495248486589
2626,4.6791569255110206e-05,0.9799963164179141
2627,4.677659706535519e-05,0.9800430930149794
2628,4.67719689312637e-05,0.9800898649839106
2629,4.675607172785343e-05,0.9801366210556385
2630,4.6741519094428525e-05,0.9801833625747329
2631,4.6719037565425994e-05,0.9802300816122984
2632,4.6712126453635834e-05,0.9802767937387521
2633,4.668643479559986e-05,0.9803234801735476
2634,4.6668395478183656e-05,0.9803701485690258
2635,4.6653829182406536e-05,0.9804168023982083
2636,4.661457859054273e-05,0.9804634169767988
2637,4.6600545931233225e-05,0.98051001752273
2638,4.658641727383422e-05,0.9805566039400039
2639,4.6581631121836304e-05,0.9806031855711257
2640,4.656897320974124e-05,0.9806497545443355
2641,4.6561373430814995e-05,0.9806963159177663
2642,4.6537902226704403e-05,0.980742853819993
2643,4.6520883292454683e-05,0.9807893747032855
2644,4.6518806664249684e-05,0.9808358935099498
2645,4.651112066269521e-05,0.9808824046306125
2646,4.648466909425083e-05,0.9809288892997068
2647,4.647287859721862e-05,0.9809753621783041
2648,4.6450674705063315e-05,0.9810218128530092
2649,4.644120334206094e-05,0.9810682540563512
2650,4.6421914500391546e-05,0.9811146759708517
2651,4.638915446707748e-05,0.9811610651253188
2652,4.637766625830656e-05,0.981207442791577
2653,4.636433146045663e-05,0.9812538071230374
2654,4.6355946585345574e-05,0.9813001630696228
2655,4.634343407066059e-05,0.9813465065036934
2656,4.6341346528987995e-05,0.9813928478502224
2657,4.6321279372181624e-05,0.9814391691295946
2658,4.629831025669665e-05,0.9814854674398513
2659,4.626924597012286e-05,0.9815317366858215
2660,4.6255911308558885e-05,0.9815779925971301
2661,4.6249226313301104e-05,0.9816242418234434
2662,4.622110901309414e-05,0.9816704629324565
2663,4.621550280475696e-05,0.9817166784352612
2664,4.6208888657569036e-05,0.9817628873239188
2665,4.619202710295122e-05,0.9818090793510218
2666,4.616998755470106e-05,0.9818552493385765
2667,4.615560621900822e-05,0.9819014049447955
2668,4.613203526212363e-05,0.9819475369800577
2669,4.6123934269554446e-05,0.9819936609143272
2670,4.610409618893948e-05,0.9820397650105162
2671,4.6102534504254815e-05,0.9820858675450204
2672,4.608334902846743e-05,0.9821319508940488
2673,4.606913662905633e-05,0.9821780200306779
2674,4.605565080574618e-05,0.9822240756814836
2675,4.6037759392998774e-05,0.9822701134408767
2676,4.6029692403452915e-05,0.9823161431332801
2677,4.599979987565602e-05,0.9823621429331557
2678,4.598989323803421e-05,0.9824081328263937
2679,4.598128083589805e-05,0.9824541141072296
2680,4.596047444741839e-05,0.982500074581677
2681,4.594556765388883e-05,0.9825460201493309
2682,4.593962137774098e-05,0.9825919597707087
2683,4.5936883411127015e-05,0.9826378966541198
2684,4.592362208198856e-05,0.9826838202762018
2685,4.5907127033526235e-05,0.9827297274032354
2686,4.590492172776598e-05,0.9827756323249631
2687,4.589245857769371e-05,0.9828215247835408
2688,4.588075027050502e-05,0.9828674055338112
2689,4.585108039476434e-05,0.982913256614206
2690,4.583821426847794e-05,0.9829590948284745
2691,4.583457014952316e-05,0.983004929398624
2692,4.582878109849661e-05,0.9830507581797225
2693,4.582748269643243e-05,0.983096585662419
2694,4.580867109365497e-05,0.9831423943335126
2695,4.579077854103469e-05,0.9831881851120536
2696,4.578349508842138e-05,0.9832339686071421
2697,4.577470361027121e-05,0.9832797433107523
2698,4.5761204237476416e-05,0.9833255045149898
2699,4.574573403599435e-05,0.9833712502490258
2700,4.5725780571321745e-05,0.9834169760295971
2701,4.5707324044156235e-05,0.9834626833536413
2702,4.569991698967493e-05,0.983508383270631
2703,4.5690669794693536e-05,0.9835540739404256
2704,4.56729796312926e-05,0.9835997469200569
2705,4.566793882444362e-05,0.9836454148588814
2706,4.5653403883527694e-05,0.9836910682627649
2707,4.564770405512967e-05,0.98373671596682
2708,4.564197132516128e-05,0.9837823579381452
2709,4.562259010560897e-05,0.9838279805282508
2710,4.56021079003818e-05,0.9838735826361512
2711,4.560020843803693e-05,0.9839191828445892
2712,4.559335803894601e-05,0.9839647762026282
2713,4.5583394782677564e-05,0.9840103595974109
2714,4.556169392413483e-05,0.984055921291335
2715,4.555926638241112e-05,0.9841014805577174
2716,4.554900731208135e-05,0.9841470295650295
2717,4.553335684336202e-05,0.9841925629218728
2718,4.551734004788154e-05,0.9842380802619207
2719,4.55160103003333e-05,0.9842835962722211
2720,4.5489083116219186e-05,0.9843290853553373
2721,4.5479516668795336e-05,0.984374564872006
2722,4.547360105433e-05,0.9844200384730604
2723,4.545707989517641e-05,0.9844654955529556
2724,4.545043500858939e-05,0.9845109459879642
2725,4.544371747956567e-05,0.9845563897054438
2726,4.5429829764798506e-05,0.9846018195352086
2727,4.54174409147214e-05,0.9846472369761233
2728,4.5410049302131565e-05,0.9846926470254255
2729,4.5389573468085026e-05,0.9847380365988936
2730,4.5377933790901885e-05,0.9847834145326845
2731,4.5365724959984436e-05,0.9848287802576444
2732,4.535589529777692e-05,0.9848741361529422
2733,4.5340788226846826e-05,0.984919476941169
2734,4.532385081091668e-05,0.9849648007919799
2735,4.531887851934832e-05,0.9850101196704992
2736,4.5302646362664835e-05,0.9850554223168619
2737,4.5298717277258665e-05,0.9851007210341391
2738,4.529103888137335e-05,0.9851460120730205
2739,4.5268916133735816e-05,0.9851912809891543
2740,4.526148208058566e-05,0.9852365424712349
2741,4.524290461266662e-05,0.9852817853758477
2742,4.523332622214149e-05,0.9853270187020698
2743,4.522042159709316e-05,0.9853722391236669
2744,4.520998161964491e-05,0.9854174491052865
2745,4.520038187503699e-05,0.9854626494871616
2746,4.5199398405976455e-05,0.9855078488855675
2747,4.5172868540865e-05,0.9855530217541084
2748,4.516871622808486e-05,0.9855981904703365
2749,4.515666431480356e-05,0.9856433471346513
2750,4.514744172009882e-05,0.9856884945763714
2751,4.512807963116523e-05,0.9857336226560026
2752,4.5123857551125964e-05,0.9857787465135538
2753,4.511298822132935e-05,0.9858238595017751
2754,4.510600350797361e-05,0.985868965505283
2755,4.5089164751603624e-05,0.9859140546700347
2756,4.508016533583976e-05,0.9859591348353706
2757,4.5059257408414926e-05,0.986004194092779
2758,4.504490346160865e-05,0.9860492389962405
2759,4.5032594064851157e-05,0.9860942715903054
2760,4.502207756573648e-05,0.9861392936678711
2761,4.500193471419482e-05,0.9861842956025854
2762,4.499851745332577e-05,0.9862292941200387
2763,4.4990351949110075e-05,0.9862742844719878
2764,4.497316795039625e-05,0.9863192576399382
2765,4.496199417457785e-05,0.9863642196341128
2766,4.494351843837326e-05,0.9864091631525512
2767,4.493156301656778e-05,0.9864540947155678
2768,4.492342177174677e-05,0.9864990181373395
2769,4.491342027505781e-05,0.9865439315576146
2770,4.490482465871866e-05,0.9865888363822732
2771,4.490167383286771e-05,0.9866337380561061
2772,4.488708470172917e-05,0.9866786251408078
2773,4.4876611799743376e-05,0.9867235017526076
2774,4.486380765446121e-05,0.986768365560262
2775,4.4859389438279895e-05,0.9868132249497004
2776,4.484303867468765e-05,0.986858067988375
2777,4.483526056893558e-05,0.986902903248944
2778,4.4829281525389346e-05,0.9869477325304694
2779,4.4806969123500326e-05,0.9869925394995929
2780,4.480209166600334e-05,0.9870373415912589
2781,4.4780759178473485e-05,0.9870821223504374
2782,4.476673489171241e-05,0.9871268890853291
2783,4.476170178638726e-05,0.9871716507871154
2784,4.475278380625014e-05,0.9872164035709217
2785,4.473639122188509e-05,0.9872611399621436
2786,4.472755346780702e-05,0.9873058675156114
2787,4.4709830365784204e-05,0.9873505773459772
2788,4.470150383059987e-05,0.9873952788498078
2789,4.469387926406589e-05,0.9874399727290719
2790,4.4676211159991745e-05,0.9874846489402319
2791,4.467424347043562e-05,0.9875293231837023
2792,4.4655261965291194e-05,0.9875739784456676
2793,4.4635607608755995e-05,0.9876186140532763
2794,4.461346455436039e-05,0.9876632275178306
2795,4.460824479912477e-05,0.9877078357626298
2796,4.460045479982764e-05,0.9877524362174296
2797,4.4596702927021695e-05,0.9877970329203566
2798,4.458809292369742e-05,0.9878416210132803
2799,4.4577007355757764e-05,0.987886198020636
2800,4.456762328405898e-05,0.9879307656439201
2801,4.456174180868136e-05,0.9879753273857288
2802,4.455393300028474e-05,0.9880198813187291
2803,4.453922235346346e-05,0.9880644205410826
2804,4.453257466517489e-05,0.9881089531157478
2805,4.452269086671084e-05,0.9881534758066145
2806,4.45187423226509e-05,0.9881979945489372
2807,4.450625465711085e-05,0.9882425008035943
2808,4.449001655731959e-05,0.9882869908201517
2809,4.4483710514405714e-05,0.988331474530666
2810,4.4471123005185995e-05,0.9883759456536713
2811,4.445322570721127e-05,0.9884203988793785
2812,4.44406759069532e-05,0.9884648395552854
2813,4.442809061325257e-05,0.9885092676458986
2814,4.442089939096792e-05,0.9885536885452896
2815,4.4407382345878344e-05,0.9885980959276355
2816,4.439742871534107e-05,0.9886424933563508
2817,4.438555716157587e-05,0.9886868789135124
2818,4.4365121356131686e-05,0.9887312440348685
2819,4.435080052753114e-05,0.988775594835396
2820,4.434334180628828e-05,0.9888199381772023
2821,4.4326161627127056e-05,0.9888642643388293
2822,4.432357247295675e-05,0.9889085879113023
2823,4.4303591925288e-05,0.9889528915032276
2824,4.4297805601409725e-05,0.9889971893088291
2825,4.42896458298481e-05,0.9890414789546589
2826,4.4279319088586446e-05,0.9890857582737475
2827,4.4275725475274485e-05,0.9891300339992227
2828,4.4255649945833084e-05,0.9891742896491685
2829,4.425347556313576e-05,0.9892185431247317
2830,4.423780906700759e-05,0.9892627809337987
2831,4.421795819947121e-05,0.9893069988919981
2832,4.4212731295559397e-05,0.9893512116232936
2833,4.420954822756428e-05,0.9893954211715212
2834,4.4193832148002126e-05,0.9894396150036693
2835,4.4186480259762236e-05,0.989483801483929
2836,4.4178491735533805e-05,0.9895279799756646
2837,4.417254385007127e-05,0.9895721525195146
2838,4.416828567771326e-05,0.9896163208051922
2839,4.413180565610707e-05,0.9896604526108483
2840,4.412940673289899e-05,0.9897045820175813
2841,4.4120904466034726e-05,0.9897487029220473
2842,4.4103228772220475e-05,0.9897928061508195
2843,4.4096067046719447e-05,0.9898369022178662
2844,4.4085003198323024e-05,0.9898809872210645
2845,4.40766340576535e-05,0.9899250638551222
2846,4.4063045864402914e-05,0.9899691269009866
2847,4.405467233350303e-05,0.9900131815733201
2848,4.403825158828383e-05,0.9900572198249084
2849,4.4035310686762234e-05,0.9901012551355951
2850,4.40199362671659e-05,0.9901452750718622
2851,4.40113334660469e-05,0.9901892864053283
2852,4.400009435853197e-05,0.9902332864996869
2853,4.399611993686864e-05,0.9902772826196238
2854,4.398324701160636e-05,0.9903212658666354
2855,4.397488236518807e-05,0.9903652407490006
2856,4.396144066985877e-05,0.9904092021896704
2857,4.3950381784730747e-05,0.9904531525714552
2858,4.3935812520743116e-05,0.9904970883839759
2859,4.3920177988662376e-05,0.9905410085619646
2860,4.391853259648753e-05,0.990584927094561
2861,4.391189106006249e-05,0.990628838985621
2862,4.389419040398242e-05,0.990672733176025
2863,4.3890416664194034e-05,0.9907166235926892
2864,4.387090886626358e-05,0.9907604945015555
2865,4.386660190755594e-05,0.990804361103463
2866,4.385234211637951e-05,0.9908482134455794
2867,4.383077036451874e-05,0.9908920442159439
2868,4.3819772249777304e-05,0.9909358639881937
2869,4.3805681540641683e-05,0.9909796696697343
2870,4.380130054328126e-05,0.9910234709702775
2871,4.379681649884123e-05,0.9910672677867763
2872,4.376984191714392e-05,0.9911110376286935
2873,4.376272752785952e-05,0.9911548003562213
2874,4.3754826539762206e-05,0.991198555182761
2875,4.3746086977877955e-05,0.9912423012697389
2876,4.3735074610842367e-05,0.9912860363443498
2877,4.3717740438419415e-05,0.9913297540847882
2878,4.37081543577792e-05,0.9913734622391459
2879,4.368518373919443e-05,0.9914171474228851
2880,4.367989692814629e-05,0.9914608273198132
2881,4.3671666557312684e-05,0.9915044989863705
2882,4.365953740970567e-05,0.9915481585237802
2883,4.365106568673321e-05,0.9915918095894669
2884,4.363990405086918e-05,0.9916354494935178
2885,4.362871350768805e-05,0.9916790782070255
2886,4.3627767153307284e-05,0.9917227059741788
2887,4.361022743664277e-05,0.9917663162016154
2888,4.3605070646304135e-05,0.9918099212722616
2889,4.359852157141488e-05,0.9918535197938331
2890,4.358901011859613e-05,0.9918971088039517
2891,4.3558174819316126e-05,0.9919406669787709
2892,4.355302208955144e-05,0.9919842200008605
2893,4.3544574777138674e-05,0.9920277645756377
2894,4.3526984672952445e-05,0.9920712915603106
2895,4.350774880172274e-05,0.9921147993091123
2896,4.349732091774354e-05,0.9921582966300301
2897,4.348870429696701e-05,0.992201785334327
2898,4.347183081144457e-05,0.9922452571651385
2899,4.3468347829294126e-05,0.9922887255129678
2900,4.345689715857341e-05,0.9923321824101263
2901,4.345388142281086e-05,0.9923756362915491
2902,4.3436382850825304e-05,0.9924190726744
2903,4.342778112815654e-05,0.9924625004555282
2904,4.342456867271539e-05,0.9925059250242009
2905,4.340375807908502e-05,0.99254932878228
2906,4.3387623796941764e-05,0.9925927164060769
2907,4.3373959351784726e-05,0.9926360903654288
2908,4.336422041996272e-05,0.9926794545858487
2909,4.33413571085752e-05,0.9927227959429573
2910,4.333247061616931e-05,0.9927661284135735
2911,4.332318073904055e-05,0.9928094515943126
2912,4.3313726682345005e-05,0.9928527653209949
2913,4.330944482628646e-05,0.9928960747658212
2914,4.326825029143209e-05,0.9929393430161126
2915,4.32666982607601e-05,0.9929826097143734
2916,4.325948086571841e-05,0.993025869195239
2917,4.3247242914966124e-05,0.993069116438154
2918,4.3233309629694826e-05,0.9931123497477837
2919,4.322699123289506e-05,0.9931555767390167
2920,4.320512540848066e-05,0.9931987818644251
2921,4.318778805670426e-05,0.9932419696524818
2922,4.318359544467112e-05,0.9932851532479264
2923,4.317596097313349e-05,0.9933283292088996
2924,4.316640511159517e-05,0.9933714956140112
2925,4.3155925001175004e-05,0.9934146515390123
2926,4.312280799398757e-05,0.9934577743470063
2927,4.3109936453111985e-05,0.9935008842834594
2928,4.3104044393359254e-05,0.9935439883278527
2929,4.310047329099185e-05,0.9935870888011438
2930,4.308924873812258e-05,0.9936301780498819
2931,4.307212068871727e-05,0.9936732501705706
2932,4.305421337664222e-05,0.9937163043839473
2933,4.305161745899306e-05,0.9937593560014063
2934,4.3029036688601956e-05,0.9938023850380949
2935,4.3016394003010986e-05,0.993845401432098
2936,4.300427263692513e-05,0.9938884057047349
2937,4.299168750596333e-05,0.9939313973922409
2938,4.2985659761746886e-05,0.9939743830520027
2939,4.295767853581293e-05,0.9940173407305385
2940,4.2948775899513004e-05,0.994060289506438
2941,4.292735051516826e-05,0.9941032168569531
2942,4.2918021165438405e-05,0.9941461348781185
2943,4.290756661601027e-05,0.9941890424447345
2944,4.289882773718708e-05,0.9942319412724717
2945,4.288262547736126e-05,0.9942748238979491
2946,4.286837642652186e-05,0.9943176922743756
2947,4.285427074124021e-05,0.9943605465451169
2948,4.284836008603438e-05,0.9944033949052029
2949,4.283624378446379e-05,0.9944462311489873
2950,4.281675118971439e-05,0.994489047900177
2951,4.2802837186818637e-05,0.9945318507373638
2952,4.279899528834215e-05,0.9945746497326522
2953,4.275785047394758e-05,0.9946174075831261
2954,4.274276830644245e-05,0.9946601503514325
2955,4.272680696882581e-05,0.9947028771584013
2956,4.2719735616446184e-05,0.9947455968940178
2957,4.270568170982453e-05,0.9947883025757276
2958,4.2685067805959925e-05,0.9948309876435335
2959,4.266177099106192e-05,0.9948736494145246
2960,4.264778406701618e-05,0.9949162971985916
2961,4.2631202223006534e-05,0.9949589284008147
2962,4.26037454353717e-05,0.9950015321462501
2963,4.25915903647505e-05,0.9950441237366149
2964,4.258760006494872e-05,0.9950867113366798
2965,4.257198814007929e-05,0.9951292833248199
2966,4.25603367714784e-05,0.9951718436615914
2967,4.254886306969631e-05,0.995214392524661
2968,4.2542447965400614e-05,0.9952569349726265
2969,4.2506241193026234e-05,0.9952994412138195
2970,4.248012494057122e-05,0.9953419213387601
2971,4.2470019732750724e-05,0.9953843913584929
2972,4.243700628839062e-05,0.9954268283647812
2973,4.242733633494078e-05,0.9954692557011162
2974,4.240629421032217e-05,0.9955116619953266
2975,4.23666690361939e-05,0.9955540286643628
2976,4.235761193452631e-05,0.9955963862762973
2977,4.233768738641484e-05,0.9956387239636837
2978,4.233138571326234e-05,0.995681055349397
2979,4.231648194044641e-05,0.9957233718313374
2980,4.2291629823102016e-05,0.9957656634611605
2981,4.227429628501371e-05,0.9958079377574455
2982,4.227116186915439e-05,0.9958502089193146
2983,4.225069680824809e-05,0.9958924596161229
2984,4.2238307568949535e-05,0.9959346979236919
2985,4.2185006811011394e-05,0.9959768829305029
2986,4.215455870511439e-05,0.9960190374892081
2987,4.2123336924049224e-05,0.996061160826132
2988,4.20880179917559e-05,0.9961032488441238
2989,4.204443297647604e-05,0.9961452932771003
2990,4.2024715927943356e-05,0.9961873179930283
2991,4.199419460987319e-05,0.9962293121876381
2992,4.1970706626451206e-05,0.9962712828942646
2993,4.1965731203505624e-05,0.9963132486254681
2994,4.1957750899429406e-05,0.9963552063763675
2995,4.19194172922672e-05,0.9963971257936598
2996,4.1877881291186606e-05,0.996439003674951
2997,4.1850987171620816e-05,0.9964808546621226
2998,4.18303982142952e-05,0.9965226850603368
2999,4.178634777055368e-05,0.9965644714081073
3000,4.1756871902745334e-05,0.9966062282800101
3001,4.17513829994682e-05,0.9966479796630096
3002,4.172127892723201e-05,0.9966897009419368
3003,4.1646708847076353e-05,0.9967313476507839
3004,4.1627893239043624e-05,0.9967729755440229
3005,4.1616919024288714e-05,0.9968145924630472
3006,4.159275628785044e-05,0.9968561852193351
3007,4.156110192116717e-05,0.9968977463212563
3008,4.150023504640979e-05,0.9969392465563027
3009,4.1497694481809584e-05,0.9969807442507845
3010,4.13903376709596e-05,0.9970221345884555
3011,4.132799548432228e-05,0.9970634625839397
3012,4.130725271559082e-05,0.9971047698366553
3013,4.130027835308236e-05,0.9971460701150083
3014,4.123235570300299e-05,0.9971873024707113
3015,4.122466043248338e-05,0.9972285271311437
3016,4.115098625572017e-05,0.9972696781173994
3017,4.112396243383554e-05,0.9973108020798332
3018,4.10492729150985e-05,0.9973518513527484
3019,4.100283717858533e-05,0.997392854189927
3020,4.093674755099644e-05,0.997433790937478
3021,4.0897468692249316e-05,0.9974746884061703
3022,4.0812237164292255e-05,0.9975155006433346
3023,4.0760166780711545e-05,0.9975562608101153
3024,4.0733951630503366e-05,0.9975969947617458
3025,4.069159502165418e-05,0.9976376863567674
3026,4.063829868777534e-05,0.9976783246554551
3027,4.0597615535882814e-05,0.997718922270991
3028,4.05463153223744e-05,0.9977594685863134
3029,4.050923493444697e-05,0.9977999778212479
3030,4.0474612492919094e-05,0.9978404524337408
3031,4.040639722186358e-05,0.9978808588309627
3032,4.0341790748675244e-05,0.9979212006217113
3033,4.0294096861062354e-05,0.9979614947185723
3034,4.025765013768157e-05,0.99800175236871
3035,4.017495604917242e-05,0.9980419273247592
3036,4.002297049391129e-05,0.998081950295253
3037,3.989971302031149e-05,0.9981218500082734
3038,3.987750490915723e-05,0.9981617275131826
3039,3.9852591450659245e-05,0.9982015801046332
3040,3.9797207760490424e-05,0.9982413773123937
3041,3.9741104187302474e-05,0.998281118416581
3042,3.961190584097481e-05,0.998320730322422
3043,3.95543315718162e-05,0.9983602846539937
3044,3.953321552814754e-05,0.9983998178695219
3045,3.942526572823646e-05,0.9984392431352501
3046,3.936960131611015e-05,0.9984786127365662
3047,3.930896590764854e-05,0.9985179217024739
3048,3.910809848272343e-05,0.9985570298009566
3049,3.8971744348171116e-05,0.9985960015453048
3050,3.885888707600014e-05,0.9986348604323808
3051,3.8809109607056084e-05,0.9986736695419879
3052,3.8690301854159944e-05,0.998712359843842
3053,3.865142476787872e-05,0.9987510112686099
3054,3.856242766853977e-05,0.9987895736962784
3055,3.843111764292292e-05,0.9988280048139213
3056,3.835594407108845e-05,0.9988663607579924
3057,3.830682564821175e-05,0.9989046675836406
3058,3.8067753036543054e-05,0.9989427353366771
3059,3.802252536925988e-05,0.9989807578620463
3060,3.7882642623378225e-05,0.9990186405046697
3061,3.7636330792671816e-05,0.9990562768354624
3062,3.7534387720403326e-05,0.9990938112231827
3063,3.7266593251021007e-05,0.9991310778164337
3064,3.711057447600845e-05,0.9991681883909097
3065,3.678983313996375e-05,0.9992049782240496
3066,3.672476057122925e-05,0.9992417029846209
3067,3.659865909679029e-05,0.9992783016437177
3068,3.617584816538547e-05,0.9993144774918831
3069,3.598786114928583e-05,0.9993504653530324
3070,3.5930920740578294e-05,0.999386396273773
3071,3.590761651302964e-05,0.9994223038902861
3072,3.552220299537134e-05,0.9994578260932815
3073,3.514147149007358e-05,0.9994929675647716
3074,3.487588138615738e-05,0.9995278434461577
3075,3.4652667501715454e-05,0.9995624961136594
3076,3.440909382365355e-05,0.9995969052074831
3077,3.386285994132807e-05,0.9996307680674245
3078,3.3520582542619955e-05,0.999664288649967
3079,3.305166206885635e-05,0.9996973403120359
3080,3.187553808095088e-05,0.9997292158501169
3081,3.1850305468312024e-05,0.9997610661555851
3082,3.1406949253589724e-05,0.9997924731048388
3083,3.0215330600653855e-05,0.9998226884354394
3084,2.9634646999868575e-05,0.9998523230824393
3085,2.8898466738080968e-05,0.9998812215491774
3086,2.8068460600196225e-05,0.9999092900097776
3087,2.729904903920145e-05,0.9999365890588168
3088,2.2498283742604272e-05,0.9999590873425593
3089,1.886387406140491e-05,0.9999779512166207
3090,1.62028180343615e-05,0.9999941540346551
3091,3.922949523893818e-06,0.999998076984179
3092,1.923015819321457e-06,0.9999999999999983
3093,1.7371468814805728e-16,0.9999999999999986
