PlotObservationID,res,obs,pred,cuartil,n_sp,dom,frac_estrecho
LT_0,6.417844175966678e-06,0.0003924180764897,0.00038600023231373336,Q2,6,0.3333333333333333,0.8333333333333334
LT_1,4.467671869533303e-06,0.0003946564016188,0.0003991240734883333,Q1 mejor,5,0.5454545454545454,1.0
LT_10,1.2644356879233347e-05,0.0004315406514527,0.0004188962945734667,Q3,2,0.6666666666666666,0.0
LT_100,2.261653132166643e-06,0.0004036717361655,0.00040593338929766667,Q1 mejor,7,0.49019607843137253,0.5
LT_1000,5.020543764933348e-06,0.0003934388876847,0.0003884183439197667,Q2,6,0.2903225806451613,0.8
LT_1001,6.855233753666616e-07,0.0003860001148537,0.000385334568843,Q1 mejor,5,0.4090909090909091,0.6
LT_1002,7.568571693400019e-06,0.0003844955311542,0.0003920641028476,Q2,4,0.7142857142857143,0.5
LT_1003,1.9656074226899966e-05,0.0003687854111062,0.00038844148533310005,Q4 peor,6,0.45161290322580644,0.5
LT_1004,1.0696585664033345e-05,0.000377579823,0.00038827640866403334,Q3,5,0.4482758620689655,0.6
LT_1005,3.967141445566679e-06,0.0003983274718265,0.0004022946132720667,Q1 mejor,3,0.6363636363636364,1.0
LT_1006,8.633776855099967e-06,0.0003969118454179,0.00038827806856279995,Q2,1,1.0,0.0
LT_1007,2.2861029291299997e-05,0.0003717103837056,0.00039457141299689994,Q4 peor,1,1.0,0.0
LT_1008,4.871696289533343e-06,0.0003923197095408,0.00038744801325126666,Q2,2,0.975609756097561,0.5
LT_1009,1.7732808948666654e-05,0.000371918991895,0.0003896518008436667,Q4 peor,1,1.0,0.0
LT_101,1.3714173476766654e-05,0.0004067597079857,0.00039304553450893333,Q3,4,0.6417910447761194,0.3333333333333333
LT_1010,2.0323000510666855e-06,0.0003791075519824,0.00038085560847026667,Q1 mejor,2,0.9,0.5
LT_1011,3.346295525493329e-05,0.0003525444265246,0.00038600738177953334,Q4 peor,3,0.6666666666666666,0.3333333333333333
LT_1012,2.2740592438799992e-05,0.0003558556117847,0.0003785962042235,Q4 peor,2,0.7346938775510204,0.5
LT_1013,6.522510798366656e-06,0.000380184640158,0.0003867071509563666,Q2,1,1.0,0.0
LT_1014,2.9924260221800004e-05,0.0004168848296002,0.00038696056937840005,Q4 peor,2,0.7647058823529411,0.0
LT_1015,1.0679682469566683e-05,0.0003900151791675,0.00037933549669793334,Q3,1,1.0,0.0
LT_1016,3.1801427516599984e-05,0.0004293382346583,0.0003975368071417,Q4 peor,2,0.9545454545454546,1.0
LT_1017,1.99269512755667e-05,0.000422526891223,0.0004025999399474333,Q4 peor,1,1.0,
LT_1018,1.7721001386666916e-06,0.0003978568101658,0.0003996289103044667,Q1 mejor,2,0.875,1.0
LT_1019,4.966602738533348e-06,0.0003849244712078,0.0003799578684692667,Q2,1,1.0,0.0
LT_102,3.16893098135e-05,0.0004230347473052,0.0003913454374917,Q4 peor,5,0.425531914893617,0.6
LT_1020,1.3420790776066688e-05,0.0004212353556525,0.0004078145648764334,Q3,1,1.0,
LT_1021,3.881297922533318e-06,0.0003868131219923,0.00039069441991483334,Q1 mejor,7,0.5882352941176471,0.7142857142857143
LT_1022,6.142877720099976e-06,0.0003793059589621,0.00038544883668219996,Q2,3,0.5,0.6666666666666666
LT_1023,2.004307758713332e-05,0.000372778482129,0.0003928215597161333,Q4 peor,10,0.4838709677419355,0.7777777777777778
LT_1024,2.086322459320003e-05,0.0003690871179234,0.0003899503425166,Q4 peor,3,0.5555555555555556,0.6666666666666666
LT_1025,4.355541997766649e-06,0.0003838650278594,0.0003882205698571667,Q1 mejor,1,1.0,0.0
LT_1026,2.7212106249666673e-06,0.0003853102327446,0.00038803144336956665,Q1 mejor,1,1.0,0.0
LT_1027,5.724192846133351e-06,0.0003859202204954,0.00039164441334153333,Q2,2,0.8,0.0
LT_1028,2.9172696598400017e-05,0.0003526470864829,0.0003818197830813,Q4 peor,2,0.7586206896551724,0.0
LT_1029,7.821476986433329e-06,0.0003838575959347,0.00039167907292113335,Q2,3,0.5263157894736842,1.0
LT_103,7.206983585933366e-06,0.000413185878083,0.0004059788944970667,Q2,4,0.5609756097560976,0.0
LT_1030,3.948731473673334e-05,0.0004301458881173,0.00039065857338056666,Q4 peor,2,0.972972972972973,1.0
LT_1031,2.4014243637666584e-06,0.0003867350770628,0.00038913650142656666,Q1 mejor,6,0.35714285714285715,0.6666666666666666
LT_1032,2.8757216574166664e-05,0.0004204655435592,0.00039170832698503334,Q4 peor,1,1.0,
LT_1033,4.3773807788900016e-05,0.0004345850259473,0.0003908112181584,Q4 peor,2,0.6785714285714286,0.5
LT_1034,8.83792159500004e-07,0.0003828144179779,0.00038368652197133334,Q1 mejor,2,0.9,0.0
LT_1035,1.146606551433334e-05,0.0004061062176239,0.00039464015210956667,Q3,5,0.5384615384615384,0.8
LT_1036,2.3251351547366658e-05,0.0004252330357329,0.00040198168418553335,Q4 peor,1,1.0,
LT_1037,3.4629664718333468e-06,0.0003900303215806,0.00038656735510876665,Q1 mejor,2,0.7272727272727273,0.5
LT_1038,1.3943989386733315e-05,0.0004038340186244,0.00038989002923766665,Q3,3,0.8805970149253731,0.6666666666666666
LT_1039,2.6323425089266672e-05,0.0004180459614077,0.00039172253631843335,Q4 peor,4,0.9117647058823529,0.6666666666666666
LT_104,1.8377941630933343e-05,0.0004044566224245,0.0003860786807935667,Q4 peor,2,0.9661016949152542,0.5
LT_1040,5.199768233100021e-06,0.0003878420287701,0.000382642260537,Q2,2,0.8666666666666667,1.0
LT_1041,4.327531326426664e-05,0.0004346820986254,0.00039140678536113334,Q4 peor,1,1.0,1.0
LT_1042,2.2694930245199996e-05,0.0003797583830993,0.0004024533133445,Q4 peor,1,1.0,0.0
LT_1043,1.2074154169333417e-06,0.0003860536660035,0.00038706558194203327,Q1 mejor,1,1.0,0.0
LT_1044,1.1218770376000004e-05,0.0003743629482085,0.0003855817185845,Q3,4,0.4444444444444444,0.5
LT_1045,5.915081202900018e-06,0.0003822621286713,0.0003881772098742,Q2,1,1.0,1.0
LT_1046,1.75928748755e-05,0.0004205175779847,0.0004029247031092,Q4 peor,1,1.0,
LT_1047,3.7375228037633366e-05,0.0004285635095017,0.0003911882814640667,Q4 peor,2,0.9642857142857143,1.0
LT_1048,1.7197297724366673e-05,0.0004105848236811,0.00039338752595673333,Q4 peor,3,0.7837837837837838,1.0
LT_1049,2.8186201387333344e-05,0.0003584332589616,0.0003866194603489334,Q4 peor,2,0.6111111111111112,0.0
LT_105,2.0534739968600016e-05,0.000371140155935,0.0003916748959036,Q4 peor,4,0.5294117647058824,0.6666666666666666
LT_1050,2.636281169980001e-05,0.0003864171522321,0.0004127799639319,Q4 peor,1,1.0,0.0
LT_1051,1.7118121405933315e-05,0.0003736291421313,0.0003907472635372333,Q4 peor,2,0.8636363636363636,0.0
LT_1052,3.2947255440000283e-06,0.0003856218132308,0.0003889165387748,Q1 mejor,2,0.8333333333333334,0.5
LT_1053,3.883043923126665e-05,0.0004224425643982,0.00038361212516693327,Q4 peor,1,1.0,1.0
LT_1054,7.382532401233365e-06,0.0003825381349361,0.0003899206673373333,Q2,1,1.0,0.0
LT_1055,3.0254562423833358e-05,0.0003608258337021,0.00039108039612593335,Q4 peor,2,0.631578947368421,0.5
LT_1056,2.0169867862200005e-05,0.0003669106131992,0.0003870804810614,Q4 peor,3,0.5925925925925926,0.3333333333333333
LT_1057,2.5858490694500012e-05,0.0004068297071927,0.0003809712164982,Q4 peor,2,0.9850746268656716,1.0
LT_1058,2.7708802435566673e-05,0.0003526570650289,0.0003803658674644667,Q4 peor,2,0.5416666666666666,0.5
LT_1059,4.77190694423335e-06,0.0004107200481299,0.00040594814118566667,Q2,3,0.72,0.0
LT_106,4.786566457000018e-06,0.0004085467808171,0.0004037602143601,Q2,5,0.3333333333333333,0.25
LT_1060,1.1381211735733327e-05,0.0003969118454179,0.00038553063368216667,Q3,1,1.0,0.0
LT_1061,7.042936105366689e-06,0.0003791930189441,0.0003862359550494667,Q2,1,1.0,0.0
LT_1062,2.519281038939999e-05,0.000410231334314,0.0003850385239246,Q4 peor,3,0.4,0.6666666666666666
LT_1063,2.3092191437666682e-05,0.0004229446674069,0.0003998524759692333,Q4 peor,1,1.0,
LT_1064,3.2320182586800045e-05,0.0004240183596516,0.00039169817706479995,Q4 peor,3,0.5625,1.0
LT_1065,1.5108046693000003e-05,0.000375806924785,0.000390914971478,Q3,4,0.5,0.75
LT_1066,3.469722296766645e-06,0.0003797002267908,0.00038316994908756667,Q1 mejor,1,1.0,0.0
LT_1067,3.116900750766667e-05,0.000368050825423,0.0003992198329306667,Q4 peor,9,0.45454545454545453,0.4444444444444444
LT_1068,8.56139466946666e-06,0.0004015863805047,0.0003930249858352334,Q2,5,0.6551724137931034,0.5
LT_1069,3.202895757200002e-05,0.0004279936690082,0.0003959647114362,Q4 peor,1,1.0,1.0
LT_107,8.157157774966659e-06,0.0003998688657277,0.0003917117079527334,Q2,5,0.5277777777777778,0.4
LT_1070,5.440500264999964e-07,0.0003881512438389,0.0003881914476805333,Q1 mejor,2,0.9090909090909091,0.0
LT_1071,7.9033330111e-06,0.0003803069735745,0.0003882103065856,Q2,4,0.6428571428571429,0.75
LT_1072,3.326900444726666e-05,0.0004296727868791,0.00039640378243183333,Q4 peor,4,0.75,0.3333333333333333
LT_1073,1.729301040136664e-05,0.000383507034878,0.00040080004527936667,Q4 peor,3,0.7142857142857143,1.0
LT_1074,4.670380003299989e-06,0.0003902204090003,0.00038555002899699997,Q2,3,0.7241379310344828,0.6666666666666666
LT_1075,1.3739467263166661e-05,0.0004024744912519,0.00038873502398873333,Q3,2,0.625,0.5
LT_1076,2.3104306517866655e-05,0.0003739167519918,0.0003970210585096667,Q4 peor,5,0.37037037037037035,0.8
LT_1077,6.698138796599996e-06,0.0003866919705685,0.0003933901093651,Q2,8,0.37735849056603776,0.5714285714285714
LT_1078,5.389034301233325e-06,0.0003842400094277,0.0003896290437289333,Q2,6,0.47368421052631576,0.6666666666666666
LT_1079,3.36045757833331e-06,0.0003756733614083,0.0003790338189866333,Q1 mejor,3,0.5517241379310345,0.3333333333333333
LT_108,6.128234184699999e-06,0.0003837412946441,0.0003898695288288001,Q2,2,0.8421052631578947,1.0
LT_1080,1.619478625310002e-05,0.0003984102088189,0.00038221542256580004,Q3,2,0.7894736842105263,1.0
LT_1081,4.888557839800017e-06,0.0003848216978163,0.0003897102556561,Q2,5,0.5161290322580645,0.75
LT_1082,7.596777389033368e-06,0.0003750054015432,0.00038260217893223335,Q2,6,0.35,0.8
LT_1083,1.7073959442933366e-05,0.0003767944995016,0.00039386845894453333,Q4 peor,6,0.32608695652173914,1.0
LT_1084,1.381162666366669e-05,0.0004015149880295,0.00038770336136583335,Q3,3,0.5409836065573771,0.5
LT_1085,1.4489508440466685e-05,0.0003729580035814,0.0003874475120218667,Q3,3,0.47058823529411764,0.6666666666666666
LT_1086,2.6065688374700007e-05,0.0003615414244847,0.00038760711285940004,Q4 peor,2,0.68,0.5
LT_1087,1.1103429373000163e-06,0.0003919727945423,0.000391257661986,Q1 mejor,4,0.5087719298245614,0.3333333333333333
LT_1088,1.3609788266766642e-05,0.0003812038609205,0.00039481364918726665,Q3,4,0.42857142857142855,1.0
LT_1089,8.27927113316666e-06,0.0003965460901082,0.0003882668189750333,Q2,2,0.75,1.0
LT_109,8.119192590100017e-06,0.0004014519826187,0.0004095711752088,Q2,4,0.696969696969697,0.0
LT_1090,1.6163309730033333e-05,0.0004209634164026,0.0004048001066725667,Q3,1,1.0,
LT_1091,8.811122340800006e-06,0.0003734195479853,0.0003822306703261,Q2,1,1.0,0.0
LT_1092,2.195172996566645e-06,0.0003797583830993,0.00038195355609586665,Q1 mejor,1,1.0,0.0
LT_1093,1.0419739002700009e-05,0.0003797583830993,0.00039017812210200004,Q3,1,1.0,0.0
LT_1094,1.3478188533933312e-05,0.0003997998745047,0.0003863216859707667,Q3,2,0.5714285714285714,1.0
LT_1095,3.822076969079999e-05,0.0004259078520468,0.00038768708235599995,Q4 peor,1,1.0,
LT_1096,2.5004009362833337e-05,0.0003838668545644,0.00040887086392723333,Q4 peor,2,0.896551724137931,0.0
LT_1097,2.361091128209999e-05,0.0003797002267908,0.0004033111380729,Q4 peor,1,1.0,0.0
LT_1098,3.782061804770001e-05,0.0004242435694009,0.0003864229513532,Q4 peor,1,1.0,1.0
LT_1099,7.4728505226333095e-06,0.0004168017662322,0.00040932891570956664,Q2,2,0.85,0.0
LT_11,1.0897143144999996e-05,0.0004061715929312,0.0003952744497862,Q3,8,0.3076923076923077,0.875
LT_110,1.6956017876633342e-05,0.0003710631625108,0.0003880191803874333,Q4 peor,6,0.4827586206896552,0.5
LT_1100,2.8110490777099977e-05,0.0004244292710141,0.00039631878023699995,Q4 peor,1,1.0,
LT_1101,5.914551274499974e-06,0.0003923077337864,0.00039822228506089996,Q2,5,0.6025641025641025,0.4
LT_1102,1.1070943264433337e-05,0.0003843273003535,0.0003953982436179333,Q3,4,0.4444444444444444,0.6666666666666666
LT_1103,8.083823138266643e-06,0.0003899690732476,0.00038188525010933336,Q2,1,1.0,1.0
LT_1104,3.3449436634066676e-05,0.0003568444399304,0.0003902938765644667,Q4 peor,3,0.38461538461538464,0.3333333333333333
LT_1105,4.581851487900021e-06,0.0003894321935154,0.0003940140450033,Q1 mejor,3,0.9,0.5
LT_1106,7.814242913366644e-06,0.0003910934597552,0.0003989077026685667,Q2,6,0.4782608695652174,0.5
LT_1107,3.94375031931e-05,0.00043044950874,0.0003910120055469,Q4 peor,1,1.0,
LT_1108,4.7009740426133346e-05,0.0004325841490851,0.0003855744086589667,Q4 peor,1,1.0,
LT_1109,1.3015314552999995e-05,0.0003797583830993,0.0003927736976523,Q3,1,1.0,0.0
LT_111,2.01007256658667e-05,0.0004159102030992,0.0003958094774333333,Q4 peor,4,0.6271186440677966,0.6666666666666666
LT_1110,2.9233563511333336e-05,0.0004253632012954,0.00039612963778406666,Q4 peor,1,1.0,
LT_1111,6.468132906266701e-06,0.0003771481160455,0.00038361624895176673,Q2,1,1.0,0.0
LT_1112,1.3795065631333343e-05,0.000405332508756,0.0003915374431246667,Q3,3,0.7857142857142857,0.6666666666666666
LT_1113,5.137996069066676e-06,0.0003810085551558,0.00038614655122486667,Q2,1,1.0,0.0
LT_1114,2.816976591366689e-06,0.0003873052587182,0.00039012223530956666,Q1 mejor,4,0.5294117647058824,0.75
LT_1115,3.318523458973332e-05,0.0004208319381976,0.00038764670360786664,Q4 peor,1,1.0,
LT_1116,6.714893576233302e-06,0.0003873113276047,0.0003805964340284666,Q2,1,1.0,1.0
LT_1117,3.941355723166688e-06,0.0003906922113834,0.0003946335671065667,Q1 mejor,4,0.39285714285714285,0.6666666666666666
LT_1118,2.208836760589999e-05,0.0003638737315445,0.0003859620991504,Q4 peor,2,0.5714285714285714,0.5
LT_1119,1.0827512883333315e-05,0.0003828782260091,0.00039370573889243335,Q3,1,1.0,1.0
LT_112,2.6864817889899974e-05,0.0004245802380524,0.0003977154201625,Q4 peor,2,0.6,0.0
LT_1120,9.550758303566702e-06,0.0003824014696632,0.00039195222796676666,Q3,7,0.5,0.2857142857142857
LT_1121,1.555736925346668e-05,0.00040445647496,0.0003888991057065334,Q3,3,0.8048780487804879,0.5
LT_1122,4.402650061533333e-06,0.0003871138503269,0.00039151650038843334,Q1 mejor,4,0.5,0.6666666666666666
LT_1123,4.390431385333347e-06,0.0003897583903774,0.00039414882176273336,Q1 mejor,1,1.0,0.0
LT_1124,2.0755180693666675e-06,0.0003926861192527,0.0003906106011833333,Q1 mejor,3,0.5882352941176471,0.5
LT_1125,1.2530688245866655e-05,0.0003833961708403,0.00039592685908616663,Q3,7,0.36363636363636365,1.0
LT_1126,2.769370453726664e-05,0.0004260384840993,0.00039834477956203333,Q4 peor,1,1.0,
LT_1127,2.8971259681666393e-06,0.0003841105492035,0.00038700767517166665,Q1 mejor,2,0.7575757575757576,1.0
LT_1128,1.6223524823000088e-06,0.0003842105875822,0.00038534930527316666,Q1 mejor,3,0.48484848484848486,1.0
LT_1129,1.4490872126033316e-05,0.0003998762424307,0.0003853853703046667,Q3,1,1.0,0.0
LT_113,1.644216493419997e-05,0.0004154392965614,0.00039899713162719997,Q3,2,0.9473684210526315,0.0
LT_1130,1.4770315929933342e-05,0.0004013307584286,0.00038656044249866665,Q3,2,0.6,1.0
LT_1131,6.219373380299984e-06,0.0003797002267908,0.0003859196001711,Q2,1,1.0,0.0
LT_1132,1.0829060798066664e-05,0.0003778623683958,0.0003886914291938667,Q3,1,1.0,0.0
LT_1133,7.874906754999915e-07,0.0003842277096741,0.0003842757931528,Q1 mejor,2,0.9696969696969697,0.5
LT_1134,3.1961338446666655e-06,0.0003833337344882,0.00038652986833286664,Q1 mejor,2,0.8181818181818182,1.0
LT_1135,7.506056473899998e-06,0.0003942915000923,0.0003867854436184,Q2,10,0.22727272727272727,0.6
LT_1136,1.564398127613333e-05,0.0004052689263138,0.00038962494503766665,Q3,7,0.30434782608695654,0.7142857142857143
LT_1137,1.5826992026000026e-05,0.0004064765896304,0.0003906495976044,Q3,4,0.5454545454545454,1.0
LT_1138,7.985426419100002e-06,0.0004165329015544,0.00042451832797349995,Q2,1,1.0,0.0
LT_1139,2.701365039823335e-05,0.0004201908983403,0.00039317724794206665,Q4 peor,3,0.5,1.0
LT_114,5.516267745400004e-06,0.0004036403922071,0.0003981241244617,Q2,5,0.7714285714285715,0.2
LT_1140,7.908652745433346e-06,0.0004013688959022,0.0003934602431567667,Q2,7,0.525,0.5714285714285714
LT_1141,2.153427592666665e-05,0.0003774028990789,0.0003989371750055667,Q4 peor,2,0.7777777777777778,1.0
LT_1142,2.5508180758066667e-05,0.0003642444477005,0.00038975262845856665,Q4 peor,7,0.23529411764705882,0.3333333333333333
LT_1143,2.851462220856667e-05,0.0004364769903521,0.0004079623681435333,Q4 peor,1,1.0,0.0
LT_1144,1.6237727465533305e-05,0.0004085194929144,0.00039228176544886664,Q3,2,0.6071428571428571,0.5
LT_1145,1.265955051499984e-06,0.0003874523970829,0.00038871835213440006,Q1 mejor,4,0.36,0.5
LT_1146,8.674833409566656e-06,0.0003809488826601,0.00038962371606966664,Q2,2,0.8723404255319149,0.0
LT_1147,1.1178852289300006e-05,0.0004031056253559,0.0003919267730666,Q3,3,0.6666666666666666,1.0
LT_1148,1.580240993489999e-05,0.000375406906495,0.0003912093164299,Q3,4,0.5483870967741935,0.75
LT_1149,7.813158427333243e-07,0.0003837467592413,0.00038366525557469996,Q1 mejor,2,0.8571428571428571,1.0
LT_115,6.495474230666679e-06,0.0003820942172329,0.0003885896914635667,Q2,1,1.0,1.0
LT_1150,1.8472640648900024e-05,0.0003786661655328,0.00039713880618169996,Q4 peor,5,0.6470588235294118,1.0
LT_1151,1.885795242730002e-05,0.0003652961936831,0.00038415414611040003,Q4 peor,2,0.6363636363636364,0.5
LT_1152,6.864380930966619e-06,0.0003814667888392,0.0003883311697701667,Q2,2,0.7037037037037037,1.0
LT_1153,1.8194723433999794e-06,0.0003959874183547,0.0003941679460113,Q1 mejor,3,0.5833333333333334,0.6666666666666666
LT_1154,3.9265039829333285e-06,0.0003891763119634,0.00039310281594633333,Q1 mejor,1,1.0,0.0
LT_1155,1.438461893389998e-05,0.0003799301714739,0.0003943147904078,Q3,1,1.0,0.0
LT_1156,1.0001366442333513e-06,0.0003868826078182,0.00038692377477343335,Q1 mejor,3,0.5952380952380952,0.6666666666666666
LT_1157,3.229730838199973e-06,0.0003814672799544,0.0003846970107926,Q1 mejor,1,1.0,0.0
LT_1158,2.529108739899997e-05,0.000408858572483,0.00038356748508400006,Q4 peor,3,0.8846153846153846,0.6666666666666666
LT_1159,1.725077730640003e-05,0.0004064044319192,0.00038915365461280005,Q4 peor,2,0.8666666666666667,1.0
LT_116,4.022953503333338e-06,0.0003943251089923,0.0003903021554889667,Q1 mejor,6,0.4,0.6666666666666666
LT_1160,4.0564611328666495e-06,0.0003832160700122,0.00038727253114506665,Q1 mejor,6,0.3888888888888889,0.6666666666666666
LT_1161,1.1194804711333482e-06,0.0003862996345124,0.0003872975801305333,Q1 mejor,3,0.4666666666666667,0.5
LT_1162,4.503726433500027e-06,0.0003918807615751,0.0003873770351416,Q1 mejor,1,1.0,0.0
LT_1163,1.676095683453335e-05,0.0003726010453113,0.0003893620021458333,Q3,4,0.5,1.0
LT_1164,6.976077962899997e-06,0.0004020313803519,0.000395055302389,Q2,3,0.5454545454545454,1.0
LT_1165,5.434056063399996e-06,0.0003862096319247,0.0003916436879881,Q2,3,0.75,0.3333333333333333
LT_1166,1.2178349524300024e-05,0.0003823381639242,0.0003945165134485,Q3,2,0.9166666666666666,0.0
LT_1167,1.9250249473999823e-06,0.0003905583819722,0.00039248340691959996,Q1 mejor,3,0.631578947368421,0.6666666666666666
LT_1168,1.2576799872766655e-05,0.0003792706426106,0.00039184744248336664,Q3,6,0.48936170212765956,0.8333333333333334
LT_1169,5.636792567933337e-06,0.000379695129389,0.0003853319219569333,Q2,1,1.0,0.0
LT_117,4.868451278766647e-06,0.0003964983457227,0.00039162989444393336,Q2,6,0.4358974358974359,1.0
LT_1170,9.969320923000006e-06,0.0003775046921298,0.0003874740130528,Q3,2,0.9411764705882353,1.0
LT_1171,2.9686987094166672e-05,0.0003577999648353,0.00038748695192946666,Q4 peor,3,0.5625,0.6666666666666666
LT_1172,2.2603916863666498e-06,0.0003997887472518,0.0003975283555654333,Q1 mejor,6,0.5306122448979592,1.0
LT_1173,1.170161829463333e-05,0.0003813449842205,0.0003930466025151333,Q3,1,1.0,0.0
LT_1174,5.76443580026665e-06,0.0004012129287893,0.00039544849298903334,Q2,2,0.625,1.0
LT_1175,1.6950369392966687e-05,0.0003731599430208,0.00039011031241376667,Q4 peor,3,0.6818181818181818,1.0
LT_1176,1.620520603289998e-05,0.0003712709715719,0.00038747617760479994,Q3,4,0.3888888888888889,0.6666666666666666
LT_1177,1.067134563469999e-05,0.0003726317174871,0.00038330306312180004,Q3,1,1.0,0.0
LT_1178,2.0408995173366682e-05,0.0003738605187444,0.0003942695139177667,Q4 peor,3,0.47058823529411764,0.6666666666666666
LT_1179,1.2452904242733317e-05,0.000378980497972,0.00039143340221473337,Q3,4,0.42105263157894735,1.0
LT_118,3.901239022266699e-06,0.0004221865857759,0.00041828534675363336,Q1 mejor,6,0.4,0.16666666666666666
LT_1180,1.4216835271566703e-05,0.0003804263237544,0.0003946431590259667,Q3,2,0.9411764705882353,0.0
LT_1181,7.607199266666614e-07,0.0003920987191148,0.0003924264282734,Q1 mejor,2,0.972972972972973,0.0
LT_1182,1.7080711810233324e-05,0.0003819303457426,0.0003990110575528333,Q4 peor,1,1.0,1.0
LT_1183,1.3682935810666655e-06,0.0003904388893021,0.00039144119019903336,Q1 mejor,2,0.9387755102040817,0.5
LT_1184,1.1965084852033343e-05,0.0003939601762897,0.0003819950914376667,Q3,1,1.0,0.0
LT_1185,1.7425392679333298e-06,0.0003818454871499,0.00038346045978343335,Q1 mejor,1,1.0,1.0
LT_1186,1.1034192744066682e-05,0.0003767861636975,0.0003878203564415667,Q3,2,0.9090909090909091,0.5
LT_1187,7.46762593700001e-06,0.0003794315108612,0.00038689913679819995,Q2,2,0.8421052631578947,0.0
LT_1188,2.1434167143266663e-05,0.0003682074639675,0.0003896416311107667,Q4 peor,5,0.3125,0.6
LT_1189,2.8426923841500006e-05,0.0004080494507867,0.0003796225269452,Q4 peor,3,0.7647058823529411,1.0
LT_119,5.036933151366654e-06,0.0003921417363972,0.0003871048032458334,Q2,4,0.9130434782608695,0.5
LT_1190,1.1610306330199981e-05,0.0003983510712922,0.000386740764962,Q3,2,0.5909090909090909,0.5
LT_1191,9.88938494766671e-07,0.0003889295041714,0.0003891406725111,Q1 mejor,3,0.625,1.0
LT_1192,9.962537082200009e-06,0.000375898014953,0.00038586055203519996,Q3,2,0.9047619047619048,1.0
LT_1193,1.993833950490001e-05,0.0004137867219917,0.0003938483824868,Q4 peor,9,0.6578947368421053,0.75
LT_1194,1.4863729270833315e-05,0.0003814672799544,0.00039633100922523335,Q3,1,1.0,0.0
LT_1195,5.926482251066691e-06,0.0003891763119634,0.00038324982971233335,Q2,1,1.0,0.0
LT_1196,1.0658642345100013e-05,0.0004121024670209,0.00040144382467579995,Q3,3,0.8421052631578947,1.0
LT_1197,6.9755220482333575e-06,0.0003841536056157,0.00039112912766393334,Q2,3,0.4117647058823529,1.0
LT_1198,3.890166437929997e-05,0.0004365557432613,0.000397654078882,Q4 peor,1,1.0,1.0
LT_1199,2.1313244059433325e-05,0.0003715744271544,0.00039288767121383334,Q4 peor,4,0.5217391304347826,1.0
LT_12,3.394529757809998e-05,0.0004284782722951,0.000394532974717,Q4 peor,6,0.43243243243243246,0.5
LT_120,7.20577060543336e-06,0.0004035651585182,0.0003963593879127666,Q2,2,0.6666666666666666,0.0
LT_1200,1.220451663299996e-05,0.0004021422166941,0.0003899377000611,Q3,2,0.7884615384615384,1.0
LT_1201,1.6526505569666677e-06,0.0003821216685208,0.0003837743190777667,Q1 mejor,2,0.875,0.5
LT_1202,2.1072182554366644e-05,0.0003656396299436,0.0003867118124979666,Q4 peor,4,0.41379310344827586,0.75
LT_1203,2.7330037836166652e-05,0.0004205303878127,0.0003932003499765334,Q4 peor,1,1.0,
LT_1204,8.71788192533321e-07,0.0003892937709783,0.00038934746339096667,Q1 mejor,3,0.6052631578947368,1.0
LT_1205,1.2966900742933328e-05,0.0003942685567012,0.0003813016559582666,Q3,1,1.0,1.0
LT_1206,9.15983166010003e-06,0.0003910464592889,0.0003818866276288,Q2,3,0.5769230769230769,0.5
LT_1207,2.66649501769999e-06,0.0003821739923813,0.0003795074973636,Q1 mejor,3,0.35714285714285715,0.3333333333333333
LT_1208,2.2658617078233345e-05,0.0004052848990895,0.00038262628201126667,Q4 peor,2,0.5384615384615384,0.0
LT_1209,2.1353670001433308e-05,0.000411049969588,0.00038969629958656663,Q4 peor,2,0.9047619047619048,1.0
LT_121,1.0902546132100018e-05,0.0004104439349028,0.00039954138877070004,Q3,3,0.7647058823529411,0.0
LT_1210,1.009218912666665e-05,0.0003953121916425,0.00038522000251583333,Q3,2,0.7333333333333333,1.0
LT_1211,1.6286907528700006e-05,0.0003996522362808,0.0003833653287521,Q3,3,0.72,0.6666666666666666
LT_1212,1.2631667599333452e-06,0.000387758963031,0.0003883439853146,Q1 mejor,2,0.6,0.0
LT_1213,1.0436745004266636e-05,0.0003684433052872,0.00037888005029146663,Q3,2,0.9473684210526315,0.5
LT_1214,8.95705298093331e-06,0.0003689006769063,0.0003778577298872334,Q2,2,0.9705882352941176,0.5
LT_1215,2.6640960088633336e-05,0.0004211555807845,0.0003945146206958667,Q4 peor,1,1.0,
LT_1216,8.774672064000013e-06,0.0003742855244103,0.00038306019647429995,Q2,3,0.5454545454545454,0.6666666666666666
LT_1217,7.630520497999978e-06,0.0003753459381637,0.00038297645866169997,Q2,2,0.8857142857142857,0.0
LT_1218,1.407337384520003e-05,0.0003792348399802,0.0003933082138254,Q3,3,0.6785714285714286,1.0
LT_1219,2.6693127180233318e-05,0.0004179242244551,0.0003912310972748667,Q4 peor,2,0.9642857142857143,0.0
LT_122,1.811950513190001e-05,0.0003863711275828,0.00040449063271470005,Q4 peor,4,0.46153846153846156,0.5
LT_1220,2.1638612396733335e-05,0.0003680186971704,0.00038965730956713333,Q4 peor,5,0.2727272727272727,0.6
LT_1221,2.555176706126666e-05,0.0004116390052977,0.00038608723823643337,Q4 peor,2,0.94,0.0
LT_1222,3.06264397347e-05,0.000417967951272,0.0003873415115373,Q4 peor,1,1.0,0.0
LT_1223,1.172551978756664e-05,0.0003969580839478,0.00038523256416023334,Q3,3,0.6774193548387096,0.0
LT_1224,6.599487584266672e-06,0.0003719336082025,0.00037853309578676666,Q2,1,1.0,0.0
LT_1225,2.858350596506666e-05,0.000358437883523,0.0003870213894880666,Q4 peor,2,0.6428571428571429,0.5
LT_1226,1.6095508575966646e-05,0.0003790121693358,0.00039510767791176666,Q3,3,0.8666666666666667,0.0
LT_1227,3.607027788916665e-05,0.0004292305052094,0.00039316022732023337,Q4 peor,2,0.8125,1.0
LT_1228,1.5333100229633357e-05,0.0003719336082025,0.00038726670843213337,Q3,1,1.0,0.0
LT_1229,2.3694367966066644e-05,0.000428287220862,0.00040459285289593335,Q4 peor,2,0.7142857142857143,0.0
LT_123,6.860882706900022e-06,0.0003872603238223,0.00039412120652920004,Q2,2,0.5,0.0
LT_1230,1.8160157603966674e-05,0.0004096603885514,0.00039150023094743335,Q4 peor,4,0.864406779661017,0.0
LT_1231,7.775968888333364e-07,0.0003842943683725,0.0003840862985742,Q1 mejor,3,0.5384615384615384,0.6666666666666666
LT_1232,1.7236308113600035e-05,0.0004034148414851,0.0003861785333715,Q4 peor,3,0.8620689655172413,0.6666666666666666
LT_1233,3.295949259373334e-05,0.0003734195479853,0.0004063790405790333,Q4 peor,1,1.0,0.0
LT_1234,2.2440429029733342e-05,0.0003610070289426,0.0003834474579723333,Q4 peor,3,0.6,0.6666666666666666
LT_1235,1.5639801994933318e-05,0.0003778995942205,0.00039353939621543333,Q3,6,0.35,0.8333333333333334
LT_1236,7.990328150533332e-06,0.0004036823332226,0.0003956920050720667,Q2,2,0.7692307692307693,0.0
LT_1237,2.250009302493332e-05,0.0003797583830993,0.0004022584761242333,Q4 peor,1,1.0,0.0
LT_1238,1.3435093686000193e-06,0.0003925878714909,0.0003912443621223,Q1 mejor,1,1.0,0.0
LT_1239,1.4218963937766662e-05,0.0003796928484163,0.00039391181235406665,Q3,5,0.45652173913043476,0.0
LT_124,6.062108413500003e-06,0.0004127131007051,0.0004066509922916,Q2,4,0.5925925925925926,0.0
LT_1240,1.67431462401333e-05,0.0003754969872641,0.0003922401335042333,Q3,2,0.7,0.0
LT_1241,3.075180163426668e-05,0.0004204753665575,0.0003897235649232334,Q4 peor,2,0.8888888888888888,1.0
LT_1242,2.392727964836665e-05,0.000413285967251,0.00038935868760263333,Q4 peor,3,0.7407407407407407,1.0
LT_1243,1.6689788560199993e-05,0.000400368705046,0.0003836789164858,Q3,2,0.8214285714285714,1.0
LT_1244,3.7255620373200004e-05,0.0004259092313887,0.0003886536110155,Q4 peor,1,1.0,0.0
LT_1245,8.199623377599976e-06,0.0003897644912968,0.00039796411467439997,Q2,3,0.4791666666666667,0.0
LT_1246,1.3841572938133338e-05,0.0003730687429012,0.0003869103158393333,Q3,2,0.8333333333333334,0.5
LT_1247,1.8306391691666963e-06,0.0003888244310868,0.0003869937919176333,Q1 mejor,2,0.6538461538461539,1.0
LT_1248,1.9794344183233337e-05,0.0004220353032718,0.0004022409590885667,Q4 peor,2,0.7142857142857143,0.5
LT_1249,2.440620246036665e-05,0.0003725850841879,0.00039699128664826667,Q4 peor,1,1.0,0.0
LT_125,5.998342788966669e-06,0.0004033475864169,0.0004093459292058667,Q2,6,0.6666666666666666,0.16666666666666666
LT_1250,8.741744926333354e-06,0.0003935610941862,0.0003848193492598667,Q2,1,1.0,1.0
LT_1251,2.555373758966707e-06,0.0003874431731057,0.0003899985468646667,Q1 mejor,2,0.9375,0.5
LT_1252,2.797904785666693e-06,0.0003765483770503,0.0003793462818359667,Q1 mejor,3,0.5909090909090909,0.6666666666666666
LT_1253,2.3015638381500025e-05,0.0004195075073706,0.0003964918689891,Q4 peor,2,0.5277777777777778,0.0
LT_1254,2.3659733795733308e-05,0.0003698990254237,0.00039355875921943327,Q4 peor,2,0.7368421052631579,0.0
LT_1255,2.3555368470500016e-05,0.0004116838210105,0.00038812845254,Q4 peor,2,0.9090909090909091,0.5
LT_1256,5.00548680589999e-06,0.0003763256638941,0.0003813311507,Q2,2,0.5306122448979592,0.0
LT_1257,1.306397180189999e-05,0.0004150747841579,0.00040201081235599997,Q3,1,1.0,0.0
LT_1258,2.4692915910000317e-06,0.0003847083853815,0.0003871776769725,Q1 mejor,5,0.3333333333333333,0.4
LT_1259,9.373246252133342e-06,0.0003766308312959,0.0003860040775480334,Q2,1,1.0,0.0
LT_126,3.4784916986999766e-06,0.000413659279195,0.0004101807874963,Q1 mejor,3,0.46153846153846156,0.0
LT_1260,1.2022270470833345e-05,0.0003986530793854,0.0003866308089145666,Q3,1,1.0,1.0
LT_1261,6.827264723299988e-06,0.0003913723706521,0.0003981996353754,Q2,3,0.6428571428571429,0.0
LT_1262,4.611132650333314e-06,0.0003878557503633,0.0003924668830136333,Q2,7,0.2830188679245283,0.8333333333333334
LT_1263,2.270831820866689e-06,0.0003955256549255,0.0003977964867463667,Q1 mejor,3,0.7714285714285715,0.0
LT_1264,2.020425803670002e-05,0.0004174844144688,0.0003972801564321,Q4 peor,1,1.0,0.0
LT_1265,2.3007541799733315e-05,0.000369436365629,0.00039244390742873336,Q4 peor,2,0.8571428571428571,0.5
LT_1266,8.356996539633329e-06,0.0004033520003201,0.00039499500378046664,Q2,3,0.4186046511627907,0.6666666666666666
LT_1267,7.4108443047333264e-06,0.0003847676893013,0.0003921785336060333,Q2,1,1.0,1.0
LT_1268,1.2663416237000015e-05,0.0003804125091521,0.00039307592538910004,Q3,2,0.9583333333333334,0.0
LT_1269,2.5891127185799995e-05,0.0004154762889643,0.00038958516177849996,Q4 peor,3,0.8205128205128205,1.0
LT_127,2.4087385498300004e-05,0.0004245886700202,0.00040050128452189996,Q4 peor,2,0.8461538461538461,0.5
LT_1270,1.9891567292266656e-05,0.000376409370782,0.0003963009380742667,Q4 peor,3,0.7142857142857143,0.3333333333333333
LT_1271,1.1297587793233314e-05,0.0003842028332196,0.00039550042101283334,Q3,1,1.0,0.0
LT_1272,2.3420505007166652e-05,0.0004159142248145,0.00039249371980733336,Q4 peor,3,0.8064516129032258,0.3333333333333333
LT_1273,3.604985921433331e-06,0.0003813449842204,0.00038494997014183334,Q1 mejor,1,1.0,0.0
LT_1274,1.5701624730966683e-05,0.0003767102870703,0.00039241191180126666,Q3,8,0.34615384615384615,0.25
LT_1275,1.572395690960001e-05,0.0003837673898406,0.0003994913467502,Q3,5,0.6415094339622641,0.2
LT_1276,9.91901084653334e-06,0.0003905852711164,0.00040050428196293335,Q3,5,0.3404255319148936,0.25
LT_1277,1.1703214905099997e-05,0.0003873955071939,0.000399098722099,Q3,5,0.40540540540540543,0.4
LT_1278,8.038798216733323e-06,0.0003913059921466,0.00039934479036333336,Q2,6,0.4782608695652174,0.25
LT_1279,9.929588952366667e-06,0.000371918991895,0.0003818485808473667,Q3,1,1.0,0.0
LT_128,2.2269384721666707e-06,0.0003842022168762,0.0003864291553483667,Q1 mejor,4,0.5185185185185185,1.0
LT_1280,2.2985995275666858e-06,0.0003988110542255,0.0003965124546979333,Q1 mejor,4,0.48,0.3333333333333333
LT_1281,1.1015284430033342e-05,0.0003850079327622,0.00039602321719223334,Q3,5,0.45714285714285713,0.25
LT_1282,1.08663940858e-05,0.0004025286623738,0.000391662268288,Q3,3,0.8,0.3333333333333333
LT_1283,5.219954966966679e-06,0.0003904723246129,0.00039569227957986664,Q2,5,0.5918367346938775,0.25
LT_1284,2.1680728853999917e-06,0.0003794151660725,0.00038158323895789997,Q1 mejor,2,0.6724137931034483,0.0
LT_1285,1.4122637769266672e-05,0.0004154694779362,0.00040134684016693333,Q3,4,0.8333333333333334,0.3333333333333333
LT_1286,6.565542540533339e-06,0.0003996654694815,0.0003930999269409667,Q2,7,0.43902439024390244,1.0
LT_1287,4.083230830333358e-06,0.0004011145150533,0.00039703128422296667,Q1 mejor,6,0.5277777777777778,0.4
LT_1288,3.742043247456668e-05,0.0004209634164026,0.00038354298392803335,Q4 peor,1,1.0,
LT_1289,1.0825067122333305e-06,0.0003935722552314,0.00039357003769416673,Q1 mejor,2,0.9772727272727273,0.5
LT_129,7.84125213100002e-06,0.0004017285835818,0.0004095698357128,Q2,4,0.52,0.0
LT_1290,2.5414885823633345e-05,0.0003731081819372,0.00039852306776083337,Q4 peor,1,1.0,0.0
LT_1291,3.7071414488666727e-06,0.0003914096496814,0.00039511679113026665,Q1 mejor,4,0.5,0.0
LT_1292,5.9259470539666744e-06,0.0003867798696721,0.0003927058167260667,Q2,6,0.38461538461538464,0.6666666666666666
LT_1293,2.424827056253334e-05,0.0004213230262253,0.00039707475566276665,Q4 peor,2,0.9285714285714286,0.0
LT_1294,1.1684078297666633e-05,0.0003776948111341,0.00038937888943176664,Q3,1,1.0,0.0
LT_1295,1.1798310849666665e-05,0.0004269230271872,0.00041512471633753335,Q3,1,1.0,
LT_1296,3.731502337673331e-05,0.0003579513731494,0.00039526639652613335,Q4 peor,9,0.2916666666666667,0.8888888888888888
LT_1297,2.0339207596866658e-05,0.0004191300785067,0.00039879087090983334,Q4 peor,2,0.9545454545454546,1.0
LT_1298,1.1211820191233337e-05,0.00037908852309,0.00039030034328123335,Q3,5,0.8529411764705882,0.8
LT_1299,1.9358221168299993e-05,0.0004205175779847,0.00040115935681640005,Q4 peor,1,1.0,
LT_13,6.44805463666651e-07,0.0004011268317402,0.00040169236096246667,Q1 mejor,6,0.43478260869565216,0.5
LT_130,1.6595857095000079e-06,0.0004113359836539,0.00040967639794439997,Q1 mejor,6,0.36666666666666664,0.0
LT_1300,1.953918631646667e-05,0.0003808833874102,0.0004004225737266667,Q4 peor,2,0.6842105263157895,0.0
LT_1301,3.5800268984599984e-05,0.0003560855898109,0.0003918858587955,Q4 peor,5,0.4444444444444444,0.75
LT_1302,2.1082218693166653e-05,0.000370787871639,0.0003918700903321666,Q4 peor,10,0.34545454545454546,0.9
LT_1303,1.5635891369533315e-05,0.0003715572278492,0.00038719311921873333,Q3,1,1.0,0.0
LT_1304,2.0981698209233334e-05,0.0004217587740944,0.00040077707588516664,Q4 peor,1,1.0,
LT_1305,1.1255399290200006e-05,0.0003745874535866,0.00038584285287679996,Q3,1,1.0,0.0
LT_1306,7.0299263578333e-06,0.0003825196616278,0.0003895495879856333,Q2,5,0.3181818181818182,0.75
LT_1307,1.5527710321300015e-05,0.0003731081819372,0.0003886358922585,Q3,1,1.0,0.0
LT_1308,1.4404568544099998e-05,0.0003737891906034,0.0003881937591475,Q3,1,1.0,0.0
LT_1309,2.1897479745333355e-05,0.0003734195479853,0.00039531702773063334,Q4 peor,1,1.0,0.0
LT_131,7.034934801733309e-06,0.0004020099877298,0.0004090449225315333,Q2,3,0.5869565217391305,0.0
LT_1310,2.9927153339133288e-05,0.000371562057817,0.0004014892111561333,Q4 peor,1,1.0,0.0
LT_1311,7.125051025533324e-06,0.0004207350858484,0.00041361003482286667,Q2,1,1.0,
LT_1312,1.7338323803866647e-05,0.0004216422412952,0.0004043039174913333,Q4 peor,1,1.0,
LT_1313,1.730236351639998e-05,0.0003668437562387,0.0003841461197551,Q4 peor,8,0.3023255813953488,0.8571428571428571
LT_1314,1.880741880300001e-05,0.0004204182090067,0.0004016107902037,Q4 peor,1,1.0,
LT_1315,3.6837813821666734e-06,0.0004025281494742,0.00040621193085636667,Q1 mejor,2,0.875,1.0
LT_1316,6.5429354076666775e-06,0.0003995723748246,0.0003930294394169334,Q2,2,0.6923076923076923,0.0
LT_1317,1.6354700869999986e-05,0.0003716931203399,0.00038804782120990003,Q3,1,1.0,0.0
LT_1318,4.522525577800017e-06,0.0003766308312959,0.0003811533568737,Q1 mejor,1,1.0,0.0
LT_1319,1.5739898351999815e-06,0.0003860721531434,0.00038449816330819996,Q1 mejor,7,0.41935483870967744,1.0
LT_132,5.237055062533331e-06,0.0004056225352563,0.00041085959031883333,Q2,4,0.4375,0.0
LT_1320,1.5115680811666995e-06,0.0003975679972636,0.00039605642918243334,Q1 mejor,1,1.0,0.0
LT_1321,1.2198353994799974e-05,0.0003716931203399,0.00038389147433469996,Q3,1,1.0,0.0
LT_1322,1.4960075057700006e-05,0.0003771481160455,0.0003921081911032,Q3,1,1.0,0.0
LT_1323,1.4916578745933338e-05,0.0003703834791994,0.0003853000579453333,Q3,7,0.391304347826087,0.7142857142857143
LT_1324,2.8327455836166676e-05,0.0003717103837056,0.0004000378395417666,Q4 peor,1,1.0,0.0
LT_1325,5.110958743699983e-06,0.0003793873036334,0.00038449826237709996,Q2,1,1.0,0.0
LT_1326,7.55054028703335e-06,0.0003731081819372,0.00038065872222423335,Q2,1,1.0,0.0
LT_1327,1.2282112928333276e-06,0.0003970243756249,0.00039751967185426665,Q1 mejor,5,0.5862068965517241,0.6
LT_1328,4.945733311466668e-06,0.0004008259704458,0.00039588023713433337,Q2,5,0.391304347826087,0.8
LT_1329,6.634069657866651e-06,0.0003726317174871,0.0003792657871449667,Q2,1,1.0,0.0
LT_133,4.586006044966665e-06,0.0004123920738746,0.0004078060678296333,Q1 mejor,4,0.38095238095238093,0.3333333333333333
LT_1330,1.199495490000009e-06,0.0003837550360745,0.00038484550059723335,Q1 mejor,1,1.0,0.0
LT_1331,2.4202388558299996e-05,0.0004228553871741,0.0003986529986158,Q4 peor,1,1.0,0.0
LT_1332,1.913622778389998e-05,0.0003684950401224,0.0003876312679063,Q4 peor,10,0.36923076923076925,0.7777777777777778
LT_1333,2.9902213038966675e-05,0.0003745874535866,0.00040448966662556666,Q4 peor,1,1.0,0.0
LT_1334,2.3703066401299996e-05,0.0004133798229123,0.000389676756511,Q4 peor,2,0.9473684210526315,0.0
LT_1335,2.4653995660233337e-05,0.0004204182090067,0.00039576421334646663,Q4 peor,1,1.0,
LT_1336,1.9154865597866655e-05,0.0003664083749015,0.0003855632404993667,Q4 peor,2,0.9629629629629629,0.5
LT_1337,1.1216260377800014e-05,0.0003881580913778,0.000376941831,Q3,1,1.0,0.0
LT_1338,2.450655600800026e-06,0.0003903371436438,0.000387886488043,Q1 mejor,1,1.0,0.0
LT_1339,2.3866877661700018e-05,0.0003745874535866,0.00039845433124829997,Q4 peor,1,1.0,0.0
LT_134,1.0501012689533343e-05,0.000375539510647,0.0003860405233365334,Q3,1,1.0,0.0
LT_1340,1.0420924271066682e-05,0.0003717103837056,0.0003821313079766667,Q3,1,1.0,0.0
LT_1341,5.497429189966657e-06,0.0003919944804709,0.0003864970512809333,Q2,1,1.0,0.0
LT_1342,1.5639439375599977e-05,0.0003693506216886,0.00038499006106419996,Q3,3,0.7105263157894737,0.0
LT_1343,2.5075321225000012e-05,0.0003778623683958,0.00040293768962080005,Q4 peor,1,1.0,0.0
LT_1344,1.8863945402366658e-05,0.0003715572278492,0.0003904211732515667,Q4 peor,1,1.0,0.0
LT_1345,1.4925597375000032e-06,0.0003788098738788,0.0003802929172506333,Q1 mejor,2,0.631578947368421,0.0
LT_1346,1.9525671760666353e-06,0.0003943384548594,0.00039238588768333334,Q1 mejor,1,1.0,0.0
LT_1347,2.0142787918000097e-06,0.0003827531376838,0.00038073885889200004,Q1 mejor,1,1.0,0.0
LT_1348,3.582830374300013e-06,0.0003791930189441,0.0003827758493184,Q1 mejor,1,1.0,0.0
LT_1349,9.158530492233308e-06,0.0003716931203399,0.00038085165083213333,Q2,1,1.0,0.0
LT_135,1.573042051596667e-05,0.0003739576203774,0.00038968804089336667,Q3,6,0.3793103448275862,0.8333333333333334
LT_1350,1.6614011133266645e-05,0.0004149148887018,0.00039830087756853334,Q3,4,0.4583333333333333,0.3333333333333333
LT_1351,1.7337449587666585e-06,0.0003808095108707,0.00038030704443666667,Q1 mejor,1,1.0,0.0
LT_1352,1.0928755806666675e-05,0.0004205175779847,0.00040958882217803335,Q3,1,1.0,
LT_1353,2.638237344533325e-06,0.0003839577479654,0.0003813195106208667,Q1 mejor,2,0.8863636363636364,0.5
LT_1354,1.0591228728733335e-05,0.0003788509529053,0.0003894421816340333,Q3,4,0.4444444444444444,0.5
LT_1355,6.494209330000175e-07,0.0003808095108707,0.0003814435745243,Q1 mejor,1,1.0,0.0
LT_1356,1.7857394708000471e-06,0.0003810085551558,0.00038279429462659997,Q1 mejor,1,1.0,0.0
LT_1357,3.155750516303333e-05,0.0003547008084142,0.00038625831357723335,Q4 peor,2,0.8048780487804879,0.5
LT_1358,3.660649526466631e-06,0.0003972069250245,0.0004008675745509666,Q1 mejor,2,0.6842105263157895,1.0
LT_1359,2.5393375212966656e-05,0.0003601128084969,0.00038550618370986663,Q4 peor,2,0.8780487804878049,0.5
LT_136,8.644787807999968e-07,0.0004085084397507,0.0004082084589237,Q1 mejor,4,0.8125,0.3333333333333333
LT_1360,1.0074232181633347e-05,0.0003899136648688,0.0003798394326871666,Q3,1,1.0,0.0
LT_1361,1.6068439147766633e-05,0.0004126141298345,0.0003965456906867334,Q3,4,0.4166666666666667,0.3333333333333333
LT_1362,1.4324124734933322e-05,0.0003721855610228,0.0003865096857577333,Q3,3,0.7083333333333334,0.0
LT_1363,1.80196952372e-05,0.0003961677334278,0.0003781480381906,Q4 peor,1,1.0,0.0
LT_1364,1.9487505718333346e-06,0.0003877437295889,0.0003857949790170667,Q1 mejor,5,0.7916666666666666,0.6
LT_1365,2.298734667869999e-05,0.0004152859700985,0.0003922986234198,Q4 peor,2,0.9743589743589743,0.0
LT_1366,2.052300802399988e-06,0.0003804632882886,0.00038251558909100004,Q1 mejor,1,1.0,0.0
LT_1367,1.1513864685133297e-05,0.0003776948111341,0.0003892086758192333,Q3,1,1.0,0.0
LT_1368,7.666190002133307e-06,0.0003776948111341,0.00038536100113623333,Q2,1,1.0,0.0
LT_1369,7.877459718100006e-06,0.0004038364844605,0.0003959590247424,Q2,1,1.0,1.0
LT_137,1.41579874192e-05,0.0004228432945159,0.0004086853070967,Q3,1,1.0,0.0
LT_1370,4.507449104699974e-06,0.0003826677522722,0.0003781603031675,Q1 mejor,1,1.0,0.0
LT_1371,9.445619910000011e-06,0.0004037853932993,0.0003943397733893,Q2,4,0.5,0.75
LT_1372,4.778717016533337e-06,0.0003948777848469,0.0003996565018634333,Q2,4,0.5625,0.5
LT_1373,2.2128312510533296e-05,0.0004128312446663,0.0003907029321557666,Q4 peor,6,0.8181818181818182,0.8333333333333334
LT_1374,1.4485878560666807e-06,0.0003975067665046,0.00039635537632826665,Q1 mejor,2,0.7647058823529411,0.0
LT_1375,1.8976660174000114e-06,0.0003927160986384,0.0003938618307108,Q1 mejor,3,0.7666666666666667,0.0
LT_1376,2.4831916764433346e-05,0.0003632677956075,0.00038809971237193335,Q4 peor,3,0.6153846153846154,0.6666666666666666
LT_1377,8.13049209836665e-06,0.0004073416756621,0.0003992111835637333,Q2,2,0.75,0.5
LT_1378,1.2557384229400006e-05,0.000383795867746,0.0003963532519754,Q3,7,0.3076923076923077,0.8571428571428571
LT_1379,1.892817031779999e-05,0.0004092298252041,0.0003903016548863,Q4 peor,4,0.5555555555555556,0.75
LT_138,4.492004461200002e-06,0.0004132372484644,0.00041772925292559994,Q1 mejor,5,0.36363636363636365,0.25
LT_1380,9.398884830333332e-06,0.0003722311504559,0.00038163003528623334,Q2,1,1.0,0.0
LT_1381,1.7157993534999926e-06,0.0003932845536364,0.0003950003529899,Q1 mejor,5,0.4444444444444444,0.8
LT_1382,2.5327073313466673e-05,0.0004225232674332,0.0003971961941197333,Q4 peor,4,0.9113924050632911,0.75
LT_1383,1.1114285408999984e-05,0.0003863630781703,0.0003974773635793,Q3,7,0.3125,0.6666666666666666
LT_1384,1.7476562692566688e-05,0.0003731081819372,0.0003905847446297667,Q4 peor,1,1.0,0.0
LT_1385,1.3416351381566655e-05,0.0003815758464269,0.0003949921978084667,Q3,4,0.4838709677419355,0.5
LT_1386,8.70270047673332e-06,0.0003860548957026,0.0003947575961793333,Q2,5,0.3448275862068966,1.0
LT_1387,4.415984678966674e-06,0.0004086067198797,0.00040419073520073337,Q1 mejor,6,0.5,0.6666666666666666
LT_1388,6.148096798699988e-06,0.0003893305951164,0.00039547869191510003,Q2,3,0.5142857142857142,0.6666666666666666
LT_1389,3.5397640037999794e-06,0.0003930744265393,0.00039661419054309996,Q1 mejor,5,0.4222222222222222,0.6
LT_139,5.633575712866653e-06,0.0004108924568303,0.00040525888111743333,Q2,4,0.7272727272727273,0.25
LT_1390,1.1985597744599985e-05,0.0003840898483046,0.0003960754460492,Q3,7,0.37209302325581395,0.8333333333333334
LT_1391,1.3871929292366662e-05,0.0004207076709584,0.00040683574166603336,Q3,1,1.0,
LT_1392,1.011680537933315e-06,0.0003889387608311,0.0003898129347797,Q1 mejor,3,0.7142857142857143,0.3333333333333333
LT_1393,1.786722199636668e-05,0.0004069529536173,0.00038908573162093333,Q4 peor,6,0.46153846153846156,0.6666666666666666
LT_1394,1.3735447455733325e-05,0.000416287888193,0.00040255244073726665,Q3,2,0.9565217391304348,0.0
LT_1395,1.024596597533352e-06,0.0003981962440546,0.0003971716474570667,Q1 mejor,3,0.7894736842105263,0.0
LT_1396,1.148608205416667e-05,0.0003850209985912,0.0003965070806453666,Q3,4,0.42857142857142855,0.75
LT_1397,1.4553737732666743e-06,0.0003965761697632,0.00039516674728706666,Q1 mejor,8,0.29411764705882354,0.75
LT_1398,1.2308500563133306e-05,0.0003876700567197,0.0003999785572828334,Q3,3,0.9090909090909091,0.6666666666666666
LT_1399,1.7565199760733314e-05,0.0003743917168526,0.00039195691661333336,Q4 peor,7,0.30303030303030304,0.8571428571428571
LT_14,5.108748263299987e-06,0.0003976632669545,0.0003925545186912,Q2,6,0.32558139534883723,0.8
LT_140,2.0474366564999778e-06,0.0004028928872516,0.00040494032390809995,Q1 mejor,5,0.6617647058823529,0.25
LT_1400,9.698520374999987e-06,0.0003873305675521,0.0003970290879271,Q3,1,1.0,0.0
LT_1401,2.7902449119666483e-06,0.0003886022776222,0.00039139252253416666,Q1 mejor,8,0.21212121212121213,0.625
LT_1402,1.3334861615000023e-05,0.0004127985429978,0.00039946368138280003,Q3,3,0.5714285714285714,0.6666666666666666
LT_1403,5.5546786579332985e-06,0.0003976023753088,0.0003920476966508667,Q2,3,0.9574468085106383,0.6666666666666666
LT_1404,3.0213663794000233e-06,0.0003919307426784,0.0003949521090578,Q1 mejor,4,0.5,0.75
LT_1405,1.4430177809833327e-05,0.000404984202331,0.0003905540245211666,Q3,9,0.42857142857142855,0.7777777777777778
LT_1406,1.7473116517966662e-05,0.0003757782287095,0.0003932513452274667,Q4 peor,5,0.4,0.8
LT_1407,6.2505595876333545e-06,0.0003913583047767,0.00039760886436433334,Q2,3,0.6206896551724138,0.6666666666666666
LT_1408,1.131176216746665e-05,0.0003797380134512,0.00039104977561866665,Q3,3,0.5,0.6666666666666666
LT_1409,9.15884534966671e-07,0.0003884885430242,0.00038921136330836666,Q1 mejor,3,0.8108108108108109,0.6666666666666666
LT_141,2.3875348020399995e-05,0.0004067346541778,0.0003828593061574,Q4 peor,2,0.8571428571428571,1.0
LT_1410,5.519643443299997e-06,0.0003981168764651,0.0003925972330218,Q2,3,0.42857142857142855,0.6666666666666666
LT_1411,2.6131564271800005e-05,0.0003733371847873,0.0003994687490591,Q4 peor,5,0.4,0.8
LT_1412,9.451273170533306e-06,0.000371562057817,0.0003810133309875333,Q2,1,1.0,0.0
LT_1413,3.1000444474666884e-06,0.0004179334194663,0.00041483337501883335,Q1 mejor,3,0.8,0.6666666666666666
LT_1414,2.604400738883333e-05,0.0003762060022309,0.0004022500096197334,Q4 peor,4,0.5490196078431373,0.75
LT_1415,1.0014050205299981e-05,0.000385412921968,0.00039542697217329997,Q3,5,0.5142857142857142,0.6
LT_1416,1.257455349976666e-05,0.0004110264720006,0.0003984519185008333,Q3,4,0.5862068965517241,1.0
LT_1417,2.187839840176666e-05,0.0004289235598324,0.0004070451614306333,Q4 peor,2,0.7777777777777778,0.0
LT_1418,8.745547485899984e-06,0.0003766071279053,0.0003853526753912,Q2,1,1.0,0.0
LT_1419,1.104894714886669e-05,0.0004101926809733,0.0003991437338244333,Q3,5,0.3333333333333333,0.6
LT_142,1.6403798289999763e-06,0.0004039352611478,0.00040557564097680004,Q1 mejor,4,0.7192982456140351,0.0
LT_1420,1.641598263299991e-06,0.0004039673311089,0.0004036388416513333,Q1 mejor,4,0.5,0.75
LT_1421,2.5214218559000003e-05,0.0003821659039735,0.0004073801225325,Q4 peor,8,0.32,0.7142857142857143
LT_1422,1.1497777879833335e-05,0.0003726317174871,0.0003841294953669334,Q3,1,1.0,0.0
LT_1423,1.3417644055066673e-05,0.0003722311504559,0.0003856487945109667,Q3,1,1.0,0.0
LT_1424,8.79085405883335e-06,0.0003866733112512,0.00039546416531003334,Q2,6,0.4473684210526316,1.0
LT_1425,8.451576492133323e-06,0.0004035063994163,0.0003950548229241667,Q2,6,0.5925925925925926,0.6666666666666666
LT_1426,1.926776715930001e-05,0.0003717103837056,0.0003909781508649,Q4 peor,1,1.0,0.0
LT_1427,1.722937735726666e-05,0.0003860077602258,0.0004032371375830667,Q4 peor,6,0.37209302325581395,0.5
LT_1428,1.2257606864933307e-05,0.0004208319381976,0.0004085743313326667,Q3,1,1.0,
LT_1429,2.2917647436433307e-05,0.0004212718787383,0.00039835423130186667,Q4 peor,2,0.875,0.0
LT_143,4.236418469499992e-06,0.0003867064944513,0.00038247007598180005,Q1 mejor,2,0.6842105263157895,0.0
LT_1430,1.08461320239333e-05,0.0003907164308324,0.00040156256285633327,Q3,8,0.2413793103448276,0.7142857142857143
LT_1431,5.425328196933317e-06,0.000403277224927,0.0003978518967300666,Q2,6,0.43333333333333335,0.6666666666666666
LT_1432,3.6302992830666684e-05,0.0004290217003555,0.0003927187075248334,Q4 peor,3,0.875,1.0
LT_1433,2.741767966253335e-05,0.0004296219898383,0.0004022043101757666,Q4 peor,1,1.0,1.0
LT_1434,3.06552797934667e-05,0.0004298328753955,0.0003991775956020333,Q4 peor,3,0.6190476190476191,1.0
LT_1435,6.858886886833336e-06,0.0004168355530002,0.0004099766661133667,Q2,6,0.6333333333333333,0.6666666666666666
LT_1436,3.155102002936669e-05,0.0004318308952709,0.0004002798752415333,Q4 peor,3,0.704225352112676,1.0
LT_1437,7.549171725733329e-06,0.0003850629457977,0.00039261211752343334,Q2,7,0.574468085106383,0.8571428571428571
LT_1438,1.8162873651666625e-06,0.0003875376217424,0.0003893539091075667,Q1 mejor,6,0.35294117647058826,0.8333333333333334
LT_1439,3.853781637216668e-05,0.0004318329302671,0.0003932951138949333,Q4 peor,3,0.5256410256410257,0.6666666666666666
LT_144,5.166108481199977e-06,0.0003907564187795,0.00038559031029829997,Q2,1,1.0,0.0
LT_1440,1.473576457643333e-05,0.0003778324084559,0.00039256817303233335,Q3,3,0.625,0.6666666666666666
LT_1441,1.2875036842466641e-05,0.0003787412049145,0.00039161624175696667,Q3,2,0.9285714285714286,0.5
LT_1442,2.9665610798133342e-05,0.0003808095108708,0.0004104751216689333,Q4 peor,1,1.0,0.0
LT_1443,6.908775838499967e-06,0.0003989155591627,0.0003920067833242,Q2,5,0.375,0.8
LT_1444,1.730714008219999e-05,0.0003821572065517,0.00039946434663389995,Q4 peor,3,0.8,0.3333333333333333
LT_1445,1.047761375613332e-05,0.0003848220683149,0.00039529968207103333,Q3,6,0.5428571428571428,0.6666666666666666
LT_1446,9.270051575166653e-06,0.0003808095108708,0.0003900795624459667,Q2,1,1.0,0.0
LT_1447,1.8971769344033326e-05,0.0003709295494363,0.0003899013187803333,Q4 peor,11,0.30303030303030304,0.8181818181818182
LT_1448,2.333118343370002e-05,0.0003791930189441,0.00040252420237780003,Q4 peor,1,1.0,0.0
LT_1449,1.1452480140466641e-05,0.0004269230271872,0.0004154705470467333,Q3,1,1.0,
LT_145,1.7035322791866646e-05,0.0003782038129892,0.00039523913578106665,Q4 peor,3,0.5384615384615384,0.6666666666666666
LT_1450,1.6092562330766673e-05,0.0004127948204798,0.0003967022581490333,Q3,5,0.7681159420289855,0.8
LT_1451,2.091425616026667e-05,0.0004218219237678,0.0004009076676075333,Q4 peor,1,1.0,
LT_1452,1.3908494947800006e-05,0.0004056864651743,0.00039177797022649994,Q3,5,0.5,0.8
LT_1453,3.768133651356669e-05,0.0003537565640136,0.0003914379005271667,Q4 peor,5,0.47619047619047616,0.75
LT_1454,1.1200269979733322e-05,0.0004234250997331,0.00041222482975336664,Q3,1,1.0,
LT_1455,1.8958410997000014e-06,0.0003945632346819,0.0003952767273338667,Q1 mejor,7,0.3333333333333333,0.8571428571428571
LT_1456,1.647409635436666e-05,0.0003771558118544,0.00039362990820876665,Q3,7,0.2777777777777778,0.6666666666666666
LT_1457,1.8558047766833357e-05,0.000416315210273,0.00039775716250616667,Q4 peor,5,0.4411764705882353,0.6
LT_1458,1.1227923332333418e-06,0.0003954636510434,0.00039658644337663336,Q1 mejor,5,0.39473684210526316,1.0
LT_1459,1.614482077173331e-05,0.0004113362691046,0.0003951914483328667,Q3,6,0.5142857142857142,0.8333333333333334
LT_146,3.846684402199992e-06,0.0004017788263496,0.00040562551075179996,Q1 mejor,3,0.5777777777777777,0.0
LT_1460,5.816713384599996e-06,0.000396489846503,0.0003906731331184,Q2,2,0.96,1.0
LT_1461,1.5207876102133359e-05,0.0003832922037958,0.0003985000798979333,Q3,6,0.32,0.8333333333333334
LT_1462,1.0255678826499997e-05,0.0003868928645309,0.0003971485433574,Q3,6,0.2413793103448276,0.5
LT_1463,3.6716293047000157e-06,0.0004204182090067,0.00041674657970199996,Q1 mejor,1,1.0,
LT_1464,7.625645490400027e-06,0.0004212353556525,0.0004136097101621,Q2,1,1.0,
LT_1465,3.04515121660001e-06,0.0003928904217048,0.00039593557292140003,Q1 mejor,6,0.3333333333333333,1.0
LT_1466,9.53975975133331e-06,0.0003849069746468,0.00039444673439813335,Q3,6,0.3695652173913043,0.8333333333333334
LT_1467,1.1174513285866654e-05,0.0004269230271872,0.0004157485139013333,Q3,1,1.0,
LT_1468,6.95502774560002e-06,0.0004217587740944,0.00041480374634880003,Q2,1,1.0,
LT_1469,2.280942390266674e-06,0.000390996979352,0.0003932779217422667,Q1 mejor,7,0.375,0.8571428571428571
LT_147,1.9380275668266674e-05,0.0004266209888237,0.0004072407131554333,Q4 peor,3,0.8461538461538461,0.5
LT_1470,4.641414655300021e-06,0.000386175182051,0.0003908165967063,Q2,5,0.3181818181818182,0.8
LT_1471,1.139685590566658e-06,0.000393770773525,0.00039491045911556663,Q1 mejor,7,0.3888888888888889,0.8333333333333334
LT_1472,1.5001726765999795e-06,0.0003910687488287,0.0003925689215053,Q1 mejor,6,0.2857142857142857,0.6666666666666666
LT_1473,5.937672262266655e-06,0.000394557898296,0.00040049557055826666,Q2,6,0.43478260869565216,1.0
LT_1474,4.365303378700009e-06,0.0004204348689271,0.0004160695655484,Q1 mejor,1,1.0,
LT_1475,2.602930256006665e-05,0.0004288872834924,0.00040285798093233336,Q4 peor,1,1.0,0.0
LT_1476,1.6316982670266662e-05,0.0004052261870785,0.00038890920440823334,Q3,5,0.45,0.8
LT_1477,2.0037594028033344e-05,0.0004076355235727,0.00038759792954466666,Q4 peor,1,1.0,1.0
LT_1478,1.2006068665900013e-05,0.0003812720281486,0.0003932780968145,Q3,9,0.21428571428571427,0.75
LT_1479,2.0695972388500006e-05,0.000382401183428,0.0004030971558165,Q4 peor,8,0.5957446808510638,0.8571428571428571
LT_148,1.5445368334333356e-05,0.0003762803696419,0.00039172573797623334,Q3,2,0.8518518518518519,0.5
LT_1480,2.9431572975666706e-06,0.0003959644761754,0.00039302131887783334,Q1 mejor,7,0.3684210526315789,1.0
LT_1481,1.7199952954333323e-05,0.0004139348961064,0.00039673494315206663,Q4 peor,3,0.7666666666666667,0.0
LT_1482,2.6198474555333352e-05,0.0004080845235162,0.0003818860489608667,Q4 peor,2,0.6666666666666666,0.5
LT_1483,2.1748421769699968e-05,0.0004087701606311,0.0003870217388614,Q4 peor,5,0.5641025641025641,0.75
LT_1484,5.558236448933349e-06,0.0003987817373256,0.00039322350087666664,Q2,6,0.2962962962962963,1.0
LT_1485,1.4641974794233313e-05,0.0003844391499855,0.00039908112477973334,Q3,8,0.2222222222222222,0.7142857142857143
LT_1486,9.702916631900026e-06,0.0004117798910395,0.00040207697440760004,Q3,4,0.5510204081632653,1.0
LT_1487,4.670509302666757e-07,0.0003881233929561,0.0003883736370727667,Q1 mejor,7,0.3902439024390244,0.8333333333333334
LT_1488,1.4242942943700005e-05,0.0004130924254808,0.0003988494825371,Q3,4,0.4666666666666667,0.5
LT_1489,1.535860251269998e-05,0.0003813593499871,0.0003967179524998,Q3,4,0.42857142857142855,0.75
LT_149,3.013464226146665e-05,0.0003556661270955,0.0003858007693569667,Q4 peor,2,0.6190476190476191,0.5
LT_1490,2.108827583266669e-06,0.0003898651652095,0.0003886690150513667,Q1 mejor,6,0.48936170212765956,0.6666666666666666
LT_1491,2.7118263429999983e-06,0.0003878964089608,0.0003906082353038,Q1 mejor,3,0.375,0.6666666666666666
LT_1492,2.860907949116664e-05,0.0003635929845083,0.00039220206399946667,Q4 peor,6,0.46153846153846156,0.8333333333333334
LT_1493,8.613530907266678e-06,0.0004129711673117,0.0004043576364044334,Q2,3,0.5,0.6666666666666666
LT_1494,1.126072624519998e-05,0.0003771566640341,0.00038841739027930004,Q3,2,0.65,0.0
LT_1495,2.8058427811999734e-06,0.0003909103912113,0.0003937162339925,Q1 mejor,5,0.45454545454545453,0.75
LT_1496,1.1098029048733311e-05,0.0003871229763004,0.0003982210053491333,Q3,4,0.3125,0.5
LT_1497,1.4772944465100032e-05,0.0003859023413695,0.0004006752858346,Q3,6,0.38095238095238093,0.8333333333333334
LT_1498,1.5889200743000001e-06,0.0004028714178745,0.0004044603379488,Q1 mejor,7,0.64,0.8333333333333334
LT_1499,4.271394531166661e-06,0.0004028743821626,0.0004071457766937667,Q1 mejor,4,0.4827586206896552,0.25
LT_15,9.187820292133337e-06,0.0004011760723258,0.0003919882520336667,Q2,4,0.6363636363636364,1.0
LT_150,3.0675164001266676e-05,0.0004313441471585,0.0004006689831572334,Q4 peor,3,0.7857142857142857,1.0
LT_1500,9.570543355000005e-07,0.0003930108149369,0.0003934470945806667,Q1 mejor,6,0.4264705882352941,0.6666666666666666
LT_1501,9.35894038429998e-06,0.0003754302291926,0.0003847891695769,Q2,5,0.4,0.8
LT_1502,8.632984431099995e-06,0.0003805430533243,0.00038917603775539996,Q2,9,0.21621621621621623,0.875
LT_1503,7.905348129366678e-06,0.0004101145407706,0.00040220919264123337,Q2,4,0.3695652173913043,0.0
LT_1504,1.2108754774799993e-05,0.0004003166192157,0.0003882078644409,Q3,9,0.2608695652173913,0.875
LT_1505,7.45160445413331e-06,0.0003862285880474,0.00039368019250153336,Q2,6,0.358974358974359,0.6
LT_1506,9.44035115643333e-06,0.0003913424370979,0.0004007827882543333,Q2,6,0.27586206896551724,0.6666666666666666
LT_1507,6.330660557399986e-06,0.0003906508849047,0.0003969815454621,Q2,6,0.4318181818181818,0.6666666666666666
LT_1508,1.6805107439966645e-05,0.0003752386602462,0.00039204376768616666,Q3,6,0.42857142857142855,0.8
LT_1509,1.2341251276666652e-05,0.0003746147091881,0.0003869559604647666,Q3,4,0.5882352941176471,0.75
LT_151,3.8031686082766664e-05,0.0003508528221094,0.00038888450819216666,Q4 peor,2,0.717948717948718,0.5
LT_1510,1.1397483713466682e-05,0.0003829408609778,0.0003943383446912666,Q3,4,0.5652173913043478,0.6666666666666666
LT_1511,2.0579045248566674e-05,0.0003671636824448,0.00038774272769336667,Q4 peor,9,0.38181818181818183,0.8888888888888888
LT_1512,1.042384762870003e-05,0.0003813789535787,0.0003918028012074,Q3,7,0.3333333333333333,0.8571428571428571
LT_1513,5.724501853966669e-06,0.0003841946843408,0.00038991918619476665,Q2,9,0.23728813559322035,0.5555555555555556
LT_1514,3.148794850266642e-06,0.0003935964846263,0.00039044768977603337,Q1 mejor,6,0.46153846153846156,1.0
LT_1515,2.4605173346233352e-05,0.0004233918651262,0.00039878669177996663,Q4 peor,6,0.86,0.8333333333333334
LT_1516,1.6301734458666697e-06,0.0003884724835809,0.00038996820367630003,Q1 mejor,7,0.38461538461538464,0.7142857142857143
LT_1517,2.286752120133316e-06,0.0004024589931623,0.0004003657260448334,Q1 mejor,6,0.2857142857142857,0.8333333333333334
LT_1518,1.9395833591733305e-05,0.0004156915963614,0.00039629576276966667,Q4 peor,3,0.5,1.0
LT_1519,7.896098143133325e-06,0.0003892478991159,0.00039714399725903336,Q2,3,0.5714285714285714,0.6666666666666666
LT_152,1.1891694549266663e-05,0.0004372129269723,0.00042532123242303334,Q3,1,1.0,0.0
LT_1520,5.492987862266677e-06,0.0004009568628,0.00039546387493773335,Q2,4,0.7272727272727273,0.75
LT_1521,1.7014696999333196e-06,0.0003926159257479,0.0003943173954478333,Q1 mejor,4,0.6428571428571429,0.75
LT_1522,8.524782439699988e-06,0.0003817750044642,0.00039029978690390004,Q2,7,0.3333333333333333,0.8571428571428571
LT_1523,1.1412708308299976e-05,0.0003716931203399,0.00038310582864820004,Q3,1,1.0,0.0
LT_1524,1.9146499426000063e-06,0.0004036998073,0.0004017953087784667,Q1 mejor,4,0.6153846153846154,0.75
LT_1525,2.5941694066433332e-05,0.0003591023791247,0.0003850440731911333,Q4 peor,5,0.29411764705882354,0.8
LT_1526,3.431421313099978e-06,0.0003886088788758,0.00039204030018889996,Q1 mejor,6,0.2857142857142857,0.6666666666666666
LT_1527,2.846810285366651e-06,0.0003922643009662,0.0003951111112515666,Q1 mejor,7,0.3333333333333333,0.8333333333333334
LT_1528,3.9909362056669666e-07,0.0003918576180887,0.0003919346193555333,Q1 mejor,8,0.3076923076923077,0.7142857142857143
LT_1529,2.3445220539433354e-05,0.0003754080434227,0.00039885326396213336,Q4 peor,6,0.35714285714285715,0.8333333333333334
LT_153,1.3071878320000052e-06,0.0004163491972766,0.00041517281248520005,Q1 mejor,3,0.5833333333333334,0.0
LT_1530,9.196651772366672e-06,0.0004070849446381,0.0003978882928657333,Q2,9,0.2962962962962963,0.875
LT_1531,2.3402492471733356e-05,0.0004090040168916,0.00038560152441986665,Q4 peor,1,1.0,0.0
LT_1532,1.7356682686333518e-06,0.000390633413436,0.00039236908170463334,Q1 mejor,6,0.4375,0.8333333333333334
LT_1533,4.894876870133314e-06,0.0003974610560525,0.00039256617918236665,Q2,5,0.5454545454545454,1.0
LT_1534,1.549122414023334e-05,0.00041181619717,0.0003963249730297667,Q3,4,0.4166666666666667,0.75
LT_1535,8.620222536833344e-06,0.00038212329188,0.00039074351441683333,Q2,5,0.5,0.75
LT_1536,1.3550565630666702e-06,0.0003929899284719,0.0003919516355197666,Q1 mejor,5,0.4090909090909091,0.75
LT_1537,3.79898840353e-05,0.000428854099205,0.00039086421516970003,Q4 peor,5,0.7916666666666666,1.0
LT_1538,2.214151341906669e-05,0.000375752500996,0.0003978940144150667,Q4 peor,9,0.30303030303030304,0.875
LT_1539,1.8498604565000169e-06,0.0003931791632292,0.0003913293027727,Q1 mejor,4,0.4444444444444444,0.5
LT_154,2.3435219181233366e-05,0.0004186993569079,0.00039526413772666665,Q4 peor,1,1.0,0.0
LT_1540,1.773218683166665e-05,0.00037725420145,0.0003949863882816667,Q4 peor,7,0.48148148148148145,0.8333333333333334
LT_1541,9.271282545666664e-06,0.0003880995368222,0.0003973708193678667,Q2,7,0.3142857142857143,0.7142857142857143
LT_1542,2.97331891073e-05,0.0003680173264426,0.0003977505155499,Q4 peor,5,0.5,0.6
LT_1543,9.496977350633318e-06,0.0003934565523308,0.0003839595749801667,Q2,7,0.4117647058823529,0.8333333333333334
LT_1544,1.5504731397333312e-06,0.0003818848109138,0.00038343528405353336,Q1 mejor,6,0.4482758620689655,0.6666666666666666
LT_1545,9.100336667133322e-06,0.0003912389950248,0.0003821386583576667,Q2,4,0.3275862068965517,0.5
LT_1546,7.128672529633328e-06,0.0003959792799459,0.00038885060741626664,Q2,3,0.5238095238095238,0.3333333333333333
LT_1547,1.2058760087933342e-05,0.0004120961204724,0.00040003736038446663,Q3,3,0.922077922077922,0.0
LT_1548,1.7420265682466637e-05,0.0003722311504559,0.00038965141613836663,Q4 peor,1,1.0,0.0
LT_1549,1.2091278866699977e-05,0.0004077972373176,0.00039570595845089997,Q3,4,0.6666666666666666,0.5
LT_155,1.0548023968966693e-05,0.00039733958809,0.00038679156412103335,Q3,4,0.42857142857142855,0.75
LT_1550,5.250765732966646e-06,0.0003844912114967,0.0003897419772296667,Q2,4,0.6666666666666666,1.0
LT_1551,3.081307756513333e-05,0.0003588917722677,0.00038970484983283333,Q4 peor,8,0.40476190476190477,0.8571428571428571
LT_1552,1.234672364210003e-05,0.0003975143934217,0.00038516766977959995,Q3,3,0.49122807017543857,0.3333333333333333
LT_1553,8.88835966510003e-06,0.0003932240488062,0.0004021124084713,Q2,7,0.35294117647058826,0.5
LT_1554,9.13834483309998e-06,0.0003948970691202,0.00040403541395330004,Q2,2,0.5510204081632653,0.5
LT_1555,1.3486805674666504e-06,0.0003924217203835,0.0003934163245373,Q1 mejor,1,1.0,0.0
LT_1556,2.2598110899800024e-05,0.0003664455767579,0.0003890436876577,Q4 peor,5,0.5428571428571428,0.4
LT_1557,5.24316416919998e-06,0.0003863411090506,0.0003810979448814,Q2,5,0.5581395348837209,0.4
LT_1558,5.583883851733333e-06,0.0003814661501332,0.0003870500339849333,Q2,8,0.35714285714285715,0.75
LT_1559,1.9425729767733345e-05,0.0004048875755559,0.00038546184578816664,Q4 peor,3,0.7916666666666666,0.3333333333333333
LT_156,1.153227526533343e-06,0.0004052941143401,0.0004059742984954333,Q1 mejor,6,0.6,0.2
LT_1560,6.688423511433308e-06,0.0003866593410758,0.00039334776458723326,Q2,5,0.2765957446808511,0.6
LT_1561,1.6801275887000193e-06,0.0003844984308072,0.0003828183032185,Q1 mejor,3,0.660377358490566,0.6666666666666666
LT_1562,5.483341758766697e-06,0.0004039127456258,0.00039842940386703335,Q2,3,0.6071428571428571,0.3333333333333333
LT_1563,1.8533469534366676e-05,0.0004158493658721,0.00039731589633773334,Q4 peor,3,0.9411764705882353,0.0
LT_1564,1.0062362667933345e-05,0.0003779871017754,0.0003880494644433333,Q3,5,0.4117647058823529,0.6
LT_1565,1.4454788409100003e-05,0.0004035710944381,0.000389116306029,Q3,3,0.88,0.0
LT_1566,3.759582116266691e-06,0.0003935766794625,0.0003898170973462333,Q1 mejor,6,0.4,0.8333333333333334
LT_1567,5.152430833233332e-06,0.0004098064008047,0.0004046539699714667,Q2,5,0.25,0.6
LT_1568,9.372198742866697e-06,0.0004052626648734,0.00039589046613053335,Q2,8,0.6296296296296297,0.5
LT_1569,2.3375475219999846e-06,0.0003827531376838,0.00038509068520579996,Q1 mejor,1,1.0,0.0
LT_157,2.8421269028666685e-05,0.0003813449842204,0.0004097662532490667,Q4 peor,1,1.0,0.0
LT_1570,6.806685281966686e-06,0.0003898671122852,0.0003966737975671667,Q2,2,0.5333333333333333,0.0
LT_1571,6.7420657422666585e-06,0.0004197830876538,0.00041304102191153336,Q2,4,0.6153846153846154,0.25
LT_1572,7.370985438200023e-06,0.0004176646315467,0.0004102936461085,Q2,3,0.47058823529411764,0.3333333333333333
LT_1573,1.8772055029667037e-06,0.0004078240496066,0.0004059468441036333,Q1 mejor,3,0.5217391304347826,0.5
LT_1574,1.192314500180001e-05,0.0003868336390196,0.0003987567840214,Q3,9,0.2835820895522388,0.875
LT_1575,1.6185290091366667e-05,0.000414239597238,0.00039805430714663333,Q3,3,0.7142857142857143,1.0
LT_1576,1.3079908544666698e-05,0.0003823884526167,0.00039546836116136666,Q3,6,0.3333333333333333,0.8333333333333334
LT_1577,9.057689013600023e-06,0.0004098581921848,0.0004008005031712,Q2,6,0.5869565217391305,0.6666666666666666
LT_1578,1.0066663129266684e-05,0.000373944933356,0.00038401159648526664,Q3,1,1.0,0.0
LT_1579,4.0238189673333195e-06,0.0004052029044988,0.00040117908553146666,Q1 mejor,6,0.4,0.6666666666666666
LT_158,5.272073087200006e-06,0.0004057585362718,0.0004004864631846,Q2,4,0.7619047619047619,0.3333333333333333
LT_1580,3.604035598399975e-06,0.0003804632882886,0.000384067323887,Q1 mejor,1,1.0,0.0
LT_1581,1.5041658147166683e-05,0.0004205960506734,0.00040555439252623333,Q3,3,0.5,0.3333333333333333
LT_1582,1.3773085791366687e-05,0.0004138087819607,0.0004000356961693333,Q3,3,0.9512195121951219,0.3333333333333333
LT_1583,8.80756735123334e-06,0.0003983247358623,0.0003895171685110667,Q2,3,0.7058823529411765,0.3333333333333333
LT_1584,2.505541056433339e-06,0.0003929377400051,0.00039519546130553336,Q1 mejor,1,1.0,0.0
LT_1585,1.1208072970133318e-05,0.0004103778439597,0.0003991697709895667,Q3,6,0.625,0.6666666666666666
LT_1586,1.8345241029633316e-05,0.0003749045015559,0.0003932497425855333,Q4 peor,8,0.32142857142857145,0.875
LT_1587,2.1849740629333345e-05,0.0004178963620537,0.0003960466214243667,Q4 peor,2,0.88,1.0
LT_1588,1.627253774033339e-06,0.0004018712185048,0.0004008286995040333,Q1 mejor,7,0.43478260869565216,0.8571428571428571
LT_1589,2.4211042417666678e-06,0.0003996454955554,0.0004020665997971667,Q1 mejor,6,0.35135135135135137,0.8333333333333334
LT_159,2.2925238980800005e-05,0.0004098514998656,0.0003869262608848,Q4 peor,2,0.8571428571428571,0.0
LT_1590,4.513710949666658e-06,0.0004032110801972,0.00039869736924753337,Q1 mejor,6,0.6326530612244898,0.6666666666666666
LT_1591,1.428127214233333e-05,0.0004132306266514,0.00039894935450906664,Q3,3,0.5,0.6666666666666666
LT_1592,1.600678214326669e-05,0.0004051355485165,0.00038912876637323335,Q3,6,0.325,0.8333333333333334
LT_1593,1.3526563449199982e-05,0.0004223807119449,0.0004088541484957,Q3,3,0.6,0.0
LT_1594,1.4251110295866652e-05,0.0004119115877073,0.00039766047741143334,Q3,2,0.8888888888888888,0.0
LT_1595,2.877107612273336e-05,0.0004148019879106,0.00038603091178786666,Q4 peor,5,0.45454545454545453,0.8
LT_1596,1.0104192553733322e-05,0.0004056771372475,0.00039557294469376664,Q3,8,0.7450980392156863,0.7142857142857143
LT_1597,1.4988731899633325e-05,0.0004088096436543,0.00039382091175466663,Q3,4,0.5,0.75
LT_1598,2.267755476966654e-06,0.0004094562496599,0.0004071884941829333,Q1 mejor,5,0.41935483870967744,0.6
LT_1599,1.9775223112500026e-05,0.00037493101308,0.00039470623619250006,Q4 peor,6,0.46875,0.8333333333333334
LT_16,9.705251120033321e-06,0.0003997400657929,0.0003900348146728667,Q3,2,0.6,0.5
LT_160,1.7916683807199974e-05,0.0003739176835206,0.00039183436732780004,Q4 peor,2,0.8888888888888888,0.5
LT_1600,8.84804767976665e-06,0.0004198291008066,0.0004109810531268333,Q2,2,0.5,0.0
LT_1601,1.4585022923900003e-05,0.000378492629621,0.0003930776525449,Q3,7,0.4375,0.7142857142857143
LT_1602,6.378342811933326e-06,0.0003854693576685,0.00039184770048043333,Q2,5,0.6060606060606061,0.75
LT_1603,1.9440759579133295e-05,0.0004205242978928,0.00040108353831366664,Q4 peor,3,0.5,0.3333333333333333
LT_1604,8.579320653299996e-06,0.0003874267916057,0.000396006112259,Q2,7,0.25,0.8571428571428571
LT_1605,2.3815732531533317e-05,0.0004198926059243,0.00039607687339276667,Q4 peor,4,0.8,0.25
LT_1606,8.806731678566657e-06,0.0004103613726028,0.0004015546409242333,Q2,3,0.8461538461538461,0.3333333333333333
LT_1607,2.3654708151999982e-05,0.0003748136050068,0.0003984683131588,Q4 peor,8,0.5,0.625
LT_1608,1.0052762724333322e-05,0.0003716931203399,0.0003817458830642333,Q3,1,1.0,0.0
LT_1609,2.1324977093000017e-06,0.000388556146502,0.0003904156325803,Q1 mejor,7,0.23404255319148937,1.0
LT_161,1.8486256343366685e-05,0.0003744646382998,0.00039295089464316666,Q4 peor,3,0.5625,0.0
LT_1610,3.367266382516669e-05,0.0004279869027233,0.0003943142388981333,Q4 peor,2,0.9090909090909091,1.0
LT_1611,5.67784639166669e-06,0.000391762103713,0.0003974399501046667,Q2,7,0.2222222222222222,0.7142857142857143
LT_1612,2.2445724274366653e-05,0.0004288872834924,0.0004064415592180334,Q4 peor,1,1.0,0.0
LT_1613,1.1725039103566658e-05,0.0003746662695341,0.0003863913086376667,Q3,5,0.625,1.0
LT_1614,1.7348276388333519e-06,0.0003989629886414,0.00039722816100256665,Q1 mejor,6,0.45161290322580644,0.6666666666666666
LT_1615,2.9563498803133337e-05,0.0003627718415445,0.0003923353403476333,Q4 peor,4,0.5555555555555556,0.75
LT_1616,1.1977550980899976e-05,0.0003803349146423,0.0003923124656232,Q3,6,0.3333333333333333,0.8333333333333334
LT_1617,1.1129148262133313e-05,0.0003772419000211,0.00038837104828323335,Q3,4,0.65,1.0
LT_1618,6.9850448182333506e-06,0.0004075049772034,0.0004005199323851667,Q2,6,0.6428571428571429,0.5
LT_1619,1.5050920535266679e-05,0.0003866398890119,0.00040169080954716667,Q3,9,0.5230769230769231,0.875
LT_162,2.0862640085666474e-06,0.0003918807615751,0.0003939670255836667,Q1 mejor,1,1.0,0.0
LT_1620,3.3101157413333495e-06,0.000398754564428,0.00039544444868666666,Q1 mejor,5,0.5263157894736842,1.0
LT_1621,6.140129147666665e-06,0.0003997285259255,0.00039358839677783335,Q2,5,0.5609756097560976,0.6
LT_1622,1.7100987926433333e-05,0.0003715744879982,0.0003886754759246333,Q4 peor,6,0.6521739130434783,0.8333333333333334
LT_1623,9.60178124193332e-06,0.0003937109473954,0.0003841091661534667,Q3,3,0.42857142857142855,0.6666666666666666
LT_1624,1.0618960274899996e-05,0.0003808095108708,0.0003914284711457,Q3,1,1.0,0.0
LT_1625,3.946195209699991e-06,0.0003876813389084,0.00039162753411810003,Q1 mejor,8,0.25806451612903225,0.75
LT_1626,2.7054025253766694e-05,0.0004247550994261,0.00039770107417233335,Q4 peor,4,0.92,0.75
LT_1627,2.183890488250003e-05,0.0003701430660464,0.0003919819709289,Q4 peor,7,0.2549019607843137,0.7142857142857143
LT_1628,2.406854020540001e-05,0.000365623815674,0.00038969235587940003,Q4 peor,7,0.2714285714285714,0.7142857142857143
LT_1629,1.4660808273333317e-06,0.0003994903842889,0.0003996167878286333,Q1 mejor,6,0.40625,0.8
LT_163,5.981494402033338e-06,0.0003746330846681,0.0003806145790701333,Q2,3,0.7297297297297297,0.3333333333333333
LT_1630,8.974276495866647e-06,0.000420598219296,0.00041162394280013333,Q2,1,1.0,
LT_1631,2.835943898433323e-06,0.0004097608946824,0.00041259683858083335,Q1 mejor,5,0.45454545454545453,0.8
LT_1632,1.965680687693331e-05,0.0004246324730476,0.00040497566617066666,Q4 peor,1,1.0,0.0
LT_1633,3.025332421366689e-06,0.0004017981030564,0.00040482343547776665,Q1 mejor,6,0.32,0.6666666666666666
LT_1634,1.517668432516671e-05,0.0004075542213183,0.0003923775369931333,Q3,7,0.4666666666666667,0.5714285714285714
LT_1635,1.1753733471466667e-05,0.000380707587479,0.00039246132095046665,Q3,6,0.43333333333333335,0.6
LT_1636,1.8738377077999562e-06,0.0003874958343749,0.00038936967208269996,Q1 mejor,5,0.6086956521739131,0.75
LT_1637,1.4250075326899985e-05,0.0004269230271872,0.0004126729518603,Q3,1,1.0,
LT_1638,2.0754238599199983e-05,0.0003766555652924,0.00039740980389160003,Q4 peor,5,0.5853658536585366,1.0
LT_1639,2.381894808886665e-05,0.0004331733386623,0.00040935439057343336,Q4 peor,2,0.9166666666666666,0.5
LT_164,2.4686788360100004e-05,0.0004129346377703,0.0003882478494102,Q4 peor,3,0.4166666666666667,1.0
LT_1640,3.4684519973166644e-05,0.0004262610398319,0.00039157651985873335,Q4 peor,5,0.8,0.8
LT_1641,6.106639203200017e-06,0.0003862109634891,0.0003923176026923,Q2,5,0.5555555555555556,0.8
LT_1642,2.100684113233326e-06,0.0004106009466953,0.00041270163080853336,Q1 mejor,3,0.6551724137931034,0.0
LT_1643,2.7966105538999777e-06,0.0003896397857882,0.00039243639634209995,Q1 mejor,2,0.8701298701298701,0.0
LT_1644,3.6057518699333414e-06,0.000387143231132,0.00039074898300193333,Q1 mejor,8,0.27586206896551724,0.8571428571428571
LT_1645,1.1971992735332938e-06,0.0003999798091308,0.00040117700840433334,Q1 mejor,4,0.64,1.0
LT_1646,1.046481139320002e-05,0.000411221655649,0.0004007568442558,Q3,4,0.45714285714285713,0.5
LT_1647,1.6588638487666561e-06,0.0003951809954934,0.00039423465244316664,Q1 mejor,5,0.6451612903225806,0.6
LT_1648,1.3648602671400002e-05,0.0003773787800273,0.0003910273826987,Q3,2,0.9333333333333333,0.5
LT_1649,5.358464159633303e-06,0.0003959799001979,0.00040133836435753335,Q2,1,1.0,1.0
LT_165,8.286539142233316e-06,0.0004189456771409,0.00041065913799866665,Q2,2,0.55,0.0
LT_1650,2.6517254304599992e-05,0.0003722493934963,0.0003987666478009,Q4 peor,1,1.0,0.0
LT_1651,1.0789903906033318e-05,0.000380520337267,0.00039131024117303333,Q3,7,0.46,0.8571428571428571
LT_1652,1.1938480065166657e-05,0.000417409899146,0.0004054714190808333,Q3,1,1.0,0.0
LT_1653,2.037159968129999e-05,0.0003737891906034,0.0003941607902847,Q4 peor,1,1.0,0.0
LT_1654,9.694178114666658e-06,0.0003919317308016,0.0003822375526869334,Q3,1,1.0,0.0
LT_1655,2.67341985628e-05,0.0003726317174871,0.00039936591604990005,Q4 peor,1,1.0,0.0
LT_1656,3.0876165154666772e-06,0.0004041625487793,0.00040107493226383337,Q1 mejor,4,0.5476190476190477,0.3333333333333333
LT_1657,3.405792150699998e-05,0.0004258918421304,0.0003918339206234,Q4 peor,2,0.875,1.0
LT_1658,6.598741015999992e-06,0.0004032533676995,0.0003966546266835,Q2,4,0.4166666666666667,0.75
LT_1659,1.1175722800233317e-05,0.0003722311504559,0.00038340687325613335,Q3,1,1.0,0.0
LT_166,1.9519190199733364e-05,0.0003950411529763,0.00041456034317603334,Q4 peor,10,0.2714285714285714,0.3333333333333333
LT_1660,7.54345648083334e-06,0.0003888700445592,0.00038132658807836663,Q2,2,0.6851851851851852,0.0
LT_1661,1.683515917756669e-05,0.0004166007103919,0.00039976555121433335,Q4 peor,4,0.5645161290322581,0.5
LT_1662,4.458889299433309e-06,0.0003882174605507,0.0003926763498501333,Q1 mejor,8,0.4838709677419355,0.875
LT_1663,2.063181649466674e-06,0.0003958069336756,0.0003946902416428,Q1 mejor,1,1.0,0.0
LT_1664,8.28137249430001e-06,0.0004218219237678,0.0004135405512735,Q2,1,1.0,
LT_1665,5.019984712433308e-06,0.0004047182993455,0.0003996983146330667,Q2,4,0.5833333333333334,1.0
LT_1666,1.7304496484999918e-06,0.0003961705607597,0.00039790101040820006,Q1 mejor,1,1.0,0.0
LT_1667,2.6641937736100008e-05,0.0003697044584511,0.00039634639618719997,Q4 peor,3,0.7317073170731707,0.0
LT_1668,3.7140909115333503e-06,0.0003848369533422,0.00038855104425373333,Q1 mejor,7,0.3333333333333333,0.8571428571428571
LT_1669,7.401983647166664e-06,0.0004094881269101,0.0004020861432629333,Q2,3,0.42857142857142855,0.3333333333333333
LT_167,2.5974234217800017e-05,0.0004333701725723,0.0004073959383545,Q4 peor,4,0.4444444444444444,0.3333333333333333
LT_1670,1.5761057062366646e-05,0.0003782699029749,0.0003940309600372666,Q3,1,1.0,0.0
LT_1671,2.9127918284333225e-06,0.0004013375596942,0.00039842476786576666,Q1 mejor,3,0.6666666666666666,0.6666666666666666
LT_1672,1.9526696245333558e-06,0.0004042959779242,0.00040624864754873333,Q1 mejor,4,0.4,0.25
LT_1673,3.225756512686667e-05,0.0004187717931085,0.0003865142279816333,Q4 peor,4,0.5161290322580645,0.75
LT_1674,5.024216456599979e-06,0.0003880413163743,0.0003930655328309,Q2,7,0.34375,0.8571428571428571
LT_1675,9.000490709566678e-06,0.0004066526208777,0.00039765213016813335,Q2,6,0.5384615384615384,0.6666666666666666
LT_1676,1.3073382905200008e-05,0.0004175477960291,0.0004044744131239,Q3,4,0.3333333333333333,0.5
LT_1677,1.1093933298133362e-05,0.0003778109451339,0.00038890487843203336,Q3,7,0.42424242424242425,0.8333333333333334
LT_1678,1.1697571200799969e-05,0.0004083619018634,0.0003966643306626,Q3,4,0.7580645161290323,0.75
LT_1679,2.344433063836669e-05,0.0003678302630913,0.00039127459372966666,Q4 peor,9,0.5555555555555556,0.8888888888888888
LT_168,1.1941491708000013e-05,0.0004220094127727,0.0004100679210647,Q3,1,1.0,0.0
LT_1680,1.137073591536668e-05,0.0004135100582894,0.00040213932237403337,Q3,4,0.5333333333333333,0.75
LT_1681,1.540423372303332e-05,0.0003824153938964,0.00039781962761943336,Q3,6,0.3225806451612903,0.8333333333333334
LT_1682,2.6056843964999913e-06,0.00039604533394,0.00039343964954349997,Q1 mejor,3,0.4444444444444444,0.6666666666666666
LT_1683,2.59469842666664e-06,0.0003943397290943,0.00039693442752096664,Q1 mejor,7,0.21621621621621623,1.0
LT_1684,8.444427694766658e-06,0.0003864732343584,0.0003949176620531667,Q2,7,0.3103448275862069,0.7142857142857143
LT_1685,7.127481385466683e-06,0.0004058287985411,0.00039870131715563336,Q2,5,0.627906976744186,0.6
LT_1686,1.8034153565266674e-05,0.0003810369258486,0.0003990710794138667,Q4 peor,6,0.5128205128205128,0.8333333333333334
LT_1687,2.8859666308433344e-05,0.0004350054860898,0.00040614581978136666,Q4 peor,1,1.0,0.0
LT_1688,1.7116992505033346e-05,0.000417967951272,0.0004008509587669667,Q4 peor,1,1.0,0.0
LT_1689,9.846813980733316e-06,0.0003959921144347,0.0004058389284154333,Q3,4,0.43243243243243246,0.5
LT_169,7.438210816799981e-06,0.0004006216508079,0.00040805986162470003,Q2,5,0.5714285714285714,0.25
LT_1690,1.881113153143333e-05,0.0003723891719684,0.0003912003034998333,Q4 peor,3,0.8076923076923077,1.0
LT_1691,1.5076151209299989e-05,0.0004030829124977,0.0003880067612884,Q3,3,0.45454545454545453,0.3333333333333333
LT_1692,1.4466474214333217e-06,0.0004027795899787,0.0004028794273282,Q1 mejor,4,0.5,0.75
LT_1693,4.8511837944166654e-05,0.0003432687306565,0.0003917805686006667,Q4 peor,4,0.391304347826087,0.5
LT_1694,2.416537731983333e-05,0.0004190292784859,0.0003948639011660667,Q4 peor,2,0.6,1.0
LT_1695,1.1780058906366663e-05,0.0003794860132469,0.00039126607215326663,Q3,2,0.5714285714285714,0.5
LT_1696,3.6513384192000033e-06,0.0004018163236748,0.00039816498525560004,Q1 mejor,4,0.2857142857142857,0.75
LT_1697,2.758088263173332e-05,0.0003674444301571,0.0003950253127888333,Q4 peor,3,0.8181818181818182,0.6666666666666666
LT_1698,9.81134192950001e-06,0.0003987760747686,0.0003889647328391,Q3,6,0.6746987951807228,0.8
LT_1699,1.3128591947799987e-05,0.0003713728002404,0.00038450139218820003,Q3,3,0.8,0.6666666666666666
LT_17,6.9693390741000045e-06,0.0004156873650062,0.00040871802593209997,Q2,3,0.803921568627451,0.6666666666666666
LT_170,9.204901455733318e-06,0.000407384636309,0.00041658953776473333,Q2,4,0.68,0.0
LT_1700,3.2688692141000122e-06,0.0003895401783483,0.0003928090475624,Q1 mejor,6,0.3333333333333333,0.8333333333333334
LT_1701,1.7830981608166658e-05,0.0004145306807361,0.00039669969912793337,Q4 peor,4,0.6,0.25
LT_1702,1.9858987521333463e-06,0.0003951876052618,0.00039320170650966667,Q1 mejor,5,0.3611111111111111,0.8
LT_1703,1.0623072327599987e-05,0.0004072131854227,0.0003965901130951,Q3,5,0.6666666666666666,0.8
LT_1704,2.2523651790666422e-06,0.0004019755041097,0.00040059033964643336,Q1 mejor,4,0.45454545454545453,0.75
LT_1705,6.786110992066665e-06,0.0003939628609705,0.00040074897196256667,Q2,9,0.24390243902439024,0.7142857142857143
LT_1706,1.1854932771299977e-05,0.0003886902321766,0.0004005451649479,Q3,2,0.6571428571428571,0.5
LT_1707,2.2893703830833346e-05,0.0004291910213602,0.00040629731752936664,Q4 peor,2,0.8333333333333334,0.0
LT_1708,2.105283586106666e-05,0.0004150348160363,0.00039398198017523336,Q4 peor,3,0.6,0.5
LT_1709,1.8573061946333344e-05,0.0004095427059171,0.00039096964397076665,Q4 peor,5,0.5,1.0
LT_171,1.6807692646733348e-05,0.0004182381377137,0.00040143044506696666,Q3,1,1.0,0.0
LT_1710,3.608839471100016e-06,0.0003874888424817,0.0003910976819528,Q1 mejor,3,0.7954545454545454,0.6666666666666666
LT_1711,3.08021655291333e-05,0.0004197161289884,0.00038891396345926664,Q4 peor,6,0.47058823529411764,0.6666666666666666
LT_1712,3.940376816500006e-06,0.0003879367347422,0.00039187711155870005,Q1 mejor,4,0.4,0.75
LT_1713,2.5446485435733355e-05,0.0003641243845764,0.00038957087001213335,Q4 peor,2,0.6842105263157895,0.5
LT_1714,1.744812558163335e-05,0.0003960099821752,0.00037856185659356666,Q4 peor,6,0.4864864864864865,0.6666666666666666
LT_1715,2.4724939791400014e-05,0.0004230707168971,0.0003983457771057,Q4 peor,2,0.96875,0.0
LT_1716,3.120274816993335e-05,0.0003725819616072,0.0004037847097771333,Q4 peor,4,0.6153846153846154,0.5
LT_1717,2.114601699246667e-05,0.0004110865661699,0.00038994054917743337,Q4 peor,2,0.9545454545454546,0.0
LT_1718,1.0779591297133332e-05,0.0003783866377953,0.00038916622909243337,Q3,6,0.5714285714285714,0.6666666666666666
LT_1719,1.6826842292000023e-06,0.0003812965320183,0.0003820044697617,Q1 mejor,10,0.24390243902439024,1.0
LT_172,1.1010600264833346e-05,0.0003833588305816,0.00039436943084643334,Q3,3,0.78125,1.0
LT_1720,1.2707548167100022e-05,0.0003755346084666,0.0003882421566337,Q3,1,1.0,0.0
LT_1721,1.2325018901000002e-05,0.0004026711119951,0.00039034609309410005,Q3,6,0.3333333333333333,0.8333333333333334
LT_1722,4.417314446166673e-06,0.0003895744104711,0.0003939917249172666,Q1 mejor,5,0.4583333333333333,0.25
LT_1723,2.5385410777000145e-06,0.0003987380996443,0.0003961995585666,Q1 mejor,3,0.38461538461538464,1.0
LT_1724,1.017881126533335e-05,0.0004074723383116,0.00039729352704626666,Q3,6,0.5238095238095238,0.6666666666666666
LT_1725,1.4285599079333345e-05,0.0003681925603477,0.0003824781594270333,Q3,6,0.6363636363636364,0.6666666666666666
LT_1726,1.3492302197466634e-05,0.0003781515608017,0.00039164386299916665,Q3,3,0.75,0.3333333333333333
LT_1727,3.2044778265166654e-05,0.0003613139584957,0.00039335873676086663,Q4 peor,4,0.5238095238095238,0.75
LT_1728,2.5940994531833327e-05,0.0004213099179828,0.0003953689234509667,Q4 peor,3,0.8333333333333334,0.6666666666666666
LT_1729,1.155565308223332e-05,0.0003754317092175,0.00038698736229973333,Q3,7,0.2,0.8571428571428571
LT_173,8.876366208633316e-06,0.0004093335216324,0.00040045715542376664,Q2,4,0.9285714285714286,0.75
LT_1730,2.1180653813133337e-05,0.0003846476650315,0.00040582831884463326,Q4 peor,3,0.625,0.3333333333333333
LT_1731,3.206194229593331e-05,0.000356025196781,0.00038808713907693336,Q4 peor,6,0.45454545454545453,0.8333333333333334
LT_1732,1.3014636054999933e-06,0.0003908716174263,0.00039217308103180003,Q1 mejor,5,0.46153846153846156,0.6
LT_1733,3.2140920162000253e-06,0.0003938293288816,0.00039061523686539993,Q1 mejor,4,0.7333333333333333,1.0
LT_1734,2.291331249783333e-05,0.0003673274460839,0.0003902407585817333,Q4 peor,5,0.53125,0.8
LT_1735,2.2284645376666767e-06,0.0003929444525544,0.0003951729170920667,Q1 mejor,7,0.3333333333333333,1.0
LT_1736,1.11917243361e-05,0.0003802274008711,0.00039141912520719997,Q3,6,0.2857142857142857,0.8333333333333334
LT_1737,5.781436752200003e-06,0.0003921823533515,0.0003864009165993,Q2,7,0.40540540540540543,1.0
LT_1738,2.8448919992566648e-05,0.0004344118667314,0.0004059629467388333,Q4 peor,1,1.0,1.0
LT_1739,2.4860398034333333e-05,0.0004098746403289,0.00038501424229456666,Q4 peor,5,0.3333333333333333,1.0
LT_174,8.51689117580001e-06,0.000419102088707,0.0004105851975312,Q2,8,0.38235294117647056,0.3333333333333333
LT_1740,7.4901635846333315e-06,0.0003907459312713,0.00039823609485593333,Q2,3,0.782608695652174,1.0
LT_1741,4.992229713066634e-06,0.0003868869669654,0.0003918791966784667,Q2,8,0.8,0.875
LT_1742,1.3976755405133338e-05,0.0003771166044625,0.0003910933598676334,Q3,5,0.6086956521739131,1.0
LT_1743,3.1306788838899985e-05,0.0004247014638228,0.00039339467498389997,Q4 peor,5,0.5967741935483871,1.0
LT_1744,2.5972312053333595e-06,0.0003967859802943,0.0003993832114996333,Q1 mejor,2,0.5,0.5
LT_1745,5.550155825866695e-06,0.0003911148532829,0.0003966650091087667,Q2,3,0.5384615384615384,1.0
LT_1746,1.9762178168700017e-05,0.0003827708847896,0.00040253306295830003,Q4 peor,1,1.0,1.0
LT_1747,2.4679560008433342e-05,0.0003831524236223,0.00040783198363073333,Q4 peor,2,0.8888888888888888,1.0
LT_1748,4.003748475696668e-05,0.0004353696946223,0.00039533220986533337,Q4 peor,3,0.8181818181818182,1.0
LT_1749,8.91487823890001e-06,0.0003689802321515,0.0003778951103904,Q2,2,0.84375,0.0
LT_175,2.1554933424033326e-05,0.0004389972285943,0.0004174422951702667,Q4 peor,2,0.68,0.5
LT_1750,1.6988314290566687e-05,0.0003873113276047,0.00040429964189526665,Q4 peor,1,1.0,1.0
LT_1751,8.645773872199987e-06,0.0003935610941862,0.00040220686805840007,Q2,1,1.0,1.0
LT_1752,1.0470683770733339e-05,0.0003744770509799,0.0003849477347506334,Q3,1,1.0,0.0
LT_1753,1.8708141061466654e-05,0.0003737894769889,0.00039249761805036664,Q4 peor,4,0.6296296296296297,1.0
LT_1754,1.3504173285000148e-06,0.0003870934628903,0.00038677808226199995,Q1 mejor,4,0.47619047619047616,1.0
LT_1755,1.5036694224066662e-05,0.0004066856938643,0.00039164899964023336,Q3,8,0.5,0.75
LT_1756,2.3764300936799977e-05,0.000378335088649,0.0004020993895858,Q4 peor,3,0.8571428571428571,1.0
LT_1757,3.141448630760001e-05,0.0004256566036645,0.0003942421173569,Q4 peor,1,1.0,1.0
LT_1758,1.0399358880533311e-05,0.0003715572278492,0.00038195658672973335,Q3,1,1.0,0.0
LT_1759,3.059596229640002e-05,0.0003731081819372,0.0004037041442336,Q4 peor,1,1.0,0.0
LT_176,6.702549896033326e-06,0.0004332915786977,0.0004265890288016666,Q2,2,0.6666666666666666,0.0
LT_1760,5.598341764166659e-06,0.0003744770509799,0.0003800753927440667,Q2,1,1.0,0.0
LT_1761,1.3099435582366667e-05,0.0004008320892173,0.00038773265363493335,Q3,5,0.4,1.0
LT_1762,1.9719801734633345e-05,0.0004131205115899,0.00039340070985526666,Q4 peor,2,0.7222222222222222,0.0
LT_1763,3.204772753009999e-05,0.0004323228260198,0.0004002750984897,Q4 peor,3,0.625,1.0
LT_1764,1.712996166263332e-05,0.0003790521911137,0.00039618215277633333,Q4 peor,3,0.5,0.0
LT_1765,5.728184263233362e-06,0.0003914418512208,0.0003971700354840333,Q2,5,0.3125,0.8
LT_1766,3.807757518383333e-05,0.0003672814721547,0.00040535904733853337,Q4 peor,3,0.7857142857142857,0.6666666666666666
LT_1767,2.2336751411633315e-05,0.0003661653074929,0.00038850205890453337,Q4 peor,2,0.6153846153846154,0.5
LT_1768,1.2960258832133364e-05,0.0004019081321676,0.00038894787333546666,Q3,3,0.45454545454545453,0.0
LT_1769,1.1285476551999957e-06,0.0003901897320133,0.00039131827966850004,Q1 mejor,6,0.38461538461538464,0.8333333333333334
LT_177,1.2447565711966668e-05,0.0004058610674356,0.00039341350172363335,Q3,6,0.525,1.0
LT_1770,2.5882251041466678e-05,0.0004176873549778,0.00039180510393633334,Q4 peor,1,1.0,0.0
LT_1771,2.63959845709e-05,0.0004175079409134,0.00039111195634249996,Q4 peor,1,1.0,0.0
LT_1772,2.5886801871033345e-05,0.0003826677522722,0.0004085545541432333,Q4 peor,1,1.0,0.0
LT_1773,1.4338625641766681e-05,0.0003719336082025,0.00038627223384426665,Q3,1,1.0,0.0
LT_1774,1.6190995000666911e-06,0.0003863123161973,0.00038793141569736666,Q1 mejor,6,0.36363636363636365,0.5
LT_1775,2.3867846979000107e-06,0.000385150537856,0.00038753732255389996,Q1 mejor,5,0.42592592592592593,0.8
LT_1776,2.2733262107800007e-05,0.0004181149117729,0.00039538164966509997,Q4 peor,3,0.6764705882352942,1.0
LT_1777,5.921014893233334e-06,0.0003929377400051,0.00038701672511186666,Q2,1,1.0,0.0
LT_1778,3.743555148693334e-05,0.0004297990070821,0.00039236345559516664,Q4 peor,5,0.8313253012048193,0.6
LT_1779,6.107078627466649e-06,0.0003852117153554,0.0003913187939828667,Q2,2,0.84,0.5
LT_178,3.847789059666656e-06,0.0004195763909802,0.00041572860192053336,Q1 mejor,3,0.6,0.0
LT_1780,6.053824468266666e-06,0.0003966878750189,0.00039063405055063334,Q2,6,0.4166666666666667,0.8333333333333334
LT_1781,3.6007575226433356e-05,0.0003549882241197,0.0003909957993461334,Q4 peor,2,0.5217391304347826,0.5
LT_1782,2.5772933185799996e-05,0.0003672317446193,0.0003930046778051,Q4 peor,3,0.7727272727272727,0.6666666666666666
LT_1783,3.6164781404599996e-05,0.0004304478006853,0.00039428301928069997,Q4 peor,4,0.45161290322580644,0.3333333333333333
LT_1784,9.018500667199987e-06,0.0003804632882886,0.00038948178895579995,Q2,1,1.0,0.0
LT_1785,3.933971178199998e-06,0.000389186917649,0.0003931208888272,Q1 mejor,7,0.42857142857142855,0.5714285714285714
LT_1786,3.106818505443335e-05,0.0003705589606621,0.00040162714571653334,Q4 peor,9,0.3974358974358974,0.7777777777777778
LT_1787,1.9371155531033342e-05,0.000376358204177,0.00039572935970803337,Q4 peor,5,0.29411764705882354,0.8
LT_1788,1.011325375940003e-05,0.0004114445257994,0.00040133127203999995,Q3,4,0.5185185185185185,0.5
LT_1789,1.6553574821366655e-05,0.0003736845914188,0.00039023816624016665,Q3,5,0.275,0.8
LT_179,5.4814414490333405e-06,0.0004070283314097,0.00040154688996066665,Q2,4,0.696969696969697,0.0
LT_1790,1.2430821715866643e-05,0.0004104499274158,0.00039801910569993334,Q3,3,0.4230769230769231,0.6666666666666666
LT_1791,5.39730527626668e-06,0.0003846327893824,0.0003900300946586667,Q2,5,0.5106382978723404,0.8
LT_1792,1.186302347000001e-06,0.0003944862168684,0.00039510960570646663,Q1 mejor,3,0.42857142857142855,0.6666666666666666
LT_1793,1.362910203896666e-05,0.0003839874633049,0.00039761656534386666,Q3,6,0.4,0.6
LT_1794,2.096086766833333e-05,0.0004122313260164,0.0003912704583480667,Q4 peor,4,0.6,0.75
LT_1795,4.4699397501666645e-06,0.0003929780198439,0.0003974479595940667,Q1 mejor,2,0.8666666666666667,1.0
LT_1796,9.045517957399976e-06,0.0003857214493171,0.00039476696727450003,Q2,3,0.7142857142857143,0.6666666666666666
LT_1797,6.1012093174000206e-06,0.0004031830176194,0.000397081808302,Q2,6,0.3333333333333333,0.6
LT_1798,2.662334051309997e-05,0.0004179857693514,0.0003913624288383,Q4 peor,2,0.5,0.5
LT_1799,3.1710430130600015e-05,0.0004214766014304,0.0003897661712998,Q4 peor,1,1.0,0.0
LT_18,8.956450976033332e-06,0.0004305298952947,0.00042157344431866667,Q2,3,0.92,0.3333333333333333
LT_180,2.6182489357666253e-06,0.0004051135892649,0.00040773183820066663,Q1 mejor,2,0.88,0.0
LT_1800,2.6766804148899983e-05,0.0004172923047857,0.00039052550063680005,Q4 peor,3,0.7954545454545454,1.0
LT_1801,1.9156631378199984e-05,0.0004084346086999,0.0003892779773217,Q4 peor,2,0.8947368421052632,0.0
LT_1802,7.394565758500012e-06,0.0003809347573415,0.0003883293231,Q2,2,0.5625,0.0
LT_1803,2.3008724033766678e-05,0.0003634271286322,0.0003864358526659667,Q4 peor,4,0.6071428571428571,0.75
LT_1804,1.9261790476266692e-05,0.0003767359618036,0.00039599775227986664,Q4 peor,5,0.3142857142857143,0.75
LT_1805,7.622958002266643e-06,0.0003975757975695,0.00038995283956723333,Q2,3,0.5,1.0
LT_1806,2.513763405280001e-05,0.0004267651359693,0.0004016275019165,Q4 peor,2,0.9666666666666667,0.5
LT_1807,2.1764896161699987e-05,0.0003689651192214,0.00039073001538310006,Q4 peor,5,0.44,0.8
LT_1808,3.278015273460003e-05,0.0003547854838208,0.0003875656365554,Q4 peor,5,0.391304347826087,0.8
LT_1809,2.5194659173233317e-05,0.0003707379079485,0.00039593256712173335,Q4 peor,5,0.6,0.8
LT_181,7.394925758199984e-06,0.0003958984127739,0.0004032933385321,Q2,1,1.0,0.0
LT_1810,4.186323008399983e-06,0.0003885539048502,0.0003927402278586,Q1 mejor,8,0.34615384615384615,0.7142857142857143
LT_1811,2.9489115163566656e-05,0.0003509671315337,0.00038045624669726666,Q4 peor,2,0.7647058823529411,0.5
LT_1812,9.529188113700001e-06,0.0003715170924194,0.00038104628053309996,Q2,1,1.0,0.0
LT_1813,3.3089480945999784e-06,0.0004065132615697,0.0004032043134751,Q1 mejor,4,0.25,0.5
LT_1814,1.922683662833317e-06,0.0004095938108837,0.0004115164945465333,Q1 mejor,2,0.6,0.0
LT_1815,1.2905294726799999e-05,0.0003872429789347,0.0004001482736615,Q3,2,0.625,1.0
LT_1816,1.8834719008700034e-05,0.0003924338529201,0.00041126857192879995,Q4 peor,2,0.8,0.5
LT_1817,2.3567867914833355e-05,0.0004112612467944,0.0003876933788795667,Q4 peor,9,0.5636363636363636,0.875
LT_1818,1.0648545860233354e-05,0.0003907719353304,0.00040142048119063333,Q3,3,0.5833333333333334,1.0
LT_1819,4.303677247266648e-06,0.0004015078806893,0.0003972042034420333,Q1 mejor,7,0.6129032258064516,0.7142857142857143
LT_182,1.275036808460003e-05,0.0003986180433292,0.0004113684114138,Q3,8,0.5263157894736842,0.0
LT_1820,1.7851677632433373e-05,0.0003765846837235,0.00039443636135593336,Q4 peor,9,0.16666666666666666,0.8888888888888888
LT_1821,3.095485283633332e-05,0.00042518868899,0.00039423383615366667,Q4 peor,3,0.625,0.5
LT_1822,2.6550018911199976e-05,0.0004253558927573,0.0003988058738461,Q4 peor,5,0.4,0.8
LT_1823,9.429011076799994e-06,0.0004096832498856,0.0004002542388088,Q2,5,0.3333333333333333,0.75
LT_1824,1.6592982921266667e-05,0.0003832290825832,0.00039982206550446663,Q3,5,0.5294117647058824,0.2
LT_1825,8.150018427700002e-06,0.0003924950202822,0.00040064503870989996,Q2,4,0.75,0.6666666666666666
LT_1826,3.412410370159997e-05,0.0004301338282869,0.00039600972458530003,Q4 peor,3,0.75,1.0
LT_1827,1.1289507020999993e-05,0.0003822215939879,0.0003935111010089,Q3,7,0.2545454545454545,0.8571428571428571
LT_1828,2.5615806089000154e-06,0.000389867202314,0.00039242878292289996,Q1 mejor,8,0.36363636363636365,0.625
LT_1829,1.7245986949633373e-05,0.0003772320325757,0.00039447801952533336,Q4 peor,6,0.23529411764705882,0.8333333333333334
LT_183,2.8724586802666833e-06,0.0004099861876496,0.00040711372896933326,Q1 mejor,6,0.4647887323943662,0.4
LT_1830,8.041859240633296e-06,0.0003833733868372,0.0003914152460778333,Q2,8,0.4,0.8571428571428571
LT_1831,2.477265036896669e-05,0.0004209722262808,0.0003961995759118333,Q4 peor,2,0.875,1.0
LT_1832,2.6224978265499967e-05,0.0003649316008986,0.0003911565791641,Q4 peor,8,0.38095238095238093,0.875
LT_1833,1.0333705307533309e-05,0.0004077113812951,0.0003973776759875667,Q3,4,0.8,1.0
LT_1834,1.1843005104300019e-05,0.0004077001749553,0.00039585716985099997,Q3,3,0.9090909090909091,1.0
LT_1835,1.5228443297400014e-05,0.0003747129482937,0.0003899413915911,Q3,4,0.42857142857142855,0.3333333333333333
LT_1836,1.0445829336133355e-05,0.0003870347625481,0.0003974805918842334,Q3,3,0.7777777777777778,1.0
LT_1837,6.196015246900022e-06,0.0003882589897978,0.0003944550050447,Q2,6,0.5454545454545454,0.8
LT_1838,1.5649389215833332e-05,0.0003715572278492,0.00038720661706503337,Q3,1,1.0,0.0
LT_1839,5.548753199899987e-06,0.0003940643809033,0.0003996131341032,Q2,5,0.3333333333333333,0.75
LT_184,4.1263115012166696e-05,0.0004322699163216,0.0003910068013094333,Q4 peor,2,0.9615384615384616,1.0
LT_1840,1.0572666225699986e-05,0.000411172513064,0.0004005998468383,Q3,3,0.3684210526315789,1.0
LT_1841,1.992186758996665e-05,0.000378199579952,0.0003981214475419666,Q4 peor,4,0.7407407407407407,0.75
LT_1842,5.039405587599977e-06,0.0004017211822963,0.0003966817767087,Q2,3,0.6,0.6666666666666666
LT_1843,4.095368733183334e-05,0.0003592745781197,0.0004002282654515333,Q4 peor,7,0.3157894736842105,0.6666666666666666
LT_1844,1.7724996375266685e-05,0.0004112817599304,0.00039355676355513333,Q4 peor,5,0.5531914893617021,0.6
LT_1845,9.677297849000003e-06,0.0004084454675305,0.0003987681696815,Q3,3,0.6842105263157895,0.6666666666666666
LT_1846,5.010458137733342e-06,0.0003995931724363,0.0003945827142985666,Q2,6,0.2903225806451613,0.6666666666666666
LT_1847,1.3500939575866638e-05,0.0003822488072342,0.0003957497468100667,Q3,3,0.7142857142857143,1.0
LT_1848,2.0005219663666657e-05,0.0003762817324459,0.0003962869521095666,Q4 peor,6,0.4,0.8333333333333334
LT_1849,1.782942285636666e-05,0.0003851119960201,0.00040294141887646664,Q4 peor,7,0.52,0.7142857142857143
LT_185,1.1462745220933309e-05,0.0004100689167533,0.00039860617153236673,Q3,2,0.9230769230769231,0.0
LT_1850,4.3074778054333096e-06,0.0004035976568111,0.0003992901790056667,Q1 mejor,8,0.4090909090909091,1.0
LT_1851,1.0045331279000012e-05,0.0003864114575485,0.0003964567888275,Q3,7,0.3,0.7142857142857143
LT_1852,1.0920522060833349e-05,0.0003859586991011,0.0003968792211619333,Q3,3,0.8333333333333334,0.6666666666666666
LT_1853,2.5049588184666597e-06,0.0003982761443022,0.0003957711854837333,Q1 mejor,6,0.5357142857142857,0.8
LT_1854,1.5702776002366657e-05,0.0003766071279053,0.0003923099039076666,Q3,1,1.0,0.0
LT_1855,1.9688991864299967e-05,0.0004091609560372,0.00038947196417289995,Q4 peor,2,0.7,1.0
LT_1856,1.7017684612800003e-05,0.000371918991895,0.0003889366765078,Q4 peor,1,1.0,0.0
LT_1857,1.8997803650033346e-05,0.0003729828491079,0.0003919806527579333,Q4 peor,1,1.0,0.0
LT_1858,9.625905389699983e-06,0.0003776948111341,0.0003873207165238,Q3,1,1.0,0.0
LT_1859,7.026513545966676e-06,0.0003881580913778,0.0003811315778318334,Q2,1,1.0,0.0
LT_186,5.38475096033333e-06,0.0004102414225737,0.00040485667161336663,Q2,4,0.47692307692307695,0.25
LT_1860,2.223934245676668e-05,0.0004214439322689,0.00039920458981213333,Q4 peor,1,1.0,
LT_1861,1.8373705192266637e-05,0.0003725850841879,0.0003909587893801667,Q4 peor,1,1.0,0.0
LT_1862,1.7566408453933366e-05,0.0003975679972636,0.00038000158880966664,Q4 peor,1,1.0,0.0
LT_1863,6.841307098000022e-06,0.0003954437005031,0.0003886023934051,Q2,1,1.0,0.0
LT_1864,1.2289628506366687e-05,0.0003954437005031,0.00038315407199673336,Q3,1,1.0,0.0
LT_1865,8.46302353999985e-07,0.0003826677522722,0.00038190259230499996,Q1 mejor,1,1.0,0.0
LT_1866,5.247887766233355e-06,0.0003731081819372,0.00037835606970343334,Q2,1,1.0,0.0
LT_1867,2.358380395033301e-06,0.0003810085551558,0.0003786501747607667,Q1 mejor,1,1.0,0.0
LT_1868,3.2440157439000104e-06,0.0003788338857423,0.00038207790148619996,Q1 mejor,1,1.0,0.0
LT_1869,4.288186468866648e-06,0.0003766071279053,0.00038089531437416664,Q1 mejor,1,1.0,0.0
LT_187,6.39954728073335e-06,0.0004217071063888,0.00041530755910806666,Q2,2,0.5555555555555556,0.0
LT_1870,4.90251683029999e-06,0.0003725850841879,0.0003774876010182,Q2,1,1.0,0.0
LT_1871,6.207839183466648e-06,0.000371918991895,0.00037812683107846663,Q2,1,1.0,0.0
LT_1872,6.635466413499988e-06,0.0003862857325396,0.0003796502661261,Q2,1,1.0,0.0
LT_1873,2.363300758566688e-06,0.000373944933356,0.00037630823411456666,Q1 mejor,1,1.0,0.0
LT_1874,4.0350184727266644e-05,0.0004259078520468,0.0003855576673195333,Q4 peor,1,1.0,
LT_1875,2.849318490549997e-05,0.0004217587740945,0.000393265589189,Q4 peor,1,1.0,
LT_1876,2.385053087619998e-05,0.000371562057817,0.0003954125886932,Q4 peor,1,1.0,0.0
LT_1877,2.687770358469998e-05,0.0004218887007689,0.00039501099718419996,Q4 peor,2,0.7142857142857143,0.0
LT_1878,7.726852558366678e-06,0.0003750060891365,0.00038273294169486666,Q2,1,1.0,0.0
LT_1879,2.664957992750002e-05,0.0004068584994996,0.0003802089195721,Q4 peor,1,1.0,0.0
LT_188,3.9395808947667e-06,0.0004045470498382,0.0004084866307329667,Q1 mejor,4,0.6666666666666666,0.3333333333333333
LT_1880,3.475845657443334e-05,0.0003526570650289,0.00038741552160333334,Q4 peor,2,0.5416666666666666,0.5
LT_1881,3.771026234743335e-05,0.0003520949106267,0.0003898051729741333,Q4 peor,2,0.7777777777777778,0.5
LT_1882,1.5493363780899984e-05,0.0003715170924194,0.00038701045620030005,Q3,1,1.0,0.0
LT_1883,5.991176862966677e-06,0.0003729828491079,0.0003789740259708667,Q2,1,1.0,0.0
LT_1884,9.404310431800024e-06,0.0003695476175408,0.0003789519279726,Q2,2,0.9032258064516129,0.0
LT_1885,2.7952550372899974e-05,0.0004233355996723,0.00039538304929940003,Q4 peor,1,1.0,
LT_1886,1.5044875652666706e-06,0.0003810085551558,0.00038180550985759997,Q1 mejor,1,1.0,0.0
LT_1887,1.2283108391933354e-05,0.0003717103837056,0.0003839934920975333,Q3,1,1.0,0.0
LT_1888,1.0360676764433323e-05,0.000371918991895,0.00038227966865943334,Q3,1,1.0,0.0
LT_1889,8.115380963366647e-06,0.0003725850841879,0.0003807004651512666,Q2,1,1.0,0.0
LT_189,4.881387029300012e-06,0.0003951039434647,0.000399985330494,Q2,6,0.5909090909090909,0.2
LT_1890,1.0366493329033339e-05,0.0003737891906034,0.0003841556839324334,Q3,1,1.0,0.0
LT_1891,8.598168020166678e-06,0.0003823691107268,0.00039096727874696663,Q2,2,0.9333333333333333,0.5
LT_1892,1.173769439436664e-05,0.0003987097342409,0.0003869720398465334,Q3,1,1.0,1.0
LT_1893,1.4601144739600017e-05,0.0003972241502319,0.00038262300549229993,Q3,1,1.0,0.0
LT_1894,8.288191448966646e-06,0.0003716931203399,0.00037998131178886664,Q2,1,1.0,0.0
LT_1895,6.3951010182666545e-06,0.0003737891906034,0.00038018429162166664,Q2,1,1.0,0.0
LT_1896,1.0259184517166702e-05,0.0003755346084666,0.0003857937929837667,Q3,1,1.0,0.0
LT_1897,3.864750290966633e-06,0.0003852985030775,0.00038916325336846666,Q1 mejor,1,1.0,0.0
LT_1898,6.70345809933329e-07,0.0003804632882886,0.00038059538747653335,Q1 mejor,1,1.0,0.0
LT_1899,5.139424831133377e-06,0.000371776095847,0.0003769155206781334,Q2,2,0.84375,0.0
LT_19,5.143902982000015e-06,0.0003964359041883,0.0003912920012063,Q2,8,0.4,0.75
LT_190,1.0440560089400005e-05,0.0004074157463981,0.0003969751863087,Q3,6,0.375,0.6
LT_1900,8.33409678390001e-06,0.0003719336082025,0.00038026770498640004,Q2,1,1.0,0.0
LT_1901,2.456118007370002e-05,0.00040405189601,0.0003794907159363,Q4 peor,1,1.0,0.0
LT_1902,9.007471867533332e-06,0.0003731081819372,0.0003821156538047333,Q2,1,1.0,0.0
LT_1903,2.418060975270001e-05,0.0003719336082025,0.0003961142179552,Q4 peor,1,1.0,0.0
LT_1904,6.112581097066673e-06,0.0003894858242738,0.0003833732431767333,Q2,1,1.0,0.0
LT_1905,6.527532809666491e-07,0.0003922920467695,0.0003916392934885333,Q1 mejor,6,0.42857142857142855,0.8333333333333334
LT_1906,6.809388076366705e-06,0.0003933396469848,0.0003865302589084333,Q2,5,0.5294117647058824,0.8
LT_1907,1.8762632516966667e-05,0.0004158054156454,0.00039704278312843326,Q4 peor,2,0.5714285714285714,1.0
LT_1908,1.4184795939366665e-05,0.0003787853237679,0.0003929701197072667,Q3,7,0.43478260869565216,0.8571428571428571
LT_1909,2.2539259960933353e-05,0.0003703080028644,0.0003928472628253333,Q4 peor,8,0.42,0.75
LT_191,1.7471984625300007e-05,0.0004114788766003,0.000394006891975,Q4 peor,3,0.7777777777777778,0.6666666666666666
LT_1910,1.088839277133342e-06,0.0003934413395402,0.0003934180093362667,Q1 mejor,4,0.5,0.75
LT_1911,5.431080681933362e-06,0.0003878335808532,0.0003932646615351333,Q2,7,0.45,0.7142857142857143
LT_1912,1.6427615597733335e-05,0.0003746752922751,0.00039110290787283333,Q3,7,0.2972972972972973,0.7142857142857143
LT_1913,1.2913583836666723e-06,0.0003937114468067,0.0003939667659203667,Q1 mejor,6,0.5384615384615384,0.8333333333333334
LT_1914,5.645030744600003e-06,0.0003873478437195,0.00039299287446410003,Q2,4,0.6578947368421053,0.5
LT_1915,6.157928539833309e-06,0.0003892924914018,0.00039545041994163327,Q2,4,0.6486486486486487,0.75
LT_1916,4.960973685233314e-06,0.0003964817763718,0.0003915208026865667,Q2,4,0.7142857142857143,1.0
LT_1917,9.8839865412333e-06,0.0003999234473325,0.0003900394607912667,Q3,2,0.9454545454545454,0.5
LT_1918,1.9614324080433326e-05,0.0003895413657194,0.0004091556897998333,Q4 peor,6,0.7346938775510204,0.8
LT_1919,1.2356761004033305e-05,0.0003979484617556,0.00038559170075156665,Q3,5,0.2857142857142857,1.0
LT_192,9.030601357666685e-06,0.0004372847957809,0.0004282541944232333,Q2,1,1.0,0.0
LT_1920,1.3401513810699968e-05,0.0003792658582266,0.00039266737203730003,Q3,10,0.3137254901960784,0.8888888888888888
LT_1921,1.3676812391733321e-05,0.000422456362704,0.0004087795503122667,Q3,3,0.4666666666666667,0.3333333333333333
LT_1922,2.8211511711666594e-06,0.0003991032725597,0.00040192442373086665,Q1 mejor,4,0.46153846153846156,0.75
LT_1923,2.5781751912033307e-05,0.0004134863722505,0.00038770462033846663,Q4 peor,8,0.31645569620253167,0.8571428571428571
LT_1924,1.4636860559166678e-05,0.0004029056209828,0.00038826876042363334,Q3,8,0.6607142857142857,0.75
LT_1925,7.413991763599978e-06,0.0004074747622729,0.0004000607705093,Q2,7,0.4791666666666667,0.8571428571428571
LT_1926,7.679337189233368e-06,0.0003990104851494,0.00039133114796016666,Q2,3,0.5238095238095238,1.0
LT_1927,8.891855217099976e-06,0.000379367237829,0.0003882590930461,Q2,8,0.5652173913043478,0.75
LT_1928,1.012539941243331e-05,0.0004013770976958,0.0003912516982833667,Q3,3,0.8928571428571429,0.6666666666666666
LT_1929,3.278636252133332e-05,0.0004179335847365,0.00038514722221516664,Q4 peor,1,1.0,0.0
LT_193,1.116499275553332e-05,0.0004067489238502,0.0004179139166057334,Q3,3,0.8571428571428571,0.0
LT_1930,1.7544167337199974e-05,0.0004087852904432,0.000391241123106,Q4 peor,4,0.7391304347826086,0.6666666666666666
LT_1931,6.096752609700015e-06,0.000387053385131,0.0003931501377407,Q2,7,0.509090909090909,0.7142857142857143
LT_1932,1.831172490186669e-05,0.0004086865329749,0.0003903748080730333,Q4 peor,6,0.5609756097560976,0.6
LT_1933,1.349214423176667e-05,0.0004077015366626,0.0003942093924308333,Q3,7,0.4482758620689655,0.7142857142857143
LT_1934,6.192614996500003e-06,0.0003877688180499,0.00039396143304639997,Q2,6,0.625,0.4
LT_1935,1.2154106348999998e-05,0.0004056676454492,0.00039351353910020004,Q3,3,0.7272727272727273,0.6666666666666666
LT_1936,1.4001965324333375e-06,0.0003850154511017,0.000386277432806,Q1 mejor,9,0.30434782608695654,0.875
LT_1937,2.016908999046665e-05,0.0004181230130929,0.00039795392310243335,Q4 peor,5,0.4117647058823529,0.6
LT_1938,1.6867181276033338e-05,0.0004097596587217,0.00039289247744566665,Q4 peor,4,0.7297297297297297,0.75
LT_1939,1.3680581650199992e-05,0.0003776050620805,0.0003912856437307,Q3,8,0.26,0.75
LT_194,1.208624778756667e-05,0.0003885588761258,0.00040064512391336664,Q3,4,0.5294117647058824,0.75
LT_1940,3.167112896000031e-06,0.0003944772561321,0.0003913101432361,Q1 mejor,2,0.8857142857142857,0.5
LT_1941,2.2710871618333212e-06,0.0003895793255924,0.00039176374694776666,Q1 mejor,4,0.8333333333333334,0.5
LT_1942,1.6549223817000124e-06,0.0003891073418656,0.0003907622642473,Q1 mejor,5,0.5217391304347826,0.6
LT_1943,1.0364421795466675e-05,0.000386617871073,0.00039698229286846666,Q3,7,0.48148148148148145,0.7142857142857143
LT_1944,1.424495838993334e-05,0.0004074381094207,0.0003931931510307667,Q3,4,0.8387096774193549,0.25
LT_1945,1.2159526348233331e-05,0.0004075391472176,0.00039537962086936667,Q3,1,1.0,1.0
LT_1946,1.8140482660799968e-05,0.000410474242058,0.0003923337593972,Q4 peor,1,1.0,1.0
LT_1947,1.2973156600433304e-05,0.0004064294842327,0.0003934563276322667,Q3,4,0.4666666666666667,0.75
LT_1948,2.0287587409533342e-05,0.0004152843191643,0.00039499673175476664,Q4 peor,2,0.9411764705882353,0.5
LT_1949,8.955075261133334e-06,0.0004021277684605,0.0003931726931993666,Q2,3,0.5925925925925926,1.0
LT_195,4.409505518666636e-06,0.0004041685298696,0.0004085780353882667,Q1 mejor,3,0.8181818181818182,0.0
LT_1950,1.0984660292133304e-05,0.0004057215399384,0.0003947368796462667,Q3,3,0.6363636363636364,1.0
LT_1951,8.876102873699975e-06,0.0004076993842382,0.00039882328136450003,Q2,4,0.55,1.0
LT_1952,1.8166544625133327e-05,0.0004083322804231,0.0003901657357979667,Q4 peor,2,0.7435897435897436,1.0
LT_1953,8.092652827399992e-06,0.0003860207549413,0.0003941134077687,Q2,6,0.42857142857142855,0.6
LT_1954,1.4356743543966687e-05,0.0004071403226016,0.0003927835790576333,Q3,5,0.32,1.0
LT_1955,1.16523088910333e-05,0.0003844317361263,0.0003960840450173333,Q3,6,0.3333333333333333,0.6666666666666666
LT_1956,1.8338717776466694e-05,0.000371390409669,0.0003897291274454667,Q4 peor,3,0.7083333333333334,0.6666666666666666
LT_1957,9.304262284033323e-06,0.0004097191768282,0.00040041491454416667,Q2,3,0.4782608695652174,1.0
LT_1958,1.9694894933233356e-05,0.0003714470169637,0.00039114191189693336,Q4 peor,4,0.42105263157894735,1.0
LT_1959,4.615648047400017e-06,0.0003865209321598,0.0003911365802072,Q2,5,0.4318181818181818,0.8
LT_196,8.691381416499997e-06,0.0003946198047469,0.00038592842333040004,Q2,1,1.0,0.0
LT_1960,1.2868066222500004e-05,0.0003780750143753,0.0003909430805978,Q3,8,0.18604651162790697,0.875
LT_1961,9.089037430366653e-06,0.0004018299488529,0.0003927409114225333,Q2,5,0.5227272727272727,0.75
LT_1962,3.772580669439998e-05,0.0004277485992568,0.00039002279256239995,Q4 peor,2,0.9607843137254902,1.0
LT_1963,9.07328605130001e-06,0.0003804783222028,0.0003895516082541,Q2,7,0.4090909090909091,0.8333333333333334
LT_1964,1.732393308626666e-05,0.0004129324535927,0.00039560852050643335,Q4 peor,3,0.7916666666666666,1.0
LT_1965,1.88751743286e-05,0.0004109772580523,0.0003921020837237,Q4 peor,4,0.5714285714285714,0.75
LT_1966,1.341148234069998e-05,0.00041051810888,0.0003971066265393,Q3,4,0.5,0.75
LT_1967,3.77722072083334e-06,0.0003899653066656,0.0003861880859447667,Q1 mejor,5,0.5961538461538461,0.8
LT_1968,1.0904898493299982e-05,0.0003776769375255,0.0003885818360188,Q3,6,0.42105263157894735,0.8
LT_1969,1.7093038066199966e-05,0.0003754183696035,0.0003925114076697,Q4 peor,7,0.39285714285714285,0.8571428571428571
LT_197,6.582435745199963e-06,0.0004039803369984,0.00041056277274359996,Q2,6,0.6551724137931034,0.16666666666666666
LT_1970,3.603980681366688e-06,0.0003974986303831,0.00040110261106446663,Q1 mejor,3,0.5,1.0
LT_1971,1.2793524054499975e-05,0.0003828183972082,0.0003956119212627,Q3,4,0.7,0.75
LT_1972,1.4108753601333299e-06,0.0003967413678929,0.0003973472374850333,Q1 mejor,5,0.6842105263157895,0.8
LT_1973,3.865401363079999e-05,0.0004231939286234,0.0003845399149926,Q4 peor,1,1.0,0.0
LT_1974,3.4602301830666694e-06,0.0003954002612917,0.00039886049147476666,Q1 mejor,7,0.3333333333333333,0.7142857142857143
LT_1975,2.1309524881833335e-05,0.0003682953311388,0.00038960485602063333,Q4 peor,2,0.7894736842105263,0.5
LT_1976,2.6325496382999776e-06,0.0003924765308302,0.00039510908046849996,Q1 mejor,2,0.8157894736842105,0.5
LT_1977,2.3652907317100015e-05,0.000418914076903,0.0003952611695859,Q4 peor,1,1.0,0.0
LT_1978,1.6002542426133348e-05,0.0003719336082025,0.0003879361506286333,Q3,1,1.0,0.0
LT_1979,9.216213627966668e-06,0.0003734195479853,0.00038263576161326663,Q2,1,1.0,0.0
LT_198,8.51266647366669e-06,0.0004085552005657,0.0004000425340920333,Q2,2,0.7346938775510204,0.5
LT_1980,8.553281826966669e-06,0.0003745874535866,0.0003831407354135667,Q2,1,1.0,0.0
LT_1981,2.663656868566636e-06,0.0003867668055597,0.00038410314869113336,Q1 mejor,1,1.0,0.0
LT_1982,1.9696888671600032e-05,0.000375539510647,0.00039523639931860003,Q4 peor,1,1.0,0.0
LT_1983,1.0063232899499985e-05,0.0003722311504559,0.0003822943833554,Q3,1,1.0,0.0
LT_1984,5.982104406533339e-06,0.0003990107263707,0.00039302862196416666,Q2,3,0.8679245283018868,0.6666666666666666
LT_1985,8.417293677300019e-06,0.0003734195479853,0.0003818368416626,Q2,1,1.0,0.0
LT_1986,1.0913201461600024e-05,0.0003766308312959,0.0003875440327575,Q3,1,1.0,0.0
LT_1987,1.1320425105833305e-05,0.0004123209926929,0.00040100056758706664,Q3,3,0.90625,0.0
LT_1988,3.2562961694566644e-05,0.0004259078520468,0.0003933448903522333,Q4 peor,1,1.0,
LT_1989,3.415885067473332e-05,0.0004235788403229,0.00038941998964816665,Q4 peor,1,1.0,
LT_199,3.642770756833347e-06,0.0004171948958232,0.0004208376665800334,Q1 mejor,2,0.6666666666666666,0.0
LT_1990,2.6728206755000008e-06,0.0004204182090067,0.0004177453883312,Q1 mejor,1,1.0,
LT_1991,3.738273727413334e-05,0.0004243057808465,0.00038692304357236664,Q4 peor,1,1.0,
LT_1992,2.1395398450133355e-05,0.0003668453610242,0.0003882407594743333,Q4 peor,2,0.875,0.5
LT_1993,1.464955244883334e-05,0.0003731081819372,0.00038775773438603334,Q3,1,1.0,0.0
LT_1994,1.3404624484833339e-05,0.0004208789824797,0.00040747435799486667,Q3,1,1.0,
LT_1995,2.6636579281733297e-05,0.000420598219296,0.00039396164001426665,Q4 peor,1,1.0,
LT_1996,1.0707977949933354e-05,0.0003734195479853,0.0003841275259352333,Q3,1,1.0,0.0
LT_1997,2.886524055206666e-05,0.0003642373826985,0.00039310262325056665,Q4 peor,2,0.8947368421052632,0.5
LT_1998,2.0972295402000205e-06,0.0003810085551558,0.000383105784696,Q1 mejor,1,1.0,0.0
LT_1999,8.267045403733333e-06,0.000376079112706,0.0003843461581097333,Q2,1,1.0,0.0
LT_2,1.205741877163336e-05,0.0004164586533603,0.00042851607213193334,Q3,3,0.75,0.0
LT_20,1.58708292836667e-05,0.0004063887462324,0.0003905179169487333,Q3,1,1.0,1.0
LT_200,1.3456504129533308e-05,0.0003751750288067,0.0003886315329362333,Q3,3,0.8235294117647058,0.3333333333333333
LT_2000,5.852724701233343e-06,0.0003745874535866,0.00038044017828783335,Q2,1,1.0,0.0
LT_2001,6.170072984633332e-06,0.0003729828491079,0.00037915292209253336,Q2,1,1.0,0.0
LT_2002,1.993582758973331e-05,0.0004338361596795,0.0004139003320897667,Q4 peor,1,1.0,
LT_2003,1.4672528376266666e-05,0.000371918991895,0.0003865915202712667,Q3,1,1.0,0.0
LT_2004,6.107209304133329e-06,0.0003815730573353,0.0003876802666394333,Q2,1,1.0,0.0
LT_2005,9.69231038500002e-06,0.0003927934324776,0.0003831011220926,Q3,1,1.0,0.0
LT_2006,2.5397396303399993e-05,0.0004045334320656,0.00037913603576220003,Q4 peor,1,1.0,0.0
LT_2007,1.3890941047866638e-05,0.0004280849793973,0.00041419403834943333,Q3,1,1.0,
LT_2008,2.0720315497166683e-05,0.0004024736339614,0.0003817533184642333,Q4 peor,1,1.0,0.0
LT_2009,2.1274018739300005e-05,0.0004047777215745,0.0003835037028352,Q4 peor,1,1.0,0.0
LT_201,7.813328746799998e-06,0.0004233502887236,0.0004155369599768,Q2,3,0.4,0.3333333333333333
LT_2010,1.4198216723166672e-05,0.0003975097761909,0.0003833115594677333,Q3,2,0.5555555555555556,0.0
LT_2011,8.002330439333349e-06,0.000385342893139,0.00039334522357833333,Q2,4,0.6129032258064516,1.0
LT_2012,1.4130957210999773e-06,0.0003959799001979,0.000397392995919,Q1 mejor,1,1.0,1.0
LT_2013,9.620446591700042e-06,0.0004064643400724,0.0003968438934807,Q3,2,0.8148148148148148,1.0
LT_2014,9.990063965333224e-07,0.0003957390243934,0.0003960687104851333,Q1 mejor,3,0.7777777777777778,1.0
LT_2015,1.2350702762099999e-05,0.0004046141047952,0.0003922634020331,Q3,2,0.7619047619047619,1.0
LT_2016,1.6110336244500006e-05,0.0003830914176824,0.0003992017539269,Q3,2,0.8888888888888888,1.0
LT_2017,1.2142333953266677e-05,0.0003850862872308,0.0003972286211840667,Q3,3,0.52,1.0
LT_2018,1.1939750315e-05,0.0004076355235727,0.0003956957732577,Q3,1,1.0,1.0
LT_2019,9.172891157000008e-06,0.0004062291954821,0.0003970563043251,Q2,2,0.9090909090909091,1.0
LT_202,2.857602002500013e-06,0.0003882931901803,0.0003854355881778,Q1 mejor,1,1.0,0.0
LT_203,6.862523817633315e-06,0.0003950093557534,0.00038814683193576666,Q2,3,0.5,0.3333333333333333
LT_204,4.989106688533318e-06,0.0004173503252955,0.0004123612186069667,Q2,3,0.3333333333333333,0.3333333333333333
LT_205,4.852620570266647e-06,0.0004175269430662,0.00041267432249593336,Q2,3,0.7619047619047619,0.0
LT_206,5.347285495466642e-06,0.0003859312164282,0.00039127850192366664,Q2,4,0.8666666666666667,0.3333333333333333
LT_207,5.2872917187399975e-05,0.0004365848323913,0.00038371191520390004,Q4 peor,1,1.0,0.0
LT_208,5.194923403366678e-06,0.0003891763119634,0.00038398138856003336,Q2,1,1.0,0.0
LT_209,1.4663160012066704e-05,0.0003764627307032,0.0003911258907152667,Q3,6,0.5416666666666666,0.5
LT_21,1.2593016223899988e-05,0.0004058023894546,0.00041839540567849997,Q3,5,0.3,0.0
LT_210,1.2866501858033351e-05,0.0004043369971245,0.00041720349898253335,Q3,3,0.6153846153846154,0.0
LT_211,1.3898392541866633e-05,0.0003829994208016,0.00039689781334346664,Q3,3,0.35294117647058826,0.6666666666666666
LT_212,9.590320627299995e-06,0.0003821513094339,0.00039174163006119997,Q3,3,0.9354838709677419,0.6666666666666666
LT_213,1.988884183223334e-05,0.0004286566847169,0.0004087678428846667,Q4 peor,3,0.6153846153846154,0.6666666666666666
LT_214,2.3206530088100013e-05,0.0004204724527559,0.0003972659226678,Q4 peor,3,0.7727272727272727,0.6666666666666666
LT_215,1.8150741149500005e-05,0.0003701411478372,0.00038829188898670004,Q4 peor,2,0.6666666666666666,0.0
LT_216,3.6818079548666467e-06,0.0004179675829974,0.00042164939095226667,Q1 mejor,4,0.4782608695652174,0.3333333333333333
LT_217,5.1375160568666385e-06,0.0004109913140946,0.00040585379803773335,Q2,8,0.6461538461538462,0.2857142857142857
LT_218,8.493855036066695e-06,0.000379784375471,0.0003882782305070667,Q2,4,0.7222222222222222,0.5
LT_219,1.4463795102999937e-06,0.000411896261416,0.00041124754236390005,Q1 mejor,4,0.4666666666666667,0.25
LT_22,1.2979249566399975e-05,0.0003814672799544,0.0003944465295208,Q3,1,1.0,0.0
LT_220,8.448681120099994e-06,0.0003861596250957,0.00039460830621579996,Q2,4,0.38461538461538464,1.0
LT_221,2.7169734353600004e-05,0.0003605184991588,0.0003876882335124,Q4 peor,5,0.5,0.6
LT_222,1.4981988573666677e-06,0.0003985940866472,0.0003988483530539,Q1 mejor,4,0.6363636363636364,0.25
LT_223,3.265027642566638e-06,0.0004251137738904,0.00042837880153296666,Q1 mejor,2,0.5833333333333334,0.0
LT_224,6.3555798017000216e-06,0.0003987969748931,0.0004051525546948,Q2,4,0.5333333333333333,0.25
LT_225,8.80601349133334e-06,0.0003978907269459,0.0003890847134545667,Q2,6,0.6060606060606061,0.5
LT_226,1.2684332618166646e-05,0.0003842028332196,0.0003968871658377667,Q3,1,1.0,0.0
LT_227,6.133069166366662e-06,0.0004014451609714,0.00039531209180503334,Q2,5,0.5263157894736842,0.8
LT_228,2.624127092236668e-05,0.0004390208309889,0.00041277956006653335,Q4 peor,1,1.0,0.0
LT_229,1.048328306173331e-05,0.0004172027552657,0.0004276860383274333,Q3,3,0.4,0.0
LT_23,8.442506007399987e-06,0.0003890135713738,0.0003974560773812,Q2,7,0.3018867924528302,0.42857142857142855
LT_230,2.9544848552666664e-06,0.0004317963379083,0.00042884185305303333,Q1 mejor,1,1.0,0.0
LT_231,2.0038089686733338e-05,0.0004081313103892,0.00038809322070246666,Q4 peor,2,0.8928571428571429,1.0
LT_232,3.0308125402999848e-06,0.0004035177421112,0.0004065485546515,Q1 mejor,5,0.43478260869565216,0.25
LT_233,1.8633747531433343e-05,0.0003675454466814,0.0003861791942128333,Q4 peor,2,0.8666666666666667,0.5
LT_234,3.194661145006665e-05,0.00035525854495,0.0003872051564000666,Q4 peor,3,0.47368421052631576,0.3333333333333333
LT_235,4.427972887133366e-06,0.0004012565479934,0.0003968285751062667,Q1 mejor,3,0.7142857142857143,0.5
LT_236,8.524613669999985e-06,0.0003838384450242,0.0003923630586942,Q2,3,0.55,0.3333333333333333
LT_237,2.1021952633333446e-06,0.0004260173295704,0.00042811952483373336,Q1 mejor,2,0.8,0.0
LT_238,1.4685596699233331e-05,0.000438706971598,0.00042402137489876666,Q3,1,1.0,0.0
LT_239,3.564059730466675e-06,0.0004113493834867,0.00040778532375623333,Q1 mejor,4,0.47619047619047616,0.5
LT_24,7.3137034852e-06,0.0004006795089509,0.00040799321243609996,Q2,5,0.6052631578947368,0.0
LT_240,1.0160366743999985e-05,0.000419337479272,0.00040917711252800004,Q3,3,0.6176470588235294,0.5
LT_241,4.082900394866699e-06,0.0003867952061172,0.00038271230572233336,Q1 mejor,1,1.0,0.0
LT_242,4.0814123861666455e-06,0.0004021093554861,0.00040619076787226665,Q1 mejor,4,0.7037037037037037,0.3333333333333333
LT_243,4.1748570518333294e-06,0.0003861315279424,0.0003819566708905666,Q1 mejor,3,0.7142857142857143,0.6666666666666666
LT_244,1.5335012474799966e-05,0.0004386855927337,0.00042335058025890003,Q3,1,1.0,0.0
LT_245,9.89180253663333e-06,0.0003726317174871,0.00038252352002373334,Q3,1,1.0,0.0
LT_246,2.376746203063332e-05,0.0004108928938715,0.0003871254318408666,Q4 peor,8,0.4318181818181818,0.7142857142857143
LT_247,2.316595816733334e-05,0.0003729703093685,0.00039613626753583333,Q4 peor,8,0.41379310344827586,0.7142857142857143
LT_248,2.4360071058333477e-06,0.0004281867168185,0.00042575070971266664,Q1 mejor,3,0.3333333333333333,0.0
LT_249,1.252574340393333e-05,0.0004372129269723,0.00042468718356836665,Q3,1,1.0,0.0
LT_25,2.516763296123334e-05,0.0004228432945159,0.00039767566155466663,Q4 peor,1,1.0,0.0
LT_250,2.00671710333331e-06,0.0004253898985947,0.0004233831814913667,Q1 mejor,2,0.6,0.0
LT_251,1.4706893101000091e-06,0.0004191338908026,0.0004199761122159667,Q1 mejor,3,0.6,0.0
LT_252,7.218919202733359e-06,0.0003812823244646,0.00038850124366733335,Q2,8,0.5084745762711864,0.875
LT_253,2.1305661098500016e-05,0.0004114976917514,0.0003901920306529,Q4 peor,6,0.5263157894736842,1.0
LT_254,2.833723490133336e-06,0.0004236498743149,0.00042648359780503336,Q1 mejor,2,0.7142857142857143,1.0
LT_255,8.301289087100016e-06,0.0003848675691012,0.00039316885818829994,Q2,4,0.5142857142857142,0.75
LT_256,5.337852045366686e-06,0.0003979425183572,0.00039260466631183336,Q2,5,0.34375,1.0
LT_257,2.0641347689133335e-05,0.0004297581609187,0.0004091168132295667,Q4 peor,3,0.5777777777777777,0.6666666666666666
LT_258,1.577549579866669e-05,0.0003949882597785,0.0003792127639798333,Q3,3,0.4666666666666667,0.5
LT_259,5.585832618866674e-06,0.0003971848357784,0.0003915990031595333,Q2,5,0.3333333333333333,0.8
LT_26,1.0445754181533364e-05,0.0004290649017168,0.0004186191475352667,Q3,3,0.5,0.0
LT_260,7.254348907433305e-06,0.0004084620497719,0.00040120770086446666,Q2,2,0.7254901960784313,0.5
LT_261,1.1058218653633363e-05,0.000403520600442,0.00041457881909563336,Q3,6,0.47368421052631576,0.0
LT_262,2.2822436039900004e-05,0.0004183437479091,0.0003955213118692,Q4 peor,4,0.5625,0.6666666666666666
LT_263,9.821236721466656e-06,0.0003813449842205,0.00039116622094196663,Q3,1,1.0,0.0
LT_264,8.179037065699987e-06,0.0003771747960265,0.0003853538330922,Q2,7,0.3103448275862069,0.8571428571428571
LT_265,1.7516437272666544e-06,0.0004258979813232,0.0004241463375959334,Q1 mejor,2,0.75,0.0
LT_266,1.1114089578933322e-05,0.0003994482641929,0.0003883341746139667,Q3,4,0.4,1.0
LT_267,2.842256273466647e-06,0.0004202459825056,0.0004230882387790667,Q1 mejor,2,0.7058823529411765,1.0
LT_268,1.111051078283334e-05,0.0003719035674082,0.00038301407819103334,Q3,2,0.9016393442622951,0.5
LT_269,8.890379850599962e-06,0.0004176545818002,0.0004265449616508,Q2,3,0.42857142857142855,0.0
LT_27,6.714681017466653e-06,0.0003993362527319,0.00040605093374936665,Q2,4,0.40425531914893614,0.0
LT_270,1.6929732032000175e-06,0.0004028625649054,0.0004015524000452,Q1 mejor,4,0.7,0.5
LT_271,3.592967648769998e-05,0.0004371664234962,0.00040123674700850005,Q4 peor,1,1.0,0.0
LT_272,7.446400586633346e-06,0.0003731081819372,0.00038055458252383333,Q2,1,1.0,0.0
LT_273,1.9691056121366663e-05,0.000435855532257,0.00041616447613563337,Q4 peor,4,0.7407407407407407,0.25
LT_274,2.138066239816667e-05,0.0003675207928993,0.0003889014552974667,Q4 peor,6,0.4827586206896552,0.6666666666666666
LT_275,4.176836556266655e-06,0.0003817352419259,0.00038591207848216665,Q1 mejor,3,0.5757575757575758,0.6666666666666666
LT_276,2.718024255906664e-05,0.000437344575247,0.0004101643326879334,Q4 peor,1,1.0,0.0
LT_277,2.3093929791366655e-05,0.0004206248357055,0.0003975309059141333,Q4 peor,2,0.8,0.5
LT_278,1.1091174216566667e-05,0.0003966654246494,0.00038557425043283334,Q3,6,0.5625,0.5
LT_279,7.224339174633323e-06,0.0004092191383186,0.00041644347749323333,Q2,3,0.5454545454545454,0.0
LT_28,1.9788523053666826e-06,0.000426280770923,0.0004282596232283667,Q1 mejor,2,0.8333333333333334,0.0
LT_280,2.5694868984933316e-05,0.0004385792741716,0.0004128844051866667,Q4 peor,1,1.0,0.0
LT_281,1.7917620004299997e-05,0.000400863592476,0.0003829459724717,Q4 peor,3,0.803921568627451,0.6666666666666666
LT_282,1.4724469993400005e-05,0.0004046484143235,0.0003899239443301,Q3,4,0.6296296296296297,1.0
LT_283,5.370874718133341e-06,0.0003929377400051,0.0003983086147232333,Q2,1,1.0,0.0
LT_284,1.878913823916667e-05,0.0003674764832822,0.0003862656215213667,Q4 peor,8,0.48148148148148145,0.5714285714285714
LT_285,2.818881123736668e-05,0.0004200240605323,0.0003918352492949333,Q4 peor,2,0.9696969696969697,1.0
LT_286,9.266760445466668e-06,0.0004015873760575,0.00041085413650296664,Q2,4,0.75,0.3333333333333333
LT_287,1.661753363196669e-05,0.0004064768195923,0.0003898592859603333,Q3,6,0.3333333333333333,0.6
LT_288,1.3083821667499987e-05,0.0003860094619117,0.0003990932835792,Q3,4,0.4,0.3333333333333333
LT_289,1.8913592879033333e-05,0.0003847999545993,0.00040371354747833333,Q4 peor,9,0.25,0.4444444444444444
LT_29,1.2324228596800026e-05,0.0004048694333639,0.0003925452047671,Q3,5,0.5121951219512195,0.8
LT_290,8.763867940299991e-06,0.000413058166852,0.0004042942989117,Q2,2,0.6923076923076923,0.0
LT_291,2.2583621080699993e-05,0.0004188147729337,0.000396231151853,Q4 peor,4,0.6774193548387096,0.3333333333333333
LT_292,7.715387118066669e-06,0.0004081195272639,0.0004158349143819667,Q2,2,0.9285714285714286,0.0
LT_293,2.877059442333323e-06,0.0004027642796585,0.0003998872202161667,Q1 mejor,3,0.7272727272727273,0.0
LT_294,1.5310305951800015e-05,0.000381778683494,0.00039708898944580006,Q3,4,0.5555555555555556,0.25
LT_295,2.4292211716366674e-05,0.0004225318885188,0.00039823967680243337,Q4 peor,1,1.0,0.0
LT_296,1.0249100589899987e-05,0.0004329803024183,0.00042273120182840005,Q3,2,0.6875,0.0
LT_297,4.322515718966681e-06,0.0004030685069286,0.0004073910226475667,Q1 mejor,5,0.6470588235294118,0.2
LT_298,7.728025301900003e-06,0.0003980008703678,0.00040572889566970003,Q2,6,0.3076923076923077,0.8
LT_299,1.706384140810002e-05,0.0003776874489954,0.00039475129040349996,Q4 peor,2,0.96,0.5
LT_3,2.063925794643334e-05,0.0004185317922862,0.00039789253433976667,Q4 peor,6,0.32727272727272727,0.6666666666666666
LT_30,9.413412872233345e-06,0.000422526891223,0.00041311347835076666,Q2,1,1.0,
LT_300,1.5174673264500027e-05,0.000375539510647,0.00039071418391150003,Q3,1,1.0,0.0
LT_301,3.0023395369333235e-06,0.0003939821843873,0.00039097984485036665,Q1 mejor,5,0.5,0.4
LT_302,1.8226983775000104e-06,0.0003948215930368,0.0003929988946593,Q1 mejor,4,0.36363636363636365,0.25
LT_303,1.0107902474333323e-05,0.0003798450180765,0.0003899529205508333,Q3,2,0.9523809523809523,0.5
LT_304,1.1658028639666633e-06,0.0003981340551141,0.0003969682522501333,Q1 mejor,7,0.6304347826086957,0.8571428571428571
LT_305,1.600474421316668e-05,0.0004064978309427,0.0004225025751558667,Q3,3,0.7,0.0
LT_306,2.3048336546833347e-05,0.0004375699766286,0.00041452164008176667,Q4 peor,2,0.9310344827586207,0.0
LT_307,4.778228677733348e-06,0.0004010177443962,0.00040579597307393336,Q2,4,0.375,0.0
LT_308,1.9051663020966652e-05,0.00042063301861,0.00040158135558903335,Q4 peor,2,0.9,0.5
LT_309,3.3127861698666362e-06,0.000388556851768,0.00039186963793786663,Q1 mejor,6,0.34782608695652173,0.6
LT_31,6.544692744466664e-06,0.0004208789824797,0.00041433428973523334,Q2,1,1.0,
LT_310,1.0319402967766674e-05,0.0003882137199379,0.00039853312290566667,Q3,2,0.6842105263157895,0.0
LT_311,1.4208982248199969e-05,0.0004129473465947,0.0003987383643465,Q3,2,0.7692307692307693,0.5
LT_312,3.438816085163331e-05,0.0004372803998873,0.00040289223903566666,Q4 peor,1,1.0,0.0
LT_313,1.154664805566672e-06,0.000387754781801,0.00038742692712043334,Q1 mejor,3,0.5319148936170213,1.0
LT_314,6.889070433866687e-06,0.0004039394494937,0.0004108285199275667,Q2,3,0.8529411764705882,0.0
LT_315,5.3215166513233335e-05,0.0004390898602874,0.00038587469377416667,Q4 peor,1,1.0,1.0
LT_316,4.949902652366649e-06,0.0004120903775556,0.00041704028020796667,Q2,3,0.3333333333333333,0.0
LT_317,1.4754530062333325e-06,0.0004057283174162,0.0004069788086715667,Q1 mejor,4,0.5833333333333334,0.3333333333333333
LT_318,1.030764306803332e-05,0.0004044746099688,0.00041478225303683334,Q3,6,0.4,0.3333333333333333
LT_319,2.3979534453233296e-05,0.0003695519771609,0.00039353151161413335,Q4 peor,2,0.7419354838709677,0.0
LT_32,2.338373466600007e-06,0.0004136231359342,0.00041596150940080004,Q1 mejor,4,0.5789473684210527,0.3333333333333333
LT_320,4.876002891066648e-06,0.0003770166654422,0.0003818926683332667,Q2,3,0.8928571428571429,0.6666666666666666
LT_321,5.73186964323336e-06,0.0003935513959534,0.00038781952631016664,Q2,2,0.5,0.5
LT_322,2.3402067387666395e-06,0.0003934595925374,0.00039121760333063336,Q1 mejor,2,0.6666666666666666,0.0
LT_323,8.062412277033346e-06,0.0004134840376982,0.00040542162542116667,Q2,4,0.7407407407407407,0.0
LT_324,6.731100230666667e-06,0.0003797583830993,0.00038648948332996666,Q2,1,1.0,0.0
LT_325,1.952495273816668e-05,0.0004045097308551,0.00038498477811693335,Q4 peor,2,0.75,0.0
LT_326,5.333207810800015e-06,0.0004073812590602,0.0004020480512494,Q2,4,0.5,0.3333333333333333
LT_327,3.8489514423899986e-05,0.0003838650278594,0.0004223545422833,Q4 peor,1,1.0,0.0
LT_328,1.7828932977533344e-05,0.0004237409829048,0.0004059120499272666,Q4 peor,1,1.0,0.0
LT_329,1.2689469645333158e-06,0.0003908990816911,0.0003920322346833,Q1 mejor,4,0.40625,0.5
LT_33,1.754554043053329e-05,0.0004402039454051,0.0004226584049745667,Q4 peor,1,1.0,1.0
LT_330,2.2635806966666934e-06,0.0003969403264279,0.0003992039071245667,Q1 mejor,3,0.5,0.0
LT_331,2.0157560221999715e-06,0.0003945596028492,0.000392543846827,Q1 mejor,3,0.625,0.6666666666666666
LT_332,9.786604257633333e-06,0.0003877883700282,0.00039757497428583337,Q3,3,0.65,0.0
LT_333,9.207742219900005e-06,0.0004141680425052,0.00040496030028530004,Q2,3,0.6,0.0
LT_334,1.9914585901166667e-05,0.0004150747841579,0.00039516019825673333,Q4 peor,1,1.0,0.0
LT_335,8.619507224966638e-06,0.0004087183969919,0.00040009888976693335,Q2,9,0.48484848484848486,0.875
LT_336,2.0091258484133316e-05,0.0003799301714739,0.00040002142995803334,Q4 peor,1,1.0,0.0
LT_337,2.6710067746666685e-05,0.0004289960687043,0.0004022860009576333,Q4 peor,1,1.0,0.0
LT_338,2.581766862773334e-05,0.0004191852071553,0.00039336753852756666,Q4 peor,2,0.9285714285714286,0.5
LT_339,1.8245731728966656e-05,0.0004260074115505,0.0004077616798215334,Q4 peor,2,0.9411764705882353,0.0
LT_34,1.8805476869233368e-05,0.0003673948326729,0.00038620030954213336,Q4 peor,4,0.5,1.0
LT_340,2.0466208108166676e-05,0.0004257624626049,0.0004052962544967333,Q4 peor,1,1.0,0.0
LT_341,8.184970990000013e-06,0.0003961979499768,0.00038801297898679996,Q2,6,0.44,0.5
LT_342,2.4015237359900008e-05,0.0004203728956836,0.0003963576583237,Q4 peor,4,0.6666666666666666,0.5
LT_343,2.594008998573334e-05,0.000424979487949,0.0003990393979632667,Q4 peor,1,1.0,0.0
LT_344,2.0313775500333323e-05,0.0004093452103009,0.00038903143480056667,Q4 peor,2,0.9166666666666666,0.0
LT_345,8.743370218100013e-06,0.0003785803201512,0.00038732369036929994,Q2,5,0.35135135135135137,0.6
LT_346,1.8621939992466684e-05,0.0004175162696579,0.0003988943296654333,Q4 peor,2,0.85,0.5
LT_347,8.138409760000001e-06,0.0003851894201135,0.0003933278298735,Q2,2,0.5172413793103449,0.0
LT_348,7.645308720933338e-06,0.0003765259026537,0.00038417121137463334,Q2,4,0.5263157894736842,1.0
LT_349,5.651182938833334e-06,0.0004160043045497,0.00041035312161086663,Q2,3,0.8823529411764706,0.0
LT_35,1.5230760527800018e-05,0.0004015438331088,0.00038631307258099997,Q3,3,0.5555555555555556,0.6666666666666666
LT_350,2.4097072359999987e-06,0.0004031250907076,0.0004007420496808667,Q1 mejor,5,0.5,0.6
LT_351,1.5727591764199973e-05,0.0004408583126564,0.0004251307208922,Q3,1,1.0,
LT_352,2.4008410207666687e-06,0.0004028018921871,0.0004052027332078667,Q1 mejor,4,0.4523809523809524,0.0
LT_353,9.955190753833324e-06,0.0003722434357137,0.00038219862646753333,Q3,2,0.9629629629629629,0.0
LT_354,3.594430887379999e-05,0.0004373074303284,0.00040136312145459997,Q4 peor,1,1.0,0.0
LT_355,1.0735827487833317e-05,0.0004372803998873,0.0004265445723994667,Q3,1,1.0,0.0
LT_356,1.0860124951233348e-05,0.0003784932793537,0.00038935340430493333,Q3,7,0.2857142857142857,0.8333333333333334
LT_357,1.3818217844966643e-05,0.0003847382464846,0.0003985564643295667,Q3,3,0.625,0.0
LT_358,3.65656923593334e-06,0.0004060911694883,0.00040243460025236665,Q1 mejor,4,0.4878048780487805,0.0
LT_359,8.18824187686669e-06,0.0003969821562726,0.00040517039814946663,Q2,3,0.6842105263157895,0.0
LT_36,1.570808404066666e-05,0.0003734195479853,0.0003891276320259667,Q3,1,1.0,0.0
LT_360,4.8436624598999956e-06,0.0004080719821305,0.00041291564459039996,Q2,4,0.6,0.0
LT_361,8.846910854433344e-06,0.0004035506217515,0.00041239753260593326,Q2,3,0.4666666666666667,0.0
LT_362,2.3865971754933333e-05,0.0004209839437023,0.0003971179719473667,Q4 peor,1,1.0,0.0
LT_363,2.0172879379333434e-06,0.0004045729405961,0.00040659022853403335,Q1 mejor,5,0.5833333333333334,0.25
LT_364,2.24007599705e-05,0.0004214982638092,0.00039909750383869993,Q4 peor,2,0.9166666666666666,0.0
LT_365,1.0842073717999897e-06,0.0003842028332196,0.0003849385711699334,Q1 mejor,1,1.0,0.0
LT_366,2.89851601225667e-05,0.0004389906957183,0.0004100055355957333,Q4 peor,2,0.5882352941176471,0.5
LT_367,1.648880481859998e-05,0.0004369658043311,0.00042047699951250003,Q3,1,1.0,0.0
LT_368,9.456606330266693e-06,0.0003791930189441,0.00038864962527436665,Q2,1,1.0,0.0
LT_369,8.442103042866682e-06,0.0004070803902737,0.00039863828723083334,Q2,4,0.7777777777777778,0.0
LT_37,8.179620031766702e-06,0.0004196872494295,0.00041150762939773334,Q2,3,0.8636363636363636,0.3333333333333333
LT_370,3.0718055057033314e-05,0.0004310027061941,0.0004002846511370667,Q4 peor,2,0.6666666666666666,0.5
LT_371,2.5169835263666733e-06,0.0003870838700588,0.00038960085358516667,Q1 mejor,5,0.4492753623188406,0.6
LT_372,2.4397725999400016e-05,0.0004257624626049,0.00040136473660550004,Q4 peor,1,1.0,0.0
LT_373,8.30536534413332e-06,0.0003769208654423,0.0003852262307864333,Q2,5,0.6666666666666666,1.0
LT_374,9.828568248966646e-06,0.000388795380017,0.00039862394826596664,Q3,2,0.625,0.5
LT_375,1.1659747257666824e-06,0.0003970647533496,0.0003970106891893666,Q1 mejor,10,0.425,0.875
LT_376,2.939385965843335e-05,0.0003654837574166,0.00039487761707503334,Q4 peor,6,0.3333333333333333,0.8333333333333334
LT_377,2.097326647366657e-06,0.0003955615547241,0.00039346422807673333,Q1 mejor,9,0.46296296296296297,0.7777777777777778
LT_378,9.058735226633312e-06,0.0003989005899949,0.0003898418547682667,Q2,6,0.3333333333333333,0.6
LT_379,2.242843974686668e-05,0.0004252624821631,0.00040283404241623337,Q4 peor,2,0.5,0.0
LT_38,6.03064648753336e-06,0.0004185975398257,0.0004246281863132333,Q2,3,0.4444444444444444,0.0
LT_380,1.1739102219866663e-05,0.0003999819843949,0.00038824288217503334,Q3,6,0.3225806451612903,0.8333333333333334
LT_381,5.999824204666452e-07,0.000403731539028,0.0004033337240293333,Q1 mejor,6,0.45,0.16666666666666666
LT_382,1.7722888249333533e-06,0.0003902934781711,0.00039206576699603334,Q1 mejor,5,0.5675675675675675,0.8
LT_383,1.955550359400007e-06,0.0004042106854046,0.000406166235764,Q1 mejor,3,0.5294117647058824,0.0
LT_384,7.274289209233315e-06,0.0003908561057717,0.00039813039498093333,Q2,4,0.5,0.75
LT_385,2.1204606121400015e-05,0.0003791798714887,0.0004003844776101,Q4 peor,4,0.8666666666666667,0.5
LT_386,9.623225214999987e-06,0.000371562057817,0.000381185283032,Q3,1,1.0,0.0
LT_387,1.7828686576133338e-05,0.0004195938375897,0.0004017651510135667,Q4 peor,3,0.47058823529411764,0.0
LT_388,2.384382072156667e-05,0.0004274367937022,0.0004035929729806333,Q4 peor,4,0.5,0.5
LT_389,1.1395454864133338e-05,0.0004012076317956,0.00038981217693146667,Q3,6,0.4782608695652174,1.0
LT_39,1.2437553519000001e-05,0.0004130804231086,0.0004255179766276,Q3,3,0.5714285714285714,0.0
LT_390,1.8842913833800007e-05,0.000371123401899,0.0003899663157328,Q4 peor,6,0.35185185185185186,0.6
LT_391,2.6485048217999825e-06,0.0003935372469653,0.00039088874214349996,Q1 mejor,2,0.7058823529411765,0.5
LT_392,1.739862918920003e-05,0.000418373705857,0.00040097507666779996,Q4 peor,5,0.5,0.4
LT_393,2.6673225026600008e-05,0.0004202014398286,0.000393528214802,Q4 peor,3,0.813953488372093,0.6666666666666666
LT_394,3.530937059000017e-06,0.0004116928137148,0.0004152237507738,Q1 mejor,4,0.5454545454545454,0.0
LT_395,1.0232503903666508e-06,0.0003825381349361,0.00038163474897793333,Q1 mejor,1,1.0,0.0
LT_396,7.193865131166658e-06,0.0003943085078936,0.00040150237302476665,Q2,3,0.42857142857142855,0.6666666666666666
LT_397,8.504998905666696e-06,0.0003890676568216,0.00039757265572726666,Q2,7,0.45454545454545453,0.42857142857142855
LT_398,2.669564553200008e-06,0.0004029569998902,0.00040562656444340003,Q1 mejor,3,0.4444444444444444,0.3333333333333333
LT_399,1.117745375076667e-05,0.0003926386726831,0.00040381612643386667,Q3,3,0.6111111111111112,0.3333333333333333
LT_4,2.3266913889800005e-05,0.0004211220926458,0.000397855178756,Q4 peor,6,0.39215686274509803,0.5
LT_40,7.620633802866683e-06,0.0004014255591341,0.0004090461929369667,Q2,5,0.47058823529411764,0.0
LT_400,2.927619860663332e-05,0.000369488011047,0.0003987642096536334,Q4 peor,10,0.24,0.8888888888888888
LT_401,3.6472649298066694e-05,0.0004289960687043,0.00039252341940623336,Q4 peor,1,1.0,0.0
LT_402,8.323925799599982e-06,0.0003953996238816,0.000387075698082,Q2,5,0.72,0.75
LT_403,5.36977273053332e-06,0.0003858413319014,0.00039121110463193336,Q2,5,0.4897959183673469,0.6
LT_404,2.4631699843333426e-06,0.0003942603993279,0.0003917972293435667,Q1 mejor,2,0.7142857142857143,0.5
LT_405,5.6316236144666625e-06,0.0004074031794228,0.00040177155580833337,Q2,3,0.46153846153846156,0.6666666666666666
LT_406,2.3416122148066663e-05,0.000368797644004,0.0003922137661520667,Q4 peor,2,0.5882352941176471,0.5
LT_407,9.09249906086664e-06,0.0003947412447661,0.0004038337438269667,Q2,4,0.4117647058823529,0.5
LT_408,4.95613340926666e-06,0.0003878286452879,0.0003828725118786333,Q2,2,0.7317073170731707,1.0
LT_409,7.275813824066659e-06,0.0003820847660728,0.0003893605798968667,Q2,7,0.6122448979591837,0.6666666666666666
LT_41,4.458088434200003e-06,0.0004031427158375,0.0004076008042717,Q1 mejor,4,0.5238095238095238,0.0
LT_410,2.6352211004133323e-05,0.0004109426925192,0.00038459048151506667,Q4 peor,2,0.5,0.0
LT_411,1.0187552010633373e-05,0.0003793768960143,0.00038956444802493335,Q3,5,0.38461538461538464,0.8
LT_412,2.9249481113000006e-05,0.0004189868324842,0.0003897373513712,Q4 peor,3,0.7777777777777778,1.0
LT_413,2.6962739290300026e-05,0.0004221797912295,0.00039521705193919996,Q4 peor,2,0.9,1.0
LT_414,1.911944899236669e-05,0.0004078727148434,0.00038875326585103334,Q4 peor,4,0.5454545454545454,1.0
LT_415,1.9627844967699993e-05,0.0003691736801632,0.00038880152513089995,Q4 peor,3,0.7272727272727273,0.6666666666666666
LT_416,3.964972093066651e-06,0.0004047022581696,0.00040866723026266666,Q1 mejor,4,0.7333333333333333,0.3333333333333333
LT_417,2.3418493366466643e-05,0.0004232435859216,0.00039982509255513335,Q4 peor,1,1.0,0.0
LT_418,1.2608561442333233e-06,0.0003895255851604,0.00038973653240763334,Q1 mejor,5,0.4827586206896552,0.8
LT_419,1.1922944523099999e-05,0.0003927934324776,0.00038087048795450005,Q3,1,1.0,0.0
LT_42,3.5151021622666706e-06,0.0004147113593634,0.00041822646152566665,Q1 mejor,3,0.625,0.5
LT_420,1.7590426594599976e-05,0.0003842028332196,0.0004017932598142,Q4 peor,1,1.0,0.0
LT_421,1.5980730868033323e-05,0.0004111797695962,0.00039519903872816666,Q3,2,0.8055555555555556,0.5
LT_422,2.541594751536668e-05,0.0004221290079914,0.00039671306047603334,Q4 peor,5,0.7183098591549296,0.4
LT_423,8.848808343000025e-06,0.0003997971037965,0.00039094829545349995,Q2,6,0.5098039215686274,0.8
LT_424,3.7442741087899996e-05,0.0004283314841429,0.000390888743055,Q4 peor,4,0.8793103448275862,0.75
LT_425,3.8123719192333224e-06,0.0003913414978054,0.0003875291258861667,Q1 mejor,9,0.1875,0.875
LT_426,2.1469710371266656e-05,0.000364894810625,0.0003863645209962667,Q4 peor,2,0.7297297297297297,0.5
LT_427,5.121522029233338e-06,0.0004034119377383,0.00040853345976753333,Q2,3,0.45454545454545453,0.0
LT_428,1.2013298143000007e-05,0.0003769656311412,0.0003889789292842,Q3,3,0.5555555555555556,0.6666666666666666
LT_429,2.300132265023335e-05,0.0003766134692702,0.0003996147919204333,Q4 peor,7,0.42857142857142855,0.7142857142857143
LT_43,1.5156003999466667e-05,0.0003999830665376,0.0003848270625381333,Q3,4,0.4,0.6666666666666666
LT_430,4.760870505133374e-06,0.0003844328367474,0.00038919370725253337,Q2,4,0.5862068965517241,1.0
LT_431,6.12721796333334e-06,0.0003899945728345,0.00038386735487116666,Q2,2,0.7692307692307693,0.0
LT_432,3.905884005483331e-05,0.0004373110559513,0.00039825221589646665,Q4 peor,1,1.0,0.0
LT_433,3.3358424129333367e-06,0.000400515841606,0.00039717999919306667,Q1 mejor,2,0.5454545454545454,0.0
LT_434,1.6804403618633308e-05,0.0004200992559289,0.0004032948523102667,Q3,3,0.6190476190476191,0.3333333333333333
LT_435,7.362421688733336e-06,0.0003857053275871,0.00039306774927583336,Q2,4,0.6176470588235294,0.75
LT_436,6.7571871461333645e-06,0.0004140558283707,0.00042081301551683334,Q2,5,0.3,0.25
LT_437,1.4256132353766688e-05,0.0004115279755645,0.0003972718432107333,Q3,3,0.625,0.6666666666666666
LT_438,2.43738596428e-05,0.0003722493934963,0.0003966232531391,Q4 peor,1,1.0,0.0
LT_439,1.0793549316466688e-05,0.0003731081819372,0.0003839017312536667,Q3,1,1.0,0.0
LT_44,4.590460152266686e-06,0.0004126703949964,0.00040807993484413336,Q1 mejor,5,0.2857142857142857,0.0
LT_440,2.0032947722199994e-05,0.0003793420472084,0.0003993749949306,Q4 peor,2,0.9411764705882353,0.0
LT_441,2.012448154033345e-06,0.0003822024861083,0.00038421493426233337,Q1 mejor,12,0.1935483870967742,0.9
LT_442,1.1815748324833341e-05,0.0004082014468574,0.00039638569853256666,Q3,2,0.875,0.5
LT_443,4.2189145309499986e-05,0.0004353228443359,0.0003931336990264,Q4 peor,2,0.9696969696969697,0.0
LT_444,1.3191811162033338e-05,0.0003859906388821,0.00039918245004413335,Q3,6,0.4,0.8333333333333334
LT_445,3.089309357219998e-05,0.0004283300704924,0.0003974369769202,Q4 peor,2,0.8333333333333334,0.0
LT_446,2.4888164226333272e-06,0.0003921527122152,0.00039464152863783337,Q1 mejor,5,0.4166666666666667,1.0
LT_447,3.493246731533327e-06,0.0003969415630104,0.00040043480974193336,Q1 mejor,7,0.6285714285714286,0.8333333333333334
LT_448,1.141994479243336e-05,0.0003745874535866,0.0003860073983790333,Q3,1,1.0,0.0
LT_449,1.22868982563332e-06,0.0003902157996586,0.00038898710983296665,Q1 mejor,2,0.7083333333333334,0.0
LT_45,2.2261348528333563e-06,0.0003963503864082,0.00039857652126103335,Q1 mejor,7,0.5555555555555556,0.7142857142857143
LT_450,3.167372101596666e-05,0.0003775427564474,0.00040921647746336665,Q4 peor,3,0.5151515151515151,0.0
LT_451,7.749348518666619e-07,0.0003883007862766,0.0003878567999755333,Q1 mejor,7,0.2608695652173913,0.8333333333333334
LT_452,1.8072246163466654e-05,0.0004092545641613,0.0003911823179978333,Q4 peor,6,0.7534246575342466,0.6666666666666666
LT_453,1.3378101784966665e-05,0.0003829097641241,0.00039628786590906667,Q3,2,0.8,0.0
LT_454,1.0225160359566672e-05,0.0003923874563754,0.00038216229601583334,Q3,8,0.32,1.0
LT_455,8.87870384776665e-06,0.0003790199367082,0.00038789864055596663,Q2,4,0.4583333333333333,0.75
LT_456,1.579196340236666e-05,0.0004159894119428,0.0004001974485404333,Q3,3,0.5,1.0
LT_457,4.213074797099973e-06,0.0003965946932207,0.00039238161842360006,Q1 mejor,3,0.4375,0.6666666666666666
LT_458,8.474894454166653e-06,0.0003816777984206,0.0003901526928747666,Q2,12,0.16666666666666666,0.8181818181818182
LT_459,2.27664672276e-05,0.0004337144081586,0.000410947940931,Q4 peor,3,0.9607843137254902,0.6666666666666666
LT_46,6.808062551066686e-06,0.0004027941433546,0.00040960220590566666,Q2,5,0.42105263157894735,0.25
LT_460,5.4944150409999976e-06,0.0004014973787637,0.0003960029637227,Q2,7,0.375,0.5714285714285714
LT_461,3.767350099883333e-05,0.0004267933676105,0.00038911986661166665,Q4 peor,1,1.0,0.0
LT_462,2.9935397749266676e-05,0.0004199988212685,0.00039006342351923336,Q4 peor,2,0.75,1.0
LT_463,4.679223713599982e-06,0.0003925581574174,0.00039723738113099996,Q2,6,0.5,1.0
LT_464,1.570468583636666e-05,0.0003832021881731,0.00039890687400946667,Q3,8,0.46153846153846156,0.2857142857142857
LT_465,3.0348488540333308e-05,0.0004320592531436,0.0004017107646032667,Q4 peor,2,0.8571428571428571,0.0
LT_466,9.39666448756668e-06,0.0003996412533872,0.0003902445888996333,Q2,4,0.4426229508196721,0.75
LT_467,1.3155809834000036e-06,0.0003949820554804,0.0003958454169595333,Q1 mejor,4,0.6333333333333333,0.25
LT_468,1.5952701391933315e-05,0.0003762450957717,0.0003921977971636334,Q3,4,0.5294117647058824,0.75
LT_469,1.0452872080333353e-06,0.0003909920141334,0.00039083413802123334,Q1 mejor,8,0.49122807017543857,0.625
LT_47,2.1627822494666785e-06,0.0004315419628092,0.0004293791805597333,Q1 mejor,2,0.9545454545454546,0.0
LT_470,1.5343462826399983e-05,0.0004148648580747,0.0003995213952483,Q3,4,0.8095238095238095,0.3333333333333333
LT_471,4.449359290100016e-06,0.0003941609294721,0.00039861028876219995,Q1 mejor,9,0.2916666666666667,0.875
LT_472,2.0439949553133322e-05,0.0003765150472378,0.00039695499679093336,Q4 peor,5,0.6346153846153846,0.8
LT_473,1.7556394600499997e-05,0.0004069551396111,0.00038939874501060003,Q4 peor,5,0.43902439024390244,0.8
LT_474,1.5025018776166656e-05,0.00037634475097,0.0003913697697461667,Q3,5,0.43243243243243246,0.8
LT_475,1.753728758013335e-05,0.0004099759561048,0.0003924386685246666,Q4 peor,3,0.7380952380952381,0.5
LT_476,2.1774460024133328e-05,0.000373704528332,0.0003954789883561333,Q4 peor,5,0.4411764705882353,0.4
LT_477,1.6078041560866647e-05,0.0004116047772799,0.0003955267357190334,Q3,3,0.7741935483870968,0.3333333333333333
LT_478,3.2229609660999973e-06,0.0003951153755633,0.00039833833652940003,Q1 mejor,4,0.5,0.75
LT_479,1.746231066833299e-06,0.0003885199324799,0.00038677370141306666,Q1 mejor,2,0.7777777777777778,0.0
LT_48,2.3035048380900007e-05,0.0003669031829103,0.0003899382312912,Q4 peor,5,0.5714285714285714,0.6
LT_480,8.536640019300032e-06,0.0003804517711318,0.0003889884111511,Q2,5,0.3333333333333333,0.6
LT_481,1.7433870229966684e-05,0.0003709766118567,0.00038841048208666665,Q4 peor,5,0.6111111111111112,0.4
LT_482,1.2412707773499986e-05,0.0003785114919394,0.0003909241997129,Q3,4,0.4166666666666667,0.5
LT_483,4.599562871833332e-06,0.0003986701933665,0.0003940706304946667,Q2,6,0.6428571428571429,0.8333333333333334
LT_484,2.169366987066675e-06,0.0003915872645257,0.00039375663151276666,Q1 mejor,1,1.0,0.0
LT_485,8.217405665133354e-06,0.0003787853006267,0.00038700270629183335,Q2,8,0.391304347826087,0.5714285714285714
LT_486,1.2304963470833352e-05,0.0004073805161765,0.0003950755527056667,Q3,7,0.38636363636363635,0.5714285714285714
LT_487,1.782275801400002e-05,0.000404173592487,0.00038635083447299996,Q4 peor,2,0.5555555555555556,0.5
LT_488,2.3455722678333685e-06,0.0003985404030783,0.00040088597534613336,Q1 mejor,6,0.3157894736842105,0.6666666666666666
LT_489,7.967227116966672e-06,0.0003860231434673,0.00039399037058426666,Q2,5,0.5,0.6
LT_49,9.455857696799986e-06,0.0004105128205742,0.00040105696287739994,Q2,4,0.5094339622641509,1.0
LT_490,3.671584324733342e-06,0.0003934782211599,0.0003898066368351667,Q1 mejor,4,0.5,0.5
LT_491,6.01557129513331e-06,0.0003899059271546,0.00039592149844973334,Q2,5,0.43333333333333335,0.6
LT_492,7.58899677673336e-06,0.0004328935059316,0.0004253045091548666,Q2,1,1.0,0.0
LT_493,1.3738843866666694e-05,0.0004054806381313,0.00039174179426463337,Q3,3,0.6666666666666666,1.0
LT_494,2.093274368576665e-05,0.0004077314507804,0.0003867987070946333,Q4 peor,5,0.7166666666666667,0.6
LT_495,2.0821558070999897e-06,0.0003950615504539,0.000397143706261,Q1 mejor,3,0.6666666666666666,0.3333333333333333
LT_496,8.306524512333331e-06,0.0003847007545154,0.00039300727902773333,Q2,4,0.375,0.5
LT_497,1.984018858036668e-05,0.0003678059545788,0.0003876461431591667,Q4 peor,2,0.95,0.5
LT_498,1.9273643329433335e-05,0.0003964214545303,0.00041569509785973333,Q4 peor,5,0.4375,0.25
LT_499,7.96109517326667e-06,0.0003951411989901,0.00040310229416336664,Q2,4,0.4375,0.5
LT_5,8.159072617400018e-06,0.0003829986023086,0.00039115767492599996,Q2,7,0.3448275862068966,0.7142857142857143
LT_50,1.3530720266900003e-05,0.0004309353824213,0.0004174046621544,Q3,2,0.5,0.0
LT_500,1.7358936015933343e-05,0.0003729448399176,0.00039030377593353335,Q4 peor,8,0.3111111111111111,0.8571428571428571
LT_501,1.1840095899833353e-05,0.000399748336742,0.0003879082408421667,Q3,3,0.5555555555555556,0.6666666666666666
LT_502,6.196716836366684e-06,0.0004045669775647,0.00039837026072833334,Q2,5,0.375,0.5
LT_503,2.042016851366663e-05,0.0003687801674064,0.00038920033592006664,Q4 peor,4,0.48,0.25
LT_504,4.0726340362566645e-05,0.000355584870878,0.00039631121124056665,Q4 peor,2,0.6551724137931034,0.5
LT_505,1.836496311186667e-05,0.0004086313643982,0.0003902664012863333,Q4 peor,1,1.0,0.0
LT_506,7.223757642566663e-06,0.0003807368285455,0.0003879605861880667,Q2,3,0.9333333333333333,0.6666666666666666
LT_507,5.401115502633303e-06,0.0003814672799544,0.0003868683954570333,Q2,1,1.0,0.0
LT_508,8.014438119766648e-06,0.0003969958355745,0.0003889813974547333,Q2,8,0.3888888888888889,0.875
LT_509,3.113259517933333e-05,0.0004240447021953,0.00039291210701596665,Q4 peor,3,0.8181818181818182,0.0
LT_51,2.3987004054999914e-06,0.0004218490814537,0.00041945038104819997,Q1 mejor,3,0.5714285714285714,0.0
LT_510,1.078906294426666e-05,0.0003883329991009,0.0003991220620451667,Q3,4,0.48717948717948717,0.5
LT_511,7.457506269500003e-06,0.0003830867799928,0.0003905442862623,Q2,3,0.8,0.0
LT_512,2.4794394093866664e-05,0.0004166987070158,0.0003919043129219333,Q4 peor,4,0.6153846153846154,0.3333333333333333
LT_513,1.4477426716266696e-05,0.0003818922197524,0.00039636964646866667,Q3,1,1.0,0.0
LT_514,1.4824970010066679e-05,0.0003719336082025,0.00038675857821256665,Q3,1,1.0,0.0
LT_515,1.9941137716999996e-05,0.0003806766384562,0.0004006177761732,Q4 peor,1,1.0,0.0
LT_516,5.505104810133315e-06,0.0003808642662237,0.00038636937103383334,Q2,1,1.0,0.0
LT_517,9.366155488133365e-06,0.000406263394785,0.00039689723929686667,Q2,6,0.42857142857142855,0.8333333333333334
LT_518,5.000992165000001e-06,0.0003867433171694,0.00039174430933439997,Q2,6,0.44,1.0
LT_519,6.294806136233346e-06,0.0004019992499753,0.00039570444383906666,Q2,9,0.19047619047619047,0.8888888888888888
LT_52,1.2123516341433339e-05,0.0003874502993365,0.0003995738156779333,Q3,8,0.2,0.625
LT_520,2.5847443154233356e-05,0.0003670101571695,0.00039285760032373336,Q4 peor,2,0.5384615384615384,0.0
LT_521,2.407964399633346e-06,0.0003986080733159,0.00039620010891626667,Q1 mejor,7,0.4,0.4
LT_522,1.4175870380499992e-05,0.0003714373398461,0.0003856132102266,Q3,6,0.45714285714285713,0.8333333333333334
LT_523,1.0877521455400011e-05,0.0004005469121175,0.0003896693906621,Q3,7,0.5384615384615384,0.8333333333333334
LT_524,9.750009795300016e-06,0.0003793299532842,0.00038907996307949996,Q3,6,0.4166666666666667,0.8333333333333334
LT_525,1.2663266659666856e-06,0.0003914879700763,0.0003927542967422667,Q1 mejor,7,0.35714285714285715,0.5714285714285714
LT_526,1.0742746948300014e-05,0.0003998857846189,0.0003891430376706,Q3,1,1.0,0.0
LT_527,1.0321401931000005e-05,0.0003839429072274,0.00039426430915839996,Q3,6,0.27586206896551724,0.6666666666666666
LT_528,9.382952373999993e-06,0.000401743423834,0.00039236047145999996,Q2,3,0.5,0.0
LT_529,4.414554825000001e-06,0.0003939988071659,0.0003895842523409,Q1 mejor,9,0.3,0.7777777777777778
LT_53,2.0337251533066648e-05,0.0003721182585502,0.0003924555100832667,Q4 peor,5,0.4166666666666667,1.0
LT_530,4.278668678933343e-06,0.000391011196729,0.0003952898654079333,Q1 mejor,2,0.9545454545454546,0.5
LT_531,4.061979380299995e-06,0.0003900508742248,0.0003859888948445,Q1 mejor,7,0.8372093023255814,0.8571428571428571
LT_532,1.2935986290166687e-05,0.0003979494503148,0.00038501346402463336,Q3,4,0.62,0.5
LT_533,4.0484498090333585e-06,0.000391384934914,0.00039543338472303337,Q1 mejor,7,0.5,1.0
LT_534,1.0253466026133353e-05,0.0003755346084666,0.00038578807449273335,Q3,1,1.0,0.0
LT_535,3.016767697726667e-05,0.0004361064054305,0.00040593872845323334,Q4 peor,1,1.0,1.0
LT_536,8.404466062133327e-06,0.0003808642662237,0.0003892687322858333,Q2,1,1.0,0.0
LT_537,1.7291567695933293e-05,0.0003714518206958,0.0003887433883917333,Q4 peor,11,0.17142857142857143,0.7
LT_538,6.567237020066662e-06,0.0003988750683619,0.00039230783134183337,Q2,4,0.3181818181818182,0.75
LT_539,4.2337145271666805e-06,0.0003853102327446,0.0003895439472717667,Q1 mejor,1,1.0,0.0
LT_54,1.194065585956665e-05,0.0004069819316152,0.0004189225874747667,Q3,5,0.375,0.0
LT_540,3.3811722526666844e-06,0.0003977219454605,0.0003943407732078333,Q1 mejor,6,0.3888888888888889,1.0
LT_541,1.0868264883333309e-05,0.0003715170924194,0.0003823853573027333,Q3,1,1.0,0.0
LT_542,4.4847921097333305e-06,0.0003845559889873,0.00038904078109703336,Q1 mejor,1,1.0,0.0
LT_543,1.0621121788499977e-05,0.0003797002267908,0.00039032134857930003,Q3,1,1.0,0.0
LT_544,9.356013190533343e-06,0.0003861772894913,0.0003955333026818333,Q2,3,0.9375,0.3333333333333333
LT_545,1.5714671573033318e-05,0.0004037157412917,0.00038800106971866667,Q3,3,0.4642857142857143,0.6666666666666666
LT_546,3.7167422918333768e-06,0.0003800928332266,0.00038380957551843335,Q1 mejor,1,1.0,0.0
LT_547,7.0490464158666495e-06,0.0004032129034572,0.00041026194987306663,Q2,4,0.5,0.6666666666666666
LT_548,2.6526459607966635e-05,0.0004224625746547,0.00039593611504673337,Q4 peor,5,0.9239130434782609,0.6
LT_549,1.1284564657933335e-05,0.0003981556122837,0.00038687104762576667,Q3,4,0.5319148936170213,0.5
LT_55,4.921695133433344e-06,0.0004063866790264,0.00040146498389296664,Q2,5,0.813953488372093,0.5
LT_550,1.3637262348600011e-05,0.0003979517475031,0.00038431448515450004,Q3,2,0.8695652173913043,0.5
LT_551,1.4154795285100001e-05,0.0003797583830993,0.0003939131783844,Q3,1,1.0,0.0
LT_552,9.299409678833331e-06,0.0003978897010336,0.0003885902913547667,Q2,6,0.43902439024390244,0.5
LT_553,1.0570124773333359e-05,0.0003760393571689,0.00038660948194223335,Q3,4,0.5882352941176471,0.5
LT_554,9.038564907999975e-06,0.0003954938661164,0.0004045324310244,Q2,8,0.2962962962962963,0.875
LT_555,1.3557067651900011e-05,0.000381895918223,0.0003954529858749,Q3,2,0.6206896551724138,0.0
LT_556,5.337715726333206e-07,0.00039939802179,0.0003999317933626333,Q1 mejor,3,0.3684210526315789,0.3333333333333333
LT_557,1.2072046828000007e-06,0.0003951549102999,0.00039442904005723337,Q1 mejor,5,0.3333333333333333,0.8
LT_558,1.5418006925699984e-05,0.0003812356164071,0.0003966536233328,Q3,2,0.6363636363636364,0.5
LT_559,1.9452781771999847e-06,0.0003942956208053,0.00039363481340783335,Q1 mejor,9,0.2833333333333333,0.875
LT_56,5.586070574333348e-06,0.0003715085257622,0.0003770945963365334,Q2,2,0.8421052631578947,0.5
LT_560,6.38499157309999e-06,0.0003850631311238,0.0003914481226969,Q2,9,0.2222222222222222,1.0
LT_561,4.710978480733342e-06,0.000396935133354,0.00040164611183473334,Q2,5,0.7619047619047619,0.6
LT_562,6.62182021129996e-06,0.0004043925888194,0.00039777076860810005,Q2,4,0.7575757575757576,0.6666666666666666
LT_563,1.8490707032499988e-05,0.0003808642662237,0.0003993549732562,Q4 peor,1,1.0,0.0
LT_564,1.0960692571066648e-05,0.0003980951912275,0.00038713449865643334,Q3,5,0.6538461538461539,0.5
LT_565,5.829406654233346e-06,0.0003807704117006,0.00038659981835483334,Q2,3,0.5555555555555556,0.6666666666666666
LT_566,1.5320470871666656e-05,0.0003750254890208,0.0003903459598924666,Q3,10,0.30952380952380953,0.9
LT_567,1.8304969084666771e-06,0.0003913603227717,0.00039316628363156666,Q1 mejor,2,0.9722222222222222,0.5
LT_568,1.5493264671600024e-05,0.000376646427941,0.0003921396926126,Q3,2,0.9411764705882353,0.5
LT_569,1.219491045886665e-05,0.0003756028067579,0.00038779771721676666,Q3,3,0.5,0.6666666666666666
LT_57,3.8159820435666775e-06,0.0004030685569682,0.00040688453901176663,Q1 mejor,4,0.5142857142857142,0.25
LT_570,1.4527561487000088e-06,0.0004034214208186,0.0004026284016679,Q1 mejor,6,0.7906976744186046,0.4
LT_571,1.5851907729299995e-05,0.0003860933862216,0.0004019452939509,Q3,5,0.53125,0.8
LT_572,2.8384333174066682e-05,0.0004278462052491,0.0003994618720750333,Q4 peor,1,1.0,0.0
LT_573,8.535173897366666e-06,0.0003824815315744,0.00039101670547176667,Q2,11,0.41379310344827586,0.8
LT_574,9.501183266133329e-06,0.0003803452726832,0.0003898464559493333,Q2,10,0.3111111111111111,0.9
LT_575,6.788389262466674e-06,0.0004036747064471,0.0003968863171846333,Q2,5,0.5294117647058824,0.8
LT_576,4.054130727666673e-06,0.0003951702298271,0.00039922436055476665,Q1 mejor,8,0.3684210526315789,0.875
LT_577,1.27344917884e-05,0.0003729828491079,0.0003857173408963,Q3,1,1.0,0.0
LT_578,4.977344963766693e-06,0.0003961705607597,0.00039119321579593333,Q2,1,1.0,0.0
LT_579,1.2878614237466702e-05,0.0004123374848039,0.0003994588705664333,Q3,4,0.7647058823529411,1.0
LT_58,1.8861583015333284e-06,0.0003909623902167,0.00039284854851823333,Q1 mejor,5,0.5294117647058824,0.4
LT_580,2.5783184650133342e-05,0.000424586741552,0.0003988035569018667,Q4 peor,3,0.9117647058823529,1.0
LT_581,5.040183415933349e-06,0.0003833142093815,0.00038835439279743335,Q2,2,0.5714285714285714,0.5
LT_582,5.8782465746666595e-06,0.0003908500237724,0.0003967282703470666,Q2,4,0.46774193548387094,0.75
LT_583,3.041871981833324e-06,0.0003869459921585,0.00038998786414033335,Q1 mejor,6,0.5,0.8
LT_584,1.1971665683266664e-05,0.0003768880700758,0.00038885973575906665,Q3,2,0.6666666666666666,0.5
LT_585,1.1633472051333215e-06,0.0003841789169072,0.0003853422641123333,Q1 mejor,6,0.3333333333333333,0.75
LT_586,2.9416347530066656e-05,0.0003604094191971,0.0003898257667271667,Q4 peor,9,0.2857142857142857,0.7777777777777778
LT_587,2.0207724630666585e-06,0.0003882293721483,0.0003868858085272333,Q1 mejor,11,0.44680851063829785,0.9
LT_588,9.33787978083334e-06,0.000387296349474,0.0003966342292548333,Q2,7,0.46,0.6666666666666666
LT_589,2.3537378377666562e-06,0.0003816565302069,0.00038401026804466665,Q1 mejor,6,0.4520547945205479,0.8
LT_59,1.4322145999799967e-05,0.0004195231135409,0.0004052009675411,Q3,2,0.7894736842105263,0.5
LT_590,5.653114923066663e-06,0.0004043297361737,0.00039867662125063334,Q2,6,0.4,0.6666666666666666
LT_591,2.7206012671600003e-05,0.0004200083207945,0.0003928023081229,Q4 peor,2,0.8888888888888888,1.0
LT_592,5.175835774733333e-06,0.0003817030528473,0.00038687888862203333,Q2,4,0.9024390243902439,0.3333333333333333
LT_593,2.786647853553332e-05,0.000358254106332,0.00038612058486753336,Q4 peor,7,0.4117647058823529,0.8333333333333334
LT_594,4.832817773799982e-06,0.0004034296807084,0.0003985968629346,Q2,5,0.7837837837837838,0.6
LT_595,2.7883389926666616e-06,0.0004010586427859,0.0003984785382149,Q1 mejor,2,0.8,1.0
LT_596,7.453054004666735e-07,0.0003867952061172,0.0003874148626278667,Q1 mejor,1,1.0,0.0
LT_597,1.1282781350766667e-05,0.0003846859193755,0.0003959687007262667,Q3,5,0.48148148148148145,1.0
LT_598,1.3917468492466673e-05,0.0003827764869985,0.0003966939554909666,Q3,2,0.7931034482758621,1.0
LT_599,1.862437040770001e-05,0.0003681581235772,0.00038678249398490003,Q4 peor,3,0.7333333333333333,0.6666666666666666
LT_6,4.5172872484033345e-05,0.0004360012809915,0.0003908284085074667,Q4 peor,1,1.0,1.0
LT_60,3.160414303239998e-05,0.0003720700931705,0.0004036742362029,Q4 peor,3,0.4716981132075472,0.6666666666666666
LT_600,1.2417693240966685e-05,0.0003720187461477,0.00038443643938866666,Q3,2,0.9090909090909091,0.0
LT_601,5.843839215466673e-06,0.0003852063864855,0.00039105022570096664,Q2,2,0.8974358974358975,0.5
LT_602,4.186577006266686e-06,0.0003915450134625,0.0003957315904687666,Q1 mejor,6,0.625,1.0
LT_603,1.5328516794733326e-05,0.00041887196531,0.00040354344851526667,Q3,3,0.8571428571428571,1.0
LT_604,1.044685072986669e-05,0.0003823654137402,0.0003928122644700667,Q3,2,0.9523809523809523,1.0
LT_605,1.0055021611366657e-05,0.000379263061979,0.00038931808359036666,Q3,7,0.37735849056603776,0.8333333333333334
LT_606,3.60788967346666e-06,0.0004037348485898,0.0004001269589163333,Q1 mejor,3,0.725,0.6666666666666666
LT_607,1.6942346521966637e-05,0.000378985269686,0.00039592761620796667,Q4 peor,6,0.5714285714285714,0.5
LT_608,2.980618799299997e-05,0.0004193229341567,0.0003895167461637,Q4 peor,2,0.6666666666666666,1.0
LT_609,2.772171753573335e-05,0.0003714735359906,0.00039919525352633337,Q4 peor,6,0.3488372093023256,0.8333333333333334
LT_61,8.017801700699995e-06,0.0004012071465073,0.00039318934480660005,Q2,5,0.5384615384615384,0.5
LT_610,4.2687980416699993e-05,0.0004267933676105,0.0003841053871938,Q4 peor,1,1.0,0.0
LT_611,2.6091909805566664e-05,0.0003685362288714,0.0003946281386769666,Q4 peor,3,0.7407407407407407,0.6666666666666666
LT_612,1.689937829536669e-05,0.0003713502815987,0.0003882496598940667,Q4 peor,3,0.5294117647058824,0.6666666666666666
LT_613,9.510047840000018e-06,0.0004043535835561,0.0003948435357161,Q2,7,0.7142857142857143,0.7142857142857143
LT_614,2.462191594890003e-05,0.000362925071171,0.00038754698711990004,Q4 peor,8,0.43636363636363634,0.875
LT_615,6.189564491966675e-06,0.0003844224389467,0.0003906120034386667,Q2,3,0.5454545454545454,1.0
LT_616,4.479304382199978e-06,0.0003945064492412,0.00039002714485900005,Q1 mejor,6,0.37209302325581395,0.8333333333333334
LT_617,1.6853372927766663e-05,0.0003714380756538,0.00038829144858156667,Q4 peor,5,0.4696969696969697,0.75
LT_618,6.97225284933334e-06,0.0003863408628702,0.0003933131157195333,Q2,4,0.5,0.75
LT_619,1.2078993974466665e-05,0.0003878411577746,0.00039992015174906666,Q3,4,0.5357142857142857,0.75
LT_62,2.183346753243336e-05,0.0004223256773721,0.00040049220983966665,Q4 peor,3,0.5,0.0
LT_620,1.6333188513000163e-06,0.0003997114692076,0.00040134478805889997,Q1 mejor,5,0.5128205128205128,0.0
LT_621,2.0075423819800005e-05,0.0003796276951932,0.000399703119013,Q4 peor,5,0.3157894736842105,0.25
LT_622,9.24195060943333e-06,0.000380184640158,0.0003894265907674333,Q2,1,1.0,0.0
LT_623,1.4774166640833353e-05,0.0003806406835132,0.00039541485015403335,Q3,4,0.5,0.75
LT_624,4.53465728963336e-06,0.0003822621286713,0.00038679678596093334,Q1 mejor,1,1.0,1.0
LT_625,1.6190823019766632e-05,0.0003715572278492,0.00038774805086896663,Q3,1,1.0,0.0
LT_626,1.3479291718066674e-05,0.0003765574315176,0.0003900367232356667,Q3,5,0.4935064935064935,0.8
LT_627,1.5157948484466693e-05,0.0003768851187748,0.00039204306725926664,Q3,4,0.7096774193548387,0.75
LT_628,1.8223699271933355e-05,0.0003686987285226,0.00038692242779453335,Q4 peor,11,0.4074074074074074,0.8
LT_629,9.305140442599985e-06,0.0004036255357783,0.00039432039533570003,Q2,4,0.75,0.5
LT_63,1.6068085658900016e-05,0.000432640571797,0.0004165724861381,Q3,3,0.5,0.0
LT_630,2.1263456815933306e-05,0.0003621536620533,0.00038341711886923335,Q4 peor,4,0.3870967741935484,0.75
LT_631,8.122146493333289e-07,0.0003847925156313,0.0003848462684372333,Q1 mejor,2,0.896551724137931,1.0
LT_632,2.364366542283332e-05,0.000409389650314,0.00038574598489116667,Q4 peor,2,0.6875,1.0
LT_633,5.963016603299986e-06,0.0003898874936892,0.0003839244770859,Q2,3,0.38095238095238093,0.6666666666666666
LT_634,2.9633293571666624e-06,0.0004172161582484,0.00041425282889123336,Q1 mejor,4,0.6666666666666666,0.0
LT_635,1.0962869630666626e-06,0.0003856388605652,0.00038650298931946673,Q1 mejor,2,0.8169014084507042,0.5
LT_636,1.4906225550999975e-06,0.0004120342340091,0.00041054361145400004,Q1 mejor,6,0.5666666666666667,0.3333333333333333
LT_637,1.8090889774766698e-05,0.0003774123561512,0.00039550324592596667,Q4 peor,4,0.5,0.75
LT_638,1.6544838727633345e-05,0.0004197893820953,0.00040324454336766665,Q3,4,0.7766990291262136,0.25
LT_639,1.971847483513333e-05,0.0003625510367293,0.00038226951156443336,Q4 peor,2,0.9310344827586207,0.5
LT_64,1.7879302235000278e-06,0.0004065360956213,0.00040832402584480004,Q1 mejor,6,0.75,0.2
LT_640,9.71568932016665e-06,0.0003725850841879,0.0003823007735080667,Q3,1,1.0,0.0
LT_641,2.5674716515933352e-05,0.0004169307992916,0.0003912560827756667,Q4 peor,4,0.8297872340425532,1.0
LT_642,8.811766509533335e-06,0.0003796011065575,0.0003884128730670333,Q2,6,0.5217391304347826,0.8333333333333334
LT_643,1.6821422391166637e-05,0.0003755105870373,0.0003923320094284667,Q4 peor,8,0.5869565217391305,0.875
LT_644,1.164646023500017e-06,0.0003824375447635,0.0003833374766085333,Q1 mejor,2,0.5714285714285714,1.0
LT_645,4.284746801666655e-06,0.0003950048426325,0.00039072009583083334,Q1 mejor,5,0.3333333333333333,1.0
LT_646,2.749661207733338e-06,0.0003854795397491,0.00038272987854136666,Q1 mejor,2,0.96,1.0
LT_647,3.8960751571266674e-05,0.0003491763958152,0.0003881371473864667,Q4 peor,6,0.28125,0.8
LT_648,2.7470791286766684e-05,0.0003733893088333,0.00040086010012006665,Q4 peor,4,0.8,0.0
LT_649,8.866308944533355e-06,0.0003755346084666,0.00038440091741113335,Q2,1,1.0,0.0
LT_65,2.7881121480666815e-06,0.0003959567877693,0.0003987448999173667,Q1 mejor,7,0.3684210526315789,0.8571428571428571
LT_650,2.7499055247333097e-06,0.0003849244712078,0.00038767437673253337,Q1 mejor,1,1.0,0.0
LT_651,1.8252129090333255e-06,0.0003827531376838,0.00038457835059283336,Q1 mejor,1,1.0,0.0
LT_652,9.104402446766699e-06,0.0003734195479853,0.00038252395043206666,Q2,1,1.0,0.0
LT_653,1.4004418805500015e-05,0.0003813449842204,0.00039534940302589995,Q3,1,1.0,0.0
LT_654,5.89953376283334e-06,0.0004060506825908,0.0004119502163536333,Q2,7,0.38596491228070173,0.16666666666666666
LT_655,1.1818803264266635e-05,0.0003846865578953,0.0003965053611595666,Q3,4,0.6857142857142857,1.0
LT_656,2.9042425422066672e-05,0.0004090040168916,0.00037996159146953335,Q4 peor,1,1.0,0.0
LT_657,1.92315791111e-05,0.0003751313237702,0.0003943629028813,Q4 peor,6,0.5789473684210527,0.5
LT_658,6.350529131300029e-06,0.0003844057237433,0.00039075625287460003,Q2,3,0.9230769230769231,1.0
LT_659,1.3118955271966678e-05,0.0003824386578144,0.0003955576130863666,Q3,5,0.4117647058823529,0.8
LT_66,2.906619492866639e-06,0.000417083272104,0.00041417665261113336,Q1 mejor,3,0.5714285714285714,0.0
LT_660,3.214811622953334e-05,0.0004331204805426,0.00040097236431306673,Q4 peor,1,1.0,0.0
LT_661,5.145997271966669e-06,0.0003826623173882,0.0003878083146601667,Q2,6,0.46875,0.8333333333333334
LT_662,1.2349639807133348e-05,0.0003770180707625,0.00038936771056963335,Q3,9,0.3488372093023256,0.7777777777777778
LT_663,2.4071113031933318e-05,0.0003747581401212,0.0003988292531531333,Q4 peor,3,0.7931034482758621,0.3333333333333333
LT_664,4.908464499033341e-06,0.0003884998664864,0.00039340833098543333,Q2,5,0.46808510638297873,0.8
LT_665,1.4774300756433326e-05,0.0003814796339143,0.0003962539346707334,Q3,11,0.39473684210526316,0.7777777777777778
LT_666,7.424787029333141e-07,0.0004010908146741,0.0004003483359711667,Q1 mejor,2,0.5625,0.5
LT_667,1.6582350021200007e-05,0.0004332043895334,0.00041662203951220005,Q3,1,1.0,
LT_668,5.060690825966654e-06,0.0003853640071054,0.00039042469793136667,Q2,8,0.6222222222222222,0.75
LT_669,2.9080791410966684e-05,0.0004233135226548,0.0003942327312438333,Q4 peor,5,0.43478260869565216,0.6
LT_67,2.2011960413999976e-05,0.0004027726653498,0.0004247846257638,Q4 peor,4,0.7916666666666666,0.0
LT_670,3.991952384233299e-06,0.0003937443153557,0.00039773626773993335,Q1 mejor,5,0.30434782608695654,0.8
LT_671,8.166784397900011e-06,0.000396418322305,0.0003882515379071,Q2,7,0.5454545454545454,1.0
LT_672,2.9921292245100018e-05,0.0004117942592333,0.00038187296698819997,Q4 peor,4,0.6619718309859155,1.0
LT_673,4.327593805333288e-06,0.0004120833291029,0.0004077557352975667,Q1 mejor,7,0.5263157894736842,0.2
LT_674,1.3911414286766627e-05,0.0003866437001951,0.0004005551144818666,Q3,5,0.391304347826087,0.6
LT_675,2.3227865654666685e-05,0.0003783033098274,0.00040153117548206665,Q4 peor,5,0.4411764705882353,0.8
LT_676,1.3078695022266689e-05,0.0003866668347766,0.00039974552979886663,Q3,10,0.25,0.7
LT_677,9.348236711266696e-06,0.0004081158480333,0.0003987676113220333,Q2,4,0.6666666666666666,1.0
LT_678,1.1275094540633341e-05,0.0003780612923671,0.00038933638690773334,Q3,5,0.5,0.6
LT_679,2.1671674613166686e-05,0.0004303743785113,0.0004087027038981333,Q4 peor,2,0.6538461538461539,0.5
LT_68,1.9862757492333338e-05,0.0004322284528082,0.0004123656953158667,Q4 peor,1,1.0,0.0
LT_680,1.224509405040002e-05,0.0003735049212236,0.000385750015274,Q3,12,0.17142857142857143,0.75
LT_681,6.301351225533346e-06,0.0003996472489918,0.0004059486002173333,Q2,7,0.36,0.2857142857142857
LT_682,3.792455649666669e-05,0.0003798014008079,0.00041772595730456665,Q4 peor,6,0.45454545454545453,0.4
LT_683,1.883171333466668e-05,0.0004220085598372,0.0004031768465025333,Q4 peor,5,0.8048780487804879,0.8
LT_684,1.086154507466662e-05,0.0004020294230952,0.00041289096816986666,Q3,5,0.38095238095238093,0.2
LT_685,1.0998173607099996e-05,0.000373944933356,0.0003849431069631,Q3,1,1.0,0.0
LT_686,1.4068612742866701e-05,0.0003887229164335,0.0004027915291763666,Q3,7,0.7894736842105263,0.2857142857142857
LT_687,2.1267974965366648e-05,0.0003823643278036,0.0004036323027689667,Q4 peor,3,0.6923076923076923,0.3333333333333333
LT_688,1.3491965943999976e-05,0.0003868927106387,0.0004003846765827,Q3,9,0.38636363636363635,0.42857142857142855
LT_689,5.849989680366712e-06,0.0003901357287058,0.0003842857390254333,Q2,2,0.6666666666666666,0.5
LT_69,5.10776916106667e-06,0.0004252688073719,0.00043037657653296666,Q2,1,1.0,0.0
LT_690,1.3807238575933327e-05,0.0004056387051456,0.0003918314665696667,Q3,7,0.4375,1.0
LT_691,5.893320351233349e-06,0.0003818922197524,0.00038778554010363334,Q2,1,1.0,0.0
LT_692,1.817252818400001e-05,0.0004233664389713,0.0004051939107873,Q4 peor,3,0.8666666666666667,0.6666666666666666
LT_693,1.642595838716668e-05,0.0004075863303025,0.00039116037191533337,Q3,4,0.717391304347826,0.75
LT_694,1.0881608457533328e-05,0.0003808355754169,0.0003917171838744333,Q3,4,0.6956521739130435,0.25
LT_695,1.3652962272433369e-05,0.0004034785960961,0.0003898256338236666,Q3,7,0.6956521739130435,1.0
LT_696,6.430917870233319e-06,0.0003866626474439,0.00039309356531413335,Q2,3,0.7142857142857143,0.6666666666666666
LT_697,8.99817209123336e-06,0.0004017082575132,0.00039271008542196665,Q2,3,0.45454545454545453,1.0
LT_698,1.0380407081666689e-05,0.0003731081819372,0.00038348858901886664,Q3,1,1.0,0.0
LT_699,1.0284752866566668e-05,0.0003884456114843,0.00039873036435086667,Q3,6,0.2857142857142857,0.5
LT_7,5.228378268533347e-06,0.0004018543241521,0.0003966259458835666,Q2,3,0.42105263157894735,0.6666666666666666
LT_70,4.5409805687000025e-06,0.000418866366024,0.0004143253854553,Q1 mejor,2,0.5555555555555556,0.0
LT_700,2.3167858287e-06,0.0003967817048641,0.0003990984906928,Q1 mejor,4,0.5869565217391305,1.0
LT_701,2.955459833536667e-05,0.000374399497258,0.0004039540955933667,Q4 peor,4,0.5405405405405406,0.75
LT_702,1.5862775106000022e-05,0.0003725580281474,0.0003884208032534,Q3,7,0.4375,0.7142857142857143
LT_703,5.63475571106668e-06,0.0004043844699494,0.0003987497142383333,Q2,2,0.5714285714285714,0.5
LT_704,1.535997974886669e-05,0.0004109697429536,0.0003956097632047333,Q3,3,0.6521739130434783,0.3333333333333333
LT_705,1.7251534829999832e-06,0.0004009504636618,0.0004000403403984667,Q1 mejor,10,0.3157894736842105,0.6666666666666666
LT_706,5.424979137533335e-06,0.0003992970017506,0.0003938720226130666,Q2,4,0.75,1.0
LT_707,1.5384480000666435e-06,0.0003915387476767,0.00039000029967663333,Q1 mejor,8,0.36,1.0
LT_708,1.254984037856664e-05,0.0003954539493292,0.00038290410895063334,Q3,2,0.75,0.5
LT_709,1.0943641763666643e-05,0.0004121148920438,0.00040117125028013334,Q3,4,0.8507462686567164,0.75
LT_71,7.417397406366654e-06,0.0004324797950416,0.0004250623976352333,Q2,1,1.0,0.0
LT_710,8.556778733033321e-06,0.0004186233390791,0.00041006656034606664,Q2,4,0.7058823529411765,0.3333333333333333
LT_711,7.742584663966654e-06,0.0003971053384518,0.0003893627537878333,Q2,4,0.5294117647058824,1.0
LT_712,2.8401916383200027e-05,0.0004245596782457,0.0003961577618625,Q4 peor,2,0.8571428571428571,0.0
LT_713,1.4967909928333264e-06,0.0003938405475899,0.00039318099739386663,Q1 mejor,9,0.2972972972972973,0.7777777777777778
LT_714,2.686207252370001e-05,0.0003755195139545,0.00040238158647820004,Q4 peor,7,0.5172413793103449,0.8571428571428571
LT_715,2.059551554956666e-05,0.0004144552848029,0.0003938597692533334,Q4 peor,2,0.8333333333333334,1.0
LT_716,2.0611754317766693e-05,0.0003675168777445,0.0003881286320622667,Q4 peor,2,0.7142857142857143,0.0
LT_717,2.2220826533099962e-05,0.0003713931828521,0.00039361400938519995,Q4 peor,6,0.4090909090909091,0.8
LT_718,8.153100759066673e-06,0.0003790072301213,0.00038716033088036667,Q2,2,0.8181818181818182,0.5
LT_719,1.2503138453599992e-05,0.0004093226889671,0.00039681955051350004,Q3,5,0.3181818181818182,0.4
LT_72,8.866161411699966e-06,0.0003705660705136,0.0003794322319253,Q2,6,0.3333333333333333,0.8333333333333334
LT_720,1.0688841361133323e-05,0.0004112724542319,0.00040058361287076665,Q3,3,0.75,0.3333333333333333
LT_721,2.8339006210333444e-06,0.0003883979515927,0.0003912318522137333,Q1 mejor,7,0.39473684210526316,1.0
LT_722,2.95371613897333e-05,0.0003904594583996,0.0004199966197893333,Q4 peor,2,0.5,0.0
LT_723,2.7808206818800013e-05,0.0003766969766865,0.00040450518350530003,Q4 peor,6,0.38333333333333336,0.3333333333333333
LT_724,8.149994082533332e-06,0.000388992806454,0.00039714280053653334,Q2,4,0.5,0.25
LT_725,2.002739036903333e-05,0.0003691943613538,0.0003892217517228334,Q4 peor,3,0.6129032258064516,0.3333333333333333
LT_726,2.4526747456333456e-06,0.000404849694569,0.0004023970198233667,Q1 mejor,4,0.6571428571428571,0.25
LT_727,2.0059894884100025e-05,0.0003687142549767,0.00038877414986079997,Q4 peor,5,0.6666666666666666,0.8
LT_728,6.610413915066639e-06,0.0004095705661752,0.0004029601522601333,Q2,6,0.5882352941176471,0.6666666666666666
LT_729,1.803145055200001e-05,0.0004224558651405,0.0004044244145885,Q4 peor,2,0.75,0.5
LT_73,9.40952355433336e-06,0.0003864171522321,0.0003958266757864333,Q2,1,1.0,0.0
LT_730,3.740841919333346e-06,0.0003895313580346,0.0003932721999539333,Q1 mejor,5,0.6078431372549019,0.4
LT_731,1.1235555987266672e-05,0.0003889968129532,0.00040023236894046665,Q3,2,0.875,0.5
LT_732,1.2102263166599968e-05,0.0004032805032919,0.00041538276645849997,Q3,5,0.45454545454545453,0.25
LT_733,2.667800705793337e-05,0.0003788573752441,0.00040553538230203335,Q4 peor,6,0.5106382978723404,0.25
LT_734,1.3147950141699974e-05,0.0003799747107082,0.0003931226608499,Q3,11,0.19230769230769232,0.8181818181818182
LT_735,7.926537728600007e-06,0.0003771481160455,0.00038507465377409997,Q2,1,1.0,0.0
LT_736,5.6989448586999775e-06,0.0004028326120539,0.0004085315569126,Q2,4,0.5,0.25
LT_737,6.761890772000001e-06,0.0003819942085402,0.00038875609931220004,Q2,12,0.14285714285714285,0.8181818181818182
LT_738,3.4546760649000014e-06,0.0004084398569231,0.0004049851808582,Q1 mejor,3,0.9454545454545454,0.3333333333333333
LT_739,3.9818104896e-06,0.0004036931885836,0.0004076749990732,Q1 mejor,7,0.5135135135135135,0.5
LT_74,2.389848872789997e-05,0.0003624789213157,0.0003863774100436,Q4 peor,2,0.7258064516129032,0.5
LT_740,1.27624201051333e-05,0.0004194328690873,0.00040667044898216664,Q3,4,0.6,0.75
LT_741,6.7060029228666876e-06,0.0004095619352266,0.0004028559323037333,Q2,8,0.52,0.3333333333333333
LT_742,1.4028781750999606e-06,0.0003920784416344,0.0003934813198095,Q1 mejor,2,0.5263157894736842,0.5
LT_743,2.6574613787766655e-05,0.0003805783205782,0.00040715293436596663,Q4 peor,5,0.4411764705882353,0.0
LT_744,6.780244027933327e-06,0.0004078798721843,0.00040109962815636663,Q2,6,0.35384615384615387,0.5
LT_745,4.402991353123334e-05,0.0004274851087534,0.0003834551952221667,Q4 peor,2,0.9642857142857143,0.5
LT_746,1.1677970279600023e-05,0.0003989283390047,0.0003872503687251,Q3,8,0.3225806451612903,0.875
LT_747,2.0888249191066684e-05,0.0003869216140351,0.0004078098632261666,Q4 peor,3,0.5,0.0
LT_748,3.3858558787799994e-05,0.0003746200936853,0.0004084786524731,Q4 peor,7,0.34375,0.3333333333333333
LT_749,7.961798760866654e-06,0.0003794158400442,0.0003873776388050667,Q2,3,0.8571428571428571,0.6666666666666666
LT_75,1.3215776891099988e-05,0.0003858361461102,0.00039905192300130005,Q3,4,0.46875,0.5
LT_750,4.054492101200002e-06,0.0003866648660227,0.0003907193581239,Q1 mejor,2,0.6666666666666666,0.5
LT_751,3.323153993126666e-05,0.0003751078986306,0.0004083394385618667,Q4 peor,5,0.3333333333333333,0.2
LT_752,2.523196226636663e-05,0.000420087521705,0.0003948555594386334,Q4 peor,5,0.6666666666666666,0.8
LT_753,6.888574015633308e-06,0.0004018181068308,0.00039492953281516663,Q2,4,0.72,1.0
LT_754,6.7200972028666765e-06,0.0004036528085133,0.0004103729057161667,Q2,8,0.4444444444444444,0.16666666666666666
LT_755,1.090040296100021e-06,0.0003820015592774,0.0003820352528218333,Q1 mejor,3,0.8333333333333334,0.3333333333333333
LT_756,5.090182800533321e-06,0.0003825093278318,0.0003875995106323333,Q2,1,1.0,0.0
LT_757,9.578086120000016e-06,0.0003742120645532,0.0003837901506732,Q3,3,0.8666666666666667,0.3333333333333333
LT_758,8.949546084700005e-06,0.000403661764738,0.0003947122186533,Q2,3,0.5769230769230769,0.6666666666666666
LT_759,1.1609267530900003e-05,0.0004273007189056,0.0004156914513747,Q3,1,1.0,0.0
LT_76,9.365306114866658e-06,0.000409842996415,0.0004004776903001333,Q2,4,0.76,0.5
LT_760,7.899097403666635e-06,0.0004001466103083,0.00039224751290463334,Q2,7,0.43243243243243246,0.7142857142857143
LT_761,1.036361594616666e-05,0.0003798511752635,0.00039021479120966663,Q3,6,0.7,0.8333333333333334
LT_762,2.5768020822333347e-05,0.000367892424185,0.00039366044500733333,Q4 peor,3,0.4166666666666667,1.0
LT_763,2.3532040391333587e-06,0.0003838132595688,0.00038616646360793336,Q1 mejor,7,0.30434782608695654,0.5
LT_764,3.217349265133364e-06,0.000386877213768,0.0003900945630331333,Q1 mejor,6,0.45098039215686275,0.8333333333333334
LT_765,6.45538110466666e-06,0.0003820343219392,0.0003884897030438667,Q2,5,0.30357142857142855,1.0
LT_766,1.0384821807466661e-05,0.000378128703254,0.00038851352506146663,Q3,4,0.38095238095238093,1.0
LT_767,2.994436018783333e-05,0.0004213597881833,0.0003914154279954667,Q4 peor,3,0.8888888888888888,1.0
LT_768,2.4445708240333334e-05,0.0003685054083533,0.00039295111659363335,Q4 peor,4,0.7083333333333334,0.75
LT_769,3.2085287436266664e-05,0.0003528629163889,0.0003849482038251666,Q4 peor,6,0.5,0.6666666666666666
LT_77,6.299802112666626e-06,0.0004014798017124,0.00040777960382506665,Q2,5,0.3684210526315789,0.0
LT_770,2.499292248189998e-05,0.0003673566613517,0.00039234958383359996,Q4 peor,6,0.4166666666666667,0.6666666666666666
LT_771,6.794349285600026e-06,0.0003795408075394,0.000386335156825,Q2,4,0.4,0.75
LT_772,9.022684396499999e-06,0.0003800141092901,0.00038903679368659994,Q2,7,0.3448275862068966,0.8333333333333334
LT_773,2.9021331290533315e-05,0.0003559754417289,0.0003849967730194333,Q4 peor,2,0.8571428571428571,0.5
LT_774,1.3432608744533332e-05,0.0003798564670414,0.0003932890757859333,Q3,5,0.6666666666666666,1.0
LT_775,8.47726896040002e-06,0.0003845982935803,0.00039307556254070006,Q2,2,0.59375,0.5
LT_776,2.8701713470333096e-06,0.0004070128829677,0.00040414271162066666,Q1 mejor,5,0.5454545454545454,0.4
LT_777,7.312141440833334e-06,0.000385384830714,0.0003926969721548333,Q2,7,0.32608695652173914,0.6666666666666666
LT_778,1.285181985203337e-05,0.0003996098510984,0.00038675803124636667,Q3,2,0.8181818181818182,1.0
LT_779,3.495610666466673e-06,0.0003784273623382,0.00038192297300466667,Q1 mejor,2,0.7575757575757576,0.0
LT_78,9.927127796199997e-06,0.0004065586156684,0.0004164857434646,Q3,5,0.3684210526315789,0.0
LT_780,5.6625286093333264e-06,0.0003914546846675,0.0003971172132768333,Q2,4,0.4,0.5
LT_781,2.8517762388999843e-06,0.0003883393385878,0.0003911911148267,Q1 mejor,2,0.9705882352941176,1.0
LT_782,2.7479395669766674e-05,0.000362495847122,0.00038997524279176665,Q4 peor,8,0.3,0.7142857142857143
LT_783,1.1255023952933351e-05,0.0003702845432922,0.00038153956724513337,Q3,4,0.42857142857142855,0.5
LT_784,6.755432258666685e-06,0.0003972202645165,0.0003904648322578333,Q2,5,0.6352941176470588,0.6
LT_785,3.036321295433336e-06,0.0003858182700052,0.00038278194870976673,Q1 mejor,1,1.0,1.0
LT_786,1.3221988618833301e-05,0.0003759344416178,0.0003891564302366333,Q3,4,0.6956521739130435,1.0
LT_787,3.214602353976667e-05,0.0004243172276439,0.0003921712041041333,Q4 peor,2,0.6428571428571429,1.0
LT_788,2.6353282725666816e-06,0.0003864399947783,0.0003838046665057333,Q1 mejor,2,0.5555555555555556,0.5
LT_789,2.6804180594800012e-05,0.0003656229183793,0.0003924270989741,Q4 peor,6,0.4222222222222222,0.6666666666666666
LT_79,2.5388985919333113e-06,0.0004223005023293,0.0004197616037373666,Q1 mejor,2,0.6666666666666666,0.0
LT_790,1.1102874434099993e-05,0.0003749411944231,0.0003860440688572,Q3,3,0.45,1.0
LT_791,1.0207332292266671e-05,0.0004021208407279,0.0003919135084356333,Q3,5,0.5833333333333334,1.0
LT_792,1.2310246381266648e-05,0.0004040264788665,0.00039171623248523334,Q3,4,0.6862745098039216,0.5
LT_793,1.2089908456899978e-05,0.000380184640158,0.0003922745486149,Q3,1,1.0,0.0
LT_794,1.076112728863331e-05,0.0003772992477892,0.00038806037507783334,Q3,7,0.3793103448275862,1.0
LT_795,6.97635765856669e-06,0.0003919333317317,0.0003849569740731333,Q2,7,0.4067796610169492,0.42857142857142855
LT_796,4.999159701233318e-06,0.000389038429271,0.0003940375889722333,Q2,3,0.75,0.3333333333333333
LT_797,1.1839775724999965e-06,0.0003858788801033,0.0003856960520684666,Q1 mejor,4,0.34146341463414637,0.75
LT_798,8.958017698466688e-06,0.0003814109254481,0.00039036894314656664,Q2,5,0.47619047619047616,0.8
LT_799,4.620563831566697e-06,0.0003999467690981,0.0003953262052665333,Q2,5,0.68,1.0
LT_8,1.127938311073333e-05,0.0004201980093522,0.0004089186262414667,Q3,2,0.75,0.0
LT_80,1.8238751748066676e-05,0.0004008486233902,0.00038260987164213337,Q4 peor,5,0.46153846153846156,0.6
LT_800,2.0225493203200015e-05,0.0003688285910844,0.00038905408428759996,Q4 peor,7,0.4,0.7142857142857143
LT_801,2.7801449364700042e-05,0.000356376291411,0.00038417774077570004,Q4 peor,2,0.5625,0.5
LT_802,2.2007819223333333e-05,0.0004197612392499,0.0003977534200265667,Q4 peor,3,0.5,0.3333333333333333
LT_803,1.1940466744300018e-05,0.0003842004189556,0.0003961408856999,Q3,9,0.2916666666666667,0.5555555555555556
LT_804,5.619105114366702e-06,0.0003979041606931,0.0003922850555787333,Q2,8,0.46774193548387094,0.75
LT_805,4.722999404100014e-06,0.0003850842772476,0.0003898072766517,Q2,2,0.896551724137931,0.5
LT_806,1.4844700823333362e-05,0.0004080143262646,0.0003931696254412667,Q3,4,0.41304347826086957,0.75
LT_807,1.2759707275000005e-05,0.0004042983339834,0.00039153862670840005,Q3,4,0.5833333333333334,0.75
LT_808,1.4260944475166684e-05,0.0003794569997079,0.00039371794418306666,Q3,2,0.8181818181818182,0.5
LT_809,1.9561764622799997e-05,0.000377098563547,0.0003966603281698,Q4 peor,8,0.36,0.5
LT_81,8.752395719333351e-06,0.0003990381162984,0.00039028572057906667,Q2,2,0.7142857142857143,1.0
LT_810,4.75434648846665e-06,0.0003872894800799,0.00039204382656836666,Q2,9,0.2222222222222222,0.7777777777777778
LT_811,3.023752499853334e-05,0.0003710323954046,0.0004012699204031333,Q4 peor,8,0.25,0.875
LT_812,9.899805183300015e-06,0.0004022225393134,0.00039232273413010004,Q3,5,0.5609756097560976,0.6
LT_813,1.476025309033318e-06,0.0003978050591427,0.0003963290338336667,Q1 mejor,5,0.5384615384615384,0.8
LT_814,3.636234151333333e-05,0.0003692883791124,0.0004056507206257333,Q4 peor,5,0.5416666666666666,0.25
LT_815,8.107998107899968e-06,0.00039326566327,0.0004013736613779,Q2,3,0.4827586206896552,0.3333333333333333
LT_816,1.661454972599983e-06,0.0003898955808537,0.0003915517564250333,Q1 mejor,6,0.3235294117647059,0.8333333333333334
LT_817,2.917762178066658e-06,0.0004026636237687,0.00039974586159063327,Q1 mejor,3,0.7241379310344828,1.0
LT_818,1.6627421712066687e-05,0.0003694490210655,0.0003860764427775667,Q3,6,0.4,1.0
LT_819,9.907911331933337e-06,0.0003955022535657,0.00038559434223376667,Q3,5,0.4791666666666667,0.8
LT_82,1.6733781174866676e-05,0.0003825381349361,0.0003992719161109667,Q3,1,1.0,0.0
LT_820,4.403953804799998e-06,0.0003900607859645,0.0003856568321597,Q1 mejor,2,0.6666666666666666,1.0
LT_821,2.2360291232433358e-05,0.0004164016225934,0.00039404133136096664,Q4 peor,5,0.7051282051282052,0.8
LT_822,4.1944558249633366e-05,0.0004275980636753,0.00038565350542566667,Q4 peor,1,1.0,1.0
LT_823,1.9396421085000014e-05,0.0003701539004846,0.0003895503215696,Q4 peor,9,0.24444444444444444,0.7777777777777778
LT_824,1.5801541941999923e-06,0.0003883955514827,0.00038970470946889996,Q1 mejor,5,0.3448275862068966,0.6
LT_825,2.216934244013334e-05,0.0003639828891952,0.0003861522316353333,Q4 peor,2,0.7692307692307693,0.5
LT_826,2.3669992695966678e-05,0.0003664978499711,0.0003901678426670666,Q4 peor,4,0.4,0.5
LT_827,1.9456094603733357e-05,0.0003734195479853,0.00039287564258903336,Q4 peor,1,1.0,0.0
LT_828,1.5080273088333303e-05,0.000371562057817,0.00038664233090533333,Q3,1,1.0,0.0
LT_829,4.7683095501999725e-06,0.0003906638948947,0.00038589558534449995,Q2,3,0.6976744186046512,1.0
LT_83,1.0185968683666532e-06,0.0004325800142078,0.00043156141733943337,Q1 mejor,2,0.9230769230769231,0.0
LT_830,1.2916396725733324e-05,0.000401206589952,0.00038829019322626665,Q3,2,0.625,1.0
LT_831,4.902947521999994e-06,0.0003872508041729,0.0003823478566509,Q2,2,0.8,0.5
LT_832,9.287859508866662e-06,0.000384164172762,0.00039345203227086667,Q2,7,0.2916666666666667,1.0
LT_833,2.858367633953331e-05,0.0004137442791529,0.0003851606028133666,Q4 peor,6,0.3333333333333333,0.8333333333333334
LT_834,4.9274111816666796e-06,0.000413357028251,0.0004084296170693334,Q2,3,0.59375,0.6666666666666666
LT_835,5.458293980899986e-06,0.0003897314945062,0.00039518978848710005,Q2,7,0.5,0.7142857142857143
LT_836,1.1585659472800018e-05,0.00039778882994,0.0003862031704672,Q3,3,0.5882352941176471,0.3333333333333333
LT_837,6.543732037233334e-06,0.000390954611316,0.0003974983433532333,Q2,8,0.2777777777777778,0.875
LT_838,7.0584810015000225e-06,0.0003738405723245,0.000380899053326,Q2,3,0.5161290322580645,0.6666666666666666
LT_839,1.355009332933346e-06,0.0003937772216306,0.0003951322309635333,Q1 mejor,7,0.39473684210526316,0.7142857142857143
LT_84,2.0734891780999783e-06,0.0003912060957166,0.0003932795848947,Q1 mejor,4,0.3333333333333333,0.5
LT_840,3.0670088107333463e-06,0.0003849244712078,0.00038185746239706664,Q1 mejor,1,1.0,0.0
LT_841,7.307352548966653e-06,0.0004204348689271,0.00041312751637813334,Q2,1,1.0,
LT_842,2.659481819616666e-05,0.0003701466000844,0.00039674141828056664,Q4 peor,5,0.6666666666666666,0.6
LT_843,9.297331757599996e-06,0.0004056851192992,0.0003963877875416,Q2,4,0.5909090909090909,1.0
LT_844,1.5497618623833353e-05,0.0004135559511505,0.0003980583325266667,Q3,3,0.5454545454545454,1.0
LT_845,2.456571196790001e-05,0.0004372450767451,0.00041267936477720003,Q4 peor,1,1.0,0.0
LT_846,1.668498869233336e-05,0.0004057504020957,0.0003890654134033667,Q3,3,0.5,1.0
LT_847,3.5566649741800007e-05,0.0004233833591623,0.00038781670942049997,Q4 peor,3,0.9166666666666666,1.0
LT_848,2.7441220740333358e-06,0.0003944522660294,0.00039170814395536667,Q1 mejor,6,0.41379310344827586,0.5
LT_849,2.3839842599633333e-05,0.0003693388196919,0.00039317866229153335,Q4 peor,2,0.5555555555555556,0.5
LT_85,1.1430914511499974e-05,0.0004005714202285,0.00041200233473999995,Q3,6,0.37037037037037035,0.0
LT_850,1.0451572615866677e-05,0.0004056192846277,0.0003951677120118333,Q3,8,0.45161290322580644,0.625
LT_851,1.3717317199366693e-05,0.000402215596538,0.0003884982793386333,Q3,6,0.76,0.8
LT_852,4.964840887799972e-06,0.00040405189601,0.0004090167368978,Q2,1,1.0,0.0
LT_853,3.848368005866683e-06,0.0003830040377222,0.0003868524057280666,Q1 mejor,3,0.6363636363636364,0.6666666666666666
LT_854,1.7482653567366672e-05,0.0003791637808517,0.0003966464344190667,Q4 peor,5,0.625,1.0
LT_855,1.5417437566666557e-06,0.000389082503423,0.00039062424717966666,Q1 mejor,7,0.5238095238095238,0.8333333333333334
LT_856,3.3838672305333485e-06,0.0003849368011642,0.00038832066839473333,Q1 mejor,5,0.5,0.6
LT_857,2.4926675751666305e-06,0.0003910141178998,0.00039350678547496665,Q1 mejor,3,0.7,0.6666666666666666
LT_858,7.114596312033366e-06,0.0003784806000967,0.0003855951964087333,Q2,4,0.6666666666666666,0.0
LT_859,1.5168666273533335e-05,0.0003812494548963,0.0003964181211698334,Q3,6,0.3684210526315789,0.8333333333333334
LT_86,1.147612839026669e-05,0.0003729828491079,0.0003844589774981667,Q3,1,1.0,0.0
LT_860,9.064247443700023e-06,0.0004204182090067,0.00041135396156299995,Q2,1,1.0,
LT_861,1.3938429930500016e-05,0.0003818922197524,0.0003958306496829,Q3,1,1.0,0.0
LT_862,3.552805385916666e-05,0.0003814740973725,0.00041700215123166665,Q4 peor,2,0.9285714285714286,0.5
LT_863,3.0473378522333132e-06,0.0003940137078911,0.0003909663700388667,Q1 mejor,3,0.36363636363636365,0.6666666666666666
LT_864,1.4600376097966656e-05,0.0003736546413674,0.00038825501746536667,Q3,5,0.48148148148148145,0.4
LT_865,2.095633849540002e-05,0.0004194609683947,0.00039850462989930003,Q4 peor,2,0.6666666666666666,0.5
LT_866,1.3440576855866675e-05,0.0003771166336685,0.0003905572105243667,Q3,6,0.43137254901960786,0.8333333333333334
LT_867,5.785263397133364e-06,0.0003791930189441,0.00038497828234123336,Q2,1,1.0,0.0
LT_868,1.9217119765333186e-06,0.0003870018455953,0.0003850801336187667,Q1 mejor,2,0.6666666666666666,0.5
LT_869,8.494322476499988e-06,0.0003838559500545,0.000392350272531,Q2,2,0.5172413793103449,1.0
LT_87,2.1112168862999986e-05,0.0003608786346688,0.0003819908035318,Q4 peor,2,0.8421052631578947,0.5
LT_870,1.89321894327e-05,0.0004105210897665,0.0003915889003338,Q4 peor,4,0.6875,1.0
LT_871,1.8284544866665236e-07,0.0003854622781474,0.00038539920158953334,Q1 mejor,2,0.6,1.0
LT_872,2.216360058713335e-05,0.000414577044857,0.00039241344426986665,Q4 peor,3,0.8,1.0
LT_873,4.7781629530599974e-05,0.0003487411354113,0.00039652276494190003,Q4 peor,3,0.49122807017543857,0.3333333333333333
LT_874,5.970124940366645e-06,0.0003836823155654,0.00038965244050576667,Q2,2,0.8928571428571429,1.0
LT_875,1.4487700835066669e-05,0.0003737958921249,0.00038828359295996667,Q3,3,0.5416666666666666,1.0
LT_876,5.252656525276667e-05,0.0003658349092393,0.00041836147449206664,Q4 peor,2,0.7647058823529411,0.5
LT_877,1.3829474532599988e-05,0.0003821147554664,0.000395944229999,Q3,7,0.6,0.5714285714285714
LT_878,3.0630846772733335e-05,0.000357052407441,0.00038768325421373334,Q4 peor,2,0.6774193548387096,0.5
LT_879,1.0915794786700027e-05,0.0003806874880211,0.00039160328280780004,Q3,7,0.5084745762711864,0.6666666666666666
LT_88,3.3312306994333425e-06,0.0004342413442119,0.0004309101135124667,Q1 mejor,3,0.4,0.0
LT_880,1.4081739377000026e-05,0.0004033446945507,0.0003892629551737,Q3,5,0.4482758620689655,0.5
LT_881,2.4304547241066647e-05,0.0004256873148132,0.00040138276757213334,Q4 peor,3,0.9,0.6666666666666666
LT_882,1.231932214780001e-05,0.0003832828196233,0.0003956021417711,Q3,5,0.5277777777777778,0.5
LT_883,1.496438923846665e-05,0.0004199995070225,0.00040503511778403333,Q3,2,0.9285714285714286,0.0
LT_884,7.955374529799997e-06,0.0003766950189635,0.0003846503934933,Q2,3,0.6097560975609756,0.3333333333333333
LT_885,9.945333459200023e-06,0.0003741440198617,0.00038408935332090005,Q3,2,0.8333333333333334,0.5
LT_886,1.7755813345033317e-05,0.0003698795461796,0.0003876353595246333,Q4 peor,6,0.41379310344827586,0.5
LT_887,1.2958624090666387e-06,0.0003800728861829,0.0003787770237738333,Q1 mejor,2,0.9333333333333333,0.0
LT_888,4.260461369266647e-06,0.0003961098604393,0.00040037032180856666,Q1 mejor,2,0.8888888888888888,0.5
LT_889,7.80207921003334e-06,0.0004027956852314,0.00039499360602136667,Q2,6,0.2857142857142857,0.8
LT_89,1.5326597044000108e-06,0.0004060342276312,0.0004053886685631333,Q1 mejor,6,0.45614035087719296,0.5
LT_890,3.717892668733308e-06,0.0003814672799544,0.00038518517262313336,Q1 mejor,1,1.0,0.0
LT_891,5.256442001833315e-06,0.0003900926825876,0.0003848362405857667,Q2,3,0.625,0.3333333333333333
LT_892,1.8085372219000004e-05,0.0004175767067871,0.00039949133456810003,Q4 peor,1,1.0,1.0
LT_893,1.5617802981266636e-05,0.0003715572278492,0.00038717503083046667,Q3,1,1.0,0.0
LT_894,5.008456286400007e-06,0.0003861685629618,0.0003911770192482,Q2,3,0.5,0.6666666666666666
LT_895,1.816318035119998e-05,0.000428337158713,0.0004101739783618,Q4 peor,2,0.8421052631578947,0.0
LT_896,4.774548360466677e-06,0.0003957034489203,0.00040047799728076664,Q2,5,0.6470588235294118,1.0
LT_897,3.6670697551999744e-06,0.0003941887723634,0.0003905217026082,Q1 mejor,3,0.675,0.6666666666666666
LT_898,1.0952811230399985e-05,0.0004021632228653,0.00039121041163489996,Q3,8,0.45454545454545453,0.7142857142857143
LT_899,1.3158501985766651e-05,0.0003843251338322,0.0003974836358179667,Q3,6,0.3333333333333333,0.5
LT_9,2.175148574163336e-05,0.0004196388085442,0.0003978873228025666,Q4 peor,4,0.4090909090909091,0.75
LT_90,4.789215660536667e-05,0.0004337894806376,0.00038589732403223335,Q4 peor,1,1.0,1.0
LT_900,1.8827083500733344e-05,0.000400113355109,0.00038128627160826663,Q4 peor,2,0.55,0.0
LT_901,3.2395460873666654e-06,0.00038784238504,0.0003846028389526333,Q1 mejor,2,0.5116279069767442,0.5
LT_902,1.2748123346199988e-05,0.0004012590134102,0.000388510890064,Q3,8,0.2857142857142857,0.8333333333333334
LT_903,2.0701869088533338e-05,0.0004122224045333,0.00039152053544476667,Q4 peor,5,0.4375,0.6
LT_904,2.3087461877633322e-05,0.0004194636120407,0.00039637615016306665,Q4 peor,6,0.5324675324675324,0.8
LT_905,8.471237149666751e-07,0.0003963392310101,0.00039549210729513334,Q1 mejor,5,0.48148148148148145,0.5
LT_906,2.0110379114933307e-05,0.0003855252497582,0.00040563562887313337,Q4 peor,6,0.3684210526315789,0.8
LT_907,9.577876544366674e-06,0.0004232261363771,0.00041364825983273337,Q3,2,0.5833333333333334,0.0
LT_908,9.59392438556666e-06,0.0003847913911165,0.00039438531550206666,Q3,11,0.2727272727272727,0.9
LT_909,1.2128690813033327e-05,0.0003874353982284,0.00039956408904143334,Q3,9,0.25,0.75
LT_91,4.669835920633337e-06,0.0004127366820712,0.00040806684615056667,Q2,6,0.5692307692307692,0.3333333333333333
LT_910,9.529261160033325e-06,0.0003813860801972,0.00039091534135723337,Q3,5,0.5,1.0
LT_911,1.0943716229333368e-05,0.000403996520206,0.0003930528039766666,Q3,6,0.2222222222222222,1.0
LT_912,2.7194652483000017e-05,0.0004197256163361,0.0003925309638531,Q4 peor,3,0.5555555555555556,0.3333333333333333
LT_913,6.615869814033317e-06,0.0003968289571125,0.0003902130872984667,Q2,5,0.4090909090909091,0.8
LT_914,3.183223554803333e-05,0.0004223087198517,0.0003904764843036667,Q4 peor,2,0.5833333333333334,1.0
LT_915,2.0726296222866665e-05,0.0003786315751859,0.0003993578714087667,Q4 peor,2,0.9375,0.5
LT_916,1.1729395614433339e-05,0.0004086079254368,0.0003968785298223666,Q3,3,0.8225806451612904,0.5
LT_917,2.2237479466999995e-06,0.0003766308312959,0.0003788545792426,Q1 mejor,1,1.0,0.0
LT_918,7.493394558666573e-07,0.0003966030047923,0.00039654783435996667,Q1 mejor,3,0.627906976744186,0.6666666666666666
LT_919,2.162577549683336e-05,0.0003686811981835,0.00039030697368033334,Q4 peor,3,0.5882352941176471,0.6666666666666666
LT_92,9.731881832300017e-06,0.0004169417336285,0.0004072098517962,Q3,4,0.7272727272727273,0.5
LT_920,1.879245487130003e-05,0.0003825345252537,0.000401326980125,Q4 peor,6,0.358974358974359,0.5
LT_921,3.2056092463333538e-06,0.0003818922197524,0.00038509782899873336,Q1 mejor,1,1.0,0.0
LT_922,4.636973458699998e-06,0.0003950907952873,0.0003904538218286,Q2,4,0.7619047619047619,0.6666666666666666
LT_923,2.1449556506666586e-06,0.0003848129638932,0.00038695791954386667,Q1 mejor,4,0.7575757575757576,1.0
LT_924,1.2568554693566652e-05,0.0004184402116511,0.00040587165695753327,Q3,1,1.0,0.0
LT_925,2.7014940637099996e-05,0.0003621231067107,0.00038913804734779997,Q4 peor,5,0.3409090909090909,0.4
LT_926,1.6591884984666649e-06,0.0003826677522722,0.0003821178865988,Q1 mejor,1,1.0,0.0
LT_927,2.349628425499984e-06,0.0003985395961025,0.000396189967677,Q1 mejor,5,0.5151515151515151,0.8
LT_928,2.286642603666665e-05,0.0003675015328435,0.00039036795888016665,Q4 peor,3,0.5714285714285714,1.0
LT_929,9.992260744199967e-06,0.0003806850965848,0.000390677357329,Q3,2,0.9565217391304348,0.5
LT_93,1.6427772920000203e-06,0.0004317963379083,0.00043015356061630003,Q1 mejor,1,1.0,0.0
LT_930,1.999351038710002e-05,0.0003702005061109,0.00039019401649799997,Q4 peor,4,0.37037037037037035,0.75
LT_931,2.0115662460666603e-06,0.0003887145945913,0.0003867030283452333,Q1 mejor,2,0.9666666666666667,1.0
LT_932,4.772975923066681e-06,0.0003962097382487,0.0004009827141717667,Q2,5,0.4166666666666667,0.6
LT_933,2.68648887226666e-06,0.0003935616100763,0.0003908751212040333,Q1 mejor,2,0.975609756097561,1.0
LT_934,1.3414499581966693e-05,0.0003663447212668,0.0003797592208487667,Q3,2,0.9615384615384616,0.5
LT_935,1.1556208012233348e-05,0.0004255821189335,0.0004140259109212667,Q3,1,1.0,
LT_936,8.552551098033341e-06,0.0003900151791675,0.00038146262806946666,Q2,1,1.0,0.0
LT_937,1.6279182123566636e-05,0.0003740569440992,0.00039033612622276664,Q3,6,0.391304347826087,1.0
LT_938,4.470084745166648e-06,0.000405007817424,0.0004005377326788333,Q1 mejor,2,0.875,0.0
LT_939,1.0850179436266682e-05,0.0003823608668408,0.0003932110462770667,Q3,1,1.0,1.0
LT_94,3.6964488834666837e-06,0.000398742214059,0.0003950457651755333,Q1 mejor,6,0.3382352941176471,0.6
LT_940,1.1798532895499991e-05,0.0003806667932795,0.00039246532617500003,Q3,12,0.2564102564102564,0.9
LT_941,7.492171041633315e-06,0.0003893117188518,0.00039680388989343335,Q2,5,0.6153846153846154,0.75
LT_942,1.8981175139933355e-05,0.0003720161640698,0.00039099733920973335,Q4 peor,9,0.3,0.7777777777777778
LT_943,8.96759971286665e-06,0.0003715170924194,0.00038048469213226665,Q2,1,1.0,0.0
LT_944,1.8513180832733323e-05,0.0003680383967416,0.00038655157757433336,Q4 peor,4,0.6818181818181818,1.0
LT_945,8.143884319566672e-06,0.0003719336082025,0.0003800774925220667,Q2,1,1.0,0.0
LT_946,3.6830206759000143e-06,0.0003855728743229,0.0003892558949988,Q1 mejor,3,0.5882352941176471,0.5
LT_947,1.731131313810001e-05,0.0004071757860017,0.0003898644728636,Q4 peor,6,0.6363636363636364,0.6666666666666666
LT_948,6.54766311236666e-06,0.0003947895979337,0.0003882419348213333,Q2,7,0.3684210526315789,0.5714285714285714
LT_949,1.6503169606833313e-05,0.0003763233012948,0.00039282647090163326,Q3,9,0.275,0.4444444444444444
LT_95,1.0491394714800021e-05,0.000441036843192,0.00043054544847720004,Q3,1,1.0,0.0
LT_950,7.305783788299999e-06,0.0003873305675521,0.00038002478376380003,Q2,1,1.0,0.0
LT_951,2.877105372130002e-05,0.0004090040168916,0.00038023296317029996,Q4 peor,1,1.0,0.0
LT_952,3.5378466453333036e-06,0.0004021526126468,0.00040569045929213335,Q1 mejor,5,0.36363636363636365,0.4
LT_953,1.906648033656669e-05,0.0004325841490851,0.00041351766874853335,Q4 peor,1,1.0,
LT_954,1.3001109261333313e-05,0.0003794175929865,0.00039241870224783335,Q3,3,0.8947368421052632,0.3333333333333333
LT_955,2.784247608800033e-06,0.0003808971095555,0.0003836813571643,Q1 mejor,2,0.85,1.0
LT_956,2.075212064466664e-06,0.0003834432378972,0.00038136802583273334,Q1 mejor,2,0.803921568627451,0.0
LT_957,2.5846620137999995e-06,0.0003879256275258,0.0003905102895396,Q1 mejor,6,0.5555555555555556,0.6
LT_958,1.3112428070166663e-05,0.0003797002267908,0.0003928126548609667,Q3,1,1.0,0.0
LT_959,3.3944796051299964e-05,0.0004374658588255,0.00040352106277420006,Q4 peor,1,1.0,0.0
LT_96,4.095589212666616e-07,0.000426525908522,0.00042682153054513335,Q1 mejor,2,0.875,0.5
LT_960,1.0875291402000112e-06,0.0003845559889873,0.0003834684598471,Q1 mejor,1,1.0,0.0
LT_961,2.7438385267666674e-05,0.0004210197431854,0.0003935813579177333,Q4 peor,1,1.0,
LT_962,6.573016427633366e-06,0.0003998648379319,0.0003932918215042666,Q2,6,0.38095238095238093,0.8
LT_963,9.764930150199988e-06,0.0003797583830993,0.0003895233132495,Q3,1,1.0,0.0
LT_964,1.7820705760933336e-05,0.0003778704594521,0.0003956911652130333,Q4 peor,2,0.7619047619047619,0.5
LT_965,1.0952696065300016e-05,0.0003821408766445,0.00039309357270980006,Q3,3,0.4375,1.0
LT_966,5.92837354830001e-06,0.0003805051628814,0.00038643353642969997,Q2,1,1.0,0.0
LT_967,8.351433239333164e-07,0.0003838841756698,0.00038471931899373334,Q1 mejor,1,1.0,1.0
LT_968,8.451849921099983e-06,0.0003741879493223,0.00038263979924339997,Q2,2,0.9090909090909091,0.0
LT_969,7.670170426266654e-06,0.0003838391334427,0.00039150930386896667,Q2,2,0.8888888888888888,0.5
LT_97,1.7139971968433327e-05,0.000428782841836,0.0004116428698675667,Q4 peor,1,1.0,
LT_970,3.244667085083334e-05,0.0004267933676105,0.0003943466967596667,Q4 peor,1,1.0,0.0
LT_971,4.830460066133349e-06,0.0003838668545644,0.00038869731463053335,Q2,2,0.896551724137931,0.0
LT_972,4.664619566100011e-06,0.0003942810245703,0.0003896164050042,Q2,4,0.625,1.0
LT_973,1.3894832861166705e-05,0.0003777258554696,0.00039162068833076665,Q3,3,0.42857142857142855,0.3333333333333333
LT_974,3.9450659242733364e-05,0.0004220248207803,0.00038257416153756663,Q4 peor,1,1.0,
LT_975,1.4833931086600012e-05,0.0004252330357329,0.00041039910464629997,Q3,1,1.0,
LT_976,1.4141813364499986e-05,0.0004081841283279,0.00039404231496339997,Q3,4,0.7088607594936709,0.0
LT_977,1.5091628638333292e-06,0.0003834120886554,0.0003842243765061,Q1 mejor,2,0.5882352941176471,0.0
LT_978,3.260349343019999e-05,0.0003825093278318,0.000415112821262,Q4 peor,1,1.0,0.0
LT_979,2.9320880116533324e-05,0.0004204348689271,0.00039111398881056664,Q4 peor,1,1.0,
LT_98,2.088218303e-05,0.0004369457072765,0.00041606352424650004,Q4 peor,2,0.6296296296296297,0.0
LT_980,1.5004267068666546e-06,0.0003831745007637,0.0003819245227289,Q1 mejor,1,1.0,0.0
LT_981,4.343513847203332e-05,0.0004239447583906,0.00038050961991856663,Q4 peor,1,1.0,
LT_982,2.2521603884333697e-06,0.0003858144473423,0.00038806660773073337,Q1 mejor,6,0.41935483870967744,0.4
LT_983,5.106223373600018e-06,0.0004212353556525,0.00041612913227889996,Q2,1,1.0,
LT_984,1.4907314279000034e-05,0.0004213466051108,0.00040643929083179997,Q3,1,1.0,
LT_985,2.0861476611800013e-05,0.0003733440288052,0.000394205505417,Q4 peor,2,0.9333333333333333,0.0
LT_986,1.3535512757666616e-06,0.0003863091531134,0.0003874553354129,Q1 mejor,8,0.3333333333333333,0.625
LT_987,1.641019449266667e-06,0.0003895464136655,0.00038791477784289995,Q1 mejor,4,0.42105263157894735,0.6666666666666666
LT_988,3.1957107284e-05,0.00035323659316,0.000385193700444,Q4 peor,3,0.5454545454545454,0.6666666666666666
LT_989,2.2936996383999978e-05,0.0004216422412952,0.00039870524491120006,Q4 peor,1,1.0,
LT_99,8.664820792399981e-06,0.0004332300309024,0.00042456521011,Q2,2,0.5882352941176471,0.0
LT_990,1.578785083333322e-06,0.0003931898109658,0.00039215558054686664,Q1 mejor,6,0.39285714285714285,0.5
LT_991,1.1174186312333263e-06,0.0004146820586307,0.0004135646399994667,Q1 mejor,2,0.5,0.5
LT_992,3.060350507893333e-05,0.0004286923093129,0.0003980888042339667,Q4 peor,1,1.0,
LT_993,2.3700526492399967e-05,0.0004051733811563,0.00038147285466390003,Q4 peor,2,0.7142857142857143,0.0
LT_994,4.444956158996668e-05,0.0004267908182847,0.00038234125669473336,Q4 peor,1,1.0,
LT_995,1.8233094403166694e-05,0.0004218273383346,0.00040359424393143333,Q4 peor,2,0.98,1.0
LT_996,1.8738884538766654e-05,0.0004221584325057,0.0004034195479669333,Q4 peor,1,1.0,
LT_997,3.2218049408499985e-05,0.0004129134701095,0.000380695420701,Q4 peor,2,0.6428571428571429,0.5
LT_998,1.3101440553266674e-05,0.0003997998745047,0.0003866984339514333,Q3,2,0.5714285714285714,1.0
LT_999,5.844894396466686e-06,0.0003865800920663,0.00039242498646276667,Q2,8,0.3181818181818182,0.75
PCL_PCL0784,1.5789465541333413e-06,0.0004007453917535,0.00039916644519936664,Q1 mejor,14,0.4322033898305085,0.36363636363636365
PCL_PCL0785,1.0166265475000021e-05,0.0004173039250628,0.00040713765958780003,Q3,7,0.8884120171673819,0.0
PCL_PCL0786,3.1473901136333483e-06,0.0004112798967208,0.00040813250660716666,Q1 mejor,9,0.4154929577464789,0.42857142857142855
PCL_PCL0787,1.2975268069233365e-05,0.0004194294511137,0.0004064541830444667,Q3,5,0.8693693693693694,0.25
PCL_PCL0788,3.946964738566691e-06,0.0004135218641236,0.0004095748993850333,Q1 mejor,6,0.9559748427672956,0.16666666666666666
PCL_PCL0789,9.497649229633345e-06,0.0004165021788157,0.00040700452958606666,Q2,6,0.9339622641509434,0.16666666666666666
PCL_PCL0790,1.0546215318000104e-06,0.0004057685336488,0.00040590477079693334,Q1 mejor,11,0.42702702702702705,0.4444444444444444
PCL_PCL0791,1.5673262763000388e-06,0.0004062587215196,0.0004078260477959,Q1 mejor,5,0.8823529411764706,0.0
PCL_PCL0792,7.678721753566657e-06,0.0003984405400586,0.00040611926181216665,Q2,4,0.5955882352941176,0.0
PCL_PCL0793,9.59611458206668e-06,0.0004129764447601,0.00040338033017803336,Q3,10,0.8795180722891566,0.4444444444444444
PCL_PCL0794,1.1775839968833332e-05,0.0004151852099796,0.00040340937001076663,Q3,5,0.855072463768116,0.4
PCL_PCL0795,8.869690872333354e-06,0.0004152878763506,0.00040641818547826667,Q2,6,0.9366515837104072,0.3333333333333333
PCL_PCL0796,8.854605617999992e-06,0.0004152580518282,0.0004064034462102,Q2,2,0.9876543209876543,0.5
PCL_PCL0797,1.207126306193333e-05,0.0003902635937748,0.00040233485683673336,Q3,8,0.2912621359223301,0.14285714285714285
PCL_PCL0798,1.369084355600013e-06,0.0004022809917341,0.0004031916976253,Q1 mejor,8,0.5268817204301075,0.0
PCL_PCL0799,3.941024990033317e-06,0.0003943307339425,0.0003982717589325333,Q1 mejor,12,0.32592592592592595,0.2727272727272727
PCL_PCL0800,1.3752685749666663e-06,0.0004020672725297,0.00040208882886520004,Q1 mejor,8,0.8173913043478261,0.16666666666666666
PCL_PCL0801,2.7128833503000088e-06,0.0004132403750393,0.000410527491689,Q1 mejor,7,0.8395061728395061,0.2
PCL_PCL0802,4.889454208466682e-06,0.0004058376247163,0.0004107270789247667,Q2,5,0.464,0.4
PCL_PCL0803,6.292440810000056e-07,0.0004070400852737,0.0004074076407827,Q1 mejor,5,0.8461538461538461,0.25
PCL_PCL0804,9.355042731533345e-06,0.0004007569653529,0.0004101120080844333,Q2,7,0.7295081967213115,0.2857142857142857
PCL_PCL0805,4.395318337466641e-06,0.0004074399175302,0.0004030445991927333,Q1 mejor,5,0.8783783783783784,0.2
PCL_PCL0806,9.292558303299977e-06,0.0003959005472381,0.0004051931055414,Q2,12,0.5793103448275863,0.2222222222222222
PCL_PCL0807,9.984227086566646e-06,0.0003970891093088,0.0004070733363953667,Q3,9,0.30666666666666664,0.25
PCL_PCL0808,1.1188970476466652e-05,0.0004146596470947,0.00040347067661823335,Q3,5,0.7675675675675676,0.2
PCL_PCL0809,1.316596099499998e-05,0.0003933401642124,0.0004065061252074,Q3,11,0.4881889763779528,0.2857142857142857
PCL_PCL0810,1.5684653555333192e-06,0.0004081847669241,0.0004067595394919667,Q1 mejor,6,0.5660377358490566,0.16666666666666666
PCL_PCL0811,8.564567958533289e-06,0.0003920847589494,0.00040064932690793333,Q2,6,0.5857142857142857,0.3333333333333333
PCL_PCL0812,3.312948039500002e-06,0.0004107701442482,0.0004074571962087,Q1 mejor,4,0.9041095890410958,0.3333333333333333
PCL_PCL0813,7.005391866366645e-06,0.0003982739636095,0.0004052793554758666,Q2,5,0.5394736842105263,0.4
PCL_PCL0814,2.4787519686333246e-06,0.0004089620344711,0.0004064832825024667,Q1 mejor,3,0.875,0.0
PCL_PCL0815,2.9963580564333443e-06,0.0004055722593266,0.00040856861738303336,Q1 mejor,2,0.5972222222222222,0.0
PCL_PCL0816,1.6021667845833338e-05,0.0003913515979388,0.00040737326578463333,Q3,5,0.4351145038167939,0.2
PCL_PCL0817,1.7380689980866675e-05,0.0003895612168425,0.00040694190682336663,Q4 peor,6,0.38028169014084506,0.16666666666666666
PCL_PCL0818,7.490486644033327e-06,0.0003954961711667,0.00040298665781073333,Q2,12,0.44155844155844154,0.3
PCL_PCL0819,7.103124176333336e-07,0.0004009649238135,0.0004005621858976667,Q1 mejor,5,0.6342592592592593,0.25
PCL_PCL0820,8.676835510966651e-06,0.0003947077368408,0.00040338457235176663,Q2,9,0.6055045871559633,0.14285714285714285
PCL_PCL0821,2.455407544400013e-06,0.000398284940669,0.0004007403482134,Q1 mejor,8,0.6379310344827587,0.16666666666666666
PCL_PCL0822,1.0051232485800032e-05,0.0004125471332391,0.00040249590075329997,Q3,7,0.717391304347826,0.6666666666666666
PCL_PCL0823,1.629480326723332e-05,0.0004213400762487,0.0004050452729814666,Q3,2,0.9831081081081081,0.5
PCL_PCL0824,1.829781061763335e-05,0.0004224626668096,0.0004041648561919667,Q4 peor,4,0.9385749385749386,0.5
PCL_PCL0825,1.1332046862833314e-05,0.0003926729516688,0.0004040049985316333,Q3,9,0.4067796610169492,0.125
PCL_PCL0826,1.2487500070133315e-05,0.0004171801083696,0.0004046926082994667,Q3,5,0.8232044198895028,0.2
PCL_PCL0827,1.547184270026664e-05,0.0004223104371961,0.00040683859449583334,Q3,8,0.6964856230031949,0.2857142857142857
PCL_PCL0828,1.7752701853666767e-06,0.0004072808943756,0.00040864089303103334,Q1 mejor,5,0.7641509433962265,0.2
PCL_PCL0829,1.6232592508566655e-05,0.0003869802305515,0.0004032128230600667,Q3,9,0.23140495867768596,0.25
PCL_PCL0830,9.117042414266634e-06,0.000415048085781,0.0004059310433667334,Q2,4,0.9351851851851852,0.25
PCL_PCL0831,8.437236236900006e-06,0.0004135806350218,0.00040514339878489997,Q2,6,0.9224806201550387,0.0
PCL_PCL0832,1.263940125366665e-05,0.0004175656602093,0.0004049262589556333,Q3,3,0.9150943396226415,0.5
PCL_PCL0833,8.394450527866661e-06,0.0003971128512179,0.00040550730174576666,Q2,7,0.34375,0.16666666666666666
PCL_PCL0834,1.3431998863666676e-06,0.0004019559850608,0.0004029843141957667,Q1 mejor,8,0.39473684210526316,0.2857142857142857
PCL_PCL0835,9.759084114400006e-06,0.0004172929240861,0.00040753383997169996,Q3,1,1.0,0.0
PCL_PCL0836,1.2513515881766669e-05,0.0003884272472553,0.00040094076313706663,Q3,5,0.4666666666666667,0.25
PCL_PCL0837,1.367434060500002e-06,0.0004033262820394,0.00040251030562809994,Q1 mejor,9,0.44,0.42857142857142855
PCL_PCL0838,1.871297765903333e-05,0.0004189978092195,0.00040028483156046664,Q4 peor,4,0.9844961240310077,0.25
PCL_PCL0839,4.3395406004666775e-06,0.0003978701572379,0.0004022096978383667,Q1 mejor,5,0.42857142857142855,0.2
PCL_PCL0840,1.144700657703332e-05,0.0004138805873536,0.00040243358077656665,Q3,8,0.40625,0.16666666666666666
PCL_PCL0841,9.38217911173333e-06,0.0004134319078475,0.0004040497287357667,Q2,5,0.49635036496350365,0.25
PCL_PCL0842,9.801028387866693e-06,0.0003963578820023,0.0004061589103901667,Q3,5,0.4676258992805755,0.4
PCL_PCL0843,1.2628817942166641e-05,0.0003930065184099,0.0004056353363520667,Q3,8,0.4,0.2857142857142857
PCL_PCL0844,1.4418587732000058e-06,0.0004003780397825,0.0004018198985557,Q1 mejor,9,0.3728813559322034,0.125
PCL_PCL0845,1.3474446868099987e-05,0.0003900197396255,0.0004034941864936,Q3,8,0.43661971830985913,0.375
PCL_PCL0846,8.673476618933361e-06,0.0004125505128568,0.0004038770362378667,Q2,7,0.6046511627906976,0.5714285714285714
PCL_PCL0847,8.926656351366678e-06,0.0004119694328164,0.0004030427764650333,Q2,7,0.7804878048780488,0.42857142857142855
PCL_PCL0848,2.2065094022333436e-06,0.0004034100560029,0.0004012035466006666,Q1 mejor,6,0.41116751269035534,0.3333333333333333
PCL_PCL0849,5.356143591633356e-06,0.0004104325775681,0.00040507643397646667,Q2,8,0.4766355140186916,0.16666666666666666
PCL_PCL0850,1.3589251306666678e-06,0.0004110140555194,0.00041022472183813337,Q1 mejor,5,0.7830188679245284,0.25
PCL_PCL0851,1.0471646209400006e-05,0.0004133801520015,0.00040290850579210004,Q3,6,0.8942731277533039,0.3333333333333333
PCL_PCL0852,1.4184922658866647e-05,0.0004159242717688,0.0004017393491099333,Q3,8,0.8173076923076923,0.5
PCL_PCL0853,1.3362782222699969e-05,0.0004194338468782,0.0004060710646555,Q3,3,0.9764705882352941,0.5
PCL_PCL0854,1.85730222654e-05,0.0004186233721668,0.0004000503499014,Q4 peor,5,0.8294573643410853,0.0
PCL_PCL0855,2.0082573795766657e-05,0.0004205430469352,0.00040046047313943334,Q4 peor,5,0.6567164179104478,0.4
PCL_PCL0856,1.673759102206664e-05,0.0004216787054754,0.00040494111445333334,Q3,5,0.9790940766550522,0.4
PCL_PCL0857,1.4443482322966647e-05,0.0004185083096995,0.0004040648273765333,Q3,3,0.9184397163120568,0.3333333333333333
PCL_PCL0858,1.633878764699985e-06,0.0004092428981995,0.00040810042750926665,Q1 mejor,8,0.7564102564102564,0.42857142857142855
PCL_PCL0859,8.236117391266637e-06,0.0004119916225379,0.00040375550514663334,Q2,8,0.695906432748538,0.25
PCL_PCL0860,1.0924748392999962e-06,0.0004015735505424,0.0004026389482586334,Q1 mejor,8,0.711764705882353,0.42857142857142855
PCL_PCL0861,1.2103755278933343e-05,0.0004160394186837,0.0004039356634047667,Q3,6,0.752,0.0
PCL_PCL0862,2.4591246834666696e-06,0.0004063513760174,0.0004038922513339333,Q1 mejor,5,0.8333333333333334,0.25
PCL_PCL0863,6.020988687533328e-06,0.0004006392037488,0.0004066601924363333,Q2,4,0.7622950819672131,0.0
PCL_PCL0864,2.2689231816999805e-06,0.0004044628327993,0.00040673175598100004,Q1 mejor,8,0.7574257425742574,0.25
PCL_PCL0865,7.624396532033321e-06,0.0003991407933932,0.0004067651899252334,Q2,6,0.5591397849462365,0.16666666666666666
PCL_PCL0866,2.496078243600001e-06,0.0004060129998059,0.0004035169215623,Q1 mejor,4,0.7867647058823529,0.0
PCL_PCL0867,1.1488241404166658e-05,0.0003957803788533,0.00040726862025746666,Q3,9,0.42857142857142855,0.2222222222222222
PCL_PCL0868,7.268228644700032e-06,0.0004158352567287,0.000408567028084,Q2,6,0.6885245901639344,0.25
PCL_PCL0869,2.012666643923331e-05,0.0004227942817342,0.00040266761529496667,Q4 peor,4,0.9751552795031055,0.25
PCL_PCL0870,1.848630600899996e-05,0.0004193345381205,0.00040084823211150003,Q4 peor,7,0.7437722419928826,0.2857142857142857
PCL_PCL0871,2.3573602879000052e-06,0.000408584065271,0.00040622670498310004,Q1 mejor,8,0.8403755868544601,0.2
PCL_PCL0872,9.705600860333283e-07,0.0004055307225904,0.00040520097353643336,Q1 mejor,10,0.36538461538461536,0.25
PCL_PCL0873,6.078043404733313e-06,0.0004133639944325,0.00040728595102776664,Q2,6,0.8181818181818182,0.16666666666666666
PCL_PCL0874,6.2255014304999886e-06,0.0004148628199997,0.0004086373185692,Q2,9,0.8027522935779816,0.125
PCL_PCL0875,3.755111192566636e-06,0.0004134426389156,0.00040968752772303335,Q1 mejor,3,0.9436619718309859,0.0
PCL_PCL0876,2.2201616726999743e-06,0.0004061486415527,0.0004083688032254,Q1 mejor,3,0.859375,0.0
PCL_PCL0877,1.0602062004599967e-05,0.0003994560994414,0.000410058161446,Q3,4,0.6666666666666666,0.25
PCL_PCL0878,5.026867921799993e-06,0.0004002827930615,0.0004053096609833,Q2,5,0.6666666666666666,0.2
PCL_PCL0879,2.556840787366635e-06,0.0004057317867695,0.00040828862755686664,Q1 mejor,3,0.7875,0.0
PCL_PCL0880,5.119304921933359e-06,0.0004048321608245,0.0004099514657464333,Q2,10,0.48905109489051096,0.3333333333333333
PCL_PCL0881,1.5386816109633314e-05,0.0003940002348181,0.0004093870509277333,Q3,6,0.5078125,0.3333333333333333
PCL_PCL0882,1.0460810184933326e-05,0.0003975511810035,0.00040801199118843337,Q3,4,0.47863247863247865,0.0
PCL_PCL0883,1.4602326253666722e-06,0.0004102291838915,0.0004092113829074,Q1 mejor,7,0.8901098901098901,0.2857142857142857
PCL_PCL0884,2.7723096822999927e-06,0.0004109921377866,0.0004082198281043,Q1 mejor,7,0.8442622950819673,0.3333333333333333
PCL_PCL0885,2.615872239166646e-06,0.0004090373192813,0.0004064214470421333,Q1 mejor,6,0.5897435897435898,0.0
PCL_PCL0886,3.5355466285000095e-06,0.0004006466911658,0.0004041822377943,Q1 mejor,9,0.6424581005586593,0.125
PCL_PCL0889,1.0307006871033346e-05,0.0004123728378597,0.00040206583098866667,Q3,9,0.6289592760180995,0.4444444444444444
PCL_PCL0890,1.4039041642499992e-05,0.0004163057061037,0.00040226666446119996,Q3,9,0.375,0.4444444444444444
PCL_PCL0891,2.836796789666656e-06,0.0004001961660892,0.0004030329628788667,Q1 mejor,11,0.445859872611465,0.36363636363636365
PCL_PCL0892,1.9410431473266653e-05,0.0003839635744104,0.0004033740058836667,Q4 peor,9,0.34285714285714286,0.4444444444444444
PCL_PCL0893,3.277669069666955e-07,0.0004058128897425,0.00040548512283553333,Q1 mejor,6,0.6558441558441559,0.2
PCL_PCL0894,2.431404668300013e-06,0.0004020314561239,0.0004044628607922,Q1 mejor,9,0.2887323943661972,0.25
PCL_PCL0895,1.1672715573133324e-05,0.0004145935905213,0.0004029208749481666,Q3,10,0.582089552238806,0.4444444444444444
PCL_PCL0896,7.677359782999965e-06,0.0004081615260604,0.0004004841662774,Q2,6,0.7928994082840237,0.4
PCL_PCL0897,1.0103072437699993e-05,0.0003946662916354,0.0004047693640731,Q3,7,0.26277372262773724,0.2857142857142857
PCL_PCL0898,2.5003897849033352e-05,0.0003823591751112,0.00040736307296023334,Q4 peor,12,0.27184466019417475,0.45454545454545453
PCL_PCL0899,1.686238468120001e-05,0.0003888779191222,0.00040574030380340005,Q4 peor,9,0.6122448979591837,0.375
PCL_PCL0900,7.827747344466658e-06,0.0003949340133483,0.0004027617606927666,Q2,11,0.2826086956521739,0.45454545454545453
PCL_PCL0901,1.1382345423833356e-05,0.0003907735935046,0.0004021559389284334,Q3,9,0.4049586776859504,0.4444444444444444
PCL_PCL0902,3.033565474666654e-06,0.0004055949927818,0.0004086285582564667,Q1 mejor,11,0.28313253012048195,0.3
PCL_PCL0903,1.920897828100006e-06,0.0004068901783904,0.0004088110762185,Q1 mejor,7,0.5488372093023256,0.16666666666666666
PCL_PCL0904,2.9849883277333305e-06,0.0004054007076893,0.00040838569601703333,Q1 mejor,6,0.8059701492537313,0.4
PCL_PCL0905,1.6302937885933315e-05,0.0004165216360841,0.0004002186981981667,Q3,5,0.9521531100478469,0.75
PCL_PCL0906,1.0158253199733354e-05,0.0004110608814259,0.0004009026282261667,Q3,10,0.4246031746031746,0.4
PCL_PCL0907,1.3535549943600002e-05,0.0004146090039068,0.0004010734539632,Q3,6,0.9425837320574163,0.4
PCL_PCL0908,9.123920717266684e-06,0.0004071518064381,0.00039802788572083334,Q2,9,0.7448559670781894,0.3333333333333333
PCL_PCL0909,9.345216881633344e-06,0.0004127932705965,0.00040344805371486664,Q2,11,0.5066666666666667,0.3
PCL_PCL0910,9.911281848066657e-06,0.0004185510632063,0.0004086397813582333,Q3,3,0.9846938775510204,0.0
PCL_PCL0911,1.7645394086499993e-05,0.0004172115444361,0.00039956615034960003,Q4 peor,7,0.6305220883534136,0.2857142857142857
PCL_PCL0912,1.3974312173333338e-05,0.0004137826351065,0.0003998083229331667,Q3,7,0.851063829787234,0.5
PCL_PCL0913,5.9400747429333195e-06,0.0004384076721651,0.00043246759742216666,Q2,3,0.8888888888888888,0.5
PCL_PCL0914,5.818453853366663e-06,0.000437886997102,0.0004320685432486333,Q2,4,0.8125,0.5
PCL_PCL0915,6.441596405633327e-06,0.0004386003512767,0.0004321587548710667,Q2,3,0.8260869565217391,0.5
PCL_PCL0916,5.534804270533311e-06,0.0004374454719813,0.00043191066771076665,Q2,3,0.9230769230769231,0.5
PCL_PCL0917,6.339257553433305e-06,0.0004385410252736,0.00043220176772016663,Q2,4,0.42857142857142855,0.75
PCL_PCL0918,4.442657182366658e-06,0.0004366192275888,0.0004321765704064333,Q1 mejor,6,0.44,0.5
PCL_PCL0919,4.745219409133323e-06,0.0004367433656813,0.0004319981462721667,Q2,3,0.42857142857142855,0.3333333333333333
PCL_PCL0920,5.704606924799971e-06,0.0004374987079949,0.00043179410107010004,Q2,4,0.7272727272727273,1.0
PCL_PCL0921,1.934782067200012e-06,0.0004265668969788,0.00042464842162686663,Q1 mejor,4,0.3333333333333333,0.25
PCL_PCL0922,4.226412491033307e-06,0.0004165759708816,0.00042080238337263335,Q1 mejor,2,0.8,0.0
PCL_PCL0923,2.2639674114000087e-06,0.0004278650710693,0.0004256011036579,Q1 mejor,1,1.0,0.0
PCL_PCL0924,2.250925627966665e-05,0.0004406267293349,0.00041811747305523335,Q4 peor,1,1.0,0.0
PCL_PCL0925,1.7443525993999928e-06,0.0004266337455932,0.0004250599385142,Q1 mejor,5,0.3333333333333333,0.0
PCL_PCL0926,6.065189080733324e-06,0.0004221555206174,0.0004282207096981333,Q2,7,0.3333333333333333,0.16666666666666666
PCL_PCL0927,1.6127227554333307e-06,0.0004264989576284,0.00042787264179783334,Q1 mejor,7,0.42105263157894735,0.0
PCL_PCL0928,1.2988159445666866e-06,0.0004253848014368,0.0004251151731794333,Q1 mejor,7,0.42857142857142855,0.2
PCL_PCL0929,6.12083810660001e-06,0.0004164674329907,0.00041034659488409995,Q2,9,0.1935483870967742,0.2857142857142857
PCL_PCL0930,4.476088488266702e-06,0.0004111022417237,0.0004066261532354333,Q1 mejor,8,0.22580645161290322,0.25
PCL_PCL0931,7.031875157399989e-06,0.0004138535307573,0.00040682165559989997,Q2,6,0.5135135135135135,0.2
PCL_PCL0932,1.1064648414600017e-05,0.0004178863040145,0.00040682165559989997,Q3,5,0.3076923076923077,0.2
PCL_PCL0933,8.004243276666647e-07,0.000420603579959,0.0004211561920934666,Q1 mejor,8,0.37037037037037035,0.125
PCL_PCL0934,7.040156656466685e-06,0.0004251725626155,0.00041813240595903336,Q2,3,0.42857142857142855,0.0
PCL_PCL0935,1.0043983270433335e-05,0.0004293951248711,0.0004193511416006667,Q3,4,0.3333333333333333,0.0
PCL_PCL0936,5.574585032433303e-06,0.0004249257266331,0.0004193511416006667,Q2,4,0.4444444444444444,0.25
PCL_PCL0937,7.075892229500004e-06,0.0004227373851886,0.00041566149295910003,Q2,7,0.23529411764705882,0.3333333333333333
PCL_PCL0938,2.555846418433322e-06,0.0004145772707043,0.0004171331171227333,Q1 mejor,4,0.6153846153846154,0.25
PCL_PCL0939,1.612783907166639e-06,0.0004132894666185,0.00041167668271133336,Q1 mejor,8,0.42857142857142855,0.2857142857142857
PCL_PCL0940,4.2729766871333215e-06,0.0004116652516405,0.00041593822832763336,Q1 mejor,5,0.375,0.0
PCL_PCL0941,7.183435543400027e-06,0.0004350953093623,0.0004279118738189,Q2,7,0.23076923076923078,0.25
PCL_PCL0942,1.0825241793199978e-05,0.0004383519012456,0.0004275266594524,Q3,7,0.6785714285714286,0.5
PCL_PCL0943,7.552517146199984e-06,0.0004355466965509,0.0004279941794047,Q2,6,0.3125,0.0
PCL_PCL0944,7.477237968300014e-06,0.0004358875620113,0.000428410324043,Q2,5,0.5625,0.0
PCL_PCL0945,1.8712350509333482e-06,0.0004318669496166,0.0004299957145656667,Q1 mejor,4,0.5555555555555556,0.0
PCL_PCL0946,4.321654019399999e-06,0.0004351770320986,0.0004308553780792,Q1 mejor,4,0.4666666666666667,0.0
PCL_PCL0947,4.5914659968999826e-06,0.0004352458307017,0.0004306543647048,Q1 mejor,4,0.48148148148148145,0.0
PCL_PCL0948,5.260553022733334e-06,0.0004358697048995,0.00043060915187676673,Q2,3,0.5,0.0
PCL_PCL0949,1.267165654600027e-06,0.0004167156186781,0.0004159740691017666,Q1 mejor,5,0.25,0.2
PCL_PCL0950,1.4155731796333308e-06,0.0004137984765629,0.0004145754871772,Q1 mejor,5,0.5,0.2
PCL_PCL0951,1.4008458923833321e-05,0.0004386236266157,0.00042461516769186667,Q3,6,0.4,0.16666666666666666
PCL_PCL0952,1.3249357700199999e-05,0.0004331497915091,0.0004199004338089,Q3,7,0.5,0.16666666666666666
PCL_PCL0953,5.325512268766648e-06,0.0004189849185559,0.0004136594062871333,Q2,5,0.45454545454545453,0.0
PCL_PCL0954,6.992569049566681e-06,0.0004190271694389,0.0004120346003893334,Q2,3,0.4444444444444444,0.0
PCL_PCL0955,4.617002878933311e-06,0.0004177980271944,0.0004131810243154667,Q2,5,0.25,0.0
PCL_PCL0956,8.9324900363e-06,0.0004131226083311,0.00042205509836739996,Q2,4,0.25,0.0
PCL_PCL0957,1.785869867820003e-05,0.00043846239929,0.0004206037006118,Q4 peor,2,0.5882352941176471,1.0
PCL_PCL0958,1.8055043246566666e-05,0.000439353644925,0.0004212986016784333,Q4 peor,4,0.71875,0.5
PCL_PCL0959,1.750331362886666e-05,0.0004385525940795,0.00042104928045063337,Q4 peor,4,0.6615384615384615,0.5
PCL_PCL0960,1.9210222405466684e-05,0.0004398589443489,0.0004206487219434333,Q4 peor,2,0.9615384615384616,1.0
PCL_PCL0961,6.07374685340001e-06,0.0004177241926993,0.0004237979395527,Q2,7,0.3157894736842105,0.3333333333333333
PCL_PCL0962,1.9712984355700033e-05,0.000404084955197,0.0004237979395527,Q4 peor,8,0.36363636363636365,0.16666666666666666
PCL_PCL0963,1.714995498766667e-05,0.0004318172312741,0.0004146672762864333,Q4 peor,5,0.3,0.25
PCL_PCL0964,7.37390515790003e-06,0.0004081196062134,0.00041549351137130003,Q2,7,0.2608695652173913,0.3333333333333333
PCL_PCL0965,7.4142485763999725e-06,0.0004346302817444,0.000427216033168,Q2,7,0.6111111111111112,0.0
PCL_PCL0966,1.1800464992400015e-05,0.0004382970500044,0.000426496585012,Q3,4,0.4166666666666667,0.5
PCL_PCL0967,7.658817799366651e-06,0.0004136309624397,0.0004212897802390667,Q2,3,0.4166666666666667,0.0
PCL_PCL0968,6.5814711431999985e-06,0.0004275955627381,0.0004210140915949,Q2,2,0.6666666666666666,0.0
PCL_PCL0969,9.764049641333323e-06,0.0004124323484182,0.00042219639805953337,Q3,3,0.6363636363636364,0.0
PCL_PCL0970,1.3707649483333678e-06,0.0004182381110431,0.00041960887599143333,Q1 mejor,4,0.42857142857142855,0.0
PCL_PCL0971,7.910243221999838e-07,0.000428868772791,0.0004280777484688,Q1 mejor,6,0.5882352941176471,0.0
PCL_PCL0972,5.630586661133331e-06,0.0004310633250612,0.0004254327384000667,Q2,6,0.46153846153846156,0.25
PCL_PCL0973,1.3398969498000007e-06,0.0004238745746661,0.00042521447161589996,Q1 mejor,4,0.7368421052631579,0.0
PCL_PCL0974,4.2272951536667555e-07,0.0004300270963416,0.0004301687954772334,Q1 mejor,8,0.16666666666666666,0.0
PCL_PCL0975,3.1822426301666563e-06,0.000429341639319,0.00043252388194916667,Q1 mejor,3,0.5,0.3333333333333333
PCL_PCL0976,5.249966370466661e-06,0.0004272470495622,0.00043249701593266665,Q2,4,0.46153846153846156,0.5
PCL_PCL0977,2.287164407200017e-06,0.000429422680171,0.00043170984457820003,Q1 mejor,2,0.8333333333333334,1.0
PCL_PCL0978,1.6126084244333502e-06,0.0004303913672504,0.00043200397567483333,Q1 mejor,1,1.0,1.0
PCL_PCL0979,1.6584427482999851e-06,0.0004304445521253,0.00043210299487359997,Q1 mejor,3,0.5,0.3333333333333333
PCL_PCL0980,1.1881297626999913e-06,0.000431739289877,0.0004315035218687667,Q1 mejor,2,0.5,0.5
PCL_PCL0981,5.548053819233326e-06,0.0004263583756129,0.0004319064294321334,Q2,4,0.4666666666666667,0.3333333333333333
PCL_PCL0982,2.122899036333353e-06,0.0004336882375325,0.00043156533849616666,Q1 mejor,3,0.6666666666666666,0.0
PCL_PCL0983,1.0159054472333293e-06,0.0004310101855426,0.00043148613484836665,Q1 mejor,3,0.3333333333333333,0.3333333333333333
PCL_PCL0984,1.3471086507000128e-06,0.000430247589542,0.0004315946981927,Q1 mejor,3,0.6666666666666666,0.5
PCL_PCL0985,3.3033618631666387e-06,0.0004280392508875,0.0004313426127506667,Q1 mejor,4,0.5,0.25
PCL_PCL0986,1.3320298118999943e-06,0.0004309391626705,0.00043017060487393334,Q1 mejor,2,0.6363636363636364,0.5
PCL_PCL0987,1.6585680655666582e-06,0.0004329689415579,0.0004317251139236,Q1 mejor,3,0.42857142857142855,0.6666666666666666
PCL_PCL0988,2.280604894833345e-06,0.000429422680171,0.0004317032850658334,Q1 mejor,2,0.8333333333333334,1.0
PCL_PCL0989,1.0236534271000147e-06,0.0004312756160308,0.0004322427860217,Q1 mejor,1,1.0,1.0
PCL_PCL0990,1.21547787309999e-06,0.0004328045611431,0.0004322894503133333,Q1 mejor,2,0.6666666666666666,0.5
PCL_PCL0991,1.922657685933324e-06,0.0004340265041335,0.00043210384644756664,Q1 mejor,4,0.25,0.5
PCL_PCL0992,2.7864715033000097e-06,0.0004288755326376,0.0004316620041409,Q1 mejor,4,0.3333333333333333,0.3333333333333333
PCL_PCL0993,2.412189297733353e-06,0.0004296992347846,0.0004321114240823333,Q1 mejor,2,0.5555555555555556,1.0
PCL_PCL0994,1.17383376616666e-06,0.0004311501517039,0.00043203814438179996,Q1 mejor,3,0.8461538461538461,0.3333333333333333
PCL_PCL0995,1.100622608933349e-06,0.0004309832686754,0.000432006339976,Q1 mejor,3,0.5,0.5
PCL_PCL0996,4.200237983166659e-06,0.0004361698235583,0.0004319695855751333,Q1 mejor,5,0.813953488372093,0.25
PCL_PCL0997,2.190588049166639e-06,0.0004338958288795,0.0004317052408303334,Q1 mejor,2,0.6923076923076923,0.0
PCL_PCL0998,1.7856484556999861e-06,0.0004306755027736,0.0004291686521863667,Q1 mejor,1,1.0,1.0
PCL_PCL0999,1.4840399173999895e-06,0.0004296945279711,0.0004290994142975,Q1 mejor,3,0.5555555555555556,0.3333333333333333
PCL_PCL1000,2.298529697800024e-06,0.0004316293296572,0.0004293307999594,Q1 mejor,2,0.9166666666666666,0.5
PCL_PCL1001,5.274251780299978e-06,0.0004289767456251,0.00042370249384480004,Q2,3,0.5,0.5
PCL_PCL1002,1.3702827075566675e-05,0.0004408430685698,0.00042714024149423336,Q3,1,1.0,0.0
PCL_PCL1003,1.0016208913900003e-05,0.0004356732910617,0.0004256570821478,Q3,2,0.5,1.0
PCL_PCL1004,9.737534319933337e-06,0.0004327539892803,0.0004230164549603667,Q3,3,0.5,0.5
PCL_PCL1005,7.16656679166668e-06,0.0004350735071208,0.00042790694032913333,Q2,3,0.42857142857142855,0.0
PCL_PCL1006,2.9464850715666267e-06,0.000432180405232,0.0004292339201604333,Q1 mejor,2,0.6666666666666666,0.5
PCL_PCL1007,3.5242812135666767e-06,0.0004313840703684,0.00042785978915483333,Q1 mejor,2,0.7142857142857143,0.0
PCL_PCL1008,7.543672229000194e-07,0.0004211475083814,0.00042125200651716663,Q1 mejor,3,0.42857142857142855,0.5
PCL_PCL1009,2.9093686617000128e-06,0.0004300848989156,0.0004271755302539,Q1 mejor,2,0.5,1.0
PCL_PCL1010,2.899431758400011e-06,0.0004324270005214,0.00042952756876300004,Q1 mejor,3,0.8571428571428571,0.3333333333333333
PCL_PCL1011,6.534549925366644e-06,0.0004351261269943,0.0004285915770689333,Q2,3,0.65,0.0
PCL_PCL1012,3.8020662574666693e-06,0.0004327991971231,0.00042899713086563335,Q1 mejor,2,0.5789473684210527,0.5
PCL_PCL1013,4.6800982861000145e-06,0.0004322449109702,0.0004275648126841,Q2,3,0.5,0.0
PCL_PCL1014,5.780871982466672e-06,0.0004345305219358,0.0004287496499533333,Q2,3,0.7777777777777778,0.3333333333333333
PCL_PCL1015,1.0291837078133299e-05,0.0004376945829408,0.00042740274586266667,Q3,6,0.2727272727272727,0.2
PCL_PCL1016,1.7044707044332897e-06,0.0004306854687501,0.0004289809980456667,Q1 mejor,2,0.5,1.0
PCL_PCL1017,9.914384385000021e-06,0.0004382661974266,0.00042835181304159997,Q3,3,0.8333333333333334,0.0
PCL_PCL1018,3.037685445233365e-06,0.000430843669852,0.0004278059844067667,Q1 mejor,2,0.75,0.5
PCL_PCL1019,1.1668065215566668e-05,0.0004362533749615,0.0004245853097459334,Q3,2,0.6666666666666666,0.0
PCL_PCL1020,6.519136486433344e-06,0.000426824803625,0.0004203056671385666,Q2,2,0.875,1.0
PCL_PCL1021,1.0778032261999882e-06,0.000425172872119,0.00042446255283646667,Q1 mejor,2,0.8,1.0
PCL_PCL1022,1.600599755066685e-06,0.0004255308319086,0.00042713143166366664,Q1 mejor,4,0.45454545454545453,0.5
PCL_PCL1023,3.1206123865333306e-06,0.0004306855776501,0.00042756496526356663,Q1 mejor,2,0.5555555555555556,0.5
PCL_PCL1024,7.41221140300004e-07,0.0004261934531327,0.0004268138393836,Q1 mejor,2,0.5714285714285714,0.5
PCL_PCL1025,1.0459917980566678e-05,0.0004354345518513,0.00042497463387073335,Q3,6,0.4583333333333333,0.3333333333333333
PCL_PCL1026,8.538456257100018e-06,0.0004363729294691,0.000427834473212,Q2,3,0.7142857142857143,0.0
PCL_PCL1027,2.836544588466682e-06,0.0004309125086244,0.0004280759640359333,Q1 mejor,2,0.75,0.5
PCL_PCL1028,7.290684829866627e-06,0.0004336725074707,0.0004263818226408333,Q2,2,0.9565217391304348,0.0
PCL_PCL1029,3.188115429166638e-06,0.0004315766426657,0.00042838852723653333,Q1 mejor,3,0.5714285714285714,0.5
PCL_PCL1030,1.5720769916333153e-06,0.0004286998535307,0.00042712777653906663,Q1 mejor,5,0.5,0.4
PCL_PCL1031,1.0358713106666678e-05,0.0004376084903316,0.0004272497772249333,Q3,1,1.0,0.0
PCL_PCL1032,2.0849643153333483e-06,0.0004298194189533,0.0004277344546379667,Q1 mejor,3,0.7,0.3333333333333333
PCL_PCL1033,4.314244886100005e-06,0.0004318250239156,0.0004275107790295,Q1 mejor,3,0.7692307692307693,0.5
PCL_PCL1034,9.066412508733327e-06,0.0004369546179105,0.0004278882054017667,Q2,4,0.5,0.3333333333333333
PCL_PCL1035,8.575052961433358e-06,0.0004362206373065,0.0004276455843450666,Q2,1,1.0,0.0
PCL_PCL1036,4.905453005800008e-06,0.0004321238312365,0.0004272183782307,Q2,2,0.8333333333333334,0.0
PCL_PCL1037,8.266499932999919e-07,0.0004270873282881,0.00042724273533286663,Q1 mejor,4,0.5,0.5
PCL_PCL1038,1.0907473035000018e-06,0.0004279446443277,0.0004268538970242,Q1 mejor,4,0.4166666666666667,0.3333333333333333
PCL_PCL1039,9.040833227300018e-06,0.0004355477837856,0.0004265069505583,Q2,1,1.0,0.0
PCL_PCL1040,3.512422387866675e-06,0.0004312756160308,0.00042776319364293334,Q1 mejor,1,1.0,1.0
PCL_PCL1041,1.0410725429366654e-05,0.0004374293755224,0.0004270186500930333,Q3,1,1.0,0.0
PCL_PCL1042,8.623609094033359e-06,0.0004360690430639,0.00042744543396986665,Q2,1,1.0,0.0
PCL_PCL1043,3.314465803433362e-06,0.0004305806276881,0.0004272661618846666,Q1 mejor,1,1.0,1.0
PCL_PCL1044,5.130418781866661e-06,0.0004320782938996,0.00042694787511773333,Q2,3,0.7142857142857143,0.3333333333333333
PCL_PCL1045,7.735806776299988e-06,0.0004346053291163,0.00042686952233999994,Q2,2,0.5,0.0
PCL_PCL1046,6.800489720666636e-07,0.0004277804610579,0.0004281265662632333,Q1 mejor,3,0.5,0.0
PCL_PCL1047,7.611667186266698e-06,0.0004349732701754,0.0004273616029891333,Q2,2,0.9375,0.0
PCL_PCL1048,3.5299378871333172e-06,0.0004314663411355,0.0004279364032483667,Q1 mejor,3,0.5,0.5
PCL_PCL1049,5.008372119500012e-06,0.0004323567573661,0.0004273483852466,Q2,4,0.8529411764705882,0.5
PCL_PCL1050,9.498825327866652e-06,0.000436472433524,0.00042697360819613335,Q2,1,1.0,0.0
PCL_PCL1051,1.8780524324333479e-06,0.0004252377767311,0.0004271158291635333,Q1 mejor,5,0.2857142857142857,0.3333333333333333
PCL_PCL1052,1.3708844583999985e-05,0.0004392776715442,0.0004255688269602,Q3,2,0.7391304347826086,0.0
PCL_PCL1053,1.1674230683933329e-05,0.00043762721326,0.00042595298257606663,Q3,3,0.4444444444444444,0.0
PCL_PCL1054,1.3764163831833339e-05,0.0004400160060549,0.0004262518422230666,Q3,1,1.0,1.0
PCL_PCL1055,1.1594545366933352e-05,0.0004378133807621,0.00042621883539516663,Q3,3,0.5,0.0
PCL_PCL1056,1.0783824051699992e-05,0.0004373388759414,0.00042655505188969996,Q3,4,0.5,0.0
PCL_PCL1057,1.3894823175566656e-05,0.0004396914375708,0.0004257966143952333,Q3,3,0.5882352941176471,0.0
PCL_PCL1058,1.4334191890933353e-05,0.000440082947824,0.0004257487559330667,Q3,2,0.6666666666666666,0.5
PCL_PCL1059,1.3994423555166682e-05,0.0004400773952324,0.00042608297167723335,Q3,1,1.0,1.0
PCL_PCL1060,1.2209170008099977e-05,0.0004375814371583,0.0004253722671502,Q3,2,0.75,
PCL_PCL1061,1.14998339446e-05,0.0004377611456182,0.0004262613116736,Q3,3,0.5,0.0
PCL_PCL1062,1.1748630244099993e-05,0.0004384525309076,0.0004267039006635,Q3,3,0.3333333333333333,0.0
PCL_PCL1063,1.2365420175099994e-05,0.0004382515598848,0.0004258861397097,Q3,4,0.3333333333333333,0.5
PCL_PCL1064,1.4352982149200014e-05,0.0004404048945245,0.00042605191237530003,Q3,1,1.0,0.0
PCL_PCL1065,1.3600217903933365e-05,0.0004389808936432,0.0004253806757392666,Q3,3,0.5,0.5
PCL_PCL1066,1.3999080924066674e-05,0.0004404236847157,0.00042642460379163334,Q3,1,1.0,0.0
PCL_PCL1067,1.3617076704200014e-05,0.0004389908104524,0.0004253737337482,Q3,1,1.0,
PCL_PCL1068,1.1760693275500014e-05,0.0004376852789321,0.00042592458565660004,Q3,3,0.6,0.0
PCL_PCL1069,1.4392264442999984e-05,0.0004400824094186,0.0004256901449756,Q3,1,1.0,
PCL_PCL1070,1.2474345566733326e-05,0.0004383707120008,0.0004258963664340667,Q3,3,0.5,1.0
PCL_PCL1071,1.4331627392700043e-05,0.0004399021463564,0.0004255705189637,Q3,1,1.0,1.0
PCL_PCL1072,1.4325194201433346e-05,0.0004399021189564,0.00042557692475496666,Q3,1,1.0,1.0
PCL_PCL1073,1.3554075769966657e-05,0.0004390545994872,0.0004255005237172333,Q3,3,0.8888888888888888,0.5
PCL_PCL1074,1.1827143548400026e-05,0.0004377743246169,0.00042594718106849996,Q3,3,0.5,0.5
PCL_PCL1075,1.4508366883366687e-05,0.0004400160060549,0.0004255076391715333,Q3,1,1.0,1.0
PCL_PCL1076,1.3913696606033328e-05,0.0004400426355836,0.00042612893897756666,Q3,1,1.0,1.0
PCL_PCL1077,1.7606236449666612e-06,0.000429011830659,0.0004307724543039667,Q1 mejor,4,0.4166666666666667,0.0
PCL_PCL1078,1.6381668242000209e-06,0.0004297500410538,0.0004281118742296,Q1 mejor,3,0.4,0.0
PCL_PCL1079,1.151506719666659e-06,0.0004290925309248,0.0004280914543048,Q1 mejor,5,0.42857142857142855,0.3333333333333333
PCL_PCL1080,5.820814031466659e-06,0.0004319596341222,0.00042613882009073334,Q2,4,0.5625,0.0
PCL_PCL1081,2.0430187234333425e-06,0.0004293087088247,0.0004313517275481333,Q1 mejor,5,0.4444444444444444,0.3333333333333333
PCL_PCL1082,1.1367665554433299e-05,0.0004397337819295,0.00042836611637506666,Q3,4,0.6785714285714286,0.5
PCL_PCL1083,3.7333396384000095e-06,0.00043034176589,0.0004266084262516,Q1 mejor,6,0.4444444444444444,0.5
PCL_PCL1084,1.2447743321999973e-05,0.0004380838294543,0.0004256360861323,Q3,3,0.9,0.0
PCL_PCL1085,9.989341874333329e-06,0.0004377879246295,0.00042779858275516667,Q3,3,0.6153846153846154,0.0
PCL_PCL1086,1.0206697183000023e-05,0.0004374824905809,0.0004272757933979,Q3,5,0.509090909090909,0.0
PCL_PCL1087,1.0494689115300013e-05,0.0004389304024813,0.00042843571336599997,Q3,2,0.8,0.5
PCL_PCL1088,1.090763899353332e-05,0.0004378000669255,0.00042689242793196667,Q3,3,0.6,0.0
PCL_PCL1089,8.764462019199997e-06,0.0004359086683914,0.00042714420637219994,Q2,4,0.5,0.0
PCL_PCL1090,1.3075639499433349e-05,0.0004378067643571,0.0004247311248576667,Q3,2,0.6666666666666666,0.0
PCL_PCL1091,9.913022139699989e-06,0.0004364978001109,0.00042658477797120003,Q3,3,0.7142857142857143,0.0
PCL_PCL1092,8.186986557366668e-06,0.0004336118467493,0.00042542486019193335,Q2,6,0.4074074074074074,0.25
PCL_PCL1093,1.1298043558299987e-05,0.0004364394214265,0.0004251413778682,Q3,4,0.42105263157894735,0.5
PCL_PCL1094,5.73656349973333e-06,0.0004327504693234,0.0004270139058236667,Q2,4,0.5555555555555556,0.0
PCL_PCL1095,1.105029653596667e-05,0.0004377249514781,0.0004266746549421333,Q3,2,0.8181818181818182,0.0
PCL_PCL1096,1.244462411726664e-05,0.0004398499680257,0.0004274053439084333,Q3,1,1.0,0.0
PCL_PCL1097,5.7935285397666715e-06,0.0004329106630516,0.00042711713451183334,Q2,4,0.47368421052631576,0.0
PCL_PCL1098,5.58956861086667e-06,0.0004334094084958,0.0004278198398849333,Q2,3,0.8181818181818182,0.0
PCL_PCL1099,1.2687616552833342e-05,0.0004373423504081,0.00042465473385526665,Q3,2,0.7058823529411765,0.0
PCL_PCL1100,1.1326597186999971e-05,0.000438827413334,0.000427500816147,Q3,3,0.6578947368421053,0.3333333333333333
PCL_PCL1101,5.1279792573999845e-06,0.0004330989109862,0.00042797093172879997,Q2,5,0.625,0.3333333333333333
PCL_PCL1102,9.618814676399991e-06,0.0004380718819087,0.00042845306723229994,Q3,2,0.8,0.5
PCL_PCL1103,4.0146664102999824e-06,0.0004309188068458,0.00042690414043549996,Q1 mejor,3,0.5833333333333334,0.0
PCL_PCL1104,6.940963003333346e-07,0.000430818845978,0.0004301247496776667,Q1 mejor,4,0.41379310344827586,0.25
PCL_PCL1105,7.089822615899985e-06,0.0004229863019683,0.00043007612458420005,Q2,5,0.3125,0.25
PCL_PCL1106,3.84258552870001e-06,0.0004252688073719,0.00042911139290060005,Q1 mejor,1,1.0,0.0
PCL_PCL1107,8.367592630699985e-06,0.0004217775873974,0.00043014518002809995,Q2,3,0.75,0.3333333333333333
PCL_PCL1108,5.515896472000284e-07,0.0004309128162217,0.0004303612265745,Q1 mejor,3,0.6428571428571429,0.3333333333333333
PCL_PCL1109,6.203176664999885e-07,0.0004298103580518,0.0004299875240995,Q1 mejor,3,0.4375,0.3333333333333333
PCL_PCL1110,2.0714691319000038e-06,0.0004310076287979,0.000428936159666,Q1 mejor,3,0.5714285714285714,0.3333333333333333
PCL_PCL1111,4.089467144499984e-06,0.0004258979813232,0.0004299874484677,Q1 mejor,2,0.75,0.0
PCL_PCL1112,1.8508385019666447e-06,0.0004318334547101,0.0004299826162081333,Q1 mejor,1,1.0,0.0
PCL_PCL1113,5.136771527999966e-07,0.0004299558040425,0.00042998327044556665,Q1 mejor,2,0.5,0.0
PCL_PCL1114,9.926949490999912e-07,0.0004311186093914,0.00043012591444230005,Q1 mejor,2,0.6,0.0
PCL_PCL1115,4.803283860000014e-07,0.0004315445486626,0.00043173258064366666,Q1 mejor,2,0.75,0.0
PCL_PCL1116,1.0985768886999999e-06,0.0004309119788704,0.0004320105557591,Q1 mejor,2,0.8,0.0
PCL_PCL1117,6.135684750333253e-07,0.0004295774071276,0.0004300601461019,Q1 mejor,4,0.5,0.5
PCL_PCL1118,2.1282741130666492e-06,0.0004297399399713,0.0004318682140843667,Q1 mejor,3,0.5454545454545454,0.3333333333333333
PCL_PCL1119,6.4965515358999994e-06,0.0004373708009621,0.00043087424942619994,Q2,2,0.8571428571428571,0.0
PCL_PCL1120,2.9331501711332988e-06,0.0004262973204855,0.0004292304706566333,Q1 mejor,6,0.3333333333333333,0.3333333333333333
PCL_PCL1121,3.745614144933317e-06,0.0004262187409197,0.00042996435506463337,Q1 mejor,4,0.4,0.25
PCL_PCL1122,6.424866794866686e-06,0.000425507687897,0.0004319325546918667,Q2,5,0.42105263157894735,0.3333333333333333
PCL_PCL1123,2.8626780230000095e-06,0.0004289403213039,0.00043180299932689994,Q1 mejor,6,0.4827586206896552,0.2
PCL_PCL1124,5.71413507599988e-07,0.0004314385360953,0.00043191986132190004,Q1 mejor,3,0.6,0.3333333333333333
PCL_PCL1125,4.995776195000063e-07,0.0004314568401259,0.0004315052553055334,Q1 mejor,2,0.8888888888888888,0.0
PCL_PCL1126,3.775250212666871e-07,0.0004316868342158,0.00043162809780473337,Q1 mejor,4,0.6956521739130435,0.25
PCL_PCL1127,4.321126985533292e-06,0.0004275002726222,0.00043182139960773334,Q1 mejor,2,0.7857142857142857,0.5
PCL_PCL1128,2.1252329774999875e-06,0.000433855216849,0.0004317299838715,Q1 mejor,3,0.8148148148148148,0.3333333333333333
PCL_PCL1129,4.210987585800002e-06,0.0004253290729205,0.0004295400605063,Q1 mejor,8,0.35,0.3333333333333333
PCL_PCL1130,7.410753032533314e-06,0.0004337912765722,0.0004263805235396667,Q2,3,0.5789473684210527,0.0
PCL_PCL1131,2.156959655346671e-05,0.0004321947504001,0.0004106251538466333,Q4 peor,2,0.8571428571428571,0.0
PCL_PCL1132,1.2968529198200011e-05,0.0004349828561402,0.000422014326942,Q3,3,0.4,0.0
PCL_PCL1133,7.443955224633359e-06,0.0004351727414638,0.0004277287862391667,Q2,2,0.5454545454545454,0.0
PCL_PCL1134,3.268384190456666e-05,0.0004409409402518,0.00040825709834723333,Q4 peor,1,1.0,0.0
PCL_PCL1135,7.42523233540001e-06,0.0004192071904503,0.00041178195811490003,Q2,2,0.8,0.0
PCL_PCL1136,7.353165982500007e-06,0.0004350134445326,0.0004276602785501,Q2,2,0.875,0.0
PCL_PCL1137,3.5253024949333535e-06,0.0004234192667518,0.00042694456924673337,Q1 mejor,3,0.5652173913043478,0.3333333333333333
PCL_PCL1138,6.839267382466683e-06,0.0004335439204534,0.0004267046530709333,Q2,3,0.6875,0.0
PCL_PCL1139,6.427778171866682e-06,0.0004332043895334,0.0004267766113615333,Q2,1,1.0,
PCL_PCL1140,1.276799393833334e-06,0.0004180189669274,0.00041876316170616663,Q1 mejor,2,0.6,0.0
PCL_PCL1141,3.2070534147666673e-06,0.0004225379345285,0.00042574498794326667,Q1 mejor,1,1.0,0.0
PCL_PCL1142,8.401804441066679e-06,0.0004343795026633,0.00042597769822223336,Q2,4,0.5,0.5
PCL_PCL1143,1.435611951033347e-06,0.0004252688073719,0.00042670441932293334,Q1 mejor,1,1.0,0.0
PCL_PCL1144,3.796577939033321e-06,0.0004230462789416,0.0004268428568806333,Q1 mejor,3,0.6666666666666666,0.0
PCL_PCL1145,5.671774983366676e-06,0.0004322575584026,0.0004265857834192333,Q2,3,0.8461538461538461,0.3333333333333333
PCL_PCL1146,2.2257469425333194e-06,0.0004286502828025,0.0004264245358599667,Q1 mejor,5,0.4166666666666667,0.25
PCL_PCL1147,9.393677597766679e-06,0.0004363813104005,0.0004269876328027333,Q2,4,0.631578947368421,0.25
PCL_PCL1148,3.0646456018666862e-06,0.0004301857703445,0.0004271211247426333,Q1 mejor,4,0.25,0.25
PCL_PCL1149,6.853511200666674e-07,0.0004280177077886,0.00042733235666853335,Q1 mejor,2,0.6363636363636364,0.0
PCL_PCL1150,1.0621419993799984e-05,0.0004386828163831,0.0004280613963893,Q3,1,1.0,0.0
PCL_PCL1151,9.016422587766664e-06,0.0004367585492306,0.00042774212664283337,Q2,2,0.8409090909090909,0.0
PCL_PCL1152,1.7488844900999786e-06,0.0004255839230233,0.0004238350385332,Q1 mejor,3,0.45454545454545453,0.0
PCL_PCL1153,6.938375236033297e-06,0.0004345565041639,0.0004276181289278667,Q2,3,0.875,0.3333333333333333
PCL_PCL1154,7.710598057433367e-06,0.0004314938147518,0.00042378321669436667,Q2,2,0.6666666666666666,0.0
PCL_PCL1155,5.989525656699962e-06,0.0004181386270811,0.0004241281527378,Q2,4,0.45454545454545453,0.3333333333333333
PCL_PCL1156,2.983980492733341e-06,0.0004359089033409,0.0004329249228481667,Q1 mejor,11,0.34782608695652173,0.375
PCL_PCL1157,2.528838685900021e-06,0.0004344698250972,0.00043194098641130004,Q1 mejor,12,0.3150684931506849,0.2222222222222222
PCL_PCL1158,4.305265385100002e-06,0.0004372164314509,0.0004329111660658,Q1 mejor,6,0.6451612903225806,0.16666666666666666
PCL_PCL1159,7.245150233266635e-06,0.00043766145733,0.00043041630709673333,Q2,8,0.7439824945295405,0.16666666666666666
PCL_PCL1160,8.257448193733333e-06,0.0004395806093795,0.00043132316118576667,Q2,6,0.5714285714285714,0.4
PCL_PCL1161,5.259648846566652e-06,0.0004370381632435,0.0004317785143969333,Q2,3,0.8142857142857143,0.3333333333333333
PCL_PCL1162,1.3353649567333138e-06,0.0004341712865576,0.00043327685529733335,Q1 mejor,6,0.7307692307692307,0.2
PCL_PCL1163,1.0472255375666554e-06,0.0004330660944024,0.0004331596299651,Q1 mejor,11,0.27692307692307694,0.125
PCL_PCL1164,2.9411472736333498e-06,0.0004360594762727,0.0004331183289990667,Q1 mejor,11,0.38333333333333336,0.125
PCL_PCL1165,1.015479556366666e-06,0.0004324731818433,0.00043285922220773334,Q1 mejor,10,0.3944954128440367,0.1111111111111111
PCL_PCL1166,3.8077929582333494e-06,0.0004351412791851,0.00043133348622686666,Q1 mejor,7,0.4621212121212121,0.16666666666666666
PCL_PCL1167,5.8586058270000095e-06,0.0004371109188109,0.00043125231298390005,Q2,7,0.6,0.0
PCL_PCL1168,7.280507532099977e-06,0.0004385635337061,0.000431283026174,Q2,5,0.9026915113871635,0.2
PCL_PCL1169,1.3161172465333316e-06,0.0004343851509445,0.0004334918820241,Q1 mejor,6,0.3614457831325301,0.3333333333333333
PCL_PCL1170,1.3866171188666903e-06,0.0004337745203083,0.00043238790318943335,Q1 mejor,5,0.5294117647058824,0.2
PCL_PCL1171,4.984632308266668e-06,0.0004368928569762,0.00043190822466793334,Q2,5,0.5384615384615384,0.0
PCL_PCL1172,2.2329665219000187e-06,0.000434676638341,0.0004324436718191,Q1 mejor,9,0.39520958083832336,0.16666666666666666
PCL_PCL1173,3.882835448099961e-06,0.0004363851771076,0.0004325023416595,Q1 mejor,8,0.8641975308641975,0.16666666666666666
PCL_PCL1174,1.877853409566693e-06,0.0004343869488982,0.0004325090954886333,Q1 mejor,7,0.4731182795698925,0.16666666666666666
PCL_PCL1175,3.9778283154e-06,0.0004364078964577,0.00043243006814229994,Q1 mejor,9,0.46938775510204084,0.125
PCL_PCL1176,2.9817550292333167e-06,0.0004353419217757,0.00043236016674646664,Q1 mejor,8,0.7954545454545454,0.16666666666666666
PCL_PCL1177,3.078993801233328e-06,0.0004357405107005,0.0004326615168992667,Q1 mejor,7,0.8270676691729323,0.16666666666666666
PCL_PCL1178,7.596440962733337e-06,0.0004387748065201,0.00043117836555736666,Q2,6,0.9287257019438445,0.25
PCL_PCL1179,7.2990476003000206e-06,0.0004386849111997,0.0004313858635994,Q2,3,0.8165137614678899,0.0
PCL_PCL1180,4.1710789117000075e-06,0.0004357313289798,0.0004315602500681,Q1 mejor,4,0.759493670886076,0.25
PCL_PCL1181,7.4351148188666625e-06,0.0004390259878718,0.0004315908730529333,Q2,3,0.5753424657534246,0.0
PCL_PCL1182,5.925546147766691e-06,0.0004373062478894,0.00043138070174163337,Q2,3,0.896551724137931,0.0
PCL_PCL1183,2.5414868408000246e-06,0.0004348169646679,0.00043227547782709997,Q1 mejor,9,0.6571428571428571,0.2857142857142857
PCL_PCL1184,5.380051335266674e-06,0.0004365681142098,0.0004311880628745333,Q2,7,0.6,0.16666666666666666
PCL_PCL1185,6.003537185699979e-06,0.0004366785231222,0.0004306749859365,Q2,6,0.7597765363128491,0.2
PCL_PCL1186,8.062623446266668e-06,0.0004380273876832,0.00042996476423693336,Q2,4,0.45136186770428016,0.3333333333333333
PCL_PCL1187,4.52756254846666e-06,0.0004355756000516,0.0004310480375031333,Q1 mejor,6,0.5666666666666667,0.2
PCL_PCL1188,4.997649022600024e-06,0.0004354666102444,0.00043046896122179995,Q2,13,0.63,0.16666666666666666
PCL_PCL1189,5.777451332399997e-06,0.0004365000788835,0.0004307226275511,Q2,9,0.8169014084507042,0.2857142857142857
PCL_PCL1190,6.59171552739999e-06,0.0004380328567169,0.0004314411411895,Q2,7,0.855457227138643,0.2857142857142857
PCL_PCL1191,2.8259942785000196e-06,0.0004352494849428,0.00043242349066429997,Q1 mejor,9,0.2857142857142857,0.1111111111111111
PCL_PCL1192,3.1149842742666982e-06,0.0004355719251108,0.0004324569408365333,Q1 mejor,9,0.7175572519083969,0.14285714285714285
PCL_PCL1193,3.0662107282666603e-06,0.0004351148564828,0.0004320486457545333,Q1 mejor,6,0.5735294117647058,0.3333333333333333
PCL_PCL1194,2.57988143263332e-06,0.0004346493952751,0.00043206951384246666,Q1 mejor,4,0.5681818181818182,0.25
PCL_PCL1195,2.238384459833328e-06,0.000434501212951,0.00043226282849116667,Q1 mejor,8,0.5217391304347826,0.16666666666666666
PCL_PCL1196,7.056405504666651e-06,0.0004385601180784,0.00043150371257373333,Q2,4,0.8807947019867549,0.25
PCL_PCL1197,6.119910216500005e-06,0.0004371957051988,0.0004310757949823,Q2,5,0.9224806201550387,0.25
PCL_PCL1198,5.664696883900021e-06,0.0004382795198068,0.00043261482292289996,Q2,9,0.8210180623973727,0.14285714285714285
PCL_PCL1199,1.2269612138333232e-06,0.000433190531754,0.00043269369100223335,Q1 mejor,11,0.29545454545454547,0.2222222222222222
PCL_PCL1200,1.4278707005666487e-06,0.0004341773703129,0.00043304639644306666,Q1 mejor,9,0.3114754098360656,0.125
PCL_PCL1201,5.699423246900035e-06,0.0004374383412394,0.0004317389179925,Q2,13,0.29085872576177285,0.1111111111111111
PCL_PCL1202,4.345219741333347e-06,0.0004368205827968,0.00043247536305546664,Q1 mejor,6,0.813953488372093,0.3333333333333333
PCL_PCL1203,3.7245630380000104e-06,0.0004344561390569,0.0004307315760189,Q1 mejor,7,0.41379310344827586,0.0
PCL_PCL1204,7.588458301366688e-06,0.0004383713003327,0.00043078284203133333,Q2,5,0.9367088607594937,0.0
PCL_PCL1205,7.967685914500022e-06,0.0004392411983634,0.00043127351244889997,Q2,2,0.9523809523809523,0.0
PCL_PCL1206,5.134135448733311e-06,0.0004366341450515,0.0004315000096027667,Q2,6,0.6885245901639344,0.5
PCL_PCL1207,6.094003667466666e-06,0.0004371275264748,0.00043103352280733333,Q2,5,0.49032258064516127,0.4
PCL_PCL1208,1.9070981746666502e-06,0.0004354316315046,0.00043352453332993335,Q1 mejor,10,0.4954128440366973,0.25
PCL_PCL1209,3.3605322894333187e-06,0.000434847298922,0.00043148676663256664,Q1 mejor,11,0.6158940397350994,0.25
PCL_PCL1210,4.61220323156666e-06,0.0004357319189641,0.00043111971573253334,Q2,7,0.5730337078651685,0.3333333333333333
PCL_PCL1211,5.626919513833351e-06,0.0004365579018969,0.0004309309823830666,Q2,6,0.6814159292035398,0.16666666666666666
PCL_PCL1212,4.932695581766655e-06,0.0004358361407479,0.00043090344516613334,Q2,4,0.5692307692307692,0.3333333333333333
PCL_PCL1213,5.693980899533339e-06,0.000436688675189,0.00043099469428946666,Q2,5,0.6567164179104478,0.25
PCL_PCL1214,7.66270811263335e-06,0.0004364497956308,0.0004287870875181667,Q2,10,0.6415094339622641,0.25
PCL_PCL1215,1.299896346466684e-06,0.0004336131602853,0.0004331230334695,Q1 mejor,12,0.32167832167832167,0.2
PCL_PCL1216,1.9129561775333283e-06,0.0004076792648132,0.00040576630863566667,Q1 mejor,2,0.8181818181818182,0.0
PCL_PCL1217,1.2940496526333237e-06,0.0004036097513123,0.00040488389165359995,Q1 mejor,4,0.46153846153846156,0.0
PCL_PCL1218,5.310218937233303e-06,0.0003991946814006,0.00040450490033783334,Q2,4,0.5,0.0
PCL_PCL1219,5.052095973133322e-06,0.0003989289356914,0.00040398103166453333,Q2,6,0.6153846153846154,0.4
PCL_PCL1220,6.416445882366647e-06,0.0004132246824317,0.00040680823654933333,Q2,3,0.46153846153846156,0.0
PCL_PCL1221,7.208810201666583e-07,0.0004046725016012,0.0004041801169279667,Q1 mejor,4,0.8181818181818182,0.0
PCL_PCL1222,1.9244510257566672e-05,0.0004285561960489,0.0004093116857913333,Q4 peor,2,0.6666666666666666,0.5
PCL_PCL1223,7.3896857750999985e-06,0.0004137241630023,0.0004063344772272,Q2,4,0.5,0.25
PCL_PCL1224,9.607859193033343e-06,0.000414153607546,0.00040454574835296664,Q3,5,0.375,0.25
PCL_PCL1225,1.212981344719998e-05,0.0004212041146484,0.0004090743012012,Q3,6,0.35714285714285715,0.2
PCL_PCL1226,1.7849875635666489e-06,0.0004142899697092,0.00041607495727276664,Q1 mejor,2,0.6428571428571429,0.0
PCL_PCL1227,8.566974972666638e-06,0.0004038112516031,0.0004123782265757667,Q2,7,0.5652173913043478,0.16666666666666666
PCL_PCL1228,1.816919238899994e-06,0.0004052531782532,0.0004070700974921,Q1 mejor,6,0.30434782608695654,0.3333333333333333
PCL_PCL1229,3.799002032033328e-06,0.0004000497635159,0.0004038487655479333,Q1 mejor,4,0.7142857142857143,0.25
PCL_PCL1230,3.7106349373666934e-06,0.0003992456890612,0.00040295632399856663,Q1 mejor,7,0.41935483870967744,0.2857142857142857
PCL_PCL1231,1.0438423689599971e-05,0.0004024672717422,0.00041290569543179996,Q3,8,0.4473684210526316,0.375
PCL_PCL1232,9.958914271233354e-06,0.0004026704798865,0.0004126293941577334,Q3,6,0.5,0.2
PCL_PCL1233,5.4359177559666866e-06,0.0004008966176104,0.00040633253536636666,Q2,7,0.27586206896551724,0.14285714285714285
PCL_PCL1234,1.532690960793336e-05,0.0003911274919667,0.0004064544015746333,Q3,12,0.2,0.2
PCL_PCL1235,6.995458888733347e-06,0.0003976218250787,0.0004046172839674333,Q2,8,0.2608695652173913,0.25
PCL_PCL1236,1.2998122667799976e-05,0.000389474580836,0.0004024727035038,Q3,11,0.37209302325581395,0.2
PCL_PCL1237,6.764613793666785e-07,0.0004111335894319,0.00041153972935593333,Q1 mejor,2,0.6666666666666666,0.0
PCL_PCL1238,2.5557531985333335e-06,0.0004191134010986,0.0004165576479000667,Q1 mejor,4,0.7333333333333333,0.0
PCL_PCL1239,8.336401538333319e-07,0.0004193724223468,0.00041933619956110004,Q1 mejor,4,0.5294117647058824,0.0
PCL_PCL1240,3.0402917458666485e-06,0.0003987542175067,0.0004017945092525666,Q1 mejor,9,0.34782608695652173,0.25
PCL_PCL1241,9.404317535700011e-06,0.0003956843299165,0.0004050886474522,Q2,5,0.5714285714285714,0.25
PCL_PCL1242,1.0071277503933304e-05,0.0004049338890027,0.0004150051665066333,Q3,4,0.4782608695652174,0.0
PCL_PCL1243,9.820265134800012e-06,0.0003981601949644,0.00040798046009919996,Q3,6,0.4827586206896552,0.2
PCL_PCL1244,1.122916545733328e-06,0.0004092004419467,0.00040988321757616666,Q1 mejor,5,0.2777777777777778,0.2
PCL_PCL1245,5.611924371633312e-06,0.0004117080152362,0.0004060960908645667,Q2,12,0.16666666666666666,0.2
PCL_PCL1246,1.187150277783334e-05,0.000394959436558,0.0004068309393358333,Q3,9,0.2,0.14285714285714285
PCL_PCL1247,1.7536678302333334e-05,0.0003886191401758,0.00040615581847813336,Q4 peor,8,0.35,0.14285714285714285
PCL_PCL1248,9.723814604000141e-07,0.0004033087592925,0.0004042737212951,Q1 mejor,6,0.5384615384615384,0.2
PCL_PCL1249,3.646755176666551e-07,0.0004070940449212,0.00040743355661346665,Q1 mejor,6,0.3392857142857143,0.0
PCL_PCL1250,1.0087985347333156e-06,0.0004061026046209,0.0004052282444865,Q1 mejor,4,0.4,0.0
PCL_PCL1251,6.680156377099991e-06,0.0004019786903843,0.0004086588467614,Q2,6,0.425,0.0
PCL_PCL1252,6.945214111500041e-06,0.000399633885469,0.00040657909958050005,Q2,9,0.27906976744186046,0.25
PCL_PCL1253,2.0643591231233336e-05,0.0003917158207637,0.00041235941199493334,Q4 peor,11,0.23529411764705882,0.3
PCL_PCL1254,1.3839614550000164e-06,0.0004089862607037,0.0004076022992487,Q1 mejor,4,0.6590909090909091,0.0
PCL_PCL1255,6.271908391600027e-06,0.0004140668968973,0.0004077949885057,Q2,4,0.6896551724137931,0.0
PCL_PCL1256,2.7298421617999846e-06,0.0004149460437638,0.00041767588592559997,Q1 mejor,5,0.40540540540540543,0.0
PCL_PCL1257,8.437229997566628e-06,0.0003998808272429,0.00040831805724046667,Q2,6,0.5106382978723404,0.0
PCL_PCL1258,3.1166488937333444e-06,0.0004034056812988,0.00040652233019253334,Q1 mejor,3,0.46153846153846156,0.0
PCL_PCL1259,1.362041281866647e-06,0.0004181007489267,0.00041673870764483335,Q1 mejor,2,0.6,0.0
PCL_PCL1260,8.795210005200016e-06,0.0004019792040724,0.0004107744140776,Q2,5,0.4666666666666667,0.0
PCL_PCL1261,1.0521442612533365e-05,0.0004027224324891,0.00041324387510163334,Q3,3,0.5,0.0
PCL_PCL1262,1.7459153820133314e-05,0.0004223564268294,0.00040489727300926665,Q4 peor,3,0.6923076923076923,0.0
PCL_PCL1263,1.2698074738799972e-05,0.0004200216937059,0.00040732361896710003,Q3,4,0.5142857142857142,0.0
PCL_PCL1264,1.7159116328666687e-05,0.0004211596281679,0.00040400051183923333,Q4 peor,4,0.45454545454545453,0.25
