run_id,family,features,index,substrate,fusion,model,facet,target,n,seeds,R2,R2_sd,nRMSE,RMSE,Bias,nBias,spearman
B03_coords,BASE,coords,,,none,RF,alpha,hill_q0,1082,3,0.6632576923927324,0.002945889405176989,0.12483044344545173,4.392783304845454,-0.06249151861431753,-0.0017758317310121467,0.7878601289725561
RF03_curve-topo-area_nbr,RF,curve+topo+area,nbr,,none,RF,alpha,hill_q0,1082,3,0.6529228117008623,0.010108987486718487,0.12672343973114789,4.459397844139104,-0.47008665234758656,-0.013358529478476433,0.7636433439862405
RF04_lsp-curve-topo-area_nbr,RF,lsp+curve+topo+area,nbr,,none,RF,alpha,hill_q0,1082,3,0.6527031322608142,0.007961884429447449,0.12676693277249532,4.460928364264119,-0.4755662364778103,-0.013514243719176167,0.7539133573580008
RF01_lsp-topo-area_nbr,RF,lsp+topo+area,nbr,,none,RF,alpha,hill_q0,1082,3,0.641521099171491,0.011369917855995781,0.12878642500701076,4.531994295996718,-0.5401050750725634,-0.015348254477765345,0.7496811615830891
RF03_curve-topo-area_nbr_v2,RF,curve+topo+area,nbr,,none,RF,alpha,hill_q0,1082,3,0.6411133246769366,0.008084348814905778,0.12886495279238167,4.534757688763919,-0.4815163100093974,-0.013683327934339204,0.7479723601571671
RF02_lsp-qc-topo-area_nbr,RF,lsp+qc+topo+area,nbr,,none,RF,alpha,hill_q0,1082,3,0.6389252698561266,0.0069061713503109105,0.12925871264148595,4.5486140978539,-0.5408843345246434,-0.01537039882138796,0.7469364646311677
RF03_curve-topo-area_evi,RF,curve+topo+area,evi,,none,RF,alpha,hill_q0,1082,3,0.629297808317857,0.007293114896853248,0.13097037905222123,4.608847638847674,-0.46352234736338177,-0.013171990547410653,0.756208360708281
RF03_curve-topo-area_savi,RF,curve+topo+area,savi,,none,RF,alpha,hill_q0,1082,3,0.6287266702970596,0.00775633543297928,0.13107069162929638,4.612377638434947,-0.48401990676824297,-0.013754473053942659,0.7525998977641705
RF04_lsp-curve-topo-area_evi,RF,lsp+curve+topo+area,evi,,none,RF,alpha,hill_q0,1082,3,0.6278354121565544,0.00985644746437937,0.13122504891232037,4.617809471224564,-0.5213202706534785,-0.014814443610499503,0.7533783555714159
RF04_lsp-curve-topo-area_savi,RF,lsp+curve+topo+area,savi,,none,RF,alpha,hill_q0,1082,3,0.6240784401812663,0.006866564253919797,0.1318897519710112,4.641200371859893,-0.5198766344578802,-0.014773419564020437,0.7508260017392954
RF03_curve-topo-area_savi_v2,RF,curve+topo+area,savi,,none,RF,alpha,hill_q0,1082,3,0.6237362871423611,0.007253121052526086,0.13194934568497738,4.643297474654362,-0.42383480027613557,-0.012044183014382913,0.7350039140587636
RF03_curve-topo-area_evi_v2,RF,curve+topo+area,evi,,none,RF,alpha,hill_q0,1082,3,0.6224486693720078,0.007417641109495004,0.13217476838534045,4.651230099480138,-0.44325978507376446,-0.012596185992434318,0.7363769358450863
RF05_lsp_all-topo-area,RF,lsp_all+topo+area,,,none,RF,alpha,hill_q0,1082,3,0.6208327879629428,0.007258772299086012,0.13245752722516213,4.661180383053465,-0.5468489964739359,-0.015539897598008945,0.7430479791243827
MLP06_curve_kndvi,MLP,curve,kndvi,tabular,late,MLP-B,alpha,hill_q0,1082,5,0.612672033862664,0.014733645674004123,0.1338601754445767,4.710539573894662,-0.2502498475133287,-0.007111390949512027,0.7754562964417286
RF01_lsp-topo-area_kndvi,RF,lsp+topo+area,kndvi,,none,RF,alpha,hill_q0,1082,3,0.6083686054402752,0.006570986089271671,0.1346179638833078,4.73720614905361,-0.5174103580521201,-0.01470333498300992,0.7567858912834072
RF02_lsp-qc-topo-area_kndvi,RF,lsp+qc+topo+area,kndvi,,none,RF,alpha,hill_q0,1082,3,0.6081548524419323,0.00498753340545319,0.13465604001756717,4.738546048218197,-0.5256008179486648,-0.014936084624855466,0.7545667903926373
RF01_lsp-topo-area_ndvi,RF,lsp+topo+area,ndvi,,none,RF,alpha,hill_q0,1082,3,0.6064630515344492,0.00889746830585816,0.1349425169669348,4.748627172066445,-0.5285531779867194,-0.015019982324146591,0.7594851679396264
RF02_lsp-qc-topo-area_ndvi,RF,lsp+qc+topo+area,ndvi,,none,RF,alpha,hill_q0,1082,3,0.6037330464767982,0.006198229348103435,0.13541274952794422,4.765174655888366,-0.5480521447204837,-0.015574087659007746,0.7583715649430639
RF03_curve-topo-area_ndvi_v2,RF,curve+topo+area,ndvi,,none,RF,alpha,hill_q0,1082,3,0.6013106193901206,0.00636316648654729,0.13582588635943044,4.779712940988365,-0.3591729981865622,-0.010206677981999476,0.74053723571402
RF06_curve_all-topo-area,RF,curve_all+topo+area,,,none,RF,alpha,hill_q0,1082,3,0.5962452535824715,0.004586191012990874,0.13668744118467627,4.810031055288767,-0.45802743589780937,-0.013015840747309137,0.7525602699995447
RF01_lsp-topo-area_evi,RF,lsp+topo+area,evi,,none,RF,alpha,hill_q0,1082,3,0.5962335775123323,0.008662254524689415,0.13668567033506607,4.809968739090984,-0.6288134713273251,-0.01786909551938971,0.7432305612265923
RF03_curve-topo-area_kndvi_v2,RF,curve+topo+area,kndvi,,none,RF,alpha,hill_q0,1082,3,0.5959326641866709,0.0051607576930193175,0.1367399471462523,4.811878740076628,-0.3529145937967672,-0.010028831878282652,0.739007463468727
RF04_lsp-curve-topo-area_kndvi,RF,lsp+curve+topo+area,kndvi,,none,RF,alpha,hill_q0,1082,3,0.5954072727308156,0.0029217402362073396,0.1368300839586669,4.815050654505495,-0.4388040075575946,-0.012469565432156686,0.7486231903595209
RF03_curve-topo-area_kndvi,RF,curve+topo+area,kndvi,,none,RF,alpha,hill_q0,1082,3,0.594130867708648,0.00401995257276543,0.13704522615977088,4.822621508562347,-0.43652560331305185,-0.012404819645156323,0.74996160288295
C1D01_curve1d_kndvi_ctxclim-topo-area,C1D,clim+topo+area,kndvi,curve1d,late,C1D-B,alpha,hill_q0,1082,5,0.5938341018096329,0.00892291945419479,0.13708985136641208,4.824191869584049,-0.3261769787453247,-0.009269024687278322,0.7526062297747761
RF02_lsp-qc-topo-area_evi,RF,lsp+qc+topo+area,evi,,none,RF,alpha,hill_q0,1082,3,0.5923630444669922,0.010034561597456589,0.13733759646743793,4.83291001968915,-0.6296905933089575,-0.01789402083856085,0.7416662209576742
RF01_lsp-topo-area_savi,RF,lsp+topo+area,savi,,none,RF,alpha,hill_q0,1082,3,0.5911976025491424,0.010251012747399828,0.13753352104424268,4.8398046055469095,-0.6444101694605421,-0.018312309447585703,0.7425334875292952
C2D02_serpentine_kndvi_ctxclim-topo-area,C2D,clim+topo+area,kndvi,serpentine,late,C2D-B,alpha,hill_q0,1082,5,0.5902324693334897,0.014643716947549654,0.13768514274203097,4.845140173092078,-0.2669335373400652,-0.007585494098893568,0.7521101443372611
RF04_lsp-curve-topo-area_ndvi,RF,lsp+curve+topo+area,ndvi,,none,RF,alpha,hill_q0,1082,3,0.5898824727137612,0.004703863574339215,0.1377602308843032,4.847782524818638,-0.43041937819479387,-0.012231298044751156,0.7445238643349574
RF03_curve-topo-area_ndvi,RF,curve+topo+area,ndvi,,none,RF,alpha,hill_q0,1082,3,0.589385638428145,0.007036902602173813,0.1378418005608702,4.850652961737031,-0.3800030010301127,-0.010798607588238479,0.7475391479877315
RF02_lsp-qc-topo-area_savi,RF,lsp+qc+topo+area,savi,,none,RF,alpha,hill_q0,1082,3,0.5890252024814683,0.007579138686751474,0.13790175640504787,4.852762807893643,-0.6188676016254567,-0.017586462109276946,0.7399538079235208
MLP01_lsp_nbr,MLP,lsp,nbr,tabular,late,MLP-B,alpha,hill_q0,1082,3,0.5860275637264398,0.010751701143039628,0.13839994730835078,4.870294145780872,-0.2057009693634244,-0.005845438174578689,0.6792434163896527
C2D01_reshape_kndvi_ctxclim-topo-area,C2D,clim+topo+area,kndvi,reshape,late,C2D-B,alpha,hill_q0,1082,5,0.5799174282861407,0.027723716406477614,0.1393633992211723,4.904198018593061,-0.23711479854143325,-0.006738130109162628,0.7461562551790143
C2D01_reshape_nbr,C2D,topo+area,nbr,reshape,late,C2D-B,alpha,hill_q0,1082,3,0.574628883403964,0.03192306444853205,0.14023443152547319,4.9348496453814095,-0.1336774422732713,-0.0037987337957735446,0.7239871222434425
RF08_lsp-curve-topo_nbr,RF,lsp+curve+topo,nbr,,none,RF,alpha,hill_q0,1082,3,0.5743027919170337,0.007023570781686808,0.14035084718058352,4.938946312284743,-0.42976668655458994,-0.012212750399391565,0.710307173897931
MLP01_lsp_ndvi,MLP,lsp,ndvi,tabular,late,MLP-B,alpha,hill_q0,1082,3,0.5741793172144285,0.005582933346562961,0.14037235390690359,4.939703133983945,-0.368336302879331,-0.0104670731139338,0.706939806819431
MLP05c_curve_kndvi,MLP,curve,kndvi,tabular,late,MLP-C,alpha,hill_q0,1082,3,0.5739402607481962,0.027110320528053556,0.14036557116207357,4.939464449193378,-0.12889464459035335,-0.0036628202497969043,0.7357188076676189
MLP03_lsp-curve-qc_kndvi,MLP,lsp+curve+qc,kndvi,tabular,late,MLP-B,alpha,hill_q0,1082,3,0.5729144755904121,0.06419014008148553,0.14030726907195143,4.93741279864198,-0.2978401978235667,-0.008463773737526744,0.723513291416547
C2D02_serpentine_nbr,C2D,topo+area,nbr,serpentine,late,C2D-B,alpha,hill_q0,1082,3,0.5724485058267585,0.007774637435156835,0.1406554717594157,4.949666051213847,-0.14385360528813865,-0.00408791148872232,0.7243247071064238
MLP02_curve_evi,MLP,curve,evi,tabular,late,MLP-B,alpha,hill_q0,1082,3,0.5703488013594105,0.01010514710667616,0.14099780255447278,4.961712671891907,-0.2787375551791998,-0.007920930809298074,0.7309400522188492
C2D07_hilbert_nbr,C2D,topo+area,nbr,hilbert,late,C2D-B,alpha,hill_q0,1082,3,0.5690974690311931,0.03146045262997801,0.1411467012390701,4.966952416602886,-0.1950617678425349,-0.005543102240481231,0.725552731186264
MLP02_curve_ndvi,MLP,curve,ndvi,tabular,late,MLP-B,alpha,hill_q0,1082,3,0.5678316080729408,0.018901356529368793,0.1413942890400299,4.975665031318661,-0.19525791224739386,-0.005548676108195324,0.7346365086587228
MLP02_curve_nbr,MLP,curve,nbr,tabular,late,MLP-B,alpha,hill_q0,1082,3,0.5632726225275122,0.02361227648733812,0.1421264693236403,5.0014304554989115,-0.1791693725181007,-0.005091485436717827,0.7382369584957691
MLP01_lsp_kndvi,MLP,lsp,kndvi,tabular,late,MLP-B,alpha,hill_q0,1082,3,0.5631139617491883,0.03792794684687803,0.142095583646592,5.000343588523582,-0.2612401659475749,-0.007423704630507937,0.7187032462552422
MLP02_curve_savi,MLP,curve,savi,tabular,late,MLP-B,alpha,hill_q0,1082,3,0.5619517902209777,0.0429678960730316,0.14225781576141516,5.006052536644209,-0.3209340535688303,-0.00912003562287098,0.728551729162687
C2D06_cwt_kndvi,C2D,topo+area,kndvi,cwt,late,C2D-B,alpha,hill_q0,1082,3,0.5607537292685713,0.008576777588731755,0.14256555754610986,5.016881970047614,-0.33545261693416767,-0.009532612018589575,0.6776855977407606
MLP01_lsp_savi,MLP,lsp,savi,tabular,late,MLP-B,alpha,hill_q0,1082,3,0.5588937993633007,0.006475877054904906,0.1428690834801877,5.027563047667814,-0.10097796598496588,-0.00286950741645256,0.6863254940998956
MLP07_curve_all,MLP,curve_all,,tabular,late,MLP-A,alpha,hill_q0,1082,5,0.5573936946954752,0.017587675533754444,0.14309156911869453,5.035392317286869,-0.3996125047693038,-0.011355854071307278,0.7671193086506429
C2D07_hilbert_ndvi,C2D,topo+area,ndvi,hilbert,late,C2D-B,alpha,hill_q0,1082,3,0.5535906639892091,0.028659321181384093,0.14367925879408805,5.056073116963968,-0.13127091850228034,-0.0037303472151827273,0.6955483580268459
C2D01_reshape_ndvi,C2D,topo+area,ndvi,reshape,late,C2D-B,alpha,hill_q0,1082,3,0.5479102081589761,0.006974497312758808,0.1446365946127538,5.089761764422815,-0.1498081719029908,-0.004257123384569209,0.6853541475456065
C2D02_serpentine_kndvi_mixup,C2D,topo+area,kndvi,serpentine,late,C2D-B,alpha,hill_q0,1082,3,0.546382331588989,0.011625060371997474,0.14487579272542583,5.098179146007745,-0.2507227032755079,-0.007124828169238633,0.7093873336036761
MLP02_curve_kndvi,MLP,curve,kndvi,tabular,late,MLP-B,alpha,hill_q0,1082,3,0.5458371030740158,0.028968313363352254,0.1449208943691557,5.099766272850599,-0.21514976792219653,-0.006113946232514809,0.7303631360672465
C2D02_serpentine_kndvi_wC,C2D,topo+area,kndvi,serpentine,late,C2D-C,alpha,hill_q0,1082,3,0.5456962606163214,0.013853905995045854,0.14498197514951033,5.101915705511278,-0.06352353598879777,-0.0018051587379595794,0.7056899348326419
C2D01_reshape_evi,C2D,topo+area,evi,reshape,late,C2D-B,alpha,hill_q0,1082,3,0.5453416744768793,0.00716948412686511,0.1450467549176405,5.104195305551777,-0.016750042547133564,-0.000475988705516725,0.6946705312765072
C2D02_serpentine_evi,C2D,topo+area,evi,serpentine,late,C2D-B,alpha,hill_q0,1082,3,0.5449453118082751,0.038849318818331875,0.14502666660458055,5.103488397815199,-0.1882031108639516,-0.005348198660527176,0.7012393614430907
C2D07_hilbert_evi,C2D,topo+area,evi,hilbert,late,C2D-B,alpha,hill_q0,1082,3,0.5441439313448101,0.020850013886631418,0.14521530619641457,5.110126625051837,-0.18708756623726974,-0.005316498045958212,0.6982963223989898
C2D07_hilbert_kndvi_calendar,C2D,topo+area,kndvi,hilbert,late,C2D-B,alpha,hill_q0,1082,3,0.5431203387340413,0.013811331902045247,0.14539268431925925,5.116368561194743,-0.3411216921924571,-0.009693711059745848,0.7121409683739479
C1D02_curve5,C1D,topo+area,,curve5,late,C1D-B,alpha,hill_q0,1082,3,0.5429839893781644,0.04868444026563231,0.14528720306276924,5.112656675778858,-0.23278460013286642,-0.0066150781509765845,0.701229607095876
C2D02_serpentine_kndvi_calendar,C2D,topo+area,kndvi,serpentine,late,C2D-B,alpha,hill_q0,1082,3,0.5428480601944133,0.0146453086025912,0.14543453164751532,5.117841168676073,-0.307555020625293,-0.008739841449994101,0.7030962753246439
C2D02_serpentine_savi,C2D,topo+area,savi,serpentine,late,C2D-B,alpha,hill_q0,1082,3,0.5407224564678331,0.02215768197582506,0.14575634569927123,5.129165805157364,-0.2050226820259644,-0.005826163172093322,0.6987613921481804
MLP01_lsp_evi,MLP,lsp,evi,tabular,late,MLP-B,alpha,hill_q0,1082,3,0.5405658553063902,0.009142428990866562,0.1458047734792722,5.130869978735599,-0.23482891239410808,-0.00667317170770411,0.6813863938205644
C2D01_reshape_savi,C2D,topo+area,savi,reshape,late,C2D-B,alpha,hill_q0,1082,3,0.5403221085488373,0.008526806749116394,0.1458440998216047,5.132253872722278,-0.05375976133044997,-0.0015276999525561195,0.6842881219757059
C2D07_hilbert_kndvi_film,C2D,topo+area,kndvi,hilbert,film,C2D-B,alpha,hill_q0,1082,3,0.5400489898201415,0.020927413596968637,0.14586640668835268,5.13303885136314,-0.20640784630173067,-0.005865525612439054,0.7022611513086586
MLP05a_curve_kndvi,MLP,curve,kndvi,tabular,late,MLP-A,alpha,hill_q0,1082,3,0.5382958779212551,0.06540884882126853,0.14593347475558563,5.135398976649068,-0.4634192404592623,-0.013169060541610158,0.7317941396719833
C2D02_serpentine_kndvi_noaug,C2D,topo+area,kndvi,serpentine,late,C2D-B,alpha,hill_q0,1082,3,0.5378269873077689,0.010482637353571984,0.1462372850878582,5.146090062241739,-0.25266164525680285,-0.007179927401443662,0.7240128261680701
C2D02_serpentine_ndvi,C2D,topo+area,ndvi,serpentine,late,C2D-B,alpha,hill_q0,1082,3,0.5360491720544909,0.013855198125131077,0.1465135890742659,5.1558131995234255,-0.3176825495218837,-0.009027637099229416,0.7112343833322138
C2D01_reshape_kndvi_v2,C2D,topo+area,kndvi,reshape,late,C2D-B,alpha,hill_q0,1082,3,0.5358399891246339,0.008829994771567467,0.14655319187972585,5.157206822247562,-0.2365120838424117,-0.006721002666735189,0.7017082519241457
C1D01_curve1d_nbr,C1D,topo+area,nbr,curve1d,late,C1D-B,alpha,hill_q0,1082,3,0.5328843810426813,0.008676713019977638,0.1470192553347119,5.173607595228521,-0.21561676253460657,-0.00612721689498739,0.7011705270016285
C2D07_hilbert_savi,C2D,topo+area,savi,hilbert,late,C2D-B,alpha,hill_q0,1082,3,0.5316594213578821,0.027479543360732956,0.147173680674883,5.179041822949141,-0.1656210327359699,-0.004706480043647901,0.7027576453798988
C1D01_curve1d_ndvi,C1D,topo+area,ndvi,curve1d,late,C1D-B,alpha,hill_q0,1082,3,0.5314642262685492,0.006560445011753582,0.14724437136941246,5.181529428489633,-0.25688918082249906,-0.007300061972790525,0.6858372093343076
C2D09_spectrogram_kndvi,C2D,topo+area,kndvi,spectrogram,late,C2D-B,alpha,hill_q0,1082,3,0.5304302684897402,0.010315210027772114,0.14740320319105232,5.1871187202931415,-0.3415719679880276,-0.009706506620858963,0.6891252309517913
C2D02_serpentine_kndvi,C2D,topo+area,kndvi,serpentine,late,C2D-B,alpha,hill_q0,1082,3,0.5291046419558034,0.010387827198844036,0.14761108488680616,5.194434077166718,-0.26775880559295273,-0.007608945882152667,0.701528137833534
RF08_lsp-curve-topo_kndvi,RF,lsp+curve+topo,kndvi,,none,RF,alpha,hill_q0,1082,3,0.5277138585208799,0.004327750816547428,0.14783388939040273,5.202274567648281,-0.3877048688106721,-0.011017472827811065,0.7085390355093669
RF08_lsp-curve-topo_ndvi,RF,lsp+curve+topo,ndvi,,none,RF,alpha,hill_q0,1082,3,0.5260146809685643,0.005365366832203325,0.14809903908929423,5.211605185552273,-0.37662915249138934,-0.010702732381113631,0.7076766367575361
C2D02_serpentine_kndvi_v2,C2D,topo+area,kndvi,serpentine,late,C2D-B,alpha,hill_q0,1082,3,0.5255431584645965,0.027601841002868853,0.14813282624070215,5.212794155410319,-0.2442021848557487,-0.006939533528154258,0.6930957826058105
RF08_lsp-curve-topo_savi,RF,lsp+curve+topo,savi,,none,RF,alpha,hill_q0,1082,3,0.5232590737597372,0.004123464186597682,0.14852958055624035,5.226755939774108,-0.5185389727248116,-0.0147354070112194,0.7037671921856788
RF08_lsp-curve-topo_evi,RF,lsp+curve+topo,evi,,none,RF,alpha,hill_q0,1082,3,0.5217044065951036,0.007596403354047326,0.14876936723239076,5.235194032907841,-0.5069900884303417,-0.014407220472587119,0.7046676928492067
C2D07_hilbert_kndvi,C2D,topo+area,kndvi,hilbert,late,C2D-B,alpha,hill_q0,1082,3,0.5216661735547617,0.01556631950841278,0.14876541731431403,5.235055035290721,-0.32342560288420125,-0.009190838388297828,0.699185167427509
C2D01_reshape_kndvi,C2D,topo+area,kndvi,reshape,late,C2D-B,alpha,hill_q0,1082,3,0.5212636601171571,0.010105436397189691,0.14883546383653626,5.23751997240772,-0.23523151581428547,-0.006684612555108982,0.6777213077748939
C2D02_serpentine_kndvi_wX,C2D,topo+area,kndvi,serpentine,late,C2D-X,alpha,hill_q0,1082,3,0.5196224933319894,0.020235206060945664,0.1490738998906905,5.245910537153409,-0.023072898542282488,-0.00065566634107083,0.715217764894614
C2D02_serpentine_kndvi_film,C2D,topo+area,kndvi,serpentine,film,C2D-B,alpha,hill_q0,1082,3,0.5169985661756699,0.03917878777800399,0.14942114361926853,5.258130043962068,-0.05081273515609273,-0.001443953826544264,0.7005830771144064
MLP04_curve_all,MLP,curve_all,,tabular,late,MLP-A,alpha,hill_q0,1082,3,0.5157358168772737,0.02554596383619739,0.14966267064748562,5.266629380085029,-0.588841650127795,-0.01673320972230161,0.7540880580015799
B02_area,BASE,area,,,none,RF,alpha,hill_q0,1082,3,0.5145715440614544,0.004265175013535942,0.14987675128632907,5.274162877765928,-0.3473044014017173,-0.009869406121105904,0.571377661939839
C1D01_curve1d_evi,C1D,topo+area,evi,curve1d,late,C1D-B,alpha,hill_q0,1082,3,0.5115634203006266,0.008349884392572698,0.15033771740953153,5.290384275641423,-0.1832521058810548,-0.005207505140126583,0.6815677910868719
C2D07_hilbert_kndvi_wX,C2D,topo+area,kndvi,hilbert,late,C2D-X,alpha,hill_q0,1082,3,0.5097884441752454,0.017321183534793085,0.15059859753480423,5.2995646472497695,0.25519931954937686,0.007252040907910667,0.7110460027248049
C2D02_serpentine_kndvi_patch,C2D,topo+area,kndvi,serpentine,patch,C2D-B,alpha,hill_q0,1082,3,0.5091107527715482,0.029828946648145303,0.1506711900607934,5.302119178239329,-0.17690798973298594,-0.00502722335132099,0.6719038888000256
C2D07_hilbert_kndvi_patchctx,C2D,topo+area,kndvi,hilbert,patchctx,C2D-B,alpha,hill_q0,1082,3,0.5082909286337695,0.014691304469530812,0.15083294864142005,5.307811462691582,-0.23253696290204184,-0.006608041003183896,0.6670530405549474
C2D07_hilbert_kndvi_wC,C2D,topo+area,kndvi,hilbert,late,C2D-C,alpha,hill_q0,1082,3,0.5074337205032805,0.01503783469921674,0.1509638296986291,5.312417167094767,-0.06584705664830792,-0.0018711866055216777,0.6943192559396798
C1D01_curve1d_kndvi,C1D,topo+area,kndvi,curve1d,late,C1D-B,alpha,hill_q0,1082,3,0.5068202452977996,0.018318770141259714,0.15105236124862126,5.3155325923389904,-0.15871166066556144,-0.004510135284613844,0.6662354802311495
C1D01_curve1d_savi,C1D,topo+area,savi,curve1d,late,C1D-B,alpha,hill_q0,1082,3,0.5039753494431959,0.02418332681853489,0.15147499445931922,5.330405055023454,-0.27836959361754215,-0.007910474385266883,0.6790657681956379
C1D01_curve1d_nbr_v2,C1D,topo+area,nbr,curve1d,late,C1D-B,alpha,hill_q0,1082,3,0.5018260338041481,0.020829933879280376,0.151810271122814,5.3422034408118355,-0.28748942170913305,-0.008169634035496804,0.613633933539624
C2D07_hilbert_kndvi_v2,C2D,topo+area,kndvi,hilbert,late,C2D-B,alpha,hill_q0,1082,3,0.5017240134563864,0.008224607028558989,0.15184467662066237,5.343414170281118,-0.2792866611194731,-0.007936534842838098,0.6878202795843769
C2D07_hilbert_kndvi_patch,C2D,topo+area,kndvi,hilbert,patch,C2D-B,alpha,hill_q0,1082,3,0.5011498573324763,0.006248017699256322,0.15193359799265846,5.34654331336166,-0.11138762196641971,-0.003165320317317975,0.6561712046810092
C1D01_curve1d_ndvi_v2,C1D,topo+area,ndvi,curve1d,late,C1D-B,alpha,hill_q0,1082,3,0.50073139151291,0.0036264728815285107,0.15199862973172915,5.348831780259558,-0.1806273988063446,-0.005132918408819104,0.6404912862058368
C2D02_serpentine_kndvi_patchctx,C2D,topo+area,kndvi,serpentine,patchctx,C2D-B,alpha,hill_q0,1082,3,0.49881039268144756,0.00572680470085164,0.15228977482316305,5.359077176027118,-0.05251003880627316,-0.0014921863826732893,0.6705350639023197
C1D01_curve1d_kndvi_v2,C1D,topo+area,kndvi,curve1d,late,C1D-B,alpha,hill_q0,1082,3,0.49867305928562006,0.004984135549850564,0.1523110467471187,5.359825735031116,-0.23766860830567152,-0.0067538678120395304,0.6295420447477927
C1D01_curve1d_savi_v2,C1D,topo+area,savi,curve1d,late,C1D-B,alpha,hill_q0,1082,3,0.4960059217349558,0.00828829145659453,0.1527134866595636,5.373987595550054,-0.26995142646513526,-0.00767125394899502,0.6515429850399524
C1D01_curve1d_evi_v2,C1D,topo+area,evi,curve1d,late,C1D-B,alpha,hill_q0,1082,3,0.49599284708060537,0.011724456654203427,0.152712062008051,5.373937462063324,-0.2809070402428081,-0.00798258142207467,0.6198997803878207
C2D11_pxcube_kndvi,C2D,topo+area,kndvi,pxcube,late,C2D-B,alpha,hill_q0,1082,3,0.4936370295608345,0.003406106352915528,0.15307482861219998,5.386703218863327,-0.36168929454881776,-0.01027818398831535,0.648851830933471
C2D10_stack5,C2D,topo+area,,stack5,late,C2D-B,alpha,hill_q0,1082,3,0.49070815286526437,0.01115050339125334,0.15351135488996434,5.402064578577854,-0.2569494352465876,-0.0073017742326395895,0.6358172164290118
C2D07_hilbert_kndvi_wA,C2D,topo+area,kndvi,hilbert,late,C2D-A,alpha,hill_q0,1082,3,0.48954412696990124,0.02702704464317377,0.15365740555717008,5.407204101556825,-0.4462188345938882,-0.012680273787834253,0.6748177428861855
B01_topo-area,BASE,topo+area,,,none,RF,alpha,hill_q0,1082,3,0.4837108839975601,0.019419263162170585,0.15455043114694225,5.438629672060909,-0.7377170736817332,-0.020963827044095815,0.6605979332006381
C2D02_serpentine_kndvi_wA,C2D,topo+area,kndvi,serpentine,late,C2D-A,alpha,hill_q0,1082,3,0.46457886448948793,0.026816726334982707,0.15737301770533252,5.537956493050661,-0.4816594726068084,-0.013687396209343781,0.6702872301747123
C2D08_cos2d_kndvi,C2D,topo+area,kndvi,cos2d,late,C2D-B,alpha,hill_q0,1082,3,0.4239697880280135,0.03621743053244331,0.1632136100516954,5.7434869377191715,-0.2647755688034757,-0.007524170753153601,0.5601246187970529
C2D02_serpentine_kndvi_none,C2D,topo+area,kndvi,serpentine,none,C2D-B,alpha,hill_q0,1082,3,0.41464786381157076,0.008537454972832396,0.16457936483331215,5.791547848484264,-0.18195206420278817,-0.0051705616425913,0.6412689874311207
C2D07_hilbert_kndvi_nperSample,C2D,topo+area,kndvi,hilbert,late,C2D-B,alpha,hill_q0,1082,3,0.3996248491036824,0.023479161315550445,0.16665971131709123,5.86475524124845,-0.5658091130990353,-0.016078690340978526,0.7035787128680963
C2D07_hilbert_kndvi_none,C2D,topo+area,kndvi,hilbert,none,C2D-B,alpha,hill_q0,1082,3,0.369438224796506,0.03749666183251161,0.17076857200689965,6.0093460489228105,-0.2558090865575938,-0.00726936875696486,0.6383983727178181
C2D02_serpentine_kndvi_nperSample,C2D,topo+area,kndvi,serpentine,late,C2D-B,alpha,hill_q0,1082,3,0.36439570077998823,0.022652003475925636,0.1714831692687698,6.034492726568021,-0.37058444730418794,-0.010530959002676532,0.6938025826708328
C2D04_mtf_kndvi,C2D,topo+area,kndvi,mtf,late,C2D-B,alpha,hill_q0,1082,3,0.08122475053769744,0.015108930131186925,0.20619083144214753,7.2558553584491845,-0.3354298517313623,-0.009531965096088708,0.45742217202905316
C2D03_gaf_kndvi,C2D,topo+area,kndvi,gaf,late,C2D-B,alpha,hill_q0,1082,3,0.0491812310404919,0.008525600544719835,0.2097589105889177,7.381416063624028,-0.01922544680212679,-0.0005463326741155667,0.4340878567487049
C2D02_serpentine_kndvi_nglobal,C2D,topo+area,kndvi,serpentine,late,C2D-B,alpha,hill_q0,1082,3,0.0295845385044327,0.007715144720190062,0.21190978414504932,7.4571053040642985,-0.3998310633104248,-0.01136206488520671,0.33778909432495957
C2D05_ndi_kndvi,C2D,topo+area,kndvi,ndi,late,C2D-B,alpha,hill_q0,1082,3,0.01699354610484567,0.018378466867952158,0.21327499796089022,7.505147178243739,-0.2752005894354906,-0.007820420273813305,0.38480959101216033
C2D07_hilbert_kndvi_nglobal,C2D,topo+area,kndvi,hilbert,late,C2D-B,alpha,hill_q0,1082,3,0.0081518724844241,0.040390851986400064,0.21420888822677134,7.538010776700097,-0.21653783396834247,-0.006153391132945216,0.3318467489172763
B00_area,BASE,area,,,none,mean,alpha,hill_q0,1082,3,-0.006480107137099701,0.0061308460537869355,0.2158120569888525,7.594426285437731,-0.45637419131238444,-0.012968860224847506,0.0065698921732317665
MLP06_curve_kndvi,MLP,curve,kndvi,tabular,late,MLP-B,alpha,hill_q1,1082,5,0.4605567220492374,0.016441082938613395,0.14859693563418538,2.499276347781174,-0.014180538587031999,-0.0008431178815203873,0.6557047000346998
MLP07_curve_all,MLP,curve_all,,tabular,late,MLP-A,alpha,hill_q1,1082,5,0.4463398889372061,0.01847604065028262,0.15053946477104313,2.5319480654441557,-0.06134185170192992,-0.0036471401800468343,0.652349225529959
B03_coords,BASE,coords,,,none,RF,alpha,hill_q1,1082,3,0.4329291006786198,0.005929161626601943,0.15236749035015604,2.5626939289003388,-0.11906511625585225,-0.007079133698942512,0.6418359889753789
C1D01_curve1d_kndvi_ctxclim-topo-area,C1D,clim+topo+area,kndvi,curve1d,late,C1D-B,alpha,hill_q1,1082,5,0.4315965503917506,0.005382244712787639,0.15254642744281882,2.565703501348951,-0.09121915693993238,-0.005423524775258103,0.6335506697418845
C2D02_serpentine_kndvi_ctxclim-topo-area,C2D,clim+topo+area,kndvi,serpentine,late,C2D-B,alpha,hill_q1,1082,5,0.43135832494606197,0.022539781699396404,0.15255559866249088,2.565857753603944,-0.04416244727475831,-0.002625721777810359,0.6360117616553037
C2D01_reshape_kndvi_ctxclim-topo-area,C2D,clim+topo+area,kndvi,reshape,late,C2D-B,alpha,hill_q1,1082,5,0.42270297522249545,0.014149391232788237,0.15372738268635064,2.58556618220001,-0.04905710151846998,-0.0029167382643426037,0.6298814385777415
RF03_curve-topo-area_kndvi,RF,curve+topo+area,kndvi,,none,RF,alpha,hill_q1,1082,3,0.414004923248319,0.005130533862871283,0.15488943359406673,2.6051109079117314,-0.2357238463225009,-0.014015193338073459,0.6347886318627783
C2D02_serpentine_kndvi_noaug,C2D,topo+area,kndvi,serpentine,late,C2D-B,alpha,hill_q1,1082,3,0.4106450996802427,0.0216720515419282,0.1553162456983864,2.6122895310288246,0.03367076581324264,0.0020019285281301833,0.6108774366581307
MLP02_curve_ndvi,MLP,curve,ndvi,tabular,late,MLP-B,alpha,hill_q1,1082,3,0.4052028600012158,0.015241674159890788,0.15604088779493575,2.624477405864756,-0.026444607292931438,-0.0015722901596166739,0.614684888367872
RF04_lsp-curve-topo-area_kndvi,RF,lsp+curve+topo+area,kndvi,,none,RF,alpha,hill_q1,1082,3,0.4043350525442592,0.003117955487605595,0.15616280879954672,2.626528015332721,-0.25572850077435477,-0.015204589761804393,0.6302537366451149
MLP05c_curve_kndvi,MLP,curve,kndvi,tabular,late,MLP-C,alpha,hill_q1,1082,3,0.4037984594880499,0.00608155573444059,0.15623213054755036,2.627693949235953,0.026140761489489767,0.0015542247082563944,0.6298173294359598
MLP03_lsp-curve-qc_kndvi,MLP,lsp+curve+qc,kndvi,tabular,late,MLP-B,alpha,hill_q1,1082,3,0.40215855426640285,0.028084985627176106,0.15641945559927664,2.630844600150309,-0.01398151981229546,-0.0008312850243472406,0.6227326658791348
MLP02_curve_kndvi,MLP,curve,kndvi,tabular,late,MLP-B,alpha,hill_q1,1082,3,0.4020319033523568,0.02775523055536078,0.156436908951296,2.6311381509540674,0.0218392012676973,0.0012984712106602822,0.620570456614885
RF03_curve-topo-area_ndvi,RF,curve+topo+area,ndvi,,none,RF,alpha,hill_q1,1082,3,0.40113176615790946,0.001662404665157928,0.15658239800377935,2.633585155302985,-0.23382707297468697,-0.013902418811427786,0.6292938249923624
MLP05a_curve_kndvi,MLP,curve,kndvi,tabular,late,MLP-A,alpha,hill_q1,1082,3,0.40094624808231005,0.014888605640112301,0.15659874452136957,2.633860090076085,-0.09785176760850413,-0.00581787317193675,0.626030327274413
MLP04_curve_all,MLP,curve_all,,tabular,late,MLP-A,alpha,hill_q1,1082,3,0.4003434576797022,0.015417440675774928,0.15667685032489928,2.6351737644567383,-0.0935648341960616,-0.0055629893256896904,0.6322089385120115
RF04_lsp-curve-topo-area_ndvi,RF,lsp+curve+topo+area,ndvi,,none,RF,alpha,hill_q1,1082,3,0.3935012758369784,0.006511242891409006,0.157575381406726,2.650286306791287,-0.2733236155081253,-0.01625072462955977,0.6252291262430774
RF06_curve_all-topo-area,RF,curve_all+topo+area,,,none,RF,alpha,hill_q1,1082,3,0.3933853384751737,0.0033597099424275837,0.15759154844488735,2.6505582228702944,-0.26572606421175937,-0.015799004737933633,0.6244821889800142
RF03_curve-topo-area_evi,RF,curve+topo+area,evi,,none,RF,alpha,hill_q1,1082,3,0.3874557036940252,0.006364630787926001,0.15835887751389766,2.663464056930451,-0.294521755100861,-0.017511080887251215,0.6110686003246365
RF03_curve-topo-area_savi,RF,curve+topo+area,savi,,none,RF,alpha,hill_q1,1082,3,0.38427553967301864,0.00752759914740412,0.158768879032098,2.67035994002938,-0.2807391141176053,-0.01669162039946796,0.6028718944573915
RF03_curve-topo-area_kndvi_v2,RF,curve+topo+area,kndvi,,none,RF,alpha,hill_q1,1082,3,0.38345622984344724,0.004035820830568747,0.15887588542826558,2.6721596982401508,-0.21391458703607,-0.01271850235738532,0.618996475572105
RF03_curve-topo-area_ndvi_v2,RF,curve+topo+area,ndvi,,none,RF,alpha,hill_q1,1082,3,0.38120824328596403,0.004546223172619175,0.15916511465697933,2.6770242923000898,-0.21996691942756338,-0.013078349737853621,0.6201976578284025
C2D07_hilbert_kndvi_calendar,C2D,topo+area,kndvi,hilbert,late,C2D-B,alpha,hill_q1,1082,3,0.38070013801321556,0.028592351392632883,0.15920262548056116,2.677655193023337,-0.05576946381991041,-0.0033158283728638104,0.6058170167192771
C2D02_serpentine_kndvi_mixup,C2D,topo+area,kndvi,serpentine,late,C2D-B,alpha,hill_q1,1082,3,0.3802097604470444,0.021201377073273017,0.15927877887468286,2.6789360295084172,-0.0753016323883204,-0.004477132683262625,0.5976442646115391
RF04_lsp-curve-topo-area_nbr,RF,lsp+curve+topo+area,nbr,,none,RF,alpha,hill_q1,1082,3,0.3799757278852452,0.006077685550344149,0.15932298921198443,2.6796796104569336,-0.2715680550772872,-0.016146346055907937,0.6097002980478737
RF03_curve-topo-area_nbr,RF,curve+topo+area,nbr,,none,RF,alpha,hill_q1,1082,3,0.37721520677188564,0.002403629230352919,0.1596783514463859,2.6856565064376188,-0.2445579583018096,-0.014540434162418452,0.6163271651688453
C2D02_serpentine_kndvi,C2D,topo+area,kndvi,serpentine,late,C2D-B,alpha,hill_q1,1082,3,0.376133644743945,0.006704263153228926,0.1598156052862174,2.687965001387862,-0.012515664119959932,-0.0007441311311187597,0.5880344569405165
RF04_lsp-curve-topo-area_evi,RF,lsp+curve+topo+area,evi,,none,RF,alpha,hill_q1,1082,3,0.37580567333724263,0.004212650876919064,0.1598585382095449,2.6886870973002406,-0.3162994609418803,-0.018805895826780075,0.6125801941481002
RF01_lsp-topo-area_kndvi,RF,lsp+topo+area,kndvi,,none,RF,alpha,hill_q1,1082,3,0.374700380287813,0.004645240807120223,0.15999988448545774,2.6910644236073296,-0.3000521887349172,-0.01783989826332032,0.6256902466270048
MLP02_curve_evi,MLP,curve,evi,tabular,late,MLP-B,alpha,hill_q1,1082,3,0.3730127601156143,0.02797049036357238,0.16018945727624076,2.6942528796152874,-0.0509115388204281,-0.0030269956597048036,0.6127185961419072
C2D07_hilbert_kndvi,C2D,topo+area,kndvi,hilbert,late,C2D-B,alpha,hill_q1,1082,3,0.3724705802202197,0.011504451230177404,0.16028115416261948,2.6957951446580584,-0.03977683775719583,-0.002364971046593117,0.5889085762928136
C2D01_reshape_nbr,C2D,topo+area,nbr,reshape,late,C2D-B,alpha,hill_q1,1082,3,0.37153102193250254,0.008701590041096205,0.16040302412110732,2.697844895572866,-0.026832844637588043,-0.0015953731931379344,0.6038926924973927
RF03_curve-topo-area_nbr_v2,RF,curve+topo+area,nbr,,none,RF,alpha,hill_q1,1082,3,0.37010437259850204,0.002387375933895372,0.16058735940507787,2.7009452610906526,-0.24913762356307878,-0.014812722668913175,0.6030848672672575
MLP01_lsp_ndvi,MLP,lsp,ndvi,tabular,late,MLP-B,alpha,hill_q1,1082,3,0.368224312712264,0.0163564090833058,0.16081810253566348,2.704826167828227,-0.08507723281709778,-0.005058350630205612,0.6003034526076623
RF02_lsp-qc-topo-area_nbr,RF,lsp+qc+topo+area,nbr,,none,RF,alpha,hill_q1,1082,3,0.3680647157370691,0.003349429547386273,0.1608469634821249,2.7053115848427693,-0.2813881244861024,-0.01673020794983593,0.5960379456873751
RF02_lsp-qc-topo-area_kndvi,RF,lsp+qc+topo+area,kndvi,,none,RF,alpha,hill_q1,1082,3,0.36784274652434473,0.0007227385848747224,0.1608755687971327,2.705792702349767,-0.2983856973612804,-0.017740815378147146,0.6142414920207516
RF03_curve-topo-area_evi_v2,RF,curve+topo+area,evi,,none,RF,alpha,hill_q1,1082,3,0.3673358497630271,0.00476453908226633,0.16093931047065815,2.706864784060808,-0.2597471420277138,-0.015443522033616765,0.5897711408180132
RF01_lsp-topo-area_nbr,RF,lsp+topo+area,nbr,,none,RF,alpha,hill_q1,1082,3,0.3668978029119896,0.002293617396132259,0.16099560324369308,2.707811581486992,-0.28255181566503124,-0.016799396354458273,0.5996242202489046
C2D02_serpentine_ndvi,C2D,topo+area,ndvi,serpentine,late,C2D-B,alpha,hill_q1,1082,3,0.36658843974751293,0.010446972409501407,0.1610314759450905,2.7084149303632725,-0.0473067905099251,-0.0028126718002609275,0.6043134863135746
C2D07_hilbert_nbr,C2D,topo+area,nbr,hilbert,late,C2D-B,alpha,hill_q1,1082,3,0.36618668254848474,0.006787657970383215,0.16108462953271854,2.709308929312789,-0.022281369791682295,-0.0013247607755402931,0.6099192568079547
C2D07_hilbert_kndvi_wC,C2D,topo+area,kndvi,hilbert,late,C2D-C,alpha,hill_q1,1082,3,0.36595780555092366,0.017815007511975463,0.16110466410554333,2.709645894094635,0.031935346753431605,0.0018987474795206453,0.5890307632750579
C2D02_serpentine_kndvi_film,C2D,topo+area,kndvi,serpentine,film,C2D-B,alpha,hill_q1,1082,3,0.36581608754389405,0.01528367563558101,0.16112542348489448,2.7099950495168876,0.0583962983829151,0.003472009407756971,0.5857331364838791
C2D02_serpentine_kndvi_calendar,C2D,topo+area,kndvi,serpentine,late,C2D-B,alpha,hill_q1,1082,3,0.36511230652575577,0.017986370091388246,0.1612118829222699,2.711449225041792,-0.054797152733387734,-0.0032580186600368634,0.5816233323453069
RF04_lsp-curve-topo-area_savi,RF,lsp+curve+topo+area,savi,,none,RF,alpha,hill_q1,1082,3,0.36450047225446736,0.0031081568099298393,0.1612999859882882,2.712931045027694,-0.31851631279168546,-0.018937700935858334,0.6087691486568301
MLP02_curve_nbr,MLP,curve,nbr,tabular,late,MLP-B,alpha,hill_q1,1082,3,0.36396753429307654,0.027254403250844775,0.16134328028543257,2.7136592189458497,-0.01873211991810057,-0.0011137366302982152,0.6282353860841051
RF03_curve-topo-area_savi_v2,RF,curve+topo+area,savi,,none,RF,alpha,hill_q1,1082,3,0.3636235959848178,0.0013324121327300904,0.16141149328391388,2.7148065046081555,-0.24911674344701795,-0.014811481221057646,0.5883329771782373
MLP01_lsp_kndvi,MLP,lsp,kndvi,tabular,late,MLP-B,alpha,hill_q1,1082,3,0.3617654206322736,0.013062468254597904,0.16164142383663416,2.718673744464707,0.0006143686320697663,3.652789182612224e-05,0.6016614054624513
RF01_lsp-topo-area_ndvi,RF,lsp+topo+area,ndvi,,none,RF,alpha,hill_q1,1082,3,0.3607281264725361,0.004350070313264246,0.16177771591544185,2.7209660633978014,-0.30434951649590075,-0.018095400115792457,0.6161721908293654
MLP01_lsp_nbr,MLP,lsp,nbr,tabular,late,MLP-B,alpha,hill_q1,1082,3,0.35947500123936393,0.013127954965693661,0.16193113750540855,2.723546486401858,-0.027980110328166233,-0.0016635850041805608,0.5811788050770602
C2D02_serpentine_kndvi_wC,C2D,topo+area,kndvi,serpentine,late,C2D-C,alpha,hill_q1,1082,3,0.35851698026362194,0.014487963303252329,0.16205096523060503,2.7255618886583974,0.042194365691553236,0.002508707549831138,0.5981580603695168
C2D02_serpentine_nbr,C2D,topo+area,nbr,serpentine,late,C2D-B,alpha,hill_q1,1082,3,0.35783861749687623,0.014004025270299049,0.16213715914402868,2.727011598292199,0.018830510539751932,0.001119586541567735,0.6068670335899001
C2D07_hilbert_ndvi,C2D,topo+area,ndvi,hilbert,late,C2D-B,alpha,hill_q1,1082,3,0.3573247296545843,0.00502647412652778,0.16220758428632134,2.7281960903658073,0.024338251466421698,0.00144705470037967,0.5815051770802285
C2D01_reshape_ndvi,C2D,topo+area,ndvi,reshape,late,C2D-B,alpha,hill_q1,1082,3,0.3572635725968754,0.026451306074950203,0.16219303015938946,2.7279513021065607,0.013971026545149626,0.0008306611368191375,0.5727311184946228
MLP01_lsp_savi,MLP,lsp,savi,tabular,late,MLP-B,alpha,hill_q1,1082,3,0.3564075491134356,0.03687991258660509,0.1622803627210407,2.7294201628525414,0.0609534129373546,0.0036240451709060213,0.5683313439779193
C2D09_spectrogram_kndvi,C2D,topo+area,kndvi,spectrogram,late,C2D-B,alpha,hill_q1,1082,3,0.3559554200977883,0.01286570672494383,0.16237574824606993,2.7310244677166273,-0.0692929673218535,-0.004119881586591444,0.578593275012631
MLP02_curve_savi,MLP,curve,savi,tabular,late,MLP-B,alpha,hill_q1,1082,3,0.3557038409557039,0.027070612662173834,0.1623887333025632,2.7312428655216006,-0.032806855073992204,-0.001950563864663476,0.6088605335315163
C2D07_hilbert_kndvi_wA,C2D,topo+area,kndvi,hilbert,late,C2D-A,alpha,hill_q1,1082,3,0.3549593549315743,0.03190202246377962,0.16247335871617627,2.732666194298615,-0.13112884948407058,-0.007796394833995871,0.5611354877227619
C2D06_cwt_kndvi,C2D,topo+area,kndvi,cwt,late,C2D-B,alpha,hill_q1,1082,3,0.35480524772583516,0.01725798770055549,0.16251642306578437,2.733390500691265,-0.08221657469617898,-0.00488826738549241,0.5598556539670044
RF02_lsp-qc-topo-area_ndvi,RF,lsp+qc+topo+area,ndvi,,none,RF,alpha,hill_q1,1082,3,0.35412409760872426,0.0016681748364530463,0.16261173335368792,2.734993540129737,-0.30665883433144153,-0.018232702881079445,0.6077986616673822
C2D02_serpentine_kndvi_wA,C2D,topo+area,kndvi,serpentine,late,C2D-A,alpha,hill_q1,1082,3,0.3531501977667339,0.026838561599281184,0.1627108102897354,2.736659931444048,-0.10861215550201103,-0.006457642627055168,0.5609791815922999
RF05_lsp_all-topo-area,RF,lsp_all+topo+area,,,none,RF,alpha,hill_q1,1082,3,0.3526150029939205,0.006305318899236724,0.16280040100765467,2.738166772492423,-0.3241686569921107,-0.01927376662466403,0.6073245472373955
C2D07_hilbert_kndvi_wX,C2D,topo+area,kndvi,hilbert,late,C2D-X,alpha,hill_q1,1082,3,0.3525870960271711,0.027665049121629794,0.16278071074795009,2.7378355987696863,0.17330784962620338,0.01030418880995982,0.5951236616552529
C2D07_hilbert_kndvi_film,C2D,topo+area,kndvi,hilbert,film,C2D-B,alpha,hill_q1,1082,3,0.3501434337999056,0.0205717640824478,0.16309864875832317,2.743183050559285,-0.017805233014182967,-0.001058627656965237,0.5944403854590151
C2D01_reshape_kndvi_v2,C2D,topo+area,kndvi,reshape,late,C2D-B,alpha,hill_q1,1082,3,0.3468561245831317,0.025377451692076062,0.16350345967624247,2.7499916320967266,-0.037333225814699667,-0.0022196836929731793,0.5766115861580485
C2D07_hilbert_kndvi_v2,C2D,topo+area,kndvi,hilbert,late,C2D-B,alpha,hill_q1,1082,3,0.3438622140614438,0.02426749837884744,0.16387965673188187,2.756318952369193,-0.06455457021256457,-0.003838155521811406,0.5663865547259255
C1D01_curve1d_nbr,C1D,topo+area,nbr,curve1d,late,C1D-B,alpha,hill_q1,1082,3,0.3428475867166643,0.020994589031002306,0.16401139280136648,2.758534643030695,-0.09567363741061104,-0.005688370296791895,0.5866498037114874
C2D02_serpentine_kndvi_v2,C2D,topo+area,kndvi,serpentine,late,C2D-B,alpha,hill_q1,1082,3,0.339265752613018,0.03327398031273121,0.1644364465868605,2.765683692693706,-0.037842024584780094,-0.002249934824727981,0.5699733964439941
C1D02_curve5,C1D,topo+area,,curve5,late,C1D-B,alpha,hill_q1,1082,3,0.33784332014522017,0.03014188003668676,0.16462047403379118,2.7687788806495917,-0.029207006385094963,-0.0017365313170455367,0.5715193198262257
RF08_lsp-curve-topo_kndvi,RF,lsp+curve+topo,kndvi,,none,RF,alpha,hill_q1,1082,3,0.3365508179544805,0.0029521204972903026,0.16480891276540446,2.7719482627294916,-0.240517848280426,-0.014300225443868555,0.5796915889877634
C2D02_serpentine_kndvi_wX,C2D,topo+area,kndvi,serpentine,late,C2D-X,alpha,hill_q1,1082,3,0.3339037031869501,0.017379309796788305,0.1651282624524173,2.7773194577411258,0.11610910247238347,0.006903380989440885,0.5918223115718958
C2D01_reshape_kndvi,C2D,topo+area,kndvi,reshape,late,C2D-B,alpha,hill_q1,1082,3,0.3338613313300225,0.01782892716249423,0.1651330120124931,2.7773993413747227,-0.03716623040394129,-0.0022097548164302966,0.5719512592952888
RF08_lsp-curve-topo_ndvi,RF,lsp+curve+topo,ndvi,,none,RF,alpha,hill_q1,1082,3,0.3317065989958506,0.0032557707817412016,0.16540944599332108,2.7820487300519368,-0.25065618593124733,-0.01490301028943964,0.5768668966506306
MLP01_lsp_evi,MLP,lsp,evi,tabular,late,MLP-B,alpha,hill_q1,1082,3,0.33114548242886616,0.012727946536809389,0.16547418087253815,2.7831375166531758,0.0183816304583183,0.0010928979344325216,0.5678152962999632
C1D01_curve1d_ndvi,C1D,topo+area,ndvi,curve1d,late,C1D-B,alpha,hill_q1,1082,3,0.32718901485360846,0.014327290587130014,0.16596167238578405,2.7913367167483845,-0.062301581733563004,-0.0037042018738700816,0.5801086979813285
RF01_lsp-topo-area_evi,RF,lsp+topo+area,evi,,none,RF,alpha,hill_q1,1082,3,0.32715357448967214,0.0015447456231148383,0.16597220509329527,2.791513868091705,-0.34923840611572105,-0.020764313238364255,0.5962814501609665
C2D11_pxcube_kndvi,C2D,topo+area,kndvi,pxcube,late,C2D-B,alpha,hill_q1,1082,3,0.3256286055205209,0.0062519369605166355,0.1661590672042528,2.7946567327289835,-0.13223515495286609,-0.007862171314729709,0.5326386157788926
C2D02_serpentine_evi,C2D,topo+area,evi,serpentine,late,C2D-B,alpha,hill_q1,1082,3,0.3233549227069306,0.014925644821714958,0.1664334055105814,2.799270873911446,-0.03237710112642745,-0.0019250124206458875,0.5709895755374732
C2D07_hilbert_kndvi_nperSample,C2D,topo+area,kndvi,hilbert,late,C2D-B,alpha,hill_q1,1082,3,0.3185411764434803,0.023275952042227835,0.16701491409834104,2.809051362676014,0.009704715515139758,0.0005770034146210275,0.5767090043776465
C2D07_hilbert_savi,C2D,topo+area,savi,hilbert,late,C2D-B,alpha,hill_q1,1082,3,0.3169787863995852,0.01060776072441211,0.16721913042278194,2.812486110689676,-0.042610227435443494,-0.002533433019203277,0.5692433407760372
RF01_lsp-topo-area_savi,RF,lsp+topo+area,savi,,none,RF,alpha,hill_q1,1082,3,0.31436164511267606,0.00409565234893029,0.16754205661832186,2.8179174595876018,-0.3542746172276729,-0.021063746127851352,0.5927693009053455
C2D07_hilbert_evi,C2D,topo+area,evi,hilbert,late,C2D-B,alpha,hill_q1,1082,3,0.3141839226678332,0.008329847893447238,0.16756220064382707,2.818256265272117,-0.04958495808228103,-0.0029481224959848353,0.5596272182871698
C2D02_serpentine_savi,C2D,topo+area,savi,serpentine,late,C2D-B,alpha,hill_q1,1082,3,0.3138542378678791,0.012107925664032015,0.1676001997400324,2.8188953783330817,-0.027749022040550336,-0.0016498454225487966,0.561915553878939
RF02_lsp-qc-topo-area_evi,RF,lsp+qc+topo+area,evi,,none,RF,alpha,hill_q1,1082,3,0.3125821932335193,0.0017679384685977536,0.16775973420261248,2.8215786147489648,-0.3375505994927317,-0.020069403189700356,0.5929428555458226
C2D01_reshape_savi,C2D,topo+area,savi,reshape,late,C2D-B,alpha,hill_q1,1082,3,0.3122765717662347,0.010795244517404708,0.16779366754337774,2.8221493451991844,-0.014557147861570563,-0.0008655095566856924,0.5515419827273479
C1D01_curve1d_savi,C1D,topo+area,savi,curve1d,late,C1D-B,alpha,hill_q1,1082,3,0.30941769114748396,0.025586525541220675,0.16812614368677237,2.827741316243818,-0.06172572871863641,-0.003669963965977359,0.5511008265695664
RF08_lsp-curve-topo_nbr,RF,lsp+curve+topo,nbr,,none,RF,alpha,hill_q1,1082,3,0.30752177875501663,0.002155796139941995,0.16837603895611966,2.8319443459593145,-0.2272993755403417,-0.013514308134370412,0.5440273371024407
C2D01_reshape_evi,C2D,topo+area,evi,reshape,late,C2D-B,alpha,hill_q1,1082,3,0.30646109010189226,0.023246303894636455,0.16848926565531933,2.8338487244718276,0.0029179306282443953,0.0001734884380173475,0.5561313218131321
C1D01_curve1d_evi,C1D,topo+area,evi,curve1d,late,C1D-B,alpha,hill_q1,1082,3,0.3063888107574579,0.007199691582166672,0.16851234777694887,2.8342369464792276,-0.06621456192560526,-0.0039368519632653415,0.5490159069971531
RF02_lsp-qc-topo-area_savi,RF,lsp+qc+topo+area,savi,,none,RF,alpha,hill_q1,1082,3,0.30531729759486265,0.002079543971340232,0.16864384609381622,2.8364486383402796,-0.3419308915715958,-0.02032983776736511,0.5953062963736998
C1D01_curve1d_kndvi,C1D,topo+area,kndvi,curve1d,late,C1D-B,alpha,hill_q1,1082,3,0.2995507930258982,0.0204523526337086,0.1693304363312039,2.8479965126863895,-0.013951934225272402,-0.0008295259841456775,0.5482021969833556
C1D01_curve1d_kndvi_v2,C1D,topo+area,kndvi,curve1d,late,C1D-B,alpha,hill_q1,1082,3,0.29726874488007676,0.017911489990972532,0.16960899074063282,2.8526815652016695,-0.0676107321618265,-0.004019862639099695,0.5174599680410005
RF08_lsp-curve-topo_evi,RF,lsp+curve+topo,evi,,none,RF,alpha,hill_q1,1082,3,0.297184863915188,0.004992358742680171,0.16962751700008968,2.852993161412425,-0.2741432928356225,-0.016299459351985745,0.5606093291761397
C1D01_curve1d_ndvi_v2,C1D,topo+area,ndvi,curve1d,late,C1D-B,alpha,hill_q1,1082,3,0.2949069414168716,0.006576534140916414,0.16990166973215326,2.8576041813907427,-0.007020447659351166,-0.00041740762676601437,0.5193192398817811
C2D02_serpentine_kndvi_nperSample,C2D,topo+area,kndvi,serpentine,late,C2D-B,alpha,hill_q1,1082,3,0.29355191443905665,0.022639765861923674,0.17005148799535344,2.86012399944812,0.01717089954361284,0.0010209127360119783,0.5703822483763875
C2D02_serpentine_kndvi_patchctx,C2D,topo+area,kndvi,serpentine,patchctx,C2D-B,alpha,hill_q1,1082,3,0.2923093955471476,0.025548913581554086,0.1701972402264257,2.862575430241094,0.0727723748638368,0.004326753187253052,0.5339087557393163
C1D01_curve1d_nbr_v2,C1D,topo+area,nbr,curve1d,late,C1D-B,alpha,hill_q1,1082,3,0.2917940392503969,0.013080221476484731,0.1702727244640971,2.8638450120735683,-0.12432519539049397,-0.007391876882102307,0.4925721438105077
RF08_lsp-curve-topo_savi,RF,lsp+curve+topo,savi,,none,RF,alpha,hill_q1,1082,3,0.29131074464085294,0.003982223261667799,0.1703351837096971,2.864895524417999,-0.2821333816400849,-0.0167745179475837,0.5590740680208811
C2D02_serpentine_kndvi_patch,C2D,topo+area,kndvi,serpentine,patch,C2D-B,alpha,hill_q1,1082,3,0.288935190630516,0.02332646165098019,0.17060571333652344,2.8694456067922776,0.04416761569062353,0.002626029071063601,0.5346386625079699
C2D10_stack5,C2D,topo+area,,stack5,late,C2D-B,alpha,hill_q1,1082,3,0.2866534131768268,0.01528037694392546,0.17088784098258727,2.874190758163356,-0.07349289225569657,-0.004369592258089119,0.5078298154680194
C2D07_hilbert_kndvi_patchctx,C2D,topo+area,kndvi,hilbert,patchctx,C2D-B,alpha,hill_q1,1082,3,0.28627726218812294,0.02941871520530645,0.17091505486666345,2.87464847296422,0.033190433208468206,0.001973369880256757,0.5227326896811652
C2D07_hilbert_kndvi_patch,C2D,topo+area,kndvi,hilbert,patch,C2D-B,alpha,hill_q1,1082,3,0.28382512996378323,0.040407786812878765,0.1711869604242017,2.8792216973438856,0.014215033477586967,0.0008451688091963364,0.5085310156868996
C1D01_curve1d_evi_v2,C1D,topo+area,evi,curve1d,late,C1D-B,alpha,hill_q1,1082,3,0.2791648583475455,0.0036812738546847207,0.17178870698489088,2.8893425719101775,-0.08948568111690076,-0.005320459263704278,0.4935338454029787
C1D01_curve1d_savi_v2,C1D,topo+area,savi,curve1d,late,C1D-B,alpha,hill_q1,1082,3,0.27380773200103564,0.00668446576123239,0.17242503845112564,2.900045135702103,-0.08290755820842323,-0.004929350490441729,0.516158967972204
C2D07_hilbert_kndvi_none,C2D,topo+area,kndvi,hilbert,none,C2D-B,alpha,hill_q1,1082,3,0.264858965276892,0.023719187123285464,0.17347045301709285,2.9176281355613995,0.0789922682070504,0.004696563069058861,0.5156416325797321
C2D02_serpentine_kndvi_none,C2D,topo+area,kndvi,serpentine,none,C2D-B,alpha,hill_q1,1082,3,0.25712217933832654,0.0025425109903079233,0.17439573191287905,2.9331905537867144,0.07651784483485724,0.0045494437915544195,0.520504687098717
B01_topo-area,BASE,topo+area,,,none,RF,alpha,hill_q1,1082,3,0.22712679570731653,0.0048622283385063875,0.17788129020320645,2.9918147330583076,-0.24864285337603872,-0.014783305620373275,0.5263587833539448
C2D08_cos2d_kndvi,C2D,topo+area,kndvi,cos2d,late,C2D-B,alpha,hill_q1,1082,3,0.18997833386932905,0.009278298034127204,0.18210470327705477,3.0628490135253315,-0.0090604791973059,-0.0005386997101349838,0.4601435973928884
C2D04_mtf_kndvi,C2D,topo+area,kndvi,mtf,late,C2D-B,alpha,hill_q1,1082,3,0.16621507630303878,0.004669262296269555,0.18475808957401896,3.1074767549065854,0.03313175405779947,0.0019698810535878943,0.38420365280948393
C2D03_gaf_kndvi,C2D,topo+area,kndvi,gaf,late,C2D-B,alpha,hill_q1,1082,3,0.1626173892156059,0.012705994018281666,0.18515321189088416,3.1141223822663093,0.08000194074604573,0.004756594143822518,0.3954961012852751
B02_area,BASE,area,,,none,RF,alpha,hill_q1,1082,3,0.10131062799471192,0.0013244887435288476,0.1918148843294781,3.226166148790746,0.011211067784792932,0.0006665650717202031,0.427952326795807
C2D05_ndi_kndvi,C2D,topo+area,kndvi,ndi,late,C2D-B,alpha,hill_q1,1082,3,0.07800907009210183,0.005545352735833489,0.1942851437318839,3.2677138487548683,0.0698413206942046,0.004152484476163214,0.30655298400388314
C2D02_serpentine_kndvi_nglobal,C2D,topo+area,kndvi,serpentine,late,C2D-B,alpha,hill_q1,1082,3,0.04247742804303867,0.018240470252751016,0.19798803531202971,3.329993392442358,-0.00258607788433154,-0.00015375780644031936,0.20639824674256935
C2D07_hilbert_kndvi_nglobal,C2D,topo+area,kndvi,hilbert,late,C2D-B,alpha,hill_q1,1082,3,0.0386172311394241,0.012960420204269484,0.19838972912490838,3.3367495468764523,-0.005032836615774495,-0.0002992322554948984,0.18661039048214115
B00_area,BASE,area,,,none,mean,alpha,hill_q1,1082,3,-0.0015976525853056668,0.0016632568227941307,0.2024995811249984,3.405873824930159,-0.04205169281557534,-0.002500224793537597,0.011248302881024267
MLP06_curve_kndvi,MLP,curve,kndvi,tabular,late,MLP-B,alpha,hill_q2,1082,5,0.4077962069598988,0.021661003471528294,0.14480674806744975,2.316907969079197,-0.026104872452353038,-0.0016315545282720647,0.5839388368395191
MLP07_curve_all,MLP,curve_all,,tabular,late,MLP-A,alpha,hill_q2,1082,5,0.38168638126907606,0.02075337094831183,0.14796787832748906,2.367486053239826,-0.09282336376185736,-0.0058014602351160825,0.5773375886123683
B03_coords,BASE,coords,,,none,RF,alpha,hill_q2,1082,3,0.3726828415665939,0.006873527324023587,0.1490566848136012,2.3849069570176202,-0.10017145036096542,-0.006260715647560336,0.5565528031500611
C2D02_serpentine_kndvi_ctxclim-topo-area,C2D,clim+topo+area,kndvi,serpentine,late,C2D-B,alpha,hill_q2,1082,5,0.36961263676133865,0.019202368162773042,0.1494085571603639,2.3905369145658226,-0.0981175602266966,-0.006132347514168536,0.5637342125521714
C1D01_curve1d_kndvi_ctxclim-topo-area,C1D,clim+topo+area,kndvi,curve1d,late,C1D-B,alpha,hill_q2,1082,5,0.3684532775021413,0.009557753639381232,0.14955640832979872,2.3929025332767804,-0.11417029158076009,-0.007135643223797503,0.5508206964022172
C2D01_reshape_kndvi_ctxclim-topo-area,C2D,clim+topo+area,kndvi,reshape,late,C2D-B,alpha,hill_q2,1082,5,0.36334694754011176,0.016679696676515032,0.15015277943035557,2.4024444708856896,-0.09044092653477354,-0.005652557908423343,0.5586366861371983
C2D02_serpentine_kndvi_noaug,C2D,topo+area,kndvi,serpentine,late,C2D-B,alpha,hill_q2,1082,3,0.35248481132241,0.007015971870443039,0.15143733295197148,2.422997327231545,-0.009410248208978433,-0.0005881405130611503,0.5393960092146107
MLP05c_curve_kndvi,MLP,curve,kndvi,tabular,late,MLP-C,alpha,hill_q2,1082,3,0.3470640799673376,0.012349736037071013,0.15206684848941734,2.433069575830679,0.025760148402928035,0.0016100092751830013,0.5537269027810788
MLP02_curve_kndvi,MLP,curve,kndvi,tabular,late,MLP-B,alpha,hill_q2,1082,3,0.3406243946508192,0.06684935770442488,0.1526919799416592,2.443071679066547,0.027558871212355996,0.0017224294507722495,0.5466844643763417
MLP05a_curve_kndvi,MLP,curve,kndvi,tabular,late,MLP-A,alpha,hill_q2,1082,3,0.33254747645042654,0.013323813580877928,0.15374748398807536,2.459959743809207,-0.07031697051950457,-0.004394810657469036,0.5433804022820491
MLP02_curve_ndvi,MLP,curve,ndvi,tabular,late,MLP-B,alpha,hill_q2,1082,3,0.33217518550502145,0.014578189520026354,0.1537893281831345,2.4606292509301526,-0.021064890496910505,-0.0013165556560569057,0.5352916797592226
RF03_curve-topo-area_kndvi,RF,curve+topo+area,kndvi,,none,RF,alpha,hill_q2,1082,3,0.33215437283925336,0.006960487803529641,0.15379645785994567,2.4607433257591316,-0.260283302234265,-0.016267706389641555,0.566690224199839
RF03_curve-topo-area_ndvi,RF,curve+topo+area,ndvi,,none,RF,alpha,hill_q2,1082,3,0.3238744896083672,0.0037201052999343035,0.1547479043700162,2.47596646992026,-0.26164735492361074,-0.016352959682725668,0.5645921786732379
RF04_lsp-curve-topo-area_kndvi,RF,lsp+curve+topo+area,kndvi,,none,RF,alpha,hill_q2,1082,3,0.32190141993163235,0.004859473347104351,0.1549732599500339,2.479572159200543,-0.2778573533382862,-0.01736608458364288,0.5632532995017796
C2D02_serpentine_kndvi_mixup,C2D,topo+area,kndvi,serpentine,late,C2D-B,alpha,hill_q2,1082,3,0.3184401395190416,0.013885536892952056,0.15536356306198154,2.4858170089917055,-0.06823455508822669,-0.004264659693014168,0.5316676634401044
C2D07_hilbert_kndvi_calendar,C2D,topo+area,kndvi,hilbert,late,C2D-B,alpha,hill_q2,1082,3,0.3153137516344349,0.01096860489065863,0.15572156748639954,2.491545079782393,-0.0628970197344,-0.003931063733399998,0.5327388880011713
MLP03_lsp-curve-qc_kndvi,MLP,lsp+curve+qc,kndvi,tabular,late,MLP-B,alpha,hill_q2,1082,3,0.31128345165806137,0.021287914851633293,0.1561699946190687,2.4987199139051,0.037487224005436165,0.002342951500339759,0.5409341040898515
RF04_lsp-curve-topo-area_ndvi,RF,lsp+curve+topo+area,ndvi,,none,RF,alpha,hill_q2,1082,3,0.31017582780077785,0.001679745455595163,0.15630799773872017,2.5009279638195228,-0.2876590179049772,-0.017978688619061073,0.5527300738402011
C2D02_serpentine_kndvi_film,C2D,topo+area,kndvi,serpentine,film,C2D-B,alpha,hill_q2,1082,3,0.3089286733347008,0.015236169426910142,0.1564430063550449,2.503088101680719,0.0676165790010143,0.0042260361875633935,0.5118059767643622
C2D02_serpentine_kndvi,C2D,topo+area,kndvi,serpentine,late,C2D-B,alpha,hill_q2,1082,3,0.30883979202531747,0.022452442719484527,0.15644573060886538,2.5031316897418465,-0.06197480519582801,-0.003873425324739249,0.5220433828347452
MLP04_curve_all,MLP,curve_all,,tabular,late,MLP-A,alpha,hill_q2,1082,3,0.3075315268536571,0.014293294228792636,0.15660178412735618,2.5056285460376997,-0.08863590014076395,-0.005539743758797744,0.5486532904003338
RF03_curve-topo-area_evi,RF,curve+topo+area,evi,,none,RF,alpha,hill_q2,1082,3,0.30619659660140824,0.002285321264004662,0.15675811443608326,2.508129830977333,-0.27532435752336476,-0.01720777234521029,0.5385834807485336
C2D07_hilbert_kndvi,C2D,topo+area,kndvi,hilbert,late,C2D-B,alpha,hill_q2,1082,3,0.3047432401309402,0.01163699555976583,0.15691867988938177,2.510698878230109,-0.0805089550686474,-0.00503180969179046,0.5211871187004663
RF06_curve_all-topo-area,RF,curve_all+topo+area,,,none,RF,alpha,hill_q2,1082,3,0.304357544515966,0.00413596140645628,0.1569654138687147,2.5114466218994362,-0.2885082774454933,-0.018031767340343327,0.5636565320300817
C2D01_reshape_nbr,C2D,topo+area,nbr,reshape,late,C2D-B,alpha,hill_q2,1082,3,0.3020885966124292,0.016894738198466642,0.15721402681621802,2.51542442905949,-0.05164018823310331,-0.003227511764568954,0.5290214919090173
RF03_curve-topo-area_kndvi_v2,RF,curve+topo+area,kndvi,,none,RF,alpha,hill_q2,1082,3,0.3008808106917627,0.004516963500962862,0.15735708728465053,2.517713396554409,-0.2340797665921075,-0.014629985412006717,0.5415118468510305
C2D07_hilbert_kndvi_wX,C2D,topo+area,kndvi,hilbert,late,C2D-X,alpha,hill_q2,1082,3,0.30054251838895485,0.053727984048406285,0.15731645556591586,2.5170632890546547,0.12450246235610196,0.00778140389725637,0.5350137116368153
C2D02_serpentine_kndvi_calendar,C2D,topo+area,kndvi,serpentine,late,C2D-B,alpha,hill_q2,1082,3,0.2991480060057588,0.01822965137004753,0.1575436882682027,2.5206990122912436,-0.07541293914523484,-0.004713308696577178,0.5119286031593272
C2D07_hilbert_kndvi_wC,C2D,topo+area,kndvi,hilbert,late,C2D-C,alpha,hill_q2,1082,3,0.2981328108140759,0.016044088684718256,0.1576597694164498,2.5225563106631976,0.016546187930662468,0.0010341367456664027,0.5215102276442823
RF03_curve-topo-area_savi,RF,curve+topo+area,savi,,none,RF,alpha,hill_q2,1082,3,0.29752208295575344,0.0015414212326493363,0.15773511049015523,2.5237617678424846,-0.2705733176537461,-0.016910832353359127,0.5256087386973921
RF01_lsp-topo-area_kndvi,RF,lsp+topo+area,kndvi,,none,RF,alpha,hill_q2,1082,3,0.2955786460835946,0.0038986283286466996,0.15795281093612157,2.527244974977945,-0.26686699151437066,-0.016679186969648166,0.5492670328779427
C2D02_serpentine_ndvi,C2D,topo+area,ndvi,serpentine,late,C2D-B,alpha,hill_q2,1082,3,0.2949918451947002,0.01589739064678976,0.1580123340106129,2.5281973441698065,-0.09813920256199914,-0.006133700160124944,0.5357551482636532
C2D09_spectrogram_kndvi,C2D,topo+area,kndvi,spectrogram,late,C2D-B,alpha,hill_q2,1082,3,0.2935168636166507,0.013235992071113603,0.1581795505979017,2.530872809566428,-0.056807573045198234,-0.003550473315324889,0.5073978523470173
RF01_lsp-topo-area_ndvi,RF,lsp+topo+area,ndvi,,none,RF,alpha,hill_q2,1082,3,0.292135893874426,0.001475375058171487,0.15833867214658315,2.533418754345331,-0.26988245801181193,-0.016867653625738246,0.5387042892057977
MLP02_curve_nbr,MLP,curve,nbr,tabular,late,MLP-B,alpha,hill_q2,1082,3,0.29191951430363877,0.033372602856161664,0.1583332253712785,2.533331605940457,-0.009057323372369636,-0.0005660827107731034,0.5527331355618162
C2D02_serpentine_kndvi_wC,C2D,topo+area,kndvi,serpentine,late,C2D-C,alpha,hill_q2,1082,3,0.2915233262210171,0.032127633154977304,0.15837981741675466,2.5340770786680746,-0.0237333003485805,-0.0014833312717862828,0.5329841267396636
C2D02_serpentine_kndvi_wA,C2D,topo+area,kndvi,serpentine,late,C2D-A,alpha,hill_q2,1082,3,0.291451323400544,0.013773427061028643,0.1584102607247396,2.5345641715958345,-0.13993164920935378,-0.00874572807558461,0.48423189500891123
C2D07_hilbert_kndvi_wA,C2D,topo+area,kndvi,hilbert,late,C2D-A,alpha,hill_q2,1082,3,0.29007250862846595,0.014156525120349242,0.1585641052876582,2.5370256846025323,-0.15268753924670042,-0.009542971202918776,0.4784263321028796
RF03_curve-topo-area_ndvi_v2,RF,curve+topo+area,ndvi,,none,RF,alpha,hill_q2,1082,3,0.2895336945159346,0.005544028700107251,0.15862869358217072,2.5380590973147323,-0.22443315332064664,-0.014027072082540412,0.5474612711770744
C2D07_hilbert_ndvi,C2D,topo+area,ndvi,hilbert,late,C2D-B,alpha,hill_q2,1082,3,0.28931790903990473,0.028496485992945162,0.15863252727501786,2.5381204364002867,-0.0507435309411998,-0.0031714706838249867,0.5127623424997093
RF02_lsp-qc-topo-area_kndvi,RF,lsp+qc+topo+area,kndvi,,none,RF,alpha,hill_q2,1082,3,0.28928543070649004,0.004200601554031407,0.1586567510746262,2.5385080171940198,-0.2722152265489522,-0.01701345165930951,0.5405430805319522
RF04_lsp-curve-topo-area_evi,RF,lsp+curve+topo+area,evi,,none,RF,alpha,hill_q2,1082,3,0.2891453179064613,0.0026688031783507,0.15867266437392014,2.5387626299827226,-0.3058020929451445,-0.019112630809071524,0.5418457166922805
RF03_curve-topo-area_nbr,RF,curve+topo+area,nbr,,none,RF,alpha,hill_q2,1082,3,0.28689166019265167,0.0014049485405950328,0.1589241244778401,2.5427859916454425,-0.27391115234722,-0.017119447021701244,0.5469042400621148
C2D01_reshape_ndvi,C2D,topo+area,ndvi,reshape,late,C2D-B,alpha,hill_q2,1082,3,0.28636689101244217,0.05813108278250711,0.15889530928416196,2.5423249485465926,-0.04943953222624453,-0.0030899707641402815,0.4991028269773922
C2D06_cwt_kndvi,C2D,topo+area,kndvi,cwt,late,C2D-B,alpha,hill_q2,1082,3,0.2840774022311259,0.016150878543704145,0.15923069213150629,2.547691074104101,-0.10510674309458919,-0.006569171443411821,0.4856166368111659
C2D07_hilbert_nbr,C2D,topo+area,nbr,hilbert,late,C2D-B,alpha,hill_q2,1082,3,0.2839937341910626,0.031107845819503637,0.15922191867418298,2.5475506987869285,-0.07643145561076936,-0.004776965975673086,0.5332050074699312
RF02_lsp-qc-topo-area_ndvi,RF,lsp+qc+topo+area,ndvi,,none,RF,alpha,hill_q2,1082,3,0.2833328454944543,0.0016337714847868398,0.15932017418722202,2.5491227869955533,-0.2773808024659387,-0.01733630015412117,0.5313709050961778
MLP02_curve_evi,MLP,curve,evi,tabular,late,MLP-B,alpha,hill_q2,1082,3,0.28316093102993595,0.04875127446955843,0.15927722429087907,2.5484355886540655,-0.03732070074015037,-0.002332543796259398,0.5316372274816119
MLP01_lsp_savi,MLP,lsp,savi,tabular,late,MLP-B,alpha,hill_q2,1082,3,0.28301883909508074,0.031536298080900776,0.15932948316986248,2.5492717307178,0.038678712847110004,0.0024174195529443744,0.4962318010121589
RF04_lsp-curve-topo-area_savi,RF,lsp+curve+topo+area,savi,,none,RF,alpha,hill_q2,1082,3,0.27993662132241315,0.01092106870790297,0.1596942392490851,2.555107827985363,-0.2965864334638658,-0.018536652091491607,0.5314877623843196
RF03_curve-topo-area_nbr_v2,RF,curve+topo+area,nbr,,none,RF,alpha,hill_q2,1082,3,0.2789061814442109,0.006655008515450046,0.15981039281087894,2.5569662849740635,-0.26388234348012996,-0.01649264646750812,0.5292791315173636
MLP01_lsp_ndvi,MLP,lsp,ndvi,tabular,late,MLP-B,alpha,hill_q2,1082,3,0.27869431415328694,0.031433863199540044,0.15980999701195067,2.5569599521912116,-0.07048175566435226,-0.0044051097290220146,0.527764765774557
MLP01_lsp_kndvi,MLP,lsp,kndvi,tabular,late,MLP-B,alpha,hill_q2,1082,3,0.27865663443641137,0.02476174553588783,0.15982362655273752,2.5571780248438016,-0.013627771104537065,-0.0008517356940335666,0.5257385458988869
RF03_curve-topo-area_savi_v2,RF,curve+topo+area,savi,,none,RF,alpha,hill_q2,1082,3,0.27793134234585726,0.00213596905801417,0.15991939597883234,2.5587103356613174,-0.24658614470184723,-0.015411634043865448,0.5084207469973512
RF03_curve-topo-area_evi_v2,RF,curve+topo+area,evi,,none,RF,alpha,hill_q2,1082,3,0.27780258685328935,0.0025734266138355867,0.15993360089973013,2.5589376143956826,-0.2743210743912937,-0.017145067149455854,0.5099884132374989
RF01_lsp-topo-area_nbr,RF,lsp+topo+area,nbr,,none,RF,alpha,hill_q2,1082,3,0.27753312662639956,0.008157471476776293,0.1599619049703127,2.5593904795250038,-0.30083479383436335,-0.01880217461464771,0.5305854676529357
C2D07_hilbert_kndvi_v2,C2D,topo+area,kndvi,hilbert,late,C2D-B,alpha,hill_q2,1082,3,0.2774887301866379,0.007301106714576642,0.15996716066953862,2.5594745707126183,-0.09592189096201025,-0.005995118185125639,0.497481751231239
RF02_lsp-qc-topo-area_nbr,RF,lsp+qc+topo+area,nbr,,none,RF,alpha,hill_q2,1082,3,0.2745780915890455,0.0037422741652598235,0.16029005636267116,2.5646409018027385,-0.299038021027704,-0.018689876314231496,0.5229380264217631
C2D07_hilbert_kndvi_nperSample,C2D,topo+area,kndvi,hilbert,late,C2D-B,alpha,hill_q2,1082,3,0.2743911894051025,0.02551504906742064,0.1602944708248948,2.5647115331983175,-0.027002129728654057,-0.0016876331080408807,0.5078346358463915
C2D02_serpentine_nbr,C2D,topo+area,nbr,serpentine,late,C2D-B,alpha,hill_q2,1082,3,0.2736782884545377,0.03088197962619063,0.16036553488131447,2.565848558101032,-0.011325161424824834,-0.0007078225890515526,0.5276000268255754
RF04_lsp-curve-topo-area_nbr,RF,lsp+curve+topo+area,nbr,,none,RF,alpha,hill_q2,1082,3,0.27353531968341604,0.003009818333360088,0.16040534678713306,2.56648554859413,-0.3036675265071876,-0.01897922040669922,0.5409686329792311
C2D01_reshape_kndvi_v2,C2D,topo+area,kndvi,reshape,late,C2D-B,alpha,hill_q2,1082,3,0.27090687316948797,0.012674086733112726,0.16069143223741286,2.5710629157986062,-0.07596538727204256,-0.0047478367045026585,0.5073162400061194
MLP02_curve_savi,MLP,curve,savi,tabular,late,MLP-B,alpha,hill_q2,1082,3,0.27072040099250766,0.013245220937042609,0.1607116125058571,2.5713858000937146,-0.01611065250303213,-0.0010069157814395072,0.531261477775402
C1D01_curve1d_nbr,C1D,topo+area,nbr,curve1d,late,C1D-B,alpha,hill_q2,1082,3,0.26857004750628705,0.020657159702995417,0.16094215214437033,2.575074434309925,-0.1219547286852597,-0.007622170542828731,0.512790253565164
C2D01_reshape_kndvi,C2D,topo+area,kndvi,reshape,late,C2D-B,alpha,hill_q2,1082,3,0.26655349030491743,0.02602503776911385,0.161157601729315,2.5785216276690406,-0.0779450502312919,-0.004871565639455743,0.5080357362941819
C2D02_serpentine_kndvi_v2,C2D,topo+area,kndvi,serpentine,late,C2D-B,alpha,hill_q2,1082,3,0.26654196986085504,0.02333083999282539,0.16116229901733567,2.578596784277371,-0.07513733248056993,-0.004696083280035622,0.501680602257435
C2D07_hilbert_kndvi_film,C2D,topo+area,kndvi,hilbert,film,C2D-B,alpha,hill_q2,1082,3,0.2632382853687886,0.03007187909216923,0.1615159495409847,2.5842551926557555,0.03404190141846217,0.0021276188386538854,0.5220148241445314
C2D02_serpentine_kndvi_wX,C2D,topo+area,kndvi,serpentine,late,C2D-X,alpha,hill_q2,1082,3,0.2626515926953707,0.016721653165127918,0.16159571723393382,2.5855314757429415,0.06356162301603661,0.003972601438502284,0.5268671252966106
RF05_lsp_all-topo-area,RF,lsp_all+topo+area,,,none,RF,alpha,hill_q2,1082,3,0.2620732188055545,0.0037781818053185617,0.16166570401471955,2.586651264235513,-0.3126627258705174,-0.01954142036690733,0.5372665186379448
C2D11_pxcube_kndvi,C2D,topo+area,kndvi,pxcube,late,C2D-B,alpha,hill_q2,1082,3,0.26171077001248494,0.01611900548884839,0.16169937124437592,2.587189939910015,-0.12053061389801793,-0.007533163368626117,0.45086674895298867
MLP01_lsp_nbr,MLP,lsp,nbr,tabular,late,MLP-B,alpha,hill_q2,1082,3,0.26032557933888717,0.03288212305471774,0.16183055803036703,2.5892889284858733,-0.001418581970447567,-8.866137315297236e-05,0.5117552186605979
MLP01_lsp_evi,MLP,lsp,evi,tabular,late,MLP-B,alpha,hill_q2,1082,3,0.2602465178817826,0.02286222559397015,0.1618531052321831,2.58964968371493,-0.004401138113153995,-0.00027507113207212466,0.48959970913594697
RF01_lsp-topo-area_evi,RF,lsp+topo+area,evi,,none,RF,alpha,hill_q2,1082,3,0.25617041171457444,0.004598077964015114,0.16231085082526175,2.5969736132041894,-0.3083757845028005,-0.019273486531425025,0.516280399660895
C1D01_curve1d_ndvi,C1D,topo+area,ndvi,curve1d,late,C1D-B,alpha,hill_q2,1082,3,0.25172800724386096,0.032000625271615436,0.16277041512882262,2.6043266420611624,-0.0898391100776203,-0.005614944379851269,0.511976531040457
C1D02_curve5,C1D,topo+area,,curve5,late,C1D-B,alpha,hill_q2,1082,3,0.2502922139454676,0.044454869824287674,0.16290430845283735,2.6064689352453985,-0.051994380172037696,-0.0032496487607523556,0.49459136121965114
C2D02_serpentine_kndvi_nperSample,C2D,topo+area,kndvi,serpentine,late,C2D-B,alpha,hill_q2,1082,3,0.2485743397714496,0.002788904694323192,0.16313784534106215,2.610205525456995,-0.036751220559507865,-0.002296951284969241,0.497217620077941
C2D01_reshape_savi,C2D,topo+area,savi,reshape,late,C2D-B,alpha,hill_q2,1082,3,0.24141665428867418,0.02057120144302903,0.16390319011343432,2.62245104181495,-0.03874973184400964,-0.0024218582402506,0.4663115341271191
RF01_lsp-topo-area_savi,RF,lsp+topo+area,savi,,none,RF,alpha,hill_q2,1082,3,0.24098197419812073,0.002498461886036565,0.16395998256185054,2.62335972098961,-0.31957203731321915,-0.019973252332076186,0.5209359622341702
RF08_lsp-curve-topo_ndvi,RF,lsp+curve+topo,ndvi,,none,RF,alpha,hill_q2,1082,3,0.2386783476369805,0.005772052235718035,0.16420796730409817,2.627327476865572,-0.2548785725339602,-0.015929910783372504,0.502215070158718
RF08_lsp-curve-topo_kndvi,RF,lsp+curve+topo,kndvi,,none,RF,alpha,hill_q2,1082,3,0.23812948521659602,0.004514530637397071,0.16426745348916091,2.6282792558265746,-0.2549030145813992,-0.015931438411337446,0.5043268365585012
C2D07_hilbert_savi,C2D,topo+area,savi,hilbert,late,C2D-B,alpha,hill_q2,1082,3,0.23628342072863026,0.023356820099405914,0.1644540453175072,2.6312647250801158,-0.035346839754522026,-0.002209177484657628,0.48185910499268103
C2D02_serpentine_evi,C2D,topo+area,evi,serpentine,late,C2D-B,alpha,hill_q2,1082,3,0.23592641161053404,0.017942337160078606,0.16449768074265336,2.6319628918824547,-0.038454643272128164,-0.0024034152045080115,0.4838216954051075
C2D02_serpentine_savi,C2D,topo+area,savi,serpentine,late,C2D-B,alpha,hill_q2,1082,3,0.23244332882737018,0.035633372807874264,0.16485048558646834,2.6376077693834943,-0.0475819264748134,-0.002973870404675838,0.4798863530769378
C2D07_hilbert_evi,C2D,topo+area,evi,hilbert,late,C2D-B,alpha,hill_q2,1082,3,0.23045503328488534,0.012168244386434742,0.16508977577821413,2.641436412451427,-0.08178832526937946,-0.0051117703293362135,0.47653620597351093
RF02_lsp-qc-topo-area_savi,RF,lsp+qc+topo+area,savi,,none,RF,alpha,hill_q2,1082,3,0.2296144038633269,0.003016251906185257,0.1651831460080835,2.642930336129336,-0.30632928539574733,-0.019145580337234205,0.5177094226783959
C1D01_curve1d_savi,C1D,topo+area,savi,curve1d,late,C1D-B,alpha,hill_q2,1082,3,0.2284268192984236,0.007354852111387494,0.1653093725463695,2.6449499607419127,-0.0696791197104894,-0.004354944981905587,0.4640248372581591
RF02_lsp-qc-topo-area_evi,RF,lsp+qc+topo+area,evi,,none,RF,alpha,hill_q2,1082,3,0.22803969268484472,0.004344601033162237,0.16535165684547756,2.6456265095276414,-0.298586465733292,-0.018661654108330747,0.5082999796158155
C1D01_curve1d_evi,C1D,topo+area,evi,curve1d,late,C1D-B,alpha,hill_q2,1082,3,0.224152978899234,0.013595113511001544,0.16576358387103327,2.6522173419365327,-0.0981940754066243,-0.0061371297129140185,0.46177102624943545
C1D01_curve1d_kndvi,C1D,topo+area,kndvi,curve1d,late,C1D-B,alpha,hill_q2,1082,3,0.21941317826712184,0.03234023043267257,0.16624979471021453,2.6599967153634334,-0.041461030792188235,-0.0025913144245117647,0.4757556628439139
C2D01_reshape_evi,C2D,topo+area,evi,reshape,late,C2D-B,alpha,hill_q2,1082,3,0.21764089731558275,0.0170793675314024,0.1664554124731569,2.6632865995705113,-0.00950728171568344,-0.0005942051072302153,0.46626594164822993
C1D01_curve1d_nbr_v2,C1D,topo+area,nbr,curve1d,late,C1D-B,alpha,hill_q2,1082,3,0.2175656393645334,0.00998063030986185,0.16646781168470867,2.663484986955339,-0.13766565359690222,-0.008604103349806389,0.4192740727199194
C1D01_curve1d_kndvi_v2,C1D,topo+area,kndvi,curve1d,late,C1D-B,alpha,hill_q2,1082,3,0.21743947306219483,0.04835538382012162,0.16643140206044943,2.6629024329671913,-0.0622833402528119,-0.0038927087658007426,0.442407338517582
C1D01_curve1d_ndvi_v2,C1D,topo+area,ndvi,curve1d,late,C1D-B,alpha,hill_q2,1082,3,0.210517043446818,0.02620368417495753,0.16720298233688466,2.675247717390155,-0.056253639542393534,-0.003515852471399595,0.43980195244875414
C2D10_stack5,C2D,topo+area,,stack5,late,C2D-B,alpha,hill_q2,1082,3,0.2065818299130797,0.03979267028994932,0.16759935164287476,2.6815896262859966,-0.09555210528008755,-0.005972006580005468,0.4312007427326255
C2D07_hilbert_kndvi_patchctx,C2D,topo+area,kndvi,hilbert,patchctx,C2D-B,alpha,hill_q2,1082,3,0.20433862292004026,0.027173871189369637,0.16785509410307342,2.6856815056491747,0.032822128409299045,0.0020513830255811903,0.4371490449216293
RF08_lsp-curve-topo_evi,RF,lsp+curve+topo,evi,,none,RF,alpha,hill_q2,1082,3,0.20373403679251664,0.006705935904895184,0.16793403565936768,2.6869445705498833,-0.27806472039031344,-0.017379045024394583,0.4837930577231078
C2D07_hilbert_kndvi_none,C2D,topo+area,kndvi,hilbert,none,C2D-B,alpha,hill_q2,1082,3,0.2027604957502527,0.025028255435881143,0.16802375871844685,2.68838013949515,0.022490438351858877,0.0014056523969911796,0.4368630377831905
C2D02_serpentine_kndvi_patch,C2D,topo+area,kndvi,serpentine,patch,C2D-B,alpha,hill_q2,1082,3,0.20162539552890868,0.015074580217681073,0.16815222707863264,2.6904356332581236,0.03889842923769123,0.0024311518273557016,0.44662409382193236
C2D07_hilbert_kndvi_patch,C2D,topo+area,kndvi,hilbert,patch,C2D-B,alpha,hill_q2,1082,3,0.20114572183994237,0.05170273768704846,0.1681478578525806,2.6903657256412905,0.042979457658221164,0.002686216103638823,0.41572950907511314
C2D02_serpentine_kndvi_patchctx,C2D,topo+area,kndvi,serpentine,patchctx,C2D-B,alpha,hill_q2,1082,3,0.19963289749976088,0.023297479129903986,0.16835499021358555,2.6936798434173688,0.03988361487011174,0.0024927259293819827,0.4429731693174725
RF08_lsp-curve-topo_savi,RF,lsp+curve+topo,savi,,none,RF,alpha,hill_q2,1082,3,0.19497442712705718,0.0036209905782434624,0.1688559300848164,2.701694881357063,-0.2854619022981692,-0.01784136889363557,0.47921508720112255
RF08_lsp-curve-topo_nbr,RF,lsp+curve+topo,nbr,,none,RF,alpha,hill_q2,1082,3,0.193862977335732,0.007342292676686204,0.1689715732096088,2.7035451713537406,-0.2740172255102265,-0.017126076594389153,0.4762258231713328
C1D01_curve1d_evi_v2,C1D,topo+area,evi,curve1d,late,C1D-B,alpha,hill_q2,1082,3,0.19326105212469527,0.023607269078206834,0.1690238401387937,2.7043814422207,-0.08584141713019759,-0.005365088570637348,0.4121850544389712
B01_topo-area,BASE,topo+area,,,none,RF,alpha,hill_q2,1082,3,0.18629390382249386,0.0018488749062948574,0.16976408160793113,2.716225305726899,-0.20776332956201413,-0.012985208097625878,0.462742695822643
C1D01_curve1d_savi_v2,C1D,topo+area,savi,curve1d,late,C1D-B,alpha,hill_q2,1082,3,0.1821789411275764,0.01602871726485638,0.17018739460916596,2.7229983137466554,-0.08688325051214209,-0.00543020315700888,0.42836834572010934
C2D02_serpentine_kndvi_none,C2D,topo+area,kndvi,serpentine,none,C2D-B,alpha,hill_q2,1082,3,0.1794429363049411,0.02278623579112652,0.17046642211339003,2.727462753814241,0.010846808608744466,0.0006779255380465289,0.44254179201591376
C2D04_mtf_kndvi,C2D,topo+area,kndvi,mtf,late,C2D-B,alpha,hill_q2,1082,3,0.17711887640333387,0.014583528081841645,0.17071411400147943,2.7314258240236717,-0.05388346881511653,-0.0033677168009447825,0.3537472725982935
C2D03_gaf_kndvi,C2D,topo+area,kndvi,gaf,late,C2D-B,alpha,hill_q2,1082,3,0.1710427507598723,0.012749804237763614,0.17134433190420628,2.741509310467301,-0.05778212295819593,-0.0036113826848872457,0.37458498180830846
C2D08_cos2d_kndvi,C2D,topo+area,kndvi,cos2d,late,C2D-B,alpha,hill_q2,1082,3,0.12562348817756866,0.012579806661235132,0.175976205352768,2.8156192856442885,-0.010658710670135728,-0.0006661694168834824,0.39507821100041357
C2D05_ndi_kndvi,C2D,topo+area,kndvi,ndi,late,C2D-B,alpha,hill_q2,1082,3,0.09874042512773863,0.012519795657191175,0.1786611784985804,2.8585788559772873,-0.0508090058868264,-0.0031755628679266488,0.2846042206266375
C2D07_hilbert_kndvi_nglobal,C2D,topo+area,kndvi,hilbert,late,C2D-B,alpha,hill_q2,1082,3,0.0324232380071734,0.012310445480610409,0.18511816887882607,2.961890702061217,-0.07004914832402707,-0.00437807177025169,0.18244073169314723
C2D02_serpentine_kndvi_nglobal,C2D,topo+area,kndvi,serpentine,late,C2D-B,alpha,hill_q2,1082,3,0.028299150185773933,0.019286216587730484,0.18550868274793678,2.9681389239669898,-0.061507474120191176,-0.0038442171325119463,0.1676252898743079
B02_area,BASE,area,,,none,RF,alpha,hill_q2,1082,3,0.020338400191947867,0.0076118186338998625,0.18627221044456932,2.9803553671131104,0.02330143158969297,0.0014563394743558097,0.3657402231521976
B00_area,BASE,area,,,none,mean,alpha,hill_q2,1082,3,-0.006368478550686001,0.0016547565391707212,0.1887950594342007,3.020720950947212,-0.09034109820227597,-0.005646318637642246,-0.02205573847955643
B03_coords,BASE,coords,,,none,RF,beta_cover,lcbd_cover,546,3,0.411305849841959,0.006843025410886599,0.2040335718902321,0.0002813590947346667,-1.0994545049633997e-05,-0.00797292975334679,0.6156969531531971
MLP07_curve_all,MLP,curve_all,,tabular,late,MLP-A,beta_cover,lcbd_cover,546,5,0.37627766405600777,0.018509848041181425,0.2099996894414098,0.00028958627724060004,-2.068021711330004e-05,-0.0149967022358796,0.600394439294137
MLP06_curve_kndvi,MLP,curve,kndvi,tabular,late,MLP-B,beta_cover,lcbd_cover,546,5,0.370167157213671,0.023634751983958726,0.2110151996124779,0.00029098664983506,-1.8738493519725093e-05,-0.013588619796623758,0.5930828450507051
C2D02_serpentine_kndvi_ctxclim-topo-area,C2D,clim+topo+area,kndvi,serpentine,late,C2D-B,beta_cover,lcbd_cover,546,5,0.35834829647465505,0.01924861195067692,0.2129965414369861,0.00029371888912754004,-2.126909676924509e-05,-0.015423740927233065,0.5813881277924382
MLP04_curve_all,MLP,curve_all,,tabular,late,MLP-A,beta_cover,lcbd_cover,546,3,0.3467706950049832,0.021183363460949907,0.21491007656726,0.00029635762405243334,-2.0917177049004858e-05,-0.015168538806942097,0.579109398052889
C2D02_serpentine_kndvi_v2,C2D,topo+area,kndvi,serpentine,late,C2D-B,beta_cover,lcbd_cover,546,3,0.34458777655253514,0.010024236141402725,0.21528334879163058,0.00029687236059389995,-2.787619888530998e-05,-0.020215022495207118,0.5762194144205567
C2D01_reshape_nbr,C2D,topo+area,nbr,reshape,late,C2D-B,beta_cover,lcbd_cover,546,3,0.34063880182480827,0.03064921311488246,0.21589669084550941,0.0002977181496640333,-1.7014217846108977e-05,-0.012338224372430111,0.5729348216755966
C2D01_reshape_kndvi_ctxclim-topo-area,C2D,clim+topo+area,kndvi,reshape,late,C2D-B,beta_cover,lcbd_cover,546,5,0.3393667723383858,0.020047766454473055,0.21612357591004683,0.00029803102060862,-2.1734642356683214e-05,-0.01576134127803075,0.5654299774420378
C2D01_reshape_kndvi_v2,C2D,topo+area,kndvi,reshape,late,C2D-B,beta_cover,lcbd_cover,546,3,0.3384669511240144,0.005171336474792905,0.2162894028643786,0.00029825969337713337,-2.841294997263839e-05,-0.020604259038872683,0.5672454570325225
MLP02_curve_nbr,MLP,curve,nbr,tabular,late,MLP-B,beta_cover,lcbd_cover,546,3,0.3378036403880236,0.01397495618565889,0.2163908605978607,0.00029839960199993333,-2.440639188298105e-05,-0.017698817653410345,0.5685021077119662
MLP05a_curve_kndvi,MLP,curve,kndvi,tabular,late,MLP-A,beta_cover,lcbd_cover,546,3,0.3375262684294466,0.006612309056054982,0.21644242499623223,0.00029847070849633333,-2.3478698245391957e-05,-0.01702608074872398,0.563852373766212
MLP05c_curve_kndvi,MLP,curve,kndvi,tabular,late,MLP-C,beta_cover,lcbd_cover,546,3,0.3370778166695489,0.009250402788816137,0.21651397419725094,0.00029856937372206663,-2.583274177132408e-05,-0.018733165815350224,0.5623342290379444
MLP02_curve_evi,MLP,curve,evi,tabular,late,MLP-B,beta_cover,lcbd_cover,546,3,0.3296229949143994,0.01382340665758684,0.21772374877051567,0.0003002376338795,-2.0858047496731956e-05,-0.015125659746054917,0.5572201430948734
C1D01_curve1d_kndvi_ctxclim-topo-area,C1D,clim+topo+area,kndvi,curve1d,late,C1D-B,beta_cover,lcbd_cover,546,5,0.32953014699206645,0.029299422559377692,0.21770580896368102,0.00030021289516734005,-2.1892799729410587e-05,-0.01587603248326327,0.5567414319382005
MLP03_lsp-curve-qc_kndvi,MLP,lsp+curve+qc,kndvi,tabular,late,MLP-B,beta_cover,lcbd_cover,546,3,0.3275894692120078,0.013125817729910524,0.21805454206967814,0.00030069379264953335,-2.4951840300977633e-05,-0.018094361252634212,0.5583740528508296
MLP02_curve_ndvi,MLP,curve,ndvi,tabular,late,MLP-B,beta_cover,lcbd_cover,546,3,0.3271744137400721,0.005076670137138774,0.21812772189425966,0.0003007947064796,-2.6079422211745182e-05,-0.018912051418539758,0.5564263210655348
C2D07_hilbert_nbr,C2D,topo+area,nbr,hilbert,late,C2D-B,beta_cover,lcbd_cover,546,3,0.32517651054889823,0.02109638980830048,0.21843462262659388,0.0003012179177748,-2.2297380648611803e-05,-0.016169422999539242,0.5565324099410495
MLP02_curve_kndvi,MLP,curve,kndvi,tabular,late,MLP-B,beta_cover,lcbd_cover,546,3,0.3239859664010735,0.019029501364142443,0.21863053548575154,0.0003014880785340667,-2.4499164624720076e-05,-0.017766093793492685,0.5593197959134509
C2D02_serpentine_kndvi_noaug,C2D,topo+area,kndvi,serpentine,late,C2D-B,beta_cover,lcbd_cover,546,3,0.32333928583470223,0.02554253639195164,0.2187238403069873,0.0003016167444187667,-2.7625579191192793e-05,-0.020033280257853007,0.5527424085191529
RF06_curve_all-topo-area,RF,curve_all+topo+area,,,none,RF,beta_cover,lcbd_cover,546,3,0.3206458384306197,0.004095128623502534,0.21918381409467025,0.0003022510410558667,-2.4351576710221636e-05,-0.01765906725720313,0.5479989098263122
C2D02_serpentine_nbr,C2D,topo+area,nbr,serpentine,late,C2D-B,beta_cover,lcbd_cover,546,3,0.320624581711988,0.0222188487367261,0.2191685221660458,0.0003022299537262,-2.104284710363571e-05,-0.015259671137851113,0.5576590444347141
C2D02_serpentine_kndvi,C2D,topo+area,kndvi,serpentine,late,C2D-B,beta_cover,lcbd_cover,546,3,0.3180166824292479,0.018558086497319028,0.21959460838725908,0.00030281751994076664,-3.208525311674805e-05,-0.023267308293643155,0.5472431141456937
MLP02_curve_savi,MLP,curve,savi,tabular,late,MLP-B,beta_cover,lcbd_cover,546,3,0.31733483468782625,0.014801622438207858,0.2197093083939353,0.0003029756894505333,-2.2534791152855998e-05,-0.01634158631002648,0.5447737490246121
C2D02_serpentine_ndvi,C2D,topo+area,ndvi,serpentine,late,C2D-B,beta_cover,lcbd_cover,546,3,0.31701286686133434,0.0237524831142715,0.2197474774357787,0.0003030283239604333,-3.187565428762376e-05,-0.023115313214862737,0.5512681292119042
C2D02_serpentine_evi,C2D,topo+area,evi,serpentine,late,C2D-B,beta_cover,lcbd_cover,546,3,0.31666571953810946,0.01988719933525601,0.21981017888897547,0.00030311478828073333,-2.7557989254608254e-05,-0.01998426596813148,0.5430990243583297
C2D01_reshape_ndvi,C2D,topo+area,ndvi,reshape,late,C2D-B,beta_cover,lcbd_cover,546,3,0.314112514054879,0.023160971909238583,0.2202147731695349,0.00030367271744629996,-2.6569229891726396e-05,-0.019267245945235396,0.5468230105550131
RF05_lsp_all-topo-area,RF,lsp_all+topo+area,,,none,RF,beta_cover,lcbd_cover,546,3,0.3132867869664875,0.0060606696087327685,0.22036700330668813,0.0003038826404172,-2.336056414243035e-05,-0.016940413274524106,0.548849464144611
C2D07_hilbert_kndvi_v2,C2D,topo+area,kndvi,hilbert,late,C2D-B,beta_cover,lcbd_cover,546,3,0.3112356862978922,0.019358457275068606,0.22068287019848623,0.00030431821590566665,-3.252589915458408e-05,-0.023586852202909802,0.547117473851096
RF04_lsp-curve-topo-area_evi,RF,lsp+curve+topo+area,evi,,none,RF,beta_cover,lcbd_cover,546,3,0.3104318978679192,0.005248181056213283,0.22082495971423466,0.00030451415511876666,-2.3585638728043467e-05,-0.017103630929481858,0.5372442898556702
RF02_lsp-qc-topo-area_nbr,RF,lsp+qc+topo+area,nbr,,none,RF,beta_cover,lcbd_cover,546,3,0.3103040642904632,0.0016469911744759575,0.22084638923833047,0.0003045437060963,-1.999525766793292e-05,-0.014499989228004722,0.5510626208832524
C2D07_hilbert_kndvi_wC,C2D,topo+area,kndvi,hilbert,late,C2D-C,beta_cover,lcbd_cover,546,3,0.3096204455713708,0.03212050252207929,0.22091654086721713,0.00030464044409196666,-3.148180699307184e-05,-0.02282970641632562,0.5463489630248268
RF04_lsp-curve-topo-area_nbr,RF,lsp+curve+topo+area,nbr,,none,RF,beta_cover,lcbd_cover,546,3,0.30888614397188,0.003757817021090656,0.22107284715235143,0.00030485598800703337,-1.8767568466600034e-05,-0.013609704116889844,0.5435466916404014
C2D02_serpentine_kndvi_wC,C2D,topo+area,kndvi,serpentine,late,C2D-C,beta_cover,lcbd_cover,546,3,0.30757976870359965,0.026885044543438163,0.2212541816950611,0.0003051060454966667,-3.3026300187386896e-05,-0.023949728726222645,0.5477075114489631
RF02_lsp-qc-topo-area_evi,RF,lsp+qc+topo+area,evi,,none,RF,beta_cover,lcbd_cover,546,3,0.3055222595964602,0.006335900686063791,0.22160921773137088,0.00030559563462086663,-2.532317304846519e-05,-0.01836364114529535,0.5408591272752981
C2D02_serpentine_kndvi_wX,C2D,topo+area,kndvi,serpentine,late,C2D-X,beta_cover,lcbd_cover,546,3,0.3052602208608135,0.019943542152377876,0.22163725368103107,0.0003056342957556333,-2.441633914224348e-05,-0.017706031121448817,0.5472588907151327
RF01_lsp-topo-area_nbr,RF,lsp+topo+area,nbr,,none,RF,beta_cover,lcbd_cover,546,3,0.3051038009675578,0.006350485379711253,0.22167596797588843,0.00030568768216086666,-1.8714526409289745e-05,-0.013571239533316749,0.5437949246168169
C2D07_hilbert_kndvi_calendar,C2D,topo+area,kndvi,hilbert,late,C2D-B,beta_cover,lcbd_cover,546,3,0.30502000352939257,0.003284568745952497,0.2216904674272454,0.00030570767667683333,-2.94927907744844e-05,-0.021387328717429824,0.5456124569771057
C2D02_serpentine_kndvi_mixup,C2D,topo+area,kndvi,serpentine,late,C2D-B,beta_cover,lcbd_cover,546,3,0.30499331009277925,0.011362803623079043,0.22169018527808712,0.0003057072875975667,-3.322417753358415e-05,-0.02409322372068649,0.5403460592060737
C2D02_serpentine_savi,C2D,topo+area,savi,serpentine,late,C2D-B,beta_cover,lcbd_cover,546,3,0.3037919828338687,0.020991482664218977,0.2218699875150455,0.00030595523206156664,-3.4784898642620655e-05,-0.025225014050413035,0.5292439499347333
C2D07_hilbert_kndvi_nperSample,C2D,topo+area,kndvi,hilbert,late,C2D-B,beta_cover,lcbd_cover,546,3,0.30333592825859024,0.014872866157354394,0.22195089140491478,0.00030606679725646665,-2.069388969953465e-05,-0.015006617204538423,0.5380476553309275
C2D01_reshape_evi,C2D,topo+area,evi,reshape,late,C2D-B,beta_cover,lcbd_cover,546,3,0.30308771430101866,0.025019036087468645,0.22197522388482946,0.00030610035136453335,-2.6859304791958933e-05,-0.01947759997010158,0.5314587229148903
RF04_lsp-curve-topo-area_savi,RF,lsp+curve+topo+area,savi,,none,RF,beta_cover,lcbd_cover,546,3,0.3016148544204279,0.005388360635531255,0.22223221893997525,0.00030645474351383335,-2.3620531244440803e-05,-0.01712893398485126,0.5224792572420922
C2D02_serpentine_kndvi_nperSample,C2D,topo+area,kndvi,serpentine,late,C2D-B,beta_cover,lcbd_cover,546,3,0.3011868479458522,0.012242815560092756,0.22229569707402733,0.00030654227886483333,-1.8784568405867745e-05,-0.013622031986844627,0.538105682861355
RF01_lsp-topo-area_evi,RF,lsp+topo+area,evi,,none,RF,beta_cover,lcbd_cover,546,3,0.3011703529653717,0.0021854356602288754,0.22230384934458744,0.00030655352071803335,-2.4838479270557972e-05,-0.01801215507418572,0.5341406894798465
C2D07_hilbert_savi,C2D,topo+area,savi,hilbert,late,C2D-B,beta_cover,lcbd_cover,546,3,0.29812452209928736,0.004955842652618583,0.2227870307301382,0.00030721982026846666,-2.8850814471475994e-05,-0.020921785855578728,0.5229378246553559
RF02_lsp-qc-topo-area_savi,RF,lsp+qc+topo+area,savi,,none,RF,beta_cover,lcbd_cover,546,3,0.2979675510191706,0.006695211646768108,0.2228111748158704,0.0003072531145839334,-2.409929389325283e-05,-0.017476118970705456,0.5269770667320874
RF01_lsp-topo-area_savi,RF,lsp+topo+area,savi,,none,RF,beta_cover,lcbd_cover,546,3,0.297037581372188,0.0024673910857477073,0.22296016846839084,0.0003074585744933667,-2.47644089308459e-05,-0.017958441381378726,0.5288160675582078
RF02_lsp-qc-topo-area_ndvi,RF,lsp+qc+topo+area,ndvi,,none,RF,beta_cover,lcbd_cover,546,3,0.2963078475583407,0.006958439921274853,0.22307427471592578,0.0003076159252186,-2.2989588633061527e-05,-0.016671392440729918,0.5349095112473462
C2D07_hilbert_ndvi,C2D,topo+area,ndvi,hilbert,late,C2D-B,beta_cover,lcbd_cover,546,3,0.2959414663157265,0.014858780732741545,0.2231258996226314,0.0003076871151550667,-3.0025708763124628e-05,-0.021773785607508738,0.526731205486585
C2D07_hilbert_evi,C2D,topo+area,evi,hilbert,late,C2D-B,beta_cover,lcbd_cover,546,3,0.295895378823216,0.0077914844086187495,0.22313919169662724,0.0003077054447165333,-2.379412218904612e-05,-0.01725481717519113,0.5246537535379712
C2D01_reshape_savi,C2D,topo+area,savi,reshape,late,C2D-B,beta_cover,lcbd_cover,546,3,0.2949175011249285,0.013135379525993628,0.22328986739102183,0.0003079132241353,-2.8576398523442744e-05,-0.020722787255180442,0.5230951027113492
C2D07_hilbert_kndvi_wX,C2D,topo+area,kndvi,hilbert,late,C2D-X,beta_cover,lcbd_cover,546,3,0.29395924307864857,0.012806775786438084,0.22344192688393583,0.0003081229117905,-1.8580074391084752e-05,-0.013473738773484642,0.5388559150756033
C2D02_serpentine_kndvi_calendar,C2D,topo+area,kndvi,serpentine,late,C2D-B,beta_cover,lcbd_cover,546,3,0.293716208679428,0.012246528566039066,0.22348092003064504,0.00030817668272806664,-3.3916433570452603e-05,-0.02459522800811989,0.5335457291059275
RF03_curve-topo-area_savi,RF,curve+topo+area,savi,,none,RF,beta_cover,lcbd_cover,546,3,0.2936105215577653,0.009904550846668653,0.2234995736534152,0.00030820240578126665,-2.1589980433471466e-05,-0.01565643658697201,0.5178129196808811
RF02_lsp-qc-topo-area_kndvi,RF,lsp+qc+topo+area,kndvi,,none,RF,beta_cover,lcbd_cover,546,3,0.29327832516544167,0.0028330136993194315,0.22355546943263446,0.0003082794851839,-2.1600956402770887e-05,-0.015664396046122502,0.5271122553941443
RF03_curve-topo-area_evi,RF,curve+topo+area,evi,,none,RF,beta_cover,lcbd_cover,546,3,0.2918493273423759,0.005235175172681014,0.22378065365994435,0.00030859001070063333,-2.235582342829601e-05,-0.016211804032579418,0.5220950614116636
RF04_lsp-curve-topo-area_ndvi,RF,lsp+curve+topo+area,ndvi,,none,RF,beta_cover,lcbd_cover,546,3,0.2907143728041166,0.006992616408827074,0.22395911573639468,0.0003088361071043333,-2.2580860876063856e-05,-0.016374994756236716,0.5205765514778661
RF03_curve-topo-area_nbr,RF,curve+topo+area,nbr,,none,RF,beta_cover,lcbd_cover,546,3,0.2900960794912419,0.005629273218343211,0.22405734858982282,0.0003089715686681,-1.852332328742246e-05,-0.013432584495534848,0.5288758892477717
RF04_lsp-curve-topo-area_kndvi,RF,lsp+curve+topo+area,kndvi,,none,RF,beta_cover,lcbd_cover,546,3,0.2899496119623572,0.003919864711950259,0.22408106416634224,0.0003090042720760667,-2.1464905098152605e-05,-0.015565735529506025,0.5200072377485897
MLP01_lsp_nbr,MLP,lsp,nbr,tabular,late,MLP-B,beta_cover,lcbd_cover,546,3,0.28865161287646673,0.016006215456189635,0.2242769505625466,0.0003092743963433333,-2.041174872520594e-05,-0.014802016635920012,0.5215351485847117
RF03_curve-topo-area_ndvi,RF,curve+topo+area,ndvi,,none,RF,beta_cover,lcbd_cover,546,3,0.28849241802560005,0.0045131929434936964,0.22431069737045198,0.00030932093266203335,-2.3772465352898514e-05,-0.0172391122567517,0.5205479678192947
RF03_curve-topo-area_ndvi_v2,RF,curve+topo+area,ndvi,,none,RF,beta_cover,lcbd_cover,546,3,0.2880847032014087,0.003661930578650538,0.22437521372975777,0.0003094098997093667,-1.9568265329895343e-05,-0.014190346591494818,0.5075633923734388
RF03_curve-topo-area_kndvi,RF,curve+topo+area,kndvi,,none,RF,beta_cover,lcbd_cover,546,3,0.2876587589883077,0.0012624107086232526,0.22444276306760846,0.0003095030491865667,-2.2924312457550403e-05,-0.01662405602439273,0.5225209652976346
RF08_lsp-curve-topo_nbr,RF,lsp+curve+topo,nbr,,none,RF,beta_cover,lcbd_cover,546,3,0.28723586114645255,0.002629869290569219,0.22450917984044116,0.00030959463687433333,-1.7473159095510576e-05,-0.012671035446091529,0.5184639413834341
MLP01_lsp_savi,MLP,lsp,savi,tabular,late,MLP-B,beta_cover,lcbd_cover,546,3,0.286707556897037,0.016001933150744337,0.22458325209892693,0.0003096967813567333,-3.180294089656595e-05,-0.02306258354242806,0.5137821845989209
C2D07_hilbert_kndvi_wA,C2D,topo+area,kndvi,hilbert,late,C2D-A,beta_cover,lcbd_cover,546,3,0.28585791562119767,0.01802406349067999,0.22471444950099403,0.00030987770051596665,-2.956685542009975e-05,-0.021441038281039274,0.5126312652071442
RF08_lsp-curve-topo_evi,RF,lsp+curve+topo,evi,,none,RF,beta_cover,lcbd_cover,546,3,0.28247916613682805,0.007336933707232365,0.22525537390912417,0.00031062362678866665,-2.5807137910937396e-05,-0.01871459862777172,0.5060361819967056
C2D01_reshape_kndvi,C2D,topo+area,kndvi,reshape,late,C2D-B,beta_cover,lcbd_cover,546,3,0.2823302252688844,0.024701691977849997,0.22525823908371126,0.0003106275778194667,-2.9672473713075385e-05,-0.02151762964764743,0.5203489513315198
RF03_curve-topo-area_kndvi_v2,RF,curve+topo+area,kndvi,,none,RF,beta_cover,lcbd_cover,546,3,0.2820945153495454,0.0007021105271818901,0.22531768318771817,0.0003107095503063334,-1.780523812527846e-05,-0.012911849664865282,0.5096812866351905
C2D07_hilbert_kndvi,C2D,topo+area,kndvi,hilbert,late,C2D-B,beta_cover,lcbd_cover,546,3,0.2806444307886431,0.02813106639081625,0.22551641532958458,0.00031098359881223333,-3.1854851341347005e-05,-0.02310022751294707,0.5156268965269883
RF08_lsp-curve-topo_savi,RF,lsp+curve+topo,savi,,none,RF,beta_cover,lcbd_cover,546,3,0.2795442091516145,0.007774726644452431,0.2257153747437809,0.0003112579607231333,-2.5588164796993393e-05,-0.018555805585632797,0.5000481758787378
C2D02_serpentine_kndvi_film,C2D,topo+area,kndvi,serpentine,film,C2D-B,beta_cover,lcbd_cover,546,3,0.27882652058497864,0.032273268200923175,0.22579181668700934,0.0003113633729636,-3.90830322227699e-05,-0.02834189764589815,0.5262022383469246
RF03_curve-topo-area_savi_v2,RF,curve+topo+area,savi,,none,RF,beta_cover,lcbd_cover,546,3,0.27880812646600983,0.009704265361417679,0.2258294395439222,0.0003114152542930333,-2.294035783769247e-05,-0.016635691675360637,0.511321086642118
RF01_lsp-topo-area_ndvi,RF,lsp+topo+area,ndvi,,none,RF,beta_cover,lcbd_cover,546,3,0.2778672093267449,0.000564982874109695,0.22598009494524285,0.0003116230057279667,-2.3003358499150813e-05,-0.01668137795396116,0.515708493901414
C2D02_serpentine_kndvi_wA,C2D,topo+area,kndvi,serpentine,late,C2D-A,beta_cover,lcbd_cover,546,3,0.2775232125122308,0.015400800589366392,0.22602536383358274,0.0003116854308148,-3.097115969776883e-05,-0.02245939959636958,0.5063110570074217
RF01_lsp-topo-area_kndvi,RF,lsp+topo+area,kndvi,,none,RF,beta_cover,lcbd_cover,546,3,0.2768328955939658,0.004492981312605193,0.22614115638462282,0.00031184510692613336,-2.0901065262381757e-05,-0.015156854999891762,0.508545104640118
RF03_curve-topo-area_evi_v2,RF,curve+topo+area,evi,,none,RF,beta_cover,lcbd_cover,546,3,0.27624943667908414,0.010627861353691585,0.22622904453056222,0.0003119663033005667,-2.3780677305391727e-05,-0.017245067329931963,0.5078552627409066
MLP01_lsp_evi,MLP,lsp,evi,tabular,late,MLP-B,beta_cover,lcbd_cover,546,3,0.27598623926435323,0.03261459371058706,0.22623595219775694,0.00031197582886526666,-3.235931749307636e-05,-0.023466051944291032,0.5108626007069618
C2D07_hilbert_kndvi_none,C2D,topo+area,kndvi,hilbert,none,C2D-B,beta_cover,lcbd_cover,546,3,0.2718324458679559,0.03365394806441932,0.2268819796909973,0.0003128666906435,-2.558357418247311e-05,-0.018552476603221863,0.5001393093318615
MLP01_lsp_kndvi,MLP,lsp,kndvi,tabular,late,MLP-B,beta_cover,lcbd_cover,546,3,0.27109238661828966,0.005857705046001356,0.22703644947412469,0.0003130797020510667,-2.523907400194493e-05,-0.018302654921019287,0.5013054021717159
C1D02_curve5,C1D,topo+area,,curve5,late,C1D-B,beta_cover,lcbd_cover,546,3,0.2705986361505985,0.009795382720330651,0.22711114739209418,0.00031318270930813334,-1.5165899391077802e-05,-0.010997876669340404,0.4997206220136154
MLP01_lsp_ndvi,MLP,lsp,ndvi,tabular,late,MLP-B,beta_cover,lcbd_cover,546,3,0.2701823344547128,0.009222573976482396,0.22717632052300182,0.0003132725820332,-2.4623397435741504e-05,-0.017856183876425496,0.4997055007553754
RF03_curve-topo-area_nbr_v2,RF,curve+topo+area,nbr,,none,RF,beta_cover,lcbd_cover,546,3,0.26992140166269624,0.0051651254025154685,0.2272190136527236,0.00031333145518929996,-1.7973581980627897e-05,-0.0130339278160805,0.5118092208148497
C2D02_serpentine_kndvi_patch,C2D,topo+area,kndvi,serpentine,patch,C2D-B,beta_cover,lcbd_cover,546,3,0.26844476733159456,0.003955940492800941,0.22744907590418897,0.00031364870742480003,-3.064222042886572e-05,-0.02222086224241493,0.50614195120213
C2D02_serpentine_kndvi_none,C2D,topo+area,kndvi,serpentine,none,C2D-B,beta_cover,lcbd_cover,546,3,0.26780990141071265,0.006927512165999983,0.22754660340743452,0.00031378319632176666,-3.104270268456863e-05,-0.022511280525096097,0.49936608271710864
C2D02_serpentine_kndvi_patchctx,C2D,topo+area,kndvi,serpentine,patchctx,C2D-B,beta_cover,lcbd_cover,546,3,0.2657012034071044,0.013504435957584857,0.2278693040192731,0.0003142281954029333,-2.5379665951381526e-05,-0.01840460818344855,0.5057400228515759
C2D09_spectrogram_kndvi,C2D,topo+area,kndvi,spectrogram,late,C2D-B,beta_cover,lcbd_cover,546,3,0.26538040478292185,0.005305612414066386,0.22792451735167582,0.0003143043337221333,-2.7374987014295283e-05,-0.019851557975199545,0.5057041396688465
C1D01_curve1d_nbr,C1D,topo+area,nbr,curve1d,late,C1D-B,beta_cover,lcbd_cover,546,3,0.2649745049914662,0.005258609880151677,0.22798749310319935,0.0003143911762954667,-2.6726916452895263e-05,-0.019381595731388118,0.5102778845488957
RF08_lsp-curve-topo_kndvi,RF,lsp+curve+topo,kndvi,,none,RF,beta_cover,lcbd_cover,546,3,0.26269354894788766,0.0013814793795946915,0.2283418764948412,0.00031487986543296667,-2.041648404315127e-05,-0.014805450553117721,0.4876869847114767
C2D07_hilbert_kndvi_film,C2D,topo+area,kndvi,hilbert,film,C2D-B,beta_cover,lcbd_cover,546,3,0.26118701612536727,0.00845685461577339,0.2285726131210716,0.00031519804762073335,-3.1352280274178216e-05,-0.022735777342745688,0.5097984050529433
RF08_lsp-curve-topo_ndvi,RF,lsp+curve+topo,ndvi,,none,RF,beta_cover,lcbd_cover,546,3,0.25648148058194264,0.0040482418178550104,0.22930128996264812,0.0003162028815537,-2.2663177879210408e-05,-0.016434688693605957,0.4791253556223327
C2D07_hilbert_kndvi_patchctx,C2D,topo+area,kndvi,hilbert,patchctx,C2D-B,beta_cover,lcbd_cover,546,3,0.2496730199791969,0.029806016871040494,0.2303189330254731,0.00031760619537239996,-3.225375331099046e-05,-0.02338949981735684,0.49652421384824824
C2D06_cwt_kndvi,C2D,topo+area,kndvi,cwt,late,C2D-B,beta_cover,lcbd_cover,546,3,0.24592318914998756,0.01058008926469214,0.23092043480211588,0.000318435656886,-2.3711880101823505e-05,-0.01719517756470667,0.4755730557084959
C2D11_pxcube_kndvi,C2D,topo+area,kndvi,pxcube,late,C2D-B,beta_cover,lcbd_cover,546,3,0.24042376815008884,0.012634788588525521,0.23175936829408883,0.0003195925330101333,-2.8215632366209977e-05,-0.020461169951688847,0.48639468629400895
C2D07_hilbert_kndvi_patch,C2D,topo+area,kndvi,hilbert,patch,C2D-B,beta_cover,lcbd_cover,546,3,0.2395667136649828,0.017970356326215207,0.23188458695902278,0.00031976520758463336,-2.7298346501736563e-05,-0.019795980466523838,0.4788218783441142
C1D01_curve1d_ndvi,C1D,topo+area,ndvi,curve1d,late,C1D-B,beta_cover,lcbd_cover,546,3,0.23912640679375974,0.00524675886482743,0.23196165982745667,0.00031987148986106664,-2.7333702889405744e-05,-0.01982161990807937,0.47158128511631364
C1D01_curve1d_evi,C1D,topo+area,evi,curve1d,late,C1D-B,beta_cover,lcbd_cover,546,3,0.2255551787604991,0.012875706888656982,0.23401675830680926,0.0003227054384235,-2.4047380589278634e-05,-0.01743847292678087,0.4679061590341959
C1D01_curve1d_nbr_v2,C1D,topo+area,nbr,curve1d,late,C1D-B,beta_cover,lcbd_cover,546,3,0.2207087992162543,0.014518269009681499,0.23474644413609044,0.00032371166373466664,-2.4919665786600344e-05,-0.0180710292146258,0.4552298840295439
C1D01_curve1d_ndvi_v2,C1D,topo+area,ndvi,curve1d,late,C1D-B,beta_cover,lcbd_cover,546,3,0.21748740857497284,0.030400585582408598,0.23520865466999663,0.0003243490448097,-2.8347318696711594e-05,-0.02055666511386577,0.4353906252927157
C2D10_stack5,C2D,topo+area,,stack5,late,C2D-B,beta_cover,lcbd_cover,546,3,0.21573906020265565,0.026544365505879755,0.23547830238222833,0.0003247208847746,-2.4353500403497544e-05,-0.017660462264572855,0.4532768557881681
C1D01_curve1d_savi_v2,C1D,topo+area,savi,curve1d,late,C1D-B,beta_cover,lcbd_cover,546,3,0.2148542616295047,0.008408118898047028,0.23563112232907057,0.0003249316210838333,-2.971145131107894e-05,-0.02154589508741242,0.4568441602794408
C1D01_curve1d_savi,C1D,topo+area,savi,curve1d,late,C1D-B,beta_cover,lcbd_cover,546,3,0.2117044614624568,0.01664691557251127,0.23609682024957898,0.00032557381121030006,-2.9320705667353135e-05,-0.021262537517381764,0.45735817458327804
C1D01_curve1d_kndvi,C1D,topo+area,kndvi,curve1d,late,C1D-B,beta_cover,lcbd_cover,546,3,0.21136137332074675,0.017330831623508642,0.2361474641755351,0.00032564364838970003,-2.3763337937395602e-05,-0.017232493315965686,0.45390535219142575
C1D01_curve1d_evi_v2,C1D,topo+area,evi,curve1d,late,C1D-B,beta_cover,lcbd_cover,546,3,0.20859519151663689,0.02142180076011854,0.23655627251857503,0.0003262073886813333,-2.6070793178516763e-05,-0.01890579389033217,0.44886283107209374
B02_area,BASE,area,,,none,RF,beta_cover,lcbd_cover,546,3,0.19825086897804953,0.009094826564566961,0.2381092583163068,0.00032834893173296667,-1.2565316518103847e-05,-0.009112008316410708,0.350265283549353
C1D01_curve1d_kndvi_v2,C1D,topo+area,kndvi,curve1d,late,C1D-B,beta_cover,lcbd_cover,546,3,0.1966168043963552,0.02246813423662691,0.23833891682549027,0.00032866562721423336,-2.7227624578988862e-05,-0.01974469494997462,0.4263408866083622
B01_topo-area,BASE,topo+area,,,none,RF,beta_cover,lcbd_cover,546,3,0.17833695263727342,0.0022405588266906245,0.2410506378450431,0.0003324050479583667,-2.262813873694081e-05,-0.016409279309346807,0.404134284046007
C2D08_cos2d_kndvi,C2D,topo+area,kndvi,cos2d,late,C2D-B,beta_cover,lcbd_cover,546,3,0.1622138048893408,0.008599862281024506,0.24340218522123183,0.00033564779489883334,-2.375946395341367e-05,-0.017229684013532826,0.3946039810658262
C2D03_gaf_kndvi,C2D,topo+area,kndvi,gaf,late,C2D-B,beta_cover,lcbd_cover,546,3,0.1597683013759394,0.01663862938442114,0.24375129729972522,0.0003361292149781667,-2.4238879813062706e-05,-0.017577342689209213,0.4083982998540067
C2D04_mtf_kndvi,C2D,topo+area,kndvi,mtf,late,C2D-B,beta_cover,lcbd_cover,546,3,0.14886794024467842,0.016668175044526938,0.24532750095339295,0.0003383027750889,-1.6309385296909577e-05,-0.011827099957798515,0.3739854305369485
C2D05_ndi_kndvi,C2D,topo+area,kndvi,ndi,late,C2D-B,beta_cover,lcbd_cover,546,3,0.07685333889225297,0.016932365351734317,0.25549647475781706,0.0003523256304331667,-1.300210211469893e-05,-0.009428752744052318,0.29457147404771705
C2D02_serpentine_kndvi_nglobal,C2D,topo+area,kndvi,serpentine,late,C2D-B,beta_cover,lcbd_cover,546,3,0.019715547789933868,0.01784228524881497,0.26328476237032833,0.00036306555686726664,-4.190982960902416e-06,-0.0030391810296744692,0.13965051463157388
C2D07_hilbert_kndvi_nglobal,C2D,topo+area,kndvi,hilbert,late,C2D-B,beta_cover,lcbd_cover,546,3,0.018089762954592234,0.014114348457916214,0.2635057374011262,0.0003633702779681,-2.931892550075996e-06,-0.00212612465914505,0.13414582549194418
B00_area,BASE,area,,,none,mean,beta_cover,lcbd_cover,546,3,-0.0181616552106824,0.00990144069826804,0.2683283898491721,0.00037002064003563336,-1.4473639245789611e-05,-0.010495869402600139,-0.07556684684741449
RF03_curve-topo-area_nbr_v2,RF,curve+topo+area,nbr,,none,RF,beta_cover,pcoa1_cover,546,3,0.39408625738956554,0.008601398262017636,0.21984500460370063,0.4151960978421801,0.049444930149903636,0.02618093222197645,0.6549731377484477
RF04_lsp-curve-topo-area_nbr,RF,lsp+curve+topo+area,nbr,,none,RF,beta_cover,pcoa1_cover,546,3,0.3931497406810845,0.009516997051079525,0.22001401368253784,0.41551528594545134,0.052808457936478065,0.0279619094170107,0.6633162200003514
RF03_curve-topo-area_nbr,RF,curve+topo+area,nbr,,none,RF,beta_cover,pcoa1_cover,546,3,0.3925635740368308,0.009400958208021294,0.2201203593510099,0.41571612883770453,0.05213808974646791,0.027606951606508875,0.6576494525712521
RF08_lsp-curve-topo_nbr,RF,lsp+curve+topo,nbr,,none,RF,beta_cover,pcoa1_cover,546,3,0.39096174987810367,0.00929611884846445,0.22041053011992484,0.4162641411574682,0.05072501524646697,0.026858733182557895,0.6618763911077048
RF08_lsp-curve-topo_evi,RF,lsp+curve+topo,evi,,none,RF,beta_cover,pcoa1_cover,546,3,0.3897616825734123,0.009617285237177593,0.22062730285071763,0.4166735350034008,0.06544453473389071,0.03465267162825824,0.6411812775228503
RF04_lsp-curve-topo-area_evi,RF,lsp+curve+topo+area,evi,,none,RF,beta_cover,pcoa1_cover,546,3,0.3891577952043382,0.012588287150196185,0.22073317715660243,0.4168734876870852,0.06642343616416453,0.035170996801745104,0.6408401444835385
RF03_curve-topo-area_evi,RF,curve+topo+area,evi,,none,RF,beta_cover,pcoa1_cover,546,3,0.38882526189233574,0.011670209768089784,0.22079434316213117,0.41698900492097407,0.06240742481950787,0.033044531651559246,0.6257075403643586
RF04_lsp-curve-topo-area_savi,RF,lsp+curve+topo+area,savi,,none,RF,beta_cover,pcoa1_cover,546,3,0.3878475490808751,0.01180049062112833,0.22097074253149115,0.4173221502201003,0.0668347963925403,0.03538881072574645,0.6389766731556584
MLP06_curve_kndvi,MLP,curve,kndvi,tabular,late,MLP-B,beta_cover,pcoa1_cover,546,5,0.38637786205786606,0.032768862706457104,0.22118056444891748,0.41771841686038275,0.04609542023425018,0.02440737744471822,0.6430935374201915
RF03_curve-topo-area_savi,RF,curve+topo+area,savi,,none,RF,beta_cover,pcoa1_cover,546,3,0.38623251383846213,0.010108633949564072,0.2212638941597779,0.4178757921477854,0.06329898717725846,0.033516611065751295,0.6269758627568894
RF02_lsp-qc-topo-area_nbr,RF,lsp+qc+topo+area,nbr,,none,RF,beta_cover,pcoa1_cover,546,3,0.3835511311295589,0.011619988261447676,0.22174517688985484,0.41878473575488256,0.057775493901800035,0.030591939059240198,0.658334987078664
RF03_curve-topo-area_evi_v2,RF,curve+topo+area,evi,,none,RF,beta_cover,pcoa1_cover,546,3,0.38323322332078485,0.010795868771635311,0.22180320464174383,0.41889432612831085,0.0630362986075541,0.03337751830906083,0.6268430490472067
RF08_lsp-curve-topo_savi,RF,lsp+curve+topo,savi,,none,RF,beta_cover,pcoa1_cover,546,3,0.38263598467600873,0.012853926787162424,0.22190825326438549,0.4190927194385574,0.06710134444638903,0.035529947066935665,0.6346351307270593
RF03_curve-topo-area_savi_v2,RF,curve+topo+area,savi,,none,RF,beta_cover,pcoa1_cover,546,3,0.38160317825395973,0.011434716819767108,0.22209545753367235,0.41944627071550106,0.06249079739205086,0.03308867716181282,0.6314141433052343
RF01_lsp-topo-area_nbr,RF,lsp+topo+area,nbr,,none,RF,beta_cover,pcoa1_cover,546,3,0.37785203335120454,0.012197099672001268,0.22276726328829818,0.4207150333527571,0.055971147338092296,0.029636543330170084,0.6507042871420783
B03_coords,BASE,coords,,,none,RF,beta_cover,pcoa1_cover,546,3,0.37337588275612715,0.015048181339670851,0.2235635609122235,0.42221890953484636,0.06168475771833907,0.03266188173502802,0.6281011200863517
MLP03_lsp-curve-qc_kndvi,MLP,lsp+curve+qc,kndvi,tabular,late,MLP-B,beta_cover,pcoa1_cover,546,3,0.37305218343856733,0.03799818246401178,0.2235642184990231,0.4222201514437707,0.0501163586028468,0.026536451438306977,0.6272928422939931
RF06_curve_all-topo-area,RF,curve_all+topo+area,,,none,RF,beta_cover,pcoa1_cover,546,3,0.37182356993683535,0.008663978713677339,0.22384757958753043,0.4227553030995502,0.0614550535659493,0.03254025412170972,0.644793751447053
RF05_lsp_all-topo-area,RF,lsp_all+topo+area,,,none,RF,beta_cover,pcoa1_cover,546,3,0.36996242248248307,0.010736511413586409,0.22417707120152688,0.4233775761989534,0.060999064431339935,0.03229880933473212,0.6362603507985098
RF01_lsp-topo-area_evi,RF,lsp+topo+area,evi,,none,RF,beta_cover,pcoa1_cover,546,3,0.3682969329498051,0.011713662794828678,0.2244722062809281,0.4239349640437426,0.0633706250608871,0.03355454309579202,0.6300737557441135
RF02_lsp-qc-topo-area_evi,RF,lsp+qc+topo+area,evi,,none,RF,beta_cover,pcoa1_cover,546,3,0.36757814057643134,0.011059008399216988,0.22460056261579162,0.42417737596237926,0.06371419693318094,0.03373646330226479,0.632285105853429
RF03_curve-topo-area_kndvi,RF,curve+topo+area,kndvi,,none,RF,beta_cover,pcoa1_cover,546,3,0.36672659308871003,0.01024185413358857,0.2247525516627178,0.4244644202794073,0.06115809276790474,0.0323830143298318,0.63012845892068
RF03_curve-topo-area_ndvi,RF,curve+topo+area,ndvi,,none,RF,beta_cover,pcoa1_cover,546,3,0.3628781650136519,0.009307222561673857,0.22543532772872776,0.4257539012881679,0.06173449968017044,0.03268821994457443,0.6297934941191573
RF03_curve-topo-area_kndvi_v2,RF,curve+topo+area,kndvi,,none,RF,beta_cover,pcoa1_cover,546,3,0.3625523520639807,0.011046680857634026,0.22549133247095068,0.42585967103478345,0.060780686937071136,0.03218317915062786,0.6223710275009168
RF01_lsp-topo-area_kndvi,RF,lsp+topo+area,kndvi,,none,RF,beta_cover,pcoa1_cover,546,3,0.36237007866877974,0.01578134986015949,0.22551769918064024,0.42590946682157327,0.06667175316393603,0.0353024798581651,0.6209916031042272
MLP02_curve_nbr,MLP,curve,nbr,tabular,late,MLP-B,beta_cover,pcoa1_cover,546,3,0.36214445202142986,0.04024716063340972,0.22549336800896747,0.4258635153224582,0.048738033962741505,0.025806632953922954,0.6275519491493807
RF02_lsp-qc-topo-area_kndvi,RF,lsp+qc+topo+area,kndvi,,none,RF,beta_cover,pcoa1_cover,546,3,0.36135121944989074,0.014288268978662583,0.22569991334031367,0.42625359384963274,0.06785548161432427,0.035929260283071814,0.621486462882538
RF01_lsp-topo-area_savi,RF,lsp+topo+area,savi,,none,RF,beta_cover,pcoa1_cover,546,3,0.36080354765767314,0.014096239562556406,0.22579689690947732,0.42643675561646077,0.06495098977823346,0.03439134115426655,0.628423580113003
RF02_lsp-qc-topo-area_ndvi,RF,lsp+qc+topo+area,ndvi,,none,RF,beta_cover,pcoa1_cover,546,3,0.3580300776656147,0.010613754874506958,0.2262902894490574,0.42736856963473874,0.06543639867615926,0.03464836361173612,0.610898486120594
RF02_lsp-qc-topo-area_savi,RF,lsp+qc+topo+area,savi,,none,RF,beta_cover,pcoa1_cover,546,3,0.3579560364030559,0.012945192964971559,0.22630081268578275,0.4273884436675052,0.06601535697441473,0.034954920177192345,0.6292529992110695
RF04_lsp-curve-topo-area_kndvi,RF,lsp+curve+topo+area,kndvi,,none,RF,beta_cover,pcoa1_cover,546,3,0.3576247848081466,0.011410050028389388,0.22636090532508227,0.4275019337574491,0.06376387700235443,0.03376276873984699,0.6195550795023481
RF04_lsp-curve-topo-area_ndvi,RF,lsp+curve+topo+area,ndvi,,none,RF,beta_cover,pcoa1_cover,546,3,0.3570640164819318,0.012748286044442962,0.22645819615692409,0.42768567581612976,0.0624047318425885,0.0330431057289017,0.6181588583306438
RF01_lsp-topo-area_ndvi,RF,lsp+topo+area,ndvi,,none,RF,beta_cover,pcoa1_cover,546,3,0.35637866583504896,0.01877615343533856,0.2265702745851658,0.42789734551561703,0.0672065244390047,0.035585639536303705,0.6111533252674918
MLP07_curve_all,MLP,curve_all,,tabular,late,MLP-A,beta_cover,pcoa1_cover,546,5,0.3549510477599113,0.017147294254472627,0.22682147844650152,0.428371765496992,0.044525205780450584,0.023575953918296772,0.637894089117767
RF03_curve-topo-area_ndvi_v2,RF,curve+topo+area,ndvi,,none,RF,beta_cover,pcoa1_cover,546,3,0.35446170108656877,0.008887991185575624,0.22691991136793652,0.4285576644895695,0.06403608601409587,0.03390690254011746,0.6177482896105645
MLP05c_curve_kndvi,MLP,curve,kndvi,tabular,late,MLP-C,beta_cover,pcoa1_cover,546,3,0.3541131603059426,0.026169431317859215,0.22695340325796232,0.42862091678894815,0.04455615118482107,0.0235923394108427,0.6268851162850196
RF08_lsp-curve-topo_kndvi,RF,lsp+curve+topo,kndvi,,none,RF,beta_cover,pcoa1_cover,546,3,0.35077418086137574,0.016099621649766367,0.22755902412794224,0.4297646836097622,0.0647905668814859,0.03430639774401462,0.6171364053368317
RF08_lsp-curve-topo_ndvi,RF,lsp+curve+topo,ndvi,,none,RF,beta_cover,pcoa1_cover,546,3,0.3491876762825856,0.010954483681244593,0.22784321329943893,0.43030139917110577,0.06270711733716477,0.03320321788022659,0.6156287135411805
MLP02_curve_evi,MLP,curve,evi,tabular,late,MLP-B,beta_cover,pcoa1_cover,546,3,0.34770485785816735,0.022583128957658894,0.22808520859126402,0.43075842798121244,0.04129810371386743,0.021867213705246275,0.6056294068829428
MLP01_lsp_nbr,MLP,lsp,nbr,tabular,late,MLP-B,beta_cover,pcoa1_cover,546,3,0.34582450530105663,0.01874874498474525,0.22842090999089046,0.43139242879199413,0.04305541732147259,0.022797705634630818,0.5924503176612917
MLP02_curve_kndvi,MLP,curve,kndvi,tabular,late,MLP-B,beta_cover,pcoa1_cover,546,3,0.34537432791918726,0.022743672170494247,0.2284922125241856,0.4315270897256997,0.04943391193341337,0.02617509811161844,0.6153083904215532
C2D07_hilbert_kndvi_wX,C2D,topo+area,kndvi,hilbert,late,C2D-X,beta_cover,pcoa1_cover,546,3,0.34430540171245044,0.06229630973240627,0.228530582813384,0.4315995552992385,0.0153245558557149,0.008114303265754458,0.6067590350093092
C2D01_reshape_nbr,C2D,topo+area,nbr,reshape,late,C2D-B,beta_cover,pcoa1_cover,546,3,0.34041297990689046,0.014382367389953432,0.22937042263511562,0.43318566464670355,0.032022172838012765,0.01695563800233342,0.6036822688802985
C2D02_serpentine_nbr,C2D,topo+area,nbr,serpentine,late,C2D-B,beta_cover,pcoa1_cover,546,3,0.3397960433115153,0.03300665349283542,0.2294381888669259,0.4333136469725418,0.03664437728253443,0.019403080458238596,0.6025967029770695
MLP02_curve_savi,MLP,curve,savi,tabular,late,MLP-B,beta_cover,pcoa1_cover,546,3,0.3344242148561501,0.026186925895139802,0.2303883800415365,0.435108164289929,0.0504537783988652,0.026715114140087096,0.6014395990498902
MLP04_curve_all,MLP,curve_all,,tabular,late,MLP-A,beta_cover,pcoa1_cover,546,3,0.331594687713578,0.036221013835218384,0.23085125539589302,0.43598234399331853,0.04239666096636236,0.022448896253534526,0.6202219734007901
C2D07_hilbert_nbr,C2D,topo+area,nbr,hilbert,late,C2D-B,beta_cover,pcoa1_cover,546,3,0.33010391004709055,0.03100296374906176,0.23112323873488005,0.43649600779581915,0.0345393208319238,0.01828845980674236,0.594601886583148
MLP05a_curve_kndvi,MLP,curve,kndvi,tabular,late,MLP-A,beta_cover,pcoa1_cover,546,3,0.3296803083997986,0.04837282395316831,0.2311361370016071,0.43652036727591587,0.05890226826591107,0.03118856247779526,0.6115005973074356
MLP02_curve_ndvi,MLP,curve,ndvi,tabular,late,MLP-B,beta_cover,pcoa1_cover,546,3,0.32658593021847476,0.030647662488925052,0.23173070062014234,0.4376432515314837,0.050804019953932994,0.02690056592223645,0.5937326191688911
C2D01_reshape_kndvi_ctxclim-topo-area,C2D,clim+topo+area,kndvi,reshape,late,C2D-B,beta_cover,pcoa1_cover,546,5,0.3239037957229024,0.0277673673426809,0.23219311119329963,0.43851655345581886,0.039764074570636396,0.021054950184927666,0.6046795122646694
MLP01_lsp_kndvi,MLP,lsp,kndvi,tabular,late,MLP-B,beta_cover,pcoa1_cover,546,3,0.3220798663717998,0.02815456998972751,0.23251225283599727,0.4391192797490356,0.0466386780942454,0.024695030742406587,0.5760243875313907
C2D02_serpentine_kndvi_ctxclim-topo-area,C2D,clim+topo+area,kndvi,serpentine,late,C2D-B,beta_cover,pcoa1_cover,546,5,0.32170709393859565,0.028764307429593697,0.23256669041536543,0.43922208977453686,0.044888384321920376,0.023768255793329668,0.6054397235771228
C1D02_curve5,C1D,topo+area,,curve5,late,C1D-B,beta_cover,pcoa1_cover,546,3,0.3203570132611771,0.029038912731927886,0.23280485867016806,0.4396718908978428,0.03294630572042154,0.017444963405061107,0.5875997914667026
MLP01_lsp_ndvi,MLP,lsp,ndvi,tabular,late,MLP-B,beta_cover,pcoa1_cover,546,3,0.3189546816963751,0.020128013607786693,0.23306385860056614,0.440161034422557,0.044156500170455935,0.02338072547817426,0.5880418057303323
C1D01_curve1d_kndvi_ctxclim-topo-area,C1D,clim+topo+area,kndvi,curve1d,late,C1D-B,beta_cover,pcoa1_cover,546,5,0.3147423072963293,0.04126527995799015,0.23371618427188898,0.4413930072560711,0.044769921580887356,0.023705530151197862,0.6063907840109641
C2D02_serpentine_kndvi_noaug,C2D,topo+area,kndvi,serpentine,late,C2D-B,beta_cover,pcoa1_cover,546,3,0.31369408594510223,0.021491887434128918,0.23396012896033058,0.44185371766844944,0.04345186370731577,0.023007622726756133,0.5879618876609739
C2D02_serpentine_kndvi_nperSample,C2D,topo+area,kndvi,serpentine,late,C2D-B,beta_cover,pcoa1_cover,546,3,0.3127156484845892,0.021870311794081953,0.23412626337401862,0.4421674767206731,0.03741025855128887,0.0198086121381611,0.5702271496861341
C2D07_hilbert_kndvi_film,C2D,topo+area,kndvi,hilbert,film,C2D-B,beta_cover,pcoa1_cover,546,3,0.30852752555868806,0.03222431324442716,0.2348151992427384,0.4434685910437918,0.043776744869909096,0.0231796462622787,0.5689901746479918
C1D01_curve1d_nbr,C1D,topo+area,nbr,curve1d,late,C1D-B,beta_cover,pcoa1_cover,546,3,0.3082417568450651,0.027981104071996266,0.23487489559816485,0.44358133271774136,0.05377054265793196,0.028471330197014217,0.5796774707959477
C2D07_hilbert_kndvi_wC,C2D,topo+area,kndvi,hilbert,late,C2D-C,beta_cover,pcoa1_cover,546,3,0.30812942703808904,0.043715174142971776,0.2348464660234486,0.4435276410338807,0.043617898211149066,0.02309553746499503,0.5841488000419542
C2D02_serpentine_kndvi_film,C2D,topo+area,kndvi,serpentine,film,C2D-B,beta_cover,pcoa1_cover,546,3,0.3067253184784003,0.030842666247628405,0.23512520802358552,0.44405406914613293,0.04776095042462967,0.025289270348516076,0.577871872452669
C2D01_reshape_kndvi,C2D,topo+area,kndvi,reshape,late,C2D-B,beta_cover,pcoa1_cover,546,3,0.3002661354813,0.04931531327300847,0.23615940674902633,0.44600724190969143,0.04133314093964646,0.021885765804128515,0.5703534871717633
C2D07_hilbert_kndvi,C2D,topo+area,kndvi,hilbert,late,C2D-B,beta_cover,pcoa1_cover,546,3,0.29734826669889597,0.012625705804179821,0.23674280150519386,0.4471090328132374,0.04954380074581696,0.026233283885989434,0.5775602390221807
C2D02_serpentine_kndvi_wX,C2D,topo+area,kndvi,serpentine,late,C2D-X,beta_cover,pcoa1_cover,546,3,0.29487047640936853,0.03720222873961857,0.23711199701438726,0.4478062901151909,0.03307677559398673,0.01751404678542921,0.5984566536027567
C2D02_serpentine_kndvi_wC,C2D,topo+area,kndvi,serpentine,late,C2D-C,beta_cover,pcoa1_cover,546,3,0.2913447007484874,0.053167534069312204,0.23764854522991374,0.44881960731924736,0.039863174179100104,0.021107423110352908,0.5794233293606781
C2D02_serpentine_kndvi_mixup,C2D,topo+area,kndvi,serpentine,late,C2D-B,beta_cover,pcoa1_cover,546,3,0.2885628303768382,0.03746769363794829,0.2381698091342527,0.44980405879412916,0.04814493677348383,0.025492589890945137,0.5769755478352462
C2D09_spectrogram_kndvi,C2D,topo+area,kndvi,spectrogram,late,C2D-B,beta_cover,pcoa1_cover,546,3,0.28774853058337785,0.034587968311542636,0.23831447679495454,0.4500772760469643,0.04151260627595877,0.02198079212516774,0.5649904101047604
C2D07_hilbert_kndvi_nperSample,C2D,topo+area,kndvi,hilbert,late,C2D-B,beta_cover,pcoa1_cover,546,3,0.28656230116546194,0.026777077393818523,0.23853166427600128,0.45048745318423117,0.0393213160859657,0.02082051098473615,0.5545622828571285
MLP01_lsp_evi,MLP,lsp,evi,tabular,late,MLP-B,beta_cover,pcoa1_cover,546,3,0.2854852640665854,0.010660523424610718,0.23873494788418162,0.4508713716681827,0.051836677018389066,0.027447354531930177,0.5398421963281894
C2D07_hilbert_kndvi_calendar,C2D,topo+area,kndvi,hilbert,late,C2D-B,beta_cover,pcoa1_cover,546,3,0.28486832898593123,0.03001516803016127,0.23880770358730788,0.45100877703742565,0.044407337719255924,0.023513543157235584,0.5702419135537037
C2D07_hilbert_ndvi,C2D,topo+area,ndvi,hilbert,late,C2D-B,beta_cover,pcoa1_cover,546,3,0.2829913500957996,0.021768717966460155,0.2391374466288041,0.4516315249791705,0.0446998371880331,0.023668420689548855,0.5596903145680803
C2D02_serpentine_kndvi_calendar,C2D,topo+area,kndvi,serpentine,late,C2D-B,beta_cover,pcoa1_cover,546,3,0.2818868800464706,0.013716265295540375,0.23933246895878135,0.45199984133252413,0.04570423780055669,0.0242002475984042,0.5680059664705515
C2D02_serpentine_kndvi,C2D,topo+area,kndvi,serpentine,late,C2D-B,beta_cover,pcoa1_cover,546,3,0.2799573485909003,0.03238642474718467,0.23962026781755505,0.45254337409708084,0.04452765355557559,0.023577250007389198,0.5587710922254051
MLP01_lsp_savi,MLP,lsp,savi,tabular,late,MLP-B,beta_cover,pcoa1_cover,546,3,0.2778953989526077,0.0219184361273041,0.2399855428017971,0.4532332271522825,0.0605624852028214,0.032067642030891,0.5419695536591943
C2D07_hilbert_savi,C2D,topo+area,savi,hilbert,late,C2D-B,beta_cover,pcoa1_cover,546,3,0.2736516604962161,0.02535264655781561,0.24068358193357817,0.4545515337664314,0.05462992772146139,0.028926371836928175,0.5551509883948847
C2D01_reshape_ndvi,C2D,topo+area,ndvi,reshape,late,C2D-B,beta_cover,pcoa1_cover,546,3,0.2718610679837879,0.05967519990062189,0.240867619164599,0.45489910382068527,0.036995205003837364,0.019588842613532904,0.5644938620714078
C2D01_reshape_savi,C2D,topo+area,savi,reshape,late,C2D-B,beta_cover,pcoa1_cover,546,3,0.26759952525752323,0.021797313041968223,0.2416912594516095,0.45645461896103967,0.039141609618869366,0.020725356985718743,0.5473765280813648
C1D01_curve1d_nbr_v2,C1D,topo+area,nbr,curve1d,late,C1D-B,beta_cover,pcoa1_cover,546,3,0.2670056457241068,0.027995425470373352,0.24177786104469426,0.45661817347791644,0.048370440638275565,0.02561199346542704,0.5554644134895597
C2D01_reshape_kndvi_v2,C2D,topo+area,kndvi,reshape,late,C2D-B,beta_cover,pcoa1_cover,546,3,0.26653989829957053,0.023270633394634015,0.2418635239543304,0.45677995521080056,0.051317072247467004,0.027172225469183336,0.569321542506816
C2D07_hilbert_evi,C2D,topo+area,evi,hilbert,late,C2D-B,beta_cover,pcoa1_cover,546,3,0.26356497716758315,0.004279565832760575,0.24237312562582983,0.4577423815613189,0.0441790459806961,0.02339266341251854,0.5409308134329994
C2D02_serpentine_savi,C2D,topo+area,savi,serpentine,late,C2D-B,beta_cover,pcoa1_cover,546,3,0.2627860547805238,0.0064387735388762276,0.24250040964235645,0.4579827683150448,0.04862808828932147,0.025748417071825788,0.556774021405105
C2D10_stack5,C2D,topo+area,,stack5,late,C2D-B,beta_cover,pcoa1_cover,546,3,0.2616205270256752,0.03584706991986622,0.24264530900520997,0.4582564231572144,0.045663040148631734,0.024178433573599594,0.5386875778833086
C2D02_serpentine_kndvi_v2,C2D,topo+area,kndvi,serpentine,late,C2D-B,beta_cover,pcoa1_cover,546,3,0.260953716041735,0.03469818452344435,0.24275802428627183,0.4584692956077321,0.04550449830843353,0.02409448617676857,0.5676717865067229
C1D01_curve1d_kndvi,C1D,topo+area,kndvi,curve1d,late,C1D-B,beta_cover,pcoa1_cover,546,3,0.2605607465070596,0.046969820987498474,0.24278454954355078,0.4585193908252075,0.0436668409238019,0.0231214524746601,0.5580285417720188
C2D07_hilbert_kndvi_v2,C2D,topo+area,kndvi,hilbert,late,C2D-B,beta_cover,pcoa1_cover,546,3,0.2595797568209784,0.0051846140568637036,0.2430277321246154,0.4589786619326099,0.05020295707989167,0.026582305054666924,0.569276279493233
C2D07_hilbert_kndvi_wA,C2D,topo+area,kndvi,hilbert,late,C2D-A,beta_cover,pcoa1_cover,546,3,0.25911488680617945,0.020984766649722864,0.24308874891062415,0.4590938973526702,0.05011423759368907,0.026535328370748137,0.5574810709089503
C2D02_serpentine_ndvi,C2D,topo+area,ndvi,serpentine,late,C2D-B,beta_cover,pcoa1_cover,546,3,0.2552475599624135,0.0318868313970089,0.2437015931688177,0.46025130616005083,0.04767234872712494,0.025242356033335727,0.5561974420077013
C2D02_serpentine_kndvi_patchctx,C2D,topo+area,kndvi,serpentine,patchctx,C2D-B,beta_cover,pcoa1_cover,546,3,0.254424102039388,0.021123333618512843,0.2438570121926614,0.46054482828190507,0.045202061223943164,0.023934346708749322,0.5452962385049576
C2D01_reshape_evi,C2D,topo+area,evi,reshape,late,C2D-B,beta_cover,pcoa1_cover,546,3,0.2513967409428554,0.01608930335123165,0.24435864073616442,0.46149219669814073,0.04180479815741517,0.022135506790979368,0.5532167666649619
C2D07_hilbert_kndvi_patch,C2D,topo+area,kndvi,hilbert,patch,C2D-B,beta_cover,pcoa1_cover,546,3,0.2504778313239876,0.019315399512337263,0.24450433208891797,0.4617673472809873,0.042611034942519437,0.02256240658761545,0.5370039967177656
C2D02_serpentine_evi,C2D,topo+area,evi,serpentine,late,C2D-B,beta_cover,pcoa1_cover,546,3,0.24934838285963692,0.003939951141949291,0.24470152896627764,0.4621397704530943,0.04690542247364706,0.02483627103734756,0.5456291338379032
C1D01_curve1d_ndvi,C1D,topo+area,ndvi,curve1d,late,C1D-B,beta_cover,pcoa1_cover,546,3,0.24695320052375644,0.03533919679285213,0.24504658168915672,0.462791432037798,0.05171735105141173,0.027384171814424374,0.5545809179492845
C2D02_serpentine_kndvi_patch,C2D,topo+area,kndvi,serpentine,patch,C2D-B,beta_cover,pcoa1_cover,546,3,0.24608870062322366,0.023954678065547824,0.24521230847357234,0.46310442124726997,0.04109686572923366,0.021760658836623526,0.5494623331027018
B01_topo-area,BASE,topo+area,,,none,RF,beta_cover,pcoa1_cover,546,3,0.24509442632673095,0.013775620891989492,0.24538767361135264,0.4634356133115845,0.05533075456452367,0.02929745740671112,0.49743592684970594
C2D07_hilbert_kndvi_patchctx,C2D,topo+area,kndvi,hilbert,patchctx,C2D-B,beta_cover,pcoa1_cover,546,3,0.2424316355353303,0.02185341584736153,0.2458096986710673,0.46423264373900325,0.04021744378920667,0.02129500773474992,0.5406757574457236
C1D01_curve1d_evi,C1D,topo+area,evi,curve1d,late,C1D-B,beta_cover,pcoa1_cover,546,3,0.24044975323570675,0.023552780247965203,0.24612833192760863,0.46483440990147384,0.04924922411274756,0.02607730650183324,0.5232144793361849
C2D03_gaf_kndvi,C2D,topo+area,kndvi,gaf,late,C2D-B,beta_cover,pcoa1_cover,546,3,0.23690490668632358,0.015890202027234852,0.2467130461682947,0.4659386927644082,0.05505447912557321,0.02915117044625168,0.532416789739693
C2D02_serpentine_kndvi_wA,C2D,topo+area,kndvi,serpentine,late,C2D-A,beta_cover,pcoa1_cover,546,3,0.23388865108805001,0.02251257899518631,0.24719113408943869,0.4668416027015354,0.05443799755315184,0.028824745427251164,0.5385576636530282
C2D11_pxcube_kndvi,C2D,topo+area,kndvi,pxcube,late,C2D-B,beta_cover,pcoa1_cover,546,3,0.2282095681347354,0.04102093514795043,0.24806552883392888,0.46849297197663214,0.05102926702574193,0.02701983352565604,0.5303853660604623
C1D01_curve1d_kndvi_v2,C1D,topo+area,kndvi,curve1d,late,C1D-B,beta_cover,pcoa1_cover,546,3,0.225216770399267,0.020051685572078756,0.24859030720883737,0.46948406082983,0.04804647857054914,0.025440456587694105,0.5416821218396541
C1D01_curve1d_savi_v2,C1D,topo+area,savi,curve1d,late,C1D-B,beta_cover,pcoa1_cover,546,3,0.22308124176560307,0.038634548609153746,0.24889474310554452,0.4700590140637402,0.05357917259738051,0.02837000036260201,0.5102197716898617
C2D06_cwt_kndvi,C2D,topo+area,kndvi,cwt,late,C2D-B,beta_cover,pcoa1_cover,546,3,0.22041989247944552,0.04653624418588928,0.24929898271265605,0.4708224551424607,0.05262028561683643,0.027862272776173026,0.5176420294235556
C1D01_curve1d_evi_v2,C1D,topo+area,evi,curve1d,late,C1D-B,beta_cover,pcoa1_cover,546,3,0.21996137620713352,0.01672434104381957,0.24943642212280534,0.47108202122578646,0.0445881594751003,0.023609287698074605,0.502042310308789
C1D01_curve1d_savi,C1D,topo+area,savi,curve1d,late,C1D-B,beta_cover,pcoa1_cover,546,3,0.21851356570174785,0.059621263050220065,0.2495555673494451,0.47130703717857797,0.052648453687359174,0.0278771876793379,0.503086647030693
C1D01_curve1d_ndvi_v2,C1D,topo+area,ndvi,curve1d,late,C1D-B,beta_cover,pcoa1_cover,546,3,0.21411511588246446,0.04413965488341487,0.25031215757141484,0.4727359225353029,0.04810736369264632,0.02547269506492769,0.5174887327409763
C2D08_cos2d_kndvi,C2D,topo+area,kndvi,cos2d,late,C2D-B,beta_cover,pcoa1_cover,546,3,0.20195781426316714,0.01940918668552569,0.25229571598789,0.4764820422883858,0.05688680946846706,0.030121383496813925,0.49081193984197685
C2D04_mtf_kndvi,C2D,topo+area,kndvi,mtf,late,C2D-B,beta_cover,pcoa1_cover,546,3,0.19875372111440373,0.009716027690421283,0.2528111229646621,0.47745543245452665,0.05448195535737973,0.02884802094386386,0.4713807006375423
C2D07_hilbert_kndvi_none,C2D,topo+area,kndvi,hilbert,none,C2D-B,beta_cover,pcoa1_cover,546,3,0.19504681070762195,0.06024399951402605,0.253279969334383,0.47834088893122245,0.0307451231564637,0.016279444284284496,0.5084835143110232
C2D02_serpentine_kndvi_none,C2D,topo+area,kndvi,serpentine,none,C2D-B,beta_cover,pcoa1_cover,546,3,0.16979550921256326,0.03606203425042564,0.25730134022966183,0.48593559187526103,0.032628458775341034,0.017276664465192316,0.4834880790170754
C2D05_ndi_kndvi,C2D,topo+area,kndvi,ndi,late,C2D-B,beta_cover,pcoa1_cover,546,3,0.1074210306760766,0.039285996655591085,0.2667917397391017,0.5038590232053738,0.054965816698251894,0.02910422397482787,0.4010304741754749
B02_area,BASE,area,,,none,RF,beta_cover,pcoa1_cover,546,3,-0.0030720373439390674,0.0200058747250383,0.28285905987154675,0.5342035317549212,0.04975332778490669,0.026344227782410138,0.10218398380047604
C2D02_serpentine_kndvi_nglobal,C2D,topo+area,kndvi,serpentine,late,C2D-B,beta_cover,pcoa1_cover,546,3,-0.007336774713007023,0.023791737204965385,0.2834560436210218,0.5353309866347992,0.037174417062382704,0.019683734824805357,0.13922778000836103
C2D07_hilbert_kndvi_nglobal,C2D,topo+area,kndvi,hilbert,late,C2D-B,beta_cover,pcoa1_cover,546,3,-0.013427806551688065,0.017841813934381463,0.2843175771371957,0.5369580663800063,0.0380125301578228,0.02012751302571583,0.12487378689310942
B00_area,BASE,area,,,none,mean,beta_cover,pcoa1_cover,546,3,-0.021663152558317533,0.015643148103534038,0.28547219285980746,0.5391386569437984,0.04061950966889033,0.021507900330873613,-0.0656733150855594
RF06_curve_all-topo-area,RF,curve_all+topo+area,,,none,RF,beta_cover,pcoa2_cover,546,3,0.33987929784927734,0.009772165162789868,0.19398194360532997,0.38800567771993016,0.006793162453765167,0.0033962153949698057,0.6100585090795199
RF02_lsp-qc-topo-area_kndvi,RF,lsp+qc+topo+area,kndvi,,none,RF,beta_cover,pcoa2_cover,546,3,0.3280544060712513,0.006710720222657298,0.19571361839542645,0.3914694003635641,0.005913493384620934,0.0029564282331817726,0.6039198096835051
RF03_curve-topo-area_kndvi,RF,curve+topo+area,kndvi,,none,RF,beta_cover,pcoa2_cover,546,3,0.32694371475598444,0.0029904054925930265,0.19587660608053115,0.3917954108470331,0.008378103065587067,0.00418860034713578,0.5805690841294736
RF04_lsp-curve-topo-area_kndvi,RF,lsp+curve+topo+area,kndvi,,none,RF,beta_cover,pcoa2_cover,546,3,0.3267419148517346,0.007520973483970765,0.1959042591323169,0.39185072290804107,0.007324877646070701,0.0036620443566850527,0.593302858819162
RF04_lsp-curve-topo-area_ndvi,RF,lsp+curve+topo+area,ndvi,,none,RF,beta_cover,pcoa2_cover,546,3,0.32440683796801767,0.004031592039170625,0.19624514767487955,0.3925325734325058,0.0077338826758519665,0.003866524845443762,0.5877862053501026
RF03_curve-topo-area_ndvi,RF,curve+topo+area,ndvi,,none,RF,beta_cover,pcoa2_cover,546,3,0.3222663850870462,0.006627606973565598,0.19655479141679566,0.39315192762445234,0.009180255725108466,0.004589633478600581,0.5738224077958635
RF05_lsp_all-topo-area,RF,lsp_all+topo+area,,,none,RF,beta_cover,pcoa2_cover,546,3,0.3219588554480371,0.008268091515057637,0.19659851516338245,0.3932393845372535,0.005366123967744034,0.00268277300220719,0.6112615735487373
RF02_lsp-qc-topo-area_ndvi,RF,lsp+qc+topo+area,ndvi,,none,RF,beta_cover,pcoa2_cover,546,3,0.32194435998603665,0.003105485878452571,0.19660270995280607,0.39324777501980535,0.0048731955521387335,0.0024363353400592897,0.5983706439473302
RF01_lsp-topo-area_kndvi,RF,lsp+topo+area,kndvi,,none,RF,beta_cover,pcoa2_cover,546,3,0.3200851545635477,0.008114947050663927,0.19687007245383717,0.3937825576211207,0.0071221923778855,0.0035607126377942967,0.5980947443079453
RF01_lsp-topo-area_ndvi,RF,lsp+topo+area,ndvi,,none,RF,beta_cover,pcoa2_cover,546,3,0.318794638518684,0.0035436116213216767,0.19705871340657785,0.3941598801664746,0.007976872455793099,0.003988006649695183,0.5969134406947602
RF08_lsp-curve-topo_kndvi,RF,lsp+curve+topo,kndvi,,none,RF,beta_cover,pcoa2_cover,546,3,0.3182271655977838,0.008100605299753325,0.1971389026480189,0.3943202759249298,0.0099328390561016,0.0049658846152563635,0.5854895933567926
RF03_curve-topo-area_kndvi_v2,RF,curve+topo+area,kndvi,,none,RF,beta_cover,pcoa2_cover,546,3,0.3174967674815834,0.004777384820138029,0.19724598741881047,0.3945344685363257,0.0069061611380847,0.003452708651815831,0.5759869924610721
RF08_lsp-curve-topo_ndvi,RF,lsp+curve+topo,ndvi,,none,RF,beta_cover,pcoa2_cover,546,3,0.3126539387184509,0.009341791853708143,0.1979423202007996,0.39592728411479006,0.0086998035598986,0.004349433269767367,0.5746059706356058
RF03_curve-topo-area_ndvi_v2,RF,curve+topo+area,ndvi,,none,RF,beta_cover,pcoa2_cover,546,3,0.31177241027163577,0.01138426976009852,0.19806772525565908,0.39617812124115304,0.005022472400404467,0.0025109657251918657,0.5654146814555464
RF08_lsp-curve-topo_evi,RF,lsp+curve+topo,evi,,none,RF,beta_cover,pcoa2_cover,546,3,0.30609868480717645,0.011823265355079732,0.19888219479593436,0.39780723578698773,0.011365642417058666,0.005682209135031361,0.5862427696369821
RF04_lsp-curve-topo-area_evi,RF,lsp+curve+topo+area,evi,,none,RF,beta_cover,pcoa2_cover,546,3,0.29980042412743063,0.011712456001355582,0.19978291446608346,0.39960886917387106,0.009001905588029633,0.004500468014744141,0.5830107234428005
RF03_curve-topo-area_nbr,RF,curve+topo+area,nbr,,none,RF,beta_cover,pcoa2_cover,546,3,0.2946479867888916,0.006209154721589303,0.2005200235658395,0.40108324617251717,0.009441581278009367,0.004720282181896219,0.5795524798467557
RF04_lsp-curve-topo-area_savi,RF,lsp+curve+topo+area,savi,,none,RF,beta_cover,pcoa2_cover,546,3,0.2935130654161428,0.00977211234098443,0.20067936611442447,0.4014019655976567,0.011745701023956334,0.005872217971198854,0.5751568360775271
RF08_lsp-curve-topo_savi,RF,lsp+curve+topo,savi,,none,RF,beta_cover,pcoa2_cover,546,3,0.29281990810448716,0.008701515094413125,0.20077846170543753,0.4016001781283462,0.012835667539107034,0.0064171425308499576,0.5741788140014393
RF03_curve-topo-area_nbr_v2,RF,curve+topo+area,nbr,,none,RF,beta_cover,pcoa2_cover,546,3,0.29186259281485777,0.008701595295075634,0.20091431400961055,0.4018719120040399,0.010198748130581267,0.005098824832505175,0.577031108068836
RF03_curve-topo-area_evi,RF,curve+topo+area,evi,,none,RF,beta_cover,pcoa2_cover,546,3,0.2893606260913603,0.008128457545364485,0.20126927161817312,0.40258190369147434,0.011301611884546934,0.005650197317009264,0.5699171389579706
RF08_lsp-curve-topo_nbr,RF,lsp+curve+topo,nbr,,none,RF,beta_cover,pcoa2_cover,546,3,0.2844149776987282,0.006269629918517987,0.20196933541807216,0.40398218210955056,0.0095746985561347,0.004786833652199295,0.5755333689246506
RF04_lsp-curve-topo-area_nbr,RF,lsp+curve+topo+area,nbr,,none,RF,beta_cover,pcoa2_cover,546,3,0.2837903777168173,0.0075028653300000135,0.20205690503042337,0.4041573401998166,0.0077278610605273,0.003863514362063244,0.5760106947147628
RF03_curve-topo-area_savi,RF,curve+topo+area,savi,,none,RF,beta_cover,pcoa2_cover,546,3,0.27960179941289703,0.012849670918958592,0.20264335082017862,0.40533035812030377,0.012650736622087001,0.006324687031417405,0.5597314855569769
MLP06_curve_kndvi,MLP,curve,kndvi,tabular,late,MLP-B,beta_cover,pcoa2_cover,546,5,0.2794154742934224,0.02435968432178999,0.2026513963964645,0.40534645100617456,-0.00287219424504874,-0.0014359424463596703,0.5889196793143936
RF02_lsp-qc-topo-area_savi,RF,lsp+qc+topo+area,savi,,none,RF,beta_cover,pcoa2_cover,546,3,0.27652272563462055,0.00844298040467505,0.20307903807911543,0.40620182650048275,0.012398890817946434,0.006198777691989392,0.5519985669255479
RF01_lsp-topo-area_savi,RF,lsp+topo+area,savi,,none,RF,beta_cover,pcoa2_cover,546,3,0.274931511585708,0.0047414038866746815,0.2033038287602064,0.40665145629045574,0.011088306942775933,0.005543556333226479,0.5464698595887486
RF02_lsp-qc-topo-area_evi,RF,lsp+qc+topo+area,evi,,none,RF,beta_cover,pcoa2_cover,546,3,0.2731736299326873,0.00786034305785125,0.20354886461808305,0.40714158079552076,0.007281836566882867,0.003640526134980693,0.5472133657426266
C2D07_hilbert_kndvi_wX,C2D,topo+area,kndvi,hilbert,late,C2D-X,beta_cover,pcoa2_cover,546,3,0.2707689087876335,0.019477128686140058,0.20387509295207154,0.4077941077445146,-0.005931635829074668,-0.0029654984783842875,0.5573500555918952
RF01_lsp-topo-area_evi,RF,lsp+topo+area,evi,,none,RF,beta_cover,pcoa2_cover,546,3,0.27057867909152483,0.008115078426752758,0.20391178785614472,0.4078675054580292,0.008511605919756,0.004255344584696248,0.5418285675790914
RF03_curve-topo-area_evi_v2,RF,curve+topo+area,evi,,none,RF,beta_cover,pcoa2_cover,546,3,0.26799293717414874,0.005637411745882818,0.20427399417150105,0.40859199612067676,0.018025596013093,0.009011827274827173,0.5450644965685899
C2D07_hilbert_kndvi_none,C2D,topo+area,kndvi,hilbert,none,C2D-B,beta_cover,pcoa2_cover,546,3,0.2648919624687789,0.014703762875832565,0.2047003644848029,0.4094448286023891,0.010726801242200467,0.005362822951091139,0.5552540081902465
RF03_curve-topo-area_savi_v2,RF,curve+topo+area,savi,,none,RF,beta_cover,pcoa2_cover,546,3,0.26315519359084005,0.006944417727066947,0.2049473905038147,0.40993893385847496,0.01564190085545117,0.007820108065048645,0.5369102823579507
MLP02_curve_kndvi,MLP,curve,kndvi,tabular,late,MLP-B,beta_cover,pcoa2_cover,546,3,0.2628885437236205,0.016898115479016085,0.20497700095574886,0.4099981611414725,0.0036242694929213004,0.0018119395688169458,0.5618843584869545
C2D02_serpentine_kndvi_noaug,C2D,topo+area,kndvi,serpentine,late,C2D-B,beta_cover,pcoa2_cover,546,3,0.2616010664095545,0.03920601822833923,0.20511676546330646,0.4102777202667609,0.003961799935603301,0.0019806866131441745,0.5487688921854682
C2D07_hilbert_kndvi_wC,C2D,topo+area,kndvi,hilbert,late,C2D-C,beta_cover,pcoa2_cover,546,3,0.2615126382448392,0.006343702254168738,0.20517594935591962,0.41039610080227207,-0.0001960678153102996,-9.802334882273375e-05,0.5505838174726264
MLP07_curve_all,MLP,curve_all,,tabular,late,MLP-A,beta_cover,pcoa2_cover,546,5,0.261188069739241,0.027153500953990047,0.20519460252619984,0.4104334111613791,0.003527385965857001,0.0017635030227496052,0.5804615134969378
RF01_lsp-topo-area_nbr,RF,lsp+topo+area,nbr,,none,RF,beta_cover,pcoa2_cover,546,3,0.2605700409678314,0.011384558663955508,0.20530405137189167,0.41065233243188004,0.009795816356290099,0.004897380644428724,0.5404231062603172
RF02_lsp-qc-topo-area_nbr,RF,lsp+qc+topo+area,nbr,,none,RF,beta_cover,pcoa2_cover,546,3,0.2600999347625698,0.009106735785981077,0.2053707661056802,0.410785776272149,0.008826869112856734,0.004412959203390165,0.5411668950227151
C1D01_curve1d_kndvi_ctxclim-topo-area,C1D,clim+topo+area,kndvi,curve1d,late,C1D-B,beta_cover,pcoa2_cover,546,5,0.2573974053928209,0.013719220124192189,0.20574107316642554,0.4115264701707589,-0.00694451014007634,-0.003471881087604342,0.5772814377808332
C2D01_reshape_kndvi_ctxclim-topo-area,C2D,clim+topo+area,kndvi,reshape,late,C2D-B,beta_cover,pcoa2_cover,546,5,0.2495081250555761,0.024852640872866618,0.20681569846308973,0.41367595227603926,-0.0120712621967831,-0.006034981025179087,0.5809281714297903
MLP05c_curve_kndvi,MLP,curve,kndvi,tabular,late,MLP-C,beta_cover,pcoa2_cover,546,3,0.24883500958121849,0.017817356983281313,0.2069210896283821,0.41388675731157476,-0.0022279204621717674,-0.001113840250972094,0.5539932792956423
B03_coords,BASE,coords,,,none,RF,beta_cover,pcoa2_cover,546,3,0.24702591903467597,0.004230581314363232,0.2071793493524877,0.41440333239798194,0.017281876283178333,0.008640007461379455,0.5302989325723919
C2D02_serpentine_kndvi_wC,C2D,topo+area,kndvi,serpentine,late,C2D-C,beta_cover,pcoa2_cover,546,3,0.24670672064546476,0.02330500914908354,0.2072071270928101,0.41445889386292567,0.006792375901826434,0.0033958221613585872,0.5552895567780044
C2D07_hilbert_kndvi_patch,C2D,topo+area,kndvi,hilbert,patch,C2D-B,beta_cover,pcoa2_cover,546,3,0.24583141907349396,0.029363136874394884,0.2073176703522788,0.4146800041967553,-0.0010184825255334675,-0.0005091864144669932,0.5329990543665891
C2D02_serpentine_kndvi_patchctx,C2D,topo+area,kndvi,serpentine,patchctx,C2D-B,beta_cover,pcoa2_cover,546,3,0.24543443012049201,0.02138673352631951,0.20738474875000731,0.4148141754432501,0.00021625579149006646,0.0001081162497303274,0.5339084665995101
MLP05a_curve_kndvi,MLP,curve,kndvi,tabular,late,MLP-A,beta_cover,pcoa2_cover,546,3,0.24533472660805936,0.020179239777817503,0.2073999716746275,0.4148446245720421,0.0031889082163257,0.001594282376013002,0.5487425358691557
C2D02_serpentine_kndvi_ctxclim-topo-area,C2D,clim+topo+area,kndvi,serpentine,late,C2D-B,beta_cover,pcoa2_cover,546,5,0.24404510703563248,0.03335629337106062,0.2075488849941071,0.4151424832921493,-0.006588893616155898,-0.003294091976646921,0.5661321556785435
C2D02_serpentine_kndvi_wX,C2D,topo+area,kndvi,serpentine,late,C2D-X,beta_cover,pcoa2_cover,546,3,0.24376186826743038,0.0229278315506701,0.20761246884479453,0.41526966469171406,0.004807432621033399,0.0024034574160351867,0.5281507863923286
C1D02_curve5,C1D,topo+area,,curve5,late,C1D-B,beta_cover,pcoa2_cover,546,3,0.2436793351595676,0.028984758101298982,0.20761430746180573,0.41527334232183905,0.004514089701236165,0.002256801753521394,0.5416551845847052
MLP03_lsp-curve-qc_kndvi,MLP,lsp+curve+qc,kndvi,tabular,late,MLP-B,beta_cover,pcoa2_cover,546,3,0.24335501872057883,0.03418380478935231,0.2076489637429638,0.41534266235033274,0.008351928996164099,0.004175514721975439,0.5217637072669251
MLP04_curve_all,MLP,curve_all,,tabular,late,MLP-A,beta_cover,pcoa2_cover,546,3,0.23972671529836634,0.03103363597446988,0.20815304125509082,0.41635092597054973,0.004159968875588334,0.002079760411152494,0.5491822044638321
C2D07_hilbert_kndvi_patchctx,C2D,topo+area,kndvi,hilbert,patchctx,C2D-B,beta_cover,pcoa2_cover,546,3,0.23969783546613066,0.05850698418670319,0.20808445329892464,0.41621373528196765,0.0031430141718783652,0.0015713378253195212,0.5459092289010791
C2D07_hilbert_kndvi,C2D,topo+area,kndvi,hilbert,late,C2D-B,beta_cover,pcoa2_cover,546,3,0.23910923921838467,0.015616703155153979,0.20825885432383182,0.41656257490387505,0.004795378569384068,0.002397431039356897,0.5340127463527161
MLP02_curve_ndvi,MLP,curve,ndvi,tabular,late,MLP-B,beta_cover,pcoa2_cover,546,3,0.23875235514066373,0.022136208020193504,0.2083002783849406,0.4166454319502873,-0.0010345987562957668,-0.0005172436619413981,0.542744429837208
C2D02_serpentine_kndvi_patch,C2D,topo+area,kndvi,serpentine,patch,C2D-B,beta_cover,pcoa2_cover,546,3,0.23736982750258484,0.025141970775470555,0.20848538176907058,0.41701567859630373,0.0023200825588083666,0.0011599163360885973,0.5407669434713257
C2D02_serpentine_ndvi,C2D,topo+area,ndvi,serpentine,late,C2D-B,beta_cover,pcoa2_cover,546,3,0.23649437050895616,0.03389812501742918,0.20858988118778923,0.4172246999465783,0.0007839164686264689,0.00039191601809021245,0.5207258576402739
C2D07_hilbert_kndvi_nperSample,C2D,topo+area,kndvi,hilbert,late,C2D-B,beta_cover,pcoa2_cover,546,3,0.2353302731864085,0.0232174428683725,0.20876653025358882,0.41757803613457734,-0.005843469126459833,-0.0029214198751148688,0.4856850366214456
C2D02_serpentine_kndvi_mixup,C2D,topo+area,kndvi,serpentine,late,C2D-B,beta_cover,pcoa2_cover,546,3,0.23167880505564897,0.023299315480795786,0.2092646051327399,0.4185742931956647,0.007268060837806199,0.003633639012306162,0.5216213948905316
C2D10_stack5,C2D,topo+area,,stack5,late,C2D-B,beta_cover,pcoa2_cover,546,3,0.2310368458926334,0.01534918913595778,0.20936103384020874,0.4187671713847257,0.00028840026489106624,0.00014418460123731083,0.5134269396841239
C2D07_hilbert_kndvi_calendar,C2D,topo+area,kndvi,hilbert,late,C2D-B,beta_cover,pcoa2_cover,546,3,0.2302346771340672,0.017782797918333957,0.20946788525635449,0.418980897236557,0.004009364931106434,0.002004466549379892,0.5301691230341423
C2D07_hilbert_ndvi,C2D,topo+area,ndvi,hilbert,late,C2D-B,beta_cover,pcoa2_cover,546,3,0.2288780209402972,0.022051668245676052,0.2096473100516086,0.4193397854814547,0.0047898273203112,0.002394655713771659,0.5199957938220816
C1D01_curve1d_kndvi,C1D,topo+area,kndvi,curve1d,late,C1D-B,beta_cover,pcoa2_cover,546,3,0.22837662368767644,0.009050068459161254,0.2097274619357231,0.4195001065172086,-0.003389362100768567,-0.0016944985231992112,0.5215908240210746
C2D02_serpentine_kndvi,C2D,topo+area,kndvi,serpentine,late,C2D-B,beta_cover,pcoa2_cover,546,3,0.2249157379341938,0.02976575871603442,0.21017399871245582,0.42039327627034595,0.0023494498011745676,0.0011745983757587414,0.5342886860319734
MLP02_curve_nbr,MLP,curve,nbr,tabular,late,MLP-B,beta_cover,pcoa2_cover,546,3,0.22362536072805617,0.01652886584649189,0.2103666305336888,0.4207785814124574,-0.0034658300696677677,-0.0017327283896222592,0.5473999206374653
C2D02_serpentine_kndvi_none,C2D,topo+area,kndvi,serpentine,none,C2D-B,beta_cover,pcoa2_cover,546,3,0.2227080363294187,0.04265772300349043,0.21044678302221212,0.4209389036571593,0.009919074738295168,0.004959003197602417,0.5522595620373397
MLP02_curve_evi,MLP,curve,evi,tabular,late,MLP-B,beta_cover,pcoa2_cover,546,3,0.22256922673778987,0.019386080124958738,0.21050674013754997,0.42105883080469897,-0.0016848872011292991,-0.0008423528643998942,0.5370292728321558
C2D01_reshape_kndvi_v2,C2D,topo+area,kndvi,reshape,late,C2D-B,beta_cover,pcoa2_cover,546,3,0.2206373437908066,0.02373767406949309,0.21076281244875728,0.42157103059406414,0.0038157121168900334,0.0019076505710491493,0.5223312337685607
C2D07_hilbert_kndvi_v2,C2D,topo+area,kndvi,hilbert,late,C2D-B,beta_cover,pcoa2_cover,546,3,0.22057870472989347,0.034483129277712576,0.21075291264770016,0.42155122885918583,0.006878179948854299,0.0034387195640705275,0.5330240834514876
C2D11_pxcube_kndvi,C2D,topo+area,kndvi,pxcube,late,C2D-B,beta_cover,pcoa2_cover,546,3,0.2185032453793029,0.02260455064122748,0.21105269679558367,0.42215086173896504,-0.0033154911484098346,-0.0016575670251893608,0.5192186235567869
C1D01_curve1d_ndvi_v2,C1D,topo+area,ndvi,curve1d,late,C1D-B,beta_cover,pcoa2_cover,546,3,0.21725823077421,0.018057727029598934,0.21122605266090289,0.42249761081653253,-0.003881939817156968,-0.0019407608546248543,0.4977988482688624
C1D01_curve1d_ndvi,C1D,topo+area,ndvi,curve1d,late,C1D-B,beta_cover,pcoa2_cover,546,3,0.21696174463589427,0.01940027562594012,0.21126460463449348,0.4225747230691601,0.0014487529612172655,0.0007242984609718931,0.5279485611826994
C2D07_hilbert_kndvi_film,C2D,topo+area,kndvi,hilbert,film,C2D-B,beta_cover,pcoa2_cover,546,3,0.21455704812147047,0.025025564490693337,0.21158175218623906,0.42320908649734906,-0.0031072097183915334,-0.0015534375267519426,0.5128843713250575
C2D07_hilbert_kndvi_wA,C2D,topo+area,kndvi,hilbert,late,C2D-A,beta_cover,pcoa2_cover,546,3,0.21319360212785643,0.03068704776805936,0.21175606200753225,0.42355774369238014,0.006769341050951834,0.003384305976416216,0.5003909213260651
MLP01_lsp_savi,MLP,lsp,savi,tabular,late,MLP-B,beta_cover,pcoa2_cover,546,3,0.21211729796793724,0.028856716539028868,0.21190439688629914,0.4238544454064456,0.0001564112715882008,7.819721258398953e-05,0.543375603479009
C2D01_reshape_nbr,C2D,topo+area,nbr,reshape,late,C2D-B,beta_cover,pcoa2_cover,546,3,0.21141296685417876,0.012264844356629808,0.21201845959830154,0.42408259540355614,-0.004980215517487401,-0.002489839559391603,0.5269999030517819
C2D02_serpentine_kndvi_wA,C2D,topo+area,kndvi,serpentine,late,C2D-A,beta_cover,pcoa2_cover,546,3,0.2110928448066911,0.03791786498573838,0.212025422318873,0.4240965223447131,0.0034469827425079314,0.0017233057410267216,0.49475490876299205
C2D02_serpentine_kndvi_nperSample,C2D,topo+area,kndvi,serpentine,late,C2D-B,beta_cover,pcoa2_cover,546,3,0.21014190754159964,0.027332400936593868,0.21217215898851546,0.42439002729621955,-0.0005193960594560334,-0.00025967005871227467,0.4770996787218092
C2D02_serpentine_kndvi_calendar,C2D,topo+area,kndvi,serpentine,late,C2D-B,beta_cover,pcoa2_cover,546,3,0.20990158250946497,0.010756703505776594,0.21222252007882422,0.42449076032638094,0.0083629742024664,0.004181036730309523,0.5229502570130858
C2D01_reshape_kndvi,C2D,topo+area,kndvi,reshape,late,C2D-B,beta_cover,pcoa2_cover,546,3,0.20982648014455418,0.012126055732335217,0.21223170919910114,0.4245091405465933,0.003408124184712834,0.001703878554777569,0.5283702337936852
C2D09_spectrogram_kndvi,C2D,topo+area,kndvi,spectrogram,late,C2D-B,beta_cover,pcoa2_cover,546,3,0.20863925883797496,0.04653566600560672,0.21233315346797912,0.4247120509390003,0.00037145312264329905,0.00018570655747111747,0.4919476231742214
C2D02_serpentine_kndvi_v2,C2D,topo+area,kndvi,serpentine,late,C2D-B,beta_cover,pcoa2_cover,546,3,0.20794655704400203,0.036239125263036805,0.21245077212721908,0.42494731359666155,0.005774902986912435,0.00288714049783081,0.5221315892802413
C2D02_serpentine_kndvi_film,C2D,topo+area,kndvi,serpentine,film,C2D-B,beta_cover,pcoa2_cover,546,3,0.20710165233162656,0.018203963621031872,0.21259215139942547,0.4252301025991246,0.0001913073876774335,9.564339136942472e-05,0.5116329039378131
C1D01_curve1d_kndvi_v2,C1D,topo+area,kndvi,curve1d,late,C1D-B,beta_cover,pcoa2_cover,546,3,0.20656981394457408,0.03274771798119258,0.21264293053394753,0.425331671807774,0.0001321118922464661,6.60488315066543e-05,0.5031707447390977
MLP01_lsp_nbr,MLP,lsp,nbr,tabular,late,MLP-B,beta_cover,pcoa2_cover,546,3,0.2043269222064017,0.020626551865303596,0.21296129479532921,0.42596846891735723,-0.0010034201676286335,-0.0005016560466671524,0.5065859467232441
C2D01_reshape_ndvi,C2D,topo+area,ndvi,reshape,late,C2D-B,beta_cover,pcoa2_cover,546,3,0.2039646854510175,0.026172049198608348,0.21300228007336144,0.42605044830308697,0.0015477646827078324,0.0007737989896427974,0.5067328162478886
MLP02_curve_savi,MLP,curve,savi,tabular,late,MLP-B,beta_cover,pcoa2_cover,546,3,0.19872419218241455,0.03982613053600797,0.213678227566341,0.4274024889118264,0.013440624457664266,0.006719588411407223,0.5172038551046741
C2D06_cwt_kndvi,C2D,topo+area,kndvi,cwt,late,C2D-B,beta_cover,pcoa2_cover,546,3,0.1951974400348854,0.018561828218301928,0.21418197672361872,0.42841009575160555,-0.0050806140652376,-0.0025400334265076228,0.48456329600842657
C2D07_hilbert_nbr,C2D,topo+area,nbr,hilbert,late,C2D-B,beta_cover,pcoa2_cover,546,3,0.1943720441233332,0.033714913583523576,0.2142702425801067,0.42858664648014067,0.007909042361424833,0.003954095255362476,0.5262228521864994
C2D02_serpentine_nbr,C2D,topo+area,nbr,serpentine,late,C2D-B,beta_cover,pcoa2_cover,546,3,0.19258552437691834,0.029230435146277562,0.21451556209611325,0.4290773383625754,0.001334151017457599,0.0006670036607460671,0.5117848858848849
MLP01_lsp_kndvi,MLP,lsp,kndvi,tabular,late,MLP-B,beta_cover,pcoa2_cover,546,3,0.18996853423763282,0.06288998932310215,0.2147780402852205,0.42960235128779106,0.015309216684328665,0.007653783895515087,0.5070228391565096
C2D07_hilbert_savi,C2D,topo+area,savi,hilbert,late,C2D-B,beta_cover,pcoa2_cover,546,3,0.18933818998620255,0.034170950970473624,0.2149383375350661,0.4299229803211279,0.005569601039380502,0.0027845005801826173,0.49955222525028836
C2D01_reshape_savi,C2D,topo+area,savi,reshape,late,C2D-B,beta_cover,pcoa2_cover,546,3,0.18867074623487276,0.06170719658529984,0.21495612721750676,0.4299585635185303,0.004866008470086965,0.0024327421860790566,0.4958526216909214
C2D07_hilbert_evi,C2D,topo+area,evi,hilbert,late,C2D-B,beta_cover,pcoa2_cover,546,3,0.18842015366270506,0.03926697422652388,0.2150492446660581,0.4301448184763949,0.0070847384386581,0.003541987685186123,0.5031616773726171
B01_topo-area,BASE,topo+area,,,none,RF,beta_cover,pcoa2_cover,546,3,0.18795661890634854,0.00597556287014782,0.2151519320111767,0.4303502152890852,0.013852547264362533,0.006925527631493511,0.339515886211961
C2D01_reshape_evi,C2D,topo+area,evi,reshape,late,C2D-B,beta_cover,pcoa2_cover,546,3,0.18711497370452249,0.032444484049195504,0.2152358033751919,0.43051797608594694,-0.0009797945494645678,-0.0004898445098946077,0.5064319733347907
MLP01_lsp_evi,MLP,lsp,evi,tabular,late,MLP-B,beta_cover,pcoa2_cover,546,3,0.18696501370918836,0.011793485673882683,0.21528044304824967,0.43060726504901253,-0.004051128715757334,-0.0020253461926018775,0.5287576229661602
C1D01_curve1d_savi,C1D,topo+area,savi,curve1d,late,C1D-B,beta_cover,pcoa2_cover,546,3,0.1848593402644413,0.015051324861168686,0.21555669893814533,0.4311598363440046,0.0021674237373106656,0.0010835951464693075,0.4708026939799961
C2D02_serpentine_evi,C2D,topo+area,evi,serpentine,late,C2D-B,beta_cover,pcoa2_cover,546,3,0.18485206877624413,0.043542564572068766,0.21551327826589942,0.43107298564517826,-0.003576819260568166,-0.0017882170079758966,0.5012340841643046
C2D02_serpentine_savi,C2D,topo+area,savi,serpentine,late,C2D-B,beta_cover,pcoa2_cover,546,3,0.18471339784848353,0.04638567169377306,0.21552486714817073,0.43109616590637234,0.00820073665719597,0.004099926694646506,0.4944890478697272
C1D01_curve1d_evi_v2,C1D,topo+area,evi,curve1d,late,C1D-B,beta_cover,pcoa2_cover,546,3,0.18306135544398092,0.028561655555276868,0.21577864231661104,0.4316037709153184,-0.0021544272399600314,-0.0010770975976938553,0.46392427292680455
C1D01_curve1d_evi,C1D,topo+area,evi,curve1d,late,C1D-B,beta_cover,pcoa2_cover,546,3,0.18215194136978072,0.010206989062083437,0.21591770868273574,0.43188193360733695,-0.003197212340852468,-0.0015984339910746932,0.47931644766458387
C1D01_curve1d_nbr,C1D,topo+area,nbr,curve1d,late,C1D-B,beta_cover,pcoa2_cover,546,3,0.1815522880255702,0.026660203615465686,0.21598056856990624,0.4320076669239008,-0.001845714754434934,-0.000922757980012757,0.4936301637157679
C1D01_curve1d_nbr_v2,C1D,topo+area,nbr,curve1d,late,C1D-B,beta_cover,pcoa2_cover,546,3,0.17660569137662466,0.012465302060692325,0.21664728918902557,0.43334125179712785,-0.0016885748572553667,-0.0008441964938717267,0.49333336333323735
C1D01_curve1d_savi_v2,C1D,topo+area,savi,curve1d,late,C1D-B,beta_cover,pcoa2_cover,546,3,0.17043433544476394,0.0106980529901971,0.2174587961641493,0.43496444057441913,-0.005480735056006533,-0.0027400723741919744,0.47714016546411675
C2D04_mtf_kndvi,C2D,topo+area,kndvi,mtf,late,C2D-B,beta_cover,pcoa2_cover,546,3,0.17008532325777212,0.019678970381586242,0.21749728560923678,0.43504142775656957,-0.007204537909349433,-0.003601880968975573,0.39264540326576336
MLP01_lsp_ndvi,MLP,lsp,ndvi,tabular,late,MLP-B,beta_cover,pcoa2_cover,546,3,0.16809000882360955,0.037420709424943445,0.2177325095132091,0.4355119262399872,0.011570425607716331,0.005784589702179009,0.47337298160651264
C2D08_cos2d_kndvi,C2D,topo+area,kndvi,cos2d,late,C2D-B,beta_cover,pcoa2_cover,546,3,0.1664359657211782,0.015152128673485254,0.2179792609928484,0.43600548235818265,-0.005248776379741399,-0.0026241055277209553,0.39561858005571576
C2D03_gaf_kndvi,C2D,topo+area,kndvi,gaf,late,C2D-B,beta_cover,pcoa2_cover,546,3,0.1593492628039273,0.022401541696437436,0.2188968379019541,0.43784083385461914,-0.001482316361537367,-0.0007410783536434563,0.42247803783223864
C2D05_ndi_kndvi,C2D,topo+area,kndvi,ndi,late,C2D-B,beta_cover,pcoa2_cover,546,3,0.059759898311032934,0.056276494703646686,0.23144581503907638,0.46294149161835163,0.010238356634986468,0.005118626951672537,0.29137230840149825
B02_area,BASE,area,,,none,RF,beta_cover,pcoa2_cover,546,3,0.015979801817101198,0.006672772355668706,0.2368415725981019,0.4737341691716897,0.025763964278363635,0.012880594673417992,0.11203621963483297
C2D07_hilbert_kndvi_nglobal,C2D,topo+area,kndvi,hilbert,late,C2D-B,beta_cover,pcoa2_cover,546,3,-0.00022242542220703154,0.0774813143040546,0.2386673917018194,0.47738620072455035,0.015408829684434267,0.007703585031112882,0.20794164100453286
C2D02_serpentine_kndvi_nglobal,C2D,topo+area,kndvi,serpentine,late,C2D-B,beta_cover,pcoa2_cover,546,3,-0.004909181312350501,0.08246480587047696,0.23921174692248984,0.4784750284390841,0.0172072937870423,0.008602720229799701,0.1971838282240097
B00_area,BASE,area,,,none,mean,beta_cover,pcoa2_cover,546,3,-0.012062186249560132,0.006214830854895526,0.2401927114557063,0.48043716883965804,0.028125980506661166,0.014061475585998908,-0.005243071248831767
B03_coords,BASE,coords,,,none,RF,beta_pa,lcbd_pa,1082,3,0.507049176579632,0.003601099848707256,0.17574181087956373,5.968513812240348e-05,4.2775399479781264e-07,0.0012595139095190864,0.7004802046941448
RF06_curve_all-topo-area,RF,curve_all+topo+area,,,none,RF,beta_pa,lcbd_pa,1082,3,0.4934505159122447,0.0044677090971558244,0.17814898558389647,6.0502658745377566e-05,1.2280827274743485e-09,3.6160674034728274e-06,0.6994508457395751
RF04_lsp-curve-topo-area_evi,RF,lsp+curve+topo+area,evi,,none,RF,beta_pa,lcbd_pa,1082,3,0.49150196689457837,0.004689373646871982,0.17849119298017144,6.0618878645530846e-05,4.5371360709102953e-07,0.0013359515189082967,0.7003573071673471
MLP07_curve_all,MLP,curve_all,,tabular,late,MLP-A,beta_pa,lcbd_pa,1082,5,0.4866088997940687,0.013763943477343063,0.17933629468933746,6.0905890666100145e-05,-2.468569201813293e-06,-0.007268657415493926,0.6998261833219239
RF03_curve-topo-area_evi,RF,curve+topo+area,evi,,none,RF,beta_pa,lcbd_pa,1082,3,0.4866023038494684,0.002152572505159446,0.17935007177215026,6.091056961578488e-05,-1.3534582276397768e-07,-0.00039852332985717805,0.6974988030952329
RF04_lsp-curve-topo-area_savi,RF,lsp+curve+topo+area,savi,,none,RF,beta_pa,lcbd_pa,1082,3,0.48635585105376156,0.0033710079477957075,0.1793927339835785,6.092505848425026e-05,2.3153221099528574e-07,0.0006817424122201593,0.6977231049993309
RF03_curve-topo-area_kndvi,RF,curve+topo+area,kndvi,,none,RF,beta_pa,lcbd_pa,1082,3,0.4861654609690464,0.0024793804376360574,0.17942627342630194,6.0936449093357324e-05,-3.7981962565430017e-07,-0.0011183720255986019,0.7001219941592455
RF04_lsp-curve-topo-area_kndvi,RF,lsp+curve+topo+area,kndvi,,none,RF,beta_pa,lcbd_pa,1082,3,0.48395723904024557,0.003885916029067842,0.17981090326430818,6.106707643179491e-05,-7.406932469053985e-07,-0.0021809578835264103,0.6994241816265245
RF05_lsp_all-topo-area,RF,lsp_all+topo+area,,,none,RF,beta_pa,lcbd_pa,1082,3,0.48317184324473295,0.0025587051535072404,0.17994816767583396,6.111369394028763e-05,-4.370428728153072e-07,-0.0012868648430209243,0.7008500122312115
RF03_curve-topo-area_savi,RF,curve+topo+area,savi,,none,RF,beta_pa,lcbd_pa,1082,3,0.4826215637003149,0.0032197831421469313,0.18004372798575408,6.114614797196091e-05,1.4049650117354393e-07,0.0004136894093776648,0.6960593720245454
RF03_curve-topo-area_kndvi_v2,RF,curve+topo+area,kndvi,,none,RF,beta_pa,lcbd_pa,1082,3,0.48205152174222543,0.004849992998995574,0.18014214636777917,6.117957265727372e-05,-2.5197059650867514e-07,-0.000741922869107289,0.6956457546020131
RF03_curve-topo-area_evi_v2,RF,curve+topo+area,evi,,none,RF,beta_pa,lcbd_pa,1082,3,0.4810378405459534,0.0034526799924436092,0.18031899370926505,6.123963325384053e-05,-1.539641505845753e-08,-4.533446597505703e-05,0.6938300844965454
RF01_lsp-topo-area_kndvi,RF,lsp+topo+area,kndvi,,none,RF,beta_pa,lcbd_pa,1082,3,0.48075191298762476,0.00499203877465013,0.18036793670961063,6.125625519327051e-05,-4.310155385499541e-07,-0.0012691174661714777,0.6993403368219632
RF02_lsp-qc-topo-area_kndvi,RF,lsp+qc+topo+area,kndvi,,none,RF,beta_pa,lcbd_pa,1082,3,0.47909138549166047,0.005796573575302103,0.1806556371036171,6.13539635170223e-05,-5.294447209208316e-07,-0.0015589404153582163,0.6990948716201787
RF01_lsp-topo-area_ndvi,RF,lsp+topo+area,ndvi,,none,RF,beta_pa,lcbd_pa,1082,3,0.4783345077397323,0.0035335953005538115,0.18078801032956715,6.139891988929929e-05,-7.041177027250764e-07,-0.0020732618544919636,0.6963838459236985
RF03_curve-topo-area_ndvi_v2,RF,curve+topo+area,ndvi,,none,RF,beta_pa,lcbd_pa,1082,3,0.4782509346490594,0.004644516370653442,0.18080198700976427,6.140366662591187e-05,-2.746468051060679e-07,-0.0008086925556348743,0.6918987772736083
RF03_curve-topo-area_savi_v2,RF,curve+topo+area,savi,,none,RF,beta_pa,lcbd_pa,1082,3,0.4779672904194639,0.001025381728601414,0.18085226503179083,6.14207419631589e-05,-1.8246085253717858e-07,-0.0005372526838046558,0.6929910538444813
RF02_lsp-qc-topo-area_nbr,RF,lsp+qc+topo+area,nbr,,none,RF,beta_pa,lcbd_pa,1082,3,0.4776426031073768,0.0034573382623690314,0.18090789513223327,6.14396349642726e-05,4.495173198031807e-07,0.0013235956268028775,0.6989303555583811
RF02_lsp-qc-topo-area_ndvi,RF,lsp+qc+topo+area,ndvi,,none,RF,beta_pa,lcbd_pa,1082,3,0.4772938164591845,0.004914095858258267,0.18096760931100073,6.14599149931955e-05,-7.275253176805762e-07,-0.0021421851538267933,0.6960604172426197
RF04_lsp-curve-topo-area_ndvi,RF,lsp+curve+topo+area,ndvi,,none,RF,beta_pa,lcbd_pa,1082,3,0.477048718143076,0.006294232158898062,0.18100917494955907,6.147403144542782e-05,-1.30219672778328e-06,-0.0038342947383776665,0.6949536528755985
RF03_curve-topo-area_ndvi,RF,curve+topo+area,ndvi,,none,RF,beta_pa,lcbd_pa,1082,3,0.4764628287076856,0.007191871020435288,0.18110988326136157,6.150823383283877e-05,-1.0130162889780125e-06,-0.0029828081608923355,0.6929451826651555
C2D02_serpentine_kndvi_ctxclim-topo-area,C2D,clim+topo+area,kndvi,serpentine,late,C2D-B,beta_pa,lcbd_pa,1082,5,0.4759889581934158,0.011373946967710517,0.18118608181162166,6.15341122562728e-05,-2.235943631979088e-06,-0.0065836956279261075,0.690275164324455
C2D01_reshape_kndvi_ctxclim-topo-area,C2D,clim+topo+area,kndvi,reshape,late,C2D-B,beta_pa,lcbd_pa,1082,5,0.47580212014233786,0.015727156913176787,0.18121078174755548,6.154250080695658e-05,-2.0940983628035973e-06,-0.006166034795534689,0.690121943315598
MLP04_curve_all,MLP,curve_all,,tabular,late,MLP-A,beta_pa,lcbd_pa,1082,3,0.4743661474376279,0.008333121801631831,0.18147122081842182,6.163095068601115e-05,-3.6490152498474203e-06,-0.01074445947700029,0.6939407213033778
RF01_lsp-topo-area_nbr,RF,lsp+topo+area,nbr,,none,RF,beta_pa,lcbd_pa,1082,3,0.47188237902481694,0.004111052337320038,0.18190237343529156,6.177737801233102e-05,5.894460956878644e-07,0.0017356133793244924,0.6921246959500751
RF01_lsp-topo-area_evi,RF,lsp+topo+area,evi,,none,RF,beta_pa,lcbd_pa,1082,3,0.47040659904717996,0.0025430655369571764,0.18215692367255756,6.186382793562627e-05,6.151575388495069e-08,0.0001811320259189417,0.6851476411030079
RF02_lsp-qc-topo-area_evi,RF,lsp+qc+topo+area,evi,,none,RF,beta_pa,lcbd_pa,1082,3,0.4674261397325643,0.0021359838618049995,0.18266888364806225,6.203769892112601e-05,5.284994101373472e-08,0.00015561569648350296,0.6813802346557756
RF03_curve-topo-area_nbr_v2,RF,curve+topo+area,nbr,,none,RF,beta_pa,lcbd_pa,1082,3,0.4669147294806966,0.0059959228632747,0.18275487985307162,6.206690480758127e-05,6.622365975120547e-07,0.0019499436968514565,0.6830529025083294
RF01_lsp-topo-area_savi,RF,lsp+topo+area,savi,,none,RF,beta_pa,lcbd_pa,1082,3,0.4649307199694146,0.000646145740910529,0.18309656217640555,6.218294638334575e-05,1.7050779728037027e-07,0.0005020571285549224,0.681844027282514
C2D07_hilbert_kndvi_wC,C2D,topo+area,kndvi,hilbert,late,C2D-C,beta_pa,lcbd_pa,1082,3,0.4644289455087223,0.014969237451701405,0.18317045986789315,6.220804339299468e-05,-3.243472764856542e-06,-0.009550346956815923,0.6862343773865351
C1D01_curve1d_kndvi_ctxclim-topo-area,C1D,clim+topo+area,kndvi,curve1d,late,C1D-B,beta_pa,lcbd_pa,1082,5,0.46408641168079756,0.011047375459806497,0.18323323791718601,6.222936396847042e-05,-2.828602861514878e-06,-0.008328770021814643,0.6811733385680253
RF04_lsp-curve-topo-area_nbr,RF,lsp+curve+topo+area,nbr,,none,RF,beta_pa,lcbd_pa,1082,3,0.4636144128976725,0.00627839041153932,0.18331956886314468,6.225868353908365e-05,3.9508999771387684e-07,0.001163335360240653,0.684663763553122
RF02_lsp-qc-topo-area_savi,RF,lsp+qc+topo+area,savi,,none,RF,beta_pa,lcbd_pa,1082,3,0.46262007269495603,0.0017738202524773877,0.1834913346913751,6.23170183606684e-05,1.584859849217e-07,0.0004666591192609808,0.6794351801310663
C2D01_reshape_kndvi_v2,C2D,topo+area,kndvi,reshape,late,C2D-B,beta_pa,lcbd_pa,1082,3,0.4612080429716765,0.007776214324986083,0.18372923179005463,6.239781257305612e-05,-3.5791971941449305e-06,-0.010538881473375969,0.6804694881496746
MLP06_curve_kndvi,MLP,curve,kndvi,tabular,late,MLP-B,beta_pa,lcbd_pa,1082,5,0.45969289819544235,0.018508010546855226,0.18396868544908584,6.247913542185156e-05,-3.3535928788377166e-06,-0.009874593642910988,0.6882746093143848
MLP05c_curve_kndvi,MLP,curve,kndvi,tabular,late,MLP-C,beta_pa,lcbd_pa,1082,3,0.45899537127816137,0.010382286195840505,0.18410363309656094,6.252496611483539e-05,-3.3591768305048668e-06,-0.00989103548771055,0.6851746478328592
C2D02_serpentine_kndvi_noaug,C2D,topo+area,kndvi,serpentine,late,C2D-B,beta_pa,lcbd_pa,1082,3,0.45882616986798314,0.003880994900317997,0.184137296455583,6.25363988081873e-05,-3.7723218488365386e-06,-0.011107533529963126,0.6794658293353851
RF03_curve-topo-area_nbr,RF,curve+topo+area,nbr,,none,RF,beta_pa,lcbd_pa,1082,3,0.45880595530745794,0.003256509645742749,0.18414097008564653,6.253764644024854e-05,-2.3961767720666092e-08,-7.055499214007367e-05,0.677677931716213
MLP02_curve_evi,MLP,curve,evi,tabular,late,MLP-B,beta_pa,lcbd_pa,1082,3,0.4584221094684064,0.008345743439433184,0.18420318711219,6.255877648212207e-05,-3.2006574868144157e-06,-0.009424278144157668,0.6802444068315433
MLP02_curve_nbr,MLP,curve,nbr,tabular,late,MLP-B,beta_pa,lcbd_pa,1082,3,0.45668732609797574,0.006504945068584637,0.184499403209723,6.26593768947777e-05,-4.032459339403568e-06,-0.011873503671075272,0.687272162097288
C2D02_serpentine_kndvi_v2,C2D,topo+area,kndvi,serpentine,late,C2D-B,beta_pa,lcbd_pa,1082,3,0.45598862994217165,0.00653843874859454,0.1846179753134584,6.269964615314879e-05,-3.131646655429793e-06,-0.00922107699795331,0.6757356607556503
MLP02_curve_ndvi,MLP,curve,ndvi,tabular,late,MLP-B,beta_pa,lcbd_pa,1082,3,0.4558287322055466,0.014071324557287539,0.18463705502125483,6.270612597140868e-05,-4.986769478038649e-06,-0.014683452632917482,0.6856856600018171
C2D02_serpentine_ndvi,C2D,topo+area,ndvi,serpentine,late,C2D-B,beta_pa,lcbd_pa,1082,3,0.455717589563519,0.02444020569945162,0.18463478311318882,6.270535438981384e-05,-3.342004217842567e-06,-0.009840471039981253,0.6769861378712555
C2D01_reshape_ndvi,C2D,topo+area,ndvi,reshape,late,C2D-B,beta_pa,lcbd_pa,1082,3,0.4540078807772987,0.010155967582011111,0.1849506586599223,6.281263151152961e-05,-3.3859621431969308e-06,-0.009969904357006367,0.6746773016691775
MLP05a_curve_kndvi,MLP,curve,kndvi,tabular,late,MLP-A,beta_pa,lcbd_pa,1082,3,0.4523170977533668,0.004243798790672681,0.18524122659045136,6.29113137032105e-05,-4.371959057425323e-06,-0.012873154457103173,0.6834691945523391
C2D02_serpentine_kndvi,C2D,topo+area,kndvi,serpentine,late,C2D-B,beta_pa,lcbd_pa,1082,3,0.4503651472747563,0.0023087865924203885,0.18557169160412748,6.302354567514234e-05,-3.54870078155302e-06,-0.010449085337472895,0.673663564868531
C2D07_hilbert_kndvi_v2,C2D,topo+area,kndvi,hilbert,late,C2D-B,beta_pa,lcbd_pa,1082,3,0.45003086534720155,0.011474592270820535,0.18562161601348448,6.30405009190495e-05,-3.381440928555028e-06,-0.009956591722177346,0.673597825072517
MLP02_curve_kndvi,MLP,curve,kndvi,tabular,late,MLP-B,beta_pa,lcbd_pa,1082,3,0.44926142121749396,0.007443188275105,0.18575535910546384,6.308592252292256e-05,-3.0747242529612416e-06,-0.009053470012292612,0.6785050629002845
C2D07_hilbert_ndvi,C2D,topo+area,ndvi,hilbert,late,C2D-B,beta_pa,lcbd_pa,1082,3,0.4483658109031268,0.01027411811849157,0.18590381374097806,6.313634043645851e-05,-4.086296501104669e-06,-0.012032026221036765,0.6694002119183006
RF08_lsp-curve-topo_kndvi,RF,lsp+curve+topo,kndvi,,none,RF,beta_pa,lcbd_pa,1082,3,0.44826549173911223,0.0053035631755817365,0.18592464249082882,6.31434142614381e-05,-1.4229404441802411e-06,-0.004189822429851088,0.6670591713158265
C2D07_hilbert_kndvi_wX,C2D,topo+area,kndvi,hilbert,late,C2D-X,beta_pa,lcbd_pa,1082,3,0.44597696617997445,0.012196446051477437,0.1863037046788668,6.327215072396116e-05,-2.295490786379262e-06,-0.006759031148228498,0.6731026105234553
MLP02_curve_savi,MLP,curve,savi,tabular,late,MLP-B,beta_pa,lcbd_pa,1082,3,0.44562494475162745,0.009933824145728933,0.18636544856227732,6.329312007775993e-05,-3.826447465767587e-06,-0.011266905431137732,0.6734098816001651
C2D07_hilbert_evi,C2D,topo+area,evi,hilbert,late,C2D-B,beta_pa,lcbd_pa,1082,3,0.44506887722230415,0.016451045267324396,0.18645029631279983,6.332193592803463e-05,-4.047960917926239e-06,-0.011919147788970732,0.6634637806069069
C2D01_reshape_savi,C2D,topo+area,savi,reshape,late,C2D-B,beta_pa,lcbd_pa,1082,3,0.44505260692168447,0.011994756659347258,0.1864593985617967,6.332502721852426e-05,-3.962405492544342e-06,-0.011667231384649937,0.6655747974468217
C2D07_hilbert_kndvi_calendar,C2D,topo+area,kndvi,hilbert,late,C2D-B,beta_pa,lcbd_pa,1082,3,0.44314433022096505,0.00848829477239659,0.1867833565612047,6.34350492892185e-05,-3.848815126330958e-06,-0.011332766603553623,0.6710796421107522
C2D07_hilbert_savi,C2D,topo+area,savi,hilbert,late,C2D-B,beta_pa,lcbd_pa,1082,3,0.4427383857433791,0.005994823304557914,0.18685323572317283,6.345878153263326e-05,-3.599298008746455e-06,-0.01059806795881195,0.6621531545067701
C2D02_serpentine_kndvi_mixup,C2D,topo+area,kndvi,serpentine,late,C2D-B,beta_pa,lcbd_pa,1082,3,0.43983538936090644,0.011043493580782065,0.18733500725952398,6.362239997122024e-05,-3.4367410738738893e-06,-0.010119422000969843,0.6677107195282842
RF08_lsp-curve-topo_ndvi,RF,lsp+curve+topo,ndvi,,none,RF,beta_pa,lcbd_pa,1082,3,0.43978271932439944,0.005129958681562604,0.18734859996117423,6.362701630168474e-05,-1.6350114780119634e-06,-0.0048142617575151125,0.6608951982400804
RF08_lsp-curve-topo_evi,RF,lsp+curve+topo,evi,,none,RF,beta_pa,lcbd_pa,1082,3,0.43941304023710903,0.00031179177169504186,0.18741170788910447,6.364844890998827e-05,-1.16218309078068e-06,-0.003422027113827518,0.6478858441114447
C2D02_serpentine_kndvi_calendar,C2D,topo+area,kndvi,serpentine,late,C2D-B,beta_pa,lcbd_pa,1082,3,0.4389030297979386,0.01547523726669609,0.18748503025215293,6.36733505275607e-05,-3.6335031569539493e-06,-0.010698784399729967,0.6649454577501248
C2D02_serpentine_kndvi_wC,C2D,topo+area,kndvi,serpentine,late,C2D-C,beta_pa,lcbd_pa,1082,3,0.43833089056084035,0.011159501119863165,0.18758631738740103,6.370774949401637e-05,-4.697058157753933e-06,-0.01383040288450727,0.6688124677958762
C2D01_reshape_kndvi,C2D,topo+area,kndvi,reshape,late,C2D-B,beta_pa,lcbd_pa,1082,3,0.4358938925247717,0.013295024432170916,0.1879903424970765,6.384496382198542e-05,-3.4307795893689263e-06,-0.010101868517550171,0.6624438735460875
C2D02_serpentine_savi,C2D,topo+area,savi,serpentine,late,C2D-B,beta_pa,lcbd_pa,1082,3,0.4355501146809344,0.012456350299458631,0.18804872961185407,6.386479315566888e-05,-5.3841920089776275e-06,-0.01585365609509794,0.6601377498585892
C2D01_reshape_evi,C2D,topo+area,evi,reshape,late,C2D-B,beta_pa,lcbd_pa,1082,3,0.43524032283905667,0.02143250332994201,0.18808557343868385,6.387730599414646e-05,-4.6754376865749895e-06,-0.013766741797734463,0.6625820886370657
MLP03_lsp-curve-qc_kndvi,MLP,lsp+curve+qc,kndvi,tabular,late,MLP-B,beta_pa,lcbd_pa,1082,3,0.4351087055963589,0.00660537054545693,0.18812768426012197,6.389160760047112e-05,-2.3148569663150836e-06,-0.006816054515163845,0.6702009247494488
RF08_lsp-curve-topo_savi,RF,lsp+curve+topo,savi,,none,RF,beta_pa,lcbd_pa,1082,3,0.43429070371548595,0.0024650427330572045,0.18826570051217315,6.393848044777809e-05,-9.62124149241449e-07,-0.002832957174898181,0.649179822508597
C2D02_serpentine_evi,C2D,topo+area,evi,serpentine,late,C2D-B,beta_pa,lcbd_pa,1082,3,0.433663769076814,0.017926628912817034,0.18835466685110056,6.396869504611727e-05,-4.634091711049968e-06,-0.013644999319792175,0.6569919623884414
C2D02_serpentine_kndvi_wX,C2D,topo+area,kndvi,serpentine,late,C2D-X,beta_pa,lcbd_pa,1082,3,0.43302727609340685,0.01580286301950483,0.18846397415343286,6.400581780822404e-05,-3.268904914719248e-06,-0.009625231462608073,0.6687924099248234
C2D07_hilbert_kndvi,C2D,topo+area,kndvi,hilbert,late,C2D-B,beta_pa,lcbd_pa,1082,3,0.43286575514800724,0.011384866676018077,0.18849661619132843,6.401690364221336e-05,-3.0416623799098324e-06,-0.008956119924416313,0.65888848690114
C2D09_spectrogram_kndvi,C2D,topo+area,kndvi,spectrogram,late,C2D-B,beta_pa,lcbd_pa,1082,3,0.4306038222105573,0.0029731126854709287,0.18887806307311125,6.414644999041371e-05,-3.4647712022810593e-06,-0.010201956207648908,0.6591720141453988
C2D07_hilbert_kndvi_wA,C2D,topo+area,kndvi,hilbert,late,C2D-A,beta_pa,lcbd_pa,1082,3,0.43051275541502826,0.009380762502600323,0.1888893434525664,6.415028101390485e-05,-3.0439574184470385e-06,-0.008962877623925022,0.6560661202176744
C2D02_serpentine_nbr,C2D,topo+area,nbr,serpentine,late,C2D-B,beta_pa,lcbd_pa,1082,3,0.4301019189331643,0.012840886338552591,0.18895377430759938,6.417216291248517e-05,-2.3502896781999436e-06,-0.006920385495151673,0.6580457458828001
C2D07_hilbert_nbr,C2D,topo+area,nbr,hilbert,late,C2D-B,beta_pa,lcbd_pa,1082,3,0.4295233271833903,0.01920755565963997,0.18903964500003687,6.420132617257192e-05,-3.6281588566636703e-06,-0.01068304820407986,0.6623781374301082
C2D01_reshape_nbr,C2D,topo+area,nbr,reshape,late,C2D-B,beta_pa,lcbd_pa,1082,3,0.42840793707580316,0.012650523879950335,0.18923463054558667,6.426754683548514e-05,-3.779290300186309e-06,-0.011128052009064629,0.660964149476522
RF08_lsp-curve-topo_nbr,RF,lsp+curve+topo,nbr,,none,RF,beta_pa,lcbd_pa,1082,3,0.42790482601548757,0.004753523283959705,0.1893245246464149,6.429807651876009e-05,-2.413162932623272e-07,-0.0007105514656880132,0.6535121582728544
C2D02_serpentine_kndvi_wA,C2D,topo+area,kndvi,serpentine,late,C2D-A,beta_pa,lcbd_pa,1082,3,0.42763792155446323,0.008528067579191891,0.1893662731367488,6.431225507080479e-05,-4.0198556512014825e-06,-0.01183639233887305,0.6552719234212584
C2D02_serpentine_kndvi_film,C2D,topo+area,kndvi,serpentine,film,C2D-B,beta_pa,lcbd_pa,1082,3,0.4248343934671128,0.015062683436280264,0.18982214285884322,6.446707677881412e-05,-4.369314733891669e-06,-0.012865368294232897,0.6659179066090279
MLP01_lsp_nbr,MLP,lsp,nbr,tabular,late,MLP-B,beta_pa,lcbd_pa,1082,3,0.419479630447299,0.02352075461944729,0.19068851651450547,6.476131314206206e-05,-3.6332344474451856e-06,-0.010697993189436142,0.6576357504093048
C1D01_curve1d_nbr,C1D,topo+area,nbr,curve1d,late,C1D-B,beta_pa,lcbd_pa,1082,3,0.4173234572215305,0.005616489684770536,0.19106698354307872,6.488984747752905e-05,-3.2397395963714364e-06,-0.009539354709658087,0.6483372930600787
C1D02_curve5,C1D,topo+area,,curve5,late,C1D-B,beta_pa,lcbd_pa,1082,3,0.4171997116633182,0.012257127013762319,0.19108169049003432,6.489484222610944e-05,-2.440895964067646e-06,-0.007187174066919834,0.6495774000966622
C2D07_hilbert_kndvi_none,C2D,topo+area,kndvi,hilbert,none,C2D-B,beta_pa,lcbd_pa,1082,3,0.41713922001516446,0.016286179201035214,0.19108627029168326,6.489639761063984e-05,-2.8502524770239917e-06,-0.008392516923541088,0.6516213508819791
C2D11_pxcube_kndvi,C2D,topo+area,kndvi,pxcube,late,C2D-B,beta_pa,lcbd_pa,1082,3,0.41649298469983353,0.011565459080274414,0.19119831176477944,6.493444894722114e-05,-3.261879830026431e-06,-0.009604546227651157,0.649485602477236
MLP01_lsp_kndvi,MLP,lsp,kndvi,tabular,late,MLP-B,beta_pa,lcbd_pa,1082,3,0.4146394701368014,0.012998352012676843,0.19150012106867031,6.503694891520937e-05,-3.5595040975130037e-06,-0.01048089550613529,0.6559214617204101
C2D07_hilbert_kndvi_nperSample,C2D,topo+area,kndvi,hilbert,late,C2D-B,beta_pa,lcbd_pa,1082,3,0.4145831931490432,0.0067086976752659,0.1915151176095404,6.504204201518777e-05,-3.778190765306819e-06,-0.011124814448477092,0.6459150964844338
C1D01_curve1d_ndvi,C1D,topo+area,ndvi,curve1d,late,C1D-B,beta_pa,lcbd_pa,1082,3,0.41211920135116004,0.012595478840728279,0.19191253876367595,6.517701351888758e-05,-3.7477305808376716e-06,-0.011035124985626974,0.6442884466469776
C1D01_curve1d_evi,C1D,topo+area,evi,curve1d,late,C1D-B,beta_pa,lcbd_pa,1082,3,0.4100289265979337,0.009315226850532321,0.19225672354549958,6.529390497539393e-05,-2.7615068151855692e-06,-0.008131206925611539,0.6382747355110122
C2D02_serpentine_kndvi_patchctx,C2D,topo+area,kndvi,serpentine,patchctx,C2D-B,beta_pa,lcbd_pa,1082,3,0.40727323195124193,0.004521391918437519,0.1927082922006378,6.544726596228018e-05,-2.665453899163487e-06,-0.00784838084975721,0.6433238287803079
C2D06_cwt_kndvi,C2D,topo+area,kndvi,cwt,late,C2D-B,beta_pa,lcbd_pa,1082,3,0.4057700454794237,0.011132647697327172,0.1929478117585379,6.55286111915386e-05,-3.1188146544324867e-06,-0.009183293402850456,0.6371609040803947
C2D07_hilbert_kndvi_film,C2D,topo+area,kndvi,hilbert,film,C2D-B,beta_pa,lcbd_pa,1082,3,0.40557829058575684,0.013569532058748035,0.1929762263166138,6.553826129594438e-05,-4.7706729938990735e-06,-0.01404716043954915,0.6525625213200928
C2D07_hilbert_kndvi_patchctx,C2D,topo+area,kndvi,hilbert,patchctx,C2D-B,beta_pa,lcbd_pa,1082,3,0.40400944427934277,0.01587566830932624,0.1932277199487927,6.562367314016276e-05,-3.6990490784194672e-06,-0.010891783181277493,0.6430694744882538
MLP01_lsp_evi,MLP,lsp,evi,tabular,late,MLP-B,beta_pa,lcbd_pa,1082,3,0.4034843577661902,0.009347863145285875,0.19332022340262223,6.565508900751374e-05,-3.535936407340038e-06,-0.010411500868214685,0.6458243119447467
C2D02_serpentine_kndvi_none,C2D,topo+area,kndvi,serpentine,none,C2D-B,beta_pa,lcbd_pa,1082,3,0.40308275411405914,0.011858458422963096,0.193382897742611,6.567637436141012e-05,-2.4087523994962647e-06,-0.007092527921772046,0.6405745768379095
C2D10_stack5,C2D,topo+area,,stack5,late,C2D-B,beta_pa,lcbd_pa,1082,3,0.4030742074773845,0.016136930183387854,0.19337887400283363,6.567500782567695e-05,-3.6193316577483606e-06,-0.010657056676353324,0.6363457223996494
C1D01_curve1d_ndvi_v2,C1D,topo+area,ndvi,curve1d,late,C1D-B,beta_pa,lcbd_pa,1082,3,0.4011664273419173,0.015323999680868804,0.1936888302887799,6.578027465800341e-05,-3.1796321057122153e-06,-0.00936236928936444,0.6307772820577486
MLP01_lsp_savi,MLP,lsp,savi,tabular,late,MLP-B,beta_pa,lcbd_pa,1082,3,0.40003919600251314,0.01039549592993419,0.19387676517894412,6.584410078919741e-05,-4.142534431945475e-06,-0.012197617792355809,0.6425826970340043
C1D01_curve1d_kndvi,C1D,topo+area,kndvi,curve1d,late,C1D-B,beta_pa,lcbd_pa,1082,3,0.3980042011512099,0.010742591940424736,0.1942050198966765,6.595558210413967e-05,-3.130492432224109e-06,-0.009217678408577342,0.6345854662197935
C1D01_curve1d_savi,C1D,topo+area,savi,curve1d,late,C1D-B,beta_pa,lcbd_pa,1082,3,0.39764896575809966,0.019373533402314926,0.1942506627845565,6.597108326492658e-05,-4.270207041469416e-06,-0.01257354748445842,0.633988302503666
C1D01_curve1d_savi_v2,C1D,topo+area,savi,curve1d,late,C1D-B,beta_pa,lcbd_pa,1082,3,0.3974662218003398,0.0028892337898836036,0.1942965551816753,6.598666916362133e-05,-4.130975169040068e-06,-0.012163581751570195,0.627542467901287
C2D02_serpentine_kndvi_patch,C2D,topo+area,kndvi,serpentine,patch,C2D-B,beta_pa,lcbd_pa,1082,3,0.39695797375878716,0.0007981219377000552,0.19437882849339347,6.601461068732083e-05,-3.255179195070099e-06,-0.009584816329081538,0.6374313426326558
C2D02_serpentine_kndvi_nperSample,C2D,topo+area,kndvi,serpentine,late,C2D-B,beta_pa,lcbd_pa,1082,3,0.39675238408735763,0.012247715142019052,0.19440527128461974,6.602359114358668e-05,-2.575929727561584e-06,-0.007584778543894305,0.640666933380596
B01_topo-area,BASE,topo+area,,,none,RF,beta_pa,lcbd_pa,1082,3,0.3961500362297983,0.004250832074897805,0.1945082211407255,6.605855480050248e-05,2.790284879560991e-07,0.0008215943416236284,0.6293971567617975
C1D01_curve1d_kndvi_v2,C1D,topo+area,kndvi,curve1d,late,C1D-B,beta_pa,lcbd_pa,1082,3,0.3955441122965291,0.013288875967838896,0.19459877162924008,6.608930740505907e-05,-2.8254833396446235e-06,-0.008319584646027585,0.6257298418750448
C2D07_hilbert_kndvi_patch,C2D,topo+area,kndvi,hilbert,patch,C2D-B,beta_pa,lcbd_pa,1082,3,0.3932965550428169,0.012944210533966235,0.19496070530844659,6.621222671223179e-05,-3.944438168825989e-06,-0.011614326924574014,0.6348112633225568
MLP01_lsp_ndvi,MLP,lsp,ndvi,tabular,late,MLP-B,beta_pa,lcbd_pa,1082,3,0.3912204447682355,0.01942099275521197,0.19528493552362933,6.632234123238941e-05,-2.863699510792295e-06,-0.008432111471526445,0.638609888949523
C1D01_curve1d_evi_v2,C1D,topo+area,evi,curve1d,late,C1D-B,beta_pa,lcbd_pa,1082,3,0.39107929291634114,0.01593409271157173,0.1953129343538451,6.633185014799882e-05,-3.402925076827445e-06,-0.0100198514086148,0.6246898009458204
C1D01_curve1d_nbr_v2,C1D,topo+area,nbr,curve1d,late,C1D-B,beta_pa,lcbd_pa,1082,3,0.37550137122375227,0.011037895544222454,0.1978015440991481,6.717702760257142e-05,-2.970876776001093e-06,-0.008747692992579223,0.6115193695544295
B02_area,BASE,area,,,none,RF,beta_pa,lcbd_pa,1082,3,0.3351229646054268,0.0033621318132441387,0.20410092629753449,6.931641318597228e-05,-5.992789953881296e-07,-0.0017645661748424974,0.5682385516271228
C2D08_cos2d_kndvi,C2D,topo+area,kndvi,cos2d,late,C2D-B,beta_pa,lcbd_pa,1082,3,0.3276318757819408,0.008778388116633904,0.20524500814844704,6.970496433924249e-05,-2.7662158061452355e-06,-0.008145072464415691,0.5685698862310442
C2D03_gaf_kndvi,C2D,topo+area,kndvi,gaf,late,C2D-B,beta_pa,lcbd_pa,1082,3,0.2146661709215887,0.008703439928181449,0.22181859396873801,7.533365767019645e-05,-3.5277056615992273e-06,-0.010387265586084432,0.5016327008923774
C2D04_mtf_kndvi,C2D,topo+area,kndvi,mtf,late,C2D-B,beta_pa,lcbd_pa,1082,3,0.15466489854556664,0.023245030492234878,0.23012409835992534,7.81543590973825e-05,-3.5724549623748853e-06,-0.010519029093739895,0.3801934184257747
C2D05_ndi_kndvi,C2D,topo+area,kndvi,ndi,late,C2D-B,beta_pa,lcbd_pa,1082,3,0.13324028140118058,0.022049320485959065,0.23302436691514394,7.913934342435588e-05,-3.12794965152377e-06,-0.009210191236745203,0.3515932173059157
C2D02_serpentine_kndvi_nglobal,C2D,topo+area,kndvi,serpentine,late,C2D-B,beta_pa,lcbd_pa,1082,3,0.0075485438585244,0.06268362908400027,0.2492796413739556,8.465993238628837e-05,-3.538647654855651e-06,-0.010419484087540724,0.21820623018154114
C2D07_hilbert_kndvi_nglobal,C2D,topo+area,kndvi,hilbert,late,C2D-B,beta_pa,lcbd_pa,1082,3,-0.009532111360321364,0.07173715462902028,0.251392268897246,8.537741939121737e-05,-4.7888236658438485e-06,-0.014100604765165253,0.20153303461227168
B00_area,BASE,area,,,none,mean,beta_pa,lcbd_pa,1082,3,-0.015535793515421434,0.003704783119011466,0.25224488598455214,8.566698377186591e-05,-2.5728384017314676e-06,-0.007575676190838018,-0.10031734555050369
RF03_curve-topo-area_evi,RF,curve+topo+area,evi,,none,RF,beta_pa,pcoa1_pa,1082,3,0.5737832742348173,0.004775554904390993,0.15973012991916288,0.17960655648626914,-0.0005768745347889664,-0.0005130338568455469,0.7697185927286908
RF04_lsp-curve-topo-area_savi,RF,lsp+curve+topo+area,savi,,none,RF,beta_pa,pcoa1_pa,1082,3,0.5735880500294511,0.004889630616119631,0.15976663059839213,0.17964759922071813,-0.000944395428466467,-0.0008398825044872163,0.7694318051911188
RF03_curve-topo-area_savi,RF,curve+topo+area,savi,,none,RF,beta_pa,pcoa1_pa,1082,3,0.5727479025787209,0.0029618316054727087,0.15992505318388128,0.1798257355251446,-0.0005653017679902386,-0.0005027418074880606,0.7685505871688902
RF04_lsp-curve-topo-area_evi,RF,lsp+curve+topo+area,evi,,none,RF,beta_pa,pcoa1_pa,1082,3,0.5710437021607081,0.005252025057041726,0.16024232812336833,0.18018249138184803,-0.00039959332877856645,-0.00035537173903510004,0.7683854206620336
RF03_curve-topo-area_savi_v2,RF,curve+topo+area,savi,,none,RF,beta_pa,pcoa1_pa,1082,3,0.5674920372881558,0.0050584455785455075,0.16090451841298503,0.18092708301097207,-0.00039537019052049974,-0.0003516159606502542,0.7661885687583901
RF01_lsp-topo-area_kndvi,RF,lsp+topo+area,kndvi,,none,RF,beta_pa,pcoa1_pa,1082,3,0.5635962941633791,0.004733996738205829,0.16162781598068612,0.18174038595835862,0.0015456383997511335,0.0013745880285788437,0.765312968386782
RF06_curve_all-topo-area,RF,curve_all+topo+area,,,none,RF,beta_pa,pcoa1_pa,1082,3,0.5629748333926732,0.0035186070724612137,0.16174356938524306,0.18187054343337325,0.002902617256199367,0.0025813948026656448,0.7638732520026678
RF03_curve-topo-area_evi_v2,RF,curve+topo+area,evi,,none,RF,beta_pa,pcoa1_pa,1082,3,0.5621066572062392,0.0029141295276556094,0.16190442138319627,0.18205141146040682,-0.00021099262161506654,-0.00018764280949362753,0.7623331536648883
RF02_lsp-qc-topo-area_kndvi,RF,lsp+qc+topo+area,kndvi,,none,RF,beta_pa,pcoa1_pa,1082,3,0.5615199911006714,0.005104855618062395,0.16201160651262111,0.1821719344450953,0.0019112772239456668,0.001699762888754663,0.763122305687869
RF03_curve-topo-area_kndvi_v2,RF,curve+topo+area,kndvi,,none,RF,beta_pa,pcoa1_pa,1082,3,0.5604714899226774,0.005098389865556656,0.1622052134106256,0.18238963331180358,0.0014952752015842668,0.001329798348604366,0.7637776998391227
RF03_curve-topo-area_kndvi,RF,curve+topo+area,kndvi,,none,RF,beta_pa,pcoa1_pa,1082,3,0.5576713838735978,0.00408109405985824,0.16272174184047336,0.1829704372757093,0.0028585028362538337,0.002542162370581535,0.7613336065741544
RF03_curve-topo-area_nbr,RF,curve+topo+area,nbr,,none,RF,beta_pa,pcoa1_pa,1082,3,0.5561012849464779,0.0020252744522271235,0.16301115755092185,0.18329586716907373,0.0018575657218366669,0.001651995449871218,0.7622588058430608
RF03_curve-topo-area_ndvi,RF,curve+topo+area,ndvi,,none,RF,beta_pa,pcoa1_pa,1082,3,0.5550690310309505,0.0052390101681717115,0.16319898141925526,0.1835070633800476,0.0024205577803407333,0.0021526831553068822,0.7609763221000451
RF04_lsp-curve-topo-area_nbr,RF,lsp+curve+topo+area,nbr,,none,RF,beta_pa,pcoa1_pa,1082,3,0.5539079425263495,0.003586853858323117,0.16341278878940788,0.18374747641623515,0.0014231418108478667,0.0012656477067834718,0.7609729338262308
RF02_lsp-qc-topo-area_savi,RF,lsp+qc+topo+area,savi,,none,RF,beta_pa,pcoa1_pa,1082,3,0.5538060929994427,0.002896639981909268,0.16343175144011038,0.18376879873279658,0.0006638750649880995,0.0005904063440398318,0.7589378064737516
RF05_lsp_all-topo-area,RF,lsp_all+topo+area,,,none,RF,beta_pa,pcoa1_pa,1082,3,0.5536032882500402,0.0036499205094572347,0.16346855229526278,0.18381017899632612,0.0016653164385845333,0.0014810217193377394,0.757729796862864
RF02_lsp-qc-topo-area_nbr,RF,lsp+qc+topo+area,nbr,,none,RF,beta_pa,pcoa1_pa,1082,3,0.5532632959875533,0.004536072793520814,0.1635302998891237,0.1838796103096938,0.0005051160565015998,0.00044921663723018816,0.7619597772584793
RF04_lsp-curve-topo-area_kndvi,RF,lsp+curve+topo+area,kndvi,,none,RF,beta_pa,pcoa1_pa,1082,3,0.5528463454048578,0.003264055346274481,0.16360727136985298,0.18396615993316456,0.0033156640576142335,0.0029487311657885318,0.7587939043060055
RF03_curve-topo-area_ndvi_v2,RF,curve+topo+area,ndvi,,none,RF,beta_pa,pcoa1_pa,1082,3,0.5528228913437415,0.0030477343635180016,0.16361165607337239,0.18397109025846223,0.0016795238969049668,0.001493656888163091,0.7582974448271512
RF01_lsp-topo-area_ndvi,RF,lsp+topo+area,ndvi,,none,RF,beta_pa,pcoa1_pa,1082,3,0.5525543336284157,0.004210449670533655,0.1636602068223139,0.18402568254381632,2.101036927466884e-06,1.868522552599348e-06,0.7584417969753433
RF02_lsp-qc-topo-area_ndvi,RF,lsp+qc+topo+area,ndvi,,none,RF,beta_pa,pcoa1_pa,1082,3,0.551973806939106,0.0035316731367205914,0.16376669742006114,0.18414542457100455,0.0008924434338029998,0.0007936798545422529,0.7581295342290136
RF01_lsp-topo-area_savi,RF,lsp+topo+area,savi,,none,RF,beta_pa,pcoa1_pa,1082,3,0.5507348681742164,0.004924974499253159,0.1639921815463586,0.18439896739030293,5.2015587272400146e-05,4.625920498329527e-05,0.7575400330038392
RF02_lsp-qc-topo-area_evi,RF,lsp+qc+topo+area,evi,,none,RF,beta_pa,pcoa1_pa,1082,3,0.5502760429222769,0.005780934687191404,0.16407529454001665,0.1844924227615453,0.0002621756322345673,0.00023316157615698002,0.7558430635881969
RF01_lsp-topo-area_nbr,RF,lsp+topo+area,nbr,,none,RF,beta_pa,pcoa1_pa,1082,3,0.5500199889036321,0.005520982320860545,0.16412219559291288,0.1845451600667145,-0.0005201469685905,-0.0004625841310886159,0.759986958777299
RF04_lsp-curve-topo-area_ndvi,RF,lsp+curve+topo+area,ndvi,,none,RF,beta_pa,pcoa1_pa,1082,3,0.5482569487116615,0.0044710665697357274,0.16444411524960736,0.1849071386178708,0.002609397030387767,0.0023206242290290773,0.7557297553541411
RF01_lsp-topo-area_evi,RF,lsp+topo+area,evi,,none,RF,beta_pa,pcoa1_pa,1082,3,0.5476009092006487,0.003426018795951351,0.16456403461996058,0.18504198046127276,-0.0003791541173211336,-0.000337194463297446,0.7552626709145763
RF03_curve-topo-area_nbr_v2,RF,curve+topo+area,nbr,,none,RF,beta_pa,pcoa1_pa,1082,3,0.5410656161093661,0.0025356118198899525,0.16574877743811334,0.18637414977709285,0.002690916384552,0.0023931221226823887,0.7531546088367579
MLP04_curve_all,MLP,curve_all,,tabular,late,MLP-A,beta_pa,pcoa1_pa,1082,3,0.5394882837305874,0.0054800353473673895,0.16603182745718686,0.18669242184802207,-0.004511529706104033,-0.004012254564577945,0.7487930320544348
MLP06_curve_kndvi,MLP,curve,kndvi,tabular,late,MLP-B,beta_pa,pcoa1_pa,1082,5,0.5386377164006921,0.018885115193496126,0.16615891585545445,0.1868353248156322,-0.003668857463287839,-0.003262837898184737,0.748269358389759
MLP07_curve_all,MLP,curve_all,,tabular,late,MLP-A,beta_pa,pcoa1_pa,1082,5,0.5363533183045822,0.011513996545206327,0.1665876815706905,0.18731744508744252,0.0006983651884382395,0.0006210795667071816,0.7453161101976205
RF08_lsp-curve-topo_savi,RF,lsp+curve+topo,savi,,none,RF,beta_pa,pcoa1_pa,1082,3,0.5343301959465648,0.00570988570734319,0.16695896004416352,0.18773492454577456,-0.0009184650630954001,-0.0008168217615466405,0.7375152495018638
RF08_lsp-curve-topo_kndvi,RF,lsp+curve+topo,kndvi,,none,RF,beta_pa,pcoa1_pa,1082,3,0.5339317156093943,0.0047632388707705055,0.16703102438700324,0.1878159563991227,0.0034387033928035336,0.0030581541700453758,0.7435964115591561
MLP05c_curve_kndvi,MLP,curve,kndvi,tabular,late,MLP-C,beta_pa,pcoa1_pa,1082,3,0.5332853417620461,0.005633726227618274,0.16714623411527554,0.18794550254410602,-0.008286099607809466,-0.0073691060770363056,0.74602270296613
RF08_lsp-curve-topo_ndvi,RF,lsp+curve+topo,ndvi,,none,RF,beta_pa,pcoa1_pa,1082,3,0.5322466828383664,0.00422131868863099,0.16733301567685507,0.1881555267462237,0.0026422772144107667,0.002349865678609239,0.7424691031782173
RF08_lsp-curve-topo_evi,RF,lsp+curve+topo,evi,,none,RF,beta_pa,pcoa1_pa,1082,3,0.5303776840257943,0.005191703656108771,0.16766641281923708,0.18853041101330528,0.00017151552808479983,0.00015253450720343424,0.735454111700728
MLP02_curve_nbr,MLP,curve,nbr,tabular,late,MLP-B,beta_pa,pcoa1_pa,1082,3,0.5278685889012411,0.01585912650102079,0.16809958707991055,0.18901748841916113,-0.0054275905895086,-0.0048269382085531646,0.7400819474390138
MLP05a_curve_kndvi,MLP,curve,kndvi,tabular,late,MLP-A,beta_pa,pcoa1_pa,1082,3,0.5260629953035743,0.0033061817816534477,0.16843591187323226,0.18939566464690252,-0.012115895277248533,-0.01077507171554637,0.7406145332427262
C2D02_serpentine_kndvi_ctxclim-topo-area,C2D,clim+topo+area,kndvi,serpentine,late,C2D-B,beta_pa,pcoa1_pa,1082,5,0.5220126215886137,0.011079366977116029,0.1691457068389206,0.19019378476151766,-0.0010338729693209,-0.0009194578802704395,0.7386050591965283
C1D01_curve1d_kndvi_ctxclim-topo-area,C1D,clim+topo+area,kndvi,curve1d,late,C1D-B,beta_pa,pcoa1_pa,1082,5,0.5211243719934954,0.010068149681008606,0.16930444223995228,0.19037227280748742,-0.00047989056437490013,-0.00042678276168856623,0.7377595364652568
C2D01_reshape_kndvi_ctxclim-topo-area,C2D,clim+topo+area,kndvi,reshape,late,C2D-B,beta_pa,pcoa1_pa,1082,5,0.5206717572057699,0.011132103827394857,0.16938273285797437,0.19046030571846825,-0.0033639166992226605,-0.002991643857083552,0.7383014275488161
RF08_lsp-curve-topo_nbr,RF,lsp+curve+topo,nbr,,none,RF,beta_pa,pcoa1_pa,1082,3,0.5192070037758715,0.004432600666783585,0.1696493251195318,0.19076007206880208,0.0021741593159022667,0.0019335527432183504,0.7315903743372937
MLP03_lsp-curve-qc_kndvi,MLP,lsp+curve+qc,kndvi,tabular,late,MLP-B,beta_pa,pcoa1_pa,1082,3,0.5169190087023673,0.016250156748655185,0.1700376259448841,0.19119669209883394,-0.004971212658570334,-0.004421066019769338,0.7354066300798437
MLP02_curve_kndvi,MLP,curve,kndvi,tabular,late,MLP-B,beta_pa,pcoa1_pa,1082,3,0.5155094742802578,0.002979566206832648,0.17030108619875015,0.1914929367021021,-0.008255150780638633,-0.007341582247831214,0.7346348157245028
MLP02_curve_ndvi,MLP,curve,ndvi,tabular,late,MLP-B,beta_pa,pcoa1_pa,1082,3,0.5131303548120879,0.004219454660959828,0.17071818044845288,0.19196193313976392,-0.0101356225803432,-0.009013948840412121,0.7328849949213209
B03_coords,BASE,coords,,,none,RF,beta_pa,pcoa1_pa,1082,3,0.512682424712478,0.0022619098020048092,0.17079745561602191,0.1920510731152285,-0.0006749638997558334,-0.0006002680164239228,0.7232166642694889
C2D07_hilbert_kndvi_v2,C2D,topo+area,kndvi,hilbert,late,C2D-B,beta_pa,pcoa1_pa,1082,3,0.5088481958968707,0.005759151912013458,0.17146640379250377,0.1928032635661251,-0.011414652088325967,-0.010151432646556742,0.7313137437267708
C2D07_hilbert_kndvi_wC,C2D,topo+area,kndvi,hilbert,late,C2D-C,beta_pa,pcoa1_pa,1082,3,0.5083897192544656,0.004953917853215944,0.17154692433442667,0.19289380388728114,-0.009132353222218767,-0.008121707777211393,0.7305510331863475
C2D07_hilbert_kndvi_calendar,C2D,topo+area,kndvi,hilbert,late,C2D-B,beta_pa,pcoa1_pa,1082,3,0.5083830163762515,0.011586516204383793,0.1715415923804303,0.19288780843797473,-0.011783454657867698,-0.010479421131497859,0.7296286822147199
C2D01_reshape_ndvi,C2D,topo+area,ndvi,reshape,late,C2D-B,beta_pa,pcoa1_pa,1082,3,0.5079869990080631,0.012761552177036829,0.17160901059955525,0.1929636160153404,-0.007874696303263934,-0.0070032313307585746,0.7280984566058132
C2D02_serpentine_kndvi_noaug,C2D,topo+area,kndvi,serpentine,late,C2D-B,beta_pa,pcoa1_pa,1082,3,0.5069214512159692,0.01159924626923091,0.17179648636707237,0.1931744208086841,-0.013846832592798633,-0.012314452279951774,0.7287754971848367
C2D07_hilbert_kndvi_wX,C2D,topo+area,kndvi,hilbert,late,C2D-X,beta_pa,pcoa1_pa,1082,3,0.5068204268959967,0.0037135587255865054,0.1718211514222783,0.19320215512301372,-0.005482472450149263,-0.004875746486501571,0.7336274610783113
C2D10_stack5,C2D,topo+area,,stack5,late,C2D-B,beta_pa,pcoa1_pa,1082,3,0.5057392604444054,0.007531440990781668,0.17200687858091113,0.19341099371486167,-0.008032636211144667,-0.00714369258394862,0.728780548017983
C2D01_reshape_kndvi,C2D,topo+area,kndvi,reshape,late,C2D-B,beta_pa,pcoa1_pa,1082,3,0.5050482489373226,0.0016721663609575153,0.1721302342555973,0.19354969946790054,-0.012904972677246032,-0.011476824692072654,0.7268894396702779
C2D02_serpentine_kndvi,C2D,topo+area,kndvi,serpentine,late,C2D-B,beta_pa,pcoa1_pa,1082,3,0.5047075834416717,0.009472852548119337,0.17218440404584837,0.19361061001431715,-0.009725221341082299,-0.008648965264374678,0.7246262890687142
C2D02_serpentine_kndvi_calendar,C2D,topo+area,kndvi,serpentine,late,C2D-B,beta_pa,pcoa1_pa,1082,3,0.5042621072014589,0.008236733100450002,0.17226308158374826,0.19369907799253872,-0.009781916618074,-0.008699386274257911,0.7272961288395984
C1D02_curve5,C1D,topo+area,,curve5,late,C1D-B,beta_pa,pcoa1_pa,1082,3,0.5028648843573619,0.011514100401318044,0.1725019223131883,0.1939676394779961,-0.0071406073711652,-0.0063503814415881085,0.7259682728577189
MLP02_curve_evi,MLP,curve,evi,tabular,late,MLP-B,beta_pa,pcoa1_pa,1082,3,0.5019716986283176,0.003467022829596913,0.17266384226545572,0.194149708352966,-0.0026976697192017,-0.0023991280895139353,0.725062132234298
C2D07_hilbert_kndvi,C2D,topo+area,kndvi,hilbert,late,C2D-B,beta_pa,pcoa1_pa,1082,3,0.501527168655579,0.013549745029640691,0.1727308850055679,0.19422509372762922,-0.011607120825286534,-0.010322601544627781,0.7262146410990905
C2D09_spectrogram_kndvi,C2D,topo+area,kndvi,spectrogram,late,C2D-B,beta_pa,pcoa1_pa,1082,3,0.5014567273745496,0.007990288780822023,0.1727500709719811,0.1942466671487619,-0.0096042813698395,-0.008541409294832396,0.7235920082241868
C2D01_reshape_kndvi_v2,C2D,topo+area,kndvi,reshape,late,C2D-B,beta_pa,pcoa1_pa,1082,3,0.5009470621976727,0.0027165593462888547,0.1728416391838653,0.19434962988489976,-0.0102210717808868,-0.009089941678153326,0.7245325478791044
C2D02_serpentine_kndvi_mixup,C2D,topo+area,kndvi,serpentine,late,C2D-B,beta_pa,pcoa1_pa,1082,3,0.5005153703597117,0.012296323210926538,0.17290810051582342,0.1944243615024007,-0.008832767227224867,-0.007855275911702098,0.7245639596719915
MLP01_lsp_nbr,MLP,lsp,nbr,tabular,late,MLP-B,beta_pa,pcoa1_pa,1082,3,0.4997093388994103,0.011840872070831258,0.17304824364743387,0.1945819437024308,-0.006987188311298833,-0.006213940730046465,0.7231241090831828
C2D11_pxcube_kndvi,C2D,topo+area,kndvi,pxcube,late,C2D-B,beta_pa,pcoa1_pa,1082,3,0.4994911445761953,0.010098331177277549,0.17308809683948176,0.19462675612819122,-0.0064480725516415,-0.0057344870173524215,0.7241421590540799
C2D01_reshape_nbr,C2D,topo+area,nbr,reshape,late,C2D-B,beta_pa,pcoa1_pa,1082,3,0.4994694662446702,0.015551287850865929,0.17308370316304922,0.19462181571341308,-0.0055861971095544005,-0.004967992302282079,0.7238617343979018
C2D02_serpentine_kndvi_v2,C2D,topo+area,kndvi,serpentine,late,C2D-B,beta_pa,pcoa1_pa,1082,3,0.49886984657826333,0.011097814576107534,0.17319428276863613,0.19474615557457212,-0.007811200122595567,-0.006946762049313919,0.7252077159079212
C2D07_hilbert_kndvi_wA,C2D,topo+area,kndvi,hilbert,late,C2D-A,beta_pa,pcoa1_pa,1082,3,0.49843606619507197,0.0069523781262582586,0.17327356399335633,0.19483530236092497,-0.008518520991791833,-0.007575806203054998,0.7238937587957469
C2D02_serpentine_nbr,C2D,topo+area,nbr,serpentine,late,C2D-B,beta_pa,pcoa1_pa,1082,3,0.49831347800219644,0.01937649403125322,0.1732758582819206,0.19483788214514494,-0.006000123957576067,-0.005336111320345793,0.721721057421583
C1D01_curve1d_kndvi_v2,C1D,topo+area,kndvi,curve1d,late,C1D-B,beta_pa,pcoa1_pa,1082,3,0.49686769787435514,0.011420896328769603,0.1735395527972502,0.19513439016080006,-0.005692664340923599,-0.005062677179223283,0.7214902363993397
C1D01_curve1d_nbr,C1D,topo+area,nbr,curve1d,late,C1D-B,beta_pa,pcoa1_pa,1082,3,0.49661784063420145,0.010682562200411451,0.17358360640127757,0.19518392568752985,-0.007942722866389267,-0.007063729633150971,0.724374337912055
C1D01_curve1d_kndvi,C1D,topo+area,kndvi,curve1d,late,C1D-B,beta_pa,pcoa1_pa,1082,3,0.49644057538785913,0.007092049634554285,0.17361782027208425,0.19522239704871114,-0.0069780989760022,-0.006205857279552154,0.7237066537685504
C2D07_hilbert_ndvi,C2D,topo+area,ndvi,hilbert,late,C2D-B,beta_pa,pcoa1_pa,1082,3,0.495899564898775,0.013839606736177965,0.17370296258649398,0.19531813426441455,-0.010489816167112267,-0.009328945067376046,0.7210025318031974
C2D02_serpentine_ndvi,C2D,topo+area,ndvi,serpentine,late,C2D-B,beta_pa,pcoa1_pa,1082,3,0.4958066808160559,0.0031385638106493975,0.17372938370641944,0.1953478431638609,-0.009592070422503667,-0.008530549690135622,0.7213935221810287
MLP01_lsp_kndvi,MLP,lsp,kndvi,tabular,late,MLP-B,beta_pa,pcoa1_pa,1082,3,0.49411287843369084,0.008290072556762867,0.17401764118598692,0.19567197069892725,-0.002902051166164467,-0.0025808913598259755,0.7198200889760353
MLP02_curve_savi,MLP,curve,savi,tabular,late,MLP-B,beta_pa,pcoa1_pa,1082,3,0.4938404907855005,0.008012518857995076,0.1740647406661312,0.1957249311231458,-0.006872836836595633,-0.006112244131280115,0.721090042737229
C2D06_cwt_kndvi,C2D,topo+area,kndvi,cwt,late,C2D-B,beta_pa,pcoa1_pa,1082,3,0.4931741441847908,0.0163859396869925,0.17416761059470662,0.1958406019339488,-0.0085224785956505,-0.007579325832799481,0.7198615929619422
MLP01_lsp_ndvi,MLP,lsp,ndvi,tabular,late,MLP-B,beta_pa,pcoa1_pa,1082,3,0.49198850565720115,0.004870872140461548,0.17438518162040598,0.1960852469657711,-0.003144781494688533,-0.0027967595757139325,0.7189402208951448
C1D01_curve1d_ndvi_v2,C1D,topo+area,ndvi,curve1d,late,C1D-B,beta_pa,pcoa1_pa,1082,3,0.4918500239519243,0.00998378057307863,0.17440470583006037,0.1961072007203064,-0.006490984901785467,-0.005772650408476489,0.7213242662431955
C2D07_hilbert_nbr,C2D,topo+area,nbr,hilbert,late,C2D-B,beta_pa,pcoa1_pa,1082,3,0.49122836436614903,0.014974959705178039,0.1745042330112421,0.19621911282040852,-0.007000597252131233,-0.006225865750508631,0.7179733850145155
C2D02_serpentine_kndvi_wC,C2D,topo+area,kndvi,serpentine,late,C2D-C,beta_pa,pcoa1_pa,1082,3,0.48971959979924984,0.003879924888590551,0.17477467065641736,0.19652320306448934,-0.0109547146443026,-0.009742394863494762,0.7219610248884704
C2D01_reshape_savi,C2D,topo+area,savi,reshape,late,C2D-B,beta_pa,pcoa1_pa,1082,3,0.48810058432805453,0.022852352894746537,0.17502378626041537,0.19680331800475603,-0.005418449516280733,-0.00481880874578269,0.7146942685620151
C2D02_serpentine_kndvi_film,C2D,topo+area,kndvi,serpentine,film,C2D-B,beta_pa,pcoa1_pa,1082,3,0.4880732313327228,0.017253353252657304,0.1750406916296796,0.19682232703681035,-0.0087001303723753,-0.007737317511565347,0.7147069390640467
C1D01_curve1d_ndvi,C1D,topo+area,ndvi,curve1d,late,C1D-B,beta_pa,pcoa1_pa,1082,3,0.4868818197818798,0.009669835967913619,0.17525561012892546,0.19706398946827688,-0.0087846176447659,-0.007812454874362559,0.7159350651691879
C2D02_serpentine_kndvi_wX,C2D,topo+area,kndvi,serpentine,late,C2D-X,beta_pa,pcoa1_pa,1082,3,0.48594194847216193,0.02031076559958467,0.17539846922784327,0.19722462560394116,-0.008660260995814567,-0.007701860338829403,0.7184726012156809
C2D07_hilbert_evi,C2D,topo+area,evi,hilbert,late,C2D-B,beta_pa,pcoa1_pa,1082,3,0.4858152046666417,0.009298885548458754,0.17543807622991425,0.1972691612044463,-0.008953683492741267,-0.007962810798947435,0.7153356864785044
C2D01_reshape_evi,C2D,topo+area,evi,reshape,late,C2D-B,beta_pa,pcoa1_pa,1082,3,0.48573231185863536,0.007075976041407385,0.1754542453451914,0.19728734236486875,-0.010526563285094567,-0.009361625510920525,0.7177256841994722
C2D02_serpentine_kndvi_wA,C2D,topo+area,kndvi,serpentine,late,C2D-A,beta_pa,pcoa1_pa,1082,3,0.48535258270902354,0.00860549868920471,0.17551770935062708,0.19735870367586808,-0.011860360292221333,-0.010547815889501924,0.7159780785631874
C2D07_hilbert_savi,C2D,topo+area,savi,hilbert,late,C2D-B,beta_pa,pcoa1_pa,1082,3,0.48404663777439905,0.0020742725776177256,0.17574410986280753,0.19761327691386665,-0.007245606616994066,-0.006443760789791028,0.7133768142333922
C1D01_curve1d_nbr_v2,C1D,topo+area,nbr,curve1d,late,C1D-B,beta_pa,pcoa1_pa,1082,3,0.48342189026841026,0.016186957314977674,0.17583645204836298,0.19771710993506578,-0.009017936877583232,-0.008019953487440199,0.712846288866459
C2D07_hilbert_kndvi_film,C2D,topo+area,kndvi,hilbert,film,C2D-B,beta_pa,pcoa1_pa,1082,3,0.47855911798537915,0.012917777802405352,0.17666739580327193,0.19865145429782619,-0.0074230943061876,-0.006601606540016201,0.7089357330112187
C2D02_serpentine_savi,C2D,topo+area,savi,serpentine,late,C2D-B,beta_pa,pcoa1_pa,1082,3,0.4751661918101988,0.008573717457405169,0.17724638672641838,0.1993024934348743,-0.007783747016253899,-0.006922347081795878,0.7067125675141971
C2D02_serpentine_kndvi_patchctx,C2D,topo+area,kndvi,serpentine,patchctx,C2D-B,beta_pa,pcoa1_pa,1082,3,0.47476473409604053,0.011175004658949191,0.17731143194684287,0.199375632723387,-0.0079035912447714,-0.007028928570610435,0.7053823242676357
C2D02_serpentine_evi,C2D,topo+area,evi,serpentine,late,C2D-B,beta_pa,pcoa1_pa,1082,3,0.4732665949251882,0.007864536641206352,0.17756752282602184,0.19966359092501215,-0.007615912357503134,-0.0067730860950498415,0.7063251643489036
C2D07_hilbert_kndvi_patchctx,C2D,topo+area,kndvi,hilbert,patchctx,C2D-B,beta_pa,pcoa1_pa,1082,3,0.47218219261320704,0.014124558253398868,0.1777428755842575,0.19986076415145984,-0.011655925382912866,-0.010366005073334137,0.706727107408678
C1D01_curve1d_evi,C1D,topo+area,evi,curve1d,late,C1D-B,beta_pa,pcoa1_pa,1082,3,0.47053164552990084,0.015117178319114901,0.17801920502646673,0.20017147935338256,-0.007100614860552967,-0.006314814761613516,0.7073062732935037
C1D01_curve1d_savi_v2,C1D,topo+area,savi,curve1d,late,C1D-B,beta_pa,pcoa1_pa,1082,3,0.46453403961885426,0.004097239330803731,0.17903582852319302,0.20131460899074308,-0.0056888637291715,-0.005059297167820515,0.7040704433810281
C2D07_hilbert_kndvi_patch,C2D,topo+area,kndvi,hilbert,patch,C2D-B,beta_pa,pcoa1_pa,1082,3,0.4636593803380154,0.01309154233395661,0.17917394560022518,0.20146991301892014,-0.010014787098664468,-0.008906485796940965,0.7006888355928419
C2D02_serpentine_kndvi_patch,C2D,topo+area,kndvi,serpentine,patch,C2D-B,beta_pa,pcoa1_pa,1082,3,0.462607507909835,0.007411335564227548,0.17935563690714815,0.20167421354754578,-0.008895509646124067,-0.007911074847544275,0.6987855746153379
C2D07_hilbert_kndvi_none,C2D,topo+area,kndvi,hilbert,none,C2D-B,beta_pa,pcoa1_pa,1082,3,0.46187113177884126,0.00500993836586338,0.17948003639392432,0.2018140930020972,-0.005004619860332999,-0.004450776163887568,0.6990388425568813
C1D01_curve1d_savi,C1D,topo+area,savi,curve1d,late,C1D-B,beta_pa,pcoa1_pa,1082,3,0.46165205092861755,0.0039290234907371395,0.17951706558922073,0.2018557300198597,-0.009165076406255933,-0.008150809601442542,0.7011309958523357
MLP01_lsp_savi,MLP,lsp,savi,tabular,late,MLP-B,beta_pa,pcoa1_pa,1082,3,0.4571425038276531,0.006921325338186064,0.18026573418399675,0.202697561102857,-0.008001004260853635,-0.007115561230458916,0.694538782318709
MLP01_lsp_evi,MLP,lsp,evi,tabular,late,MLP-B,beta_pa,pcoa1_pa,1082,3,0.45704869581255125,0.01304457275598895,0.18027506029025667,0.2027080477269623,-0.0066759874837026,-0.005937179404650768,0.6938293936716953
C1D01_curve1d_evi_v2,C1D,topo+area,evi,curve1d,late,C1D-B,beta_pa,pcoa1_pa,1082,3,0.45649998500678385,0.00569925223954691,0.18037317125951327,0.20281836738519235,-0.004312913614689933,-0.003835618618172302,0.6998615915409498
C2D02_serpentine_kndvi_nperSample,C2D,topo+area,kndvi,serpentine,late,C2D-B,beta_pa,pcoa1_pa,1082,3,0.45107479220048624,0.019453512860393048,0.18125391863125465,0.20380871280501292,-0.006835712216400999,-0.0060792279623668065,0.6924459658941764
C2D02_serpentine_kndvi_none,C2D,topo+area,kndvi,serpentine,none,C2D-B,beta_pa,pcoa1_pa,1082,3,0.44945859222137835,0.0025619776166767197,0.18153917258010333,0.2041294630573464,-0.0068033734317313995,-0.006050467997375784,0.6890178017080583
C2D07_hilbert_kndvi_nperSample,C2D,topo+area,kndvi,hilbert,late,C2D-B,beta_pa,pcoa1_pa,1082,3,0.4411866366375621,0.009251232671567442,0.18289406905803926,0.20565295953807042,-0.008363371593231634,-0.007437826643323306,0.6881149135748785
B01_topo-area,BASE,topo+area,,,none,RF,beta_pa,pcoa1_pa,1082,3,0.415276814992551,0.003329003267646978,0.18708980499835381,0.21037080259339733,-0.0036797105315327003,-0.0032724898954986873,0.6640881366060531
C2D08_cos2d_kndvi,C2D,topo+area,kndvi,cos2d,late,C2D-B,beta_pa,pcoa1_pa,1082,3,0.3560696573567368,0.013293148432528538,0.19632701708347902,0.22075747075038385,-0.008474655355924267,-0.007536795022989036,0.6254464005358096
C2D03_gaf_kndvi,C2D,topo+area,kndvi,gaf,late,C2D-B,beta_pa,pcoa1_pa,1082,3,0.34424817944020797,0.010131104295296983,0.1981240598919192,0.222778133169213,-0.010573153116160666,-0.009403059409073726,0.6231924879538581
B02_area,BASE,area,,,none,RF,beta_pa,pcoa1_pa,1082,3,0.2688933779793247,0.004696357161540086,0.2092016028945668,0.23523413852049524,-0.0044313166688830005,-0.003940918422361413,0.5034540171299596
C2D04_mtf_kndvi,C2D,topo+area,kndvi,mtf,late,C2D-B,beta_pa,pcoa1_pa,1082,3,0.23371246271451804,0.016276554321894423,0.21416850837043025,0.24081911356161056,-0.009758885034794334,-0.008678903515379416,0.4850936264446363
C2D05_ndi_kndvi,C2D,topo+area,kndvi,ndi,late,C2D-B,beta_pa,pcoa1_pa,1082,3,0.17757255258050772,0.026612493084064343,0.22186421509410256,0.24947245520145347,-0.007988296637778032,-0.007104259915381456,0.42961851818269153
C2D02_serpentine_kndvi_nglobal,C2D,topo+area,kndvi,serpentine,late,C2D-B,beta_pa,pcoa1_pa,1082,3,0.12669668382864133,0.029672075745503793,0.2286213076064092,0.25707038377390723,-0.0041567080255042665,-0.0036966997527207884,0.38063883688361483
C2D07_hilbert_kndvi_nglobal,C2D,topo+area,kndvi,hilbert,late,C2D-B,beta_pa,pcoa1_pa,1082,3,0.11437508148727693,0.03156977376007875,0.23022619481743645,0.25887497922291436,-0.007671877950756799,-0.0068228581727306165,0.3670541371774054
B00_area,BASE,area,,,none,mean,beta_pa,pcoa1_pa,1082,3,-0.019619040171028668,0.009721526959928619,0.24705395420987206,0.27779674382289565,-0.005381695534029699,-0.004786122197613982,-0.0686355361473547
B03_coords,BASE,coords,,,none,RF,beta_pa,pcoa2_pa,1082,3,0.5036559919937398,0.0038415485813271073,0.16422364104194986,0.1704291711138365,0.0028784510813031332,0.0027736432328066434,0.7330071555649319
MLP06_curve_kndvi,MLP,curve,kndvi,tabular,late,MLP-B,beta_pa,pcoa2_pa,1082,5,0.49327013081210075,0.009386179214009504,0.16592807332883436,0.1721980089013216,-0.0016078027063768398,-0.0015492606857891902,0.7191407895610704
RF06_curve_all-topo-area,RF,curve_all+topo+area,,,none,RF,beta_pa,pcoa2_pa,1082,3,0.4904938082345042,0.0013262034746264325,0.166387592129951,0.17267489157112867,0.0028250284791278995,0.0027221658115071396,0.6929420695956386
RF04_lsp-curve-topo-area_kndvi,RF,lsp+curve+topo+area,kndvi,,none,RF,beta_pa,pcoa2_pa,1082,3,0.48741381519277355,0.003927655828627247,0.16688902199567415,0.17319526900183668,0.004713676596156233,0.004542045990459875,0.685645431731818
MLP07_curve_all,MLP,curve_all,,tabular,late,MLP-A,beta_pa,pcoa2_pa,1082,5,0.48664731553268953,0.0119288136134403,0.16700558546519584,0.17331623706323568,7.247022664988029e-05,6.983149897284574e-05,0.7074000989198937
RF01_lsp-topo-area_kndvi,RF,lsp+topo+area,kndvi,,none,RF,beta_pa,pcoa2_pa,1082,3,0.48654215159845604,0.0031674182719212142,0.1670311487976457,0.17334276635909518,-0.0008103183946127669,-0.0007808137321614449,0.6847638318506003
RF02_lsp-qc-topo-area_kndvi,RF,lsp+qc+topo+area,kndvi,,none,RF,beta_pa,pcoa2_pa,1082,3,0.48623875697774305,0.0019102047416800385,0.16708082766375118,0.17339432244394704,-0.00036888472724559983,-0.0003554531928843067,0.6874320794165777
RF04_lsp-curve-topo-area_ndvi,RF,lsp+curve+topo+area,ndvi,,none,RF,beta_pa,pcoa2_pa,1082,3,0.47831376005104426,0.0010511732987997112,0.16836468149620396,0.1747266893498809,0.005668084180013834,0.005461702452055027,0.6799774968784859
RF03_curve-topo-area_kndvi,RF,curve+topo+area,kndvi,,none,RF,beta_pa,pcoa2_pa,1082,3,0.478171925366476,0.0026719602770534302,0.16838725663884577,0.17475011754099767,0.005758066249801867,0.00554840816700104,0.681059919033231
RF02_lsp-qc-topo-area_nbr,RF,lsp+qc+topo+area,nbr,,none,RF,beta_pa,pcoa2_pa,1082,3,0.47674934318992096,0.0010567950432521162,0.16861693571672307,0.17498847551806143,-0.001494194393221,-0.001439788987269786,0.687804674180935
RF03_curve-topo-area_ndvi,RF,curve+topo+area,ndvi,,none,RF,beta_pa,pcoa2_pa,1082,3,0.47624295764663976,0.002417292420115162,0.1686982646159431,0.17507287759801615,0.007000033513701233,0.006745153916566581,0.6797789845039794
RF03_curve-topo-area_nbr,RF,curve+topo+area,nbr,,none,RF,beta_pa,pcoa2_pa,1082,3,0.4761350269651709,0.0026359451148079615,0.16871558995409067,0.17509085760991347,0.0020577851720993,0.0019828587514432072,0.6878067583003524
RF04_lsp-curve-topo-area_nbr,RF,lsp+curve+topo+area,nbr,,none,RF,beta_pa,pcoa2_pa,1082,3,0.4737022651553193,0.0016769603889343788,0.1691070963044684,0.17549715783780603,0.0022166081945869335,0.0021358988376194454,0.6898652556799355
RF01_lsp-topo-area_nbr,RF,lsp+topo+area,nbr,,none,RF,beta_pa,pcoa2_pa,1082,3,0.4714633655496401,0.0020218911974327044,0.16946634672384944,0.17586998327760836,-5.566903773903363e-05,-5.364206145612912e-05,0.6816589391623827
MLP02_curve_ndvi,MLP,curve,ndvi,tabular,late,MLP-B,beta_pa,pcoa2_pa,1082,3,0.47011988020972845,0.026691263673401137,0.16964568016965484,0.1760560932087223,0.004154636850922,0.004003361551349348,0.6831618860914501
RF08_lsp-curve-topo_kndvi,RF,lsp+curve+topo,kndvi,,none,RF,beta_pa,pcoa2_pa,1082,3,0.4700894362585358,0.0020057100540961333,0.16968647142519877,0.1760984258462581,0.005061474174077666,0.004877179842361787,0.6766592172028595
C2D02_serpentine_kndvi_ctxclim-topo-area,C2D,clim+topo+area,kndvi,serpentine,late,C2D-B,beta_pa,pcoa2_pa,1082,5,0.4693456044887013,0.016591575908432892,0.16978899638687744,0.1762048249257482,-0.0028848800195856806,-0.0027798380857528503,0.7028616920567747
RF03_curve-topo-area_nbr_v2,RF,curve+topo+area,nbr,,none,RF,beta_pa,pcoa2_pa,1082,3,0.469204242929189,0.0036602996832519855,0.16982766846646213,0.17624495830987644,0.0027309963736358,0.002631557527503697,0.6810379978862682
RF01_lsp-topo-area_ndvi,RF,lsp+topo+area,ndvi,,none,RF,beta_pa,pcoa2_pa,1082,3,0.46816287763158765,0.002527554484585261,0.16999453381301807,0.176418129008813,0.0006621056146165998,0.00063799755685034,0.6685260043316283
C1D01_curve1d_kndvi_ctxclim-topo-area,C1D,clim+topo+area,kndvi,curve1d,late,C1D-B,beta_pa,pcoa2_pa,1082,5,0.46624293805949246,0.01576911133072677,0.1702867815093743,0.17672141988906576,-0.0017433587170433602,-0.0016798809398882255,0.6970794164124668
RF02_lsp-qc-topo-area_ndvi,RF,lsp+qc+topo+area,ndvi,,none,RF,beta_pa,pcoa2_pa,1082,3,0.46620778446997085,0.0030725078453692264,0.17030655609182713,0.17674194169503218,0.0005964324168689661,0.0005747155988234439,0.671501806347357
C2D01_reshape_kndvi_ctxclim-topo-area,C2D,clim+topo+area,kndvi,reshape,late,C2D-B,beta_pa,pcoa2_pa,1082,5,0.4647983807921482,0.01751451902774081,0.17051348732979577,0.17695669225798885,-0.00208678241550568,-0.0020108001705163247,0.7024886138398678
RF05_lsp_all-topo-area,RF,lsp_all+topo+area,,,none,RF,beta_pa,pcoa2_pa,1082,3,0.46411266459150663,0.0017854128075671571,0.17064076702683947,0.17708878148173976,0.00047592001297823314,0.00045859119577488827,0.6799418900140154
RF08_lsp-curve-topo_ndvi,RF,lsp+curve+topo,ndvi,,none,RF,beta_pa,pcoa2_pa,1082,3,0.46228740763391357,0.00036068951620312037,0.17093127670429487,0.17739026866845134,0.006460870954887467,0.006225622911732034,0.6712309339782303
RF03_curve-topo-area_evi,RF,curve+topo+area,evi,,none,RF,beta_pa,pcoa2_pa,1082,3,0.4621156343545724,0.0011294487061112041,0.17095852031192516,0.17741854173216573,0.0009222345973568663,0.0008886549320341414,0.6764973790145857
C2D07_hilbert_kndvi_wX,C2D,topo+area,kndvi,hilbert,late,C2D-X,beta_pa,pcoa2_pa,1082,3,0.46143566876136166,0.022749841792631162,0.17104085378007927,0.17750398634077014,0.007799871854787599,0.007515869186491944,0.6828653209192889
RF03_curve-topo-area_ndvi_v2,RF,curve+topo+area,ndvi,,none,RF,beta_pa,pcoa2_pa,1082,3,0.4610136008533566,0.0027881749622533456,0.17113324379625036,0.17759986750486645,0.0058359552719361,0.005623461156630012,0.6660794675997025
MLP04_curve_all,MLP,curve_all,,tabular,late,MLP-A,beta_pa,pcoa2_pa,1082,3,0.4589951239044922,0.007139800128404588,0.17145127214272737,0.17792991321044752,0.0032642728513651337,0.003145416770509944,0.681838500260096
RF03_curve-topo-area_kndvi_v2,RF,curve+topo+area,kndvi,,none,RF,beta_pa,pcoa2_pa,1082,3,0.4589297722717994,0.0023399776051677857,0.17146385779953185,0.17794297444233534,0.005923299244872599,0.005707624830987852,0.667821287770448
RF04_lsp-curve-topo-area_evi,RF,lsp+curve+topo+area,evi,,none,RF,beta_pa,pcoa2_pa,1082,3,0.4572102554706734,0.004615086295671837,0.1717353281068604,0.17822470281692548,-7.878152540766991e-06,-7.5912995790185e-06,0.6751963343118347
RF08_lsp-curve-topo_nbr,RF,lsp+curve+topo,nbr,,none,RF,beta_pa,pcoa2_pa,1082,3,0.45652646078597064,0.0016800196002348935,0.17184436891556207,0.1783378639582002,0.0012624880886548003,0.0012165193865344749,0.6826227117671445
MLP05c_curve_kndvi,MLP,curve,kndvi,tabular,late,MLP-C,beta_pa,pcoa2_pa,1082,3,0.4554024968595951,0.009295154741782939,0.17201794330369855,0.17851799721373518,0.0054637892339550005,0.005264846129460809,0.6757340955400202
RF03_curve-topo-area_savi,RF,curve+topo+area,savi,,none,RF,beta_pa,pcoa2_pa,1082,3,0.4546542070734964,0.0016988502610946745,0.17214011224873252,0.17864478256513708,0.0012632391350364004,0.0012172430864185466,0.6649388921976987
RF04_lsp-curve-topo-area_savi,RF,lsp+curve+topo+area,savi,,none,RF,beta_pa,pcoa2_pa,1082,3,0.45296870137081074,0.0030774356858947996,0.172405608492568,0.1789203111338841,9.772033845993275e-05,9.416222399522636e-05,0.6661066622003428
MLP03_lsp-curve-qc_kndvi,MLP,lsp+curve+qc,kndvi,tabular,late,MLP-B,beta_pa,pcoa2_pa,1082,3,0.45210772742933725,0.010873496118542375,0.17253600824972604,0.17905563831567647,0.0065639153603593665,0.006324915347088039,0.6642245902660768
C2D02_serpentine_kndvi_wX,C2D,topo+area,kndvi,serpentine,late,C2D-X,beta_pa,pcoa2_pa,1082,3,0.4495758695055598,0.009812050817683791,0.17293531773224344,0.179470036533202,0.009639598201716932,0.009288608895539395,0.6737662127465797
MLP02_curve_kndvi,MLP,curve,kndvi,tabular,late,MLP-B,beta_pa,pcoa2_pa,1082,3,0.4494096550230504,0.007001284701546749,0.1729636783746984,0.17949946884121315,0.0085736825626115,0.00826150452042905,0.671178459956384
RF03_curve-topo-area_evi_v2,RF,curve+topo+area,evi,,none,RF,beta_pa,pcoa2_pa,1082,3,0.44924738836060607,0.0007328133220714442,0.17299146147733258,0.1795283017858664,0.001129387440883333,0.0010882650926291645,0.6652589497850759
RF03_curve-topo-area_savi_v2,RF,curve+topo+area,savi,,none,RF,beta_pa,pcoa2_pa,1082,3,0.44786912854955035,0.004102401605386966,0.1732070094916064,0.1797519947278499,0.0014655273255209332,0.0014121657218103968,0.6614396746424409
RF08_lsp-curve-topo_evi,RF,lsp+curve+topo,evi,,none,RF,beta_pa,pcoa2_pa,1082,3,0.44682967316705996,0.004616924423897811,0.1733697679955606,0.17992090339863961,0.0012963033537711003,0.0012491033973813515,0.6730180884829391
C2D07_hilbert_kndvi_wC,C2D,topo+area,kndvi,hilbert,late,C2D-C,beta_pa,pcoa2_pa,1082,3,0.4463272106746223,0.019268110410101496,0.17343215898003686,0.17998565195555746,0.004445477578634433,0.004283612420118305,0.6605236951459309
MLP05a_curve_kndvi,MLP,curve,kndvi,tabular,late,MLP-A,beta_pa,pcoa2_pa,1082,3,0.44556063158190695,0.018651232394082215,0.17355330449548648,0.18011137520497053,0.0041403418364899655,0.0039895870354995444,0.6671343983246784
MLP02_curve_evi,MLP,curve,evi,tabular,late,MLP-B,beta_pa,pcoa2_pa,1082,3,0.44463138127089996,0.011620676625094981,0.17370855572264712,0.18027249292097977,0.0033784438208961337,0.003255430638412561,0.6667849720211777
RF08_lsp-curve-topo_savi,RF,lsp+curve+topo,savi,,none,RF,beta_pa,pcoa2_pa,1082,3,0.44437102188702543,0.003127909206272969,0.17375517374014318,0.18032087249672427,0.0020400519240588,0.0019657711921851413,0.6652986727853958
C2D07_hilbert_ndvi,C2D,topo+area,ndvi,hilbert,late,C2D-B,beta_pa,pcoa2_pa,1082,3,0.44070529718528473,0.005733647648962936,0.17432633076834403,0.18091361187501656,0.004554052139811999,0.00438823365159283,0.6577634763930535
MLP02_curve_savi,MLP,curve,savi,tabular,late,MLP-B,beta_pa,pcoa2_pa,1082,3,0.4379700962960102,0.006631133604190102,0.17475159126213805,0.18135494171647504,0.0063524254099926345,0.006121125998902994,0.6723221883784457
C2D02_serpentine_ndvi,C2D,topo+area,ndvi,serpentine,late,C2D-B,beta_pa,pcoa2_pa,1082,3,0.43778840233612665,0.01971114352626074,0.17476377268800455,0.1813675834427225,0.004056189517564267,0.003908498803210542,0.6547067231892555
MLP02_curve_nbr,MLP,curve,nbr,tabular,late,MLP-B,beta_pa,pcoa2_pa,1082,3,0.4364233561133788,0.020061365718630327,0.17497551507012496,0.18158732694886748,0.0021772980359248003,0.0020980200088764472,0.6692677645365744
RF01_lsp-topo-area_evi,RF,lsp+topo+area,evi,,none,RF,beta_pa,pcoa2_pa,1082,3,0.43571860377435506,0.003307059329373471,0.1751027927586536,0.18171941408820738,0.00020010664551349996,0.0001928205230838561,0.6583997291150069
C2D02_serpentine_kndvi_noaug,C2D,topo+area,kndvi,serpentine,late,C2D-B,beta_pa,pcoa2_pa,1082,3,0.43544189825149954,0.007047045717738457,0.17514394047611911,0.18176211665731612,0.0012559533529245333,0.0012102225883522278,0.6497376551528297
RF02_lsp-qc-topo-area_evi,RF,lsp+qc+topo+area,evi,,none,RF,beta_pa,pcoa2_pa,1082,3,0.43453827935091716,0.0006453260656829253,0.17528631345404844,0.18190986949280039,-4.314213443477356e-05,-4.15712776920552e-05,0.6593519490669074
RF02_lsp-qc-topo-area_savi,RF,lsp+qc+topo+area,savi,,none,RF,beta_pa,pcoa2_pa,1082,3,0.43418425717036796,0.0031828304860545206,0.17534073264537897,0.18196634502587408,0.000376225378533467,0.00036252656227426665,0.6553376461342766
C2D07_hilbert_kndvi_calendar,C2D,topo+area,kndvi,hilbert,late,C2D-B,beta_pa,pcoa2_pa,1082,3,0.4301543645008968,0.00527183950836524,0.17596324269724575,0.18261237790808613,0.0029860176690408666,0.0028772931923605164,0.6470445244641111
RF01_lsp-topo-area_savi,RF,lsp+topo+area,savi,,none,RF,beta_pa,pcoa2_pa,1082,3,0.4296721041439178,0.0033832953986889717,0.17603842907096245,0.18269040535450187,-0.0004061120924189673,-0.00039132506514193203,0.6518754832749328
C2D02_serpentine_kndvi_wC,C2D,topo+area,kndvi,serpentine,late,C2D-C,beta_pa,pcoa2_pa,1082,3,0.42623030033691084,0.020382255132101675,0.176550563834974,0.18322189219022955,0.006760102646880766,0.006513959219730969,0.6541505204024317
C2D07_hilbert_kndvi,C2D,topo+area,kndvi,hilbert,late,C2D-B,beta_pa,pcoa2_pa,1082,3,0.42409748736084846,0.007744610268416638,0.17689451986894925,0.18357884531462795,0.0036660568770680332,0.0035325713590243137,0.638573308977472
C2D02_serpentine_kndvi_patchctx,C2D,topo+area,kndvi,serpentine,patchctx,C2D-B,beta_pa,pcoa2_pa,1082,3,0.4238697022762488,0.030550957695872193,0.1768906861317703,0.18357486671175735,0.00048393272655182447,0.00046631215685849725,0.6489366258725519
C1D02_curve5,C1D,topo+area,,curve5,late,C1D-B,beta_pa,pcoa2_pa,1082,3,0.423695025075779,0.004282629177573047,0.17695817795159693,0.18364490884964338,0.0037242189575717993,0.0035886156885747045,0.6481502129701705
C2D02_serpentine_kndvi,C2D,topo+area,kndvi,serpentine,late,C2D-B,beta_pa,pcoa2_pa,1082,3,0.420555694481847,0.015082739642743835,0.17743022854427104,0.1841347968506815,0.003269540192617333,0.003150492321563748,0.645783062241507
C2D07_hilbert_kndvi_patchctx,C2D,topo+area,kndvi,hilbert,patchctx,C2D-B,beta_pa,pcoa2_pa,1082,3,0.41943714402734167,0.02694226396320835,0.17757925203068195,0.18428945149787093,0.007338893841139667,0.007071675933970729,0.6538770815669149
C2D07_hilbert_kndvi_none,C2D,topo+area,kndvi,hilbert,none,C2D-B,beta_pa,pcoa2_pa,1082,3,0.41884563776553146,0.01596129462592086,0.17769071698362204,0.18440512838468995,0.0032573344163252665,0.003138730972193061,0.635501073305718
C2D07_hilbert_evi,C2D,topo+area,evi,hilbert,late,C2D-B,beta_pa,pcoa2_pa,1082,3,0.4184404957049104,0.006489474905502453,0.17776204220837588,0.1844791487806402,0.0065699805923745665,0.006330759736747336,0.6512236770102783
C2D07_hilbert_savi,C2D,topo+area,savi,hilbert,late,C2D-B,beta_pa,pcoa2_pa,1082,3,0.4178770580428486,0.006391544261962668,0.1778481920355158,0.18456855395725116,0.0025409328612081665,0.002448414455011493,0.6524275807185047
C2D02_serpentine_kndvi_v2,C2D,topo+area,kndvi,serpentine,late,C2D-B,beta_pa,pcoa2_pa,1082,3,0.4164760992683811,0.004047228610614052,0.17806314142794377,0.18479162565722382,0.005181322006673033,0.004992663871951128,0.6523404945255463
C2D01_reshape_nbr,C2D,topo+area,nbr,reshape,late,C2D-B,beta_pa,pcoa2_pa,1082,3,0.41500515879225475,0.01788924822294061,0.17827422348943942,0.1850106838911629,0.0033374866844065663,0.003215964800275756,0.6511027186358965
C2D02_serpentine_kndvi_film,C2D,topo+area,kndvi,serpentine,film,C2D-B,beta_pa,pcoa2_pa,1082,3,0.41463645536973853,0.0427063046882884,0.17826345055982987,0.1849995038841178,0.004390572821931434,0.004230706811311076,0.6530547080399808
C2D01_reshape_kndvi_v2,C2D,topo+area,kndvi,reshape,late,C2D-B,beta_pa,pcoa2_pa,1082,3,0.4145381172873573,0.017423615647826463,0.17834623087194293,0.1850854122216048,0.0027650208053794333,0.0026643430889706997,0.6437289415127007
MLP01_lsp_kndvi,MLP,lsp,kndvi,tabular,late,MLP-B,beta_pa,pcoa2_pa,1082,3,0.4127939130804809,0.01933260938939521,0.17860865976120532,0.1853577575294396,0.008991246568079666,0.008663864520761618,0.6437014927126467
C1D01_curve1d_nbr,C1D,topo+area,nbr,curve1d,late,C1D-B,beta_pa,pcoa2_pa,1082,3,0.4125349124521968,0.008630774015943034,0.17866097470324094,0.18541204929980482,-0.000305975435167767,-0.00029483450341422426,0.6380875239211979
C2D01_reshape_ndvi,C2D,topo+area,ndvi,reshape,late,C2D-B,beta_pa,pcoa2_pa,1082,3,0.412165957320571,0.006282609320833101,0.17871856549958065,0.18547181628354534,0.0021632969077719664,0.0020845286785547298,0.6420450788082986
C2D02_serpentine_savi,C2D,topo+area,savi,serpentine,late,C2D-B,beta_pa,pcoa2_pa,1082,3,0.41215932454785853,0.00736740343219623,0.178718932408125,0.18547219705648824,0.006161229557988333,0.005936891816673173,0.6424676419145662
C2D07_hilbert_kndvi_v2,C2D,topo+area,kndvi,hilbert,late,C2D-B,beta_pa,pcoa2_pa,1082,3,0.4121557877913222,0.0036330368499535547,0.17872124768509598,0.18547459982099002,0.0026497537289988673,0.0025532730247806138,0.6451695053794192
C1D01_curve1d_ndvi,C1D,topo+area,ndvi,curve1d,late,C1D-B,beta_pa,pcoa2_pa,1082,3,0.41198931587125776,0.032609119936578244,0.17870143543153538,0.1854540389204352,0.003440035339250967,0.003314779535877869,0.6332535384005861
C2D07_hilbert_kndvi_patch,C2D,topo+area,kndvi,hilbert,patch,C2D-B,beta_pa,pcoa2_pa,1082,3,0.4116671872804041,0.0064088595458546,0.17879430781625416,0.18555042068037286,0.0015008733467492665,0.001446224752107422,0.6391072677633435
C2D02_serpentine_kndvi_mixup,C2D,topo+area,kndvi,serpentine,late,C2D-B,beta_pa,pcoa2_pa,1082,3,0.40890804873239667,0.02353885551631414,0.17919139089444305,0.18596250836427564,0.0038816721281509,0.0037403358007896937,0.6328971555590907
C2D02_serpentine_kndvi_patch,C2D,topo+area,kndvi,serpentine,patch,C2D-B,beta_pa,pcoa2_pa,1082,3,0.40836664173520676,0.006565663188826276,0.17929505321033878,0.18607008777526512,0.008413184836659504,0.008106850708745693,0.6444900910316446
C2D02_serpentine_kndvi_calendar,C2D,topo+area,kndvi,serpentine,late,C2D-B,beta_pa,pcoa2_pa,1082,3,0.4071994591374393,0.0056758844748231296,0.17947229585451074,0.18625402789947984,0.005965109024603267,0.0057479122666049985,0.6392498319498622
C2D02_serpentine_evi,C2D,topo+area,evi,serpentine,late,C2D-B,beta_pa,pcoa2_pa,1082,3,0.40651639041720883,0.008824494780556334,0.1795737352484121,0.18635930039076798,0.0043339084667777675,0.004176105673138471,0.6491317042565474
C2D07_hilbert_kndvi_nperSample,C2D,topo+area,kndvi,hilbert,late,C2D-B,beta_pa,pcoa2_pa,1082,3,0.4056278592809079,0.01892995258720377,0.1796960953681277,0.18648628414078236,0.004288213556113567,0.0041320745688543945,0.6056270835066763
C2D02_serpentine_nbr,C2D,topo+area,nbr,serpentine,late,C2D-B,beta_pa,pcoa2_pa,1082,3,0.40491475674863125,0.017427930285418728,0.1798063740175264,0.18660072989712614,0.001097657385834933,0.0010576903668562537,0.6452901632626592
C2D01_reshape_kndvi,C2D,topo+area,kndvi,reshape,late,C2D-B,beta_pa,pcoa2_pa,1082,3,0.40346964401001273,0.01718259962974693,0.18002487237808898,0.1868274846703375,0.0017383595802534998,0.0016750638276513254,0.6338988433484655
C2D07_hilbert_nbr,C2D,topo+area,nbr,hilbert,late,C2D-B,beta_pa,pcoa2_pa,1082,3,0.40296404939483876,0.01548794307339908,0.18010350497117247,0.18690908855864938,0.0019095237628380661,0.0018399957175167705,0.6403931836537783
C2D09_spectrogram_kndvi,C2D,topo+area,kndvi,spectrogram,late,C2D-B,beta_pa,pcoa2_pa,1082,3,0.40151694570276986,0.007581177840558229,0.18032942243870353,0.1871435427851368,0.0033598279318407995,0.0032374925761552618,0.6271173034930446
C2D07_hilbert_kndvi_wA,C2D,topo+area,kndvi,hilbert,late,C2D-A,beta_pa,pcoa2_pa,1082,3,0.4000717625368538,0.003049009579207484,0.18054903333644343,0.18737145213504477,0.0018182122688174325,0.001752008984265382,0.6244731117175545
C2D02_serpentine_kndvi_none,C2D,topo+area,kndvi,serpentine,none,C2D-B,beta_pa,pcoa2_pa,1082,3,0.3994773505591005,0.00928592438679846,0.18063524032015854,0.18746091662801043,0.005729763074721499,0.005521135544395601,0.6329384669110271
C1D01_curve1d_kndvi,C1D,topo+area,kndvi,curve1d,late,C1D-B,beta_pa,pcoa2_pa,1082,3,0.39731543937841396,0.03471086908944546,0.18091442257181456,0.18775064835870126,0.0008007276059170671,0.0007715721555593989,0.6230371597544861
C2D07_hilbert_kndvi_film,C2D,topo+area,kndvi,hilbert,film,C2D-B,beta_pa,pcoa2_pa,1082,3,0.3965347808160371,0.02038377780285723,0.1810635208093305,0.18790538058162087,0.007473499797357866,0.007201380726240834,0.6342513584353469
C2D02_serpentine_kndvi_nperSample,C2D,topo+area,kndvi,serpentine,late,C2D-B,beta_pa,pcoa2_pa,1082,3,0.39555642773406846,0.023751408580667956,0.1812040840756108,0.18805125532175693,0.003920143777501867,0.0037774066513489852,0.6142068125787751
C2D01_reshape_savi,C2D,topo+area,savi,reshape,late,C2D-B,beta_pa,pcoa2_pa,1082,3,0.39443886665902067,0.014628427702100507,0.18138629180697338,0.18824034814925505,0.0049623958231009,0.004781709052710587,0.6328548589870661
MLP01_lsp_nbr,MLP,lsp,nbr,tabular,late,MLP-B,beta_pa,pcoa2_pa,1082,3,0.39429068605372414,0.018231037637340384,0.1814034691054137,0.18825817452745844,0.002692520995639267,0.002594483084063289,0.6405638698763059
MLP01_lsp_ndvi,MLP,lsp,ndvi,tabular,late,MLP-B,beta_pa,pcoa2_pa,1082,3,0.3935921181150099,0.021723608073590323,0.18150221401058952,0.1883606507131895,0.005213356692734701,0.0050235321367575565,0.6374480702964705
C2D10_stack5,C2D,topo+area,,stack5,late,C2D-B,beta_pa,pcoa2_pa,1082,3,0.39183356480137865,0.01850969704392498,0.18177092856318633,0.1886395192011534,0.004518414818602567,0.004353893927895613,0.6295650812233508
C2D02_serpentine_kndvi_wA,C2D,topo+area,kndvi,serpentine,late,C2D-A,beta_pa,pcoa2_pa,1082,3,0.3910645874946123,0.012507444345592054,0.18189332411283407,0.1887665397198932,0.0006891071852198,0.0006640159679552488,0.6172042005363768
C2D01_reshape_evi,C2D,topo+area,evi,reshape,late,C2D-B,beta_pa,pcoa2_pa,1082,3,0.3896475195719888,0.024871349445337577,0.18208634575435842,0.1889668550835236,0.0038639658133053996,0.003723274194056763,0.6400915910486634
MLP01_lsp_savi,MLP,lsp,savi,tabular,late,MLP-B,beta_pa,pcoa2_pa,1082,3,0.38537726503282915,0.022551887503603166,0.18272669543311681,0.18963140169984136,0.0026802844386864997,0.0025826920747925946,0.6404254322440057
MLP01_lsp_evi,MLP,lsp,evi,tabular,late,MLP-B,beta_pa,pcoa2_pa,1082,3,0.3837349098270255,0.014776092071878908,0.182982389408861,0.18989675760151536,0.005438772139486334,0.005240739937339565,0.6398681466061874
C2D11_pxcube_kndvi,C2D,topo+area,kndvi,pxcube,late,C2D-B,beta_pa,pcoa2_pa,1082,3,0.3784420097263758,0.022925270631091364,0.18375472413076452,0.19069827658892372,-0.001209983468827566,-0.0011659265227471321,0.6245690759434552
C1D01_curve1d_evi,C1D,topo+area,evi,curve1d,late,C1D-B,beta_pa,pcoa2_pa,1082,3,0.37219727842135536,0.005705720209792009,0.1846949621421602,0.19167404343902636,0.0017483802631786335,0.0016847196455194557,0.6202973353175479
C2D06_cwt_kndvi,C2D,topo+area,kndvi,cwt,late,C2D-B,beta_pa,pcoa2_pa,1082,3,0.3718074583342028,0.01886174477746068,0.18473973634229113,0.19172050952495148,-0.005138913159028834,-0.004951799181200082,0.6084958307033232
C1D01_curve1d_ndvi_v2,C1D,topo+area,ndvi,curve1d,late,C1D-B,beta_pa,pcoa2_pa,1082,3,0.3709135825057064,0.018016822364967017,0.18487242847117158,0.19185821570047498,0.001177956172279267,0.001135065378393042,0.6160225727184856
C1D01_curve1d_savi,C1D,topo+area,savi,curve1d,late,C1D-B,beta_pa,pcoa2_pa,1082,3,0.36807206646312274,0.02512272143787584,0.18527785459289622,0.19227896168707612,0.004203188712027734,0.0040501455810904845,0.6126777363090709
C1D01_curve1d_nbr_v2,C1D,topo+area,nbr,curve1d,late,C1D-B,beta_pa,pcoa2_pa,1082,3,0.3669349547382655,0.03177254481555845,0.18542960515206372,0.19243644645510882,-0.0012625468919096334,-0.0012165760486924299,0.6212591169567149
C1D01_curve1d_kndvi_v2,C1D,topo+area,kndvi,curve1d,late,C1D-B,beta_pa,pcoa2_pa,1082,3,0.36204505309541885,0.018521228509869963,0.18617059407697834,0.19320543517973143,0.002933096460842267,0.002826298908682941,0.6053313637773353
C1D01_curve1d_savi_v2,C1D,topo+area,savi,curve1d,late,C1D-B,beta_pa,pcoa2_pa,1082,3,0.35789018595497907,0.03275456512579232,0.18674893225418998,0.19380562706160842,0.0014758875428482001,0.001422148711226763,0.6186740273343696
C1D01_curve1d_evi_v2,C1D,topo+area,evi,curve1d,late,C1D-B,beta_pa,pcoa2_pa,1082,3,0.3536600421479397,0.01415128048854572,0.18739564580029144,0.19447677801716434,0.0027296140155655666,0.0026302255027450586,0.6086937620505982
B01_topo-area,BASE,topo+area,,,none,RF,beta_pa,pcoa2_pa,1082,3,0.31516066671147724,0.0013558463089081729,0.1929037433349422,0.20019301041396584,-0.0010161263605973664,-0.0009791279838153092,0.5428023890927282
C2D08_cos2d_kndvi,C2D,topo+area,kndvi,cos2d,late,C2D-B,beta_pa,pcoa2_pa,1082,3,0.23595445901305911,0.02574106650118023,0.20373477900587367,0.21143331917821806,-3.6485855678666684e-06,-3.515736201099446e-06,0.47391515189868055
C2D03_gaf_kndvi,C2D,topo+area,kndvi,gaf,late,C2D-B,beta_pa,pcoa2_pa,1082,3,0.21455431090899355,0.0053248933717981,0.20658694168096955,0.21439325672140194,0.005040314078698667,0.004856790211377697,0.4573049222385095
C2D04_mtf_kndvi,C2D,topo+area,kndvi,mtf,late,C2D-B,beta_pa,pcoa2_pa,1082,3,0.1934158770208774,0.01537372236534243,0.2093428202484152,0.21725327186270652,0.001027053754024133,0.0009896574977706577,0.4425071643973338
B02_area,BASE,area,,,none,RF,beta_pa,pcoa2_pa,1082,3,0.17287258221686067,0.0012903522384676578,0.21199839336755963,0.22000919130680385,0.0017330144895799336,0.0016699133581256221,0.4098396274736554
C2D05_ndi_kndvi,C2D,topo+area,kndvi,ndi,late,C2D-B,beta_pa,pcoa2_pa,1082,3,0.1556152088860482,0.020859098647327785,0.21418767150133844,0.22228119584470263,0.0024704356318074,0.0023804841140968465,0.347788011961965
C2D02_serpentine_kndvi_nglobal,C2D,topo+area,kndvi,serpentine,late,C2D-B,beta_pa,pcoa2_pa,1082,3,0.12840252517733527,0.05950559062598808,0.21753729485216625,0.22575739164454678,-0.0008247111952516334,-0.000794682473705267,0.3952846671871324
C2D07_hilbert_kndvi_nglobal,C2D,topo+area,kndvi,hilbert,late,C2D-B,beta_pa,pcoa2_pa,1082,3,0.12521899833782624,0.0544787430519194,0.217948541993765,0.2261841786103023,-0.0023118145009462334,-0.002227638568431356,0.38454197733861584
B00_area,BASE,area,,,none,mean,beta_pa,pcoa2_pa,1082,3,-0.010850030325377,0.007477016358952516,0.23436234280933851,0.24321820885148557,0.006907056313758232,0.006655562127738802,-0.012418739405680133
MLP06_curve_kndvi,MLP,curve,kndvi,tabular,late,MLP-B,dark,dark_n,1082,5,0.4142288840713733,0.015969791710786094,0.18331080280401174,23.71675166678305,-0.9558161897186993,-0.007387665711228154,0.6645734468573425
MLP07_curve_all,MLP,curve_all,,tabular,late,MLP-A,dark,dark_n,1082,5,0.3941675199001432,0.01287567450528193,0.18642866419695595,24.12014057380217,-0.9641751408348942,-0.007452273464483641,0.6535591853932253
RF06_curve_all-topo-area,RF,curve_all+topo+area,,,none,RF,dark,dark_n,1082,3,0.3935640194697812,0.004436061013903883,0.18652905089282198,24.13312860451332,-0.7411581700222506,-0.00572853740935423,0.6412865798802092
RF02_lsp-qc-topo-area_ndvi,RF,lsp+qc+topo+area,ndvi,,none,RF,dark,dark_n,1082,3,0.3911282628174589,0.0037676988679499436,0.18690350978107265,24.181576095475197,-0.8967072531810155,-0.006930802698879386,0.643371180182775
RF01_lsp-topo-area_ndvi,RF,lsp+topo+area,ndvi,,none,RF,dark,dark_n,1082,3,0.39050200155168097,0.004652776602811649,0.18699929426606743,24.193968692143823,-0.7805736268647919,-0.006033186171470022,0.6415198483847065
RF05_lsp_all-topo-area,RF,lsp_all+topo+area,,,none,RF,dark,dark_n,1082,3,0.3901708733122931,0.0034083313772307142,0.18705050476495458,24.200594306489837,-0.9540083543439577,-0.007373692644488772,0.6405648129218863
RF01_lsp-topo-area_kndvi,RF,lsp+topo+area,kndvi,,none,RF,dark,dark_n,1082,3,0.38831869600477287,0.0019084863412843034,0.1873346802547734,24.2373609313626,-0.7739717079762952,-0.005982158818799619,0.640423167287311
RF02_lsp-qc-topo-area_kndvi,RF,lsp+qc+topo+area,kndvi,,none,RF,dark,dark_n,1082,3,0.3875377450473568,0.00863698822478066,0.1874512792742654,24.252446512504473,-0.877046586184472,-0.006778842063568337,0.6410882131455637
RF04_lsp-curve-topo-area_ndvi,RF,lsp+curve+topo+area,ndvi,,none,RF,dark,dark_n,1082,3,0.38521398548477365,0.004428984446072356,0.18780884438218692,24.298708286167365,-0.940824102168265,-0.007271789319587759,0.6401535506020138
MLP05c_curve_kndvi,MLP,curve,kndvi,tabular,late,MLP-C,dark,dark_n,1082,3,0.3832887430940768,0.013494967621354244,0.18809596837474174,24.3358563883241,-1.409949305881046,-0.010897737717429627,0.6404221993288927
RF04_lsp-curve-topo-area_kndvi,RF,lsp+curve+topo+area,kndvi,,none,RF,dark,dark_n,1082,3,0.38301827081992695,0.007743653938298291,0.18814226405521786,24.341846123464105,-0.9571783491338213,-0.007398194072761019,0.6375706648859544
B03_coords,BASE,coords,,,none,RF,dark,dark_n,1082,3,0.38205163817951876,0.0013916490750170176,0.1882919884207809,24.361217461880646,1.013775725104831,0.007835644806808087,0.6386997025808413
C2D02_serpentine_kndvi_ctxclim-topo-area,C2D,clim+topo+area,kndvi,serpentine,late,C2D-B,dark,dark_n,1082,5,0.38047051806593074,0.015284210347900638,0.18852129036605397,24.39088454756008,-1.0114028899674299,-0.007817304760916905,0.6475433734058418
MLP02_curve_kndvi,MLP,curve,kndvi,tabular,late,MLP-B,dark,dark_n,1082,3,0.3799697629128474,0.00768768860637252,0.18860656046858618,24.4019167934257,-1.406476006890532,-0.010870891999463063,0.639210591723179
C2D01_reshape_kndvi_ctxclim-topo-area,C2D,clim+topo+area,kndvi,reshape,late,C2D-B,dark,dark_n,1082,5,0.37951348819958064,0.009958770248989062,0.1886734993274549,24.410577342986134,-0.907156787250645,-0.007011568922945155,0.6475621763336388
C2D07_hilbert_kndvi_wX,C2D,topo+area,kndvi,hilbert,late,C2D-X,dark,dark_n,1082,3,0.3786425352465388,0.018462752383207104,0.18879673877340308,24.426522062502908,-1.1186131999006974,-0.008645951460045575,0.6381489560892993
C2D07_hilbert_kndvi_wC,C2D,topo+area,kndvi,hilbert,late,C2D-C,dark,dark_n,1082,3,0.3768569227479417,0.01552588719044196,0.18907209545544004,24.462147710024848,-1.4450418978677926,-0.011168974322675775,0.6410676460029894
RF03_curve-topo-area_evi,RF,curve+topo+area,evi,,none,RF,dark,dark_n,1082,3,0.37682529274942106,0.003227820714958449,0.18908621566370098,24.463974582569637,-0.7705555437346754,-0.005955754705013719,0.631769739035808
RF08_lsp-curve-topo_kndvi,RF,lsp+curve+topo,kndvi,,none,RF,dark,dark_n,1082,3,0.37609916053954145,0.005126482964421953,0.1891957034395413,24.47814011100787,-1.073420403658563,-0.008296648660214581,0.6324998481219021
RF03_curve-topo-area_nbr,RF,curve+topo+area,nbr,,none,RF,dark,dark_n,1082,3,0.37492749915799406,0.004127313939735745,0.18937365006739235,24.501162845719236,-0.941309122199604,-0.007275538121808652,0.6236803099947562
RF03_curve-topo-area_savi,RF,curve+topo+area,savi,,none,RF,dark,dark_n,1082,3,0.37446950668214485,0.004445502649608233,0.1894429072815329,24.510123344084747,-0.9842082543431329,-0.007607112802157459,0.6283918610176561
RF08_lsp-curve-topo_ndvi,RF,lsp+curve+topo,ndvi,,none,RF,dark,dark_n,1082,3,0.3744269349247438,0.006292038127186554,0.1894485489806895,24.510853267121615,-1.0061032036441002,-0.007776342584975264,0.6319161123498358
RF04_lsp-curve-topo-area_savi,RF,lsp+curve+topo+area,savi,,none,RF,dark,dark_n,1082,3,0.3742341190138543,0.0038790158922113707,0.18947873734197143,24.514759037304277,-1.164917545758905,-0.009003845615697205,0.6270001973556304
RF03_curve-topo-area_kndvi,RF,curve+topo+area,kndvi,,none,RF,dark,dark_n,1082,3,0.37307560243399057,0.0061040096039144945,0.18965316019462863,24.53732586598107,-1.0739440480729605,-0.008300695996853917,0.6297329792490637
RF04_lsp-curve-topo-area_evi,RF,lsp+curve+topo+area,evi,,none,RF,dark,dark_n,1082,3,0.37263750998496503,0.0028209445868595338,0.18972059413659892,24.54605046939318,-1.0498245898216418,-0.008114272606443354,0.6273080712946927
MLP02_curve_savi,MLP,curve,savi,tabular,late,MLP-B,dark,dark_n,1082,3,0.37233951817384897,0.015026747110104554,0.18975692439207426,24.550750877846585,-1.0701819514414408,-0.008271618112857008,0.6270563342067367
RF03_curve-topo-area_kndvi_v2,RF,curve+topo+area,kndvi,,none,RF,dark,dark_n,1082,3,0.371363095480741,0.0041246829033838,0.189912833731239,24.57092242814771,-0.9834631390959445,-0.007601353679826433,0.6281741019545689
RF04_lsp-curve-topo-area_nbr,RF,lsp+curve+topo+area,nbr,,none,RF,dark,dark_n,1082,3,0.3698184877751625,0.005845369131880556,0.19014532338624138,24.60100193971193,-0.9774531350531542,-0.007554901337557224,0.6203471001784581
C1D01_curve1d_kndvi_ctxclim-topo-area,C1D,clim+topo+area,kndvi,curve1d,late,C1D-B,dark,dark_n,1082,5,0.36778175351544523,0.012900660223799303,0.19044581224218474,24.639879187893875,-1.2499388301249543,-0.00966098956658644,0.636132509994635
RF08_lsp-curve-topo_savi,RF,lsp+curve+topo,savi,,none,RF,dark,dark_n,1082,3,0.3676647426347997,0.002393628796533762,0.19047111006844006,24.643152220654787,-1.2523543487865885,-0.009679659520687802,0.6222232136068958
RF01_lsp-topo-area_savi,RF,lsp+topo+area,savi,,none,RF,dark,dark_n,1082,3,0.3663253507883908,0.003440328586138164,0.19067248754237864,24.669206438232962,-0.97086020738766,-0.0075039434795769015,0.618325783512971
RF03_curve-topo-area_ndvi_v2,RF,curve+topo+area,ndvi,,none,RF,dark,dark_n,1082,3,0.3652387273326019,0.0015335699858809065,0.1908362758435026,24.69039736863238,-0.9151254343720184,-0.007073159950317033,0.6225983803941691
RF03_curve-topo-area_ndvi,RF,curve+topo+area,ndvi,,none,RF,dark,dark_n,1082,3,0.3651927831362602,0.004695017655729074,0.19084240637274888,24.69119053650627,-0.9784081749613724,-0.007562283003256856,0.6217242207784408
C2D02_serpentine_kndvi_wC,C2D,topo+area,kndvi,serpentine,late,C2D-C,dark,dark_n,1082,3,0.3651761029810188,0.005889384836052315,0.19084441220144843,24.691450050623413,-1.5173330940362717,-0.011727725259207537,0.6320222198569043
RF08_lsp-curve-topo_evi,RF,lsp+curve+topo,evi,,none,RF,dark,dark_n,1082,3,0.36500812266330795,0.0027579524358952766,0.19087073034164456,24.694855091601983,-1.1281380755728687,-0.00871957084226981,0.6209966760715822
RF08_lsp-curve-topo_nbr,RF,lsp+curve+topo,nbr,,none,RF,dark,dark_n,1082,3,0.36468642306989113,0.0040507281440495015,0.190918725752547,24.701064737864545,-1.0664189709345253,-0.00824253339723701,0.6174283976323579
RF01_lsp-topo-area_nbr,RF,lsp+topo+area,nbr,,none,RF,dark,dark_n,1082,3,0.3634800652929278,0.004566229956910108,0.19109972900577835,24.72448293876762,-1.0239630550460914,-0.007914384410620583,0.6178796889015018
MLP02_curve_ndvi,MLP,curve,ndvi,tabular,late,MLP-B,dark,dark_n,1082,3,0.36324581725210203,0.005960771146547405,0.19113431537156375,24.728957722772936,-1.1368499370379976,-0.008786906299567143,0.6224007052839725
RF02_lsp-qc-topo-area_savi,RF,lsp+qc+topo+area,savi,,none,RF,dark,dark_n,1082,3,0.3631588813218847,0.005154112406525705,0.19114771623163565,24.73069152604904,-1.102206889498203,-0.008519144299723313,0.6150209713544122
MLP05a_curve_kndvi,MLP,curve,kndvi,tabular,late,MLP-A,dark,dark_n,1082,3,0.3618905093160458,0.007305074930283897,0.19133691937215005,24.755170628368784,-1.3232420254864483,-0.010227562416806679,0.6238713894078677
RF02_lsp-qc-topo-area_nbr,RF,lsp+qc+topo+area,nbr,,none,RF,dark,dark_n,1082,3,0.36103443959851367,0.003721650978886397,0.19146677871562004,24.771971830226942,-0.9713486821869605,-0.007507718984286287,0.6154909980666766
RF03_curve-topo-area_savi_v2,RF,curve+topo+area,savi,,none,RF,dark,dark_n,1082,3,0.3576317108944454,0.0045236870450433035,0.19197566811222422,24.837811940359586,-0.8498263156728069,-0.006568451968409384,0.6153281299832568
RF03_curve-topo-area_nbr_v2,RF,curve+topo+area,nbr,,none,RF,dark,dark_n,1082,3,0.35754314502454587,0.0027127049968483836,0.19198940886622332,24.839589719111988,-1.0064195177136215,-0.007778787430156292,0.6105702653870972
RF02_lsp-qc-topo-area_evi,RF,lsp+qc+topo+area,evi,,none,RF,dark,dark_n,1082,3,0.356763711622508,0.004224874976985082,0.1921054299908822,24.854600532220356,-1.107450053976138,-0.008559669608719565,0.6114883952640252
MLP03_lsp-curve-qc_kndvi,MLP,lsp+curve+qc,kndvi,tabular,late,MLP-B,dark,dark_n,1082,3,0.3559851908532828,0.016393858646712983,0.19221200775029038,24.868389562732588,-1.945260422338653,-0.015035248279012613,0.6262251990005073
RF01_lsp-topo-area_evi,RF,lsp+topo+area,evi,,none,RF,dark,dark_n,1082,3,0.35572413052268564,0.0045749372084835545,0.1922604898234963,24.874662173363973,-1.1245456862293377,-0.008691804654732856,0.6130513165087796
RF03_curve-topo-area_evi_v2,RF,curve+topo+area,evi,,none,RF,dark,dark_n,1082,3,0.35561935919719323,0.0015228539141883659,0.19227683860094644,24.876777378190468,-0.8180012947603218,-0.006322470975114556,0.6161572203181132
C2D02_serpentine_kndvi_wX,C2D,topo+area,kndvi,serpentine,late,C2D-X,dark,dark_n,1082,3,0.3550908011747924,0.004123998959073864,0.19235511491575227,24.886904767800036,-0.9763167454650886,-0.0075461179893730745,0.6187027519977243
MLP04_curve_all,MLP,curve_all,,tabular,late,MLP-A,dark,dark_n,1082,3,0.3546645747843485,0.022779059314953,0.19239950312893672,24.892647714821848,-1.5651922296148255,-0.012097636648746517,0.6224253700645493
MLP02_curve_nbr,MLP,curve,nbr,tabular,late,MLP-B,dark,dark_n,1082,3,0.35184754877585606,0.012130467656701656,0.19283323020266174,24.948763323620394,-1.5733336925062151,-0.012160563398564028,0.6144047308122966
C2D07_hilbert_ndvi,C2D,topo+area,ndvi,hilbert,late,C2D-B,dark,dark_n,1082,3,0.3513879977135262,0.012800160586389442,0.19290091055466438,24.957519807562495,-1.6630607553771943,-0.012854079110969184,0.6213942890724211
C2D02_serpentine_kndvi_calendar,C2D,topo+area,kndvi,serpentine,late,C2D-B,dark,dark_n,1082,3,0.3481018900839438,0.0056492663647796475,0.19339403487015763,25.02132023150101,-1.6345618639171693,-0.01263380633727909,0.6220281897237537
C2D07_hilbert_kndvi_nperSample,C2D,topo+area,kndvi,hilbert,late,C2D-B,dark,dark_n,1082,3,0.344621771762842,0.010486241542695486,0.19390661851997837,25.08763830411482,-1.8263474620857736,-0.014116149807433703,0.6166820622155847
MLP02_curve_evi,MLP,curve,evi,tabular,late,MLP-B,dark,dark_n,1082,3,0.34333612929272395,0.01181879707392535,0.1940956577196652,25.112096195770295,-1.1147591689420995,-0.008616163000016221,0.6053453190092609
C2D07_hilbert_kndvi,C2D,topo+area,kndvi,hilbert,late,C2D-B,dark,dark_n,1082,3,0.3423568928614473,0.019081871772596726,0.19423186990927255,25.1297193288617,-2.083759924185688,-0.01610573445807456,0.6232014753346009
C2D02_serpentine_kndvi_noaug,C2D,topo+area,kndvi,serpentine,late,C2D-B,dark,dark_n,1082,3,0.3415717507663539,0.029915480800048237,0.19432840367160786,25.142208867032647,-1.5826931760577405,-0.01223290443698979,0.6120939487872583
C2D07_hilbert_kndvi_calendar,C2D,topo+area,kndvi,hilbert,late,C2D-B,dark,dark_n,1082,3,0.3400577912855171,0.009484927680635495,0.19458142447142754,25.174944698113308,-2.014785281221612,-0.015572617724699417,0.6152909891187277
C2D02_serpentine_kndvi_nperSample,C2D,topo+area,kndvi,serpentine,late,C2D-B,dark,dark_n,1082,3,0.33994782856106326,0.026890516907691047,0.19457417905945384,25.174007286712154,-1.8887951353951757,-0.014598818483499571,0.6130783972377739
C2D07_hilbert_savi,C2D,topo+area,savi,hilbert,late,C2D-B,dark,dark_n,1082,3,0.33965954499170675,0.003869253074411612,0.19464293451179218,25.18290286713569,-1.2944005619497834,-0.01000464184533763,0.612311958919495
C2D02_serpentine_kndvi_mixup,C2D,topo+area,kndvi,serpentine,late,C2D-B,dark,dark_n,1082,3,0.3381122288768023,0.012808659389414676,0.19486529089957125,25.211671336586548,-1.7432208737540016,-0.013473650284077912,0.6123002518335029
C2D01_reshape_savi,C2D,topo+area,savi,reshape,late,C2D-B,dark,dark_n,1082,3,0.3348321992719228,0.021950637378442727,0.19533604920038286,25.272578045545547,-1.8002325888911637,-0.013914303515931079,0.6068523339443921
C2D02_serpentine_kndvi_film,C2D,topo+area,kndvi,serpentine,film,C2D-B,dark,dark_n,1082,3,0.3332273870530502,0.007460005324394966,0.19558712910826412,25.305062764027223,-1.479759479267736,-0.011437312407387039,0.6019990280132476
C2D02_serpentine_kndvi_v2,C2D,topo+area,kndvi,serpentine,late,C2D-B,dark,dark_n,1082,3,0.3330764683521366,0.014754295646461312,0.1956033578693179,25.307162441132366,-1.9475762462735562,-0.015053147675634218,0.6072626646240252
C2D02_serpentine_kndvi,C2D,topo+area,kndvi,serpentine,late,C2D-B,dark,dark_n,1082,3,0.33133200351246217,0.013204062087592464,0.19586061115351294,25.34044587104152,-1.6413369590200464,-0.012686172198330849,0.6079771537351215
C2D01_reshape_kndvi_v2,C2D,topo+area,kndvi,reshape,late,C2D-B,dark,dark_n,1082,3,0.3304454223267838,0.008416215912261006,0.1959941958369591,25.357729057385782,-1.7572948102075208,-0.01358243012990818,0.6088682676241567
C2D02_serpentine_savi,C2D,topo+area,savi,serpentine,late,C2D-B,dark,dark_n,1082,3,0.3294403146501927,0.0095193577822996,0.19614054920744928,25.376664256459804,-1.9621451889569146,-0.015165753508710106,0.6043391412344487
MLP01_lsp_kndvi,MLP,lsp,kndvi,tabular,late,MLP-B,dark,dark_n,1082,3,0.3267348727002487,0.007949312635893093,0.1965368294913538,25.427934999591375,-1.8366196664695946,-0.01419554542023182,0.5975409718814813
C2D02_serpentine_kndvi_none,C2D,topo+area,kndvi,serpentine,none,C2D-B,dark,dark_n,1082,3,0.32581611715701725,0.00987813139520359,0.196669651655606,25.44511953120232,-1.7489635485211943,-0.013518036392960217,0.6066813242727102
C2D07_hilbert_kndvi_v2,C2D,topo+area,kndvi,hilbert,late,C2D-B,dark,dark_n,1082,3,0.3244424772097289,0.007463950448768751,0.19687141838118274,25.471224110157436,-1.6703881562185854,-0.012910713836903573,0.6038463430240605
C2D07_hilbert_evi,C2D,topo+area,evi,hilbert,late,C2D-B,dark,dark_n,1082,3,0.3241050355872388,0.010534394611878816,0.1969186156533682,25.4773304932328,-1.3549033940786368,-0.0104722785135155,0.6008883978962131
C2D02_serpentine_kndvi_patchctx,C2D,topo+area,kndvi,serpentine,patchctx,C2D-B,dark,dark_n,1082,3,0.32364340011942644,0.008746583758203709,0.19698708976046145,25.486189673208518,-1.6069150138868966,-0.012420119136550438,0.5983384732960152
MLP01_lsp_nbr,MLP,lsp,nbr,tabular,late,MLP-B,dark,dark_n,1082,3,0.3230681662738008,0.020014918574708846,0.19705925493787269,25.495526403861984,-1.1341877233085305,-0.008766329597376178,0.5897058000941857
C2D02_serpentine_ndvi,C2D,topo+area,ndvi,serpentine,late,C2D-B,dark,dark_n,1082,3,0.32300580678527196,0.02564634402200391,0.1970591109990207,25.49550778105331,-1.6792151491256349,-0.012978939164674866,0.6015401718286818
C2D07_hilbert_kndvi_film,C2D,topo+area,kndvi,hilbert,film,C2D-B,dark,dark_n,1082,3,0.3224370751520242,0.04471268021289376,0.19709254857860833,25.499833935100366,-1.3106509447128476,-0.010130243814444636,0.5954682934158779
C1D02_curve5,C1D,topo+area,,curve5,late,C1D-B,dark,dark_n,1082,3,0.3223753855506691,0.020243397231077417,0.19715967249950272,25.508518427985674,-1.7461762940195837,-0.013496493229398538,0.5973154959949191
C2D01_reshape_kndvi,C2D,topo+area,kndvi,reshape,late,C2D-B,dark,dark_n,1082,3,0.3214955953324224,0.00829020273224222,0.1972998941613323,25.52666030659319,-2.133385265513019,-0.016489297151901512,0.6015647939748746
MLP01_lsp_ndvi,MLP,lsp,ndvi,tabular,late,MLP-B,dark,dark_n,1082,3,0.32042278269077434,0.035253777179752005,0.1974145872579608,25.54149929943499,-1.7005577909743659,-0.013143900069364388,0.5920409942516001
C2D01_reshape_ndvi,C2D,topo+area,ndvi,reshape,late,C2D-B,dark,dark_n,1082,3,0.3190500654310679,0.013796952911514936,0.19765081771987555,25.57206279659751,-1.92864878844133,-0.014906854138516995,0.5953796960081573
C2D09_spectrogram_kndvi,C2D,topo+area,kndvi,spectrogram,late,C2D-B,dark,dark_n,1082,3,0.3176340205945121,0.01430233411481812,0.19785579899460493,25.598583273922003,-2.0013346491668695,-0.01546865550445871,0.5982771145224142
C2D07_hilbert_nbr,C2D,topo+area,nbr,hilbert,late,C2D-B,dark,dark_n,1082,3,0.3167395394784331,0.01130084842327556,0.19798815166933667,25.61570706297879,-1.762822296744447,-0.01362515301240104,0.5912169916198818
C2D01_reshape_evi,C2D,topo+area,evi,reshape,late,C2D-B,dark,dark_n,1082,3,0.31433090438146466,0.017969027012520723,0.19833002994689494,25.65993927452928,-1.8543061896918287,-0.014332247562929569,0.5892186833102068
C2D02_serpentine_kndvi_patch,C2D,topo+area,kndvi,serpentine,patch,C2D-B,dark,dark_n,1082,3,0.31325696948871,0.008621853679833157,0.19849399748061605,25.681153394042123,-1.5290341508641987,-0.011818164715289826,0.5942218361490037
C2D02_serpentine_evi,C2D,topo+area,evi,serpentine,late,C2D-B,dark,dark_n,1082,3,0.31073542600104614,0.02300120375704123,0.19884230808585338,25.726217820147724,-1.669137710689413,-0.012901048930973968,0.5873657598284749
MLP01_lsp_evi,MLP,lsp,evi,tabular,late,MLP-B,dark,dark_n,1082,3,0.3092426744751414,0.02617706646818393,0.19905228155624177,25.753384187746576,-1.6787412589856725,-0.012975276387275247,0.5825504635591815
C2D07_hilbert_kndvi_none,C2D,topo+area,kndvi,hilbert,none,C2D-B,dark,dark_n,1082,3,0.30836243912203654,0.04795834004595124,0.19912419934289316,25.76268891098353,-1.8139575657114981,-0.014020386193472694,0.5935920789281598
MLP01_lsp_savi,MLP,lsp,savi,tabular,late,MLP-B,dark,dark_n,1082,3,0.3065987885345656,0.02356626532222772,0.19943749794591834,25.80322348424293,-1.3736620818870824,-0.010617267598447068,0.5814759456999558
C2D07_hilbert_kndvi_patch,C2D,topo+area,kndvi,hilbert,patch,C2D-B,dark,dark_n,1082,3,0.30640484555169056,0.007432809538881579,0.19948249557003897,25.80904527685166,-1.6134765583353123,-0.012470834428314355,0.5852453340110741
C2D07_hilbert_kndvi_wA,C2D,topo+area,kndvi,hilbert,late,C2D-A,dark,dark_n,1082,3,0.30621422550910976,0.01981230483228163,0.1994982482673958,25.811083360835678,-1.7689170353380552,-0.01367226028240883,0.59638664278093
C2D01_reshape_nbr,C2D,topo+area,nbr,reshape,late,C2D-B,dark,dark_n,1082,3,0.3046614362096677,0.008531021671207029,0.19973246503013856,25.84138632559934,-1.6918489667055034,-0.013076588087072983,0.5831045431696594
C1D01_curve1d_nbr,C1D,topo+area,nbr,curve1d,late,C1D-B,dark,dark_n,1082,3,0.30439666925454417,0.0208164496971917,0.1997580534255771,25.84469695220118,-1.9370732604356362,-0.014971968313770562,0.5846520512951304
C2D07_hilbert_kndvi_patchctx,C2D,topo+area,kndvi,hilbert,patchctx,C2D-B,dark,dark_n,1082,3,0.301142688053924,0.004710301222654785,0.200238944897791,25.90691469087621,-1.9770973870105444,-0.015281321587652991,0.5808002826262973
C2D02_serpentine_nbr,C2D,topo+area,nbr,serpentine,late,C2D-B,dark,dark_n,1082,3,0.2966706238376904,0.020316419258148553,0.20086544292638184,25.987971005815297,-1.8391001054601113,-0.014214717154584252,0.5762746933113969
C2D02_serpentine_kndvi_wA,C2D,topo+area,kndvi,serpentine,late,C2D-A,dark,dark_n,1082,3,0.2930760009650005,0.02246240758901738,0.20137511397686514,26.053912246326828,-1.8928285481996092,-0.01462999341629006,0.5834960326097381
C2D06_cwt_kndvi,C2D,topo+area,kndvi,cwt,late,C2D-B,dark,dark_n,1082,3,0.29087343806496796,0.015089694157386167,0.20169796181726482,26.09568229991774,-2.237646560315566,-0.01729515041208506,0.5774689755667594
C1D01_curve1d_kndvi,C1D,topo+area,kndvi,curve1d,late,C1D-B,dark,dark_n,1082,3,0.28909988477164444,0.024342077810494345,0.20193784851104243,26.126718840358688,-2.038455719424038,-0.015755570562869355,0.5722575806067788
C1D01_curve1d_ndvi,C1D,topo+area,ndvi,curve1d,late,C1D-B,dark,dark_n,1082,3,0.28567590084486233,0.015529926847587009,0.20243541981150373,26.191094615212364,-1.9050484330216422,-0.014724442982081013,0.5651547885812797
C2D10_stack5,C2D,topo+area,,stack5,late,C2D-B,dark,dark_n,1082,3,0.2855330943135037,0.021652112009583807,0.20244825012848097,26.192754601622884,-2.1537346595002154,-0.016646581075129185,0.566287680482016
C1D01_curve1d_nbr_v2,C1D,topo+area,nbr,curve1d,late,C1D-B,dark,dark_n,1082,3,0.28337333864243575,0.007939662691046364,0.20276731829193215,26.23403564061019,-1.5493091664635619,-0.011974873755322005,0.5690708625333524
C2D11_pxcube_kndvi,C2D,topo+area,kndvi,pxcube,late,C2D-B,dark,dark_n,1082,3,0.2799986250565448,0.014799114092311189,0.20323915948786286,26.295082454539713,-1.8634130440014818,-0.014402635987026437,0.5621494261233467
C1D01_curve1d_ndvi_v2,C1D,topo+area,ndvi,curve1d,late,C1D-B,dark,dark_n,1082,3,0.2700924477141034,0.03109280650976435,0.20460847838161503,26.472244933013368,-2.0174542733936387,-0.0155932468186245,0.5580745927792153
C1D01_curve1d_evi,C1D,topo+area,evi,curve1d,late,C1D-B,dark,dark_n,1082,3,0.2692942033468721,0.019134856307804204,0.2047399195523493,26.489250791682974,-1.8023270120564725,-0.013930491668391337,0.5492832328216848
B01_topo-area,BASE,topo+area,,,none,RF,dark,dark_n,1082,3,0.2689590282657934,0.008447090254014102,0.20479623365908847,26.49653671081288,-0.44785298053095146,-0.0034615317709920483,0.5211481243788172
C1D01_curve1d_savi,C1D,topo+area,savi,curve1d,late,C1D-B,dark,dark_n,1082,3,0.2670975104091766,0.029348770777182332,0.20503196825718298,26.527036053114355,-1.6998836936763644,-0.013138689856827666,0.5462942940758375
C1D01_curve1d_savi_v2,C1D,topo+area,savi,curve1d,late,C1D-B,dark,dark_n,1082,3,0.26296988794059944,0.023657393765804367,0.2056182119510793,26.602884262230656,-1.6391756941887163,-0.012669467415278366,0.5477491008393806
C1D01_curve1d_kndvi_v2,C1D,topo+area,kndvi,curve1d,late,C1D-B,dark,dark_n,1082,3,0.26045017774855106,0.023319357763863072,0.20596969878975877,26.64835962941901,-2.332767330128568,-0.018030355001766626,0.5482022743376184
C1D01_curve1d_evi_v2,C1D,topo+area,evi,curve1d,late,C1D-B,dark,dark_n,1082,3,0.25491268892930147,0.015821570839506773,0.20674893686160856,26.74917745115493,-1.7450983637673183,-0.013488161723352274,0.5416190786013274
B02_area,BASE,area,,,none,RF,dark,dark_n,1082,3,0.22782463759967095,0.007322649399306715,0.21047991338720543,27.23189119403665,-0.2645585575772331,-0.0020448180366148777,0.4786244744930827
C2D08_cos2d_kndvi,C2D,topo+area,kndvi,cos2d,late,C2D-B,dark,dark_n,1082,3,0.22302309659746156,0.02148194680184,0.21112151853852903,27.314902068514908,-1.3951136435935536,-0.010783070363221152,0.5066799626082904
C2D04_mtf_kndvi,C2D,topo+area,kndvi,mtf,late,C2D-B,dark,dark_n,1082,3,0.20220766902700493,0.028191709983289525,0.21392228518810893,27.677265257637544,-1.5190294429298081,-0.011740836627993564,0.47781436408325834
C2D03_gaf_kndvi,C2D,topo+area,kndvi,gaf,late,C2D-B,dark,dark_n,1082,3,0.157005087546799,0.006523996976667868,0.21992076483130948,28.453348553874832,-1.9292773629152784,-0.014911712497412874,0.4477373758615854
C2D05_ndi_kndvi,C2D,topo+area,kndvi,ndi,late,C2D-B,dark,dark_n,1082,3,0.09703323240339796,0.00987060464388138,0.22760798396132806,29.447920964916637,-1.7488316897570313,-0.013517017234170895,0.32237698478837856
C2D07_hilbert_kndvi_nglobal,C2D,topo+area,kndvi,hilbert,late,C2D-B,dark,dark_n,1082,3,0.051281561981743363,0.02918732816905622,0.23328682198523812,30.182649028450125,-1.2406458052526637,-0.00958916219858296,0.28354290991662817
C2D02_serpentine_kndvi_nglobal,C2D,topo+area,kndvi,serpentine,late,C2D-B,dark,dark_n,1082,3,0.05082862620341557,0.007957999377937798,0.23335961999361765,30.192067634774265,-1.848603953125816,-0.014288174007774114,0.2846805895007645
B00_area,BASE,area,,,none,mean,dark,dark_n,1082,3,-0.0098589208638241,0.0074274173537410785,0.24070456661330608,31.142356828429556,-0.4489612215033922,-0.003470097553743948,-0.02978930250312517
C1D01_curve1d_kndvi_ctxclim-topo-area,C1D,clim+topo+area,kndvi,curve1d,late,C1D-B,phylo,mntd,969,5,0.21133019800428293,0.010944817858761306,0.1859878864917642,47.89118875100104,0.33227470445659313,0.0012904058476783079,0.4375451649520075
C2D02_serpentine_kndvi_ctxclim-topo-area,C2D,clim+topo+area,kndvi,serpentine,late,C2D-B,phylo,mntd,969,5,0.20602410943741695,0.0068324187603987655,0.18661469150498838,48.05258870970062,0.18874960361557772,0.000733018761241039,0.42680819484985094
MLP07_curve_all,MLP,curve_all,,tabular,late,MLP-A,phylo,mntd,969,5,0.20466056322777398,0.02586751052008626,0.18675638520099921,48.08907430921187,0.5522214230251027,0.0021445802040519733,0.44487639190934675
MLP06_curve_kndvi,MLP,curve,kndvi,tabular,late,MLP-B,phylo,mntd,969,5,0.19641676153984663,0.01862589094514107,0.18773150974767613,48.340165251754016,0.5594682533303655,0.002172723641026317,0.4269730947690554
RF03_curve-topo-area_ndvi_v2,RF,curve+topo+area,ndvi,,none,RF,phylo,mntd,969,3,0.19565044870494352,0.003733941540815899,0.18783089135644215,48.36575564623384,0.31083681071981,0.0012071506884115423,0.40228660381302306
C2D01_reshape_kndvi_ctxclim-topo-area,C2D,clim+topo+area,kndvi,reshape,late,C2D-B,phylo,mntd,969,5,0.1955754643508299,0.00565896791510774,0.1878390561461286,48.36785804919869,-0.25045225685813544,-0.0009726441780830385,0.4208449116870594
RF03_curve-topo-area_savi_v2,RF,curve+topo+area,savi,,none,RF,phylo,mntd,969,3,0.19499886642059452,0.005681915571584098,0.1879065103686545,48.38522726051655,0.06789064785726455,0.0002636568111344983,0.3828717278169487
C2D07_hilbert_evi,C2D,topo+area,evi,hilbert,late,C2D-B,phylo,mntd,969,3,0.19487287986437996,0.01369671685214294,0.18791744523252518,48.38804294727699,1.0730869145573294,0.004167388040797262,0.39227897318837623
RF03_curve-topo-area_kndvi_v2,RF,curve+topo+area,kndvi,,none,RF,phylo,mntd,969,3,0.1948467037079423,0.002683205564180937,0.18792487661665977,48.38995650104107,0.3031526413633692,0.0011773088228132628,0.396603221118292
C2D07_hilbert_kndvi_calendar,C2D,topo+area,kndvi,hilbert,late,C2D-B,phylo,mntd,969,3,0.19454556568693834,0.009373916482867712,0.18795806168854837,48.39850153357793,0.6989066531275551,0.0027142398144691994,0.40022227186039855
MLP02_curve_savi,MLP,curve,savi,tabular,late,MLP-B,phylo,mntd,969,3,0.19409409978547607,0.011374299694562707,0.18800972895720558,48.411805663014455,0.801625045220316,0.003113151955666899,0.40736607535652336
RF01_lsp-topo-area_ndvi,RF,lsp+topo+area,ndvi,,none,RF,phylo,mntd,969,3,0.19402492964423834,0.0043335405465765265,0.18802047590277182,48.41457296151071,0.5120324839211604,0.001988504398893925,0.3856137531943407
RF02_lsp-qc-topo-area_ndvi,RF,lsp+qc+topo+area,ndvi,,none,RF,phylo,mntd,969,3,0.19342943995620154,0.003950948657686981,0.18808999781289915,48.432474594692515,0.3414064347869619,0.0013258693905230767,0.37821205795588475
MLP04_curve_all,MLP,curve_all,,tabular,late,MLP-A,phylo,mntd,969,3,0.1922477920224703,0.012184360585927869,0.18822452680708834,48.467115310143015,0.3409650156537962,0.001324155116691592,0.4140474410618394
C1D01_curve1d_evi,C1D,topo+area,evi,curve1d,late,C1D-B,phylo,mntd,969,3,0.18871999479998747,0.014514444526108939,0.1886336792722815,48.572470547562574,0.16484290271715882,0.000640175862807142,0.38931132111292466
C2D02_serpentine_kndvi_wA,C2D,topo+area,kndvi,serpentine,late,C2D-A,phylo,mntd,969,3,0.18858702975759822,0.00756550707176773,0.18865278246917883,48.57738954968477,0.804777275583412,0.0031253938038702423,0.370338474904456
C2D02_serpentine_kndvi,C2D,topo+area,kndvi,serpentine,late,C2D-B,phylo,mntd,969,3,0.18851333321908592,0.005553498850214375,0.18866198104420362,48.57975814852774,0.1355159839091621,0.0005262832702725555,0.39376608442222305
RF01_lsp-topo-area_kndvi,RF,lsp+topo+area,kndvi,,none,RF,phylo,mntd,969,3,0.18841064096085072,0.003762278455926971,0.18867431536505183,48.58293419025282,0.46558876417739725,0.0018081378324912962,0.36635884833410354
C2D07_hilbert_savi,C2D,topo+area,savi,hilbert,late,C2D-B,phylo,mntd,969,3,0.18816439898233636,0.015415030806926541,0.1886976099952096,48.58893247084418,0.38415299545153964,0.001491877850119532,0.3790329371316919
MLP01_lsp_nbr,MLP,lsp,nbr,tabular,late,MLP-B,phylo,mntd,969,3,0.1880474873465178,0.012112682226175226,0.1887133546689954,48.59298666576151,0.6141631768299027,0.0023851341801841095,0.41407743537503494
RF02_lsp-qc-topo-area_kndvi,RF,lsp+qc+topo+area,kndvi,,none,RF,phylo,mntd,969,3,0.18725619130966806,0.003932983292198754,0.1888084273215687,48.61746752005439,0.14257284320629282,0.0005536889450986081,0.3594490796157726
B02_area,BASE,area,,,none,RF,phylo,mntd,969,3,0.186900121624318,0.00349294686201137,0.1888498600056693,48.62813628204825,0.32390695653238616,0.0012579092696708017,0.34700427395247574
C2D07_hilbert_kndvi_wA,C2D,topo+area,kndvi,hilbert,late,C2D-A,phylo,mntd,969,3,0.18672760644230693,0.00351878200508065,0.18886988958225523,48.63329382349341,0.33632824429020225,0.0013061479774129192,0.3707665923426138
C1D01_curve1d_savi_v2,C1D,topo+area,savi,curve1d,late,C1D-B,phylo,mntd,969,3,0.1863553435275791,0.004173959231092943,0.18891299130745956,48.64439235736136,0.8519617393402853,0.003308637087619483,0.37936221731780034
MLP02_curve_nbr,MLP,curve,nbr,tabular,late,MLP-B,phylo,mntd,969,3,0.18634672212132877,0.015547362958972842,0.18890865399670423,48.643275515980044,0.319160707226896,0.0012394769671927666,0.40286544240021493
C2D07_hilbert_kndvi_v2,C2D,topo+area,kndvi,hilbert,late,C2D-B,phylo,mntd,969,3,0.18632209462653093,0.0029688815687362465,0.1889170553246867,48.64543882667601,0.558603591698675,0.0021693656832557392,0.3829345323257294
C2D02_serpentine_kndvi_mixup,C2D,topo+area,kndvi,serpentine,late,C2D-B,phylo,mntd,969,3,0.1850131913119004,0.005187114525540144,0.18906851522241494,48.684439186791565,0.6439383928052566,0.0025007677577485437,0.3890328191338385
C2D02_serpentine_evi,C2D,topo+area,evi,serpentine,late,C2D-B,phylo,mntd,969,3,0.18446644297047865,0.009579586321477167,0.18913038540038216,48.700370527412595,0.6630896358965798,0.002575142592016376,0.3787186156338426
C1D01_curve1d_savi,C1D,topo+area,savi,curve1d,late,C1D-B,phylo,mntd,969,3,0.18415707239794396,0.007010102847983398,0.18916726955917076,48.70986806106271,0.0024323145488864086,9.446018234851467e-06,0.387579245696725
RF01_lsp-topo-area_savi,RF,lsp+topo+area,savi,,none,RF,phylo,mntd,969,3,0.1840792693726179,0.0038866309727960823,0.18917709414215547,48.712397854626126,0.17356290025375445,0.0006740404202412281,0.3751611098371997
MLP02_curve_evi,MLP,curve,evi,tabular,late,MLP-B,phylo,mntd,969,3,0.18402121478667735,0.0027291999283398974,0.18918400555187972,48.71417751691425,0.6257943691117138,0.0024303045116436327,0.4133319541429881
RF02_lsp-qc-topo-area_savi,RF,lsp+qc+topo+area,savi,,none,RF,phylo,mntd,969,3,0.183473964913066,0.002852153199456909,0.18924741877548779,48.73050618604646,0.3308406134959653,0.0012848364819189643,0.37681497802182196
C2D07_hilbert_kndvi,C2D,topo+area,kndvi,hilbert,late,C2D-B,phylo,mntd,969,3,0.1833151350371679,0.007182756896727713,0.1892647973381566,48.73498110127182,0.2414658275274819,0.0009377449191190218,0.39241891001344276
C2D01_reshape_nbr,C2D,topo+area,nbr,reshape,late,C2D-B,phylo,mntd,969,3,0.18278295544112907,0.002720734519485041,0.18932749760629042,48.75112618702217,1.6699329182735294,0.006485270091488921,0.39646145979487796
C1D01_curve1d_ndvi,C1D,topo+area,ndvi,curve1d,late,C1D-B,phylo,mntd,969,3,0.18248218612349895,0.0025911440655397118,0.1893623507832176,48.76010075039979,0.4015813937858212,0.0015595619284576774,0.37905160636598795
C1D01_curve1d_ndvi_v2,C1D,topo+area,ndvi,curve1d,late,C1D-B,phylo,mntd,969,3,0.18225455403807056,0.009899919558483735,0.18938654963202964,48.76633186393024,0.26554956071624103,0.0010312753315274037,0.3586423875632607
C2D11_pxcube_kndvi,C2D,topo+area,kndvi,pxcube,late,C2D-B,phylo,mntd,969,3,0.1811260800104533,0.006396468627486148,0.18951853981058275,48.800318843800795,0.47917628658750483,0.0018609056722886028,0.36521265890473703
C2D07_hilbert_ndvi,C2D,topo+area,ndvi,hilbert,late,C2D-B,phylo,mntd,969,3,0.1810460524810551,0.0090098568667688,0.18952685499542485,48.80245997295862,0.8431400637063909,0.00327437765808236,0.38389919296227754
RF04_lsp-curve-topo-area_ndvi,RF,lsp+curve+topo+area,ndvi,,none,RF,phylo,mntd,969,3,0.18095679808681675,0.004659050710408689,0.1895385795727247,48.80547900798873,0.3215372978624195,0.0012487065787535753,0.3858754961669188
C2D02_serpentine_kndvi_v2,C2D,topo+area,kndvi,serpentine,late,C2D-B,phylo,mntd,969,3,0.1807190367481495,0.012041712377161043,0.18956319766029583,48.811818073939726,1.1015060193256734,0.004277755090972889,0.3704536952723901
C2D01_reshape_ndvi,C2D,topo+area,ndvi,reshape,late,C2D-B,phylo,mntd,969,3,0.1806953270655157,0.01689343433921894,0.18956265774120237,48.81167904678208,1.3564496342310761,0.005267841688266534,0.37603766039270575
C2D02_serpentine_kndvi_noaug,C2D,topo+area,kndvi,serpentine,late,C2D-B,phylo,mntd,969,3,0.18053689367069348,0.009430907221172062,0.18958557398144638,48.81757989337856,0.5766462642656073,0.0022394353270650414,0.40480626240928247
MLP02_curve_ndvi,MLP,curve,ndvi,tabular,late,MLP-B,phylo,mntd,969,3,0.17954948123608241,0.021824469698803143,0.1896906870313925,48.84464611263679,0.0729789276201133,0.0002834174064267018,0.4024734983895358
RF03_curve-topo-area_kndvi,RF,curve+topo+area,kndvi,,none,RF,phylo,mntd,969,3,0.17871980411986765,0.0034176560264739054,0.18979747728334836,48.87214420517203,0.19098339117917448,0.0007416937897517109,0.3866025191909844
C2D09_spectrogram_kndvi,C2D,topo+area,kndvi,spectrogram,late,C2D-B,phylo,mntd,969,3,0.17863197404283815,0.005695235200030106,0.18980713804442662,48.87463181520408,1.1014639351320386,0.00427759165484961,0.3723680930282798
MLP01_lsp_ndvi,MLP,lsp,ndvi,tabular,late,MLP-B,phylo,mntd,969,3,0.17831799603101683,0.0024890696968182546,0.18984402961199145,48.88413125658651,1.157207421691235,0.004494074342400568,0.38900734869726855
C2D02_serpentine_kndvi_calendar,C2D,topo+area,kndvi,serpentine,late,C2D-B,phylo,mntd,969,3,0.17817909634505955,0.0090631461588322,0.18985829832549972,48.8878053972241,0.5286166819439624,0.0020529099820474103,0.3731347516303029
RF05_lsp_all-topo-area,RF,lsp_all+topo+area,,,none,RF,phylo,mntd,969,3,0.17778851309066113,0.002382790848749021,0.18990519874912656,48.899882081801685,0.036608362012472716,0.00014217045047734038,0.3475330193232044
MLP05c_curve_kndvi,MLP,curve,kndvi,tabular,late,MLP-C,phylo,mntd,969,3,0.17736117979058652,0.0016105683658685782,0.1899546149475655,48.91260656903273,0.49996351258336097,0.00194163393002923,0.408149868855678
C1D01_curve1d_evi_v2,C1D,topo+area,evi,curve1d,late,C1D-B,phylo,mntd,969,3,0.1770422142559842,0.00046612347257156097,0.18999149294444936,48.92210251601531,0.20951211676370227,0.0008136510453706838,0.3564787523421415
C2D06_cwt_kndvi,C2D,topo+area,kndvi,cwt,late,C2D-B,phylo,mntd,969,3,0.17633565078829108,0.005663210208160051,0.1900722912373183,48.94290777579612,-0.15728862932647317,-0.0006108384548505456,0.3587073726772953
C2D07_hilbert_nbr,C2D,topo+area,nbr,hilbert,late,C2D-B,phylo,mntd,969,3,0.17625724725750255,0.0061963081120088425,0.1900811892770978,48.945198987931654,0.8093043254385858,0.0031429748340464666,0.39100232773077814
C2D10_stack5,C2D,topo+area,,stack5,late,C2D-B,phylo,mntd,969,3,0.1758930532033267,0.011869444899054473,0.19012082086357496,48.95540397398898,0.5542138023927324,0.0021523177114586432,0.3581680289838509
C2D01_reshape_kndvi,C2D,topo+area,kndvi,reshape,late,C2D-B,phylo,mntd,969,3,0.17557525563975931,0.008264384808030248,0.1901591642634849,48.96527725679831,0.533635998942915,0.002072402756910883,0.36436641700370814
C2D02_serpentine_ndvi,C2D,topo+area,ndvi,serpentine,late,C2D-B,phylo,mntd,969,3,0.1755683639555721,0.0068660513323708676,0.19016045151218394,48.96560871854874,1.2575866392896886,0.004883902179539879,0.38745831442914397
C2D02_serpentine_nbr,C2D,topo+area,nbr,serpentine,late,C2D-B,phylo,mntd,969,3,0.17522171005916518,0.0030990251834920627,0.19020130302272772,48.976127830514145,0.441913134999675,0.0017161923129298251,0.38250398149037795
C1D01_curve1d_kndvi_v2,C1D,topo+area,kndvi,curve1d,late,C1D-B,phylo,mntd,969,3,0.17464704537550882,0.006201637961227777,0.1902668823961913,48.993014275174374,0.5955790090114091,0.0023129616118074746,0.3452762401641564
C2D01_reshape_kndvi_v2,C2D,topo+area,kndvi,reshape,late,C2D-B,phylo,mntd,969,3,0.17434722163385974,0.008274236403479974,0.19030073796159344,49.001731957296194,0.7746179484170357,0.0030082685108053318,0.3731111034938897
RF03_curve-topo-area_savi,RF,curve+topo+area,savi,,none,RF,phylo,mntd,969,3,0.1742026364622011,0.002077070135534044,0.19031889381321299,49.006407021534244,0.32497749839400053,0.0012620667738680329,0.3613739187778681
C2D02_serpentine_savi,C2D,topo+area,savi,serpentine,late,C2D-B,phylo,mntd,969,3,0.17338860790133115,0.004000465526492052,0.19041240306356677,49.030485305572675,1.0547125187349942,0.0040960301327209485,0.37237932798135726
C1D01_curve1d_kndvi,C1D,topo+area,kndvi,curve1d,late,C1D-B,phylo,mntd,969,3,0.17234998716800928,0.010660973472373022,0.19052972862707407,49.06069620163282,0.482085747999731,0.0018722047148265256,0.36255741150477433
RF04_lsp-curve-topo-area_kndvi,RF,lsp+curve+topo+area,kndvi,,none,RF,phylo,mntd,969,3,0.17228192272715073,0.004235295367333323,0.1905397802630203,49.06328446048902,0.08662503157836614,0.0003364127506692113,0.37198704764748886
RF03_curve-topo-area_ndvi,RF,curve+topo+area,ndvi,,none,RF,phylo,mntd,969,3,0.17227182801333543,0.0053096193816156,0.1905407058467308,49.06352279485056,0.5665127925868477,0.0022000814703429677,0.37905815037994056
MLP03_lsp-curve-qc_kndvi,MLP,lsp+curve+qc,kndvi,tabular,late,MLP-B,phylo,mntd,969,3,0.17222560494637662,0.01975217723590856,0.19053758099783566,49.06271815788694,0.6068961486565488,0.002356912303753655,0.397134187506673
C2D01_reshape_evi,C2D,topo+area,evi,reshape,late,C2D-B,phylo,mntd,969,3,0.1715239479747526,0.014792527202724023,0.1906223794078381,49.08455343294607,0.13291612474712813,0.0005161865839439494,0.3634603535387873
C2D07_hilbert_kndvi_nperSample,C2D,topo+area,kndvi,hilbert,late,C2D-B,phylo,mntd,969,3,0.17092037651553638,0.006685795635185132,0.19069581244208597,49.10346216603648,0.9283031960429856,0.003605113048106911,0.3957750659310025
RF04_lsp-curve-topo-area_savi,RF,lsp+curve+topo+area,savi,,none,RF,phylo,mntd,969,3,0.17077854320834207,0.004928014843448226,0.19071259583681852,49.10778382773274,0.09707758981599883,0.00037700579639954324,0.36031576469105714
C1D02_curve5,C1D,topo+area,,curve5,late,C1D-B,phylo,mntd,969,3,0.17049735728382132,0.01001762362840097,0.19074317758482384,49.115658514056044,0.8114309033716651,0.003151233508461292,0.3922733743964592
RF03_curve-topo-area_evi_v2,RF,curve+topo+area,evi,,none,RF,phylo,mntd,969,3,0.17015417184564777,0.0019828671926221983,0.19078485165241063,49.126389431399474,0.4170723210566427,0.0016197217386030758,0.3565927812906728
C2D07_hilbert_kndvi_film,C2D,topo+area,kndvi,hilbert,film,C2D-B,phylo,mntd,969,3,0.1701161138062052,0.017168237018796717,0.19078254641697093,49.12579584185104,1.1411528743535133,0.004431725684833317,0.3907282001513446
C1D01_curve1d_nbr,C1D,topo+area,nbr,curve1d,late,C1D-B,phylo,mntd,969,3,0.16774748888252136,0.013833747714243567,0.19105698792928805,49.196463510135295,1.1799507528193887,0.0045823992346954836,0.36802181483036506
C2D01_reshape_savi,C2D,topo+area,savi,reshape,late,C2D-B,phylo,mntd,969,3,0.16744855609954148,0.01799828603117823,0.19108830843724334,49.204528424396955,0.5175650372644838,0.0020099903534100596,0.35712149673169485
RF01_lsp-topo-area_evi,RF,lsp+topo+area,evi,,none,RF,phylo,mntd,969,3,0.16670669907730584,0.003999547456223413,0.19118045900035832,49.22825685152677,0.23874099773404298,0.0009271629029371633,0.35231744310561613
MLP05a_curve_kndvi,MLP,curve,kndvi,tabular,late,MLP-A,phylo,mntd,969,3,0.16662158775874694,0.023280460661332242,0.19117813517652826,49.22765847553699,1.362252863123319,0.005290378825152149,0.3684580677726003
C2D07_hilbert_kndvi_wX,C2D,topo+area,kndvi,hilbert,late,C2D-X,phylo,mntd,969,3,0.16586143826350805,0.005142806576605686,0.19127715746683857,49.253156346851405,0.3747395202411042,0.001455320136590341,0.41890574603637304
RF02_lsp-qc-topo-area_evi,RF,lsp+qc+topo+area,evi,,none,RF,phylo,mntd,969,3,0.16490840656995412,0.0040464202929090054,0.19138662902688952,49.281344866244574,0.3233590633084847,0.0012557814982499173,0.3468261778886916
RF08_lsp-curve-topo_ndvi,RF,lsp+curve+topo,ndvi,,none,RF,phylo,mntd,969,3,0.1648103211565731,0.0027646841210548245,0.19139806852548982,49.28429049457026,0.5578439757572544,0.002166415675808131,0.36115248183143556
MLP02_curve_kndvi,MLP,curve,kndvi,tabular,late,MLP-B,phylo,mntd,969,3,0.16452734426370486,0.02724842001945529,0.1914135924169941,49.28828783887156,0.850193447617985,0.003301769836070528,0.387055109087098
C2D02_serpentine_kndvi_nperSample,C2D,topo+area,kndvi,serpentine,late,C2D-B,phylo,mntd,969,3,0.16385391620810089,0.006907555956090193,0.19150671313226683,49.31226607657228,0.24292127497345892,0.0009433972238839858,0.385777483236412
RF03_curve-topo-area_evi,RF,curve+topo+area,evi,,none,RF,phylo,mntd,969,3,0.16362838945181005,0.0017180421813637386,0.1915335581223876,49.319178561644,0.4975141866640116,0.0019321218472651603,0.348257641922938
C2D02_serpentine_kndvi_wX,C2D,topo+area,kndvi,serpentine,late,C2D-X,phylo,mntd,969,3,0.16348705836337554,0.022821001402542944,0.19153783223690182,49.32027913022836,1.2831750332550793,0.004983276019205577,0.4055076105650355
RF08_lsp-curve-topo_kndvi,RF,lsp+curve+topo,kndvi,,none,RF,phylo,mntd,969,3,0.16320086992302832,0.005276666770878032,0.19158193742798316,49.331636052825935,-0.007467136333085082,-2.8999006726625226e-05,0.35381298220291413
C2D02_serpentine_kndvi_wC,C2D,topo+area,kndvi,serpentine,late,C2D-C,phylo,mntd,969,3,0.1625166458872145,0.009223112967772474,0.19165894342872092,49.35146481149328,0.29604615618207725,0.001149710423322167,0.38803208179020604
C2D07_hilbert_kndvi_wC,C2D,topo+area,kndvi,hilbert,late,C2D-C,phylo,mntd,969,3,0.16173611002037083,0.01791104834153972,0.19174283536240147,49.3730666722723,0.12141959572791332,0.0004715392241677648,0.38770259057778267
MLP01_lsp_kndvi,MLP,lsp,kndvi,tabular,late,MLP-B,phylo,mntd,969,3,0.16131266957556756,0.018074431485009628,0.1917911319639197,49.385502867462044,1.4047207285062848,0.005455304957336108,0.3850485873538016
C2D07_hilbert_kndvi_patchctx,C2D,topo+area,kndvi,hilbert,patchctx,C2D-B,phylo,mntd,969,3,0.15841846806697965,0.005340166350786925,0.19212860590383762,49.4724011513235,0.32198628939412893,0.0012504502603829795,0.3581142920120386
RF04_lsp-curve-topo-area_evi,RF,lsp+curve+topo+area,evi,,none,RF,phylo,mntd,969,3,0.1584170282095624,0.0009382067452444742,0.19212939389056052,49.47260405497271,0.35494871862935384,0.0013784615440236598,0.3421741797134505
MLP01_lsp_evi,MLP,lsp,evi,tabular,late,MLP-B,phylo,mntd,969,3,0.15727558378171416,0.02724264472428559,0.1922430129521553,49.50186054058147,0.9693079011106084,0.003764356922202348,0.3626504367404009
RF08_lsp-curve-topo_savi,RF,lsp+curve+topo,savi,,none,RF,phylo,mntd,969,3,0.1560439927401992,0.0005744296129240425,0.1924000920699824,49.54230782896459,0.2207663949879044,0.0008573576117662796,0.3464152239241454
RF01_lsp-topo-area_nbr,RF,lsp+topo+area,nbr,,none,RF,phylo,mntd,969,3,0.1553886627030501,0.00868894199246901,0.19247308810367073,49.5611040360369,-0.1450038167108589,-0.0005631297553190949,0.33630658203676767
MLP01_lsp_savi,MLP,lsp,savi,tabular,late,MLP-B,phylo,mntd,969,3,0.15448670115739346,0.017593280865674823,0.19257061251778726,49.5862162098047,0.9216692132669682,0.0035793496359279096,0.36198361776542304
C1D01_curve1d_nbr_v2,C1D,topo+area,nbr,curve1d,late,C1D-B,phylo,mntd,969,3,0.15377367640569675,0.004811308168719284,0.19265819352136027,49.60876799235481,0.8281790492523902,0.0032162757915252444,0.3181014495618966
RF02_lsp-qc-topo-area_nbr,RF,lsp+qc+topo+area,nbr,,none,RF,phylo,mntd,969,3,0.15244310374521855,0.0037093380788418197,0.1928098091938176,49.6478084638835,-0.33748343238916373,-0.0013106342096119875,0.3284560096464258
B01_topo-area,BASE,topo+area,,,none,RF,phylo,mntd,969,3,0.15116332871665397,0.0037163797299476476,0.19295532150273156,49.68527734200908,0.19376215821765286,0.0007524852739895874,0.35394120273905544
C2D02_serpentine_kndvi_patchctx,C2D,topo+area,kndvi,serpentine,patchctx,C2D-B,phylo,mntd,969,3,0.14978312317202414,0.011103003155408443,0.19310969239607215,49.72502727266362,0.29070783873825384,0.0011289787938785773,0.3490214143004667
C2D08_cos2d_kndvi,C2D,topo+area,kndvi,cos2d,late,C2D-B,phylo,mntd,969,3,0.14680933339962274,0.020877829222996344,0.19344018015874265,49.81012664187793,0.5185757369902344,0.0020139154576050613,0.3146593883486473
B03_coords,BASE,coords,,,none,RF,phylo,mntd,969,3,0.14434475510186007,0.00222708005333618,0.19372896182048574,49.88448684528277,0.6847082946518204,0.0026590997614986175,0.45238952693232454
C2D02_serpentine_kndvi_patch,C2D,topo+area,kndvi,serpentine,patch,C2D-B,phylo,mntd,969,3,0.14308770698880036,0.020757675479369183,0.1938618962024917,49.91871695402927,0.1907262532376627,0.0007406951813745573,0.34811761717024026
RF08_lsp-curve-topo_evi,RF,lsp+curve+topo,evi,,none,RF,phylo,mntd,969,3,0.1429690262930335,0.0019259318959443977,0.19388466658836592,49.92458024366821,0.2798434015213043,0.0010867861950185072,0.33175617984300504
C2D02_serpentine_kndvi_film,C2D,topo+area,kndvi,serpentine,film,C2D-B,phylo,mntd,969,3,0.14245116478747244,0.01632408184179069,0.19393743240463665,49.938167245027756,1.413992410101366,0.005491312008091507,0.3888273388542793
C2D07_hilbert_kndvi_patch,C2D,topo+area,kndvi,hilbert,patch,C2D-B,phylo,mntd,969,3,0.14139376322621308,0.01075471260319678,0.19406032096935008,49.96981059319973,0.5823801045761887,0.0022617029898368084,0.34099006270036264
C2D07_hilbert_kndvi_none,C2D,topo+area,kndvi,hilbert,none,C2D-B,phylo,mntd,969,3,0.13322485878318288,0.02202004426572342,0.19497341554527128,50.204929049072376,1.2477711401126845,0.004845783185328144,0.3220847009488456
RF06_curve_all-topo-area,RF,curve_all+topo+area,,,none,RF,phylo,mntd,969,3,0.12348507117802975,0.005885501793667359,0.19607553864212524,50.48872164575101,0.5065299983710724,0.001967135214194142,0.34707418216889346
RF04_lsp-curve-topo-area_nbr,RF,lsp+curve+topo+area,nbr,,none,RF,phylo,mntd,969,3,0.1234116106762727,0.006628735750954447,0.19608355648254813,50.49078620982726,0.09348150444093672,0.0003630402145045285,0.3126248374847128
RF03_curve-topo-area_nbr,RF,curve+topo+area,nbr,,none,RF,phylo,mntd,969,3,0.1232034802780171,0.006367412152575276,0.19610690434555164,50.496798197678324,0.5133595292230301,0.0019936580473501535,0.3345236866479209
C2D02_serpentine_kndvi_none,C2D,topo+area,kndvi,serpentine,none,C2D-B,phylo,mntd,969,3,0.11777307096426799,0.010585487179591745,0.19671175559640194,50.65254514425183,0.9454656672169578,0.0036717643846861507,0.31710746506034077
RF03_curve-topo-area_nbr_v2,RF,curve+topo+area,nbr,,none,RF,phylo,mntd,969,3,0.10878554835909916,0.002568774726007002,0.19771344231041763,50.910475746051624,0.4330796188944912,0.0016818869003154882,0.322767595292999
RF08_lsp-curve-topo_nbr,RF,lsp+curve+topo,nbr,,none,RF,phylo,mntd,969,3,0.10342721292253405,0.0030352719033134032,0.19830686534195818,51.063279968674806,0.22131273598041412,0.000859479355016984,0.29560441113805863
C2D03_gaf_kndvi,C2D,topo+area,kndvi,gaf,late,C2D-B,phylo,mntd,969,3,0.05498603880857627,0.012146154599931505,0.2035909641165713,52.42391574215103,0.38486360441627737,0.0014946375364610187,0.27469321568695937
C2D05_ndi_kndvi,C2D,topo+area,kndvi,ndi,late,C2D-B,phylo,mntd,969,3,0.031353847688844104,0.008876847504640217,0.2061222747563843,53.07571881344444,0.5669393810088282,0.0022017381483473188,0.20419408296269728
C2D04_mtf_kndvi,C2D,topo+area,kndvi,mtf,late,C2D-B,phylo,mntd,969,3,0.011889792960234333,0.009477529001736732,0.20818275047376764,53.606283644086936,0.7810541670470214,0.0030332638957855118,0.197226646907439
C2D07_hilbert_kndvi_nglobal,C2D,topo+area,kndvi,hilbert,late,C2D-B,phylo,mntd,969,3,-0.0009922958088413,0.012094793863540303,0.20953447214326315,53.95434694451857,0.533553154835191,0.0020720810275718184,0.09070582341764781
C2D02_serpentine_kndvi_nglobal,C2D,topo+area,kndvi,serpentine,late,C2D-B,phylo,mntd,969,3,-0.002767536663195067,0.010519057903698842,0.20972082126951577,54.0023311511639,0.44451903327133363,0.0017263124524502284,0.0772287421226307
B00_area,BASE,area,,,none,mean,phylo,mntd,969,3,-0.0063981169444861,0.0035617796117596596,0.21010183324281076,54.100440316624365,0.11201516116626549,0.00043501662046157956,-0.017891809258018667
RF04_lsp-curve-topo-area_ndvi,RF,lsp+curve+topo+area,ndvi,,none,RF,phylo,mpd,969,3,0.15909593530237234,0.008066902196830799,0.16081994979386302,46.32827088345931,1.1436634959363097,0.0039700144747517,0.4405452435923476
RF08_lsp-curve-topo_ndvi,RF,lsp+curve+topo,ndvi,,none,RF,phylo,mpd,969,3,0.15364810077679925,0.0087823858617252,0.16133984036025156,46.4780385647717,0.8034817697009148,0.002789137073313902,0.4350243916287171
RF02_lsp-qc-topo-area_kndvi,RF,lsp+qc+topo+area,kndvi,,none,RF,phylo,mpd,969,3,0.15187075593856217,0.012487333517463959,0.16150768542327276,46.52639059793714,0.9845753936310429,0.00341776980561883,0.44237525835912833
RF08_lsp-curve-topo_kndvi,RF,lsp+curve+topo,kndvi,,none,RF,phylo,mpd,969,3,0.15133898359139877,0.006511749362917961,0.1615604392974774,46.541587691192284,0.8243043830826354,0.00286141889119243,0.4445042360540472
RF04_lsp-curve-topo-area_kndvi,RF,lsp+curve+topo+area,kndvi,,none,RF,phylo,mpd,969,3,0.15118348772331522,0.0038964173890503463,0.16157574772347744,46.54599767208978,0.8501542922077037,0.0029511520283977224,0.44593025387433544
RF05_lsp_all-topo-area,RF,lsp_all+topo+area,,,none,RF,phylo,mpd,969,3,0.1484372874993819,0.009095936130865423,0.1618356618650666,46.62087254161574,1.4680560666471314,0.005096082768266244,0.4378526977847986
RF01_lsp-topo-area_ndvi,RF,lsp+topo+area,ndvi,,none,RF,phylo,mpd,969,3,0.14420889669247772,0.010849753020018659,0.16223632864091647,46.73629478213607,0.9833143119085667,0.0034133921956751158,0.44397477069477076
RF01_lsp-topo-area_kndvi,RF,lsp+topo+area,kndvi,,none,RF,phylo,mpd,969,3,0.14400269845470168,0.009009162467534654,0.16225654601578363,46.742118910427365,0.989781913156739,0.0034358432668716694,0.4402388727565905
MLP06_curve_kndvi,MLP,curve,kndvi,tabular,late,MLP-B,phylo,mpd,969,5,0.14294240517385662,0.011487616881080933,0.16235558393041544,46.77064929700363,-0.48327471815829776,-0.0016775980287796455,0.44848889109043766
C2D01_reshape_nbr,C2D,topo+area,nbr,reshape,late,C2D-B,phylo,mpd,969,3,0.1424706676357735,0.00852535036301534,0.16240183499301622,46.78397309022432,1.637249839207188,0.005683407386467296,0.40225228532961615
MLP07_curve_all,MLP,curve_all,,tabular,late,MLP-A,phylo,mpd,969,5,0.13830201247963064,0.007615676837377803,0.16279616575417105,46.897570080795944,-0.39848276647793224,-0.0013832585865314634,0.43682389109176845
C1D01_curve1d_kndvi_ctxclim-topo-area,C1D,clim+topo+area,kndvi,curve1d,late,C1D-B,phylo,mpd,969,5,0.13735515646435795,0.010410747518289309,0.16288449527678053,46.923015643089094,-0.4460491591012111,-0.001548376444972455,0.4347735594370966
C2D07_hilbert_nbr,C2D,topo+area,nbr,hilbert,late,C2D-B,phylo,mpd,969,3,0.13481409967111305,0.009185395172926368,0.1631250487204583,46.992313171877875,1.1756751833340227,0.004081137075745538,0.40476489372055546
RF02_lsp-qc-topo-area_ndvi,RF,lsp+qc+topo+area,ndvi,,none,RF,phylo,mpd,969,3,0.1343217522834193,0.01150755359703277,0.1631705899847997,47.005432489683216,0.8417789972805569,0.0029220787544764746,0.4328991574550669
C2D02_serpentine_nbr,C2D,topo+area,nbr,serpentine,late,C2D-B,phylo,mpd,969,3,0.1331284845330636,0.010165915412745866,0.16328354802718145,47.037972922587436,1.2193375636477073,0.004232702883750566,0.41424505908194265
C2D02_serpentine_kndvi_wC,C2D,topo+area,kndvi,serpentine,late,C2D-C,phylo,mpd,969,3,0.13309986211613123,0.007351021489427218,0.16328713335627973,47.03900576769082,1.223626122745143,0.004247589816622994,0.4131873197835469
C2D07_hilbert_kndvi_calendar,C2D,topo+area,kndvi,hilbert,late,C2D-B,phylo,mpd,969,3,0.13284818343671267,0.016109762648866675,0.16330712316091286,47.04476433859659,1.1739745574106386,0.004075233670105712,0.4069651587876068
MLP01_lsp_nbr,MLP,lsp,nbr,tabular,late,MLP-B,phylo,mpd,969,3,0.13171690233935124,0.006979796940513808,0.1634174254304105,47.07653970867286,0.7160759368398734,0.0024857240301687463,0.41604896592029855
MLP04_curve_all,MLP,curve_all,,tabular,late,MLP-A,phylo,mpd,969,3,0.13170925013486165,0.01037198990493538,0.16341707609288011,47.0764390731251,1.2662844400828142,0.004395670207315584,0.4176744301127216
RF03_curve-topo-area_ndvi,RF,curve+topo+area,ndvi,,none,RF,phylo,mpd,969,3,0.13071281650685587,0.007036445224237079,0.1635118724067425,47.10374755887579,0.31593474794302756,0.0010967085395901268,0.4136480718537241
MLP02_curve_nbr,MLP,curve,nbr,tabular,late,MLP-B,phylo,mpd,969,3,0.13067366703705408,0.011214769701864108,0.16351418830242662,47.104414711444406,0.9349572560908092,0.003245529697453379,0.4260999688158284
C2D01_reshape_kndvi_ctxclim-topo-area,C2D,clim+topo+area,kndvi,reshape,late,C2D-B,phylo,mpd,969,5,0.13049919140636734,0.008861176409321235,0.16353115930301493,47.10930363917648,-0.46896086643342605,-0.0016279101627778825,0.430477490912107
C2D02_serpentine_kndvi_calendar,C2D,topo+area,kndvi,serpentine,late,C2D-B,phylo,mpd,969,3,0.13046916373427317,0.016950035697891924,0.16353048305899295,47.109108829911385,1.3168530216379397,0.0045712096045726,0.41543252249316703
C2D07_hilbert_kndvi,C2D,topo+area,kndvi,hilbert,late,C2D-B,phylo,mpd,969,3,0.1298375211184016,0.0031464247193643564,0.16359488837816283,47.12766241780059,1.0762286183667464,0.0037359268773023324,0.4151982677479913
C2D01_reshape_kndvi,C2D,topo+area,kndvi,reshape,late,C2D-B,phylo,mpd,969,3,0.12917338291644895,0.007309308240689354,0.16365652295070596,47.14541782175528,1.2008219154514819,0.004168429265147178,0.39322070724292707
RF03_curve-topo-area_kndvi,RF,curve+topo+area,kndvi,,none,RF,phylo,mpd,969,3,0.12869901386030544,0.007988303332424361,0.1637009079177467,47.15820403875667,0.36658930222075176,0.001272546375115359,0.4290127492988813
C2D02_serpentine_kndvi_ctxclim-topo-area,C2D,clim+topo+area,kndvi,serpentine,late,C2D-B,phylo,mpd,969,5,0.12828881455189795,0.012922136075958443,0.163737019091146,47.16860677937006,0.04268254300853584,0.0001481644855896809,0.42731928227306887
MLP02_curve_ndvi,MLP,curve,ndvi,tabular,late,MLP-B,phylo,mpd,969,3,0.12792091895696886,0.011181893999546666,0.16377289171474804,47.178940799655884,1.7047160935644474,0.005917603902581783,0.444555262688932
C2D09_spectrogram_kndvi,C2D,topo+area,kndvi,spectrogram,late,C2D-B,phylo,mpd,969,3,0.1271183874595289,0.010086570853743504,0.16384865425069117,47.20076612227592,1.467204333289857,0.005093126134808043,0.40527051528934405
MLP05a_curve_kndvi,MLP,curve,kndvi,tabular,late,MLP-A,phylo,mpd,969,3,0.12673308642584527,0.0035782884299894223,0.1638864022461768,47.21164039106167,1.6175175801227064,0.0056149105301251155,0.4216575411389305
C2D07_hilbert_kndvi_v2,C2D,topo+area,kndvi,hilbert,late,C2D-B,phylo,mpd,969,3,0.12663548940450617,0.013793110645976497,0.16389238995081543,47.2133653014526,1.5036380849856206,0.005219599107072732,0.3969875799070006
C2D02_serpentine_kndvi,C2D,topo+area,kndvi,serpentine,late,C2D-B,phylo,mpd,969,3,0.12657702087240688,0.018480871455223136,0.16389519369939573,47.21417299243797,1.0627950276662685,0.003689294673233316,0.4053699197375465
C2D07_hilbert_ndvi,C2D,topo+area,ndvi,hilbert,late,C2D-B,phylo,mpd,969,3,0.12636030362874082,0.0053383678582127605,0.163921099019235,47.22163567773524,1.3939999933667095,0.004839010925096285,0.4032964573859273
MLP03_lsp-curve-qc_kndvi,MLP,lsp+curve+qc,kndvi,tabular,late,MLP-B,phylo,mpd,969,3,0.1260891286988386,0.009593262673952623,0.16394539524042318,47.2286348212998,0.6947190561189789,0.0024115876028903,0.4213792412172077
RF01_lsp-topo-area_nbr,RF,lsp+topo+area,nbr,,none,RF,phylo,mpd,969,3,0.12605921181584734,0.011587482249613845,0.16394745985303683,47.229229585398144,0.9535801554179568,0.0033101756183499718,0.40991158260184957
RF03_curve-topo-area_ndvi_v2,RF,curve+topo+area,ndvi,,none,RF,phylo,mpd,969,3,0.12587043854775692,0.007728916151857137,0.16396648778772913,47.234711065238834,0.1803134394643506,0.000625924467476053,0.40264976903270355
C2D01_reshape_ndvi,C2D,topo+area,ndvi,reshape,late,C2D-B,phylo,mpd,969,3,0.1254697549120749,0.00474083591164461,0.1640047323647882,47.2457283869585,1.9244394699601124,0.0066803326141578676,0.402624830542514
C2D02_serpentine_evi,C2D,topo+area,evi,serpentine,late,C2D-B,phylo,mpd,969,3,0.1253289219682272,0.018930006673844806,0.16401197382520374,47.2478144735426,1.2755868097170229,0.004427961648135829,0.40697128734738186
C2D07_hilbert_kndvi_wC,C2D,topo+area,kndvi,hilbert,late,C2D-C,phylo,mpd,969,3,0.12526570400183004,0.013618370853886305,0.1640209677523438,47.25040540267412,1.5679576282728507,0.005442872402729224,0.4043867519103879
MLP02_curve_kndvi,MLP,curve,kndvi,tabular,late,MLP-B,phylo,mpd,969,3,0.12506313521364493,0.007417097548799381,0.16404227698862073,47.25654406937451,1.4835607755697202,0.005149904472874465,0.4222039501634674
C2D11_pxcube_kndvi,C2D,topo+area,kndvi,pxcube,late,C2D-B,phylo,mpd,969,3,0.12448928187760581,0.015942998293031304,0.1640925198846437,47.271017811593104,1.3090121818042235,0.004543991591805148,0.41232951485594804
C2D02_serpentine_savi,C2D,topo+area,savi,serpentine,late,C2D-B,phylo,mpd,969,3,0.12412435843267063,0.014351246767654341,0.16412756680770937,47.28111396786909,1.1889057261621512,0.004127064437004447,0.39305700347550626
MLP05c_curve_kndvi,MLP,curve,kndvi,tabular,late,MLP-C,phylo,mpd,969,3,0.12411769466719032,0.0017529115347583739,0.1641318097132641,47.28233624457124,1.2189500828364397,0.004231357816399122,0.4220482280318227
C1D01_curve1d_nbr_v2,C1D,topo+area,nbr,curve1d,late,C1D-B,phylo,mpd,969,3,0.12403742600379446,0.003198275056485532,0.16413920266518703,47.28446597213148,1.3322975092499145,0.004624822262135362,0.40275555703097304
C2D02_serpentine_kndvi_mixup,C2D,topo+area,kndvi,serpentine,late,C2D-B,phylo,mpd,969,3,0.1235132876515445,0.012746343776745748,0.16418558206390377,47.29782673582972,1.4095333173257014,0.0048929319614652205,0.3982768328049338
C1D01_curve1d_kndvi_v2,C1D,topo+area,kndvi,curve1d,late,C1D-B,phylo,mpd,969,3,0.12326890147664847,0.003862007829361462,0.1642111076618323,47.305180032586826,0.8073187491118473,0.002802456431547203,0.406935289752376
C2D01_reshape_savi,C2D,topo+area,savi,reshape,late,C2D-B,phylo,mpd,969,3,0.12299059993773616,0.007618443694823772,0.16423639847256946,47.31246569293055,1.127505898410082,0.00391392638915287,0.3911049318901923
MLP02_curve_evi,MLP,curve,evi,tabular,late,MLP-B,phylo,mpd,969,3,0.12226046823460869,0.010354763477899731,0.16430387352810202,47.33190359634116,1.453877113485535,0.005046863177461453,0.42437879313805155
C2D01_reshape_kndvi_v2,C2D,topo+area,kndvi,reshape,late,C2D-B,phylo,mpd,969,3,0.12221747741631196,0.007660963680959171,0.16430876631906224,47.3333130890395,1.739790666094362,0.006039358737928249,0.3990163837864568
C2D02_serpentine_ndvi,C2D,topo+area,ndvi,serpentine,late,C2D-B,phylo,mpd,969,3,0.12221543864645383,0.004809017822053476,0.1643095887862154,47.33355002159116,1.5658862682655013,0.005435682062877666,0.4029927045970469
C2D07_hilbert_savi,C2D,topo+area,savi,hilbert,late,C2D-B,phylo,mpd,969,3,0.1221651569197368,0.01130348543756704,0.16431243189074854,47.33436905005828,1.104360764610765,0.0038335823749127995,0.3984691526380475
C2D01_reshape_evi,C2D,topo+area,evi,reshape,late,C2D-B,phylo,mpd,969,3,0.12203039825305484,0.00841811496679085,0.16432606111835832,47.338295295212866,1.566400323968862,0.005437466511354357,0.39018970578668083
C2D02_serpentine_kndvi_v2,C2D,topo+area,kndvi,serpentine,late,C2D-B,phylo,mpd,969,3,0.12181979832815687,0.013090194038059234,0.1643439785450376,47.34345686501683,1.7478129972552932,0.006067206763980766,0.40477883905169354
C2D06_cwt_kndvi,C2D,topo+area,kndvi,cwt,late,C2D-B,phylo,mpd,969,3,0.12181321461744689,0.008684672592361584,0.16434630393681796,47.34412675317716,1.3419998643870754,0.004658502178011468,0.4036219458990029
C2D07_hilbert_evi,C2D,topo+area,evi,hilbert,late,C2D-B,phylo,mpd,969,3,0.12152462736119951,0.005967048899886163,0.16437401133110177,47.35210857178547,1.3428056666240238,0.004661299370153947,0.3878415353593477
C1D01_curve1d_nbr,C1D,topo+area,nbr,curve1d,late,C1D-B,phylo,mpd,969,3,0.12127061098711654,0.00708244137145806,0.16439751430147956,47.35887919930789,0.7494819547902133,0.002601686789562485,0.40517818242535836
RF02_lsp-qc-topo-area_nbr,RF,lsp+qc+topo+area,nbr,,none,RF,phylo,mpd,969,3,0.1212658423761805,0.012047191551480934,0.16439628712057497,47.35852567868161,0.5807975670111507,0.002016130405602494,0.4082974654774176
RF03_curve-topo-area_kndvi_v2,RF,curve+topo+area,kndvi,,none,RF,phylo,mpd,969,3,0.11993623597229149,0.0025573335109591836,0.16452306467710026,47.395047173609164,0.4642121261512259,0.0016114257967697351,0.4137800183388383
MLP02_curve_savi,MLP,curve,savi,tabular,late,MLP-B,phylo,mpd,969,3,0.11979544203715557,0.008443267039178925,0.1645350751395428,47.39850709234554,1.398107634592199,0.004853269835326629,0.43398244414288367
C1D01_curve1d_ndvi_v2,C1D,topo+area,ndvi,curve1d,late,C1D-B,phylo,mpd,969,3,0.1196236015468578,0.009873238847197654,0.16455067581432178,47.40300126292606,1.135472444975152,0.003941580769387518,0.3989752314308079
C2D02_serpentine_kndvi_wA,C2D,topo+area,kndvi,serpentine,late,C2D-A,phylo,mpd,969,3,0.11817884821382203,0.018002778184702466,0.16468161147939275,47.44072060662372,1.7307373211606556,0.006007931739900031,0.3971963158392535
MLP01_lsp_ndvi,MLP,lsp,ndvi,tabular,late,MLP-B,phylo,mpd,969,3,0.1178862012720125,0.030017383021900275,0.164698634380418,47.44562448559478,1.280876678870543,0.004446324442072714,0.40455171963830755
RF06_curve_all-topo-area,RF,curve_all+topo+area,,,none,RF,phylo,mpd,969,3,0.11787389698814503,0.004731895811337786,0.16471544442216043,47.45046704504341,1.1291480215042182,0.003919626713134711,0.43064679303535086
C2D07_hilbert_kndvi_wA,C2D,topo+area,kndvi,hilbert,late,C2D-A,phylo,mpd,969,3,0.1177369453120121,0.011651599654651807,0.16472622714690124,47.45357328275393,1.1980119903254238,0.004158675134265974,0.38797235637006994
C1D01_curve1d_kndvi,C1D,topo+area,kndvi,curve1d,late,C1D-B,phylo,mpd,969,3,0.11674096407981364,0.0038120830634071523,0.16482132353623555,47.480968212865314,1.13952134140288,0.003955635758011326,0.39481919302282514
C2D02_serpentine_kndvi_noaug,C2D,topo+area,kndvi,serpentine,late,C2D-B,phylo,mpd,969,3,0.1148970983628128,0.015193295507661766,0.1649894929531443,47.52941368440568,1.5867291096608163,0.005508034098531837,0.39766889857969945
MLP01_lsp_kndvi,MLP,lsp,kndvi,tabular,late,MLP-B,phylo,mpd,969,3,0.1146169696841039,0.012331497183381165,0.16501697768428705,47.53733135924125,1.237787721389381,0.004296749164458276,0.41170561516096965
C1D01_curve1d_ndvi,C1D,topo+area,ndvi,curve1d,late,C1D-B,phylo,mpd,969,3,0.11397058368459052,0.008041319937197727,0.16507872592930184,47.55511950943836,1.3593241931244426,0.004718640353355078,0.3897417663046488
C2D10_stack5,C2D,topo+area,,stack5,late,C2D-B,phylo,mpd,969,3,0.11393157753586323,0.00852618346927231,0.1650822217118008,47.55612655836959,1.2986344280985522,0.00450796715579463,0.4077903139668774
C2D07_hilbert_kndvi_patchctx,C2D,topo+area,kndvi,hilbert,patchctx,C2D-B,phylo,mpd,969,3,0.1137799149255363,0.006783513309999896,0.1650968180823029,47.560331413596835,0.982485123570485,0.003410513823045249,0.379105829542603
RF04_lsp-curve-topo-area_nbr,RF,lsp+curve+topo+area,nbr,,none,RF,phylo,mpd,969,3,0.11297078257424072,0.011044286114472309,0.16517084797447726,47.58165760417533,1.0634158537560163,0.0036914497551882447,0.3970881054332107
C2D02_serpentine_kndvi_wX,C2D,topo+area,kndvi,serpentine,late,C2D-X,phylo,mpd,969,3,0.11253801666648507,0.014771054373766232,0.1652094560366289,47.59277963700733,2.2910289004629925,0.007952879434580706,0.40542844660412153
MLP01_lsp_evi,MLP,lsp,evi,tabular,late,MLP-B,phylo,mpd,969,3,0.11205862418022827,0.010630842172923633,0.16525590370942747,47.6061600687888,1.221852960205127,0.0042414346136502926,0.4039434402969022
RF08_lsp-curve-topo_nbr,RF,lsp+curve+topo,nbr,,none,RF,phylo,mpd,969,3,0.11164785311360516,0.010664139757989974,0.16529411677068984,47.617168311582795,1.133578710738549,0.003935007024262874,0.39368429717919806
RF01_lsp-topo-area_savi,RF,lsp+topo+area,savi,,none,RF,phylo,mpd,969,3,0.11150031688584179,0.00908799461753419,0.16530838760970573,47.62127938919793,0.32345836863411825,0.0011228253852814537,0.4112076498955155
C1D02_curve5,C1D,topo+area,,curve5,late,C1D-B,phylo,mpd,969,3,0.11122569763503969,0.015990812186710526,0.16533092275141242,47.62777120909167,1.2971094408857688,0.004502673447173105,0.39989083562337296
C2D07_hilbert_kndvi_none,C2D,topo+area,kndvi,hilbert,none,C2D-B,phylo,mpd,969,3,0.11073730375561248,0.007349384780131186,0.16537984771693504,47.64186528795815,2.02792672136548,0.0070395693017774414,0.38740398081115995
MLP01_lsp_savi,MLP,lsp,savi,tabular,late,MLP-B,phylo,mpd,969,3,0.110658357136671,0.008067015797184399,0.16538700047820834,47.643925822501664,1.1661392916892865,0.004048035006829477,0.4155342064666517
C2D07_hilbert_kndvi_film,C2D,topo+area,kndvi,hilbert,film,C2D-B,phylo,mpd,969,3,0.11054182356602314,0.010976537171380325,0.16539686251039368,47.64676683133873,1.8647141866629047,0.006473007434993659,0.398623731709763
C2D02_serpentine_kndvi_film,C2D,topo+area,kndvi,serpentine,film,C2D-B,phylo,mpd,969,3,0.10961493681999897,0.006769357077255272,0.16548432646483294,47.67196304473759,1.9484139869012773,0.00676355567725274,0.40260580958565123
C1D01_curve1d_evi,C1D,topo+area,evi,curve1d,late,C1D-B,phylo,mpd,969,3,0.108755041064304,0.0008549649452471852,0.16556500117913656,47.695203445089014,0.9941494267279003,0.0034510042754706087,0.371223319044473
C2D02_serpentine_kndvi_nperSample,C2D,topo+area,kndvi,serpentine,late,C2D-B,phylo,mpd,969,3,0.10816162671852902,0.008365140395174659,0.16561891236090145,47.710733930179025,1.7735009961440842,0.0061563778600053146,0.3683726286975057
C1D01_curve1d_savi,C1D,topo+area,savi,curve1d,late,C1D-B,phylo,mpd,969,3,0.10801765568202504,0.010904909966186453,0.16563143260732813,47.714340705139016,0.6673854915846437,0.0023167042327089057,0.3673795206453461
C2D02_serpentine_kndvi_none,C2D,topo+area,kndvi,serpentine,none,C2D-B,phylo,mpd,969,3,0.10763826753240537,0.010119983272106219,0.16566693052597378,47.72456678214578,2.0458729856238107,0.00710186641025948,0.38835040585616626
C2D07_hilbert_kndvi_nperSample,C2D,topo+area,kndvi,hilbert,late,C2D-B,phylo,mpd,969,3,0.10695216409015033,0.007117509205073256,0.1657315086516916,47.743170151349865,1.0966767874421013,0.003806908881624216,0.3663958120629134
RF01_lsp-topo-area_evi,RF,lsp+topo+area,evi,,none,RF,phylo,mpd,969,3,0.10624393899471803,0.005312250938043356,0.16579760394045706,47.762210577901264,0.21207970421021113,0.0007361951295177875,0.41169243480070733
RF02_lsp-qc-topo-area_savi,RF,lsp+qc+topo+area,savi,,none,RF,phylo,mpd,969,3,0.10624303708563167,0.004993358589815163,0.16579774406318973,47.76225094381311,0.44622293636803817,0.0015489796803359486,0.42393243263202346
C1D01_curve1d_savi_v2,C1D,topo+area,savi,curve1d,late,C1D-B,phylo,mpd,969,3,0.10531053407973685,0.014454656631168485,0.1658810453537656,47.786247996166914,1.2635876082837854,0.004386308658821505,0.38061766258708746
C1D01_curve1d_evi_v2,C1D,topo+area,evi,curve1d,late,C1D-B,phylo,mpd,969,3,0.10474670269538933,0.013330428917505332,0.16593383156316274,47.801454404395464,1.1374169457679404,0.003948330741141417,0.37718658136279887
RF02_lsp-qc-topo-area_evi,RF,lsp+qc+topo+area,evi,,none,RF,phylo,mpd,969,3,0.10393750057965273,0.0069775576289434855,0.16601104683058962,47.82369822321446,0.354996095382146,0.0012323027202976683,0.42631609287197075
RF03_curve-topo-area_evi,RF,curve+topo+area,evi,,none,RF,phylo,mpd,969,3,0.10375801626797314,0.007562237141792356,0.16602752589704028,47.828445436824516,0.9627729016994729,0.003342086522151672,0.41433447054853195
C2D02_serpentine_kndvi_patch,C2D,topo+area,kndvi,serpentine,patch,C2D-B,phylo,mpd,969,3,0.10335462137804118,0.0232843683992998,0.1660565048327459,47.83679355523274,1.2946043312844147,0.0044939774265223146,0.3677111333218124
C2D07_hilbert_kndvi_patch,C2D,topo+area,kndvi,hilbert,patch,C2D-B,phylo,mpd,969,3,0.1031805167272205,0.006939543589198457,0.16608116323466052,47.843897034153855,1.1994883436113009,0.004163800019282943,0.3843276636232913
RF03_curve-topo-area_savi,RF,curve+topo+area,savi,,none,RF,phylo,mpd,969,3,0.10296304103035414,0.010619968747968776,0.16610018792383663,47.849377579041196,0.829752793961401,0.002880332033152413,0.4200709673624116
RF03_curve-topo-area_nbr,RF,curve+topo+area,nbr,,none,RF,phylo,mpd,969,3,0.10188471805455877,0.00978218996163192,0.16620029462909822,47.878215857902454,0.7913722084712226,0.002747100990553902,0.3988881676334581
RF04_lsp-curve-topo-area_evi,RF,lsp+curve+topo+area,evi,,none,RF,phylo,mpd,969,3,0.10147234244649335,0.004509760045643689,0.16623973534051104,47.88957775650092,1.0250520119837676,0.0035582768352829717,0.4251668582208068
RF03_curve-topo-area_savi_v2,RF,curve+topo+area,savi,,none,RF,phylo,mpd,969,3,0.10041357131326505,0.007966245748075924,0.16633691135147297,47.9175717744383,0.8903544733653544,0.003090699457908756,0.4216159953068828
C2D02_serpentine_kndvi_patchctx,C2D,topo+area,kndvi,serpentine,patchctx,C2D-B,phylo,mpd,969,3,0.10027806549571096,0.0015352684700797824,0.16635048653439224,47.921482450647225,1.4082278398062407,0.004888400239794344,0.37237962967623806
RF08_lsp-curve-topo_savi,RF,lsp+curve+topo,savi,,none,RF,phylo,mpd,969,3,0.10013568139344864,0.005506297801641689,0.16636316967769657,47.9251361521899,0.713504422868545,0.0024767974991353843,0.42211818989407557
RF04_lsp-curve-topo-area_savi,RF,lsp+curve+topo+area,savi,,none,RF,phylo,mpd,969,3,0.09896225773360952,0.008340006701009851,0.166470937548097,47.95618142424005,0.8821479183822861,0.0030622119332247995,0.42293997304655456
RF08_lsp-curve-topo_evi,RF,lsp+curve+topo,evi,,none,RF,phylo,mpd,969,3,0.0982767091585632,0.008170042132869622,0.16653430229064728,47.97443524760647,0.9641626339549294,0.0033469107184207624,0.42053097424544256
C2D07_hilbert_kndvi_wX,C2D,topo+area,kndvi,hilbert,late,C2D-X,phylo,mpd,969,3,0.09658823712157076,0.018137940821149324,0.16668569822858612,48.01804869253339,1.7615747863396818,0.006114978247513844,0.40665658096690915
B02_area,BASE,area,,,none,RF,phylo,mpd,969,3,0.09268520182546357,0.004431678955572097,0.16705064676492398,48.123181387025916,0.6055890905047698,0.002102189554530945,0.3092734733293727
RF03_curve-topo-area_evi_v2,RF,curve+topo+area,evi,,none,RF,phylo,mpd,969,3,0.0911593606855967,0.008355216301103615,0.1671902045336596,48.163384546659806,0.9905511261713243,0.0034385134463544645,0.4211387655881857
C2D08_cos2d_kndvi,C2D,topo+area,kndvi,cos2d,late,C2D-B,phylo,mpd,969,3,0.06990462802556657,0.018436324531652965,0.16912954634786537,48.72206120971875,2.2472003138611942,0.007800736672452419,0.30839968360039544
RF03_curve-topo-area_nbr_v2,RF,curve+topo+area,nbr,,none,RF,phylo,mpd,969,3,0.06561020704003497,0.015348094262251833,0.16952132944714035,48.83492428158289,0.941030823385015,0.0032666129532861053,0.3802511074478578
C2D03_gaf_kndvi,C2D,topo+area,kndvi,gaf,late,C2D-B,phylo,mpd,969,3,0.06514648467782906,0.005741884992113503,0.16956665063404985,48.84798020049467,1.8440166823115955,0.006401159909775011,0.32847218525612454
C2D07_hilbert_kndvi_nglobal,C2D,topo+area,kndvi,hilbert,late,C2D-B,phylo,mpd,969,3,0.05096140037470054,0.037578505139012515,0.1708263331366455,49.210863737532264,1.3028547462224973,0.004522617202857994,0.23588037423259625
C2D04_mtf_kndvi,C2D,topo+area,kndvi,mtf,late,C2D-B,phylo,mpd,969,3,0.0491617679864712,0.011532561802178772,0.17100862883320667,49.26337864269173,2.476489935382172,0.008596672819389918,0.29174364738920433
C2D02_serpentine_kndvi_nglobal,C2D,topo+area,kndvi,serpentine,late,C2D-B,phylo,mpd,969,3,0.04048308130663427,0.031841805395134926,0.17177349217613713,49.48371695386228,0.8801434580959838,0.003055253823274661,0.2128674234489473
B01_topo-area,BASE,topo+area,,,none,RF,phylo,mpd,969,3,0.03428720412497213,0.005665872134556806,0.17234265326185572,49.647678259591395,0.07288276691518399,0.0002529989290043306,0.2993269937124691
C2D05_ndi_kndvi,C2D,topo+area,kndvi,ndi,late,C2D-B,phylo,mpd,969,3,0.005236402778608267,0.016320137227688984,0.1749122642616456,50.38791996850856,2.0207903491994728,0.007014796717099404,0.18965185650005179
B00_area,BASE,area,,,none,mean,phylo,mpd,969,3,-0.0044794477866734,0.0037226248178498277,0.1757680997082455,50.63446510456021,1.0118268189068715,0.003512368044687466,0.03302667182396877
B03_coords,BASE,coords,,,none,RF,phylo,mpd,969,3,-0.015133078315467266,0.008153760042597179,0.17669700006855318,50.90205844463548,1.8128744550750049,0.006293055477531984,0.40985415002635817
RF01_lsp-topo-area_nbr,RF,lsp+topo+area,nbr,,none,RF,phylo,ses_mntd,969,3,0.17253208159208713,0.0006907376212292126,0.17624236141584904,0.8292644627371791,0.024669767472090737,0.005243029540311012,0.3500783014167716
C2D02_serpentine_kndvi_calendar,C2D,topo+area,kndvi,serpentine,late,C2D-B,phylo,ses_mntd,969,3,0.17141956495969538,0.019951119132193326,0.17635230207704286,0.8297817610904553,-0.025019461927654432,-0.005317349590659181,0.36527882086477925
RF02_lsp-qc-topo-area_savi,RF,lsp+qc+topo+area,savi,,none,RF,phylo,ses_mntd,969,3,0.17126160564300308,0.004214524020073992,0.1763772387314193,0.8298990942964326,0.013608653018605933,0.0028922270897410543,0.37551115831691656
RF03_curve-topo-area_savi_v2,RF,curve+topo+area,savi,,none,RF,phylo,ses_mntd,969,3,0.1696884586194322,0.001960977879635546,0.1765448614024054,0.8306878009562911,0.006907117070611643,0.0014679594722801085,0.33558092364238257
C2D02_serpentine_kndvi_wA,C2D,topo+area,kndvi,serpentine,late,C2D-A,phylo,ses_mntd,969,3,0.16919584872702564,0.027054938600169172,0.17658170651502844,0.8308611664416281,-0.018330498107513003,-0.0038957539091129824,0.3645243056106866
RF04_lsp-curve-topo-area_savi,RF,lsp+curve+topo+area,savi,,none,RF,phylo,ses_mntd,969,3,0.16911861817861784,0.0023987673596720543,0.17660539156997088,0.8309726105587177,0.0032961624902124995,0.0007005285852572579,0.353608150653599
RF03_curve-topo-area_savi,RF,curve+topo+area,savi,,none,RF,phylo,ses_mntd,969,3,0.16844680746958662,0.0033833343655035367,0.17667665374925898,0.8313079169648852,0.005958185798799034,0.0012662844992400498,0.34134375080057094
RF01_lsp-topo-area_savi,RF,lsp+topo+area,savi,,none,RF,phylo,ses_mntd,969,3,0.1677865113099978,0.0036893474363594195,0.17674673873661476,0.8316376843881007,0.013696152712587598,0.0029108232715183272,0.37119183842499964
RF02_lsp-qc-topo-area_nbr,RF,lsp+qc+topo+area,nbr,,none,RF,phylo,ses_mntd,969,3,0.16752682143734932,0.003681161108302284,0.1767743147255291,0.8317674363242853,0.023980439164106564,0.005096527604862194,0.3477423697058816
RF03_curve-topo-area_ndvi_v2,RF,curve+topo+area,ndvi,,none,RF,phylo,ses_mntd,969,3,0.16693217398029017,0.003595018147322908,0.17683745376795265,0.8320645213364952,0.026243792318227033,0.005577554734957149,0.33710271236635125
C2D06_cwt_kndvi,C2D,topo+area,kndvi,cwt,late,C2D-B,phylo,ses_mntd,969,3,0.1664791354029969,0.0230691434536096,0.17687448657559032,0.8322387699738977,-0.030785798022073697,-0.006542860553281955,0.3573397309343383
RF08_lsp-curve-topo_savi,RF,lsp+curve+topo,savi,,none,RF,phylo,ses_mntd,969,3,0.1658445907002858,0.0016409505563770262,0.17695306569284877,0.8326085044062569,0.0063824915058807,0.0013564615695698988,0.3504221379699432
C1D01_curve1d_ndvi_v2,C1D,topo+area,ndvi,curve1d,late,C1D-B,phylo,ses_mntd,969,3,0.1655446935826029,0.008965366075090239,0.17698322341640718,0.8327504040507189,-0.0222317770911465,-0.004724887016237945,0.3657193727828773
RF02_lsp-qc-topo-area_kndvi,RF,lsp+qc+topo+area,kndvi,,none,RF,phylo,ses_mntd,969,3,0.16522635258317875,0.003112764662257694,0.1770184801350261,0.8329162957443419,0.016819557191342767,0.0035746358496863053,0.33813282178750376
RF05_lsp_all-topo-area,RF,lsp_all+topo+area,,,none,RF,phylo,ses_mntd,969,3,0.16520048661243622,0.0015357366013491114,0.17702137800199547,0.8329299309344069,0.017169022695042765,0.0036489072412302925,0.3666970842733568
MLP04_curve_all,MLP,curve_all,,tabular,late,MLP-A,phylo,ses_mntd,969,3,0.16517031660637846,0.012181261853548913,0.17702149490115804,0.8329304809742523,-0.017256177757131633,-0.0036674301788962634,0.35643537039190726
C1D01_curve1d_kndvi_ctxclim-topo-area,C1D,clim+topo+area,kndvi,curve1d,late,C1D-B,phylo,ses_mntd,969,5,0.1651521342476446,0.017088280013131986,0.17701921244336047,0.832919741438513,-0.003751354340271543,-0.0007972698423067363,0.3651513213583787
C2D07_hilbert_kndvi_calendar,C2D,topo+area,kndvi,hilbert,late,C2D-B,phylo,ses_mntd,969,3,0.16489748417474612,0.008848402927366822,0.17705189958552758,0.8330735426311994,-0.018319744156876268,-0.003893468387738398,0.3563514044500585
C2D11_pxcube_kndvi,C2D,topo+area,kndvi,pxcube,late,C2D-B,phylo,ses_mntd,969,3,0.1647491682375828,0.015564057573139648,0.17706412335543384,0.8331310585309101,-0.025319384839752403,-0.005381091767788527,0.37636735241823055
RF02_lsp-qc-topo-area_ndvi,RF,lsp+qc+topo+area,ndvi,,none,RF,phylo,ses_mntd,969,3,0.16383229889469955,0.0049615534768439025,0.17716591182412786,0.833609998776185,0.021062835283269268,0.004476453526277471,0.35064760712072
C1D01_curve1d_kndvi_v2,C1D,topo+area,kndvi,curve1d,late,C1D-B,phylo,ses_mntd,969,3,0.16180511437275755,0.005089728677814131,0.1773805171997966,0.834619770831693,-0.025275507602250297,-0.005371766602781154,0.36089057495389243
RF04_lsp-curve-topo-area_ndvi,RF,lsp+curve+topo+area,ndvi,,none,RF,phylo,ses_mntd,969,3,0.1614462900550566,0.003936843161860668,0.1774186993737615,0.8347994275256045,0.026923134783477434,0.005721934393878746,0.3435892473364884
RF03_curve-topo-area_kndvi,RF,curve+topo+area,kndvi,,none,RF,phylo,ses_mntd,969,3,0.1613486877570843,0.0026774423538568058,0.17742919932536005,0.834848832428326,0.027350707016034367,0.005812805694082483,0.34234445081976533
MLP01_lsp_nbr,MLP,lsp,nbr,tabular,late,MLP-B,phylo,ses_mntd,969,3,0.16112342584569264,0.022667171731118315,0.17744229346013837,0.8349104436128035,-0.02151062553105626,-0.004571621731639217,0.36878700267690373
C2D01_reshape_nbr,C2D,topo+area,nbr,reshape,late,C2D-B,phylo,ses_mntd,969,3,0.1609484311302265,0.015779112610979668,0.17746647976377136,0.8350242462305548,-0.007845585746104701,-0.0016674108450517886,0.3511003303415045
C2D10_stack5,C2D,topo+area,,stack5,late,C2D-B,phylo,ses_mntd,969,3,0.16076726913067083,0.007859403151320395,0.1774895424966507,0.835132762166433,-0.022237892273398004,-0.004726186666963281,0.36891794804461747
RF03_curve-topo-area_evi,RF,curve+topo+area,evi,,none,RF,phylo,ses_mntd,969,3,0.16072000005113377,0.0037882407699956714,0.177495540696305,0.835160985198477,0.0104437501023771,0.002219594909450871,0.33801661299432667
RF03_curve-topo-area_kndvi_v2,RF,curve+topo+area,kndvi,,none,RF,phylo,ses_mntd,969,3,0.1607054883634144,0.002219923003730945,0.17749727261138526,0.8351691342928093,0.020361368359641866,0.004327371788628736,0.3380386585053691
C2D07_hilbert_kndvi_wA,C2D,topo+area,kndvi,hilbert,late,C2D-A,phylo,ses_mntd,969,3,0.16060005690816812,0.016302163275971837,0.17750292465741271,0.8351957285853203,-0.024288612537614104,-0.005162023240468212,0.35746536770606374
RF03_curve-topo-area_ndvi,RF,curve+topo+area,ndvi,,none,RF,phylo,ses_mntd,969,3,0.16039183707531393,0.0028321459441570055,0.17753037101179736,0.8353248705585669,0.029736466700356567,0.006319847704719005,0.34168547270805266
MLP02_curve_savi,MLP,curve,savi,tabular,late,MLP-B,phylo,ses_mntd,969,3,0.16025116786824065,0.0089567130355559,0.17754373152231887,0.8353877351076485,-0.02107391937412803,-0.004478809211869796,0.3685539959792763
RF04_lsp-curve-topo-area_kndvi,RF,lsp+curve+topo+area,kndvi,,none,RF,phylo,ses_mntd,969,3,0.15992419887927822,0.004752047436212746,0.17757949850057467,0.8355560277006936,0.023811099863492568,0.005060538171380129,0.33780752465402825
C2D07_hilbert_kndvi,C2D,topo+area,kndvi,hilbert,late,C2D-B,phylo,ses_mntd,969,3,0.15976816604813848,0.028757004956925913,0.17757913787894175,0.8355543308855679,-0.030251044549576302,-0.006429210181171243,0.3626497491428628
RF08_lsp-curve-topo_kndvi,RF,lsp+curve+topo,kndvi,,none,RF,phylo,ses_mntd,969,3,0.15969433220954254,0.0012259958267274468,0.17760423416810645,0.8356724152132154,0.019369142950261802,0.004116495575956189,0.33726789433138155
C1D01_curve1d_ndvi,C1D,topo+area,ndvi,curve1d,late,C1D-B,phylo,ses_mntd,969,3,0.1592143110097385,0.0197548056375535,0.17764682823570896,0.8358728309719604,-0.024648993102690933,-0.005238614394016354,0.34550189600302145
RF08_lsp-curve-topo_evi,RF,lsp+curve+topo,evi,,none,RF,phylo,ses_mntd,969,3,0.15887518464243988,0.0012159995948835907,0.17769077980607975,0.8360796341213125,0.007086421105252733,0.0015060666960868883,0.34427617745921074
MLP02_curve_ndvi,MLP,curve,ndvi,tabular,late,MLP-B,phylo,ses_mntd,969,3,0.1585738900123404,0.005592709884443814,0.17772197719133423,0.8362264256345107,-0.016390017775427302,-0.0034833464668852514,0.36534881739565245
C2D02_serpentine_kndvi,C2D,topo+area,kndvi,serpentine,late,C2D-B,phylo,ses_mntd,969,3,0.15843942392739982,0.0259100004255229,0.17772287309876886,0.8362306411034336,-0.025534820990512835,-0.005426878097301591,0.35922622789632724
C2D02_serpentine_kndvi_ctxclim-topo-area,C2D,clim+topo+area,kndvi,serpentine,late,C2D-B,phylo,ses_mntd,969,5,0.15813934926075926,0.02082572445952947,0.1777577319055354,0.8363946605221061,-0.0034694869822027006,-0.0007373649856243107,0.3574554741537554
RF08_lsp-curve-topo_ndvi,RF,lsp+curve+topo,ndvi,,none,RF,phylo,ses_mntd,969,3,0.15786908272774844,0.0047628852080947096,0.17779657697224382,0.8365774362924441,0.02397368619419653,0.005095092406060129,0.34283730394877526
RF01_lsp-topo-area_kndvi,RF,lsp+topo+area,kndvi,,none,RF,phylo,ses_mntd,969,3,0.15764826078275287,0.005013431361047098,0.1778198354769874,0.8366868733839884,0.0132644205195658,0.002819067861011221,0.333500074914632
C2D07_hilbert_kndvi_v2,C2D,topo+area,kndvi,hilbert,late,C2D-B,phylo,ses_mntd,969,3,0.1574979846523055,0.02287753385198992,0.17782532017040661,0.8367126802405523,-0.0246748282857141,-0.005244105107616431,0.34907974901591293
C2D07_hilbert_evi,C2D,topo+area,evi,hilbert,late,C2D-B,phylo,ses_mntd,969,3,0.15731819108969616,0.015067194508157394,0.17785043745799775,0.8368308633710569,-0.017534339601988767,-0.0037265475082842807,0.34300548202822884
C1D01_curve1d_savi_v2,C1D,topo+area,savi,curve1d,late,C1D-B,phylo,ses_mntd,969,3,0.15714491753032703,0.016708488730062917,0.17786762711246762,0.8369117450016939,-0.023598565518078832,-0.005015368558306332,0.3489017824569826
RF04_lsp-curve-topo-area_evi,RF,lsp+curve+topo+area,evi,,none,RF,phylo,ses_mntd,969,3,0.15711374017700963,0.001980273755379489,0.17787668760956757,0.836954376910387,0.004776229095644634,0.001015084972652784,0.3438476891331559
C2D07_hilbert_savi,C2D,topo+area,savi,hilbert,late,C2D-B,phylo,ses_mntd,969,3,0.15704287341687764,0.013837888818121948,0.17788025503898708,0.8369711625595189,-0.0196972948763996,-0.004186237224084687,0.34911792474532516
C2D01_reshape_ndvi,C2D,topo+area,ndvi,reshape,late,C2D-B,phylo,ses_mntd,969,3,0.15687882317800075,0.018870293094842196,0.17789415788944804,0.8370365789538828,-0.004993594152108767,-0.0010612812496692632,0.3558721558347431
C2D01_reshape_kndvi,C2D,topo+area,kndvi,reshape,late,C2D-B,phylo,ses_mntd,969,3,0.15653349800150687,0.018694761920687985,0.17793071944945846,0.8372086102531421,-0.013177517958682265,-0.002800598587056509,0.3581998619695716
RF03_curve-topo-area_evi_v2,RF,curve+topo+area,evi,,none,RF,phylo,ses_mntd,969,3,0.15649907050875425,0.0040912891065834,0.1779412665292095,0.8372582369056274,0.0100069765075488,0.002126768057203345,0.3334323469017962
MLP07_curve_all,MLP,curve_all,,tabular,late,MLP-A,phylo,ses_mntd,969,5,0.15647218292857917,0.012912674243446345,0.17794029006656084,0.8372536424042419,-0.0061075223847636,-0.0012980227850810995,0.35891361555954365
RF02_lsp-qc-topo-area_evi,RF,lsp+qc+topo+area,evi,,none,RF,phylo,ses_mntd,969,3,0.15636538595228774,0.0018721268890579076,0.17795564256916954,0.8373258797751283,0.017746589313618232,0.0037716566285568875,0.3695897854882276
C2D09_spectrogram_kndvi,C2D,topo+area,kndvi,spectrogram,late,C2D-B,phylo,ses_mntd,969,3,0.1562113257423139,0.022838619325665423,0.17796112904375427,0.8373516950125222,-0.015372619685443034,-0.0032671203412811775,0.35498126351907017
RF01_lsp-topo-area_evi,RF,lsp+topo+area,evi,,none,RF,phylo,ses_mntd,969,3,0.1559556792731524,0.002305144824916475,0.17799881128460962,0.83752899939591,0.0181375441071501,0.003854745678088171,0.3673885514321537
C2D02_serpentine_savi,C2D,topo+area,savi,serpentine,late,C2D-B,phylo,ses_mntd,969,3,0.15565843406924923,0.014420225932273902,0.17802593648320583,0.837656630250716,-0.018778646816714897,-0.0039909982977541,0.3500805589439269
C2D02_serpentine_nbr,C2D,topo+area,nbr,serpentine,late,C2D-B,phylo,ses_mntd,969,3,0.1553439743455154,0.02609380428197176,0.1780493693566707,0.8377668877907768,-0.017599851739801532,-0.0037404707069601455,0.35682827463851696
RF01_lsp-topo-area_ndvi,RF,lsp+topo+area,ndvi,,none,RF,phylo,ses_mntd,969,3,0.15510176760055594,0.0033183071550244693,0.17808871034693952,0.8379519970057051,0.019893659822618065,0.00422797037843524,0.3470182332495362
C2D07_hilbert_kndvi_film,C2D,topo+area,kndvi,hilbert,film,C2D-B,phylo,ses_mntd,969,3,0.15495569865502734,0.01274232861710287,0.17810095576832982,0.8380096147810723,-0.008514444512345535,-0.0018095624187812152,0.3552415891529062
MLP02_curve_evi,MLP,curve,evi,tabular,late,MLP-B,phylo,ses_mntd,969,3,0.1546925235362216,0.01351207134739257,0.1781282775925963,0.8381381708089154,-0.01657145297967463,-0.003521906625046338,0.35727194796709266
C2D01_reshape_savi,C2D,topo+area,savi,reshape,late,C2D-B,phylo,ses_mntd,969,3,0.15346796303516166,0.016414183949687744,0.178255435888387,0.8387364824463354,-0.026439339093556,-0.005619114004647153,0.3550897171459338
MLP06_curve_kndvi,MLP,curve,kndvi,tabular,late,MLP-B,phylo,ses_mntd,969,5,0.15325198727091727,0.01652383221649985,0.17827697650664182,0.8388378364515846,-0.0056272018135614405,-0.0011959409577399626,0.35459116018882014
MLP05a_curve_kndvi,MLP,curve,kndvi,tabular,late,MLP-A,phylo,ses_mntd,969,3,0.15312704285766718,0.010706530017398361,0.17829456647917374,0.8389206016789913,-0.0100988529856585,-0.002146294430499478,0.34550972370915595
C2D07_hilbert_ndvi,C2D,topo+area,ndvi,hilbert,late,C2D-B,phylo,ses_mntd,969,3,0.15312198791475787,0.009891173569887148,0.17829544711857512,0.8389247453079928,-0.017174726975334703,-0.0036501195635641227,0.3473702777933581
C2D02_serpentine_kndvi_mixup,C2D,topo+area,kndvi,serpentine,late,C2D-B,phylo,ses_mntd,969,3,0.15226841224740106,0.020802743873040933,0.17837831006636892,0.8393146362362067,-0.019559896019370467,-0.004157036046285842,0.35650072217606255
C2D02_serpentine_evi,C2D,topo+area,evi,serpentine,late,C2D-B,phylo,ses_mntd,969,3,0.15104799382553027,0.01702964380978885,0.17850970604098784,0.8399328872141377,-0.01916880675243703,-0.004073918417319525,0.3567201793144053
C1D01_curve1d_kndvi,C1D,topo+area,kndvi,curve1d,late,C1D-B,phylo,ses_mntd,969,3,0.15009587181023468,0.005232727710857829,0.1786151716353601,0.8404291292569233,-0.024853121250755405,-0.005281997450282359,0.34798236220808504
MLP02_curve_nbr,MLP,curve,nbr,tabular,late,MLP-B,phylo,ses_mntd,969,3,0.1497130218454053,0.02450570185535879,0.17864358194370902,0.8405628068750618,-0.019670022001605263,-0.004180440959958659,0.35458402227043767
RF06_curve_all-topo-area,RF,curve_all+topo+area,,,none,RF,phylo,ses_mntd,969,3,0.14969671013860278,0.004443355855006476,0.17865726690749384,0.8406271980580294,0.0198095075746765,0.004210085624460953,0.3336744188788671
MLP05c_curve_kndvi,MLP,curve,kndvi,tabular,late,MLP-C,phylo,ses_mntd,969,3,0.14961625605425835,0.01959744965925604,0.17865826745708369,0.8406319058945076,-0.019143469962087864,-0.004068533626384319,0.3407253026651871
C2D02_serpentine_kndvi_v2,C2D,topo+area,kndvi,serpentine,late,C2D-B,phylo,ses_mntd,969,3,0.14929124206712197,0.00960751062999003,0.17869836101682765,0.8408205561373504,-0.019420461359402896,-0.0041274022022708854,0.3469057371762864
C2D01_reshape_evi,C2D,topo+area,evi,reshape,late,C2D-B,phylo,ses_mntd,969,3,0.1489799196581809,0.004857141436253605,0.17873247484392876,0.8409810702400646,-0.018516811392151628,-0.0039353507985533795,0.343469684126136
C1D01_curve1d_evi_v2,C1D,topo+area,evi,curve1d,late,C1D-B,phylo,ses_mntd,969,3,0.14840646588541231,0.02100476175745417,0.1787841012041007,0.8412239851981211,-0.03001697695193573,-0.006379464137547306,0.34533457081600827
C1D01_curve1d_evi,C1D,topo+area,evi,curve1d,late,C1D-B,phylo,ses_mntd,969,3,0.14827535968466835,0.00988246428861935,0.17880493065394484,0.841321992977836,-0.0264273081069273,-0.005616557076684021,0.3407388280445314
C1D01_curve1d_savi,C1D,topo+area,savi,curve1d,late,C1D-B,phylo,ses_mntd,969,3,0.14784244050687198,0.00812132008164607,0.17885101629472522,0.8415388374630925,-0.027592806164524294,-0.0058642586714424405,0.34493283209847636
C2D01_reshape_kndvi_ctxclim-topo-area,C2D,clim+topo+area,kndvi,reshape,late,C2D-B,phylo,ses_mntd,969,5,0.14746740803688826,0.014633098659886696,0.1788864851742707,0.8417057274270258,-0.00946396479025316,-0.0020113625724237686,0.351495284607418
C2D07_hilbert_nbr,C2D,topo+area,nbr,hilbert,late,C2D-B,phylo,ses_mntd,969,3,0.14686838810289082,0.03452442891607737,0.17893029890185516,0.8419118819915354,-0.0163312121755234,-0.0034708485988862625,0.3555193001638322
RF04_lsp-curve-topo-area_nbr,RF,lsp+curve+topo+area,nbr,,none,RF,phylo,ses_mntd,969,3,0.14584345404853705,0.0006889586205536694,0.1790620116353361,0.8425316233992666,0.024626160662017237,0.0052337618488488705,0.33154996932236713
C2D02_serpentine_kndvi_wC,C2D,topo+area,kndvi,serpentine,late,C2D-C,phylo,ses_mntd,969,3,0.14514224561703096,0.00842192534327511,0.17913405269984964,0.8428705946555463,-0.01932162002641893,-0.004106395598571643,0.3525868009653715
C2D02_serpentine_ndvi,C2D,topo+area,ndvi,serpentine,late,C2D-B,phylo,ses_mntd,969,3,0.14509048874920316,0.011617708639994038,0.17913817853746658,0.8428900077551398,-0.0154234958653515,-0.0032779329812649173,0.35185973653807096
C2D02_serpentine_kndvi_noaug,C2D,topo+area,kndvi,serpentine,late,C2D-B,phylo,ses_mntd,969,3,0.14500659897408213,0.029965039620635413,0.17913155021987678,0.8428588198603522,-0.016958400950543264,-0.0036041441104268913,0.36087979949321536
MLP02_curve_kndvi,MLP,curve,kndvi,tabular,late,MLP-B,phylo,ses_mntd,969,3,0.14486722945032351,0.004174470800335396,0.17916396273754256,0.8430113288759609,-0.0102567467463803,-0.0021798513601556575,0.34510898076552987
C1D01_curve1d_nbr_v2,C1D,topo+area,nbr,curve1d,late,C1D-B,phylo,ses_mntd,969,3,0.14318994130791082,0.023282612375194224,0.17932898568979905,0.8437878032079142,-0.019170082815172667,-0.004074189617063328,0.35354386718317055
RF08_lsp-curve-topo_nbr,RF,lsp+curve+topo,nbr,,none,RF,phylo,ses_mntd,969,3,0.14294227376018676,0.0036149136164945407,0.17936559346677208,0.8439600519695608,0.0221203049113725,0.004701195997174262,0.3303543284261379
C2D02_serpentine_kndvi_nperSample,C2D,topo+area,kndvi,serpentine,late,C2D-B,phylo,ses_mntd,969,3,0.1427009992239517,0.01639064256516078,0.17938564663802922,0.8440544071640508,-0.02140655082120843,-0.004549502886021853,0.3445242328724227
C2D01_reshape_kndvi_v2,C2D,topo+area,kndvi,reshape,late,C2D-B,phylo,ses_mntd,969,3,0.14209431752022075,0.02321985995721505,0.17944368678701414,0.8443275006052557,-0.02207648125747466,-0.0046918822202118024,0.3460430188874389
C2D02_serpentine_kndvi_film,C2D,topo+area,kndvi,serpentine,film,C2D-B,phylo,ses_mntd,969,3,0.13931424957682387,0.019539489498318525,0.17973739662341726,0.8457094789657859,-0.012526599037125769,-0.002662259742236469,0.33750561831554776
C1D02_curve5,C1D,topo+area,,curve5,late,C1D-B,phylo,ses_mntd,969,3,0.1391463867733139,0.017081053193680786,0.17975670336986385,0.8458003220445475,-0.02334559505636907,-0.004961605116673943,0.35108794581570796
MLP01_lsp_evi,MLP,lsp,evi,tabular,late,MLP-B,phylo,ses_mntd,969,3,0.13695228274906238,0.0042856429067086605,0.1799911934356823,0.846903656548727,-0.03032968554839283,-0.006445923637442817,0.35849590577161283
C1D01_curve1d_nbr,C1D,topo+area,nbr,curve1d,late,C1D-B,phylo,ses_mntd,969,3,0.13694981688572108,0.011688665439840342,0.17998906883112983,0.8468936597520512,-0.017195934517273904,-0.003654626771383993,0.34749475832430105
C2D07_hilbert_kndvi_wC,C2D,topo+area,kndvi,hilbert,late,C2D-C,phylo,ses_mntd,969,3,0.13638401639279663,0.017064992653527872,0.1800449837458198,0.8471567534334844,-0.016125511871250667,-0.0034271314145644803,0.3405408295041344
B02_area,BASE,area,,,none,RF,phylo,ses_mntd,969,3,0.13185491115906264,0.0015524157113813578,0.1805222702459748,0.8494025059866339,0.028729467034662098,0.006105831540995838,0.2948339187029567
C2D07_hilbert_kndvi_nperSample,C2D,topo+area,kndvi,hilbert,late,C2D-B,phylo,ses_mntd,969,3,0.13138303848434466,0.030105488046076614,0.18055336160151236,0.8495487986034513,-0.018819000391765536,-0.003999574583942731,0.3257299829834391
MLP01_lsp_ndvi,MLP,lsp,ndvi,tabular,late,MLP-B,phylo,ses_mntd,969,3,0.13040081909541665,0.027311996884143052,0.18065860203648498,0.8500439812148547,-0.0110506879415855,-0.0023485865192705508,0.3321711673764182
C2D07_hilbert_kndvi_patch,C2D,topo+area,kndvi,hilbert,patch,C2D-B,phylo,ses_mntd,969,3,0.1301131882958684,0.011030494093419396,0.18070089796626354,0.8502429941604485,-0.01837821308532543,-0.003905894703446325,0.3336377093331089
C2D07_hilbert_kndvi_patchctx,C2D,topo+area,kndvi,hilbert,patchctx,C2D-B,phylo,ses_mntd,969,3,0.1298572987099089,0.004437446051761346,0.1807294997874556,0.8503775728944918,-0.019079812532818933,-0.00405500460619818,0.3323957286803449
C2D07_hilbert_kndvi_none,C2D,topo+area,kndvi,hilbert,none,C2D-B,phylo,ses_mntd,969,3,0.12913329178648364,0.006535476958186073,0.1808042145104742,0.8507291243838434,-0.014106258352931897,-0.0029979824224671916,0.3295545329365317
C2D02_serpentine_kndvi_patchctx,C2D,topo+area,kndvi,serpentine,patchctx,C2D-B,phylo,ses_mntd,969,3,0.12809060153752763,0.00391118686350956,0.1809129672543132,0.8512408332883675,-0.01597212776150037,-0.0033945329144227606,0.34040563506145344
C2D02_serpentine_kndvi_none,C2D,topo+area,kndvi,serpentine,none,C2D-B,phylo,ses_mntd,969,3,0.12727549063214613,0.016444886505993395,0.18099248298697942,0.8516149747308613,-0.01822360443550663,-0.0038730359535977667,0.3275686300417115
C2D02_serpentine_kndvi_patch,C2D,topo+area,kndvi,serpentine,patch,C2D-B,phylo,ses_mntd,969,3,0.1253144321630457,0.01828514353535741,0.18119442319260728,0.8525651539884453,-0.0189837097979762,-0.004034580032749924,0.32761640081107796
MLP03_lsp-curve-qc_kndvi,MLP,lsp+curve+qc,kndvi,tabular,late,MLP-B,phylo,ses_mntd,969,3,0.12383307838825286,0.01560588124662894,0.18134965522331273,0.8532955595816775,-0.025842288174335867,-0.005492223647448513,0.32994982660088024
RF03_curve-topo-area_nbr,RF,curve+topo+area,nbr,,none,RF,phylo,ses_mntd,969,3,0.12323490951238814,0.0010705857161895523,0.18141630481294035,0.8536091625979454,0.0242222734568729,0.00514792429282322,0.31222795486690463
MLP01_lsp_savi,MLP,lsp,savi,tabular,late,MLP-B,phylo,ses_mntd,969,3,0.11899685206711937,0.02201916175866907,0.1818447402976553,0.8556250588852823,-0.017650624386872035,-0.0037512613432615044,0.36234360032394425
MLP01_lsp_kndvi,MLP,lsp,kndvi,tabular,late,MLP-B,phylo,ses_mntd,969,3,0.11889722225995163,0.0040487377504160125,0.1818642208413019,0.8557167197234096,-0.013233623821859464,-0.002812522683964012,0.3265203307109093
C2D07_hilbert_kndvi_wX,C2D,topo+area,kndvi,hilbert,late,C2D-X,phylo,ses_mntd,969,3,0.1144320615647856,0.01666072989376851,0.18231941683866482,0.8578585309268049,-0.011596050268312535,-0.0024644915756290033,0.3444731406585269
RF03_curve-topo-area_nbr_v2,RF,curve+topo+area,nbr,,none,RF,phylo,ses_mntd,969,3,0.11213653644063666,0.0042863970742004435,0.1825605746500479,0.8589932388442709,0.0282984492045287,0.006014227952986881,0.30488386952061913
C2D08_cos2d_kndvi,C2D,topo+area,kndvi,cos2d,late,C2D-B,phylo,ses_mntd,969,3,0.10454840193729142,0.0009496784742208258,0.18333938203297953,0.8626577226879629,-0.0186756088804652,-0.003969099796110699,0.2926169065939172
C2D02_serpentine_kndvi_wX,C2D,topo+area,kndvi,serpentine,late,C2D-X,phylo,ses_mntd,969,3,0.10404405104758237,0.021088709466238847,0.18338253437364826,0.8628607652613435,0.006877721818051169,0.0014617121423166712,0.34415979720827505
C2D03_gaf_kndvi,C2D,topo+area,kndvi,gaf,late,C2D-B,phylo,ses_mntd,969,3,0.10004673354762023,0.021589526537693308,0.1837908894035816,0.8647821779783728,-0.02723413108189936,-0.005788029981581316,0.31110015628868354
B03_coords,BASE,coords,,,none,RF,phylo,ses_mntd,969,3,0.0957325807321021,0.009220328941853892,0.18423809407195793,0.8668863879768963,0.0367401170187129,0.007808323246723735,0.3551194442245033
B01_topo-area,BASE,topo+area,,,none,RF,phylo,ses_mntd,969,3,0.07950738419606586,0.005360702444563944,0.185884712895494,0.8746341420529479,0.012206306806267933,0.0025941885036315816,0.2601343208077835
C2D04_mtf_kndvi,C2D,topo+area,kndvi,mtf,late,C2D-B,phylo,ses_mntd,969,3,0.05681740124609893,0.022564357791879593,0.18815339087023805,0.8853088402738295,-0.020121368338005027,-0.004276364935623702,0.2304280476756055
C2D05_ndi_kndvi,C2D,topo+area,kndvi,ndi,late,C2D-B,phylo,ses_mntd,969,3,0.030919463206118103,0.0314357732134212,0.1907115048258398,0.8973454072942134,-0.026911165667673865,-0.0057193906152314435,0.2033436920589108
C2D07_hilbert_kndvi_nglobal,C2D,topo+area,kndvi,hilbert,late,C2D-B,phylo,ses_mntd,969,3,0.030331893521017866,0.03752680585614371,0.19076235331480706,0.8975846621733791,-0.02345679133781557,-0.0049852374994702655,0.19279253110277458
C2D02_serpentine_kndvi_nglobal,C2D,topo+area,kndvi,serpentine,late,C2D-B,phylo,ses_mntd,969,3,0.021851937030953967,0.031803955914182475,0.1916015443035216,0.9015332660095946,-0.03564786741041944,-0.007576189037588828,0.18882692417056168
B00_area,BASE,area,,,none,mean,phylo,ses_mntd,969,3,-0.0056405364054168995,0.0011267502477795067,0.194292522186887,0.9141949910952069,0.0098242182896059,0.0020879267208797144,0.001822367449923333
MLP06_curve_kndvi,MLP,curve,kndvi,tabular,late,MLP-B,phylo,ses_mpd,969,5,0.2104190382121276,0.013063121817419629,0.16151375486784084,0.7081434179856353,-0.00418604076312336,-0.0009547545659678938,0.3723089375994467
RF04_lsp-curve-topo-area_kndvi,RF,lsp+curve+topo+area,kndvi,,none,RF,phylo,ses_mpd,969,3,0.2086923706118229,0.0037053598521951526,0.16169434677147376,0.708935207935685,-0.012912027820873534,-0.0029449826734809993,0.36085281467981845
MLP01_lsp_nbr,MLP,lsp,nbr,tabular,late,MLP-B,phylo,ses_mpd,969,3,0.20510580739963782,0.0006043681578101535,0.16206065707174117,0.7105412645114049,-0.003639364359435633,-0.0008300682998603637,0.3578066873472656
RF03_curve-topo-area_kndvi,RF,curve+topo+area,kndvi,,none,RF,phylo,ses_mpd,969,3,0.20468956857484708,0.0014937945553780616,0.16210304245989177,0.7107270996662013,-0.012453015419645733,-0.002840290863078958,0.3652531087955137
RF03_curve-topo-area_ndvi,RF,curve+topo+area,ndvi,,none,RF,phylo,ses_mpd,969,3,0.20433671006114865,0.00445361416282888,0.16213862348805874,0.7108831016792942,-0.011170024328274934,-0.002547665522835394,0.351345075301069
MLP02_curve_nbr,MLP,curve,nbr,tabular,late,MLP-B,phylo,ses_mpd,969,3,0.20320026833654134,0.018867539166714378,0.16224720969342374,0.711359188726346,-0.0025352735681763,-0.0005782466421535669,0.35511270347647245
RF02_lsp-qc-topo-area_kndvi,RF,lsp+qc+topo+area,kndvi,,none,RF,phylo,ses_mpd,969,3,0.20215667716542463,0.001932698601157253,0.16236093716409727,0.7118578172169503,-0.008672232973001433,-0.00197796784518948,0.3648853912540118
MLP02_curve_ndvi,MLP,curve,ndvi,tabular,late,MLP-B,phylo,ses_mpd,969,3,0.19993517969506458,0.015186422731869107,0.16258204064194248,0.7128272267428324,0.0024934222532468353,0.0005687011703624963,0.3519878770327077
RF04_lsp-curve-topo-area_ndvi,RF,lsp+curve+topo+area,ndvi,,none,RF,phylo,ses_mpd,969,3,0.19914151669801886,0.001501949149916032,0.16266747192902717,0.7132017930061735,-0.015317767565029635,-0.0034936851671350916,0.3485407407771853
RF03_curve-topo-area_kndvi_v2,RF,curve+topo+area,kndvi,,none,RF,phylo,ses_mpd,969,3,0.1984551684324376,0.004530686005910021,0.16273677519641128,0.7135056473291884,-0.010033903326309632,-0.0022885383963931172,0.3604873458727662
C2D01_reshape_nbr,C2D,topo+area,nbr,reshape,late,C2D-B,phylo,ses_mpd,969,3,0.1971580733799919,0.018915446457046833,0.1628612800128495,0.714051528182125,0.008055699877413698,0.0018373486249305005,0.32030319544675734
RF08_lsp-curve-topo_kndvi,RF,lsp+curve+topo,kndvi,,none,RF,phylo,ses_mpd,969,3,0.19708000681738347,0.004659978787732223,0.1628762908237717,0.7141173418149136,-0.010328093123777101,-0.002355637373275431,0.3514550236878797
RF01_lsp-topo-area_kndvi,RF,lsp+topo+area,kndvi,,none,RF,phylo,ses_mpd,969,3,0.1959778905403288,0.005366621652262911,0.16298789004684974,0.7146066391836713,-0.012639190755598566,-0.002882753839941836,0.35868091528770535
MLP05a_curve_kndvi,MLP,curve,kndvi,tabular,late,MLP-A,phylo,ses_mpd,969,3,0.1946191288127449,0.023196945543248512,0.16311486954589,0.7151633700734834,0.004762805971666566,0.0010863035038566815,0.3317247463273516
C2D07_hilbert_nbr,C2D,topo+area,nbr,hilbert,late,C2D-B,phylo,ses_mpd,969,3,0.19407641536460088,0.027176299783235,0.1631657911560226,0.7153866315726553,0.005074807846402167,0.001157465069486562,0.3400971649682642
C2D07_hilbert_kndvi_film,C2D,topo+area,kndvi,hilbert,film,C2D-B,phylo,ses_mpd,969,3,0.1936328568842839,0.02601605971030067,0.16321171666449516,0.7155879880860314,0.0009133292100245669,0.00020831264740292914,0.3407415537832585
C2D02_serpentine_nbr,C2D,topo+area,nbr,serpentine,late,C2D-B,phylo,ses_mpd,969,3,0.19355140440175175,0.014435346633391553,0.163229873269426,0.7156675941869808,0.0028531830194705,0.0006507556112160208,0.32920229934954004
MLP02_curve_kndvi,MLP,curve,kndvi,tabular,late,MLP-B,phylo,ses_mpd,969,3,0.1932147474410035,0.02432670325695151,0.16325598613861672,0.7157820838566519,0.0003946330696883993,9.000813572723118e-05,0.3366247035225214
RF01_lsp-topo-area_nbr,RF,lsp+topo+area,nbr,,none,RF,phylo,ses_mpd,969,3,0.1930242423574882,0.0028234490161889642,0.16328743053719405,0.7159199491666574,-0.016909532279355533,-0.0038567357715002756,0.3369165663930637
RF02_lsp-qc-topo-area_nbr,RF,lsp+qc+topo+area,nbr,,none,RF,phylo,ses_mpd,969,3,0.1916208791458646,0.0019413622280988413,0.1634294388670737,0.7165425726960634,-0.018145393596790734,-0.00413861172601056,0.33676631224391623
C2D02_serpentine_kndvi_calendar,C2D,topo+area,kndvi,serpentine,late,C2D-B,phylo,ses_mpd,969,3,0.19046996070098313,0.02537647065468531,0.16353229977144265,0.7169935576444134,-0.005983690908484732,-0.001364763636929739,0.3451266760854912
RF08_lsp-curve-topo_ndvi,RF,lsp+curve+topo,ndvi,,none,RF,phylo,ses_mpd,969,3,0.1898244975608434,0.0047748124735461596,0.1636105305312345,0.7173365538039415,-0.012833065032506369,-0.0029269727956510332,0.34050880647044535
RF03_curve-topo-area_ndvi_v2,RF,curve+topo+area,ndvi,,none,RF,phylo,ses_mpd,969,3,0.18846982145721922,0.004862584183534352,0.16374724103181484,0.7179359494481994,-0.0085494635416117,-0.0019499665232211832,0.34656988439977326
MLP04_curve_all,MLP,curve_all,,tabular,late,MLP-A,phylo,ses_mpd,969,3,0.1882306962425366,0.030492107519354793,0.16375242274849758,0.7179586682473861,-0.0132969769331801,-0.0030327820866825456,0.3348778501122321
RF04_lsp-curve-topo-area_nbr,RF,lsp+curve+topo+area,nbr,,none,RF,phylo,ses_mpd,969,3,0.1869792926142302,0.0002620632552339083,0.1638980377505039,0.7185971049261392,-0.011007610979495734,-0.0025106221935665743,0.3266840552849913
MLP07_curve_all,MLP,curve_all,,tabular,late,MLP-A,phylo,ses_mpd,969,5,0.18550808860458962,0.012731222508172593,0.16404222524508127,0.7192292828191261,-0.01400593818583808,-0.003194482373749142,0.3632104722869035
C1D01_curve1d_kndvi_ctxclim-topo-area,C1D,clim+topo+area,kndvi,curve1d,late,C1D-B,phylo,ses_mpd,969,5,0.18520586367539565,0.017348916758555852,0.16406934434133505,0.7193481842063767,-0.0114076102256044,-0.002601854249873885,0.36974087626331
RF03_curve-topo-area_savi,RF,curve+topo+area,savi,,none,RF,phylo,ses_mpd,969,3,0.18459831373703736,0.0016597204071792451,0.16413779953166116,0.7196483202071531,-0.013936756238935434,-0.0031787033158217257,0.342658269076118
C2D02_serpentine_kndvi_film,C2D,topo+area,kndvi,serpentine,film,C2D-B,phylo,ses_mpd,969,3,0.18385068137404045,0.038019159477566435,0.1641831659347283,0.7198472253700968,0.012054639746013868,0.002749429112108629,0.32920853337778977
MLP05c_curve_kndvi,MLP,curve,kndvi,tabular,late,MLP-C,phylo,ses_mpd,969,3,0.18354921042584874,0.023582607185980133,0.16423191839698334,0.7200609764235891,-0.0007595034114121664,-0.00017322797147653786,0.3342159616149756
RF01_lsp-topo-area_ndvi,RF,lsp+topo+area,ndvi,,none,RF,phylo,ses_mpd,969,3,0.18327405111697972,0.0032576757718826847,0.16427086937987515,0.7202317537185725,-0.012807479903283766,-0.0029211373247780906,0.3553565098147173
RF04_lsp-curve-topo-area_savi,RF,lsp+curve+topo+area,savi,,none,RF,phylo,ses_mpd,969,3,0.18295021587993587,0.004205836756189588,0.1643032887447492,0.7203738936859679,-0.018365370100295198,-0.004188784092456851,0.3419677097641713
RF02_lsp-qc-topo-area_ndvi,RF,lsp+qc+topo+area,ndvi,,none,RF,phylo,ses_mpd,969,3,0.1829270043904957,0.004011599944236235,0.16430565476879375,0.7203842673185745,-0.013661761236413368,-0.0031159822987238428,0.35081985622285283
RF05_lsp_all-topo-area,RF,lsp_all+topo+area,,,none,RF,phylo,ses_mpd,969,3,0.18238187142439247,0.005649419013868468,0.16436013318491166,0.720623123333208,-0.0122686692268509,-0.0027982450782313346,0.3335855180310167
C2D07_hilbert_evi,C2D,topo+area,evi,hilbert,late,C2D-B,phylo,ses_mpd,969,3,0.1823757720542802,0.019490842920080194,0.16435358500826644,0.7205944134057165,0.007497461721364934,0.0017100253477468884,0.312258474347941
RF06_curve_all-topo-area,RF,curve_all+topo+area,,,none,RF,phylo,ses_mpd,969,3,0.18111279624252197,0.005873812191546724,0.16448758901876234,0.7211819426727687,-0.011469140138887732,-0.0026158880276068654,0.3254401226515906
RF08_lsp-curve-topo_nbr,RF,lsp+curve+topo,nbr,,none,RF,phylo,ses_mpd,969,3,0.18098265897407095,0.0008642869598586365,0.16450134854482845,0.72124227015278,-0.0116325704249952,-0.002653163300521818,0.3264099536797022
RF08_lsp-curve-topo_savi,RF,lsp+curve+topo,savi,,none,RF,phylo,ses_mpd,969,3,0.18093636167408278,0.004398442399018968,0.16450561796512977,0.721260989065528,-0.017361119831764,-0.003959734118146702,0.339260767643543
C2D07_hilbert_kndvi_v2,C2D,topo+area,kndvi,hilbert,late,C2D-B,phylo,ses_mpd,969,3,0.1808047568063337,0.015531076295894515,0.16451431978122874,0.7212991414433243,-0.004030416371248466,-0.0009192596658638462,0.3234337261582611
C2D07_hilbert_kndvi_calendar,C2D,topo+area,kndvi,hilbert,late,C2D-B,phylo,ses_mpd,969,3,0.18071464975775967,0.017372927469640195,0.1645221180218449,0.7213333321707253,0.0036539223811819666,0.0008333887017676313,0.3353622402621301
C2D06_cwt_kndvi,C2D,topo+area,kndvi,cwt,late,C2D-B,phylo,ses_mpd,969,3,0.1799396463948653,0.016192954574295686,0.16460075753554812,0.7216781204772574,-0.007631237919895399,-0.0017405370994455235,0.3034463632758999
C2D07_hilbert_kndvi,C2D,topo+area,kndvi,hilbert,late,C2D-B,phylo,ses_mpd,969,3,0.17987829881772519,0.013162657771805676,0.16460869384618626,0.7217129165610094,-0.003368220483752201,-0.0007682256499694359,0.3448189621649811
RF03_curve-topo-area_nbr,RF,curve+topo+area,nbr,,none,RF,phylo,ses_mpd,969,3,0.17918938775928672,0.005716179145472671,0.16468069154598003,0.722028584395373,-0.009890782813938,-0.0022558953882613653,0.317953010760137
RF03_curve-topo-area_evi,RF,curve+topo+area,evi,,none,RF,phylo,ses_mpd,969,3,0.1790991398919083,0.004527841747845902,0.16468999268425277,0.722069364450626,-0.007458284121737766,-0.001701089698467689,0.3296268177690296
C2D01_reshape_evi,C2D,topo+area,evi,reshape,late,C2D-B,phylo,ses_mpd,969,3,0.17801056133134263,0.018692693099583362,0.1647924204733298,0.7225184504415565,0.0056037946265108,0.001278116676153797,0.31072389003919043
RF04_lsp-curve-topo-area_evi,RF,lsp+curve+topo+area,evi,,none,RF,phylo,ses_mpd,969,3,0.1778722766288475,0.003568702355958981,0.16481317276658763,0.7226094371187634,-0.0124688270626375,-0.0028438971916352473,0.33195108595597994
MLP02_curve_evi,MLP,curve,evi,tabular,late,MLP-B,phylo,ses_mpd,969,3,0.17743597843802852,0.025781288799527225,0.16484373022394228,0.7227434137098826,0.006534379027480267,0.0014903648973539092,0.33988447821321105
C1D01_curve1d_nbr_v2,C1D,topo+area,nbr,curve1d,late,C1D-B,phylo,ses_mpd,969,3,0.17689878772741133,0.021539763230485322,0.1649014968515245,0.7229966866099837,0.001492772243493666,0.0003404723451288839,0.31200354523714907
C2D01_reshape_kndvi_ctxclim-topo-area,C2D,clim+topo+area,kndvi,reshape,late,C2D-B,phylo,ses_mpd,969,5,0.17686994017987842,0.013446950311158652,0.16490948750185402,0.7230317209415233,-0.004204450239077842,-0.0009589534097487407,0.3632361553402406
RF08_lsp-curve-topo_evi,RF,lsp+curve+topo,evi,,none,RF,phylo,ses_mpd,969,3,0.176120304871918,0.002316180158681604,0.164988839605517,0.7233796335385542,-0.009744684586222635,-0.0022225732211148164,0.3340826246313464
C1D01_curve1d_kndvi_v2,C1D,topo+area,kndvi,curve1d,late,C1D-B,phylo,ses_mpd,969,3,0.1758861042754233,0.01717751846417692,0.1650064391900703,0.7234567974307001,-0.008467157101594432,-0.0019311940234148471,0.3192323889878702
C2D01_reshape_kndvi,C2D,topo+area,kndvi,reshape,late,C2D-B,phylo,ses_mpd,969,3,0.17468311128981606,0.012796317111297507,0.16512948689975773,0.723996289722144,0.0026447352795337664,0.0006032127317430101,0.3289316093140124
C1D01_curve1d_ndvi_v2,C1D,topo+area,ndvi,curve1d,late,C1D-B,phylo,ses_mpd,969,3,0.17408492872350034,0.005186567649828768,0.16519207942939698,0.7242707213822547,-0.010178835530995767,-0.0023215946163417816,0.31077811465444577
C2D02_serpentine_evi,C2D,topo+area,evi,serpentine,late,C2D-B,phylo,ses_mpd,969,3,0.17344561310062412,0.02804672967845913,0.16524063839356676,0.7244836240597335,0.0007547324588892344,0.00017213980990262034,0.320490304221305
C2D07_hilbert_ndvi,C2D,topo+area,ndvi,hilbert,late,C2D-B,phylo,ses_mpd,969,3,0.17290997991255463,0.011891012809442094,0.16530724658561838,0.7247756620525587,0.0022682605876046,0.0005173461691769689,0.3245724628622122
C2D01_reshape_savi,C2D,topo+area,savi,reshape,late,C2D-B,phylo,ses_mpd,969,3,0.17246825805218946,0.00886402789804423,0.16535263776802567,0.724974675858427,0.006845696123584567,0.0015613702782828016,0.30778051206576207
C2D02_serpentine_kndvi_ctxclim-topo-area,C2D,clim+topo+area,kndvi,serpentine,late,C2D-B,phylo,ses_mpd,969,5,0.17235885195935013,0.015874316559027095,0.16535910115388452,0.7250030140278764,-0.00618439915352202,-0.0014105412879896323,0.3619368800990712
C2D02_serpentine_kndvi_wA,C2D,topo+area,kndvi,serpentine,late,C2D-A,phylo,ses_mpd,969,3,0.1722388048918203,0.022537824857011172,0.16536693281329015,0.7250373512771374,0.0009555788740558679,0.00021794897488445984,0.31864718387407337
C2D09_spectrogram_kndvi,C2D,topo+area,kndvi,spectrogram,late,C2D-B,phylo,ses_mpd,969,3,0.17210393705628038,0.02693582079832709,0.16537613318021668,0.7250776895089333,0.003104944021169067,0.0007081774041478719,0.31871459534950863
RF03_curve-topo-area_nbr_v2,RF,curve+topo+area,nbr,,none,RF,phylo,ses_mpd,969,3,0.1716334059464277,0.0020594404529978147,0.16543752294196837,0.7253468477348176,-0.005704805160174366,-0.0013011552163122513,0.3166376879520301
RF03_curve-topo-area_savi_v2,RF,curve+topo+area,savi,,none,RF,phylo,ses_mpd,969,3,0.17114487836213685,0.0015004572685499327,0.16548633902018298,0.7255608777071124,-0.007045262699967533,-0.0016068875369045384,0.328465492604467
C2D07_hilbert_kndvi_wA,C2D,topo+area,kndvi,hilbert,late,C2D-A,phylo,ses_mpd,969,3,0.1701776607491223,0.013978406198825883,0.1655790074824128,0.7259671747536802,-0.004126126054893567,-0.0009410891851252212,0.3089084403363902
C1D01_curve1d_ndvi,C1D,topo+area,ndvi,curve1d,late,C1D-B,phylo,ses_mpd,969,3,0.1701090957798351,0.012331025908436563,0.16558671265905492,0.7260009574499467,-0.004536194492726399,-0.001034617828426844,0.3292133825549121
C2D02_serpentine_ndvi,C2D,topo+area,ndvi,serpentine,late,C2D-B,phylo,ses_mpd,969,3,0.16984653448752732,0.0077177927339051695,0.16561475429194503,0.7261239036211685,0.005014749615454567,0.001143766953900513,0.3223165249884294
C1D01_curve1d_nbr,C1D,topo+area,nbr,curve1d,late,C1D-B,phylo,ses_mpd,969,3,0.16955407222521335,0.010764138555873992,0.16564279585741515,0.7262468494967935,-0.005977871009653967,-0.0013634362310833593,0.3333685646155853
C1D01_curve1d_kndvi,C1D,topo+area,kndvi,curve1d,late,C1D-B,phylo,ses_mpd,969,3,0.16904826997606512,0.011654577503481424,0.1656928270908501,0.7264662072145288,0.00021350058992256638,4.8695336381128614e-05,0.3348362474258237
RF01_lsp-topo-area_savi,RF,lsp+topo+area,savi,,none,RF,phylo,ses_mpd,969,3,0.16855453008331692,0.005014228914973979,0.1657442705896956,0.7266917568906872,-0.016890010092495866,-0.0038522831399812178,0.33372500111583986
RF02_lsp-qc-topo-area_savi,RF,lsp+qc+topo+area,savi,,none,RF,phylo,ses_mpd,969,3,0.1684830838079713,0.004372527276439379,0.16575151121931747,0.7267235028197755,-0.011901062341282466,-0.0027144010900003583,0.33595365962058915
C2D01_reshape_kndvi_v2,C2D,topo+area,kndvi,reshape,late,C2D-B,phylo,ses_mpd,969,3,0.16840362601499123,0.010495356161021605,0.1657576176830818,0.7267502760944442,0.004219822258836467,0.0009624594687871503,0.32289027540504384
C2D07_hilbert_kndvi_wC,C2D,topo+area,kndvi,hilbert,late,C2D-C,phylo,ses_mpd,969,3,0.16768632913989387,0.02371356949858478,0.16582013741889864,0.7270243885961882,0.0053062816464055675,0.0012102597458791275,0.34546157705162633
C2D02_serpentine_kndvi_wC,C2D,topo+area,kndvi,serpentine,late,C2D-C,phylo,ses_mpd,969,3,0.1673580155823823,0.021930604634088805,0.16585441188629002,0.727174662103903,-0.0019375303055621667,-0.000441913017721402,0.35688810680175015
C2D02_serpentine_kndvi,C2D,topo+area,kndvi,serpentine,late,C2D-B,phylo,ses_mpd,969,3,0.16709920664121455,0.028975115596910333,0.16587303289030872,0.7272563043234337,-0.003962016283725199,-0.0009036589348698371,0.3418781538597559
C2D11_pxcube_kndvi,C2D,topo+area,kndvi,pxcube,late,C2D-B,phylo,ses_mpd,969,3,0.16680098588995604,0.007988145790452383,0.165918191064328,0.7274542965237026,0.0003465504853691001,7.904143245792555e-05,0.31657784919426774
C2D02_serpentine_savi,C2D,topo+area,savi,serpentine,late,C2D-B,phylo,ses_mpd,969,3,0.16674435991466896,0.03342203111011911,0.16590280757063855,0.7273868488947949,-0.0036586740188962997,-0.0008344724580089819,0.312111983476778
C2D02_serpentine_kndvi_mixup,C2D,topo+area,kndvi,serpentine,late,C2D-B,phylo,ses_mpd,969,3,0.16660167529801825,0.028133788590051098,0.16592338678927934,0.7274770767409602,-0.005795366786760101,-0.0013218105637818466,0.3395957015823241
C2D10_stack5,C2D,topo+area,,stack5,late,C2D-B,phylo,ses_mpd,969,3,0.16603664946528876,0.017468490263192766,0.16598944624634013,0.7277667088515601,-0.0037456345025801995,-0.0008543064547505801,0.3144016084037791
C2D07_hilbert_savi,C2D,topo+area,savi,hilbert,late,C2D-B,phylo,ses_mpd,969,3,0.1658828381182892,0.029352553151305753,0.16599365047247092,0.7277851419259734,0.007395305152812867,0.0016867254192970927,0.31990909539219003
C2D01_reshape_ndvi,C2D,topo+area,ndvi,reshape,late,C2D-B,phylo,ses_mpd,969,3,0.16522673998472162,0.011499801323817,0.16607350659791922,0.728135264363956,0.011896474738824334,0.0027133547470138478,0.3182077728095231
MLP02_curve_savi,MLP,curve,savi,tabular,late,MLP-B,phylo,ses_mpd,969,3,0.16413521651385268,0.02505003428882714,0.16617213701345954,0.7285677010913122,-0.0010915000821778997,-0.0002489499615947648,0.3428326504093518
MLP03_lsp-curve-qc_kndvi,MLP,lsp+curve+qc,kndvi,tabular,late,MLP-B,phylo,ses_mpd,969,3,0.16396291441597283,0.028318841107018888,0.16618578065360431,0.728627520479288,-0.005670036348036333,-0.0012932251257993966,0.3452649853441206
RF03_curve-topo-area_evi_v2,RF,curve+topo+area,evi,,none,RF,phylo,ses_mpd,969,3,0.16261715623469422,0.0017576559281715224,0.16633545258146867,0.7292837444068484,-0.0013544953079583845,-0.00030893406276589694,0.32610633276363526
RF02_lsp-qc-topo-area_evi,RF,lsp+qc+topo+area,evi,,none,RF,phylo,ses_mpd,969,3,0.1600864821364348,0.0006856597862747112,0.16658665801761485,0.7303851334267165,-0.006244879992690767,-0.001424335792299916,0.3350601888440076
MLP01_lsp_kndvi,MLP,lsp,kndvi,tabular,late,MLP-B,phylo,ses_mpd,969,3,0.15992097912728334,0.009341277048662852,0.1666013620678357,0.7304496020931167,0.014963667603910468,0.0034129218459400725,0.33205002587541593
C2D02_serpentine_kndvi_v2,C2D,topo+area,kndvi,serpentine,late,C2D-B,phylo,ses_mpd,969,3,0.15926556222665134,0.011182435789154394,0.16666559184276336,0.730731212116925,0.0019336360749565666,0.00044102481938268056,0.3169050125795006
RF01_lsp-topo-area_evi,RF,lsp+topo+area,evi,,none,RF,phylo,ses_mpd,969,3,0.15886284778221813,0.009332419043541833,0.16670626449437356,0.7309095379230048,-0.008842677909596634,-0.0020168430235905036,0.3297831564704321
MLP01_lsp_ndvi,MLP,lsp,ndvi,tabular,late,MLP-B,phylo,ses_mpd,969,3,0.15662344724786062,0.018768705589698904,0.16692280569298013,0.7318589445208605,0.009954138409728001,0.0022703455687022706,0.3209838721187183
MLP01_lsp_evi,MLP,lsp,evi,tabular,late,MLP-B,phylo,ses_mpd,969,3,0.15532768669526698,0.0074700137972273425,0.1670568337889621,0.7324465793886926,0.0006432082574043332,0.00014670330638797435,0.31671765541102065
C1D01_curve1d_savi_v2,C1D,topo+area,savi,curve1d,late,C1D-B,phylo,ses_mpd,969,3,0.1507158748188009,0.008242090705399047,0.1675120494451631,0.7344424339892281,-0.001270994400453167,-0.00028988912813329975,0.2985414535893174
C2D02_serpentine_kndvi_nperSample,C2D,topo+area,kndvi,serpentine,late,C2D-B,phylo,ses_mpd,969,3,0.15025680396252483,0.013498934479669893,0.1675551169064975,0.7346312596362958,0.013689977431690231,0.0031224178646438276,0.2981236769768241
C1D02_curve5,C1D,topo+area,,curve5,late,C1D-B,phylo,ses_mpd,969,3,0.1500774361239804,0.03704904443581894,0.16754953432009678,0.7346067832576849,-0.0004552116003270675,-0.0001038249215637202,0.32958749459154046
C1D01_curve1d_savi,C1D,topo+area,savi,curve1d,late,C1D-B,phylo,ses_mpd,969,3,0.15003387520337,0.012059198101940661,0.1675777921431627,0.7347306772964753,-0.006787787191369267,-0.001548162375978088,0.303634045774486
C1D01_curve1d_evi_v2,C1D,topo+area,evi,curve1d,late,C1D-B,phylo,ses_mpd,969,3,0.14908569525340168,0.0053332466711723415,0.16767350644242826,0.7351503285582978,-0.0014742144699368663,-0.0003362396775462746,0.2979763222223388
C2D02_serpentine_kndvi_noaug,C2D,topo+area,kndvi,serpentine,late,C2D-B,phylo,ses_mpd,969,3,0.14640952962135687,0.029892796339440347,0.16792035052141704,0.7362325955760367,0.008772254220359533,0.002000780748362859,0.3338617013093497
C2D07_hilbert_kndvi_nperSample,C2D,topo+area,kndvi,hilbert,late,C2D-B,phylo,ses_mpd,969,3,0.14549161435500213,0.006182901544212994,0.16802705961611245,0.7367004525898843,0.007086734854230767,0.0016163465295144922,0.3111900595049692
MLP01_lsp_savi,MLP,lsp,savi,tabular,late,MLP-B,phylo,ses_mpd,969,3,0.1451872039910569,0.0056489363198347735,0.16805710568120336,0.7368321870248115,0.011643283863105433,0.0026556068275994985,0.3267237081889394
C2D07_hilbert_kndvi_patchctx,C2D,topo+area,kndvi,hilbert,patchctx,C2D-B,phylo,ses_mpd,969,3,0.14375887035864807,0.02099024255287096,0.1681896889642099,0.7374134872321706,0.004068710384458667,0.0009279937862488554,0.3089875527047639
C1D01_curve1d_evi,C1D,topo+area,evi,curve1d,late,C1D-B,phylo,ses_mpd,969,3,0.14320813544504604,0.012003952303746974,0.16824939853570917,0.7376752788057894,-0.000761141055483,-0.00017360148627071576,0.30229611032582737
C2D02_serpentine_kndvi_patch,C2D,topo+area,kndvi,serpentine,patch,C2D-B,phylo,ses_mpd,969,3,0.1407086030608162,0.03235395527081668,0.16847769461916748,0.7386762237035486,0.004139658298621733,0.0009441756269967573,0.2961531019659904
C2D07_hilbert_kndvi_patch,C2D,topo+area,kndvi,hilbert,patch,C2D-B,phylo,ses_mpd,969,3,0.13846267555892408,0.03143272843003566,0.16869882001658457,0.7396457293339421,0.0034538848131332,0.0007877640190979933,0.2988621125706042
C2D07_hilbert_kndvi_wX,C2D,topo+area,kndvi,hilbert,late,C2D-X,phylo,ses_mpd,969,3,0.1383292271025666,0.015909304350760597,0.16872572511822995,0.7397636924799045,0.006105280599459,0.0013924958830308697,0.36186420443081063
C2D02_serpentine_kndvi_patchctx,C2D,topo+area,kndvi,serpentine,patchctx,C2D-B,phylo,ses_mpd,969,3,0.1285325990750952,0.009993623782657245,0.16968511716534382,0.7439700658874656,0.0038344138441134333,0.0008745552976283619,0.3081033846106764
C2D02_serpentine_kndvi_none,C2D,topo+area,kndvi,serpentine,none,C2D-B,phylo,ses_mpd,969,3,0.12606787690738472,0.012982341484485675,0.1699236593471708,0.7450159339382146,0.0022959813761826986,0.0005236687424544032,0.30486358914522005
C2D07_hilbert_kndvi_none,C2D,topo+area,kndvi,hilbert,none,C2D-B,phylo,ses_mpd,969,3,0.124886975626283,0.007962398540962716,0.17004036365754327,0.7455276141310775,0.012426817195949368,0.002834315557268584,0.30296127410590906
C2D02_serpentine_kndvi_wX,C2D,topo+area,kndvi,serpentine,late,C2D-X,phylo,ses_mpd,969,3,0.12344039849088957,0.010863423775481657,0.17017983742898632,0.7461391251030677,0.022409299793415164,0.005111125884484369,0.3593586856093993
B02_area,BASE,area,,,none,RF,phylo,ses_mpd,969,3,0.1210801888217627,0.004554252989605159,0.17041060202965808,0.747150893006077,0.004851869022699233,0.0011066170553589907,0.30045293000808754
B03_coords,BASE,coords,,,none,RF,phylo,ses_mpd,969,3,0.10861245380857314,0.0032287505738167535,0.17161520401182728,0.7524323686653083,0.014825534176998901,0.0033814162951058737,0.38022880742470294
C2D03_gaf_kndvi,C2D,topo+area,kndvi,gaf,late,C2D-B,phylo,ses_mpd,969,3,0.0842384207727863,0.02288224389784801,0.1739368686198998,0.7626115110691366,-6.289790955146812e-05,-1.4345791102448116e-05,0.2503494278971867
B01_topo-area,BASE,topo+area,,,none,RF,phylo,ses_mpd,969,3,0.08020801974805664,0.0028744335634911496,0.17432810544730556,0.7643268558979885,-0.019894201855028132,-0.004537480911486122,0.282052643238299
C2D08_cos2d_kndvi,C2D,topo+area,kndvi,cos2d,late,C2D-B,phylo,ses_mpd,969,3,0.08014970873942014,0.014941571128953609,0.17432993429435775,0.7643348743234383,0.011067594200288933,0.0025243032007938025,0.23446809365318122
C2D07_hilbert_kndvi_nglobal,C2D,topo+area,kndvi,hilbert,late,C2D-B,phylo,ses_mpd,969,3,0.06215351499269473,0.027726971139671316,0.176017938639727,0.7717357868196059,0.00021411020362710012,4.883437742272609e-05,0.1617449579716058
C2D04_mtf_kndvi,C2D,topo+area,kndvi,mtf,late,C2D-B,phylo,ses_mpd,969,3,0.057512560058792704,0.00940520696566483,0.17646441465570165,0.7736933232056531,0.007308563021866397,0.0016669412245724502,0.17864413361431605
C2D02_serpentine_kndvi_nglobal,C2D,topo+area,kndvi,serpentine,late,C2D-B,phylo,ses_mpd,969,3,0.05480787603585854,0.027045115715062,0.17670674597462152,0.7747558044079833,-0.007517493418144433,-0.0017145941885792066,0.1417434168515115
C2D05_ndi_kndvi,C2D,topo+area,kndvi,ndi,late,C2D-B,phylo,ses_mpd,969,3,0.0054218567481975335,0.005782593293697604,0.1812763665610818,0.7947909199536612,0.015049884418611397,0.003432586226235669,0.07364277354993583
B00_area,BASE,area,,,none,mean,phylo,ses_mpd,969,3,-0.0052347239677396,0.0034882271627986856,0.1822452674471412,0.7990389840625345,0.0116183673197433,0.002649923848171132,0.0374824900631238
RF04_lsp-curve-topo-area_kndvi,RF,lsp+curve+topo+area,kndvi,,none,RF,phylo,ses_pd,969,3,0.20006976229262138,0.0026512153178045285,0.16144502547753722,0.721544335612204,-0.0035014616344191327,-0.0007834495191453283,0.3376852049304795
RF03_curve-topo-area_ndvi,RF,curve+topo+area,ndvi,,none,RF,phylo,ses_pd,969,3,0.19853335104127848,0.0025127934677631474,0.16160000897033364,0.7222370014965188,0.0022004760544046312,0.0004923549325138084,0.33583305007827385
RF03_curve-topo-area_kndvi_v2,RF,curve+topo+area,kndvi,,none,RF,phylo,ses_pd,969,3,0.19648002750458407,0.0013658468322392352,0.16180697628291082,0.7231619980494025,0.0009631289598830648,0.0002154994111824675,0.33065555552811315
RF03_curve-topo-area_kndvi,RF,curve+topo+area,kndvi,,none,RF,phylo,ses_pd,969,3,0.1962284161844443,0.0024566474541773855,0.16183222123084406,0.7232748249954805,0.0018803654526227676,0.00042073041589078645,0.3375852956152543
MLP01_lsp_nbr,MLP,lsp,nbr,tabular,late,MLP-B,phylo,ses_pd,969,3,0.19372862575860159,0.02081769915182518,0.16207479850994952,0.7243589727489897,-0.007034743629433402,-0.001574018821058581,0.34828806919354866
RF02_lsp-qc-topo-area_kndvi,RF,lsp+qc+topo+area,kndvi,,none,RF,phylo,ses_pd,969,3,0.1937197187803664,0.006312548013626671,0.16208387633827684,0.7243995441793567,-0.0069397594186219,-0.0015527661722918003,0.3470126938450266
C2D01_reshape_nbr,C2D,topo+area,nbr,reshape,late,C2D-B,phylo,ses_pd,969,3,0.1936226712305444,0.018070256412136526,0.16208765790394294,0.7244164450858915,-0.002782155863633134,-0.0006225053709355676,0.3368277864449148
RF01_lsp-topo-area_nbr,RF,lsp+topo+area,nbr,,none,RF,phylo,ses_pd,969,3,0.19318253183483922,0.0009876756204687655,0.1621386679470547,0.7246444236659547,-0.005997275156459332,-0.0013418859973571417,0.32284416645703035
C2D02_serpentine_nbr,C2D,topo+area,nbr,serpentine,late,C2D-B,phylo,ses_pd,969,3,0.19199661842540403,0.01437183901630961,0.16225354745389886,0.7251578532819876,-0.011710516964551236,-0.0026202197375619282,0.34203439364322064
RF03_curve-topo-area_savi,RF,curve+topo+area,savi,,none,RF,phylo,ses_pd,969,3,0.19191175618724318,0.004703822689343542,0.16226586738773388,0.7252129146160078,-0.006579711130464068,-0.0014722056271030334,0.3455904737189422
RF08_lsp-curve-topo_kndvi,RF,lsp+curve+topo,kndvi,,none,RF,phylo,ses_pd,969,3,0.1911885791007182,0.0030112788743724824,0.16233873039664687,0.7255385603966774,-0.0015436051512459682,-0.0003453805409735754,0.3325893550478969
RF04_lsp-curve-topo-area_ndvi,RF,lsp+curve+topo+area,ndvi,,none,RF,phylo,ses_pd,969,3,0.18980318681470357,0.0009269828660349222,0.1624778735947734,0.7261604314400879,-0.0033280375665062,-0.0007446460088400801,0.336997837370655
C2D02_serpentine_kndvi_calendar,C2D,topo+area,kndvi,serpentine,late,C2D-B,phylo,ses_pd,969,3,0.18940061208050354,0.02538535031062566,0.162504981575492,0.7262815848164746,-0.014849930221651103,-0.0033226611930089714,0.3539141126275242
RF02_lsp-qc-topo-area_nbr,RF,lsp+qc+topo+area,nbr,,none,RF,phylo,ses_pd,969,3,0.18932769517888612,0.0051152276638600485,0.16252502364238727,0.7263711585881002,-0.0063696754917444325,-0.0014252103041953827,0.31923470806396453
MLP06_curve_kndvi,MLP,curve,kndvi,tabular,late,MLP-B,phylo,ses_pd,969,5,0.18860609053121574,0.018155344963772347,0.16258976175090023,0.7266604918478745,-0.013880482158009341,-0.003105747886911159,0.35135793771041335
RF03_curve-topo-area_ndvi_v2,RF,curve+topo+area,ndvi,,none,RF,phylo,ses_pd,969,3,0.18702877198969026,0.003361094289729019,0.16275561405482553,0.7274017335807278,-0.00026341938239196616,-5.893989711036376e-05,0.3211510342796026
RF01_lsp-topo-area_kndvi,RF,lsp+topo+area,kndvi,,none,RF,phylo,ses_pd,969,3,0.18485586363457962,0.004599366428635329,0.16297277584734304,0.7283722922017751,-0.0068481947395581,-0.001532278641291013,0.3383137031283308
RF04_lsp-curve-topo-area_savi,RF,lsp+curve+topo+area,savi,,none,RF,phylo,ses_pd,969,3,0.18484257809406937,0.001683049505040841,0.1629744777849408,0.7283798986512746,-0.006982201626078266,-0.001562262585645668,0.3502785904569699
C2D07_hilbert_kndvi_calendar,C2D,topo+area,kndvi,hilbert,late,C2D-B,phylo,ses_pd,969,3,0.18409185227529348,0.020845769255031045,0.16304070246691363,0.7286758758361639,-0.015224994539088897,-0.003406581563935427,0.34248676735395867
C1D01_curve1d_kndvi_ctxclim-topo-area,C1D,clim+topo+area,kndvi,curve1d,late,C1D-B,phylo,ses_pd,969,5,0.18370970707040496,0.022265050730231783,0.16307575959769555,0.7288325562545521,-0.01649421782339748,-0.003690569359776172,0.35823166078926855
C2D07_hilbert_nbr,C2D,topo+area,nbr,hilbert,late,C2D-B,phylo,ses_pd,969,3,0.1827377267364537,0.029718126990006484,0.16316678533449996,0.72923937649935,-0.0070755645927209,-0.0015831524821971938,0.33666777019440736
RF08_lsp-curve-topo_ndvi,RF,lsp+curve+topo,ndvi,,none,RF,phylo,ses_pd,969,3,0.18211099225383678,0.006039214338295662,0.1632466274116898,0.7295962137470099,-0.0018359320021665664,-0.0004107884633496866,0.3345467190186105
C2D06_cwt_kndvi,C2D,topo+area,kndvi,cwt,late,C2D-B,phylo,ses_pd,969,3,0.18208717510709027,0.020895971304529172,0.16324083497247857,0.729570325667214,-0.018383904722440864,-0.0041133854425907885,0.3302580373092551
MLP02_curve_nbr,MLP,curve,nbr,tabular,late,MLP-B,phylo,ses_pd,969,3,0.18198510660724623,0.013299501463828474,0.16325632439569424,0.7296395523624937,-0.008031425385391568,-0.0017970256462000143,0.3405900137009213
MLP04_curve_all,MLP,curve_all,,tabular,late,MLP-A,phylo,ses_pd,969,3,0.1818043205356398,0.014133951868693307,0.16327390812358997,0.7297181391088156,-0.014577728375532803,-0.0032617562259644804,0.33862292279966993
RF08_lsp-curve-topo_savi,RF,lsp+curve+topo,savi,,none,RF,phylo,ses_pd,969,3,0.18172004090887983,0.0027549308343905745,0.1632862278521833,0.7297731995255519,-0.005777456971836167,-0.001292701836848413,0.34641554823706455
MLP07_curve_all,MLP,curve_all,,tabular,late,MLP-A,phylo,ses_pd,969,5,0.1800993307747377,0.0076111316286920664,0.16344660400681718,0.7304899667693926,-0.021981602687554416,-0.004918367771424994,0.3541476781015906
RF06_curve_all-topo-area,RF,curve_all+topo+area,,,none,RF,phylo,ses_pd,969,3,0.1796059594325388,0.0007990040355705636,0.16349716364783148,0.7307159323727088,-0.0039089728981234655,-0.0008746298709324541,0.3153832238555319
RF01_lsp-topo-area_ndvi,RF,lsp+topo+area,ndvi,,none,RF,phylo,ses_pd,969,3,0.17944604526765487,0.004212558033108576,0.1635127515919689,0.7307855993863747,-0.009145754566531867,-0.0020463559980028836,0.3423946285922818
MLP02_curve_ndvi,MLP,curve,ndvi,tabular,late,MLP-B,phylo,ses_pd,969,3,0.17935436788230277,0.01700916250389709,0.16351639269998394,0.7308018725471971,-0.003018620360109997,-0.0006754141317338187,0.3500947481725419
RF02_lsp-qc-topo-area_ndvi,RF,lsp+qc+topo+area,ndvi,,none,RF,phylo,ses_pd,969,3,0.1790107000258505,0.0060069973138821035,0.16355575108719386,0.7309777765198723,-0.0064300410796725655,-0.0014387170610223982,0.3346344746165603
C2D07_hilbert_kndvi_film,C2D,topo+area,kndvi,hilbert,film,C2D-B,phylo,ses_pd,969,3,0.17898733918581922,0.015508838925032974,0.16355394636003392,0.730969710674203,-0.007501228259436166,-0.0016783944210856758,0.3339713287624071
RF05_lsp_all-topo-area,RF,lsp_all+topo+area,,,none,RF,phylo,ses_pd,969,3,0.1786289829823359,0.005247352556897771,0.16359394342110525,0.7311484690643845,-0.011289287300786202,-0.0025259699036404414,0.33746505756474937
RF03_curve-topo-area_evi,RF,curve+topo+area,evi,,none,RF,phylo,ses_pd,969,3,0.17849765336377585,0.0036010616940046524,0.16360731506823414,0.7312082308081426,-0.004626133484365499,-0.0010350940356453453,0.3322699600180359
RF03_curve-topo-area_savi_v2,RF,curve+topo+area,savi,,none,RF,phylo,ses_pd,969,3,0.17775206706581623,0.005088918482038798,0.1636812824159757,0.7315388121972276,0.0017874145412634334,0.0003999327164121592,0.33710375650013785
RF04_lsp-curve-topo-area_nbr,RF,lsp+curve+topo+area,nbr,,none,RF,phylo,ses_pd,969,3,0.17746923908967638,0.0018698701164726343,0.1637098822583518,0.7316666331332078,-0.0023620996363495675,-0.000528518092581763,0.30677927349335143
C2D02_serpentine_kndvi_wA,C2D,topo+area,kndvi,serpentine,late,C2D-A,phylo,ses_pd,969,3,0.17718118424635454,0.0353869292181276,0.16371321751284698,0.7316815393465252,-0.010242607534623796,-0.0022917760597215655,0.3410927828036387
RF08_lsp-curve-topo_nbr,RF,lsp+curve+topo,nbr,,none,RF,phylo,ses_pd,969,3,0.17690875918652463,0.003655286167319019,0.1637654510022348,0.7319149858605046,0.0009361884976793003,0.00020947150216538203,0.3081904301976513
RF04_lsp-curve-topo-area_evi,RF,lsp+curve+topo+area,evi,,none,RF,phylo,ses_pd,969,3,0.1767414916243156,0.000603530964413346,0.1637823518909719,0.7319905208018817,-0.0051970497962448335,-0.001162836149286494,0.33799036237184493
C2D07_hilbert_kndvi,C2D,topo+area,kndvi,hilbert,late,C2D-B,phylo,ses_pd,969,3,0.17627320512405317,0.026494167759146044,0.16381478145428793,0.7321354578641904,-0.020279379746070834,-0.004537496614113369,0.346784925401743
C2D07_hilbert_kndvi_v2,C2D,topo+area,kndvi,hilbert,late,C2D-B,phylo,ses_pd,969,3,0.17544602704694626,0.023978971185084137,0.16389960430537634,0.7325145556255013,-0.0141570992999726,-0.003167640773221313,0.32913499558474796
MLP05a_curve_kndvi,MLP,curve,kndvi,tabular,late,MLP-A,phylo,ses_pd,969,3,0.1747984192680222,0.010778235419343118,0.16397319922275808,0.7328434725160005,-0.002181963945655001,-0.0004882128615124575,0.33218569512419766
C2D07_hilbert_evi,C2D,topo+area,evi,hilbert,late,C2D-B,phylo,ses_pd,969,3,0.17401193410457738,0.013147909840212269,0.16405019047212574,0.7331875685927214,-0.00721454963963207,-0.0016142502863543441,0.3203591412341282
C2D09_spectrogram_kndvi,C2D,topo+area,kndvi,spectrogram,late,C2D-B,phylo,ses_pd,969,3,0.17365851030462606,0.02868726813478417,0.16407231080650178,0.733286430740525,-0.007116292510818037,-0.001592265324541469,0.3301694244225122
MLP02_curve_evi,MLP,curve,evi,tabular,late,MLP-B,phylo,ses_pd,969,3,0.1731788148424048,0.020079369142926316,0.16412831330308345,0.7335367220336083,-0.006672522515650564,-0.0014929721077009672,0.34732945106321633
RF08_lsp-curve-topo_evi,RF,lsp+curve+topo,evi,,none,RF,phylo,ses_pd,969,3,0.1728854465675385,0.004325565580356652,0.16416510496085604,0.7337011545528825,-0.006130406450009833,-0.0013716740284153868,0.33038428517401774
C2D02_serpentine_kndvi_ctxclim-topo-area,C2D,clim+topo+area,kndvi,serpentine,late,C2D-B,phylo,ses_pd,969,5,0.17273667858818845,0.019733963333455916,0.16417096235555964,0.7337273329374895,-0.01578292952361108,-0.003531419114928838,0.35135574437000866
C2D07_hilbert_kndvi_wA,C2D,topo+area,kndvi,hilbert,late,C2D-A,phylo,ses_pd,969,3,0.1719884481897389,0.020459150788181085,0.16424608939981744,0.7340630973444457,-0.018529256571260068,-0.004145907814089852,0.3395269514174657
C1D01_curve1d_kndvi_v2,C1D,topo+area,kndvi,curve1d,late,C1D-B,phylo,ses_pd,969,3,0.1717617553206924,0.0047622006757786954,0.16427650475838598,0.7341990323453902,-0.02015934295772853,-0.0045106384691655345,0.33367427819557793
C2D02_serpentine_kndvi,C2D,topo+area,kndvi,serpentine,late,C2D-B,phylo,ses_pd,969,3,0.17158081548464832,0.030450799603820345,0.16427640231930693,0.7341985745156303,-0.017972087693984732,-0.004021241679041215,0.34037350431712116
C1D01_curve1d_ndvi_v2,C1D,topo+area,ndvi,curve1d,late,C1D-B,phylo,ses_pd,969,3,0.17141305902711446,0.015051475683661608,0.16430700286825065,0.7343353371857199,-0.0200369311846425,-0.004483248923091616,0.3264568825475101
RF01_lsp-topo-area_savi,RF,lsp+topo+area,savi,,none,RF,phylo,ses_pd,969,3,0.17069692834645675,0.004483277504393411,0.16438212458790977,0.7346710777955104,-0.008463729067975998,-0.001893753283857454,0.34393635477613227
C2D10_stack5,C2D,topo+area,,stack5,late,C2D-B,phylo,ses_pd,969,3,0.16979070288102208,0.010267302598206997,0.1644702193642282,0.735064798733406,-0.013235617155836266,-0.002961459807070481,0.3423683801679764
C2D01_reshape_kndvi,C2D,topo+area,kndvi,reshape,late,C2D-B,phylo,ses_pd,969,3,0.16975822834766333,0.025291545377433135,0.16446274186321172,0.7350313796268896,-0.013825605559906565,-0.0030934692876047067,0.3353852881416077
RF03_curve-topo-area_evi_v2,RF,curve+topo+area,evi,,none,RF,phylo,ses_pd,969,3,0.16968736427980077,0.0004072759048500267,0.1644825474569818,0.7351198965319843,-0.0010646144385534327,-0.0002382067139508233,0.32946429779561087
RF03_curve-topo-area_nbr,RF,curve+topo+area,nbr,,none,RF,phylo,ses_pd,969,3,0.16872813432392778,0.0039711681410409296,0.1645772210117045,0.7355430199260958,-0.00024093116140253465,-5.390817385872958e-05,0.30502442531552193
MLP02_curve_kndvi,MLP,curve,kndvi,tabular,late,MLP-B,phylo,ses_pd,969,3,0.16848479124439866,0.004324107532919113,0.1646012501758258,0.735650413184017,-0.011233524008860768,-0.002513492907229718,0.3230710248552873
C2D01_reshape_kndvi_ctxclim-topo-area,C2D,clim+topo+area,kndvi,reshape,late,C2D-B,phylo,ses_pd,969,5,0.16842222797514814,0.01720040080675552,0.16460078398223685,0.7356483296305447,-0.017270120297547396,-0.0038641769796058456,0.34750249766374447
C2D07_hilbert_ndvi,C2D,topo+area,ndvi,hilbert,late,C2D-B,phylo,ses_pd,969,3,0.16770908417372812,0.01792710792513726,0.1646720295654244,0.7359667466696224,-0.011624291868579767,-0.0026009269344327824,0.3329263816506038
C2D11_pxcube_kndvi,C2D,topo+area,kndvi,pxcube,late,C2D-B,phylo,ses_pd,969,3,0.16761794973159597,0.019343763789333127,0.1646799402836311,0.7360021019485837,-0.016267607880199337,-0.0036398655481773346,0.3434787757836963
C1D01_curve1d_ndvi,C1D,topo+area,ndvi,curve1d,late,C1D-B,phylo,ses_pd,969,3,0.16743469478314632,0.022505792387166136,0.16469544832640387,0.736071411860029,-0.0194365404184157,-0.004348911921516065,0.3288290446017048
C2D01_reshape_savi,C2D,topo+area,savi,reshape,late,C2D-B,phylo,ses_pd,969,3,0.1669430543633148,0.013459005143089566,0.1647505463386908,0.7363176607521922,-0.012972155523689735,-0.002902510456607959,0.3240554122074714
C2D02_serpentine_evi,C2D,topo+area,evi,serpentine,late,C2D-B,phylo,ses_pd,969,3,0.16670011354333858,0.020464687378331924,0.16476994328016206,0.7364043512724198,-0.008733369470894934,-0.001954085129830699,0.34156754933728933
MLP02_curve_savi,MLP,curve,savi,tabular,late,MLP-B,phylo,ses_pd,969,3,0.16582341774244105,0.008949132956568974,0.16486323872373979,0.7368213154907522,-0.0100472817785272,-0.0022480720624575897,0.3481769909440722
C2D02_serpentine_kndvi_film,C2D,topo+area,kndvi,serpentine,film,C2D-B,phylo,ses_pd,969,3,0.16578857875482197,0.023721393227963003,0.16485720209775998,0.7367943360699306,-0.00423578159790403,-0.0009477530821590934,0.32031758910577685
C2D07_hilbert_savi,C2D,topo+area,savi,hilbert,late,C2D-B,phylo,ses_pd,969,3,0.16549852860048261,0.018329484219601004,0.16489026023681688,0.7369420824183353,-0.006438272162630497,-0.0014405587599066686,0.33164267081720056
C1D01_curve1d_nbr_v2,C1D,topo+area,nbr,curve1d,late,C1D-B,phylo,ses_pd,969,3,0.16535580986965784,0.023213718809285522,0.16490047920475587,0.7369877539304204,-0.009713375046328965,-0.0021733606715891034,0.32566277154205553
C2D01_reshape_evi,C2D,topo+area,evi,reshape,late,C2D-B,phylo,ses_pd,969,3,0.16534594442501235,0.004038940435968196,0.1649116798327455,0.737037812764115,-0.009229044028848431,-0.0020649919552158265,0.323350105330106
RF02_lsp-qc-topo-area_savi,RF,lsp+qc+topo+area,savi,,none,RF,phylo,ses_pd,969,3,0.16514593633819752,0.004341256762066426,0.16493138815192396,0.7371258949210323,-0.0072262857799570675,-0.0016168762393003547,0.343594562527006
C2D02_serpentine_kndvi_mixup,C2D,topo+area,kndvi,serpentine,late,C2D-B,phylo,ses_pd,969,3,0.16498580963335838,0.03035884743308461,0.16492920952425802,0.7371161580062706,-0.010522380057478428,-0.00235437496023384,0.3361210485547177
MLP05c_curve_kndvi,MLP,curve,kndvi,tabular,late,MLP-C,phylo,ses_pd,969,3,0.16478677328711291,0.016956390371664364,0.16496159742867306,0.7372609088829477,-0.010957940924759102,-0.0024518313906214256,0.3259639261042098
C2D01_reshape_ndvi,C2D,topo+area,ndvi,reshape,late,C2D-B,phylo,ses_pd,969,3,0.16439497541360126,0.014401277849466041,0.1650018572420167,0.7374408415887403,-0.0032555497438937022,-0.0007284269107321906,0.32665810581267535
C2D02_serpentine_savi,C2D,topo+area,savi,serpentine,late,C2D-B,phylo,ses_pd,969,3,0.16329497730107165,0.016223465846769963,0.16510929135119534,0.7379209955773819,-0.014708935478558699,-0.0032911137207785428,0.3292205310245412
RF03_curve-topo-area_nbr_v2,RF,curve+topo+area,nbr,,none,RF,phylo,ses_pd,969,3,0.1621380696929498,0.0019032287015961487,0.1652285345708265,0.7384539278831657,0.002937897568260001,0.0006573524651894008,0.29752819319021495
RF02_lsp-qc-topo-area_evi,RF,lsp+qc+topo+area,evi,,none,RF,phylo,ses_pd,969,3,0.16056096968716627,0.004094062031493259,0.16538370845543487,0.7391474446833453,-0.003375682838454299,-0.0007553066041270188,0.33500145576897067
C2D01_reshape_kndvi_v2,C2D,topo+area,kndvi,reshape,late,C2D-B,phylo,ses_pd,969,3,0.1603401261158531,0.01781603218966936,0.16539956228739994,0.7392183000263222,-0.011412692760987267,-0.0025535817864907485,0.3305057410142442
C2D02_serpentine_kndvi_wC,C2D,topo+area,kndvi,serpentine,late,C2D-C,phylo,ses_pd,969,3,0.16017514602880278,0.014780432953543667,0.165417763124455,0.7392996448112833,-0.012277858916565063,-0.0027471620907572217,0.33823808805859795
C2D02_serpentine_ndvi,C2D,topo+area,ndvi,serpentine,late,C2D-B,phylo,ses_pd,969,3,0.16014853545922378,0.01472763457551474,0.16542040756164525,0.7393114635630215,-0.008190276893484399,-0.0018325685567398518,0.327291420215003
C1D01_curve1d_kndvi,C1D,topo+area,kndvi,curve1d,late,C1D-B,phylo,ses_pd,969,3,0.15876669568434032,0.012077022672515744,0.16555785972598094,0.7399257768891875,-0.0193953421736661,-0.004339693843922005,0.3270513485784495
C2D07_hilbert_kndvi_wC,C2D,topo+area,kndvi,hilbert,late,C2D-C,phylo,ses_pd,969,3,0.1584272765070206,0.030909723082726662,0.1655754021457254,0.740004179017479,-0.014333193970793768,-0.0032070418290040584,0.33603701886575355
RF01_lsp-topo-area_evi,RF,lsp+topo+area,evi,,none,RF,phylo,ses_pd,969,3,0.1580374534532843,0.004986082931177821,0.1656319540180299,0.7402569256289583,-0.0044918238919795335,-0.0010050423610712088,0.33102465572256606
C2D02_serpentine_kndvi_v2,C2D,topo+area,kndvi,serpentine,late,C2D-B,phylo,ses_pd,969,3,0.1579205570263543,0.01117554145157272,0.16564149851074353,0.7402995827169262,-0.011940774091503301,-0.0026717396038992117,0.3235018322574365
MLP01_lsp_ndvi,MLP,lsp,ndvi,tabular,late,MLP-B,phylo,ses_pd,969,3,0.1573919529398172,0.035273549922797444,0.16567141504278152,0.7404332883183798,-0.004061895699028363,-0.000908846237508513,0.3189061444403695
C1D01_curve1d_savi_v2,C1D,topo+area,savi,curve1d,late,C1D-B,phylo,ses_pd,969,3,0.15675273619545352,0.016337728792016726,0.16575354989017332,0.7408003726166829,-0.012653892891527735,-0.002831299421856581,0.323002415373718
C1D01_curve1d_savi,C1D,topo+area,savi,curve1d,late,C1D-B,phylo,ses_pd,969,3,0.15301657896462983,0.012835853119697031,0.1661223933210059,0.7424488401830126,-0.01942151424416033,-0.004345549825847438,0.3189231495329435
C1D02_curve5,C1D,topo+area,,curve5,late,C1D-B,phylo,ses_pd,969,3,0.15272055154883377,0.0216365350098625,0.16614561746796982,0.7425526355873101,-0.017832563840711267,-0.003990023317348519,0.3265337769559036
C1D01_curve1d_evi,C1D,topo+area,evi,curve1d,late,C1D-B,phylo,ses_pd,969,3,0.15230667500360232,0.009121773263782046,0.16619356145436992,0.7427669110765135,-0.02185409445878936,-0.004889837897063073,0.31997654203844766
MLP01_lsp_kndvi,MLP,lsp,kndvi,tabular,late,MLP-B,phylo,ses_pd,969,3,0.15222217797282608,0.017616762841931255,0.1661974572260816,0.7427843224027719,0.001115690103364167,0.00024963485717040035,0.3148230032146147
C2D07_hilbert_kndvi_patchctx,C2D,topo+area,kndvi,hilbert,patchctx,C2D-B,phylo,ses_pd,969,3,0.1516342704918488,0.02363508753983671,0.16625038663184374,0.7430208791675407,-0.016711768668226334,-0.0037392462046387325,0.30886361951974284
MLP03_lsp-curve-qc_kndvi,MLP,lsp+curve+qc,kndvi,tabular,late,MLP-B,phylo,ses_pd,969,3,0.15126391716323706,0.01214464319340868,0.16629450839714066,0.7432180720493472,-0.01815906369530213,-0.004063077424686371,0.3295306849208472
C1D01_curve1d_nbr,C1D,topo+area,nbr,curve1d,late,C1D-B,phylo,ses_pd,969,3,0.15054055394401467,0.013807102625712196,0.1663645591956105,0.7435311492512708,-0.0176894655704729,-0.003958005182434021,0.32359829263390144
C1D01_curve1d_evi_v2,C1D,topo+area,evi,curve1d,late,C1D-B,phylo,ses_pd,969,3,0.1492662533907596,0.018480643302926574,0.16648640816465443,0.7440757274019684,-0.0226112234639046,-0.005059244966715836,0.32223293713292006
MLP01_lsp_evi,MLP,lsp,evi,tabular,late,MLP-B,phylo,ses_pd,969,3,0.1475461032728585,0.010119891877430764,0.166659227396887,0.7448481063447905,-0.0027919424584659284,-0.0006246951144816467,0.3226257446597686
C2D02_serpentine_kndvi_nperSample,C2D,topo+area,kndvi,serpentine,late,C2D-B,phylo,ses_pd,969,3,0.1468819844517594,0.01938713933540262,0.16671893839077437,0.7451149719808531,-0.00828194588417997,-0.0018530794273931284,0.31039462959367886
C2D07_hilbert_kndvi_patch,C2D,topo+area,kndvi,hilbert,patch,C2D-B,phylo,ses_pd,969,3,0.1467820961519175,0.027268132549823083,0.16672172655103049,0.7451274330723834,-0.014578085040661168,-0.0032618360295301016,0.30457410689971104
C2D02_serpentine_kndvi_noaug,C2D,topo+area,kndvi,serpentine,late,C2D-B,phylo,ses_pd,969,3,0.14630293426302973,0.03044653626207356,0.16676511501950161,0.745321348639392,-0.01198103591012,-0.0026807481568203936,0.3348225615796027
C2D07_hilbert_kndvi_nperSample,C2D,topo+area,kndvi,hilbert,late,C2D-B,phylo,ses_pd,969,3,0.142023254638202,0.017112359518011776,0.16719464034591777,0.7472410210812085,-0.008618289720126302,-0.0019283361184701902,0.3065184356844159
C2D02_serpentine_kndvi_patchctx,C2D,topo+area,kndvi,serpentine,patchctx,C2D-B,phylo,ses_pd,969,3,0.1390375696013455,0.003459024032838063,0.16749063318923252,0.7485638983816628,-0.017216519098872604,-0.003852183750002931,0.3095814230299008
C2D02_serpentine_kndvi_patch,C2D,topo+area,kndvi,serpentine,patch,C2D-B,phylo,ses_pd,969,3,0.13689424553371576,0.02259852424283305,0.16768965056587534,0.7494533643802607,-0.014904655877140767,-0.003334906019014443,0.3012569795887592
C2D07_hilbert_kndvi_none,C2D,topo+area,kndvi,hilbert,none,C2D-B,phylo,ses_pd,969,3,0.1349963938631471,0.009819822629880352,0.1678816828512296,0.7503116119932929,-0.008062108769633597,-0.00180389103132772,0.3149896843359448
C2D07_hilbert_kndvi_wX,C2D,topo+area,kndvi,hilbert,late,C2D-X,phylo,ses_pd,969,3,0.13245213787520385,0.016689417629152433,0.16812503171298362,0.751399208171973,-0.0035122246307286325,-0.0007858577318186731,0.3370332477941651
MLP01_lsp_savi,MLP,lsp,savi,tabular,late,MLP-B,phylo,ses_pd,969,3,0.13040543446165664,0.019034590432811565,0.1683216916142667,0.7522781379339346,0.0011065163978081678,0.00024758224715863003,0.33244362254758925
B02_area,BASE,area,,,none,RF,phylo,ses_pd,969,3,0.13006948513357847,0.0026462373088819613,0.16836079061010545,0.7524528826118343,-0.006851752979262868,-0.0015330747948625087,0.2858190692415696
C2D02_serpentine_kndvi_none,C2D,topo+area,kndvi,serpentine,none,C2D-B,phylo,ses_pd,969,3,0.12848476114093,0.01673124602635297,0.1685090374656025,0.7531154405230479,-0.010282464502394234,-0.002300694027557453,0.31381804532774754
B03_coords,BASE,coords,,,none,RF,phylo,ses_pd,969,3,0.11581916906484334,0.005322141403365238,0.16973376592799141,0.7585891048994257,0.02371502401410137,0.0053062195449272214,0.33355975579668923
C2D02_serpentine_kndvi_wX,C2D,topo+area,kndvi,serpentine,late,C2D-X,phylo,ses_pd,969,3,0.11471987368855836,0.006032365069376866,0.16983910281555126,0.7590598858003856,0.011295246898906569,0.0025273033594281056,0.3333033205420732
C2D03_gaf_kndvi,C2D,topo+area,kndvi,gaf,late,C2D-B,phylo,ses_pd,969,3,0.08976745345257063,0.015306701785011189,0.17221261427910448,0.7696677924049512,-0.019079842899136463,-0.00426910110845085,0.27192211119761883
C2D08_cos2d_kndvi,C2D,topo+area,kndvi,cos2d,late,C2D-B,phylo,ses_pd,969,3,0.08903030095668146,0.004085994733161223,0.172286102889888,0.7699962341806333,-0.01283328540311133,-0.002871438367135,0.2551160722886677
B01_topo-area,BASE,topo+area,,,none,RF,phylo,ses_pd,969,3,0.08379033088496153,0.0058022523695437644,0.17278060561212316,0.77220630932614,-0.009527433748019468,-0.002131756439996832,0.25305547399623113
C2D04_mtf_kndvi,C2D,topo+area,kndvi,mtf,late,C2D-B,phylo,ses_pd,969,3,0.05843059113311457,0.020440723530585698,0.17514922071704297,0.7827923326931973,-0.0136096224209555,-0.003045143215803329,0.1988867949011032
C2D02_serpentine_kndvi_nglobal,C2D,topo+area,kndvi,serpentine,late,C2D-B,phylo,ses_pd,969,3,0.04880357770666186,0.04407396554912804,0.17601812400951408,0.7866757118621922,-0.023353450166133733,-0.005225317656829635,0.16310287924002698
C2D07_hilbert_kndvi_nglobal,C2D,topo+area,kndvi,hilbert,late,C2D-B,phylo,ses_pd,969,3,0.0471154586859051,0.04242739184147867,0.17617659267589328,0.787383953991423,-0.020848045180525836,-0.0046647350955517815,0.16045275997915026
C2D05_ndi_kndvi,C2D,topo+area,kndvi,ndi,late,C2D-B,phylo,ses_pd,969,3,0.0066945305192038325,0.0190032608123744,0.17989836934707748,0.804017646281188,-0.01884094854703203,-0.004215648669205779,0.1194873776631717
B00_area,BASE,area,,,none,mean,phylo,ses_pd,969,3,-0.012972475489324167,0.010211585595066177,0.18167457960456732,0.8119560416969476,-0.003611505297675899,-0.0008080717095517628,-0.019649584463034133
