run_id,family,features,index,substrate,fusion,model,facet,n_targets,R2,R2_min,R2_max,nRMSE,nBias,nBias_abs,spearman
MLP06_curve_kndvi,MLP,curve,kndvi,tabular,late,MLP-B,alpha,3,0.4936749876239334,0.4077962069598988,0.612672033862664,0.1424212863820706,-0.003195354453101493,0.003195354453101493,0.6716999444386492
B03_coords,BASE,coords,,,none,RF,alpha,3,0.489623211545982,0.3726828415665939,0.6632576923927324,0.14208487286973634,-0.005038560359171665,0.005038560359171665,0.662082973699332
C1D01_curve1d_kndvi_ctxclim-topo-area,C1D,clim+topo+area,kndvi,curve1d,late,C1D-B,alpha,3,0.4646279765678416,0.3684532775021413,0.5938341018096329,0.14639756237967652,-0.007276064228777975,0.007276064228777975,0.645659198639626
C2D02_serpentine_kndvi_ctxclim-topo-area,C2D,clim+topo+area,kndvi,serpentine,late,C2D-B,alpha,3,0.4637344770136301,0.36961263676133865,0.5902324693334897,0.14654976618829527,-0.005447854463624154,0.005447854463624154,0.6506187061815787
MLP07_curve_all,MLP,curve_all,,tabular,late,MLP-A,alpha,3,0.46180665496725243,0.38168638126907606,0.5573936946954752,0.14719963740574224,-0.006934818162156731,0.006934818162156731,0.6656020409309901
C2D01_reshape_kndvi_ctxclim-topo-area,C2D,clim+topo+area,kndvi,reshape,late,C2D-B,alpha,3,0.4553224503495826,0.36334694754011176,0.5799174282861407,0.14774785377929284,-0.005102475427309525,0.005102475427309525,0.6448914599646514
RF03_curve-topo-area_kndvi,RF,curve+topo+area,kndvi,,none,RF,alpha,3,0.44676338793207343,0.33215437283925336,0.594130867708648,0.14857703920459442,-0.014229239790957112,0.014229239790957112,0.6504801529818558
MLP05c_curve_kndvi,MLP,curve,kndvi,tabular,late,MLP-C,alpha,3,0.44160093340119455,0.3470640799673376,0.5739402607481962,0.14955485006634708,-0.00016619542211916954,0.0022756847444121,0.6397543466282192
RF03_curve-topo-area_evi,RF,curve+topo+area,evi,,none,RF,alpha,3,0.44098336953776346,0.30619659660140824,0.629297808317857,0.14869579033406738,-0.01596361459329072,0.01596361459329072,0.6352868139271504
RF04_lsp-curve-topo-area_kndvi,RF,lsp+curve+topo+area,kndvi,,none,RF,alpha,3,0.4405479150689024,0.32190141993163235,0.5954072727308156,0.14932205090274916,-0.015013413259201322,0.015013413259201322,0.6473767421688051
RF03_curve-topo-area_nbr,RF,curve+topo+area,nbr,,none,RF,alpha,3,0.43900989288846654,0.28689166019265167,0.6529228117008623,0.14844197188512462,-0.015006136887532042,0.015006136887532042,0.6422915830724002
RF03_curve-topo-area_ndvi,RF,curve+topo+area,ndvi,,none,RF,alpha,3,0.43813063139814057,0.3238744896083672,0.589385638428145,0.14972403431155526,-0.013684662027463977,0.013684662027463977,0.6471417172177772
RF03_curve-topo-area_savi,RF,curve+topo+area,savi,,none,RF,alpha,3,0.4368414309752772,0.29752208295575344,0.6287266702970596,0.14919156038384987,-0.015785641935589914,0.015785641935589914,0.6270268436396513
RF04_lsp-curve-topo-area_nbr,RF,lsp+curve+topo+area,nbr,,none,RF,alpha,3,0.43540472660982515,0.27353531968341604,0.6527031322608142,0.14883175625720427,-0.01621327006059444,0.01621327006059444,0.6348607627950352
MLP02_curve_ndvi,MLP,curve,ndvi,tabular,late,MLP-B,alpha,3,0.43506988452639267,0.33217518550502145,0.5678316080729408,0.15040816833936674,-0.002812507307956301,0.002812507307956301,0.6282043589286058
C2D02_serpentine_kndvi_noaug,C2D,topo+area,kndvi,serpentine,late,C2D-B,alpha,3,0.4336522994368072,0.35248481132241,0.5378269873077689,0.15099695457940535,-0.0019220464621248765,0.003256665480878332,0.6247620906802704
RF06_curve_all-topo-area,RF,curve_all+topo+area,,,none,RF,alpha,3,0.4313293788578704,0.304357544515966,0.5962452535824715,0.15041480116609277,-0.015615537608528698,0.015615537608528698,0.6468996636698802
RF04_lsp-curve-topo-area_ndvi,RF,lsp+curve+topo+area,ndvi,,none,RF,alpha,3,0.4311865254505058,0.31017582780077785,0.5898824727137612,0.15054787000991646,-0.015486903764457332,0.015486903764457332,0.6408276881394119
RF04_lsp-curve-topo-area_evi,RF,lsp+curve+topo+area,evi,,none,RF,alpha,3,0.4309288011334194,0.2891453179064613,0.6278354121565544,0.14991875049859513,-0.0175776567487837,0.0175776567487837,0.6359347554705989
MLP02_curve_kndvi,MLP,curve,kndvi,tabular,late,MLP-B,alpha,3,0.42949780035906393,0.3406243946508192,0.5458371030740158,0.15134992775403697,-0.001031015190360759,0.003044948964649113,0.6325393523528243
MLP03_lsp-curve-qc_kndvi,MLP,lsp+curve+qc,kndvi,tabular,late,MLP-B,alpha,3,0.42878549383829206,0.31128345165806137,0.5729144755904121,0.1509655730967656,-0.002317369087178075,0.0038793367540712474,0.6290600204618445
RF01_lsp-topo-area_nbr,RF,lsp+topo+area,nbr,,none,RF,alpha,3,0.4286506762366267,0.27753312662639956,0.641521099171491,0.14991464440700553,-0.01698327514895711,0.01698327514895711,0.6266302831616432
RF02_lsp-qc-topo-area_nbr,RF,lsp+qc+topo+area,nbr,,none,RF,alpha,3,0.4271893590607471,0.2745780915890455,0.6389252698561266,0.15013191082876068,-0.016930161028485127,0.016930161028485127,0.6219708122467686
RF01_lsp-topo-area_kndvi,RF,lsp+topo+area,kndvi,,none,RF,alpha,3,0.42621587727056093,0.2955786460835946,0.6083686054402752,0.15085688643496237,-0.016407473405326136,0.016407473405326136,0.6439143902627849
MLP05a_curve_kndvi,MLP,curve,kndvi,tabular,late,MLP-A,alpha,3,0.4239298674846639,0.33254747645042654,0.5382958779212551,0.15209323442167685,-0.007793914790338648,0.007793914790338648,0.6337349564094817
RF04_lsp-curve-topo-area_savi,RF,lsp+curve+topo+area,savi,,none,RF,alpha,3,0.4228385112527156,0.27993662132241315,0.6240784401812663,0.15096132573612817,-0.01741592419712346,0.01741592419712346,0.630360970926815
RF02_lsp-qc-topo-area_kndvi,RF,lsp+qc+topo+area,kndvi,,none,RF,alpha,3,0.42176100989092236,0.28928543070649004,0.6081548524419323,0.15139611996310867,-0.01656345055410404,0.01656345055410404,0.6364504543151137
RF01_lsp-topo-area_ndvi,RF,lsp+topo+area,ndvi,,none,RF,alpha,3,0.4197756906271371,0.292135893874426,0.6064630515344492,0.15168630167631994,-0.01666101202189243,0.01666101202189243,0.6381205493249298
C2D01_reshape_nbr,C2D,topo+area,nbr,reshape,late,C2D-B,alpha,3,0.41608283398296525,0.3020885966124292,0.574628883403964,0.15261716082093282,-0.0028738729178268106,0.0028738729178268106,0.6189671022166175
C2D02_serpentine_kndvi_mixup,C2D,topo+area,kndvi,serpentine,late,C2D-B,alpha,3,0.4150107438516917,0.3184401395190416,0.546382331588989,0.1531727115540301,-0.005288873515171808,0.005288873515171808,0.6128997538851065
RF02_lsp-qc-topo-area_ndvi,RF,lsp+qc+topo+area,ndvi,,none,RF,alpha,3,0.4137299965266589,0.2833328454944543,0.6037330464767982,0.1524482190229514,-0.017047696898069453,0.017047696898069453,0.6325137105688746
C2D07_hilbert_kndvi_calendar,C2D,topo+area,kndvi,hilbert,late,C2D-B,alpha,3,0.41304474279389725,0.3153137516344349,0.5431203387340413,0.15343895909540664,-0.005646867722003218,0.005646867722003218,0.6168989576981322
RF05_lsp_all-topo-area,RF,lsp_all+topo+area,,,none,RF,alpha,3,0.4118403365874726,0.2620732188055545,0.6208327879629428,0.15230787741584545,-0.018118361529860103,0.018118361529860103,0.6292130149999077
MLP02_curve_evi,MLP,curve,evi,tabular,late,MLP-B,alpha,3,0.4088408308349869,0.28316093102993595,0.5703488013594105,0.1534881613738642,-0.0044268234217540925,0.0044268234217540925,0.6250986252807894
MLP04_curve_all,MLP,curve_all,,tabular,late,MLP-A,alpha,3,0.40787026713687763,0.3075315268536571,0.5157358168772737,0.15431376836658037,-0.009278647602263015,0.009278647602263015,0.6449834289713084
MLP01_lsp_ndvi,MLP,lsp,ndvi,tabular,late,MLP-B,alpha,3,0.4070326480266598,0.27869431415328694,0.5741793172144285,0.15366681781817257,-0.006643511157720476,0.006643511157720476,0.6116693417338834
C2D07_hilbert_nbr,C2D,topo+area,nbr,hilbert,late,C2D-B,alpha,3,0.40642596192358016,0.2839937341910626,0.5690974690311931,0.1538177498153239,-0.003881609663898203,0.003881609663898203,0.6228923318213833
MLP02_curve_nbr,MLP,curve,nbr,tabular,late,MLP-B,alpha,3,0.4063865570414092,0.29191951430363877,0.5632726225275122,0.15393432499345047,-0.0022571015925963818,0.0022571015925963818,0.6397351600472302
C2D02_serpentine_kndvi,C2D,topo+area,kndvi,serpentine,late,C2D-B,alpha,3,0.40469269290835524,0.30883979202531747,0.5291046419558034,0.15462414026062965,-0.004075500779336892,0.004075500779336892,0.6038686592029319
C2D02_serpentine_kndvi_calendar,C2D,topo+area,kndvi,serpentine,late,C2D-B,alpha,3,0.40236945757530934,0.2991480060057588,0.5428480601944133,0.1547300342793293,-0.005570389602202714,0.005570389602202714,0.5988827369430927
MLP01_lsp_nbr,MLP,lsp,nbr,tabular,late,MLP-B,alpha,3,0.40194271476823035,0.26032557933888717,0.5860275637264398,0.15405388094804212,-0.002532561517304074,0.002532561517304074,0.5907258133757702
C2D02_serpentine_nbr,C2D,topo+area,nbr,serpentine,late,C2D-B,alpha,3,0.4013218039260575,0.2736782884545377,0.5724485058267585,0.1543860552615863,-0.0012253825120687126,0.001971773539780536,0.6195972558406332
MLP01_lsp_kndvi,MLP,lsp,kndvi,tabular,late,MLP-B,alpha,3,0.40117867227262444,0.27865663443641137,0.5631139617491883,0.15452021134532123,-0.0027463041442384608,0.002770656072122542,0.6153677325388601
C2D07_hilbert_ndvi,C2D,topo+area,ndvi,hilbert,late,C2D-B,alpha,3,0.40007776756123264,0.28931790903990473,0.5535906639892091,0.15483979011847573,-0.0018182543995426813,0.002782957533129128,0.5966052925355946
C2D06_cwt_kndvi,C2D,topo+area,kndvi,cwt,late,C2D-B,alpha,3,0.39987879307517743,0.2840774022311259,0.5607537292685713,0.15477089091446683,-0.006996683615831269,0.006996683615831269,0.5743859628396436
C2D07_hilbert_kndvi,C2D,topo+area,kndvi,hilbert,late,C2D-B,alpha,3,0.3996266646353072,0.3047432401309402,0.5216661735547617,0.15532175045543842,-0.005529206375560469,0.005529206375560469,0.6030936208069296
MLP01_lsp_savi,MLP,lsp,savi,tabular,late,MLP-B,alpha,3,0.399440062523939,0.28301883909508074,0.5588937993633007,0.15482630979036363,0.0010573191024659454,0.002970324046767652,0.5836295463633246
C2D02_serpentine_ndvi,C2D,topo+area,ndvi,serpentine,late,C2D-B,alpha,3,0.39920981899890134,0.2949918451947002,0.5360491720544909,0.15518579967665644,-0.005991336353205096,0.005991336353205096,0.6171010059698139
C2D02_serpentine_kndvi_wC,C2D,topo+area,kndvi,serpentine,late,C2D-C,alpha,3,0.3985788557003202,0.2915233262210171,0.5456962606163214,0.15513758593229002,-0.00025992748663824144,0.0019323991865256667,0.6122773739806074
C2D02_serpentine_kndvi_film,C2D,topo+area,kndvi,serpentine,film,C2D-B,alpha,3,0.39724777568475494,0.3089286733347008,0.5169985661756699,0.15566319115306929,0.0020846972562587,0.0030473331406215428,0.5993740634542158
C2D01_reshape_ndvi,C2D,topo+area,ndvi,reshape,late,C2D-B,alpha,3,0.3971802239227646,0.28636689101244217,0.5479102081589761,0.15524164468543508,-0.0021721443372967842,0.0027259184285095424,0.5857293643392072
MLP02_curve_savi,MLP,curve,savi,tabular,late,MLP-B,alpha,3,0.3961253440563965,0.27072040099250766,0.5619517902209777,0.15511938718994514,-0.004025838422991321,0.004025838422991321,0.6228912468232017
C2D09_spectrogram_kndvi,C2D,topo+area,kndvi,spectrogram,late,C2D-B,alpha,3,0.39330085073472637,0.2935168636166507,0.5304302684897402,0.155986167345008,-0.005792287174258432,0.005792287174258432,0.5917054527704799
RF01_lsp-topo-area_evi,RF,lsp+topo+area,evi,,none,RF,alpha,3,0.39318585457219296,0.25617041171457444,0.5962335775123323,0.15498957541787436,-0.01930229842972633,0.01930229842972633,0.6185974703494845
C2D07_hilbert_kndvi_wC,C2D,topo+area,kndvi,hilbert,late,C2D-C,alpha,3,0.3905081122894267,0.2981328108140759,0.5074337205032805,0.1565760877402074,0.00035389920655512345,0.001601356943569575,0.60162008228634
C2D07_hilbert_kndvi_wX,C2D,topo+area,kndvi,hilbert,late,C2D-X,alpha,3,0.3876393528637904,0.30054251838895485,0.5097884441752454,0.15689858794955672,0.008445877871708952,0.008445877871708952,0.6137277920056244
C2D07_hilbert_kndvi_film,C2D,topo+area,kndvi,hilbert,film,C2D-B,alpha,3,0.3844769029962786,0.2632382853687886,0.5400489898201415,0.1568270016625535,-0.0015988448102501353,0.0030172573693527257,0.6062387869707351
RF01_lsp-topo-area_savi,RF,lsp+topo+area,savi,,none,RF,alpha,3,0.38218040728664643,0.24098197419812073,0.5911976025491424,0.1563451867414717,-0.019783102635837747,0.019783102635837747,0.6187462502229369
C1D01_curve1d_nbr,C1D,topo+area,nbr,curve1d,late,C1D-B,alpha,3,0.38143400508854425,0.26857004750628705,0.5328843810426813,0.15732426676014957,-0.006479252578202672,0.006479252578202672,0.6002035280927599
C2D07_hilbert_kndvi_wA,C2D,topo+area,kndvi,hilbert,late,C2D-A,alpha,3,0.37819199684331384,0.29007250862846595,0.48954412696990124,0.15823162318700154,-0.010006546608249635,0.010006546608249635,0.5714598542372756
RF02_lsp-qc-topo-area_evi,RF,lsp+qc+topo+area,evi,,none,RF,alpha,3,0.37766164346178543,0.22803969268484472,0.5923630444669922,0.15681632917184266,-0.018875026045530652,0.018875026045530652,0.6143030187064374
MLP01_lsp_evi,MLP,lsp,evi,tabular,late,MLP-B,alpha,3,0.37731928520567964,0.2602465178817826,0.5405658553063902,0.15771068652799783,-0.001951781635114571,0.0026803802580695857,0.5796004664188249
C1D02_curve5,C1D,topo+area,,curve5,late,C1D-B,alpha,3,0.3770398411562841,0.2502922139454676,0.5429839893781644,0.1576039951831326,-0.0038670860762581587,0.0038670860762581587,0.5891134293805843
RF02_lsp-qc-topo-area_savi,RF,lsp+qc+topo+area,savi,,none,RF,alpha,3,0.37465230131321925,0.2296144038633269,0.5890252024814683,0.15724291616898253,-0.019020626737958752,0.019020626737958752,0.6176565089918722
C2D01_reshape_kndvi,C2D,topo+area,kndvi,reshape,late,C2D-B,alpha,3,0.373892827250699,0.26655349030491743,0.5212636601171571,0.15837535919278145,-0.004588644336998341,0.004588644336998341,0.5859027677881216
C2D02_serpentine_kndvi_wX,C2D,topo+area,kndvi,serpentine,late,C2D-X,alpha,3,0.3720592630714368,0.2626515926953707,0.5196224933319894,0.1585992931923472,0.0034067720289574464,0.003843882923004666,0.6113024005877068
C1D01_curve1d_ndvi,C1D,topo+area,ndvi,curve1d,late,C1D-B,alpha,3,0.3701270827886729,0.25172800724386096,0.5314642262685492,0.15865881962800638,-0.005539736075503958,0.005539736075503958,0.5926408127853643
C2D02_serpentine_kndvi_wA,C2D,topo+area,kndvi,serpentine,late,C2D-A,alpha,3,0.369726795218922,0.291451323400544,0.46457886448948793,0.15949802957326917,-0.009630255637327853,0.009630255637327853,0.5718327689253078
C2D02_serpentine_evi,C2D,topo+area,evi,serpentine,late,C2D-B,alpha,3,0.3680755487085799,0.23592641161053404,0.5449453118082751,0.15865258428593842,-0.003225542095227025,0.003225542095227025,0.5853502107952239
RF08_lsp-curve-topo_kndvi,RF,lsp+curve+topo,kndvi,,none,RF,alpha,3,0.36746472056398544,0.23812948521659602,0.5277138585208799,0.15897008521498937,-0.013749712227672356,0.013749712227672356,0.5975191536852105
RF08_lsp-curve-topo_ndvi,RF,lsp+curve+topo,ndvi,,none,RF,alpha,3,0.36546654253379846,0.2386783476369805,0.5260146809685643,0.1592388174622378,-0.013845217817975259,0.013845217817975259,0.5955862011889616
C2D01_reshape_savi,C2D,topo+area,savi,reshape,late,C2D-B,alpha,3,0.36467177820124874,0.24141665428867418,0.5403221085488373,0.15918031915947226,-0.0016050225831641372,0.0016050225831641372,0.5673805462767243
C2D07_hilbert_evi,C2D,topo+area,evi,hilbert,late,C2D-B,alpha,3,0.36292762909917625,0.23045503328488534,0.5441439313448101,0.15928909420615192,-0.004458796957093087,0.004458796957093087,0.5781532488865568
C2D02_serpentine_savi,C2D,topo+area,savi,serpentine,late,C2D-B,alpha,3,0.3623400077210275,0.23244332882737018,0.5407224564678331,0.15940234367525732,-0.0034832929997726525,0.0034832929997726525,0.580187766368019
C2D07_hilbert_savi,C2D,topo+area,savi,hilbert,late,C2D-B,alpha,3,0.36164054282869923,0.23628342072863026,0.5316594213578821,0.1596156188050574,-0.003149696849169602,0.003149696849169602,0.5846200303828724
C2D11_pxcube_kndvi,C2D,topo+area,kndvi,pxcube,late,C2D-B,alpha,3,0.3603254683646135,0.26171077001248494,0.4936370295608345,0.16031108902027624,-0.008557839557223725,0.008557839557223725,0.5441190652217841
RF08_lsp-curve-topo_nbr,RF,lsp+curve+topo,nbr,,none,RF,alpha,3,0.3585625160025941,0.193862977335732,0.5743027919170337,0.159232819782104,-0.014284378376050377,0.014284378376050377,0.5768534447239014
C2D01_reshape_evi,C2D,topo+area,evi,reshape,late,C2D-B,alpha,3,0.35648122063145143,0.21764089731558275,0.5453416744768793,0.15999714434870557,-0.0002989017915765309,0.0004145607502547626,0.5723559315792898
C1D01_curve1d_evi,C1D,topo+area,evi,curve1d,late,C1D-B,alpha,3,0.3473684033191062,0.224152978899234,0.5115634203006266,0.16153788301917124,-0.005093828938768648,0.005093828938768648,0.5641182414444869
C1D01_curve1d_savi,C1D,topo+area,savi,curve1d,late,C1D-B,alpha,3,0.3472732866297012,0.2284268192984236,0.5039753494431959,0.161636836897487,-0.005311794444383276,0.005311794444383276,0.5647304773411211
C1D01_curve1d_kndvi,C1D,topo+area,kndvi,curve1d,late,C1D-B,alpha,3,0.3419280721969398,0.21941317826712184,0.5068202452977996,0.1622108640966799,-0.0026436585644237618,0.0026436585644237618,0.563397780019473
RF08_lsp-curve-topo_evi,RF,lsp+curve+topo,evi,,none,RF,alpha,3,0.3408744357676028,0.20373403679251664,0.5217044065951036,0.16211030663061604,-0.016028574949655816,0.016028574949655816,0.5830233599161514
RF08_lsp-curve-topo_savi,RF,lsp+curve+topo,savi,,none,RF,alpha,3,0.33651474850921576,0.19497442712705718,0.5232590737597372,0.16257356478358462,-0.016450431284146225,0.016450431284146225,0.5806854491358941
C2D02_serpentine_kndvi_patch,C2D,topo+area,kndvi,serpentine,patch,C2D-B,alpha,3,0.3332237796436576,0.20162539552890868,0.5091107527715482,0.16314304349198316,9.985849032770998e-06,0.0033614680832467644,0.5510555483766426
C2D07_hilbert_kndvi_nperSample,C2D,topo+area,kndvi,hilbert,late,C2D-B,alpha,3,0.3308524049840884,0.2743911894051025,0.3996248491036824,0.16465636541344236,-0.00572977334479946,0.0061144422878801445,0.5960407843640447
C2D07_hilbert_kndvi_patch,C2D,topo+area,kndvi,hilbert,patch,C2D-B,alpha,3,0.3287069030454006,0.20114572183994237,0.5011498573324763,0.16375613875648024,0.00012202153183906159,0.0022322350767177116,0.5268105764810073
C2D10_stack5,C2D,topo+area,,stack5,late,C2D-B,alpha,3,0.32798113198505696,0.2065818299130797,0.49070815286526437,0.16399951583847547,-0.005881124356911392,0.005881124356911392,0.5249492582098856
C2D02_serpentine_kndvi_nperSample,C2D,topo+area,kndvi,serpentine,late,C2D-B,alpha,3,0.3021739849968315,0.2485743397714496,0.36439570077998823,0.16822416753506178,-0.003935665850544598,0.004616274341219251,0.5871341503750538
B01_topo-area,BASE,topo+area,,,none,RF,alpha,3,0.2990438611757902,0.18629390382249386,0.4837108839975601,0.16739860098602663,-0.01624411358736499,0.01624411358736499,0.549899804125742
C2D02_serpentine_kndvi_none,C2D,topo+area,kndvi,serpentine,none,C2D-B,alpha,3,0.2837376598182795,0.1794429363049411,0.41464786381157076,0.1698138396198604,1.8935895669882714e-05,0.0034659769907307496,0.5347718221819172
C2D07_hilbert_kndvi_none,C2D,topo+area,kndvi,hilbert,none,C2D-B,alpha,3,0.2790192286078836,0.2027604957502527,0.369438224796506,0.1707542612474798,-0.0003890510969716064,0.004457194741004967,0.5303010143602469
C2D08_cos2d_kndvi,C2D,topo+area,kndvi,cos2d,late,C2D-B,alpha,3,0.24652387002497042,0.12562348817756866,0.4239697880280135,0.17376483956050606,-0.002909679960057356,0.002909679960057356,0.47178214239678495
B02_area,BASE,area,,,none,RF,alpha,3,0.21207352408270475,0.020338400191947867,0.5145715440614544,0.17598794868679216,-0.0025821671916766305,0.0039974368890606385,0.4550234039626145
C2D04_mtf_kndvi,C2D,topo+area,kndvi,mtf,late,C2D-B,alpha,3,0.14151956774802335,0.08122475053769744,0.17711887640333387,0.18722101167254865,-0.0036432669478151988,0.004956520983540462,0.3984576991456102
C2D03_gaf_kndvi,C2D,topo+area,kndvi,gaf,late,C2D-B,alpha,3,0.1276137903386567,0.0491812310404919,0.1710427507598723,0.18875215146133606,0.0001996262616065688,0.002971436500941777,0.4013896466140962
C2D05_ndi_kndvi,C2D,topo+area,kndvi,ndi,late,C2D-B,alpha,3,0.06458101377489538,0.01699354610484567,0.09874042512773863,0.1954071067304515,-0.0022811662218589135,0.005049489205967723,0.32532226521422697
C2D02_serpentine_kndvi_nglobal,C2D,topo+area,kndvi,serpentine,late,C2D-B,alpha,3,0.03345370557774843,0.028299150185773933,0.04247742804303867,0.1984688340683386,-0.005120013274719659,0.005120013274719659,0.23727087698061225
C2D07_hilbert_kndvi_nglobal,C2D,topo+area,kndvi,hilbert,late,C2D-B,alpha,3,0.02639744721034053,0.0081518724844241,0.0386172311394241,0.1992389287435019,-0.0036102317195639347,0.0036102317195639347,0.23363262369752155
B00_area,BASE,area,,,none,mean,alpha,3,-0.004815412757697123,-0.006480107137099701,-0.0015976525853056668,0.20236889918268386,-0.007038467885342449,0.007038467885342449,-0.001412514475100132
MLP06_curve_kndvi,MLP,curve,kndvi,tabular,late,MLP-B,beta_cover,3,0.3453201645216531,0.2794154742934224,0.38637786205786606,0.21161572015261995,0.003127605067244931,0.013143979895900548,0.60836535392843
RF06_curve_all-topo-area,RF,curve_all+topo+area,,,none,RF,beta_cover,3,0.3441162354055775,0.3206458384306197,0.37182356993683535,0.21233777909584353,0.006092467419825466,0.017865178924627554,0.6009503901176284
B03_coords,BASE,coords,,,none,RF,beta_cover,3,0.34390255054425406,0.24702591903467597,0.411305849841959,0.21159216071831444,0.011109653147686895,0.016424939649918088,0.5913656686039802
RF05_lsp_all-topo-area,RF,lsp_all+topo+area,,,none,RF,beta_cover,3,0.3350693549656692,0.3132867869664875,0.36996242248248307,0.21371419655719914,0.006013723020805068,0.017307331870487806,0.5987904628306194
RF04_lsp-curve-topo-area_evi,RF,lsp+curve+topo+area,evi,,none,RF,beta_cover,3,0.33313003906656263,0.29980042412743063,0.3891577952043382,0.21378035044564017,0.007522611295669129,0.018925031915323704,0.5870317192606698
MLP07_curve_all,MLP,curve_all,,tabular,late,MLP-A,beta_cover,3,0.33080559385172004,0.261188069739241,0.37627766405600777,0.21400525680470373,0.0034475849017222594,0.01344538639230866,0.606250013969614
RF04_lsp-curve-topo-area_nbr,RF,lsp+curve+topo+area,nbr,,none,RF,beta_cover,3,0.32860875412326057,0.2837903777168173,0.3931497406810845,0.21438125528843754,0.006071906554061367,0.01514504263198793,0.5942912021185052
RF04_lsp-curve-topo-area_savi,RF,lsp+curve+topo+area,savi,,none,RF,beta_cover,3,0.3276584896391486,0.2935130654161428,0.3878475490808751,0.2146274425286303,0.008044031570698015,0.019463320893932188,0.578870922158426
RF02_lsp-qc-topo-area_kndvi,RF,lsp+qc+topo+area,kndvi,,none,RF,beta_cover,3,0.32756131689552787,0.29327832516544167,0.36135121944989074,0.21498966705612488,0.007740430823377028,0.01818336152079203,0.5841728426533958
RF03_curve-topo-area_kndvi,RF,curve+topo+area,kndvi,,none,RF,beta_cover,3,0.32710968894433406,0.2876587589883077,0.36672659308871003,0.21502397360361913,0.006649186217524951,0.01773189023378677,0.5777395027825961
RF08_lsp-curve-topo_evi,RF,lsp+curve+topo,evi,,none,RF,beta_cover,3,0.3261131778391389,0.28247916613682805,0.3897616825734123,0.21492162385192537,0.0072067607118392945,0.01968315979702044,0.5778200763855127
RF03_curve-topo-area_nbr,RF,curve+topo+area,nbr,,none,RF,beta_cover,3,0.32576921343898807,0.2900960794912419,0.3925635740368308,0.2148992438355574,0.006298216430956748,0.015253272761313314,0.5886926072219265
RF02_lsp-qc-topo-area_ndvi,RF,lsp+qc+topo+area,ndvi,,none,RF,beta_cover,3,0.32542742840333067,0.2963078475583407,0.3580300776656147,0.21532242470592977,0.006804435503688498,0.017918697130841776,0.5813928804384235
RF04_lsp-curve-topo-area_kndvi,RF,lsp+curve+topo+area,kndvi,,none,RF,beta_cover,3,0.32477210387407945,0.2899496119623572,0.3576247848081466,0.21544874287458046,0.007286359189008672,0.017663516208679356,0.5776217253566999
RF03_curve-topo-area_ndvi,RF,curve+topo+area,ndvi,,none,RF,beta_cover,3,0.3245456560420994,0.28849241802560005,0.3628781650136519,0.21543360550532512,0.006679580388807771,0.018172321893308904,0.5747212899114386
RF04_lsp-curve-topo-area_ndvi,RF,lsp+curve+topo+area,ndvi,,none,RF,beta_cover,3,0.32406174241802205,0.2907143728041166,0.3570640164819318,0.21555415318939944,0.0068448786060362485,0.017761541776860724,0.5755072050528708
RF03_curve-topo-area_evi,RF,curve+topo+area,evi,,none,RF,beta_cover,3,0.3233450717753573,0.2893606260913603,0.38882526189233574,0.21528142281341622,0.007494308311996364,0.01830217766704931,0.5725732469113309
RF08_lsp-curve-topo_nbr,RF,lsp+curve+topo,nbr,,none,RF,beta_cover,3,0.32087086290776146,0.2844149776987282,0.39096174987810367,0.21562968179281272,0.006324843796221887,0.014772200760282905,0.5852912338052632
RF03_curve-topo-area_savi,RF,curve+topo+area,savi,,none,RF,beta_cover,3,0.3198149449363748,0.27960179941289703,0.38623251383846213,0.21580227287779055,0.008061620503398897,0.01849924489471357,0.5681734226649158
RF01_lsp-topo-area_kndvi,RF,lsp+topo+area,kndvi,,none,RF,beta_cover,3,0.3197627096087644,0.2768328955939658,0.36237007866877974,0.21617630933970008,0.00790211249868921,0.018006682498617053,0.5758771506840968
RF08_lsp-curve-topo_savi,RF,lsp+curve+topo,savi,,none,RF,beta_cover,3,0.31833336731070344,0.2795442091516145,0.38263598467600873,0.21613402990453465,0.007797094670717608,0.02016763172780614,0.5696207068690788
RF02_lsp-qc-topo-area_nbr,RF,lsp+qc+topo+area,nbr,,none,RF,beta_cover,3,0.3179850433941973,0.2600999347625698,0.3835511311295589,0.21598744407795514,0.0068349696782085455,0.01650162916354503,0.5835215009948772
RF01_lsp-topo-area_ndvi,RF,lsp+topo+area,ndvi,,none,RF,beta_cover,3,0.31768017122682596,0.2778672093267449,0.35637866583504896,0.2165363609789955,0.007630756077345909,0.018751674713320014,0.5745917532878887
RF02_lsp-qc-topo-area_evi,RF,lsp+qc+topo+area,evi,,none,RF,beta_cover,3,0.3154246767018596,0.2731736299326873,0.36757814057643134,0.21658621498841515,0.006337782763983379,0.018580210194180276,0.573452532957118
MLP03_lsp-curve-qc_kndvi,MLP,lsp+curve+qc,kndvi,tabular,late,MLP-B,beta_cover,3,0.31466555712371796,0.24335501872057883,0.37305218343856733,0.21642257477055502,0.004205868302549401,0.01626877580430554,0.5691435341372493
RF01_lsp-topo-area_nbr,RF,lsp+topo+area,nbr,,none,RF,beta_cover,3,0.31450862509553124,0.2605700409678314,0.37785203335120454,0.21658242754535942,0.006987561480427351,0.016035054502638518,0.5783074393397375
RF01_lsp-topo-area_evi,RF,lsp+topo+area,evi,,none,RF,beta_cover,3,0.3133486550022339,0.27057867909152483,0.3682969329498051,0.2168959478272201,0.00659924420210085,0.01860734758489133,0.5686810042676838
MLP05c_curve_kndvi,MLP,curve,kndvi,tabular,late,MLP-C,beta_cover,3,0.31334199551890335,0.24883500958121849,0.3541131603059426,0.21679615569453178,0.0012484444481734606,0.014479781825721674,0.5810708748728688
RF01_lsp-topo-area_savi,RF,lsp+topo+area,savi,,none,RF,beta_cover,3,0.31092421353852306,0.274931511585708,0.36080354765767314,0.21735363137935818,0.007325485368704768,0.019297779622957253,0.5679031690866531
RF02_lsp-qc-topo-area_savi,RF,lsp+qc+topo+area,savi,,none,RF,beta_cover,3,0.31081543768561565,0.27652272563462055,0.3579560364030559,0.21739700852692287,0.007892526299492093,0.019543272279962397,0.5694095442895682
MLP02_curve_kndvi,MLP,curve,kndvi,tabular,late,MLP-B,beta_cover,3,0.3107496126812938,0.2628885437236205,0.34537432791918726,0.217366582988562,0.003406981295647567,0.015251043824642692,0.5788375149406528
RF08_lsp-curve-topo_kndvi,RF,lsp+curve+topo,kndvi,,none,RF,beta_cover,3,0.3105649651356824,0.26269354894788766,0.35077418086137574,0.21767993442360078,0.008155610602051088,0.018025910970796238,0.5634376611350337
C2D02_serpentine_kndvi_ctxclim-topo-area,C2D,clim+topo+area,kndvi,serpentine,late,C2D-B,beta_cover,3,0.3080334991496277,0.24404510703563248,0.35834829647465505,0.21770403894881954,0.0016834742964832274,0.014162029565736553,0.5843200023493682
MLP02_curve_nbr,MLP,curve,nbr,tabular,late,MLP-B,beta_cover,3,0.3078578177125032,0.22362536072805617,0.36214445202142986,0.21741695304683897,0.002125028970296783,0.015079392998985185,0.5811513258329374
RF08_lsp-curve-topo_ndvi,RF,lsp+curve+topo,ndvi,,none,RF,beta_cover,3,0.3061076985276597,0.25648148058194264,0.3491876762825856,0.21836227448762888,0.0070393208187960014,0.01799577994786664,0.5564533465997064
MLP04_curve_all,MLP,curve_all,,tabular,late,MLP-A,beta_cover,3,0.3060306993389758,0.23972671529836634,0.3467706950049832,0.21797145773941462,0.0031200392859149742,0.013232398490543038,0.5828378586391704
C2D01_reshape_kndvi_ctxclim-topo-area,C2D,clim+topo+area,kndvi,reshape,late,C2D-B,beta_cover,3,0.3042595643722881,0.2495081250555761,0.3393667723383858,0.2183774618554787,-0.00024712403942739005,0.014283757496045836,0.5836792203788325
MLP05a_curve_kndvi,MLP,curve,kndvi,tabular,late,MLP-A,beta_cover,3,0.30418043447910154,0.24533472660805936,0.3375262684294466,0.2183261778908223,0.00525225470169476,0.01660297520084408,0.5746985023142678
C2D07_hilbert_kndvi_wX,C2D,topo+area,kndvi,hilbert,late,C2D-X,beta_cover,3,0.30301118452624415,0.2707689087876335,0.34430540171245044,0.21861586754979712,-0.00277497799537149,0.008184513505874463,0.5676550018922693
C1D01_curve1d_kndvi_ctxclim-topo-area,C1D,clim+topo+area,kndvi,curve1d,late,C1D-B,beta_cover,3,0.3005566198937389,0.2573974053928209,0.32953014699206645,0.21905435546733185,0.001452538860110083,0.014351147907355158,0.5801378845766659
MLP02_curve_evi,MLP,curve,evi,tabular,late,MLP-B,beta_cover,3,0.29996569317011884,0.22256922673778987,0.34770485785816735,0.2187718991664432,0.001966400364930488,0.012611742105233697,0.5666262742699907
C2D02_serpentine_kndvi_noaug,C2D,topo+area,kndvi,serpentine,late,C2D-B,beta_cover,3,0.29954481272978634,0.2616010664095545,0.32333928583470223,0.21926691157687475,0.0016516763606824337,0.015007196532584437,0.5631577294551984
MLP02_curve_ndvi,MLP,curve,ndvi,tabular,late,MLP-B,beta_cover,3,0.2975042330330702,0.23875235514066373,0.3271744137400721,0.21938623363311419,0.002490423613918432,0.015443287000905867,0.5643011233572114
C2D01_reshape_nbr,C2D,topo+area,nbr,reshape,late,C2D-B,beta_cover,3,0.2974882495286258,0.21141296685417876,0.34063880182480827,0.21909519102630884,0.0007091913568372353,0.010594567311385044,0.567872331202559
C2D07_hilbert_kndvi_wC,C2D,topo+area,kndvi,hilbert,late,C2D-C,beta_cover,3,0.2930875036180997,0.2615126382448392,0.3096204455713708,0.22031298541552846,5.593589994889204e-05,0.015341089076714462,0.5603605268464692
C2D02_serpentine_nbr,C2D,topo+area,nbr,serpentine,late,C2D-B,beta_cover,3,0.2843353831334739,0.19258552437691834,0.3397960433115153,0.22104075770969497,0.0016034709937111835,0.011776585085611926,0.5573468777655561
MLP02_curve_savi,MLP,curve,savi,tabular,late,MLP-B,beta_cover,3,0.283494413908797,0.19872419218241455,0.3344242148561501,0.22125863866727094,0.005697705413822613,0.0165920962871736,0.5544724010597255
C2D07_hilbert_nbr,C2D,topo+area,nbr,hilbert,late,C2D-B,beta_cover,3,0.283217488239774,0.1943720441233332,0.33010391004709055,0.22127603464719356,0.0020243773541885313,0.012803992687214693,0.5591190495702323
C2D02_serpentine_kndvi_wC,C2D,topo+area,kndvi,serpentine,late,C2D-C,beta_cover,3,0.2818770633658506,0.24670672064546476,0.30757976870359965,0.22203661800592833,0.0001845055151629501,0.016150991332644714,0.5608067991958818
C2D02_serpentine_kndvi_wX,C2D,topo+area,kndvi,serpentine,late,C2D-X,beta_cover,3,0.2812975218458708,0.24376186826743038,0.3052602208608135,0.22212057318007095,0.0007371576933385265,0.01254117844097107,0.5579554435700727
MLP01_lsp_nbr,MLP,lsp,nbr,tabular,late,MLP-B,beta_cover,3,0.27960101346130833,0.2043269222064017,0.34582450530105663,0.22188638511625544,0.002498010984014551,0.01270045943907266,0.5401904709897493
C1D02_curve5,C1D,topo+area,,curve5,late,C1D-B,beta_cover,3,0.2782116615237811,0.2436793351595676,0.3203570132611771,0.22251010450802267,0.002901296163080699,0.010233213942640968,0.5429918660216745
C2D02_serpentine_kndvi_mixup,C2D,topo+area,kndvi,serpentine,late,C2D-B,beta_cover,3,0.2750783151750888,0.23167880505564897,0.30499331009277925,0.22304153318169326,0.0016776683941882697,0.017739817541312597,0.5463143339772838
C2D07_hilbert_kndvi_nperSample,C2D,topo+area,kndvi,hilbert,late,C2D-B,beta_cover,3,0.27507616753682024,0.2353302731864085,0.30333592825859024,0.22308302864483495,0.0009641579683609532,0.012916182688129814,0.5260983249365005
C2D02_serpentine_kndvi_nperSample,C2D,topo+area,kndvi,serpentine,late,C2D-B,beta_cover,3,0.27468146799068033,0.21014190754159964,0.3127156484845892,0.2228647064788538,0.001975636697534733,0.011230104727905999,0.5284775037564328
C2D02_serpentine_kndvi,C2D,topo+area,kndvi,serpentine,late,C2D-B,beta_cover,3,0.2742965896514474,0.2249157379341938,0.3180166824292479,0.2231296249724233,0.0004948466965015946,0.016006385558930365,0.5467676308010241
C2D07_hilbert_kndvi_calendar,C2D,topo+area,kndvi,hilbert,late,C2D-B,beta_cover,3,0.273374336549797,0.2302346771340672,0.30502000352939257,0.22332201875696925,0.0013768936630618837,0.015635112808015102,0.5486744978549839
C2D07_hilbert_kndvi,C2D,topo+area,kndvi,hilbert,late,C2D-B,beta_cover,3,0.2723673122353079,0.23910923921838467,0.29734826669889597,0.22350602371953676,0.0018434958041330864,0.017243647479431135,0.5423999606339617
C2D02_serpentine_ndvi,C2D,topo+area,ndvi,serpentine,late,C2D-B,beta_cover,3,0.2695849324442347,0.23649437050895616,0.31701286686133434,0.2240129839307952,0.0008396529455210675,0.01624986175542956,0.5427304762866264
C2D07_hilbert_ndvi,C2D,topo+area,ndvi,hilbert,late,C2D-B,beta_cover,3,0.26927027911727447,0.2288780209402972,0.2959414663157265,0.2239702187676814,0.001429763598603925,0.015945620670276415,0.5354724379589156
C2D02_serpentine_kndvi_film,C2D,topo+area,kndvi,serpentine,film,C2D-B,beta_cover,3,0.26421783046500186,0.20710165233162656,0.3067253184784003,0.2245030587033401,-0.000985661302004216,0.017908937128594548,0.538569004912469
C2D01_reshape_kndvi,C2D,topo+area,kndvi,reshape,late,C2D-B,beta_cover,3,0.26414094696491286,0.20982648014455418,0.3002661354813,0.22454978501061293,0.0006906715704195519,0.015035758002184504,0.5396908907656561
C2D01_reshape_ndvi,C2D,topo+area,ndvi,reshape,late,C2D-B,beta_cover,3,0.26331275582989483,0.2039646854510175,0.314112514054879,0.22469489080249846,0.0003651318859801018,0.013209962516137033,0.5393498962914366
C2D02_serpentine_kndvi_calendar,C2D,topo+area,kndvi,serpentine,late,C2D-B,beta_cover,3,0.26183489041178787,0.20990158250946497,0.293716208679428,0.22501196968941686,0.0012620187735312772,0.017658837445611204,0.5415006508631882
C2D07_hilbert_kndvi_film,C2D,topo+area,kndvi,hilbert,film,C2D-B,beta_cover,3,0.2614238632685086,0.21455704812147047,0.30852752555868806,0.22498985485001635,-0.0003698562024063101,0.01582295371059211,0.5305576503419975
MLP01_lsp_kndvi,MLP,lsp,kndvi,tabular,late,MLP-B,beta_cover,3,0.26104692907590743,0.18996853423763282,0.3220798663717998,0.22477558086511415,0.004682053238967462,0.016883823186313655,0.5281175429532055
MLP01_lsp_savi,MLP,lsp,savi,tabular,late,MLP-B,beta_cover,3,0.2589067512725273,0.21211729796793724,0.286707556897037,0.22549106392900772,0.0030277519003489763,0.018402807595301014,0.533042447245708
C2D09_spectrogram_kndvi,C2D,topo+area,kndvi,spectrogram,late,C2D-B,beta_cover,3,0.2539227314014249,0.20863925883797496,0.28774853058337785,0.2261907158715365,0.0007716469024797707,0.014006018885946133,0.5208807243159428
C2D07_hilbert_savi,C2D,topo+area,savi,hilbert,late,C2D-B,beta_cover,3,0.2537047908605687,0.18933818998620255,0.29812452209928736,0.22613631673292747,0.0035963621871773553,0.017544219424229842,0.5258803461001763
C2D07_hilbert_kndvi_wA,C2D,topo+area,kndvi,hilbert,late,C2D-A,beta_cover,3,0.2527221348517445,0.21319360212785643,0.28585791562119767,0.22651975347305017,0.0028261986887083597,0.017120224209401208,0.5235010858140532
MLP01_lsp_ndvi,MLP,lsp,ndvi,tabular,late,MLP-B,beta_cover,3,0.25240900832489915,0.16809000882360955,0.3189546816963751,0.225990896212259,0.0037697104346425905,0.015673833018926255,0.5203734293640735
C1D01_curve1d_nbr,C1D,topo+area,nbr,curve1d,late,C1D-B,beta_cover,3,0.2515895166207005,0.1815522880255702,0.3082417568450651,0.22628098575709013,0.0027223254952044476,0.016258561302805032,0.5278618396868704
C2D02_serpentine_kndvi_patch,C2D,topo+area,kndvi,serpentine,patch,C2D-B,beta_cover,3,0.25063443181913436,0.23736982750258484,0.26844476733159456,0.22704892204894397,0.000233237643432398,0.01504714580504235,0.5321237425920525
C2D02_serpentine_savi,C2D,topo+area,savi,serpentine,late,C2D-B,beta_cover,3,0.25043047848762534,0.18471339784848353,0.3037919828338687,0.22663175476852424,0.0015411099053530863,0.018357785938961774,0.5268356730698552
C2D01_reshape_savi,C2D,topo+area,savi,reshape,late,C2D-B,beta_cover,3,0.25039592420577483,0.18867074623487276,0.2949175011249285,0.22664575135337936,0.0008117706388724525,0.01462696214232608,0.5221080841612118
C2D02_serpentine_evi,C2D,topo+area,evi,serpentine,late,C2D-B,beta_cover,3,0.25028872372466354,0.18485206877624413,0.31666571953810946,0.2266749953737175,0.0010212626870800612,0.01553625133781831,0.5299874141201791
MLP01_lsp_evi,MLP,lsp,evi,tabular,late,MLP-B,beta_cover,3,0.24947883901337567,0.18696501370918836,0.2854852640665854,0.22675044771006272,0.0006519854650124224,0.017646250889607695,0.5264874733337704
C2D07_hilbert_evi,C2D,topo+area,evi,hilbert,late,C2D-B,beta_cover,3,0.24929350321783472,0.18842015366270506,0.295895378823216,0.22685385399617172,0.003226611307504511,0.014729822757631933,0.5229154147811959
C2D01_reshape_evi,C2D,topo+area,evi,reshape,late,C2D-B,beta_cover,3,0.24719980964946553,0.18711497370452249,0.30308771430101866,0.22718988933206194,0.0007226874369943933,0.014034317090325184,0.530369154304881
C2D07_hilbert_kndvi_patch,C2D,topo+area,kndvi,hilbert,patch,C2D-B,beta_cover,3,0.24529198802082144,0.2395667136649828,0.2504778313239876,0.22790219646673984,0.0007524132355415394,0.014289191156202093,0.5162749764761564
C2D07_hilbert_kndvi_none,C2D,topo+area,kndvi,hilbert,none,C2D-B,beta_cover,3,0.24392373968145223,0.19504681070762195,0.2718324458679559,0.22828743783672775,0.0010299302107179239,0.013398247946199164,0.5212922772777104
C2D02_serpentine_kndvi_wA,C2D,topo+area,kndvi,serpentine,late,C2D-A,beta_cover,3,0.24083490280232397,0.2110928448066911,0.2775232125122308,0.22841397341396483,0.002696217190636102,0.017669150254882488,0.5132078764744806
C2D10_stack5,C2D,topo+area,,stack5,late,C2D-B,beta_cover,3,0.23613214437365473,0.21573906020265565,0.2616205270256752,0.22916154840921568,0.0022207186367546833,0.013994360146469919,0.5017971244518669
C1D01_curve1d_ndvi,C1D,topo+area,ndvi,curve1d,late,C1D-B,beta_cover,3,0.23434711731780347,0.21696174463589427,0.24695320052375644,0.22942428205036894,0.0027622834557722987,0.015976696727825212,0.5180369214160992
C1D01_curve1d_kndvi,C1D,topo+area,kndvi,curve1d,late,C1D-B,beta_cover,3,0.23343291450516093,0.21136137332074675,0.2605607465070596,0.229553158551603,0.0013981535451650677,0.014016148104608333,0.5111749059948397
C2D11_pxcube_kndvi,C2D,topo+area,kndvi,pxcube,late,C2D-B,beta_cover,3,0.22904552722137572,0.2185032453793029,0.24042376815008884,0.23029253130786712,0.0016336988495926107,0.01637952350084475,0.5119995586370861
C2D06_cwt_kndvi,C2D,topo+area,kndvi,cwt,late,C2D-B,beta_cover,3,0.22051350722143948,0.1951974400348854,0.24592318914998756,0.23146713141279687,0.0027090205949862442,0.01586582792246244,0.4925927937134927
C2D02_serpentine_kndvi_none,C2D,topo+area,kndvi,serpentine,none,C2D-B,beta_cover,3,0.22010448231756485,0.16979550921256326,0.26780990141071265,0.23176490888643617,-9.187095410045458e-05,0.01491564939596361,0.5117045745905079
C1D01_curve1d_evi,C1D,topo+area,evi,curve1d,late,C1D-B,beta_cover,3,0.21605229112199553,0.18215194136978072,0.24044975323570675,0.23202093297238455,0.002346799861325892,0.015038071139896268,0.49014569534498825
C1D01_curve1d_savi,C1D,topo+area,savi,curve1d,late,C1D-B,beta_cover,3,0.20502578914288197,0.1848593402644413,0.21851356570174785,0.23373636217905647,0.0025660817694751477,0.01674110678106299,0.477082505197989
B01_topo-area,BASE,topo+area,,,none,RF,beta_cover,3,0.20379599929011763,0.17833695263727342,0.24509442632673095,0.23386341448919082,0.006604568576285941,0.017544088115850478,0.413695365702558
C2D03_gaf_kndvi,C2D,topo+area,kndvi,gaf,late,C2D-B,beta_cover,3,0.18534082362206342,0.1593492628039273,0.23690490668632358,0.2364537271233247,0.0036109164677996697,0.01582319716303478,0.4544310424753128
C2D08_cos2d_kndvi,C2D,topo+area,kndvi,cos2d,late,C2D-B,beta_cover,3,0.1768691949578954,0.1622138048893408,0.20195781426316714,0.23789238740065674,0.003422531318520048,0.016658391012689237,0.42701150032117297
C2D04_mtf_kndvi,C2D,topo+area,kndvi,mtf,late,C2D-B,beta_cover,3,0.17256899487228475,0.14886794024467842,0.19875372111440373,0.23854530317576395,0.0044730133390299244,0.014759000623545982,0.41267051148008466
C2D05_ndi_kndvi,C2D,topo+area,kndvi,ndi,late,C2D-B,beta_cover,3,0.0813447559597875,0.059759898311032934,0.1074210306760766,0.2512446765119984,0.008264699394149363,0.014550534556850908,0.32899141887489675
B02_area,BASE,area,,,none,RF,beta_cover,3,0.07038621115040389,-0.0030720373439390674,0.19825086897804953,0.2526032969286518,0.010037604713139142,0.016112276924079613,0.18816182899488734
C2D02_serpentine_kndvi_nglobal,C2D,topo+area,kndvi,serpentine,late,C2D-B,beta_cover,3,0.002489863921525448,-0.007336774713007023,0.019715547789933868,0.2619841843046133,0.008415758008310197,0.010441878694759843,0.15868737428798155
C2D07_hilbert_kndvi_nglobal,C2D,topo+area,kndvi,hilbert,late,C2D-B,beta_cover,3,0.001479843660232379,-0.013427806551688065,0.018089762954592234,0.26216356874671376,0.008568324465894553,0.009985740905324588,0.15565375112986216
B00_area,BASE,area,,,none,mean,beta_cover,3,-0.017295664672853355,-0.021663152558317533,-0.012062186249560132,0.26466443138822865,0.00835783550475746,0.015355081773157553,-0.048827744393935224
RF06_curve_all-topo-area,RF,curve_all+topo+area,,,none,RF,beta_pa,3,0.5156397191798073,0.4904938082345042,0.5629748333926732,0.16876004903303019,0.0017690588938587524,0.0017690588938587524,0.7187553891126272
RF01_lsp-topo-area_kndvi,RF,lsp+topo+area,kndvi,,none,RF,beta_pa,3,0.5102967862498199,0.48075191298762476,0.5635962941633791,0.16967563382931417,-0.00022511438991802628,0.0011415064089705888,0.7164723790197818
RF02_lsp-qc-topo-area_kndvi,RF,lsp+qc+topo+area,kndvi,,none,RF,beta_pa,3,0.5089500445233583,0.47909138549166047,0.5615199911006714,0.16991602375999645,-7.154357316262e-05,0.0012047188323323953,0.7165497522415417
RF04_lsp-curve-topo-area_kndvi,RF,lsp+curve+topo+area,kndvi,,none,RF,beta_pa,3,0.508072466545959,0.48395723904024557,0.5528463454048578,0.1701023988766118,0.0017699397575739989,0.003223911679924939,0.7146211725547826
B03_coords,BASE,coords,,,none,RF,beta_pa,3,0.5077958644286166,0.5036559919937398,0.512682424712478,0.17025430251251183,0.0011442963753006024,0.0015444750529165507,0.7189013415095219
RF03_curve-topo-area_evi,RF,curve+topo+area,evi,,none,RF,beta_pa,3,0.507500404146286,0.4621156343545724,0.5737832742348173,0.17001290733441277,-7.634084889527841e-06,0.0006000707062456221,0.7145715916128365
RF03_curve-topo-area_kndvi,RF,curve+topo+area,kndvi,,none,RF,beta_pa,3,0.5073362567363734,0.478171925366476,0.5576713838735978,0.17017842396854035,0.0023240661706613245,0.0030696475210603923,0.7141718399222103
RF04_lsp-curve-topo-area_evi,RF,lsp+curve+topo+area,evi,,none,RF,beta_pa,3,0.5065853081753199,0.4572102554706734,0.5710437021607081,0.1701562830701334,0.00032432949343139274,0.0005663048525074717,0.7146463540470718
RF04_lsp-curve-topo-area_savi,RF,lsp+curve+topo+area,savi,,none,RF,beta_pa,3,0.5043042008180078,0.45296870137081074,0.5735880500294511,0.17052165769151287,-2.1325956090610223e-05,0.000538595713567534,0.7110871907969308
RF03_curve-topo-area_savi,RF,curve+topo+area,savi,,none,RF,beta_pa,3,0.5033412244508441,0.4546542070734964,0.5727479025787209,0.1707029644727893,0.0003760635627693836,0.0007112247677614241,0.7098496171303781
MLP07_curve_all,MLP,curve_all,,tabular,late,MLP-A,beta_pa,3,0.5032031778771134,0.4866088997940687,0.5363533183045822,0.17097652057507462,-0.002192582116604633,0.0026531894937246512,0.7175141308131461
RF03_curve-topo-area_ndvi,RF,curve+topo+area,ndvi,,none,RF,beta_pa,3,0.502591605795092,0.47624295764663976,0.5550690310309505,0.17100237643218663,0.001971676303660376,0.003960215077588599,0.71123349642306
RF02_lsp-qc-topo-area_nbr,RF,lsp+qc+topo+area,nbr,,none,RF,beta_pa,3,0.5025517474282837,0.47674934318992096,0.5532632959875533,0.17101837691269337,0.00011100775892109328,0.0010708670837676173,0.7162316023325985
RF04_lsp-curve-topo-area_ndvi,RF,lsp+curve+topo+area,ndvi,,none,RF,beta_pa,3,0.5012064756352607,0.477048718143076,0.5482569487116615,0.1712726572317901,0.0013160106475688124,0.0038722071398205903,0.7102203017027419
RF05_lsp_all-topo-area,RF,lsp_all+topo+area,,,none,RF,beta_pa,3,0.50029593202876,0.46411266459150663,0.5536032882500402,0.17135249566597874,0.00021758269069723445,0.0010754925860445173,0.7128405663693637
RF01_lsp-topo-area_ndvi,RF,lsp+topo+area,ndvi,,none,RF,beta_pa,3,0.4996839063332452,0.46816287763158765,0.5525543336284157,0.1714809169882997,-0.00047779859169634143,0.0009043759779649676,0.7077838824102235
RF02_lsp-qc-topo-area_ndvi,RF,lsp+qc+topo+area,ndvi,,none,RF,beta_pa,3,0.4984918026227538,0.46620778446997085,0.551973806939106,0.17168028760762966,-0.00025792990015369887,0.00117019353573083,0.7085639192729968
RF01_lsp-topo-area_nbr,RF,lsp+topo+area,nbr,,none,RF,beta_pa,3,0.49778857782602975,0.4714633655496401,0.5500199889036321,0.17183030525068463,0.00040646239559324914,0.0007506131906230792,0.711256864629919
MLP06_curve_kndvi,MLP,curve,kndvi,tabular,late,MLP-B,beta_pa,3,0.49720024846941174,0.45969289819544235,0.5386377164006921,0.17201855821112488,-0.004895564075628305,0.004895564075628305,0.7185615857550713
RF04_lsp-curve-topo-area_nbr,RF,lsp+curve+topo+area,nbr,,none,RF,beta_pa,3,0.497074873526447,0.4636144128976725,0.5539079425263495,0.17194648465234033,0.0015216273015478566,0.0015216273015478566,0.711833984353096
RF03_curve-topo-area_nbr,RF,curve+topo+area,nbr,,none,RF,beta_pa,3,0.4970140890730356,0.45880595530745794,0.5561012849464779,0.17195590586355303,0.0011880997363914504,0.0012351363978181662,0.7092478319532088
MLP04_curve_all,MLP,curve_all,,tabular,late,MLP-A,beta_pa,3,0.49094985169090255,0.4589951239044922,0.5394882837305874,0.17298477347277866,-0.0038704324236894304,0.0059673769373627256,0.7081907512059695
C2D02_serpentine_kndvi_ctxclim-topo-area,C2D,clim+topo+area,kndvi,serpentine,late,C2D-B,beta_pa,3,0.4891157280902436,0.4693456044887013,0.5220126215886137,0.1733735950124732,-0.0034276638646497993,0.0034276638646497993,0.7105806385259194
C2D01_reshape_kndvi_ctxclim-topo-area,C2D,clim+topo+area,kndvi,reshape,late,C2D-B,beta_pa,3,0.4870907527134187,0.4647983807921482,0.5206717572057699,0.1737023339784419,-0.003722826274378189,0.003722826274378189,0.7103039949014273
RF01_lsp-topo-area_evi,RF,lsp+topo+area,evi,,none,RF,beta_pa,3,0.48457537067406126,0.43571860377435506,0.5476009092006487,0.17394125035039057,1.2252695235117264e-05,0.00023704900410008128,0.699603347044197
RF08_lsp-curve-topo_kndvi,RF,lsp+curve+topo,kndvi,,none,RF,beta_pa,3,0.4840955478690141,0.44826549173911223,0.5339317156093943,0.1742140461010103,0.0012485038608520248,0.004041718814086084,0.6957716000259474
RF02_lsp-qc-topo-area_evi,RF,lsp+qc+topo+area,evi,,none,RF,beta_pa,3,0.48408015400191945,0.43453827935091716,0.5502760429222769,0.1740101638807091,0.00011573533164947594,0.0001434495167775127,0.6988584157702933
C1D01_curve1d_kndvi_ctxclim-topo-area,C1D,clim+topo+area,kndvi,curve1d,late,C1D-B,beta_pa,3,0.48381790724459517,0.46408641168079756,0.5211243719934954,0.17427482055550417,-0.003478477907797145,0.003478477907797145,0.7053374304819163
RF02_lsp-qc-topo-area_savi,RF,lsp+qc+topo+area,savi,,none,RF,beta_pa,3,0.4835368076215889,0.43418425717036796,0.5538060929994427,0.17408793959228816,0.0004731973418583598,0.0004731973418583598,0.6979035442463649
MLP05c_curve_kndvi,MLP,curve,kndvi,tabular,late,MLP-C,beta_pa,3,0.4825610699666008,0.4554024968595951,0.5332853417620461,0.17442260350517835,-0.0039984318117620155,0.007508329231402555,0.7023104821130032
RF01_lsp-topo-area_savi,RF,lsp+topo+area,savi,,none,RF,beta_pa,3,0.4817792307625162,0.4296721041439178,0.5507348681742164,0.1743757242645755,5.2330422798761884e-05,0.0003132137995600499,0.6970865145204287
MLP02_curve_ndvi,MLP,curve,ndvi,tabular,late,MLP-B,beta_pa,3,0.47969298907578767,0.4558287322055466,0.5131303548120879,0.17500030521312085,-0.006564679973993418,0.009233587674892983,0.7005775136715293
RF08_lsp-curve-topo_ndvi,RF,lsp+curve+topo,ndvi,,none,RF,beta_pa,3,0.4781056032655598,0.43978271932439944,0.5322466828383664,0.1752042974474414,0.00125374227760872,0.004463250115952128,0.691531745132176
MLP05a_curve_kndvi,MLP,curve,kndvi,tabular,late,MLP-A,beta_pa,3,0.47464690821294936,0.44556063158190695,0.5260629953035743,0.17574348098639003,-0.006552879712383333,0.009212604402716361,0.6970727087065812
MLP02_curve_nbr,MLP,curve,nbr,tabular,late,MLP-B,beta_pa,3,0.4736597570375319,0.4364233561133788,0.5278685889012411,0.17585816845325283,-0.00486747395691733,0.006266153962834961,0.6988739580242921
C2D07_hilbert_kndvi_wC,C2D,topo+area,kndvi,hilbert,late,C2D-C,beta_pa,3,0.4730486251459367,0.4463272106746223,0.5083897192544656,0.17604984772745222,-0.004462814104636337,0.007318555718048541,0.6924363685729379
RF08_lsp-curve-topo_evi,RF,lsp+curve+topo,evi,,none,RF,beta_pa,3,0.47220679914332114,0.43941304023710903,0.5303776840257943,0.17614929623463405,-0.0006734630697475775,0.0016078883394707677,0.685452681431704
C2D07_hilbert_kndvi_wX,C2D,topo+area,kndvi,hilbert,late,C2D-X,beta_pa,3,0.4714110206124443,0.44597696617997445,0.5068204268959967,0.1763885699604081,-0.0013729694827460416,0.006383548940407338,0.6965317975070185
MLP02_curve_kndvi,MLP,curve,kndvi,tabular,late,MLP-B,beta_pa,3,0.4713935168402674,0.44926142121749396,0.5155094742802578,0.17634004122630412,-0.0027111825798982587,0.008218852260184291,0.6947727795270571
RF08_lsp-curve-topo_savi,RF,lsp+curve+topo,savi,,none,RF,beta_pa,3,0.4709973071830254,0.43429070371548595,0.5343301959465648,0.17632661143215997,-0.0005613359147532268,0.0018718500428766543,0.6839979149319522
MLP02_curve_evi,MLP,curve,evi,tabular,late,MLP-B,beta_pa,3,0.468341729789208,0.44463138127089996,0.5019716986283176,0.1768585283667643,-0.002855991865086347,0.0050262789573613876,0.6906971703623398
MLP03_lsp-curve-qc_kndvi,MLP,lsp+curve+qc,kndvi,tabular,late,MLP-B,beta_pa,3,0.46804514724268786,0.4351087055963589,0.5169190087023673,0.17690043948491072,-0.0016374017292817144,0.005854011960673741,0.6899440483651231
RF08_lsp-curve-topo_nbr,RF,lsp+curve+topo,nbr,,none,RF,beta_pa,3,0.4678794301924432,0.42790482601548757,0.5192070037758715,0.17693940622716955,0.0008131735546882708,0.0012868745318136128,0.6892417481257641
C2D02_serpentine_kndvi_noaug,C2D,topo+area,kndvi,serpentine,late,C2D-B,beta_pa,3,0.46706317311181733,0.43544189825149954,0.5069214512159692,0.17702590776625815,-0.007403921073854225,0.008210736132755709,0.6859929938910172
C2D02_serpentine_ndvi,C2D,topo+area,ndvi,serpentine,late,C2D-B,beta_pa,3,0.4631042242385672,0.43778840233612665,0.4958066808160559,0.17770931316920427,-0.004820840642302111,0.00742650651110914,0.68436212774718
C2D07_hilbert_ndvi,C2D,topo+area,ndvi,hilbert,late,C2D-B,beta_pa,3,0.4616568909957288,0.44070529718528473,0.495899564898775,0.17797770236527202,-0.005657579212273327,0.008583068313335213,0.6827220733715172
C2D07_hilbert_kndvi_calendar,C2D,topo+area,kndvi,hilbert,late,C2D-B,beta_pa,3,0.46056057036603776,0.4301543645008968,0.5083830163762515,0.17809606387962693,-0.006311631514230322,0.008229826975804,0.6825842829298611
MLP02_curve_savi,MLP,curve,savi,tabular,late,MLP-B,beta_pa,3,0.4591451772777127,0.4379700962960102,0.4938404907855005,0.17839392683018218,-0.0037526745211716173,0.007833425187106948,0.6889407042386133
C2D02_serpentine_kndvi,C2D,topo+area,kndvi,serpentine,late,C2D-B,beta_pa,3,0.45854280839942496,0.420555694481847,0.5047075834416717,0.1783954413980823,-0.005315852760094608,0.007416180974470441,0.6813576387262508
C2D01_reshape_ndvi,C2D,topo+area,ndvi,reshape,late,C2D-B,beta_pa,3,0.4580536123686443,0.412165957320571,0.5079869990080631,0.1784260782530194,-0.004962869003070071,0.006352554788773224,0.6816069456944298
C2D02_serpentine_kndvi_wX,C2D,topo+area,kndvi,serpentine,late,C2D-X,beta_pa,3,0.4561816980237095,0.43302727609340685,0.48594194847216193,0.17893258703783985,-0.0026794943019660274,0.008871900232325624,0.6870104079623612
C2D07_hilbert_kndvi,C2D,topo+area,kndvi,hilbert,late,C2D-B,beta_pa,3,0.45283013705481157,0.42409748736084846,0.501527168655579,0.17937400702194853,-0.005248716703339926,0.007603764276022803,0.6745588123259009
C2D02_serpentine_kndvi_wC,C2D,topo+area,kndvi,serpentine,late,C2D-C,beta_pa,3,0.45142693023233366,0.42623030033691084,0.48971959979924984,0.17963718395959746,-0.005686279509423687,0.010028918989244334,0.6816413376955928
C2D02_serpentine_kndvi_calendar,C2D,topo+area,kndvi,serpentine,late,C2D-B,beta_pa,3,0.4501215320456123,0.4071994591374393,0.5042621072014589,0.17974013589680396,-0.004550086135794293,0.008382027646864293,0.6771638061798617
C2D07_hilbert_evi,C2D,topo+area,evi,hilbert,late,C2D-B,beta_pa,3,0.44977485919795207,0.4184404957049104,0.4858152046666417,0.17988347158369666,-0.004517066283723611,0.008737572774888501,0.6766743813652298
C2D02_serpentine_kndvi_mixup,C2D,topo+area,kndvi,serpentine,late,C2D-B,beta_pa,3,0.4497529361510049,0.40890804873239667,0.5005153703597117,0.1798114995565968,-0.004744787370627415,0.007238344571153878,0.6750572782531221
C2D07_hilbert_savi,C2D,topo+area,savi,hilbert,late,C2D-B,beta_pa,3,0.44822069385354224,0.4178770580428486,0.48404663777439905,0.1801485125404987,-0.004864471431197161,0.006496747734538157,0.6759858498195556
C2D01_reshape_kndvi,C2D,topo+area,kndvi,reshape,late,C2D-B,beta_pa,3,0.4481372618240356,0.40346964401001273,0.5050482489373226,0.1800484830435876,-0.006634543127323833,0.007751252345758051,0.6744107188549435
C1D02_curve5,C1D,topo+area,,curve5,late,C1D-B,beta_pa,3,0.4479198736988197,0.4171997116633182,0.5028648843573619,0.18018059691827318,-0.0033163132733110795,0.005708723732360883,0.6745652953081839
C2D01_reshape_nbr,C2D,topo+area,nbr,reshape,late,C2D-B,beta_pa,3,0.44762752070424267,0.41500515879225475,0.4994694662446702,0.1801975190660251,-0.004293359837023651,0.006437336370540821,0.6786428675034402
C2D09_spectrogram_kndvi,C2D,topo+area,kndvi,spectrogram,late,C2D-B,beta_pa,3,0.44452583176262556,0.40151694570276986,0.5014567273745496,0.18065251882793198,-0.0051686243087753474,0.007326952692878855,0.6699604419542101
C2D02_serpentine_nbr,C2D,topo+area,nbr,serpentine,late,C2D-B,beta_pa,3,0.44444338456133065,0.40491475674863125,0.49831347800219644,0.18067866886901549,-0.0037329354828804042,0.004438062394117907,0.6750189888556807
C2D07_hilbert_kndvi_wA,C2D,topo+area,kndvi,hilbert,late,C2D-A,beta_pa,3,0.443006861382318,0.4000717625368538,0.49843606619507197,0.18090398026078872,-0.004928891614238213,0.0060968976037484674,0.6681443302436586
C2D01_reshape_savi,C2D,topo+area,savi,reshape,late,C2D-B,beta_pa,3,0.44253068596958656,0.39443886665902067,0.48810058432805453,0.1809564922097285,-0.003901443692574013,0.007089249727714405,0.6710413083319676
C2D02_serpentine_kndvi_film,C2D,topo+area,kndvi,serpentine,film,C2D-B,beta_pa,3,0.44251469338985805,0.41463645536973853,0.4880732313327228,0.18104209501611757,-0.0054573263314957226,0.00827779753903644,0.6778931845710184
C1D01_curve1d_nbr,C1D,topo+area,nbr,curve1d,late,C1D-B,beta_pa,3,0.4421587367693096,0.4125349124521968,0.49661784063420145,0.18110385488253242,-0.005632639615407761,0.005632639615407761,0.6702663849644438
C2D07_hilbert_nbr,C2D,topo+area,nbr,hilbert,late,C2D-B,beta_pa,3,0.4412385803147927,0.40296404939483876,0.49122836436614903,0.1812157943274838,-0.005022972745690573,0.006249636557368421,0.6735815686994674
C2D02_serpentine_savi,C2D,topo+area,savi,serpentine,late,C2D-B,beta_pa,3,0.4409585436796639,0.41215932454785853,0.4751661918101988,0.18133801624879917,-0.005613037120073549,0.009570964997855664,0.6697726530957842
MLP01_lsp_kndvi,MLP,lsp,kndvi,tabular,late,MLP-B,beta_pa,3,0.4405154205503244,0.4127939130804809,0.49411287843369084,0.18137547400528753,-0.0014659741150665495,0.007241883795574295,0.673147681136364
MLP01_lsp_nbr,MLP,lsp,nbr,tabular,late,MLP-B,beta_pa,3,0.4378265518001445,0.39429068605372414,0.4997093388994103,0.18171340975578434,-0.004772483611806439,0.006502139001181966,0.6737745764562645
C2D02_serpentine_evi,C2D,topo+area,evi,serpentine,late,C2D-B,beta_pa,3,0.43781558480640365,0.40651639041720883,0.4732665949251882,0.18183197497517814,-0.005413993247234516,0.008198063695993496,0.6708162769979641
C1D01_curve1d_ndvi,C1D,topo+area,ndvi,curve1d,late,C1D-B,beta_pa,3,0.4369967790014326,0.41198931587125776,0.4868818197818798,0.1819565281080456,-0.005177600108037222,0.0073874531319558,0.6644923500722505
C2D01_reshape_evi,C2D,topo+area,evi,reshape,late,C2D-B,beta_pa,3,0.43687338475656023,0.3896475195719888,0.48573231185863536,0.1818753881794112,-0.006468364371532742,0.008950547167570584,0.6734664546284005
C2D02_serpentine_kndvi_wA,C2D,topo+area,kndvi,serpentine,late,C2D-A,beta_pa,3,0.434685030586033,0.3910645874946123,0.48535258270902354,0.18225910220007,-0.007240064086806576,0.007682741398776741,0.6628180675069409
C2D10_stack5,C2D,topo+area,,stack5,late,C2D-B,beta_pa,3,0.4335490109077229,0.39183356480137865,0.5057392604444054,0.18238556038231035,-0.0044822851108021105,0.007384881062732519,0.664897117213661
C2D07_hilbert_kndvi_none,C2D,topo+area,kndvi,hilbert,none,C2D-B,beta_pa,3,0.4326186631865124,0.41713922001516446,0.46187113177884126,0.18275234122307657,-0.003234854038411865,0.00532734135320724,0.6620537555815261
C2D11_pxcube_kndvi,C2D,topo+area,kndvi,pxcube,late,C2D-B,beta_pa,3,0.43147537966746824,0.3784420097263758,0.4994911445761953,0.1826803775783419,-0.0055016532559169036,0.0055016532559169036,0.6660656124915904
C1D01_curve1d_kndvi,C1D,topo+area,kndvi,curve1d,late,C1D-B,beta_pa,3,0.430586738639161,0.39731543937841396,0.49644057538785913,0.1829124209135251,-0.004883987844190032,0.0053983692812296325,0.66044309324761
C2D07_hilbert_kndvi_film,C2D,topo+area,kndvi,hilbert,film,C2D-B,beta_pa,3,0.42689072979572434,0.3965347808160371,0.47855911798537915,0.18356904764307205,-0.004482462084441505,0.009283382568602063,0.6652498709222194
MLP01_lsp_ndvi,MLP,lsp,ndvi,tabular,late,MLP-B,beta_pa,3,0.42560035618014885,0.3912204447682355,0.49198850565720115,0.18372411038487493,-0.002068446303494274,0.0054174677279993115,0.6649993933803794
C2D06_cwt_kndvi,C2D,topo+area,kndvi,cwt,late,C2D-B,beta_pa,3,0.4235838826661391,0.3718074583342028,0.4931741441847908,0.18395171956517853,-0.007238139472283339,0.007238139472283339,0.65517277591522
C2D07_hilbert_kndvi_patch,C2D,topo+area,kndvi,hilbert,patch,C2D-B,beta_pa,3,0.42287437422041213,0.3932965550428169,0.4636593803380154,0.18430965290830867,-0.006358195989802519,0.0073223458245408,0.6582024555595808
C2D02_serpentine_kndvi_patch,C2D,topo+area,kndvi,serpentine,patch,C2D-B,beta_pa,3,0.4226440411346097,0.39695797375878716,0.462607507909835,0.18434317287029348,-0.0031296801559600397,0.008534247295123835,0.660235669426546
C2D07_hilbert_kndvi_nperSample,C2D,topo+area,kndvi,hilbert,late,C2D-B,beta_pa,3,0.4204658963558377,0.4056278592809079,0.4411866366375621,0.1847017606785691,-0.004810188840982002,0.007564905220218264,0.6465523645219963
C1D01_curve1d_evi,C1D,topo+area,evi,curve1d,late,C1D-B,beta_pa,3,0.41758595018306327,0.37219727842135536,0.47053164552990084,0.18499029690470883,-0.0042537673472352,0.005376913777581503,0.6552927813740212
C2D02_serpentine_kndvi_none,C2D,topo+area,kndvi,serpentine,none,C2D-B,beta_pa,3,0.41733956563151264,0.3994773505591005,0.44945859222137835,0.18518577021429095,-0.0025406201249174097,0.006221377154514477,0.6541769484856649
MLP01_lsp_evi,MLP,lsp,evi,tabular,late,MLP-B,beta_pa,3,0.4147559878019223,0.3837349098270255,0.45704869581255125,0.1855258910339133,-0.0037026467785086295,0.007196473403401672,0.6598406174075432
C2D02_serpentine_kndvi_nperSample,C2D,topo+area,kndvi,serpentine,late,C2D-B,beta_pa,3,0.41446120134063746,0.39555642773406846,0.45107479220048624,0.18562109133049506,-0.0032955332849707087,0.005813804385870033,0.6491065706178492
MLP01_lsp_savi,MLP,lsp,savi,tabular,late,MLP-B,beta_pa,3,0.41418632162099844,0.38537726503282915,0.4571425038276531,0.18562306493201922,-0.005576828982674043,0.00729862369920244,0.659182303865573
C1D01_curve1d_savi,C1D,topo+area,savi,curve1d,late,C1D-B,beta_pa,3,0.40912436104994665,0.36807206646312274,0.46165205092861755,0.1863485276555578,-0.005558070501603493,0.008258167555663816,0.6492656782216909
B01_topo-area,BASE,topo+area,,,none,RF,beta_pa,3,0.37552917264460883,0.31516066671147724,0.415276814992551,0.19150058982467386,-0.0011433411792301227,0.0016910707403125416,0.6120958941535263
C2D08_cos2d_kndvi,C2D,topo+area,kndvi,cos2d,late,C2D-B,beta_pa,3,0.3065519973839122,0.23595445901305911,0.3560696573567368,0.20176893474593324,-0.005228461074535275,0.005228461074535275,0.5559771462218448
B02_area,BASE,area,,,none,RF,beta_pa,3,0.2589629749338707,0.17287258221686067,0.3351229646054268,0.20843364085322028,-0.0013451904130260962,0.0024584659851098443,0.4938440654102459
C2D03_gaf_kndvi,C2D,topo+area,kndvi,gaf,late,C2D-B,beta_pa,3,0.2578228870902634,0.21455431090899355,0.34424817944020797,0.2088431985138756,-0.004977844927926821,0.008215705068845286,0.527376703694915
C2D04_mtf_kndvi,C2D,topo+area,kndvi,mtf,late,C2D-B,beta_pa,3,0.19393107942698737,0.15466489854556664,0.23371246271451804,0.21787847565959026,-0.006069425037116219,0.0067291967022966555,0.43593140308924827
C2D05_ndi_kndvi,C2D,topo+area,kndvi,ndi,late,C2D-B,beta_pa,3,0.1554760142892455,0.13324028140118058,0.17757255258050772,0.22302541783686167,-0.004644655679343271,0.006231645088741168,0.37633324915019073
C2D02_serpentine_kndvi_nglobal,C2D,topo+area,kndvi,serpentine,late,C2D-B,beta_pa,3,0.08754925095483368,0.0075485438585244,0.12840252517733527,0.23181274794417703,-0.00497028877132226,0.00497028877132226,0.3313765780840961
C2D07_hilbert_kndvi_nglobal,C2D,topo+area,kndvi,hilbert,late,C2D-B,beta_pa,3,0.07668732282159393,-0.009532111360321364,0.12521899833782624,0.2331890019028158,-0.007717033835442409,0.007717033835442409,0.31770971637609763
B00_area,BASE,area,,,none,mean,beta_pa,3,-0.015334954670609033,-0.019619040171028668,-0.010850030325377,0.2445537276679209,-0.0019020787535710662,0.0063391201720636005,-0.06045720703451284
MLP06_curve_kndvi,MLP,curve,kndvi,tabular,late,MLP-B,dark,1,0.4142288840713733,0.4142288840713733,0.4142288840713733,0.18331080280401174,-0.007387665711228154,0.007387665711228154,0.6645734468573425
MLP07_curve_all,MLP,curve_all,,tabular,late,MLP-A,dark,1,0.3941675199001432,0.3941675199001432,0.3941675199001432,0.18642866419695595,-0.007452273464483641,0.007452273464483641,0.6535591853932253
RF06_curve_all-topo-area,RF,curve_all+topo+area,,,none,RF,dark,1,0.3935640194697812,0.3935640194697812,0.3935640194697812,0.18652905089282198,-0.00572853740935423,0.00572853740935423,0.6412865798802092
RF02_lsp-qc-topo-area_ndvi,RF,lsp+qc+topo+area,ndvi,,none,RF,dark,1,0.3911282628174589,0.3911282628174589,0.3911282628174589,0.18690350978107265,-0.006930802698879386,0.006930802698879386,0.643371180182775
RF01_lsp-topo-area_ndvi,RF,lsp+topo+area,ndvi,,none,RF,dark,1,0.39050200155168097,0.39050200155168097,0.39050200155168097,0.18699929426606743,-0.006033186171470022,0.006033186171470022,0.6415198483847065
RF05_lsp_all-topo-area,RF,lsp_all+topo+area,,,none,RF,dark,1,0.3901708733122931,0.3901708733122931,0.3901708733122931,0.18705050476495458,-0.007373692644488772,0.007373692644488772,0.6405648129218863
RF01_lsp-topo-area_kndvi,RF,lsp+topo+area,kndvi,,none,RF,dark,1,0.38831869600477287,0.38831869600477287,0.38831869600477287,0.1873346802547734,-0.005982158818799619,0.005982158818799619,0.640423167287311
RF02_lsp-qc-topo-area_kndvi,RF,lsp+qc+topo+area,kndvi,,none,RF,dark,1,0.3875377450473568,0.3875377450473568,0.3875377450473568,0.1874512792742654,-0.006778842063568337,0.006778842063568337,0.6410882131455637
RF04_lsp-curve-topo-area_ndvi,RF,lsp+curve+topo+area,ndvi,,none,RF,dark,1,0.38521398548477365,0.38521398548477365,0.38521398548477365,0.18780884438218692,-0.007271789319587759,0.007271789319587759,0.6401535506020138
MLP05c_curve_kndvi,MLP,curve,kndvi,tabular,late,MLP-C,dark,1,0.3832887430940768,0.3832887430940768,0.3832887430940768,0.18809596837474174,-0.010897737717429627,0.010897737717429627,0.6404221993288927
RF04_lsp-curve-topo-area_kndvi,RF,lsp+curve+topo+area,kndvi,,none,RF,dark,1,0.38301827081992695,0.38301827081992695,0.38301827081992695,0.18814226405521786,-0.007398194072761019,0.007398194072761019,0.6375706648859544
B03_coords,BASE,coords,,,none,RF,dark,1,0.38205163817951876,0.38205163817951876,0.38205163817951876,0.1882919884207809,0.007835644806808087,0.007835644806808087,0.6386997025808413
C2D02_serpentine_kndvi_ctxclim-topo-area,C2D,clim+topo+area,kndvi,serpentine,late,C2D-B,dark,1,0.38047051806593074,0.38047051806593074,0.38047051806593074,0.18852129036605397,-0.007817304760916905,0.007817304760916905,0.6475433734058418
MLP02_curve_kndvi,MLP,curve,kndvi,tabular,late,MLP-B,dark,1,0.3799697629128474,0.3799697629128474,0.3799697629128474,0.18860656046858618,-0.010870891999463063,0.010870891999463063,0.639210591723179
C2D01_reshape_kndvi_ctxclim-topo-area,C2D,clim+topo+area,kndvi,reshape,late,C2D-B,dark,1,0.37951348819958064,0.37951348819958064,0.37951348819958064,0.1886734993274549,-0.007011568922945155,0.007011568922945155,0.6475621763336388
C2D07_hilbert_kndvi_wX,C2D,topo+area,kndvi,hilbert,late,C2D-X,dark,1,0.3786425352465388,0.3786425352465388,0.3786425352465388,0.18879673877340308,-0.008645951460045575,0.008645951460045575,0.6381489560892993
C2D07_hilbert_kndvi_wC,C2D,topo+area,kndvi,hilbert,late,C2D-C,dark,1,0.3768569227479417,0.3768569227479417,0.3768569227479417,0.18907209545544004,-0.011168974322675775,0.011168974322675775,0.6410676460029894
RF03_curve-topo-area_evi,RF,curve+topo+area,evi,,none,RF,dark,1,0.37682529274942106,0.37682529274942106,0.37682529274942106,0.18908621566370098,-0.005955754705013719,0.005955754705013719,0.631769739035808
RF08_lsp-curve-topo_kndvi,RF,lsp+curve+topo,kndvi,,none,RF,dark,1,0.37609916053954145,0.37609916053954145,0.37609916053954145,0.1891957034395413,-0.008296648660214581,0.008296648660214581,0.6324998481219021
RF03_curve-topo-area_nbr,RF,curve+topo+area,nbr,,none,RF,dark,1,0.37492749915799406,0.37492749915799406,0.37492749915799406,0.18937365006739235,-0.007275538121808652,0.007275538121808652,0.6236803099947562
RF03_curve-topo-area_savi,RF,curve+topo+area,savi,,none,RF,dark,1,0.37446950668214485,0.37446950668214485,0.37446950668214485,0.1894429072815329,-0.007607112802157459,0.007607112802157459,0.6283918610176561
RF08_lsp-curve-topo_ndvi,RF,lsp+curve+topo,ndvi,,none,RF,dark,1,0.3744269349247438,0.3744269349247438,0.3744269349247438,0.1894485489806895,-0.007776342584975264,0.007776342584975264,0.6319161123498358
RF04_lsp-curve-topo-area_savi,RF,lsp+curve+topo+area,savi,,none,RF,dark,1,0.3742341190138543,0.3742341190138543,0.3742341190138543,0.18947873734197143,-0.009003845615697205,0.009003845615697205,0.6270001973556304
RF03_curve-topo-area_kndvi,RF,curve+topo+area,kndvi,,none,RF,dark,1,0.37307560243399057,0.37307560243399057,0.37307560243399057,0.18965316019462863,-0.008300695996853917,0.008300695996853917,0.6297329792490637
RF04_lsp-curve-topo-area_evi,RF,lsp+curve+topo+area,evi,,none,RF,dark,1,0.37263750998496503,0.37263750998496503,0.37263750998496503,0.18972059413659892,-0.008114272606443354,0.008114272606443354,0.6273080712946927
MLP02_curve_savi,MLP,curve,savi,tabular,late,MLP-B,dark,1,0.37233951817384897,0.37233951817384897,0.37233951817384897,0.18975692439207426,-0.008271618112857008,0.008271618112857008,0.6270563342067367
RF04_lsp-curve-topo-area_nbr,RF,lsp+curve+topo+area,nbr,,none,RF,dark,1,0.3698184877751625,0.3698184877751625,0.3698184877751625,0.19014532338624138,-0.007554901337557224,0.007554901337557224,0.6203471001784581
C1D01_curve1d_kndvi_ctxclim-topo-area,C1D,clim+topo+area,kndvi,curve1d,late,C1D-B,dark,1,0.36778175351544523,0.36778175351544523,0.36778175351544523,0.19044581224218474,-0.00966098956658644,0.00966098956658644,0.636132509994635
RF08_lsp-curve-topo_savi,RF,lsp+curve+topo,savi,,none,RF,dark,1,0.3676647426347997,0.3676647426347997,0.3676647426347997,0.19047111006844006,-0.009679659520687802,0.009679659520687802,0.6222232136068958
RF01_lsp-topo-area_savi,RF,lsp+topo+area,savi,,none,RF,dark,1,0.3663253507883908,0.3663253507883908,0.3663253507883908,0.19067248754237864,-0.0075039434795769015,0.0075039434795769015,0.618325783512971
RF03_curve-topo-area_ndvi,RF,curve+topo+area,ndvi,,none,RF,dark,1,0.3651927831362602,0.3651927831362602,0.3651927831362602,0.19084240637274888,-0.007562283003256856,0.007562283003256856,0.6217242207784408
C2D02_serpentine_kndvi_wC,C2D,topo+area,kndvi,serpentine,late,C2D-C,dark,1,0.3651761029810188,0.3651761029810188,0.3651761029810188,0.19084441220144843,-0.011727725259207537,0.011727725259207537,0.6320222198569043
RF08_lsp-curve-topo_evi,RF,lsp+curve+topo,evi,,none,RF,dark,1,0.36500812266330795,0.36500812266330795,0.36500812266330795,0.19087073034164456,-0.00871957084226981,0.00871957084226981,0.6209966760715822
RF08_lsp-curve-topo_nbr,RF,lsp+curve+topo,nbr,,none,RF,dark,1,0.36468642306989113,0.36468642306989113,0.36468642306989113,0.190918725752547,-0.00824253339723701,0.00824253339723701,0.6174283976323579
RF01_lsp-topo-area_nbr,RF,lsp+topo+area,nbr,,none,RF,dark,1,0.3634800652929278,0.3634800652929278,0.3634800652929278,0.19109972900577835,-0.007914384410620583,0.007914384410620583,0.6178796889015018
MLP02_curve_ndvi,MLP,curve,ndvi,tabular,late,MLP-B,dark,1,0.36324581725210203,0.36324581725210203,0.36324581725210203,0.19113431537156375,-0.008786906299567143,0.008786906299567143,0.6224007052839725
RF02_lsp-qc-topo-area_savi,RF,lsp+qc+topo+area,savi,,none,RF,dark,1,0.3631588813218847,0.3631588813218847,0.3631588813218847,0.19114771623163565,-0.008519144299723313,0.008519144299723313,0.6150209713544122
MLP05a_curve_kndvi,MLP,curve,kndvi,tabular,late,MLP-A,dark,1,0.3618905093160458,0.3618905093160458,0.3618905093160458,0.19133691937215005,-0.010227562416806679,0.010227562416806679,0.6238713894078677
RF02_lsp-qc-topo-area_nbr,RF,lsp+qc+topo+area,nbr,,none,RF,dark,1,0.36103443959851367,0.36103443959851367,0.36103443959851367,0.19146677871562004,-0.007507718984286287,0.007507718984286287,0.6154909980666766
RF02_lsp-qc-topo-area_evi,RF,lsp+qc+topo+area,evi,,none,RF,dark,1,0.356763711622508,0.356763711622508,0.356763711622508,0.1921054299908822,-0.008559669608719565,0.008559669608719565,0.6114883952640252
MLP03_lsp-curve-qc_kndvi,MLP,lsp+curve+qc,kndvi,tabular,late,MLP-B,dark,1,0.3559851908532828,0.3559851908532828,0.3559851908532828,0.19221200775029038,-0.015035248279012613,0.015035248279012613,0.6262251990005073
RF01_lsp-topo-area_evi,RF,lsp+topo+area,evi,,none,RF,dark,1,0.35572413052268564,0.35572413052268564,0.35572413052268564,0.1922604898234963,-0.008691804654732856,0.008691804654732856,0.6130513165087796
C2D02_serpentine_kndvi_wX,C2D,topo+area,kndvi,serpentine,late,C2D-X,dark,1,0.3550908011747924,0.3550908011747924,0.3550908011747924,0.19235511491575227,-0.0075461179893730745,0.0075461179893730745,0.6187027519977243
MLP04_curve_all,MLP,curve_all,,tabular,late,MLP-A,dark,1,0.3546645747843485,0.3546645747843485,0.3546645747843485,0.19239950312893672,-0.012097636648746517,0.012097636648746517,0.6224253700645493
MLP02_curve_nbr,MLP,curve,nbr,tabular,late,MLP-B,dark,1,0.35184754877585606,0.35184754877585606,0.35184754877585606,0.19283323020266174,-0.012160563398564028,0.012160563398564028,0.6144047308122966
C2D07_hilbert_ndvi,C2D,topo+area,ndvi,hilbert,late,C2D-B,dark,1,0.3513879977135262,0.3513879977135262,0.3513879977135262,0.19290091055466438,-0.012854079110969184,0.012854079110969184,0.6213942890724211
C2D02_serpentine_kndvi_calendar,C2D,topo+area,kndvi,serpentine,late,C2D-B,dark,1,0.3481018900839438,0.3481018900839438,0.3481018900839438,0.19339403487015763,-0.01263380633727909,0.01263380633727909,0.6220281897237537
C2D07_hilbert_kndvi_nperSample,C2D,topo+area,kndvi,hilbert,late,C2D-B,dark,1,0.344621771762842,0.344621771762842,0.344621771762842,0.19390661851997837,-0.014116149807433703,0.014116149807433703,0.6166820622155847
MLP02_curve_evi,MLP,curve,evi,tabular,late,MLP-B,dark,1,0.34333612929272395,0.34333612929272395,0.34333612929272395,0.1940956577196652,-0.008616163000016221,0.008616163000016221,0.6053453190092609
C2D07_hilbert_kndvi,C2D,topo+area,kndvi,hilbert,late,C2D-B,dark,1,0.3423568928614473,0.3423568928614473,0.3423568928614473,0.19423186990927255,-0.01610573445807456,0.01610573445807456,0.6232014753346009
C2D02_serpentine_kndvi_noaug,C2D,topo+area,kndvi,serpentine,late,C2D-B,dark,1,0.3415717507663539,0.3415717507663539,0.3415717507663539,0.19432840367160786,-0.01223290443698979,0.01223290443698979,0.6120939487872583
C2D07_hilbert_kndvi_calendar,C2D,topo+area,kndvi,hilbert,late,C2D-B,dark,1,0.3400577912855171,0.3400577912855171,0.3400577912855171,0.19458142447142754,-0.015572617724699417,0.015572617724699417,0.6152909891187277
C2D02_serpentine_kndvi_nperSample,C2D,topo+area,kndvi,serpentine,late,C2D-B,dark,1,0.33994782856106326,0.33994782856106326,0.33994782856106326,0.19457417905945384,-0.014598818483499571,0.014598818483499571,0.6130783972377739
C2D07_hilbert_savi,C2D,topo+area,savi,hilbert,late,C2D-B,dark,1,0.33965954499170675,0.33965954499170675,0.33965954499170675,0.19464293451179218,-0.01000464184533763,0.01000464184533763,0.612311958919495
C2D02_serpentine_kndvi_mixup,C2D,topo+area,kndvi,serpentine,late,C2D-B,dark,1,0.3381122288768023,0.3381122288768023,0.3381122288768023,0.19486529089957125,-0.013473650284077912,0.013473650284077912,0.6123002518335029
C2D01_reshape_savi,C2D,topo+area,savi,reshape,late,C2D-B,dark,1,0.3348321992719228,0.3348321992719228,0.3348321992719228,0.19533604920038286,-0.013914303515931079,0.013914303515931079,0.6068523339443921
C2D02_serpentine_kndvi_film,C2D,topo+area,kndvi,serpentine,film,C2D-B,dark,1,0.3332273870530502,0.3332273870530502,0.3332273870530502,0.19558712910826412,-0.011437312407387039,0.011437312407387039,0.6019990280132476
C2D02_serpentine_kndvi,C2D,topo+area,kndvi,serpentine,late,C2D-B,dark,1,0.33133200351246217,0.33133200351246217,0.33133200351246217,0.19586061115351294,-0.012686172198330849,0.012686172198330849,0.6079771537351215
C2D02_serpentine_savi,C2D,topo+area,savi,serpentine,late,C2D-B,dark,1,0.3294403146501927,0.3294403146501927,0.3294403146501927,0.19614054920744928,-0.015165753508710106,0.015165753508710106,0.6043391412344487
MLP01_lsp_kndvi,MLP,lsp,kndvi,tabular,late,MLP-B,dark,1,0.3267348727002487,0.3267348727002487,0.3267348727002487,0.1965368294913538,-0.01419554542023182,0.01419554542023182,0.5975409718814813
C2D02_serpentine_kndvi_none,C2D,topo+area,kndvi,serpentine,none,C2D-B,dark,1,0.32581611715701725,0.32581611715701725,0.32581611715701725,0.196669651655606,-0.013518036392960217,0.013518036392960217,0.6066813242727102
C2D07_hilbert_evi,C2D,topo+area,evi,hilbert,late,C2D-B,dark,1,0.3241050355872388,0.3241050355872388,0.3241050355872388,0.1969186156533682,-0.0104722785135155,0.0104722785135155,0.6008883978962131
MLP01_lsp_nbr,MLP,lsp,nbr,tabular,late,MLP-B,dark,1,0.3230681662738008,0.3230681662738008,0.3230681662738008,0.19705925493787269,-0.008766329597376178,0.008766329597376178,0.5897058000941857
C2D02_serpentine_ndvi,C2D,topo+area,ndvi,serpentine,late,C2D-B,dark,1,0.32300580678527196,0.32300580678527196,0.32300580678527196,0.1970591109990207,-0.012978939164674866,0.012978939164674866,0.6015401718286818
C2D07_hilbert_kndvi_film,C2D,topo+area,kndvi,hilbert,film,C2D-B,dark,1,0.3224370751520242,0.3224370751520242,0.3224370751520242,0.19709254857860833,-0.010130243814444636,0.010130243814444636,0.5954682934158779
C1D02_curve5,C1D,topo+area,,curve5,late,C1D-B,dark,1,0.3223753855506691,0.3223753855506691,0.3223753855506691,0.19715967249950272,-0.013496493229398538,0.013496493229398538,0.5973154959949191
C2D01_reshape_kndvi,C2D,topo+area,kndvi,reshape,late,C2D-B,dark,1,0.3214955953324224,0.3214955953324224,0.3214955953324224,0.1972998941613323,-0.016489297151901512,0.016489297151901512,0.6015647939748746
MLP01_lsp_ndvi,MLP,lsp,ndvi,tabular,late,MLP-B,dark,1,0.32042278269077434,0.32042278269077434,0.32042278269077434,0.1974145872579608,-0.013143900069364388,0.013143900069364388,0.5920409942516001
C2D01_reshape_ndvi,C2D,topo+area,ndvi,reshape,late,C2D-B,dark,1,0.3190500654310679,0.3190500654310679,0.3190500654310679,0.19765081771987555,-0.014906854138516995,0.014906854138516995,0.5953796960081573
C2D09_spectrogram_kndvi,C2D,topo+area,kndvi,spectrogram,late,C2D-B,dark,1,0.3176340205945121,0.3176340205945121,0.3176340205945121,0.19785579899460493,-0.01546865550445871,0.01546865550445871,0.5982771145224142
C2D07_hilbert_nbr,C2D,topo+area,nbr,hilbert,late,C2D-B,dark,1,0.3167395394784331,0.3167395394784331,0.3167395394784331,0.19798815166933667,-0.01362515301240104,0.01362515301240104,0.5912169916198818
C2D01_reshape_evi,C2D,topo+area,evi,reshape,late,C2D-B,dark,1,0.31433090438146466,0.31433090438146466,0.31433090438146466,0.19833002994689494,-0.014332247562929569,0.014332247562929569,0.5892186833102068
C2D02_serpentine_kndvi_patch,C2D,topo+area,kndvi,serpentine,patch,C2D-B,dark,1,0.31325696948871,0.31325696948871,0.31325696948871,0.19849399748061605,-0.011818164715289826,0.011818164715289826,0.5942218361490037
C2D02_serpentine_evi,C2D,topo+area,evi,serpentine,late,C2D-B,dark,1,0.31073542600104614,0.31073542600104614,0.31073542600104614,0.19884230808585338,-0.012901048930973968,0.012901048930973968,0.5873657598284749
MLP01_lsp_evi,MLP,lsp,evi,tabular,late,MLP-B,dark,1,0.3092426744751414,0.3092426744751414,0.3092426744751414,0.19905228155624177,-0.012975276387275247,0.012975276387275247,0.5825504635591815
C2D07_hilbert_kndvi_none,C2D,topo+area,kndvi,hilbert,none,C2D-B,dark,1,0.30836243912203654,0.30836243912203654,0.30836243912203654,0.19912419934289316,-0.014020386193472694,0.014020386193472694,0.5935920789281598
MLP01_lsp_savi,MLP,lsp,savi,tabular,late,MLP-B,dark,1,0.3065987885345656,0.3065987885345656,0.3065987885345656,0.19943749794591834,-0.010617267598447068,0.010617267598447068,0.5814759456999558
C2D07_hilbert_kndvi_patch,C2D,topo+area,kndvi,hilbert,patch,C2D-B,dark,1,0.30640484555169056,0.30640484555169056,0.30640484555169056,0.19948249557003897,-0.012470834428314355,0.012470834428314355,0.5852453340110741
C2D07_hilbert_kndvi_wA,C2D,topo+area,kndvi,hilbert,late,C2D-A,dark,1,0.30621422550910976,0.30621422550910976,0.30621422550910976,0.1994982482673958,-0.01367226028240883,0.01367226028240883,0.59638664278093
C2D01_reshape_nbr,C2D,topo+area,nbr,reshape,late,C2D-B,dark,1,0.3046614362096677,0.3046614362096677,0.3046614362096677,0.19973246503013856,-0.013076588087072983,0.013076588087072983,0.5831045431696594
C1D01_curve1d_nbr,C1D,topo+area,nbr,curve1d,late,C1D-B,dark,1,0.30439666925454417,0.30439666925454417,0.30439666925454417,0.1997580534255771,-0.014971968313770562,0.014971968313770562,0.5846520512951304
C2D02_serpentine_nbr,C2D,topo+area,nbr,serpentine,late,C2D-B,dark,1,0.2966706238376904,0.2966706238376904,0.2966706238376904,0.20086544292638184,-0.014214717154584252,0.014214717154584252,0.5762746933113969
C2D02_serpentine_kndvi_wA,C2D,topo+area,kndvi,serpentine,late,C2D-A,dark,1,0.2930760009650005,0.2930760009650005,0.2930760009650005,0.20137511397686514,-0.01462999341629006,0.01462999341629006,0.5834960326097381
C2D06_cwt_kndvi,C2D,topo+area,kndvi,cwt,late,C2D-B,dark,1,0.29087343806496796,0.29087343806496796,0.29087343806496796,0.20169796181726482,-0.01729515041208506,0.01729515041208506,0.5774689755667594
C1D01_curve1d_kndvi,C1D,topo+area,kndvi,curve1d,late,C1D-B,dark,1,0.28909988477164444,0.28909988477164444,0.28909988477164444,0.20193784851104243,-0.015755570562869355,0.015755570562869355,0.5722575806067788
C1D01_curve1d_ndvi,C1D,topo+area,ndvi,curve1d,late,C1D-B,dark,1,0.28567590084486233,0.28567590084486233,0.28567590084486233,0.20243541981150373,-0.014724442982081013,0.014724442982081013,0.5651547885812797
C2D10_stack5,C2D,topo+area,,stack5,late,C2D-B,dark,1,0.2855330943135037,0.2855330943135037,0.2855330943135037,0.20244825012848097,-0.016646581075129185,0.016646581075129185,0.566287680482016
C2D11_pxcube_kndvi,C2D,topo+area,kndvi,pxcube,late,C2D-B,dark,1,0.2799986250565448,0.2799986250565448,0.2799986250565448,0.20323915948786286,-0.014402635987026437,0.014402635987026437,0.5621494261233467
C1D01_curve1d_evi,C1D,topo+area,evi,curve1d,late,C1D-B,dark,1,0.2692942033468721,0.2692942033468721,0.2692942033468721,0.2047399195523493,-0.013930491668391337,0.013930491668391337,0.5492832328216848
B01_topo-area,BASE,topo+area,,,none,RF,dark,1,0.2689590282657934,0.2689590282657934,0.2689590282657934,0.20479623365908847,-0.0034615317709920483,0.0034615317709920483,0.5211481243788172
C1D01_curve1d_savi,C1D,topo+area,savi,curve1d,late,C1D-B,dark,1,0.2670975104091766,0.2670975104091766,0.2670975104091766,0.20503196825718298,-0.013138689856827666,0.013138689856827666,0.5462942940758375
B02_area,BASE,area,,,none,RF,dark,1,0.22782463759967095,0.22782463759967095,0.22782463759967095,0.21047991338720543,-0.0020448180366148777,0.0020448180366148777,0.4786244744930827
C2D08_cos2d_kndvi,C2D,topo+area,kndvi,cos2d,late,C2D-B,dark,1,0.22302309659746156,0.22302309659746156,0.22302309659746156,0.21112151853852903,-0.010783070363221152,0.010783070363221152,0.5066799626082904
C2D04_mtf_kndvi,C2D,topo+area,kndvi,mtf,late,C2D-B,dark,1,0.20220766902700493,0.20220766902700493,0.20220766902700493,0.21392228518810893,-0.011740836627993564,0.011740836627993564,0.47781436408325834
C2D03_gaf_kndvi,C2D,topo+area,kndvi,gaf,late,C2D-B,dark,1,0.157005087546799,0.157005087546799,0.157005087546799,0.21992076483130948,-0.014911712497412874,0.014911712497412874,0.4477373758615854
C2D05_ndi_kndvi,C2D,topo+area,kndvi,ndi,late,C2D-B,dark,1,0.09703323240339796,0.09703323240339796,0.09703323240339796,0.22760798396132806,-0.013517017234170895,0.013517017234170895,0.32237698478837856
C2D07_hilbert_kndvi_nglobal,C2D,topo+area,kndvi,hilbert,late,C2D-B,dark,1,0.051281561981743363,0.051281561981743363,0.051281561981743363,0.23328682198523812,-0.00958916219858296,0.00958916219858296,0.28354290991662817
C2D02_serpentine_kndvi_nglobal,C2D,topo+area,kndvi,serpentine,late,C2D-B,dark,1,0.05082862620341557,0.05082862620341557,0.05082862620341557,0.23335961999361765,-0.014288174007774114,0.014288174007774114,0.2846805895007645
B00_area,BASE,area,,,none,mean,dark,1,-0.0098589208638241,-0.0098589208638241,-0.0098589208638241,0.24070456661330608,-0.003470097553743948,0.003470097553743948,-0.02978930250312517
RF02_lsp-qc-topo-area_kndvi,RF,lsp+qc+topo+area,kndvi,,none,RF,phylo,5,0.18004593915544,0.15187075593856217,0.20215667716542463,0.17035588127644835,0.0008030721165844925,0.002215365723577005,0.3703710489722886
RF04_lsp-curve-topo-area_kndvi,RF,lsp+curve+topo+area,kndvi,,none,RF,phylo,5,0.1784303484468377,0.15118348772331522,0.2086923706118229,0.17056687974721668,0.000923934151564147,0.002415307028614678,0.3708525691572301
MLP06_curve_kndvi,MLP,curve,kndvi,tabular,late,MLP-B,phylo,5,0.17832725654559275,0.14294240517385662,0.2104190382121276,0.1704935173606949,-0.0009522635596744686,0.0018213530160849957,0.39074400427163464
RF04_lsp-curve-topo-area_ndvi,RF,lsp+curve+topo+area,ndvi,,none,RF,phylo,5,0.1780887453913936,0.15909593530237234,0.19914151669801886,0.17058451485282994,0.0013404648542817699,0.0030357973246718387,0.371109713048719
C1D01_curve1d_kndvi_ctxclim-topo-area,C1D,clim+topo+area,kndvi,curve1d,late,C1D-B,phylo,5,0.17655061189241722,0.13735515646435795,0.21133019800428293,0.17060733963018718,-0.0014695328098501882,0.001985695148921511,0.3930885165600123
MLP01_lsp_nbr,MLP,lsp,nbr,tabular,late,MLP-B,phylo,5,0.17594444973796022,0.13171690233935124,0.20510580739963782,0.170741705828247,-0.0004209701284410611,0.0023693134125822033,0.3810016321026103
C2D01_reshape_nbr,C2D,topo+area,nbr,reshape,late,C2D-B,phylo,5,0.17539655976353308,0.1424706676357735,0.1971580733799919,0.1708289500559741,0.0023432219773798723,0.0032591884637748147,0.3613890114715342
RF01_lsp-topo-area_kndvi,RF,lsp+topo+area,kndvi,,none,RF,phylo,5,0.17417907087464274,0.14400269845470168,0.1959778905403288,0.17094227255040312,0.0007296032958282675,0.002495616288321407,0.3674184828842725
RF03_curve-topo-area_kndvi,RF,curve+topo+area,kndvi,,none,RF,phylo,5,0.17393709809930974,0.12869901386030544,0.20468956857484708,0.17097256964343818,0.0010814970823522763,0.0022176134275838596,0.3721596247440798
RF03_curve-topo-area_ndvi,RF,curve+topo+area,ndvi,,none,RF,phylo,5,0.17324930853958648,0.13071281650685587,0.20433671006114865,0.1710643163447326,0.0015122654248661029,0.0025313316340002607,0.364313964064212
MLP07_curve_all,MLP,curve_all,,tabular,late,MLP-A,phylo,5,0.17300843560306223,0.13830201247963064,0.20466056322777398,0.17099633405472592,-0.001729910262546945,0.0025877423441677343,0.3915944097898306
RF08_lsp-curve-topo_kndvi,RF,lsp+curve+topo,kndvi,,none,RF,phylo,5,0.17250055432841427,0.15133898359139877,0.19708000681738347,0.1711923264227971,0.0008495795092345975,0.0019415862776248501,0.3639258982648239
C2D02_serpentine_kndvi_calendar,C2D,topo+area,kndvi,serpentine,late,C2D-B,phylo,5,0.17198767956410294,0.13046916373427317,0.19046996070098313,0.17115567296169404,-0.0006761309667955762,0.0033257788014435805,0.37057737674025293
MLP04_curve_all,MLP,curve_all,,tabular,late,MLP-A,phylo,5,0.17183247510837735,0.13170925013486165,0.1922477920224703,0.1711378857346428,-0.0008484286335072227,0.0031363587631100935,0.3723316028956741
C2D07_hilbert_kndvi_calendar,C2D,topo+area,kndvi,hilbert,late,C2D-B,phylo,5,0.17141954706629006,0.13284818343671267,0.19454556568693834,0.17117598098474945,6.456244693374352e-05,0.0029845824276032735,0.3682775685428305
RF01_lsp-topo-area_ndvi,RF,lsp+topo+area,ndvi,,none,RF,phylo,5,0.17121113806438132,0.14420889669247772,0.19402492964423834,0.17122582717249438,0.0009324747300446613,0.002919472059157051,0.3748715791091294
RF02_lsp-qc-topo-area_ndvi,RF,lsp+qc+topo+area,ndvi,,none,RF,phylo,5,0.17070423911013333,0.1343217522834193,0.19342943995620154,0.17125758109556286,0.0008339404623061563,0.002655820206204653,0.36944263067421695
RF05_lsp_all-topo-area,RF,lsp_all+topo+area,,,none,RF,phylo,5,0.17048742832184152,0.1484372874993819,0.18238187142439247,0.17134326304444109,0.0007125890956204201,0.0028422750883691306,0.36462667539542515
MLP02_curve_nbr,MLP,curve,nbr,tabular,late,MLP-B,phylo,5,0.17038375718951515,0.13067366703705408,0.20320026833654134,0.17131399166639155,-0.0004141413167332189,0.0022081439825916774,0.37585043013277497
C2D02_serpentine_nbr,C2D,topo+area,nbr,serpentine,late,C2D-B,phylo,5,0.16984843835298,0.1331284845330636,0.19355140440175175,0.17140352822598096,4.7792072674867744e-05,0.002592068250483697,0.36496280164071965
RF08_lsp-curve-topo_ndvi,RF,lsp+curve+topo,ndvi,,none,RF,phylo,5,0.1696525988951602,0.15364810077679925,0.1898244975608434,0.1714783287601819,0.0013425767792362884,0.002677681282836576,0.36281394057959676
MLP02_curve_ndvi,MLP,curve,ndvi,tabular,late,MLP-B,phylo,5,0.1690667675565518,0.12792091895696886,0.19993517969506458,0.17145679785588025,0.0005221923761503822,0.00218569661559801,0.38289204073587396
RF01_lsp-topo-area_nbr,RF,lsp+topo+area,nbr,,none,RF,phylo,5,0.1680373460606624,0.12605921181584734,0.19318253183483922,0.17161780157136106,0.0005582907268968943,0.002862991336567499,0.3512114397810966
C2D02_serpentine_kndvi_ctxclim-topo-area,C2D,clim+topo+area,kndvi,serpentine,late,C2D-B,phylo,5,0.16750956075952256,0.12828881455189795,0.20602410943741695,0.17152790120222278,-0.0009596284283424122,0.0013121017270747001,0.38497511514915106
C2D07_hilbert_nbr,C2D,topo+area,nbr,hilbert,late,C2D-B,phylo,5,0.1669507754265122,0.13481409967111305,0.19407641536460088,0.17169382267798677,0.0006655151796390221,0.0026871156120724044,0.3656102913555675
C2D07_hilbert_evi,C2D,topo+area,evi,hilbert,late,C2D-B,phylo,5,0.16602068089482663,0.12152462736119951,0.19487287986437996,0.17170913390040338,0.0010395829928118946,0.0031759021106673446,0.35114872123160434
C2D07_hilbert_kndvi,C2D,topo+area,kndvi,hilbert,late,C2D-B,phylo,5,0.16581446522909726,0.1298375211184016,0.1833151350371679,0.17177245977914707,-0.0014122521297665388,0.0032817208483350803,0.3723741628942042
C2D06_cwt_kndvi,C2D,topo+area,kndvi,cwt,late,C2D-B,phylo,5,0.16533096446213807,0.12181321461744689,0.18208717510709027,0.17182693485155065,-0.001669823874431469,0.0035332247456360557,0.3506746900191583
C2D02_serpentine_kndvi_wA,C2D,topo+area,kndvi,serpentine,late,C2D-A,phylo,5,0.16507634316732417,0.11817884821382203,0.18858702975759822,0.17179925015794745,0.000632748909964037,0.003107760897497856,0.35835981260642163
RF02_lsp-qc-topo-area_nbr,RF,lsp+qc+topo+area,nbr,,none,RF,phylo,5,0.16443686837669982,0.1212658423761805,0.1916208791458646,0.1719869747098765,4.764035412935159e-05,0.0027974228500565234,0.34809937302752114
RF03_curve-topo-area_savi,RF,curve+topo+area,savi,,none,RF,phylo,5,0.16442451097728447,0.10296304103035414,0.19191175618724318,0.17189988048114074,0.00015155487266714732,0.002011918449837051,0.36220747594718217
C2D01_reshape_kndvi_ctxclim-topo-area,C2D,clim+topo+area,kndvi,reshape,late,C2D-B,phylo,5,0.16376684638982242,0.13049919140636734,0.1955754643508299,0.171953394421501,-0.0018870094605278553,0.0018870094605278553,0.3827112680421139
MLP05a_curve_kndvi,MLP,curve,kndvi,tabular,late,MLP-A,phylo,5,0.1631798530246053,0.12673308642584527,0.1946191288127449,0.17208943453410536,0.001871417113424402,0.0029252200302291764,0.3599071548144472
C2D02_serpentine_kndvi,C2D,topo+area,kndvi,serpentine,late,C2D-B,phylo,5,0.16244196002895112,0.12657702087240688,0.18851333321908592,0.17208589661039678,-0.0012272401535413542,0.002913471330943703,0.36812277804659477
MLP02_curve_evi,MLP,curve,evi,tabular,late,MLP-B,phylo,5,0.1623177999675882,0.12226046823460869,0.18402121478667735,0.17211764003992075,0.000790530770742338,0.00279648226384126,0.37643932490491194
C2D07_hilbert_kndvi_film,C2D,topo+area,kndvi,hilbert,film,C2D-B,phylo,5,0.16164676641947176,0.11054182356602314,0.1936328568842839,0.1722092055440447,0.001525017785472603,0.0029202005214193595,0.36386128071193585
C2D09_spectrogram_kndvi,C2D,topo+area,kndvi,spectrogram,late,C2D-B,phylo,5,0.16154482692111746,0.1271183874595289,0.17863197404283815,0.1722130730651181,0.0010439019055965757,0.0029876561719256343,0.35630077832174295
C2D07_hilbert_kndvi_wA,C2D,topo+area,kndvi,hilbert,late,C2D-A,phylo,5,0.16144614352026967,0.1177369453120121,0.18672760644230693,0.1721848276537599,-0.0009568394256008785,0.0031427686702724363,0.3529279416345207
RF04_lsp-curve-topo-area_savi,RF,lsp+curve+topo+area,savi,,none,RF,phylo,5,0.16133044261891494,0.09896225773360952,0.18484257809406937,0.17221333829691526,-0.00032226007264418374,0.001978158598596824,0.3658220377224704
C2D01_reshape_kndvi,C2D,topo+area,kndvi,reshape,late,C2D-B,phylo,5,0.1611446952390389,0.12917338291644895,0.17557525563975931,0.17226772708532376,0.0001899953758279711,0.0025476225256924573,0.3560207767343654
C2D11_pxcube_kndvi,C2D,topo+area,kndvi,pxcube,late,C2D-B,phylo,5,0.16095669314943878,0.12448928187760581,0.1811260800104533,0.17225466287972388,-0.0005074037238828372,0.0031009792025035077,0.36279323023137594
MLP02_curve_savi,MLP,curve,savi,tabular,late,MLP-B,phylo,5,0.1608198687894332,0.11979544203715557,0.19409409978547607,0.17222478227125332,0.00019811811101427563,0.002988450605383136,0.38018243136642144
RF01_lsp-topo-area_savi,RF,lsp+topo+area,savi,,none,RF,phylo,5,0.16052351119964622,0.11150031688584179,0.1840792693726179,0.17227172313321626,-0.0002076694693595326,0.002090745100175936,0.3670443908099374
C2D07_hilbert_ndvi,C2D,topo+area,ndvi,hilbert,late,C2D-B,phylo,5,0.1602294816221673,0.12636030362874082,0.1810460524810551,0.17234453545685555,0.00047593765087174166,0.0029763562500705037,0.3584129545308758
C2D02_serpentine_evi,C2D,topo+area,evi,serpentine,late,C2D-B,phylo,5,0.16019781708163977,0.1253289219682272,0.18446644297047865,0.1723325293880605,0.00022944810058092032,0.00264064951944101,0.36089358717084485
MLP05c_curve_kndvi,MLP,curve,kndvi,tabular,late,MLP-C,phylo,5,0.15988622284499937,0.12411769466719032,0.18354921042584874,0.17238764158871395,-0.00010412024841078612,0.0025733169469821264,0.3662206574543746
C2D07_hilbert_savi,C2D,topo+area,savi,hilbert,late,C2D-B,phylo,5,0.1597507592075445,0.1221651569197368,0.18816439898233636,0.1723548415268466,0.00027707793206761377,0.0025277963256641564,0.35563435614489103
MLP02_curve_kndvi,MLP,curve,kndvi,tabular,late,MLP-B,phylo,5,0.1592314495226151,0.12506313521364493,0.1932147474410035,0.17249541369152,0.0007696676354573697,0.0026470053424115197,0.3628127536787808
RF02_lsp-qc-topo-area_savi,RF,lsp+qc+topo+area,savi,,none,RF,phylo,5,0.1589215255575739,0.10624303708563167,0.183473964913066,0.17242106018826764,0.00027895318453905084,0.002011464116259336,0.3711613582236714
C1D01_curve1d_ndvi,C1D,topo+area,ndvi,curve1d,late,C1D-B,phylo,5,0.15864217427616187,0.11397058368459052,0.18248218612349895,0.17247401318673744,-0.0008687883724293017,0.003380069285154404,0.354467539166055
C2D01_reshape_ndvi,C2D,topo+area,ndvi,reshape,late,C2D-B,phylo,5,0.15853312411078285,0.1254697549120749,0.1806953270655157,0.1725073823670749,0.002574364177807359,0.00329024744196794,0.35588010507843226
C2D02_serpentine_kndvi_mixup,C2D,topo+area,kndvi,serpentine,late,C2D-B,phylo,5,0.15847647522844452,0.1235132876515445,0.1850131913119004,0.172497000733245,-8.790437021755285e-05,0.0030453842579030587,0.36390542485037536
C2D10_stack5,C2D,topo+area,,stack5,late,C2D-B,phylo,5,0.1572838504432343,0.11393157753586323,0.1758930532033267,0.17263045013651895,-0.00037633361230621383,0.003040447559207523,0.35832925591342024
C2D01_reshape_evi,C2D,topo+area,evi,reshape,late,C2D-B,phylo,5,0.15717815432846866,0.12203039825305484,0.17801056133134263,0.1726770031352401,0.00024628540353657943,0.0026464225050442615,0.3462387477641801
RF03_curve-topo-area_evi,RF,curve+topo+area,evi,,none,RF,phylo,5,0.15714063980532023,0.10375801626797314,0.1790991398919083,0.17267078649364395,0.0009515239089509337,0.0020459974025961473,0.3525011006505724
RF08_lsp-curve-topo_savi,RF,lsp+curve+topo,savi,,none,RF,phylo,5,0.15693613348337926,0.10013568139344864,0.18172004090887983,0.17270163465156815,-0.00011236385490471048,0.0019886105270933356,0.36092637353375434
C2D01_reshape_savi,C2D,topo+area,savi,reshape,late,C2D-B,phylo,5,0.1566636862975887,0.12299059993773616,0.17246825805218946,0.17273666538098326,-0.0002072674880818761,0.003201382296420169,0.3470304140082109
C2D02_serpentine_savi,C2D,topo+area,savi,serpentine,late,C2D-B,phylo,5,0.15664214752379832,0.12412435843267063,0.17338860790133115,0.17271560105526318,2.1302018636754158e-05,0.0032679358092534043,0.3513698809804219
C2D02_serpentine_ndvi,C2D,topo+area,ndvi,serpentine,late,C2D-B,phylo,5,0.15457387225959604,0.12221543864645383,0.1755683639555721,0.17292867613789126,0.0012705699316626579,0.0033147705468645657,0.35838374015353885
RF04_lsp-curve-topo-area_evi,RF,lsp+curve+topo+area,evi,,none,RF,phylo,5,0.1543233758172457,0.10147234244649335,0.1778722766288475,0.17296826829963974,0.0003890180022075347,0.001991711338576231,0.3562260350790476
C2D02_serpentine_kndvi_wC,C2D,topo+area,kndvi,serpentine,late,C2D-C,phylo,5,0.15365838304631235,0.13309986211613123,0.1673580155823823,0.17307046089911907,-0.00037963409342102125,0.0025385541893990855,0.3697864794798945
C1D01_curve1d_kndvi,C1D,topo+area,kndvi,curve1d,late,C1D-B,phylo,5,0.1534003577436926,0.11674096407981364,0.17234998716800928,0.17304338212310016,-0.0007490310969970766,0.003099645420684669,0.3534493125479915
RF06_curve_all-topo-area,RF,curve_all+topo+area,,,none,RF,phylo,5,0.15035488679596767,0.11787389698814503,0.18111279624252197,0.17348660052767467,0.0013212659306500972,0.0027174730900658252,0.3504437481180468
C2D07_hilbert_kndvi_wC,C2D,topo+area,kndvi,hilbert,late,C2D-C,phylo,5,0.1498998872123824,0.12526570400183004,0.16768632913989387,0.17344086528503783,9.809962584151552e-05,0.002751768923268931,0.36282575358193697
RF08_lsp-curve-topo_evi,RF,lsp+curve+topo,evi,,none,RF,phylo,5,0.14982533430669862,0.0982767091585632,0.176120304871918,0.1734527386502932,0.0004691032719991909,0.0019068021718112722,0.35220604827060453
RF04_lsp-curve-topo-area_nbr,RF,lsp+curve+topo+area,nbr,,none,RF,phylo,5,0.1493348758005914,0.11297078257424072,0.1869792926142302,0.17358486722024344,0.0012498223064786613,0.002465478420937996,0.3349452482037267
C1D01_curve1d_nbr,C1D,topo+area,nbr,curve1d,late,C1D-B,phylo,5,0.1492125085849174,0.12127061098711654,0.16955407222521335,0.1734901852229846,-0.0003583964321286808,0.0032320308418318684,0.3555323225659023
RF02_lsp-qc-topo-area_evi,RF,lsp+qc+topo+area,evi,,none,RF,phylo,5,0.14917174898509913,0.10393750057965273,0.16490840656995412,0.17346473697993967,0.0008160196901355077,0.0016878766487062817,0.36255874017237366
RF01_lsp-topo-area_evi,RF,lsp+topo+area,evi,,none,RF,phylo,5,0.14916132371613572,0.10624393899471803,0.16670669907730584,0.17346301854756568,0.0004992436651762818,0.001707997819040967,0.3584412483062951
C1D01_curve1d_savi,C1D,topo+area,savi,curve1d,late,C1D-B,phylo,5,0.14861352455096816,0.10801765568202504,0.18415707239794396,0.17346998078507853,-0.001886364124464842,0.0028168242248423443,0.3444897587495954
C1D01_curve1d_evi,C1D,topo+area,evi,curve1d,late,C1D-B,phylo,5,0.14825304119952162,0.108755041064304,0.18871999479998747,0.1734893142190884,-0.0013177632643480118,0.002954235319659112,0.34470922411324084
C2D02_serpentine_kndvi_film,C2D,topo+area,kndvi,serpentine,film,C2D-B,phylo,5,0.14820392226263154,0.10961493681999897,0.18385068137404045,0.173639904705075,0.0022788567946114627,0.003722861924369688,0.35569297784780896
MLP01_lsp_ndvi,MLP,lsp,ndvi,tabular,late,MLP-B,phylo,5,0.14812408331722476,0.1178862012720125,0.17831799603101683,0.17355909735293124,0.0015906623192792977,0.0028936354219909234,0.35312405045421646
MLP03_lsp-curve-qc_kndvi,MLP,lsp+curve+qc,kndvi,tabular,late,MLP-B,phylo,5,0.1474749287225356,0.12383307838825286,0.17222560494637662,0.17366258410246332,-0.0012160052582580651,0.003123405220915647,0.3646517851179457
C2D02_serpentine_kndvi_noaug,C2D,topo+area,kndvi,serpentine,late,C2D-B,phylo,5,0.146630610978395,0.1148970983628128,0.18053689367069348,0.17367841653907723,0.0006926715813424906,0.0032066284882414043,0.36640784467422993
C1D02_curve5,C1D,topo+area,,curve5,late,C1D-B,phylo,5,0.1447334858729978,0.11122569763503969,0.17049735728382132,0.17390519109883334,-0.00028030927999035687,0.003341872062244116,0.35987468547659685
RF08_lsp-curve-topo_nbr,RF,lsp+curve+topo,nbr,,none,RF,phylo,5,0.1431817515913843,0.10342721292253405,0.18098265897407095,0.17424667502529667,0.0014103981156195367,0.002471663435828264,0.33084868412414964
C2D02_serpentine_kndvi_nperSample,C2D,topo+area,kndvi,serpentine,late,C2D-B,phylo,5,0.14237106611297318,0.10816162671852902,0.16385391620810089,0.17415706548569387,0.0007639221270236293,0.0033249550523896223,0.3414385302753687
MLP01_lsp_evi,MLP,lsp,evi,tabular,late,MLP-B,phylo,5,0.14183205613582606,0.11205862418022827,0.15727558378171416,0.17424123425662283,0.00021637521806323006,0.0030446227188330155,0.35288663657594105
MLP01_lsp_kndvi,MLP,lsp,kndvi,tabular,late,MLP-B,phylo,5,0.1413940037239465,0.1146169696841039,0.16131266957556756,0.1742942299566852,0.002120417628188169,0.0032454267017737737,0.35402951246314224
C2D07_hilbert_kndvi_nperSample,C2D,topo+area,kndvi,hilbert,late,C2D-B,phylo,5,0.1393540896166471,0.10695216409015033,0.17092037651553638,0.17444047653146405,0.0006200915513665396,0.002991255832331708,0.34112187123334803
RF03_curve-topo-area_nbr,RF,curve+topo+area,nbr,,none,RF,phylo,5,0.13924812598563568,0.10188471805455877,0.17918938775928672,0.17459628326905494,0.001515775953721436,0.002439697378569474,0.3337234490447885
B02_area,BASE,area,,,none,RF,phylo,5,0.13251798171283707,0.09268520182546357,0.186900121624318,0.17503883393126635,0.0018078945251388135,0.0024211244430838172,0.3074767330468925
C2D07_hilbert_kndvi_patch,C2D,topo+area,kndvi,hilbert,patch,C2D-B,phylo,5,0.13198644799202872,0.1031805167272205,0.1467820961519175,0.17525258574757782,9.107259048263695e-06,0.0028761995522388344,0.33247833102541563
MLP01_lsp_savi,MLP,lsp,savi,tabular,late,MLP-B,phylo,5,0.13194690976277948,0.110658357136671,0.15448670115739346,0.1752362301178242,0.0013558624748508023,0.002856367012155404,0.35980575105850954
C2D02_serpentine_kndvi_patch,C2D,topo+area,kndvi,serpentine,patch,C2D-B,phylo,5,0.12987192182488383,0.10335462137804118,0.14308770698880036,0.17545603388257752,-0.00023812756337414755,0.0027096668573315993,0.32817104657157603
C2D07_hilbert_kndvi_wX,C2D,topo+area,kndvi,hilbert,late,C2D-X,phylo,5,0.129532620385527,0.09658823712157076,0.16586143826350805,0.1754266058730606,0.0011424889919374756,0.002442628714916546,0.373786583977357
C2D07_hilbert_kndvi_none,C2D,topo+area,kndvi,hilbert,none,C2D-B,phylo,5,0.12659576476294182,0.11073730375561248,0.1349963938631471,0.17581590485629067,0.0019835589181158514,0.0039043082996338165,0.3313988346276783
C2D02_serpentine_kndvi_wX,C2D,topo+area,kndvi,serpentine,late,C2D-X,phylo,5,0.12364587965137819,0.10404405104758237,0.16348705836337554,0.17602975257834333,0.004407259368003086,0.004407259368003086,0.36955157210578093
C2D02_serpentine_kndvi_none,C2D,topo+area,kndvi,serpentine,none,C2D-B,phylo,5,0.12144789343542683,0.10763826753240537,0.12848476114093,0.1763607731844257,0.0010247139112489628,0.0034942059037110507,0.3303416270862372
C2D08_cos2d_kndvi,C2D,topo+area,kndvi,cos2d,late,C2D-B,phylo,5,0.09808847461171646,0.06990462802556657,0.14680933339962274,0.17850502914476665,0.0010996834335211167,0.0038358986988193964,0.28105202889696174
B03_coords,BASE,coords,,,none,RF,phylo,5,0.08987517607838227,-0.015133078315467266,0.14434475510186007,0.17920260518016312,0.005089622865157487,0.005089622865157487,0.3862303368809156
B01_topo-area,BASE,topo+area,,,none,RF,phylo,5,0.08579125353414203,0.03428720412497213,0.15116332871665397,0.179658279743902,-0.000613912928971491,0.0020537820116216907,0.2897021268987676
C2D03_gaf_kndvi,C2D,topo+area,kndvi,gaf,late,C2D-B,phylo,5,0.0788370262518765,0.05498603880857627,0.10004673354762023,0.1806195974106414,-0.0004351358869797168,0.0035934548654741284,0.28730741926531456
C2D04_mtf_kndvi,C2D,topo+area,kndvi,mtf,late,C2D-B,phylo,5,0.04676242267694235,0.011889792960234333,0.05843059113311457,0.1837916811099914,0.0011950739576641698,0.004123677218234982,0.2193858540975336
C2D07_hilbert_kndvi_nglobal,C2D,topo+area,kndvi,hilbert,late,C2D-B,phylo,5,0.037913994353095386,-0.0009922958088413,0.06215351499269473,0.1846635379820672,-0.0006012879974339018,0.003258701040574917,0.16831528934075496
C2D02_serpentine_kndvi_nglobal,C2D,topo+area,kndvi,serpentine,late,C2D-B,phylo,5,0.03263578708338271,-0.002767536663195067,0.05480787603585854,0.18516414554666202,-0.001946906921454556,0.003859533431744512,0.15675387716673564
C2D05_ndi_kndvi,C2D,topo+area,kndvi,ndi,late,C2D-B,phylo,5,0.015925220188194367,0.005236402778608267,0.031353847688844104,0.18658415595040578,0.000542816361449034,0.004516832075223923,0.1580639565469535
B00_area,BASE,area,,,none,mean,phylo,5,-0.006945060118728033,-0.012972475489324167,-0.0044794477866734,0.18881646043793038,0.001575432704929626,0.001898661388750331,0.00695802712319262
