familia,faceta,grupo,representacion,estres,n,n_seeds,R2,R2_sd,R2_en_banda,detrend
pg_all,lcbd_count_sorensen,composicion,area_sola,todas,2499,3,0.3196125867369472,0.003878306043748332,-0.010347091318137677,todas
pg_all,lcbd_count_sorensen,composicion,area_sola,seco,675,3,-0.008988137793661144,0.012774884749248358,0.005864801806184909,geo
pg_all,lcbd_count_sorensen,composicion,area_sola,medio,673,3,-0.020471085826922957,0.01328945677931213,-0.012357843422808065,geo
pg_all,lcbd_count_sorensen,composicion,area_sola,humedo,669,3,-0.011877872449790475,0.0049805902377485466,0.003507981543234173,geo
pg_all,lcbd_count_sorensen,composicion,area_sola,seco,675,3,-0.016005046204199996,0.014497319259624214,0.005930382767057522,lat
pg_all,lcbd_count_sorensen,composicion,area_sola,medio,670,3,-0.01808915116246938,0.014354130146260496,-0.007699930178512597,lat
pg_all,lcbd_count_sorensen,composicion,area_sola,humedo,668,3,-0.021035231162198114,0.006701975307642445,-0.002970541931978876,lat
pg_all,pd_inext_q0,filogenetica,area_sola,todas,877,3,0.08309312428039424,0.00763901229992532,-0.0121325595378452,todas
pg_all,pd_inext_q0,filogenetica,area_sola,seco,197,3,-0.009332799496684455,0.0074411650404483404,-0.006421822502598928,geo
pg_all,pd_inext_q0,filogenetica,area_sola,medio,196,3,-0.04318519434889404,0.03322657615534335,-0.028020176292339032,geo
pg_all,pd_inext_q0,filogenetica,area_sola,humedo,193,3,-0.022436289472913467,0.008170244074913352,-0.018982657323580805,geo
pg_all,pd_inext_q0,filogenetica,area_sola,seco,197,3,-0.018214309664641288,0.005640527146938391,-0.018024522746546978,lat
pg_all,pd_inext_q0,filogenetica,area_sola,medio,196,3,-0.040440850114587125,0.024925952752516408,-0.017536510259219467,lat
pg_all,pd_inext_q0,filogenetica,area_sola,humedo,193,3,-0.017337483049387536,0.016067169301221932,-0.018266077722659684,lat
pg_all,pd_inext_q1,filogenetica,area_sola,todas,877,3,0.12525225475498805,0.007187048768844161,0.06134157476365395,todas
pg_all,pd_inext_q1,filogenetica,area_sola,seco,197,3,-0.023072166766676967,0.0020947898253750675,-0.027170498600320208,geo
pg_all,pd_inext_q1,filogenetica,area_sola,medio,196,3,-0.07365549276959042,0.020212199547722597,-0.06736146340066355,geo
pg_all,pd_inext_q1,filogenetica,area_sola,humedo,193,3,-0.03321737319012966,0.0059635865613854415,-0.02504658242622715,geo
pg_all,pd_inext_q1,filogenetica,area_sola,seco,197,3,-0.054372760371197204,0.010827679783342247,-0.053747757971682075,lat
pg_all,pd_inext_q1,filogenetica,area_sola,medio,196,3,-0.049783108054827295,0.016493845347595442,-0.040378915096871935,lat
pg_all,pd_inext_q1,filogenetica,area_sola,humedo,193,3,-0.03982448430721478,0.017093969695057942,-0.033274620551728175,lat
pg_all,pd_inext_q2,filogenetica,area_sola,todas,877,3,0.11073408573689232,0.019900653893586386,0.05694632610016278,todas
pg_all,pd_inext_q2,filogenetica,area_sola,seco,197,3,-0.02825753776877608,0.01953066026115394,-0.02332883448679361,geo
pg_all,pd_inext_q2,filogenetica,area_sola,medio,196,3,-0.04540555257732123,0.061246136686953785,-0.03511914857064602,geo
pg_all,pd_inext_q2,filogenetica,area_sola,humedo,193,3,-0.02933180712506515,0.020914282209432974,-0.022749704730843145,geo
pg_all,pd_inext_q2,filogenetica,area_sola,seco,197,3,-0.034283471970096735,0.03498805453859661,-0.03461338347151088,lat
pg_all,pd_inext_q2,filogenetica,area_sola,medio,196,3,-0.04667363180407539,0.04212817734987237,-0.02741413811251155,lat
pg_all,pd_inext_q2,filogenetica,area_sola,humedo,193,3,-0.024810166086052948,0.023589229440658346,-0.022138943671897948,lat
pg_all,td_inext_q0,riqueza,area_sola,todas,881,3,-0.014518867270832589,0.01975272537519234,-0.03457657951966775,todas
pg_all,td_inext_q0,riqueza,area_sola,seco,197,3,-0.014369625899483577,0.011763388322223121,-0.011608521291836501,geo
pg_all,td_inext_q0,riqueza,area_sola,medio,196,3,-0.05970720411336224,0.036256888770800993,0.0008985550711371933,geo
pg_all,td_inext_q0,riqueza,area_sola,humedo,193,3,-0.05642020084508411,0.028987496474565288,-0.014662255481023031,geo
pg_all,td_inext_q0,riqueza,area_sola,seco,197,3,-0.005232356803064479,0.01100050167058792,-0.00022291469950552756,lat
pg_all,td_inext_q0,riqueza,area_sola,medio,196,3,-0.02920874129096836,0.027929665231386177,-0.006610084068913761,lat
pg_all,td_inext_q0,riqueza,area_sola,humedo,193,3,-0.03071433499053448,0.01043253389554118,-0.01565352965432158,lat
pg_all,td_inext_q1,riqueza,area_sola,todas,881,3,0.046538559284216276,0.008500837178496926,0.002608845948517217,todas
pg_all,td_inext_q1,riqueza,area_sola,seco,197,3,-0.028753371404009576,0.021899725921759226,-0.01711330877037746,geo
pg_all,td_inext_q1,riqueza,area_sola,medio,196,3,-0.010038939971421504,0.006741160892450999,0.006385193396265161,geo
pg_all,td_inext_q1,riqueza,area_sola,humedo,193,3,-0.02318486218479728,0.019929854582369875,-0.009483133357236348,geo
pg_all,td_inext_q1,riqueza,area_sola,seco,197,3,-0.007535974537715077,0.02140204434109874,0.003824446458309668,lat
pg_all,td_inext_q1,riqueza,area_sola,medio,196,3,-0.019759507848658615,0.016496191763437976,-0.009953700820610237,lat
pg_all,td_inext_q1,riqueza,area_sola,humedo,193,3,-0.01741373736218003,0.009206813468726607,-0.011525594433221209,lat
pg_all,td_inext_q2,riqueza,area_sola,todas,881,3,0.07081817899514209,0.003494545244690941,0.019403941068611135,todas
pg_all,td_inext_q2,riqueza,area_sola,seco,197,3,-0.01332432375339243,0.0028685815926059294,-0.003930048757125919,geo
pg_all,td_inext_q2,riqueza,area_sola,medio,196,3,-0.02223457367906101,0.018757875272851676,-0.02013786855002368,geo
pg_all,td_inext_q2,riqueza,area_sola,humedo,193,3,-0.016670130681516016,0.009600121284473942,-0.0011766315783922066,geo
pg_all,td_inext_q2,riqueza,area_sola,seco,197,3,-0.01351324479863103,0.013194480150777538,-0.005402712226172686,lat
pg_all,td_inext_q2,riqueza,area_sola,medio,196,3,-0.01880281014397478,0.012501267296933174,-0.01420987023828831,lat
pg_all,td_inext_q2,riqueza,area_sola,humedo,193,3,-0.01838747863291242,0.010194849405597234,-0.0055448449488221625,lat
pg_all,lcbd_count_sorensen,composicion,coords,todas,2499,3,0.43679421242756056,0.002925432749634416,0.10934587431098619,todas
pg_all,lcbd_count_sorensen,composicion,coords,seco,675,3,0.06685768132670977,0.005176163136902561,0.004438749224725276,geo
pg_all,lcbd_count_sorensen,composicion,coords,medio,673,3,0.16864902169322593,0.010729301634476284,0.09339598490975527,geo
pg_all,lcbd_count_sorensen,composicion,coords,humedo,669,3,0.2718461875469788,0.004108650480734041,0.11880156709363683,geo
pg_all,lcbd_count_sorensen,composicion,coords,seco,675,3,0.11348656191711141,0.01100824023304336,0.05649053256873212,lat
pg_all,lcbd_count_sorensen,composicion,coords,medio,670,3,0.13618420559430663,0.00550660611800574,0.05724516608998883,lat
pg_all,lcbd_count_sorensen,composicion,coords,humedo,668,3,0.25787659598935386,0.003315093340310732,0.12998210057299323,lat
pg_all,pd_inext_q0,filogenetica,coords,todas,877,3,0.08192466917712005,0.00984254568476137,-0.009953333107191412,todas
pg_all,pd_inext_q0,filogenetica,coords,seco,197,3,0.0162009927800368,0.006019086389371006,-0.032129859657365735,geo
pg_all,pd_inext_q0,filogenetica,coords,medio,196,3,0.0021312108935790755,0.017836393182372758,-0.013509362179302395,geo
pg_all,pd_inext_q0,filogenetica,coords,humedo,193,3,0.17418272638226182,0.023171950201584305,0.09379259708156873,geo
pg_all,pd_inext_q0,filogenetica,coords,seco,197,3,0.06714103068815629,0.004375194437605782,0.04415492213256126,lat
pg_all,pd_inext_q0,filogenetica,coords,medio,196,3,-0.006656951801343698,0.00920180668307119,-0.029527265576841193,lat
pg_all,pd_inext_q0,filogenetica,coords,humedo,193,3,0.12936182908955474,0.03335347183164715,0.06186883828379589,lat
pg_all,pd_inext_q1,filogenetica,coords,todas,877,3,0.07297730257915595,0.016907001540691583,-0.004935571321183274,todas
pg_all,pd_inext_q1,filogenetica,coords,seco,197,3,0.03579027276134731,0.008572498129417091,-0.03273156126983601,geo
pg_all,pd_inext_q1,filogenetica,coords,medio,196,3,-0.13391747522685823,0.02845595874608705,-0.15592035656946854,geo
pg_all,pd_inext_q1,filogenetica,coords,humedo,193,3,0.10773534884295792,0.022268399113225996,0.02428897780934162,geo
pg_all,pd_inext_q1,filogenetica,coords,seco,197,3,0.06794635669650491,0.01800909469056653,0.03422485027562635,lat
pg_all,pd_inext_q1,filogenetica,coords,medio,196,3,-0.06730967551981289,0.009059740830672092,-0.11312578940071671,lat
pg_all,pd_inext_q1,filogenetica,coords,humedo,193,3,-0.016112340784021868,0.04162666369777225,-0.06856583402125634,lat
pg_all,pd_inext_q2,filogenetica,coords,todas,877,3,0.05552995654191791,0.005259429323976466,-0.020349545654664514,todas
pg_all,pd_inext_q2,filogenetica,coords,seco,197,3,0.0288638567565694,0.0058039624592673335,-0.047882590109586065,geo
pg_all,pd_inext_q2,filogenetica,coords,medio,196,3,-0.11940185969335719,0.04472917537693658,-0.15071157059245888,geo
pg_all,pd_inext_q2,filogenetica,coords,humedo,193,3,0.06293850077250562,0.004382514331362059,-0.028588207333302734,geo
pg_all,pd_inext_q2,filogenetica,coords,seco,197,3,0.06329418481742825,0.016533755488874428,0.020745433455200486,lat
pg_all,pd_inext_q2,filogenetica,coords,medio,196,3,-0.07963474409255993,0.023816043523255084,-0.1219765076917269,lat
pg_all,pd_inext_q2,filogenetica,coords,humedo,193,3,-0.026052008002226252,0.015639762001088364,-0.08900901030857722,lat
pg_all,td_inext_q0,riqueza,coords,todas,881,3,0.024548702547358563,0.008074322685330697,-0.012493429824210237,todas
pg_all,td_inext_q0,riqueza,coords,seco,197,3,-0.0556150030100262,0.022812028742849728,-0.05963061654300975,geo
pg_all,td_inext_q0,riqueza,coords,medio,196,3,0.061685188208475204,0.004697306105365606,0.01894260220096085,geo
pg_all,td_inext_q0,riqueza,coords,humedo,193,3,-0.1085068618137021,0.050813642766466806,-0.04682601549518998,geo
pg_all,td_inext_q0,riqueza,coords,seco,197,3,0.0047002412058295695,0.02931208879184092,-0.00071603781752827,lat
pg_all,td_inext_q0,riqueza,coords,medio,196,3,0.02918285826833263,0.022367008361757507,-0.027514428069220703,lat
pg_all,td_inext_q0,riqueza,coords,humedo,193,3,-0.039320035785057904,0.011581085061558152,-0.05211487497730638,lat
pg_all,td_inext_q1,riqueza,coords,todas,881,3,-0.002984390379386914,0.017614087856385827,-0.0694006930789514,todas
pg_all,td_inext_q1,riqueza,coords,seco,197,3,-0.07976629983401362,0.014376897354891028,-0.08051120357869183,geo
pg_all,td_inext_q1,riqueza,coords,medio,196,3,0.015814952547904992,0.006278200388470152,-0.01833111385236578,geo
pg_all,td_inext_q1,riqueza,coords,humedo,193,3,-0.05433381106796572,0.01574607056052929,-0.09673810525172266,geo
pg_all,td_inext_q1,riqueza,coords,seco,197,3,-0.07213221198656476,0.02399493204616822,-0.06573548107923351,lat
pg_all,td_inext_q1,riqueza,coords,medio,196,3,0.02171638625456899,0.0029955154181184615,-0.033946879364816475,lat
pg_all,td_inext_q1,riqueza,coords,humedo,193,3,-0.060653111461722954,0.0061746684890585345,-0.10132253964082787,lat
pg_all,td_inext_q2,riqueza,coords,todas,881,3,-0.005948942134047545,0.010949889370116253,-0.07294383208124906,todas
pg_all,td_inext_q2,riqueza,coords,seco,197,3,-0.07562073950664801,0.010803229684161378,-0.07353673089919217,geo
pg_all,td_inext_q2,riqueza,coords,medio,196,3,-0.033229755098265056,0.02384356946416374,-0.04893536414644702,geo
pg_all,td_inext_q2,riqueza,coords,humedo,193,3,-0.09698731439170676,0.01513816512380115,-0.14008214382423198,geo
pg_all,td_inext_q2,riqueza,coords,seco,197,3,-0.09000719092359992,0.020999144446507977,-0.07771477416594319,lat
pg_all,td_inext_q2,riqueza,coords,medio,196,3,-0.0292109971838909,0.02208764829581806,-0.057638477815382595,lat
pg_all,td_inext_q2,riqueza,coords,humedo,193,3,-0.08485314949146572,0.009795547605405951,-0.114809414019254,lat
pg_all,lcbd_count_sorensen,composicion,piso,todas,2499,3,0.35484998393918915,0.004636526690961559,0.031703970982901675,todas
pg_all,lcbd_count_sorensen,composicion,piso,seco,675,3,0.07611268181172393,0.011563057929498747,0.0387496233219509,geo
pg_all,lcbd_count_sorensen,composicion,piso,medio,673,3,0.09025559405797785,0.009773469991118017,0.0726291892964257,geo
pg_all,lcbd_count_sorensen,composicion,piso,humedo,669,3,0.01528572503448881,0.004919979918179724,-0.006166854167932205,geo
pg_all,lcbd_count_sorensen,composicion,piso,seco,675,3,0.07869412466550878,0.008643880536079111,0.045779315603705927,lat
pg_all,lcbd_count_sorensen,composicion,piso,medio,670,3,0.03139491640573736,0.013169117112917163,0.019314973283176145,lat
pg_all,lcbd_count_sorensen,composicion,piso,humedo,668,3,0.05716276742151708,0.004811062077937804,0.04944160057022392,lat
pg_all,pd_inext_q0,filogenetica,piso,todas,877,3,0.03911358215821933,0.00280392563243334,-0.04803865264828433,todas
pg_all,pd_inext_q0,filogenetica,piso,seco,197,3,-0.08378454107491606,0.0036196790753959657,-0.11333455719902112,geo
pg_all,pd_inext_q0,filogenetica,piso,medio,196,3,-0.03486783493196466,0.027569612073960102,-0.026911105489784187,geo
pg_all,pd_inext_q0,filogenetica,piso,humedo,193,3,-0.054480602283452674,0.01017593392852162,-0.06731859633149122,geo
pg_all,pd_inext_q0,filogenetica,piso,seco,197,3,-0.06872457796466058,0.002472816378300919,-0.07316001024244205,lat
pg_all,pd_inext_q0,filogenetica,piso,medio,196,3,-0.02699356160777981,0.019412648740638392,-0.010670907020622197,lat
pg_all,pd_inext_q0,filogenetica,piso,humedo,193,3,-0.10892079315708103,0.015029373953210877,-0.133124484390714,lat
pg_all,pd_inext_q1,filogenetica,piso,todas,877,3,0.06700694204706954,0.006074422925817105,-0.00014748391651542292,todas
pg_all,pd_inext_q1,filogenetica,piso,seco,197,3,-0.06438074339832885,0.01245809918795961,-0.12220111058707765,geo
pg_all,pd_inext_q1,filogenetica,piso,medio,196,3,-0.14843160819065795,0.016893263540790137,-0.14337725432266937,geo
pg_all,pd_inext_q1,filogenetica,piso,humedo,193,3,-0.05857898168171727,0.011168139284754557,-0.03765395730715119,geo
pg_all,pd_inext_q1,filogenetica,piso,seco,197,3,-0.13809332633430618,0.011902356253060698,-0.159882934064543,lat
pg_all,pd_inext_q1,filogenetica,piso,medio,196,3,-0.04191437203308005,0.008956026701211196,-0.048918123218959574,lat
pg_all,pd_inext_q1,filogenetica,piso,humedo,193,3,-0.13625492156812138,0.03108229827519649,-0.09854141580847653,lat
pg_all,pd_inext_q2,filogenetica,piso,todas,877,3,0.05029672487008648,0.026830051946582716,-0.012389727584217044,todas
pg_all,pd_inext_q2,filogenetica,piso,seco,197,3,-0.0601438429244483,0.020377871163616116,-0.12331275630316463,geo
pg_all,pd_inext_q2,filogenetica,piso,medio,196,3,-0.1327577218414424,0.06683541411123282,-0.1270589874663791,geo
pg_all,pd_inext_q2,filogenetica,piso,humedo,193,3,-0.05636532948087303,0.02257187761073652,-0.0515365495702611,geo
pg_all,pd_inext_q2,filogenetica,piso,seco,197,3,-0.11579781852346131,0.04132726029100558,-0.15386850852183512,lat
pg_all,pd_inext_q2,filogenetica,piso,medio,196,3,-0.04958365949796795,0.04946388212785362,-0.05827006640893365,lat
pg_all,pd_inext_q2,filogenetica,piso,humedo,193,3,-0.10308094545222597,0.01608551121178742,-0.07773939071050018,lat
pg_all,td_inext_q0,riqueza,piso,todas,881,3,-0.03557011783973126,0.024613631862424358,-0.05664216671604808,todas
pg_all,td_inext_q0,riqueza,piso,seco,197,3,-0.14176706364513256,0.03766062222282583,-0.1289524081087504,geo
pg_all,td_inext_q0,riqueza,piso,medio,196,3,-0.025172024644470808,0.0381191012898729,0.0007564460217410751,geo
pg_all,td_inext_q0,riqueza,piso,humedo,193,3,-0.1474154720235211,0.06804970146187618,-0.0689006404675987,geo
pg_all,td_inext_q0,riqueza,piso,seco,197,3,-0.06654650249775089,0.031743268972502604,-0.045922540666994895,lat
pg_all,td_inext_q0,riqueza,piso,medio,196,3,-0.06194577633369983,0.019052009436141683,-0.06481761022556487,lat
pg_all,td_inext_q0,riqueza,piso,humedo,193,3,-0.08745778049556001,0.0347675761081776,-0.05597928052006873,lat
pg_all,td_inext_q1,riqueza,piso,todas,881,3,0.0272006835894969,0.014669206150506679,-0.031078997010634508,todas
pg_all,td_inext_q1,riqueza,piso,seco,197,3,-0.08883207033263012,0.02041031155503618,-0.0857051665647719,geo
pg_all,td_inext_q1,riqueza,piso,medio,196,3,-0.03421431562275523,0.010268830772447545,-0.04875766413298218,geo
pg_all,td_inext_q1,riqueza,piso,humedo,193,3,-0.0857143663873859,0.02680764883334933,-0.07325885378946488,geo
pg_all,td_inext_q1,riqueza,piso,seco,197,3,-0.10197481659128334,0.03364284268792064,-0.09247947808642738,lat
pg_all,td_inext_q1,riqueza,piso,medio,196,3,-0.014275133555690989,0.011535698561345379,-0.023319695217704012,lat
pg_all,td_inext_q1,riqueza,piso,humedo,193,3,-0.09031981877150153,0.02137845480847516,-0.08018742967724408,lat
pg_all,td_inext_q2,riqueza,piso,todas,881,3,0.04009600595484849,0.006436027378651242,-0.022033753755220802,todas
pg_all,td_inext_q2,riqueza,piso,seco,197,3,-0.05683901150084947,0.006009064102217634,-0.054686789696946146,geo
pg_all,td_inext_q2,riqueza,piso,medio,196,3,-0.07690283260473178,0.018803687176324586,-0.09915346857151135,geo
pg_all,td_inext_q2,riqueza,piso,humedo,193,3,-0.06555998720852145,0.013389644404561859,-0.05477460237919107,geo
pg_all,td_inext_q2,riqueza,piso,seco,197,3,-0.112059319047957,0.02146327939282046,-0.1019451622245855,lat
pg_all,td_inext_q2,riqueza,piso,medio,196,3,-0.025738294713956538,0.01219177668510336,-0.03991790230739752,lat
pg_all,td_inext_q2,riqueza,piso,humedo,193,3,-0.08044912858810808,0.010899252775386229,-0.06902083765244793,lat
pg_all,lcbd_count_sorensen,composicion,clima,todas,2499,3,0.45684117755381776,0.0026897704964276674,0.1437180671013133,todas
pg_all,lcbd_count_sorensen,composicion,clima,seco,675,3,0.14907718544574197,0.003628507027951091,0.09493661675838838,geo
pg_all,lcbd_count_sorensen,composicion,clima,medio,673,3,0.208024480661671,0.011371199295660106,0.1378569776226891,geo
pg_all,lcbd_count_sorensen,composicion,clima,humedo,669,3,0.28562485835836793,0.007251546605303408,0.13845630824740152,geo
pg_all,lcbd_count_sorensen,composicion,clima,seco,675,3,0.18258059559542353,0.009737822568033367,0.13097577499359228,lat
pg_all,lcbd_count_sorensen,composicion,clima,medio,670,3,0.18149658259925064,0.007392252693494947,0.10554327219028829,lat
pg_all,lcbd_count_sorensen,composicion,clima,humedo,668,3,0.2760363871050333,0.005963322221805563,0.1547401266092232,lat
pg_all,pd_inext_q0,filogenetica,clima,todas,877,3,0.11981473976428259,0.0051713451219248235,0.014062795034609499,todas
pg_all,pd_inext_q0,filogenetica,clima,seco,197,3,0.06985742477185515,0.004916014140482864,0.019433197756945558,geo
pg_all,pd_inext_q0,filogenetica,clima,medio,196,3,0.06705874715385891,0.018541144983306734,0.05366699152528387,geo
pg_all,pd_inext_q0,filogenetica,clima,humedo,193,3,0.1731310582412174,0.025110430610653475,0.09720987401543135,geo
pg_all,pd_inext_q0,filogenetica,clima,seco,197,3,0.1075447965040965,0.007008821004075024,0.07717303863015294,lat
pg_all,pd_inext_q0,filogenetica,clima,medio,196,3,0.07312314054329798,0.010415727417945527,0.03354028108567508,lat
pg_all,pd_inext_q0,filogenetica,clima,humedo,193,3,0.113523454910417,0.031075657080987605,0.04865479251063776,lat
pg_all,pd_inext_q1,filogenetica,clima,todas,877,3,0.16429421200027913,0.008710382015961183,0.08325170569499019,todas
pg_all,pd_inext_q1,filogenetica,clima,seco,197,3,0.04159480100931038,0.012812778672932634,-0.013784501889022879,geo
pg_all,pd_inext_q1,filogenetica,clima,medio,196,3,-0.06778255645706362,0.01580538023242814,-0.07475314915897635,geo
pg_all,pd_inext_q1,filogenetica,clima,humedo,193,3,0.12723264894341066,0.012533384222819834,0.07383400445225789,geo
pg_all,pd_inext_q1,filogenetica,clima,seco,197,3,0.025644620987078388,0.012477335842574482,0.0014951588054695024,lat
pg_all,pd_inext_q1,filogenetica,clima,medio,196,3,0.007719219047614782,0.006337847217172091,-0.03455802888647952,lat
pg_all,pd_inext_q1,filogenetica,clima,humedo,193,3,0.038590472830268986,0.02716624529078445,0.01330369547399135,lat
pg_all,pd_inext_q2,filogenetica,clima,todas,877,3,0.12836155306441807,0.01670627566957201,0.04935775856528261,todas
pg_all,pd_inext_q2,filogenetica,clima,seco,197,3,0.02719367240943756,0.009332925691803998,-0.038578931259755235,geo
pg_all,pd_inext_q2,filogenetica,clima,medio,196,3,-0.09045353357709596,0.04313980461700055,-0.09975037272374705,geo
pg_all,pd_inext_q2,filogenetica,clima,humedo,193,3,0.08528943846377983,0.016076879666065125,0.039316811857359656,geo
pg_all,pd_inext_q2,filogenetica,clima,seco,197,3,0.02043648766169,0.02330171296328464,-0.01559071465559081,lat
pg_all,pd_inext_q2,filogenetica,clima,medio,196,3,-0.0271772953995566,0.02800063119513795,-0.07500100385827091,lat
pg_all,pd_inext_q2,filogenetica,clima,humedo,193,3,0.0125157369291935,0.01506026385149681,-0.009463989830116168,lat
pg_all,td_inext_q0,riqueza,clima,todas,881,3,0.011174881544915713,0.015007060883710887,-0.024928287224202633,todas
pg_all,td_inext_q0,riqueza,clima,seco,197,3,0.04815690415349901,0.0065748129484147115,0.030599043216032944,geo
pg_all,td_inext_q0,riqueza,clima,medio,196,3,0.03863918233065081,0.01839939400318493,0.022468748685818052,geo
pg_all,td_inext_q0,riqueza,clima,humedo,193,3,0.000297338656426042,0.04391797404698566,0.0523637032139281,geo
pg_all,td_inext_q0,riqueza,clima,seco,197,3,0.024742628365079938,0.020175263327909993,0.011753771210768704,lat
pg_all,td_inext_q0,riqueza,clima,medio,196,3,0.08050933415029515,0.008213858440347324,0.03349866325353742,lat
pg_all,td_inext_q0,riqueza,clima,humedo,193,3,0.041714433770332494,0.018828313245512356,0.03920562327175906,lat
pg_all,td_inext_q1,riqueza,clima,todas,881,3,0.06744090621153509,0.011674543521683586,0.0035738357996701517,todas
pg_all,td_inext_q1,riqueza,clima,seco,197,3,0.03809975788222061,0.01193867479037006,0.04628570090511094,geo
pg_all,td_inext_q1,riqueza,clima,medio,196,3,0.0679543957152507,0.010766313108169123,0.0336111628482475,geo
pg_all,td_inext_q1,riqueza,clima,humedo,193,3,0.08342511763941658,0.02345975498902346,0.03612162770015085,geo
pg_all,td_inext_q1,riqueza,clima,seco,197,3,-0.00588329245092678,0.03039623060635785,0.004831093347292777,lat
pg_all,td_inext_q1,riqueza,clima,medio,196,3,0.09525941885309368,0.0018107790176914815,0.0554345009784614,lat
pg_all,td_inext_q1,riqueza,clima,humedo,193,3,0.09167636867290714,0.017366539898119714,0.05107340997859237,lat
pg_all,td_inext_q2,riqueza,clima,todas,881,3,0.06620530884579749,0.0035721020659099222,0.0039099922588595,todas
pg_all,td_inext_q2,riqueza,clima,seco,197,3,0.03236791787383079,0.006520106077343397,0.04938711300527088,geo
pg_all,td_inext_q2,riqueza,clima,medio,196,3,0.016523686553647665,0.012806848205518548,-0.00852120697741617,geo
pg_all,td_inext_q2,riqueza,clima,humedo,193,3,0.03198352838128108,0.0016381099409263108,-0.0076695988839230456,geo
pg_all,td_inext_q2,riqueza,clima,seco,197,3,-0.02564963057352987,0.007744046294799759,-0.008748953746344176,lat
pg_all,td_inext_q2,riqueza,clima,medio,196,3,0.050513127431803216,0.011144736679515474,0.02604233730476298,lat
pg_all,td_inext_q2,riqueza,clima,humedo,193,3,0.04098081763349374,0.0013998395741743796,0.013900732947655073,lat
pg_all,lcbd_count_sorensen,composicion,curva,todas,2499,3,0.44690133575235125,0.0021565188955805733,0.132001705932372,todas
pg_all,lcbd_count_sorensen,composicion,curva,seco,675,3,0.1250923402709858,0.0065519632046140055,0.07055232594213241,geo
pg_all,lcbd_count_sorensen,composicion,curva,medio,673,3,0.1796245700574449,0.0040341124811001825,0.12098652764855806,geo
pg_all,lcbd_count_sorensen,composicion,curva,humedo,669,3,0.2732867399878862,0.013171861734685375,0.13109675618475822,geo
pg_all,lcbd_count_sorensen,composicion,curva,seco,675,3,0.16349906061016783,0.0032120505328989686,0.1137322666492759,lat
pg_all,lcbd_count_sorensen,composicion,curva,medio,670,3,0.16931004062985364,0.01094876121218482,0.09319721378137673,lat
pg_all,lcbd_count_sorensen,composicion,curva,humedo,668,3,0.24303724235939164,0.010655412899712636,0.13030324984602568,lat
pg_all,pd_inext_q0,filogenetica,curva,todas,877,3,0.07167991647328908,0.007799090096907926,-0.018191203379903282,todas
pg_all,pd_inext_q0,filogenetica,curva,seco,197,3,-0.018058218553782684,0.006868996832582248,-0.06063415372548975,geo
pg_all,pd_inext_q0,filogenetica,curva,medio,196,3,-0.007109220978121278,0.029855247793085102,-0.029404512070792865,geo
pg_all,pd_inext_q0,filogenetica,curva,humedo,193,3,0.011076432314138055,0.004790837098748179,-0.03409903506307277,geo
pg_all,pd_inext_q0,filogenetica,curva,seco,197,3,0.011126911768416514,0.0051854575736671295,-0.00933810798143971,lat
pg_all,pd_inext_q0,filogenetica,curva,medio,196,3,-0.03310544353991215,0.02301439537947673,-0.04377762657251457,lat
pg_all,pd_inext_q0,filogenetica,curva,humedo,193,3,0.007281061181310407,0.010921667197716145,-0.02537447117163823,lat
pg_all,pd_inext_q1,filogenetica,curva,todas,877,3,0.07830061243173565,0.008911769809013405,-0.001234636258376683,todas
pg_all,pd_inext_q1,filogenetica,curva,seco,197,3,-0.026425561858176867,0.006785964437871822,-0.06399197706967545,geo
pg_all,pd_inext_q1,filogenetica,curva,medio,196,3,-0.08467146135118993,0.021807766970329247,-0.09243464089466309,geo
pg_all,pd_inext_q1,filogenetica,curva,humedo,193,3,0.011138158818683075,0.006183498727480174,-0.047022309764760774,geo
pg_all,pd_inext_q1,filogenetica,curva,seco,197,3,-0.060246535726066495,0.008861565202746386,-0.08348817870665903,lat
pg_all,pd_inext_q1,filogenetica,curva,medio,196,3,-0.03138378224993543,0.013282857576877876,-0.014129599202915491,lat
pg_all,pd_inext_q1,filogenetica,curva,humedo,193,3,-0.03375023647282379,0.023582377798298405,-0.06852188015457623,lat
pg_all,pd_inext_q2,filogenetica,curva,todas,877,3,0.05942264546548085,0.016373316240374115,-0.016506078991037548,todas
pg_all,pd_inext_q2,filogenetica,curva,seco,197,3,-0.015340222538263282,0.011250806469605568,-0.060744318301178137,geo
pg_all,pd_inext_q2,filogenetica,curva,medio,196,3,-0.07971852797586705,0.0447908863800004,-0.08485076427497777,geo
pg_all,pd_inext_q2,filogenetica,curva,humedo,193,3,0.023408503996802648,0.016097220435266287,-0.04736800910998181,geo
pg_all,pd_inext_q2,filogenetica,curva,seco,197,3,-0.03501641338741601,0.020537164182806954,-0.07064838543829717,lat
pg_all,pd_inext_q2,filogenetica,curva,medio,196,3,-0.03095839138178717,0.028084209834560562,-0.010877803317892195,lat
pg_all,pd_inext_q2,filogenetica,curva,humedo,193,3,-0.019192377077249745,0.022446368083657884,-0.07826801989143717,lat
pg_all,td_inext_q0,riqueza,curva,todas,881,3,-0.0037451307307203954,0.009875525188884024,-0.027701636253579947,todas
pg_all,td_inext_q0,riqueza,curva,seco,197,3,-0.03948573916903123,0.011865942594450566,-0.04593133615794017,geo
pg_all,td_inext_q0,riqueza,curva,medio,196,3,-0.03445662934429028,0.02734855003554848,-0.017195655012446725,geo
pg_all,td_inext_q0,riqueza,curva,humedo,193,3,-0.1391032928032443,0.03836210264325661,-0.07679947679808004,geo
pg_all,td_inext_q0,riqueza,curva,seco,197,3,-0.022678909471815833,0.017900545333253144,-0.025283238179410212,lat
pg_all,td_inext_q0,riqueza,curva,medio,196,3,-0.015868695188904547,0.0187388187949636,-0.021653477868240456,lat
pg_all,td_inext_q0,riqueza,curva,humedo,193,3,-0.09451148838403951,0.01706459269086613,-0.07980909832798526,lat
pg_all,td_inext_q1,riqueza,curva,todas,881,3,0.04925044306832719,0.003832480481313171,-0.004530706315966378,todas
pg_all,td_inext_q1,riqueza,curva,seco,197,3,-0.06860864434306764,0.015049562936110955,-0.058227164727440904,geo
pg_all,td_inext_q1,riqueza,curva,medio,196,3,0.0025668352360583104,0.007640826373254219,-0.015838464809369752,geo
pg_all,td_inext_q1,riqueza,curva,humedo,193,3,-0.07955302659334514,0.010948476789159063,-0.11652476896829882,geo
pg_all,td_inext_q1,riqueza,curva,seco,197,3,-0.05622166488250957,0.015633474924895373,-0.05494784865414829,lat
pg_all,td_inext_q1,riqueza,curva,medio,196,3,-0.007831817002360353,0.008166365439930396,-0.03874592818697523,lat
pg_all,td_inext_q1,riqueza,curva,humedo,193,3,-0.06319057898610485,0.002391843075493819,-0.09393637892442534,lat
pg_all,td_inext_q2,riqueza,curva,todas,881,3,0.05057569932938296,0.0026513301995766156,-0.008232482797710938,todas
pg_all,td_inext_q2,riqueza,curva,seco,197,3,-0.049688531392573676,0.011489733080518913,-0.045216905651533246,geo
pg_all,td_inext_q2,riqueza,curva,medio,196,3,-0.03943682376635693,0.011603669341777019,-0.05842795305320503,geo
pg_all,td_inext_q2,riqueza,curva,humedo,193,3,-0.07977340734928225,0.010349921799603666,-0.1121385628495668,geo
pg_all,td_inext_q2,riqueza,curva,seco,197,3,-0.05211513363035025,0.01694933561090264,-0.04819036327174849,lat
pg_all,td_inext_q2,riqueza,curva,medio,196,3,-0.03894868290546216,0.00728464332303792,-0.062335968596704504,lat
pg_all,td_inext_q2,riqueza,curva,humedo,193,3,-0.07377430849520057,0.014409860922911775,-0.09449661111629082,lat
pg_all,lcbd_count_sorensen,composicion,clima_curva,todas,2499,3,0.4788387179214386,0.0014625953983703438,0.17531906196285232,todas
pg_all,lcbd_count_sorensen,composicion,clima_curva,seco,675,3,0.1672572222978186,0.0022303354478702226,0.11473750709648882,geo
pg_all,lcbd_count_sorensen,composicion,clima_curva,medio,673,3,0.2222583944318706,0.008871180562584286,0.1591979485622942,geo
pg_all,lcbd_count_sorensen,composicion,clima_curva,humedo,669,3,0.30842232286901755,0.006238027409709804,0.16778164419686728,geo
pg_all,lcbd_count_sorensen,composicion,clima_curva,seco,675,3,0.21288850560405145,0.00674027889908812,0.16305501467020886,lat
pg_all,lcbd_count_sorensen,composicion,clima_curva,medio,670,3,0.2052144696210758,0.008105143264289618,0.13145898021369284,lat
pg_all,lcbd_count_sorensen,composicion,clima_curva,humedo,668,3,0.278440945914102,0.005818773495534555,0.16219913090449722,lat
pg_all,pd_inext_q0,filogenetica,clima_curva,todas,877,3,0.12254145289397866,0.007212436146205025,0.018580824514032496,todas
pg_all,pd_inext_q0,filogenetica,clima_curva,seco,197,3,0.07279120662116285,0.010204659313730723,0.02679656341499581,geo
pg_all,pd_inext_q0,filogenetica,clima_curva,medio,196,3,0.05174655973681663,0.023331471382194827,0.03768680944670566,geo
pg_all,pd_inext_q0,filogenetica,clima_curva,humedo,193,3,0.1171761195383824,0.02219316831485585,0.05246164304431026,geo
pg_all,pd_inext_q0,filogenetica,clima_curva,seco,197,3,0.09740794595065479,0.007780713635262563,0.06946981164966719,lat
pg_all,pd_inext_q0,filogenetica,clima_curva,medio,196,3,0.049579725280425015,0.020946660907104397,0.038096871743593,lat
pg_all,pd_inext_q0,filogenetica,clima_curva,humedo,193,3,0.08916149965715155,0.0162944789091808,0.03752979571375229,lat
pg_all,pd_inext_q1,filogenetica,clima_curva,todas,877,3,0.12488541958900172,0.006627738443528724,0.04220859364532644,todas
pg_all,pd_inext_q1,filogenetica,clima_curva,seco,197,3,0.04531436668754559,0.008258522963653769,-0.009937329086284493,geo
pg_all,pd_inext_q1,filogenetica,clima_curva,medio,196,3,-0.07438211444161154,0.017200872025928553,-0.07184957464746107,geo
pg_all,pd_inext_q1,filogenetica,clima_curva,humedo,193,3,0.05956682102934977,0.0022913446214483696,-0.004939700216789096,geo
pg_all,pd_inext_q1,filogenetica,clima_curva,seco,197,3,0.009355394872437714,0.008682132853562534,-0.024741221339493302,lat
pg_all,pd_inext_q1,filogenetica,clima_curva,medio,196,3,0.007113122041487137,0.010504104931498837,0.0055749545959056235,lat
pg_all,pd_inext_q1,filogenetica,clima_curva,humedo,193,3,-0.017043899391860684,0.021012868372326347,-0.05173194937536518,lat
pg_all,pd_inext_q2,filogenetica,clima_curva,todas,877,3,0.09805082702908856,0.013262522067286817,0.018079926742778068,todas
pg_all,pd_inext_q2,filogenetica,clima_curva,seco,197,3,0.0401224091799404,0.010208883492117184,-0.023517162368736983,geo
pg_all,pd_inext_q2,filogenetica,clima_curva,medio,196,3,-0.0753404414262527,0.04375493156843046,-0.07108342360895326,geo
pg_all,pd_inext_q2,filogenetica,clima_curva,humedo,193,3,0.03639538834450543,0.01826442085224239,-0.03204810427056678,geo
pg_all,pd_inext_q2,filogenetica,clima_curva,seco,197,3,0.023162274046406434,0.021411411609573196,-0.019190193067179506,lat
pg_all,pd_inext_q2,filogenetica,clima_curva,medio,196,3,-0.014345495437505962,0.03153688220729536,-0.014067586091292958,lat
pg_all,pd_inext_q2,filogenetica,clima_curva,humedo,193,3,-0.022694779895808148,0.01902546108894022,-0.06857973541042213,lat
pg_all,td_inext_q0,riqueza,clima_curva,todas,881,3,0.01767599920857114,0.01335219611588809,-0.012819598259872148,todas
pg_all,td_inext_q0,riqueza,clima_curva,seco,197,3,-0.013094685885833254,0.009918483823454647,-0.02533129136230361,geo
pg_all,td_inext_q0,riqueza,clima_curva,medio,196,3,0.004581188078659704,0.037252510546474465,0.009275661204013167,geo
pg_all,td_inext_q0,riqueza,clima_curva,humedo,193,3,-0.08436692492425417,0.042909687312622014,-0.03197301193747304,geo
pg_all,td_inext_q0,riqueza,clima_curva,seco,197,3,-0.015929609793603472,0.011478462618734928,-0.020044936200434904,lat
pg_all,td_inext_q0,riqueza,clima_curva,medio,196,3,0.024166238758252818,0.02694458255092542,0.005518951692954281,lat
pg_all,td_inext_q0,riqueza,clima_curva,humedo,193,3,-0.025239360825905315,0.014557836886592372,-0.0253660548750602,lat
pg_all,td_inext_q1,riqueza,clima_curva,todas,881,3,0.06603819856369557,0.007236014618853048,0.006482470987007234,todas
pg_all,td_inext_q1,riqueza,clima_curva,seco,197,3,-0.014109712828776377,0.01474123119598043,-0.009787226286064099,geo
pg_all,td_inext_q1,riqueza,clima_curva,medio,196,3,0.03390317268521096,0.009069689971610707,0.006031396206618818,geo
pg_all,td_inext_q1,riqueza,clima_curva,humedo,193,3,-0.027263319971323474,0.029222733617397575,-0.07357450710649845,geo
pg_all,td_inext_q1,riqueza,clima_curva,seco,197,3,-0.009164707967619553,0.01996518491868159,-0.007319528513183145,lat
pg_all,td_inext_q1,riqueza,clima_curva,medio,196,3,0.019677865239194237,0.008961119600714907,-0.022675200919628196,lat
pg_all,td_inext_q1,riqueza,clima_curva,humedo,193,3,0.001373212634031118,0.013076672838671779,-0.04097996171725852,lat
pg_all,td_inext_q2,riqueza,clima_curva,todas,881,3,0.0636936771354697,0.003291189297722086,0.0009766763962817022,todas
pg_all,td_inext_q2,riqueza,clima_curva,seco,197,3,0.0050498371315537876,0.0031320163178994325,0.006450566548853787,geo
pg_all,td_inext_q2,riqueza,clima_curva,medio,196,3,-0.028033972991747442,0.01461129340049254,-0.049399443715479295,geo
pg_all,td_inext_q2,riqueza,clima_curva,humedo,193,3,-0.036699906634187686,0.006486207828413399,-0.0776972947784272,geo
pg_all,td_inext_q2,riqueza,clima_curva,seco,197,3,-0.018977340957317217,0.014262434550298823,-0.015181055651806385,lat
pg_all,td_inext_q2,riqueza,clima_curva,medio,196,3,-0.019096284020808058,0.008236210826745152,-0.047905844063531745,lat
pg_all,td_inext_q2,riqueza,clima_curva,humedo,193,3,-0.023125803339754485,0.007736188529651288,-0.0536223001103413,lat
pg_all,lcbd_count_sorensen,composicion,gm,todas,2499,3,0.4644371818576533,0.0020235772989907583,0.16208133698066654,todas
pg_all,lcbd_count_sorensen,composicion,gm,seco,675,3,0.1652792196835523,0.002065698368807158,0.11373027507011972,geo
pg_all,lcbd_count_sorensen,composicion,gm,medio,673,3,0.2207276938463606,0.005391170119189505,0.1652102624103102,geo
pg_all,lcbd_count_sorensen,composicion,gm,humedo,669,3,0.25160172639044187,0.009052569080472243,0.11644915991065245,geo
pg_all,lcbd_count_sorensen,composicion,gm,seco,675,3,0.19803547220553178,0.004869821475197647,0.15280911851582357,lat
pg_all,lcbd_count_sorensen,composicion,gm,medio,670,3,0.19616423178143114,0.010047205206306533,0.12787825277758166,lat
pg_all,lcbd_count_sorensen,composicion,gm,humedo,668,3,0.23858630988147544,0.006701680786181356,0.13255616032338657,lat
pg_all,pd_inext_q0,filogenetica,gm,todas,877,3,0.0670706599570788,0.006814682700706038,-0.02333174320674658,todas
pg_all,pd_inext_q0,filogenetica,gm,seco,197,3,-0.0061968707864082555,0.004298158051229189,-0.03695246374218608,geo
pg_all,pd_inext_q0,filogenetica,gm,medio,196,3,-0.03354810039280679,0.01762144498689509,-0.06225800045524658,geo
pg_all,pd_inext_q0,filogenetica,gm,humedo,193,3,0.05520212997286814,0.015581339616557367,-0.0022837051271808275,geo
pg_all,pd_inext_q0,filogenetica,gm,seco,197,3,0.031816892028959244,0.0030615909246036175,0.011575338996962023,lat
pg_all,pd_inext_q0,filogenetica,gm,medio,196,3,-0.04523490788400397,0.020535986938965235,-0.0635354970465265,lat
pg_all,pd_inext_q0,filogenetica,gm,humedo,193,3,0.028427185983417796,0.02479682986462732,-0.01537852971638883,lat
pg_all,pd_inext_q1,filogenetica,gm,todas,877,3,0.09181758059793832,0.00806624413238157,0.015778095543865705,todas
pg_all,pd_inext_q1,filogenetica,gm,seco,197,3,-0.02468178378297381,0.008063430862331408,-0.06935068140554253,geo
pg_all,pd_inext_q1,filogenetica,gm,medio,196,3,-0.08537679448135282,0.006035843801525007,-0.117830043928697,geo
pg_all,pd_inext_q1,filogenetica,gm,humedo,193,3,-0.0047297248278411015,0.00710868670631858,-0.050507100562756126,geo
pg_all,pd_inext_q1,filogenetica,gm,seco,197,3,-0.023362320525038022,0.011193999886354139,-0.052585286885368156,lat
pg_all,pd_inext_q1,filogenetica,gm,medio,196,3,-0.048578460471627505,0.005658508132807898,-0.07328081248210679,lat
pg_all,pd_inext_q1,filogenetica,gm,humedo,193,3,-0.06676374748177172,0.02172214320553307,-0.08852527986016612,lat
pg_all,pd_inext_q2,filogenetica,gm,todas,877,3,0.07160890318219455,0.01626980107915886,-0.0006542084712013821,todas
pg_all,pd_inext_q2,filogenetica,gm,seco,197,3,-0.018427419094352453,0.01758813862893009,-0.06594899605334481,geo
pg_all,pd_inext_q2,filogenetica,gm,medio,196,3,-0.07272425022756424,0.05657884657303005,-0.1011402844234992,geo
pg_all,pd_inext_q2,filogenetica,gm,humedo,193,3,-0.01578165735692701,0.018047820196689063,-0.07156626928762473,geo
pg_all,pd_inext_q2,filogenetica,gm,seco,197,3,-0.028527404390204774,0.0318156587472606,-0.06520420437409473,lat
pg_all,pd_inext_q2,filogenetica,gm,medio,196,3,-0.03578461150936274,0.033997603239187456,-0.053234967645298926,lat
pg_all,pd_inext_q2,filogenetica,gm,humedo,193,3,-0.05614657137148119,0.02686887381805795,-0.09616856818648789,lat
pg_all,td_inext_q0,riqueza,gm,todas,881,3,-0.042352128424084944,0.013574490917199086,-0.06696987825092293,todas
pg_all,td_inext_q0,riqueza,gm,seco,197,3,-0.061643871997579515,0.01991608619830028,-0.06981289569464548,geo
pg_all,td_inext_q0,riqueza,gm,medio,196,3,-0.02829849238772512,0.023141853619010486,-0.006644529852899317,geo
pg_all,td_inext_q0,riqueza,gm,humedo,193,3,-0.1293446627447948,0.058731299400700286,-0.06971533589247263,geo
pg_all,td_inext_q0,riqueza,gm,seco,197,3,-0.05741925670266294,0.020424292873619226,-0.05340260301238745,lat
pg_all,td_inext_q0,riqueza,gm,medio,196,3,-0.019447286917439282,0.009842645375099511,-0.026167978355551885,lat
pg_all,td_inext_q0,riqueza,gm,humedo,193,3,-0.05895787353072338,0.03591434253992779,-0.03385147339548955,lat
pg_all,td_inext_q1,riqueza,gm,todas,881,3,0.04326088999791596,0.016421669118602312,-0.013614002356013621,todas
pg_all,td_inext_q1,riqueza,gm,seco,197,3,-0.04950794855441861,0.015491584779615009,-0.04001638049249726,geo
pg_all,td_inext_q1,riqueza,gm,medio,196,3,0.021955509659422463,0.007851929589100734,-0.004878389862346492,geo
pg_all,td_inext_q1,riqueza,gm,humedo,193,3,-0.03648609275252072,0.019557673078091975,-0.0417990951004675,geo
pg_all,td_inext_q1,riqueza,gm,seco,197,3,-0.06324384110034005,0.0365078015645749,-0.0487368863834167,lat
pg_all,td_inext_q1,riqueza,gm,medio,196,3,0.03296758673161493,0.008997935962573854,0.005479859419462163,lat
pg_all,td_inext_q1,riqueza,gm,humedo,193,3,-0.029239505180779668,0.010825113310746627,-0.028975909499586356,lat
pg_all,td_inext_q2,riqueza,gm,todas,881,3,0.045347372870376046,0.007211240861542735,-0.01668034210790781,todas
pg_all,td_inext_q2,riqueza,gm,seco,197,3,-0.03876131278476495,0.00026220805648216616,-0.031045137747933493,geo
pg_all,td_inext_q2,riqueza,gm,medio,196,3,-0.014746875032379037,0.016589855257648462,-0.03946331168848172,geo
pg_all,td_inext_q2,riqueza,gm,humedo,193,3,-0.01927372037773319,0.011459300621969138,-0.03223060203758954,geo
pg_all,td_inext_q2,riqueza,gm,seco,197,3,-0.06890054340687464,0.012517002606811012,-0.05603454288473708,lat
pg_all,td_inext_q2,riqueza,gm,medio,196,3,0.01986966052362149,0.010376572619574241,-0.0004809041830468412,lat
pg_all,td_inext_q2,riqueza,gm,humedo,193,3,-0.03546375374390435,0.01286975740321622,-0.03785609425308256,lat
pg_all,lcbd_count_sorensen,composicion,gm_clima,todas,2499,3,0.5024022923085222,0.0004334062645302668,0.2102691807634821,todas
pg_all,lcbd_count_sorensen,composicion,gm_clima,seco,675,3,0.19216959066076336,0.0012201432576947262,0.13977622309055018,geo
pg_all,lcbd_count_sorensen,composicion,gm_clima,medio,673,3,0.2777175495466659,0.0034395612327326043,0.21381460347696893,geo
pg_all,lcbd_count_sorensen,composicion,gm_clima,humedo,669,3,0.3245730949868841,0.006653044184381858,0.18502255437883897,geo
pg_all,lcbd_count_sorensen,composicion,gm_clima,seco,675,3,0.2312891830302051,0.006877500741376075,0.1817916748330469,lat
pg_all,lcbd_count_sorensen,composicion,gm_clima,medio,670,3,0.2423140865478747,0.005841869676472386,0.1728527719910994,lat
pg_all,lcbd_count_sorensen,composicion,gm_clima,humedo,668,3,0.31889456476604877,0.00461643701453003,0.20609923670249264,lat
pg_all,pd_inext_q0,filogenetica,gm_clima,todas,877,3,0.1336925188500343,0.009089333223819579,0.030230017303879347,todas
pg_all,pd_inext_q0,filogenetica,gm_clima,seco,197,3,0.12058712240211596,0.008581160936290287,0.0757510316937386,geo
pg_all,pd_inext_q0,filogenetica,gm_clima,medio,196,3,0.05074262461113969,0.026789954172338575,0.017675778012387216,geo
pg_all,pd_inext_q0,filogenetica,gm_clima,humedo,193,3,0.1651800148104016,0.014452387352456813,0.0948631376124363,geo
pg_all,pd_inext_q0,filogenetica,gm_clima,seco,197,3,0.1422882980726247,0.011979508418388234,0.11429206200770518,lat
pg_all,pd_inext_q0,filogenetica,gm_clima,medio,196,3,0.062913869171069,0.01519573539051576,0.025852686444247874,lat
pg_all,pd_inext_q0,filogenetica,gm_clima,humedo,193,3,0.1300998620494391,0.01593851914644767,0.07757352006364882,lat
pg_all,pd_inext_q1,filogenetica,gm_clima,todas,877,3,0.15902880022540813,0.01148833879362568,0.07642126130484583,todas
pg_all,pd_inext_q1,filogenetica,gm_clima,seco,197,3,0.066275995614543,0.0063618910962425996,0.012364081502336663,geo
pg_all,pd_inext_q1,filogenetica,gm_clima,medio,196,3,-0.045885657381591706,0.011970055399988588,-0.07843398092681893,geo
pg_all,pd_inext_q1,filogenetica,gm_clima,humedo,193,3,0.10238077053794574,0.008500177525596408,0.0385306078147983,geo
pg_all,pd_inext_q1,filogenetica,gm_clima,seco,197,3,0.04795471998045583,0.005717464405519459,0.018844883207848457,lat
pg_all,pd_inext_q1,filogenetica,gm_clima,medio,196,3,0.022517121568751148,0.005018822979012812,-0.025657729809745494,lat
pg_all,pd_inext_q1,filogenetica,gm_clima,humedo,193,3,0.02532297704323568,0.020188306457230524,-0.004413065813508088,lat
pg_all,pd_inext_q2,filogenetica,gm_clima,todas,877,3,0.11841112318437441,0.01477830580032908,0.04022082706798902,todas
pg_all,pd_inext_q2,filogenetica,gm_clima,seco,197,3,0.049783810095922,0.011394998775182854,-0.011608363226485027,geo
pg_all,pd_inext_q2,filogenetica,gm_clima,medio,196,3,-0.058233516643802975,0.045715399907772805,-0.09126048700648363,geo
pg_all,pd_inext_q2,filogenetica,gm_clima,humedo,193,3,0.0575739469263874,0.011616079551616565,-0.0020206590458832587,geo
pg_all,pd_inext_q2,filogenetica,gm_clima,seco,197,3,0.03416257456672563,0.023749786188992907,-0.0023353174345570236,lat
pg_all,pd_inext_q2,filogenetica,gm_clima,medio,196,3,0.0033715377804565128,0.029553458164306563,-0.048558943491764005,lat
pg_all,pd_inext_q2,filogenetica,gm_clima,humedo,193,3,-0.0043898840150706775,0.01747383116447801,-0.036796200831498815,lat
pg_all,td_inext_q0,riqueza,gm_clima,todas,881,3,-0.0163108929167477,0.018120317799614406,-0.04924477005501723,todas
pg_all,td_inext_q0,riqueza,gm_clima,seco,197,3,0.01671730689833802,0.014647816408419785,0.0021745364425465783,geo
pg_all,td_inext_q0,riqueza,gm_clima,medio,196,3,0.012815473579263936,0.02540636256123705,0.004197535109422075,geo
pg_all,td_inext_q0,riqueza,gm_clima,humedo,193,3,-0.0600505445250236,0.03812073140718138,-0.01999669707348802,geo
pg_all,td_inext_q0,riqueza,gm_clima,seco,197,3,0.0012894228805256924,0.022351259196959697,-0.0012426220704010449,lat
pg_all,td_inext_q0,riqueza,gm_clima,medio,196,3,0.034591861584500894,0.013909573099068415,-0.0009579520824861687,lat
pg_all,td_inext_q0,riqueza,gm_clima,humedo,193,3,0.007287580242168838,0.01967794722255805,0.005527343459833374,lat
pg_all,td_inext_q1,riqueza,gm_clima,todas,881,3,0.06724467044994593,0.013099030812626332,0.004542277202119045,todas
pg_all,td_inext_q1,riqueza,gm_clima,seco,197,3,0.009713887276473118,0.009346439267136963,0.016533882079394952,geo
pg_all,td_inext_q1,riqueza,gm_clima,medio,196,3,0.05412973737458996,0.019440655080408896,0.018127629718904175,geo
pg_all,td_inext_q1,riqueza,gm_clima,humedo,193,3,0.07370385543770945,0.023688811446679225,0.03762977162949921,geo
pg_all,td_inext_q1,riqueza,gm_clima,seco,197,3,-0.013897090327447867,0.017846592422709598,-0.004030915926427163,lat
pg_all,td_inext_q1,riqueza,gm_clima,medio,196,3,0.0697778566421765,0.012571521243244609,0.032462751764035604,lat
pg_all,td_inext_q1,riqueza,gm_clima,humedo,193,3,0.07827377084998081,0.014426377142725672,0.05008648469643425,lat
pg_all,td_inext_q2,riqueza,gm_clima,todas,881,3,0.06770887639669143,0.008327553713777892,0.003797848208789626,todas
pg_all,td_inext_q2,riqueza,gm_clima,seco,197,3,0.013713845015538554,0.004690986898687841,0.024390689993482262,geo
pg_all,td_inext_q2,riqueza,gm_clima,medio,196,3,0.01133673829072357,0.015527929635464593,-0.013791077359683398,geo
pg_all,td_inext_q2,riqueza,gm_clima,humedo,193,3,0.051665339757076545,0.009736323878510061,0.015635936576393283,geo
pg_all,td_inext_q2,riqueza,gm_clima,seco,197,3,-0.02332809780205447,0.014685518230364392,-0.012316048063175397,lat
pg_all,td_inext_q2,riqueza,gm_clima,medio,196,3,0.039316943309129826,0.00533649707184539,0.017912629113023937,lat
pg_all,td_inext_q2,riqueza,gm_clima,humedo,193,3,0.04829092137937052,0.010764546309464749,0.02582355948243964,lat
pg_all,lcbd_count_sorensen,composicion,lsp,todas,2499,3,0.44471723790504464,0.00275714893321457,0.13149232497260455,todas
pg_all,lcbd_count_sorensen,composicion,lsp,seco,675,3,0.13693271627480327,0.011216516508618199,0.08093710538456848,geo
pg_all,lcbd_count_sorensen,composicion,lsp,medio,673,3,0.17485010325559844,0.007387623014970912,0.11320381399017791,geo
pg_all,lcbd_count_sorensen,composicion,lsp,humedo,669,3,0.2724564174033088,0.008121191516431597,0.13087202429787947,geo
pg_all,lcbd_count_sorensen,composicion,lsp,seco,675,3,0.1759145290892712,0.005570988739562468,0.12598971577229512,lat
pg_all,lcbd_count_sorensen,composicion,lsp,medio,670,3,0.1620718121685578,0.010876025015460346,0.08520769826386503,lat
pg_all,lcbd_count_sorensen,composicion,lsp,humedo,668,3,0.24382253298238554,0.0076879693001672585,0.13252723424910132,lat
pg_all,pd_inext_q0,filogenetica,lsp,todas,877,3,0.07576005644004873,0.004314280300821237,-0.018867953174927028,todas
pg_all,pd_inext_q0,filogenetica,lsp,seco,197,3,-0.011649229741482081,0.007820078412268722,-0.043313691134040155,geo
pg_all,pd_inext_q0,filogenetica,lsp,medio,196,3,-0.0071363469799688994,0.0143738952486359,-0.01957898717554866,geo
pg_all,pd_inext_q0,filogenetica,lsp,humedo,193,3,0.01718495242611669,0.011364918661821771,-0.03423744485024146,geo
pg_all,pd_inext_q0,filogenetica,lsp,seco,197,3,0.02037970022209823,0.002325534063982139,-0.002305081874031075,lat
pg_all,pd_inext_q0,filogenetica,lsp,medio,196,3,-0.003070169388189751,0.010797249075213153,-0.012079782414402995,lat
pg_all,pd_inext_q0,filogenetica,lsp,humedo,193,3,-0.03980212551643958,0.020994608572207293,-0.0843986148865014,lat
pg_all,pd_inext_q1,filogenetica,lsp,todas,877,3,0.085147788674786,0.010280611480749643,0.011381981789589268,todas
pg_all,pd_inext_q1,filogenetica,lsp,seco,197,3,-0.08396236429925663,0.0007137811294752486,-0.1309892828924366,geo
pg_all,pd_inext_q1,filogenetica,lsp,medio,196,3,-0.10848949734252789,0.009323296794290281,-0.11940613966810631,geo
pg_all,pd_inext_q1,filogenetica,lsp,humedo,193,3,0.022306497013186617,0.006229247935601036,0.004798917743172722,geo
pg_all,pd_inext_q1,filogenetica,lsp,seco,197,3,-0.11409808210551413,0.005797816761937755,-0.14089133138126156,lat
pg_all,pd_inext_q1,filogenetica,lsp,medio,196,3,-0.033788424874651314,0.014396260949962048,-0.029646170895704687,lat
pg_all,pd_inext_q1,filogenetica,lsp,humedo,193,3,-0.06186047694068667,0.006949555119055126,-0.062795948429952,lat
pg_all,pd_inext_q2,filogenetica,lsp,todas,877,3,0.06415764663950585,0.016701228720656287,-0.00434695225848214,todas
pg_all,pd_inext_q2,filogenetica,lsp,seco,197,3,-0.06819514129398385,0.01438276815317194,-0.11671548350636966,geo
pg_all,pd_inext_q2,filogenetica,lsp,medio,196,3,-0.0943279123508467,0.04954418720102683,-0.10052138097940788,geo
pg_all,pd_inext_q2,filogenetica,lsp,humedo,193,3,0.016821244241414623,0.014450147306820628,-0.011573457675628193,geo
pg_all,pd_inext_q2,filogenetica,lsp,seco,197,3,-0.08498428399766296,0.024203541578769302,-0.11903195541757843,lat
pg_all,pd_inext_q2,filogenetica,lsp,medio,196,3,-0.03746964215366355,0.03540527994763936,-0.029139666516222018,lat
pg_all,pd_inext_q2,filogenetica,lsp,humedo,193,3,-0.04369591953290186,0.0190638328139488,-0.06574241652265182,lat
pg_all,td_inext_q0,riqueza,lsp,todas,881,3,0.020052462035472247,0.017388694078330356,-0.0038405347306022706,todas
pg_all,td_inext_q0,riqueza,lsp,seco,197,3,0.009682038892489864,0.0201853269978799,0.008967441282283958,geo
pg_all,td_inext_q0,riqueza,lsp,medio,196,3,0.019561390492197035,0.03105992442405258,0.04190329682309013,geo
pg_all,td_inext_q0,riqueza,lsp,humedo,193,3,-0.10513938555586992,0.06018153343933851,-0.04431118763201769,geo
pg_all,td_inext_q0,riqueza,lsp,seco,197,3,0.060279306433069925,0.027554325850293725,0.05666535859433075,lat
pg_all,td_inext_q0,riqueza,lsp,medio,196,3,0.011164531756621502,0.020088889067384753,0.010437814122312187,lat
pg_all,td_inext_q0,riqueza,lsp,humedo,193,3,-0.06003695254595698,0.035701211267895834,-0.04572997020434307,lat
pg_all,td_inext_q1,riqueza,lsp,todas,881,3,0.07740276071144477,0.005138711183465329,0.019803494303579045,todas
pg_all,td_inext_q1,riqueza,lsp,seco,197,3,-0.053718094824728446,0.015567536964638341,-0.04501493949665769,geo
pg_all,td_inext_q1,riqueza,lsp,medio,196,3,0.018164334898474282,0.009794654509824455,-0.0065313389874921786,geo
pg_all,td_inext_q1,riqueza,lsp,humedo,193,3,-0.02351741067035958,0.009657784003178039,-0.04173714559466305,geo
pg_all,td_inext_q1,riqueza,lsp,seco,197,3,-0.037766000882593374,0.02027092487490828,-0.029097528924703592,lat
pg_all,td_inext_q1,riqueza,lsp,medio,196,3,0.017056424176884615,0.005915807394902865,-0.002829198677013811,lat
pg_all,td_inext_q1,riqueza,lsp,humedo,193,3,-0.027923218245297976,0.007392480150239478,-0.032929759132781955,lat
pg_all,td_inext_q2,riqueza,lsp,todas,881,3,0.06651038421368734,0.008022669810269592,0.005665731076668161,todas
pg_all,td_inext_q2,riqueza,lsp,seco,197,3,-0.061577913967949094,0.013622731202117072,-0.05453483841162251,geo
pg_all,td_inext_q2,riqueza,lsp,medio,196,3,-0.023733612979877083,0.017020419873935978,-0.04671025391566356,geo
pg_all,td_inext_q2,riqueza,lsp,humedo,193,3,-0.03443188106940339,0.005202374549878971,-0.05074716960185651,geo
pg_all,td_inext_q2,riqueza,lsp,seco,197,3,-0.08691174434196847,0.0233168877190508,-0.07363588863811943,lat
pg_all,td_inext_q2,riqueza,lsp,medio,196,3,0.0024970779773617613,0.011577274871213869,-0.011253993223204972,lat
pg_all,td_inext_q2,riqueza,lsp,humedo,193,3,-0.04412329702672513,0.0004501954038408785,-0.04656307830662154,lat
unified_all,dark_n_unified,riqueza,coords,todas,3094,3,0.6816956839681274,0.007172847447652573,0.3263908786463901,todas
unified_all,dark_n_unified,riqueza,coords,seco,671,3,0.5919405772935902,0.006127812156658595,0.30110062631626466,geo
unified_all,dark_n_unified,riqueza,coords,medio,671,3,0.6005037285518336,0.0026009567651522447,0.2940505372201708,geo
unified_all,dark_n_unified,riqueza,coords,humedo,666,3,0.7238142465673044,0.005641935341554486,0.27792095552926405,geo
unified_all,dark_n_unified,riqueza,coords,seco,671,3,0.6101951327075721,0.004192939419157204,0.30237875497486383,lat
unified_all,dark_n_unified,riqueza,coords,medio,669,3,0.6112369437309896,0.005206667400829174,0.3383350948487414,lat
unified_all,dark_n_unified,riqueza,coords,humedo,665,3,0.7129269916563342,0.004911283545142279,0.1891047984299379,lat
unified_all,hill_q0_unified,riqueza,coords,todas,3102,3,0.3057257314844492,0.0012287261503841473,0.2307126732532321,todas
unified_all,hill_q0_unified,riqueza,coords,seco,675,3,0.42674881413848365,0.007312875293336709,0.3290993090409084,geo
unified_all,hill_q0_unified,riqueza,coords,medio,673,3,0.4408260376634616,0.009339175418494711,0.3594579305006244,geo
unified_all,hill_q0_unified,riqueza,coords,humedo,669,3,0.2344423819028992,0.011731276900950821,0.16841099382260014,geo
unified_all,hill_q0_unified,riqueza,coords,seco,675,3,0.38826283637911446,0.007044874797387482,0.32454964777685785,lat
unified_all,hill_q0_unified,riqueza,coords,medio,670,3,0.45066730741648353,0.006970217152081939,0.36812549384390464,lat
unified_all,hill_q0_unified,riqueza,coords,humedo,668,3,0.2004305278809959,0.013542890196657954,0.11459638698525924,lat
unified_all,isomap1_freq_unified,otra,coords,todas,3040,3,0.882947707212772,0.0016129037942511995,0.41742057214840295,todas
unified_all,isomap1_freq_unified,otra,coords,seco,671,3,0.6608986391785227,0.0012677628374018984,0.2545548368215654,geo
unified_all,isomap1_freq_unified,otra,coords,medio,671,3,0.786553381645434,0.0017699225491893315,0.38872753449065817,geo
unified_all,isomap1_freq_unified,otra,coords,humedo,666,3,0.8278704453366347,0.0018819952259655653,0.35359200727960066,geo
unified_all,isomap1_freq_unified,otra,coords,seco,671,3,0.6386432981836071,0.002245779869779757,0.36053805310019554,lat
unified_all,isomap1_freq_unified,otra,coords,medio,669,3,0.8122171452284684,0.0009017493146238153,0.35594941043446976,lat
unified_all,isomap1_freq_unified,otra,coords,humedo,665,3,0.8243707472507169,0.002679921778027378,0.3223847944612948,lat
unified_all,isomap1_pa_unified,otra,coords,todas,3094,3,0.8862594598427144,0.0005283433551358829,0.4581901645206678,todas
unified_all,isomap1_pa_unified,otra,coords,seco,671,3,0.7621378762584569,0.0041782229341478854,0.34147682495982706,geo
unified_all,isomap1_pa_unified,otra,coords,medio,671,3,0.7906327281112943,0.0023529397174411677,0.358679649256671,geo
unified_all,isomap1_pa_unified,otra,coords,humedo,666,3,0.8468240237271852,0.0006392097616932925,0.37736638160047015,geo
unified_all,isomap1_pa_unified,otra,coords,seco,671,3,0.7179738329293368,0.003282413989171685,0.40699034614511637,lat
unified_all,isomap1_pa_unified,otra,coords,medio,669,3,0.8320123948390794,0.0023945792208652505,0.35235530838454404,lat
unified_all,isomap1_pa_unified,otra,coords,humedo,665,3,0.8444510643856935,0.0005845161973569299,0.3478327439379985,lat
unified_all,isomap2_freq_unified,otra,coords,todas,3040,3,0.6606995312007596,0.005199616850670562,0.4551410164979168,todas
unified_all,isomap2_freq_unified,otra,coords,seco,671,3,0.6945769837905847,0.002574058414114802,0.469730944080192,geo
unified_all,isomap2_freq_unified,otra,coords,medio,671,3,0.6389895964208151,0.0015905228620961668,0.4916725251549093,geo
unified_all,isomap2_freq_unified,otra,coords,humedo,666,3,0.6351509031512742,0.004687786014950767,0.48437319307735205,geo
unified_all,isomap2_freq_unified,otra,coords,seco,671,3,0.6995701515385391,0.0021848138798983723,0.49358762201135375,lat
unified_all,isomap2_freq_unified,otra,coords,medio,669,3,0.6044760014383953,0.0021248926248833948,0.4780826404277671,lat
unified_all,isomap2_freq_unified,otra,coords,humedo,665,3,0.6290740284059018,0.005988220744768466,0.43310079696272313,lat
unified_all,isomap2_pa_unified,otra,coords,todas,3094,3,0.7452193676211579,0.002186805148304973,0.6632548683269147,todas
unified_all,isomap2_pa_unified,otra,coords,seco,671,3,0.7793404864751347,0.0013177188622629297,0.6756960873028558,geo
unified_all,isomap2_pa_unified,otra,coords,medio,671,3,0.7486283118888976,0.004094088223719577,0.6818066216991415,geo
unified_all,isomap2_pa_unified,otra,coords,humedo,666,3,0.7068411750200418,0.0028058692101027055,0.6398066317459201,geo
unified_all,isomap2_pa_unified,otra,coords,seco,671,3,0.7502643697849852,0.0017812418410203218,0.6848133885041937,lat
unified_all,isomap2_pa_unified,otra,coords,medio,669,3,0.7252783545912287,0.0046409737400110295,0.660267999202114,lat
unified_all,isomap2_pa_unified,otra,coords,humedo,665,3,0.7090750174084822,0.0027531723186391263,0.5996336583924282,lat
unified_all,isomap3_freq_unified,otra,coords,todas,3040,3,0.6803905202092091,0.002991722008005786,0.5140836336817135,todas
unified_all,isomap3_freq_unified,otra,coords,seco,671,3,0.6244835811035442,0.00530504382120333,0.4897514556774975,geo
unified_all,isomap3_freq_unified,otra,coords,medio,671,3,0.7129131784735719,0.004161234780382069,0.5920805034820934,geo
unified_all,isomap3_freq_unified,otra,coords,humedo,666,3,0.736886752218492,0.0017795096310989837,0.5243989418414307,geo
unified_all,isomap3_freq_unified,otra,coords,seco,671,3,0.6394060734923687,0.005943337859160746,0.545490280939155,lat
unified_all,isomap3_freq_unified,otra,coords,medio,669,3,0.6799677710214111,0.005035509698827281,0.5626186871666438,lat
unified_all,isomap3_freq_unified,otra,coords,humedo,665,3,0.7439782747408117,0.0006013783455171745,0.43682972702664075,lat
unified_all,isomap3_pa_unified,otra,coords,todas,3094,3,0.7069836900434233,0.004022789602374427,0.4300636221139598,todas
unified_all,isomap3_pa_unified,otra,coords,seco,671,3,0.7198456350461268,0.0009296944143160876,0.4970304677502346,geo
unified_all,isomap3_pa_unified,otra,coords,medio,671,3,0.7022643101463268,0.004850729850963541,0.49447337978333294,geo
unified_all,isomap3_pa_unified,otra,coords,humedo,666,3,0.7306393715611755,0.003440247460773484,0.34818720346269466,geo
unified_all,isomap3_pa_unified,otra,coords,seco,671,3,0.7439187957250398,0.0017630845569751666,0.5465636379379817,lat
unified_all,isomap3_pa_unified,otra,coords,medio,669,3,0.6752082844424797,0.003562087082582236,0.4715929526943774,lat
unified_all,isomap3_pa_unified,otra,coords,humedo,665,3,0.726900684451584,0.003342866477953987,0.26143521189690977,lat
unified_all,lcbd_freq_unified,composicion,coords,todas,3040,3,0.3211827388513691,0.005813012694776513,0.15085844753604272,todas
unified_all,lcbd_freq_unified,composicion,coords,seco,671,3,0.09547386352454135,0.015598335456750023,-0.0071146432609670756,geo
unified_all,lcbd_freq_unified,composicion,coords,medio,671,3,0.10279904613869069,0.005752920843032501,0.06486349135027247,geo
unified_all,lcbd_freq_unified,composicion,coords,humedo,666,3,0.12532939208362104,0.01283216978784379,0.08559735154883163,geo
unified_all,lcbd_freq_unified,composicion,coords,seco,671,3,0.1473817129266316,0.01743504444587831,0.04775173409001351,lat
unified_all,lcbd_freq_unified,composicion,coords,medio,669,3,0.04902293920746784,0.006782014070956837,0.027002723878335355,lat
unified_all,lcbd_freq_unified,composicion,coords,humedo,665,3,0.1222161975194499,0.008994029224102817,0.08820881169608367,lat
unified_all,lcbd_pa_unified,composicion,coords,todas,3094,3,0.3583455569974426,0.008667889972265263,0.21503575629112523,todas
unified_all,lcbd_pa_unified,composicion,coords,seco,671,3,0.11048312888685992,0.005848773635468736,0.08140623786914596,geo
unified_all,lcbd_pa_unified,composicion,coords,medio,671,3,0.1644801893077388,0.003944595074273935,0.14862103472587407,geo
unified_all,lcbd_pa_unified,composicion,coords,humedo,666,3,0.2698926764554204,0.005628588581723307,0.26672461392300834,geo
unified_all,lcbd_pa_unified,composicion,coords,seco,671,3,0.1443346210274574,0.0046130981636693155,0.1240029993670408,lat
unified_all,lcbd_pa_unified,composicion,coords,medio,669,3,0.17690300559970565,0.006449499027140401,0.18308508317563987,lat
unified_all,lcbd_pa_unified,composicion,coords,humedo,665,3,0.2358819927561462,0.002082427151008043,0.23110761867513294,lat
unified_all,mntd_unified,filogenetica,coords,todas,2535,3,0.13553559856740205,0.008548622005957778,0.11234181229447966,todas
unified_all,mntd_unified,filogenetica,coords,seco,526,3,0.09921932868378647,0.013909796191814618,0.08413599788640051,geo
unified_all,mntd_unified,filogenetica,coords,medio,525,3,0.2001406033480092,0.002273923617668908,0.2047047302034675,geo
unified_all,mntd_unified,filogenetica,coords,humedo,520,3,0.16395718388253347,0.006971973314727047,0.09547180799576634,geo
unified_all,mntd_unified,filogenetica,coords,seco,526,3,0.1779842951143332,0.013255982051292574,0.18272170535573162,lat
unified_all,mntd_unified,filogenetica,coords,medio,522,3,0.07534766414240938,0.0017793765764021613,0.02464671970553023,lat
unified_all,mntd_unified,filogenetica,coords,humedo,520,3,0.21425133969274446,0.009513915282026601,0.1616627037105491,lat
unified_all,mpd_unified,filogenetica,coords,todas,2535,3,0.25534475311905613,0.008057660541985416,0.19883133442768533,todas
unified_all,mpd_unified,filogenetica,coords,seco,526,3,0.20766503229041886,0.006114911680072603,0.16314056559879372,geo
unified_all,mpd_unified,filogenetica,coords,medio,525,3,0.27701538926460284,0.012089984325199222,0.2775001109659723,geo
unified_all,mpd_unified,filogenetica,coords,humedo,520,3,0.34125347725925614,0.004897520925521812,0.2536672834407863,geo
unified_all,mpd_unified,filogenetica,coords,seco,526,3,0.27722992473908675,0.010268006849317463,0.2573697335254404,lat
unified_all,mpd_unified,filogenetica,coords,medio,522,3,0.22286453123591368,0.005374022757356718,0.16014129130726582,lat
unified_all,mpd_unified,filogenetica,coords,humedo,520,3,0.3308230035773407,0.007314031251149567,0.2553609061016872,lat
unified_all,pcoa1_freq_unified,composicion,coords,todas,3040,3,0.5651553566368536,0.009963198457351633,0.4545450328700862,todas
unified_all,pcoa1_freq_unified,composicion,coords,seco,671,3,0.4369461444037254,0.009023479694194998,0.3688914681133249,geo
unified_all,pcoa1_freq_unified,composicion,coords,medio,671,3,0.5780151341769201,0.012100654696827825,0.48432201947564835,geo
unified_all,pcoa1_freq_unified,composicion,coords,humedo,666,3,0.6044246710924263,0.01015471684036246,0.49106747605344553,geo
unified_all,pcoa1_freq_unified,composicion,coords,seco,671,3,0.4846859687720097,0.010024255310089604,0.42987887065021374,lat
unified_all,pcoa1_freq_unified,composicion,coords,medio,669,3,0.5670762943065767,0.01061327060053353,0.4932086462446483,lat
unified_all,pcoa1_freq_unified,composicion,coords,humedo,665,3,0.6240578580748496,0.010972523237403482,0.4639148535574627,lat
unified_all,pcoa1_pa_unified,composicion,coords,todas,3094,3,0.7021462226323333,0.009356595111172733,0.5690162919732398,todas
unified_all,pcoa1_pa_unified,composicion,coords,seco,671,3,0.5835412343545762,0.011039094887963808,0.5094497384749825,geo
unified_all,pcoa1_pa_unified,composicion,coords,medio,671,3,0.6653182024292971,0.012319143265634365,0.5750755124835738,geo
unified_all,pcoa1_pa_unified,composicion,coords,humedo,666,3,0.7375913476348669,0.010674668613528518,0.6408093059739076,geo
unified_all,pcoa1_pa_unified,composicion,coords,seco,671,3,0.5789345956736602,0.011506483987017101,0.5153731910961564,lat
unified_all,pcoa1_pa_unified,composicion,coords,medio,669,3,0.698177855347964,0.011917163634605309,0.6336796843067756,lat
unified_all,pcoa1_pa_unified,composicion,coords,humedo,665,3,0.7469079207420873,0.01045204339704977,0.6236759895920191,lat
unified_all,pcoa2_freq_unified,composicion,coords,todas,3040,3,0.49351622232357917,0.0008508859564356939,0.23216289615789013,todas
unified_all,pcoa2_freq_unified,composicion,coords,seco,671,3,0.31626070585288596,0.007643928461739906,0.22113834861829548,geo
unified_all,pcoa2_freq_unified,composicion,coords,medio,671,3,0.39521685181561583,0.002326301018575281,0.21369850355202666,geo
unified_all,pcoa2_freq_unified,composicion,coords,humedo,666,3,0.365426003460479,0.001966152453563569,0.1397015838013591,geo
unified_all,pcoa2_freq_unified,composicion,coords,seco,671,3,0.38332831286490193,0.007673565568665809,0.2737695363702869,lat
unified_all,pcoa2_freq_unified,composicion,coords,medio,669,3,0.3288944611476569,0.001084981786163745,0.1580959512406638,lat
unified_all,pcoa2_freq_unified,composicion,coords,humedo,665,3,0.3568920021621806,0.0054170322036909925,0.1250353133497588,lat
unified_all,pcoa2_pa_unified,composicion,coords,todas,3094,3,0.7454098215554575,0.002174624225180077,0.46503126641785086,todas
unified_all,pcoa2_pa_unified,composicion,coords,seco,671,3,0.6883402016156649,0.0005877418042762734,0.44870642997065097,geo
unified_all,pcoa2_pa_unified,composicion,coords,medio,671,3,0.701174085913137,0.0030013678380837773,0.5236474275047289,geo
unified_all,pcoa2_pa_unified,composicion,coords,humedo,666,3,0.7474389716270201,0.004320385313907229,0.5182681816415169,geo
unified_all,pcoa2_pa_unified,composicion,coords,seco,671,3,0.6519994811844305,0.0020351080249255177,0.5201091290340444,lat
unified_all,pcoa2_pa_unified,composicion,coords,medio,669,3,0.747263268231173,0.0050439447575387365,0.5376047346332365,lat
unified_all,pcoa2_pa_unified,composicion,coords,humedo,665,3,0.7441645964400094,0.003386537309261704,0.463448962426942,lat
unified_all,ses_mntd_unified,filogenetica,coords,todas,2535,3,0.13968100075213064,0.0030996688057584342,0.10424175244483709,todas
unified_all,ses_mntd_unified,filogenetica,coords,seco,526,3,0.1451637862223417,0.0032025950954278353,0.09699110063482486,geo
unified_all,ses_mntd_unified,filogenetica,coords,medio,525,3,0.20693926301297635,0.0048616394353397825,0.20210033076737768,geo
unified_all,ses_mntd_unified,filogenetica,coords,humedo,520,3,0.15493992715448524,0.014163952230558077,0.07657034481237113,geo
unified_all,ses_mntd_unified,filogenetica,coords,seco,526,3,0.20457950390272772,0.0027862542162233636,0.18908683717877997,lat
unified_all,ses_mntd_unified,filogenetica,coords,medio,522,3,0.11342157372286354,0.008008633398189198,0.05729853397868956,lat
unified_all,ses_mntd_unified,filogenetica,coords,humedo,520,3,0.17925699896316927,0.009609977673410366,0.10571302703005847,lat
unified_all,ses_mpd_unified,filogenetica,coords,todas,2535,3,0.27040126781705837,0.00708844084411256,0.20198939264903293,todas
unified_all,ses_mpd_unified,filogenetica,coords,seco,526,3,0.24043830973010913,0.005574831438569571,0.18631652985246897,geo
unified_all,ses_mpd_unified,filogenetica,coords,medio,525,3,0.27592161569930507,0.009337563797841892,0.26785045998962587,geo
unified_all,ses_mpd_unified,filogenetica,coords,humedo,520,3,0.35871263752537486,0.005431263951750484,0.27015984360380096,geo
unified_all,ses_mpd_unified,filogenetica,coords,seco,526,3,0.2940205506540806,0.006734512481606675,0.26444182740705047,lat
unified_all,ses_mpd_unified,filogenetica,coords,medio,522,3,0.2689204653178271,0.00849972316108758,0.20406235858260977,lat
unified_all,ses_mpd_unified,filogenetica,coords,humedo,520,3,0.3107769251289067,0.00764611023083779,0.23169644338418002,lat
unified_all,ses_pd_unified,filogenetica,coords,todas,2535,3,0.21039720238835055,0.008521761974931891,0.16034012340518036,todas
unified_all,ses_pd_unified,filogenetica,coords,seco,526,3,0.18883226500906206,0.007719646969459701,0.1413386127812768,geo
unified_all,ses_pd_unified,filogenetica,coords,medio,525,3,0.24221066767443947,0.007707140040485067,0.2400376920967839,geo
unified_all,ses_pd_unified,filogenetica,coords,humedo,520,3,0.3023509873851675,0.01759373503992391,0.21474634196259745,geo
unified_all,ses_pd_unified,filogenetica,coords,seco,526,3,0.2522388747835101,0.0077018126496364095,0.23525434662693231,lat
unified_all,ses_pd_unified,filogenetica,coords,medio,522,3,0.20791730619383939,0.009676594655759522,0.14721411228073433,lat
unified_all,ses_pd_unified,filogenetica,coords,humedo,520,3,0.27082981335460254,0.01528995571042064,0.19031317090887992,lat
unified_all,dark_n_unified,riqueza,piso,todas,3094,3,0.471900798104844,0.00889833927550086,0.010563280946340958,todas
unified_all,dark_n_unified,riqueza,piso,seco,671,3,0.3181784590488274,0.00649003498859542,0.031553192567703316,geo
unified_all,dark_n_unified,riqueza,piso,medio,671,3,0.27801322446435467,0.005491727360117229,-0.012189006967369501,geo
unified_all,dark_n_unified,riqueza,piso,humedo,666,3,0.3364102293014148,0.008289149394908116,-0.04676968516238696,geo
unified_all,dark_n_unified,riqueza,piso,seco,671,3,0.3544525827449232,0.00026918826907261663,0.083846888396423,lat
unified_all,dark_n_unified,riqueza,piso,medio,669,3,0.2413671539837298,0.005785040746955973,0.0059514306182105,lat
unified_all,dark_n_unified,riqueza,piso,humedo,665,3,0.33924866319280894,0.009344508911206258,-0.15601348033139958,lat
unified_all,hill_q0_unified,riqueza,piso,todas,3102,3,0.20647037063699306,0.011936894221077526,0.15126025170245427,todas
unified_all,hill_q0_unified,riqueza,piso,seco,675,3,0.32955416732315684,0.0014455370326753472,0.25905054019177237,geo
unified_all,hill_q0_unified,riqueza,piso,medio,673,3,0.2648789151866419,0.011487166567492466,0.24075517216692954,geo
unified_all,hill_q0_unified,riqueza,piso,humedo,669,3,0.2068192349603852,0.0064079537011836425,0.16813804167648946,geo
unified_all,hill_q0_unified,riqueza,piso,seco,675,3,0.31903154340876766,0.012411700200376312,0.27577951563315617,lat
unified_all,hill_q0_unified,riqueza,piso,medio,670,3,0.240497182806499,0.007410467264421558,0.2231859580251041,lat
unified_all,hill_q0_unified,riqueza,piso,humedo,668,3,0.18656238340503747,0.006031951228336052,0.127220952337071,lat
unified_all,isomap1_freq_unified,otra,piso,todas,3040,3,0.6731402118299741,0.002623029787694651,-0.35751784953035676,todas
unified_all,isomap1_freq_unified,otra,piso,seco,671,3,0.17634898913857056,0.0027883905924491314,-0.131591503781175,geo
unified_all,isomap1_freq_unified,otra,piso,medio,671,3,0.20942493142847773,0.008173757188982096,-0.11039006410481085,geo
unified_all,isomap1_freq_unified,otra,piso,humedo,666,3,0.24126270044275913,0.00608943357647513,-0.16178632493431003,geo
unified_all,isomap1_freq_unified,otra,piso,seco,671,3,0.1447764864974568,0.0049370322058733375,-0.10562805875345364,lat
unified_all,isomap1_freq_unified,otra,piso,medio,669,3,0.2251707073519754,0.0060508769140895004,-0.13221323101284752,lat
unified_all,isomap1_freq_unified,otra,piso,humedo,665,3,0.26380260444329445,0.0060607663284737755,-0.14349481420118204,lat
unified_all,isomap1_pa_unified,otra,piso,todas,3094,3,0.6523869478392501,0.0008458587373039354,-0.35978232810304106,todas
unified_all,isomap1_pa_unified,otra,piso,seco,671,3,0.1491618770621952,0.019479836378312167,-0.2809695251455829,geo
unified_all,isomap1_pa_unified,otra,piso,medio,671,3,0.19162351321890378,0.008854882280987877,-0.24930600772725273,geo
unified_all,isomap1_pa_unified,otra,piso,humedo,666,3,0.29567287923897523,0.013056690709634347,-0.17502977074682394,geo
unified_all,isomap1_pa_unified,otra,piso,seco,671,3,0.11545582985623555,0.0221685551502024,-0.1908134689647214,lat
unified_all,isomap1_pa_unified,otra,piso,medio,669,3,0.23376726180531138,0.004091936601137224,-0.2818071147306626,lat
unified_all,isomap1_pa_unified,otra,piso,humedo,665,3,0.3166826952032969,0.011680343064612107,-0.1900743737958812,lat
unified_all,isomap2_freq_unified,otra,piso,todas,3040,3,0.32105620035381166,0.007552458145733249,0.08535883973574239,todas
unified_all,isomap2_freq_unified,otra,piso,seco,671,3,0.33426028091463617,0.003187049388697751,0.0914196208010148,geo
unified_all,isomap2_freq_unified,otra,piso,medio,671,3,0.2125664400915911,0.007456543655474985,0.048981828003665275,geo
unified_all,isomap2_freq_unified,otra,piso,humedo,666,3,0.3200914367694081,0.006728017598862665,0.1783447082197871,geo
unified_all,isomap2_freq_unified,otra,piso,seco,671,3,0.34811423053791474,0.011830517790256812,0.17212795755883145,lat
unified_all,isomap2_freq_unified,otra,piso,medio,669,3,0.1374920822719747,0.006004366576311602,-0.011864401891108045,lat
unified_all,isomap2_freq_unified,otra,piso,humedo,665,3,0.3018872351553911,0.006267969538163187,0.14188489954163874,lat
unified_all,isomap2_pa_unified,otra,piso,todas,3094,3,0.4444122381455771,0.007645717064194135,0.39989890907329667,todas
unified_all,isomap2_pa_unified,otra,piso,seco,671,3,0.5005831335369736,0.007681065352224434,0.42993319223645116,geo
unified_all,isomap2_pa_unified,otra,piso,medio,671,3,0.40432001553281455,0.012475254362315601,0.3920764259905029,geo
unified_all,isomap2_pa_unified,otra,piso,humedo,666,3,0.37062181547743617,0.00642880508495139,0.34958320930779446,geo
unified_all,isomap2_pa_unified,otra,piso,seco,671,3,0.4170893168686316,0.011631507558681942,0.447685273635072,lat
unified_all,isomap2_pa_unified,otra,piso,medio,669,3,0.3582859170870952,0.015555994371059596,0.32234627248078923,lat
unified_all,isomap2_pa_unified,otra,piso,humedo,665,3,0.38995852153615407,0.007139789830391416,0.32847711050815104,lat
unified_all,isomap3_freq_unified,otra,piso,todas,3040,3,0.30904913835654096,0.006622744914408488,0.21164301428392937,todas
unified_all,isomap3_freq_unified,otra,piso,seco,671,3,0.3670938191595659,0.0055475399809435605,0.29524766888675386,geo
unified_all,isomap3_freq_unified,otra,piso,medio,671,3,0.33362486473419084,0.0032451791002163204,0.30642485584369444,geo
unified_all,isomap3_freq_unified,otra,piso,humedo,666,3,0.23013074515880874,0.008286407609298716,0.15961508805687533,geo
unified_all,isomap3_freq_unified,otra,piso,seco,671,3,0.34312341325659346,0.006795458054015946,0.33882120977722635,lat
unified_all,isomap3_freq_unified,otra,piso,medio,669,3,0.28716096558162535,0.0023223123522944046,0.2355094298899331,lat
unified_all,isomap3_freq_unified,otra,piso,humedo,665,3,0.25040869295610574,0.010157297865147172,0.08069451417776803,lat
unified_all,isomap3_pa_unified,otra,piso,todas,3094,3,0.31620734754722174,0.01154786432127891,0.004032589053673245,todas
unified_all,isomap3_pa_unified,otra,piso,seco,671,3,0.3294187317998309,0.024469927460352606,0.0952701520519809,geo
unified_all,isomap3_pa_unified,otra,piso,medio,671,3,0.243854010924783,0.014300139500336442,0.02971148256033318,geo
unified_all,isomap3_pa_unified,otra,piso,humedo,666,3,0.23791312408684118,0.016061058314802458,-0.1194166940340724,geo
unified_all,isomap3_pa_unified,otra,piso,seco,671,3,0.36124992933870415,0.02750296171819906,0.17940452084710115,lat
unified_all,isomap3_pa_unified,otra,piso,medio,669,3,0.191113430009786,0.010812628130522802,-0.020533134694738536,lat
unified_all,isomap3_pa_unified,otra,piso,humedo,665,3,0.2389780519039988,0.01701064748962763,-0.22887384067873132,lat
unified_all,lcbd_freq_unified,composicion,piso,todas,3040,3,0.24895783791577808,0.011608893498883957,0.1092823447460209,todas
unified_all,lcbd_freq_unified,composicion,piso,seco,671,3,0.11149668680083313,0.014956294370701536,0.03133295905155228,geo
unified_all,lcbd_freq_unified,composicion,piso,medio,671,3,0.09695030566801936,0.004161062590549931,0.06728872733357583,geo
unified_all,lcbd_freq_unified,composicion,piso,humedo,666,3,0.017784000946023244,0.010101546189832802,0.005445431569069699,geo
unified_all,lcbd_freq_unified,composicion,piso,seco,671,3,0.13073068078571518,0.01799977047881736,0.045135043125411646,lat
unified_all,lcbd_freq_unified,composicion,piso,medio,669,3,0.04412174344574519,0.005365607034988073,0.025860060193823475,lat
unified_all,lcbd_freq_unified,composicion,piso,humedo,665,3,0.045926127532807594,0.008238811779753634,0.03448617826433816,lat
unified_all,lcbd_pa_unified,composicion,piso,todas,3094,3,0.2787030309971972,0.0025021245914756884,0.1547980146674998,todas
unified_all,lcbd_pa_unified,composicion,piso,seco,671,3,0.05905431536431135,0.008396858002444168,0.047738615192107314,geo
unified_all,lcbd_pa_unified,composicion,piso,medio,671,3,0.08788242267466966,0.004369275386905036,0.09359706270175139,geo
unified_all,lcbd_pa_unified,composicion,piso,humedo,666,3,0.0587387284244969,0.004351895252707693,0.06710679102161325,geo
unified_all,lcbd_pa_unified,composicion,piso,seco,671,3,0.08050918484007748,0.010591021108843185,0.06937951054975933,lat
unified_all,lcbd_pa_unified,composicion,piso,medio,669,3,0.03786206994764126,0.002420004760001642,0.040623177521550126,lat
unified_all,lcbd_pa_unified,composicion,piso,humedo,665,3,0.08524013019350758,0.0017049011206535048,0.08823395897876547,lat
unified_all,mntd_unified,filogenetica,piso,todas,2535,3,-0.01865518888625887,0.010972735450258182,-0.02947807017804342,todas
unified_all,mntd_unified,filogenetica,piso,seco,526,3,-0.004800833907414,0.009671899312581087,-0.020749193760897528,geo
unified_all,mntd_unified,filogenetica,piso,medio,525,3,0.013570058395466433,0.0029490149687023226,0.033112635966427405,geo
unified_all,mntd_unified,filogenetica,piso,humedo,520,3,-0.024267097617811206,0.008001138734766097,-0.05805255908400301,geo
unified_all,mntd_unified,filogenetica,piso,seco,526,3,0.025675993326766327,0.007710485627175837,0.02532647964217098,lat
unified_all,mntd_unified,filogenetica,piso,medio,522,3,-0.018131425004623464,0.003047540915601326,-0.039081310838768125,lat
unified_all,mntd_unified,filogenetica,piso,humedo,520,3,-0.04179422495550752,0.0040348994418216155,-0.0704041988557708,lat
unified_all,mpd_unified,filogenetica,piso,todas,2535,3,0.009792294866157292,0.010896852240356449,-0.0348512108042948,todas
unified_all,mpd_unified,filogenetica,piso,seco,526,3,0.03992074437145254,0.0021874123608181207,-0.0011731975477448457,geo
unified_all,mpd_unified,filogenetica,piso,medio,525,3,-0.029612923796559516,0.01855410629711833,-0.009722880815902927,geo
unified_all,mpd_unified,filogenetica,piso,humedo,520,3,-0.010282599685319823,0.02350026856213027,-0.06372296544717886,geo
unified_all,mpd_unified,filogenetica,piso,seco,526,3,0.02049985903012408,0.005036324282738569,0.004028078271190154,lat
unified_all,mpd_unified,filogenetica,piso,medio,522,3,-0.0192766855060215,0.01689319323524169,-0.044514429646581,lat
unified_all,mpd_unified,filogenetica,piso,humedo,520,3,-0.003524214644546997,0.02424385980719877,-0.05954573929123456,lat
unified_all,pcoa1_freq_unified,composicion,piso,todas,3040,3,0.14352861428449767,0.004569937208653344,0.0617971991725604,todas
unified_all,pcoa1_freq_unified,composicion,piso,seco,671,3,0.19096599952032436,0.0042409961517687975,0.12420387447039216,geo
unified_all,pcoa1_freq_unified,composicion,piso,medio,671,3,0.12689463760597416,0.00907441587168321,0.0990119320229506,geo
unified_all,pcoa1_freq_unified,composicion,piso,humedo,666,3,0.04091448428356115,0.005473848584023696,-0.02512496681937944,geo
unified_all,pcoa1_freq_unified,composicion,piso,seco,671,3,0.15505284612739623,0.0067675072183300275,0.14295084272703618,lat
unified_all,pcoa1_freq_unified,composicion,piso,medio,669,3,0.0877626482888089,0.005950127647128861,0.03207350568591313,lat
unified_all,pcoa1_freq_unified,composicion,piso,humedo,665,3,0.08857456191405955,0.008240283312337124,-0.04091593398921001,lat
unified_all,pcoa1_pa_unified,composicion,piso,todas,3094,3,0.36345413415280037,0.013286250759675825,0.21367057781739793,todas
unified_all,pcoa1_pa_unified,composicion,piso,seco,671,3,0.3082784090204318,0.014945219281985408,0.23714317469523857,geo
unified_all,pcoa1_pa_unified,composicion,piso,medio,671,3,0.2835828741464091,0.021180713396246605,0.274897452857769,geo
unified_all,pcoa1_pa_unified,composicion,piso,humedo,666,3,0.21021357293245338,0.010695794817844197,0.16630253930308692,geo
unified_all,pcoa1_pa_unified,composicion,piso,seco,671,3,0.26885714250210846,0.018011213928571256,0.2658688638075625,lat
unified_all,pcoa1_pa_unified,composicion,piso,medio,669,3,0.2510381526389217,0.01856276985725971,0.2246947821194847,lat
unified_all,pcoa1_pa_unified,composicion,piso,humedo,665,3,0.24116908234338408,0.011685425015084887,0.13928153473341787,lat
unified_all,pcoa2_freq_unified,composicion,piso,todas,3040,3,0.2644452537393863,0.002080033302783197,-0.013472965790756039,todas
unified_all,pcoa2_freq_unified,composicion,piso,seco,671,3,0.030773182578821296,0.009946974602837123,0.0021355639893395617,geo
unified_all,pcoa2_freq_unified,composicion,piso,medio,671,3,0.05718833631813206,0.0039581888901996706,-0.0064162055836866445,geo
unified_all,pcoa2_freq_unified,composicion,piso,humedo,666,3,0.08286687008084681,0.004558362116508861,-0.024154065537372944,geo
unified_all,pcoa2_freq_unified,composicion,piso,seco,671,3,0.018755326807401662,0.005415282661384054,-0.006805888437594332,lat
unified_all,pcoa2_freq_unified,composicion,piso,medio,669,3,0.05266260470116313,0.0044830823457431114,-0.008848216177702076,lat
unified_all,pcoa2_freq_unified,composicion,piso,humedo,665,3,0.09667702008409547,0.00883049662422673,-0.007487729059936739,lat
unified_all,pcoa2_pa_unified,composicion,piso,todas,3094,3,0.4326538601715342,0.001473554209096128,-0.01002376463023428,todas
unified_all,pcoa2_pa_unified,composicion,piso,seco,671,3,0.17419493693363622,0.013492649525583359,0.047643972006981374,geo
unified_all,pcoa2_pa_unified,composicion,piso,medio,671,3,0.1670098294780182,0.011676406089399499,0.081232863093101,geo
unified_all,pcoa2_pa_unified,composicion,piso,humedo,666,3,0.2345647356120332,0.006866181763495401,0.0485698911140271,geo
unified_all,pcoa2_pa_unified,composicion,piso,seco,671,3,0.15664735136688224,0.005307230939856486,0.12185124695627277,lat
unified_all,pcoa2_pa_unified,composicion,piso,medio,669,3,0.19309617082856342,0.0018312489415860638,0.04597202241794244,lat
unified_all,pcoa2_pa_unified,composicion,piso,humedo,665,3,0.2610885221298467,0.00671506772272532,0.011836029906418855,lat
unified_all,ses_mntd_unified,filogenetica,piso,todas,2535,3,-0.012364539267933461,0.0037205301725354114,-0.023912592070318928,todas
unified_all,ses_mntd_unified,filogenetica,piso,seco,526,3,-0.00023823848886709667,0.007995961344824373,-0.03430149821638584,geo
unified_all,ses_mntd_unified,filogenetica,piso,medio,525,3,-0.0015070919554081759,0.004610434456808566,0.009808885927471015,geo
unified_all,ses_mntd_unified,filogenetica,piso,humedo,520,3,-0.007563820200268319,0.018620576395314527,-0.03789950936540102,geo
unified_all,ses_mntd_unified,filogenetica,piso,seco,526,3,0.0159831607347282,0.006473486281657036,0.002699547594885665,lat
unified_all,ses_mntd_unified,filogenetica,piso,medio,522,3,-0.021388168085892945,0.0008553746359876321,-0.043767299482152223,lat
unified_all,ses_mntd_unified,filogenetica,piso,humedo,520,3,-0.015207957309142298,0.018585943829469986,-0.0411634461494769,lat
unified_all,ses_mpd_unified,filogenetica,piso,todas,2535,3,0.0286150086038444,0.008066357290633965,-0.031607809377732776,todas
unified_all,ses_mpd_unified,filogenetica,piso,seco,526,3,0.04219804809800661,0.011529859211418803,-0.009745418829419964,geo
unified_all,ses_mpd_unified,filogenetica,piso,medio,525,3,-0.032349286221242966,0.01627965870367811,-0.025026252853934745,geo
unified_all,ses_mpd_unified,filogenetica,piso,humedo,520,3,0.016776945409157418,0.007680344129736144,-0.04230627601450395,geo
unified_all,ses_mpd_unified,filogenetica,piso,seco,526,3,0.012622214476251004,0.015400187118993014,-0.01657965486007133,lat
unified_all,ses_mpd_unified,filogenetica,piso,medio,522,3,-0.00356924816554031,0.016903989636085057,-0.03437526062954044,lat
unified_all,ses_mpd_unified,filogenetica,piso,humedo,520,3,0.018106207046063433,0.00721447119383564,-0.038027918996776634,lat
unified_all,ses_pd_unified,filogenetica,piso,todas,2535,3,-0.0015121918349569885,0.008187275739985107,-0.036962675259112864,todas
unified_all,ses_pd_unified,filogenetica,piso,seco,526,3,0.013762071672954401,0.008973983165051647,-0.03161041555566069,geo
unified_all,ses_pd_unified,filogenetica,piso,medio,525,3,-0.037771551480838404,0.020604006055735227,-0.02044764712516674,geo
unified_all,ses_pd_unified,filogenetica,piso,humedo,520,3,-0.007630702418925568,0.020772164043953927,-0.05844537312140171,geo
unified_all,ses_pd_unified,filogenetica,piso,seco,526,3,-0.003298429759682272,0.009725268253826197,-0.02310634066480784,lat
unified_all,ses_pd_unified,filogenetica,piso,medio,522,3,-0.01932525516021355,0.02547329703678841,-0.044556389127247575,lat
unified_all,ses_pd_unified,filogenetica,piso,humedo,520,3,-0.004985176529746653,0.018513990038945393,-0.057254429837939456,lat
unified_all,dark_n_unified,riqueza,clima,todas,3094,3,0.6760577480127186,0.005480816943849188,0.3058488798885405,todas
unified_all,dark_n_unified,riqueza,clima,seco,671,3,0.6008183044379237,0.00380582175433136,0.30475271325961806,geo
unified_all,dark_n_unified,riqueza,clima,medio,671,3,0.6111890814755389,0.002927565922167519,0.2998906630270885,geo
unified_all,dark_n_unified,riqueza,clima,humedo,666,3,0.6896821083492153,0.0057640975965632954,0.18083435463404038,geo
unified_all,dark_n_unified,riqueza,clima,seco,671,3,0.6120516923818896,0.002105082429450264,0.2936622722676615,lat
unified_all,dark_n_unified,riqueza,clima,medio,669,3,0.5938190254988964,0.005847047785603877,0.31157886490188313,lat
unified_all,dark_n_unified,riqueza,clima,humedo,665,3,0.7067162775548832,0.003959484607799743,0.1580535412709981,lat
unified_all,hill_q0_unified,riqueza,clima,todas,3102,3,0.44437735261127004,0.0029017484640546645,0.37954085056812153,todas
unified_all,hill_q0_unified,riqueza,clima,seco,675,3,0.4555881075853994,0.004500000088533988,0.34598642845471295,geo
unified_all,hill_q0_unified,riqueza,clima,medio,673,3,0.5036007134496102,0.01209050160068623,0.43120769044439916,geo
unified_all,hill_q0_unified,riqueza,clima,humedo,669,3,0.39300784803569805,0.00605787300536897,0.3062970242201642,geo
unified_all,hill_q0_unified,riqueza,clima,seco,675,3,0.45150232613057684,0.007944242382400366,0.3718165066674528,lat
unified_all,hill_q0_unified,riqueza,clima,medio,670,3,0.4721329236615556,0.01411539425909588,0.4019932076726456,lat
unified_all,hill_q0_unified,riqueza,clima,humedo,668,3,0.3806995891687152,0.005531200104958429,0.273942204186178,lat
unified_all,isomap1_freq_unified,otra,clima,todas,3040,3,0.8756171427361256,0.00044482709890400805,0.37408276245454114,todas
unified_all,isomap1_freq_unified,otra,clima,seco,671,3,0.6756819949348222,0.0018817687839663931,0.276312711927789,geo
unified_all,isomap1_freq_unified,otra,clima,medio,671,3,0.7672059456024881,0.0008811059865549146,0.3162728865127678,geo
unified_all,isomap1_freq_unified,otra,clima,humedo,666,3,0.8318956208496592,0.0007201994696940111,0.36956168163783315,geo
unified_all,isomap1_freq_unified,otra,clima,seco,671,3,0.6301512706194623,0.0026597166212814346,0.3423261332047354,lat
unified_all,isomap1_freq_unified,otra,clima,medio,669,3,0.7934814612318885,0.0009041798201565607,0.2899389269132249,lat
unified_all,isomap1_freq_unified,otra,clima,humedo,665,3,0.8403246112058017,0.0008830487142004725,0.38169382406152225,lat
unified_all,isomap1_pa_unified,otra,clima,todas,3094,3,0.889290750294089,0.0014618099406931196,0.4641188795671998,todas
unified_all,isomap1_pa_unified,otra,clima,seco,671,3,0.7636284507002188,0.002343895632124831,0.3385844926857266,geo
unified_all,isomap1_pa_unified,otra,clima,medio,671,3,0.7926375209244046,0.002240143464858952,0.3463266710821966,geo
unified_all,isomap1_pa_unified,otra,clima,humedo,666,3,0.8607291641703997,0.0009027594559790526,0.4270337660115537,geo
unified_all,isomap1_pa_unified,otra,clima,seco,671,3,0.6995963393770989,0.0031155184686156145,0.36980603891562885,lat
unified_all,isomap1_pa_unified,otra,clima,medio,669,3,0.8370562105412086,0.0014892632287668757,0.3579887796188627,lat
unified_all,isomap1_pa_unified,otra,clima,humedo,665,3,0.8647518338227642,0.0013884015696390482,0.42792073354724186,lat
unified_all,isomap2_freq_unified,otra,clima,todas,3040,3,0.6582431623823948,0.0036018454527777283,0.4469662156125631,todas
unified_all,isomap2_freq_unified,otra,clima,seco,671,3,0.7134522466807928,0.0018809656304323288,0.48828953678284437,geo
unified_all,isomap2_freq_unified,otra,clima,medio,671,3,0.6573351114705145,0.0006742027775425059,0.5112334787193572,geo
unified_all,isomap2_freq_unified,otra,clima,humedo,666,3,0.6471426897163948,0.003966741697870763,0.5004577373776322,geo
unified_all,isomap2_freq_unified,otra,clima,seco,671,3,0.7315135731604913,0.0006826328969161276,0.5367531082501508,lat
unified_all,isomap2_freq_unified,otra,clima,medio,669,3,0.6087760096161856,0.0018828031026802293,0.47040936913140813,lat
unified_all,isomap2_freq_unified,otra,clima,humedo,665,3,0.6445615196840287,0.004495950812268307,0.4577078625233355,lat
unified_all,isomap2_pa_unified,otra,clima,todas,3094,3,0.7408941950699091,0.005448730145899801,0.6541633593789533,todas
unified_all,isomap2_pa_unified,otra,clima,seco,671,3,0.7881848422138141,0.003929739630518089,0.6862369753471492,geo
unified_all,isomap2_pa_unified,otra,clima,medio,671,3,0.752229080761747,0.005526911704357974,0.6870122560041799,geo
unified_all,isomap2_pa_unified,otra,clima,humedo,666,3,0.6945751973224081,0.005478920166166951,0.6240707081847798,geo
unified_all,isomap2_pa_unified,otra,clima,seco,671,3,0.7599355131791959,0.004732234505741017,0.691256833822108,lat
unified_all,isomap2_pa_unified,otra,clima,medio,669,3,0.7224326155492332,0.0058951464341075975,0.6619843184819323,lat
unified_all,isomap2_pa_unified,otra,clima,humedo,665,3,0.7025287741281203,0.004973678947388703,0.5834027202815043,lat
unified_all,isomap3_freq_unified,otra,clima,todas,3040,3,0.6599116701367947,0.006787021705947351,0.478256526148969,todas
unified_all,isomap3_freq_unified,otra,clima,seco,671,3,0.6156057094384563,0.00846280732478018,0.47826964096654684,geo
unified_all,isomap3_freq_unified,otra,clima,medio,671,3,0.701477465478419,0.00546560363081151,0.5794491284208444,geo
unified_all,isomap3_freq_unified,otra,clima,humedo,666,3,0.7205304936306655,0.005285255075168259,0.49087829822875745,geo
unified_all,isomap3_freq_unified,otra,clima,seco,671,3,0.6244849015471678,0.007008872463133329,0.5238814180996032,lat
unified_all,isomap3_freq_unified,otra,clima,medio,669,3,0.6619089920411255,0.0085772703490275,0.5410221243084753,lat
unified_all,isomap3_freq_unified,otra,clima,humedo,665,3,0.7379941662542934,0.0038136726663252946,0.4211587616824974,lat
unified_all,isomap3_pa_unified,otra,clima,todas,3094,3,0.7218791026131269,0.001369238606633204,0.4556420621609103,todas
unified_all,isomap3_pa_unified,otra,clima,seco,671,3,0.704991313031932,0.0034126669738540148,0.47100127783022644,geo
unified_all,isomap3_pa_unified,otra,clima,medio,671,3,0.7317144124479764,0.0028580928236700645,0.5372540584178068,geo
unified_all,isomap3_pa_unified,otra,clima,humedo,666,3,0.7475062722122189,0.002696123829593622,0.36954544440396414,geo
unified_all,isomap3_pa_unified,otra,clima,seco,671,3,0.7372180928222004,0.0016133497642329925,0.5265022897575836,lat
unified_all,isomap3_pa_unified,otra,clima,medio,669,3,0.686124766256983,0.0032219609902906835,0.4860049422418144,lat
unified_all,isomap3_pa_unified,otra,clima,humedo,665,3,0.7595783040680487,0.004198649705477663,0.342085644374093,lat
unified_all,lcbd_freq_unified,composicion,clima,todas,3040,3,0.34652485681908773,0.003900402687830805,0.1838641145379585,todas
unified_all,lcbd_freq_unified,composicion,clima,seco,671,3,0.1725355100734642,0.021096608459358793,0.07921794292283535,geo
unified_all,lcbd_freq_unified,composicion,clima,medio,671,3,0.1582962274127175,0.0026606058819933598,0.12031762234493266,geo
unified_all,lcbd_freq_unified,composicion,clima,humedo,666,3,0.15406672715669242,0.002551048451523971,0.10722356041453784,geo
unified_all,lcbd_freq_unified,composicion,clima,seco,671,3,0.2072094515803987,0.019216708316772996,0.11207350811528767,lat
unified_all,lcbd_freq_unified,composicion,clima,medio,669,3,0.11397182519910624,0.002538661628676171,0.08764825236864886,lat
unified_all,lcbd_freq_unified,composicion,clima,humedo,665,3,0.15850858420352423,0.0014966779271009423,0.1170381312780175,lat
unified_all,lcbd_pa_unified,composicion,clima,todas,3094,3,0.4038642156109195,0.007325362494258765,0.2718605557424168,todas
unified_all,lcbd_pa_unified,composicion,clima,seco,671,3,0.17088067162958262,0.007508099680458049,0.14373114137183193,geo
unified_all,lcbd_pa_unified,composicion,clima,medio,671,3,0.24296479386539996,0.007150505117255238,0.22062534315701762,geo
unified_all,lcbd_pa_unified,composicion,clima,humedo,666,3,0.2863251227817978,0.0010571016138544531,0.2646168033951576,geo
unified_all,lcbd_pa_unified,composicion,clima,seco,671,3,0.21259368868111025,0.010093886008297356,0.19935912284183724,lat
unified_all,lcbd_pa_unified,composicion,clima,medio,669,3,0.23083060373318667,0.0038452610439303862,0.2125468996618033,lat
unified_all,lcbd_pa_unified,composicion,clima,humedo,665,3,0.26676691105360856,0.0031693992229863055,0.2470249495547364,lat
unified_all,mntd_unified,filogenetica,clima,todas,2535,3,0.08168526091118788,0.010173841590896578,0.060306844497089195,todas
unified_all,mntd_unified,filogenetica,clima,seco,526,3,0.01914361762192403,0.010049524945282442,-0.006814772995635265,geo
unified_all,mntd_unified,filogenetica,clima,medio,525,3,0.1257515534551208,0.005603049440824057,0.13431474198856078,geo
unified_all,mntd_unified,filogenetica,clima,humedo,520,3,0.1386162306337887,0.002551615078477447,0.07939587147298584,geo
unified_all,mntd_unified,filogenetica,clima,seco,526,3,0.057904951271163574,0.010189888766568829,0.05457228845412102,lat
unified_all,mntd_unified,filogenetica,clima,medio,522,3,0.09561561886576424,0.005204060650640538,0.05481619597926864,lat
unified_all,mntd_unified,filogenetica,clima,humedo,520,3,0.17758871301796253,0.006079786751759121,0.13722464051706992,lat
unified_all,mpd_unified,filogenetica,clima,todas,2535,3,0.22282940384470132,0.005816129997846229,0.16372868863578613,todas
unified_all,mpd_unified,filogenetica,clima,seco,526,3,0.1777143923275251,0.001633236291315276,0.11827780010253941,geo
unified_all,mpd_unified,filogenetica,clima,medio,525,3,0.2204562140628712,0.009262249916252496,0.22171119112858154,geo
unified_all,mpd_unified,filogenetica,clima,humedo,520,3,0.287219044831674,0.012966313896886203,0.19030082581858712,geo
unified_all,mpd_unified,filogenetica,clima,seco,526,3,0.19503984816761766,0.0014822071763023162,0.16007409348058058,lat
unified_all,mpd_unified,filogenetica,clima,medio,522,3,0.22105420573176968,0.011031532210565258,0.16329918511426533,lat
unified_all,mpd_unified,filogenetica,clima,humedo,520,3,0.2983133186635944,0.013274329442174963,0.22318678714396967,lat
unified_all,pcoa1_freq_unified,composicion,clima,todas,3040,3,0.517687568747621,0.011016117956633521,0.3923042712417392,todas
unified_all,pcoa1_freq_unified,composicion,clima,seco,671,3,0.42815636624532916,0.010610508266655347,0.3501075368923357,geo
unified_all,pcoa1_freq_unified,composicion,clima,medio,671,3,0.5052766641662524,0.013502614800118527,0.3958440676164909,geo
unified_all,pcoa1_freq_unified,composicion,clima,humedo,666,3,0.5550968398819891,0.009192738119488028,0.4280946331087594,geo
unified_all,pcoa1_freq_unified,composicion,clima,seco,671,3,0.43261621210583084,0.011895170204559337,0.36815982058935176,lat
unified_all,pcoa1_freq_unified,composicion,clima,medio,669,3,0.5133392877507784,0.009959031886395972,0.4252136671162334,lat
unified_all,pcoa1_freq_unified,composicion,clima,humedo,665,3,0.5904606814361131,0.011156164141147016,0.41693408934810555,lat
unified_all,pcoa1_pa_unified,composicion,clima,todas,3094,3,0.6941696402529285,0.00732485761100316,0.543895520912951,todas
unified_all,pcoa1_pa_unified,composicion,clima,seco,671,3,0.5637196845571614,0.008347064012573754,0.4706645904009085,geo
unified_all,pcoa1_pa_unified,composicion,clima,medio,671,3,0.6567598923826518,0.009621214923908099,0.5484548771630514,geo
unified_all,pcoa1_pa_unified,composicion,clima,humedo,666,3,0.7144327850661528,0.008090450295560044,0.5898174222146818,geo
unified_all,pcoa1_pa_unified,composicion,clima,seco,671,3,0.5672006643385172,0.011202847684776553,0.49297274594917745,lat
unified_all,pcoa1_pa_unified,composicion,clima,medio,669,3,0.6838037087211845,0.007960167349045205,0.5946698822927071,lat
unified_all,pcoa1_pa_unified,composicion,clima,humedo,665,3,0.7204874791115073,0.00651168253816967,0.5573605022114775,lat
unified_all,pcoa2_freq_unified,composicion,clima,todas,3040,3,0.4712715165557872,0.001235785333636769,0.19469411137657353,todas
unified_all,pcoa2_freq_unified,composicion,clima,seco,671,3,0.26451914045794683,0.0032183073992649905,0.15734231759963482,geo
unified_all,pcoa2_freq_unified,composicion,clima,medio,671,3,0.35849039254707127,0.0026279836650461743,0.16718905400667206,geo
unified_all,pcoa2_freq_unified,composicion,clima,humedo,666,3,0.35065726698558475,0.003504755821179221,0.10485855971415144,geo
unified_all,pcoa2_freq_unified,composicion,clima,seco,671,3,0.3194218170956146,0.0005552948935427308,0.20178212751867994,lat
unified_all,pcoa2_freq_unified,composicion,clima,medio,669,3,0.2930533080955509,0.0019163917278554228,0.10841262869031813,lat
unified_all,pcoa2_freq_unified,composicion,clima,humedo,665,3,0.3642212099580893,0.002176313199896979,0.12182720785611023,lat
unified_all,pcoa2_pa_unified,composicion,clima,todas,3094,3,0.7603710576280406,0.0014910462290885446,0.4906419595013268,todas
unified_all,pcoa2_pa_unified,composicion,clima,seco,671,3,0.6944511232292214,0.002327366659683352,0.4559000009932524,geo
unified_all,pcoa2_pa_unified,composicion,clima,medio,671,3,0.7124426072129942,0.0015562448962386797,0.5237080066927294,geo
unified_all,pcoa2_pa_unified,composicion,clima,humedo,666,3,0.7628901882275311,0.0029107653582819233,0.5281634705950995,geo
unified_all,pcoa2_pa_unified,composicion,clima,seco,671,3,0.6477623041618544,0.00269774158857735,0.5155168328349126,lat
unified_all,pcoa2_pa_unified,composicion,clima,medio,669,3,0.7594742762047227,0.0036778752362099576,0.5408466288952376,lat
unified_all,pcoa2_pa_unified,composicion,clima,humedo,665,3,0.7649472593232208,0.0015995180148958986,0.4872894956998686,lat
unified_all,ses_mntd_unified,filogenetica,clima,todas,2535,3,0.12223447247055041,0.0038563429781825827,0.09002833767871321,todas
unified_all,ses_mntd_unified,filogenetica,clima,seco,526,3,0.08238091005130044,0.005823372536161619,0.02375206439560133,geo
unified_all,ses_mntd_unified,filogenetica,clima,medio,525,3,0.16189185534276973,0.0032316359714682345,0.1634994013008907,geo
unified_all,ses_mntd_unified,filogenetica,clima,humedo,520,3,0.14305143096460723,0.008551967269290302,0.07164789439682732,geo
unified_all,ses_mntd_unified,filogenetica,clima,seco,526,3,0.1042643211573796,0.002181584747064144,0.0767914112144642,lat
unified_all,ses_mntd_unified,filogenetica,clima,medio,522,3,0.11896672861279985,0.0015340824396249983,0.07267272447105388,lat
unified_all,ses_mntd_unified,filogenetica,clima,humedo,520,3,0.18083294940724715,0.011032851913756846,0.1230576359819547,lat
unified_all,ses_mpd_unified,filogenetica,clima,todas,2535,3,0.24916186656951247,0.0028730911379342156,0.17787646434547785,todas
unified_all,ses_mpd_unified,filogenetica,clima,seco,526,3,0.2139890198715548,0.006401094638963847,0.1448440768124084,geo
unified_all,ses_mpd_unified,filogenetica,clima,medio,525,3,0.2215301726279556,0.008593858724203611,0.21988551953699878,geo
unified_all,ses_mpd_unified,filogenetica,clima,humedo,520,3,0.3184765181239559,0.0010701925265189267,0.2231371028599758,geo
unified_all,ses_mpd_unified,filogenetica,clima,seco,526,3,0.2122159549969422,0.010566038936692517,0.16586308966615304,lat
unified_all,ses_mpd_unified,filogenetica,clima,medio,522,3,0.2588229375000524,0.00736632281776583,0.2006620243306537,lat
unified_all,ses_mpd_unified,filogenetica,clima,humedo,520,3,0.29372177693715135,0.004220127132961129,0.2169370835433152,lat
unified_all,ses_pd_unified,filogenetica,clima,todas,2535,3,0.19401119330711447,0.0061034943371174885,0.1444378000892664,todas
unified_all,ses_pd_unified,filogenetica,clima,seco,526,3,0.15601782421508836,0.007895545628677657,0.09560927404236774,geo
unified_all,ses_pd_unified,filogenetica,clima,medio,525,3,0.1812753038581892,0.00771045409018304,0.18739189514099716,geo
unified_all,ses_pd_unified,filogenetica,clima,humedo,520,3,0.27537777347884,0.015218038799231014,0.1838769525446515,geo
unified_all,ses_pd_unified,filogenetica,clima,seco,526,3,0.16148589350911347,0.005677047021364562,0.12825606168129952,lat
unified_all,ses_pd_unified,filogenetica,clima,medio,522,3,0.19931342117465445,0.01090558752587285,0.14749258531992746,lat
unified_all,ses_pd_unified,filogenetica,clima,humedo,520,3,0.27126714702260557,0.014186905144618274,0.19798500197988386,lat
unified_all,dark_n_unified,riqueza,curva,todas,3094,3,0.5583935934855582,0.0072809512301781065,0.18288915178291132,todas
unified_all,dark_n_unified,riqueza,curva,seco,671,3,0.34764331086293193,0.0033495801399089317,0.1132802694799279,geo
unified_all,dark_n_unified,riqueza,curva,medio,671,3,0.4222389114063024,0.004567976426733578,0.14033677072356468,geo
unified_all,dark_n_unified,riqueza,curva,humedo,666,3,0.4760008605287002,0.007287096637399746,0.01290303199458113,geo
unified_all,dark_n_unified,riqueza,curva,seco,671,3,0.36726561801799146,0.0053762888149121385,0.12087418821274158,lat
unified_all,dark_n_unified,riqueza,curva,medio,669,3,0.4485133578582203,0.004030501037335786,0.18602302470297094,lat
unified_all,dark_n_unified,riqueza,curva,humedo,665,3,0.448070155544265,0.008230377690275646,-0.07153229628529467,lat
unified_all,hill_q0_unified,riqueza,curva,todas,3102,3,0.3594807706777467,0.001146065096791045,0.30010565040300136,todas
unified_all,hill_q0_unified,riqueza,curva,seco,675,3,0.41289677852584594,0.004910238483065993,0.30835635882515827,geo
unified_all,hill_q0_unified,riqueza,curva,medio,673,3,0.42147619264816827,0.008729722291792343,0.35990489234266704,geo
unified_all,hill_q0_unified,riqueza,curva,humedo,669,3,0.3392742133833324,0.01040044291586069,0.26028402922588895,geo
unified_all,hill_q0_unified,riqueza,curva,seco,675,3,0.4379388545021034,0.010532811224123983,0.3784404102946634,lat
unified_all,hill_q0_unified,riqueza,curva,medio,670,3,0.3852877567668602,0.007361789418976715,0.31604492427163383,lat
unified_all,hill_q0_unified,riqueza,curva,humedo,668,3,0.3070655267071529,0.008044607456106443,0.20462268474905634,lat
unified_all,isomap1_freq_unified,otra,curva,todas,3040,3,0.8134777721060091,0.0007846086289075924,0.17038921888043623,todas
unified_all,isomap1_freq_unified,otra,curva,seco,671,3,0.5574608516013903,0.002221975580487661,0.15222823298924992,geo
unified_all,isomap1_freq_unified,otra,curva,medio,671,3,0.6065517716826198,0.0023957325611119965,0.10584016808212,geo
unified_all,isomap1_freq_unified,otra,curva,humedo,666,3,0.6511784781873592,0.000650024441114578,0.05866860713929167,geo
unified_all,isomap1_freq_unified,otra,curva,seco,671,3,0.5089390121937566,0.0028128725924952925,0.24078166329685646,lat
unified_all,isomap1_freq_unified,otra,curva,medio,669,3,0.6532715573540732,0.002927622263536423,0.056066627064485584,lat
unified_all,isomap1_freq_unified,otra,curva,humedo,665,3,0.6479550387292269,0.0024306941899817683,0.0521498121279832,lat
unified_all,isomap1_pa_unified,otra,curva,todas,3094,3,0.8210485000107188,0.0012734511865802754,0.23630698951923937,todas
unified_all,isomap1_pa_unified,otra,curva,seco,671,3,0.5717209891532175,0.003741459200072574,0.029301937521264865,geo
unified_all,isomap1_pa_unified,otra,curva,medio,671,3,0.6419720066588662,0.004352332829492107,0.0908201780300002,geo
unified_all,isomap1_pa_unified,otra,curva,humedo,666,3,0.6997400564906936,0.0029172320667401525,0.09430367953581202,geo
unified_all,isomap1_pa_unified,otra,curva,seco,671,3,0.5100354768130133,0.0036878529177634023,0.13623383937390166,lat
unified_all,isomap1_pa_unified,otra,curva,medio,669,3,0.6926417641723486,0.001969873116826434,0.03401786114155658,lat
unified_all,isomap1_pa_unified,otra,curva,humedo,665,3,0.7019998357941751,0.0034881940882229355,0.10047661913209871,lat
unified_all,isomap2_freq_unified,otra,curva,todas,3040,3,0.6074859814473191,0.0029907513948963216,0.42232916183249164,todas
unified_all,isomap2_freq_unified,otra,curva,seco,671,3,0.6226092202913254,0.005354380011884953,0.4257210037175378,geo
unified_all,isomap2_freq_unified,otra,curva,medio,671,3,0.5620925208057993,0.004328478003456803,0.42376333149404344,geo
unified_all,isomap2_freq_unified,otra,curva,humedo,666,3,0.5055039979521686,0.0025776937887778224,0.3753296608136267,geo
unified_all,isomap2_freq_unified,otra,curva,seco,671,3,0.6154293861631167,0.0039057431882768513,0.43299802025840695,lat
unified_all,isomap2_freq_unified,otra,curva,medio,669,3,0.5419823080325895,0.006972557238959714,0.41811734115922583,lat
unified_all,isomap2_freq_unified,otra,curva,humedo,665,3,0.48974933962937545,0.0035980608871526163,0.35045539191079206,lat
unified_all,isomap2_pa_unified,otra,curva,todas,3094,3,0.7005081730074143,0.00550270962970189,0.6362482394702645,todas
unified_all,isomap2_pa_unified,otra,curva,seco,671,3,0.7304217370145333,0.005725708080079004,0.6506071378607938,geo
unified_all,isomap2_pa_unified,otra,curva,medio,671,3,0.7008567405858311,0.007436897634650374,0.6525443503783289,geo
unified_all,isomap2_pa_unified,otra,curva,humedo,666,3,0.6573348458039241,0.006630959138637241,0.5928342890521107,geo
unified_all,isomap2_pa_unified,otra,curva,seco,671,3,0.6786265080288816,0.009637057874425618,0.6437144062134691,lat
unified_all,isomap2_pa_unified,otra,curva,medio,669,3,0.6902662703806003,0.006782804009766393,0.6331432033078136,lat
unified_all,isomap2_pa_unified,otra,curva,humedo,665,3,0.6615978141124098,0.005457405961411605,0.5697808882621663,lat
unified_all,isomap3_freq_unified,otra,curva,todas,3040,3,0.4866647811422677,0.0005583653107842031,0.3958268025668648,todas
unified_all,isomap3_freq_unified,otra,curva,seco,671,3,0.41293694118356755,0.006861479499319879,0.3221491487195921,geo
unified_all,isomap3_freq_unified,otra,curva,medio,671,3,0.49377472626423513,0.0032264875924272935,0.46736717779356224,geo
unified_all,isomap3_freq_unified,otra,curva,humedo,666,3,0.416698301005931,0.0034914293622053056,0.36607415218921674,geo
unified_all,isomap3_freq_unified,otra,curva,seco,671,3,0.404449754347807,0.007119881111368158,0.37325480131282857,lat
unified_all,isomap3_freq_unified,otra,curva,medio,669,3,0.48249811022167405,0.004702040342953183,0.45778319798654055,lat
unified_all,isomap3_freq_unified,otra,curva,humedo,665,3,0.41096205940444,0.0025699930930626023,0.26567077239537035,lat
unified_all,isomap3_pa_unified,otra,curva,todas,3094,3,0.5053251887070066,0.011575610603912974,0.24895601959025324,todas
unified_all,isomap3_pa_unified,otra,curva,seco,671,3,0.41018522519672035,0.010591383167554584,0.18849667607185142,geo
unified_all,isomap3_pa_unified,otra,curva,medio,671,3,0.4257174847978617,0.011994140296839267,0.25705756215055614,geo
unified_all,isomap3_pa_unified,otra,curva,humedo,666,3,0.32365844771347335,0.011476517509465248,-0.036306062651073466,geo
unified_all,isomap3_pa_unified,otra,curva,seco,671,3,0.46492531217076466,0.011425946971990885,0.2823535823183607,lat
unified_all,isomap3_pa_unified,otra,curva,medio,669,3,0.35903469065774635,0.01089311228129251,0.18651391492324068,lat
unified_all,isomap3_pa_unified,otra,curva,humedo,665,3,0.3226961959266104,0.012155071723058611,-0.08514690043498437,lat
unified_all,lcbd_freq_unified,composicion,curva,todas,3040,3,0.36970849481419843,0.005127415064087374,0.21518390745417723,todas
unified_all,lcbd_freq_unified,composicion,curva,seco,671,3,0.17747683634252642,0.011532291441034962,0.10254660077836204,geo
unified_all,lcbd_freq_unified,composicion,curva,medio,671,3,0.15275596871666033,0.006623057596838821,0.12488315032957227,geo
unified_all,lcbd_freq_unified,composicion,curva,humedo,666,3,0.10477307662615949,0.002479349992594064,0.07677436633671024,geo
unified_all,lcbd_freq_unified,composicion,curva,seco,671,3,0.21616407293830076,0.011838212111857574,0.12669147676682838,lat
unified_all,lcbd_freq_unified,composicion,curva,medio,669,3,0.11520436045496396,0.00043110567893419206,0.09844211935088021,lat
unified_all,lcbd_freq_unified,composicion,curva,humedo,665,3,0.09606646519216282,0.0028718891308805393,0.0760478482061308,lat
unified_all,lcbd_pa_unified,composicion,curva,todas,3094,3,0.39166037893386657,0.0018255121287872413,0.2586543153162259,todas
unified_all,lcbd_pa_unified,composicion,curva,seco,671,3,0.12107146263736253,0.00267909889557347,0.11085461412696203,geo
unified_all,lcbd_pa_unified,composicion,curva,medio,671,3,0.1515307468957302,0.004195478450191557,0.1433243538231402,geo
unified_all,lcbd_pa_unified,composicion,curva,humedo,666,3,0.1940641483740382,0.009958712822763003,0.18542385152139995,geo
unified_all,lcbd_pa_unified,composicion,curva,seco,671,3,0.16463572488090672,0.0069417654812550566,0.15112213200473654,lat
unified_all,lcbd_pa_unified,composicion,curva,medio,669,3,0.1231417819003725,0.014919545507611149,0.11921641264150507,lat
unified_all,lcbd_pa_unified,composicion,curva,humedo,665,3,0.1837985214914214,0.005147350453882133,0.17594257707661695,lat
unified_all,mntd_unified,filogenetica,curva,todas,2535,3,0.037962813419868326,0.008447232335324583,0.037965707131185224,todas
unified_all,mntd_unified,filogenetica,curva,seco,526,3,0.04884974060759303,0.014135895095384475,0.038191413285657116,geo
unified_all,mntd_unified,filogenetica,curva,medio,525,3,0.0262641301052724,0.005853741714706638,0.04965761993474952,geo
unified_all,mntd_unified,filogenetica,curva,humedo,520,3,0.06354992933036378,0.006031429690415612,0.06628380094850723,geo
unified_all,mntd_unified,filogenetica,curva,seco,526,3,0.06035527767686747,0.009632812014458604,0.06951281813668726,lat
unified_all,mntd_unified,filogenetica,curva,medio,522,3,0.007848651435744277,0.003743652041552015,-0.0035510534769752264,lat
unified_all,mntd_unified,filogenetica,curva,humedo,520,3,0.05637166620592445,0.005679181336427711,0.05214404027756181,lat
unified_all,mpd_unified,filogenetica,curva,todas,2535,3,0.11550741194509546,0.010161733796773728,0.07933239221514128,todas
unified_all,mpd_unified,filogenetica,curva,seco,526,3,0.10802533537124796,0.005411357254712377,0.0696414446961106,geo
unified_all,mpd_unified,filogenetica,curva,medio,525,3,0.09273707166672403,0.017367481956163226,0.09591816199005498,geo
unified_all,mpd_unified,filogenetica,curva,humedo,520,3,0.14865696097807826,0.01884393189801782,0.12433671451622792,geo
unified_all,mpd_unified,filogenetica,curva,seco,526,3,0.10658173078105333,0.009435531291007274,0.08999651591413009,lat
unified_all,mpd_unified,filogenetica,curva,medio,522,3,0.12599432574052352,0.010676613069984337,0.09369570167623369,lat
unified_all,mpd_unified,filogenetica,curva,humedo,520,3,0.11968662071670493,0.019530316856702496,0.094158751219188,lat
unified_all,pcoa1_freq_unified,composicion,curva,todas,3040,3,0.2508515356516242,0.005296974963858959,0.2352902800724235,todas
unified_all,pcoa1_freq_unified,composicion,curva,seco,671,3,0.24199037537044668,0.006088676467193115,0.2426811256851149,geo
unified_all,pcoa1_freq_unified,composicion,curva,medio,671,3,0.24691016972720461,0.009447358502033628,0.2497384089609729,geo
unified_all,pcoa1_freq_unified,composicion,curva,humedo,666,3,0.18125444339369187,0.006377453270092712,0.19836321431160553,geo
unified_all,pcoa1_freq_unified,composicion,curva,seco,671,3,0.25088025809605385,0.00853526013591368,0.27579069125012196,lat
unified_all,pcoa1_freq_unified,composicion,curva,medio,669,3,0.22759897231489715,0.009521588749767416,0.22223933144703475,lat
unified_all,pcoa1_freq_unified,composicion,curva,humedo,665,3,0.1830166510348743,0.004015442809829193,0.17834110276506773,lat
unified_all,pcoa1_pa_unified,composicion,curva,todas,3094,3,0.47342389352329706,0.0072363738988414465,0.3587410661250114,todas
unified_all,pcoa1_pa_unified,composicion,curva,seco,671,3,0.36026963675442447,0.0069874270240941234,0.3326779747947614,geo
unified_all,pcoa1_pa_unified,composicion,curva,medio,671,3,0.4129364529384867,0.009497774809648323,0.3732855798554691,geo
unified_all,pcoa1_pa_unified,composicion,curva,humedo,666,3,0.37902485062113883,0.010167992648462168,0.3176744831306479,geo
unified_all,pcoa1_pa_unified,composicion,curva,seco,671,3,0.35482217901686647,0.01109794857233646,0.35703249948068105,lat
unified_all,pcoa1_pa_unified,composicion,curva,medio,669,3,0.4234353303494494,0.011624309131489385,0.36524072948597475,lat
unified_all,pcoa1_pa_unified,composicion,curva,humedo,665,3,0.3699785530647946,0.00500028075728384,0.2905244130059939,lat
unified_all,pcoa2_freq_unified,composicion,curva,todas,3040,3,0.4536133173177281,0.002717889080852248,0.19624228328533475,todas
unified_all,pcoa2_freq_unified,composicion,curva,seco,671,3,0.2568920542656771,0.000668609892453282,0.17905229454831148,geo
unified_all,pcoa2_freq_unified,composicion,curva,medio,671,3,0.37621667558520927,0.005602349681974508,0.2276764825701395,geo
unified_all,pcoa2_freq_unified,composicion,curva,humedo,666,3,0.2813239550117332,0.0047090945144656554,0.04694698275232567,geo
unified_all,pcoa2_freq_unified,composicion,curva,seco,671,3,0.31886970283509986,0.003702013590240448,0.24901041868075546,lat
unified_all,pcoa2_freq_unified,composicion,curva,medio,669,3,0.3087877073271042,0.0007019872849651652,0.15103858939316372,lat
unified_all,pcoa2_freq_unified,composicion,curva,humedo,665,3,0.2770255052071316,0.007600171709299893,0.04505163606546007,lat
unified_all,pcoa2_pa_unified,composicion,curva,todas,3094,3,0.6720429845508645,0.0004889306322254568,0.342127393152885,todas
unified_all,pcoa2_pa_unified,composicion,curva,seco,671,3,0.5072355936773081,0.00307003929961395,0.21155477785491625,geo
unified_all,pcoa2_pa_unified,composicion,curva,medio,671,3,0.5969031917194483,0.002285982080629442,0.40170247073877796,geo
unified_all,pcoa2_pa_unified,composicion,curva,humedo,666,3,0.6174377247348732,0.002576022596088191,0.2990679726289698,geo
unified_all,pcoa2_pa_unified,composicion,curva,seco,671,3,0.4634652137819241,0.004611439685608586,0.296663792067048,lat
unified_all,pcoa2_pa_unified,composicion,curva,medio,669,3,0.6396665524867564,0.003968403851430065,0.3833762258183609,lat
unified_all,pcoa2_pa_unified,composicion,curva,humedo,665,3,0.6240613601752656,0.0027011227091862356,0.26351673824669136,lat
unified_all,ses_mntd_unified,filogenetica,curva,todas,2535,3,0.053614846440784146,0.002869621005915829,0.04874907416536752,todas
unified_all,ses_mntd_unified,filogenetica,curva,seco,526,3,0.0799653413541093,0.005067396187833763,0.044689123025081025,geo
unified_all,ses_mntd_unified,filogenetica,curva,medio,525,3,0.04478619422152944,0.0026839149571501646,0.053199292861728274,geo
unified_all,ses_mntd_unified,filogenetica,curva,humedo,520,3,0.0738394589042392,0.015559993762552472,0.0717903620043312,geo
unified_all,ses_mntd_unified,filogenetica,curva,seco,526,3,0.08449550665345751,0.007195080786838489,0.07073431972608187,lat
unified_all,ses_mntd_unified,filogenetica,curva,medio,522,3,0.03910023150165454,0.005330724086241312,0.013731314767064092,lat
unified_all,ses_mntd_unified,filogenetica,curva,humedo,520,3,0.06212187996937387,0.015581377519162543,0.056108581489802876,lat
unified_all,ses_mpd_unified,filogenetica,curva,todas,2535,3,0.14773580310257173,0.0025501709185614925,0.09316146804761183,todas
unified_all,ses_mpd_unified,filogenetica,curva,seco,526,3,0.13206027569363513,0.007909616848149857,0.0838496606175712,geo
unified_all,ses_mpd_unified,filogenetica,curva,medio,525,3,0.1329145159186408,0.007925198875009832,0.11966068380287347,geo
unified_all,ses_mpd_unified,filogenetica,curva,humedo,520,3,0.16252691125294502,0.003261888556235384,0.1269609920726189,geo
unified_all,ses_mpd_unified,filogenetica,curva,seco,526,3,0.1356507848794195,0.010001277296217274,0.10459883998062625,lat
unified_all,ses_mpd_unified,filogenetica,curva,medio,522,3,0.16928367456217572,0.007184438277683805,0.125909374621707,lat
unified_all,ses_mpd_unified,filogenetica,curva,humedo,520,3,0.11785953563072937,0.008091767540420628,0.08937244369105006,lat
unified_all,ses_pd_unified,filogenetica,curva,todas,2535,3,0.09286229647618349,0.010431772880753129,0.06559016570739336,todas
unified_all,ses_pd_unified,filogenetica,curva,seco,526,3,0.09265203837948228,0.012932678591748186,0.05069279605642959,geo
unified_all,ses_pd_unified,filogenetica,curva,medio,525,3,0.07443961769902004,0.017318536442661132,0.07747662683741834,geo
unified_all,ses_pd_unified,filogenetica,curva,humedo,520,3,0.12328424451093312,0.025048794559244535,0.106286899779043,geo
unified_all,ses_pd_unified,filogenetica,curva,seco,526,3,0.09006771450154864,0.011735900865192554,0.06968868074015495,lat
unified_all,ses_pd_unified,filogenetica,curva,medio,522,3,0.10626062381277042,0.02247979597231141,0.07746916568016615,lat
unified_all,ses_pd_unified,filogenetica,curva,humedo,520,3,0.09340375922179119,0.02258735937873586,0.0794173199205448,lat
unified_all,dark_n_unified,riqueza,clima_curva,todas,3094,3,0.6946550848010465,0.0019191620744510355,0.34310859622528983,todas
unified_all,dark_n_unified,riqueza,clima_curva,seco,671,3,0.5991131202675134,0.002117910716237023,0.3022674710088032,geo
unified_all,dark_n_unified,riqueza,clima_curva,medio,671,3,0.6268470109003033,0.00022987789798533572,0.3267093701117424,geo
unified_all,dark_n_unified,riqueza,clima_curva,humedo,666,3,0.7075101738437856,0.0015555433626887986,0.22355649605255742,geo
unified_all,dark_n_unified,riqueza,clima_curva,seco,671,3,0.6135908550841652,0.0036131290202076724,0.2971092698693271,lat
unified_all,dark_n_unified,riqueza,clima_curva,medio,669,3,0.6181591472121527,0.0009968129499518302,0.3519860657782641,lat
unified_all,dark_n_unified,riqueza,clima_curva,humedo,665,3,0.7155396427059003,0.002092961797802243,0.1821449843528471,lat
unified_all,hill_q0_unified,riqueza,clima_curva,todas,3102,3,0.43027991576255564,0.0016376786405222928,0.36669095256746465,todas
unified_all,hill_q0_unified,riqueza,clima_curva,seco,675,3,0.46680810513439647,0.006248949358323156,0.3607397603488434,geo
unified_all,hill_q0_unified,riqueza,clima_curva,medio,673,3,0.5027087822808224,0.009125381940337195,0.4292880458141471,geo
unified_all,hill_q0_unified,riqueza,clima_curva,humedo,669,3,0.4165814940098327,0.005876483935388929,0.3373940855048818,geo
unified_all,hill_q0_unified,riqueza,clima_curva,seco,675,3,0.49970382739155594,0.006323572100597854,0.43252277065861183,lat
unified_all,hill_q0_unified,riqueza,clima_curva,medio,670,3,0.46143819167973615,0.010149268340753161,0.3878940472556665,lat
unified_all,hill_q0_unified,riqueza,clima_curva,humedo,668,3,0.38743970860483873,0.005994362609016072,0.2837015163571597,lat
unified_all,lcbd_freq_unified,composicion,clima_curva,todas,3040,3,0.38614412745499777,0.004106506418424914,0.23593238128737914,todas
unified_all,lcbd_freq_unified,composicion,clima_curva,seco,671,3,0.2121802000341135,0.006553821332340604,0.1328742823575658,geo
unified_all,lcbd_freq_unified,composicion,clima_curva,medio,671,3,0.17816209200706598,0.00444839901932905,0.14580724653611576,geo
unified_all,lcbd_freq_unified,composicion,clima_curva,humedo,666,3,0.1259739119076582,0.013681910783548691,0.08547692579598791,geo
unified_all,lcbd_freq_unified,composicion,clima_curva,seco,671,3,0.2444258233503215,0.003474883551367866,0.15319108847763077,lat
unified_all,lcbd_freq_unified,composicion,clima_curva,medio,669,3,0.1377538910126105,0.0068504720403001,0.12043955100470449,lat
unified_all,lcbd_freq_unified,composicion,clima_curva,humedo,665,3,0.1274607102918156,0.008399898107928013,0.09333947860772814,lat
unified_all,lcbd_pa_unified,composicion,clima_curva,todas,3094,3,0.4256327919170797,0.006165895670472639,0.29815485481929643,todas
unified_all,lcbd_pa_unified,composicion,clima_curva,seco,671,3,0.18386663535541292,0.0031808517112789383,0.16574639287352577,geo
unified_all,lcbd_pa_unified,composicion,clima_curva,medio,671,3,0.22060768240087938,0.002790559001700314,0.2043825139348109,geo
unified_all,lcbd_pa_unified,composicion,clima_curva,humedo,666,3,0.2605376101431926,0.0024920867309554573,0.24366434461022082,geo
unified_all,lcbd_pa_unified,composicion,clima_curva,seco,671,3,0.2375246081762505,0.010150866545315962,0.2226157780822281,lat
unified_all,lcbd_pa_unified,composicion,clima_curva,medio,669,3,0.18981872016227083,0.009813889356038717,0.17655353440181631,lat
unified_all,lcbd_pa_unified,composicion,clima_curva,humedo,665,3,0.24378956511859753,0.002354378980111885,0.2288673320394068,lat
unified_all,mntd_unified,filogenetica,clima_curva,todas,2535,3,0.08950389298435746,0.003706017826681722,0.07592091385577963,todas
unified_all,mntd_unified,filogenetica,clima_curva,seco,526,3,0.04262975853152725,0.0017183952664638236,0.029528565228074972,geo
unified_all,mntd_unified,filogenetica,clima_curva,medio,525,3,0.09373880294046366,0.006366555946457394,0.11372696247625598,geo
unified_all,mntd_unified,filogenetica,clima_curva,humedo,520,3,0.1731247594762727,0.01023409297807166,0.12214916016373752,geo
unified_all,mntd_unified,filogenetica,clima_curva,seco,526,3,0.055997671415092265,0.004547872297254727,0.06490627692876838,lat
unified_all,mntd_unified,filogenetica,clima_curva,medio,522,3,0.09612897891814298,0.007915716813928123,0.0635093797986142,lat
unified_all,mntd_unified,filogenetica,clima_curva,humedo,520,3,0.19940362355220662,0.00876547791724158,0.16273816902486796,lat
unified_all,mpd_unified,filogenetica,clima_curva,todas,2535,3,0.20994760633562315,0.006879304138066208,0.15648482291679847,todas
unified_all,mpd_unified,filogenetica,clima_curva,seco,526,3,0.16850399459244889,0.01199754918403082,0.11149293964604061,geo
unified_all,mpd_unified,filogenetica,clima_curva,medio,525,3,0.18991890047360402,0.01019879617701309,0.1859606002249128,geo
unified_all,mpd_unified,filogenetica,clima_curva,humedo,520,3,0.30180419180561563,0.0034909360454285065,0.2196997435774658,geo
unified_all,mpd_unified,filogenetica,clima_curva,seco,526,3,0.16295128380570678,0.013269369721280665,0.12866270467687227,lat
unified_all,mpd_unified,filogenetica,clima_curva,medio,522,3,0.24536606124479052,0.009402501389734514,0.19141427932784102,lat
unified_all,mpd_unified,filogenetica,clima_curva,humedo,520,3,0.2816138429932716,0.0029229354275826357,0.21550197018201375,lat
unified_all,pcoa1_freq_unified,composicion,clima_curva,todas,3040,3,0.523142195145666,0.00757457839126149,0.4125492342928787,todas
unified_all,pcoa1_freq_unified,composicion,clima_curva,seco,671,3,0.42856600933837874,0.006610929253439493,0.3604938493678674,geo
unified_all,pcoa1_freq_unified,composicion,clima_curva,medio,671,3,0.511366199709626,0.008760946121481603,0.4163365414581941,geo
unified_all,pcoa1_freq_unified,composicion,clima_curva,humedo,666,3,0.5557281098543917,0.009882743536601136,0.4463370177280382,geo
unified_all,pcoa1_freq_unified,composicion,clima_curva,seco,671,3,0.4345857070947121,0.006107372813058282,0.3795366671132319,lat
unified_all,pcoa1_freq_unified,composicion,clima_curva,medio,669,3,0.4972620943586766,0.010173847298744968,0.4163720858979137,lat
unified_all,pcoa1_freq_unified,composicion,clima_curva,humedo,665,3,0.6126628325963558,0.010052500056657119,0.4771267557639922,lat
unified_all,pcoa1_pa_unified,composicion,clima_curva,todas,3094,3,0.6909876058736374,0.008316635567216624,0.5441155685774555,todas
unified_all,pcoa1_pa_unified,composicion,clima_curva,seco,671,3,0.5731218544066385,0.008589201031625585,0.4873555727910284,geo
unified_all,pcoa1_pa_unified,composicion,clima_curva,medio,671,3,0.6497137863174073,0.010906275361036694,0.5484681394179531,geo
unified_all,pcoa1_pa_unified,composicion,clima_curva,humedo,666,3,0.6919044739873478,0.009719594426999342,0.5609524392151327,geo
unified_all,pcoa1_pa_unified,composicion,clima_curva,seco,671,3,0.5784995049063765,0.012695611885466423,0.510698621854219,lat
unified_all,pcoa1_pa_unified,composicion,clima_curva,medio,669,3,0.648167705794116,0.008944476367974836,0.5560647281600563,lat
unified_all,pcoa1_pa_unified,composicion,clima_curva,humedo,665,3,0.7129586648957114,0.007853820878790359,0.5527378502726927,lat
unified_all,pcoa2_freq_unified,composicion,clima_curva,todas,3040,3,0.5247733781391895,0.0013218174315543037,0.28379223882348237,todas
unified_all,pcoa2_freq_unified,composicion,clima_curva,seco,671,3,0.3371006535848526,0.004865243780109685,0.24873709072346983,geo
unified_all,pcoa2_freq_unified,composicion,clima_curva,medio,671,3,0.4491281743804212,0.004639381143685081,0.29040720877737125,geo
unified_all,pcoa2_freq_unified,composicion,clima_curva,humedo,666,3,0.38206678883911677,0.0015559869223468747,0.16249305694993707,geo
unified_all,pcoa2_freq_unified,composicion,clima_curva,seco,671,3,0.41566496412805326,0.002376476014793436,0.3288279686063799,lat
unified_all,pcoa2_freq_unified,composicion,clima_curva,medio,669,3,0.36533058860523954,0.0006196715484123961,0.20214390588445139,lat
unified_all,pcoa2_freq_unified,composicion,clima_curva,humedo,665,3,0.38132566796522926,0.002185333395622642,0.16149989686009222,lat
unified_all,pcoa2_pa_unified,composicion,clima_curva,todas,3094,3,0.7803465659626859,0.0002750384672343484,0.5338380171710354,todas
unified_all,pcoa2_pa_unified,composicion,clima_curva,seco,671,3,0.6998366168682902,0.0020630149678965517,0.46776410278719033,geo
unified_all,pcoa2_pa_unified,composicion,clima_curva,medio,671,3,0.7238803154973364,0.00368347972180061,0.5466490150015143,geo
unified_all,pcoa2_pa_unified,composicion,clima_curva,humedo,666,3,0.7719987203439249,0.0013952864836000757,0.5473216067113978,geo
unified_all,pcoa2_pa_unified,composicion,clima_curva,seco,671,3,0.6625460269105787,0.0008665198951762912,0.5335077350800662,lat
unified_all,pcoa2_pa_unified,composicion,clima_curva,medio,669,3,0.7580102673139204,0.0035174071129971687,0.5425793832380874,lat
unified_all,pcoa2_pa_unified,composicion,clima_curva,humedo,665,3,0.7789803282469863,0.0012943200433468886,0.5265736170635102,lat
unified_all,ses_mntd_unified,filogenetica,clima_curva,todas,2535,3,0.11191494125035069,0.004149182062372238,0.0899007923463131,todas
unified_all,ses_mntd_unified,filogenetica,clima_curva,seco,526,3,0.10083566816936262,0.006739608338808801,0.05303589214320622,geo
unified_all,ses_mntd_unified,filogenetica,clima_curva,medio,525,3,0.09959575220533441,0.005619644326075928,0.10968830178226763,geo
unified_all,ses_mntd_unified,filogenetica,clima_curva,humedo,520,3,0.1672081471508676,0.0031086107887947838,0.11174550860926351,geo
unified_all,ses_mntd_unified,filogenetica,clima_curva,seco,526,3,0.10227076583448384,0.00854265126325921,0.08102967442835889,lat
unified_all,ses_mntd_unified,filogenetica,clima_curva,medio,522,3,0.09730893639982907,0.007775152160678935,0.06136484072901738,lat
unified_all,ses_mntd_unified,filogenetica,clima_curva,humedo,520,3,0.17193654308664932,0.0038797915385728387,0.12343562233393109,lat
unified_all,ses_mpd_unified,filogenetica,clima_curva,todas,2535,3,0.22943290155021445,0.002090202084034272,0.16281034285403473,todas
unified_all,ses_mpd_unified,filogenetica,clima_curva,seco,526,3,0.18822301230327146,0.005627684393714687,0.12744802901152288,geo
unified_all,ses_mpd_unified,filogenetica,clima_curva,medio,525,3,0.19203252653924816,0.0026343598733604237,0.1919322741816479,geo
unified_all,ses_mpd_unified,filogenetica,clima_curva,humedo,520,3,0.3011865159633575,0.007320939427728161,0.21461222325355092,geo
unified_all,ses_mpd_unified,filogenetica,clima_curva,seco,526,3,0.18083998941890553,0.0011681149051439726,0.14454083934084114,lat
unified_all,ses_mpd_unified,filogenetica,clima_curva,medio,522,3,0.2481754180785181,0.0007770991704271084,0.1994539711935501,lat
unified_all,ses_mpd_unified,filogenetica,clima_curva,humedo,520,3,0.2609095845447675,0.004168819889348401,0.19080471203385382,lat
unified_all,ses_pd_unified,filogenetica,clima_curva,todas,2535,3,0.1823881269953094,0.0021930666831461096,0.14008068434873064,todas
unified_all,ses_pd_unified,filogenetica,clima_curva,seco,526,3,0.14790261047159506,0.0037258783375170453,0.09238627408279436,geo
unified_all,ses_pd_unified,filogenetica,clima_curva,medio,525,3,0.16130342832304245,0.0033509995993302056,0.16208344621567553,geo
unified_all,ses_pd_unified,filogenetica,clima_curva,humedo,520,3,0.2661544155654288,0.009397583135881599,0.19242730085298035,geo
unified_all,ses_pd_unified,filogenetica,clima_curva,seco,526,3,0.14302697861841937,0.002641589268847597,0.11215549879349533,lat
unified_all,ses_pd_unified,filogenetica,clima_curva,medio,522,3,0.20416475966383552,0.0021698033676695247,0.15918891316925096,lat
unified_all,ses_pd_unified,filogenetica,clima_curva,humedo,520,3,0.24332729228669825,0.007171048838628362,0.185621233143504,lat
unified_all,dark_n_unified,riqueza,gm,todas,3094,3,0.5210586025055775,0.005238372977145021,0.11403290348951663,todas
unified_all,dark_n_unified,riqueza,gm,seco,671,3,0.327517252795654,0.005024193142013899,0.09314613645640853,geo
unified_all,dark_n_unified,riqueza,gm,medio,671,3,0.3370346769579229,0.007580982046558859,0.02631361549930311,geo
unified_all,dark_n_unified,riqueza,gm,humedo,666,3,0.40088305393499835,0.001007907289677192,-0.003710043003403681,geo
unified_all,dark_n_unified,riqueza,gm,seco,671,3,0.3374384317862331,0.011426124218805926,0.0882046957950647,lat
unified_all,dark_n_unified,riqueza,gm,medio,669,3,0.327752779818656,0.0007518524550698657,0.03847976917293838,lat
unified_all,dark_n_unified,riqueza,gm,humedo,665,3,0.40952287997182113,0.000428123202355421,-0.024208544409785926,lat
unified_all,hill_q0_unified,riqueza,gm,todas,3102,3,0.364765564397085,0.006408680534943127,0.3111347107617786,todas
unified_all,hill_q0_unified,riqueza,gm,seco,675,3,0.4463873061169427,0.01207730918266021,0.34690457297809574,geo
unified_all,hill_q0_unified,riqueza,gm,medio,673,3,0.3974615679813634,0.01071142585852368,0.3584981007566115,geo
unified_all,hill_q0_unified,riqueza,gm,humedo,669,3,0.329747274583547,0.013922557308801398,0.27925089967847,geo
unified_all,hill_q0_unified,riqueza,gm,seco,675,3,0.42213948307098986,0.020347622670046042,0.3695771506982119,lat
unified_all,hill_q0_unified,riqueza,gm,medio,670,3,0.3993744120205916,0.006862465745499132,0.35314670194892145,lat
unified_all,hill_q0_unified,riqueza,gm,humedo,668,3,0.29817779092006363,0.01388761082853612,0.22236011749784693,lat
unified_all,isomap1_freq_unified,otra,gm,todas,3040,3,0.7873881688668386,0.0009468452785498137,0.05791893421062747,todas
unified_all,isomap1_freq_unified,otra,gm,seco,671,3,0.45301259130437965,0.004062702353382522,0.0726533046310693,geo
unified_all,isomap1_freq_unified,otra,gm,medio,671,3,0.5504513824610889,0.004366986171905416,0.06991924075339628,geo
unified_all,isomap1_freq_unified,otra,gm,humedo,666,3,0.563435658294062,0.0006273592383892537,-0.012275019008202973,geo
unified_all,isomap1_freq_unified,otra,gm,seco,671,3,0.421021676712478,0.005122615992287606,0.15226365977982506,lat
unified_all,isomap1_freq_unified,otra,gm,medio,669,3,0.5834499079867808,0.001447599518274182,0.019465784275365456,lat
unified_all,isomap1_freq_unified,otra,gm,humedo,665,3,0.5620459331026944,0.0018287091184114555,-0.002250469588145565,lat
unified_all,isomap1_pa_unified,otra,gm,todas,3094,3,0.7975545208311083,0.0014579302995408009,0.12939032827888278,todas
unified_all,isomap1_pa_unified,otra,gm,seco,671,3,0.4966165401322602,0.003836511519164994,-0.020916153729323723,geo
unified_all,isomap1_pa_unified,otra,gm,medio,671,3,0.5810839088653045,0.004400178718512431,0.0029139545008184755,geo
unified_all,isomap1_pa_unified,otra,gm,humedo,666,3,0.6349918576581906,0.005068851078161937,0.03212745847905418,geo
unified_all,isomap1_pa_unified,otra,gm,seco,671,3,0.43376583877813907,0.004074235041653357,0.037555598545606785,lat
unified_all,isomap1_pa_unified,otra,gm,medio,669,3,0.6339024621019992,0.0024551680297309297,-0.009676743702410414,lat
unified_all,isomap1_pa_unified,otra,gm,humedo,665,3,0.6378155289908057,0.004792210021701263,0.041189420548740495,lat
unified_all,isomap2_freq_unified,otra,gm,todas,3040,3,0.5753922678469529,0.0028752927299282483,0.3764072307702799,todas
unified_all,isomap2_freq_unified,otra,gm,seco,671,3,0.5481797827631777,0.002119304878761399,0.29245522720243683,geo
unified_all,isomap2_freq_unified,otra,gm,medio,671,3,0.5016547937718924,0.007513571236574646,0.3530753339720749,geo
unified_all,isomap2_freq_unified,otra,gm,humedo,666,3,0.528629022305471,0.0008809877388785281,0.3919908128302767,geo
unified_all,isomap2_freq_unified,otra,gm,seco,671,3,0.5593159969957744,0.0033358704364952587,0.35287069248290726,lat
unified_all,isomap2_freq_unified,otra,gm,medio,669,3,0.44757311392591276,0.005733072171764762,0.3125596255397695,lat
unified_all,isomap2_freq_unified,otra,gm,humedo,665,3,0.5163458213469759,0.0022552843349568103,0.36886591387241063,lat
unified_all,isomap2_pa_unified,otra,gm,todas,3094,3,0.6412131963582214,0.0029209916799209446,0.5906239909478351,todas
unified_all,isomap2_pa_unified,otra,gm,seco,671,3,0.6952357923578321,0.0017549906341093264,0.6022076475031813,geo
unified_all,isomap2_pa_unified,otra,gm,medio,671,3,0.6116139729058837,0.005814944979569231,0.5863905108119635,geo
unified_all,isomap2_pa_unified,otra,gm,humedo,666,3,0.5966554772343877,0.0032764806669298594,0.5924241699809177,geo
unified_all,isomap2_pa_unified,otra,gm,seco,671,3,0.6206711609468024,0.004999586053231792,0.5877750172931321,lat
unified_all,isomap2_pa_unified,otra,gm,medio,669,3,0.6152665663138279,0.0058691709244921945,0.5827670851351815,lat
unified_all,isomap2_pa_unified,otra,gm,humedo,665,3,0.59815083563401,0.00303122124181801,0.5644800745278529,lat
unified_all,isomap3_freq_unified,otra,gm,todas,3040,3,0.4489411047248708,0.0012709089852999383,0.36042046681472417,todas
unified_all,isomap3_freq_unified,otra,gm,seco,671,3,0.4218829821126154,0.008100518547870713,0.33492240368741105,geo
unified_all,isomap3_freq_unified,otra,gm,medio,671,3,0.41929509851614566,0.0031874662741130945,0.3955809447033461,geo
unified_all,isomap3_freq_unified,otra,gm,humedo,666,3,0.3285658565372639,0.007412446264426668,0.29124423037114294,geo
unified_all,isomap3_freq_unified,otra,gm,seco,671,3,0.3880814562922447,0.005781374517101299,0.37520344418502277,lat
unified_all,isomap3_freq_unified,otra,gm,medio,669,3,0.3933219847524228,0.007085823193460716,0.3758196680592696,lat
unified_all,isomap3_freq_unified,otra,gm,humedo,665,3,0.34759115266457047,0.006480946967275701,0.20510415953425487,lat
unified_all,isomap3_pa_unified,otra,gm,todas,3094,3,0.46434649412082596,0.007871696730231062,0.20001916615148088,todas
unified_all,isomap3_pa_unified,otra,gm,seco,671,3,0.39705963028525026,0.010528474984505081,0.19999612950418957,geo
unified_all,isomap3_pa_unified,otra,gm,medio,671,3,0.3088849477145466,0.010211305692244921,0.136287424396092,geo
unified_all,isomap3_pa_unified,otra,gm,humedo,666,3,0.3009846233447872,0.010871905397154916,-0.07577349908564357,geo
unified_all,isomap3_pa_unified,otra,gm,seco,671,3,0.4238412362232275,0.009148148934050757,0.2816836545136842,lat
unified_all,isomap3_pa_unified,otra,gm,medio,669,3,0.23545900059748825,0.01144333335694023,0.052890455377071675,lat
unified_all,isomap3_pa_unified,otra,gm,humedo,665,3,0.3295651074509938,0.009117498244733077,-0.08706359002977633,lat
unified_all,lcbd_freq_unified,composicion,gm,todas,3040,3,0.3761858654662285,0.004476022000372255,0.21974631204637604,todas
unified_all,lcbd_freq_unified,composicion,gm,seco,671,3,0.16503029862262722,0.01498847983507723,0.09650110331917676,geo
unified_all,lcbd_freq_unified,composicion,gm,medio,671,3,0.18563875604433278,0.007177431912330272,0.15982192300033993,geo
unified_all,lcbd_freq_unified,composicion,gm,humedo,666,3,0.13484195681677594,0.0007401325670167522,0.09953907915044857,geo
unified_all,lcbd_freq_unified,composicion,gm,seco,671,3,0.20671399867034815,0.01746574683873303,0.11959783395941159,lat
unified_all,lcbd_freq_unified,composicion,gm,medio,669,3,0.13251824906216217,0.0056150599409928725,0.12242601595304159,lat
unified_all,lcbd_freq_unified,composicion,gm,humedo,665,3,0.1410429119589974,0.005620250981981178,0.1125938605207748,lat
unified_all,lcbd_pa_unified,composicion,gm,todas,3094,3,0.40037475670083733,0.0012096536776108483,0.26422129342726935,todas
unified_all,lcbd_pa_unified,composicion,gm,seco,671,3,0.1437284208867936,0.006104728017460842,0.1341765480360971,geo
unified_all,lcbd_pa_unified,composicion,gm,medio,671,3,0.16885128602283195,0.0016664847413006027,0.1681727113756104,geo
unified_all,lcbd_pa_unified,composicion,gm,humedo,666,3,0.19289494996260573,0.004492513432816371,0.1898013673132918,geo
unified_all,lcbd_pa_unified,composicion,gm,seco,671,3,0.15967351290240464,0.012363641558116952,0.15140526855502537,lat
unified_all,lcbd_pa_unified,composicion,gm,medio,669,3,0.14364843642196704,0.00786150595881698,0.14407310910892565,lat
unified_all,lcbd_pa_unified,composicion,gm,humedo,665,3,0.20386103281036408,0.002663491012105615,0.19761381989410567,lat
unified_all,mntd_unified,filogenetica,gm,todas,2535,3,0.07376489192728408,0.009160599717945752,0.06969538296275979,todas
unified_all,mntd_unified,filogenetica,gm,seco,526,3,0.08059554612220343,0.007799279598386175,0.07222343772566979,geo
unified_all,mntd_unified,filogenetica,gm,medio,525,3,0.06638381941765199,0.003909261950298413,0.09283626667684526,geo
unified_all,mntd_unified,filogenetica,gm,humedo,520,3,0.0982094583208037,0.007789980397405713,0.07733614078559765,geo
unified_all,mntd_unified,filogenetica,gm,seco,526,3,0.0878598454408881,0.0026291147342469836,0.09501260574828685,lat
unified_all,mntd_unified,filogenetica,gm,medio,522,3,0.06470723276228625,0.002455470823700104,0.05970065788419402,lat
unified_all,mntd_unified,filogenetica,gm,humedo,520,3,0.08455233933094779,0.008578818947292382,0.06552360856980317,lat
unified_all,mpd_unified,filogenetica,gm,todas,2535,3,0.16843633735368532,0.009317662429809147,0.1326001535094069,todas
unified_all,mpd_unified,filogenetica,gm,seco,526,3,0.17566202534031272,0.006142962327308224,0.14649505909895408,geo
unified_all,mpd_unified,filogenetica,gm,medio,525,3,0.13238799992348627,0.014873453282385355,0.14137926300605763,geo
unified_all,mpd_unified,filogenetica,gm,humedo,520,3,0.2028307546585333,0.015672808770543153,0.17602988504524333,geo
unified_all,mpd_unified,filogenetica,gm,seco,526,3,0.16151778679969628,0.007342970281918653,0.14686717192370172,lat
unified_all,mpd_unified,filogenetica,gm,medio,522,3,0.16801607564163087,0.013772174543131649,0.14827375687771768,lat
unified_all,mpd_unified,filogenetica,gm,humedo,520,3,0.18514967701644983,0.01768588175762993,0.1547495678820038,lat
unified_all,pcoa1_freq_unified,composicion,gm,todas,3040,3,0.1584162881720905,0.006760112417473519,0.11828257852676442,todas
unified_all,pcoa1_freq_unified,composicion,gm,seco,671,3,0.2379776723200745,0.001155602603576154,0.20112831546729967,geo
unified_all,pcoa1_freq_unified,composicion,gm,medio,671,3,0.12703505228725895,0.010660090534537163,0.12595620798112103,geo
unified_all,pcoa1_freq_unified,composicion,gm,humedo,666,3,0.041532961420222635,0.012655237591703561,0.028825006801520187,geo
unified_all,pcoa1_freq_unified,composicion,gm,seco,671,3,0.19929844819076045,0.008300720984886082,0.20995167306665843,lat
unified_all,pcoa1_freq_unified,composicion,gm,medio,669,3,0.0667874043530271,0.010127132028398976,0.04603589581231615,lat
unified_all,pcoa1_freq_unified,composicion,gm,humedo,665,3,0.09256531968920434,0.01069851848939152,0.03239680969724812,lat
unified_all,pcoa1_pa_unified,composicion,gm,todas,3094,3,0.39013911099901444,0.01359330296685747,0.2725511053779768,todas
unified_all,pcoa1_pa_unified,composicion,gm,seco,671,3,0.3369078004767127,0.012844851472669384,0.28893289989968657,geo
unified_all,pcoa1_pa_unified,composicion,gm,medio,671,3,0.2883163184560956,0.01784331002483466,0.2701135800890247,geo
unified_all,pcoa1_pa_unified,composicion,gm,humedo,666,3,0.24214437100494737,0.017418814772875216,0.21377325613323608,geo
unified_all,pcoa1_pa_unified,composicion,gm,seco,671,3,0.29769222673473766,0.017722693900110952,0.29734275962888596,lat
unified_all,pcoa1_pa_unified,composicion,gm,medio,669,3,0.27794394061559174,0.018409865655515997,0.2426669299624793,lat
unified_all,pcoa1_pa_unified,composicion,gm,humedo,665,3,0.24896633491489475,0.013375419796736855,0.19581511845193336,lat
unified_all,pcoa2_freq_unified,composicion,gm,todas,3040,3,0.43919503259655995,0.0014306333758491293,0.17302877664639596,todas
unified_all,pcoa2_freq_unified,composicion,gm,seco,671,3,0.23850585428293794,0.007011792044229044,0.156866706730887,geo
unified_all,pcoa2_freq_unified,composicion,gm,medio,671,3,0.36064283354269805,0.006894787080080957,0.21834827269499976,geo
unified_all,pcoa2_freq_unified,composicion,gm,humedo,666,3,0.2474416584879986,0.0024971621883767467,0.007347643048668306,geo
unified_all,pcoa2_freq_unified,composicion,gm,seco,671,3,0.2927408772167904,0.0035638567506304174,0.21974333171788593,lat
unified_all,pcoa2_freq_unified,composicion,gm,medio,669,3,0.2909913352554679,0.0021840594337135533,0.13645671034893914,lat
unified_all,pcoa2_freq_unified,composicion,gm,humedo,665,3,0.2539759810548558,0.00606007801294191,0.023828949097896384,lat
unified_all,pcoa2_pa_unified,composicion,gm,todas,3094,3,0.6474782928917586,0.00020703309777120486,0.30883813762261353,todas
unified_all,pcoa2_pa_unified,composicion,gm,seco,671,3,0.47981083012903136,0.004164685469969057,0.17797777257793812,geo
unified_all,pcoa2_pa_unified,composicion,gm,medio,671,3,0.5040634731585095,0.0020348886977989843,0.31478011894879687,geo
unified_all,pcoa2_pa_unified,composicion,gm,humedo,666,3,0.5907275242888533,0.0035569869530824787,0.3009124936415055,geo
unified_all,pcoa2_pa_unified,composicion,gm,seco,671,3,0.40242148488750523,0.001990302164636495,0.22874767166494311,lat
unified_all,pcoa2_pa_unified,composicion,gm,medio,669,3,0.5641261340243385,0.0024845925609190177,0.3172651593964965,lat
unified_all,pcoa2_pa_unified,composicion,gm,humedo,665,3,0.6110479178372031,0.002186625946691391,0.2868122942083224,lat
unified_all,ses_mntd_unified,filogenetica,gm,todas,2535,3,0.08307398180943333,0.002350415662914259,0.07108263935326105,todas
unified_all,ses_mntd_unified,filogenetica,gm,seco,526,3,0.10090494134837007,0.00571472384321876,0.06761115923620564,geo
unified_all,ses_mntd_unified,filogenetica,gm,medio,525,3,0.052465298458589604,0.0035325348035689756,0.06545286138596929,geo
unified_all,ses_mntd_unified,filogenetica,gm,humedo,520,3,0.10310156902172078,0.015666383894265393,0.08291677391080905,geo
unified_all,ses_mntd_unified,filogenetica,gm,seco,526,3,0.09923791631610741,0.005218751152107253,0.08773956790374031,lat
unified_all,ses_mntd_unified,filogenetica,gm,medio,522,3,0.06188395196923605,0.004781072912054829,0.04410154788505153,lat
unified_all,ses_mntd_unified,filogenetica,gm,humedo,520,3,0.08092304779588004,0.015305066773904545,0.0633084479693784,lat
unified_all,ses_mpd_unified,filogenetica,gm,todas,2535,3,0.19500037081367452,0.0053981138601019996,0.13841200257050165,todas
unified_all,ses_mpd_unified,filogenetica,gm,seco,526,3,0.19234947005779313,0.008999269192837604,0.14978342795699615,geo
unified_all,ses_mpd_unified,filogenetica,gm,medio,525,3,0.1566082133701152,0.011118205235717115,0.1463862126596096,geo
unified_all,ses_mpd_unified,filogenetica,gm,humedo,520,3,0.23732410321427563,0.008897749682032592,0.1948322653240907,geo
unified_all,ses_mpd_unified,filogenetica,gm,seco,526,3,0.17080315805606958,0.012492841894850509,0.1394555762863634,lat
unified_all,ses_mpd_unified,filogenetica,gm,medio,522,3,0.21994959415570206,0.011855537088794416,0.18645056053186382,lat
unified_all,ses_mpd_unified,filogenetica,gm,humedo,520,3,0.19402120629103617,0.001974466511855685,0.15230744995527304,lat
unified_all,ses_pd_unified,filogenetica,gm,todas,2535,3,0.141702462964157,0.007659595617485417,0.11058153518724571,todas
unified_all,ses_pd_unified,filogenetica,gm,seco,526,3,0.1438522482372535,0.014434056923268136,0.10721468720016436,geo
unified_all,ses_pd_unified,filogenetica,gm,medio,525,3,0.11177245271282503,0.009247657869024026,0.1193754839795856,geo
unified_all,ses_pd_unified,filogenetica,gm,humedo,520,3,0.1902398315884953,0.015781580357626432,0.15873449117111163,geo
unified_all,ses_pd_unified,filogenetica,gm,seco,526,3,0.12713778665795025,0.012242946515152123,0.10916417991855232,lat
unified_all,ses_pd_unified,filogenetica,gm,medio,522,3,0.1659604972214139,0.01227063855860034,0.14505510927428342,lat
unified_all,ses_pd_unified,filogenetica,gm,humedo,520,3,0.15383518763269163,0.016602496809764496,0.12229090746469724,lat
unified_all,dark_n_unified,riqueza,gm_clima,todas,3094,3,0.6926894664269598,0.0027236365938476986,0.339384541651025,todas
unified_all,dark_n_unified,riqueza,gm_clima,seco,671,3,0.6110132037686812,0.0018990214797404243,0.3219906738375369,geo
unified_all,dark_n_unified,riqueza,gm_clima,medio,671,3,0.6284977557100883,0.0019712476513607446,0.3334783635977055,geo
unified_all,dark_n_unified,riqueza,gm_clima,humedo,666,3,0.6976436400168596,0.0031424074743239072,0.19836989058849985,geo
unified_all,dark_n_unified,riqueza,gm_clima,seco,671,3,0.62189037584634,0.0009189690502907019,0.3110379563608667,lat
unified_all,dark_n_unified,riqueza,gm_clima,medio,669,3,0.6073613995276411,0.002668919992049577,0.3370012815239285,lat
unified_all,dark_n_unified,riqueza,gm_clima,humedo,665,3,0.7182559451703451,0.002805329572619519,0.19024428077683828,lat
unified_all,hill_q0_unified,riqueza,gm_clima,todas,3102,3,0.4466376703900841,0.002447490022768626,0.384632570835245,todas
unified_all,hill_q0_unified,riqueza,gm_clima,seco,675,3,0.4954784204818321,0.007987490344423469,0.3935322122953447,geo
unified_all,hill_q0_unified,riqueza,gm_clima,medio,673,3,0.515512677153574,0.011543755560506078,0.44638829448845735,geo
unified_all,hill_q0_unified,riqueza,gm_clima,humedo,669,3,0.43244311068593494,0.008822272818367742,0.35268674670401357,geo
unified_all,hill_q0_unified,riqueza,gm_clima,seco,675,3,0.490824756347857,0.00903401296288089,0.42349097893742266,lat
unified_all,hill_q0_unified,riqueza,gm_clima,medio,670,3,0.5015264613646934,0.012040256702794936,0.4329019355974523,lat
unified_all,hill_q0_unified,riqueza,gm_clima,humedo,668,3,0.40420186239171246,0.008339427367567659,0.300479860692868,lat
unified_all,isomap1_freq_unified,otra,gm_clima,todas,3040,3,0.8821091463424664,0.001140760594367417,0.40807922575898536,todas
unified_all,isomap1_freq_unified,otra,gm_clima,seco,671,3,0.71091354418436,0.0010981542183493619,0.35323722822242026,geo
unified_all,isomap1_freq_unified,otra,gm_clima,medio,671,3,0.7879289259451149,0.0019766519578014964,0.37982381806001,geo
unified_all,isomap1_freq_unified,otra,gm_clima,humedo,666,3,0.8343710308226854,0.0010075967417728508,0.37863405452123317,geo
unified_all,isomap1_freq_unified,otra,gm_clima,seco,671,3,0.6739892652223709,0.0016671082429275137,0.4201465934309676,lat
unified_all,isomap1_freq_unified,otra,gm_clima,medio,669,3,0.808595733442988,0.0018971731186071211,0.34272238418772044,lat
unified_all,isomap1_freq_unified,otra,gm_clima,humedo,665,3,0.8417215917233764,0.0002863584795348597,0.3907999631681392,lat
unified_all,isomap1_pa_unified,otra,gm_clima,todas,3094,3,0.8991548552097527,0.0010072210682819827,0.5094883904153091,todas
unified_all,isomap1_pa_unified,otra,gm_clima,seco,671,3,0.7843163691527889,0.002436322537289083,0.3940387472394186,geo
unified_all,isomap1_pa_unified,otra,gm_clima,medio,671,3,0.8063253179911892,0.0013855709287202336,0.3915539661051956,geo
unified_all,isomap1_pa_unified,otra,gm_clima,humedo,666,3,0.8663625923005478,0.0004780159413272018,0.4485384097718666,geo
unified_all,isomap1_pa_unified,otra,gm_clima,seco,671,3,0.7272934184033671,0.001998501433137503,0.42742984356925434,lat
unified_all,isomap1_pa_unified,otra,gm_clima,medio,669,3,0.8458310512994117,0.0008820763632876892,0.39836075922100195,lat
unified_all,isomap1_pa_unified,otra,gm_clima,humedo,665,3,0.8705034106121651,0.00012035305439230874,0.45333031459407563,lat
unified_all,isomap2_freq_unified,otra,gm_clima,todas,3040,3,0.7118405688313535,0.002309965259337491,0.5326171532071433,todas
unified_all,isomap2_freq_unified,otra,gm_clima,seco,671,3,0.7409517860113174,0.0013972615098112714,0.5365555959149316,geo
unified_all,isomap2_freq_unified,otra,gm_clima,medio,671,3,0.6948922957979806,0.003042096652953586,0.5649736910219592,geo
unified_all,isomap2_freq_unified,otra,gm_clima,humedo,666,3,0.6711053872174965,0.002560443440360946,0.5314956425538789,geo
unified_all,isomap2_freq_unified,otra,gm_clima,seco,671,3,0.7521159077366327,0.002354109066245244,0.5757758003685791,lat
unified_all,isomap2_freq_unified,otra,gm_clima,medio,669,3,0.6524159083501213,0.0017168048567763523,0.5331191868433188,lat
unified_all,isomap2_freq_unified,otra,gm_clima,humedo,665,3,0.672185368956331,0.002299966987434015,0.5017907501012583,lat
unified_all,isomap2_pa_unified,otra,gm_clima,todas,3094,3,0.7709192843453804,0.0038131913528639885,0.6950094069505494,todas
unified_all,isomap2_pa_unified,otra,gm_clima,seco,671,3,0.809903498937898,0.004437449073758206,0.7130536731441651,geo
unified_all,isomap2_pa_unified,otra,gm_clima,medio,671,3,0.7816555992326059,0.004959500864676606,0.7289955764779107,geo
unified_all,isomap2_pa_unified,otra,gm_clima,humedo,666,3,0.7392400622533378,0.006109968673267315,0.6768577916214967,geo
unified_all,isomap2_pa_unified,otra,gm_clima,seco,671,3,0.7771593258871577,0.006255618798258462,0.710717128920951,lat
unified_all,isomap2_pa_unified,otra,gm_clima,medio,669,3,0.7562948703021073,0.0034999847855152126,0.7073334402794625,lat
unified_all,isomap2_pa_unified,otra,gm_clima,humedo,665,3,0.7549808388520836,0.00541906235630315,0.6577247337302013,lat
unified_all,isomap3_freq_unified,otra,gm_clima,todas,3040,3,0.7077432493805177,0.004063289378265026,0.5474711189402082,todas
unified_all,isomap3_freq_unified,otra,gm_clima,seco,671,3,0.636762114138136,0.004525586743193894,0.5072222464274774,geo
unified_all,isomap3_freq_unified,otra,gm_clima,medio,671,3,0.733375867651934,0.0031439288043570903,0.6298208106401563,geo
unified_all,isomap3_freq_unified,otra,gm_clima,humedo,666,3,0.7313334380240254,0.004039157429397536,0.5185159300884177,geo
unified_all,isomap3_freq_unified,otra,gm_clima,seco,671,3,0.6405373433859346,0.003693027065357749,0.5474645413116289,lat
unified_all,isomap3_freq_unified,otra,gm_clima,medio,669,3,0.6891404644216944,0.007000700982408618,0.582761633303698,lat
unified_all,isomap3_freq_unified,otra,gm_clima,humedo,665,3,0.7596699537017861,0.0015522765222890928,0.4802488099921985,lat
unified_all,isomap3_pa_unified,otra,gm_clima,todas,3094,3,0.7439758783065887,0.0033740528562816404,0.4950539381437336,todas
unified_all,isomap3_pa_unified,otra,gm_clima,seco,671,3,0.7146870016667793,0.0024314573210374286,0.4898184248305039,geo
unified_all,isomap3_pa_unified,otra,gm_clima,medio,671,3,0.749184153595556,0.0037679138685339343,0.5672052309040488,geo
unified_all,isomap3_pa_unified,otra,gm_clima,humedo,666,3,0.7315943618469549,0.002421591780450286,0.3321124705524153,geo
unified_all,isomap3_pa_unified,otra,gm_clima,seco,671,3,0.7481277171199178,0.0024619374764107403,0.5469684064385917,lat
unified_all,isomap3_pa_unified,otra,gm_clima,medio,669,3,0.6885204663298407,0.003667992768507555,0.49036123719333685,lat
unified_all,isomap3_pa_unified,otra,gm_clima,humedo,665,3,0.7577793134164154,0.0024651713651369367,0.337137435987006,lat
unified_all,lcbd_freq_unified,composicion,gm_clima,todas,3040,3,0.39665183710016044,0.0035944788893561555,0.2438966352778942,todas
unified_all,lcbd_freq_unified,composicion,gm_clima,seco,671,3,0.20395399243195433,0.01329217917934599,0.11520408763947898,geo
unified_all,lcbd_freq_unified,composicion,gm_clima,medio,671,3,0.21731393003971178,0.0010618963322504688,0.1839483182617612,geo
unified_all,lcbd_freq_unified,composicion,gm_clima,humedo,666,3,0.1457247182558213,0.005587158391386998,0.09706174440925874,geo
unified_all,lcbd_freq_unified,composicion,gm_clima,seco,671,3,0.2425343965312996,0.014287849370878247,0.14921072733556495,lat
unified_all,lcbd_freq_unified,composicion,gm_clima,medio,669,3,0.1578353081417704,0.001984791354046251,0.13901193568182715,lat
unified_all,lcbd_freq_unified,composicion,gm_clima,humedo,665,3,0.16216150255576844,0.005925476185086602,0.12017241958705123,lat
unified_all,lcbd_pa_unified,composicion,gm_clima,todas,3094,3,0.44197969210607146,0.005316457294650796,0.3142958582389321,todas
unified_all,lcbd_pa_unified,composicion,gm_clima,seco,671,3,0.21075071596904693,0.008289325060150064,0.1868820768825572,geo
unified_all,lcbd_pa_unified,composicion,gm_clima,medio,671,3,0.26325545914328924,0.008176424162724766,0.24825301622801896,geo
unified_all,lcbd_pa_unified,composicion,gm_clima,humedo,666,3,0.2821821929579402,0.006189508905125739,0.26308772428849503,geo
unified_all,lcbd_pa_unified,composicion,gm_clima,seco,671,3,0.2571899858175274,0.011876142844851223,0.24130156877551298,lat
unified_all,lcbd_pa_unified,composicion,gm_clima,medio,669,3,0.23041628436882702,0.004623202132590969,0.21814520431102938,lat
unified_all,lcbd_pa_unified,composicion,gm_clima,humedo,665,3,0.2746245344053295,0.0036495383108106965,0.257991587278727,lat
unified_all,mntd_unified,filogenetica,gm_clima,todas,2535,3,0.1224286551168929,0.008503909801730878,0.10350934212229508,todas
unified_all,mntd_unified,filogenetica,gm_clima,seco,526,3,0.06440281705774036,0.012400543523408596,0.044949005469749816,geo
unified_all,mntd_unified,filogenetica,gm_clima,medio,525,3,0.15458649817702272,0.0032987424049725185,0.1663367848263019,geo
unified_all,mntd_unified,filogenetica,gm_clima,humedo,520,3,0.18744452454990246,0.002902660164410768,0.12889978079399322,geo
unified_all,mntd_unified,filogenetica,gm_clima,seco,526,3,0.08443409122325103,0.01219203617800823,0.0854588701729652,lat
unified_all,mntd_unified,filogenetica,gm_clima,medio,522,3,0.15259018791561288,0.0060603784852916115,0.11723545249326565,lat
unified_all,mntd_unified,filogenetica,gm_clima,humedo,520,3,0.2269264741569589,0.004974180021595044,0.18622021676241807,lat
unified_all,mpd_unified,filogenetica,gm_clima,todas,2535,3,0.2602791007136615,0.0008691145485588921,0.2051996196596929,todas
unified_all,mpd_unified,filogenetica,gm_clima,seco,526,3,0.21473942608096433,0.0032357440447698476,0.16192578168524907,geo
unified_all,mpd_unified,filogenetica,gm_clima,medio,525,3,0.2517617810319544,0.0029198722977087084,0.24714523065785096,geo
unified_all,mpd_unified,filogenetica,gm_clima,humedo,520,3,0.335069579894171,0.005296595609482772,0.24711728835446997,geo
unified_all,mpd_unified,filogenetica,gm_clima,seco,526,3,0.2094609970000565,0.0037576429011648743,0.1776948520348158,lat
unified_all,mpd_unified,filogenetica,gm_clima,medio,522,3,0.2895158871976938,0.003019297278514679,0.23817260609069132,lat
unified_all,mpd_unified,filogenetica,gm_clima,humedo,520,3,0.34179158574030793,0.00885312482059095,0.27510193875853667,lat
unified_all,pcoa1_freq_unified,composicion,gm_clima,todas,3040,3,0.537468842010142,0.007185689649645378,0.42429592173702635,todas
unified_all,pcoa1_freq_unified,composicion,gm_clima,seco,671,3,0.4601675913401322,0.006035555082123118,0.38720854697689755,geo
unified_all,pcoa1_freq_unified,composicion,gm_clima,medio,671,3,0.5272180963336752,0.0076301488832059275,0.42750185217470626,geo
unified_all,pcoa1_freq_unified,composicion,gm_clima,humedo,666,3,0.5521609713374646,0.007626889117553861,0.43595692308887646,geo
unified_all,pcoa1_freq_unified,composicion,gm_clima,seco,671,3,0.4690401003650336,0.006428117412155392,0.41146761482016303,lat
unified_all,pcoa1_freq_unified,composicion,gm_clima,medio,669,3,0.49661355486290787,0.00677622851808333,0.40916509680354035,lat
unified_all,pcoa1_freq_unified,composicion,gm_clima,humedo,665,3,0.6104092169534453,0.008663517129446999,0.4627385718938905,lat
unified_all,pcoa1_pa_unified,composicion,gm_clima,todas,3094,3,0.7063168635259792,0.006620313495599026,0.565534700287779,todas
unified_all,pcoa1_pa_unified,composicion,gm_clima,seco,671,3,0.5983443320437029,0.007972151412033076,0.5126779923059267,geo
unified_all,pcoa1_pa_unified,composicion,gm_clima,medio,671,3,0.6724464624703165,0.008124474272530664,0.5744062623919955,geo
unified_all,pcoa1_pa_unified,composicion,gm_clima,humedo,666,3,0.7002670143582406,0.00721057787970949,0.5743519884991205,geo
unified_all,pcoa1_pa_unified,composicion,gm_clima,seco,671,3,0.6074179928126004,0.010862776355554913,0.541037090137715,lat
unified_all,pcoa1_pa_unified,composicion,gm_clima,medio,669,3,0.6663642898940458,0.006027325140857672,0.5765657210406018,lat
unified_all,pcoa1_pa_unified,composicion,gm_clima,humedo,665,3,0.7180241313562915,0.0059169334591640844,0.5616381510733242,lat
unified_all,pcoa2_freq_unified,composicion,gm_clima,todas,3040,3,0.5148199612886324,0.0030205237186146944,0.2630096579244709,todas
unified_all,pcoa2_freq_unified,composicion,gm_clima,seco,671,3,0.3127161714458175,0.0025901079808859154,0.2144987605534964,geo
unified_all,pcoa2_freq_unified,composicion,gm_clima,medio,671,3,0.4402482512315682,0.006254188688742442,0.27473119678264485,geo
unified_all,pcoa2_freq_unified,composicion,gm_clima,humedo,666,3,0.3695058783150382,0.004360139690757769,0.1384121388587283,geo
unified_all,pcoa2_freq_unified,composicion,gm_clima,seco,671,3,0.37530011142135505,0.00282366768748082,0.27178061206215665,lat
unified_all,pcoa2_freq_unified,composicion,gm_clima,medio,669,3,0.3642715567592772,0.004555397176659014,0.1998079482013442,lat
unified_all,pcoa2_freq_unified,composicion,gm_clima,humedo,665,3,0.3829940265680409,0.004447405659955648,0.15575586066055425,lat
unified_all,pcoa2_pa_unified,composicion,gm_clima,todas,3094,3,0.7835244326587315,0.0011328259289396182,0.5404088591918808,todas
unified_all,pcoa2_pa_unified,composicion,gm_clima,seco,671,3,0.7105355865415385,0.002438676279472843,0.48166914570325975,geo
unified_all,pcoa2_pa_unified,composicion,gm_clima,medio,671,3,0.7324505494951131,0.00159790942974259,0.5626407411652289,geo
unified_all,pcoa2_pa_unified,composicion,gm_clima,humedo,666,3,0.7724210934850815,0.0013226927103955491,0.5482035345894251,geo
unified_all,pcoa2_pa_unified,composicion,gm_clima,seco,671,3,0.6619906767475902,0.002920111341775376,0.5314640243852198,lat
unified_all,pcoa2_pa_unified,composicion,gm_clima,medio,669,3,0.7704245621902438,0.0030997233076260756,0.5713715888520311,lat
unified_all,pcoa2_pa_unified,composicion,gm_clima,humedo,665,3,0.782235456895403,0.0010109335681168913,0.5291283921489813,lat
unified_all,ses_mntd_unified,filogenetica,gm_clima,todas,2535,3,0.14307828992578994,0.002888664945929518,0.1122210902152118,todas
unified_all,ses_mntd_unified,filogenetica,gm_clima,seco,526,3,0.11114451303925384,0.010815582119790697,0.06022869098319583,geo
unified_all,ses_mntd_unified,filogenetica,gm_clima,medio,525,3,0.16007199589040602,0.004188855903703516,0.16457995769469638,geo
unified_all,ses_mntd_unified,filogenetica,gm_clima,humedo,520,3,0.16773189024660407,0.009350968487323918,0.09915901617922851,geo
unified_all,ses_mntd_unified,filogenetica,gm_clima,seco,526,3,0.11988240878646399,0.0076258943980438984,0.09702553722130795,lat
unified_all,ses_mntd_unified,filogenetica,gm_clima,medio,522,3,0.1423156097607965,0.0022779572819296655,0.1034398218435952,lat
unified_all,ses_mntd_unified,filogenetica,gm_clima,humedo,520,3,0.18973024420868526,0.011312422726790046,0.13349357932894476,lat
unified_all,ses_mpd_unified,filogenetica,gm_clima,todas,2535,3,0.2825792006935531,0.003875510565820645,0.2136990478616497,todas
unified_all,ses_mpd_unified,filogenetica,gm_clima,seco,526,3,0.24099595779596272,0.005544068430760715,0.17788708096356132,geo
unified_all,ses_mpd_unified,filogenetica,gm_clima,medio,525,3,0.2670744245318721,0.004409453903423881,0.2573981289079722,geo
unified_all,ses_mpd_unified,filogenetica,gm_clima,humedo,520,3,0.3442082898452752,0.0026539422445881903,0.25443680653924944,geo
unified_all,ses_mpd_unified,filogenetica,gm_clima,seco,526,3,0.229913223745377,0.006302942880330861,0.18627457992649513,lat
unified_all,ses_mpd_unified,filogenetica,gm_clima,medio,522,3,0.3191531086641453,0.006392572472213207,0.26705847012879036,lat
unified_all,ses_mpd_unified,filogenetica,gm_clima,humedo,520,3,0.3160788943290039,0.002287459260309858,0.24475806004709286,lat
unified_all,ses_pd_unified,filogenetica,gm_clima,todas,2535,3,0.21763236526254895,0.006335626321669961,0.1713942149645522,todas
unified_all,ses_pd_unified,filogenetica,gm_clima,seco,526,3,0.1794524748357352,0.006413768007633649,0.12533134546454552,geo
unified_all,ses_pd_unified,filogenetica,gm_clima,medio,525,3,0.21003218745821775,0.015443744622108397,0.21089164482471534,geo
unified_all,ses_pd_unified,filogenetica,gm_clima,humedo,520,3,0.29607251696061304,0.01382846675791904,0.21112628520857393,geo
unified_all,ses_pd_unified,filogenetica,gm_clima,seco,526,3,0.1748167016351987,0.007289409312838049,0.14521227715760973,lat
unified_all,ses_pd_unified,filogenetica,gm_clima,medio,522,3,0.24793925274314832,0.018211164829179883,0.2041029877876802,lat
unified_all,ses_pd_unified,filogenetica,gm_clima,humedo,520,3,0.28216254377254374,0.01525179017288568,0.2155556852731038,lat
unified_all,dark_n_unified,riqueza,lsp,todas,3094,3,0.5630974229003565,0.007218602232489301,0.16551706063228902,todas
unified_all,dark_n_unified,riqueza,lsp,seco,671,3,0.3550051448761054,0.00647178749615601,0.06991299187356115,geo
unified_all,dark_n_unified,riqueza,lsp,medio,671,3,0.4496594614833931,0.001703116333744358,0.15708712997453597,geo
unified_all,dark_n_unified,riqueza,lsp,humedo,666,3,0.4786171007600248,0.007341881275737346,-0.07072872377303023,geo
unified_all,dark_n_unified,riqueza,lsp,seco,671,3,0.3975408068725188,0.006264400728153715,0.12192359306917906,lat
unified_all,dark_n_unified,riqueza,lsp,medio,669,3,0.4251204450975829,0.004444630339640631,0.10661078731047431,lat
unified_all,dark_n_unified,riqueza,lsp,humedo,665,3,0.4763211591235206,0.004728922979309076,-0.10989382695331244,lat
unified_all,hill_q0_unified,riqueza,lsp,todas,3102,3,0.3373667767817148,0.005830341027597361,0.2767862459446911,todas
unified_all,hill_q0_unified,riqueza,lsp,seco,675,3,0.4292435889335439,0.0052880967839175,0.3215224288221727,geo
unified_all,hill_q0_unified,riqueza,lsp,medio,673,3,0.41163279743416453,0.013837344176363033,0.3487257778972605,geo
unified_all,hill_q0_unified,riqueza,lsp,humedo,669,3,0.32483550466504224,0.009424526017490274,0.24434383532188644,geo
unified_all,hill_q0_unified,riqueza,lsp,seco,675,3,0.42212461267934787,0.008848007353213429,0.3569116354215402,lat
unified_all,hill_q0_unified,riqueza,lsp,medio,670,3,0.39163341775263755,0.014251492205102204,0.32343120909926376,lat
unified_all,hill_q0_unified,riqueza,lsp,humedo,668,3,0.3028065930700418,0.009909722212969199,0.19979539398437376,lat
unified_all,isomap1_freq_unified,otra,lsp,todas,3040,3,0.821315480350502,0.00033037271886001633,0.17051102960049172,todas
unified_all,isomap1_freq_unified,otra,lsp,seco,671,3,0.5259000201358789,0.003356275931277112,0.09314280461336817,geo
unified_all,isomap1_freq_unified,otra,lsp,medio,671,3,0.6242000962986604,0.003981526148577141,0.11248290976628968,geo
unified_all,isomap1_freq_unified,otra,lsp,humedo,666,3,0.6735802598036443,0.0010454153445572253,0.03365893761447014,geo
unified_all,isomap1_freq_unified,otra,lsp,seco,671,3,0.4792045765192263,0.005737114037359739,0.17499845170707426,lat
unified_all,isomap1_freq_unified,otra,lsp,medio,669,3,0.6792099588192834,0.000546726096457197,0.05932902893415837,lat
unified_all,isomap1_freq_unified,otra,lsp,humedo,665,3,0.6625750030275835,0.002348253067412697,0.02224244572508168,lat
unified_all,isomap1_pa_unified,otra,lsp,todas,3094,3,0.8250719025013761,0.0005220557541782165,0.22342024687162973,todas
unified_all,isomap1_pa_unified,otra,lsp,seco,671,3,0.5704159523025055,0.0023155325185715966,0.038235650642133,geo
unified_all,isomap1_pa_unified,otra,lsp,medio,671,3,0.6591763889194066,0.001985768976083328,0.10538259378180288,geo
unified_all,isomap1_pa_unified,otra,lsp,humedo,666,3,0.7104133540316909,0.003711364188742806,0.042819419133776106,geo
unified_all,isomap1_pa_unified,otra,lsp,seco,671,3,0.5175920788832545,0.0022423746816081433,0.13802386511901213,lat
unified_all,isomap1_pa_unified,otra,lsp,medio,669,3,0.7207777051415478,0.001017953904944202,0.0658310189867628,lat
unified_all,isomap1_pa_unified,otra,lsp,humedo,665,3,0.6987308710942889,0.004428795631868084,0.024262737916687427,lat
unified_all,isomap2_freq_unified,otra,lsp,todas,3040,3,0.5857259963467049,0.0016160008338783648,0.3903277915210806,todas
unified_all,isomap2_freq_unified,otra,lsp,seco,671,3,0.601140197017034,0.005164061372512817,0.38686902430772374,geo
unified_all,isomap2_freq_unified,otra,lsp,medio,671,3,0.548652188447559,0.002112696453781439,0.40107145085059676,geo
unified_all,isomap2_freq_unified,otra,lsp,humedo,666,3,0.49469074748026093,0.0022675291729416323,0.3649827067717053,geo
unified_all,isomap2_freq_unified,otra,lsp,seco,671,3,0.6053960179015317,0.004863195448089231,0.4092960502764876,lat
unified_all,isomap2_freq_unified,otra,lsp,medio,669,3,0.5080202066139776,0.004734582932554811,0.3766215983592271,lat
unified_all,isomap2_freq_unified,otra,lsp,humedo,665,3,0.48442898412190044,0.003787205985366193,0.34339495426485733,lat
unified_all,isomap2_pa_unified,otra,lsp,todas,3094,3,0.6836781469345179,0.005022815813096221,0.6119024567862194,todas
unified_all,isomap2_pa_unified,otra,lsp,seco,671,3,0.7327709327443866,0.004409877514706491,0.6406096812250652,geo
unified_all,isomap2_pa_unified,otra,lsp,medio,671,3,0.669984454312141,0.007119480974885376,0.6179160044361884,geo
unified_all,isomap2_pa_unified,otra,lsp,humedo,666,3,0.6443387692639947,0.007290619566323599,0.5742067805611747,geo
unified_all,isomap2_pa_unified,otra,lsp,seco,671,3,0.6746255290193278,0.007732768465078719,0.6353350188398248,lat
unified_all,isomap2_pa_unified,otra,lsp,medio,669,3,0.6659444801351976,0.007006996335337429,0.604409774589446,lat
unified_all,isomap2_pa_unified,otra,lsp,humedo,665,3,0.6456439974110068,0.006120265316400132,0.5375775493004411,lat
unified_all,isomap3_freq_unified,otra,lsp,todas,3040,3,0.5002418377982448,0.0017077628159902574,0.38429450338197874,todas
unified_all,isomap3_freq_unified,otra,lsp,seco,671,3,0.40801742799770907,0.004947412790915323,0.2875722946526742,geo
unified_all,isomap3_freq_unified,otra,lsp,medio,671,3,0.514784878300989,0.005160560127563896,0.4782449218941119,geo
unified_all,isomap3_freq_unified,otra,lsp,humedo,666,3,0.434913243173324,0.005363139463711892,0.32451546661073766,geo
unified_all,isomap3_freq_unified,otra,lsp,seco,671,3,0.39597486734846904,0.005100717862377747,0.34011814377528155,lat
unified_all,isomap3_freq_unified,otra,lsp,medio,669,3,0.48300792782100066,0.006527973229435887,0.43310785601480856,lat
unified_all,isomap3_freq_unified,otra,lsp,humedo,665,3,0.4536028363343105,0.004933755750278138,0.2594516561486647,lat
unified_all,isomap3_pa_unified,otra,lsp,todas,3094,3,0.48778680575298256,0.00839623943921549,0.21500983180678615,todas
unified_all,isomap3_pa_unified,otra,lsp,seco,671,3,0.38768275133584124,0.006178129524340968,0.13955291336252565,geo
unified_all,isomap3_pa_unified,otra,lsp,medio,671,3,0.39219807548452423,0.010785723656195402,0.22077477275445942,geo
unified_all,isomap3_pa_unified,otra,lsp,humedo,666,3,0.33102685095100964,0.005389696126715219,-0.08279793121514079,geo
unified_all,isomap3_pa_unified,otra,lsp,seco,671,3,0.45030403777351014,0.007859739474983323,0.2599594351981752,lat
unified_all,isomap3_pa_unified,otra,lsp,medio,669,3,0.30296986988775465,0.008932206391449475,0.10158509579989532,lat
unified_all,isomap3_pa_unified,otra,lsp,humedo,665,3,0.34354547279036635,0.00731555290268784,-0.11111980384034241,lat
unified_all,lcbd_freq_unified,composicion,lsp,todas,3040,3,0.3537737757001609,0.007727514257877344,0.19480475188372148,todas
unified_all,lcbd_freq_unified,composicion,lsp,seco,671,3,0.1470739544702039,0.01845369571257409,0.0676811894680434,geo
unified_all,lcbd_freq_unified,composicion,lsp,medio,671,3,0.1616387705298206,0.010985664102854465,0.130757770305395,geo
unified_all,lcbd_freq_unified,composicion,lsp,humedo,666,3,0.10195245035581398,0.00869660869581308,0.07195387842919687,geo
unified_all,lcbd_freq_unified,composicion,lsp,seco,671,3,0.19957725092787015,0.01748671018610312,0.1087662773070633,lat
unified_all,lcbd_freq_unified,composicion,lsp,medio,669,3,0.09960373472820398,0.008803876384571929,0.07887259303548222,lat
unified_all,lcbd_freq_unified,composicion,lsp,humedo,665,3,0.10612657281359124,0.011932336526067329,0.08306408473410416,lat
unified_all,lcbd_pa_unified,composicion,lsp,todas,3094,3,0.37295605430727985,0.003589576468767639,0.2328442393146758,todas
unified_all,lcbd_pa_unified,composicion,lsp,seco,671,3,0.11596595182218154,0.005423187536717122,0.10836832553989377,geo
unified_all,lcbd_pa_unified,composicion,lsp,medio,671,3,0.13098748248462513,0.003817782290987355,0.12346628001469906,geo
unified_all,lcbd_pa_unified,composicion,lsp,humedo,666,3,0.18206984872606666,0.0056250026281142364,0.17235515108208757,geo
unified_all,lcbd_pa_unified,composicion,lsp,seco,671,3,0.1580888003316331,0.011815686923659603,0.14515972079353093,lat
unified_all,lcbd_pa_unified,composicion,lsp,medio,669,3,0.10686660434539001,0.004171304522556581,0.10493331649194715,lat
unified_all,lcbd_pa_unified,composicion,lsp,humedo,665,3,0.16795350173262444,0.004300033703875768,0.15342543350739765,lat
unified_all,mntd_unified,filogenetica,lsp,todas,2535,3,0.0426386153595076,0.008501675196888138,0.040524816731553615,todas
unified_all,mntd_unified,filogenetica,lsp,seco,526,3,0.06394300636874946,0.01043209327462359,0.0583585664698838,geo
unified_all,mntd_unified,filogenetica,lsp,medio,525,3,0.013161085993090996,0.008859884891864645,0.03747274296484526,geo
unified_all,mntd_unified,filogenetica,lsp,humedo,520,3,0.0631602544285315,0.008087610027563391,0.051383089869972864,geo
unified_all,mntd_unified,filogenetica,lsp,seco,526,3,0.07504036725868195,0.0052681107853880535,0.08709631104159599,lat
unified_all,mntd_unified,filogenetica,lsp,medio,522,3,0.002817275054785647,0.0046677855092536105,-0.011997995960152682,lat
unified_all,mntd_unified,filogenetica,lsp,humedo,520,3,0.02340654402678784,0.007191490128552742,0.0073773289956514665,lat
unified_all,mpd_unified,filogenetica,lsp,todas,2535,3,0.12289275456385877,0.01709861995644259,0.08171903621497471,todas
unified_all,mpd_unified,filogenetica,lsp,seco,526,3,0.14995962018734785,0.008381562042978387,0.114526279574374,geo
unified_all,mpd_unified,filogenetica,lsp,medio,525,3,0.08393310711969441,0.02274746159575103,0.08825545517849338,geo
unified_all,mpd_unified,filogenetica,lsp,humedo,520,3,0.11715908930184404,0.02639135394184499,0.0787202546974477,geo
unified_all,mpd_unified,filogenetica,lsp,seco,526,3,0.1435415530670089,0.014068765542890018,0.128254952382485,lat
unified_all,mpd_unified,filogenetica,lsp,medio,522,3,0.1128459486225845,0.017876141066527833,0.07760449806738982,lat
unified_all,mpd_unified,filogenetica,lsp,humedo,520,3,0.07158100566933882,0.028538331101113108,0.028826258060722365,lat
unified_all,pcoa1_freq_unified,composicion,lsp,todas,3040,3,0.2707118507049945,0.00454502469218069,0.2296320006208892,todas
unified_all,pcoa1_freq_unified,composicion,lsp,seco,671,3,0.2436021199862317,0.00470294022787108,0.20055980666856363,geo
unified_all,pcoa1_freq_unified,composicion,lsp,medio,671,3,0.25982824992988546,0.0031493032776700944,0.2701694054017251,geo
unified_all,pcoa1_freq_unified,composicion,lsp,humedo,666,3,0.22880041548557528,0.008759602554994793,0.21108113250236046,geo
unified_all,pcoa1_freq_unified,composicion,lsp,seco,671,3,0.25514382790501283,0.004877873099322192,0.25423426079379396,lat
unified_all,pcoa1_freq_unified,composicion,lsp,medio,669,3,0.21358918281383285,0.0027522804198056817,0.18461535896268153,lat
unified_all,pcoa1_freq_unified,composicion,lsp,humedo,665,3,0.2661661844145438,0.010103411844167558,0.2363667870462054,lat
unified_all,pcoa1_pa_unified,composicion,lsp,todas,3094,3,0.5012815008147118,0.009897837528097598,0.360333616543217,todas
unified_all,pcoa1_pa_unified,composicion,lsp,seco,671,3,0.3651685304898251,0.012469923189523028,0.2885956636671036,geo
unified_all,pcoa1_pa_unified,composicion,lsp,medio,671,3,0.43412178232540627,0.012018592343452577,0.38272622439310355,geo
unified_all,pcoa1_pa_unified,composicion,lsp,humedo,666,3,0.4434023216822709,0.01136129055906959,0.34943508676713525,geo
unified_all,pcoa1_pa_unified,composicion,lsp,seco,671,3,0.3658610508122426,0.014197350385179785,0.3322268766355545,lat
unified_all,pcoa1_pa_unified,composicion,lsp,medio,669,3,0.4225894862713619,0.013558288341936313,0.3423982400596553,lat
unified_all,pcoa1_pa_unified,composicion,lsp,humedo,665,3,0.46312059095416047,0.00805270481152205,0.3479823496461773,lat
unified_all,pcoa2_freq_unified,composicion,lsp,todas,3040,3,0.45532973095674206,0.0014547981154239137,0.19334105097485332,todas
unified_all,pcoa2_freq_unified,composicion,lsp,seco,671,3,0.25663311803274225,0.007811835159071713,0.17358346910354525,geo
unified_all,pcoa2_freq_unified,composicion,lsp,medio,671,3,0.37533362935507714,0.004511195481996031,0.22896342553196594,geo
unified_all,pcoa2_freq_unified,composicion,lsp,humedo,666,3,0.28922168003922455,0.003733910193506408,0.051387860715169244,geo
unified_all,pcoa2_freq_unified,composicion,lsp,seco,671,3,0.33460967251114443,0.006082024166433832,0.26584455037596744,lat
unified_all,pcoa2_freq_unified,composicion,lsp,medio,669,3,0.2906974669892732,0.0026661151200646905,0.12635764531989982,lat
unified_all,pcoa2_freq_unified,composicion,lsp,humedo,665,3,0.28678528184337765,0.008649288431152502,0.05962122201382384,lat
unified_all,pcoa2_pa_unified,composicion,lsp,todas,3094,3,0.6643262006358449,0.0007250592856037624,0.32727810039083743,todas
unified_all,pcoa2_pa_unified,composicion,lsp,seco,671,3,0.5050663526093925,0.005800650904473861,0.21907115564246102,geo
unified_all,pcoa2_pa_unified,composicion,lsp,medio,671,3,0.572743643579391,0.002967749724967851,0.3926765787740674,geo
unified_all,pcoa2_pa_unified,composicion,lsp,humedo,666,3,0.6144978748126322,0.002786226986664293,0.29447819530916663,geo
unified_all,pcoa2_pa_unified,composicion,lsp,seco,671,3,0.4663031477832377,0.0054425712374062815,0.3184440114828575,lat
unified_all,pcoa2_pa_unified,composicion,lsp,medio,669,3,0.6149505404002461,0.0023633335832352166,0.34499122311688213,lat
unified_all,pcoa2_pa_unified,composicion,lsp,humedo,665,3,0.6208470288670338,0.0033349412333949792,0.26322242060775103,lat
unified_all,ses_mntd_unified,filogenetica,lsp,todas,2535,3,0.04798799771688763,0.0016502932146189922,0.03698600330836177,todas
unified_all,ses_mntd_unified,filogenetica,lsp,seco,526,3,0.07760695379767502,0.005808473910905162,0.04472706942044565,geo
unified_all,ses_mntd_unified,filogenetica,lsp,medio,525,3,0.03152447181135528,0.0061264844392156514,0.0417794067270317,geo
unified_all,ses_mntd_unified,filogenetica,lsp,humedo,520,3,0.05400591903287403,0.017803147310590746,0.035376480169713176,geo
unified_all,ses_mntd_unified,filogenetica,lsp,seco,526,3,0.0890001106015837,0.0053795843792868525,0.07842602249249424,lat
unified_all,ses_mntd_unified,filogenetica,lsp,medio,522,3,0.026830165851665384,0.0053527897362706,0.0010622646105263867,lat
unified_all,ses_mntd_unified,filogenetica,lsp,humedo,520,3,0.023565835423816406,0.017517761643938267,0.002687778076496302,lat
unified_all,ses_mpd_unified,filogenetica,lsp,todas,2535,3,0.14347191656030245,0.003746692095757461,0.08165936291089244,todas
unified_all,ses_mpd_unified,filogenetica,lsp,seco,526,3,0.15845920762231105,0.012210033018218247,0.11049637025487351,geo
unified_all,ses_mpd_unified,filogenetica,lsp,medio,525,3,0.100334649807773,0.010195077371740021,0.08454486693519536,geo
unified_all,ses_mpd_unified,filogenetica,lsp,humedo,520,3,0.1508365434399197,0.0016709373152765097,0.10323729387458484,geo
unified_all,ses_mpd_unified,filogenetica,lsp,seco,526,3,0.15591545930658238,0.014840498141713461,0.12284121520566278,lat
unified_all,ses_mpd_unified,filogenetica,lsp,medio,522,3,0.1417711226190184,0.01135026297745504,0.09246311851031615,lat
unified_all,ses_mpd_unified,filogenetica,lsp,humedo,520,3,0.09568396186003762,0.00803931632274616,0.04889255841668827,lat
unified_all,ses_pd_unified,filogenetica,lsp,todas,2535,3,0.09132789656668146,0.009209544369153215,0.05711270488984429,todas
unified_all,ses_pd_unified,filogenetica,lsp,seco,526,3,0.11857760014474931,0.014031540374849992,0.07990043608559812,geo
unified_all,ses_pd_unified,filogenetica,lsp,medio,525,3,0.05642509149819608,0.013012627422222957,0.0599566756942204,geo
unified_all,ses_pd_unified,filogenetica,lsp,humedo,520,3,0.10532256946312801,0.01650881419142625,0.07194406678886515,geo
unified_all,ses_pd_unified,filogenetica,lsp,seco,526,3,0.11479623571977123,0.010749387580188867,0.09630440065219197,lat
unified_all,ses_pd_unified,filogenetica,lsp,medio,522,3,0.09101330415887865,0.01836720864040388,0.057509846294654055,lat
unified_all,ses_pd_unified,filogenetica,lsp,humedo,520,3,0.059127263401918206,0.01488358535880714,0.024080404822664454,lat
