plot_id,lat,lon,year,md,peak_obs,trough_obs,peak_har,strength,aseasonal,amp
32477,-30.659559999999953,-71.67569,2003,NA,272.0,364.0,237.632706117451,0.27776019659245443,0.0,0.3118587762117385
32479,-30.675189999999994,-71.67606,2003,NA,272.0,67.0,252.75220996368188,0.2791058278869904,0.0,0.7852768566459418
32532,-37.80289000000002,-73.0241,2012,NA,122.0,165.0,28.826618053251416,0.047139261283126226,1.0,0.2190811687707901
32644,-37.82254999999997,-72.9969,2006,NA,173.0,208.0,37.35264520226686,0.14016849808678317,0.56,0.4714797181742532
32645,-37.82301999999999,-72.99763,2006,NA,9.0,216.0,38.729669648764066,0.1740262297520871,0.4,0.5260202341846058
32660,-35.83395000000004,-72.50047,2006,NA,9.0,208.0,19.65712351311559,0.3853728678570613,0.0,0.6202169013134802
32661,-35.83369999999999,-72.50045,2006,NA,9.0,173.0,18.749542028013433,0.38986277975362027,0.0,0.5880653964799075
32662,-35.83342000000002,-72.5004,2006,NA,9.0,216.0,18.030627185981768,0.39325129328564645,0.0,0.5830125472818812
32665,-35.833369999999974,-72.50028,2006,NA,9.0,216.0,18.030627185981768,0.39325129328564645,0.0,0.5830125472818812
32666,-35.817519999999966,-72.50052000000001,2006,NA,73.0,159.0,30.45863811145418,0.09785397439634916,0.84,0.5162087872127694
32668,-35.83338000000002,-72.50058,2006,NA,9.0,216.0,18.749542028013433,0.3953178680812174,0.0,0.5554126311171179
32673,-35.98363000000002,-72.6837,2006,NA,208.0,272.0,113.82823833904916,0.036292780087095806,1.0,0.1699675706661108
32674,-35.98359999999997,-72.6837,2006,NA,208.0,272.0,113.82823833904916,0.036292780087095806,1.0,0.1699675706661108
32675,-35.98362000000003,-72.6839,2006,NA,87.0,272.0,114.42830693408378,0.03430944762203254,1.0,0.15855953097343445
32678,-35.98334999999999,-72.68362,2006,NA,208.0,272.0,113.82823833904916,0.03362437758486058,1.0,0.1888109328530052
32679,-35.983449999999976,-72.6836,2006,NA,208.0,272.0,113.82823833904916,0.036292780087095806,1.0,0.1699675706661108
32683,-37.39087999999997,-71.40052,2006,NA,94.0,201.0,45.137957643666965,0.19010801317280643,0.08,0.2993715638915698
32695,-37.38312999999998,-71.47565,2006,NA,129.0,8.0,102.64071629702039,0.06585079815602854,0.92,0.11915705104668933
32742,-33.717530000000004,-70.50988,2006,NA,281.0,69.0,260.5142124814805,0.13590529500938353,0.6,0.2241389046112695
32745,-34.30520000000003,-70.44975,2006,NA,337.0,265.0,21.52930992839259,0.09968123016480936,0.72,0.14714221755663548
32759,-34.229750000000024,-70.51557,2006,NA,230.0,72.0,238.1697414440249,0.17639844532050422,0.36,0.20497287054856622
PCL0161,-30.26458118637716,-71.2731861707276,2012,md002,215.0,66.0,226.4203566656864,0.4955726126807653,0.0,0.228917939911286
PCL0162,-30.275303975719606,-71.26221326102403,2012,md002,215.0,10.0,225.2684133017397,0.555044538495717,0.0,0.28464695990085603
PCL0163,-30.263439446743508,-71.29001578825972,2012,md002,237.0,38.0,232.8242215816618,0.5870835692587267,0.0,0.3794440279404322
PCL0164,-30.270981498679618,-71.27613217094414,2012,md002,237.0,45.0,228.4922623882486,0.6008217363935773,0.0,0.41680764545996984
PCL0165,-30.27232733251767,-71.24628016195688,2012,md002,194.0,45.0,220.24914370148534,0.48984645156101386,0.0,0.27067752699057257
PCL0166,-30.256768594065875,-71.25244528831296,2012,md002,230.0,3.0,223.83780194795648,0.4730622388326716,0.0,0.2855946438014507
PCL0167,-30.256561843300116,-71.26645638456371,2012,md002,194.0,10.0,219.08705311343354,0.45224209203355353,0.0,0.30131986131270727
PCL0168,-30.269033422077786,-71.24713571206617,2012,md002,230.0,10.0,228.06816426485125,0.5008634198822313,0.0,0.37062592566013336
PCL0169,-30.281076505569253,-71.30350192305133,2012,md002,237.0,152.0,236.34808920113753,0.5466674166646336,0.0,0.3711220928835563
PCL0170,-30.2764474014559,-71.28934527027631,2012,md002,237.0,10.0,226.54012562120215,0.5243969787917776,0.0,0.3015172815322875
PCL0171,-30.294421300684277,-71.28232047550893,2012,md002,237.0,73.0,233.09315295833346,0.528913733738602,0.0,0.23553423638145132
PCL0172,-30.25542278443123,-71.23653019176804,2012,md002,237.0,73.0,236.73811259051413,0.6102058578033238,0.0,0.3157170983652274
PCL0173,-30.270959265718812,-71.2303340096269,2012,md002,237.0,123.0,239.6917253012582,0.4926584246416664,0.0,0.41303202966849
PCL0174,-30.29924695606568,-71.23845406122605,2012,md002,237.0,95.0,233.195664664675,0.4957919826330632,0.0,0.2767841431498528
PCL0175,-30.284649685757362,-71.28396856437158,2012,md002,237.0,88.0,234.07411303188434,0.5908464299346726,0.0,0.4688829760750135
PCL0176,-30.288557824153674,-71.29151603363839,2012,md002,237.0,10.0,234.9534879051715,0.5666567429906457,0.0,0.49120135575532914
PCL0177,-30.24992920735592,-71.27379675526802,2012,md002,194.0,38.0,229.95955769050983,0.5774545769401357,0.0,0.4314340007305145
PCL0178,-30.269923256263397,-71.28923395147645,2012,md002,194.0,95.0,213.85098113232866,0.06942762096637038,0.64,0.17825807432333624
PCL0179,-30.29815896457069,-71.30107284115884,2012,md002,237.0,10.0,255.39867275453238,0.4512488583148496,0.0,0.4636547231674194
PCL0180,-30.25778371428876,-71.28987296747854,2012,md002,237.0,73.0,239.16731896473772,0.5335146135459903,0.0,0.39290052031477296
PCL0181,-30.269553608423294,-71.31259733262203,2012,md002,237.0,88.0,247.3349616724658,0.46860350627649305,0.0,0.4488903574148813
PCL0182,-30.251459345318217,-71.2794512613735,2012,md002,237.0,10.0,229.4530361084174,0.5758954665142001,0.0,0.3542068646848202
PCL0183,-30.293306602667563,-71.25326618032939,2012,md002,194.0,3.0,221.7838598354565,0.5138193147756644,0.0,0.28731930265824
PCL0184,-30.288388346581755,-71.25598265051222,2012,md002,194.0,38.0,224.5375566062002,0.5793506880405622,0.0,0.32623362223307284
PCL0185,-30.26306365710161,-71.26570516686351,2012,md002,194.0,88.0,216.84614803941824,0.4699945033491827,0.0,0.3779475329319636
PCL0186,-30.253590067569235,-71.24863913249658,2012,md002,237.0,10.0,227.95793081525616,0.5485407767013368,0.0,0.34755116268992425
PCL0187,-30.283348610108273,-71.26522406154865,2012,md002,237.0,130.0,229.51173758385534,0.6158077403738758,0.0,0.36054285109043116
PCL0188,-30.291161993831263,-71.23641480884675,2012,md002,194.0,144.0,232.365182909811,0.4883872232740465,0.0,0.3097697836313492
PCL0189,-30.281768124470904,-71.31104710605912,2012,md002,237.0,137.0,240.62004659720242,0.4864376459574237,0.0,0.3894786733197861
PCL0190,-30.27891820187099,-71.28755253398101,2012,md002,237.0,144.0,230.39624533556326,0.5906558702854587,0.0,0.38572966590141644
PCL0191,-36.22268184195151,-72.62721710500176,2013,md003,365.0,193.0,22.923755797781364,0.11302750813293018,0.6,0.3372424016396205
PCL0192,-35.98821468660228,-72.471474334046,2013,md003,122.0,193.0,16.674552963697742,0.06990833312849086,1.0,0.2781803218523661
PCL0193,-36.09909421027899,-72.57206604840196,2013,md003,122.0,365.0,91.1507110543005,0.05189813689637654,1.0,0.12464184165000913
PCL0194,-36.139780670839315,-72.4638610420678,2013,md003,158.0,343.0,181.51032780607085,0.12179120264510222,0.84,0.25319238787605647
PCL0195,-35.98222481755349,-72.37395697698523,2013,md003,215.0,1.0,193.613818649101,0.07149009364199105,1.0,0.21473150968551624
PCL0196,-35.99690690152373,-72.39502048985084,2013,md003,222.0,1.0,208.93063466267375,0.07472169742076133,0.72,0.2525266428788502
PCL0197,-36.15851719525201,-72.35920627125152,2013,md003,365.0,1.0,211.69883305238938,0.023553134790566324,0.92,0.18593299388885498
PCL0198,-36.12464354803257,-72.56480204675587,2013,md003,150.0,1.0,183.4135211498277,0.065533313553215,1.0,0.27117609182993563
PCL0199,-36.11598284351181,-72.55291686726235,2013,md003,215.0,8.0,234.51603317194642,0.028647917844642226,1.0,0.24359402060508728
PCL0200,-36.16667486148543,-72.66764638559918,2013,md003,122.0,1.0,137.91414126661832,0.03624385399123667,1.0,0.2439839425541106
PCL0201,-36.004010168143026,-72.46826321009618,2013,md003,158.0,1.0,180.8845195935336,0.10302885158821873,1.0,0.29645826447577706
PCL0202,-36.09755751277829,-72.57095832661408,2013,md003,222.0,365.0,145.8990071688641,0.06392752072328162,1.0,0.4245401008923849
PCL0203,-36.15233586343345,-72.3958761820631,2013,md003,143.0,1.0,184.7417143427445,0.1727802783140588,0.28,0.32025054494539895
PCL0204,-36.15176472177062,-72.39489488999543,2013,md003,143.0,1.0,182.07806354807477,0.17050595840761015,0.24,0.41566304167111723
PCL0205,-36.09701408195366,-72.57349610646266,2013,md003,279.0,1.0,175.9004744655328,0.10077646572447929,0.72,0.2419773161411285
PCL0206,-36.15548059647816,-72.3838582379123,2013,md003,200.0,1.0,185.0703647302836,0.16043235164382455,0.2,0.28909284631411236
PCL0207,-36.09444806317767,-72.5051986021516,2013,md003,236.0,22.0,224.46165826353302,0.1212361391437878,0.68,0.3241441970070203
PCL0208,-36.261592414856395,-72.50376343115036,2013,md003,143.0,250.0,30.17399881654647,0.07721646573423088,1.0,0.1669532219568889
PCL0209,-36.07273279130091,-72.41705618758294,2013,md003,222.0,1.0,183.28008452196204,0.16038130102080037,0.36,0.2712890855471294
PCL0210,-35.99385807387283,-72.47152703322732,2013,md003,222.0,1.0,170.82294167163343,0.0431125266386365,0.96,0.1324327691396079
PCL0211,-36.261552452748624,-72.50185050662301,2013,md003,365.0,1.0,73.22054863548942,0.025578079606773545,1.0,0.12954747676849365
PCL0212,-36.158073719605454,-72.53487038156433,2013,md003,158.0,8.0,165.69180922401094,0.04587051383085121,0.96,0.13931244413057975
PCL0213,-35.482641785590985,-72.29394852459635,2013,md003,365.0,236.0,33.60413326775205,0.08826662381318467,1.0,0.32061202724774673
PCL0214,-35.523602462154756,-72.10407695389766,2013,md003,365.0,172.0,299.74204797707426,0.04813522076660516,1.0,0.24694348743983674
PCL0215,-35.43297031063501,-72.29281527420788,2013,md003,365.0,193.0,344.95814291537374,0.08778185712200458,0.88,0.2078098972638449
PCL0216,-35.475263748661455,-72.29452651895554,2013,md003,365.0,193.0,26.397379104803097,0.07984978797597833,1.0,0.25219965298970537
PCL0217,-35.449912156409,-72.30151145664365,2013,md003,365.0,1.0,155.52271680320746,0.03171543677597611,1.0,0.18228799104690552
PCL0218,-35.442456540147624,-72.27218717635446,2013,md003,365.0,1.0,162.45231872001003,0.046877902693970366,1.0,0.24557453393936157
PCL0219,-35.44342811353008,-72.3211796015688,2013,md003,79.0,1.0,88.55693671410764,0.0337174315614343,1.0,0.11442267298698428
PCL0220,-35.524112531854804,-72.06295809036703,2013,md003,186.0,257.0,205.37564685974766,0.029611275276296433,1.0,0.1507744275388263
PCL0221,-35.490030600780464,-72.24608008989837,2013,md003,365.0,1.0,62.99869481681815,0.04445990109820384,1.0,0.17295849323272705
PCL0222,-35.43732458563961,-72.22735944266664,2013,md003,365.0,1.0,52.208755727704826,0.039377321623574914,1.0,0.298870712518692
PCL0223,-35.465837680527635,-72.27379912057259,2013,md003,365.0,165.0,30.563655889560806,0.026329447822353372,1.0,0.2203964945567506
PCL0224,-35.43993419989359,-72.30312233723737,2013,md003,365.0,8.0,208.01099941304847,0.09381635577784248,1.0,0.40493330359458923
PCL0225,-35.59341555330618,-72.10818319015966,2013,md003,215.0,1.0,210.4974258779864,0.19187691331004023,0.24,0.3899641879399617
PCL0226,-35.60843005069229,-72.14667881202173,2013,md003,200.0,36.0,242.90895388606754,0.11868748685165185,0.76,0.19349525034427634
PCL0227,-35.602990469553205,-72.16555585261952,2013,md003,215.0,1.0,236.0603140346132,0.07498583934500283,1.0,0.19590874910354616
PCL0228,-35.47952740964466,-72.21925433403537,2013,md003,365.0,136.0,46.07628538500267,0.03606466155656966,0.92,0.22384039362271635
PCL0229,-35.57088551798562,-72.15902114985563,2013,md003,200.0,1.0,219.1819163813599,0.22401343593120138,0.0,0.2799710325400035
PCL0230,-33.73518969586975,-70.51898368606031,2010,md004,241.0,106.0,260.8101600303688,0.10550960499943628,0.96,0.18885877440373117
PCL0231,-33.7354188165169,-70.5186854981028,2010,md004,241.0,128.0,244.10572841545817,0.10557073573342042,0.88,0.19350052217642466
PCL0232,-33.73483502465314,-70.51849171658762,2010,md004,248.0,121.0,245.39562613375534,0.10434616602668684,0.8,0.1769770802060764
PCL0233,-33.73460351468958,-70.51898414765755,2010,md004,241.0,113.0,248.4614577971007,0.10557073573342042,0.68,0.1924680064121883
PCL0234,-33.73417020934658,-70.5190196848938,2010,md004,248.0,361.0,232.94416358634086,0.23422086498432645,0.24,0.3425610641638438
PCL0235,-33.73383671150159,-70.52047094338143,2010,md004,226.0,78.0,236.01391522160583,0.2345433039767017,0.0,0.3290729856129848
PCL0236,-33.732659006947856,-70.5216374461112,2010,md004,226.0,78.0,231.9020611999684,0.19552279686601015,0.04,0.3464675374374245
PCL0237,-33.7321406985549,-70.52198447706229,2010,md004,248.0,78.0,229.66393992418622,0.19352474363230376,0.04,0.3316341186563173
PCL0238,-33.731821010013185,-70.52231342545684,2010,md004,248.0,78.0,228.87535292152245,0.19272557902561774,0.04,0.28040095567703244
PCL0239,-33.73215375227732,-70.52019300454933,2010,md004,255.0,57.0,233.81289146997872,0.36653549071896036,0.0,0.4326514701048534
PCL0240,-33.73553274861581,-70.53063625178658,2010,md004,219.0,290.0,187.9466164207922,0.1447384859807673,0.52,0.402991788920128
PCL0241,-33.73700705911065,-70.53246503391829,2010,md004,248.0,361.0,233.53043547615812,0.16333221246094415,0.48,0.24227000226577122
PCL0242,-33.73927773282391,-70.5347938013319,2010,md004,255.0,106.0,245.17312132423137,0.41508689668889315,0.0,0.4394017849862575
PCL0243,-33.73595933748105,-70.51285553534393,2010,md004,233.0,78.0,227.16626962401628,0.26676122134348795,0.16,0.28906304652943765
PCL0244,-33.73634185065829,-70.51254922666217,2010,md004,248.0,64.0,226.73336111563992,0.2858994238940188,0.12,0.33745578328768416
PCL0245,-33.790839080841295,-70.5153972129165,2010,md004,353.0,191.0,344.430083178588,0.2620082955695313,0.08,0.4531112100590359
PCL0246,-33.736958326052324,-70.51522616741498,2010,md004,241.0,64.0,224.53046522065958,0.09298160342332462,0.88,0.15309988667567576
PCL0247,-33.73718294357527,-70.51676286963372,2010,md004,248.0,128.0,255.5306237035703,0.1354853919895215,0.64,0.31183015088240296
PCL0248,-33.73655950429276,-70.51685983558916,2010,md004,248.0,78.0,241.16607573027858,0.12692109503932147,0.8,0.2586181124051412
PCL0249,-33.73560219218061,-70.51844047169752,2010,md004,241.0,106.0,242.86668415274482,0.12305560847739243,0.76,0.24735197484493254
PCL0250,-33.40002398853686,-70.49449122237743,2010,md004,248.0,64.0,231.6250056028084,0.20540468933896988,0.04,0.27771319001913075
PCL0251,-33.40049375797071,-70.49217678669363,2010,md004,212.0,50.0,229.44166703718136,0.16849614670787952,0.2,0.2287463317676024
PCL0252,-33.40233011419613,-70.49396083199346,2010,md004,248.0,1.0,230.49913434884846,0.19789682117789856,0.08,0.2487678075830142
PCL0253,-33.40159162433508,-70.49612016578315,2010,md004,177.0,64.0,233.397348828568,0.16052824670829619,0.16,0.21663760518034303
PCL0254,-33.40220113013451,-70.4964316821668,2010,md004,219.0,50.0,234.04720180415248,0.19192862104353275,0.08,0.23533797589215366
PCL0256,-33.40565633152728,-70.49259839798293,2010,md004,276.0,78.0,244.42137854539405,0.24663237083598616,0.12,0.30778527955214174
PCL0257,-33.406742898437074,-70.4914879195282,2010,md004,255.0,128.0,257.5725593467371,0.26873960699848937,0.0,0.1728907419244448
PCL0258,-33.40634564561523,-70.4915241413038,2010,md004,177.0,64.0,244.46372178740552,0.24683701420118898,0.0,0.31347411448756846
PCL0259,-33.40443841344461,-70.4896313239687,2010,md004,219.0,128.0,232.43964007468657,0.16278779258789552,0.28,0.2777902282548673
PCL0260,-33.405325151240746,-70.48938839297477,2010,md004,226.0,15.0,229.48394543447105,0.17101372162784123,0.04,0.22644661664059673
PCL0261,-33.404358311879946,-70.4925439385082,2010,md004,248.0,128.0,245.4837925928839,0.27553250665088586,0.0,0.3073609403769176
PCL0262,-33.40478502162451,-70.49530394005738,2010,md004,219.0,64.0,222.43832039178696,0.19958949200310921,0.0,0.23609687522505263
PCL0263,-33.405946175200846,-70.49623783246076,2010,md004,248.0,57.0,217.6206742843152,0.2757185473399361,0.0,0.3077146609624228
PCL0264,-33.405235609549386,-70.496827805655,2010,md004,219.0,1.0,225.81794673571926,0.2481642881842347,0.0,0.2845524854551662
PCL0265,-33.40465620556224,-70.49701141646108,2010,md004,226.0,15.0,224.9282926760652,0.2084420628954273,0.0,0.25813792637803334
PCL0266,-33.40444311236019,-70.49748087972482,2010,md004,219.0,15.0,227.04990880600295,0.2159705486822721,0.0,0.28708437754349275
PCL0267,-33.40064461468563,-70.49761999686467,2010,md004,177.0,128.0,234.46225210043582,0.10675973890507659,0.8,0.2106605740117305
PCL0269,-33.40154187229026,-70.4980009727174,2010,md004,248.0,1.0,226.34908708001655,0.1625204783966001,0.36,0.2090486908952396
PCL0270,-33.66595735432365,-70.52119512489631,2010,md004,248.0,64.0,229.22025897866786,0.10728500570971791,0.56,0.18166545778512966
PCL0271,-33.66649594685675,-70.52066534852763,2010,md004,248.0,184.0,234.66812027769552,0.08176899773771398,1.0,0.17084714149435365
PCL0272,-33.66697763588707,-70.52182784664397,2010,md004,248.0,128.0,242.84325119643154,0.08691242514739372,1.0,0.19406649281581245
PCL0273,-33.66759854314103,-70.52266925236025,2010,md004,226.0,128.0,242.84325119643154,0.07660645135887587,1.0,0.18932492520773042
PCL0274,-33.66783693124126,-70.52308329666334,2010,md004,226.0,177.0,241.75489580321522,0.07686868852908393,1.0,0.15904423645951526
PCL0275,-33.66642721252984,-70.523317289669,2010,md004,248.0,135.0,242.70026984593233,0.1338876438028645,0.64,0.22543646931648254
PCL0276,-33.66555567411495,-70.52378725163581,2010,md004,248.0,128.0,228.65594050996714,0.1783921157464251,0.28,0.2988280592362086
PCL0277,-33.67163904376255,-70.519709653989,2010,md004,156.0,1.0,244.32407082778755,0.09740032686205445,0.84,0.1898507109194092
PCL0278,-33.67303761849199,-70.51964797111634,2010,md004,325.0,128.0,243.52928314846105,0.055740864955872126,1.0,0.12665737628936768
PCL0279,-33.6695700797123,-70.52075181408769,2010,md004,241.0,78.0,236.47688627921582,0.28605057193468936,0.12,0.35152859876553216
PCL0280,-33.669889209100184,-70.52193306217235,2010,md004,248.0,106.0,236.86496521090805,0.3346787581945204,0.0,0.37656357134381935
PCL0281,-33.67004846020887,-70.52145051484345,2010,md004,248.0,78.0,234.75479419432293,0.3801542610845659,0.0,0.39532405287027356
PCL0282,-33.68110787069153,-70.52265931871041,2010,md004,226.0,1.0,229.9241017871674,0.12738123769704887,0.88,0.24003136748617349
PCL0284,-33.676625891063814,-70.52265580240707,2010,md004,241.0,50.0,237.33186390339534,0.2473496551024529,0.2,0.38738127907117204
PCL0285,-33.67599912147501,-70.52302227535525,2010,md004,248.0,106.0,260.6362558643991,0.14651388560087364,0.52,0.2595203209916751
PCL0286,-33.6759868218148,-70.5218247725364,2010,md004,226.0,177.0,258.4687632005591,0.11181423317221842,0.96,0.25648058080989306
PCL0287,-33.67558548636398,-70.52072828367345,2010,md004,248.0,128.0,261.9927007353791,0.09756297827519429,1.0,0.19768393526474637
PCL0288,-33.676049559748556,-70.52039129073898,2010,md004,233.0,177.0,252.35379089250802,0.1365290439353635,0.6,0.3010876009613275
PCL0290,-32.585513476062204,-71.4036396895449,2010,md004,250.0,58.0,276.6072890523924,0.14204389702348005,0.52,0.2906045476595561
PCL0291,-32.585298540951776,-71.40309073448483,2010,md004,257.0,222.0,288.40134352851294,0.09719738346509257,0.88,0.2565806613034672
PCL0292,-32.58754641484887,-71.42547633546602,2010,md004,272.0,72.0,254.59650015454235,0.2543831225744544,0.36,0.29851171374320984
PCL0293,-32.585987533364836,-71.40054214606204,2010,md004,243.0,72.0,242.27930574608425,0.14923497964505558,0.52,0.29423339386781056
PCL0294,-32.58689674246597,-71.40156763353319,2010,md004,186.0,8.0,232.54109161046088,0.1857645726446142,0.48,0.2931693230356489
PCL0295,-32.58763123215284,-71.40276955496715,2010,md004,265.0,72.0,250.39110294682942,0.382201729666567,0.0,0.322407003045082
PCL0296,-32.58974974806145,-71.42905078649041,2010,md004,193.0,8.0,223.06874443656514,0.18389724068556126,0.4,0.26678332472604416
PCL0297,-32.59117279432558,-71.42867377065176,2010,md004,193.0,72.0,224.75998110757183,0.23196402456890905,0.2,0.27806522223684527
PCL0298,-32.583045745001016,-71.38122787586047,2010,md004,272.0,1.0,243.53336360729247,0.4576749753572817,0.12,0.5262923431396485
PCL0299,-32.57571619122806,-71.37827563066709,2010,md004,272.0,72.0,258.76195931169457,0.2507798130241182,0.28,0.40455219686031346
PCL0300,-32.57510627492186,-71.3766726478978,2010,md004,243.0,115.0,260.66905674357747,0.141727139154681,0.52,0.2049815569321315
PCL0301,-32.57446220344771,-71.37782716016791,2010,md004,272.0,65.0,255.21369266187475,0.22732989973368647,0.28,0.3705273807048798
PCL0302,-32.573567787028175,-71.38029564003286,2010,md004,265.0,15.0,245.4533068634898,0.18562479512666483,0.48,0.18055984616279608
PCL0303,-32.57453447885205,-71.38257900921109,2010,md004,229.0,115.0,255.6131470158937,0.1322064743279389,0.52,0.25046001752217606
PCL0304,-32.58558488830662,-71.38238148397637,2010,md004,286.0,65.0,260.8643505635747,0.09296423455349538,0.64,0.1480383574962616
PCL0305,-32.58611458980165,-71.38155403800745,2010,md004,243.0,1.0,255.7725324141905,0.1447233616472664,0.52,0.2155500046412151
PCL0306,-32.58065415826989,-71.38180366976275,2010,md004,236.0,122.0,246.09886929236674,0.08099647529389871,0.92,0.14412417550881718
PCL0307,-32.586810222894115,-71.38005992357701,2010,md004,265.0,8.0,245.82020525878926,0.4039978355511106,0.0,0.36053466796875
PCL0308,-32.58391995086115,-71.38173030348746,2010,md004,236.0,115.0,255.3543648780884,0.24575652412672724,0.2,0.24869202430049575
PCL0309,-32.20581761199738,-71.44031846108449,2010,md004,265.0,122.0,238.89937581203438,0.6577124638219626,0.0,0.6068987667560577
PCL0310,-32.203390968606634,-71.43942634474362,2010,md004,265.0,122.0,247.32600430466817,0.327720697084617,0.16,0.43903931379318234
PCL0311,-32.202443510611396,-71.43805405699443,2010,md004,215.0,129.0,245.31524209370534,0.5304330647782814,0.0,0.5410540609434248
PCL0312,-32.203283590965235,-71.43798101953956,2010,md004,265.0,129.0,251.2748167374861,0.29766446826907006,0.12,0.38047718089073895
PCL0313,-32.20428221490447,-71.43763644516362,2010,md004,215.0,129.0,250.75794650172892,0.339367575422754,0.04,0.4786379768927065
PCL0314,-32.202232780360426,-71.44102877087306,2010,md004,236.0,129.0,245.94396174832173,0.5694023694652921,0.0,0.4642229379341006
PCL0315,-32.198566006814694,-71.44271257325455,2010,md004,215.0,122.0,245.62911182644433,0.35536397049423285,0.0,0.4735649190925889
PCL0316,-32.19791500090256,-71.44233457698573,2010,md004,222.0,129.0,246.63926376999905,0.31973419973151673,0.08,0.42357003103527757
PCL0317,-32.19852708596976,-71.4419267077956,2010,md004,215.0,129.0,250.81472131599162,0.2953993485784206,0.0,0.4972864964976907
PCL0318,-32.19906603948994,-71.4415699082418,2010,md004,200.0,136.0,253.62687251512477,0.27756344863001153,0.0,0.5728139200723833
PCL0319,-32.190462696852244,-71.43690724920074,2010,md004,207.0,122.0,261.88601808311984,0.13723931344995183,0.52,0.3249255290461911
PCL0320,-32.19008311415384,-71.43695015290645,2010,md004,207.0,122.0,255.91415096205975,0.1519093253230289,0.48,0.36312566904558075
PCL0321,-32.18887200810835,-71.43615432966966,2010,md004,236.0,122.0,254.39498650012,0.12420962315347495,0.6,0.23752147443592547
PCL0322,-32.18546030509039,-71.43724048060793,2010,md004,222.0,129.0,242.2234486928013,0.17006821323559487,0.44,0.3614626016385025
PCL0323,-32.18510590073674,-71.43691290623053,2010,md004,200.0,136.0,259.5044541427582,0.12786081445902242,0.6,0.34626148801089973
PCL0324,-32.18485341972029,-71.43503984134657,2010,md004,229.0,136.0,251.17427244376597,0.2573810833840461,0.2,0.3207231571432203
PCL0325,-32.18462152182226,-71.43490641488398,2010,md004,229.0,136.0,249.08126677840187,0.374189577206843,0.08,0.39970338610466566
PCL0326,-33.38229000000005,-70.48438000000002,2017,md005,278.0,186.0,319.0928253117684,0.12284704619144142,0.72,0.362016045084844
PCL0327,-33.39687999999999,-70.48021,2017,md005,278.0,8.0,262.5370072904673,0.10561609805209649,0.76,0.20222022831439967
PCL0328,-33.59062999999996,-70.45104,2017,md005,356.0,36.0,280.26335551508566,0.0656755941483826,1.0,0.12220589319864905
PCL0329,-33.61978999999996,-70.97813,2017,md005,257.0,178.0,321.3785605967789,0.26163537401199816,0.0,0.785038848221302
PCL0330,-33.35729000000001,-70.56771,2017,md005,285.0,164.0,346.1695521151795,0.15283411392380436,0.48,0.3569596264759699
PCL0331,-33.323959999999964,-70.47396,2017,md005,278.0,8.0,332.5053065431422,0.15169836148466703,0.44,0.3846093893051148
PCL0332,-33.68229000000002,-70.49896,2017,md005,143.0,178.0,349.0708170128113,0.0902657050435293,1.0,0.42078561471464726
PCL0333,-33.880210000000034,-70.79063,2017,md005,143.0,43.0,200.59372070453367,0.06958827846860981,1.0,0.20378896077473962
PCL0334,-33.78854000000001,-71.01354,2017,md005,356.0,107.0,328.36716600784393,0.117702970188114,0.96,0.29792758226394656
PCL0335,-33.91562999999998,-70.76771,2017,md005,129.0,72.0,126.24256047215698,0.02655248282851209,1.0,0.14819151441256206
PCL0336,-33.786460000000005,-70.59688,2017,md005,143.0,178.0,203.6181264849948,0.03351229267650018,1.0,0.2322648922602335
PCL0337,-33.77396000000003,-70.61354,2017,md005,143.0,178.0,308.4458257230751,0.01598036003056559,1.0,0.16830893516540524
PCL0338,-33.76978999999998,-70.62396,2017,md005,364.0,171.0,344.6333441245659,0.14516051856167153,0.52,0.465366335598131
PCL0339,-33.79063000000001,-70.99688,2017,md005,364.0,43.0,295.17285101508014,0.06595339446915995,1.0,0.2110142995913823
PCL0340,-33.94062999999997,-70.75104,2017,md005,143.0,8.0,90.83019377395237,0.05575734965851287,1.0,0.3124729218085607
PCL0341,-33.74895999999997,-71.12604,2017,md005,335.0,164.0,346.87539513938975,0.09151676362391913,0.84,0.33465707957744595
PCL0342,-33.95312999999997,-70.74896,2017,md005,150.0,207.0,58.227920289039005,0.07869036558127851,1.0,0.3631947676340739
PCL0343,-33.93438,-70.76563,2017,md005,150.0,50.0,171.94243584656718,0.0310564733059046,1.0,0.13869754552841196
PCL0344,-33.842710000000004,-70.96979,2017,md005,143.0,171.0,291.3977089259348,0.03808185825708338,1.0,0.1651061085859935
PCL0345,-33.56978999999997,-70.45938,2017,md005,207.0,171.0,348.7340678839511,0.05587415819053647,1.0,0.33347169419129696
PCL0346,-33.790629999999965,-71.00729,2017,md005,143.0,214.0,247.35148497789243,0.023310222602758342,1.0,0.10061084906260176
PCL0347,-33.4311762376981,-70.51142792090523,2020,md006,250.0,2.0,257.77399491049687,0.3344052441269564,0.0,0.40243031283219666
PCL0348,-33.43214057135084,-70.50555030034175,2020,md006,293.0,2.0,265.0475081465592,0.34362556465148747,0.0,0.2544132947921753
PCL0349,-33.433448127804894,-70.49886097169818,2020,md006,243.0,2.0,279.7150677470347,0.23928803409855476,0.0,0.35501834750175476
PCL0350,-33.43633154824404,-70.49608155976152,2020,md006,356.0,158.0,325.47346670691695,0.4212601794424983,0.04,0.6530811690290769
PCL0351,-33.43696471394943,-70.49143476854645,2020,md006,293.0,143.0,318.00261342995606,0.36065500892066793,0.04,0.5215272269646327
PCL0352,-33.437528327825035,-70.50078130173203,2020,md006,236.0,2.0,241.32053245579303,0.2644872754882912,0.0,0.2821057438850403
PCL0353,-33.207716737328596,-70.95685504055223,2020,md006,151.0,2.0,235.09017181160974,0.04666718680903391,0.8,0.22070435206095385
PCL0354,-33.207269663855,-70.9508698899744,2020,md006,243.0,2.0,241.39539763191726,0.3192892356061094,0.0,0.38377423385779064
PCL0355,-33.20437404636382,-70.95895824091284,2020,md006,243.0,2.0,239.308440440125,0.13975544655395797,0.52,0.2814330796400706
PCL0356,-33.21026929621461,-70.94244000216354,2020,md006,229.0,2.0,222.51659158976994,0.11860373813715104,0.64,0.24175980289777121
PCL0357,-33.209450649867826,-70.94692757002429,2020,md006,236.0,2.0,228.42104445075114,0.281090987457747,0.0,0.3585944135983785
PCL0358,-33.2103066673431,-70.93599337495318,2020,md006,229.0,2.0,225.491698511992,0.21299067837870816,0.0,0.3355352103710174
PCL0359,-33.53800647390524,-70.53506024199679,2020,md006,243.0,2.0,237.275401244588,0.5105985793648509,0.0,0.4334620475769043
PCL0360,-33.539124579782275,-70.53216153313511,2020,md006,243.0,2.0,237.85490475497997,0.45133229153848736,0.0,0.45238310893376665
PCL0361,-33.53197865023614,-70.52513289401817,2020,md006,222.0,2.0,236.2657519510836,0.13248768421066318,0.56,0.3116356988747915
PCL0362,-33.53030385102436,-70.52418818459154,2020,md006,229.0,2.0,231.75100445612156,0.4017559960419718,0.0,0.39755662580331175
PCL0363,-33.53244795890568,-70.51776472316611,2020,md006,264.0,2.0,238.34620992251945,0.2590630931664718,0.04,0.3065486252307891
PCL0364,-33.533138952387645,-70.53122673855628,2020,md006,250.0,2.0,240.4380016788437,0.3629035410035556,0.0,0.4006639222304027
PCL0365,-33.37342245887003,-70.60124433023138,2020,md006,243.0,364.0,249.3598205717292,0.3752984920029783,0.0,0.43788769642512004
PCL0366,-33.37565724870157,-70.60068335036438,2020,md006,250.0,2.0,250.1885361245568,0.3576296548133086,0.0,0.343875116109848
PCL0367,-33.37515842189914,-70.59950258225943,2020,md006,250.0,2.0,252.88475662308008,0.36494880691137316,0.0,0.40435483952363327
PCL0368,-33.37399045627256,-70.599158736352,2020,md006,250.0,2.0,252.88475662308008,0.367987789529693,0.0,0.2893772612015406
PCL0369,-33.37216892585354,-70.59634152940268,2020,md006,278.0,179.0,274.4567832062039,0.2575843672243779,0.0,0.36203886469205215
PCL0370,-33.37072454648735,-70.5971535113398,2020,md006,250.0,2.0,253.33589358842138,0.3009349433118363,0.0,0.36248196264108024
PCL0371,-33.37252133273592,-70.59839019538462,2020,md006,250.0,2.0,268.60435584564726,0.3339840822272094,0.0,0.31623115638891863
PCL0372,-33.467477393988155,-70.50758150047756,2020,md006,229.0,2.0,250.7092433195248,0.12792331525421968,0.6,0.28754609227180483
PCL0373,-33.47002189752506,-70.5074749157121,2020,md006,243.0,2.0,240.60350777432603,0.30570559396334074,0.0,0.34378481805324557
PCL0374,-33.46947203319823,-70.50448467591427,2020,md006,243.0,2.0,244.28666046076737,0.26291124622446543,0.0,0.35990726451079047
PCL0375,-33.46976196310331,-70.5021438422608,2020,md006,356.0,143.0,291.8259613144806,0.23793776037729514,0.16,0.4083337680498759
PCL0376,-33.46724102012363,-70.50476893310534,2020,md006,278.0,2.0,256.8398944260747,0.18034068230558148,0.4,0.2892276830971241
PCL0377,-33.46270272512371,-70.51012423541356,2020,md006,278.0,143.0,289.9067050674005,0.40725739002611316,0.0,0.6251848504940668
PCL0378,-33.194316493728095,-70.72585852926409,2020,md006,250.0,143.0,251.38227200835198,0.23828447073048303,0.04,0.2557382349173228
PCL0379,-33.1931232867685,-70.72735825200235,2020,md006,250.0,158.0,278.03556716890415,0.3604196111977654,0.0,0.34535870472590124
PCL0380,-33.19660859491516,-70.7244553966648,2020,md006,250.0,143.0,247.4827557587088,0.2852953043841372,0.04,0.2891019092003505
PCL0381,-33.19251953712996,-70.72342060032054,2020,md006,250.0,136.0,242.47796682335417,0.386679706312737,0.0,0.31514590382575997
PCL0382,-33.18878787692867,-70.72197460039625,2020,md006,257.0,143.0,294.2523299243335,0.38805491193372266,0.0,0.4053172825587292
PCL0383,-33.189144832213124,-70.72420183005234,2020,md006,243.0,2.0,233.5831893284226,0.32072949919620236,0.0,0.2646550575892131
PCL0384,-33.18746125883815,-70.72334296567136,2020,md006,243.0,2.0,239.48068196063335,0.2849681774457509,0.0,0.25654244025548295
PCL0385,-33.195179034856906,-70.83083348300697,2020,md006,2.0,200.0,299.3715177210038,0.14156776324686413,0.52,0.3083931830525398
PCL0386,-33.199652297204146,-70.8497199941389,2020,md006,243.0,2.0,248.58354717795163,0.3035793077039586,0.0,0.31139240860939027
PCL0387,-33.20089928609312,-70.85318957319679,2020,md006,236.0,65.0,232.04074823717815,0.41105255818041536,0.0,0.2944510489702224
PCL0388,-33.198920673342215,-70.83701489197594,2020,md006,356.0,193.0,254.46390323592902,0.19306021358215364,0.4,0.1722443922360738
PCL0389,-33.196668237939974,-70.83687130623645,2020,md006,236.0,2.0,239.23471935187158,0.3920750438118785,0.08,0.35661368469397225
PCL0390,-33.19674004709651,-70.83383721314955,2020,md006,356.0,193.0,289.3728820600015,0.13330314416551794,0.6,0.2417086335023244
PCL0391,-33.194041425754975,-70.83643030724716,2020,md006,243.0,2.0,234.17317615609406,0.4242974850772899,0.0,0.35131241579850514
PCL0392,-33.495076625161566,-70.89423156667439,2020,md006,243.0,2.0,239.80812155781035,0.45069177553002104,0.0,0.5140353997548421
PCL0393,-33.49401861360598,-70.89678085156983,2020,md006,243.0,143.0,282.81759672945304,0.3565564828524546,0.0,0.49820049966375035
PCL0394,-33.49480273937899,-70.89857384879397,2020,md006,243.0,2.0,248.31245729857665,0.3245270803919539,0.0,0.43649510145187376
PCL0395,-33.49542661900143,-70.9037537380369,2020,md006,243.0,65.0,246.5362164182141,0.30953782810941627,0.04,0.40479007263978317
PCL0396,-33.49739621627762,-70.9081990478665,2020,md006,243.0,2.0,244.23673706430466,0.3598334315216747,0.04,0.4459788074096044
PCL0397,-33.49781490926494,-70.91787370156295,2020,md006,293.0,186.0,290.23703359211817,0.12384907680979003,0.6,0.398029797275861
PCL0398,-33.50157470704877,-70.92256353940596,2020,md006,236.0,2.0,245.1497618463901,0.2779994825363976,0.0,0.2389188488324483
PCL0399,-33.49847997006612,-70.50187548913665,2020,md006,278.0,2.0,273.2948349107116,0.14228693259519748,0.6,0.29934533039728795
PCL0400,-33.49706030331958,-70.49771753970646,2020,md006,356.0,151.0,329.3836846050251,0.35806975599735674,0.04,0.606121381521225
PCL0401,-33.498472207201615,-70.49506154169762,2020,md006,356.0,158.0,338.5905589172534,0.32636478170008953,0.0,0.5734533163905143
PCL0402,-33.49947436912095,-70.4897288391276,2020,md006,278.0,165.0,326.08770524285546,0.4209490250808503,0.12,0.7217063144718607
PCL0403,-33.500597963036576,-70.48703541049404,2020,md006,356.0,179.0,303.57559239277407,0.13494130672493843,0.64,0.39556291798750565
PCL0404,-33.49926880474956,-70.50003763518532,2020,md006,243.0,2.0,259.1431058408282,0.17782800038284968,0.44,0.2843533198038737
PCL0405,-33.725555006815895,-70.48965230406041,2020,md006,229.0,2.0,238.0132219168732,0.09778563553255527,1.0,0.2517408331235249
PCL0406,-33.726779668502395,-70.48755808134952,2020,md006,222.0,2.0,234.99394991037536,0.07411129653114935,1.0,0.20507623354593907
PCL0407,-33.72762896950607,-70.4821762902954,2020,md006,200.0,2.0,227.16255045798076,0.0981010057799823,1.0,0.168920963605245
PCL0408,-33.72852118405732,-70.47695701890731,2020,md006,200.0,2.0,233.9728313638597,0.09083626976884453,1.0,0.2948588534196218
PCL0409,-33.726898266610384,-70.4716407298079,2020,md006,151.0,2.0,179.7620372403113,0.06427156983224566,0.92,0.15784683664639787
PCL0410,-33.72583434066286,-70.47992214323877,2020,md006,179.0,2.0,176.44215184680286,0.0322110552063583,1.0,0.23555514852205905
PCL0411,-33.400926403561996,-70.48919505011365,2020,md006,200.0,2.0,223.20338412468166,0.22138828694834556,0.0,0.34977930227915455
PCL0412,-33.40134596000876,-70.48504105451546,2020,md006,243.0,2.0,231.89163746359827,0.1920808639087087,0.12,0.25304919381936386
PCL0413,-33.4031208016966,-70.48293149527424,2020,md006,243.0,2.0,240.81303108526356,0.17510330435079435,0.36,0.2454600135485332
PCL0414,-33.401524828939735,-70.47458203910585,2020,md006,179.0,65.0,225.96620883512125,0.161780301396867,0.36,0.26560821582873667
PCL0415,-33.40103031991715,-70.47597148598666,2020,md006,243.0,2.0,228.85517103796067,0.2213974914677158,0.0,0.42383649746576935
PCL0416,-33.402013899127745,-70.48197722591293,2020,md006,243.0,2.0,243.696977647123,0.2986042481656392,0.28,0.44134645561377206
PCL0417,-33.94615217075558,-71.04431166334788,2020,md006,229.0,2.0,245.59249381399292,0.11037442799818695,0.72,0.3216298500696818
PCL0418,-33.94641884860566,-71.04562716717834,2020,md006,2.0,65.0,256.70688143751227,0.0878763566622992,0.96,0.3057698537906012
PCL0419,-33.94779287934171,-71.04704493458301,2020,md006,229.0,2.0,254.94432467656105,0.10429815659759364,0.72,0.27556256353855135
PCL0420,-33.94892652743263,-71.04610914831672,2020,md006,278.0,2.0,240.03357640865232,0.14661679479738357,0.52,0.287418681383133
PCL0421,-33.94558991686943,-71.04884224270427,2020,md006,229.0,2.0,243.79672855694315,0.08095632124192742,1.0,0.31149035592873886
PCL0422,-33.94533549079465,-71.04299384081374,2020,md006,200.0,2.0,241.96589294556674,0.12403158849884055,0.64,0.2940073867638906
PCL0423,-33.77527880233486,-70.94863401071012,2020,md006,243.0,2.0,248.7070328652067,0.2135706810770448,0.16,0.3619569371143976
PCL0424,-33.777297968348,-70.95380884949964,2020,md006,236.0,2.0,244.89523204410722,0.17031511633503676,0.4,0.33135501245657606
PCL0425,-33.778180487518725,-70.96013504670601,2020,md006,243.0,2.0,240.5646602815674,0.1534332760633051,0.48,0.2443373461564382
PCL0426,-33.77397867516556,-70.95671362914338,2020,md006,236.0,2.0,248.77023120094745,0.10753739824118676,0.88,0.3243501991033554
PCL0427,-33.7639461880498,-70.95363526331398,2020,md006,2.0,193.0,320.4398722371798,0.21310383932143293,0.04,0.5225703222552935
PCL0428,-33.77892097021464,-70.92571602922736,2020,md006,243.0,2.0,266.65328302273053,0.14399422757674335,0.64,0.19313552379608157
PCL0429,-33.78062017079607,-70.92661795699702,2020,md006,243.0,136.0,278.8582813490027,0.1956417559914965,0.24,0.3164105966687202
PCL0430,-33.73311108793596,-70.83041706992934,2020,md006,243.0,2.0,250.3761803040493,0.14887667977395308,0.56,0.3581346174081166
PCL0431,-33.73167046259688,-70.83391567361075,2020,md006,243.0,2.0,256.495973607827,0.21878220742460391,0.12,0.3997832506895065
PCL0432,-33.73023620431041,-70.83455428721217,2020,md006,243.0,2.0,263.2957473611543,0.2943567543430176,0.12,0.388412634531657
PCL0433,-33.72858744338034,-70.83688270016901,2020,md006,243.0,143.0,274.6565248101518,0.24310675813289268,0.24,0.3353634053468704
PCL0434,-33.727114901693035,-70.83888022994685,2020,md006,243.0,143.0,280.064812134848,0.2720642581433534,0.08,0.4674385532496187
PCL0435,-33.73589766374564,-70.82797223959635,2020,md006,243.0,2.0,264.4488187303117,0.3077494889401778,0.0,0.4083754738171895
PCL0436,-33.610970000000044,-70.74918000000001,2021,md008,243.0,356.0,242.99530416367793,0.35277279274645384,0.0,0.3825240323940913
PCL0437,-33.60442999999997,-70.75327,2021,md008,243.0,2.0,246.62288615607315,0.37623303979427686,0.0,0.47171481649080904
PCL0438,-33.61589999999997,-70.74723,2021,md008,243.0,2.0,243.0236025448956,0.3627686850945421,0.0,0.3954720069964728
PCL0439,-33.60352000000003,-70.75537,2021,md008,250.0,2.0,253.76702968026567,0.21505405520916265,0.04,0.23904194732507067
PCL0440,-33.58241999999996,-70.73269,2021,md008,243.0,356.0,236.90014258862797,0.34413738562090296,0.0,0.3113175292809805
PCL0441,-33.594279999999976,-70.73067,2021,md008,243.0,356.0,236.45851002968385,0.3240498518709994,0.0,0.1431091293692589
PCL0442,-33.59690999999996,-70.72916,2021,md008,243.0,356.0,245.8227302433988,0.3631898180945991,0.0,0.31858151853084565
PCL0443,-33.57207000000002,-70.74865,2021,md008,243.0,2.0,239.10075435535992,0.3761822906126269,0.0,0.3932791163523992
PCL0444,-33.581379999999974,-70.75286,2021,md008,243.0,356.0,232.32569054869356,0.3743998719542117,0.0,0.3658502161502838
PCL0445,-33.577560000000005,-70.75086,2021,md008,243.0,2.0,235.8099782244584,0.48613838194446146,0.0,0.4971961403886477
PCL0446,-33.598869999999984,-70.73824,2021,md008,250.0,158.0,272.82379375300127,0.386114120801004,0.0,0.4071853461985786
PCL0447,-33.594710000000006,-70.7395,2021,md008,243.0,356.0,244.01138140943135,0.3258141405918326,0.0,0.267136334379514
PCL0448,-33.59418,-70.74292,2021,md008,243.0,356.0,240.15180231745717,0.2954766555828704,0.0,0.29742387632528944
PCL0449,-33.59943999999997,-70.73437,2021,md008,243.0,143.0,253.79776067859018,0.39891579787687487,0.0,0.5293158377210299
PCL0450,-33.68086000000002,-70.73341,2021,md008,243.0,2.0,239.00769914387885,0.2073478304169932,0.08,0.23364684035380678
PCL0451,-33.680969999999995,-70.7324,2021,md008,243.0,2.0,236.11051425264986,0.2403334089582399,0.0,0.19603785028060272
PCL0452,-33.68334999999999,-70.72807,2021,md008,243.0,2.0,246.92548377077088,0.20291822719518607,0.2,0.202782841026783
PCL0453,-33.68471,-70.73022,2021,md008,243.0,2.0,241.4499808327302,0.3005258460770057,0.0,0.26472334911425904
PCL0454,-33.68538000000006,-70.73146,2021,md008,243.0,2.0,241.98246781456962,0.3362398322049806,0.0,0.37715504964192714
PCL0455,-33.68519000000003,-70.73347,2021,md008,243.0,136.0,252.97748602644475,0.2933145216672946,0.0,0.2651796504855156
PCL0456,-33.57486,-70.75095,2021,md008,243.0,356.0,234.57704657096258,0.38084935853957297,0.0,0.37429912785689035
PCL0457,-33.65270999999997,-70.66908,2021,md008,250.0,2.0,255.71703956201452,0.2245739565220352,0.16,0.20565117249886194
PCL0458,-33.650330000000025,-70.66911,2021,md008,271.0,165.0,275.39145110531535,0.23157273331929532,0.12,0.2054072121779124
PCL0459,-33.64606999999997,-70.66814,2021,md008,243.0,2.0,266.4667221092144,0.14711954924230447,0.52,0.08314887682596842
PCL0460,-33.64642000000002,-70.66844,2021,md008,250.0,158.0,284.4559614613556,0.16343104271753223,0.28,0.16352684646844862
PCL0461,-33.64786999999996,-70.66749,2021,md008,236.0,356.0,240.80060153265632,0.15283763424056157,0.44,0.11861535012722013
PCL0462,-33.64981999999998,-70.66545,2021,md008,236.0,2.0,242.00338254289315,0.18650006261390595,0.08,0.12424680391947429
PCL0463,-33.622219999999956,-70.67487,2021,md008,243.0,2.0,241.30327505960628,0.2550337777973035,0.04,0.17495128512382507
PCL0464,-33.622329999999984,-70.67519,2021,md008,243.0,356.0,242.00228910676455,0.2857763378119521,0.12,0.22464032769203185
PCL0465,-33.62301000000003,-70.67568,2021,md008,243.0,2.0,244.93579478854394,0.24126217343190343,0.24,0.11887809733549753
PCL0466,-33.62400999999996,-70.67511,2021,md008,243.0,2.0,245.999313741603,0.30178803177123203,0.0,0.2914837092161179
PCL0467,-33.62450000000002,-70.67574,2021,md008,243.0,356.0,248.82179264986087,0.2553299578858648,0.2,0.20025780896345774
PCL0468,-33.62442000000004,-70.67612,2021,md008,243.0,122.0,250.71314344785083,0.23387050390250938,0.28,0.14069947908322017
PCL0469,-33.62538000000002,-70.67576,2021,md008,257.0,179.0,280.9793722012548,0.32219737510337576,0.04,0.14683762152989704
PCL0470,-33.625200000000014,-70.67615,2021,md008,243.0,200.0,281.71115866748653,0.32219737510337576,0.12,0.09185020337502162
PCL0471,-33.61531000000002,-70.67488,2021,md008,243.0,2.0,248.26526959123606,0.23701081071367613,0.08,0.24240070581436157
PCL0472,-33.61377000000004,-70.67553000000001,2021,md008,243.0,2.0,244.50014475449834,0.21796235533537917,0.0,0.16950371762116745
PCL0473,-33.13927,-71.13333,2019,md009,1.0,171.0,11.009451891130665,0.27285178360634976,0.24,0.40688514863451325
PCL0474,-33.15059000000004,-71.13274,2019,md009,164.0,114.0,270.4539655209724,0.08266940039467564,0.8,0.30499997834364556
PCL0475,-33.145769999999956,-71.12926,2019,md009,356.0,157.0,309.4225595427625,0.18585000411338576,0.2,0.48894770580033464
PCL0476,-33.146190000000026,-71.13036,2019,md009,285.0,157.0,305.41090648035697,0.14425604498999184,0.52,0.31739038427670796
PCL0477,-33.14723000000001,-71.13316,2019,md009,307.0,157.0,332.8813887160513,0.17405470460602246,0.48,0.5067972878615061
PCL0478,-33.147760000000034,-71.13386,2019,md009,1.0,8.0,332.8813887160513,0.12535009022950896,0.6,0.20719537138938904
PCL0479,-33.148020000000045,-71.13425,2019,md009,1.0,157.0,332.54320822089517,0.10144385549218682,0.76,0.5147660871346791
PCL0480,-33.15887000000003,-71.14118,2019,md009,178.0,349.0,237.78504437256234,0.12351695310588205,0.92,0.18886118670304608
PCL0481,-33.16212999999997,-71.13841,2019,md009,278.0,65.0,241.91771018311164,0.1197007166321248,0.84,0.18171510934829715
PCL0482,-33.14810999999998,-71.13574,2019,md009,186.0,164.0,302.6551357491764,0.1170006705987298,0.72,0.23380274601280698
PCL0483,-33.14789000000002,-71.14709,2019,md009,178.0,8.0,196.36322145585962,0.11594777162774449,0.96,0.21061361173788706
PCL0484,-33.14601999999998,-71.1456,2019,md009,207.0,171.0,238.00191164066143,0.11350563202904682,0.8,0.30463469098011664
PCL0485,-33.157850000000025,-71.14288,2019,md009,178.0,342.0,229.81797905878588,0.1157345687384278,0.96,0.15115956773360573
PCL0486,-33.13801999999998,-71.13879,2019,md009,228.0,171.0,149.29901523858825,0.08401786490295866,0.8,0.046509460856517165
PCL0487,-33.15928999999997,-71.14233,2019,md009,228.0,8.0,242.31621649617,0.11599640350020243,1.0,0.2209970414638518
PCL0488,-33.157209999999964,-71.1325,2019,md009,228.0,8.0,205.3300555363176,0.07773362010865903,1.0,0.18982074161370588
PCL0489,-33.15592999999998,-71.13331,2019,md009,200.0,164.0,215.7025401075294,0.09299518169309358,0.96,0.32140175173679986
PCL0490,-33.155890000000014,-71.13303,2019,md009,200.0,143.0,217.64905344014556,0.09344532000736863,0.96,0.25185389171044037
PCL0491,-33.16552000000002,-71.13205,2019,md009,278.0,143.0,241.45414069966216,0.11423832887172028,0.88,0.2590155313412349
PCL0492,-33.16497000000003,-71.13039,2019,md009,200.0,342.0,232.63548130552783,0.14878950584296358,0.52,0.2064983928203583
PCL0493,-33.15485999999999,-71.13186,2019,md009,292.0,364.0,209.58812031430853,0.09344532000736863,0.84,0.13843549191951754
PCL0494,-33.154129999999974,-71.1318,2019,md009,228.0,364.0,211.55460302935546,0.12737486391970787,0.72,0.1220279892285665
PCL0495,-33.15225,-71.13145,2019,md009,193.0,8.0,231.06332030745898,0.09614495694920597,0.88,0.15107635051012047
PCL0496,-33.15853999999996,-71.13461,2019,md009,228.0,171.0,239.84081134626933,0.10112060158576647,1.0,0.2508680227895579
PCL0497,-33.151299999999985,-71.14732,2019,md009,228.0,364.0,221.5299562971119,0.11438135535273442,0.96,0.12355411648750303
PCL0498,-33.15344000000001,-71.14455,2019,md009,1.0,364.0,219.3048055035853,0.12109875752346481,0.88,0.1671847701072693
PCL0499,-33.15263999999998,-71.14478,2019,md009,228.0,157.0,236.52527797881444,0.09581461889814676,0.96,0.19201350410779316
PCL0500,-33.15027999999998,-71.13102,2019,md009,1.0,143.0,296.38742613758654,0.13627993769228808,0.56,0.3740468641122182
PCL0501,-33.154050000000026,-71.13377,2019,md009,228.0,8.0,222.4204967667207,0.05338723883525682,0.96,0.27274006803830464
PCL0502,-33.14850999999998,-71.14764,2019,md009,178.0,8.0,199.03541531785945,0.12103318148716255,0.88,0.27806839227676394
PCL0503,-33.15084000000003,-71.14478,2019,md009,1.0,8.0,255.6489325687316,0.05851333525900154,0.92,0.2514321506023407
PCL0504,-33.13994999999997,-71.13119,2019,md009,307.0,93.0,329.6864425687089,0.04975024001126891,0.88,0.04697702527046202
PCL0505,-33.16291999999997,-71.1368,2019,md009,228.0,349.0,203.7507293418814,0.050567283884214956,1.0,0.1528052322069805
PCL0506,-33.163579999999996,-71.13821,2019,md009,200.0,349.0,233.47725367583723,0.06816510960216282,0.96,0.16485337018966673
PCL0507,-33.16585999999997,-71.13879,2019,md009,228.0,65.0,248.19955669650238,0.06396378114776648,0.96,0.12994568347930902
PCL0508,-33.16330000000003,-71.13486,2019,md009,178.0,8.0,202.03349992734118,0.06701740584065523,0.96,0.25658189078172045
PCL0509,-33.15782,-71.13615000000001,2019,md009,150.0,364.0,253.76091099420512,0.0750207337323795,0.92,0.22066340446472166
PCL0510,-33.154969999999956,-71.13554000000002,2019,md009,243.0,349.0,216.30496573150808,0.13096451017856803,0.8,0.14437128067016614
PCL0511,-33.15428000000001,-71.13678,2019,md009,150.0,8.0,223.23175524932373,0.09712401770874728,0.92,0.2966041435798009
PCL0512,-33.153119999999994,-71.13891,2019,md009,178.0,8.0,226.44160103337,0.13157413817257324,0.64,0.2321420816580455
PCL0513,-33.16739999999996,-71.1366,2019,md009,178.0,143.0,226.10067691561812,0.07413859188056685,0.84,0.1706727043787638
PCL0514,-33.166569999999965,-71.13657,2019,md009,200.0,114.0,236.6946274459393,0.05756762616350648,1.0,0.19714827577273053
PCL0515,-33.15691000000003,-71.1399,2019,md009,1.0,8.0,315.5950185245058,0.02471806345102705,1.0,0.13834518194198608
PCL0516,-33.15714999999998,-71.14011,2019,md009,228.0,8.0,293.0165449408999,0.023317256028554223,1.0,0.11904761791229246
PCL0517,-33.15888999999999,-71.13683,2019,md009,178.0,349.0,241.30946340776575,0.03779723365269851,1.0,0.1609601573149363
PCL0518,-33.15868999999998,-71.13824999999999,2019,md009,235.0,136.0,239.27179469503312,0.12130965009374797,0.84,0.1586481789747874
PCL0519,-33.15788999999997,-71.13727,2019,md009,356.0,143.0,262.9868219997708,0.07547838940446935,0.92,0.27450677156448366
PCL0520,-35.712830019823876,-72.09304216099308,2021,md010,278.0,114.0,238.90244815652778,0.21526968437063318,0.32,0.16416980624198918
PCL0521,-35.71303851449585,-72.0919736972258,2021,md010,178.0,356.0,235.98814491373665,0.21526968437063318,0.28,0.16500326395034792
PCL0522,-35.713556365249154,-72.09102658767371,2021,md010,193.0,114.0,234.67183439168554,0.254357299864724,0.24,0.2480873435735702
PCL0523,-35.7140279277966,-72.09040162972738,2021,md010,186.0,1.0,236.13302263389286,0.18895918619222352,0.36,0.18740229845046996
PCL0524,-35.714687330048136,-72.09009031153828,2021,md010,278.0,114.0,237.95018630237246,0.18784210561287187,0.32,0.22010940611362456
PCL0525,-35.71216966667329,-72.0925688760904,2021,md010,178.0,114.0,233.4857503859755,0.2248814189969988,0.24,0.19600513815879822
PCL0526,-35.712707735223155,-72.08947718203459,2021,md010,186.0,114.0,231.34276996496985,0.3076124970978844,0.0,0.28292829990386964
PCL0527,-35.714086267385284,-72.09206821397302,2021,md010,278.0,114.0,234.90583775350083,0.3092663587149152,0.04,0.254250293970108
PCL0528,-32.66517223714596,-71.41456609707589,2019,md013,200.0,356.0,221.37465189436557,0.1245240567341155,0.76,0.3027107338110606
PCL0529,-32.66568495457538,-71.41416412121004,2019,md013,250.0,356.0,222.5573041007901,0.13013560705976945,0.76,0.442473903298378
PCL0530,-32.66488749175765,-71.41530468519485,2019,md013,243.0,356.0,212.01294509609187,0.12430368446855071,0.68,0.33651479880015056
PCL0531,-32.66600182726905,-71.41456709702477,2019,md013,250.0,356.0,216.6951473664204,0.11155332283168119,0.88,0.40579960942268367
PCL0532,-32.664977004408726,-71.41533907651188,2019,md013,243.0,356.0,215.16509178207508,0.13324179363404334,0.72,0.5084579030672709
PCL0533,-32.66519290171657,-71.41536620883535,2019,md013,243.0,356.0,215.16509178207508,0.13324179363404334,0.72,0.5084579030672709
PCL0534,-32.66506937375125,-71.41569336659548,2019,md013,228.0,356.0,216.10769203392869,0.14102258254008843,0.56,0.6373078962167104
PCL0535,-32.6647043460824,-71.41591807561622,2019,md013,200.0,356.0,217.88614893382174,0.1525705260048697,0.48,0.27446482976277664
PCL0536,-32.66170212507105,-71.41869422511138,2019,md013,235.0,356.0,210.7850255535263,0.1933091748637891,0.0,0.24413974483807876
PCL0537,-32.66256432464914,-71.41793925016377,2019,md013,178.0,356.0,215.57747589835245,0.14753066675071239,0.52,0.26992078622182214
PCL0538,-32.66141145861702,-71.42394190635451,2019,md013,243.0,356.0,211.2781129154648,0.18651002042403306,0.12,0.39561769366264343
PCL0539,-35.05966208125641,-71.90410754452887,2017,md011,207.0,50.0,238.45208361552704,0.27055806289091033,0.0,0.26706504821777344
PCL0540,-35.061444177534554,-71.9019563636346,2017,md011,207.0,100.0,245.0851446083344,0.21399010412832178,0.28,0.29626895785331725
PCL0541,-35.05968621999524,-71.90197083883018,2017,md011,207.0,8.0,238.94972114616843,0.17995808602475089,0.44,0.3357942342758179
PCL0542,-35.059333510991706,-71.90239682032735,2017,md011,207.0,50.0,241.7670374720975,0.2481275895709383,0.16,0.3184510409832001
PCL0543,-35.06360614919759,-71.9001254820425,2017,md011,186.0,93.0,241.36866312255876,0.1495949938873628,0.52,0.2885281324386596
PCL0544,-35.06362801609372,-71.90410560146216,2017,md011,207.0,72.0,238.0326595117811,0.24356065676671515,0.12,0.2580242305994033
PCL0545,-35.06450280174089,-71.90370907206469,2017,md011,186.0,356.0,220.9029672503807,0.2303254034597762,0.08,0.27368059456348415
PCL0546,-35.06445033183293,-71.90025402657932,2017,md011,143.0,93.0,246.05061782857672,0.21274983856311805,0.36,0.30151438017686205
PCL0547,-35.06554178642096,-71.90097234863924,2017,md011,264.0,100.0,243.49619871642807,0.3677549422832447,0.0,0.39117539227008813
PCL0548,-35.06596436296363,-71.90252208993968,2017,md011,271.0,100.0,233.66120618130165,0.22402010733583527,0.04,0.2604764014482498
PCL0549,-35.067541144770885,-71.89538628121558,2017,md011,271.0,72.0,244.46916549494333,0.3009961161547671,0.0,0.2541719257831574
PCL0550,-33.13222195996149,-71.58551130362123,2018,md012,150.0,1.0,156.24249508367413,0.06521986999512948,1.0,0.2749920225143432
PCL0551,-33.13524317733107,-71.58851490126602,2018,md012,157.0,8.0,221.636947915217,0.14208113191121222,0.68,0.313807088136673
PCL0552,-33.14242975193745,-71.58154519134962,2018,md012,150.0,1.0,203.17185335126436,0.09991254306576282,1.0,0.31433575868606567
PCL0553,-33.46921824696108,-71.40303905306014,2022,md014,264.0,1.0,266.19620416521167,0.4156200297630095,0.0,0.4936398386955261
PCL0554,-33.468533200536015,-71.40627990840953,2022,md014,264.0,1.0,258.86027242793125,0.38579785861782606,0.0,0.44689494371414185
PCL0555,-33.46930605461274,-71.40548363951633,2022,md014,264.0,150.0,262.00090767262975,0.3987235161434442,0.0,0.46798520684242245
PCL0556,-33.46929679898385,-71.40503153014053,2022,md014,264.0,150.0,263.2592836577998,0.4038293118526931,0.0,0.46310628205537796
PCL0557,-33.46941596259536,-71.40400201385951,2022,md014,264.0,1.0,268.4354828480946,0.4119132861064258,0.0,0.4474771440029144
PCL0558,-33.46969306864436,-71.40226679661191,2022,md014,264.0,1.0,260.43685819913617,0.4131662147707613,0.0,0.5350582540035248
PCL0559,-33.47030030301163,-71.40117542942083,2022,md014,264.0,150.0,255.5953328766919,0.43177202874684834,0.04,0.49084799997508527
PCL0560,-33.47009433226467,-71.39970658561005,2022,md014,264.0,1.0,260.9661626610697,0.33577371476887546,0.0,0.4156737804412842
PCL0561,-33.47000133354116,-71.39845603222273,2022,md014,264.0,150.0,265.53074244061565,0.3805941218673591,0.0,0.40029333531856537
PCL0562,-33.469737849565576,-71.39809373964529,2022,md014,264.0,150.0,265.53074244061565,0.315611505872319,0.0,0.32980608996003863
PCL0563,-33.469063568501674,-71.39752647893985,2022,md014,264.0,150.0,262.85855436549843,0.315611505872319,0.0,0.33860197067260744
PCL0564,-33.432575000000014,-70.50251,2021,md007,271.0,2.0,251.5766463313035,0.3250906189969476,0.0,0.2832436472177505
PCL0565,-33.61799000000003,-70.751045,2021,md007,37.0,356.0,82.08069109741372,0.10412876535018241,0.92,0.4171758681535721
PCL0566,-33.386509000000004,-70.737865,2021,md007,243.0,356.0,240.44102899978438,0.3400472165724769,0.0,0.2955337370435397
PCL0567,-32.98444899999999,-70.716362,2021,md007,257.0,2.0,222.53224308717668,0.15928681151032506,0.44,0.29072170058886204
PCL0568,-33.53987159999996,-70.8179283,2021,md007,243.0,165.0,254.61630928242107,0.36952048309603963,0.0,0.4085436781868339
PCL0569,-32.70763,-71.104949,2021,md007,243.0,8.0,241.66688916058683,0.19751126616836162,0.08,0.2436352729797363
PCL0570,-33.31760700000002,-70.54841000000002,2021,md007,250.0,2.0,244.71805707910664,0.23494352046769168,0.28,0.2922106782595316
PCL0571,-33.19696700000003,-70.836954,2021,md007,243.0,356.0,232.9317565586433,0.37512440291902815,0.04,0.3617922772963842
PCL0572,-33.69489499999995,-70.822793,2021,md007,243.0,2.0,243.54671440960627,0.3188443244097384,0.0,0.36960431933403015
PCL0573,-33.55416300000004,-70.299326,2021,md007,179.0,2.0,210.26652172302252,0.13657994609382965,0.52,0.20883446782827375
PCL0574,-33.45569200000004,-70.509842,2021,md007,250.0,2.0,246.11471552124198,0.30150167417910106,0.0,0.3085023095210393
PCL0575,-33.357119000000054,-70.564081,2021,md007,200.0,2.0,247.09690446943478,0.2782253172844837,0.0,0.12958283841609958
PCL0576,-33.307151000000026,-70.57644100000002,2021,md007,243.0,2.0,238.2503425582472,0.285533727971345,0.04,0.28770868678887696
PCL0577,-33.09299400000002,-70.664403,2021,md007,243.0,356.0,231.0890627643551,0.29152302342815317,0.12,0.2589077164729437
PCL0578,-32.595159999999986,-71.421569,2021,md007,250.0,150.0,270.9458245701268,0.110704698684647,0.92,0.33678712099790575
PCL0579,-36.14638888888887,-71.36194444444445,2013,md015,307.0,157.0,334.7403973895631,0.12115344879134039,0.68,0.39805896279712516
PCL0580,-36.55472222222221,-71.5375,2013,md015,200.0,1.0,26.170369230859887,0.06990851590783737,1.0,0.16736137966314946
PCL0582,-37.76694444444445,-72.78277777777778,2013,md015,150.0,1.0,100.17063381646975,0.035692243969021646,1.0,0.2158878048261006
PCL0583,-36.88305555555557,-71.62944444444445,2013,md015,328.0,171.0,28.490052457327902,0.17419354421204436,0.36,0.3098846728461131
PCL0584,-36.308611111111155,-71.40305555555555,2013,md015,207.0,364.0,180.60358111648657,0.0940807584719404,0.8,0.2715999990701675
PCL0585,-36.59138888888884,-71.46583333333334,2013,md015,356.0,243.0,186.1735964963309,0.04535013004594797,1.0,0.10318422922582338
PCL0586,-36.278611111111125,-71.41666666666667,2013,md015,214.0,364.0,208.08848849725103,0.04774312851934908,1.0,0.15570541073878597
PCL0589,-32.078888888888905,-71.50888888888889,2013,md015,215.0,38.0,232.1825317099322,0.4727067731088151,0.0,0.4146323421349129
PCL0590,-33.87277777777775,-70.92972222222222,2013,md015,364.0,150.0,258.8210849198078,0.030643813777671815,1.0,0.07264563590288164
PCL0592,-31.785555555555565,-71.33472222222223,2013,md015,165.0,1.0,224.80392465415338,0.4398791833221097,0.0,0.32435297071933744
PCL0593,-37.77416666666665,-72.96638888888889,2013,md015,357.0,165.0,18.2377440059518,0.12991041179103222,0.64,0.35977309107780453
PCL0594,-31.796666666666674,-71.49555555555555,2013,md015,237.0,130.0,248.74799866106065,0.32304165419008984,0.0,0.3784529615441958
PCL0595,-33.72444444444447,-70.48305555555555,2013,md015,214.0,8.0,198.24033226114722,0.11597434898351015,0.8,0.23260535498460133
PCL0596,-33.19277777777775,-71.28055555555555,2013,md015,222.0,108.0,246.82253064904427,0.1861670715957015,0.16,0.28421359737714125
PCL0602,-31.941666666666652,-71.49416666666667,2013,md015,208.0,144.0,257.3654898997201,0.11145724986834256,0.56,0.15415550917387
PCL0603,-37.52888888888893,-71.70305555555557,2013,md015,8.0,271.0,40.707046224153515,0.21424615901146232,0.0,0.32609454592068987
PCL0604,-37.13416666666668,-71.66166666666666,2013,md015,114.0,193.0,57.931907791984564,0.04353610570684201,0.8,0.1491732737421989
PCL0605,-33.08166666666667,-71.06,2013,md015,364.0,136.0,306.4322664325864,0.07635513858840952,0.88,0.18979039390881858
PCL0606,-33.386666666666706,-71.67388888888888,2013,md015,365.0,165.0,262.2738128068758,0.11804136901732419,0.68,0.20912826836109155
PCL0607,-34.33166666666669,-71.95166666666667,2013,md015,193.0,357.0,232.25722309262287,0.09693733433471037,0.6,0.24101253747940066
PCL0608,-35.61166666666664,-72.3536111111111,2013,md015,365.0,172.0,11.26716184186706,0.09562551288285612,0.96,0.23526159269469127
PCL0609,-35.609444444444456,-72.35333333333334,2013,md015,365.0,215.0,30.389023668688182,0.0895736419125398,1.0,0.2044568304220835
PCL0610,-33.08416666666668,-71.30083333333333,2013,md015,200.0,108.0,236.11302493431094,0.1839682435624282,0.16,0.23054656942685448
PCL0611,-36.30999999999998,-71.36333333333333,2013,md015,214.0,364.0,31.254131183376078,0.041362920629140563,0.92,0.17585533459981284
PCL0613,-30.672499999999964,-71.68111111111111,2013,md015,265.0,187.0,302.6261017350088,0.3341750477735448,0.0,0.5152035976788311
PCL0616,-36.401111111111106,-72.72805555555557,2013,md015,365.0,1.0,34.730260727827684,0.06158099281862941,0.96,0.4437325596809387
PCL0617,-36.321666666666616,-71.295,2013,md015,214.0,250.0,176.82210352417707,0.06895149704091307,0.8,0.12387635915568374
PCL0618,-32.980277777777744,-71.11916666666667,2013,md015,178.0,22.0,215.43488552278066,0.08792873280568436,0.84,0.20550283367757682
PCL0619,-33.09166666666667,-71.61083333333333,2013,md015,143.0,1.0,203.83359469499408,0.06152255343660818,0.92,0.2985703110694885
PCL0623,-36.85805555555556,-71.63944444444445,2013,md015,100.0,257.0,63.69152973957139,0.05421127235935163,0.76,0.17129063457250593
PCL0624,-37.692777777777806,-71.76083333333335,2013,md015,114.0,299.0,132.20132102525184,0.07870654577200717,0.8,0.20101142227649682
PCL0625,-37.63138888888884,-71.79583333333333,2013,md015,8.0,250.0,37.53731937982556,0.13660516673069287,0.56,0.30154207100470853
PCL0626,-34.99472222222222,-70.80805555555555,2013,md015,228.0,1.0,237.69483915943923,0.043819529781829035,1.0,0.14709790746370965
PCL0627,-35.98638888888888,-72.6875,2013,md015,130.0,3.0,183.01509138309237,0.016169378731458916,1.0,0.2767036656538646
PCL0628,-35.98722222222223,-72.68916666666667,2013,md015,130.0,3.0,182.57310571038394,0.023189150230421066,1.0,0.26534659294855023
PCL0629,-35.835,-72.50472222222223,2013,md015,365.0,158.0,13.641876119874269,0.12519064818946157,0.6,0.3429014293920426
PCL0630,-35.83305555555555,-72.84333333333333,2013,md015,365.0,3.0,303.7560167471251,2.1499167304446183,0.0,0.3054790645837784
PCL0632,-35.86861111111114,-71.11277777777778,2013,md015,299.0,164.0,346.36966687513205,0.22833351618985306,0.24,0.4820774118602276
PCL0633,-36.232777777777784,-71.36472222222223,2013,md015,186.0,157.0,163.80680907675472,0.10721041062459426,0.68,0.315781269595027
PCL0634,-36.87833333333331,-72.99444444444444,2013,md015,116.0,180.0,30.49128380844467,0.05303962941099066,1.0,0.1999060188348477
PCL0637,-32.07083333333336,-71.48916666666666,2013,md015,208.0,130.0,252.48020784314747,0.17871316398141168,0.44,0.2869944409245536
PCL0639,-36.03805555555555,-71.26944444444445,2013,md015,129.0,250.0,37.37222245517223,0.06364440727320911,0.96,0.2132123212019602
PCL0640,-36.744166666666665,-72.92555555555556,2013,md015,109.0,365.0,138.29130003091447,0.04985441975389235,1.0,0.22422496030728034
PCL0641,-33.18611111111114,-71.50805555555556,2013,md015,365.0,1.0,199.69648466384837,0.0382882845675297,0.96,0.17940455675125122
PCL0642,-35.55750000000001,-71.20527777777778,2013,md015,114.0,250.0,36.40819841679899,0.05134861320104634,1.0,0.14789578083789723
PCL0643,-36.90944444444444,-72.87194444444444,2013,md015,1.0,8.0,171.03174941195982,0.07413688364524205,0.92,0.21830958127975464
PCL0647,-36.77250000000004,-73.18166666666667,2013,md015,329.0,173.0,359.5401820802679,0.09573606462303441,1.0,0.33842451954499275
PCL0649,-37.396111111111075,-71.65722222222222,2013,md015,356.0,193.0,132.76007455482377,0.0378837535493827,0.88,0.17076754351456958
PCL0651,-34.146666666666654,-70.96416666666667,2013,md015,178.0,1.0,200.72803862015263,0.08100106192537099,1.0,0.20748219738403972
PCL0652,-34.148611111111144,-70.9588888888889,2013,md015,178.0,1.0,214.11813528025593,0.07302721191692992,1.0,0.16421192089716607
PCL0654,-37.872222222222234,-73.00194444444445,2013,md015,108.0,172.0,295.83635763712317,0.11973842374802375,0.8,0.37711105257272715
PCL0655,-37.872222222222206,-73.00166666666667,2013,md015,108.0,172.0,295.83635763712317,0.11973842374802375,0.8,0.37711105257272715
PCL0656,-32.15972222222219,-71.48083333333335,2013,md015,222.0,108.0,254.92443566613684,0.09828875662783007,0.6,0.3038639267995245
PCL0657,-34.186388888888885,-71.93333333333334,2013,md015,72.0,165.0,337.1559683422791,0.05319328916797389,1.0,0.105541307926178
PCL0658,-34.85916666666662,-70.9563888888889,2013,md015,292.0,186.0,350.0112153142216,0.24400325569792725,0.04,0.4412081086138885
PCL0661,-37.061111111111146,-71.80805555555555,2013,md015,8.0,228.0,18.57397483060273,0.11014195005243183,0.76,0.23415516391396518
PCL0662,-36.79805555555558,-73.16305555555556,2013,md015,244.0,173.0,346.20011386619007,0.08519201008484753,0.96,0.34674029846986154
PCL0663,-32.99999999999998,-71.12,2019,md018,307.0,136.0,292.8174504740849,0.12072840188376137,0.88,0.25173821238179994
PCL0664,-33.749999999999964,-70.57,2019,md016,235.0,364.0,237.8722853810178,0.3713335815491635,0.0,0.35107172727584834
PCL0675,-33.44000000000002,-70.48,2019,md018,278.0,143.0,244.1157179927477,0.14254971125193155,0.56,0.25890100449323655
PCL0676,-33.699999999999974,-70.5,2019,md018,186.0,364.0,229.72420561617133,0.3533202932772516,0.0,0.34233904461065934
PCL0677,-32.18000000000003,-71.06,2019,md018,193.0,349.0,210.1391342432328,0.3553606361862937,0.0,0.38393368422985075
PCL0678,-34.88000000000004,-70.68,2019,md018,357.0,179.0,28.80652923545186,0.45973658484398866,0.0,0.5579899430274964
PCL0679,-34.54000000000002,-70.01,2019,md018,293.0,215.0,79.75048946832092,1.7483949777651238,0.0,0.13357326276600362
PCL0680,-34.729999999999954,-70.75,2019,md018,307.0,178.0,348.9913126811576,0.11505416606669154,0.72,0.2183825894196828
PCL0681,-35.53000000000001,-71.91,2019,md018,214.0,364.0,195.32594784875053,0.06593460162457858,0.84,0.22320080399513242
PCL0682,-35.83000000000002,-72.54,2019,md018,363.0,334.0,192.24606652578174,0.021373881036630845,1.0,0.13665301601092028
PCL0683,-33.83008575103727,-70.57931330346388,2014,md019,221.0,122.0,263.11665339016025,0.11810433196114209,0.92,0.26594838986794156
PCL0684,-33.71276982755514,-71.42791963352128,2014,md019,236.0,1.0,243.7383759775215,0.2092604251895344,0.04,0.2814169224103291
PCL0685,-33.87853665397177,-71.65649759428764,2014,md019,250.0,1.0,254.62087191232737,0.30401495706172915,0.2,0.48035023053487147
PCL0686,-33.038459187118995,-71.14323228954912,2014,md019,250.0,136.0,255.62268384045473,0.3626608148504078,0.0,0.4806266715129216
PCL0687,-33.01464863549092,-71.15652757879374,2014,md019,243.0,1.0,252.64038735851034,0.4395518327633484,0.0,0.4673310418923695
PCL0688,-33.03075783492897,-71.2651932418108,2014,md019,257.0,36.0,247.77303287331395,0.3275775770953148,0.0,0.28723930935064956
PCL0689,-33.05293649066221,-71.04418863725346,2014,md019,257.0,143.0,259.65569379225167,0.30848579267047865,0.0,0.3608067225416502
PCL0690,-33.05459475313777,-71.03984713520266,2014,md019,200.0,136.0,268.17854359216557,0.24373833637122758,0.0,0.4079315354426702
PCL0691,-33.08076634577039,-71.20140386671683,2014,md019,228.0,57.0,249.83107250622115,0.19702180864898175,0.0,0.26932387848695116
PCL0692,-33.02972835961809,-71.36486108521514,2014,md019,257.0,129.0,240.51207163987826,0.4641556859758566,0.0,0.43775314360857015
PCL0693,-32.85479214353844,-71.49437896152706,2014,md019,329.0,15.0,269.8751780382502,0.10502750856790054,0.84,0.17121878683567054
PCL0694,-33.84320608091971,-71.64892035917994,2014,md019,265.0,8.0,258.6409850355317,0.3078226923806658,0.08,0.4822997868061065
PCL0695,-33.87325978022139,-71.6545398299639,2014,md019,243.0,8.0,260.4396895864443,0.20779858883636687,0.32,0.4141167410214741
PCL0696,-33.87810168990318,-71.6536738248927,2014,md019,300.0,8.0,263.57167619166097,0.3414945291828024,0.0,0.4054851400852204
PCL0697,-32.98289417390094,-71.19087096514201,2014,md019,243.0,150.0,281.6317101330789,0.3243744408095201,0.0,0.5555592102805773
PCL0698,-33.02582369024042,-71.03896978059394,2014,md019,264.0,356.0,233.18443347528333,0.13479349265835439,0.6,0.23047224283218382
PCL0699,-33.668831921581734,-70.5221085748716,2014,md019,214.0,50.0,239.22904759617063,0.3281612052812047,0.0,0.3791222575803598
PCL0700,-33.669389888066426,-70.52073785663873,2014,md019,214.0,50.0,238.63700348510548,0.31463093445660617,0.0,0.33134164368112884
PCL0701,-33.64993359634348,-70.52399709423008,2014,md019,250.0,72.0,249.76217303744988,0.2410425346613196,0.04,0.308829207867384
PCL0702,-33.65268185791336,-70.522719178551,2014,md019,257.0,136.0,249.00503012677763,0.23402266126997084,0.28,0.22094057957331337
PCL0703,-33.72586462999293,-70.50723887637483,2014,md019,257.0,50.0,242.71038433874668,0.22062880951957714,0.04,0.3497523095707099
PCL0704,-33.73695474942005,-70.51551754264618,2014,md019,214.0,8.0,235.65687727380504,0.09209586504631036,0.96,0.2544152814149857
PCL0705,-33.73482627398614,-70.51846997493358,2014,md019,257.0,129.0,246.18061168666634,0.14474503217648857,0.64,0.24273733019828797
PCL0706,-33.73442716210743,-70.51939119913432,2014,md019,257.0,136.0,243.21993035311752,0.16973518072734903,0.24,0.2502366852760316
PCL0707,-33.35022385034516,-71.62308514431408,2014,md019,286.0,1.0,256.4052971644152,0.2484407510845967,0.12,0.38320234219233185
PCL0708,-33.34964436718325,-71.62234797785305,2014,md019,286.0,1.0,251.8631512691881,0.2951714811853912,0.0,0.36984258731206265
PCL0709,-33.349329702378895,-71.62059818883905,2014,md019,257.0,8.0,263.4969782586956,0.21286807845172914,0.28,0.33944827357927954
PCL0710,-32.86183111591538,-71.176380639668,2014,md019,365.0,8.0,183.87695352844432,0.0614592132898345,1.0,0.1616077423095703
PCL0711,-32.866889597368306,-71.47002557100393,2014,md019,257.0,65.0,250.9037857112221,0.3312958353845915,0.08,0.3422294443845749
PCL0712,-32.8664678643565,-71.47037715023241,2014,md019,250.0,50.0,249.87873417595134,0.3078905420593597,0.16,0.3328613845507303
PCL0713,-32.823327052471306,-71.47872900381586,2014,md019,243.0,86.0,239.15013487421828,0.19188440824669023,0.0,0.26470311999320983
PCL0714,-32.58431281229166,-71.4027661872738,2014,md019,257.0,179.0,294.5814199991117,0.15056200960222887,0.48,0.35224308391412096
PCL0715,-32.58342418911446,-71.40255075000809,2014,md019,265.0,129.0,286.92516676565907,0.1392777037775239,0.6,0.24014320472876238
PCL0716,-32.58734118611753,-71.40284702459483,2014,md019,293.0,158.0,268.63986788231114,0.24777271450967553,0.28,0.2749588131904602
PCL0717,-33.11543125595105,-71.19876456349654,2014,md019,243.0,136.0,253.86885846982534,0.15440123157650645,0.44,0.2652127037445704
PCL0718,-33.116197741400754,-71.19569754911169,2014,md019,257.0,65.0,260.1952936660963,0.13095048408402174,0.68,0.2399274466435114
PCL0719,-33.11588278189947,-71.19412522229159,2014,md019,264.0,107.0,268.9245020767206,0.130813857533645,0.64,0.2556079973777135
PCL0720,-32.58447810916448,-71.25023130174579,2014,md019,250.0,50.0,243.27302451384148,0.3423291372671292,0.0,0.3505667308966319
PCL0721,-32.19851889140544,-71.44281737109385,2014,md019,236.0,8.0,239.86050777393268,0.2649559841972459,0.12,0.4136106431484222
PCL0722,-32.198609025029604,-71.44188647460338,2014,md019,265.0,8.0,239.86050777393268,0.2403306266922253,0.16,0.36057667533556625
PCL0723,-32.197253619890425,-71.43314304636056,2014,md019,236.0,108.0,268.3880688715064,0.17170734566644097,0.28,0.2908524672190348
PCL0724,-32.19797897502194,-71.43293964110202,2014,md019,243.0,8.0,268.5709571550846,0.14865136698769932,0.52,0.2785952349503835
PCL0725,-32.78656490965025,-71.42900845200491,2014,md019,172.0,136.0,250.21029113452374,0.17208580719418506,0.2,0.30152393897374474
PCL0726,-32.83349945060918,-71.44799501941765,2014,md019,222.0,100.0,252.52407794662386,0.13460343467798586,0.56,0.2535731568932533
PCL0727,-32.98833334099556,-70.89728418526958,2014,md019,228.0,1.0,238.72831756674702,0.28820799512376893,0.12,0.37342214663823436
PCL0728,-32.99785690106846,-70.89371018613966,2014,md019,235.0,292.0,250.4153896794091,0.07346581579021103,0.88,0.17038963238398225
PCL0729,-32.71512357643766,-71.38754891563242,2014,md019,243.0,1.0,247.99028602013493,0.43049544508538057,0.0,0.4823495395978291
PCL0730,-32.69497689432133,-71.33011718258389,2014,md019,222.0,108.0,250.07536472879252,0.197891482912749,0.12,0.33328783512115484
PCL0731,-32.694317918188055,-71.32821243875519,2014,md019,250.0,179.0,261.4600855925024,0.2669582647928008,0.0,0.3682053040464719
PCL0732,-32.700955568780394,-71.32185770068759,2014,md019,243.0,1.0,273.6558967111638,0.2697347298657436,0.0,0.45377269705136614
PCL0733,-32.71582300060019,-71.17938658056963,2014,md019,236.0,108.0,247.0745927381709,0.3977702457624805,0.0,0.5132863967617353
PCL0734,-32.6915804946162,-71.16439983501532,2014,md019,243.0,108.0,275.1759198666449,0.2919074436987434,0.04,0.3641463800271353
PCL0735,-32.570755502382845,-71.28008120053016,2014,md019,257.0,29.0,248.0684422183159,0.29131619487251353,0.0,0.27435250381628673
PCL0736,-32.55847019582931,-71.2607733135431,2014,md019,257.0,122.0,262.0230968299758,0.26559351973814926,0.0,0.34960415860017136
PCL0737,-33.009838920487304,-71.47944157147623,2014,md019,236.0,1.0,236.38707623913575,0.33339830003510906,0.0,0.3395178119341533
PCL0738,-33.00836364870258,-71.4788116726521,2014,md019,243.0,108.0,238.87224072864402,0.3667682726865766,0.0,0.26303177764018376
PCL0739,-33.008663164075905,-71.48234093561176,2014,md019,243.0,122.0,238.69302667878918,0.37261583367976225,0.0,0.4376454309622446
PCL0740,-33.02587695807734,-71.44810020148294,2014,md019,257.0,1.0,247.95386872468742,0.2711213035612834,0.08,0.29623825907707213
PCL0741,-33.0261448411482,-71.45144725336073,2014,md019,265.0,36.0,251.85476648331752,0.2677489660719974,0.16,0.3111666999260585
PCL0742,-33.25303782568542,-71.48266472376565,2014,md019,365.0,65.0,248.3039748269607,0.17501109179467414,0.44,0.23978471557299297
PCL0743,-33.275868113249786,-71.47542137526345,2014,md019,243.0,1.0,263.104551929477,0.07745659894528699,0.96,0.24146852731704715
PCL0744,-33.276338144146955,-71.47219285625512,2014,md019,172.0,1.0,240.01284071705152,0.09989127861129514,0.64,0.26973110198974604
PCL0745,-33.27549281099849,-71.47253398304497,2014,md019,236.0,8.0,244.8445509943782,0.08408440260084384,1.0,0.22793898105621335
PCL0746,-33.2526256522188,-71.47122402039673,2014,md019,172.0,129.0,242.24645128554525,0.11799488455552044,0.64,0.23378990054130555
PCL0747,-32.69250124913845,-71.16382483520033,2014,md019,257.0,108.0,274.0995282779225,0.32728504787964896,0.0,0.36941457609335576
PCL0748,-33.266366506308486,-71.45441655011818,2014,md019,250.0,129.0,239.03597644638103,0.14658684710868414,0.52,0.26443592985471087
PCL0749,-33.25165789152082,-71.47228063391991,2014,md019,172.0,79.0,234.90197201633643,0.11799488455552044,0.6,0.1949266733725865
PCL0750,-32.55524763567698,-71.26645313994005,2014,md019,257.0,36.0,258.8044408989156,0.18524712594240195,0.36,0.20010585983594253
PCL0751,-32.71145098316265,-71.18136028257109,2014,md019,222.0,8.0,232.54564001480855,0.4787420640003422,0.0,0.5528652548789978
PCL0752,-32.69209647113276,-71.1674197434628,2014,md019,243.0,65.0,260.4770257659576,0.370234648988362,0.0,0.41332264264424645
PCL0753,-32.712785004261036,-71.18812372709282,2014,md019,243.0,357.0,245.67684990262643,0.23618932841079288,0.08,0.39236979524294546
PCL0754,-32.55855385575017,-71.26464084448304,2014,md019,257.0,108.0,281.4063065158285,0.21940658920665246,0.2,0.2657752449313799
PCL0755,-33.476203799112035,-70.93903683063162,2014,md019,250.0,200.0,275.6510429202393,0.32751526033586864,0.0,0.49702894588311525
PCL0756,-33.48234603607006,-70.9424128868727,2014,md019,250.0,129.0,268.43954471121083,0.4204935873735634,0.0,0.3244140579551458
PCL0757,-33.48443626957383,-70.94770045224176,2014,md019,257.0,143.0,270.3873995934282,0.4510231131768838,0.0,0.5493881522491575
PCL0758,-33.448728085405456,-71.31951242984546,2014,md019,365.0,165.0,313.82746455470874,0.12124068155353125,0.8,0.2382799288630485
PCL0759,-33.449572287880244,-71.32113759292352,2014,md019,365.0,186.0,280.46040283660784,0.11109965005650986,0.76,0.22944446124136447
PCL0760,-33.413440442382544,-71.3993720943637,2014,md019,257.0,1.0,251.44929206832313,0.23812596269063552,0.12,0.332711273431778
PCL0761,-33.41437433873986,-71.39817210277288,2014,md019,365.0,129.0,232.89184498881036,0.07124869342635623,0.84,0.18143672049045567
PCL0762,-33.417200932151694,-71.40120664010016,2014,md019,257.0,179.0,242.8073773852081,0.11544646853893926,0.72,0.1806238039334615
PCL0763,-33.41607980079081,-71.40369169741729,2014,md019,365.0,8.0,236.77423600924877,0.19177268111580711,0.32,0.1867040991783142
PCL0764,-33.42244227029736,-71.38706072178005,2014,md019,243.0,1.0,241.062207581007,0.2689170797903845,0.08,0.3546066327889761
PCL0765,-33.71828770396311,-71.39747622685383,2014,md019,257.0,79.0,240.7522498254944,0.45848240345400393,0.0,0.443599205315113
PCL0766,-33.71637854258768,-71.40060595334984,2014,md019,236.0,136.0,254.5846431283252,0.32603168062349625,0.0,0.38503352691729864
PCL0767,-33.71929341672332,-71.40047133734286,2014,md019,243.0,8.0,245.7647388992571,0.3296062326070836,0.0,0.37777032295862845
PCL0768,-33.55887445747401,-71.48987713069432,2014,md019,265.0,8.0,247.34243571874345,0.49884597288274124,0.0,0.5042905052502948
PCL0769,-33.53442458145145,-71.46000971201168,2014,md019,243.0,1.0,257.02536492378283,0.22861569681635424,0.32,0.3157392569382985
PCL0770,-33.19385527884678,-71.37302935109611,2014,md019,236.0,93.0,276.6316070046697,0.1686410304318741,0.32,0.22060371090968445
PCL0771,-33.16670650362571,-71.3501469255833,2014,md019,257.0,129.0,250.22224927823234,0.2944332212790613,0.16,0.2943907758593559
PCL0772,-33.94270674862952,-71.26429838743282,2014,md019,364.0,107.0,259.3050305706641,0.12465821329132465,0.68,0.2343399532636007
PCL0773,-33.93503457353595,-71.25640416314573,2014,md019,250.0,79.0,251.80548313998386,0.18507712850493727,0.44,0.30720372051000594
PCL0774,-33.80185698072399,-71.49037266799665,2014,md019,257.0,108.0,242.22306787993722,0.22941417599740555,0.0,0.3134524224201838
PCL0775,-33.80302987052346,-71.48765270393922,2014,md019,257.0,50.0,241.30611218061682,0.3721545060247373,0.0,0.40422885358333593
PCL0776,-33.78948484871604,-71.45994126952029,2014,md019,250.0,108.0,250.74770332273584,0.4316985979292417,0.0,0.3862280345956485
PCL0777,-33.80290242803227,-71.4787607445737,2014,md019,257.0,108.0,258.29545878200474,0.31854448422285797,0.0,0.39487701157728833
PCL0778,-33.19730620321311,-71.27272379869257,2014,md019,200.0,50.0,253.64422267098232,0.294582182603364,0.0,0.3607729226350784
PCL0779,-33.19249259817456,-71.28248762821624,2014,md019,243.0,1.0,255.15333620224436,0.2708513365973241,0.0,0.39012159784634903
PCL0780,-33.19141333795006,-71.28331758831388,2014,md019,243.0,1.0,245.4731126203895,0.39761053010639286,0.0,0.41438967506090807
PCL0781,-33.9202400615693,-71.24745894187063,2014,md019,235.0,72.0,243.24503922030976,0.29667390490007367,0.0,0.355325055817763
PCL0782,-33.185409214377366,-71.29891507951292,2014,md019,243.0,108.0,252.79703437381394,0.2991830948027109,0.0,0.3887481315930684
PCL0783,-33.18706150915691,-71.29684562503391,2014,md019,243.0,108.0,255.36938014644167,0.24749543468336005,0.0,0.2950014887253444
PCL0784,-36.0315848483211,-72.49630904952116,2019,md020,364.0,129.0,341.7889498946235,0.04577631040631211,1.0,0.1689764486625791
PCL0785,-36.026667054906305,-72.49561037843132,2019,md020,314.0,214.0,318.6963438149528,0.0610415881889834,1.0,0.17370424866676337
PCL0786,-36.026457677380414,-72.49723699519949,2019,md020,356.0,207.0,348.1176077542112,0.040850087190366216,1.0,0.10221770405769348
PCL0787,-36.02563628946287,-72.50020334668496,2019,md020,356.0,235.0,49.95930308207547,0.025978798006095108,1.0,0.15514149367809293
PCL0788,-35.99260382553027,-72.4791644108918,2019,md020,292.0,207.0,327.0128813956979,0.06688592376985668,0.92,0.3443057894706726
PCL0789,-35.99287553235176,-72.47622772894535,2019,md020,292.0,186.0,348.07664427540755,0.11580614523312212,0.76,0.2975129781166713
PCL0790,-35.9938494345797,-72.47494590963151,2019,md020,1.0,207.0,7.241150333623126,0.11659251456402107,0.76,0.18998937606811528
PCL0791,-35.992821974240286,-72.48147946902986,2019,md020,292.0,207.0,13.284396855650742,0.08017822062130532,1.0,0.281409728527069
PCL0792,-35.994792511236014,-72.47438092500242,2019,md020,307.0,186.0,10.403462143755434,0.11871575313234234,0.8,0.2939392373959223
PCL0793,-35.812058790088656,-72.39113934426426,2019,md020,299.0,207.0,15.606659708163537,0.12789119704606766,0.68,0.43534572124481197
PCL0794,-35.81317319184665,-72.39102831757235,2019,md020,299.0,214.0,6.379022650242485,0.13462149384811267,0.76,0.27741457819938653
PCL0795,-35.81340830433736,-72.39220435198435,2019,md020,299.0,221.0,218.4362169405544,0.05796212052625317,0.88,0.297976890206337
PCL0796,-35.797052437257584,-72.38934471904444,2019,md020,364.0,214.0,16.745283663410913,0.13746220679999313,0.56,0.3607508301734924
PCL0797,-36.08242155748938,-72.5294074425114,2019,md020,356.0,193.0,123.35353495338124,0.04703536474886147,1.0,0.2659193295240402
PCL0798,-36.08307464942916,-72.52567831262273,2019,md020,292.0,171.0,348.42465104555487,0.08023331948478588,1.0,0.20423443893591564
PCL0799,-36.07943080787277,-72.5185864953507,2019,md020,114.0,221.0,31.49267903822358,0.055039883729612195,0.96,0.23041281302769978
PCL0800,-36.08102814484426,-72.5204238757494,2019,md020,356.0,164.0,345.312310589175,0.12704387909521211,0.72,0.3319975621004898
PCL0801,-35.951052383746955,-72.4616204182809,2019,md020,356.0,221.0,39.08201810835251,0.06487109725752584,1.0,0.34747899373372393
PCL0802,-35.95263066015845,-72.45944430594595,2019,md020,307.0,221.0,8.429482641765638,0.1392446484988135,0.72,0.3567120363314946
PCL0803,-35.953972981391516,-72.45661474864325,2019,md020,307.0,214.0,315.29422178742374,0.07595128790532431,0.96,0.19794844388961796
PCL0804,-35.95617381695398,-72.4558830647577,2019,md020,364.0,221.0,12.383131954110826,0.1017617437974805,1.0,0.3043993512789409
PCL0805,-35.951550259095654,-72.45142871455818,2019,md020,292.0,221.0,23.8534420505121,0.08657504114491506,1.0,0.38858709683020903
PCL0806,-36.22647097018904,-72.63330999505077,2019,md020,356.0,221.0,22.54379506306981,0.047815162245609666,1.0,0.14607238372166953
PCL0807,-36.22619550439901,-72.6376123021274,2019,md020,314.0,186.0,18.4323532594593,0.17099339809235875,0.24,0.3235336498419443
PCL0808,-36.22513747563785,-72.63060251596578,2019,md020,364.0,178.0,22.563632335554015,0.12634672328296023,0.6,0.2457534746328991
PCL0809,-36.2277768265335,-72.63143507191714,2019,md020,356.0,221.0,24.729594663004793,0.15499162318410273,0.44,0.31029314001401265
PCL0810,-35.96171705971848,-72.46811799629191,2019,md020,292.0,186.0,295.1156524186153,0.13526488350384663,0.56,0.2827654246489206
PCL0811,-35.952973378985256,-72.44978485473925,2019,md020,292.0,171.0,347.05457860182077,0.0622077686394854,1.0,0.27312255263328555
PCL0812,-35.955319904409926,-72.44823498556724,2019,md020,307.0,214.0,347.4648829461168,0.10286611175915802,0.92,0.3722673982381821
PCL0813,-35.94860874344342,-72.45307328403425,2019,md020,364.0,178.0,8.048108624766659,0.10237527098766878,0.8,0.3175932049751282
PCL0814,-35.94835727061866,-72.45438935740766,2019,md020,364.0,228.0,15.578279784808382,0.07021362770304033,1.0,0.3238848268985748
PCL0815,-35.96902322416466,-72.4790720512293,2019,md020,364.0,214.0,9.14520758798342,0.16720036131911914,0.36,0.2991728544235229
PCL0816,-35.97029153618812,-72.47852166220395,2019,md020,364.0,214.0,12.190383578241066,0.16721132873228675,0.36,0.32117400765419
PCL0817,-35.97018148936441,-72.47671784507553,2019,md020,364.0,186.0,17.549676212958097,0.10874100699000387,0.88,0.2839981573820114
PCL0818,-36.222754566499276,-72.62724827883193,2019,md020,314.0,221.0,29.499083621649767,0.13457077189607153,0.6,0.3089220742384593
PCL0819,-36.22099906448789,-72.62644480955461,2019,md020,356.0,214.0,21.075611662086697,0.14836988724312627,0.52,0.351849514245987
PCL0820,-36.220799296048966,-72.62864219228003,2019,md020,314.0,178.0,9.504891604345737,0.12728684053536365,0.68,0.2554601562023163
PCL0821,-36.22213604236532,-72.6296919511322,2019,md020,356.0,186.0,12.61374429539746,0.10916213028089576,0.76,0.3216209473709266
PCL0822,-35.821466570686695,-72.40450152286759,2019,md020,364.0,221.0,17.651780888157358,0.18661352156251243,0.2,0.31921051939328504
PCL0823,-35.79784323955103,-72.39394815235015,2019,md020,364.0,178.0,24.56851989918354,0.2480562850529382,0.0,0.5086598579088847
PCL0824,-35.79790904611747,-72.39332533575005,2019,md020,364.0,171.0,24.21801820397361,0.2306704396879866,0.0,0.4126617566744487
PCL0825,-36.23020184985062,-72.63185909658475,2019,md020,314.0,221.0,20.197783966880603,0.14642217964167,0.6,0.35029644767443335
PCL0826,-36.22632344203057,-72.63040152974501,2019,md020,314.0,200.0,20.288917152735948,0.13490305105232894,0.64,0.26872482895851135
PCL0827,-35.82180962463155,-72.40271720594468,2019,md020,122.0,178.0,13.749523571663838,0.10043545125645992,0.88,0.17910438577334087
PCL0828,-35.843450080169134,-72.40463407503086,2019,md020,299.0,214.0,6.7292873139442415,0.13924099852546326,0.52,0.3838509768247605
PCL0829,-35.84476795699921,-72.40472395202123,2019,md020,299.0,221.0,6.716766311679978,0.12677089974191771,0.6,0.3225483099619548
PCL0830,-35.84426539578045,-72.40565914980294,2019,md020,299.0,221.0,5.843070753359888,0.19562146486880078,0.12,0.4190921058257421
PCL0831,-35.84336580566076,-72.40657405943601,2019,md020,299.0,221.0,331.7526360843991,0.13336881721975277,0.64,0.396594649553299
PCL0832,-36.092235462610105,-72.53133227534347,2019,md020,356.0,214.0,165.6398925547911,0.06977302549167924,0.96,0.33786957859992983
PCL0833,-36.09251564280687,-72.53374510545648,2019,md020,292.0,186.0,161.10893899106966,0.0791094811394972,0.92,0.24497954070568084
PCL0834,-36.08399139268949,-72.53179439927654,2019,md020,356.0,178.0,10.384059567120756,0.10736997316741057,0.88,0.24658089617888135
PCL0835,-35.79475269886072,-72.38589960750306,2019,md020,356.0,235.0,17.472785779545983,0.07993464453674352,0.88,0.2293038606643677
PCL0836,-35.86954838844339,-72.42663863210164,2019,md020,8.0,186.0,14.883786083383534,0.08479978792570919,0.96,0.3002314407626787
PCL0837,-35.82261952576949,-72.40437531684766,2019,md020,364.0,186.0,14.725050729454994,0.16728374501002022,0.44,0.39934956550598144
PCL0838,-35.822983022646625,-72.40795618369782,2019,md020,364.0,171.0,18.664204650350506,0.2047658385402758,0.16,0.3461619851986567
PCL0839,-36.26287832291939,-72.5020519881779,2019,md020,8.0,136.0,107.9523186969146,0.046183850923269675,1.0,0.26350404135882854
PCL0840,-36.26105005265342,-72.49880671474075,2019,md020,314.0,186.0,19.618081458989323,0.08008710533922188,0.8,0.38637973209222165
PCL0841,-36.261540909024305,-72.50443481750234,2019,md020,1.0,186.0,32.180196756181125,0.06863455361098117,1.0,0.320413858294487
PCL0842,-36.23147595598672,-72.63071157247336,2020,md020,1.0,221.0,13.190508833906348,0.1451243717536188,0.56,0.2949444353580475
PCL0843,-36.23178060034465,-72.63426242322204,2020,md020,1.0,221.0,14.894779779827356,0.16696327187613066,0.28,0.2859124392271042
PCL0844,-36.23054582126732,-72.6328978917837,2020,md020,356.0,221.0,18.95735406877724,0.11526082678163975,0.84,0.25516420006752016
PCL0845,-36.22851486611822,-72.63274776533005,2020,md020,356.0,214.0,20.917583188698007,0.08964736091159076,0.8,0.22962604165077205
PCL0846,-35.79771021257571,-72.39517059548496,2020,md020,364.0,214.0,27.252046245332988,0.2217465807894804,0.08,0.4219457358121872
PCL0847,-35.798086688230455,-72.39757016262985,2020,md020,356.0,214.0,28.41440832184052,0.1941727897941635,0.36,0.3529975533485412
PCL0848,-36.222120522798264,-72.62618287238105,2021,md020,364.0,221.0,18.26397656868333,0.17415828842526582,0.24,0.3537198877334594
PCL0849,-36.22109281448273,-72.6247656474373,2021,md020,307.0,178.0,13.37934667555219,0.10324224943833059,0.88,0.2836373599370321
PCL0850,-35.80865220100014,-72.37834166977831,2021,md020,356.0,100.0,202.2683970915193,0.04664692355292435,0.96,0.14408264756202693
PCL0851,-35.79767564141447,-72.39453225226917,2021,md020,1.0,235.0,29.53780711474628,0.21571430950406806,0.0,0.37356849014759064
PCL0852,-35.798031369143004,-72.39501738484702,2021,md020,1.0,214.0,29.725970719628837,0.22189085454389407,0.12,0.36552864909172056
PCL0853,-35.79872503515928,-72.39595726548373,2021,md020,1.0,250.0,34.669107153494366,0.12585163893957785,0.64,0.2177545547485351
PCL0854,-35.82230250817721,-72.40752546148293,2021,md020,1.0,193.0,22.25198565905404,0.24129996374706508,0.0,0.3664873719215393
PCL0855,-35.8229821264026,-72.40844515709286,2021,md020,1.0,228.0,23.880954684834244,0.1888555661260088,0.2,0.31690168380737305
PCL0856,-35.82125882676261,-72.40610855620896,2021,md020,307.0,228.0,18.91176498123319,0.22225572564388776,0.0,0.3756477981805801
PCL0857,-35.82091245459061,-72.40563731977157,2021,md020,356.0,228.0,14.363997477491012,0.20013457451393035,0.16,0.33456350266933443
PCL0858,-35.82377121829691,-72.38393337350627,2021,md020,307.0,214.0,339.7212224173424,0.08652466473064754,1.0,0.24086026251316073
PCL0859,-36.225216385507444,-72.63044550801222,2021,md020,299.0,221.0,25.342871445957293,0.11598728560184579,0.68,0.23737039407094318
PCL0860,-36.226882755030516,-72.6308457525745,2021,md020,1.0,221.0,28.72601663483855,0.14023240844478058,0.64,0.3742334854602814
PCL0861,-35.8583034162861,-72.39279645880197,2021,md020,278.0,221.0,330.9516578526774,0.04659233783474498,1.0,0.17391226291656492
PCL0862,-35.868022791292816,-72.40809354368335,2021,md020,321.0,221.0,11.039487010937645,0.08920990694235804,0.92,0.2767621040344238
PCL0863,-35.868592635143564,-72.40680927926535,2021,md020,356.0,221.0,19.4253292207738,0.05148185423969412,1.0,0.2910853803157807
PCL0864,-35.84515061036716,-72.40537236649165,2021,md020,1.0,221.0,9.823690543065995,0.18731781213275442,0.32,0.3546876639127731
PCL0865,-35.85881910618126,-72.43085318088559,2021,md020,1.0,200.0,353.142741157073,0.12300454373062074,0.64,0.3607921987771988
PCL0866,-35.8567510490401,-72.4336580245495,2021,md020,321.0,228.0,333.38529862922434,0.1599901422217007,0.48,0.32197806239128113
PCL0867,-36.1004858910842,-72.56842473019611,2022,md020,136.0,207.0,54.78971751436848,0.06724329612741338,0.96,0.17788265585899354
PCL0868,-36.10014212063394,-72.56889513198293,2022,md020,1.0,207.0,54.78971751436848,0.05460003652275806,1.0,0.2296480643749237
PCL0869,-35.82160702250418,-72.40658084404612,2022,md020,314.0,228.0,20.36699574603782,0.23137601947510952,0.0,0.34570540785789494
PCL0870,-35.82195526428648,-72.40705534787088,2022,md020,1.0,186.0,22.160666268598707,0.24858088764549607,0.0,0.37302691757678985
PCL0871,-35.845477639087136,-72.40553218896062,2022,md020,1.0,171.0,9.809192790259297,0.11548512490351298,0.64,0.2791862177848816
PCL0872,-36.07045433970788,-72.54196540003645,2022,md020,285.0,200.0,7.710908848739619,0.08602646210281971,1.0,0.2288599187135697
PCL0873,-36.03904897287486,-72.53703173548054,2022,md020,1.0,214.0,7.812764930206738,0.14822119599594533,0.52,0.5067683202028275
PCL0874,-36.04076016941446,-72.53468780618373,2022,md020,292.0,193.0,8.032623793367016,0.12865029343362405,0.72,0.3941970920562744
PCL0875,-35.952480522914136,-72.45068309489473,2022,md020,285.0,200.0,350.8837338658913,0.10293540399419751,0.68,0.2941026866436005
PCL0876,-35.95213892324976,-72.45114968078556,2022,md020,292.0,171.0,354.63180091662196,0.1390391801443553,0.56,0.6767189234495163
PCL0877,-35.95179819876031,-72.45161512596493,2022,md020,292.0,178.0,351.95720097265286,0.10160648745746173,0.6,0.704960476756096
PCL0878,-35.95111323509572,-72.45255055113864,2022,md020,129.0,200.0,30.575907248481997,0.04249064973914697,1.0,0.315774973630905
PCL0879,-35.95671642891738,-72.45516749620025,2022,md020,285.0,214.0,356.03825705577,0.13478582577881984,0.8,0.3099132341146469
PCL0880,-35.970053277852344,-72.47953601839279,2022,md020,1.0,178.0,14.581448117969568,0.18145832457500283,0.28,0.32497482538223266
PCL0881,-35.97039503436545,-72.47907165407305,2022,md020,1.0,200.0,16.93825756586567,0.18145832457500283,0.28,0.350400869846344
PCL0882,-35.970736765604144,-72.4786061777138,2022,md020,1.0,221.0,17.677426372651922,0.13815123891412184,0.6,0.30493175983428955
PCL0883,-35.97903078423943,-72.46731635328186,2022,md020,328.0,178.0,12.121707715516989,0.04330784232561143,1.0,0.24454206109046928
PCL0884,-36.07181309687912,-72.55771947233772,2022,md020,1.0,171.0,13.888844874493985,0.1303399984162794,0.84,0.234183384180069
PCL0885,-36.07215597400485,-72.5572514474938,2022,md020,1.0,221.0,19.587840782544365,0.09633307700710442,0.88,0.18327445507049567
PCL0886,-36.23049737519517,-72.62999685050093,2023,md020,356.0,221.0,6.572918448486047,0.08373200959557606,1.0,0.17121429324150084
PCL0889,-36.02881320387533,-72.6764962251924,2023,md020,325.0,219.0,11.938612837277416,0.11361334691671693,1.0,0.21153673387709127
PCL0890,-36.02846985116345,-72.67696460011415,2023,md020,353.0,198.0,8.899177922196866,0.11209751855407515,1.0,0.2104387334414891
PCL0891,-36.029155675245896,-72.67602898172487,2023,md020,353.0,198.0,11.376608621480178,0.11701110264285211,1.0,0.2523360323338282
PCL0892,-36.02949900245597,-72.67555948967696,2023,md020,353.0,198.0,16.161047106636662,0.11542073466504676,1.0,0.2705902715524038
PCL0893,-36.031304295882535,-72.59470041783949,2023,md020,307.0,221.0,359.41909415736063,0.12982444193757164,0.64,0.2968538713455201
PCL0894,-36.030680579959366,-72.59640829989796,2023,md020,356.0,171.0,356.17313252087064,0.16857335934352086,0.44,0.4121301972866058
PCL0895,-36.03265108381477,-72.59655147265019,2023,md020,8.0,178.0,30.24832581046453,0.12988287407455662,0.6,0.4969716799259186
PCL0896,-35.83323423830365,-72.46548457866727,2023,md020,307.0,178.0,13.00120090258819,0.1718279117853328,0.4,0.2793999952077866
PCL0897,-36.230838613514,-72.62952374720008,2023,md020,1.0,243.0,12.497956718626636,0.0987262271929338,1.0,0.23167253335316973
PCL0898,-36.22435508816414,-72.6384841890871,2023,md020,299.0,178.0,7.796012082955085,0.13079616303858702,0.72,0.4997375518083572
PCL0899,-36.22469638508715,-72.63801227110287,2023,md020,299.0,178.0,8.23704672753566,0.10784402652044454,0.76,0.21711034615834557
PCL0900,-36.028124716248556,-72.67743413291656,2023,md020,325.0,219.0,7.3503574631519975,0.11819920678366849,0.96,0.28431868825639994
PCL0901,-36.02778048017223,-72.677903635186,2023,md020,318.0,219.0,11.777883871493446,0.13725398374731854,0.84,0.21811516398475284
PCL0902,-36.06268323866323,-72.58049372826919,2023,md020,1.0,250.0,21.139471186414294,0.10312826339461338,1.0,0.19013430277506504
PCL0903,-36.06302443200342,-72.58002701828212,2023,md020,314.0,243.0,21.92681305683257,0.10944590278057463,1.0,0.21305147806803393
PCL0904,-36.063366479301656,-72.57955805780713,2023,md020,314.0,243.0,24.1976787451037,0.07840369595692145,1.0,0.18496751983960458
PCL0905,-35.82022597430011,-72.40292896327686,2025,md020,300.0,207.0,47.4045037348947,0.047317796064275504,1.0,0.14061631659666707
PCL0906,-35.78929097751867,-72.45063820952424,2025,md020,315.0,215.0,13.955927634607475,0.16945457211397932,0.28,0.30558864474296554
PCL0907,-35.832543351594914,-72.46641972243128,2025,md020,300.0,236.0,22.61759854283539,0.13672591734818842,0.56,0.2433000703652698
PCL0908,-35.99666995653883,-72.66048801761376,2025,md020,307.0,200.0,358.1776300445752,0.14068244561644375,0.6,0.19990370000853686
PCL0909,-35.79884053526855,-72.40070856519054,2025,md020,136.0,1.0,51.60228810570058,0.05383911207454131,0.88,0.14100034236907955
PCL0910,-35.83376997978592,-72.38659701132454,2025,md020,293.0,222.0,33.99475483136721,0.07083674588775214,1.0,0.22125668376684193
PCL0911,-35.82255600590484,-72.4072310195412,2025,md020,300.0,193.0,20.48351232617673,0.22772021545871318,0.0,0.40186762690544126
PCL0912,-35.82022603199825,-72.40441200964652,2025,md020,315.0,222.0,23.276594354792252,0.08775561328000127,0.84,0.18328964531421654
PCL0913,-32.75887450000002,-70.7615805,2022,md021,250.0,2.0,246.11629899432404,0.2748491813977995,0.0,0.20430652201175692
PCL0914,-32.75910224999998,-70.761697,2022,md021,250.0,23.0,245.51767258620737,0.26498334214399816,0.0,0.20234024822711943
PCL0915,-32.75910199999998,-70.762069,2022,md021,250.0,37.0,245.478859279017,0.261995710581729,0.0,0.21612780839204784
PCL0916,-32.758062399999986,-70.7618056,2022,md021,250.0,2.0,246.9007198805786,0.2750929683413274,0.0,0.14601405908664067
PCL0917,-32.752017250000016,-70.75909525,2022,md021,250.0,2.0,251.28253886810057,0.3652133760671391,0.0,0.2962015777826309
PCL0918,-32.752261750000024,-70.7593995,2022,md021,250.0,9.0,251.40787991060358,0.3673064941066108,0.0,0.23429714490969977
PCL0919,-32.75206225,-70.75965475000001,2022,md021,250.0,65.0,253.80577038992175,0.38198714757583274,0.0,0.2727220172683398
PCL0920,-32.75262799999996,-70.75880625,2022,md021,243.0,9.0,249.35267439852927,0.3591875360128768,0.0,0.25800590117772415
PCL0921,-32.90597866666668,-71.1172426666667,2022,md021,243.0,172.0,261.4645825500847,0.2837808792825622,0.0,0.2622984563310941
PCL0922,-32.906080999999965,-71.117542,2022,md021,243.0,172.0,260.8151436812181,0.25884686762277376,0.0,0.26706799517075225
PCL0923,-32.90624000000002,-71.1174155,2022,md021,243.0,172.0,260.4286804819212,0.2837808792825622,0.0,0.2985113106667995
PCL0924,-32.906065000000005,-71.11771675,2022,md021,243.0,2.0,259.4290916107144,0.2755148218238575,0.0,0.3101288914680481
PCL0925,-32.95473949999998,-71.071871,2022,md021,257.0,2.0,250.10286752200813,0.1919040268869589,0.28,0.2741877088944118
PCL0926,-32.95359750000003,-71.0731505,2022,md021,236.0,2.0,242.69783027508373,0.20791888890361132,0.16,0.2842815438906352
PCL0927,-32.953380999999986,-71.0733765,2022,md021,243.0,2.0,240.93027547495817,0.20619029820216644,0.2,0.2971245169639587
PCL0928,-32.95298399999995,-71.0735715,2022,md021,243.0,2.0,237.73593003849885,0.19780682152807202,0.28,0.25914863944053645
PCL0929,-32.96670549999997,-71.1213175,2022,md021,193.0,80.0,262.28895770664053,0.18678526335344678,0.28,0.4786413595080376
PCL0930,-32.96678199999996,-71.1214745,2022,md021,165.0,129.0,260.790207031368,0.16063795562451194,0.48,0.44800561265399064
PCL0931,-32.96709399999999,-71.1216435,2022,md021,165.0,115.0,260.790207031368,0.15923652149304995,0.44,0.33386028925577793
PCL0932,-32.967291500000044,-71.121367,2022,md021,165.0,115.0,260.790207031368,0.15923652149304995,0.44,0.33386028925577793
PCL0933,-33.061662499999954,-71.302439,2022,md021,264.0,150.0,274.31459128397756,0.278308884610985,0.08,0.33184108585119243
PCL0934,-33.061802999999955,-71.302443,2022,md021,257.0,1.0,269.12311027731675,0.28697034476101896,0.08,0.26535238623619084
PCL0935,-33.06202000000003,-71.3016195,2022,md021,271.0,164.0,274.31459128397756,0.2872730603544233,0.04,0.3540242955088615
PCL0936,-33.061831,-71.301827,2022,md021,271.0,164.0,274.31459128397756,0.2872730603544233,0.04,0.3540242955088615
PCL0937,-33.10721150000003,-71.2097495,2022,md021,214.0,1.0,263.09894380680066,0.14309161390518454,0.64,0.25414108832677207
PCL0938,-33.10697950000004,-71.2096965,2022,md021,235.0,1.0,262.5276201240704,0.18128830295009526,0.44,0.2771327078342438
PCL0939,-33.10716850000002,-71.209933,2022,md021,193.0,1.0,264.4257697042096,0.12516379458358398,0.76,0.2365533848603566
PCL0940,-33.107370499999966,-71.2098165,2022,md021,271.0,157.0,276.5567530852571,0.11083157579495494,0.84,0.22986303046345724
PCL0941,-32.66588800000005,-70.5220945,2022,md021,186.0,2.0,269.7468114475969,0.05779235245183372,1.0,0.08967458486557006
PCL0942,-32.665215999999994,-70.5212475,2022,md021,271.0,2.0,257.0033725809612,0.06424662361059819,1.0,0.09643492400646209
PCL0943,-32.66563650000003,-70.5209145,2022,md021,186.0,2.0,280.72893670607715,0.07583440267057225,1.0,0.08753030627965924
PCL0944,-32.665945500000035,-70.52144550000001,2022,md021,328.0,2.0,286.71708134647105,0.07222647933364397,1.0,0.07163016051054
PCL0945,-32.640708500000024,-70.7454415,2022,md021,243.0,2.0,240.89927561682532,0.29323633874220134,0.0,0.23857731421788542
PCL0946,-32.64069799999998,-70.745069,2022,md021,243.0,2.0,247.05915839735417,0.3020592817631272,0.0,0.21386272211869556
PCL0947,-32.640104,-70.7453085,2022,md021,243.0,158.0,249.69160944576723,0.29276536835429123,0.0,0.31123042081793156
PCL0948,-32.639999000000024,-70.745108,2022,md021,243.0,158.0,261.93968555621586,0.29852504069431407,0.0,0.2655256668726603
PCL0949,-32.89441350000004,-71.18336,2022,md021,243.0,150.0,262.4000482143326,0.14201004122081115,0.6,0.27244884353131055
PCL0950,-32.89466249999999,-71.1829295,2022,md021,264.0,150.0,262.4000482143326,0.14614238514124112,0.52,0.2446193713694811
PCL0951,-32.89661049999998,-71.1809465,2022,md021,264.0,1.0,255.3529624446108,0.3322939733487501,0.0,0.3519834041595459
PCL0952,-32.89621399999998,-71.1811,2022,md021,264.0,1.0,254.84339001982653,0.33859137672591244,0.0,0.37782049775123594
PCL0953,-32.887642000000014,-71.3534055,2022,md021,285.0,100.0,282.75583177894725,0.3851401275353314,0.0,0.33764499425888067
PCL0954,-32.88731550000001,-71.3532605,2022,md021,278.0,150.0,284.3203022447147,0.37627777885166597,0.0,0.38968126857653257
PCL0955,-32.88725849999997,-71.3536395,2022,md021,285.0,150.0,287.2263847082616,0.37627777885166597,0.0,0.4321216723474208
PCL0956,-32.88668900000002,-71.353173,2022,md021,264.0,129.0,278.61479846440403,0.387777686978246,0.0,0.45344426855444914
PCL0957,-32.919961499999964,-70.0921725,2022,md021,108.0,187.0,38.164197596594455,0.12781212633685501,0.64,0.2934627277155717
PCL0958,-32.92015199999999,-70.091615,2022,md021,108.0,208.0,30.86809691062231,0.1702520499134433,0.44,0.19964047844211263
PCL0959,-32.919827000000005,-70.091142,2022,md021,329.0,208.0,29.6126549955827,0.33078484791280266,0.28,0.40362971474726994
PCL0960,-32.919842000000045,-70.091473,2022,md021,286.0,194.0,21.266537789839106,0.21549972717962806,0.36,0.19653132185339925
PCL0961,-32.64114800000002,-71.1503575,2022,md021,264.0,178.0,268.7491771431602,0.280646776759945,0.04,0.3621450301259756
PCL0962,-32.641146999999975,-71.150223,2022,md021,264.0,178.0,268.7491771431602,0.280646776759945,0.04,0.3621450301259756
PCL0963,-32.640773,-71.1503095,2022,md021,235.0,57.0,263.1922075322713,0.280646776759945,0.04,0.2635186553001404
PCL0964,-32.641311999999964,-71.150991,2022,md021,257.0,171.0,268.92956578357973,0.20901067546326418,0.12,0.3321637023240328
PCL0965,-32.917165000000026,-71.471386,2022,md021,271.0,79.0,273.41804362968975,0.44064377832803436,0.0,0.452247754111886
PCL0966,-32.916804000000006,-71.471091,2022,md021,264.0,79.0,271.8603754631205,0.4359307442400448,0.0,0.4365513704717159
PCL0967,-32.891484499999976,-71.497753,2022,md021,264.0,79.0,254.31376602655422,0.4028708937807453,0.0,0.3813359491527081
PCL0968,-32.88746650000001,-71.49637050000001,2022,md021,264.0,122.0,261.53169870013176,0.3954388632876473,0.0,0.43133001327514653
PCL0969,-32.88781199999996,-71.4959035,2022,md021,264.0,150.0,261.53169870013176,0.4137832301593039,0.0,0.4609261604957282
PCL0970,-32.888348499999985,-71.4953875,2022,md021,264.0,129.0,264.9265993527708,0.3970944929533407,0.0,0.4062712192535401
PCL0971,-32.640992999999966,-70.593719,2022,md021,172.0,2.0,186.2533607286241,0.13355987737488406,0.56,0.19518442352612808
PCL0972,-32.64075449999997,-70.59336150000001,2022,md021,172.0,2.0,183.07004118568892,0.1137683131812803,0.6,0.2016105353832245
PCL0973,-32.641248000000026,-70.59407400000002,2022,md021,172.0,2.0,186.2533607286241,0.15633079146325862,0.4,0.2812593956788382
PCL0974,-32.64079100000005,-70.592561,2022,md021,165.0,2.0,223.12476131071566,0.11005392945065726,0.8,0.13714284002780913
PCL0975,-33.40812699000002,-70.37735568,2022,md022,285.0,2.0,248.29433859466286,0.1269073220999627,0.8,0.20309530397256215
PCL0976,-33.40242417999997,-70.37124041,2022,md022,264.0,2.0,227.96247867833,0.20869089515899797,0.0,0.17330503463745117
PCL0977,-33.40559628999997,-70.37845845,2022,md022,285.0,2.0,239.1997908811585,0.12383322402842918,0.84,0.11039044062296555
PCL0978,-33.406144020000035,-70.37519246,2022,md022,278.0,2.0,240.80129594230795,0.14457475262467773,0.6,0.15282275676727297
PCL0979,-33.40309195999994,-70.37949523,2022,md022,264.0,2.0,235.26913982723968,0.1359829201192985,0.56,0.1730709075927735
PCL0980,-33.40116605000001,-70.37733365,2022,md022,200.0,2.0,228.6232989592371,0.16991353834337342,0.24,0.17376482864220938
PCL0981,-33.40176654999998,-70.37442105,2022,md022,200.0,2.0,226.2351383611008,0.13804048566225086,0.64,0.21238367021083832
PCL0982,-33.40447467999998,-70.37340513,2022,md022,186.0,2.0,236.50740178286824,0.11136545044666372,0.88,0.17747552096843722
PCL0983,-33.401390950000014,-70.38017851,2022,md022,271.0,2.0,224.52848917512208,0.12078885017839115,0.96,0.17548028628031415
PCL0984,-33.40227955000002,-70.37982837,2022,md022,264.0,2.0,229.4498477856926,0.13993645731079202,0.56,0.17711287538210552
PCL0985,-33.400734059999984,-70.37949014,2022,md022,200.0,2.0,223.1957286345498,0.12080856355290992,0.88,0.18282552123069762
PCL0986,-33.40094720000004,-70.37843927,2022,md022,271.0,2.0,226.6200299846636,0.14536560639262275,0.56,0.19953461090723668
PCL0987,-33.401820309999955,-70.37809712,2022,md022,186.0,2.0,223.4462876882393,0.1602792426569002,0.32,0.2029136657714844
PCL0988,-33.40246965000002,-70.37881447,2022,md022,186.0,2.0,225.33367552080324,0.16020478846377417,0.24,0.21103330194950104
PCL0989,-33.40733193000003,-70.37774346,2022,md022,285.0,65.0,248.45292187265318,0.12971794138032974,0.84,0.14012870242198305
PCL0990,-33.406487279999965,-70.3781009,2022,md022,285.0,65.0,241.48096643166946,0.11756735700544146,0.96,0.11732033689816795
PCL0991,-33.40745374000002,-70.37661442,2022,md022,200.0,2.0,243.9978717275353,0.12833526237101966,0.88,0.17521230936050414
PCL0992,-33.40678642999996,-70.37588609,2022,md022,200.0,65.0,245.08750109438844,0.1211544023736814,0.96,0.10934410681327184
PCL0993,-33.40596313000005,-70.37627037,2022,md022,285.0,2.0,236.60690026736953,0.1433934696128982,0.64,0.14851560691992438
PCL0994,-33.40580005000001,-70.37732985,2022,md022,285.0,2.0,239.02547643971695,0.1390582361716647,0.76,0.17733815411726633
PCL0995,-33.40200020999999,-70.37338123,2022,md022,264.0,2.0,226.8323252597317,0.17018044297221932,0.28,0.1848633885383606
PCL0996,-33.40221229000003,-70.37231361,2022,md022,271.0,2.0,228.08573038791795,0.19941358004736165,0.08,0.17833351790905
PCL0997,-33.40310107999996,-70.37196271,2022,md022,179.0,2.0,223.03529887230673,0.1687927474026778,0.44,0.1856864662965138
PCL0998,-33.40377183999997,-70.37268504,2022,md022,186.0,2.0,213.32896575824262,0.11085428878388508,0.96,0.27560299257437393
PCL0999,-33.403612739999964,-70.37372469,2022,md022,172.0,2.0,228.96382874580863,0.10337630065527607,0.92,0.2276215136051178
PCL1000,-33.402755329999984,-70.3740808,2022,md022,186.0,2.0,223.15015054920502,0.12172408337934712,0.84,0.22302903989950817
PCL1001,-33.40051074000001,-70.38053931,2022,md022,122.0,2.0,197.0166320363546,0.07623309876536677,1.0,0.16733399113019298
PCL1002,-33.39615236999997,-70.34920287,2022,md022,321.0,2.0,258.20160087161116,0.1247671357179563,0.72,0.22584626674652097
PCL1003,-33.388629600000016,-70.34742119,2022,md022,264.0,2.0,248.75956783274842,0.12771428961408118,0.68,0.2995885521173477
PCL1004,-33.39444973999996,-70.35169233,2022,md022,158.0,2.0,235.63553534644146,0.08765107140043277,0.96,0.1731295069058736
PCL1005,-33.39352079,-70.34855176,2022,md022,278.0,65.0,249.7645967339011,0.1628834392953255,0.32,0.17445970028638844
PCL1006,-33.39274147,-70.35410897,2022,md022,271.0,65.0,252.21678754029168,0.24314233372193444,0.12,0.2059672047694524
PCL1007,-33.390159609999955,-70.35342435,2022,md022,271.0,2.0,267.1608573539746,0.24687146092180637,0.2,0.3055633882681529
PCL1008,-33.389427479999966,-70.35055532,2022,md022,200.0,2.0,245.10897999116193,0.12519942485957444,0.76,0.21008069634437554
PCL1009,-33.391319889999984,-70.34803259,2022,md022,300.0,2.0,245.69377768448425,0.12636497982330275,0.76,0.1918377349774042
PCL1010,-33.39157219999998,-70.3557324,2022,md022,186.0,9.0,247.37571880435348,0.19482752545112492,0.24,0.2073109209537506
PCL1011,-33.39218593999995,-70.35489017,2022,md022,271.0,65.0,251.14556605616627,0.21963751883723526,0.0,0.1588197961449624
PCL1012,-33.390445349999965,-70.35450789,2022,md022,186.0,2.0,255.04123542437915,0.1510359612511528,0.48,0.21314163982868195
PCL1013,-33.39104919999997,-70.35368199,2022,md022,321.0,2.0,266.088751108496,0.16926265138757357,0.24,0.2505538513263067
PCL1014,-33.39191479999998,-70.35390297,2022,md022,186.0,65.0,251.36835558082103,0.1800098653766714,0.2,0.1856248856584231
PCL1015,-33.39563517,-70.3500205,2022,md022,207.0,2.0,269.656944406178,0.08406462555330473,0.92,0.13968645731608076
PCL1016,-33.39506234000003,-70.35084225,2022,md022,186.0,2.0,233.89283482982273,0.07558107588940609,1.0,0.09114342828591665
PCL1017,-33.39525597999999,-70.34897597,2022,md022,293.0,2.0,262.20858188625834,0.14500801224839302,0.56,0.14210183918476105
PCL1018,-33.394370249999994,-70.34875655,2022,md022,278.0,2.0,258.6009750195073,0.18269235378530638,0.12,0.23737149337927504
PCL1019,-33.39414118000001,-70.35059824,2022,md022,364.0,2.0,205.04462178522178,0.062488390391428304,0.92,0.1768244206905365
PCL1020,-33.389182679999955,-70.34951933,2022,md022,207.0,2.0,230.2850453690304,0.13178187008680486,0.8,0.19367067813873295
PCL1021,-33.38890742,-70.3484726,2022,md022,271.0,172.0,256.69658101457156,0.1253753821319403,0.84,0.3196456611156464
PCL1022,-33.390407140000015,-70.34784185,2022,md022,278.0,2.0,242.08146717809367,0.11778181894135642,1.0,0.19807615975538895
PCL1023,-33.390715949999986,-70.34883228,2022,md022,271.0,2.0,242.3997253995289,0.13753508411241608,0.64,0.2265067974726359
PCL1024,-33.39013156999999,-70.34966061,2022,md022,278.0,2.0,241.21383850642508,0.17533998961675065,0.24,0.22991418341795605
PCL1025,-33.39097023999998,-70.35657866,2022,md022,328.0,2.0,243.4404803337481,0.08694497919505487,0.68,0.22464784383773806
PCL1026,-33.38840981999999,-70.3264651,2022,md022,271.0,2.0,262.9038840825726,0.10778207677625976,0.6,0.20357773303985593
PCL1027,-33.39046068000001,-70.33423677,2022,md022,172.0,2.0,252.1470358373927,0.10501190529640421,0.96,0.192553217013677
PCL1028,-33.39148437999997,-70.33113851,2022,md022,285.0,2.0,272.1276867360726,0.13498656317668942,0.6,0.21945448021094005
PCL1029,-33.387842120000016,-70.33472879,2022,md022,356.0,2.0,252.06761716728374,0.08421787934666009,1.0,0.13629764318466187
PCL1030,-33.38626741999998,-70.33219562,2022,md022,285.0,65.0,269.34895282812346,0.12726075256971983,0.64,0.170686494310697
PCL1031,-33.387290620000044,-70.32945621,2022,md022,285.0,65.0,275.0589324324824,0.21255463290455454,0.28,0.2419704079627991
PCL1032,-33.390106659999965,-70.32902768,2022,md022,200.0,2.0,243.2497120234657,0.06897690861803397,1.0,0.15357220212618505
PCL1033,-33.38606662000004,-70.33504241,2022,md022,278.0,65.0,263.6924968644495,0.24018001909152076,0.16,0.23494121730327597
PCL1034,-33.38699313000001,-70.33488528,2022,md022,293.0,2.0,256.7257540715755,0.13585093459116834,0.68,0.1784173011779785
PCL1035,-33.38552226999995,-70.33422653,2022,md022,271.0,65.0,261.8595659700129,0.22089943913875623,0.24,0.25936620285113654
PCL1036,-33.38588797999999,-70.3332374,2022,md022,271.0,65.0,265.99227833855724,0.2012727561439205,0.32,0.2482946296532949
PCL1037,-33.386798040000016,-70.33308486,2022,md022,285.0,65.0,264.39161530586887,0.14472384354511925,0.56,0.17213147232929868
PCL1038,-33.38733066999999,-70.33392768,2022,md022,200.0,2.0,246.7110835148999,0.08421787934666009,0.96,0.176186981399854
PCL1039,-33.392274959999995,-70.33389928,2022,md022,278.0,2.0,267.78057960552036,0.15929155471513928,0.48,0.24448290665944417
PCL1040,-33.391390639999976,-70.33407285,2022,md022,278.0,2.0,264.55266768972933,0.10726159573667048,0.88,0.16428576012452445
PCL1041,-33.392562379999966,-70.33281398,2022,md022,300.0,2.0,281.7249291037644,0.22730560361669164,0.04,0.2835554202397665
PCL1042,-33.39201370000005,-70.33195655,2022,md022,300.0,2.0,281.6126465732355,0.18619200165571917,0.32,0.306770779689153
PCL1043,-33.39114639999995,-70.33216104,2022,md022,186.0,2.0,251.50010922599,0.07645914928142929,0.76,0.16355354448159537
PCL1044,-33.39082869000001,-70.33316918,2022,md022,186.0,2.0,230.9603766288143,0.07645914928142929,0.96,0.16631013870239258
PCL1045,-33.38767489,-70.32848229,2022,md022,271.0,2.0,265.3419416019337,0.22889632881855682,0.12,0.29481337169806154
PCL1046,-33.38804202999998,-70.32747647,2022,md022,271.0,2.0,264.5026356180666,0.20295946387634986,0.28,0.18463991781075795
PCL1047,-33.38896883,-70.32731861,2022,md022,285.0,2.0,263.21680215391297,0.21811827830665964,0.24,0.243251770734787
PCL1048,-33.38952179999997,-70.32817086,2022,md022,285.0,2.0,249.89126039040366,0.11252347030739904,0.76,0.11034340560436251
PCL1049,-33.389210939999955,-70.32916034,2022,md022,285.0,2.0,239.7798500995196,0.11352992188866559,0.68,0.16929323573907218
PCL1050,-33.388314250000015,-70.32932993,2022,md022,271.0,2.0,260.2764544436851,0.22915689385438429,0.08,0.2693138142426809
PCL1051,-33.38514680000005,-70.33521182,2022,md022,285.0,2.0,260.69958249468755,0.16753901512096012,0.48,0.20908627808094027
PCL1052,-33.41984647999996,-70.33179946,2022,md022,335.0,236.0,48.4303304105393,0.2786498615204084,0.12,0.3584329051276048
PCL1053,-33.41223180000002,-70.33498749,2022,md022,335.0,236.0,311.0007469554214,0.215124047443645,0.08,0.17584377403060597
PCL1054,-33.41414160000001,-70.32568672,2022,md022,342.0,243.0,312.8404251067413,0.10302143053191622,0.96,0.10789590130249663
PCL1055,-33.417316320000026,-70.3329037,2022,md022,293.0,243.0,300.12447333741846,0.1000635670474931,0.8,0.22196255987510088
PCL1056,-33.41786277999998,-70.32963711,2022,md022,349.0,236.0,26.299099476723367,0.17203587771728,0.48,0.2804894034440319
PCL1057,-33.41481249000002,-70.33394192000002,2022,md022,364.0,193.0,311.3598395732451,0.10509911425545027,0.72,0.07305881301561992
PCL1058,-33.412885850000016,-70.33178119,2022,md022,335.0,65.0,306.2571606239308,0.1604652399556362,0.48,0.19239330738782887
PCL1059,-33.41348522,-70.328868,2022,md022,364.0,264.0,343.4347642880249,0.16751568337683115,0.32,0.20230922599633533
PCL1060,-33.41400024999999,-70.33427553,2022,md022,349.0,257.0,30.91920583164599,0.12796102729326617,0.6,0.11206704260160527
PCL1061,-33.41245470000002,-70.3339381,2022,md022,335.0,193.0,326.928710407909,0.2454926407932014,0.0,0.13941723755871258
PCL1062,-33.412667430000056,-70.33288702,2022,md022,335.0,172.0,323.3522148057542,0.17612266128284393,0.48,0.12370021109779675
PCL1063,-33.413540369999964,-70.33254437,2022,md022,335.0,243.0,42.03870061786236,0.17815696332454656,0.4,0.18182024277436237
PCL1064,-33.41418995000005,-70.33326144,2022,md022,349.0,257.0,304.11015788380365,0.12473344018705597,0.64,0.12351227849721907
PCL1065,-33.41905160000005,-70.3321877,2022,md022,356.0,243.0,53.60235045786598,0.19445583022533933,0.28,0.15367036269356807
PCL1066,-33.41820713000001,-70.33254562,2022,md022,285.0,2.0,315.50340702906806,0.10851603599955706,0.8,0.13253962894280752
PCL1067,-33.41917296999997,-70.33105849,2022,md022,335.0,243.0,48.4303304105393,0.10628379611453978,0.56,0.09836753904819485
PCL1068,-33.418505420000024,-70.33033046,2022,md022,364.0,243.0,39.7899950111783,0.09339389213107326,0.64,0.1440931392212709
PCL1069,-33.417682310000046,-70.33071522,2022,md022,335.0,236.0,31.354559430186292,0.17956206626584179,0.4,0.2310559373348951
PCL1070,-33.41751964000002,-70.33177488,2022,md022,356.0,236.0,263.90848462613724,0.13984278658527874,0.56,0.2157447395225366
PCL1071,-33.413718470000006,-70.32782796,2022,md022,342.0,65.0,339.66899107775157,0.13183421136301732,0.76,0.1151773234208425
PCL1072,-33.41393013000002,-70.32676014,2022,md022,349.0,65.0,319.0913712300013,0.10563207032906873,0.96,0.08958108723163605
PCL1073,-33.414818750000016,-70.32640872,2022,md022,335.0,2.0,282.16447638799707,0.13161663901953277,0.6,0.11647813419500991
PCL1074,-33.415489750000006,-70.32713075,2022,md022,335.0,243.0,27.81928293590089,0.21114938585822596,0.32,0.2899704607203603
PCL1075,-33.415331049999956,-70.32817058,2022,md022,285.0,243.0,32.60790005875111,0.17331768589097857,0.4,0.06932155142227814
PCL1076,-33.41447381999997,-70.32852718,2022,md022,364.0,243.0,301.02852228582276,0.14697148709021526,0.52,0.29704967712362607
PCL1077,-33.40366771000005,-70.35540475,2024,md022,208.0,172.0,259.97607421306003,0.09700744869544944,0.76,0.2709048160910607
PCL1078,-33.40391089000003,-70.35437877,2024,md022,308.0,172.0,259.9349345257534,0.20229411152116253,0.28,0.18383137901624047
PCL1079,-33.40414389000004,-70.35335026,2024,md022,300.0,201.0,265.7195199440457,0.29971890192953177,0.04,0.6999406963586807
PCL1080,-33.404383609999954,-70.35226776,2024,md022,194.0,229.0,280.8372513752242,0.16106679947164695,0.44,0.284998952349027
PCL1081,-33.40455742000001,-70.35511632,2024,md022,115.0,201.0,302.5006915863811,0.13181006376065674,0.56,0.458277395243446
PCL1082,-33.40545535999997,-70.35483919,2024,md022,315.0,208.0,292.691888027445,0.20621060605384806,0.16,0.27084224174420046
PCL1083,-33.40502612999998,-70.35307984,2024,md022,215.0,172.0,276.90629852044674,0.21739567408437135,0.16,0.1449375283718109
PCL1084,-33.40503918,-70.34941793,2024,md022,272.0,9.0,280.76369644761394,0.1906552800765562,0.12,0.1230422283212344
PCL1085,-33.405664569999985,-70.35384563,2024,md022,300.0,9.0,273.1580014618071,0.2135097218383045,0.08,0.16332100033760072
PCL1086,-33.405292579999994,-70.34840207,2024,md022,272.0,158.0,283.40738594589783,0.23556143637229202,0.04,0.17597426712512967
PCL1087,-33.40627654000002,-70.35457285,2024,md022,179.0,66.0,265.7531777653296,0.15081213940879415,0.48,0.11203716576099398
PCL1088,-33.405524809999974,-70.34735682,2024,md022,272.0,151.0,292.7528896520608,0.24905059407161473,0.0,0.17401751399040222
PCL1089,-33.40575696,-70.34630599,2024,md022,272.0,158.0,301.1323882828086,0.24079079233269798,0.08,0.21556996186574298
PCL1090,-33.40603745000002,-70.34915866,2024,md022,265.0,9.0,269.4519288407778,0.21383453369701644,0.16,0.24179961134990063
PCL1091,-33.406422949999985,-70.34707893,2024,md022,322.0,201.0,294.2041961993015,0.21824062344571368,0.0,0.14552026738723117
PCL1092,-33.40690421,-70.34887308,2024,md022,300.0,9.0,281.60959680249357,0.12941609637320728,0.92,0.1252464294433594
PCL1093,-33.407082779999996,-70.34785141,2024,md022,315.0,208.0,305.73214468982616,0.15166644360857945,0.48,0.1874631018688282
PCL1094,-33.407774830000044,-70.34862424,2024,md022,315.0,144.0,292.66228853514156,0.13924210515594826,0.84,0.0985531985759735
PCL1095,-33.40880809999998,-70.35374208,2024,md022,272.0,9.0,269.66395152009096,0.12825377430346688,0.88,0.12416493495305386
PCL1096,-33.40903309999998,-70.35263549,2024,md022,315.0,9.0,272.96134210089474,0.12877085009404213,0.84,0.13203887045383456
PCL1097,-33.40970857999999,-70.35345777,2024,md022,244.0,16.0,266.5709397674574,0.10836126760307332,0.92,0.10456462303797404
PCL1098,-33.40921603000003,-70.35159442,2024,md022,322.0,23.0,283.7155388415767,0.12965743867861917,0.84,0.11311996380488076
PCL1099,-33.40941716000002,-70.35053643,2024,md022,300.0,208.0,286.97066607450614,0.0736674025922286,0.96,0.16377346366643913
PCL1100,-33.41056254000002,-70.35316987,2024,md022,272.0,9.0,274.2682433039586,0.1320104718115461,0.64,0.1453275432189306
PCL1101,-33.41004906999997,-70.35127809,2024,md022,315.0,187.0,288.39846895146684,0.1306068907784653,0.56,0.363944937090079
PCL1102,-33.41070533000002,-70.35205627,2024,md022,244.0,16.0,267.0898327746827,0.12860364798326607,0.64,0.11712443828582764
PCL1103,-33.41136732000001,-70.35284779,2024,md022,244.0,9.0,260.59531574624594,0.1261472707623856,0.68,0.11009807785352077
PCL1104,-32.07579659,-70.82128408,2025,md022,229.0,101.0,254.05805855920465,0.2670875714376614,0.0,0.19551926751931503
PCL1105,-32.07574396000002,-70.82023098,2025,md022,229.0,94.0,242.52774708223058,0.25040807596482006,0.08,0.1770917862653732
PCL1106,-32.07568084000001,-70.8191783,2025,md022,236.0,94.0,238.61819934554075,0.19645464885302694,0.08,0.1451070288817088
PCL1107,-32.07560911,-70.8180719,2025,md022,251.0,87.0,244.97066117699018,0.2439774605107103,0.08,0.2490138947963714
PCL1108,-32.07657054,-70.82075894,2025,md022,236.0,44.0,248.52197285994833,0.2687518605622888,0.0,0.2101163417100907
PCL1109,-32.077355559999994,-70.82024235,2025,md022,222.0,44.0,242.42048581441827,0.2562043834681735,0.0,0.24003656655550004
PCL1110,-32.07645264000001,-70.81867253,2025,md022,229.0,94.0,241.18157353184074,0.175151495007233,0.16,0.1762460589408874
PCL1111,-32.07544380000003,-70.81515231,2025,md022,236.0,30.0,243.39489866690107,0.22118599910671424,0.04,0.18237959543863935
PCL1112,-32.07727932999997,-70.81922986,2025,md022,229.0,101.0,241.18157353184074,0.25303950797516905,0.04,0.18194977392752962
PCL1113,-32.075403790000024,-70.81410609,2025,md022,229.0,94.0,241.1010113838541,0.2505237735900198,0.04,0.21272720992565153
PCL1114,-32.07806985999999,-70.81975753,2025,md022,236.0,44.0,240.31032805442717,0.2643637581222501,0.0,0.23077128032843278
PCL1115,-32.075335270000004,-70.81303755,2025,md022,229.0,94.0,239.33938290781902,0.26646285255057967,0.0,0.15262954980134968
PCL1116,-32.07526511,-70.81196367,2025,md022,229.0,115.0,242.0389601122519,0.27247376187325634,0.0,0.15290882736444478
PCL1117,-32.07633013,-70.81462489,2025,md022,236.0,30.0,240.3926276127553,0.25563588781420366,0.0,0.2595057447751363
PCL1118,-32.07612025000001,-70.81252018,2025,md022,229.0,44.0,244.42983182311897,0.26094118126108584,0.0,0.14253629595041278
PCL1119,-32.07708282999997,-70.81410889,2025,md022,229.0,44.0,238.90990558594632,0.1838441065374353,0.28,0.2547309070825577
PCL1120,-32.07696936000001,-70.81307796,2025,md022,208.0,44.0,241.762596567735,0.21001106833243707,0.24,0.3316088825464249
PCL1121,-32.07784950000003,-70.81362709,2025,md022,279.0,94.0,247.22705905054758,0.18875938399319475,0.12,0.1636756092309951
PCL1122,-32.08026923000001,-70.81825364,2025,md022,229.0,44.0,248.73057310807482,0.24327699702085118,0.0,0.10571144819259645
PCL1123,-32.08105466999996,-70.81772944,2025,md022,229.0,101.0,250.0900307598044,0.24281406209442472,0.0,0.1473043496410052
PCL1124,-32.080061949999994,-70.81607742,2025,md022,229.0,101.0,239.13064974765058,0.26127007598635327,0.0,0.140065465370814
PCL1125,-32.079960000000014,-70.81500532,2025,md022,229.0,101.0,238.42244811816843,0.2556269855905833,0.04,0.18078519950310393
PCL1126,-32.08179444999999,-70.81721478,2025,md022,229.0,101.0,240.74904377872608,0.25643584316125484,0.08,0.1830543711781502
PCL1127,-32.08077370000004,-70.8155413,2025,md022,229.0,94.0,242.5696888551343,0.26973824448945943,0.0,0.14775221943855282
PCL1128,-32.08162096000004,-70.81610555,2025,md022,279.0,94.0,252.7205642519703,0.2657342334610478,0.0,0.10445605516433717
PCL1129,-32.08247745000002,-70.81668101,2025,md022,194.0,44.0,240.3762649402995,0.276105978505287,0.04,0.22721187323331826
PCL1130,-32.22807107999998,-70.70609558,2025,md022,229.0,115.0,234.38015140446745,0.17154289030877706,0.36,0.13679087261358897
PCL1131,-32.22702119000002,-70.70599809,2025,md022,208.0,315.0,193.70309869903494,0.13677938287308417,0.6,0.22728963494300836
PCL1132,-32.22597022000001,-70.70591102,2025,md022,208.0,44.0,207.4014916338512,0.22022722315233856,0.0,0.3232527703046799
PCL1133,-32.22486484000002,-70.70582484,2025,md022,236.0,44.0,221.60556522323373,0.2251086223679976,0.08,0.21339757690827055
PCL1134,-32.22766121000002,-70.70525488,2025,md022,101.0,9.0,179.5908569093199,0.08148526404782852,0.88,0.20918574929237377
PCL1135,-32.227261380000044,-70.70440445,2025,md022,165.0,9.0,188.11656459484723,0.11715577159751119,0.76,0.2329221864541372
PCL1136,-32.22557922,-70.70507520000001,2025,md022,236.0,179.0,211.38418334024067,0.26194878182454207,0.0,0.4484321643908819
PCL1137,-32.22195137999998,-70.70557373,2025,md022,151.0,187.0,202.4782085323284,0.19842183325004856,0.28,0.7278104603290557
PCL1138,-32.226248340000026,-70.70433606,2025,md022,236.0,179.0,213.31213723169893,0.2159946949065493,0.12,0.40760208368301404
PCL1139,-32.22091008999995,-70.7054647,2025,md022,130.0,208.0,168.66266930960217,0.17480949795501508,0.4,0.921561368306478
PCL1140,-32.22688294999996,-70.70362852000001,2025,md022,187.0,336.0,209.24011140679576,0.17433996827089052,0.28,0.2124416897694269
PCL1141,-32.219842649999954,-70.70538073,2025,md022,251.0,179.0,188.41968272252745,0.2292337443847769,0.28,1.150421134630839
PCL1142,-32.21876970000003,-70.70529762,2025,md022,144.0,208.0,190.11443100916028,0.23667397044313837,0.2,1.366323213775953
PCL1143,-32.22155523000002,-70.70462145,2025,md022,165.0,201.0,196.66584462905593,0.2941795445061344,0.08,0.7603137811024984
PCL1144,-32.21944204000006,-70.70453021,2025,md022,236.0,44.0,196.13372246175447,0.3407266616948894,0.12,0.6509364709258079
PCL1145,-32.221151389999974,-70.70380308,2025,md022,151.0,179.0,212.22181964417925,0.23538667546171632,0.24,0.5736982663472494
PCL1146,-32.22011479,-70.70376895,2025,md022,215.0,179.0,202.82291653336316,0.33425466415943145,0.04,1.2235319197177887
PCL1147,-32.22078338999998,-70.70297574,2025,md022,172.0,137.0,232.18877378936068,0.22982021462406277,0.16,0.5062559326489767
PCL1148,-32.22570675000001,-70.70123781,2025,md022,365.0,2.0,199.1306651765411,0.12222073203370115,0.72,0.1230216771364212
PCL1149,-32.22457957999997,-70.70116956000001,2025,md022,158.0,194.0,213.44693392918242,0.24194563205627406,0.16,0.33257897496223443
PCL1150,-32.22352317,-70.70113383000002,2025,md022,236.0,201.0,239.4495659672935,0.2557571617728002,0.24,0.3529092311859131
PCL1151,-32.22244745,-70.70108244,2025,md022,215.0,172.0,307.11194724520675,0.263428608379918,0.16,0.4446966578563054
PCL1152,-32.22489509999997,-70.69958048,2025,md022,187.0,9.0,193.2807111932011,0.18029339608025674,0.28,0.34728829860687255
PCL1153,-32.22309358999997,-70.70035314,2025,md022,158.0,194.0,272.5886242902997,0.172576302590324,0.36,0.5334236661593119
PCL1154,-32.223772479999994,-70.69959462,2025,md022,158.0,9.0,188.2531572968279,0.09712862140548151,0.6,0.4465796252091725
PCL1155,-32.22446377999995,-70.69882857,2025,md022,158.0,9.0,184.8825797811101,0.17816850410169474,0.32,0.48741599718729667
PCL1156,-31.28286935681562,-71.1856882006495,2022,md023,243.0,43.0,232.88127364226904,0.25837963439706896,0.04,0.10851908013224604
PCL1157,-31.307368377194155,-71.21141384344277,2022,md023,243.0,8.0,227.08944642667595,0.21494096799084583,0.12,0.09237116262316705
PCL1158,-31.301012129876582,-71.19602332148928,2022,md023,235.0,29.0,227.8554036474248,0.1583960834407281,0.4,0.08113669976592064
PCL1159,-31.54518413174201,-71.10471352899297,2022,md023,243.0,364.0,222.26008446666066,0.23283031178360322,0.04,0.11759219467639923
PCL1160,-31.50618485254938,-71.10952377280049,2022,md023,243.0,157.0,249.38605619685865,0.2494866396656531,0.0,0.19643349051475523
PCL1161,-31.466755911983995,-71.14985819683041,2022,md023,235.0,65.0,234.3337933588209,0.17120706851279083,0.2,0.10906093195080757
PCL1162,-31.29642458152686,-71.19423625421447,2022,md023,257.0,8.0,234.55259900129195,0.1690170061459175,0.08,0.08554357662796974
PCL1163,-31.298394233811834,-71.19404031385578,2022,md023,243.0,356.0,234.70729001595427,0.17610715282254846,0.08,0.09113223254680633
PCL1164,-31.299285733503428,-71.19623537080699,2022,md023,257.0,43.0,227.3720760264579,0.11575905711589975,0.96,0.06136693432927133
PCL1165,-31.301953886391892,-71.19791499204686,2022,md023,235.0,43.0,229.21424369092898,0.2102453705876583,0.12,0.11316215097904204
PCL1166,-31.48435397141151,-71.08605684283307,2022,md023,235.0,22.0,232.6051143626511,0.2501429048659174,0.0,0.12963582947850227
PCL1167,-31.4842412362532,-71.08688583969617,2022,md023,235.0,22.0,231.3252393442647,0.24453033780237596,0.0,0.07750965729355813
PCL1168,-31.503377945420972,-71.11127142186604,2022,md023,243.0,364.0,243.70439036594937,0.32316185318480306,0.0,0.20634902268648148
PCL1169,-31.291631955511047,-71.19230807966255,2022,md023,264.0,43.0,238.92110467283342,0.2350184524194499,0.0,0.10280587896704675
PCL1170,-31.31412639481463,-71.22120571369958,2022,md023,243.0,43.0,227.8441486290928,0.23169518765375566,0.0,0.10621616825461389
PCL1171,-31.320064939003483,-71.22203860560484,2022,md023,243.0,8.0,239.07716018105134,0.28272436054676575,0.0,0.1689042825996876
PCL1172,-31.325855137409096,-71.2184130921016,2022,md023,242.0,8.0,232.32134315054483,0.21470606227795336,0.0,0.09593371346592905
PCL1173,-31.323279293593206,-71.22340647982409,2022,md023,242.0,8.0,232.4867780195088,0.2269187328084588,0.0,0.11161387160420419
PCL1174,-31.326902893570487,-71.22613952297446,2022,md023,242.0,8.0,237.7358710760322,0.33088320449013725,0.0,0.17352020099759102
PCL1175,-31.32451540348516,-71.22546339990316,2022,md023,242.0,8.0,233.24365722353832,0.26497724174726633,0.0,0.1198213702440262
PCL1176,-31.320323978682868,-71.22374675474332,2022,md023,243.0,8.0,241.34186950207712,0.24641276301936987,0.0,0.14056828409433364
PCL1177,-31.31003883690889,-71.21712818777796,2022,md023,257.0,8.0,233.8771923533008,0.2654768285851752,0.04,0.14508881270885465
PCL1178,-31.488227883893803,-71.12307753030962,2022,md023,243.0,15.0,240.0762302283688,0.20773370981279266,0.04,0.1249571606516838
PCL1179,-31.498987824531856,-71.0957613261933,2022,md023,221.0,364.0,229.3340560766709,0.38751648009657086,0.0,0.24525205940008166
PCL1180,-31.504743040326407,-71.12687230244002,2022,md023,243.0,22.0,236.99338842132582,0.23136586636631823,0.08,0.13644462898373605
PCL1181,-31.50677228351816,-71.1105476368192,2022,md023,243.0,157.0,251.51920460870872,0.2802808524568081,0.0,0.17610841542482375
PCL1182,-31.480086693982393,-71.09549762112451,2022,md023,214.0,364.0,226.004299484921,0.37063911149618095,0.0,0.18686848431825637
PCL1183,-31.313226104468875,-71.2221511063491,2022,md023,243.0,43.0,231.21595037403293,0.2162422129458164,0.0,0.10524419337511062
PCL1184,-31.502596944697427,-71.09348374543737,2022,md023,235.0,364.0,231.776022454417,0.4920945744805902,0.0,0.36055486276745796
PCL1185,-31.464049300581586,-71.10101204201456,2022,md023,264.0,22.0,236.6307169003726,0.3689428039142308,0.0,0.15041879365841546
PCL1186,-31.446164731767144,-71.1031061524224,2022,md023,250.0,86.0,226.3275139278276,0.4267618937544333,0.0,0.2108653586357832
PCL1187,-31.522571671935328,-71.10087880180147,2022,md023,250.0,364.0,237.6841202172854,0.29214709266675604,0.0,0.1657915309071541
PCL1188,-31.51844431614787,-71.09900698000864,2022,md023,200.0,86.0,225.37026580795109,0.2251708603631751,0.0,0.1046918176114559
PCL1189,-31.456030317575554,-71.10048570328173,2022,md023,235.0,15.0,227.1574177815243,0.4053713849108932,0.0,0.18472637869417668
PCL1190,-31.47366599999308,-71.13037850268742,2022,md023,250.0,364.0,247.22096379447177,0.28256740992506796,0.0,0.19053756892681123
PCL1191,-31.302189172723384,-71.20208028552219,2022,md023,243.0,8.0,227.21637054374722,0.21693051069589137,0.16,0.11541410192847251
PCL1192,-31.302569846415203,-71.2270691156519,2022,md023,221.0,72.0,231.83200969375906,0.25840678938734757,0.0,0.12356374313433965
PCL1193,-31.303550674413977,-71.22668251422007,2022,md023,221.0,43.0,233.23201634178287,0.2038795051149489,0.2,0.11225011602044102
PCL1194,-31.303311230044063,-71.22436585509058,2022,md023,221.0,364.0,238.28401762376376,0.17891464486456873,0.08,0.07763713717460635
PCL1195,-31.300159780966784,-71.22040519092317,2022,md023,243.0,8.0,231.51292847794022,0.21285950650038116,0.12,0.08350486621260642
PCL1196,-31.483212026695124,-71.09467266820089,2022,md023,235.0,22.0,229.74903538279952,0.24226952159791837,0.04,0.10079208686947821
PCL1197,-31.471141875466426,-71.06480009047996,2022,md023,235.0,364.0,230.61558564716262,0.26708440601871264,0.04,0.12590829730033876
PCL1198,-31.308135670319032,-71.20351081245889,2022,md023,243.0,43.0,235.92727278090914,0.2043996833236944,0.0,0.09637696713209154
PCL1199,-31.30402809949326,-71.2021440836799,2022,md023,257.0,8.0,231.9768927156063,0.1706152402826122,0.28,0.0750700317323208
PCL1200,-31.272528749184474,-71.18114407520898,2022,md023,193.0,8.0,229.03981177880365,0.29067809427137703,0.04,0.17189968228340147
PCL1201,-31.31096916299938,-71.19922748783004,2022,md023,243.0,43.0,224.02671763853525,0.19035049488121397,0.12,0.10762159973382951
PCL1202,-31.26075843956736,-71.21746578998581,2022,md023,243.0,43.0,237.08067324149098,0.2063350583577934,0.04,0.10539479623238247
PCL1203,-31.46662412403705,-71.06360645408405,2022,md023,200.0,364.0,233.2981413316397,0.27551553368852977,0.04,0.17561985552310944
PCL1204,-31.476630088904088,-71.09396818964927,2022,md023,214.0,364.0,227.77685815948686,0.42389231731940796,0.0,0.2224417507648468
PCL1205,-31.47933311718395,-71.09249179514032,2022,md023,200.0,364.0,227.1392487136814,0.38736250922175336,0.0,0.25537015199661256
PCL1206,-31.54748060234141,-71.09999392840228,2022,md023,235.0,364.0,233.0027940113104,0.339312741280953,0.0,0.24191003888845442
PCL1207,-31.543529967350675,-71.09834670688466,2022,md023,235.0,29.0,225.1738901004091,0.3637959580187889,0.0,0.23772101625800132
PCL1208,-31.279562320122476,-71.1876178036693,2022,md023,257.0,8.0,233.09406581316156,0.2393416384947395,0.0,0.13943479508161544
PCL1209,-31.281146673217872,-71.18780142597585,2022,md023,257.0,356.0,234.8969954901823,0.2069808014762072,0.12,0.1343159884214401
PCL1210,-31.542790678141678,-71.09942547300304,2022,md023,235.0,22.0,231.23132343861587,0.3493678650225983,0.0,0.18744271844625474
PCL1211,-31.53720028552131,-71.09821559248911,2022,md023,235.0,65.0,226.99200285409145,0.3886663223363904,0.0,0.20474544484168294
PCL1212,-31.535504442223083,-71.09712454705404,2022,md023,235.0,22.0,223.41237923202002,0.34470531292383694,0.0,0.1536777138710022
PCL1213,-31.5248950945983,-71.09725591401848,2022,md023,243.0,364.0,233.99279593757737,0.3156279457727529,0.0,0.21210744678974153
PCL1214,-31.27683515071227,-71.19414997875016,2022,md023,243.0,356.0,225.5445351764376,0.1631920044934758,0.28,0.15453979432582854
PCL1215,-31.30317131499225,-71.19950847031917,2022,md023,243.0,8.0,226.6139574113495,0.16300341115962783,0.36,0.0799444431066513
PCL1216,-34.1911899704765,-71.14466259985846,2026,md025,137.0,2.0,228.12590330561716,0.042264425629210435,1.0,0.10022352536519374
PCL1217,-34.18827404569268,-71.12807141983926,2026,md025,272.0,158.0,286.4525023849899,0.04405073186916084,1.0,0.14636573707063993
PCL1218,-34.18905442651808,-71.11322505632161,2026,md025,272.0,73.0,262.0378522221474,0.067867858695335,0.96,0.14555638233820611
PCL1219,-34.189234678961924,-71.11312474284786,2026,md025,357.0,165.0,264.239914944618,0.07645086826258181,0.88,0.1050070331494013
PCL1220,-34.02611111849469,-70.9500005183974,2026,md025,201.0,357.0,222.33943146832817,0.1260895270976544,0.52,0.17541904846827183
PCL1221,-34.02222221045844,-70.94805554503499,2026,md025,172.0,365.0,211.50103199307753,0.12009457527940133,0.68,0.09291313250859579
PCL1222,-34.02611109891179,-70.95725275463947,2026,md025,172.0,365.0,216.5341684681032,0.1513962160564929,0.48,0.1505839042862256
PCL1223,-34.02179167420071,-70.95333330152555,2026,md025,201.0,365.0,219.21728022256497,0.059857052923811514,0.6,0.06607020596663149
PCL1224,-34.02012496375764,-70.95222218844734,2026,md025,201.0,350.0,207.88906233867652,0.0923471823047715,0.92,0.08745888769626631
PCL1225,-34.037624989813985,-70.97555554422854,2026,md025,137.0,365.0,190.1129320355109,0.06470085319022843,0.96,0.12180376450220742
PCL1226,-34.038055594895894,-70.97027781670337,2026,md025,208.0,2.0,208.11152675709303,0.18929685852082717,0.0,0.25330399274826054
PCL1227,-33.9209998669195,-71.04799999790522,2026,md025,165.0,194.0,112.30523434994556,0.025660439284319977,1.0,0.15913694312175108
PCL1228,-33.92409586705633,-71.04392899790372,2026,md025,201.0,73.0,205.24373716336393,0.04602548755033428,1.0,0.06143636206785841
PCL1229,-33.935817866906575,-71.04814199790364,2026,md025,179.0,94.0,228.35203198690505,0.04496700829733608,1.0,0.19329202860593797
PCL1230,-33.93281986678812,-71.051655997905,2026,md025,172.0,94.0,212.5133573268425,0.028795142927943992,0.84,0.08554124544064201
PCL1231,-33.93344686674778,-71.05281899790528,2026,md025,201.0,357.0,208.7468953971259,0.05371625175717954,0.72,0.2646340678135555
PCL1232,-33.933411866781434,-71.05184099790499,2026,md025,201.0,365.0,211.6247336535298,0.12744555975925254,0.64,0.26325221111377073
PCL1233,-34.20709586633073,-71.0608519978776,2026,md025,137.0,179.0,349.91116977238585,0.07892600319106523,1.0,0.28352647513151163
PCL1234,-34.205033866237464,-71.06358399787877,2026,md025,137.0,179.0,11.29240767321951,0.13322477368208552,0.76,0.3650850844879947
PCL1235,-34.19701386617089,-71.06561999788035,2026,md025,286.0,208.0,20.293091469965262,0.12248580950025195,0.8,0.1829170746462685
PCL1236,-34.20117286619219,-71.06494799787966,2026,md025,286.0,179.0,11.512014905447332,0.09560784932322529,0.8,0.1528503172596295
PCL1237,-34.129413861561254,-71.18787199795636,2026,md025,286.0,94.0,239.1397220297779,0.13591335852780959,0.68,0.1804964264233907
PCL1238,-34.13232986283813,-71.15626399793305,2026,md025,272.0,365.0,233.78044056392184,0.21804546718204182,0.28,0.21330284476280215
PCL1239,-34.12974886327576,-71.14513799792618,2026,md025,272.0,2.0,241.2016811783742,0.4019464719858596,0.08,0.30808016856511433
PCL1240,-34.14896386960926,-70.95938399786677,2026,md025,130.0,350.0,194.79762693685478,0.028274433502168232,0.96,0.057905127604802376
PCL1241,-34.15161386916348,-70.97420299786707,2026,md025,130.0,365.0,177.30003173598504,0.05492135410795948,1.0,0.09908286333084104
PCL1242,-34.15060786906138,-70.9775793978674,2026,md025,151.0,357.0,194.33605874369167,0.12181312709190986,0.96,0.1435111181934674
PCL1243,-34.15203686975759,-70.95429699786635,2026,md025,201.0,2.0,226.11500976934136,0.06338060216223364,1.0,0.09323305402483262
PCL1244,-34.150389868385574,-70.99939799786969,2026,md025,201.0,2.0,203.85680325156724,0.10519499211811749,0.8,0.1507128193264916
PCL1245,-34.149959868214616,-71.00481099787054,2026,md025,137.0,365.0,192.0000706688694,0.07411798962038858,1.0,0.0902519742647806
PCL1246,-34.14455586752343,-71.02632099787512,2026,md025,137.0,94.0,193.73784859344335,0.023173198644448945,1.0,0.09247132341066999
PCL1247,-34.131822866682704,-71.05167399788311,2026,md025,144.0,94.0,210.90492340469135,0.03672784225140228,0.92,0.15038813432057707
PCL1248,-34.125795866192156,-71.06601399788839,2026,md025,130.0,365.0,192.05457766074304,0.0422552504994479,1.0,0.09048719406127925
PCL1249,-34.12180686595467,-71.07286299789129,2026,md025,208.0,365.0,246.74845129174923,0.10448183142178825,0.68,0.13142384290695186
PCL1250,-34.12129786595062,-71.07298599789141,2026,md025,201.0,73.0,219.48446045681567,0.06242577267059934,1.0,0.12800631239300675
PCL1251,-34.12392686148009,-71.18987999795856,2026,md025,137.0,215.0,244.34472020401603,0.13380850180799336,0.64,0.19310536100750886
PCL1252,-34.12991686492114,-71.10156999790239,2026,md025,201.0,101.0,227.697935094845,0.11661190312524294,0.6,0.0841898120584943
PCL1253,-34.13149086488661,-71.10249199790265,2026,md025,201.0,2.0,229.23750979403417,0.09101148041734032,0.88,0.17385578297433402
PCL1254,-34.12959886491611,-71.10171199790251,2026,md025,201.0,2.0,227.697935094845,0.13309422895893072,0.52,0.10090402591796155
PCL1255,-34.13658986379534,-71.13159399791732,2026,md025,137.0,101.0,236.72629631265823,0.0960708890716084,0.8,0.0951979140440623
PCL1256,-34.13964286266925,-71.16045299793511,2026,md025,244.0,87.0,232.77923628818797,0.256947691215692,0.08,0.24271562695503235
PCL1257,-34.106013855026106,-71.09014256090211,2026,md025,279.0,2.0,228.97146857856535,0.10899093201192635,0.56,0.1375864923000336
PCL1258,-34.09491715043351,-71.15384150466478,2026,md025,137.0,208.0,298.12513239284203,0.07262299015135394,1.0,0.22525620290211268
PCL1259,-34.10159284603534,-71.14253653602249,2026,md025,286.0,9.0,243.26830568543923,0.14738529958736873,0.56,0.21212348540623982
PCL1260,-34.08874016471848,-71.10758299790986,2026,md025,201.0,365.0,218.13154735029337,0.1240208367377025,0.8,0.1774429837862651
PCL1261,-34.09527873580342,-71.11361355843243,2026,md025,251.0,9.0,267.9818156755393,0.1662237463377356,0.44,0.23429908951123557
PCL1262,-33.85446386818052,-71.0112099979039,2026,md025,172.0,73.0,229.61817668825407,0.05151274643321511,1.0,0.09753398994604734
PCL1263,-33.85247186825054,-71.00907999790374,2026,md025,279.0,73.0,237.65386713721603,0.06148421024716794,1.0,0.13132589062054967
PCL1264,-33.85045586830792,-71.00733699790369,2026,md025,201.0,73.0,226.21710612631338,0.058594694326304354,1.0,0.09323307623465849
