target,n,R2,RMSE,nRMSE,MAE,Bias,spearman,seed,run_id,scheme,family,features,substrate,index,fusion,model
lcbd_count_sorensen,2499,0.4581140702262833,1.560132842626004e-05,0.1902437310973621,1.2387762146498996e-05,-1.5539646302672674e-06,0.6316394674141144,0,RFG1c_clim-topo_ctr-area_raw100_pg-all_unified_woody,kfold5_block20_unified,RF,clim+topo_ctr+area,,,none,RF
pd_inext_q0,877,0.1157183979053786,1.4472257164618378,0.209080736555458,1.112045306122477,-0.0578776726436013,0.3735873689950089,0,RFG1c_clim-topo_ctr-area_raw100_pg-all_unified_woody,kfold5_block20_unified,RF,clim+topo_ctr+area,,,none,RF
pd_inext_q1,877,0.1645375543751922,1.042629518431642,0.2079167723411674,0.8051073450037561,0.0177913165543599,0.4237017476678675,0,RFG1c_clim-topo_ctr-area_raw100_pg-all_unified_woody,kfold5_block20_unified,RF,clim+topo_ctr+area,,,none,RF
pd_inext_q2,877,0.1403641596200914,0.8615298356481168,0.2249302866165204,0.6768350960606742,-0.0073530356086432,0.4014603088681719,0,RFG1c_clim-topo_ctr-area_raw100_pg-all_unified_woody,kfold5_block20_unified,RF,clim+topo_ctr+area,,,none,RF
td_inext_q0,881,0.0223278563395455,2.295020769476262,0.2313070333269083,1.7555991331041887,-0.0591736231613184,0.221063231725553,0,RFG1c_clim-topo_ctr-area_raw100_pg-all_unified_woody,kfold5_block20_unified,RF,clim+topo_ctr+area,,,none,RF
td_inext_q1,881,0.0632681189829189,1.6374586940795486,0.2001111324659218,1.2392411739140048,0.0272694106879622,0.267053817300846,0,RFG1c_clim-topo_ctr-area_raw100_pg-all_unified_woody,kfold5_block20_unified,RF,clim+topo_ctr+area,,,none,RF
td_inext_q2,881,0.0645134645545991,1.4590529224354625,0.1960579531270156,1.1200328149415106,0.0586271765696751,0.2584950472263537,0,RFG1c_clim-topo_ctr-area_raw100_pg-all_unified_woody,kfold5_block20_unified,RF,clim+topo_ctr+area,,,none,RF
lcbd_count_sorensen,2499,0.458658233511507,1.5593493011026102e-05,0.1901481854753436,1.2464071030841629e-05,3.581895898304469e-08,0.6282373146142984,1,RFG1c_clim-topo_ctr-area_raw100_pg-all_unified_woody,kfold5_block20_unified,RF,clim+topo_ctr+area,,,none,RF
pd_inext_q0,877,0.1181002257612297,1.4452753384286656,0.20879896539074,1.1136502069722225,-0.0527786615992903,0.3802449236810472,1,RFG1c_clim-topo_ctr-area_raw100_pg-all_unified_woody,kfold5_block20_unified,RF,clim+topo_ctr+area,,,none,RF
pd_inext_q1,877,0.1554647085205461,1.0482755372239618,0.2090426775482659,0.8029728977033702,-0.0439007335107396,0.4187807042899315,1,RFG1c_clim-topo_ctr-area_raw100_pg-all_unified_woody,kfold5_block20_unified,RF,clim+topo_ctr+area,,,none,RF
pd_inext_q2,877,0.1092815371721833,0.8769670828298084,0.2289606803295086,0.6802884857603201,-0.0680921367275665,0.3710877466977896,1,RFG1c_clim-topo_ctr-area_raw100_pg-all_unified_woody,kfold5_block20_unified,RF,clim+topo_ctr+area,,,none,RF
td_inext_q0,881,0.0170840478638751,2.301167285675665,0.2319265189743973,1.792158961651772,0.1695914965963447,0.208384654958653,1,RFG1c_clim-topo_ctr-area_raw100_pg-all_unified_woody,kfold5_block20_unified,RF,clim+topo_ctr+area,,,none,RF
td_inext_q1,881,0.0806284642466689,1.6222143154399278,0.1982481420379229,1.22993592676627,0.0202708517230158,0.2805906615331489,1,RFG1c_clim-topo_ctr-area_raw100_pg-all_unified_woody,kfold5_block20_unified,RF,clim+topo_ctr+area,,,none,RF
td_inext_q2,881,0.0703090155668456,1.4545263190156588,0.1954496978763266,1.1220351053294269,0.0902836237727941,0.2748947865138323,1,RFG1c_clim-topo_ctr-area_raw100_pg-all_unified_woody,kfold5_block20_unified,RF,clim+topo_ctr+area,,,none,RF
lcbd_count_sorensen,2499,0.4537512289234884,1.5664007360413373e-05,0.191008042569356,1.2409734010846405e-05,-1.0673918769314217e-06,0.6193656044972581,2,RFG1c_clim-topo_ctr-area_raw100_pg-all_unified_woody,kfold5_block20_unified,RF,clim+topo_ctr+area,,,none,RF
pd_inext_q0,877,0.1256255956262394,1.4390957625804668,0.2079062019086894,1.0970542438719104,-0.1023283306026732,0.3910013619225581,2,RFG1c_clim-topo_ctr-area_raw100_pg-all_unified_woody,kfold5_block20_unified,RF,clim+topo_ctr+area,,,none,RF
pd_inext_q1,877,0.1728803731050985,1.0374106760591857,0.2068760528504411,0.7849049941610595,-0.1005466357304255,0.440411420211822,2,RFG1c_clim-topo_ctr-area_raw100_pg-all_unified_woody,kfold5_block20_unified,RF,clim+topo_ctr+area,,,none,RF
pd_inext_q2,877,0.1354389624009794,0.8639943350019264,0.2255737240496553,0.6726300950300879,-0.0534135235037161,0.39952088257417,2,RFG1c_clim-topo_ctr-area_raw100_pg-all_unified_woody,kfold5_block20_unified,RF,clim+topo_ctr+area,,,none,RF
td_inext_q0,881,-0.0058872595686736,2.3279017848243715,0.2346209946705712,1.774483245689085,-0.0950452901803056,0.1897291249453998,2,RFG1c_clim-topo_ctr-area_raw100_pg-all_unified_woody,kfold5_block20_unified,RF,clim+topo_ctr+area,,,none,RF
td_inext_q1,881,0.0584261354050174,1.6416852657167391,0.2006276548306231,1.2521234083040536,0.10526737503539,0.2563804637128725,2,RFG1c_clim-topo_ctr-area_raw100_pg-all_unified_woody,kfold5_block20_unified,RF,clim+topo_ctr+area,,,none,RF
td_inext_q2,881,0.0637934464159479,1.4596143107951989,0.196133388809318,1.1094926704252115,0.0053311593753546,0.2579754016589917,2,RFG1c_clim-topo_ctr-area_raw100_pg-all_unified_woody,kfold5_block20_unified,RF,clim+topo_ctr+area,,,none,RF
lcbd_count_sorensen,479,0.4755607348390722,1.0610758303327184e-05,0.2067052783532264,7.950240879903521e-06,-1.6570429630499263e-06,0.6181105508895128,0,RFG1c_clim-topo_ctr-area_raw100_pg-all_unified_woodypcl,kfold5_block20_unified,RF,clim+topo_ctr+area,,,none,RF
pd_inext_q0,226,-0.0914687082684468,1.8505015016240025,0.2255342435213043,1.4551560443846103,-0.043288700851367,0.1280736325535318,0,RFG1c_clim-topo_ctr-area_raw100_pg-all_unified_woodypcl,kfold5_block20_unified,RF,clim+topo_ctr+area,,,none,RF
pd_inext_q1,226,0.3654858655924231,1.136809885746583,0.2085268822424133,0.8677035230639256,-0.1247652127986954,0.5835940771075628,0,RFG1c_clim-topo_ctr-area_raw100_pg-all_unified_woodypcl,kfold5_block20_unified,RF,clim+topo_ctr+area,,,none,RF
pd_inext_q2,226,0.3695357432956154,0.87783059859239,0.2019928426205775,0.6929563038932429,-0.0469806423033931,0.5616164892467155,0,RFG1c_clim-topo_ctr-area_raw100_pg-all_unified_woodypcl,kfold5_block20_unified,RF,clim+topo_ctr+area,,,none,RF
td_inext_q0,230,-0.163738356604473,2.8663421374829814,0.2671790097486368,2.210341779589721,0.0274808796602953,-0.0334751563865467,0,RFG1c_clim-topo_ctr-area_raw100_pg-all_unified_woodypcl,kfold5_block20_unified,RF,clim+topo_ctr+area,,,none,RF
td_inext_q1,230,-0.0016151194943967,1.994953652502354,0.2655684544533216,1.5668568724096898,0.051183820888082,0.3094693813744701,0,RFG1c_clim-topo_ctr-area_raw100_pg-all_unified_woodypcl,kfold5_block20_unified,RF,clim+topo_ctr+area,,,none,RF
td_inext_q2,230,0.0293325387733903,1.6643092760557705,0.2497850665372248,1.326675509636864,0.0544907213428365,0.3366359386781998,0,RFG1c_clim-topo_ctr-area_raw100_pg-all_unified_woodypcl,kfold5_block20_unified,RF,clim+topo_ctr+area,,,none,RF
lcbd_count_sorensen,479,0.4572791290166828,1.0794116066178533e-05,0.210277220746498,8.002431472387169e-06,-1.4793183178782567e-06,0.607471884796595,1,RFG1c_clim-topo_ctr-area_raw100_pg-all_unified_woodypcl,kfold5_block20_unified,RF,clim+topo_ctr+area,,,none,RF
pd_inext_q0,226,-0.1247309793994406,1.878486706054316,0.2289450064444582,1.4398020913727705,-0.2359794587393384,0.1123450546126276,1,RFG1c_clim-topo_ctr-area_raw100_pg-all_unified_woodypcl,kfold5_block20_unified,RF,clim+topo_ctr+area,,,none,RF
pd_inext_q1,226,0.3304994920680214,1.167730561450354,0.214198711967136,0.895365928092814,-0.0930678382645945,0.5683390394182899,1,RFG1c_clim-topo_ctr-area_raw100_pg-all_unified_woodypcl,kfold5_block20_unified,RF,clim+topo_ctr+area,,,none,RF
pd_inext_q2,226,0.3706593668680705,0.8770480078209882,0.201812764898546,0.689367516668288,-0.071509372947306,0.5557469279278088,1,RFG1c_clim-topo_ctr-area_raw100_pg-all_unified_woodypcl,kfold5_block20_unified,RF,clim+topo_ctr+area,,,none,RF
td_inext_q0,230,-0.2083172541969189,2.920726172051036,0.2722482833402352,2.231015970545042,-0.3658639059612786,-0.0238924322341575,1,RFG1c_clim-topo_ctr-area_raw100_pg-all_unified_woodypcl,kfold5_block20_unified,RF,clim+topo_ctr+area,,,none,RF
td_inext_q1,230,-0.0385374056830112,2.031390636778605,0.2704189498956826,1.6201588002294982,0.1901545477923154,0.2984722063662624,1,RFG1c_clim-topo_ctr-area_raw100_pg-all_unified_woodypcl,kfold5_block20_unified,RF,clim+topo_ctr+area,,,none,RF
td_inext_q2,230,0.0283307566279589,1.665167883882715,0.2499139292529882,1.3413351556245134,0.11347118807682,0.3345282284730653,1,RFG1c_clim-topo_ctr-area_raw100_pg-all_unified_woodypcl,kfold5_block20_unified,RF,clim+topo_ctr+area,,,none,RF
lcbd_count_sorensen,479,0.4815823332573888,1.0549666202905616e-05,0.2055151598657603,7.835620205354147e-06,-1.617565454511212e-06,0.6209368935606049,2,RFG1c_clim-topo_ctr-area_raw100_pg-all_unified_woodypcl,kfold5_block20_unified,RF,clim+topo_ctr+area,,,none,RF
pd_inext_q0,226,-0.1252258500483842,1.8788999185114128,0.2289953676891496,1.462589380074864,-0.1308317480737311,0.1006688245228517,2,RFG1c_clim-topo_ctr-area_raw100_pg-all_unified_woodypcl,kfold5_block20_unified,RF,clim+topo_ctr+area,,,none,RF
pd_inext_q1,226,0.3406157329062258,1.1588746995273476,0.2125742668426453,0.8889508677597857,-0.1279596759700151,0.5805314260899399,2,RFG1c_clim-topo_ctr-area_raw100_pg-all_unified_woodypcl,kfold5_block20_unified,RF,clim+topo_ctr+area,,,none,RF
pd_inext_q2,226,0.3655434804540756,0.8806055378854376,0.2026313688656195,0.6970307151443289,-0.0477402206163608,0.5567740491787972,2,RFG1c_clim-topo_ctr-area_raw100_pg-all_unified_woodypcl,kfold5_block20_unified,RF,clim+topo_ctr+area,,,none,RF
td_inext_q0,230,-0.1627708628785771,2.865150398533074,0.2670679247429944,2.201412094881668,-0.0935472858542995,-0.0008361759298995,2,RFG1c_clim-topo_ctr-area_raw100_pg-all_unified_woodypcl,kfold5_block20_unified,RF,clim+topo_ctr+area,,,none,RF
td_inext_q1,230,0.0007653569999476,1.9925816010174584,0.2652526866930344,1.5863011807577057,0.1179751889030746,0.3054314948736986,2,RFG1c_clim-topo_ctr-area_raw100_pg-all_unified_woodypcl,kfold5_block20_unified,RF,clim+topo_ctr+area,,,none,RF
td_inext_q2,230,0.0432533602979866,1.6523318366708395,0.2479874526341162,1.3398626757073933,0.1248403824100278,0.3323909294489535,2,RFG1c_clim-topo_ctr-area_raw100_pg-all_unified_woodypcl,kfold5_block20_unified,RF,clim+topo_ctr+area,,,none,RF
lcbd_count_sorensen,479,0.5570452289651987,0.0001188779094638,0.1838739434844501,9.302031376786008e-05,-1.0305315661768131e-05,0.5830589496099468,0,RFG1c_clim-topo_ctr-area_raw100_pg-all_unified_woodypclown,kfold5_block20_unified,RF,clim+topo_ctr+area,,,none,RF
pd_inext_q0,226,-0.0914687082684468,1.8505015016240025,0.2255342435213043,1.4551560443846103,-0.043288700851367,0.1280736325535318,0,RFG1c_clim-topo_ctr-area_raw100_pg-all_unified_woodypclown,kfold5_block20_unified,RF,clim+topo_ctr+area,,,none,RF
pd_inext_q1,226,0.3654858655924231,1.136809885746583,0.2085268822424133,0.8677035230639258,-0.1247652127986953,0.5835940771075628,0,RFG1c_clim-topo_ctr-area_raw100_pg-all_unified_woodypclown,kfold5_block20_unified,RF,clim+topo_ctr+area,,,none,RF
pd_inext_q2,226,0.3695357432956154,0.87783059859239,0.2019928426205775,0.6929563038932428,-0.0469806423033931,0.5616164892467155,0,RFG1c_clim-topo_ctr-area_raw100_pg-all_unified_woodypclown,kfold5_block20_unified,RF,clim+topo_ctr+area,,,none,RF
td_inext_q0,230,-0.163738356604473,2.8663421374829814,0.2671790097486368,2.210341779589721,0.0274808796602953,-0.0334751563865467,0,RFG1c_clim-topo_ctr-area_raw100_pg-all_unified_woodypclown,kfold5_block20_unified,RF,clim+topo_ctr+area,,,none,RF
td_inext_q1,230,-0.0016151194943967,1.994953652502354,0.2655684544533216,1.5668568724096898,0.051183820888082,0.3094693813744701,0,RFG1c_clim-topo_ctr-area_raw100_pg-all_unified_woodypclown,kfold5_block20_unified,RF,clim+topo_ctr+area,,,none,RF
td_inext_q2,230,0.0293325387733903,1.6643092760557705,0.2497850665372248,1.326675509636864,0.0544907213428365,0.3366359386781998,0,RFG1c_clim-topo_ctr-area_raw100_pg-all_unified_woodypclown,kfold5_block20_unified,RF,clim+topo_ctr+area,,,none,RF
lcbd_count_sorensen,479,0.5544776076753426,0.000119221954072,0.1844060931423148,9.40851401089252e-05,-3.922840077918028e-06,0.5784094874926711,1,RFG1c_clim-topo_ctr-area_raw100_pg-all_unified_woodypclown,kfold5_block20_unified,RF,clim+topo_ctr+area,,,none,RF
pd_inext_q0,226,-0.1247309793994406,1.878486706054316,0.2289450064444582,1.4398020913727705,-0.2359794587393384,0.1123450546126276,1,RFG1c_clim-topo_ctr-area_raw100_pg-all_unified_woodypclown,kfold5_block20_unified,RF,clim+topo_ctr+area,,,none,RF
pd_inext_q1,226,0.3304994920680214,1.167730561450354,0.214198711967136,0.895365928092814,-0.0930678382645945,0.5683390394182899,1,RFG1c_clim-topo_ctr-area_raw100_pg-all_unified_woodypclown,kfold5_block20_unified,RF,clim+topo_ctr+area,,,none,RF
pd_inext_q2,226,0.3706593668680706,0.8770480078209882,0.201812764898546,0.689367516668288,-0.071509372947306,0.5557469279278088,1,RFG1c_clim-topo_ctr-area_raw100_pg-all_unified_woodypclown,kfold5_block20_unified,RF,clim+topo_ctr+area,,,none,RF
td_inext_q0,230,-0.2083172541969189,2.920726172051036,0.2722482833402352,2.231015970545042,-0.3658639059612786,-0.0238924322341575,1,RFG1c_clim-topo_ctr-area_raw100_pg-all_unified_woodypclown,kfold5_block20_unified,RF,clim+topo_ctr+area,,,none,RF
td_inext_q1,230,-0.0385374056830112,2.031390636778605,0.2704189498956826,1.6201588002294982,0.1901545477923153,0.2984722063662624,1,RFG1c_clim-topo_ctr-area_raw100_pg-all_unified_woodypclown,kfold5_block20_unified,RF,clim+topo_ctr+area,,,none,RF
td_inext_q2,230,0.0283307566279589,1.665167883882715,0.2499139292529882,1.3413351556245132,0.11347118807682,0.3345282284730653,1,RFG1c_clim-topo_ctr-area_raw100_pg-all_unified_woodypclown,kfold5_block20_unified,RF,clim+topo_ctr+area,,,none,RF
lcbd_count_sorensen,479,0.5362623399613745,0.0001216347453946,0.1881380687237984,9.4457066130754e-05,-1.0922123907190475e-05,0.5686267492841012,2,RFG1c_clim-topo_ctr-area_raw100_pg-all_unified_woodypclown,kfold5_block20_unified,RF,clim+topo_ctr+area,,,none,RF
pd_inext_q0,226,-0.1252258500483842,1.8788999185114128,0.2289953676891496,1.462589380074864,-0.1308317480737311,0.1006688245228517,2,RFG1c_clim-topo_ctr-area_raw100_pg-all_unified_woodypclown,kfold5_block20_unified,RF,clim+topo_ctr+area,,,none,RF
pd_inext_q1,226,0.3406157329062259,1.1588746995273476,0.2125742668426453,0.8889508677597857,-0.1279596759700151,0.5805314260899399,2,RFG1c_clim-topo_ctr-area_raw100_pg-all_unified_woodypclown,kfold5_block20_unified,RF,clim+topo_ctr+area,,,none,RF
pd_inext_q2,226,0.3655434804540756,0.8806055378854376,0.2026313688656195,0.697030715144329,-0.0477402206163608,0.5567740491787972,2,RFG1c_clim-topo_ctr-area_raw100_pg-all_unified_woodypclown,kfold5_block20_unified,RF,clim+topo_ctr+area,,,none,RF
td_inext_q0,230,-0.1627708628785773,2.8651503985330744,0.2670679247429945,2.201412094881668,-0.0935472858542995,-0.0008361759298995,2,RFG1c_clim-topo_ctr-area_raw100_pg-all_unified_woodypclown,kfold5_block20_unified,RF,clim+topo_ctr+area,,,none,RF
td_inext_q1,230,0.0007653569999477,1.9925816010174584,0.2652526866930344,1.5863011807577057,0.1179751889030746,0.3054314948736986,2,RFG1c_clim-topo_ctr-area_raw100_pg-all_unified_woodypclown,kfold5_block20_unified,RF,clim+topo_ctr+area,,,none,RF
td_inext_q2,230,0.0432533602979866,1.6523318366708395,0.2479874526341162,1.3398626757073933,0.1248403824100278,0.3323909294489535,2,RFG1c_clim-topo_ctr-area_raw100_pg-all_unified_woodypclown,kfold5_block20_unified,RF,clim+topo_ctr+area,,,none,RF
lcbd_count_sorensen,479,0.6408162645826323,0.0001070483058705,0.1655765501978146,8.388415316613506e-05,-8.151686199566023e-06,0.7102398225731599,0,RFG4c_gm-topo_ctr-area_raw100_pg-all_unified_woodypclown,kfold5_block20_unified,RF,gm+topo_ctr+area,,,none,RF
pd_inext_q0,226,0.0026550945369988,1.7689130422371524,0.2155904572278411,1.3522035737811082,0.0115044359112898,0.2095441707620338,0,RFG4c_gm-topo_ctr-area_raw100_pg-all_unified_woodypclown,kfold5_block20_unified,RF,gm+topo_ctr+area,,,none,RF
pd_inext_q1,226,0.3621461024565995,1.1397977568597193,0.2090749522896361,0.8961573706147578,-0.0528317293187092,0.6158687073246618,0,RFG4c_gm-topo_ctr-area_raw100_pg-all_unified_woodypclown,kfold5_block20_unified,RF,gm+topo_ctr+area,,,none,RF
pd_inext_q2,226,0.3296879903475047,0.905146716497836,0.208278406502638,0.7376731785933092,0.0085130463906072,0.574291619191854,0,RFG4c_gm-topo_ctr-area_raw100_pg-all_unified_woodypclown,kfold5_block20_unified,RF,gm+topo_ctr+area,,,none,RF
td_inext_q0,230,-0.1685860954928106,2.872306037133352,0.2677349199388367,2.254499198971408,0.1115085521995177,-0.0471040724505911,0,RFG4c_gm-topo_ctr-area_raw100_pg-all_unified_woodypclown,kfold5_block20_unified,RF,gm+topo_ctr+area,,,none,RF
td_inext_q1,230,0.0580681417134172,1.9346041613922167,0.257534723413475,1.50972450994566,0.0120743508242723,0.3669633108689,0,RFG4c_gm-topo_ctr-area_raw100_pg-all_unified_woodypclown,kfold5_block20_unified,RF,gm+topo_ctr+area,,,none,RF
td_inext_q2,230,0.030825363024961,1.6630289831941492,0.2495929159302264,1.3376569077920448,0.0990334284918649,0.3388678383671812,0,RFG4c_gm-topo_ctr-area_raw100_pg-all_unified_woodypclown,kfold5_block20_unified,RF,gm+topo_ctr+area,,,none,RF
lcbd_count_sorensen,479,0.6470177252036879,0.000106120164876,0.1641409517291994,8.320442647989431e-05,-1.7742644768607106e-06,0.7203375145589143,1,RFG4c_gm-topo_ctr-area_raw100_pg-all_unified_woodypclown,kfold5_block20_unified,RF,gm+topo_ctr+area,,,none,RF
pd_inext_q0,226,-0.0177609932237479,1.7869265362182365,0.217785894375357,1.3452779185250845,-0.1893768458071961,0.185861644792265,1,RFG4c_gm-topo_ctr-area_raw100_pg-all_unified_woodypclown,kfold5_block20_unified,RF,gm+topo_ctr+area,,,none,RF
pd_inext_q1,226,0.3260609814986598,1.1715949517505002,0.2149075633513128,0.9280522589517493,-0.0247687671088426,0.5964864769335215,1,RFG4c_gm-topo_ctr-area_raw100_pg-all_unified_woodypclown,kfold5_block20_unified,RF,gm+topo_ctr+area,,,none,RF
pd_inext_q2,226,0.3511045315823564,0.8905695681762932,0.2049241378869259,0.7201216672644759,-0.0299027932605289,0.5726033150642412,1,RFG4c_gm-topo_ctr-area_raw100_pg-all_unified_woodypclown,kfold5_block20_unified,RF,gm+topo_ctr+area,,,none,RF
td_inext_q0,230,-0.1669998840440163,2.870355974630879,0.2675531496743783,2.2349393220766283,-0.2857729033238895,-0.0164127234974568,1,RFG4c_gm-topo_ctr-area_raw100_pg-all_unified_woodypclown,kfold5_block20_unified,RF,gm+topo_ctr+area,,,none,RF
td_inext_q1,230,0.0158309715978196,1.977503320942955,0.2632454643547222,1.5674030906863223,0.1785026217031963,0.3444432718511273,1,RFG4c_gm-topo_ctr-area_raw100_pg-all_unified_woodypclown,kfold5_block20_unified,RF,gm+topo_ctr+area,,,none,RF
td_inext_q2,230,0.0527631819979044,1.6440994465369967,0.2467519081671553,1.3198771011434804,0.0856120058097989,0.3512468108809016,1,RFG4c_gm-topo_ctr-area_raw100_pg-all_unified_woodypclown,kfold5_block20_unified,RF,gm+topo_ctr+area,,,none,RF
lcbd_count_sorensen,479,0.6450771852956387,0.0001064114658512,0.1645915203782017,8.340868498236014e-05,-6.856881256443999e-06,0.7130471664563527,2,RFG4c_gm-topo_ctr-area_raw100_pg-all_unified_woodypclown,kfold5_block20_unified,RF,gm+topo_ctr+area,,,none,RF
pd_inext_q0,226,-0.0481858508794019,1.8134389676008,0.2210171596029342,1.3768527377939064,-0.0849805973798925,0.1580617972490773,2,RFG4c_gm-topo_ctr-area_raw100_pg-all_unified_woodypclown,kfold5_block20_unified,RF,gm+topo_ctr+area,,,none,RF
pd_inext_q1,226,0.3498249280847504,1.1507536162411771,0.2110846033559631,0.9107927600212612,-0.052811594912611,0.6088805420870923,2,RFG4c_gm-topo_ctr-area_raw100_pg-all_unified_woodypclown,kfold5_block20_unified,RF,gm+topo_ctr+area,,,none,RF
pd_inext_q2,226,0.3294991692942285,0.9052741934933208,0.2083077395433499,0.7428734145226545,0.0213300503984075,0.5738175633530662,2,RFG4c_gm-topo_ctr-area_raw100_pg-all_unified_woodypclown,kfold5_block20_unified,RF,gm+topo_ctr+area,,,none,RF
td_inext_q0,230,-0.1375615357226995,2.833921416174666,0.2641569922088539,2.22104697234042,-0.0058300474674681,-0.0022036560223366,2,RFG4c_gm-topo_ctr-area_raw100_pg-all_unified_woodypclown,kfold5_block20_unified,RF,gm+topo_ctr+area,,,none,RF
td_inext_q1,230,0.0457535975599896,1.9472093232062644,0.2592127239709775,1.5481687794733112,0.1604072766536469,0.3523306608068111,2,RFG4c_gm-topo_ctr-area_raw100_pg-all_unified_woodypclown,kfold5_block20_unified,RF,gm+topo_ctr+area,,,none,RF
td_inext_q2,230,0.0875186085963091,1.6136554394213103,0.2421827704158636,1.3090945462618082,0.1039982631109215,0.3636243039540379,2,RFG4c_gm-topo_ctr-area_raw100_pg-all_unified_woodypclown,kfold5_block20_unified,RF,gm+topo_ctr+area,,,none,RF
lcbd_count_sorensen,479,0.6215445103013668,0.0001098825860669,0.1699604620532855,8.64366663267425e-05,-3.856450786756204e-06,0.6612025315557322,0,RFG5c_gm-clim-topo_ctr-area_raw100_pg-all_unified_woodypclown,kfold5_block20_unified,RF,gm+clim+topo_ctr+area,,,none,RF
pd_inext_q0,226,-0.0667102676090081,1.829393092466709,0.2229616062729419,1.421788266267792,-0.0252886880747666,0.1116136693412921,0,RFG5c_gm-clim-topo_ctr-area_raw100_pg-all_unified_woodypclown,kfold5_block20_unified,RF,gm+clim+topo_ctr+area,,,none,RF
pd_inext_q1,226,0.3590250122897453,1.142582932662746,0.2095858416071765,0.8928448427354778,-0.0591781020226778,0.5982693843096643,0,RFG5c_gm-clim-topo_ctr-area_raw100_pg-all_unified_woodypclown,kfold5_block20_unified,RF,gm+clim+topo_ctr+area,,,none,RF
pd_inext_q2,226,0.3399514210468873,0.8981904440643871,0.2066777363447184,0.7252842281620522,-0.0025478811524406,0.5649134224337293,0,RFG5c_gm-clim-topo_ctr-area_raw100_pg-all_unified_woodypclown,kfold5_block20_unified,RF,gm+clim+topo_ctr+area,,,none,RF
td_inext_q0,230,-0.1849234272026687,2.892314379908252,0.2695999482407279,2.245148484644671,0.0948332310280158,-0.0689679710200918,0,RFG5c_gm-clim-topo_ctr-area_raw100_pg-all_unified_woodypclown,kfold5_block20_unified,RF,gm+clim+topo_ctr+area,,,none,RF
td_inext_q1,230,0.0286640520060262,1.9645681799319497,0.2615235369294311,1.537236746491322,0.0377482546830971,0.3353003312960205,0,RFG5c_gm-clim-topo_ctr-area_raw100_pg-all_unified_woodypclown,kfold5_block20_unified,RF,gm+clim+topo_ctr+area,,,none,RF
td_inext_q2,230,0.0142298856408801,1.6772068279950512,0.2517207739899619,1.3456736749509517,0.1135262709109589,0.3264272224957917,0,RFG5c_gm-clim-topo_ctr-area_raw100_pg-all_unified_woodypclown,kfold5_block20_unified,RF,gm+clim+topo_ctr+area,,,none,RF
lcbd_count_sorensen,479,0.6162142303076548,0.0001106536900035,0.1711531640641091,8.70141277522456e-05,1.5899996781485477e-06,0.6520789096093368,1,RFG5c_gm-clim-topo_ctr-area_raw100_pg-all_unified_woodypclown,kfold5_block20_unified,RF,gm+clim+topo_ctr+area,,,none,RF
pd_inext_q0,226,-0.0818638708744801,1.8423413771904829,0.2245397090723787,1.407913075837392,-0.1976197713264553,0.1174842702566049,1,RFG5c_gm-clim-topo_ctr-area_raw100_pg-all_unified_woodypclown,kfold5_block20_unified,RF,gm+clim+topo_ctr+area,,,none,RF
pd_inext_q1,226,0.3257442305911942,1.1718702438463529,0.2149580606272196,0.921976332501574,-0.0408944355494061,0.5844282013324255,1,RFG5c_gm-clim-topo_ctr-area_raw100_pg-all_unified_woodypclown,kfold5_block20_unified,RF,gm+clim+topo_ctr+area,,,none,RF
pd_inext_q2,226,0.3393022910501672,0.8986320017766805,0.2067793407973659,0.7241372840931095,-0.0406159936855166,0.5519278270778115,1,RFG5c_gm-clim-topo_ctr-area_raw100_pg-all_unified_woodypclown,kfold5_block20_unified,RF,gm+clim+topo_ctr+area,,,none,RF
td_inext_q0,230,-0.2265993263543106,2.9427387948447943,0.274300135658595,2.2800796183396783,-0.3011425748222155,-0.0556310915564986,1,RFG5c_gm-clim-topo_ctr-area_raw100_pg-all_unified_woodypclown,kfold5_block20_unified,RF,gm+clim+topo_ctr+area,,,none,RF
td_inext_q1,230,-0.016299401302416,2.0095240560165566,0.2675080682068413,1.5994981910766022,0.2096527016073937,0.3208688851037526,1,RFG5c_gm-clim-topo_ctr-area_raw100_pg-all_unified_woodypclown,kfold5_block20_unified,RF,gm+clim+topo_ctr+area,,,none,RF
td_inext_q2,230,0.0369914620691754,1.6577302664796505,0.2487976669184384,1.330142678848973,0.1135419813933643,0.3369238534397218,1,RFG5c_gm-clim-topo_ctr-area_raw100_pg-all_unified_woodypclown,kfold5_block20_unified,RF,gm+clim+topo_ctr+area,,,none,RF
lcbd_count_sorensen,479,0.6260395651745398,0.0001092280788865,0.1689481056210541,8.599714693051838e-05,-4.617657993492581e-06,0.6676580248750922,2,RFG5c_gm-clim-topo_ctr-area_raw100_pg-all_unified_woodypclown,kfold5_block20_unified,RF,gm+clim+topo_ctr+area,,,none,RF
pd_inext_q0,226,-0.1168210988672033,1.871869647422284,0.2281385367865834,1.445827095937415,-0.1089782346545604,0.0828298437980435,2,RFG5c_gm-clim-topo_ctr-area_raw100_pg-all_unified_woodypclown,kfold5_block20_unified,RF,gm+clim+topo_ctr+area,,,none,RF
pd_inext_q1,226,0.3494216817863796,1.1511104164539934,0.211150051798042,0.8991900585011645,-0.0661777950161392,0.6021075732500253,2,RFG5c_gm-clim-topo_ctr-area_raw100_pg-all_unified_woodypclown,kfold5_block20_unified,RF,gm+clim+topo_ctr+area,,,none,RF
pd_inext_q2,226,0.3309119584582596,0.9043199545594466,0.2080881647927072,0.7341902680201542,0.010451807476742,0.5576778333153891,2,RFG5c_gm-clim-topo_ctr-area_raw100_pg-all_unified_woodypclown,kfold5_block20_unified,RF,gm+clim+topo_ctr+area,,,none,RF
td_inext_q0,230,-0.1697341495806525,2.873716610642488,0.2678664030679511,2.229644801073388,-0.056805736106659,-0.0455861298536066,2,RFG5c_gm-clim-topo_ctr-area_raw100_pg-all_unified_woodypclown,kfold5_block20_unified,RF,gm+clim+topo_ctr+area,,,none,RF
td_inext_q1,230,0.0323002081944661,1.9608875920621207,0.2610335766585026,1.5607934375683286,0.16927917823631,0.3322526844443182,2,RFG5c_gm-clim-topo_ctr-area_raw100_pg-all_unified_woodypclown,kfold5_block20_unified,RF,gm+clim+topo_ctr+area,,,none,RF
td_inext_q2,230,0.0523967103565199,1.644417454424001,0.2467996358475555,1.3323016457125867,0.1387937928611455,0.3277463903499149,2,RFG5c_gm-clim-topo_ctr-area_raw100_pg-all_unified_woodypclown,kfold5_block20_unified,RF,gm+clim+topo_ctr+area,,,none,RF
lcbd_count_sorensen,479,0.6907534844799043,8.148003922909251e-06,0.158729034321705,6.193956301214055e-06,-1.2670451497265504e-06,0.7535847176811613,0,RFG4c_gm-topo_ctr-area_raw100_pg-all_unified_woodypcl,kfold5_block20_unified,RF,gm+topo_ctr+area,,,none,RF
pd_inext_q0,226,0.0026550945369986,1.7689130422371524,0.2155904572278411,1.3522035737811082,0.0115044359112898,0.2095441707620338,0,RFG4c_gm-topo_ctr-area_raw100_pg-all_unified_woodypcl,kfold5_block20_unified,RF,gm+topo_ctr+area,,,none,RF
pd_inext_q1,226,0.3621461024565995,1.1397977568597193,0.2090749522896361,0.8961573706147578,-0.0528317293187093,0.6158687073246618,0,RFG4c_gm-topo_ctr-area_raw100_pg-all_unified_woodypcl,kfold5_block20_unified,RF,gm+topo_ctr+area,,,none,RF
pd_inext_q2,226,0.3296879903475047,0.905146716497836,0.208278406502638,0.7376731785933092,0.0085130463906071,0.574291619191854,0,RFG4c_gm-topo_ctr-area_raw100_pg-all_unified_woodypcl,kfold5_block20_unified,RF,gm+topo_ctr+area,,,none,RF
td_inext_q0,230,-0.1685860954928106,2.872306037133352,0.2677349199388367,2.254499198971408,0.1115085521995178,-0.0471040724505911,0,RFG4c_gm-topo_ctr-area_raw100_pg-all_unified_woodypcl,kfold5_block20_unified,RF,gm+topo_ctr+area,,,none,RF
td_inext_q1,230,0.0580681417134172,1.9346041613922167,0.257534723413475,1.5097245099456604,0.0120743508242723,0.3669633108689,0,RFG4c_gm-topo_ctr-area_raw100_pg-all_unified_woodypcl,kfold5_block20_unified,RF,gm+topo_ctr+area,,,none,RF
td_inext_q2,230,0.030825363024961,1.6630289831941492,0.2495929159302264,1.3376569077920448,0.0990334284918649,0.3388678383671812,0,RFG4c_gm-topo_ctr-area_raw100_pg-all_unified_woodypcl,kfold5_block20_unified,RF,gm+topo_ctr+area,,,none,RF
lcbd_count_sorensen,479,0.7000334511076741,8.0248188082423e-06,0.1563292988185203,6.176990126716861e-06,-1.2242710950960183e-06,0.7490221698105636,1,RFG4c_gm-topo_ctr-area_raw100_pg-all_unified_woodypcl,kfold5_block20_unified,RF,gm+topo_ctr+area,,,none,RF
pd_inext_q0,226,-0.0177609932237479,1.7869265362182365,0.217785894375357,1.3452779185250845,-0.1893768458071961,0.185861644792265,1,RFG4c_gm-topo_ctr-area_raw100_pg-all_unified_woodypcl,kfold5_block20_unified,RF,gm+topo_ctr+area,,,none,RF
pd_inext_q1,226,0.3260609814986598,1.1715949517505002,0.2149075633513128,0.9280522589517493,-0.0247687671088425,0.5964864769335215,1,RFG4c_gm-topo_ctr-area_raw100_pg-all_unified_woodypcl,kfold5_block20_unified,RF,gm+topo_ctr+area,,,none,RF
pd_inext_q2,226,0.3511045315823565,0.8905695681762932,0.2049241378869259,0.7201216672644759,-0.0299027932605289,0.5726033150642412,1,RFG4c_gm-topo_ctr-area_raw100_pg-all_unified_woodypcl,kfold5_block20_unified,RF,gm+topo_ctr+area,,,none,RF
td_inext_q0,230,-0.1669998840440163,2.870355974630879,0.2675531496743783,2.2349393220766283,-0.2857729033238896,-0.0164127234974568,1,RFG4c_gm-topo_ctr-area_raw100_pg-all_unified_woodypcl,kfold5_block20_unified,RF,gm+topo_ctr+area,,,none,RF
td_inext_q1,230,0.0158309715978196,1.977503320942955,0.2632454643547222,1.5674030906863223,0.1785026217031963,0.3444432718511273,1,RFG4c_gm-topo_ctr-area_raw100_pg-all_unified_woodypcl,kfold5_block20_unified,RF,gm+topo_ctr+area,,,none,RF
td_inext_q2,230,0.0527631819979044,1.6440994465369967,0.2467519081671553,1.3198771011434804,0.0856120058097989,0.3512468108809016,1,RFG4c_gm-topo_ctr-area_raw100_pg-all_unified_woodypcl,kfold5_block20_unified,RF,gm+topo_ctr+area,,,none,RF
lcbd_count_sorensen,479,0.7066248490395721,7.936161279894514e-06,0.1546021857742536,6.065278923623714e-06,-9.89785438683257e-07,0.7632935347863592,2,RFG4c_gm-topo_ctr-area_raw100_pg-all_unified_woodypcl,kfold5_block20_unified,RF,gm+topo_ctr+area,,,none,RF
pd_inext_q0,226,-0.0481858508794019,1.8134389676008,0.2210171596029342,1.3768527377939064,-0.0849805973798926,0.1580617972490773,2,RFG4c_gm-topo_ctr-area_raw100_pg-all_unified_woodypcl,kfold5_block20_unified,RF,gm+topo_ctr+area,,,none,RF
pd_inext_q1,226,0.3498249280847504,1.1507536162411771,0.2110846033559631,0.9107927600212612,-0.0528115949126109,0.6088805420870923,2,RFG4c_gm-topo_ctr-area_raw100_pg-all_unified_woodypcl,kfold5_block20_unified,RF,gm+topo_ctr+area,,,none,RF
pd_inext_q2,226,0.3294991692942285,0.9052741934933208,0.2083077395433499,0.7428734145226545,0.0213300503984075,0.5738175633530662,2,RFG4c_gm-topo_ctr-area_raw100_pg-all_unified_woodypcl,kfold5_block20_unified,RF,gm+topo_ctr+area,,,none,RF
td_inext_q0,230,-0.1375615357226995,2.833921416174666,0.2641569922088539,2.22104697234042,-0.0058300474674681,-0.0022036560223366,2,RFG4c_gm-topo_ctr-area_raw100_pg-all_unified_woodypcl,kfold5_block20_unified,RF,gm+topo_ctr+area,,,none,RF
td_inext_q1,230,0.0457535975599896,1.9472093232062644,0.2592127239709775,1.5481687794733112,0.1604072766536469,0.3523306608068111,2,RFG4c_gm-topo_ctr-area_raw100_pg-all_unified_woodypcl,kfold5_block20_unified,RF,gm+topo_ctr+area,,,none,RF
td_inext_q2,230,0.0875186085963091,1.6136554394213103,0.2421827704158636,1.3090945462618082,0.1039982631109215,0.3636243039540379,2,RFG4c_gm-topo_ctr-area_raw100_pg-all_unified_woodypcl,kfold5_block20_unified,RF,gm+topo_ctr+area,,,none,RF
lcbd_count_sorensen,479,0.6948462455608226,8.093906456338067e-06,0.1576751763818541,6.245692202825923e-06,-1.2801088931166095e-06,0.7337955152325123,0,RFG5c_gm-clim-topo_ctr-area_raw100_pg-all_unified_woodypcl,kfold5_block20_unified,RF,gm+clim+topo_ctr+area,,,none,RF
pd_inext_q0,226,-0.0667102676090081,1.829393092466709,0.2229616062729419,1.421788266267792,-0.0252886880747666,0.1116136693412921,0,RFG5c_gm-clim-topo_ctr-area_raw100_pg-all_unified_woodypcl,kfold5_block20_unified,RF,gm+clim+topo_ctr+area,,,none,RF
pd_inext_q1,226,0.3590250122897453,1.142582932662746,0.2095858416071765,0.8928448427354778,-0.0591781020226778,0.5982693843096643,0,RFG5c_gm-clim-topo_ctr-area_raw100_pg-all_unified_woodypcl,kfold5_block20_unified,RF,gm+clim+topo_ctr+area,,,none,RF
pd_inext_q2,226,0.3399514210468873,0.8981904440643871,0.2066777363447184,0.7252842281620522,-0.0025478811524407,0.5649134224337293,0,RFG5c_gm-clim-topo_ctr-area_raw100_pg-all_unified_woodypcl,kfold5_block20_unified,RF,gm+clim+topo_ctr+area,,,none,RF
td_inext_q0,230,-0.1849234272026689,2.892314379908252,0.2695999482407279,2.245148484644671,0.0948332310280158,-0.0689679710200918,0,RFG5c_gm-clim-topo_ctr-area_raw100_pg-all_unified_woodypcl,kfold5_block20_unified,RF,gm+clim+topo_ctr+area,,,none,RF
td_inext_q1,230,0.0286640520060261,1.9645681799319497,0.2615235369294312,1.5372367464913217,0.0377482546830971,0.3353003312960205,0,RFG5c_gm-clim-topo_ctr-area_raw100_pg-all_unified_woodypcl,kfold5_block20_unified,RF,gm+clim+topo_ctr+area,,,none,RF
td_inext_q2,230,0.0142298856408801,1.6772068279950512,0.2517207739899619,1.3456736749509517,0.1135262709109589,0.3264272224957917,0,RFG5c_gm-clim-topo_ctr-area_raw100_pg-all_unified_woodypcl,kfold5_block20_unified,RF,gm+clim+topo_ctr+area,,,none,RF
lcbd_count_sorensen,479,0.7078631478254456,7.91939481079908e-06,0.1542755627787712,6.17649928368024e-06,-1.0188300351088224e-06,0.7269582447326092,1,RFG5c_gm-clim-topo_ctr-area_raw100_pg-all_unified_woodypcl,kfold5_block20_unified,RF,gm+clim+topo_ctr+area,,,none,RF
pd_inext_q0,226,-0.0818638708744801,1.8423413771904829,0.2245397090723787,1.4079130758373923,-0.1976197713264553,0.1174842702566049,1,RFG5c_gm-clim-topo_ctr-area_raw100_pg-all_unified_woodypcl,kfold5_block20_unified,RF,gm+clim+topo_ctr+area,,,none,RF
pd_inext_q1,226,0.3257442305911942,1.1718702438463529,0.2149580606272196,0.921976332501574,-0.0408944355494061,0.5844282013324255,1,RFG5c_gm-clim-topo_ctr-area_raw100_pg-all_unified_woodypcl,kfold5_block20_unified,RF,gm+clim+topo_ctr+area,,,none,RF
pd_inext_q2,226,0.3393022910501672,0.8986320017766805,0.2067793407973659,0.7241372840931095,-0.0406159936855166,0.5519278270778115,1,RFG5c_gm-clim-topo_ctr-area_raw100_pg-all_unified_woodypcl,kfold5_block20_unified,RF,gm+clim+topo_ctr+area,,,none,RF
td_inext_q0,230,-0.2265993263543106,2.9427387948447943,0.274300135658595,2.2800796183396783,-0.3011425748222154,-0.0556310915564986,1,RFG5c_gm-clim-topo_ctr-area_raw100_pg-all_unified_woodypcl,kfold5_block20_unified,RF,gm+clim+topo_ctr+area,,,none,RF
td_inext_q1,230,-0.016299401302416,2.0095240560165566,0.2675080682068413,1.5994981910766022,0.2096527016073938,0.3208688851037526,1,RFG5c_gm-clim-topo_ctr-area_raw100_pg-all_unified_woodypcl,kfold5_block20_unified,RF,gm+clim+topo_ctr+area,,,none,RF
td_inext_q2,230,0.0369914620691754,1.6577302664796505,0.2487976669184384,1.330142678848973,0.1135419813933643,0.3369238534397218,1,RFG5c_gm-clim-topo_ctr-area_raw100_pg-all_unified_woodypcl,kfold5_block20_unified,RF,gm+clim+topo_ctr+area,,,none,RF
lcbd_count_sorensen,479,0.7056941841953257,7.948739131204813e-06,0.1548472114530842,6.171454697451968e-06,-1.020307824400519e-06,0.7375398049845473,2,RFG5c_gm-clim-topo_ctr-area_raw100_pg-all_unified_woodypcl,kfold5_block20_unified,RF,gm+clim+topo_ctr+area,,,none,RF
pd_inext_q0,226,-0.1168210988672031,1.871869647422284,0.2281385367865833,1.445827095937415,-0.1089782346545604,0.0828298437980435,2,RFG5c_gm-clim-topo_ctr-area_raw100_pg-all_unified_woodypcl,kfold5_block20_unified,RF,gm+clim+topo_ctr+area,,,none,RF
pd_inext_q1,226,0.3494216817863798,1.1511104164539934,0.211150051798042,0.8991900585011645,-0.0661777950161392,0.6021075732500253,2,RFG5c_gm-clim-topo_ctr-area_raw100_pg-all_unified_woodypcl,kfold5_block20_unified,RF,gm+clim+topo_ctr+area,,,none,RF
pd_inext_q2,226,0.3309119584582596,0.9043199545594466,0.2080881647927072,0.7341902680201542,0.010451807476742,0.5576778333153891,2,RFG5c_gm-clim-topo_ctr-area_raw100_pg-all_unified_woodypcl,kfold5_block20_unified,RF,gm+clim+topo_ctr+area,,,none,RF
td_inext_q0,230,-0.1697341495806525,2.873716610642488,0.2678664030679511,2.229644801073388,-0.0568057361066589,-0.0455861298536066,2,RFG5c_gm-clim-topo_ctr-area_raw100_pg-all_unified_woodypcl,kfold5_block20_unified,RF,gm+clim+topo_ctr+area,,,none,RF
td_inext_q1,230,0.0323002081944664,1.9608875920621207,0.2610335766585026,1.5607934375683286,0.16927917823631,0.3322526844443182,2,RFG5c_gm-clim-topo_ctr-area_raw100_pg-all_unified_woodypcl,kfold5_block20_unified,RF,gm+clim+topo_ctr+area,,,none,RF
td_inext_q2,230,0.0523967103565197,1.644417454424001,0.2467996358475555,1.3323016457125867,0.1387937928611455,0.3277463903499149,2,RFG5c_gm-clim-topo_ctr-area_raw100_pg-all_unified_woodypcl,kfold5_block20_unified,RF,gm+clim+topo_ctr+area,,,none,RF
hill_q0_unified,3102,0.4415825115949743,2.269119959969397,0.1620799971406712,1.6258011012747628,-0.0102577859850021,0.6808440158664466,0,RFG1c_clim-topo_ctr-area_raw100_unified-all_unified_woody,kfold5_block20_unified,RF,clim+topo_ctr+area,,,none,RF
lcbd_pa_unified,3094,0.4102263949345675,1.1468339562946916e-05,0.1976611779104537,9.114555260969908e-06,2.967135352075701e-08,0.6057203102287547,0,RFG1c_clim-topo_ctr-area_raw100_unified-all_unified_woody,kfold5_block20_unified,RF,clim+topo_ctr+area,,,none,RF
pcoa1_pa_unified,3094,0.69382396245253,0.1623658934037023,0.1266331900054202,0.0917520267166226,-0.0212545273143399,0.8382778446773352,0,RFG1c_clim-topo_ctr-area_raw100_unified-all_unified_woody,kfold5_block20_unified,RF,clim+topo_ctr+area,,,none,RF
pcoa2_pa_unified,3094,0.7601348256080293,0.1322635176465041,0.1263797740099779,0.103385671322981,0.0056932038526235,0.8758755524415056,0,RFG1c_clim-topo_ctr-area_raw100_unified-all_unified_woody,kfold5_block20_unified,RF,clim+topo_ctr+area,,,none,RF
lcbd_freq_unified,3040,0.3443100143343772,2.031973164305576e-05,0.203947385845615,1.6027230692230222e-05,-2.3158649855524074e-06,0.5641132024557263,0,RFG1c_clim-topo_ctr-area_raw100_unified-all_unified_woody,kfold5_block20_unified,RF,clim+topo_ctr+area,,,none,RF
pcoa1_freq_unified,3040,0.52817908306606,0.3435271060078499,0.1657537017706072,0.162545499907153,-0.0567327117686148,0.6771107232774675,0,RFG1c_clim-topo_ctr-area_raw100_unified-all_unified_woody,kfold5_block20_unified,RF,clim+topo_ctr+area,,,none,RF
pcoa2_freq_unified,3040,0.4694865099412252,0.3443990008389835,0.1635664561556823,0.234686770263114,0.0095981074460956,0.8234236435585759,0,RFG1c_clim-topo_ctr-area_raw100_unified-all_unified_woody,kfold5_block20_unified,RF,clim+topo_ctr+area,,,none,RF
mpd_unified,2535,0.231930020079509,102.35853158251685,0.1600317112208369,67.10840228767681,4.113829478048665,0.4381217146985933,0,RFG1c_clim-topo_ctr-area_raw100_unified-all_unified_woody,kfold5_block20_unified,RF,clim+topo_ctr+area,,,none,RF
mntd_unified,2535,0.0837612096651043,97.48335440224456,0.1524096504643791,62.28980955094991,-5.988415530788175,0.2806875428991816,0,RFG1c_clim-topo_ctr-area_raw100_unified-all_unified_woody,kfold5_block20_unified,RF,clim+topo_ctr+area,,,none,RF
ses_pd_unified,2535,0.2053320443908088,1.0724908574290852,0.1963548906384022,0.7592786757953168,-0.0496601943720917,0.4059351560703318,0,RFG1c_clim-topo_ctr-area_raw100_unified-all_unified_woody,kfold5_block20_unified,RF,clim+topo_ctr+area,,,none,RF
ses_mpd_unified,2535,0.2491449248255145,1.1013219720488694,0.2002673322846204,0.7763263725166081,-0.0781013681062886,0.422472649147693,0,RFG1c_clim-topo_ctr-area_raw100_unified-all_unified_woody,kfold5_block20_unified,RF,clim+topo_ctr+area,,,none,RF
ses_mntd_unified,2535,0.1236972154907608,1.1450479309825246,0.1886505604911778,0.8397594918167731,-0.0878074970990298,0.3238359036850733,0,RFG1c_clim-topo_ctr-area_raw100_unified-all_unified_woody,kfold5_block20_unified,RF,clim+topo_ctr+area,,,none,RF
dark_n_unified,3094,0.6802564313116881,15.70093240998396,0.1467376860746164,11.883821556186538,-0.1843784457244676,0.8273640205956986,0,RFG1c_clim-topo_ctr-area_raw100_unified-all_unified_woody,kfold5_block20_unified,RF,clim+topo_ctr+area,,,none,RF
hill_q0_unified,3102,0.4473753329961069,2.257319761855566,0.1612371258468261,1.6114960973122283,-0.0959676756007314,0.684253068693,1,RFG1c_clim-topo_ctr-area_raw100_unified-all_unified_woody,kfold5_block20_unified,RF,clim+topo_ctr+area,,,none,RF
lcbd_pa_unified,3094,0.3958558139266268,1.1607218972068814e-05,0.2000548171503689,9.113462396306727e-06,-1.5820318224918503e-06,0.6013531820108552,1,RFG1c_clim-topo_ctr-area_raw100_unified-all_unified_woody,kfold5_block20_unified,RF,clim+topo_ctr+area,,,none,RF
pcoa1_pa_unified,3094,0.7016612166921578,0.1602743648707623,0.1250019549931814,0.0912365816243199,-0.0169308742705559,0.8403904896643317,1,RFG1c_clim-topo_ctr-area_raw100_unified-all_unified_woody,kfold5_block20_unified,RF,clim+topo_ctr+area,,,none,RF
pcoa2_pa_unified,3094,0.7590122292647471,0.1325726605282343,0.1266751646681507,0.1044718881499791,-0.0144760336210936,0.8763901522708214,1,RFG1c_clim-topo_ctr-area_raw100_unified-all_unified_woody,kfold5_block20_unified,RF,clim+topo_ctr+area,,,none,RF
lcbd_freq_unified,3040,0.3476544604268627,2.026784345799297e-05,0.2034265886281259,1.6028855536937463e-05,-1.3271788790311815e-06,0.5657465339080061,1,RFG1c_clim-topo_ctr-area_raw100_unified-all_unified_woody,kfold5_block20_unified,RF,clim+topo_ctr+area,,,none,RF
pcoa1_freq_unified,3040,0.5243948753612595,0.344901972699312,0.1664170824458595,0.1619059067865963,-0.059816516145842,0.6857541847440037,1,RFG1c_clim-topo_ctr-area_raw100_unified-all_unified_woody,kfold5_block20_unified,RF,clim+topo_ctr+area,,,none,RF
pcoa2_freq_unified,3040,0.4676157107513359,0.3450057095920589,0.1638546021735785,0.2302160888831,0.0180173748939401,0.8240481638230582,1,RFG1c_clim-topo_ctr-area_raw100_unified-all_unified_woody,kfold5_block20_unified,RF,clim+topo_ctr+area,,,none,RF
mpd_unified,2535,0.2231856703416556,102.93955004257371,0.1609401003602302,66.45370812884596,-1.624800020167975,0.4354999628671417,1,RFG1c_clim-topo_ctr-area_raw100_unified-all_unified_woody,kfold5_block20_unified,RF,clim+topo_ctr+area,,,none,RF
mntd_unified,2535,0.0778601673917896,97.79677168014604,0.1528996604570325,62.33066703084162,-5.134838589151283,0.2795746626962906,1,RFG1c_clim-topo_ctr-area_raw100_unified-all_unified_woody,kfold5_block20_unified,RF,clim+topo_ctr+area,,,none,RF
ses_pd_unified,2535,0.2067416972539276,1.0715391952590272,0.1961806574316275,0.7716115036589534,0.0199621586883371,0.4136470600786812,1,RFG1c_clim-topo_ctr-area_raw100_unified-all_unified_woody,kfold5_block20_unified,RF,clim+topo_ctr+area,,,none,RF
ses_mpd_unified,2535,0.2465650455950684,1.1032123776394849,0.2006110886920806,0.7802534329187248,-0.0749698666141011,0.4211348828734288,1,RFG1c_clim-topo_ctr-area_raw100_unified-all_unified_woody,kfold5_block20_unified,RF,clim+topo_ctr+area,,,none,RF
ses_mntd_unified,2535,0.1166720203607742,1.1496286120669648,0.1894052433569592,0.8442023467156772,-0.0925737556753567,0.3209656457125402,1,RFG1c_clim-topo_ctr-area_raw100_unified-all_unified_woody,kfold5_block20_unified,RF,clim+topo_ctr+area,,,none,RF
dark_n_unified,3094,0.6785327055818422,15.743197097098117,0.1471326831504496,11.91557859248566,0.1198622124113454,0.8258525804067515,1,RFG1c_clim-topo_ctr-area_raw100_unified-all_unified_woody,kfold5_block20_unified,RF,clim+topo_ctr+area,,,none,RF
hill_q0_unified,3102,0.4441742132427291,2.2638481682884786,0.1617034405920341,1.6226447055133577,-0.0809162035219631,0.6792123367875563,2,RFG1c_clim-topo_ctr-area_raw100_unified-all_unified_woody,kfold5_block20_unified,RF,clim+topo_ctr+area,,,none,RF
lcbd_pa_unified,3094,0.4055104379713354,1.1514099926115968e-05,0.1984498751090288,9.08643454952926e-06,-8.0424742571852e-07,0.6033735028752607,2,RFG1c_clim-topo_ctr-area_raw100_unified-all_unified_woody,kfold5_block20_unified,RF,clim+topo_ctr+area,,,none,RF
pcoa1_pa_unified,3094,0.6870237416140983,0.1641590781311449,0.128031739279192,0.0922321382986284,-0.0253921874047216,0.8362733005244603,2,RFG1c_clim-topo_ctr-area_raw100_unified-all_unified_woody,kfold5_block20_unified,RF,clim+topo_ctr+area,,,none,RF
pcoa2_pa_unified,3094,0.7619661180113455,0.1317576558564136,0.1258964154856509,0.1034997148671384,-0.0011875704889701,0.8767230349330801,2,RFG1c_clim-topo_ctr-area_raw100_unified-all_unified_woody,kfold5_block20_unified,RF,clim+topo_ctr+area,,,none,RF
lcbd_freq_unified,3040,0.3472198884620674,2.027459323217885e-05,0.2034943355267779,1.602274020740732e-05,-1.6623070638985913e-06,0.5616130393784736,2,RFG1c_clim-topo_ctr-area_raw100_unified-all_unified_woody,kfold5_block20_unified,RF,clim+topo_ctr+area,,,none,RF
pcoa1_freq_unified,3040,0.5125735009337742,0.3491620089739344,0.168472573176712,0.1628865948418795,-0.0680560083219992,0.6821293269403953,2,RFG1c_clim-topo_ctr-area_raw100_unified-all_unified_woody,kfold5_block20_unified,RF,clim+topo_ctr+area,,,none,RF
pcoa2_freq_unified,3040,0.471080021660081,0.3438813734959701,0.1633206178405312,0.2298726381266214,0.0184833302872628,0.826557782529066,2,RFG1c_clim-topo_ctr-area_raw100_unified-all_unified_woody,kfold5_block20_unified,RF,clim+topo_ctr+area,,,none,RF
mpd_unified,2535,0.2320229968441225,102.3523360187164,0.1600220248111002,65.55991415886325,-1.7987372647891966,0.4523440383470417,2,RFG1c_clim-topo_ctr-area_raw100_unified-all_unified_woody,kfold5_block20_unified,RF,clim+topo_ctr+area,,,none,RF
mntd_unified,2535,0.0761431738350754,97.88777649844896,0.1530419412867512,62.53602012573012,-4.150089528754234,0.2786583378861252,2,RFG1c_clim-topo_ctr-area_raw100_unified-all_unified_woody,kfold5_block20_unified,RF,clim+topo_ctr+area,,,none,RF
ses_pd_unified,2535,0.2069734695901048,1.0713826439281493,0.1961519955374576,0.7619364651848902,-0.0318299849809431,0.4149364110122641,2,RFG1c_clim-topo_ctr-area_raw100_unified-all_unified_woody,kfold5_block20_unified,RF,clim+topo_ctr+area,,,none,RF
ses_mpd_unified,2535,0.245135405037097,1.1042585526790103,0.2008013279586947,0.7818683958768238,-0.075133356365711,0.4146417433839863,2,RFG1c_clim-topo_ctr-area_raw100_unified-all_unified_woody,kfold5_block20_unified,RF,clim+topo_ctr+area,,,none,RF
ses_mntd_unified,2535,0.1217366042261963,1.1463281617403125,0.1888614828844504,0.8432288680039827,0.010704643076103,0.3224399934046268,2,RFG1c_clim-topo_ctr-area_raw100_unified-all_unified_woody,kfold5_block20_unified,RF,clim+topo_ctr+area,,,none,RF
dark_n_unified,3094,0.6820563677756197,15.65667731320532,0.146324087039302,11.872971234104616,0.4318061550593737,0.828226118119664,2,RFG1c_clim-topo_ctr-area_raw100_unified-all_unified_woody,kfold5_block20_unified,RF,clim+topo_ctr+area,,,none,RF
lcbd_count_sorensen,2499,0.443629350546321,1.5808466663365708e-05,0.1927695897937013,1.2493816451230529e-05,-1.3218238934573514e-06,0.6046746567695013,0,RFG7c_lspu-topo_ctr-area_kndvi_raw100_pg-all_unified_woody,kfold5_block20_unified,RF,lspu+topo_ctr+area,,kndvi,none,RF
pd_inext_q0,877,0.0727785609395343,1.4819471258181611,0.2140969394600138,1.1525651209268577,-0.0765393930140526,0.2772323110826344,0,RFG7c_lspu-topo_ctr-area_kndvi_raw100_pg-all_unified_woody,kfold5_block20_unified,RF,lspu+topo_ctr+area,,kndvi,none,RF
pd_inext_q1,877,0.0969903271684099,1.083958738934231,0.2161584708336489,0.8618907509608293,0.0399648670809367,0.2734371797052816,0,RFG7c_lspu-topo_ctr-area_kndvi_raw100_pg-all_unified_woody,kfold5_block20_unified,RF,lspu+topo_ctr+area,,kndvi,none,RF
pd_inext_q2,877,0.0790653375961182,0.8917178798540697,0.2328118539803819,0.7143148030251891,0.0103409249328504,0.2716031342043904,0,RFG7c_lspu-topo_ctr-area_kndvi_raw100_pg-all_unified_woody,kfold5_block20_unified,RF,lspu+topo_ctr+area,,kndvi,none,RF
td_inext_q0,881,0.0387499048956307,2.27566430512371,0.2293561636857118,1.760090157650451,-0.07284492904261,0.1757796868853046,0,RFG7c_lspu-topo_ctr-area_kndvi_raw100_pg-all_unified_woody,kfold5_block20_unified,RF,lspu+topo_ctr+area,,kndvi,none,RF
td_inext_q1,881,0.0808461562946986,1.622022247244408,0.1982246696998083,1.2192964075041104,-0.0168223238808083,0.2728276972840426,0,RFG7c_lspu-topo_ctr-area_kndvi_raw100_pg-all_unified_woody,kfold5_block20_unified,RF,lspu+topo_ctr+area,,kndvi,none,RF
td_inext_q2,881,0.0732012849106767,1.4522620403707598,0.1951454389768707,1.1112035017435058,0.0398311662130073,0.2534750639074703,0,RFG7c_lspu-topo_ctr-area_kndvi_raw100_pg-all_unified_woody,kfold5_block20_unified,RF,lspu+topo_ctr+area,,kndvi,none,RF
lcbd_count_sorensen,2499,0.4426699953577461,1.5822090137636906e-05,0.1929357154276889,1.2526190837981024e-05,2.0766162342224778e-07,0.5987449597197441,1,RFG7c_lspu-topo_ctr-area_kndvi_raw100_pg-all_unified_woody,kfold5_block20_unified,RF,lspu+topo_ctr+area,,kndvi,none,RF
pd_inext_q0,877,0.0807071068317659,1.4755975577633316,0.21317961719949,1.1596381643414366,0.0148271944338651,0.2869627385957427,1,RFG7c_lspu-topo_ctr-area_kndvi_raw100_pg-all_unified_woody,kfold5_block20_unified,RF,lspu+topo_ctr+area,,kndvi,none,RF
pd_inext_q1,877,0.0785147020789327,1.0949915180819851,0.2183585810260062,0.8617033974324892,-0.0239018736624098,0.2510213249985823,1,RFG7c_lspu-topo_ctr-area_kndvi_raw100_pg-all_unified_woody,kfold5_block20_unified,RF,lspu+topo_ctr+area,,kndvi,none,RF
pd_inext_q2,877,0.0461089154357056,0.9075330710514108,0.2369409222281888,0.7150741584136246,-0.0789020870067017,0.2356678508328635,1,RFG7c_lspu-topo_ctr-area_kndvi_raw100_pg-all_unified_woody,kfold5_block20_unified,RF,lspu+topo_ctr+area,,kndvi,none,RF
td_inext_q0,881,0.0170417927208375,2.3012167482505603,0.2319315041325327,1.82469697290435,0.2170781256118775,0.1612420511961395,1,RFG7c_lspu-topo_ctr-area_kndvi_raw100_pg-all_unified_woody,kfold5_block20_unified,RF,lspu+topo_ctr+area,,kndvi,none,RF
td_inext_q1,881,0.0798659909681829,1.622886861126568,0.1983303327395725,1.2222846810013792,-0.0201344517165924,0.2627621207065625,1,RFG7c_lspu-topo_ctr-area_kndvi_raw100_pg-all_unified_woody,kfold5_block20_unified,RF,lspu+topo_ctr+area,,kndvi,none,RF
td_inext_q2,881,0.0687135478166116,1.4557738599156294,0.1956173342324378,1.117509203772457,0.055942515678528,0.2487604531210727,1,RFG7c_lspu-topo_ctr-area_kndvi_raw100_pg-all_unified_woody,kfold5_block20_unified,RF,lspu+topo_ctr+area,,kndvi,none,RF
lcbd_count_sorensen,2499,0.4478523678109363,1.574835692203358e-05,0.1920366072454284,1.2437264587773394e-05,-1.0499927585332044e-06,0.6055787215842348,2,RFG7c_lspu-topo_ctr-area_kndvi_raw100_pg-all_unified_woody,kfold5_block20_unified,RF,lspu+topo_ctr+area,,kndvi,none,RF
pd_inext_q0,877,0.0737945015488455,1.481135031298185,0.2139796161437833,1.1507640855903762,-0.0624008049406473,0.2803351783735322,2,RFG7c_lspu-topo_ctr-area_kndvi_raw100_pg-all_unified_woody,kfold5_block20_unified,RF,lspu+topo_ctr+area,,kndvi,none,RF
pd_inext_q1,877,0.0799383367770149,1.094145345888229,0.2181898409431096,0.853781499376328,-0.0793121303245888,0.2724712381041332,2,RFG7c_lspu-topo_ctr-area_kndvi_raw100_pg-all_unified_woody,kfold5_block20_unified,RF,lspu+topo_ctr+area,,kndvi,none,RF
pd_inext_q2,877,0.0672986868866937,0.8973964748012315,0.2342944352401282,0.7046642326217101,-0.0683167125476311,0.2473167194259962,2,RFG7c_lspu-topo_ctr-area_kndvi_raw100_pg-all_unified_woody,kfold5_block20_unified,RF,lspu+topo_ctr+area,,kndvi,none,RF
td_inext_q0,881,0.0043656884899484,2.316007316173794,0.2334221932073528,1.7821096998321233,-0.1377266778242684,0.141222786844769,2,RFG7c_lspu-topo_ctr-area_kndvi_raw100_pg-all_unified_woody,kfold5_block20_unified,RF,lspu+topo_ctr+area,,kndvi,none,RF
td_inext_q1,881,0.0714961348714527,1.6302513207552622,0.1992303312321305,1.2389160481583,0.0875987212349445,0.2424678752635581,2,RFG7c_lspu-topo_ctr-area_kndvi_raw100_pg-all_unified_woody,kfold5_block20_unified,RF,lspu+topo_ctr+area,,kndvi,none,RF
td_inext_q2,881,0.0576163199137738,1.4644216894265514,0.1967793727896635,1.115820606048149,-0.0087591819076553,0.2094670986119175,2,RFG7c_lspu-topo_ctr-area_kndvi_raw100_pg-all_unified_woody,kfold5_block20_unified,RF,lspu+topo_ctr+area,,kndvi,none,RF
lcbd_count_sorensen,479,0.6473945995845106,0.000106063498217,0.1640533027951048,8.396885724455874e-05,-7.805449358133046e-06,0.7236866514625421,0,RFG7c_lspu-topo_ctr-area_kndvi_raw100_pg-all_unified_woodypclown,kfold5_block20_unified,RF,lspu+topo_ctr+area,,kndvi,none,RF
pd_inext_q0,226,-0.0111434101909777,1.7811076752072856,0.2170767069388114,1.3844123200683132,0.0626159285575622,0.1746584341027185,0,RFG7c_lspu-topo_ctr-area_kndvi_raw100_pg-all_unified_woodypclown,kfold5_block20_unified,RF,lspu+topo_ctr+area,,kndvi,none,RF
pd_inext_q1,226,0.3875619332893337,1.1168588234524772,0.2048672265077327,0.8742570993590154,-0.0693509776626424,0.6194542744035635,0,RFG7c_lspu-topo_ctr-area_kndvi_raw100_pg-all_unified_woodypclown,kfold5_block20_unified,RF,lspu+topo_ctr+area,,kndvi,none,RF
pd_inext_q2,226,0.3775741104783131,0.8722165126015367,0.2007010157124847,0.7137292806889087,0.0013008243082201,0.5892472492286993,0,RFG7c_lspu-topo_ctr-area_kndvi_raw100_pg-all_unified_woodypclown,kfold5_block20_unified,RF,lspu+topo_ctr+area,,kndvi,none,RF
td_inext_q0,230,-0.0421940056524823,2.712530556861046,0.2528418427855441,2.158187956443419,0.03484300133314,0.0071580588502584,0,RFG7c_lspu-topo_ctr-area_kndvi_raw100_pg-all_unified_woodypclown,kfold5_block20_unified,RF,lspu+topo_ctr+area,,kndvi,none,RF
td_inext_q1,230,0.1552919026452776,1.832043170827148,0.2438817928216275,1.398555628788099,-0.0566797309288728,0.4594164890517049,0,RFG7c_lspu-topo_ctr-area_kndvi_raw100_pg-all_unified_woodypclown,kfold5_block20_unified,RF,lspu+topo_ctr+area,,kndvi,none,RF
td_inext_q2,230,0.1312090932828513,1.5745499097545697,0.236313682578458,1.2343065418161048,0.02843023918544,0.4394540173839333,0,RFG7c_lspu-topo_ctr-area_kndvi_raw100_pg-all_unified_woodypclown,kfold5_block20_unified,RF,lspu+topo_ctr+area,,kndvi,none,RF
lcbd_count_sorensen,479,0.6532409233191128,0.0001051805375882,0.1626875868813616,8.305433597642998e-05,-2.0540965446400733e-06,0.7311488075694677,1,RFG7c_lspu-topo_ctr-area_kndvi_raw100_pg-all_unified_woodypclown,kfold5_block20_unified,RF,lspu+topo_ctr+area,,kndvi,none,RF
pd_inext_q0,226,-0.0252706219992433,1.7935069084074473,0.2185878927863174,1.3535258476586174,-0.203037098440978,0.166155575082647,1,RFG7c_lspu-topo_ctr-area_kndvi_raw100_pg-all_unified_woodypclown,kfold5_block20_unified,RF,lspu+topo_ctr+area,,kndvi,none,RF
pd_inext_q1,226,0.358221786227522,1.1432986119569588,0.2097171198215716,0.9004396469645559,-0.0081898950559144,0.6057274470014707,1,RFG7c_lspu-topo_ctr-area_kndvi_raw100_pg-all_unified_woodypclown,kfold5_block20_unified,RF,lspu+topo_ctr+area,,kndvi,none,RF
pd_inext_q2,226,0.380275811374967,0.870321483121538,0.2002649607468359,0.7020636549341578,-0.0464297880116792,0.5935917214881166,1,RFG7c_lspu-topo_ctr-area_kndvi_raw100_pg-all_unified_woodypclown,kfold5_block20_unified,RF,lspu+topo_ctr+area,,kndvi,none,RF
td_inext_q0,230,-0.0921153142910236,2.77673607317309,0.2588266015637532,2.175550499696324,-0.3973956351097341,-0.0226369294598076,1,RFG7c_lspu-topo_ctr-area_kndvi_raw100_pg-all_unified_woodypclown,kfold5_block20_unified,RF,lspu+topo_ctr+area,,kndvi,none,RF
td_inext_q1,230,0.1313001717819567,1.857878215482217,0.2473209568699619,1.4211928926433215,-0.0293954881146167,0.440333682810043,1,RFG7c_lspu-topo_ctr-area_kndvi_raw100_pg-all_unified_woodypclown,kfold5_block20_unified,RF,lspu+topo_ctr+area,,kndvi,none,RF
td_inext_q2,230,0.1631638602713658,1.545322086312969,0.2319270737142688,1.2024324077819613,-0.0170208022590776,0.4596473950626768,1,RFG7c_lspu-topo_ctr-area_kndvi_raw100_pg-all_unified_woodypclown,kfold5_block20_unified,RF,lspu+topo_ctr+area,,kndvi,none,RF
lcbd_count_sorensen,479,0.6336778219151658,0.0001081068152793,0.1672137955033716,8.526484635405149e-05,-7.84012452317934e-06,0.7139747768161079,2,RFG7c_lspu-topo_ctr-area_kndvi_raw100_pg-all_unified_woodypclown,kfold5_block20_unified,RF,lspu+topo_ctr+area,,kndvi,none,RF
pd_inext_q0,226,-0.042013707721735,1.8080919527846293,0.2203654795364203,1.3974142049104032,-0.0276716623211058,0.1437345993538437,2,RFG7c_lspu-topo_ctr-area_kndvi_raw100_pg-all_unified_woodypclown,kfold5_block20_unified,RF,lspu+topo_ctr+area,,kndvi,none,RF
pd_inext_q1,226,0.3930988593845028,1.1117987156399365,0.2039390427197578,0.8680631579422348,-0.0643458071884223,0.6248341844161225,2,RFG7c_lspu-topo_ctr-area_kndvi_raw100_pg-all_unified_woodypclown,kfold5_block20_unified,RF,lspu+topo_ctr+area,,kndvi,none,RF
pd_inext_q2,226,0.3968122881340536,0.8586313136141601,0.1975749991832972,0.7037695010896177,0.0162273686201433,0.5964662048088364,2,RFG7c_lspu-topo_ctr-area_kndvi_raw100_pg-all_unified_woodypclown,kfold5_block20_unified,RF,lspu+topo_ctr+area,,kndvi,none,RF
td_inext_q0,230,-0.045782793097463,2.717196832819924,0.2532767981851817,2.160301472359217,-0.1059998373908495,0.0241346459773393,2,RFG7c_lspu-topo_ctr-area_kndvi_raw100_pg-all_unified_woodypclown,kfold5_block20_unified,RF,lspu+topo_ctr+area,,kndvi,none,RF
td_inext_q1,230,0.1582816675772592,1.8287981245763063,0.2434498118999733,1.4113667327294188,0.0169207943838545,0.45100241937796,2,RFG7c_lspu-topo_ctr-area_kndvi_raw100_pg-all_unified_woodypclown,kfold5_block20_unified,RF,lspu+topo_ctr+area,,kndvi,none,RF
td_inext_q2,230,0.177610115342881,1.5319256149868443,0.229916486782079,1.2041084941570286,0.0150839760794515,0.4723972140161357,2,RFG7c_lspu-topo_ctr-area_kndvi_raw100_pg-all_unified_woodypclown,kfold5_block20_unified,RF,lspu+topo_ctr+area,,kndvi,none,RF
hill_q0_unified,3102,0.3411160313938218,2.464804175043229,0.1760574410745163,1.7337352061441045,-0.0940480789082017,0.6313771804132099,0,RFG7c_lspu-topo_ctr-area_kndvi_raw100_unified-all_unified_woody,kfold5_block20_unified,RF,lspu+topo_ctr+area,,kndvi,none,RF
lcbd_pa_unified,3094,0.3732176580159845,1.182268868071336e-05,0.2037685192238851,9.37977172910422e-06,2.9350064645329666e-07,0.5483691282269244,0,RFG7c_lspu-topo_ctr-area_kndvi_raw100_unified-all_unified_woody,kfold5_block20_unified,RF,lspu+topo_ctr+area,,kndvi,none,RF
pcoa1_pa_unified,3094,0.507682840695378,0.2058883124385991,0.1605774047884981,0.1177328798306143,-0.0229515813805564,0.7555158481852503,0,RFG7c_lspu-topo_ctr-area_kndvi_raw100_unified-all_unified_woody,kfold5_block20_unified,RF,lspu+topo_ctr+area,,kndvi,none,RF
pcoa2_pa_unified,3094,0.6645133608396263,0.156420649314175,0.1494622754829018,0.121721375867679,0.0028303585008531,0.8231236914301021,0,RFG7c_lspu-topo_ctr-area_kndvi_raw100_unified-all_unified_woody,kfold5_block20_unified,RF,lspu+topo_ctr+area,,kndvi,none,RF
lcbd_freq_unified,3040,0.3495325470069861,2.0238647120406508e-05,0.2031335475175628,1.6011513563780152e-05,-2.3915593391539e-06,0.5551157095748688,0,RFG7c_lspu-topo_ctr-area_kndvi_raw100_unified-all_unified_woody,kfold5_block20_unified,RF,lspu+topo_ctr+area,,kndvi,none,RF
pcoa1_freq_unified,3040,0.2852650761620431,0.422809675744309,0.2040079739659551,0.1996936206992839,-0.0648906191542606,0.5885416278350569,0,RFG7c_lspu-topo_ctr-area_kndvi_raw100_unified-all_unified_woody,kfold5_block20_unified,RF,lspu+topo_ctr+area,,kndvi,none,RF
pcoa2_freq_unified,3040,0.4553734719495691,0.3489498875138651,0.1657278224893916,0.2316388250363868,0.0128435177806795,0.7968793982891857,0,RFG7c_lspu-topo_ctr-area_kndvi_raw100_unified-all_unified_woody,kfold5_block20_unified,RF,lspu+topo_ctr+area,,kndvi,none,RF
mpd_unified,2535,0.1470794137246294,107.86435474504822,0.1686397509099264,73.7741041880299,5.383298185142924,0.3721052030899258,0,RFG7c_lspu-topo_ctr-area_kndvi_raw100_unified-all_unified_woody,kfold5_block20_unified,RF,lspu+topo_ctr+area,,kndvi,none,RF
mntd_unified,2535,0.0374279543315255,99.91777401840709,0.1562157263330037,65.51388048432344,-8.567066461398456,0.1817420616601136,0,RFG7c_lspu-topo_ctr-area_kndvi_raw100_unified-all_unified_woody,kfold5_block20_unified,RF,lspu+topo_ctr+area,,kndvi,none,RF
ses_pd_unified,2535,0.1028000444336433,1.1395814467877543,0.2086380399493123,0.8350138277816156,-0.0504140186014272,0.2976625813600307,0,RFG7c_lspu-topo_ctr-area_kndvi_raw100_unified-all_unified_woody,kfold5_block20_unified,RF,lspu+topo_ctr+area,,kndvi,none,RF
ses_mpd_unified,2535,0.1491730061534713,1.1723488817655103,0.2131830554703748,0.8612261839294747,-0.0730226148218256,0.3327770949031235,0,RFG7c_lspu-topo_ctr-area_kndvi_raw100_unified-all_unified_woody,kfold5_block20_unified,RF,lspu+topo_ctr+area,,kndvi,none,RF
ses_mntd_unified,2535,0.047448899031868,1.193825117956866,0.1966867687693733,0.885804536725142,-0.1135952076560899,0.1992963328890941,0,RFG7c_lspu-topo_ctr-area_kndvi_raw100_unified-all_unified_woody,kfold5_block20_unified,RF,lspu+topo_ctr+area,,kndvi,none,RF
dark_n_unified,3094,0.5688135799645655,18.232955515089504,0.1704014534120514,14.437451165763054,-0.5320425117189347,0.7503309385503768,0,RFG7c_lspu-topo_ctr-area_kndvi_raw100_unified-all_unified_woody,kfold5_block20_unified,RF,lspu+topo_ctr+area,,kndvi,none,RF
hill_q0_unified,3102,0.3403346895000989,2.466265194164129,0.1761617995831521,1.7302023313200647,-0.1610745394119016,0.629705469502511,1,RFG7c_lspu-topo_ctr-area_kndvi_raw100_unified-all_unified_woody,kfold5_block20_unified,RF,lspu+topo_ctr+area,,kndvi,none,RF
lcbd_pa_unified,3094,0.3692428326213568,1.1860117028676604e-05,0.2044136109832501,9.379942682336775e-06,-1.191617412269114e-06,0.5472304355421909,1,RFG7c_lspu-topo_ctr-area_kndvi_raw100_unified-all_unified_woody,kfold5_block20_unified,RF,lspu+topo_ctr+area,,kndvi,none,RF
pcoa1_pa_unified,3094,0.5062804847409613,0.2061813383653011,0.1608059429813088,0.1179535785788285,-0.0220198305615686,0.7516228106513025,1,RFG7c_lspu-topo_ctr-area_kndvi_raw100_unified-all_unified_woody,kfold5_block20_unified,RF,lspu+topo_ctr+area,,kndvi,none,RF
pcoa2_pa_unified,3094,0.6635259103661835,0.1566506795715821,0.1496820728424751,0.1232516056704406,-0.0085724639105815,0.8232515392832196,1,RFG7c_lspu-topo_ctr-area_kndvi_raw100_unified-all_unified_woody,kfold5_block20_unified,RF,lspu+topo_ctr+area,,kndvi,none,RF
lcbd_freq_unified,3040,0.3574111701991179,2.011570595490044e-05,0.2018995976919337,1.6010974846894368e-05,-2.0791020237855925e-07,0.5541553481596747,1,RFG7c_lspu-topo_ctr-area_kndvi_raw100_unified-all_unified_woody,kfold5_block20_unified,RF,lspu+topo_ctr+area,,kndvi,none,RF
pcoa1_freq_unified,3040,0.2755907377383479,0.4256615409385376,0.2053840144722997,0.199433867495301,-0.0702213909600864,0.5928004455541045,1,RFG7c_lspu-topo_ctr-area_kndvi_raw100_unified-all_unified_woody,kfold5_block20_unified,RF,lspu+topo_ctr+area,,kndvi,none,RF
pcoa2_freq_unified,3040,0.4454518670433993,0.3521139981966333,0.1672305631187313,0.2290737310550725,0.0277740684604221,0.7889673724030125,1,RFG7c_lspu-topo_ctr-area_kndvi_raw100_unified-all_unified_woody,kfold5_block20_unified,RF,lspu+topo_ctr+area,,kndvi,none,RF
mpd_unified,2535,0.1277734468345867,109.07828556722248,0.170537662337267,72.47547988647295,-6.0262442292866565,0.3537079983174948,1,RFG7c_lspu-topo_ctr-area_kndvi_raw100_unified-all_unified_woody,kfold5_block20_unified,RF,lspu+topo_ctr+area,,kndvi,none,RF
mntd_unified,2535,0.0420234897112418,99.67897369598994,0.155842375683618,65.0902814738964,-6.40886314060714,0.1978928988130475,1,RFG7c_lspu-topo_ctr-area_kndvi_raw100_unified-all_unified_woody,kfold5_block20_unified,RF,lspu+topo_ctr+area,,kndvi,none,RF
ses_pd_unified,2535,0.1041277319058148,1.1387379513341989,0.2084836102342339,0.8485545394054711,0.0101536948694081,0.3112022941138493,1,RFG7c_lspu-topo_ctr-area_kndvi_raw100_unified-all_unified_woody,kfold5_block20_unified,RF,lspu+topo_ctr+area,,kndvi,none,RF
ses_mpd_unified,2535,0.1467751937005175,1.1739996844569245,0.2134832418459564,0.8670552186198437,-0.0632316960806015,0.3270638110459247,1,RFG7c_lspu-topo_ctr-area_kndvi_raw100_unified-all_unified_woody,kfold5_block20_unified,RF,lspu+topo_ctr+area,,kndvi,none,RF
ses_mntd_unified,2535,0.0421785780632232,1.1971231890982523,0.1972301372629774,0.8873070746889368,-0.0928867394192804,0.1920574370849065,1,RFG7c_lspu-topo_ctr-area_kndvi_raw100_unified-all_unified_woody,kfold5_block20_unified,RF,lspu+topo_ctr+area,,kndvi,none,RF
dark_n_unified,3094,0.5650822001958302,18.311677297737123,0.171137171006889,14.494292142619727,-0.8704248773423984,0.7491114774383362,1,RFG7c_lspu-topo_ctr-area_kndvi_raw100_unified-all_unified_woody,kfold5_block20_unified,RF,lspu+topo_ctr+area,,kndvi,none,RF
hill_q0_unified,3102,0.3306496094512235,2.484303842599674,0.1774502744714053,1.7742559567690492,0.0196049134267709,0.6143883242748127,2,RFG7c_lspu-topo_ctr-area_kndvi_raw100_unified-all_unified_woody,kfold5_block20_unified,RF,lspu+topo_ctr+area,,kndvi,none,RF
lcbd_pa_unified,3094,0.3764076722846528,1.1792564463190324e-05,0.2032493169203125,9.327440849985095e-06,-3.0221132050693426e-07,0.5555270289845866,2,RFG7c_lspu-topo_ctr-area_kndvi_raw100_unified-all_unified_woody,kfold5_block20_unified,RF,lspu+topo_ctr+area,,kndvi,none,RF
pcoa1_pa_unified,3094,0.4898811770077963,0.2095776092794,0.16345477895886,0.1160390259265796,-0.0357026243089573,0.753472127842034,2,RFG7c_lspu-topo_ctr-area_kndvi_raw100_unified-all_unified_woody,kfold5_block20_unified,RF,lspu+topo_ctr+area,,kndvi,none,RF
pcoa2_pa_unified,3094,0.6649393307017251,0.1563213135458021,0.1493673586669766,0.1212865437809242,0.0030246046902017,0.8233618765706553,2,RFG7c_lspu-topo_ctr-area_kndvi_raw100_unified-all_unified_woody,kfold5_block20_unified,RF,lspu+topo_ctr+area,,kndvi,none,RF
lcbd_freq_unified,3040,0.3535452684834961,2.0176124629608152e-05,0.2025060146948427,1.6005494988304227e-05,-9.933849010873385e-07,0.5506703454121551,2,RFG7c_lspu-topo_ctr-area_kndvi_raw100_unified-all_unified_woody,kfold5_block20_unified,RF,lspu+topo_ctr+area,,kndvi,none,RF
pcoa1_freq_unified,3040,0.2657878047112489,0.4285319553799355,0.2067690050915454,0.1969107963091255,-0.0784758598997055,0.5927771109872506,2,RFG7c_lspu-topo_ctr-area_kndvi_raw100_unified-all_unified_woody,kfold5_block20_unified,RF,lspu+topo_ctr+area,,kndvi,none,RF
pcoa2_freq_unified,3040,0.4492008580048979,0.3509217564778769,0.1666643281635111,0.2265599695884131,0.0307140198159265,0.7979585664699499,2,RFG7c_lspu-topo_ctr-area_kndvi_raw100_unified-all_unified_woody,kfold5_block20_unified,RF,lspu+topo_ctr+area,,kndvi,none,RF
mpd_unified,2535,0.1295521345121999,108.96700988169202,0.1703636891657356,72.55260340954004,-4.171327599736114,0.3508272693832913,2,RFG7c_lspu-topo_ctr-area_kndvi_raw100_unified-all_unified_woody,kfold5_block20_unified,RF,lspu+topo_ctr+area,,kndvi,none,RF
mntd_unified,2535,0.0349337871183152,100.0471411706182,0.1564179844782119,65.47743335155515,-7.284904296938415,0.1875660820511886,2,RFG7c_lspu-topo_ctr-area_kndvi_raw100_unified-all_unified_woody,kfold5_block20_unified,RF,lspu+topo_ctr+area,,kndvi,none,RF
ses_pd_unified,2535,0.1073983027761031,1.136657449106882,0.2081027055537996,0.8468976123629229,0.003239123438928,0.3050806114569977,2,RFG7c_lspu-topo_ctr-area_kndvi_raw100_unified-all_unified_woody,kfold5_block20_unified,RF,lspu+topo_ctr+area,,kndvi,none,RF
ses_mpd_unified,2535,0.1451767547570355,1.1750988606233244,0.213683118979204,0.8686297743016789,-0.0599807017838922,0.3238157457598062,2,RFG7c_lspu-topo_ctr-area_kndvi_raw100_unified-all_unified_woody,kfold5_block20_unified,RF,lspu+topo_ctr+area,,kndvi,none,RF
ses_mntd_unified,2535,0.0422039777470224,1.1971073162270889,0.1972275221531985,0.8880215025598146,0.0012193177671573,0.1928560955516626,2,RFG7c_lspu-topo_ctr-area_kndvi_raw100_unified-all_unified_woody,kfold5_block20_unified,RF,lspu+topo_ctr+area,,kndvi,none,RF
dark_n_unified,3094,0.5697933779135851,18.21222808524782,0.1702077391144656,14.486598120730182,0.5606457242768422,0.7514767341464513,2,RFG7c_lspu-topo_ctr-area_kndvi_raw100_unified-all_unified_woody,kfold5_block20_unified,RF,lspu+topo_ctr+area,,kndvi,none,RF
lcbd_count_sorensen,2499,0.4793309944359346,1.5292852681799065e-05,0.1864821554817553,1.2076442046295677e-05,-1.3332107152207232e-06,0.6474297498823235,0,RFG8c_lspu-clim-topo_ctr-area_kndvi_raw100_pg-all_unified_woody,kfold5_block20_unified,RF,lspu+clim+topo_ctr+area,,kndvi,none,RF
pd_inext_q0,877,0.1229567211724371,1.4412903828406762,0.208223258754242,1.1120554581749191,-0.0758226087868247,0.3752952532642629,0,RFG8c_lspu-clim-topo_ctr-area_kndvi_raw100_pg-all_unified_woody,kfold5_block20_unified,RF,lspu+clim+topo_ctr+area,,kndvi,none,RF
pd_inext_q1,877,0.152611283790886,1.0500449440596982,0.2093955251818127,0.820950621566437,0.013905689635553,0.3915932961738645,0,RFG8c_lspu-clim-topo_ctr-area_kndvi_raw100_pg-all_unified_woody,kfold5_block20_unified,RF,lspu+clim+topo_ctr+area,,kndvi,none,RF
pd_inext_q2,877,0.1240170941540272,0.8696827995403383,0.2270588820860806,0.690304257080509,0.0062966087553755,0.3660182328237527,0,RFG8c_lspu-clim-topo_ctr-area_kndvi_raw100_pg-all_unified_woody,kfold5_block20_unified,RF,lspu+clim+topo_ctr+area,,kndvi,none,RF
td_inext_q0,881,0.0501471272819898,2.262133179954536,0.2279924093955182,1.7377749687803907,-0.0956804922547338,0.2152962703103113,0,RFG8c_lspu-clim-topo_ctr-area_kndvi_raw100_pg-all_unified_woody,kfold5_block20_unified,RF,lspu+clim+topo_ctr+area,,kndvi,none,RF
td_inext_q1,881,0.1024132172719095,1.6028796942526375,0.1958852897989154,1.2051027991089576,-0.0015270934825222,0.3048605336309126,0,RFG8c_lspu-clim-topo_ctr-area_kndvi_raw100_pg-all_unified_woody,kfold5_block20_unified,RF,lspu+clim+topo_ctr+area,,kndvi,none,RF
td_inext_q2,881,0.0882037340324769,1.440459920576554,0.193559547599093,1.10330437107414,0.0416698431982983,0.2688029409155729,0,RFG8c_lspu-clim-topo_ctr-area_kndvi_raw100_pg-all_unified_woody,kfold5_block20_unified,RF,lspu+clim+topo_ctr+area,,kndvi,none,RF
lcbd_count_sorensen,2499,0.4830267495589553,1.5238481008855744e-05,0.1858191433558563,1.2087051831251688e-05,1.3397241715987374e-07,0.6452243645361269,1,RFG8c_lspu-clim-topo_ctr-area_kndvi_raw100_pg-all_unified_woody,kfold5_block20_unified,RF,lspu+clim+topo_ctr+area,,kndvi,none,RF
pd_inext_q0,877,0.1225037419138767,1.4416625368646578,0.2082770238556779,1.117471818263075,-0.0364733051504827,0.3790539508162661,1,RFG8c_lspu-clim-topo_ctr-area_kndvi_raw100_pg-all_unified_woody,kfold5_block20_unified,RF,lspu+clim+topo_ctr+area,,kndvi,none,RF
pd_inext_q1,877,0.1337038208272485,1.0616949443098125,0.2117187189979835,0.8240375328331836,-0.0403100784928188,0.3800246973704839,1,RFG8c_lspu-clim-topo_ctr-area_kndvi_raw100_pg-all_unified_woody,kfold5_block20_unified,RF,lspu+clim+topo_ctr+area,,kndvi,none,RF
pd_inext_q2,877,0.0904363958385796,0.8861956257685385,0.2313700905697237,0.6925269509102789,-0.0684205879732827,0.3279869330317879,1,RFG8c_lspu-clim-topo_ctr-area_kndvi_raw100_pg-all_unified_woody,kfold5_block20_unified,RF,lspu+clim+topo_ctr+area,,kndvi,none,RF
td_inext_q0,881,0.0560365984617082,2.2551092057898696,0.227284487860427,1.768426680544616,0.1549466860433459,0.2272177066743159,1,RFG8c_lspu-clim-topo_ctr-area_kndvi_raw100_pg-all_unified_woody,kfold5_block20_unified,RF,lspu+clim+topo_ctr+area,,kndvi,none,RF
td_inext_q1,881,0.1080323469795953,1.5978545927272916,0.195271180410612,1.202689192415286,-0.0172409573632161,0.3041537711342699,1,RFG8c_lspu-clim-topo_ctr-area_kndvi_raw100_pg-all_unified_woody,kfold5_block20_unified,RF,lspu+clim+topo_ctr+area,,kndvi,none,RF
td_inext_q2,881,0.0883457439239504,1.4403477422697584,0.1935444738146693,1.1062352076588498,0.0543326896338565,0.2774026968351853,1,RFG8c_lspu-clim-topo_ctr-area_kndvi_raw100_pg-all_unified_woody,kfold5_block20_unified,RF,lspu+clim+topo_ctr+area,,kndvi,none,RF
lcbd_count_sorensen,2499,0.478882446952724,1.529943852980753e-05,0.186562463790339,1.20532310477165e-05,-1.337397995241293e-06,0.643672780119461,2,RFG8c_lspu-clim-topo_ctr-area_kndvi_raw100_pg-all_unified_woody,kfold5_block20_unified,RF,lspu+clim+topo_ctr+area,,kndvi,none,RF
pd_inext_q0,877,0.1214974717560519,1.4424889143647088,0.2083964106344078,1.1058379664961815,-0.1007804103309451,0.3857298383697652,2,RFG8c_lspu-clim-topo_ctr-area_kndvi_raw100_pg-all_unified_woody,kfold5_block20_unified,RF,lspu+clim+topo_ctr+area,,kndvi,none,RF
pd_inext_q1,877,0.1450346280437405,1.0547288183806225,0.2103295636045145,0.8066754661525872,-0.0962889712366443,0.3945443495258331,2,RFG8c_lspu-clim-topo_ctr-area_kndvi_raw100_pg-all_unified_woody,kfold5_block20_unified,RF,lspu+clim+topo_ctr+area,,kndvi,none,RF
pd_inext_q2,877,0.1133609653904484,0.8749565542377566,0.2284357666773648,0.6833391125248026,-0.0709368002953405,0.3628516678953086,2,RFG8c_lspu-clim-topo_ctr-area_kndvi_raw100_pg-all_unified_woody,kfold5_block20_unified,RF,lspu+clim+topo_ctr+area,,kndvi,none,RF
td_inext_q0,881,0.025472512831322,2.2913268600587124,0.2309347372500642,1.7540623776929622,-0.1471613356159476,0.1952731503020632,2,RFG8c_lspu-clim-topo_ctr-area_kndvi_raw100_pg-all_unified_woody,kfold5_block20_unified,RF,lspu+clim+topo_ctr+area,,kndvi,none,RF
td_inext_q1,881,0.0857873429415293,1.617656538963674,0.1976911436748574,1.2249845348160349,0.062255213383783,0.259340157225108,2,RFG8c_lspu-clim-topo_ctr-area_kndvi_raw100_pg-all_unified_woody,kfold5_block20_unified,RF,lspu+clim+topo_ctr+area,,kndvi,none,RF
td_inext_q2,881,0.0722595092681621,1.4529997182066252,0.1952445632816462,1.1090959465566426,-0.0051354352975477,0.239975106992635,2,RFG8c_lspu-clim-topo_ctr-area_kndvi_raw100_pg-all_unified_woody,kfold5_block20_unified,RF,lspu+clim+topo_ctr+area,,kndvi,none,RF
lcbd_count_sorensen,479,0.6271351073422917,0.0001090679660448,0.168700451706664,8.659216956329464e-05,-9.170611178667014e-06,0.6574710167485245,0,RFG8c_lspu-clim-topo_ctr-area_kndvi_raw100_pg-all_unified_woodypclown,kfold5_block20_unified,RF,lspu+clim+topo_ctr+area,,kndvi,none,RF
pd_inext_q0,226,-0.0609799352957174,1.8244727559724487,0.2223619286352155,1.434469402864826,-0.0296181467349256,0.096095093962625,0,RFG8c_lspu-clim-topo_ctr-area_kndvi_raw100_pg-all_unified_woodypclown,kfold5_block20_unified,RF,lspu+clim+topo_ctr+area,,kndvi,none,RF
pd_inext_q1,226,0.3760674158914031,1.1272909605069854,0.2067808103376917,0.8641394152868309,-0.0881850886389472,0.606473877028334,0,RFG8c_lspu-clim-topo_ctr-area_kndvi_raw100_pg-all_unified_woodypclown,kfold5_block20_unified,RF,lspu+clim+topo_ctr+area,,kndvi,none,RF
pd_inext_q2,226,0.374377383597575,0.8744534593157928,0.2012157474002704,0.6999085875242979,-0.0249689292168178,0.5853456449239391,0,RFG8c_lspu-clim-topo_ctr-area_kndvi_raw100_pg-all_unified_woodypclown,kfold5_block20_unified,RF,lspu+clim+topo_ctr+area,,kndvi,none,RF
td_inext_q0,230,-0.0683385048035887,2.746343111965757,0.2559935966783578,2.14838831801943,0.0545426530133109,0.0128489869616699,0,RFG8c_lspu-clim-topo_ctr-area_kndvi_raw100_pg-all_unified_woodypclown,kfold5_block20_unified,RF,lspu+clim+topo_ctr+area,,kndvi,none,RF
td_inext_q1,230,0.1038178492518725,1.8870374513775,0.2512026376298314,1.4569122161979562,-0.0029297979563721,0.412678013644434,0,RFG8c_lspu-clim-topo_ctr-area_kndvi_raw100_pg-all_unified_woodypclown,kfold5_block20_unified,RF,lspu+clim+topo_ctr+area,,kndvi,none,RF
td_inext_q2,230,0.0865589351629484,1.614503771955141,0.2423100909814923,1.267626683102422,0.0423795106258154,0.3935351405357716,0,RFG8c_lspu-clim-topo_ctr-area_kndvi_raw100_pg-all_unified_woodypclown,kfold5_block20_unified,RF,lspu+clim+topo_ctr+area,,kndvi,none,RF
lcbd_count_sorensen,479,0.6313818859113425,0.0001084450675719,0.1677369859196888,8.593195426191925e-05,-2.5222697462819338e-06,0.6556281889165231,1,RFG8c_lspu-clim-topo_ctr-area_kndvi_raw100_pg-all_unified_woodypclown,kfold5_block20_unified,RF,lspu+clim+topo_ctr+area,,kndvi,none,RF
pd_inext_q0,226,-0.0729172232486139,1.8347077931802644,0.2236093479818365,1.409448307579167,-0.2619287019104976,0.1059738588285291,1,RFG8c_lspu-clim-topo_ctr-area_kndvi_raw100_pg-all_unified_woodypclown,kfold5_block20_unified,RF,lspu+clim+topo_ctr+area,,kndvi,none,RF
pd_inext_q1,226,0.3560041892761973,1.1452721824655008,0.210079135062811,0.8832915019188525,-0.0495929682385999,0.605091214165203,1,RFG8c_lspu-clim-topo_ctr-area_kndvi_raw100_pg-all_unified_woodypclown,kfold5_block20_unified,RF,lspu+clim+topo_ctr+area,,kndvi,none,RF
pd_inext_q2,226,0.3812851377400057,0.8696124609482058,0.2001018114962834,0.6920658965458746,-0.0492157554133971,0.584737481183389,1,RFG8c_lspu-clim-topo_ctr-area_kndvi_raw100_pg-all_unified_woodypclown,kfold5_block20_unified,RF,lspu+clim+topo_ctr+area,,kndvi,none,RF
td_inext_q0,230,-0.0947594179458677,2.780095397681855,0.2591397327088245,2.1525803205994816,-0.4059484154949739,0.0049978149008937,1,RFG8c_lspu-clim-topo_ctr-area_kndvi_raw100_pg-all_unified_woodypclown,kfold5_block20_unified,RF,lspu+clim+topo_ctr+area,,kndvi,none,RF
td_inext_q1,230,0.0951949132687214,1.8960941197511945,0.2524082623417046,1.471051337478493,0.0398057088533989,0.4057522608312777,1,RFG8c_lspu-clim-topo_ctr-area_kndvi_raw100_pg-all_unified_woodypclown,kfold5_block20_unified,RF,lspu+clim+topo_ctr+area,,kndvi,none,RF
td_inext_q2,230,0.1115485685044392,1.5922660811259024,0.2389725844475027,1.248911758569627,0.0349515976259349,0.4088335424687105,1,RFG8c_lspu-clim-topo_ctr-area_kndvi_raw100_pg-all_unified_woodypclown,kfold5_block20_unified,RF,lspu+clim+topo_ctr+area,,kndvi,none,RF
lcbd_count_sorensen,479,0.6127862934009795,0.0001111467653867,0.1719158264927497,8.794704711486625e-05,-9.820743129914098e-06,0.6439285387890291,2,RFG8c_lspu-clim-topo_ctr-area_kndvi_raw100_pg-all_unified_woodypclown,kfold5_block20_unified,RF,lspu+clim+topo_ctr+area,,kndvi,none,RF
pd_inext_q0,226,-0.0951254050455328,1.853598734160624,0.2259117260559272,1.449277912737139,-0.1194069613732596,0.069502217848989,2,RFG8c_lspu-clim-topo_ctr-area_kndvi_raw100_pg-all_unified_woodypclown,kfold5_block20_unified,RF,lspu+clim+topo_ctr+area,,kndvi,none,RF
pd_inext_q1,226,0.3605176363852451,1.1412518036282464,0.2093416704481226,0.8777833563160687,-0.0884763780877488,0.6141211462172007,2,RFG8c_lspu-clim-topo_ctr-area_kndvi_raw100_pg-all_unified_woodypclown,kfold5_block20_unified,RF,lspu+clim+topo_ctr+area,,kndvi,none,RF
pd_inext_q2,226,0.3751910531038924,0.8738846278896539,0.2010848566829475,0.7027648412001516,-0.0086642990039605,0.582802792771143,2,RFG8c_lspu-clim-topo_ctr-area_kndvi_raw100_pg-all_unified_woodypclown,kfold5_block20_unified,RF,lspu+clim+topo_ctr+area,,kndvi,none,RF
td_inext_q0,230,-0.0607391088599857,2.7365579194717795,0.2550814941046447,2.143992330092177,-0.1021898231156742,0.0406297537496406,2,RFG8c_lspu-clim-topo_ctr-area_kndvi_raw100_pg-all_unified_woodypclown,kfold5_block20_unified,RF,lspu+clim+topo_ctr+area,,kndvi,none,RF
td_inext_q1,230,0.1070634001324578,1.8836173703625032,0.2507473560606991,1.4716391893728726,0.026566148629051,0.4010387642926741,2,RFG8c_lspu-clim-topo_ctr-area_kndvi_raw100_pg-all_unified_woodypclown,kfold5_block20_unified,RF,lspu+clim+topo_ctr+area,,kndvi,none,RF
td_inext_q2,230,0.1157276175080433,1.58851686025314,0.238409888920512,1.2560799376112464,0.040297892461046,0.4105516661336695,2,RFG8c_lspu-clim-topo_ctr-area_kndvi_raw100_pg-all_unified_woodypclown,kfold5_block20_unified,RF,lspu+clim+topo_ctr+area,,kndvi,none,RF
hill_q0_unified,3102,0.4329970770056943,2.2864968079621493,0.1633212005687249,1.6140822606541083,-0.0757373806786915,0.6977754549739761,0,RFG8c_lspu-clim-topo_ctr-area_kndvi_raw100_unified-all_unified_woody,kfold5_block20_unified,RF,lspu+clim+topo_ctr+area,,kndvi,none,RF
lcbd_pa_unified,3094,0.427118032330401,1.1302914788790055e-05,0.1948100192456841,8.9725838800414e-06,2.2527340917223023e-09,0.6078120283512294,0,RFG8c_lspu-clim-topo_ctr-area_kndvi_raw100_unified-all_unified_woody,kfold5_block20_unified,RF,lspu+clim+topo_ctr+area,,kndvi,none,RF
pcoa1_pa_unified,3094,0.7009245338487677,0.1604721242359268,0.1251561924302395,0.0903978132622335,-0.0215089017539058,0.8477389149678894,0,RFG8c_lspu-clim-topo_ctr-area_kndvi_raw100_unified-all_unified_woody,kfold5_block20_unified,RF,lspu+clim+topo_ctr+area,,kndvi,none,RF
pcoa2_pa_unified,3094,0.7817193152324042,0.1261723301356953,0.1205595530241287,0.0980962836615542,0.0047598244674567,0.8880182394277217,0,RFG8c_lspu-clim-topo_ctr-area_kndvi_raw100_unified-all_unified_woody,kfold5_block20_unified,RF,lspu+clim+topo_ctr+area,,kndvi,none,RF
lcbd_freq_unified,3040,0.3727471404371493,1.987421655079394e-05,0.1994757894673912,1.560962664176992e-05,-2.6088211963696724e-06,0.5921146709113033,0,RFG8c_lspu-clim-topo_ctr-area_kndvi_raw100_unified-all_unified_woody,kfold5_block20_unified,RF,lspu+clim+topo_ctr+area,,kndvi,none,RF
pcoa1_freq_unified,3040,0.5416625920238667,0.3385829369149376,0.1633681132246154,0.1575121742991403,-0.0618746242015931,0.6986227406203367,0,RFG8c_lspu-clim-topo_ctr-area_kndvi_raw100_unified-all_unified_woody,kfold5_block20_unified,RF,lspu+clim+topo_ctr+area,,kndvi,none,RF
pcoa2_freq_unified,3040,0.5247893972218773,0.3259543099658752,0.1548064634912091,0.220516980690638,0.0092221520925439,0.8492846133889798,0,RFG8c_lspu-clim-topo_ctr-area_kndvi_raw100_unified-all_unified_woody,kfold5_block20_unified,RF,lspu+clim+topo_ctr+area,,kndvi,none,RF
mpd_unified,2535,0.2386649102230956,101.90877351760756,0.1593285402037266,67.29185659620543,4.335399177955838,0.4445844565315705,0,RFG8c_lspu-clim-topo_ctr-area_kndvi_raw100_unified-all_unified_woody,kfold5_block20_unified,RF,lspu+clim+topo_ctr+area,,kndvi,none,RF
mntd_unified,2535,0.0975935085535764,96.74471131996312,0.151254824241187,62.236666522440416,-8.289256819270905,0.2926252003977391,0,RFG8c_lspu-clim-topo_ctr-area_kndvi_raw100_unified-all_unified_woody,kfold5_block20_unified,RF,lspu+clim+topo_ctr+area,,kndvi,none,RF
ses_pd_unified,2535,0.2018788243918331,1.0748185794292866,0.1967810570673467,0.7617639270529891,-0.0787993392011915,0.417619693562611,0,RFG8c_lspu-clim-topo_ctr-area_kndvi_raw100_unified-all_unified_woody,kfold5_block20_unified,RF,lspu+clim+topo_ctr+area,,kndvi,none,RF
ses_mpd_unified,2535,0.2559724228819533,1.096303397125614,0.1993547412011237,0.7777261362446347,-0.0923243610819534,0.4406765346653258,0,RFG8c_lspu-clim-topo_ctr-area_kndvi_raw100_unified-all_unified_woody,kfold5_block20_unified,RF,lspu+clim+topo_ctr+area,,kndvi,none,RF
ses_mntd_unified,2535,0.126862982681822,1.1429777361374334,0.188309488814364,0.8460180001367571,-0.1148088068100383,0.3244363188941578,0,RFG8c_lspu-clim-topo_ctr-area_kndvi_raw100_unified-all_unified_woody,kfold5_block20_unified,RF,lspu+clim+topo_ctr+area,,kndvi,none,RF
dark_n_unified,3094,0.6955736815157054,15.320242262076093,0.1431798342250101,11.521088991562216,-0.3112080368457138,0.8349979913859167,0,RFG8c_lspu-clim-topo_ctr-area_kndvi_raw100_unified-all_unified_woody,kfold5_block20_unified,RF,lspu+clim+topo_ctr+area,,kndvi,none,RF
hill_q0_unified,3102,0.4382310162059346,2.275919145673142,0.1625656532623673,1.600434841538643,-0.1465977285422918,0.7020002689463803,1,RFG8c_lspu-clim-topo_ctr-area_kndvi_raw100_unified-all_unified_woody,kfold5_block20_unified,RF,lspu+clim+topo_ctr+area,,kndvi,none,RF
lcbd_pa_unified,3094,0.419452477458862,1.1378283892126307e-05,0.1961090343002811,8.951610245406024e-06,-1.4500569595866223e-06,0.6066458598409512,1,RFG8c_lspu-clim-topo_ctr-area_kndvi_raw100_unified-all_unified_woody,kfold5_block20_unified,RF,lspu+clim+topo_ctr+area,,kndvi,none,RF
pcoa1_pa_unified,3094,0.7051014114081751,0.1593476101465961,0.1242791559827885,0.0904745385114782,-0.0181298963231464,0.8473734026031042,1,RFG8c_lspu-clim-topo_ctr-area_kndvi_raw100_unified-all_unified_woody,kfold5_block20_unified,RF,lspu+clim+topo_ctr+area,,kndvi,none,RF
pcoa2_pa_unified,3094,0.7813835509348847,0.1262693334160774,0.12065224111281,0.0993970142721386,-0.0115632331336092,0.8883318343149875,1,RFG8c_lspu-clim-topo_ctr-area_kndvi_raw100_unified-all_unified_woody,kfold5_block20_unified,RF,lspu+clim+topo_ctr+area,,kndvi,none,RF
lcbd_freq_unified,3040,0.378508676139891,1.978273018652624e-05,0.1985575487563091,1.568699004434931e-05,-5.706039451497825e-07,0.5877151927974849,1,RFG8c_lspu-clim-topo_ctr-area_kndvi_raw100_unified-all_unified_woody,kfold5_block20_unified,RF,lspu+clim+topo_ctr+area,,kndvi,none,RF
pcoa1_freq_unified,3040,0.5370396048022383,0.3402861989249837,0.1641899464316984,0.1578322301273443,-0.0636001615443443,0.701824419085029,1,RFG8c_lspu-clim-topo_ctr-area_kndvi_raw100_unified-all_unified_woody,kfold5_block20_unified,RF,lspu+clim+topo_ctr+area,,kndvi,none,RF
pcoa2_freq_unified,3040,0.5203959961412554,0.3274575943424253,0.1555204228739817,0.215030641161961,0.0219116337019213,0.8469686033118532,1,RFG8c_lspu-clim-topo_ctr-area_kndvi_raw100_unified-all_unified_woody,kfold5_block20_unified,RF,lspu+clim+topo_ctr+area,,kndvi,none,RF
mpd_unified,2535,0.2298884972483604,102.49447531851416,0.1602442514787427,66.27319490859679,-3.4039917327574645,0.4442080529662747,1,RFG8c_lspu-clim-topo_ctr-area_kndvi_raw100_unified-all_unified_woody,kfold5_block20_unified,RF,lspu+clim+topo_ctr+area,,kndvi,none,RF
mntd_unified,2535,0.103578212174168,96.42337521487796,0.1507524336150342,61.98574820319201,-6.159922989815071,0.3146137951436503,1,RFG8c_lspu-clim-topo_ctr-area_kndvi_raw100_unified-all_unified_woody,kfold5_block20_unified,RF,lspu+clim+topo_ctr+area,,kndvi,none,RF
ses_pd_unified,2535,0.206998229856561,1.0713659181782584,0.1961489333362575,0.7725417076231424,-0.0036262865278528,0.4233597933109657,1,RFG8c_lspu-clim-topo_ctr-area_kndvi_raw100_unified-all_unified_woody,kfold5_block20_unified,RF,lspu+clim+topo_ctr+area,,kndvi,none,RF
ses_mpd_unified,2535,0.2526664213708196,1.0987363469171365,0.1997971552968165,0.7881645551672031,-0.0695960535814605,0.4374154122534177,1,RFG8c_lspu-clim-topo_ctr-area_kndvi_raw100_unified-all_unified_woody,kfold5_block20_unified,RF,lspu+clim+topo_ctr+area,,kndvi,none,RF
ses_mntd_unified,2535,0.1247070311865766,1.1443879874673817,0.1885418325413203,0.8472216325097032,-0.093115843283456,0.3243296796230157,1,RFG8c_lspu-clim-topo_ctr-area_kndvi_raw100_unified-all_unified_woody,kfold5_block20_unified,RF,lspu+clim+topo_ctr+area,,kndvi,none,RF
dark_n_unified,3094,0.6921074097683433,15.407215381876822,0.1439926671203441,11.55653623645514,-0.0768829320523508,0.8326626234663106,1,RFG8c_lspu-clim-topo_ctr-area_kndvi_raw100_unified-all_unified_woody,kfold5_block20_unified,RF,lspu+clim+topo_ctr+area,,kndvi,none,RF
hill_q0_unified,3102,0.4392948658453894,2.2737631142594035,0.1624116510185288,1.6106018925890833,-0.0821279484886288,0.6974222463854185,2,RFG8c_lspu-clim-topo_ctr-area_kndvi_raw100_unified-all_unified_woody,kfold5_block20_unified,RF,lspu+clim+topo_ctr+area,,kndvi,none,RF
lcbd_pa_unified,3094,0.42445608649664,1.132914434239972e-05,0.1952620955409572,8.940308058685716e-06,-6.668019026295684e-07,0.6091691999456132,2,RFG8c_lspu-clim-topo_ctr-area_kndvi_raw100_unified-all_unified_woody,kfold5_block20_unified,RF,lspu+clim+topo_ctr+area,,kndvi,none,RF
pcoa1_pa_unified,3094,0.6919153970763114,0.162871165634417,0.1270272643584462,0.0910389126735438,-0.0265587915533214,0.8439112180827452,2,RFG8c_lspu-clim-topo_ctr-area_kndvi_raw100_unified-all_unified_woody,kfold5_block20_unified,RF,lspu+clim+topo_ctr+area,,kndvi,none,RF
pcoa2_pa_unified,3094,0.7809316302048563,0.1263997770988291,0.120776882007295,0.0986385671025739,-0.0012425327453832,0.8870826170392638,2,RFG8c_lspu-clim-topo_ctr-area_kndvi_raw100_unified-all_unified_woody,kfold5_block20_unified,RF,lspu+clim+topo_ctr+area,,kndvi,none,RF
lcbd_freq_unified,3040,0.3760576664225419,1.9821700925318646e-05,0.198948694684848,1.5664461271468922e-05,-1.178445092101702e-06,0.5848645649696373,2,RFG8c_lspu-clim-topo_ctr-area_kndvi_raw100_unified-all_unified_woody,kfold5_block20_unified,RF,lspu+clim+topo_ctr+area,,kndvi,none,RF
pcoa1_freq_unified,3040,0.5292260623552758,0.3431457478481342,0.1655696943791443,0.157891799982018,-0.0697870060005901,0.7027185392820722,2,RFG8c_lspu-clim-topo_ctr-area_kndvi_raw100_unified-all_unified_woody,kfold5_block20_unified,RF,lspu+clim+topo_ctr+area,,kndvi,none,RF
pcoa2_freq_unified,3040,0.5251737008667375,0.3258224833983661,0.1547438547019208,0.2154483112111168,0.019252052494585,0.850989874955656,2,RFG8c_lspu-clim-topo_ctr-area_kndvi_raw100_unified-all_unified_woody,kfold5_block20_unified,RF,lspu+clim+topo_ctr+area,,kndvi,none,RF
mpd_unified,2535,0.240234899706677,101.803643546639,0.1591641755054978,65.36228545904399,-2.859463145883147,0.4558348163366156,2,RFG8c_lspu-clim-topo_ctr-area_kndvi_raw100_unified-all_unified_woody,kfold5_block20_unified,RF,lspu+clim+topo_ctr+area,,kndvi,none,RF
mntd_unified,2535,0.0947324196893364,96.89795499144525,0.1514944119590049,62.46209046459301,-6.088692690425169,0.303352314589573,2,RFG8c_lspu-clim-topo_ctr-area_kndvi_raw100_unified-all_unified_woody,kfold5_block20_unified,RF,lspu+clim+topo_ctr+area,,kndvi,none,RF
ses_pd_unified,2535,0.2079883694007416,1.0706968571892688,0.1960264396138976,0.7648581553272035,-0.0379518050211739,0.4268473438379473,2,RFG8c_lspu-clim-topo_ctr-area_kndvi_raw100_unified-all_unified_woody,kfold5_block20_unified,RF,lspu+clim+topo_ctr+area,,kndvi,none,RF
ses_mpd_unified,2535,0.2486990545606154,1.1016489151963242,0.2003267845007854,0.7822432135520145,-0.0860758073858534,0.4269500137811542,2,RFG8c_lspu-clim-topo_ctr-area_kndvi_raw100_unified-all_unified_woody,kfold5_block20_unified,RF,lspu+clim+topo_ctr+area,,kndvi,none,RF
ses_mntd_unified,2535,0.1239063005686462,1.1449113191157887,0.1886280532191832,0.8489605271222157,-0.0085438351175163,0.3170887997073325,2,RFG8c_lspu-clim-topo_ctr-area_kndvi_raw100_unified-all_unified_woody,kfold5_block20_unified,RF,lspu+clim+topo_ctr+area,,kndvi,none,RF
dark_n_unified,3094,0.6954035732769015,15.324522009443069,0.1432198318639539,11.565220156644909,0.4101417829945691,0.8349205343444682,2,RFG8c_lspu-clim-topo_ctr-area_kndvi_raw100_unified-all_unified_woody,kfold5_block20_unified,RF,lspu+clim+topo_ctr+area,,kndvi,none,RF
lcbd_count_sorensen,2499,0.4666853447793003,1.54774496932876e-05,0.1887331448369881,1.222398531043805e-05,-1.1017449599175382e-06,0.6204592447193713,0,RFG4oc_gmo-topo_ctr-area_raw100_pg-all_unified_woody_gmonc,kfold5_block20_unified,RF,gmo+topo_ctr+area,,,none,RF
pd_inext_q0,877,0.0591220281847807,1.4928206253164815,0.2156678342127703,1.1428077107161565,-0.0775966946790468,0.3007492728862615,0,RFG4oc_gmo-topo_ctr-area_raw100_pg-all_unified_woody_gmonc,kfold5_block20_unified,RF,gmo+topo_ctr+area,,,none,RF
pd_inext_q1,877,0.0995445929193801,1.0824246028951932,0.215852539908109,0.8576033693837103,0.0276349257240059,0.2989765824185232,0,RFG4oc_gmo-topo_ctr-area_raw100_pg-all_unified_woody_gmonc,kfold5_block20_unified,RF,gmo+topo_ctr+area,,,none,RF
pd_inext_q2,877,0.0827669015446618,0.8899240098346373,0.2323435060707356,0.7108169700823047,0.0136083380326229,0.2954619949364386,0,RFG4oc_gmo-topo_ctr-area_raw100_pg-all_unified_woody_gmonc,kfold5_block20_unified,RF,gmo+topo_ctr+area,,,none,RF
td_inext_q0,881,-0.0267554977749699,2.3519252682617777,0.2370422366732537,1.8064741453607087,-0.0231518148620295,0.1488599033579338,0,RFG4oc_gmo-topo_ctr-area_raw100_pg-all_unified_woody_gmonc,kfold5_block20_unified,RF,gmo+topo_ctr+area,,,none,RF
td_inext_q1,881,0.0509064069282098,1.648227756935792,0.2014272019164376,1.251089208874463,0.0119978929069218,0.2104356004869487,0,RFG4oc_gmo-topo_ctr-area_raw100_pg-all_unified_woody_gmonc,kfold5_block20_unified,RF,gmo+topo_ctr+area,,,none,RF
td_inext_q2,881,0.0507450342581612,1.4697508266992625,0.1974954672709223,1.1295816951959223,0.0535983493032764,0.2149937575977357,0,RFG4oc_gmo-topo_ctr-area_raw100_pg-all_unified_woody_gmonc,kfold5_block20_unified,RF,gmo+topo_ctr+area,,,none,RF
lcbd_count_sorensen,2499,0.4629121628852596,1.553210439202179e-05,0.1893996081999215,1.2285991082372944e-05,2.845500406030386e-07,0.6144098764221132,1,RFG4oc_gmo-topo_ctr-area_raw100_pg-all_unified_woody_gmonc,kfold5_block20_unified,RF,gmo+topo_ctr+area,,,none,RF
pd_inext_q0,877,0.0716792022650166,1.4828253997305867,0.2142238237147769,1.1437923750103096,-0.0129866203629881,0.3078376995471614,1,RFG4oc_gmo-topo_ctr-area_raw100_pg-all_unified_woody_gmonc,kfold5_block20_unified,RF,gmo+topo_ctr+area,,,none,RF
pd_inext_q1,877,0.0832286384683369,1.0921871659026128,0.217799348965782,0.8635493945584171,-0.0056278439095023,0.2850411811863232,1,RFG4oc_gmo-topo_ctr-area_raw100_pg-all_unified_woody_gmonc,kfold5_block20_unified,RF,gmo+topo_ctr+area,,,none,RF
pd_inext_q2,877,0.0528318857900902,0.904329295212126,0.2361044727078501,0.711008850134419,-0.0698258241978343,0.2624998604574106,1,RFG4oc_gmo-topo_ctr-area_raw100_pg-all_unified_woody_gmonc,kfold5_block20_unified,RF,gmo+topo_ctr+area,,,none,RF
td_inext_q0,881,-0.0499731423574902,2.378368228376227,0.2397073291803907,1.875076192424531,0.2508529820213766,0.1364572300752564,1,RFG4oc_gmo-topo_ctr-area_raw100_pg-all_unified_woody_gmonc,kfold5_block20_unified,RF,gmo+topo_ctr+area,,,none,RF
td_inext_q1,881,0.054499973817401,1.6451044432937574,0.2010455068958465,1.249858716150862,0.0150216914398603,0.218647319565041,1,RFG4oc_gmo-topo_ctr-area_raw100_pg-all_unified_woody_gmonc,kfold5_block20_unified,RF,gmo+topo_ctr+area,,,none,RF
td_inext_q2,881,0.0482780849590112,1.4716594014508246,0.1977519290163651,1.137618492650686,0.0796248492680828,0.2156168373920096,1,RFG4oc_gmo-topo_ctr-area_raw100_pg-all_unified_woody_gmonc,kfold5_block20_unified,RF,gmo+topo_ctr+area,,,none,RF
lcbd_count_sorensen,2499,0.4637648095520081,1.5519770601910585e-05,0.1892492090681798,1.2274374202990065e-05,-9.432210659914478e-07,0.6174416880975113,2,RFG4oc_gmo-topo_ctr-area_raw100_pg-all_unified_woody_gmonc,kfold5_block20_unified,RF,gmo+topo_ctr+area,,,none,RF
pd_inext_q0,877,0.0706416722249929,1.483653802085639,0.214343503024361,1.1338133965106334,-0.0625232100242811,0.3200736052029955,2,RFG4oc_gmo-topo_ctr-area_raw100_pg-all_unified_woody_gmonc,kfold5_block20_unified,RF,gmo+topo_ctr+area,,,none,RF
pd_inext_q1,877,0.092578290916748,1.086603582025538,0.2166858942656275,0.8476779471974264,-0.0783884855236083,0.3044971229764935,2,RFG4oc_gmo-topo_ctr-area_raw100_pg-all_unified_woody_gmonc,kfold5_block20_unified,RF,gmo+topo_ctr+area,,,none,RF
pd_inext_q2,877,0.0794668228759937,0.8915234846136427,0.2327611008023295,0.701157400141578,-0.0665375154088251,0.2893036902621511,2,RFG4oc_gmo-topo_ctr-area_raw100_pg-all_unified_woody_gmonc,kfold5_block20_unified,RF,gmo+topo_ctr+area,,,none,RF
td_inext_q0,881,-0.0504666764936574,2.378927132199038,0.2397636591216657,1.820917319987733,-0.0969410843261895,0.1261731480272672,2,RFG4oc_gmo-topo_ctr-area_raw100_pg-all_unified_woody_gmonc,kfold5_block20_unified,RF,gmo+topo_ctr+area,,,none,RF
td_inext_q1,881,0.0239626287889356,1.6714597619973364,0.2042663470253364,1.2882738246291907,0.1808286152697886,0.1850594512937351,2,RFG4oc_gmo-topo_ctr-area_raw100_pg-all_unified_woody_gmonc,kfold5_block20_unified,RF,gmo+topo_ctr+area,,,none,RF
td_inext_q2,881,0.0371696322213038,1.4802230544310857,0.1989026564840141,1.136943153135461,0.0298629170507339,0.1873152738087585,2,RFG4oc_gmo-topo_ctr-area_raw100_pg-all_unified_woody_gmonc,kfold5_block20_unified,RF,gmo+topo_ctr+area,,,none,RF
hill_q0_unified,3102,0.3951564224143618,2.3615627360848848,0.1686830525774917,1.699349622214802,-0.0018741341209215,0.6593922264858812,0,RFG4oc_gmo-topo_ctr-area_raw100_unified-all_unified_woody_gmonc,kfold5_block20_unified,RF,gmo+topo_ctr+area,,,none,RF
lcbd_pa_unified,3094,0.3976966088949683,1.1589522194321872e-05,0.1997498064802993,9.218414447144217e-06,1.271686503923718e-07,0.5695033883521428,0,RFG4oc_gmo-topo_ctr-area_raw100_unified-all_unified_woody_gmonc,kfold5_block20_unified,RF,gmo+topo_ctr+area,,,none,RF
pcoa1_pa_unified,3094,0.4310290167257929,0.2213371261263858,0.1726263180058797,0.1232117989730486,-0.0243814510794173,0.7420204745252404,0,RFG4oc_gmo-topo_ctr-area_raw100_unified-all_unified_woody_gmonc,kfold5_block20_unified,RF,gmo+topo_ctr+area,,,none,RF
pcoa2_pa_unified,3094,0.6551600990698166,0.1585861389826034,0.1515314333261732,0.1227172686817768,0.0027931043499284,0.8174530343401547,0,RFG4oc_gmo-topo_ctr-area_raw100_unified-all_unified_woody_gmonc,kfold5_block20_unified,RF,gmo+topo_ctr+area,,,none,RF
lcbd_freq_unified,3040,0.3665581237369134,1.9972023944892054e-05,0.2004574738071792,1.5768621357105083e-05,-2.189100973856466e-06,0.5671164658156101,0,RFG4oc_gmo-topo_ctr-area_raw100_unified-all_unified_woody_gmonc,kfold5_block20_unified,RF,gmo+topo_ctr+area,,,none,RF
pcoa1_freq_unified,3040,0.2327739847589451,0.4380604812051922,0.2113665707576359,0.2076141841721099,-0.0611047737946439,0.5794578439343586,0,RFG4oc_gmo-topo_ctr-area_raw100_unified-all_unified_woody_gmonc,kfold5_block20_unified,RF,gmo+topo_ctr+area,,,none,RF
pcoa2_freq_unified,3040,0.4452205060158988,0.3521874426429977,0.1672654443111473,0.2336204094411407,0.012482364806839,0.7962808898428592,0,RFG4oc_gmo-topo_ctr-area_raw100_unified-all_unified_woody_gmonc,kfold5_block20_unified,RF,gmo+topo_ctr+area,,,none,RF
mpd_unified,2535,0.1952738377024755,104.77259771083465,0.1638059655750382,70.95751069515322,6.419365857041357,0.4087729148386919,0,RFG4oc_gmo-topo_ctr-area_raw100_unified-all_unified_woody_gmonc,kfold5_block20_unified,RF,gmo+topo_ctr+area,,,none,RF
mntd_unified,2535,0.0732231208735089,98.04235238982749,0.1532836118542002,64.79689486263918,-6.515750358003304,0.1910270053765144,0,RFG4oc_gmo-topo_ctr-area_raw100_unified-all_unified_woody_gmonc,kfold5_block20_unified,RF,gmo+topo_ctr+area,,,none,RF
ses_pd_unified,2535,0.1575104428172339,1.1042896748153166,0.2021767149150878,0.7975703428636599,-0.0507106820850722,0.3505299352719792,0,RFG4oc_gmo-topo_ctr-area_raw100_unified-all_unified_woody_gmonc,kfold5_block20_unified,RF,gmo+topo_ctr+area,,,none,RF
ses_mpd_unified,2535,0.1964082476655897,1.1393416630872344,0.2071809345660439,0.8211694138843267,-0.0817631503720052,0.3743274333730823,0,RFG4oc_gmo-topo_ctr-area_raw100_unified-all_unified_woody_gmonc,kfold5_block20_unified,RF,gmo+topo_ctr+area,,,none,RF
ses_mntd_unified,2535,0.0840026025984372,1.1706948028450008,0.1928759702934993,0.8710167121351089,-0.0899602544750355,0.2335674760294526,0,RFG4oc_gmo-topo_ctr-area_raw100_unified-all_unified_woody_gmonc,kfold5_block20_unified,RF,gmo+topo_ctr+area,,,none,RF
dark_n_unified,3094,0.5449661266481212,18.730371822516915,0.1750502039487562,14.767666193292106,-0.3913242020538895,0.740500971300785,0,RFG4oc_gmo-topo_ctr-area_raw100_unified-all_unified_woody_gmonc,kfold5_block20_unified,RF,gmo+topo_ctr+area,,,none,RF
hill_q0_unified,3102,0.3953107842712384,2.361261370174947,0.1686615264410676,1.6860650921993596,-0.1142653404888963,0.6597114607120756,1,RFG4oc_gmo-topo_ctr-area_raw100_unified-all_unified_woody_gmonc,kfold5_block20_unified,RF,gmo+topo_ctr+area,,,none,RF
lcbd_pa_unified,3094,0.3929327302698996,1.1635265199762684e-05,0.2005382045118511,9.241214120589496e-06,-1.0282280480057423e-06,0.5689308004615868,1,RFG4oc_gmo-topo_ctr-area_raw100_unified-all_unified_woody_gmonc,kfold5_block20_unified,RF,gmo+topo_ctr+area,,,none,RF
pcoa1_pa_unified,3094,0.4228648747383415,0.2229194489770112,0.1738604108685657,0.1214565221277565,-0.0312594849351206,0.7378732304335511,1,RFG4oc_gmo-topo_ctr-area_raw100_unified-all_unified_woody_gmonc,kfold5_block20_unified,RF,gmo+topo_ctr+area,,,none,RF
pcoa2_pa_unified,3094,0.6535071105888715,0.1589657755443093,0.1518941817524062,0.124811746241464,-0.0086816672205617,0.8169334853487055,1,RFG4oc_gmo-topo_ctr-area_raw100_unified-all_unified_woody_gmonc,kfold5_block20_unified,RF,gmo+topo_ctr+area,,,none,RF
lcbd_freq_unified,3040,0.3770853392316626,1.9805370395513578e-05,0.1987847865721956,1.5675945833052973e-05,-4.750776707061402e-07,0.5694440751346265,1,RFG4oc_gmo-topo_ctr-area_raw100_unified-all_unified_woody_gmonc,kfold5_block20_unified,RF,gmo+topo_ctr+area,,,none,RF
pcoa1_freq_unified,3040,0.2226520722734392,0.4409406502287585,0.212756268015966,0.2054379916876441,-0.0688011699215647,0.587417381252124,1,RFG4oc_gmo-topo_ctr-area_raw100_unified-all_unified_woody_gmonc,kfold5_block20_unified,RF,gmo+topo_ctr+area,,,none,RF
pcoa2_freq_unified,3040,0.4403814671845217,0.3537200772674244,0.1679933430956626,0.2316355593139255,0.0208763724644317,0.7918043039591848,1,RFG4oc_gmo-topo_ctr-area_raw100_unified-all_unified_woody_gmonc,kfold5_block20_unified,RF,gmo+topo_ctr+area,,,none,RF
mpd_unified,2535,0.1698774203881068,106.4130190921551,0.1663706706046754,70.47962741587129,-3.26342310882482,0.3826517098224297,1,RFG4oc_gmo-topo_ctr-area_raw100_unified-all_unified_woody_gmonc,kfold5_block20_unified,RF,gmo+topo_ctr+area,,,none,RF
mntd_unified,2535,0.0756269926624154,97.9151188149325,0.1530846894351269,64.70983460473114,-7.07301848292002,0.1995289436855766,1,RFG4oc_gmo-topo_ctr-area_raw100_unified-all_unified_woody_gmonc,kfold5_block20_unified,RF,gmo+topo_ctr+area,,,none,RF
ses_pd_unified,2535,0.1535844978765549,1.106859642308061,0.2026472323861567,0.8161965722254927,0.01738195589307,0.3510753497325058,1,RFG4oc_gmo-topo_ctr-area_raw100_unified-all_unified_woody_gmonc,kfold5_block20_unified,RF,gmo+topo_ctr+area,,,none,RF
ses_mpd_unified,2535,0.2003153995282978,1.1365684855985685,0.2066766525561483,0.8260717802103937,-0.0570774343872152,0.3772324757256072,1,RFG4oc_gmo-topo_ctr-area_raw100_unified-all_unified_woody_gmonc,kfold5_block20_unified,RF,gmo+topo_ctr+area,,,none,RF
ses_mntd_unified,2535,0.0813350817897025,1.172398182411102,0.1931566078992967,0.8745668758139478,-0.0997132349351978,0.2296588478362648,1,RFG4oc_gmo-topo_ctr-area_raw100_unified-all_unified_woody_gmonc,kfold5_block20_unified,RF,gmo+topo_ctr+area,,,none,RF
dark_n_unified,3094,0.5415825743658179,18.79988073197468,0.175699819924997,14.827562210138902,-0.9412882133616648,0.740664751866731,1,RFG4oc_gmo-topo_ctr-area_raw100_unified-all_unified_woody_gmonc,kfold5_block20_unified,RF,gmo+topo_ctr+area,,,none,RF
hill_q0_unified,3102,0.3794276057359665,2.3920716100940824,0.170862257863863,1.73925438517674,0.0769367150112732,0.6439247497297986,2,RFG4oc_gmo-topo_ctr-area_raw100_unified-all_unified_woody_gmonc,kfold5_block20_unified,RF,gmo+topo_ctr+area,,,none,RF
lcbd_pa_unified,3094,0.3985620970730446,1.1581192338813382e-05,0.1996062382642908,9.1964366075757e-06,-1.8367118157218322e-07,0.5752639364172876,2,RFG4oc_gmo-topo_ctr-area_raw100_unified-all_unified_woody_gmonc,kfold5_block20_unified,RF,gmo+topo_ctr+area,,,none,RF
pcoa1_pa_unified,3094,0.4025905754509382,0.2268011447329233,0.1768878417279487,0.1199079598766999,-0.0432200703657736,0.7411893096354334,2,RFG4oc_gmo-topo_ctr-area_raw100_unified-all_unified_woody_gmonc,kfold5_block20_unified,RF,gmo+topo_ctr+area,,,none,RF
pcoa2_pa_unified,3094,0.6535676031712356,0.1589518983908166,0.1518809219241972,0.1228209665683631,0.0040556057860345,0.816237527724255,2,RFG4oc_gmo-topo_ctr-area_raw100_unified-all_unified_woody_gmonc,kfold5_block20_unified,RF,gmo+topo_ctr+area,,,none,RF
lcbd_freq_unified,3040,0.3742604259635302,1.985022819795517e-05,0.1992350204484814,1.5683234217728168e-05,-7.627757580792771e-07,0.5646684822195905,2,RFG4oc_gmo-topo_ctr-area_raw100_unified-all_unified_woody_gmonc,kfold5_block20_unified,RF,gmo+topo_ctr+area,,,none,RF
pcoa1_freq_unified,3040,0.2146388447330082,0.4432075235535404,0.2138500467555658,0.2021958721604927,-0.0771285459883233,0.5837241652686282,2,RFG4oc_gmo-topo_ctr-area_raw100_unified-all_unified_woody_gmonc,kfold5_block20_unified,RF,gmo+topo_ctr+area,,,none,RF
pcoa2_freq_unified,3040,0.4401657557090044,0.353788243459131,0.168025717470675,0.2295102346359097,0.0280113074514438,0.7965741680837094,2,RFG4oc_gmo-topo_ctr-area_raw100_unified-all_unified_woody_gmonc,kfold5_block20_unified,RF,gmo+topo_ctr+area,,,none,RF
mpd_unified,2535,0.1880758235332704,105.24013298019584,0.1645369302348003,69.14397870610144,-3.130572597786589,0.4032153128767006,2,RFG4oc_gmo-topo_ctr-area_raw100_unified-all_unified_woody_gmonc,kfold5_block20_unified,RF,gmo+topo_ctr+area,,,none,RF
mntd_unified,2535,0.0607727314483489,98.69870947828548,0.1543097886312008,65.27357370459488,-8.140689991724534,0.1859604496648721,2,RFG4oc_gmo-topo_ctr-area_raw100_unified-all_unified_woody_gmonc,kfold5_block20_unified,RF,gmo+topo_ctr+area,,,none,RF
ses_pd_unified,2535,0.1505711980185771,1.1088281416976071,0.2030076312461364,0.8190348988096648,0.0108877448088568,0.3365671574256262,2,RFG4oc_gmo-topo_ctr-area_raw100_unified-all_unified_woody_gmonc,kfold5_block20_unified,RF,gmo+topo_ctr+area,,,none,RF
ses_mpd_unified,2535,0.199973466338725,1.1368114494826738,0.206720833758509,0.828361800049711,-0.0609879984213679,0.3767071756695719,2,RFG4oc_gmo-topo_ctr-area_raw100_unified-all_unified_woody_gmonc,kfold5_block20_unified,RF,gmo+topo_ctr+area,,,none,RF
ses_mntd_unified,2535,0.0753606713481803,1.1762042691936283,0.193783673706215,0.8775623048948011,-0.0168960704065623,0.2144851513117859,2,RFG4oc_gmo-topo_ctr-area_raw100_unified-all_unified_woody_gmonc,kfold5_block20_unified,RF,gmo+topo_ctr+area,,,none,RF
dark_n_unified,3094,0.5462902159315375,18.703100498286364,0.1747953317596856,14.801782998517414,0.5656034526800116,0.7420101646221343,2,RFG4oc_gmo-topo_ctr-area_raw100_unified-all_unified_woody_gmonc,kfold5_block20_unified,RF,gmo+topo_ctr+area,,,none,RF
lcbd_count_sorensen,2499,0.4584089794467573,1.5597082512575565e-05,0.1901919561177461,1.2347795852370636e-05,-1.103330653063827e-06,0.6109317271713386,0,RFG4mc_gmomed-topo_ctr-area_raw100_pg-all_unified_woody_gmonc,kfold5_block20_unified,RF,gmomed+topo_ctr+area,,,none,RF
pd_inext_q0,877,0.0612918584016205,1.4910982781698603,0.2154190066761092,1.1390153671289605,-0.0658541038927097,0.2966869928771347,0,RFG4mc_gmomed-topo_ctr-area_raw100_pg-all_unified_woody_gmonc,kfold5_block20_unified,RF,gmomed+topo_ctr+area,,,none,RF
pd_inext_q1,877,0.099335017438134,1.082550559415277,0.2158776576250431,0.8637770144980677,0.0468286309418561,0.2986986980843193,0,RFG4mc_gmomed-topo_ctr-area_raw100_pg-all_unified_woody_gmonc,kfold5_block20_unified,RF,gmomed+topo_ctr+area,,,none,RF
pd_inext_q2,877,0.0911609216690325,0.8858425995851371,0.2312779216426246,0.7119668236045269,0.0205268796713464,0.2901122055845944,0,RFG4mc_gmomed-topo_ctr-area_raw100_pg-all_unified_woody_gmonc,kfold5_block20_unified,RF,gmomed+topo_ctr+area,,,none,RF
td_inext_q0,881,-0.0287158856646037,2.3541694671591964,0.2372684215496877,1.8000479297803929,-0.0375858041423906,0.1435462460802048,0,RFG4mc_gmomed-topo_ctr-area_raw100_pg-all_unified_woody_gmonc,kfold5_block20_unified,RF,gmomed+topo_ctr+area,,,none,RF
td_inext_q1,881,0.0428650157841418,1.6551955038926212,0.2022787188061817,1.2570621736171093,-0.0050715297052834,0.2154284514781672,0,RFG4mc_gmomed-topo_ctr-area_raw100_pg-all_unified_woody_gmonc,kfold5_block20_unified,RF,gmomed+topo_ctr+area,,,none,RF
td_inext_q2,881,0.0533640050509643,1.4677219233586487,0.1972228365596323,1.130802164194559,0.0617546304223842,0.2314863050794808,0,RFG4mc_gmomed-topo_ctr-area_raw100_pg-all_unified_woody_gmonc,kfold5_block20_unified,RF,gmomed+topo_ctr+area,,,none,RF
lcbd_count_sorensen,2499,0.4537273750486573,1.5664349368681078e-05,0.1910122130429937,1.2422265080169216e-05,2.201993013406094e-07,0.6047979142713688,1,RFG4mc_gmomed-topo_ctr-area_raw100_pg-all_unified_woody_gmonc,kfold5_block20_unified,RF,gmomed+topo_ctr+area,,,none,RF
pd_inext_q0,877,0.0757088988490244,1.4796035420079447,0.2137583618465524,1.1422907108744098,0.0059748941783196,0.3163278500892446,1,RFG4mc_gmomed-topo_ctr-area_raw100_pg-all_unified_woody_gmonc,kfold5_block20_unified,RF,gmomed+topo_ctr+area,,,none,RF
pd_inext_q1,877,0.0866101039950556,1.0901710661201072,0.2173973068673319,0.8625380175679199,-0.0061136559353955,0.287317644521091,1,RFG4mc_gmomed-topo_ctr-area_raw100_pg-all_unified_woody_gmonc,kfold5_block20_unified,RF,gmomed+topo_ctr+area,,,none,RF
pd_inext_q2,877,0.0492120874310731,0.906055687830714,0.2365552034549977,0.7146093489332057,-0.0692008107861467,0.2590399514325075,1,RFG4mc_gmomed-topo_ctr-area_raw100_pg-all_unified_woody_gmonc,kfold5_block20_unified,RF,gmomed+topo_ctr+area,,,none,RF
td_inext_q0,881,-0.0427223958234941,2.370141913044239,0.2388782279278177,1.870160930946952,0.2679965157549951,0.145010227578988,1,RFG4mc_gmomed-topo_ctr-area_raw100_pg-all_unified_woody_gmonc,kfold5_block20_unified,RF,gmomed+topo_ctr+area,,,none,RF
td_inext_q1,881,0.0578466711263742,1.6421903517683327,0.2006893805658386,1.2514353073240414,0.0107485286109531,0.2248004887837359,1,RFG4mc_gmomed-topo_ctr-area_raw100_pg-all_unified_woody_gmonc,kfold5_block20_unified,RF,gmomed+topo_ctr+area,,,none,RF
td_inext_q2,881,0.0483779404412459,1.4715821955402997,0.1977415545929606,1.1389822358119412,0.0859509570915969,0.2247762419858732,1,RFG4mc_gmomed-topo_ctr-area_raw100_pg-all_unified_woody_gmonc,kfold5_block20_unified,RF,gmomed+topo_ctr+area,,,none,RF
lcbd_count_sorensen,2499,0.4565767081341803,1.562344369263449e-05,0.1905134062605492,1.2376513882719458e-05,-9.413496198850174e-07,0.6086183497409287,2,RFG4mc_gmomed-topo_ctr-area_raw100_pg-all_unified_woody_gmonc,kfold5_block20_unified,RF,gmomed+topo_ctr+area,,,none,RF
pd_inext_q0,877,0.0624640755996008,1.4901669785564384,0.2152844617969565,1.143125230214557,-0.0126759228097995,0.3080645969457464,2,RFG4mc_gmomed-topo_ctr-area_raw100_pg-all_unified_woody_gmonc,kfold5_block20_unified,RF,gmomed+topo_ctr+area,,,none,RF
pd_inext_q1,877,0.0874290831479572,1.089682212671301,0.2172998217784995,0.851848256791637,-0.0719068487533459,0.2927306249840165,2,RFG4mc_gmomed-topo_ctr-area_raw100_pg-all_unified_woody_gmonc,kfold5_block20_unified,RF,gmomed+topo_ctr+area,,,none,RF
pd_inext_q2,877,0.0748917952908605,0.8937361638387029,0.2333387924291189,0.706603051132588,-0.0589563357659803,0.2725353809957448,2,RFG4mc_gmomed-topo_ctr-area_raw100_pg-all_unified_woody_gmonc,kfold5_block20_unified,RF,gmomed+topo_ctr+area,,,none,RF
td_inext_q0,881,-0.0532625949950484,2.382090900574977,0.2400825241563116,1.8234950592683687,-0.0750336289044514,0.1200957105922454,2,RFG4mc_gmomed-topo_ctr-area_raw100_pg-all_unified_woody_gmonc,kfold5_block20_unified,RF,gmomed+topo_ctr+area,,,none,RF
td_inext_q1,881,0.0279774128929517,1.6680185694662593,0.2038458045488043,1.2900166683968195,0.1777823662963595,0.2034894501875295,2,RFG4mc_gmomed-topo_ctr-area_raw100_pg-all_unified_woody_gmonc,kfold5_block20_unified,RF,gmomed+topo_ctr+area,,,none,RF
td_inext_q2,881,0.0453356045320314,1.4739326427268054,0.1980573922553467,1.1291194912732525,0.0157553418490806,0.2153767660897798,2,RFG4mc_gmomed-topo_ctr-area_raw100_pg-all_unified_woody_gmonc,kfold5_block20_unified,RF,gmomed+topo_ctr+area,,,none,RF
lcbd_count_sorensen,2499,0.3771562285580178,1.6726196899395292e-05,0.2039604588961847,1.3380695311403144e-05,-1.0246771721370598e-06,0.5338105107739564,0,RFG4dc_gmomad-topo_ctr-area_raw100_pg-all_unified_woody_gmonc,kfold5_block20_unified,RF,gmomad+topo_ctr+area,,,none,RF
pd_inext_q0,877,0.0346995586784895,1.5120711554131083,0.2184489587919588,1.1815364835543247,-0.0614023257209834,0.2245592915200805,0,RFG4dc_gmomad-topo_ctr-area_raw100_pg-all_unified_woody_gmonc,kfold5_block20_unified,RF,gmomad+topo_ctr+area,,,none,RF
pd_inext_q1,877,0.0546347782443951,1.109088904361735,0.2211698222213842,0.8869174323761192,0.0597868414048027,0.2447687317858004,0,RFG4dc_gmomad-topo_ctr-area_raw100_pg-all_unified_woody_gmonc,kfold5_block20_unified,RF,gmomad+topo_ctr+area,,,none,RF
pd_inext_q2,877,0.059434614291522,0.9011717336272774,0.2352800889164809,0.7263661577743491,0.0219698811306829,0.2562439582506363,0,RFG4dc_gmomad-topo_ctr-area_raw100_pg-all_unified_woody_gmonc,kfold5_block20_unified,RF,gmomad+topo_ctr+area,,,none,RF
td_inext_q0,881,0.0104229239506551,2.3089515109358083,0.2327110635308647,1.7869964836644954,-0.0038022951554474,0.1510324650060918,0,RFG4dc_gmomad-topo_ctr-area_raw100_pg-all_unified_woody_gmonc,kfold5_block20_unified,RF,gmomad+topo_ctr+area,,,none,RF
td_inext_q1,881,0.0478638595106007,1.6508675379468023,0.2017498052098735,1.242161009570412,-0.0075968445042224,0.2227069373029361,0,RFG4dc_gmomad-topo_ctr-area_raw100_pg-all_unified_woody_gmonc,kfold5_block20_unified,RF,gmomad+topo_ctr+area,,,none,RF
td_inext_q2,881,0.0459010296424945,1.4734960903800354,0.1979987312169261,1.1222110884653884,0.0438598954674944,0.2270980807049633,0,RFG4dc_gmomad-topo_ctr-area_raw100_pg-all_unified_woody_gmonc,kfold5_block20_unified,RF,gmomad+topo_ctr+area,,,none,RF
lcbd_count_sorensen,2499,0.3713000556593073,1.6804645411566236e-05,0.2049170657470037,1.3511846414562272e-05,6.475536768037058e-07,0.5257286658780995,1,RFG4dc_gmomad-topo_ctr-area_raw100_pg-all_unified_woody_gmonc,kfold5_block20_unified,RF,gmomad+topo_ctr+area,,,none,RF
pd_inext_q0,877,0.0341922986761845,1.5124683957157774,0.2185063481087232,1.1919218800927966,0.0208912010769122,0.2322297632013275,1,RFG4dc_gmomad-topo_ctr-area_raw100_pg-all_unified_woody_gmonc,kfold5_block20_unified,RF,gmomad+topo_ctr+area,,,none,RF
pd_inext_q1,877,0.0474294563382748,1.1133074715232698,0.2220110710567809,0.8804914879878978,-0.030496832791813,0.2331654774969506,1,RFG4dc_gmomad-topo_ctr-area_raw100_pg-all_unified_woody_gmonc,kfold5_block20_unified,RF,gmomad+topo_ctr+area,,,none,RF
pd_inext_q2,877,0.0139380375263683,0.9227098742009414,0.2409033185853369,0.732966428371824,-0.0562692961338304,0.2157678456069658,1,RFG4dc_gmomad-topo_ctr-area_raw100_pg-all_unified_woody_gmonc,kfold5_block20_unified,RF,gmomad+topo_ctr+area,,,none,RF
td_inext_q0,881,-0.0122790893354176,2.3352863047379,0.2353652543376118,1.854907256206761,0.2938580035545786,0.1534173161357754,1,RFG4dc_gmomad-topo_ctr-area_raw100_pg-all_unified_woody_gmonc,kfold5_block20_unified,RF,gmomad+topo_ctr+area,,,none,RF
td_inext_q1,881,0.0496835278375149,1.6492892615326065,0.2015569266464442,1.2381169076689864,-0.0310846510694221,0.2255034343575133,1,RFG4dc_gmomad-topo_ctr-area_raw100_pg-all_unified_woody_gmonc,kfold5_block20_unified,RF,gmomad+topo_ctr+area,,,none,RF
td_inext_q2,881,0.0454187215308973,1.473868478018756,0.1980487702231162,1.128308878822059,0.0577332084687921,0.2208672739876892,1,RFG4dc_gmomad-topo_ctr-area_raw100_pg-all_unified_woody_gmonc,kfold5_block20_unified,RF,gmomad+topo_ctr+area,,,none,RF
lcbd_count_sorensen,2499,0.380862211138422,1.6676361387074553e-05,0.2033527610421297,1.3382159363782895e-05,-4.472150574715236e-07,0.5369910466631906,2,RFG4dc_gmomad-topo_ctr-area_raw100_pg-all_unified_woody_gmonc,kfold5_block20_unified,RF,gmomad+topo_ctr+area,,,none,RF
pd_inext_q0,877,0.0403794025223502,1.5076160663824665,0.2178053319648844,1.1759086868297977,-0.0598642457839811,0.2305600997153072,2,RFG4dc_gmomad-topo_ctr-area_raw100_pg-all_unified_woody_gmonc,kfold5_block20_unified,RF,gmomad+topo_ctr+area,,,none,RF
pd_inext_q1,877,0.0633874550354656,1.1039427077607165,0.220143589443392,0.8670742305452452,-0.0775327322060773,0.2630009328783466,2,RFG4dc_gmomad-topo_ctr-area_raw100_pg-all_unified_woody_gmonc,kfold5_block20_unified,RF,gmomad+topo_ctr+area,,,none,RF
pd_inext_q2,877,0.0484709600735524,0.9064087486147204,0.2366473814157063,0.7160781183731457,-0.0690125597345116,0.2480193291503913,2,RFG4dc_gmomad-topo_ctr-area_raw100_pg-all_unified_woody_gmonc,kfold5_block20_unified,RF,gmomad+topo_ctr+area,,,none,RF
td_inext_q0,881,-0.0285433390518841,2.353972026346056,0.2372485221878376,1.8145169225881683,-0.0799861069394888,0.1189360010225499,2,RFG4dc_gmomad-topo_ctr-area_raw100_pg-all_unified_woody_gmonc,kfold5_block20_unified,RF,gmomad+topo_ctr+area,,,none,RF
td_inext_q1,881,0.0223145188427077,1.672870357340234,0.2044387335609718,1.2760676215250573,0.1568352878164188,0.1993978053957063,2,RFG4dc_gmomad-topo_ctr-area_raw100_pg-all_unified_woody_gmonc,kfold5_block20_unified,RF,gmomad+topo_ctr+area,,,none,RF
td_inext_q2,881,0.0389652821974312,1.478842124314259,0.1987170961606336,1.122627549759241,0.0113608636781907,0.2117368429113681,2,RFG4dc_gmomad-topo_ctr-area_raw100_pg-all_unified_woody_gmonc,kfold5_block20_unified,RF,gmomad+topo_ctr+area,,,none,RF
lcbd_count_sorensen,2499,0.5028507532751014,1.4943455510087004e-05,0.1822215810123733,1.1735220042460952e-05,-1.2394014060597306e-06,0.6667842033854109,0,RFG5oc_gmo-clim-topo_ctr-area_raw100_pg-all_unified_woody_gmonc,kfold5_block20_unified,RF,gmo+clim+topo_ctr+area,,,none,RF
pd_inext_q0,877,0.1235061200372069,1.440838884399807,0.2081580307628535,1.10133321331015,-0.0839124550624313,0.3924601464299503,0,RFG5oc_gmo-clim-topo_ctr-area_raw100_pg-all_unified_woody_gmonc,kfold5_block20_unified,RF,gmo+clim+topo_ctr+area,,,none,RF
pd_inext_q1,877,0.1658683562046703,1.04179878913543,0.2077511118156364,0.8117887748570435,0.0271660733628245,0.417562583461479,0,RFG5oc_gmo-clim-topo_ctr-area_raw100_pg-all_unified_woody_gmonc,kfold5_block20_unified,RF,gmo+clim+topo_ctr+area,,,none,RF
pd_inext_q2,877,0.1338487224564187,0.8647885687359789,0.2257810845078182,0.6813587160117086,0.0009708838451463,0.3864410235198756,0,RFG5oc_gmo-clim-topo_ctr-area_raw100_pg-all_unified_woody_gmonc,kfold5_block20_unified,RF,gmo+clim+topo_ctr+area,,,none,RF
td_inext_q0,881,-0.0043025732540982,2.326067360473393,0.2344361095226323,1.782344262748799,-0.0445856996676993,0.1824357978162219,0,RFG5oc_gmo-clim-topo_ctr-area_raw100_pg-all_unified_woody_gmonc,kfold5_block20_unified,RF,gmo+clim+topo_ctr+area,,,none,RF
td_inext_q1,881,0.0699198207891796,1.631634566672879,0.1993993754395075,1.2330818538911266,0.0234640861826046,0.2638619209639179,0,RFG5oc_gmo-clim-topo_ctr-area_raw100_pg-all_unified_woody_gmonc,kfold5_block20_unified,RF,gmo+clim+topo_ctr+area,,,none,RF
td_inext_q2,881,0.0734075553173871,1.45210042202456,0.1951237217645226,1.1160163469007849,0.0683505742659576,0.267154354787034,0,RFG5oc_gmo-clim-topo_ctr-area_raw100_pg-all_unified_woody_gmonc,kfold5_block20_unified,RF,gmo+clim+topo_ctr+area,,,none,RF
lcbd_count_sorensen,2499,0.501973177597639,1.4956638906236058e-05,0.1823823403018008,1.178544407239152e-05,1.4447450977577185e-07,0.6618545526657311,1,RFG5oc_gmo-clim-topo_ctr-area_raw100_pg-all_unified_woody_gmonc,kfold5_block20_unified,RF,gmo+clim+topo_ctr+area,,,none,RF
pd_inext_q0,877,0.1367747038506839,1.429891405084746,0.2065764481440659,1.0959940961916004,-0.062881411312943,0.4078438843425693,1,RFG5oc_gmo-clim-topo_ctr-area_raw100_pg-all_unified_woody_gmonc,kfold5_block20_unified,RF,gmo+clim+topo_ctr+area,,,none,RF
pd_inext_q1,877,0.1457160241032901,1.0543084321652152,0.2102457319620193,0.8153924483988854,-0.0302176150031935,0.3999053467605549,1,RFG5oc_gmo-clim-topo_ctr-area_raw100_pg-all_unified_woody_gmonc,kfold5_block20_unified,RF,gmo+clim+topo_ctr+area,,,none,RF
pd_inext_q2,877,0.1044236242449716,0.8793552879403904,0.2295841986776783,0.6820192107883639,-0.0691727934207454,0.3553037102762276,1,RFG5oc_gmo-clim-topo_ctr-area_raw100_pg-all_unified_woody_gmonc,kfold5_block20_unified,RF,gmo+clim+topo_ctr+area,,,none,RF
td_inext_q0,881,-0.0075197799544237,2.3297900711981616,0.2348113083814544,1.8228451213117849,0.1727545589856542,0.1758734258963643,1,RFG5oc_gmo-clim-topo_ctr-area_raw100_pg-all_unified_woody_gmonc,kfold5_block20_unified,RF,gmo+clim+topo_ctr+area,,,none,RF
td_inext_q1,881,0.0788240690811054,1.6238054463069105,0.1984425915228745,1.2306937252915089,0.0329568480915665,0.2711642296520881,1,RFG5oc_gmo-clim-topo_ctr-area_raw100_pg-all_unified_woody_gmonc,kfold5_block20_unified,RF,gmo+clim+topo_ctr+area,,,none,RF
td_inext_q2,881,0.0715851698143636,1.4535276875381316,0.1953155083343288,1.123297606304149,0.08547284804535,0.2579459268610959,1,RFG5oc_gmo-clim-topo_ctr-area_raw100_pg-all_unified_woody_gmonc,kfold5_block20_unified,RF,gmo+clim+topo_ctr+area,,,none,RF
lcbd_count_sorensen,2499,0.5024158109224748,1.4949990892361226e-05,0.182301273938131,1.1693141816451626e-05,-9.32083066751289e-07,0.6615810427166328,2,RFG5oc_gmo-clim-topo_ctr-area_raw100_pg-all_unified_woody_gmonc,kfold5_block20_unified,RF,gmo+clim+topo_ctr+area,,,none,RF
pd_inext_q0,877,0.1409280261944407,1.4264473675483718,0.2060788879524254,1.0884384701904797,-0.0732079148021675,0.4208527871300656,2,RFG5oc_gmo-clim-topo_ctr-area_raw100_pg-all_unified_woody_gmonc,kfold5_block20_unified,RF,gmo+clim+topo_ctr+area,,,none,RF
pd_inext_q1,877,0.1656241535625671,1.041951277894862,0.2077815204796142,0.7955565477699902,-0.0810683584437342,0.428301389755239,2,RFG5oc_gmo-clim-topo_ctr-area_raw100_pg-all_unified_woody_gmonc,kfold5_block20_unified,RF,gmo+clim+topo_ctr+area,,,none,RF
pd_inext_q2,877,0.1171112085558365,0.8731041786827622,0.2279521440014387,0.6813736909966737,-0.0544681836421597,0.3732773650801063,2,RFG5oc_gmo-clim-topo_ctr-area_raw100_pg-all_unified_woody_gmonc,kfold5_block20_unified,RF,gmo+clim+topo_ctr+area,,,none,RF
td_inext_q0,881,-0.0372396233651362,2.3639024401967967,0.2382493735082584,1.803955379110248,-0.1124076810591329,0.1530805302163436,2,RFG5oc_gmo-clim-topo_ctr-area_raw100_pg-all_unified_woody_gmonc,kfold5_block20_unified,RF,gmo+clim+topo_ctr+area,,,none,RF
td_inext_q1,881,0.0530193040952494,1.646392070670288,0.2012028657186634,1.256812525197088,0.1428598458122052,0.2395889940968355,2,RFG5oc_gmo-clim-topo_ctr-area_raw100_pg-all_unified_woody_gmonc,kfold5_block20_unified,RF,gmo+clim+topo_ctr+area,,,none,RF
td_inext_q2,881,0.058125893990285,1.4640257083361128,0.1967261634503211,1.119666443911267,0.0099706936512712,0.2399308482335544,2,RFG5oc_gmo-clim-topo_ctr-area_raw100_pg-all_unified_woody_gmonc,kfold5_block20_unified,RF,gmo+clim+topo_ctr+area,,,none,RF
lcbd_count_sorensen,2499,0.4664913367407561,1.548026461370419e-05,0.188767470180841,1.2227670398412238e-05,-1.0996974755519606e-06,0.6224751929451706,0,RFG4ac_gmoall-topo_ctr-area_raw100_pg-all_unified_woody_gmonc,kfold5_block20_unified,RF,gmoall+topo_ctr+area,,,none,RF
pd_inext_q0,877,0.0604248124327028,1.4917867521979649,0.2155184705366929,1.141109759283296,-0.0773893555350699,0.2954722449767518,0,RFG4ac_gmoall-topo_ctr-area_raw100_pg-all_unified_woody_gmonc,kfold5_block20_unified,RF,gmoall+topo_ctr+area,,,none,RF
pd_inext_q1,877,0.0921884272923639,1.0868369805185494,0.2167324376067456,0.864547959303767,0.0381446175467224,0.2929794933547706,0,RFG4ac_gmoall-topo_ctr-area_raw100_pg-all_unified_woody_gmonc,kfold5_block20_unified,RF,gmoall+topo_ctr+area,,,none,RF
pd_inext_q2,877,0.0791514175363149,0.8916762043592393,0.2328009732417131,0.7161548695022608,0.0172985692299223,0.282156601253993,0,RFG4ac_gmoall-topo_ctr-area_raw100_pg-all_unified_woody_gmonc,kfold5_block20_unified,RF,gmoall+topo_ctr+area,,,none,RF
td_inext_q0,881,-0.0173380252014079,2.341114410906304,0.2359526485632578,1.7997483703121129,-0.02473658896154,0.1498873524790629,0,RFG4ac_gmoall-topo_ctr-area_raw100_pg-all_unified_woody_gmonc,kfold5_block20_unified,RF,gmoall+topo_ctr+area,,,none,RF
td_inext_q1,881,0.0462833726628324,1.652237138601103,0.2019171818520747,1.2574173309563157,0.014852704845549,0.2107467367349586,0,RFG4ac_gmoall-topo_ctr-area_raw100_pg-all_unified_woody_gmonc,kfold5_block20_unified,RF,gmoall+topo_ctr+area,,,none,RF
td_inext_q2,881,0.0519489098794945,1.4688185384252073,0.1973701924930682,1.1315487512250526,0.0675935597121174,0.2266216321801179,0,RFG4ac_gmoall-topo_ctr-area_raw100_pg-all_unified_woody_gmonc,kfold5_block20_unified,RF,gmoall+topo_ctr+area,,,none,RF
lcbd_count_sorensen,2499,0.460913655985037,1.5560975084399786e-05,0.1897516595180714,1.2300000501488334e-05,1.899091266849975e-07,0.6150373636715828,1,RFG4ac_gmoall-topo_ctr-area_raw100_pg-all_unified_woody_gmonc,kfold5_block20_unified,RF,gmoall+topo_ctr+area,,,none,RF
pd_inext_q0,877,0.071742311287824,1.4827749962210002,0.2142165419184479,1.144270923445819,-0.0011339057300771,0.3082899199033894,1,RFG4ac_gmoall-topo_ctr-area_raw100_pg-all_unified_woody_gmonc,kfold5_block20_unified,RF,gmoall+topo_ctr+area,,,none,RF
pd_inext_q1,877,0.0702579302037109,1.099886296501518,0.2193346770527572,0.871024751743521,-0.0032969471687454,0.2690002457283845,1,RFG4ac_gmoall-topo_ctr-area_raw100_pg-all_unified_woody_gmonc,kfold5_block20_unified,RF,gmoall+topo_ctr+area,,,none,RF
pd_inext_q2,877,0.0365750563429966,0.9120570574133908,0.2381220554947853,0.7200405061576642,-0.0737700829610349,0.238572008979649,1,RFG4ac_gmoall-topo_ctr-area_raw100_pg-all_unified_woody_gmonc,kfold5_block20_unified,RF,gmoall+topo_ctr+area,,,none,RF
td_inext_q0,881,-0.0417442665526541,2.369029992403073,0.2387661613756436,1.8659709416681585,0.2514601896922163,0.1409052089471855,1,RFG4ac_gmoall-topo_ctr-area_raw100_pg-all_unified_woody_gmonc,kfold5_block20_unified,RF,gmoall+topo_ctr+area,,,none,RF
td_inext_q1,881,0.0530159463672877,1.6463949894899723,0.2012032224228139,1.2535679112795337,0.010706210632879,0.221927118025196,1,RFG4ac_gmoall-topo_ctr-area_raw100_pg-all_unified_woody_gmonc,kfold5_block20_unified,RF,gmoall+topo_ctr+area,,,none,RF
td_inext_q2,881,0.050669597784359,1.469809225454645,0.1975033145122865,1.1356762484336318,0.0812264487665466,0.2234006492182615,1,RFG4ac_gmoall-topo_ctr-area_raw100_pg-all_unified_woody_gmonc,kfold5_block20_unified,RF,gmoall+topo_ctr+area,,,none,RF
lcbd_count_sorensen,2499,0.4629613764582281,1.5531392769256224e-05,0.1893909306202721,1.2273994184798596e-05,-9.513903174505528e-07,0.6178286537093824,2,RFG4ac_gmoall-topo_ctr-area_raw100_pg-all_unified_woody_gmonc,kfold5_block20_unified,RF,gmoall+topo_ctr+area,,,none,RF
pd_inext_q0,877,0.0726730064626712,1.4820314755189974,0.2141091254634674,1.136038651226479,-0.0310960339936867,0.3160680584386614,2,RFG4ac_gmoall-topo_ctr-area_raw100_pg-all_unified_woody_gmonc,kfold5_block20_unified,RF,gmoall+topo_ctr+area,,,none,RF
pd_inext_q1,877,0.0790799626328141,1.0946556199059856,0.2182915976312772,0.8561984230458728,-0.0711503244892705,0.2811666160755287,2,RFG4ac_gmoall-topo_ctr-area_raw100_pg-all_unified_woody_gmonc,kfold5_block20_unified,RF,gmoall+topo_ctr+area,,,none,RF
pd_inext_q2,877,0.0717257974529885,0.8952641742784765,0.2337377290787275,0.7068657953732566,-0.0627560670765094,0.2752871830965557,2,RFG4ac_gmoall-topo_ctr-area_raw100_pg-all_unified_woody_gmonc,kfold5_block20_unified,RF,gmoall+topo_ctr+area,,,none,RF
td_inext_q0,881,-0.0432776719910663,2.3707729094427217,0.2389418238250375,1.8199911376262985,-0.0869966797108672,0.1194510869198253,2,RFG4ac_gmoall-topo_ctr-area_raw100_pg-all_unified_woody_gmonc,kfold5_block20_unified,RF,gmoall+topo_ctr+area,,,none,RF
td_inext_q1,881,0.034162701334493,1.662703033896046,0.2031962016938046,1.2820663747311816,0.1646794282930314,0.2048574528915605,2,RFG4ac_gmoall-topo_ctr-area_raw100_pg-all_unified_woody_gmonc,kfold5_block20_unified,RF,gmoall+topo_ctr+area,,,none,RF
td_inext_q2,881,0.0451363424998273,1.4740864577696446,0.1980780609110174,1.129098160447534,0.0206152776893727,0.2064585296151335,2,RFG4ac_gmoall-topo_ctr-area_raw100_pg-all_unified_woody_gmonc,kfold5_block20_unified,RF,gmoall+topo_ctr+area,,,none,RF
lcbd_count_sorensen,2499,0.3553751615031193,1.7016144302576417e-05,0.2074960985735293,1.364158012275653e-05,-1.0172090774533337e-06,0.5052440102523155,0,B01c_topo_ctr-area_raw100_pg-all_unified_woody,kfold5_block20_unified,BASE,topo_ctr+area,,,none,RF
pd_inext_q0,877,0.0384035022114309,1.5091673915719752,0.2180294519549938,1.1784729053147944,-0.0570166192527136,0.2185265240351576,0,B01c_topo_ctr-area_raw100_pg-all_unified_woody,kfold5_block20_unified,BASE,topo_ctr+area,,,none,RF
pd_inext_q1,877,0.0705288148980248,1.0997260563242828,0.219302722633799,0.8762748821553513,0.0477485714576546,0.2777483375651912,0,B01c_topo_ctr-area_raw100_pg-all_unified_woody,kfold5_block20_unified,BASE,topo_ctr+area,,,none,RF
pd_inext_q2,877,0.0736074435792127,0.8943563472060632,0.2335007113979149,0.7176770012418006,0.0075664295110941,0.2845420758579849,0,B01c_topo_ctr-area_raw100_pg-all_unified_woody,kfold5_block20_unified,BASE,topo_ctr+area,,,none,RF
td_inext_q0,881,-0.007800469878278,2.330114582473444,0.2348440147261485,1.8110588620483696,-0.0019482594840077,0.151682512733783,0,B01c_topo_ctr-area_raw100_pg-all_unified_woody,kfold5_block20_unified,BASE,topo_ctr+area,,,none,RF
td_inext_q1,881,0.0261502614317197,1.6695855555212376,0.2040373033360127,1.2581548559504614,-0.0239898271827696,0.1845777652124486,0,B01c_topo_ctr-area_raw100_pg-all_unified_woody,kfold5_block20_unified,BASE,topo_ctr+area,,,none,RF
td_inext_q2,881,0.0453190127753607,1.4739454509061083,0.1980591133343965,1.1273100238358358,0.0501467347215622,0.2224295810805794,0,B01c_topo_ctr-area_raw100_pg-all_unified_woody,kfold5_block20_unified,BASE,topo_ctr+area,,,none,RF
lcbd_count_sorensen,2499,0.3499732298859003,1.7087292878831495e-05,0.2083636894759968,1.379316628425168e-05,6.421474109246037e-07,0.5000688487406423,1,B01c_topo_ctr-area_raw100_pg-all_unified_woody,kfold5_block20_unified,BASE,topo_ctr+area,,,none,RF
pd_inext_q0,877,0.0367329615525039,1.510477728851505,0.2182187564155378,1.1875054380031056,0.0463332570416943,0.230927977318873,1,B01c_topo_ctr-area_raw100_pg-all_unified_woody,kfold5_block20_unified,BASE,topo_ctr+area,,,none,RF
pd_inext_q1,877,0.0599928234814055,1.1059414474454037,0.2205421696645001,0.8743586889755843,-0.0254284352954028,0.2627721153334383,1,B01c_topo_ctr-area_raw100_pg-all_unified_woody,kfold5_block20_unified,BASE,topo_ctr+area,,,none,RF
pd_inext_q2,877,0.02096908545877,0.919414328943458,0.2400429096840412,0.7280663286156318,-0.0657338941925857,0.242323279561395,1,B01c_topo_ctr-area_raw100_pg-all_unified_woody,kfold5_block20_unified,BASE,topo_ctr+area,,,none,RF
td_inext_q0,881,-0.0442141534702502,2.371836713919599,0.2390490409190434,1.8936216617349817,0.3346141805455313,0.1423876130303443,1,B01c_topo_ctr-area_raw100_pg-all_unified_woody,kfold5_block20_unified,BASE,topo_ctr+area,,,none,RF
td_inext_q1,881,0.0423668669398537,1.6556261779798631,0.2023313507776833,1.2449255631547191,-0.0348233825896476,0.2046020884877062,1,B01c_topo_ctr-area_raw100_pg-all_unified_woody,kfold5_block20_unified,BASE,topo_ctr+area,,,none,RF
td_inext_q2,881,0.0420629955535869,1.476456816896918,0.1983965742092831,1.1356489146281423,0.071534630120154,0.210244655033114,1,B01c_topo_ctr-area_raw100_pg-all_unified_woody,kfold5_block20_unified,BASE,topo_ctr+area,,,none,RF
lcbd_count_sorensen,2499,0.3592015604285233,1.6965566461091637e-05,0.2068793487037734,1.3633707228536054e-05,-4.886860415621536e-07,0.5119805995418623,2,B01c_topo_ctr-area_raw100_pg-all_unified_woody,kfold5_block20_unified,BASE,topo_ctr+area,,,none,RF
pd_inext_q0,877,0.0422042827107229,1.5061818912928395,0.2175981366527241,1.172198754329414,-0.0540196422580652,0.2387988833726799,2,B01c_topo_ctr-area_raw100_pg-all_unified_woody,kfold5_block20_unified,BASE,topo_ctr+area,,,none,RF
pd_inext_q1,877,0.0704991877617777,1.099743583211933,0.2193062177716644,0.8620796397485784,-0.0823635093814563,0.2880344877587658,2,B01c_topo_ctr-area_raw100_pg-all_unified_woody,kfold5_block20_unified,BASE,topo_ctr+area,,,none,RF
pd_inext_q2,877,0.0563136455722765,0.9026656220772908,0.2356701169147357,0.710754687490295,-0.0749355592821594,0.2748427383919701,2,B01c_topo_ctr-area_raw100_pg-all_unified_woody,kfold5_block20_unified,BASE,topo_ctr+area,,,none,RF
td_inext_q0,881,-0.0546957301706654,2.383710960847359,0.2402458043062776,1.8408748217681776,-0.056659923473418,0.1150817982060832,2,B01c_topo_ctr-area_raw100_pg-all_unified_woody,kfold5_block20_unified,BASE,topo_ctr+area,,,none,RF
td_inext_q1,881,0.0130849223969172,1.6807479674787271,0.205401443332912,1.2847388751351003,0.1490094659654496,0.1787604939549225,2,B01c_topo_ctr-area_raw100_pg-all_unified_woody,kfold5_block20_unified,BASE,topo_ctr+area,,,none,RF
td_inext_q2,881,0.0329060095355979,1.483496809334864,0.1993425621759906,1.1293597680085077,0.0038299574308191,0.204975800663464,2,B01c_topo_ctr-area_raw100_pg-all_unified_woody,kfold5_block20_unified,BASE,topo_ctr+area,,,none,RF
hill_q0_unified,3102,0.4496371735964812,2.2526955270053084,0.160906823357522,1.5837000837560242,-0.0673734185808965,0.7102753983611655,0,RFG5oc_gmo-clim-topo_ctr-area_raw100_unified-all_unified_woody_gmonc,kfold5_block20_unified,RF,gmo+clim+topo_ctr+area,,,none,RF
lcbd_pa_unified,3094,0.4423013566646836,1.1152126096891986e-05,0.1922111190044978,8.838496434880973e-06,4.984337693515311e-08,0.6249618049523339,0,RFG5oc_gmo-clim-topo_ctr-area_raw100_unified-all_unified_woody_gmonc,kfold5_block20_unified,RF,gmo+clim+topo_ctr+area,,,none,RF
pcoa1_pa_unified,3094,0.7043701100116686,0.1595450661181185,0.1244331567956152,0.0886053774980661,-0.021766406501693,0.8545835287808233,0,RFG5oc_gmo-clim-topo_ctr-area_raw100_unified-all_unified_woody_gmonc,kfold5_block20_unified,RF,gmo+clim+topo_ctr+area,,,none,RF
pcoa2_pa_unified,3094,0.7835301667448389,0.125647878794993,0.120058431905497,0.0971334847236581,0.0056962821428532,0.8902879465577007,0,RFG5oc_gmo-clim-topo_ctr-area_raw100_unified-all_unified_woody_gmonc,kfold5_block20_unified,RF,gmo+clim+topo_ctr+area,,,none,RF
lcbd_freq_unified,3040,0.3865595495425379,1.9654178577414905e-05,0.1972672873943455,1.5431139254584892e-05,-2.3173798011430524e-06,0.593635411573531,0,RFG5oc_gmo-clim-topo_ctr-area_raw100_unified-all_unified_woody_gmonc,kfold5_block20_unified,RF,gmo+clim+topo_ctr+area,,,none,RF
pcoa1_freq_unified,3040,0.5471260710988949,0.336558896890085,0.1623915028763085,0.1555249604846965,-0.0584997961858956,0.7077688798091317,0,RFG5oc_gmo-clim-topo_ctr-area_raw100_unified-all_unified_woody_gmonc,kfold5_block20_unified,RF,gmo+clim+topo_ctr+area,,,none,RF
pcoa2_freq_unified,3040,0.5122086560461443,0.3302407877775216,0.1568422533260605,0.2212215417277642,0.0077732026280954,0.8506416410415618,0,RFG5oc_gmo-clim-topo_ctr-area_raw100_unified-all_unified_woody_gmonc,kfold5_block20_unified,RF,gmo+clim+topo_ctr+area,,,none,RF
mpd_unified,2535,0.2690694339214435,99.85313699310996,0.1561146700399268,65.98476772246718,6.721033832827499,0.4424243469338761,0,RFG5oc_gmo-clim-topo_ctr-area_raw100_unified-all_unified_woody_gmonc,kfold5_block20_unified,RF,gmo+clim+topo_ctr+area,,,none,RF
mntd_unified,2535,0.1183209351900974,95.62718951518244,0.1495076427998288,61.37703280179025,-6.65803099759255,0.2895565035233474,0,RFG5oc_gmo-clim-topo_ctr-area_raw100_unified-all_unified_woody_gmonc,kfold5_block20_unified,RF,gmo+clim+topo_ctr+area,,,none,RF
ses_pd_unified,2535,0.235011453978633,1.0522724851565686,0.1926532495018305,0.7432883562152167,-0.059562253142423,0.4234822093439256,0,RFG5oc_gmo-clim-topo_ctr-area_raw100_unified-all_unified_woody_gmonc,kfold5_block20_unified,RF,gmo+clim+topo_ctr+area,,,none,RF
ses_mpd_unified,2535,0.2820882109031303,1.076891095713036,0.1958247564046073,0.7604863133274959,-0.0851235668595806,0.4378678589175754,0,RFG5oc_gmo-clim-topo_ctr-area_raw100_unified-all_unified_woody_gmonc,kfold5_block20_unified,RF,gmo+clim+topo_ctr+area,,,none,RF
ses_mntd_unified,2535,0.1405764119081394,1.1339664490562562,0.1868248484664684,0.8366303455022975,-0.0855312160299736,0.3266573956211379,0,RFG5oc_gmo-clim-topo_ctr-area_raw100_unified-all_unified_woody_gmonc,kfold5_block20_unified,RF,gmo+clim+topo_ctr+area,,,none,RF
dark_n_unified,3094,0.6944526387378896,15.348424557162527,0.1434432201603974,11.529277367785392,-0.2023224916875956,0.8343820862509026,0,RFG5oc_gmo-clim-topo_ctr-area_raw100_unified-all_unified_woody_gmonc,kfold5_block20_unified,RF,gmo+clim+topo_ctr+area,,,none,RF
hill_q0_unified,3102,0.4509615084246501,2.249983570591087,0.1607131121850776,1.5734050941118896,-0.1305580071000959,0.7108663439209727,1,RFG5oc_gmo-clim-topo_ctr-area_raw100_unified-all_unified_woody_gmonc,kfold5_block20_unified,RF,gmo+clim+topo_ctr+area,,,none,RF
lcbd_pa_unified,3094,0.4377085747464999,1.11979521580773e-05,0.1930009485332773,8.79891737722177e-06,-1.383601471450283e-06,0.6263670666861538,1,RFG5oc_gmo-clim-topo_ctr-area_raw100_unified-all_unified_woody_gmonc,kfold5_block20_unified,RF,gmo+clim+topo_ctr+area,,,none,RF
pcoa1_pa_unified,3094,0.7111565294597566,0.1577031923330101,0.1229966337173619,0.0883768140822435,-0.0178216257039643,0.8522268790210742,1,RFG5oc_gmo-clim-topo_ctr-area_raw100_unified-all_unified_woody_gmonc,kfold5_block20_unified,RF,gmo+clim+topo_ctr+area,,,none,RF
pcoa2_pa_unified,3094,0.7830914720754281,0.1257751324524626,0.120180024683,0.098285183830691,-0.012585086481588,0.8909585486140218,1,RFG5oc_gmo-clim-topo_ctr-area_raw100_unified-all_unified_woody_gmonc,kfold5_block20_unified,RF,gmo+clim+topo_ctr+area,,,none,RF
lcbd_freq_unified,3040,0.3950013742219893,1.9518475180225265e-05,0.1959052441551252,1.540463587558303e-05,-7.195513407635687e-07,0.5943311030276481,1,RFG5oc_gmo-clim-topo_ctr-area_raw100_unified-all_unified_woody_gmonc,kfold5_block20_unified,RF,gmo+clim+topo_ctr+area,,,none,RF
pcoa1_freq_unified,3040,0.5448006290974219,0.3374218810672298,0.1628078974473033,0.1555041803547421,-0.0609717369221252,0.709704752738193,1,RFG5oc_gmo-clim-topo_ctr-area_raw100_unified-all_unified_woody_gmonc,kfold5_block20_unified,RF,gmo+clim+topo_ctr+area,,,none,RF
pcoa2_freq_unified,3040,0.5090917166829757,0.3312942109365276,0.1573425587640298,0.2165974933005061,0.0177963304136759,0.8494093032359356,1,RFG5oc_gmo-clim-topo_ctr-area_raw100_unified-all_unified_woody_gmonc,kfold5_block20_unified,RF,gmo+clim+topo_ctr+area,,,none,RF
mpd_unified,2535,0.2573531376928373,100.65024275580544,0.1573608993210231,65.14105176792246,-1.2927172170145125,0.4359613593512266,1,RFG5oc_gmo-clim-topo_ctr-area_raw100_unified-all_unified_woody_gmonc,kfold5_block20_unified,RF,gmo+clim+topo_ctr+area,,,none,RF
mntd_unified,2535,0.1132918741915564,95.89952848605007,0.1499334292083114,61.477251148417984,-4.795595764972167,0.2974894232614267,1,RFG5oc_gmo-clim-topo_ctr-area_raw100_unified-all_unified_woody_gmonc,kfold5_block20_unified,RF,gmo+clim+topo_ctr+area,,,none,RF
ses_pd_unified,2535,0.2310550439820015,1.0549900764077562,0.1931507943799342,0.7603988702227369,0.0179455471275113,0.4224497093230424,1,RFG5oc_gmo-clim-topo_ctr-area_raw100_unified-all_unified_woody_gmonc,kfold5_block20_unified,RF,gmo+clim+topo_ctr+area,,,none,RF
ses_mpd_unified,2535,0.2741442570838583,1.0828327990542954,0.1969052116280393,0.773268471139815,-0.0587935763254992,0.4292666313512654,1,RFG5oc_gmo-clim-topo_ctr-area_raw100_unified-all_unified_woody_gmonc,kfold5_block20_unified,RF,gmo+clim+topo_ctr+area,,,none,RF
ses_mntd_unified,2535,0.1350288022752798,1.137620458602631,0.1874268590289191,0.8390859438771819,-0.0876093394038558,0.3249108626010437,1,RFG5oc_gmo-clim-topo_ctr-area_raw100_unified-all_unified_woody_gmonc,kfold5_block20_unified,RF,gmo+clim+topo_ctr+area,,,none,RF
dark_n_unified,3094,0.6945717977030529,15.345431435694255,0.1434152470625631,11.520826064467364,-0.1183680894865513,0.8340345049565572,1,RFG5oc_gmo-clim-topo_ctr-area_raw100_unified-all_unified_woody_gmonc,kfold5_block20_unified,RF,gmo+clim+topo_ctr+area,,,none,RF
hill_q0_unified,3102,0.4489012964924944,2.2542010368535403,0.1610143597752528,1.5989891669247975,-0.0518634420274037,0.7010253000961773,2,RFG5oc_gmo-clim-topo_ctr-area_raw100_unified-all_unified_woody_gmonc,kfold5_block20_unified,RF,gmo+clim+topo_ctr+area,,,none,RF
lcbd_pa_unified,3094,0.4406295422991403,1.1168828964326552e-05,0.1924989992537246,8.7957438253544e-06,-6.522663225846521e-07,0.6305638733892164,2,RFG5oc_gmo-clim-topo_ctr-area_raw100_unified-all_unified_woody_gmonc,kfold5_block20_unified,RF,gmo+clim+topo_ctr+area,,,none,RF
pcoa1_pa_unified,3094,0.6967791231403767,0.1615804290842697,0.1260205868883488,0.0889991614577403,-0.0268356957977695,0.851169873842721,2,RFG5oc_gmo-clim-topo_ctr-area_raw100_unified-all_unified_woody_gmonc,kfold5_block20_unified,RF,gmo+clim+topo_ctr+area,,,none,RF
pcoa2_pa_unified,3094,0.7844597474124757,0.125377805362884,0.1198003726921676,0.0972529593629629,0.0006369279882892,0.8905354208731556,2,RFG5oc_gmo-clim-topo_ctr-area_raw100_unified-all_unified_woody_gmonc,kfold5_block20_unified,RF,gmo+clim+topo_ctr+area,,,none,RF
lcbd_freq_unified,3040,0.3951077185945703,1.9516759662924773e-05,0.1958880256566256,1.535157676807692e-05,-1.2039359414544845e-06,0.5909940796639545,2,RFG5oc_gmo-clim-topo_ctr-area_raw100_unified-all_unified_woody_gmonc,kfold5_block20_unified,RF,gmo+clim+topo_ctr+area,,,none,RF
pcoa1_freq_unified,3040,0.5370747973575066,0.3402732650233154,0.1641837057536199,0.1549325582202974,-0.0671673059021805,0.7106463243584716,2,RFG5oc_gmo-clim-topo_ctr-area_raw100_unified-all_unified_woody_gmonc,kfold5_block20_unified,RF,gmo+clim+topo_ctr+area,,,none,RF
pcoa2_freq_unified,3040,0.5124076149599273,0.3301734320828903,0.1568102638828684,0.2147962303869679,0.0217181197627363,0.8531214500986971,2,RFG5oc_gmo-clim-topo_ctr-area_raw100_unified-all_unified_woody_gmonc,kfold5_block20_unified,RF,gmo+clim+topo_ctr+area,,,none,RF
mpd_unified,2535,0.2688708869302113,99.86669792125126,0.1561358717756556,64.28186754462632,-0.6804488764661755,0.4466723140323467,2,RFG5oc_gmo-clim-topo_ctr-area_raw100_unified-all_unified_woody_gmonc,kfold5_block20_unified,RF,gmo+clim+topo_ctr+area,,,none,RF
mntd_unified,2535,0.106601268240506,96.26065079006428,0.1504980232814964,61.76200699353035,-5.161333383398257,0.2943629466779107,2,RFG5oc_gmo-clim-topo_ctr-area_raw100_unified-all_unified_woody_gmonc,kfold5_block20_unified,RF,gmo+clim+topo_ctr+area,,,none,RF
ses_pd_unified,2535,0.2322177024154272,1.0541921928216709,0.1930047154243862,0.7526593489026978,-0.0232104229524171,0.4284779998849465,2,RFG5oc_gmo-clim-topo_ctr-area_raw100_unified-all_unified_woody_gmonc,kfold5_block20_unified,RF,gmo+clim+topo_ctr+area,,,none,RF
ses_mpd_unified,2535,0.2782681419769891,1.0797524084251289,0.1963450651592005,0.765537470067295,-0.0747352275626316,0.4298549320116123,2,RFG5oc_gmo-clim-topo_ctr-area_raw100_unified-all_unified_woody_gmonc,kfold5_block20_unified,RF,gmo+clim+topo_ctr+area,,,none,RF
ses_mntd_unified,2535,0.1302294784831589,1.1407721568322784,0.1879461120850001,0.8438684380323029,0.0159393769296905,0.3165143649919407,2,RFG5oc_gmo-clim-topo_ctr-area_raw100_unified-all_unified_woody_gmonc,kfold5_block20_unified,RF,gmo+clim+topo_ctr+area,,,none,RF
dark_n_unified,3094,0.6950327519087189,15.333847351482156,0.1433069845932911,11.56432598284374,0.4592635795125938,0.8348397117643122,2,RFG5oc_gmo-clim-topo_ctr-area_raw100_unified-all_unified_woody_gmonc,kfold5_block20_unified,RF,gmo+clim+topo_ctr+area,,,none,RF
hill_q0_unified,3102,0.3645763353980777,2.420525392660944,0.1728946709043531,1.750318524701422,0.002525370996815,0.6254905318524803,0,RFG4mc_gmomed-topo_ctr-area_raw100_unified-all_unified_woody_gmonc,kfold5_block20_unified,RF,gmomed+topo_ctr+area,,,none,RF
lcbd_pa_unified,3094,0.404239818070186,1.152639806933117e-05,0.1986618382673122,9.178681422346086e-06,2.564367570103206e-07,0.5704461263443343,0,RFG4mc_gmomed-topo_ctr-area_raw100_unified-all_unified_woody_gmonc,kfold5_block20_unified,RF,gmomed+topo_ctr+area,,,none,RF
pcoa1_pa_unified,3094,0.3681356572834392,0.2332497201909047,0.1819172457740588,0.1303358112321901,-0.0196768374777091,0.7138643772898801,0,RFG4mc_gmomed-topo_ctr-area_raw100_unified-all_unified_woody_gmonc,kfold5_block20_unified,RF,gmomed+topo_ctr+area,,,none,RF
pcoa2_pa_unified,3094,0.6405738411800772,0.1619053913269607,0.1547030287035403,0.1251503714011254,0.0017245536383363,0.8085378174525261,0,RFG4mc_gmomed-topo_ctr-area_raw100_unified-all_unified_woody_gmonc,kfold5_block20_unified,RF,gmomed+topo_ctr+area,,,none,RF
lcbd_freq_unified,3040,0.3742195370930776,1.985087674264053e-05,0.1992415298352936,1.5713264441882397e-05,-1.9875243905545938e-06,0.5692939616997613,0,RFG4mc_gmomed-topo_ctr-area_raw100_unified-all_unified_woody_gmonc,kfold5_block20_unified,RF,gmomed+topo_ctr+area,,,none,RF
pcoa1_freq_unified,3040,0.1673175756994812,0.456364773990424,0.2201984918328126,0.2229624701995383,-0.0503230707946757,0.5539649530872407,0,RFG4mc_gmomed-topo_ctr-area_raw100_unified-all_unified_woody_gmonc,kfold5_block20_unified,RF,gmomed+topo_ctr+area,,,none,RF
pcoa2_freq_unified,3040,0.4299750944528057,0.3569937251277159,0.1695481065470811,0.2399323395088221,0.0090351178835517,0.7835015901672056,0,RFG4mc_gmomed-topo_ctr-area_raw100_unified-all_unified_woody_gmonc,kfold5_block20_unified,RF,gmomed+topo_ctr+area,,,none,RF
mpd_unified,2535,0.1804543305576774,105.73292125563968,0.1653073765255941,72.13565034359725,6.498208297601067,0.3972305507365893,0,RFG4mc_gmomed-topo_ctr-area_raw100_unified-all_unified_woody_gmonc,kfold5_block20_unified,RF,gmomed+topo_ctr+area,,,none,RF
mntd_unified,2535,0.068401639730803,98.29705023024832,0.1536818173639573,65.02792302452008,-5.820940180645898,0.178669435187977,0,RFG4mc_gmomed-topo_ctr-area_raw100_unified-all_unified_woody_gmonc,kfold5_block20_unified,RF,gmomed+topo_ctr+area,,,none,RF
ses_pd_unified,2535,0.1400862080991395,1.1156506057018118,0.2042567087223224,0.8135204613199193,-0.0468624583382657,0.3330408480337825,0,RFG4mc_gmomed-topo_ctr-area_raw100_unified-all_unified_woody_gmonc,kfold5_block20_unified,RF,gmomed+topo_ctr+area,,,none,RF
ses_mpd_unified,2535,0.1737019121314594,1.1553261870556668,0.2100876031463884,0.8419218137783119,-0.0677272331434614,0.3669709648747441,0,RFG4mc_gmomed-topo_ctr-area_raw100_unified-all_unified_woody_gmonc,kfold5_block20_unified,RF,gmomed+topo_ctr+area,,,none,RF
ses_mntd_unified,2535,0.0749933240027587,1.1764378914269586,0.1938221637676949,0.8762134304573207,-0.0966349728722215,0.224469995917263,0,RFG4mc_gmomed-topo_ctr-area_raw100_unified-all_unified_woody_gmonc,kfold5_block20_unified,RF,gmomed+topo_ctr+area,,,none,RF
dark_n_unified,3094,0.5124572464996234,19.38790522144877,0.1811953759013904,15.412023004480677,-0.4237010625470764,0.7189438637646011,0,RFG4mc_gmomed-topo_ctr-area_raw100_unified-all_unified_woody_gmonc,kfold5_block20_unified,RF,gmomed+topo_ctr+area,,,none,RF
hill_q0_unified,3102,0.3587281225100328,2.431638706894956,0.1736884790639254,1.744722808059533,-0.1114935157529589,0.6235471972300293,1,RFG4mc_gmomed-topo_ctr-area_raw100_unified-all_unified_woody_gmonc,kfold5_block20_unified,RF,gmomed+topo_ctr+area,,,none,RF
lcbd_pa_unified,3094,0.4014689782994063,1.1553171219103504e-05,0.1991232836484265,9.188995444990572e-06,-9.62147215596369e-07,0.5688632166684839,1,RFG4mc_gmomed-topo_ctr-area_raw100_unified-all_unified_woody_gmonc,kfold5_block20_unified,RF,gmomed+topo_ctr+area,,,none,RF
pcoa1_pa_unified,3094,0.3609699830350809,0.234568578896876,0.1829458564114437,0.1275622978174855,-0.0281082211059589,0.7081769618907466,1,RFG4mc_gmomed-topo_ctr-area_raw100_unified-all_unified_woody_gmonc,kfold5_block20_unified,RF,gmomed+topo_ctr+area,,,none,RF
pcoa2_pa_unified,3094,0.6388681882276217,0.1622890967906442,0.155069665026614,0.1274343015475438,-0.011434988268066,0.8082439274465568,1,RFG4mc_gmomed-topo_ctr-area_raw100_unified-all_unified_woody_gmonc,kfold5_block20_unified,RF,gmomed+topo_ctr+area,,,none,RF
lcbd_freq_unified,3040,0.3793136469523941,1.9769914496604524e-05,0.1984289187870135,1.565817832106403e-05,-4.416087988696822e-07,0.5653973295346448,1,RFG4mc_gmomed-topo_ctr-area_raw100_unified-all_unified_woody_gmonc,kfold5_block20_unified,RF,gmomed+topo_ctr+area,,,none,RF
pcoa1_freq_unified,3040,0.1628340149352533,0.4575917677262647,0.220790523000683,0.2177155907817681,-0.0591694852231208,0.5659593063625366,1,RFG4mc_gmomed-topo_ctr-area_raw100_unified-all_unified_woody_gmonc,kfold5_block20_unified,RF,gmomed+topo_ctr+area,,,none,RF
pcoa2_freq_unified,3040,0.4232888148904196,0.3590813540513477,0.1705395904479482,0.2382381674717014,0.0181965131259204,0.7778274944823234,1,RFG4mc_gmomed-topo_ctr-area_raw100_unified-all_unified_woody_gmonc,kfold5_block20_unified,RF,gmomed+topo_ctr+area,,,none,RF
mpd_unified,2535,0.1545246463610169,107.39254327162192,0.1679021006496238,71.55603206918492,-3.5083327554852106,0.3663799727419517,1,RFG4mc_gmomed-topo_ctr-area_raw100_unified-all_unified_woody_gmonc,kfold5_block20_unified,RF,gmomed+topo_ctr+area,,,none,RF
mntd_unified,2535,0.0684406825209015,98.294990420209,0.1536785969687417,65.06252859910838,-6.609465656198606,0.18154004888156,1,RFG4mc_gmomed-topo_ctr-area_raw100_unified-all_unified_woody_gmonc,kfold5_block20_unified,RF,gmomed+topo_ctr+area,,,none,RF
ses_pd_unified,2535,0.1411180683686507,1.1149810379501373,0.2041341222203076,0.8276919010696576,0.014544894441802,0.3427364333446542,1,RFG4mc_gmomed-topo_ctr-area_raw100_unified-all_unified_woody_gmonc,kfold5_block20_unified,RF,gmomed+topo_ctr+area,,,none,RF
ses_mpd_unified,2535,0.1737733219158796,1.1552762635609164,0.2100785249246098,0.8408491530561744,-0.0677243540957354,0.3646597644778048,1,RFG4mc_gmomed-topo_ctr-area_raw100_unified-all_unified_woody_gmonc,kfold5_block20_unified,RF,gmomed+topo_ctr+area,,,none,RF
ses_mntd_unified,2535,0.0684802846493837,1.1805723189152022,0.1945033248281739,0.8801420805411136,-0.1006754095561289,0.2139361048996242,1,RFG4mc_gmomed-topo_ctr-area_raw100_unified-all_unified_woody_gmonc,kfold5_block20_unified,RF,gmomed+topo_ctr+area,,,none,RF
dark_n_unified,3094,0.5103299678402606,19.430156475877588,0.1815902474381083,15.406975937373902,-0.9242373782564308,0.7197685899672928,1,RFG4mc_gmomed-topo_ctr-area_raw100_unified-all_unified_woody_gmonc,kfold5_block20_unified,RF,gmomed+topo_ctr+area,,,none,RF
hill_q0_unified,3102,0.3464360670631138,2.454833206355612,0.1753452290254008,1.7934624575833242,0.0917361182990646,0.612199783931625,2,RFG4mc_gmomed-topo_ctr-area_raw100_unified-all_unified_woody_gmonc,kfold5_block20_unified,RF,gmomed+topo_ctr+area,,,none,RF
lcbd_pa_unified,3094,0.4037287040267626,1.1531341367891693e-05,0.1987470378911002,9.190641155641312e-06,-9.032164491708653e-08,0.5746852942874925,2,RFG4mc_gmomed-topo_ctr-area_raw100_unified-all_unified_woody_gmonc,kfold5_block20_unified,RF,gmomed+topo_ctr+area,,,none,RF
pcoa1_pa_unified,3094,0.3411888744985921,0.2381714330258146,0.1857558117654127,0.1249647476881043,-0.0408753115802852,0.7098284181397893,2,RFG4mc_gmomed-topo_ctr-area_raw100_unified-all_unified_woody_gmonc,kfold5_block20_unified,RF,gmomed+topo_ctr+area,,,none,RF
pcoa2_pa_unified,3094,0.6436862786946367,0.1612028602638552,0.1540317497403755,0.1242234810615481,0.0029754740979839,0.8105263764762665,2,RFG4mc_gmomed-topo_ctr-area_raw100_unified-all_unified_woody_gmonc,kfold5_block20_unified,RF,gmomed+topo_ctr+area,,,none,RF
lcbd_freq_unified,3040,0.3789955327566063,1.977498008633854e-05,0.1984797616722527,1.5635742336842938e-05,-9.373699920586904e-07,0.5650386173632317,2,RFG4mc_gmomed-topo_ctr-area_raw100_unified-all_unified_woody_gmonc,kfold5_block20_unified,RF,gmomed+topo_ctr+area,,,none,RF
pcoa1_freq_unified,3040,0.1504543172645449,0.4609626994511716,0.222417015938351,0.2117051277552374,-0.0743088801632224,0.5621714070776516,2,RFG4mc_gmomed-topo_ctr-area_raw100_unified-all_unified_woody_gmonc,kfold5_block20_unified,RF,gmomed+topo_ctr+area,,,none,RF
pcoa2_freq_unified,3040,0.4284941463514723,0.3574571664884122,0.1697682101502286,0.2362016551183834,0.0192136581280515,0.785677662694095,2,RFG4mc_gmomed-topo_ctr-area_raw100_unified-all_unified_woody_gmonc,kfold5_block20_unified,RF,gmomed+topo_ctr+area,,,none,RF
mpd_unified,2535,0.1690848111108476,106.46380907469585,0.166450077838183,70.45149772096106,-3.986848291632264,0.3816960224633128,2,RFG4mc_gmomed-topo_ctr-area_raw100_unified-all_unified_woody_gmonc,kfold5_block20_unified,RF,gmomed+topo_ctr+area,,,none,RF
mntd_unified,2535,0.0546168917264263,99.02162448158444,0.1548146477744287,65.56293577770384,-7.61193338672821,0.1633953167428077,2,RFG4mc_gmomed-topo_ctr-area_raw100_unified-all_unified_woody_gmonc,kfold5_block20_unified,RF,gmomed+topo_ctr+area,,,none,RF
ses_pd_unified,2535,0.1395587440332482,1.1159927187123315,0.204319343813616,0.8278268322381146,0.0050655622590212,0.3356353568640996,2,RFG4mc_gmomed-topo_ctr-area_raw100_unified-all_unified_woody_gmonc,kfold5_block20_unified,RF,gmomed+topo_ctr+area,,,none,RF
ses_mpd_unified,2535,0.1779646903873386,1.1523422351335209,0.2095449933499072,0.8429623475818312,-0.0656817245539802,0.3664100277895691,2,RFG4mc_gmomed-topo_ctr-area_raw100_unified-all_unified_woody_gmonc,kfold5_block20_unified,RF,gmomed+topo_ctr+area,,,none,RF
ses_mntd_unified,2535,0.0680260657252803,1.1808601136482322,0.1945507399941451,0.8810967474516688,-0.0178283245967711,0.209705503328455,2,RFG4mc_gmomed-topo_ctr-area_raw100_unified-all_unified_woody_gmonc,kfold5_block20_unified,RF,gmomed+topo_ctr+area,,,none,RF
dark_n_unified,3094,0.5143489791052773,19.350254800972337,0.1808435028128255,15.371431357775773,0.31539189152132,0.7212535697302149,2,RFG4mc_gmomed-topo_ctr-area_raw100_unified-all_unified_woody_gmonc,kfold5_block20_unified,RF,gmomed+topo_ctr+area,,,none,RF
lcbd_count_sorensen,2499,0.485877408855515,1.5196409425572768e-05,0.1853061194159555,1.1989806177351804e-05,-1.3957922212780029e-06,0.650382441743065,0,RFG6oc_gmo-clim-curve-topo_ctr-area_kndvi_raw100_pg-all_unified_woody_gmonc,kfold5_block20_unified,RF,gmo+clim+curve+topo_ctr+area,,kndvi,none,RF
pd_inext_q0,877,0.1207672318154681,1.4430883117362414,0.208483005588121,1.1034476663094566,-0.091829225483246,0.387094709658729,0,RFG6oc_gmo-clim-curve-topo_ctr-area_kndvi_raw100_pg-all_unified_woody_gmonc,kfold5_block20_unified,RF,gmo+clim+curve+topo_ctr+area,,kndvi,none,RF
pd_inext_q1,877,0.1361037098278886,1.0602233245757806,0.2114252548097897,0.8336646875261353,0.0408661669077289,0.3859979296549684,0,RFG6oc_gmo-clim-curve-topo_ctr-area_kndvi_raw100_pg-all_unified_woody_gmonc,kfold5_block20_unified,RF,gmo+clim+curve+topo_ctr+area,,kndvi,none,RF
pd_inext_q2,877,0.1066184766366126,0.8782770778116832,0.2293026969777395,0.6931611544118605,0.0035508734806692,0.3431728137679056,0,RFG6oc_gmo-clim-curve-topo_ctr-area_kndvi_raw100_pg-all_unified_woody_gmonc,kfold5_block20_unified,RF,gmo+clim+curve+topo_ctr+area,,kndvi,none,RF
td_inext_q0,881,0.0300960304999684,2.2858849481030106,0.230386266174403,1.7497976926283432,-0.0746751151210548,0.1912324658083673,0,RFG6oc_gmo-clim-curve-topo_ctr-area_kndvi_raw100_pg-all_unified_woody_gmonc,kfold5_block20_unified,RF,gmo+clim+curve+topo_ctr+area,,kndvi,none,RF
td_inext_q1,881,0.0546171461296007,1.6450025042887375,0.2010330490977899,1.243281485832224,0.0297820222636766,0.2272738811241229,0,RFG6oc_gmo-clim-curve-topo_ctr-area_kndvi_raw100_pg-all_unified_woody_gmonc,kfold5_block20_unified,RF,gmo+clim+curve+topo_ctr+area,,kndvi,none,RF
td_inext_q2,881,0.0559147596989185,1.4657431670567849,0.1969569442781975,1.1282255098067242,0.0667152040046144,0.2159237969814066,0,RFG6oc_gmo-clim-curve-topo_ctr-area_kndvi_raw100_pg-all_unified_woody_gmonc,kfold5_block20_unified,RF,gmo+clim+curve+topo_ctr+area,,kndvi,none,RF
lcbd_count_sorensen,2499,0.4844076785050585,1.5218115031613557e-05,0.1855707991513028,1.2039622778769945e-05,6.998967212850098e-08,0.6431044487662848,1,RFG6oc_gmo-clim-curve-topo_ctr-area_kndvi_raw100_pg-all_unified_woody_gmonc,kfold5_block20_unified,RF,gmo+clim+curve+topo_ctr+area,,kndvi,none,RF
pd_inext_q0,877,0.1412766703993724,1.4261578847740128,0.2060370663685531,1.0928475540809888,-0.0511724293982312,0.410627958475717,1,RFG6oc_gmo-clim-curve-topo_ctr-area_kndvi_raw100_pg-all_unified_woody_gmonc,kfold5_block20_unified,RF,gmo+clim+curve+topo_ctr+area,,kndvi,none,RF
pd_inext_q1,877,0.1270728937450205,1.0657504864892966,0.2125274580804145,0.8298685932356761,-0.0235760199640376,0.382648356010394,1,RFG6oc_gmo-clim-curve-topo_ctr-area_kndvi_raw100_pg-all_unified_woody_gmonc,kfold5_block20_unified,RF,gmo+clim+curve+topo_ctr+area,,kndvi,none,RF
pd_inext_q2,877,0.0912938662716984,0.8857778068719315,0.2312610054048474,0.6919338186311564,-0.0684870248397265,0.3218915348239373,1,RFG6oc_gmo-clim-curve-topo_ctr-area_kndvi_raw100_pg-all_unified_woody_gmonc,kfold5_block20_unified,RF,gmo+clim+curve+topo_ctr+area,,kndvi,none,RF
td_inext_q0,881,0.0191358278589879,2.298764254406566,0.2316843259444955,1.804331842218262,0.1766669685100899,0.170773744401119,1,RFG6oc_gmo-clim-curve-topo_ctr-area_kndvi_raw100_pg-all_unified_woody_gmonc,kfold5_block20_unified,RF,gmo+clim+curve+topo_ctr+area,,kndvi,none,RF
td_inext_q1,881,0.0561732127197671,1.6436481389104678,0.2008675343336018,1.2410558789397164,0.0117435294003228,0.2306437063166895,1,RFG6oc_gmo-clim-curve-topo_ctr-area_kndvi_raw100_pg-all_unified_woody_gmonc,kfold5_block20_unified,RF,gmo+clim+curve+topo_ctr+area,,kndvi,none,RF
td_inext_q2,881,0.0507430079216417,1.469752395407509,0.197495678063638,1.1392516845213967,0.087484759631781,0.2075318132973752,1,RFG6oc_gmo-clim-curve-topo_ctr-area_kndvi_raw100_pg-all_unified_woody_gmonc,kfold5_block20_unified,RF,gmo+clim+curve+topo_ctr+area,,kndvi,none,RF
lcbd_count_sorensen,2499,0.4829032594654591,1.5240300918376429e-05,0.1858413354646317,1.2007402159460278e-05,-1.0718754159161912e-06,0.6426784341960617,2,RFG6oc_gmo-clim-curve-topo_ctr-area_kndvi_raw100_pg-all_unified_woody_gmonc,kfold5_block20_unified,RF,gmo+clim+curve+topo_ctr+area,,kndvi,none,RF
pd_inext_q0,877,0.1335650328172249,1.4325472718495833,0.2069601412840295,1.0926020222738757,-0.0915259326845536,0.4091600902846749,2,RFG6oc_gmo-clim-curve-topo_ctr-area_kndvi_raw100_pg-all_unified_woody_gmonc,kfold5_block20_unified,RF,gmo+clim+curve+topo_ctr+area,,kndvi,none,RF
pd_inext_q1,877,0.1354055527668585,1.0606516473505463,0.2115106691274118,0.8152577669020687,-0.0903387121952787,0.3929538086231761,2,RFG6oc_gmo-clim-curve-topo_ctr-area_kndvi_raw100_pg-all_unified_woody_gmonc,kfold5_block20_unified,RF,gmo+clim+curve+topo_ctr+area,,kndvi,none,RF
pd_inext_q2,877,0.1023884048720933,0.8803538991958194,0.2298449185118709,0.6882091959380323,-0.063730131877156,0.3415651230254167,2,RFG6oc_gmo-clim-curve-topo_ctr-area_kndvi_raw100_pg-all_unified_woody_gmonc,kfold5_block20_unified,RF,gmo+clim+curve+topo_ctr+area,,kndvi,none,RF
td_inext_q0,881,-0.0072024070645031,2.3294230955510504,0.2347743222027821,1.78163164372889,-0.1267507464583697,0.1437674764699344,2,RFG6oc_gmo-clim-curve-topo_ctr-area_kndvi_raw100_pg-all_unified_woody_gmonc,kfold5_block20_unified,RF,gmo+clim+curve+topo_ctr+area,,kndvi,none,RF
td_inext_q1,881,0.044699860300961,1.6536082234412384,0.2020847398741845,1.2633197375437537,0.13279718617619,0.2151336972876049,2,RFG6oc_gmo-clim-curve-topo_ctr-area_kndvi_raw100_pg-all_unified_woody_gmonc,kfold5_block20_unified,RF,gmo+clim+curve+topo_ctr+area,,kndvi,none,RF
td_inext_q2,881,0.0462093540863153,1.473257985326773,0.1979667362230134,1.1290032532144092,0.0192507517395841,0.1898498072780697,2,RFG6oc_gmo-clim-curve-topo_ctr-area_kndvi_raw100_pg-all_unified_woody_gmonc,kfold5_block20_unified,RF,gmo+clim+curve+topo_ctr+area,,kndvi,none,RF
hill_q0_unified,3102,0.2778584150154749,2.580412446139951,0.1843151747242822,1.831092075634251,0.043044282641779,0.592848449132006,0,RFG4dc_gmomad-topo_ctr-area_raw100_unified-all_unified_woody_gmonc,kfold5_block20_unified,RF,gmomad+topo_ctr+area,,,none,RF
lcbd_pa_unified,3094,0.31359352375297,1.2372246483118984e-05,0.2132403561848638,9.853781617996251e-06,3.638605275489119e-07,0.4961847573418307,0,RFG4dc_gmomad-topo_ctr-area_raw100_unified-all_unified_woody_gmonc,kfold5_block20_unified,RF,gmomad+topo_ctr+area,,,none,RF
pcoa1_pa_unified,3094,0.3947528206645126,0.2282840635191484,0.1780444068937113,0.1313775335804166,-0.0225623511773511,0.7002414191290032,0,RFG4dc_gmomad-topo_ctr-area_raw100_unified-all_unified_woody_gmonc,kfold5_block20_unified,RF,gmomad+topo_ctr+area,,,none,RF
pcoa2_pa_unified,3094,0.5222592629936992,0.1866605785006848,0.1783569811785646,0.1436861257384082,0.0096201078182972,0.7413123844328334,0,RFG4dc_gmomad-topo_ctr-area_raw100_unified-all_unified_woody_gmonc,kfold5_block20_unified,RF,gmomad+topo_ctr+area,,,none,RF
lcbd_freq_unified,3040,0.2876201774775797,2.117992889009248e-05,0.2125811110801058,1.6913362488564422e-05,-1.910259999680608e-06,0.4919315737447448,0,RFG4dc_gmomad-topo_ctr-area_raw100_unified-all_unified_woody_gmonc,kfold5_block20_unified,RF,gmomad+topo_ctr+area,,,none,RF
pcoa1_freq_unified,3040,0.173594532337537,0.4546414274112356,0.219366967711605,0.2216203248846607,-0.0565272052697229,0.4875541319219305,0,RFG4dc_gmomad-topo_ctr-area_raw100_unified-all_unified_woody_gmonc,kfold5_block20_unified,RF,gmomad+topo_ctr+area,,,none,RF
pcoa2_freq_unified,3040,0.3388554867077905,0.3844694762240002,0.1825972478804961,0.2598873168025438,-0.0027396236861637,0.7010452044748383,0,RFG4dc_gmomad-topo_ctr-area_raw100_unified-all_unified_woody_gmonc,kfold5_block20_unified,RF,gmomad+topo_ctr+area,,,none,RF
mpd_unified,2535,0.1142661785840237,109.9196319708785,0.1718530593308046,76.19913450693234,7.804182407827137,0.3243158499320246,0,RFG4dc_gmomad-topo_ctr-area_raw100_unified-all_unified_woody_gmonc,kfold5_block20_unified,RF,gmomad+topo_ctr+area,,,none,RF
mntd_unified,2535,0.0131138336697966,101.1718422823503,0.1581763903554725,67.38739363078619,-5.778889230158823,0.1370615662517432,0,RFG4dc_gmomad-topo_ctr-area_raw100_unified-all_unified_woody_gmonc,kfold5_block20_unified,RF,gmomad+topo_ctr+area,,,none,RF
ses_pd_unified,2535,0.0795810352982959,1.1542331082308803,0.2113205107232192,0.8493822080210235,-0.0513334644649726,0.258760949234139,0,RFG4dc_gmomad-topo_ctr-area_raw100_unified-all_unified_woody_gmonc,kfold5_block20_unified,RF,gmomad+topo_ctr+area,,,none,RF
ses_mpd_unified,2535,0.1193078648584501,1.192746916368238,0.2168922886259958,0.8741226231799409,-0.071004033357989,0.2980539548109028,0,RFG4dc_gmomad-topo_ctr-area_raw100_unified-all_unified_woody_gmonc,kfold5_block20_unified,RF,gmomad+topo_ctr+area,,,none,RF
ses_mntd_unified,2535,0.0402086241701572,1.198353620005985,0.1974328549607337,0.9041030097214644,-0.0896218009160838,0.1730880700777186,0,RFG4dc_gmomad-topo_ctr-area_raw100_unified-all_unified_woody_gmonc,kfold5_block20_unified,RF,gmomad+topo_ctr+area,,,none,RF
dark_n_unified,3094,0.5001284938969317,19.63151091892302,0.1834720646628319,15.829286616405543,-0.328588903321948,0.7064656642098881,0,RFG4dc_gmomad-topo_ctr-area_raw100_unified-all_unified_woody_gmonc,kfold5_block20_unified,RF,gmomad+topo_ctr+area,,,none,RF
hill_q0_unified,3102,0.282696943966836,2.57175321312328,0.1836966580802342,1.8116649410035328,-0.065815842371186,0.5950690465008678,1,RFG4dc_gmomad-topo_ctr-area_raw100_unified-all_unified_woody_gmonc,kfold5_block20_unified,RF,gmomad+topo_ctr+area,,,none,RF
lcbd_pa_unified,3094,0.3148464906478027,1.2360949171244429e-05,0.213045642733968,9.81614797499004e-06,-1.1038837497558087e-06,0.4997292245274697,1,RFG4dc_gmomad-topo_ctr-area_raw100_unified-all_unified_woody_gmonc,kfold5_block20_unified,RF,gmomad+topo_ctr+area,,,none,RF
pcoa1_pa_unified,3094,0.3855489766630162,0.2300132441333633,0.1793930377710663,0.1305186090663923,-0.0278025736933798,0.6994974011016675,1,RFG4dc_gmomad-topo_ctr-area_raw100_unified-all_unified_woody_gmonc,kfold5_block20_unified,RF,gmomad+topo_ctr+area,,,none,RF
pcoa2_pa_unified,3094,0.5203959471241748,0.1870242371919262,0.1787044625100281,0.1465822462502638,-0.0052706257308112,0.7401277598921068,1,RFG4dc_gmomad-topo_ctr-area_raw100_unified-all_unified_woody_gmonc,kfold5_block20_unified,RF,gmomad+topo_ctr+area,,,none,RF
lcbd_freq_unified,3040,0.2933004976772304,2.109531843209488e-05,0.2117318832444761,1.6921173819925914e-05,-5.395883859519587e-07,0.4873218487772909,1,RFG4dc_gmomad-topo_ctr-area_raw100_unified-all_unified_woody_gmonc,kfold5_block20_unified,RF,gmomad+topo_ctr+area,,,none,RF
pcoa1_freq_unified,3040,0.1658388285462015,0.456769819625778,0.2203939285604298,0.2151823870015216,-0.0715603716228251,0.4998977194884191,1,RFG4dc_gmomad-topo_ctr-area_raw100_unified-all_unified_woody_gmonc,kfold5_block20_unified,RF,gmomad+topo_ctr+area,,,none,RF
pcoa2_freq_unified,3040,0.3265727160727472,0.388024386453784,0.1842855921173285,0.253635347227242,0.0291946180614601,0.6944004223500193,1,RFG4dc_gmomad-topo_ctr-area_raw100_unified-all_unified_woody_gmonc,kfold5_block20_unified,RF,gmomad+topo_ctr+area,,,none,RF
mpd_unified,2535,0.1006282664972996,110.7626323269736,0.173171042184407,73.91628130377802,-4.2977195345568,0.301445478418175,1,RFG4dc_gmomad-topo_ctr-area_raw100_unified-all_unified_woody_gmonc,kfold5_block20_unified,RF,gmomad+topo_ctr+area,,,none,RF
mntd_unified,2535,0.0158048636319102,101.0338110087722,0.1579605863519255,67.66507558457974,-7.111070417048111,0.1444955110529909,1,RFG4dc_gmomad-topo_ctr-area_raw100_unified-all_unified_woody_gmonc,kfold5_block20_unified,RF,gmomad+topo_ctr+area,,,none,RF
ses_pd_unified,2535,0.0826956150135352,1.1522785649558769,0.2109626669911697,0.8683057680879158,0.0300815802334241,0.267385460553264,1,RFG4dc_gmomad-topo_ctr-area_raw100_unified-all_unified_woody_gmonc,kfold5_block20_unified,RF,gmomad+topo_ctr+area,,,none,RF
ses_mpd_unified,2535,0.1266052269328769,1.1877951228518535,0.2159918412520951,0.8772528313667063,-0.0509864439652012,0.3033620228444176,1,RFG4dc_gmomad-topo_ctr-area_raw100_unified-all_unified_woody_gmonc,kfold5_block20_unified,RF,gmomad+topo_ctr+area,,,none,RF
ses_mntd_unified,2535,0.0297319420241854,1.2048762328125715,0.1985074777154105,0.9120444795245616,-0.0794815693278419,0.153484469510848,1,RFG4dc_gmomad-topo_ctr-area_raw100_unified-all_unified_woody_gmonc,kfold5_block20_unified,RF,gmomad+topo_ctr+area,,,none,RF
dark_n_unified,3094,0.4930599001306016,19.769826507759007,0.1847647337173739,15.934956667694625,-1.0067397700199208,0.704468424001823,1,RFG4dc_gmomad-topo_ctr-area_raw100_unified-all_unified_woody_gmonc,kfold5_block20_unified,RF,gmomad+topo_ctr+area,,,none,RF
hill_q0_unified,3102,0.2661562776040304,2.601235918790862,0.1858025656279187,1.8602240219943849,0.1039493611981674,0.5851356843241535,2,RFG4dc_gmomad-topo_ctr-area_raw100_unified-all_unified_woody_gmonc,kfold5_block20_unified,RF,gmomad+topo_ctr+area,,,none,RF
lcbd_pa_unified,3094,0.3144494818863483,1.2364529897583104e-05,0.2131073579092114,9.823843797799913e-06,-6.09503516207687e-07,0.5020711841946862,2,RFG4dc_gmomad-topo_ctr-area_raw100_unified-all_unified_woody_gmonc,kfold5_block20_unified,RF,gmomad+topo_ctr+area,,,none,RF
pcoa1_pa_unified,3094,0.3674503281606944,0.2333761789053302,0.182015874064003,0.1288224048706929,-0.0414025773053015,0.6963369957468968,2,RFG4dc_gmomad-topo_ctr-area_raw100_unified-all_unified_woody_gmonc,kfold5_block20_unified,RF,gmomad+topo_ctr+area,,,none,RF
pcoa2_pa_unified,3094,0.5255800562819654,0.1860107049629246,0.1777360172703106,0.1434741856911736,0.0094748205354476,0.7442962489203859,2,RFG4dc_gmomad-topo_ctr-area_raw100_unified-all_unified_woody_gmonc,kfold5_block20_unified,RF,gmomad+topo_ctr+area,,,none,RF
lcbd_freq_unified,3040,0.2918353164023991,2.111717529035842e-05,0.2119512586370232,1.6854645757038976e-05,-1.2667761036784818e-06,0.4848271969389116,2,RFG4dc_gmomad-topo_ctr-area_raw100_unified-all_unified_woody_gmonc,kfold5_block20_unified,RF,gmomad+topo_ctr+area,,,none,RF
pcoa1_freq_unified,3040,0.1575478352196597,0.4590341972398029,0.2214865031059812,0.2173788497496774,-0.069938889922288,0.4955588692580169,2,RFG4dc_gmomad-topo_ctr-area_raw100_unified-all_unified_woody_gmonc,kfold5_block20_unified,RF,gmomad+topo_ctr+area,,,none,RF
pcoa2_freq_unified,3040,0.3289126934598508,0.3873496600052846,0.1839651422502072,0.2544359001792819,0.0223754225912571,0.6998995880350173,2,RFG4dc_gmomad-topo_ctr-area_raw100_unified-all_unified_woody_gmonc,kfold5_block20_unified,RF,gmomad+topo_ctr+area,,,none,RF
mpd_unified,2535,0.1012207511142642,110.726142427983,0.1731139923138446,73.7022526675262,-4.406680796555821,0.3061671446830057,2,RFG4dc_gmomad-topo_ctr-area_raw100_unified-all_unified_woody_gmonc,kfold5_block20_unified,RF,gmomad+topo_ctr+area,,,none,RF
mntd_unified,2535,0.0045167495296711,101.61155703189746,0.1588638592232957,68.3375837846434,-8.08608209850676,0.1419749704123931,2,RFG4dc_gmomad-topo_ctr-area_raw100_unified-all_unified_woody_gmonc,kfold5_block20_unified,RF,gmomad+topo_ctr+area,,,none,RF
ses_pd_unified,2535,0.0845890537289069,1.1510887222436206,0.2107448269657526,0.8601518388033687,0.0092162555452178,0.2624730561006937,2,RFG4dc_gmomad-topo_ctr-area_raw100_unified-all_unified_woody_gmonc,kfold5_block20_unified,RF,gmomad+topo_ctr+area,,,none,RF
ses_mpd_unified,2535,0.1241069798955992,1.189492686648495,0.2163005307920884,0.8795653252143107,-0.0567470519549526,0.3045919863410348,2,RFG4dc_gmomad-topo_ctr-area_raw100_unified-all_unified_woody_gmonc,kfold5_block20_unified,RF,gmomad+topo_ctr+area,,,none,RF
ses_mntd_unified,2535,0.0258459103652861,1.207286653490592,0.1989046027611175,0.9144220047519176,-0.0308739279234546,0.1518355365815871,2,RFG4dc_gmomad-topo_ctr-area_raw100_unified-all_unified_woody_gmonc,kfold5_block20_unified,RF,gmomad+topo_ctr+area,,,none,RF
dark_n_unified,3094,0.4999610665172707,19.634798341003115,0.1835027882336739,15.867005088360006,0.1202675214476302,0.7072640840066645,2,RFG4dc_gmomad-topo_ctr-area_raw100_unified-all_unified_woody_gmonc,kfold5_block20_unified,RF,gmomad+topo_ctr+area,,,none,RF
hill_q0_unified,3102,0.3700847600063535,2.41001090875227,0.1721436363394478,1.7267863804122712,-0.0078908170022225,0.643440622317237,0,RFG4ac_gmoall-topo_ctr-area_raw100_unified-all_unified_woody_gmonc,kfold5_block20_unified,RF,gmoall+topo_ctr+area,,,none,RF
lcbd_pa_unified,3094,0.4011764684743342,1.155599396611212e-05,0.1991719347627054,9.204649847437393e-06,2.464732536366084e-07,0.5685292479694877,0,RFG4ac_gmoall-topo_ctr-area_raw100_unified-all_unified_woody_gmonc,kfold5_block20_unified,RF,gmoall+topo_ctr+area,,,none,RF
pcoa1_pa_unified,3094,0.4007369767328889,0.2271527233182441,0.1771620465924277,0.127215127805499,-0.0228242936100736,0.7280676083499886,0,RFG4ac_gmoall-topo_ctr-area_raw100_unified-all_unified_woody_gmonc,kfold5_block20_unified,RF,gmoall+topo_ctr+area,,,none,RF
pcoa2_pa_unified,3094,0.6476458060552597,0.1603046766457043,0.1531735218276359,0.1238167966476248,0.0025404444321788,0.8124651159057553,0,RFG4ac_gmoall-topo_ctr-area_raw100_unified-all_unified_woody_gmonc,kfold5_block20_unified,RF,gmoall+topo_ctr+area,,,none,RF
lcbd_freq_unified,3040,0.3762240478073058,1.9819057907078005e-05,0.1989221669397779,1.568506009418681e-05,-1.892678823923273e-06,0.5689577421828012,0,RFG4ac_gmoall-topo_ctr-area_raw100_unified-all_unified_woody_gmonc,kfold5_block20_unified,RF,gmoall+topo_ctr+area,,,none,RF
pcoa1_freq_unified,3040,0.177139901760265,0.4536651485911689,0.2188959078576481,0.2196215035951636,-0.05364052959247,0.554353883820142,0,RFG4ac_gmoall-topo_ctr-area_raw100_unified-all_unified_woody_gmonc,kfold5_block20_unified,RF,gmoall+topo_ctr+area,,,none,RF
pcoa2_freq_unified,3040,0.4403438337920038,0.353731970603634,0.1679989916336982,0.2363356487416097,0.0091774437973326,0.7903978867839921,0,RFG4ac_gmoall-topo_ctr-area_raw100_unified-all_unified_woody_gmonc,kfold5_block20_unified,RF,gmoall+topo_ctr+area,,,none,RF
mpd_unified,2535,0.1908647162952156,105.0592319013162,0.1642541017419798,71.38961345423081,6.711982525854379,0.4081152917344776,0,RFG4ac_gmoall-topo_ctr-area_raw100_unified-all_unified_woody_gmonc,kfold5_block20_unified,RF,gmoall+topo_ctr+area,,,none,RF
mntd_unified,2535,0.0743012529832415,97.98530879615362,0.1531944274572703,64.87628682915702,-6.329582626644148,0.18967053689018,0,RFG4ac_gmoall-topo_ctr-area_raw100_unified-all_unified_woody_gmonc,kfold5_block20_unified,RF,gmoall+topo_ctr+area,,,none,RF
ses_pd_unified,2535,0.1523678725323386,1.1076548486396791,0.2027928211818078,0.8022512279841354,-0.0552799704807055,0.3466914080546291,0,RFG4ac_gmoall-topo_ctr-area_raw100_unified-all_unified_woody_gmonc,kfold5_block20_unified,RF,gmoall+topo_ctr+area,,,none,RF
ses_mpd_unified,2535,0.1927398701444113,1.1419392359964022,0.2076532841696444,0.825423696591397,-0.0759793402121981,0.3774234896419576,0,RFG4ac_gmoall-topo_ctr-area_raw100_unified-all_unified_woody_gmonc,kfold5_block20_unified,RF,gmoall+topo_ctr+area,,,none,RF
ses_mntd_unified,2535,0.0839280466058968,1.170742445194892,0.1928838195334891,0.8720059382947314,-0.0980768893997646,0.2371975864590646,0,RFG4ac_gmoall-topo_ctr-area_raw100_unified-all_unified_woody_gmonc,kfold5_block20_unified,RF,gmoall+topo_ctr+area,,,none,RF
dark_n_unified,3094,0.5255215492141108,19.126380070122984,0.178751215608626,15.19913792923148,-0.460175426326405,0.7265562672849077,0,RFG4ac_gmoall-topo_ctr-area_raw100_unified-all_unified_woody_gmonc,kfold5_block20_unified,RF,gmoall+topo_ctr+area,,,none,RF
hill_q0_unified,3102,0.3666959662108051,2.4164848553847253,0.1726060610989089,1.7191812585167776,-0.0944798921517831,0.6416793241387744,1,RFG4ac_gmoall-topo_ctr-area_raw100_unified-all_unified_woody_gmonc,kfold5_block20_unified,RF,gmoall+topo_ctr+area,,,none,RF
lcbd_pa_unified,3094,0.3989301014991445,1.1577648679392849e-05,0.1995451619514269,9.188252250800637e-06,-1.0121960032792723e-06,0.568127844979783,1,RFG4ac_gmoall-topo_ctr-area_raw100_unified-all_unified_woody_gmonc,kfold5_block20_unified,RF,gmoall+topo_ctr+area,,,none,RF
pcoa1_pa_unified,3094,0.3946266221451446,0.2283078617376476,0.178062967714964,0.1249087449449385,-0.0298782020880051,0.7239159162720344,1,RFG4ac_gmoall-topo_ctr-area_raw100_unified-all_unified_woody_gmonc,kfold5_block20_unified,RF,gmoall+topo_ctr+area,,,none,RF
pcoa2_pa_unified,3094,0.6474789349553844,0.1603426314249629,0.1532097881882367,0.1255564904365793,-0.0089172946343383,0.8128616189326898,1,RFG4ac_gmoall-topo_ctr-area_raw100_unified-all_unified_woody_gmonc,kfold5_block20_unified,RF,gmoall+topo_ctr+area,,,none,RF
lcbd_freq_unified,3040,0.377741562527599,1.9794935442711285e-05,0.1986800518550824,1.5690572082888884e-05,-3.3519812268101417e-07,0.5643549732263717,1,RFG4ac_gmoall-topo_ctr-area_raw100_unified-all_unified_woody_gmonc,kfold5_block20_unified,RF,gmoall+topo_ctr+area,,,none,RF
pcoa1_freq_unified,3040,0.1698939409517285,0.4556582181716797,0.2198575747976901,0.2136552092940044,-0.0653204852105026,0.5701153402500858,1,RFG4ac_gmoall-topo_ctr-area_raw100_unified-all_unified_woody_gmonc,kfold5_block20_unified,RF,gmoall+topo_ctr+area,,,none,RF
pcoa2_freq_unified,3040,0.4346382721745039,0.35553050500933,0.1688531750032699,0.2351597675531072,0.014529971948447,0.7845707876279978,1,RFG4ac_gmoall-topo_ctr-area_raw100_unified-all_unified_woody_gmonc,kfold5_block20_unified,RF,gmoall+topo_ctr+area,,,none,RF
mpd_unified,2535,0.1677982642087797,106.54619877401257,0.1665788894219834,70.63217870592254,-3.672806617806416,0.3841558401250547,1,RFG4ac_gmoall-topo_ctr-area_raw100_unified-all_unified_woody_gmonc,kfold5_block20_unified,RF,gmoall+topo_ctr+area,,,none,RF
mntd_unified,2535,0.0735050039758759,98.0274412581218,0.1532602991524038,64.76680023197254,-6.161492583545674,0.1923097242007181,1,RFG4ac_gmoall-topo_ctr-area_raw100_unified-all_unified_woody_gmonc,kfold5_block20_unified,RF,gmoall+topo_ctr+area,,,none,RF
ses_pd_unified,2535,0.1556955013076887,1.1054784984096586,0.2023943683572951,0.8160528581042172,0.0147791522074503,0.3581210740326057,1,RFG4ac_gmoall-topo_ctr-area_raw100_unified-all_unified_woody_gmonc,kfold5_block20_unified,RF,gmoall+topo_ctr+area,,,none,RF
ses_mpd_unified,2535,0.1964879164549141,1.1392851840227554,0.2071706642619364,0.8282970155667346,-0.0604866763061585,0.3743783031631712,1,RFG4ac_gmoall-topo_ctr-area_raw100_unified-all_unified_woody_gmonc,kfold5_block20_unified,RF,gmoall+topo_ctr+area,,,none,RF
ses_mntd_unified,2535,0.0763699006908089,1.175562189673643,0.1936778889106203,0.8769877278043205,-0.0987863458997909,0.2246867285151637,1,RFG4ac_gmoall-topo_ctr-area_raw100_unified-all_unified_woody_gmonc,kfold5_block20_unified,RF,gmoall+topo_ctr+area,,,none,RF
dark_n_unified,3094,0.5254050623116187,19.128727738429788,0.1787731564339232,15.159484976146588,-0.9595713269055728,0.7289067674625838,1,RFG4ac_gmoall-topo_ctr-area_raw100_unified-all_unified_woody_gmonc,kfold5_block20_unified,RF,gmoall+topo_ctr+area,,,none,RF
hill_q0_unified,3102,0.3573850538609809,2.434183765884052,0.173870268991718,1.7701894460715295,0.0967009323229809,0.6305151863629402,2,RFG4ac_gmoall-topo_ctr-area_raw100_unified-all_unified_woody_gmonc,kfold5_block20_unified,RF,gmoall+topo_ctr+area,,,none,RF
lcbd_pa_unified,3094,0.4008469496666218,1.155917302759264e-05,0.199226727091921,9.17962492299402e-06,-1.754761826686688e-07,0.5717684073616304,2,RFG4ac_gmoall-topo_ctr-area_raw100_unified-all_unified_woody_gmonc,kfold5_block20_unified,RF,gmoall+topo_ctr+area,,,none,RF
pcoa1_pa_unified,3094,0.3750138486630178,0.2319767205508215,0.1809244017603306,0.1233405868939391,-0.041045655321898,0.7245518510894707,2,RFG4ac_gmoall-topo_ctr-area_raw100_unified-all_unified_woody_gmonc,kfold5_block20_unified,RF,gmoall+topo_ctr+area,,,none,RF
pcoa2_pa_unified,3094,0.647464834564845,0.1603458381427163,0.1532128522551252,0.1234687541831539,0.0039617867836197,0.8123027006940754,2,RFG4ac_gmoall-topo_ctr-area_raw100_unified-all_unified_woody_gmonc,kfold5_block20_unified,RF,gmoall+topo_ctr+area,,,none,RF
lcbd_freq_unified,3040,0.3786401959042462,1.978063686874677e-05,0.1985365383071375,1.566395799499176e-05,-9.280735362608952e-07,0.5635959309367289,2,RFG4ac_gmoall-topo_ctr-area_raw100_unified-all_unified_woody_gmonc,kfold5_block20_unified,RF,gmoall+topo_ctr+area,,,none,RF
pcoa1_freq_unified,3040,0.1594774615787413,0.4585081897620785,0.2212327016298617,0.2106686029835116,-0.0741244390697321,0.5639793945694439,2,RFG4ac_gmoall-topo_ctr-area_raw100_unified-all_unified_woody_gmonc,kfold5_block20_unified,RF,gmoall+topo_ctr+area,,,none,RF
pcoa2_freq_unified,3040,0.4358719667327341,0.3551423857143763,0.1686688443359724,0.2312828821046804,0.0258776572056716,0.7906445358328513,2,RFG4ac_gmoall-topo_ctr-area_raw100_unified-all_unified_woody_gmonc,kfold5_block20_unified,RF,gmoall+topo_ctr+area,,,none,RF
mpd_unified,2535,0.1818608703416427,105.64215058265404,0.1651654617686903,69.69524592546468,-3.0646070867533,0.394660095106255,2,RFG4ac_gmoall-topo_ctr-area_raw100_unified-all_unified_woody_gmonc,kfold5_block20_unified,RF,gmoall+topo_ctr+area,,,none,RF
mntd_unified,2535,0.0647713731625904,98.48838672613064,0.1539809610345595,65.253885221333,-7.974951694407884,0.1877594665837234,2,RFG4ac_gmoall-topo_ctr-area_raw100_unified-all_unified_woody_gmonc,kfold5_block20_unified,RF,gmoall+topo_ctr+area,,,none,RF
ses_pd_unified,2535,0.152367268275438,1.107655243450084,0.2027928934648984,0.8203086449407512,0.0143792271980735,0.3462336127238409,2,RFG4ac_gmoall-topo_ctr-area_raw100_unified-all_unified_woody_gmonc,kfold5_block20_unified,RF,gmoall+topo_ctr+area,,,none,RF
ses_mpd_unified,2535,0.1949443576140561,1.1403789510066125,0.2073695577749666,0.8300829421579901,-0.0707823128763394,0.3781593412379545,2,RFG4ac_gmoall-topo_ctr-area_raw100_unified-all_unified_woody_gmonc,kfold5_block20_unified,RF,gmoall+topo_ctr+area,,,none,RF
ses_mntd_unified,2535,0.0766685438447449,1.175372123334567,0.1936465748315962,0.877039470035094,-0.0204439685413773,0.2200895915341335,2,RFG4ac_gmoall-topo_ctr-area_raw100_unified-all_unified_woody_gmonc,kfold5_block20_unified,RF,gmoall+topo_ctr+area,,,none,RF
dark_n_unified,3094,0.5261785151688321,19.11313422822747,0.1786274226937146,15.2000585812277,0.0929765961630487,0.7276812774825345,2,RFG4ac_gmoall-topo_ctr-area_raw100_unified-all_unified_woody_gmonc,kfold5_block20_unified,RF,gmoall+topo_ctr+area,,,none,RF
hill_q0_unified,3102,0.436223692640961,2.2799816984943613,0.16285583560674,1.5940151868392676,-0.0868147134006915,0.7127173285502775,0,RFG6oc_gmo-clim-curve-topo_ctr-area_kndvi_raw100_unified-all_unified_woody_gmonc,kfold5_block20_unified,RF,gmo+clim+curve+topo_ctr+area,,kndvi,none,RF
lcbd_pa_unified,3094,0.4304784546823911,1.1269715601756135e-05,0.1942378186774348,8.92966488075582e-06,-9.203719059156584e-08,0.6017340224856674,0,RFG6oc_gmo-clim-curve-topo_ctr-area_kndvi_raw100_unified-all_unified_woody_gmonc,kfold5_block20_unified,RF,gmo+clim+curve+topo_ctr+area,,kndvi,none,RF
pcoa1_pa_unified,3094,0.6980318888407493,0.1612462965320657,0.1257599886180887,0.0901362578485634,-0.0214454634221342,0.8546945607035739,0,RFG6oc_gmo-clim-curve-topo_ctr-area_kndvi_raw100_unified-all_unified_woody_gmonc,kfold5_block20_unified,RF,gmo+clim+curve+topo_ctr+area,,kndvi,none,RF
pcoa2_pa_unified,3094,0.7839394061018099,0.1255290530400612,0.1199448921152202,0.0975545453546997,0.0044127141191383,0.8901341098803043,0,RFG6oc_gmo-clim-curve-topo_ctr-area_kndvi_raw100_unified-all_unified_woody_gmonc,kfold5_block20_unified,RF,gmo+clim+curve+topo_ctr+area,,kndvi,none,RF
lcbd_freq_unified,3040,0.3841293019376431,1.969307176342581e-05,0.1976576549323363,1.5495696149079066e-05,-2.293728179356658e-06,0.5876239790431451,0,RFG6oc_gmo-clim-curve-topo_ctr-area_kndvi_raw100_unified-all_unified_woody_gmonc,kfold5_block20_unified,RF,gmo+clim+curve+topo_ctr+area,,kndvi,none,RF
pcoa1_freq_unified,3040,0.5354766272683196,0.3408601265756421,0.1644668696525489,0.1582007193564308,-0.0644025904441014,0.6977230611061497,0,RFG6oc_gmo-clim-curve-topo_ctr-area_kndvi_raw100_unified-all_unified_woody_gmonc,kfold5_block20_unified,RF,gmo+clim+curve+topo_ctr+area,,kndvi,none,RF
pcoa2_freq_unified,3040,0.5263680128956638,0.325412461129855,0.1545491215893337,0.2192716717414304,0.0080443411938963,0.8550793317845454,0,RFG6oc_gmo-clim-curve-topo_ctr-area_kndvi_raw100_unified-all_unified_woody_gmonc,kfold5_block20_unified,RF,gmo+clim+curve+topo_ctr+area,,kndvi,none,RF
mpd_unified,2535,0.2456110355973151,101.44282027308618,0.1586000489493406,67.2195450215402,5.908146597269878,0.4410213202858108,0,RFG6oc_gmo-clim-curve-topo_ctr-area_kndvi_raw100_unified-all_unified_woody_gmonc,kfold5_block20_unified,RF,gmo+clim+curve+topo_ctr+area,,kndvi,none,RF
mntd_unified,2535,0.1000398392546916,96.61348987254932,0.1510496670114589,62.27598496609343,-6.2900413138107245,0.277223869650878,0,RFG6oc_gmo-clim-curve-topo_ctr-area_kndvi_raw100_unified-all_unified_woody_gmonc,kfold5_block20_unified,RF,gmo+clim+curve+topo_ctr+area,,kndvi,none,RF
ses_pd_unified,2535,0.2018232728869641,1.0748559839941894,0.1967879052089415,0.7603770881816019,-0.0830085198378789,0.4141790272919344,0,RFG6oc_gmo-clim-curve-topo_ctr-area_kndvi_raw100_unified-all_unified_woody_gmonc,kfold5_block20_unified,RF,gmo+clim+curve+topo_ctr+area,,kndvi,none,RF
ses_mpd_unified,2535,0.2559284736469996,1.0963357756190786,0.199360628992954,0.7872104802192371,-0.0613941604163101,0.4309607844908435,0,RFG6oc_gmo-clim-curve-topo_ctr-area_kndvi_raw100_unified-all_unified_woody_gmonc,kfold5_block20_unified,RF,gmo+clim+curve+topo_ctr+area,,kndvi,none,RF
ses_mntd_unified,2535,0.1249638132432191,1.144220112329152,0.1885141745384869,0.8487325252804203,-0.0973299359095669,0.3181492231417899,0,RFG6oc_gmo-clim-curve-topo_ctr-area_kndvi_raw100_unified-all_unified_woody_gmonc,kfold5_block20_unified,RF,gmo+clim+curve+topo_ctr+area,,kndvi,none,RF
dark_n_unified,3094,0.6955631725629665,15.3205066911065,0.1431823055243598,11.559425761715593,-0.4999136246628444,0.8347268145282114,0,RFG6oc_gmo-clim-curve-topo_ctr-area_kndvi_raw100_unified-all_unified_woody_gmonc,kfold5_block20_unified,RF,gmo+clim+curve+topo_ctr+area,,kndvi,none,RF
hill_q0_unified,3102,0.435408862709371,2.2816287405213886,0.1629734814658134,1.5842714654978394,-0.1631012396816414,0.7160525331854614,1,RFG6oc_gmo-clim-curve-topo_ctr-area_kndvi_raw100_unified-all_unified_woody_gmonc,kfold5_block20_unified,RF,gmo+clim+curve+topo_ctr+area,,kndvi,none,RF
lcbd_pa_unified,3094,0.4210037007885127,1.1363072333301806e-05,0.1958468573200302,8.932381209702887e-06,-1.449012436227287e-06,0.5998904711862855,1,RFG6oc_gmo-clim-curve-topo_ctr-area_kndvi_raw100_unified-all_unified_woody_gmonc,kfold5_block20_unified,RF,gmo+clim+curve+topo_ctr+area,,kndvi,none,RF
pcoa1_pa_unified,3094,0.7030636853640103,0.1598972020959758,0.1247077963843672,0.0900220812832128,-0.0181782985576521,0.8518381172830755,1,RFG6oc_gmo-clim-curve-topo_ctr-area_kndvi_raw100_unified-all_unified_woody_gmonc,kfold5_block20_unified,RF,gmo+clim+curve+topo_ctr+area,,kndvi,none,RF
pcoa2_pa_unified,3094,0.7821633978857511,0.1260439187044078,0.1204368539763853,0.0993124003234566,-0.0128643016733686,0.8897618496652513,1,RFG6oc_gmo-clim-curve-topo_ctr-area_kndvi_raw100_unified-all_unified_woody_gmonc,kfold5_block20_unified,RF,gmo+clim+curve+topo_ctr+area,,kndvi,none,RF
lcbd_freq_unified,3040,0.3912933143124379,1.957819855186591e-05,0.1965046824613962,1.553637885696812e-05,-4.2075225932704323e-07,0.5884266558521061,1,RFG6oc_gmo-clim-curve-topo_ctr-area_kndvi_raw100_unified-all_unified_woody_gmonc,kfold5_block20_unified,RF,gmo+clim+curve+topo_ctr+area,,kndvi,none,RF
pcoa1_freq_unified,3040,0.5363980245367284,0.3405219051819941,0.164303675985922,0.1576664339930632,-0.0655512668060619,0.7007408297738854,1,RFG6oc_gmo-clim-curve-topo_ctr-area_kndvi_raw100_unified-all_unified_woody_gmonc,kfold5_block20_unified,RF,gmo+clim+curve+topo_ctr+area,,kndvi,none,RF
pcoa2_freq_unified,3040,0.5243885791524394,0.326091744651817,0.1548717357610985,0.2133094820378139,0.0199070802195098,0.852355692526044,1,RFG6oc_gmo-clim-curve-topo_ctr-area_kndvi_raw100_unified-all_unified_woody_gmonc,kfold5_block20_unified,RF,gmo+clim+curve+topo_ctr+area,,kndvi,none,RF
mpd_unified,2535,0.2256335689727769,102.77723042400116,0.1606863229181033,66.78877885303413,-2.9643273169750404,0.425727747251224,1,RFG6oc_gmo-clim-curve-topo_ctr-area_kndvi_raw100_unified-all_unified_woody_gmonc,kfold5_block20_unified,RF,gmo+clim+curve+topo_ctr+area,,kndvi,none,RF
mntd_unified,2535,0.1093404529391527,96.11296862308416,0.1502671306579579,61.91892899106321,-5.319954091501964,0.2992268899873113,1,RFG6oc_gmo-clim-curve-topo_ctr-area_kndvi_raw100_unified-all_unified_woody_gmonc,kfold5_block20_unified,RF,gmo+clim+curve+topo_ctr+area,,kndvi,none,RF
ses_pd_unified,2535,0.2028144842008933,1.0741883747106171,0.1966656772692282,0.77865523849833,0.0079921035073647,0.4182738374804201,1,RFG6oc_gmo-clim-curve-topo_ctr-area_kndvi_raw100_unified-all_unified_woody_gmonc,kfold5_block20_unified,RF,gmo+clim+curve+topo_ctr+area,,kndvi,none,RF
ses_mpd_unified,2535,0.2477281082987418,1.1023605451609333,0.2004561891964176,0.795062375051843,-0.0555418310567701,0.4210458301851738,1,RFG6oc_gmo-clim-curve-topo_ctr-area_kndvi_raw100_unified-all_unified_woody_gmonc,kfold5_block20_unified,RF,gmo+clim+curve+topo_ctr+area,,kndvi,none,RF
ses_mntd_unified,2535,0.1213517987585193,1.146579262400632,0.1889028525765194,0.8511889593267636,-0.0882437897334458,0.315826337959776,1,RFG6oc_gmo-clim-curve-topo_ctr-area_kndvi_raw100_unified-all_unified_woody_gmonc,kfold5_block20_unified,RF,gmo+clim+curve+topo_ctr+area,,kndvi,none,RF
dark_n_unified,3094,0.6939474156369922,15.361108639581598,0.1435617629867439,11.59440927804316,-0.3040111969583747,0.8330480924540123,1,RFG6oc_gmo-clim-curve-topo_ctr-area_kndvi_raw100_unified-all_unified_woody_gmonc,kfold5_block20_unified,RF,gmo+clim+curve+topo_ctr+area,,kndvi,none,RF
hill_q0_unified,3102,0.4341061779134826,2.284259432344251,0.1631613880245893,1.6070711327167937,-0.0465110716033798,0.7085509583589924,2,RFG6oc_gmo-clim-curve-topo_ctr-area_kndvi_raw100_unified-all_unified_woody_gmonc,kfold5_block20_unified,RF,gmo+clim+curve+topo_ctr+area,,kndvi,none,RF
lcbd_pa_unified,3094,0.4279891065978102,1.1294318407473606e-05,0.1946618573563844,8.905798565464657e-06,-5.993141324017412e-07,0.6066928568707395,2,RFG6oc_gmo-clim-curve-topo_ctr-area_kndvi_raw100_unified-all_unified_woody_gmonc,kfold5_block20_unified,RF,gmo+clim+curve+topo_ctr+area,,kndvi,none,RF
pcoa1_pa_unified,3094,0.6891508391264489,0.1636002854530611,0.1275959230009452,0.0906151694774819,-0.0266430423941088,0.8495892029082762,2,RFG6oc_gmo-clim-curve-topo_ctr-area_kndvi_raw100_unified-all_unified_woody_gmonc,kfold5_block20_unified,RF,gmo+clim+curve+topo_ctr+area,,kndvi,none,RF
pcoa2_pa_unified,3094,0.7820253910709859,0.1260838389138165,0.1204749983349604,0.098159867906531,0.0018030069374988,0.8886963759357299,2,RFG6oc_gmo-clim-curve-topo_ctr-area_kndvi_raw100_unified-all_unified_woody_gmonc,kfold5_block20_unified,RF,gmo+clim+curve+topo_ctr+area,,kndvi,none,RF
lcbd_freq_unified,3040,0.3906495125402295,1.958854930715074e-05,0.1966085720953221,1.5489383326288094e-05,-1.1488472976247305e-06,0.5862981369839795,2,RFG6oc_gmo-clim-curve-topo_ctr-area_kndvi_raw100_unified-all_unified_woody_gmonc,kfold5_block20_unified,RF,gmo+clim+curve+topo_ctr+area,,kndvi,none,RF
pcoa1_freq_unified,3040,0.5240357972186601,0.3450321472772422,0.1664798923895029,0.1582828200053996,-0.0716624438956746,0.7012991647380822,2,RFG6oc_gmo-clim-curve-topo_ctr-area_kndvi_raw100_unified-all_unified_woody_gmonc,kfold5_block20_unified,RF,gmo+clim+curve+topo_ctr+area,,kndvi,none,RF
pcoa2_freq_unified,3040,0.5265283487498225,0.3253573764832038,0.1545229600719675,0.2125660837548144,0.0207110406365736,0.856506202101977,2,RFG6oc_gmo-clim-curve-topo_ctr-area_kndvi_raw100_unified-all_unified_woody_gmonc,kfold5_block20_unified,RF,gmo+clim+curve+topo_ctr+area,,kndvi,none,RF
mpd_unified,2535,0.2368197460982524,102.03219132750048,0.1595214968924064,65.49854989490325,-2.7212154709825644,0.439112941476962,2,RFG6oc_gmo-clim-curve-topo_ctr-area_kndvi_raw100_unified-all_unified_woody_gmonc,kfold5_block20_unified,RF,gmo+clim+curve+topo_ctr+area,,kndvi,none,RF
mntd_unified,2535,0.0959425074749987,96.83317069739168,0.1513931254196482,62.51856704871774,-5.870962556687033,0.2951356163113324,2,RFG6oc_gmo-clim-curve-topo_ctr-area_kndvi_raw100_unified-all_unified_woody_gmonc,kfold5_block20_unified,RF,gmo+clim+curve+topo_ctr+area,,kndvi,none,RF
ses_pd_unified,2535,0.2055565554674132,1.0723393456658474,0.1963271514036153,0.7759570946812628,0.0022768401090356,0.4203000746058625,2,RFG6oc_gmo-clim-curve-topo_ctr-area_kndvi_raw100_unified-all_unified_woody_gmonc,kfold5_block20_unified,RF,gmo+clim+curve+topo_ctr+area,,kndvi,none,RF
ses_mpd_unified,2535,0.254340788978305,1.0975048218043264,0.1995732114772583,0.7888937421192346,-0.0660734941840157,0.4237219048925044,2,RFG6oc_gmo-clim-curve-topo_ctr-area_kndvi_raw100_unified-all_unified_woody_gmonc,kfold5_block20_unified,RF,gmo+clim+curve+topo_ctr+area,,kndvi,none,RF
ses_mntd_unified,2535,0.1200053847957606,1.147457417828518,0.1890475316848664,0.851080826373951,-0.0056835750188831,0.3113076148182282,2,RFG6oc_gmo-clim-curve-topo_ctr-area_kndvi_raw100_unified-all_unified_woody_gmonc,kfold5_block20_unified,RF,gmo+clim+curve+topo_ctr+area,,kndvi,none,RF
dark_n_unified,3094,0.6963862925707495,15.29978128936576,0.1429886101809884,11.581020400379137,0.1805969926118879,0.8345893584047283,2,RFG6oc_gmo-clim-curve-topo_ctr-area_kndvi_raw100_unified-all_unified_woody_gmonc,kfold5_block20_unified,RF,gmo+clim+curve+topo_ctr+area,,kndvi,none,RF
hill_q0_unified,3102,0.21262225306874,2.694446214440826,0.1924604438886304,1.94267810123638,0.0294147978323497,0.5196777291891911,0,B01c_topo_ctr-area_raw100_unified-all_unified_woody,kfold5_block20_unified,BASE,topo_ctr+area,,,none,RF
lcbd_pa_unified,3094,0.2774540490384947,1.2693769653497856e-05,0.2187819298567774,1.0160704415488389e-05,4.645906454568568e-07,0.4690291380178497,0,B01c_topo_ctr-area_raw100_unified-all_unified_woody,kfold5_block20_unified,BASE,topo_ctr+area,,,none,RF
pcoa1_pa_unified,3094,0.3723290370959925,0.2324744486558544,0.1813125922625006,0.1341997736641315,-0.0234743934591916,0.690075393543448,0,B01c_topo_ctr-area_raw100_unified-all_unified_woody,kfold5_block20_unified,BASE,topo_ctr+area,,,none,RF
pcoa2_pa_unified,3094,0.434163556723306,0.2031430307200284,0.1941062113795804,0.1571670823251657,0.0087677722738694,0.6790327543308231,0,B01c_topo_ctr-area_raw100_unified-all_unified_woody,kfold5_block20_unified,BASE,topo_ctr+area,,,none,RF
lcbd_freq_unified,3040,0.2512473475123036,2.1713902310071905e-05,0.2179405560289304,1.7363911523652067e-05,-1.7101265694203914e-06,0.4533571855351267,0,B01c_topo_ctr-area_raw100_unified-all_unified_woody,kfold5_block20_unified,BASE,topo_ctr+area,,,none,RF
pcoa1_freq_unified,3040,0.1583492042701531,0.4588158208529733,0.2213811353086131,0.2253000245515173,-0.0557107123953557,0.474981123639873,0,B01c_topo_ctr-area_raw100_unified-all_unified_woody,kfold5_block20_unified,BASE,topo_ctr+area,,,none,RF
pcoa2_freq_unified,3040,0.268410080802516,0.404433873780455,0.1920789994234375,0.2764597517315365,-0.0030147102088206,0.6314687658394225,0,B01c_topo_ctr-area_raw100_unified-all_unified_woody,kfold5_block20_unified,BASE,topo_ctr+area,,,none,RF
mpd_unified,2535,0.0291571095602081,115.0795430456598,0.1799202852501108,79.81650303466901,7.295458234043745,0.2262861549786786,0,B01c_topo_ctr-area_raw100_unified-all_unified_woody,kfold5_block20_unified,BASE,topo_ctr+area,,,none,RF
mntd_unified,2535,-0.0187706297677117,102.79318809353109,0.1607112718219463,68.11002939022714,-4.5934627715383805,0.0871558244440574,0,B01c_topo_ctr-area_raw100_unified-all_unified_woody,kfold5_block20_unified,BASE,topo_ctr+area,,,none,RF
ses_pd_unified,2535,0.0141801379668587,1.1945367909362732,0.2186994316297459,0.8769415182908095,-0.045321591966285,0.1592628003583741,0,B01c_topo_ctr-area_raw100_unified-all_unified_woody,kfold5_block20_unified,BASE,topo_ctr+area,,,none,RF
ses_mpd_unified,2535,0.0400938772932086,1.2452330083999064,0.2264364999465713,0.9197792458640088,-0.0445871973883737,0.2156417248216636,0,B01c_topo_ctr-area_raw100_unified-all_unified_woody,kfold5_block20_unified,BASE,topo_ctr+area,,,none,RF
ses_mntd_unified,2535,-0.0071086616895768,1.2275374090851243,0.2022409839639553,0.919364350650092,-0.0828197684637835,0.0912814644096434,0,B01c_topo_ctr-area_raw100_unified-all_unified_woody,kfold5_block20_unified,BASE,topo_ctr+area,,,none,RF
dark_n_unified,3094,0.4821476768676601,19.98147295515746,0.1867427378986678,16.16725825763553,-0.1063829287473038,0.6926787493524801,0,B01c_topo_ctr-area_raw100_unified-all_unified_woody,kfold5_block20_unified,BASE,topo_ctr+area,,,none,RF
hill_q0_unified,3102,0.2140764330044678,2.6919569261600733,0.1922826375828623,1.922356221669272,-0.1030862567511249,0.5187565684773584,1,B01c_topo_ctr-area_raw100_unified-all_unified_woody,kfold5_block20_unified,BASE,topo_ctr+area,,,none,RF
lcbd_pa_unified,3094,0.2770712727612171,1.2697131536950872e-05,0.2188398731919633,1.0137846259220006e-05,-1.2891136359249986e-06,0.4673508492580384,1,B01c_topo_ctr-area_raw100_unified-all_unified_woody,kfold5_block20_unified,BASE,topo_ctr+area,,,none,RF
pcoa1_pa_unified,3094,0.3698541885086852,0.2329323104042419,0.1816696900036845,0.1332442224242658,-0.0262561121767516,0.6890359797586804,1,B01c_topo_ctr-area_raw100_unified-all_unified_woody,kfold5_block20_unified,BASE,topo_ctr+area,,,none,RF
pcoa2_pa_unified,3094,0.4312193250204468,0.2036708547479683,0.1946105551514312,0.1600800521260518,-0.0081426874143684,0.678949322326654,1,B01c_topo_ctr-area_raw100_unified-all_unified_woody,kfold5_block20_unified,BASE,topo_ctr+area,,,none,RF
lcbd_freq_unified,3040,0.2611074801684558,2.157045607338925e-05,0.2165007985806172,1.733175202293374e-05,-3.575782371461283e-07,0.4592916365162704,1,B01c_topo_ctr-area_raw100_unified-all_unified_woody,kfold5_block20_unified,BASE,topo_ctr+area,,,none,RF
pcoa1_freq_unified,3040,0.1537140023104947,0.460077498470515,0.221989901638522,0.2209658768705586,-0.0658033610068471,0.4796179828271126,1,B01c_topo_ctr-area_raw100_unified-all_unified_woody,kfold5_block20_unified,BASE,topo_ctr+area,,,none,RF
pcoa2_freq_unified,3040,0.2581853319176138,0.4072502646348674,0.1934165964259935,0.2673626987249133,0.034348784900442,0.626891106365189,1,B01c_topo_ctr-area_raw100_unified-all_unified_woody,kfold5_block20_unified,BASE,topo_ctr+area,,,none,RF
mpd_unified,2535,0.0165805111766091,115.82253251545112,0.1810819068016462,76.6893159149477,-5.105011943060003,0.2002068591719455,1,B01c_topo_ctr-area_raw100_unified-all_unified_woody,kfold5_block20_unified,BASE,topo_ctr+area,,,none,RF
mntd_unified,2535,-0.0190644934412382,102.80801233609756,0.1607344486775419,68.4618943407463,-6.766550465135933,0.0871079285811598,1,B01c_topo_ctr-area_raw100_unified-all_unified_woody,kfold5_block20_unified,BASE,topo_ctr+area,,,none,RF
ses_pd_unified,2535,0.0178914660752693,1.1922861270198797,0.2182873732293353,0.9036320777005976,0.0456160493786177,0.1746230114691882,1,B01c_topo_ctr-area_raw100_unified-all_unified_woody,kfold5_block20_unified,BASE,topo_ctr+area,,,none,RF
ses_mpd_unified,2535,0.0421431448350468,1.243903097627754,0.2261946654156393,0.9184174586319976,-0.0475688949872402,0.2178826205651277,1,B01c_topo_ctr-area_raw100_unified-all_unified_woody,kfold5_block20_unified,BASE,topo_ctr+area,,,none,RF
ses_mntd_unified,2535,-0.0187429211973333,1.2346073909092916,0.2034057876352279,0.9247349354945388,-0.0815328212457052,0.0764867357562946,1,B01c_topo_ctr-area_raw100_unified-all_unified_woody,kfold5_block20_unified,BASE,topo_ctr+area,,,none,RF
dark_n_unified,3094,0.4777041235181272,20.067017696184024,0.1875422214596638,16.21812774570945,-0.9366942952402182,0.6916597125858319,1,B01c_topo_ctr-area_raw100_unified-all_unified_woody,kfold5_block20_unified,BASE,topo_ctr+area,,,none,RF
hill_q0_unified,3102,0.1927124258377711,2.728299757817779,0.1948785541298413,1.975611556223538,0.0761543795765783,0.5078424988259503,2,B01c_topo_ctr-area_raw100_unified-all_unified_woody,kfold5_block20_unified,BASE,topo_ctr+area,,,none,RF
lcbd_pa_unified,3094,0.2815837711917593,1.265744195640516e-05,0.218155808232221,1.012140512496858e-05,-4.752546934680904e-07,0.4730647497406273,2,B01c_topo_ctr-area_raw100_unified-all_unified_woody,kfold5_block20_unified,BASE,topo_ctr+area,,,none,RF
pcoa1_pa_unified,3094,0.3481791768537238,0.2369045067610549,0.1847677045278338,0.1313338135082071,-0.0401907212311598,0.6863380114217132,2,B01c_topo_ctr-area_raw100_unified-all_unified_woody,kfold5_block20_unified,BASE,topo_ctr+area,,,none,RF
pcoa2_pa_unified,3094,0.4325786987708496,0.203427324641296,0.1943778584834948,0.1572897263401717,0.0091136990760826,0.6786407347411824,2,B01c_topo_ctr-area_raw100_unified-all_unified_woody,kfold5_block20_unified,BASE,topo_ctr+area,,,none,RF
lcbd_freq_unified,3040,0.2560210444578626,2.164457278418625e-05,0.2172447015848523,1.733895543285114e-05,-1.0470387532535237e-06,0.4497024688059032,2,B01c_topo_ctr-area_raw100_unified-all_unified_woody,kfold5_block20_unified,BASE,topo_ctr+area,,,none,RF
pcoa1_freq_unified,3040,0.1467196783770804,0.4619747941662171,0.2229053571569255,0.2197234116766919,-0.0680957600776961,0.4833062432428334,2,B01c_topo_ctr-area_raw100_unified-all_unified_woody,kfold5_block20_unified,BASE,topo_ctr+area,,,none,RF
pcoa2_freq_unified,3040,0.2602959090542653,0.4066705070607875,0.1931412504128208,0.2711021396497434,0.0171502238844206,0.6270458104562573,2,B01c_topo_ctr-area_raw100_unified-all_unified_woody,kfold5_block20_unified,BASE,topo_ctr+area,,,none,RF
mpd_unified,2535,0.0216430455901073,115.52402707837268,0.1806152106194537,76.23971345561955,-5.536429291871345,0.2006485031392613,2,B01c_topo_ctr-area_raw100_unified-all_unified_woody,kfold5_block20_unified,BASE,topo_ctr+area,,,none,RF
mntd_unified,2535,-0.0268659864956417,103.2007876724118,0.1613485304567929,68.98192242624303,-6.905986130273176,0.0819012148829657,2,B01c_topo_ctr-area_raw100_unified-all_unified_woody,kfold5_block20_unified,BASE,topo_ctr+area,,,none,RF
ses_pd_unified,2535,0.0148357597844155,1.194139510121175,0.2186266962488697,0.8936366814777744,0.0170937310476713,0.1540932090893481,2,B01c_topo_ctr-area_raw100_unified-all_unified_woody,kfold5_block20_unified,BASE,topo_ctr+area,,,none,RF
ses_mpd_unified,2535,0.0448885209145558,1.2421192025292176,0.2258702771608632,0.9183871557587596,-0.0461834523366963,0.2239524485593978,2,B01c_topo_ctr-area_raw100_unified-all_unified_woody,kfold5_block20_unified,BASE,topo_ctr+area,,,none,RF
ses_mntd_unified,2535,-0.0231763711567922,1.2372909079242749,0.2038479062359137,0.9286013961931922,-0.0415680825463584,0.0777261181659441,2,B01c_topo_ctr-area_raw100_unified-all_unified_woody,kfold5_block20_unified,BASE,topo_ctr+area,,,none,RF
dark_n_unified,3094,0.4822641428133066,19.979225893688778,0.1867217373241941,16.17014684902863,0.1026598831864546,0.6929480615554495,2,B01c_topo_ctr-area_raw100_unified-all_unified_woody,kfold5_block20_unified,BASE,topo_ctr+area,,,none,RF
lcbd_count_sorensen,2499,0.5010115289325563,1.4971071959613084e-05,0.1825583380021601,1.1731574257932912e-05,-1.3694348873609203e-06,0.6662938053995311,0,RFG5ac_gmoall-clim-topo_ctr-area_raw100_pg-all_unified_woody_gmonc,kfold5_block20_unified,RF,gmoall+clim+topo_ctr+area,,,none,RF
pd_inext_q0,877,0.1221981662687001,1.4419135342961324,0.2083132854610718,1.101928217358318,-0.0739426107532138,0.3901729907645207,0,RFG5ac_gmoall-clim-topo_ctr-area_raw100_pg-all_unified_woody_gmonc,kfold5_block20_unified,RF,gmoall+clim+topo_ctr+area,,,none,RF
pd_inext_q1,877,0.1608320399775958,1.044939140053996,0.2083773473244766,0.814079977066586,0.027408151684827,0.4076173842269062,0,RFG5ac_gmoall-clim-topo_ctr-area_raw100_pg-all_unified_woody_gmonc,kfold5_block20_unified,RF,gmoall+clim+topo_ctr+area,,,none,RF
pd_inext_q2,877,0.1330390587674642,0.8651926692472495,0.2258865880435763,0.681252047696773,-0.0043610921221786,0.387151603294317,0,RFG5ac_gmoall-clim-topo_ctr-area_raw100_pg-all_unified_woody_gmonc,kfold5_block20_unified,RF,gmoall+clim+topo_ctr+area,,,none,RF
td_inext_q0,881,0.0062065910727501,2.3138652061535754,0.2332062975080952,1.7724948803276384,-0.0288440077317433,0.19495924362219,0,RFG5ac_gmoall-clim-topo_ctr-area_raw100_pg-all_unified_woody_gmonc,kfold5_block20_unified,RF,gmoall+clim+topo_ctr+area,,,none,RF
td_inext_q1,881,0.0751939991046689,1.627001758480458,0.1988332075738784,1.229797046911318,0.0178864592485104,0.2767769050439714,0,RFG5ac_gmoall-clim-topo_ctr-area_raw100_pg-all_unified_woody_gmonc,kfold5_block20_unified,RF,gmoall+clim+topo_ctr+area,,,none,RF
td_inext_q2,881,0.074570778612829,1.4511886686961122,0.1950012063378485,1.11562608034777,0.0697520626928707,0.2741307250452129,0,RFG5ac_gmoall-clim-topo_ctr-area_raw100_pg-all_unified_woody_gmonc,kfold5_block20_unified,RF,gmoall+clim+topo_ctr+area,,,none,RF
lcbd_count_sorensen,2499,0.5016311151884021,1.496177439847222e-05,0.1824449628668372,1.177313846464908e-05,1.563195840591828e-07,0.6629694660157617,1,RFG5ac_gmoall-clim-topo_ctr-area_raw100_pg-all_unified_woody_gmonc,kfold5_block20_unified,RF,gmoall+clim+topo_ctr+area,,,none,RF
pd_inext_q0,877,0.1347522310454275,1.4315654898162449,0.2068183032083704,1.0956440830343248,-0.0633952499653836,0.40767376466451,1,RFG5ac_gmoall-clim-topo_ctr-area_raw100_pg-all_unified_woody_gmonc,kfold5_block20_unified,RF,gmoall+clim+topo_ctr+area,,,none,RF
pd_inext_q1,877,0.141551040603954,1.0568753994492224,0.2107576257296147,0.8160042050034961,-0.0282466803719049,0.3951110414324742,1,RFG5ac_gmoall-clim-topo_ctr-area_raw100_pg-all_unified_woody_gmonc,kfold5_block20_unified,RF,gmoall+clim+topo_ctr+area,,,none,RF
pd_inext_q2,877,0.1033483489962223,0.8798830292660282,0.2297219826553462,0.6836219115327051,-0.0645990135705927,0.3536784605172305,1,RFG5ac_gmoall-clim-topo_ctr-area_raw100_pg-all_unified_woody_gmonc,kfold5_block20_unified,RF,gmoall+clim+topo_ctr+area,,,none,RF
td_inext_q0,881,0.0065172333287361,2.313503541203985,0.2331698465758593,1.8101862679311915,0.1862615246252937,0.1901930105757308,1,RFG5ac_gmoall-clim-topo_ctr-area_raw100_pg-all_unified_woody_gmonc,kfold5_block20_unified,RF,gmoall+clim+topo_ctr+area,,,none,RF
td_inext_q1,881,0.0830220526255989,1.6201012176476832,0.1979899038339632,1.2259204714333158,0.0270933064609682,0.2855029610590782,1,RFG5ac_gmoall-clim-topo_ctr-area_raw100_pg-all_unified_woody_gmonc,kfold5_block20_unified,RF,gmoall+clim+topo_ctr+area,,,none,RF
td_inext_q2,881,0.0693277270304771,1.4552937425972103,0.1955528192191284,1.1224172625025808,0.0830572003601678,0.2670825966324421,1,RFG5ac_gmoall-clim-topo_ctr-area_raw100_pg-all_unified_woody_gmonc,kfold5_block20_unified,RF,gmoall+clim+topo_ctr+area,,,none,RF
lcbd_count_sorensen,2499,0.4990377537790048,1.5000652168413488e-05,0.1829190412150581,1.1743007003923372e-05,-9.053424269503864e-07,0.6597851151177282,2,RFG5ac_gmoall-clim-topo_ctr-area_raw100_pg-all_unified_woody_gmonc,kfold5_block20_unified,RF,gmoall+clim+topo_ctr+area,,,none,RF
pd_inext_q0,877,0.1328617666308426,1.4331285374633167,0.2070441167422261,1.096534221062619,-0.0792302523923988,0.406626628010855,2,RFG5ac_gmoall-clim-topo_ctr-area_raw100_pg-all_unified_woody_gmonc,kfold5_block20_unified,RF,gmoall+clim+topo_ctr+area,,,none,RF
pd_inext_q1,877,0.1618194553938727,1.0443241900320352,0.2082547165899185,0.7968698313044946,-0.0913056790184283,0.4234129737915668,2,RFG5ac_gmoall-clim-topo_ctr-area_raw100_pg-all_unified_woody_gmonc,kfold5_block20_unified,RF,gmoall+clim+topo_ctr+area,,,none,RF
pd_inext_q2,877,0.117897569824166,0.8727152688552371,0.2278506064860172,0.680167291436964,-0.0641001570387177,0.371007484152743,2,RFG5ac_gmoall-clim-topo_ctr-area_raw100_pg-all_unified_woody_gmonc,kfold5_block20_unified,RF,gmoall+clim+topo_ctr+area,,,none,RF
td_inext_q0,881,-0.0218272616694112,2.346274076228278,0.2364726729980945,1.7883359749928984,-0.1141061973534569,0.1694380710830321,2,RFG5ac_gmoall-clim-topo_ctr-area_raw100_pg-all_unified_woody_gmonc,kfold5_block20_unified,RF,gmoall+clim+topo_ctr+area,,,none,RF
td_inext_q1,881,0.0565609222424142,1.6433105115505962,0.2008262734495382,1.2521763144924027,0.1333369709407653,0.2509335732665678,2,RFG5ac_gmoall-clim-topo_ctr-area_raw100_pg-all_unified_woody_gmonc,kfold5_block20_unified,RF,gmoall+clim+topo_ctr+area,,,none,RF
td_inext_q2,881,0.0672462048869109,1.4569202734148057,0.1957713817523252,1.1126910619954613,0.0084879416569418,0.2567818004086793,2,RFG5ac_gmoall-clim-topo_ctr-area_raw100_pg-all_unified_woody_gmonc,kfold5_block20_unified,RF,gmoall+clim+topo_ctr+area,,,none,RF
hill_q0_unified,3102,0.4489572784674727,2.2540865402758934,0.1610061814482781,1.586991686473987,-0.0603664547499109,0.7082688417265871,0,RFG5ac_gmoall-clim-topo_ctr-area_raw100_unified-all_unified_woody_gmonc,kfold5_block20_unified,RF,gmoall+clim+topo_ctr+area,,,none,RF
lcbd_pa_unified,3094,0.4471031532651393,1.110401229215262e-05,0.1913818593487004,8.806950490635131e-06,6.086483795191581e-08,0.6261133120990744,0,RFG5ac_gmoall-clim-topo_ctr-area_raw100_unified-all_unified_woody_gmonc,kfold5_block20_unified,RF,gmoall+clim+topo_ctr+area,,,none,RF
pcoa1_pa_unified,3094,0.7072854147894532,0.1587564535991276,0.1238180983195735,0.0881625340167103,-0.0220809910645055,0.8546050910916143,0,RFG5ac_gmoall-clim-topo_ctr-area_raw100_unified-all_unified_woody_gmonc,kfold5_block20_unified,RF,gmoall+clim+topo_ctr+area,,,none,RF
pcoa2_pa_unified,3094,0.7846128021109264,0.1253332821942253,0.1197578301370215,0.0968188840359876,0.0055152050627269,0.8908735411674182,0,RFG5ac_gmoall-clim-topo_ctr-area_raw100_unified-all_unified_woody_gmonc,kfold5_block20_unified,RF,gmoall+clim+topo_ctr+area,,,none,RF
lcbd_freq_unified,3040,0.3907680707783323,1.958664359203665e-05,0.1965894445978476,1.5370046228885625e-05,-2.224316687873648e-06,0.5951733147821511,0,RFG5ac_gmoall-clim-topo_ctr-area_raw100_unified-all_unified_woody_gmonc,kfold5_block20_unified,RF,gmoall+clim+topo_ctr+area,,,none,RF
pcoa1_freq_unified,3040,0.5496755565240411,0.3356102189307237,0.1619337605881388,0.1548574367957242,-0.0584532156151161,0.7091387755549237,0,RFG5ac_gmoall-clim-topo_ctr-area_raw100_unified-all_unified_woody_gmonc,kfold5_block20_unified,RF,gmoall+clim+topo_ctr+area,,,none,RF
pcoa2_freq_unified,3040,0.5115106636157297,0.3304769780798751,0.1569544278986934,0.2208320519806887,0.0080989758492128,0.8511539393972477,0,RFG5ac_gmoall-clim-topo_ctr-area_raw100_unified-all_unified_woody_gmonc,kfold5_block20_unified,RF,gmoall+clim+topo_ctr+area,,,none,RF
mpd_unified,2535,0.2672936642225183,99.97435822672232,0.1563041925071932,65.83281182784579,6.335459749321485,0.4446566607469764,0,RFG5ac_gmoall-clim-topo_ctr-area_raw100_unified-all_unified_woody_gmonc,kfold5_block20_unified,RF,gmoall+clim+topo_ctr+area,,,none,RF
mntd_unified,2535,0.1168892185798312,95.70480023848285,0.1496289827278917,61.398094940258126,-6.347818120567686,0.2853002666673496,0,RFG5ac_gmoall-clim-topo_ctr-area_raw100_unified-all_unified_woody_gmonc,kfold5_block20_unified,RF,gmoall+clim+topo_ctr+area,,,none,RF
ses_pd_unified,2535,0.2308390012676938,1.0551382709637114,0.1931779262903148,0.745316477110525,-0.0611648245899814,0.4202642162195649,0,RFG5ac_gmoall-clim-topo_ctr-area_raw100_unified-all_unified_woody_gmonc,kfold5_block20_unified,RF,gmoall+clim+topo_ctr+area,,,none,RF
ses_mpd_unified,2535,0.2843965907996456,1.0751583791815142,0.1955096745973064,0.7588014765029951,-0.0838938902606694,0.4424872509483565,0,RFG5ac_gmoall-clim-topo_ctr-area_raw100_unified-all_unified_woody_gmonc,kfold5_block20_unified,RF,gmoall+clim+topo_ctr+area,,,none,RF
ses_mntd_unified,2535,0.1445331515790615,1.1313530775613163,0.1863942865799725,0.833741149412235,-0.0911756259668209,0.3314250442786078,0,RFG5ac_gmoall-clim-topo_ctr-area_raw100_unified-all_unified_woody_gmonc,kfold5_block20_unified,RF,gmoall+clim+topo_ctr+area,,,none,RF
dark_n_unified,3094,0.6940544521632566,15.358422265450136,0.1435366566864498,11.526776611076718,-0.2859054728311749,0.8345207461619407,0,RFG5ac_gmoall-clim-topo_ctr-area_raw100_unified-all_unified_woody_gmonc,kfold5_block20_unified,RF,gmoall+clim+topo_ctr+area,,,none,RF
hill_q0_unified,3102,0.4470732315387909,2.257936678234312,0.1612811913024508,1.5831934608121638,-0.1295285866290266,0.7056197357325872,1,RFG5ac_gmoall-clim-topo_ctr-area_raw100_unified-all_unified_woody_gmonc,kfold5_block20_unified,RF,gmoall+clim+topo_ctr+area,,,none,RF
lcbd_pa_unified,3094,0.4362459645973046,1.1212506534122308e-05,0.1932517987193062,8.819065231094592e-06,-1.3741932350317398e-06,0.6221928322111313,1,RFG5ac_gmoall-clim-topo_ctr-area_raw100_unified-all_unified_woody_gmonc,kfold5_block20_unified,RF,gmoall+clim+topo_ctr+area,,,none,RF
pcoa1_pa_unified,3094,0.7123904550858196,0.1573659815261285,0.1227336346398798,0.0881003604249869,-0.0178510948760898,0.8533135175886338,1,RFG5ac_gmoall-clim-topo_ctr-area_raw100_unified-all_unified_woody_gmonc,kfold5_block20_unified,RF,gmoall+clim+topo_ctr+area,,,none,RF
pcoa2_pa_unified,3094,0.7823529324580667,0.1259890728274553,0.1203844479187062,0.0986227190500708,-0.0132595678654753,0.8904369937037002,1,RFG5ac_gmoall-clim-topo_ctr-area_raw100_unified-all_unified_woody_gmonc,kfold5_block20_unified,RF,gmoall+clim+topo_ctr+area,,,none,RF
lcbd_freq_unified,3040,0.3972142928135718,1.9482745871094367e-05,0.1955466321752368,1.5377360426598346e-05,-5.681068862198416e-07,0.5938037416576689,1,RFG5ac_gmoall-clim-topo_ctr-area_raw100_unified-all_unified_woody_gmonc,kfold5_block20_unified,RF,gmoall+clim+topo_ctr+area,,,none,RF
pcoa1_freq_unified,3040,0.5458762526800494,0.3370229859751554,0.1626154283903551,0.1549623633256185,-0.0608370898653476,0.7112436697927791,1,RFG5ac_gmoall-clim-topo_ctr-area_raw100_unified-all_unified_woody_gmonc,kfold5_block20_unified,RF,gmoall+clim+topo_ctr+area,,,none,RF
pcoa2_freq_unified,3040,0.511271332960211,0.3305579251758839,0.1569928723471325,0.2154688728948787,0.0181454373770035,0.8503966059051585,1,RFG5ac_gmoall-clim-topo_ctr-area_raw100_unified-all_unified_woody_gmonc,kfold5_block20_unified,RF,gmoall+clim+topo_ctr+area,,,none,RF
mpd_unified,2535,0.2561022096974381,100.73497564684727,0.1574933743511009,65.15893098720258,-1.3969902749256968,0.4329294471205573,1,RFG5ac_gmoall-clim-topo_ctr-area_raw100_unified-all_unified_woody_gmonc,kfold5_block20_unified,RF,gmoall+clim+topo_ctr+area,,,none,RF
mntd_unified,2535,0.1242579682348407,95.30467943159437,0.1490034167254154,61.23827392701811,-4.907692934162138,0.3050781044912652,1,RFG5ac_gmoall-clim-topo_ctr-area_raw100_unified-all_unified_woody_gmonc,kfold5_block20_unified,RF,gmoall+clim+topo_ctr+area,,,none,RF
ses_pd_unified,2535,0.2335520064258923,1.0532757712439242,0.1928369341725176,0.7592631843834585,0.0081151235554168,0.4253274234586104,1,RFG5ac_gmoall-clim-topo_ctr-area_raw100_unified-all_unified_woody_gmonc,kfold5_block20_unified,RF,gmoall+clim+topo_ctr+area,,,none,RF
ses_mpd_unified,2535,0.27825495619729,1.079762271722835,0.1963468587276294,0.7695833433494919,-0.0619134811134275,0.4361500750726987,1,RFG5ac_gmoall-clim-topo_ctr-area_raw100_unified-all_unified_woody_gmonc,kfold5_block20_unified,RF,gmoall+clim+topo_ctr+area,,,none,RF
ses_mntd_unified,2535,0.1374204225300521,1.136046626175795,0.1871675647571177,0.8388820289164169,-0.0908088370895065,0.3329041774838185,1,RFG5ac_gmoall-clim-topo_ctr-area_raw100_unified-all_unified_woody_gmonc,kfold5_block20_unified,RF,gmoall+clim+topo_ctr+area,,,none,RF
dark_n_unified,3094,0.6953992999622648,15.32462950623025,0.1432208365068247,11.498715909391008,-0.0804242702711836,0.8345787176523113,1,RFG5ac_gmoall-clim-topo_ctr-area_raw100_unified-all_unified_woody_gmonc,kfold5_block20_unified,RF,gmoall+clim+topo_ctr+area,,,none,RF
hill_q0_unified,3102,0.4442545231780723,2.263684613383207,0.1616917580988005,1.6000845250704472,-0.061371556533271,0.6983584687271017,2,RFG5ac_gmoall-clim-topo_ctr-area_raw100_unified-all_unified_woody_gmonc,kfold5_block20_unified,RF,gmoall+clim+topo_ctr+area,,,none,RF
lcbd_pa_unified,3094,0.442405712467995,1.1151082662827618e-05,0.192193135023024,8.785523664929865e-06,-6.181328150062542e-07,0.6299575321931741,2,RFG5ac_gmoall-clim-topo_ctr-area_raw100_unified-all_unified_woody_gmonc,kfold5_block20_unified,RF,gmoall+clim+topo_ctr+area,,,none,RF
pcoa1_pa_unified,3094,0.6992413627229881,0.1609230523700755,0.125507882473594,0.089001989250938,-0.0259989314202704,0.8501929405202213,2,RFG5ac_gmoall-clim-topo_ctr-area_raw100_unified-all_unified_woody_gmonc,kfold5_block20_unified,RF,gmoall+clim+topo_ctr+area,,,none,RF
pcoa2_pa_unified,3094,0.7837306264212671,0.1255896878531701,0.1200028295881848,0.0974440223060602,0.0005580694247783,0.8900152708353224,2,RFG5ac_gmoall-clim-topo_ctr-area_raw100_unified-all_unified_woody_gmonc,kfold5_block20_unified,RF,gmoall+clim+topo_ctr+area,,,none,RF
lcbd_freq_unified,3040,0.3980656132441386,1.9468983169266595e-05,0.1954084971294964,1.5317597039247006e-05,-1.2630347088931276e-06,0.5931142426040803,2,RFG5ac_gmoall-clim-topo_ctr-area_raw100_unified-all_unified_woody_gmonc,kfold5_block20_unified,RF,gmoall+clim+topo_ctr+area,,,none,RF
pcoa1_freq_unified,3040,0.5405359331116399,0.3389988241402023,0.1635687810784795,0.1545412275668688,-0.06586669815037,0.7121581177714558,2,RFG5ac_gmoall-clim-topo_ctr-area_raw100_unified-all_unified_woody_gmonc,kfold5_block20_unified,RF,gmoall+clim+topo_ctr+area,,,none,RF
pcoa2_freq_unified,3040,0.5135055313761624,0.3298014952610131,0.1566336188063146,0.2139344664675516,0.0209508770481997,0.8536424836994895,2,RFG5ac_gmoall-clim-topo_ctr-area_raw100_unified-all_unified_woody_gmonc,kfold5_block20_unified,RF,gmoall+clim+topo_ctr+area,,,none,RF
mpd_unified,2535,0.2709525813623021,99.72442473344856,0.1559134357817731,64.12985321176924,-1.0362877154653858,0.4496958772005693,2,RFG5ac_gmoall-clim-topo_ctr-area_raw100_unified-all_unified_woody_gmonc,kfold5_block20_unified,RF,gmoall+clim+topo_ctr+area,,,none,RF
mntd_unified,2535,0.1161882358115989,95.74277628270028,0.1496883561015378,61.5831186388073,-4.709748996688218,0.2976662360073517,2,RFG5ac_gmoall-clim-topo_ctr-area_raw100_unified-all_unified_woody_gmonc,kfold5_block20_unified,RF,gmoall+clim+topo_ctr+area,,,none,RF
ses_pd_unified,2535,0.234014056153083,1.0529582420997246,0.1927787999702986,0.7506637526168097,-0.0218991014150179,0.4314957248168407,2,RFG5ac_gmoall-clim-topo_ctr-area_raw100_unified-all_unified_woody_gmonc,kfold5_block20_unified,RF,gmoall+clim+topo_ctr+area,,,none,RF
ses_mpd_unified,2535,0.2766809949807985,1.08093898807488,0.1965608359755738,0.7664320672453784,-0.0787774962957536,0.4313867080740624,2,RFG5ac_gmoall-clim-topo_ctr-area_raw100_unified-all_unified_woody_gmonc,kfold5_block20_unified,RF,gmoall+clim+topo_ctr+area,,,none,RF
ses_mntd_unified,2535,0.1382452140866092,1.1355033570183204,0.187078059306488,0.8398493650645352,0.0094923289340232,0.3276823625006775,2,RFG5ac_gmoall-clim-topo_ctr-area_raw100_unified-all_unified_woody_gmonc,kfold5_block20_unified,RF,gmoall+clim+topo_ctr+area,,,none,RF
dark_n_unified,3094,0.6967731831119508,15.290030037275802,0.142897476983886,11.54755550728637,0.4690370539010849,0.8359025062084774,2,RFG5ac_gmoall-clim-topo_ctr-area_raw100_unified-all_unified_woody_gmonc,kfold5_block20_unified,RF,gmoall+clim+topo_ctr+area,,,none,RF
lcbd_count_sorensen,2499,0.4667093899813764,1.5477100778630217e-05,0.1887288901463334,1.2223809952140528e-05,-1.1017565484127932e-06,0.6204935029063187,0,RFG4c_gm-topo_ctr-area_raw100_pg-all_unified_woody,kfold5_block20_unified,RF,gm+topo_ctr+area,,,none,RF
pd_inext_q0,877,0.0592192870643203,1.49274346663172,0.2156566870955942,1.1427566679177312,-0.0773365457067182,0.3008880371726786,0,RFG4c_gm-topo_ctr-area_raw100_pg-all_unified_woody,kfold5_block20_unified,RF,gm+topo_ctr+area,,,none,RF
pd_inext_q1,877,0.0994766882749718,1.0824654157280753,0.2158606786307645,0.8575811296858278,0.0281848409538875,0.2992046895205184,0,RFG4c_gm-topo_ctr-area_raw100_pg-all_unified_woody,kfold5_block20_unified,RF,gm+topo_ctr+area,,,none,RF
pd_inext_q2,877,0.082691868501774,0.8899604086197342,0.2323530091533052,0.710827058901177,0.0135266375334655,0.295514583034512,0,RFG4c_gm-topo_ctr-area_raw100_pg-all_unified_woody,kfold5_block20_unified,RF,gm+topo_ctr+area,,,none,RF
td_inext_q0,881,-0.0266820315999729,2.351841124546635,0.2370337561255473,1.8064397447695253,-0.0231810775716023,0.1490260215679201,0,RFG4c_gm-topo_ctr-area_raw100_pg-all_unified_woody,kfold5_block20_unified,RF,gm+topo_ctr+area,,,none,RF
td_inext_q1,881,0.0508719623003369,1.6482576655122807,0.2014308569943539,1.251166431595353,0.012222064763105,0.2103457141471023,0,RFG4c_gm-topo_ctr-area_raw100_pg-all_unified_woody,kfold5_block20_unified,RF,gm+topo_ctr+area,,,none,RF
td_inext_q2,881,0.050772889519687,1.4697292621062508,0.1974925695624836,1.129564436469101,0.0535699863185617,0.2150119472106569,0,RFG4c_gm-topo_ctr-area_raw100_pg-all_unified_woody,kfold5_block20_unified,RF,gm+topo_ctr+area,,,none,RF
lcbd_count_sorensen,2499,0.4628292009403424,1.5533303938672765e-05,0.1894142355588407,1.2287069481655036e-05,2.856234875863971e-07,0.6142731893049713,1,RFG4c_gm-topo_ctr-area_raw100_pg-all_unified_woody,kfold5_block20_unified,RF,gm+topo_ctr+area,,,none,RF
pd_inext_q0,877,0.0714511629438843,1.4830075144343378,0.2142501338307213,1.1439147859859258,-0.0129593103977904,0.3076372741047544,1,RFG4c_gm-topo_ctr-area_raw100_pg-all_unified_woody,kfold5_block20_unified,RF,gm+topo_ctr+area,,,none,RF
pd_inext_q1,877,0.0833980543633295,1.0920862452024491,0.2177792237862533,0.8634925113080344,-0.0055559520304101,0.28530157766518,1,RFG4c_gm-topo_ctr-area_raw100_pg-all_unified_woody,kfold5_block20_unified,RF,gm+topo_ctr+area,,,none,RF
pd_inext_q2,877,0.052930360845706,0.9042822833928348,0.2360921987487253,0.7109407768431876,-0.0698358648155855,0.2626590123942728,1,RFG4c_gm-topo_ctr-area_raw100_pg-all_unified_woody,kfold5_block20_unified,RF,gm+topo_ctr+area,,,none,RF
td_inext_q0,881,-0.0498664701113329,2.378247409892864,0.2396951523123948,1.8749343727776933,0.2507651981216244,0.1365062645452973,1,RFG4c_gm-topo_ctr-area_raw100_pg-all_unified_woody,kfold5_block20_unified,RF,gm+topo_ctr+area,,,none,RF
td_inext_q1,881,0.0544961284426611,1.6451077886329766,0.2010459157242475,1.249859395031761,0.0150197752367852,0.2186327538364052,1,RFG4c_gm-topo_ctr-area_raw100_pg-all_unified_woody,kfold5_block20_unified,RF,gm+topo_ctr+area,,,none,RF
td_inext_q2,881,0.0481049729964276,1.471793237952533,0.1977699130868365,1.1376745752508894,0.079621925975968,0.2151044044954374,1,RFG4c_gm-topo_ctr-area_raw100_pg-all_unified_woody,kfold5_block20_unified,RF,gm+topo_ctr+area,,,none,RF
lcbd_count_sorensen,2499,0.4637729546511127,1.5519652733341056e-05,0.1892477717702886,1.2274178382742918e-05,-9.4465383454258e-07,0.6174400014660891,2,RFG4c_gm-topo_ctr-area_raw100_pg-all_unified_woody,kfold5_block20_unified,RF,gm+topo_ctr+area,,,none,RF
pd_inext_q0,877,0.0705415298630317,1.483733734975573,0.2143550509310299,1.1338331510720203,-0.0626217900039828,0.3199215159870238,2,RFG4c_gm-topo_ctr-area_raw100_pg-all_unified_woody,kfold5_block20_unified,RF,gm+topo_ctr+area,,,none,RF
pd_inext_q1,877,0.092577999155513,1.0866037567121112,0.2166859291008857,0.8475697670947961,-0.0786200461656079,0.3046726063998345,2,RFG4c_gm-topo_ctr-area_raw100_pg-all_unified_woody,kfold5_block20_unified,RF,gm+topo_ctr+area,,,none,RF
pd_inext_q2,877,0.0792044801991039,0.891650513167288,0.2327942657233777,0.701248160088998,-0.0667155991092737,0.2889911148618973,2,RFG4c_gm-topo_ctr-area_raw100_pg-all_unified_woody,kfold5_block20_unified,RF,gm+topo_ctr+area,,,none,RF
td_inext_q0,881,-0.0505078835609489,2.378973791294124,0.2397683617269778,1.8209192507874816,-0.0968971103337165,0.1261455260662644,2,RFG4c_gm-topo_ctr-area_raw100_pg-all_unified_woody,kfold5_block20_unified,RF,gm+topo_ctr+area,,,none,RF
td_inext_q1,881,0.0244145792507497,1.6710727355872157,0.2042190491646309,1.2879717117617029,0.1808966935961447,0.1855587311281358,2,RFG4c_gm-topo_ctr-area_raw100_pg-all_unified_woody,kfold5_block20_unified,RF,gm+topo_ctr+area,,,none,RF
td_inext_q2,881,0.0371642560950137,1.480227186963272,0.1989032117865595,1.1369670509398833,0.0298365919687915,0.1873283566417858,2,RFG4c_gm-topo_ctr-area_raw100_pg-all_unified_woody,kfold5_block20_unified,RF,gm+topo_ctr+area,,,none,RF
hill_q0_unified,3102,0.3952547443665204,2.361370783236301,0.1686693416597358,1.6992452002689868,-0.002125646041577,0.6594508582889098,0,RFG4c_gm-topo_ctr-area_raw100_unified-all_unified_woody,kfold5_block20_unified,RF,gm+topo_ctr+area,,,none,RF
lcbd_pa_unified,3094,0.3976742390374513,1.1589737412729094e-05,0.1997535158510976,9.2189565300986e-06,1.3023237371274604e-07,0.5694849803127461,0,RFG4c_gm-topo_ctr-area_raw100_unified-all_unified_woody,kfold5_block20_unified,RF,gm+topo_ctr+area,,,none,RF
pcoa1_pa_unified,3094,0.4307186064669708,0.2213974947114198,0.1726734009636284,0.123244927572841,-0.0243901468744964,0.7419654158817589,0,RFG4c_gm-topo_ctr-area_raw100_unified-all_unified_woody,kfold5_block20_unified,RF,gm+topo_ctr+area,,,none,RF
pcoa2_pa_unified,3094,0.6551367802476603,0.1585915008613276,0.1515365566816796,0.1227255696365887,0.0027422084084862,0.8174478933374145,0,RFG4c_gm-topo_ctr-area_raw100_unified-all_unified_woody,kfold5_block20_unified,RF,gm+topo_ctr+area,,,none,RF
lcbd_freq_unified,3040,0.366521763326503,1.997259714710191e-05,0.200463226988093,1.576878854009263e-05,-2.1910876896020585e-06,0.5671624622943309,0,RFG4c_gm-topo_ctr-area_raw100_unified-all_unified_woody,kfold5_block20_unified,RF,gm+topo_ctr+area,,,none,RF
pcoa1_freq_unified,3040,0.2327770384129794,0.4380596094369908,0.2113661501247254,0.2075825809898893,-0.0611637225168411,0.5795121644704447,0,RFG4c_gm-topo_ctr-area_raw100_unified-all_unified_woody,kfold5_block20_unified,RF,gm+topo_ctr+area,,,none,RF
pcoa2_freq_unified,3040,0.4451898679718791,0.3521971673944676,0.1672700629166922,0.2336300934227815,0.0124493497981393,0.7963202623018428,0,RFG4c_gm-topo_ctr-area_raw100_unified-all_unified_woody,kfold5_block20_unified,RF,gm+topo_ctr+area,,,none,RF
mpd_unified,2535,0.195421355826793,104.76299409273156,0.1637909508672734,70.95590093728308,6.432447897102255,0.4089798948296176,0,RFG4c_gm-topo_ctr-area_raw100_unified-all_unified_woody,kfold5_block20_unified,RF,gm+topo_ctr+area,,,none,RF
mntd_unified,2535,0.0729531206938279,98.05663280922522,0.1533059384733676,64.80212131784472,-6.561052819592438,0.1911136764134777,0,RFG4c_gm-topo_ctr-area_raw100_unified-all_unified_woody,kfold5_block20_unified,RF,gm+topo_ctr+area,,,none,RF
ses_pd_unified,2535,0.1575931575403976,1.1042354644954278,0.2021667899247165,0.7975664661923625,-0.0506148665417111,0.3503515648639672,0,RFG4c_gm-topo_ctr-area_raw100_unified-all_unified_woody,kfold5_block20_unified,RF,gm+topo_ctr+area,,,none,RF
ses_mpd_unified,2535,0.1965120443942764,1.1392680786109264,0.2071675537681103,0.8211889792112678,-0.0815604711781468,0.3745405108155196,0,RFG4c_gm-topo_ctr-area_raw100_unified-all_unified_woody,kfold5_block20_unified,RF,gm+topo_ctr+area,,,none,RF
ses_mntd_unified,2535,0.0839613970934839,1.1707211339940555,0.192880308440308,0.8710529855854077,-0.0901517545851827,0.2333412563805211,0,RFG4c_gm-topo_ctr-area_raw100_unified-all_unified_woody,kfold5_block20_unified,RF,gm+topo_ctr+area,,,none,RF
dark_n_unified,3094,0.5449953097635406,18.729771186609224,0.1750445905290581,14.76777545145306,-0.3864901875477063,0.7405128964985762,0,RFG4c_gm-topo_ctr-area_raw100_unified-all_unified_woody,kfold5_block20_unified,RF,gm+topo_ctr+area,,,none,RF
hill_q0_unified,3102,0.3952372012006608,2.361405033706637,0.1686717881219026,1.6861094725587271,-0.114122083463736,0.6596562863216356,1,RFG4c_gm-topo_ctr-area_raw100_unified-all_unified_woody,kfold5_block20_unified,RF,gm+topo_ctr+area,,,none,RF
lcbd_pa_unified,3094,0.3929105300524826,1.163547794641246e-05,0.2005418712809732,9.241795351446695e-06,-1.0262846761895536e-06,0.5688696750503744,1,RFG4c_gm-topo_ctr-area_raw100_unified-all_unified_woody,kfold5_block20_unified,RF,gm+topo_ctr+area,,,none,RF
pcoa1_pa_unified,3094,0.4228797917291836,0.2229165681015277,0.173858164002276,0.1214437742472667,-0.0312971263879463,0.7376925245343933,1,RFG4c_gm-topo_ctr-area_raw100_unified-all_unified_woody,kfold5_block20_unified,RF,gm+topo_ctr+area,,,none,RF
pcoa2_pa_unified,3094,0.6534402358365745,0.1589811153742007,0.1519088391898427,0.1248179570534223,-0.0087003463350629,0.8168832729573733,1,RFG4c_gm-topo_ctr-area_raw100_unified-all_unified_woody,kfold5_block20_unified,RF,gm+topo_ctr+area,,,none,RF
lcbd_freq_unified,3040,0.3770223739187742,1.980637135111024e-05,0.1987948330767889,1.567543015057284e-05,-4.781250400024322e-07,0.5694387952219411,1,RFG4c_gm-topo_ctr-area_raw100_unified-all_unified_woody,kfold5_block20_unified,RF,gm+topo_ctr+area,,,none,RF
pcoa1_freq_unified,3040,0.2228457008152875,0.4408857301540545,0.2127297687804631,0.2054152152462465,-0.0687795487140253,0.587441145298705,1,RFG4c_gm-topo_ctr-area_raw100_unified-all_unified_woody,kfold5_block20_unified,RF,gm+topo_ctr+area,,,none,RF
pcoa2_freq_unified,3040,0.4402905699989026,0.3537488029547866,0.1680069858729965,0.2316593981485703,0.0208493259119051,0.791800509118583,1,RFG4c_gm-topo_ctr-area_raw100_unified-all_unified_woody,kfold5_block20_unified,RF,gm+topo_ctr+area,,,none,RF
mpd_unified,2535,0.1699168945629006,106.41048897422016,0.1663667149099575,70.4907755496175,-3.254213648573911,0.3822040556204589,1,RFG4c_gm-topo_ctr-area_raw100_unified-all_unified_woody,kfold5_block20_unified,RF,gm+topo_ctr+area,,,none,RF
mntd_unified,2535,0.0757132105808247,97.9105523495997,0.1530775500276917,64.70635523383795,-7.065284544655753,0.1994883556443073,1,RFG4c_gm-topo_ctr-area_raw100_unified-all_unified_woody,kfold5_block20_unified,RF,gm+topo_ctr+area,,,none,RF
ses_pd_unified,2535,0.1536206964366796,1.106835973581766,0.2026428990437035,0.8162424382519019,0.0175912846262133,0.3510802685758367,1,RFG4c_gm-topo_ctr-area_raw100_unified-all_unified_woody,kfold5_block20_unified,RF,gm+topo_ctr+area,,,none,RF
ses_mpd_unified,2535,0.2003460056882776,1.1365467355675414,0.2066726974723478,0.8260104372341928,-0.0571923167408186,0.3774750828021926,1,RFG4c_gm-topo_ctr-area_raw100_unified-all_unified_woody,kfold5_block20_unified,RF,gm+topo_ctr+area,,,none,RF
ses_mntd_unified,2535,0.0812420286301002,1.1724575580281245,0.1931663902351516,0.8745508996481779,-0.0996330333922151,0.2295221573973049,1,RFG4c_gm-topo_ctr-area_raw100_unified-all_unified_woody,kfold5_block20_unified,RF,gm+topo_ctr+area,,,none,RF
dark_n_unified,3094,0.5415867303526626,18.7997955124458,0.1756990234808018,14.82804545177609,-0.9432939595306308,0.7406767167854583,1,RFG4c_gm-topo_ctr-area_raw100_unified-all_unified_woody,kfold5_block20_unified,RF,gm+topo_ctr+area,,,none,RF
hill_q0_unified,3102,0.3793305231789172,2.392258711026171,0.170875622216155,1.7394144970984486,0.0768637367230426,0.6438585599327953,2,RFG4c_gm-topo_ctr-area_raw100_unified-all_unified_woody,kfold5_block20_unified,RF,gm+topo_ctr+area,,,none,RF
lcbd_pa_unified,3094,0.3985188067000651,1.1581609127572576e-05,0.1996134217764836,9.196949669248564e-06,-1.8154899111704018e-07,0.575156640696167,2,RFG4c_gm-topo_ctr-area_raw100_unified-all_unified_woody,kfold5_block20_unified,RF,gm+topo_ctr+area,,,none,RF
pcoa1_pa_unified,3094,0.4024843746442326,0.226821302930285,0.176903563606375,0.1199087709251291,-0.0432532203720459,0.7412621099848438,2,RFG4c_gm-topo_ctr-area_raw100_unified-all_unified_woody,kfold5_block20_unified,RF,gm+topo_ctr+area,,,none,RF
pcoa2_pa_unified,3094,0.6536060152118645,0.1589430859412714,0.1518725014965403,0.1228160675481109,0.0040603031178459,0.8162689446030862,2,RFG4c_gm-topo_ctr-area_raw100_unified-all_unified_woody,kfold5_block20_unified,RF,gm+topo_ctr+area,,,none,RF
lcbd_freq_unified,3040,0.374331619859559,1.9849098930013083e-05,0.1992236860839951,1.568225298674739e-05,-7.618990089005439e-07,0.5647145314568547,2,RFG4c_gm-topo_ctr-area_raw100_unified-all_unified_woody,kfold5_block20_unified,RF,gm+topo_ctr+area,,,none,RF
pcoa1_freq_unified,3040,0.2145526367849746,0.4432318480076151,0.2138617834372888,0.2022329946015952,-0.0770799088794192,0.5837312400448191,2,RFG4c_gm-topo_ctr-area_raw100_unified-all_unified_woody,kfold5_block20_unified,RF,gm+topo_ctr+area,,,none,RF
pcoa2_freq_unified,3040,0.4401423481906483,0.3537956395931883,0.1680292301389292,0.2295357004237656,0.0279798327080182,0.7965223522465016,2,RFG4c_gm-topo_ctr-area_raw100_unified-all_unified_woody,kfold5_block20_unified,RF,gm+topo_ctr+area,,,none,RF
mpd_unified,2535,0.1880310997019314,105.24303145106262,0.1645414618282646,69.1469731239233,-3.156215348904172,0.403299018599651,2,RFG4c_gm-topo_ctr-area_raw100_unified-all_unified_woody,kfold5_block20_unified,RF,gm+topo_ctr+area,,,none,RF
mntd_unified,2535,0.0607821635710891,98.69821388967208,0.1543090138067417,65.27417493647779,-8.176626155356256,0.186004751100505,2,RFG4c_gm-topo_ctr-area_raw100_unified-all_unified_woody,kfold5_block20_unified,RF,gm+topo_ctr+area,,,none,RF
ses_pd_unified,2535,0.1506403363808339,1.1087830148302389,0.2029993692819009,0.8190361589926604,0.0107171846873851,0.3365659383038422,2,RFG4c_gm-topo_ctr-area_raw100_unified-all_unified_woody,kfold5_block20_unified,RF,gm+topo_ctr+area,,,none,RF
ses_mpd_unified,2535,0.1999746270362651,1.136810624825818,0.2067206838007013,0.8282941487322465,-0.0611333327416402,0.3768428620825551,2,RFG4c_gm-topo_ctr-area_raw100_unified-all_unified_woody,kfold5_block20_unified,RF,gm+topo_ctr+area,,,none,RF
ses_mntd_unified,2535,0.0753269499665816,1.1762257169463628,0.1937872072967881,0.8775734849043685,-0.0169122115430535,0.2143968349622478,2,RFG4c_gm-topo_ctr-area_raw100_unified-all_unified_woody,kfold5_block20_unified,RF,gm+topo_ctr+area,,,none,RF
dark_n_unified,3094,0.5463379353850017,18.70211691226517,0.1747861393669642,14.801538889779502,0.5643191803232496,0.7420112717419008,2,RFG4c_gm-topo_ctr-area_raw100_unified-all_unified_woody,kfold5_block20_unified,RF,gm+topo_ctr+area,,,none,RF
lcbd_count_sorensen,2499,0.502848278587148,1.4943492702483009e-05,0.1822220345391494,1.1735277371506245e-05,-1.2369760058683814e-06,0.666722858366866,0,RFG5c_gm-clim-topo_ctr-area_raw100_pg-all_unified_woody,kfold5_block20_unified,RF,gm+clim+topo_ctr+area,,,none,RF
pd_inext_q0,877,0.1234877329633767,1.4408539972674552,0.2081602141192322,1.1013036660756097,-0.0840692979644018,0.3924476665393193,0,RFG5c_gm-clim-topo_ctr-area_raw100_pg-all_unified_woody,kfold5_block20_unified,RF,gm+clim+topo_ctr+area,,,none,RF
pd_inext_q1,877,0.1656814413187509,1.0419155073990825,0.2077743872785145,0.8119047155727068,0.0275787772014983,0.4173239622979273,0,RFG5c_gm-clim-topo_ctr-area_raw100_pg-all_unified_woody,kfold5_block20_unified,RF,gm+clim+topo_ctr+area,,,none,RF
pd_inext_q2,877,0.1338139171595422,0.8648059438304231,0.2257856208393666,0.6813781142780421,0.001120582237687,0.3865581014202211,0,RFG5c_gm-clim-topo_ctr-area_raw100_pg-all_unified_woody,kfold5_block20_unified,RF,gm+clim+topo_ctr+area,,,none,RF
td_inext_q0,881,-0.0042923287916378,2.3260554968323164,0.2344349138281713,1.7823202524050668,-0.0445900902180119,0.1824537850264393,0,RFG5c_gm-clim-topo_ctr-area_raw100_pg-all_unified_woody,kfold5_block20_unified,RF,gm+clim+topo_ctr+area,,,none,RF
td_inext_q1,881,0.0699173067531133,1.631636771851243,0.1993996449307266,1.2330841760106253,0.0234700749576839,0.2638559104072218,0,RFG5c_gm-clim-topo_ctr-area_raw100_pg-all_unified_woody,kfold5_block20_unified,RF,gm+clim+topo_ctr+area,,,none,RF
td_inext_q2,881,0.0733837056600699,1.4521191097846464,0.1951262329030391,1.1160595651628504,0.0682242303631065,0.2672593947562954,0,RFG5c_gm-clim-topo_ctr-area_raw100_pg-all_unified_woody,kfold5_block20_unified,RF,gm+clim+topo_ctr+area,,,none,RF
lcbd_count_sorensen,2499,0.5019826696456218,1.495649637394238e-05,0.1823806022526674,1.1785255223355294e-05,1.433545773970721e-07,0.6618588267212406,1,RFG5c_gm-clim-topo_ctr-area_raw100_pg-all_unified_woody,kfold5_block20_unified,RF,gm+clim+topo_ctr+area,,,none,RF
pd_inext_q0,877,0.136670591382211,1.429977631146486,0.2065889052254277,1.0960491188998664,-0.0628076709473237,0.4077801150368434,1,RFG5c_gm-clim-topo_ctr-area_raw100_pg-all_unified_woody,kfold5_block20_unified,RF,gm+clim+topo_ctr+area,,,none,RF
pd_inext_q1,877,0.1457632290480551,1.0542793029410689,0.2102399231352421,0.8153724431848454,-0.0302333014446305,0.3999122138126037,1,RFG5c_gm-clim-topo_ctr-area_raw100_pg-all_unified_woody,kfold5_block20_unified,RF,gm+clim+topo_ctr+area,,,none,RF
pd_inext_q2,877,0.1043486118567601,0.8793921140340899,0.2295938133230081,0.6820772393238231,-0.0692278565231934,0.3553006859268797,1,RFG5c_gm-clim-topo_ctr-area_raw100_pg-all_unified_woody,kfold5_block20_unified,RF,gm+clim+topo_ctr+area,,,none,RF
td_inext_q0,881,-0.0074873901956895,2.329752621836719,0.2348075339926513,1.8227975877048408,0.1731975109011661,0.1759973690167686,1,RFG5c_gm-clim-topo_ctr-area_raw100_pg-all_unified_woody,kfold5_block20_unified,RF,gm+clim+topo_ctr+area,,,none,RF
td_inext_q1,881,0.0788012716583589,1.62382553929292,0.1984450470536306,1.2306680922140123,0.0329202615266313,0.2711774528768195,1,RFG5c_gm-clim-topo_ctr-area_raw100_pg-all_unified_woody,kfold5_block20_unified,RF,gm+clim+topo_ctr+area,,,none,RF
td_inext_q2,881,0.0715942130975658,1.4535206084318406,0.1953145570904993,1.1232913447874886,0.0854665865286892,0.2579459268610959,1,RFG5c_gm-clim-topo_ctr-area_raw100_pg-all_unified_woody,kfold5_block20_unified,RF,gm+clim+topo_ctr+area,,,none,RF
lcbd_count_sorensen,2499,0.5023759286926988,1.4950590014115983e-05,0.1823085796722898,1.1693691115132264e-05,-9.352735323305706e-07,0.6615587085947776,2,RFG5c_gm-clim-topo_ctr-area_raw100_pg-all_unified_woody,kfold5_block20_unified,RF,gm+clim+topo_ctr+area,,,none,RF
pd_inext_q0,877,0.1409192322045152,1.4264546685266717,0.2060799427249485,1.0884294151248084,-0.0733568965515113,0.4208297931761945,2,RFG5c_gm-clim-topo_ctr-area_raw100_pg-all_unified_woody,kfold5_block20_unified,RF,gm+clim+topo_ctr+area,,,none,RF
pd_inext_q1,877,0.1656417303094177,1.041940303098329,0.2077793319320699,0.7955466935587505,-0.0810650154464208,0.4284412392271453,2,RFG5c_gm-clim-topo_ctr-area_raw100_pg-all_unified_woody,kfold5_block20_unified,RF,gm+clim+topo_ctr+area,,,none,RF
pd_inext_q2,877,0.1170708405368208,0.8731241387748823,0.2279573552304127,0.6814369997548094,-0.0542598288993621,0.3731984117718351,2,RFG5c_gm-clim-topo_ctr-area_raw100_pg-all_unified_woody,kfold5_block20_unified,RF,gm+clim+topo_ctr+area,,,none,RF
td_inext_q0,881,-0.0371529597629158,2.3638036835664376,0.2382394201764656,1.8038912593181784,-0.1123633775123701,0.1533132134000787,2,RFG5c_gm-clim-topo_ctr-area_raw100_pg-all_unified_woody,kfold5_block20_unified,RF,gm+clim+topo_ctr+area,,,none,RF
td_inext_q1,881,0.0530154329383653,1.6463954358051387,0.201203276966256,1.2568140033461963,0.1428613239613137,0.2395889940968355,2,RFG5c_gm-clim-topo_ctr-area_raw100_pg-all_unified_woody,kfold5_block20_unified,RF,gm+clim+topo_ctr+area,,,none,RF
td_inext_q2,881,0.0581487104324387,1.46400797557333,0.1967237806380728,1.119636410395456,0.0100040520499259,0.2398921262066267,2,RFG5c_gm-clim-topo_ctr-area_raw100_pg-all_unified_woody,kfold5_block20_unified,RF,gm+clim+topo_ctr+area,,,none,RF
hill_q0_unified,3102,0.4496845714558594,2.2525985225932748,0.1608998944709481,1.583535117991956,-0.0680141646592322,0.7103438679491754,0,RFG5c_gm-clim-topo_ctr-area_raw100_unified-all_unified_woody,kfold5_block20_unified,RF,gm+clim+topo_ctr+area,,,none,RF
lcbd_pa_unified,3094,0.4421310475268819,1.1153828776307697e-05,0.1922404653294009,8.838432762104232e-06,4.699307509958055e-08,0.6248195131111072,0,RFG5c_gm-clim-topo_ctr-area_raw100_unified-all_unified_woody,kfold5_block20_unified,RF,gm+clim+topo_ctr+area,,,none,RF
pcoa1_pa_unified,3094,0.7044910249874623,0.1595124351808431,0.1244077071177707,0.0886047597113564,-0.0217492371348556,0.8546125931308431,0,RFG5c_gm-clim-topo_ctr-area_raw100_unified-all_unified_woody,kfold5_block20_unified,RF,gm+clim+topo_ctr+area,,,none,RF
pcoa2_pa_unified,3094,0.7835162874571668,0.1256519067814256,0.120062280706921,0.0971200560312441,0.0056938573655944,0.8902688003841649,0,RFG5c_gm-clim-topo_ctr-area_raw100_unified-all_unified_woody,kfold5_block20_unified,RF,gm+clim+topo_ctr+area,,,none,RF
lcbd_freq_unified,3040,0.386627991846967,1.965308212641028e-05,0.1972562824106169,1.5430168098603145e-05,-2.313372175579374e-06,0.5936661266576464,0,RFG5c_gm-clim-topo_ctr-area_raw100_unified-all_unified_woody,kfold5_block20_unified,RF,gm+clim+topo_ctr+area,,,none,RF
pcoa1_freq_unified,3040,0.5472303678344508,0.3365201399499575,0.1623728024413702,0.1555106529456342,-0.0584920626729978,0.707832730054011,0,RFG5c_gm-clim-topo_ctr-area_raw100_unified-all_unified_woody,kfold5_block20_unified,RF,gm+clim+topo_ctr+area,,,none,RF
pcoa2_freq_unified,3040,0.5121133176886593,0.330273058825801,0.1568575799123474,0.2212678337161713,0.0077508032905828,0.8505944256130098,0,RFG5c_gm-clim-topo_ctr-area_raw100_unified-all_unified_woody,kfold5_block20_unified,RF,gm+clim+topo_ctr+area,,,none,RF
mpd_unified,2535,0.269171437432243,99.84616935050153,0.1561037765291215,65.97833877222757,6.73570284918922,0.4426782927951389,0,RFG5c_gm-clim-topo_ctr-area_raw100_unified-all_unified_woody,kfold5_block20_unified,RF,gm+clim+topo_ctr+area,,,none,RF
mntd_unified,2535,0.1182289516033991,95.63217766950092,0.1495154414938808,61.37572721130918,-6.6029516564067645,0.2896110460748581,0,RFG5c_gm-clim-topo_ctr-area_raw100_unified-all_unified_woody,kfold5_block20_unified,RF,gm+clim+topo_ctr+area,,,none,RF
ses_pd_unified,2535,0.234915163793462,1.052338708582227,0.1926653738881717,0.7432734487037683,-0.0594993037816979,0.4234870585757709,0,RFG5c_gm-clim-topo_ctr-area_raw100_unified-all_unified_woody,kfold5_block20_unified,RF,gm+clim+topo_ctr+area,,,none,RF
ses_mpd_unified,2535,0.2819290142456783,1.077010489183437,0.1958464672325179,0.7606050667483468,-0.0849469483343016,0.4376561854909208,0,RFG5c_gm-clim-topo_ctr-area_raw100_unified-all_unified_woody,kfold5_block20_unified,RF,gm+clim+topo_ctr+area,,,none,RF
ses_mntd_unified,2535,0.1405847194271925,1.133960968365025,0.1868239455038546,0.8366495695758606,-0.0856255367633112,0.326713725677223,0,RFG5c_gm-clim-topo_ctr-area_raw100_unified-all_unified_woody,kfold5_block20_unified,RF,gm+clim+topo_ctr+area,,,none,RF
dark_n_unified,3094,0.6944131145713702,15.349417224991424,0.1434524974298264,11.529806075114328,-0.2052029488997294,0.8343559369048114,0,RFG5c_gm-clim-topo_ctr-area_raw100_unified-all_unified_woody,kfold5_block20_unified,RF,gm+clim+topo_ctr+area,,,none,RF
hill_q0_unified,3102,0.4511511385070895,2.249594980880295,0.1606853557771639,1.573257721879716,-0.1296986190513098,0.7109345131201498,1,RFG5c_gm-clim-topo_ctr-area_raw100_unified-all_unified_woody,kfold5_block20_unified,RF,gm+clim+topo_ctr+area,,,none,RF
lcbd_pa_unified,3094,0.4376683041632507,1.119835314230946e-05,0.1930078596484581,8.798476911544442e-06,-1.3870600241593786e-06,0.626407419772814,1,RFG5c_gm-clim-topo_ctr-area_raw100_unified-all_unified_woody,kfold5_block20_unified,RF,gm+clim+topo_ctr+area,,,none,RF
pcoa1_pa_unified,3094,0.7112455292134201,0.1576788943515051,0.1229776831185374,0.0883738260173207,-0.0178011036560293,0.8521940969753796,1,RFG5c_gm-clim-topo_ctr-area_raw100_unified-all_unified_woody,kfold5_block20_unified,RF,gm+clim+topo_ctr+area,,,none,RF
pcoa2_pa_unified,3094,0.7831336660951409,0.1257628986860513,0.1201683351357849,0.0982833199376881,-0.0125798970600199,0.8909989003603314,1,RFG5c_gm-clim-topo_ctr-area_raw100_unified-all_unified_woody,kfold5_block20_unified,RF,gm+clim+topo_ctr+area,,,none,RF
lcbd_freq_unified,3040,0.394937931101885,1.9519498554866265e-05,0.195915515677724,1.540610900740233e-05,-7.205711238312586e-07,0.5942807839795268,1,RFG5c_gm-clim-topo_ctr-area_raw100_unified-all_unified_woody,kfold5_block20_unified,RF,gm+clim+topo_ctr+area,,,none,RF
pcoa1_freq_unified,3040,0.5450761704022082,0.3373197414935808,0.1627586145460896,0.1554645173104615,-0.0609342986818678,0.7097582021416056,1,RFG5c_gm-clim-topo_ctr-area_raw100_unified-all_unified_woody,kfold5_block20_unified,RF,gm+clim+topo_ctr+area,,,none,RF
pcoa2_freq_unified,3040,0.5091211880815572,0.3312842662578432,0.1573378357077896,0.2165954411242838,0.0177463651865542,0.8494606887392014,1,RFG5c_gm-clim-topo_ctr-area_raw100_unified-all_unified_woody,kfold5_block20_unified,RF,gm+clim+topo_ctr+area,,,none,RF
mpd_unified,2535,0.2573344591139382,100.65150849311271,0.1573628782289276,65.13106746942074,-1.2742582674604543,0.4358758407605613,1,RFG5c_gm-clim-topo_ctr-area_raw100_unified-all_unified_woody,kfold5_block20_unified,RF,gm+clim+topo_ctr+area,,,none,RF
mntd_unified,2535,0.1132221572157614,95.90329843779595,0.1499393233122985,61.47897167151353,-4.814003475792137,0.2974093469800753,1,RFG5c_gm-clim-topo_ctr-area_raw100_unified-all_unified_woody,kfold5_block20_unified,RF,gm+clim+topo_ctr+area,,,none,RF
ses_pd_unified,2535,0.2312223197506048,1.0548753192505067,0.1931297842902858,0.7603174072055462,0.0180725464108405,0.4224688675824731,1,RFG5c_gm-clim-topo_ctr-area_raw100_unified-all_unified_woody,kfold5_block20_unified,RF,gm+clim+topo_ctr+area,,,none,RF
ses_mpd_unified,2535,0.2741331984229171,1.0828410476872288,0.1969067115815084,0.7731159934362953,-0.0590580750909044,0.4291458679465365,1,RFG5c_gm-clim-topo_ctr-area_raw100_unified-all_unified_woody,kfold5_block20_unified,RF,gm+clim+topo_ctr+area,,,none,RF
ses_mntd_unified,2535,0.1354236274609379,1.1373607895652416,0.1873840776674404,0.8388985505253677,-0.0875670356154807,0.3254456055103411,1,RFG5c_gm-clim-topo_ctr-area_raw100_unified-all_unified_woody,kfold5_block20_unified,RF,gm+clim+topo_ctr+area,,,none,RF
dark_n_unified,3094,0.6945348014775694,15.346360796254888,0.1434239326752793,11.521221478414224,-0.1185777507584182,0.8340233454000762,1,RFG5c_gm-clim-topo_ctr-area_raw100_unified-all_unified_woody,kfold5_block20_unified,RF,gm+clim+topo_ctr+area,,,none,RF
hill_q0_unified,3102,0.448893059828962,2.254217882316959,0.1610155630226399,1.5991360520323892,-0.0510463770591703,0.7009361543857998,2,RFG5c_gm-clim-topo_ctr-area_raw100_unified-all_unified_woody,kfold5_block20_unified,RF,gm+clim+topo_ctr+area,,,none,RF
lcbd_pa_unified,3094,0.4406364825425318,1.1168759676942152e-05,0.1924978050594003,8.795945806367024e-06,-6.527559900767781e-07,0.6305617029709868,2,RFG5c_gm-clim-topo_ctr-area_raw100_unified-all_unified_woody,kfold5_block20_unified,RF,gm+clim+topo_ctr+area,,,none,RF
pcoa1_pa_unified,3094,0.696719835355939,0.1615962249580892,0.1260329064823766,0.0890047848023668,-0.0268574298852829,0.8511830541191864,2,RFG5c_gm-clim-topo_ctr-area_raw100_unified-all_unified_woody,kfold5_block20_unified,RF,gm+clim+topo_ctr+area,,,none,RF
pcoa2_pa_unified,3094,0.7845168133052919,0.1253612069086495,0.119784512620302,0.0972428910648678,0.0006534303137862,0.8905725032269509,2,RFG5c_gm-clim-topo_ctr-area_raw100_unified-all_unified_woody,kfold5_block20_unified,RF,gm+clim+topo_ctr+area,,,none,RF
lcbd_freq_unified,3040,0.3951262272129542,1.9516461071728395e-05,0.1958850287226597,1.5350992997086722e-05,-1.2037871153918785e-06,0.5909239588606887,2,RFG5c_gm-clim-topo_ctr-area_raw100_unified-all_unified_woody,kfold5_block20_unified,RF,gm+clim+topo_ctr+area,,,none,RF
pcoa1_freq_unified,3040,0.5371687095241078,0.3402387481939986,0.1641670511952674,0.1549426119632728,-0.0670976497962017,0.7106091488410291,2,RFG5c_gm-clim-topo_ctr-area_raw100_unified-all_unified_woody,kfold5_block20_unified,RF,gm+clim+topo_ctr+area,,,none,RF
pcoa2_freq_unified,3040,0.5123331767048434,0.3301986340722497,0.1568222331396826,0.214805868142865,0.0218006438251672,0.8531243629148922,2,RFG5c_gm-clim-topo_ctr-area_raw100_unified-all_unified_woody,kfold5_block20_unified,RF,gm+clim+topo_ctr+area,,,none,RF
mpd_unified,2535,0.2690253074922897,99.85615102486724,0.1561193823062356,64.27438215404278,-0.676316681115512,0.4467139878906302,2,RFG5c_gm-clim-topo_ctr-area_raw100_unified-all_unified_woody,kfold5_block20_unified,RF,gm+clim+topo_ctr+area,,,none,RF
mntd_unified,2535,0.1069757953977676,96.24047166632823,0.1504664743753867,61.75269539330043,-5.127926504337294,0.2946744835959943,2,RFG5c_gm-clim-topo_ctr-area_raw100_unified-all_unified_woody,kfold5_block20_unified,RF,gm+clim+topo_ctr+area,,,none,RF
ses_pd_unified,2535,0.2321914767508557,1.0542101970494613,0.1930080116932116,0.752758421540577,-0.0231651515593137,0.4281961212493832,2,RFG5c_gm-clim-topo_ctr-area_raw100_unified-all_unified_woody,kfold5_block20_unified,RF,gm+clim+topo_ctr+area,,,none,RF
ses_mpd_unified,2535,0.27826653583367,1.0797536098658944,0.1963452836324019,0.7656025353137341,-0.0744412977492599,0.4301475838532727,2,RFG5c_gm-clim-topo_ctr-area_raw100_unified-all_unified_woody,kfold5_block20_unified,RF,gm+clim+topo_ctr+area,,,none,RF
ses_mntd_unified,2535,0.1304702164308278,1.140614272570464,0.1879201001132057,0.8436862080090025,0.0155847686749135,0.3168119389917646,2,RFG5c_gm-clim-topo_ctr-area_raw100_unified-all_unified_woody,kfold5_block20_unified,RF,gm+clim+topo_ctr+area,,,none,RF
dark_n_unified,3094,0.6950463378667324,15.33350579459724,0.1433037924728714,11.564447157842462,0.4584457214288264,0.8348479560878005,2,RFG5c_gm-clim-topo_ctr-area_raw100_unified-all_unified_woody,kfold5_block20_unified,RF,gm+clim+topo_ctr+area,,,none,RF
lcbd_count_sorensen,2499,0.4471947852953326,1.5757731917106145e-05,0.1921509266157342,1.2474782881421426e-05,-1.3798328943723955e-06,0.5990322395323067,0,RFG2c_curve-topo_ctr-area_kndvi_raw100_pg-all_unified_woody,kfold5_block20_unified,RF,curve+topo_ctr+area,,kndvi,none,RF
pd_inext_q0,877,0.0646027913628701,1.4884663166519152,0.2150387671277802,1.143818944855792,-0.0814499511602786,0.2847596420653541,0,RFG2c_curve-topo_ctr-area_kndvi_raw100_pg-all_unified_woody,kfold5_block20_unified,RF,curve+topo_ctr+area,,kndvi,none,RF
pd_inext_q1,877,0.087986013067053,1.089349652628138,0.2172335040601137,0.8638795945446346,0.0617026474290717,0.2955255863290514,0,RFG2c_curve-topo_ctr-area_kndvi_raw100_pg-all_unified_woody,kfold5_block20_unified,RF,curve+topo_ctr+area,,kndvi,none,RF
pd_inext_q2,877,0.0699812992004026,0.8961050108053755,0.2339572567064048,0.7122413383052574,0.0136780581184123,0.2748125025712529,0,RFG2c_curve-topo_ctr-area_kndvi_raw100_pg-all_unified_woody,kfold5_block20_unified,RF,curve+topo_ctr+area,,kndvi,none,RF
td_inext_q0,881,0.0052102948021545,2.3150247619369986,0.2333231650379267,1.7715639246943606,-0.0596426160854106,0.1251234168981686,0,RFG2c_curve-topo_ctr-area_kndvi_raw100_pg-all_unified_woody,kfold5_block20_unified,RF,curve+topo_ctr+area,,kndvi,none,RF
td_inext_q1,881,0.0470174160465178,1.6516011807283122,0.2018394624869482,1.2532883059709996,0.0124724318091118,0.2316449334442289,0,RFG2c_curve-topo_ctr-area_kndvi_raw100_pg-all_unified_woody,kfold5_block20_unified,RF,curve+topo_ctr+area,,kndvi,none,RF
td_inext_q2,881,0.0535963567348189,1.467541786225152,0.1971986309142219,1.1318569035981207,0.0602088555121457,0.2244037717114452,0,RFG2c_curve-topo_ctr-area_kndvi_raw100_pg-all_unified_woody,kfold5_block20_unified,RF,curve+topo_ctr+area,,kndvi,none,RF
lcbd_count_sorensen,2499,0.444613118680739,1.579448430599794e-05,0.1925990879131881,1.254155230721196e-05,1.273338130366537e-07,0.5917692290097144,1,RFG2c_curve-topo_ctr-area_kndvi_raw100_pg-all_unified_woody,kfold5_block20_unified,RF,curve+topo_ctr+area,,kndvi,none,RF
pd_inext_q0,877,0.0800415000183237,1.4761316585255877,0.2132567787503781,1.1410232380924474,-0.011881934389026,0.3005384845981061,1,RFG2c_curve-topo_ctr-area_kndvi_raw100_pg-all_unified_woody,kfold5_block20_unified,RF,curve+topo_ctr+area,,kndvi,none,RF
pd_inext_q1,877,0.0704471975761495,1.0997743390072985,0.2193123509624001,0.8640204990791458,-0.0082939197656044,0.2795947016067968,1,RFG2c_curve-topo_ctr-area_kndvi_raw100_pg-all_unified_woody,kfold5_block20_unified,RF,curve+topo_ctr+area,,kndvi,none,RF
pd_inext_q2,877,0.0405612860481099,0.9101682556650342,0.2376289225804737,0.7139986818293048,-0.0650175486302411,0.2456470651024554,1,RFG2c_curve-topo_ctr-area_kndvi_raw100_pg-all_unified_woody,kfold5_block20_unified,RF,curve+topo_ctr+area,,kndvi,none,RF
td_inext_q0,881,-0.0021092305800578,2.323525969295779,0.2341799716864805,1.827292301681068,0.2231187080605322,0.1185035087409408,1,RFG2c_curve-topo_ctr-area_kndvi_raw100_pg-all_unified_woody,kfold5_block20_unified,RF,curve+topo_ctr+area,,kndvi,none,RF
td_inext_q1,881,0.0536757478055784,1.6458213351291338,0.2011331170673589,1.246307119062347,-0.0155217036081231,0.2332528319439843,1,RFG2c_curve-topo_ctr-area_kndvi_raw100_pg-all_unified_woody,kfold5_block20_unified,RF,curve+topo_ctr+area,,kndvi,none,RF
td_inext_q2,881,0.0494969647142355,1.4707167150855205,0.1976252570112717,1.1411258507247526,0.0871980596192876,0.2199542484291289,1,RFG2c_curve-topo_ctr-area_kndvi_raw100_pg-all_unified_woody,kfold5_block20_unified,RF,curve+topo_ctr+area,,kndvi,none,RF
lcbd_count_sorensen,2499,0.4488961032809054,1.5733465167585257e-05,0.1918550161109154,1.2443717509580936e-05,-9.915761842369703e-07,0.5971919970095637,2,RFG2c_curve-topo_ctr-area_kndvi_raw100_pg-all_unified_woody,kfold5_block20_unified,RF,curve+topo_ctr+area,,kndvi,none,RF
pd_inext_q0,877,0.0703954580386732,1.4838503207004243,0.2143718940737038,1.1434073248463328,-0.0637967652386437,0.2891263495705282,2,RFG2c_curve-topo_ctr-area_kndvi_raw100_pg-all_unified_woody,kfold5_block20_unified,RF,curve+topo_ctr+area,,kndvi,none,RF
pd_inext_q1,877,0.0764686266520037,1.0962065092220252,0.2186008694245163,0.8486959286063923,-0.0905274305132146,0.2764238847989753,2,RFG2c_curve-topo_ctr-area_kndvi_raw100_pg-all_unified_woody,kfold5_block20_unified,RF,curve+topo_ctr+area,,kndvi,none,RF
pd_inext_q2,877,0.0677253511479299,0.8971911942915382,0.2342408401097316,0.7010452947743699,-0.0710606221877495,0.2744270581420043,2,RFG2c_curve-topo_ctr-area_kndvi_raw100_pg-all_unified_woody,kfold5_block20_unified,RF,curve+topo_ctr+area,,kndvi,none,RF
td_inext_q0,881,-0.0143364564142578,2.337658230865168,0.2356043123901863,1.7889068465621318,-0.0871570449282947,0.1102439100382456,2,RFG2c_curve-topo_ctr-area_kndvi_raw100_pg-all_unified_woody,kfold5_block20_unified,RF,curve+topo_ctr+area,,kndvi,none,RF
td_inext_q1,881,0.0470581653528852,1.6515658693159585,0.2018351471373515,1.2601996748317337,0.1082812421458997,0.2285880783775547,2,RFG2c_curve-topo_ctr-area_kndvi_raw100_pg-all_unified_woody,kfold5_block20_unified,RF,curve+topo_ctr+area,,kndvi,none,RF
td_inext_q2,881,0.0486337765390946,1.471384370600309,0.1977149721762329,1.130438158578371,0.0147359106337435,0.2110730141723737,2,RFG2c_curve-topo_ctr-area_kndvi_raw100_pg-all_unified_woody,kfold5_block20_unified,RF,curve+topo_ctr+area,,kndvi,none,RF
hill_q0_unified,3102,0.3607444764698013,2.427812790973172,0.1734151993552266,1.7003660987580291,-0.0987832133614819,0.6475662140652777,0,RFG2c_curve-topo_ctr-area_kndvi_raw100_unified-all_unified_woody,kfold5_block20_unified,RF,curve+topo_ctr+area,,kndvi,none,RF
lcbd_pa_unified,3094,0.3930530625244134,1.163411197741688e-05,0.2005183282877462,9.229864676382455e-06,1.2760749720216486e-07,0.5634843623966295,0,RFG2c_curve-topo_ctr-area_kndvi_raw100_unified-all_unified_woody,kfold5_block20_unified,RF,curve+topo_ctr+area,,kndvi,none,RF
pcoa1_pa_unified,3094,0.4788700083198349,0.2118274516104825,0.1652094868314414,0.1199976941776826,-0.0232959078344155,0.753968328999781,0,RFG2c_curve-topo_ctr-area_kndvi_raw100_unified-all_unified_woody,kfold5_block20_unified,RF,curve+topo_ctr+area,,kndvi,none,RF
pcoa2_pa_unified,3094,0.6723199140542774,0.1545900345697875,0.1477130956500068,0.1202030811038858,0.0015646945999164,0.8278605521619604,0,RFG2c_curve-topo_ctr-area_kndvi_raw100_unified-all_unified_woody,kfold5_block20_unified,RF,curve+topo_ctr+area,,kndvi,none,RF
lcbd_freq_unified,3040,0.3680303201425025,1.994880173087364e-05,0.2002243944572253,1.580628479760336e-05,-2.062830946110893e-06,0.5620156933758087,0,RFG2c_curve-topo_ctr-area_kndvi_raw100_unified-all_unified_woody,kfold5_block20_unified,RF,curve+topo_ctr+area,,kndvi,none,RF
pcoa1_freq_unified,3040,0.2679738249914357,0.4278935310418223,0.2064609618673223,0.2057967708019928,-0.0629523615436272,0.5734862610636108,0,RFG2c_curve-topo_ctr-area_kndvi_raw100_unified-all_unified_woody,kfold5_block20_unified,RF,curve+topo_ctr+area,,kndvi,none,RF
pcoa2_freq_unified,3040,0.4553600400926024,0.348954190477307,0.1657298661087966,0.2326075874926771,0.0127250958037263,0.8049892957795618,0,RFG2c_curve-topo_ctr-area_kndvi_raw100_unified-all_unified_woody,kfold5_block20_unified,RF,curve+topo_ctr+area,,kndvi,none,RF
mpd_unified,2535,0.1353696743172119,108.60226508770548,0.1697934315366145,73.51863760564457,4.464730260042021,0.3589542481683154,0,RFG2c_curve-topo_ctr-area_kndvi_raw100_unified-all_unified_woody,kfold5_block20_unified,RF,curve+topo_ctr+area,,kndvi,none,RF
mntd_unified,2535,0.0334442700317405,100.124319537844,0.1565386484422745,65.61466991221624,-7.1856050941130265,0.170603206728497,0,RFG2c_curve-topo_ctr-area_kndvi_raw100_unified-all_unified_woody,kfold5_block20_unified,RF,curve+topo_ctr+area,,kndvi,none,RF
ses_pd_unified,2535,0.1063628302675736,1.1373165540582866,0.2082233764944942,0.8250290526290314,-0.0734551167411574,0.3121096949289036,0,RFG2c_curve-topo_ctr-area_kndvi_raw100_unified-all_unified_woody,kfold5_block20_unified,RF,curve+topo_ctr+area,,kndvi,none,RF
ses_mpd_unified,2535,0.148121785073033,1.1730728934837162,0.2133147116971893,0.8639267738983754,-0.0482260812015081,0.3323204369282473,0,RFG2c_curve-topo_ctr-area_kndvi_raw100_unified-all_unified_woody,kfold5_block20_unified,RF,curve+topo_ctr+area,,kndvi,none,RF
ses_mntd_unified,2535,0.0536301028185844,1.1899453856485895,0.1960475696103617,0.8906904565546766,-0.0874844678462091,0.1969839947679279,0,RFG2c_curve-topo_ctr-area_kndvi_raw100_unified-all_unified_woody,kfold5_block20_unified,RF,curve+topo_ctr+area,,kndvi,none,RF
dark_n_unified,3094,0.5615039706163618,18.38685146361077,0.1718397333047735,14.647779106356404,-0.8942313089898255,0.7440597079808545,0,RFG2c_curve-topo_ctr-area_kndvi_raw100_unified-all_unified_woody,kfold5_block20_unified,RF,curve+topo_ctr+area,,kndvi,none,RF
hill_q0_unified,3102,0.3591891397084498,2.4307644842324283,0.1736260345880305,1.699318044631034,-0.140998061737063,0.6437841480816966,1,RFG2c_curve-topo_ctr-area_kndvi_raw100_unified-all_unified_woody,kfold5_block20_unified,RF,curve+topo_ctr+area,,kndvi,none,RF
lcbd_pa_unified,3094,0.3895937018347764,1.1667219818100698e-05,0.2010889544670389,9.22075030644346e-06,-1.1370571604620329e-06,0.5647656499789339,1,RFG2c_curve-topo_ctr-area_kndvi_raw100_unified-all_unified_woody,kfold5_block20_unified,RF,curve+topo_ctr+area,,kndvi,none,RF
pcoa1_pa_unified,3094,0.4761890036171001,0.2123716362266524,0.1656339099196459,0.1197617264770625,-0.024620546098588,0.7507012511823145,1,RFG2c_curve-topo_ctr-area_kndvi_raw100_unified-all_unified_woody,kfold5_block20_unified,RF,curve+topo_ctr+area,,kndvi,none,RF
pcoa2_pa_unified,3094,0.6723305898646792,0.1545875162792163,0.1477106893856117,0.1215694430165549,-0.0049707675084909,0.8287868632946078,1,RFG2c_curve-topo_ctr-area_kndvi_raw100_unified-all_unified_woody,kfold5_block20_unified,RF,curve+topo_ctr+area,,kndvi,none,RF
lcbd_freq_unified,3040,0.3718053639241728,1.988913083117605e-05,0.1996254828073001,1.585441640752852e-05,-8.939840396056012e-08,0.5589390524337553,1,RFG2c_curve-topo_ctr-area_kndvi_raw100_unified-all_unified_woody,kfold5_block20_unified,RF,curve+topo_ctr+area,,kndvi,none,RF
pcoa1_freq_unified,3040,0.2558920528159216,0.431410178128438,0.2081577632615449,0.200138278040631,-0.0784444065140549,0.5711634365108631,1,RFG2c_curve-topo_ctr-area_kndvi_raw100_unified-all_unified_woody,kfold5_block20_unified,RF,curve+topo_ctr+area,,kndvi,none,RF
pcoa2_freq_unified,3040,0.4462141799191965,0.3518718971699455,0.1671155813479639,0.2309778251694685,0.0214244865877334,0.7981926604459686,1,RFG2c_curve-topo_ctr-area_kndvi_raw100_unified-all_unified_woody,kfold5_block20_unified,RF,curve+topo_ctr+area,,kndvi,none,RF
mpd_unified,2535,0.1117610395514306,110.07496618321532,0.1720959154897108,73.0361879828456,-4.287634606431328,0.3330329455188404,1,RFG2c_curve-topo_ctr-area_kndvi_raw100_unified-all_unified_woody,kfold5_block20_unified,RF,curve+topo_ctr+area,,kndvi,none,RF
mntd_unified,2535,0.0392953221913217,99.82080786384412,0.1560641252949143,65.45303721158415,-5.366494517312198,0.1748000627917265,1,RFG2c_curve-topo_ctr-area_kndvi_raw100_unified-all_unified_woody,kfold5_block20_unified,RF,curve+topo_ctr+area,,kndvi,none,RF
ses_pd_unified,2535,0.1042280228358628,1.1386742099456555,0.2084719402668026,0.8480531721193814,0.0255824103481867,0.3104526730713588,1,RFG2c_curve-topo_ctr-area_kndvi_raw100_unified-all_unified_woody,kfold5_block20_unified,RF,curve+topo_ctr+area,,kndvi,none,RF
ses_mpd_unified,2535,0.1473905291294058,1.173576270903901,0.2134062471932851,0.8643583301937232,-0.0499707041018804,0.3309600911191942,1,RFG2c_curve-topo_ctr-area_kndvi_raw100_unified-all_unified_woody,kfold5_block20_unified,RF,curve+topo_ctr+area,,kndvi,none,RF
ses_mntd_unified,2535,0.0465906079141191,1.1943628417514354,0.1967753606025099,0.89340054136443,-0.089986312669265,0.18450957162289,1,RFG2c_curve-topo_ctr-area_kndvi_raw100_unified-all_unified_woody,kfold5_block20_unified,RF,curve+topo_ctr+area,,kndvi,none,RF
dark_n_unified,3094,0.5607829164633392,18.40196274049145,0.1719809601915088,14.628506048191962,-1.3632632179377953,0.7457482224817629,1,RFG2c_curve-topo_ctr-area_kndvi_raw100_unified-all_unified_woody,kfold5_block20_unified,RF,curve+topo_ctr+area,,kndvi,none,RF
hill_q0_unified,3102,0.3585086958549888,2.4320546932582388,0.1737181923755884,1.7331055430574656,0.0361723375564559,0.6355085270109152,2,RFG2c_curve-topo_ctr-area_kndvi_raw100_unified-all_unified_woody,kfold5_block20_unified,RF,curve+topo_ctr+area,,kndvi,none,RF
lcbd_pa_unified,3094,0.3923343724423386,1.1640997955964287e-05,0.2006370107372217,9.222623550792634e-06,-2.0501579928436085e-07,0.5644447193878028,2,RFG2c_curve-topo_ctr-area_kndvi_raw100_unified-all_unified_woody,kfold5_block20_unified,RF,curve+topo_ctr+area,,kndvi,none,RF
pcoa1_pa_unified,3094,0.4652126686329565,0.214585198769161,0.1673603222846948,0.1178916062535814,-0.035423972431976,0.7516116743781803,2,RFG2c_curve-topo_ctr-area_kndvi_raw100_unified-all_unified_woody,kfold5_block20_unified,RF,curve+topo_ctr+area,,kndvi,none,RF
pcoa2_pa_unified,3094,0.6714784497336372,0.1547883966311453,0.1479026335734843,0.1199438708372437,0.0057666993765131,0.827672284662996,2,RFG2c_curve-topo_ctr-area_kndvi_raw100_unified-all_unified_woody,kfold5_block20_unified,RF,curve+topo_ctr+area,,kndvi,none,RF
lcbd_freq_unified,3040,0.3725515564516122,1.987731480332679e-05,0.1995068863596074,1.5774404174113033e-05,-1.0832893780104603e-06,0.5602914651478186,2,RFG2c_curve-topo_ctr-area_kndvi_raw100_unified-all_unified_woody,kfold5_block20_unified,RF,curve+topo_ctr+area,,kndvi,none,RF
pcoa1_freq_unified,3040,0.2447650959826283,0.4346237375457565,0.2097083232027105,0.2018190463313569,-0.0810150074580541,0.5686718981832881,2,RFG2c_curve-topo_ctr-area_kndvi_raw100_unified-all_unified_woody,kfold5_block20_unified,RF,curve+topo_ctr+area,,kndvi,none,RF
pcoa2_freq_unified,3040,0.4487678001314312,0.3510596829549023,0.1667298340012229,0.230197654240319,0.0215090515742141,0.8037361612052388,2,RFG2c_curve-topo_ctr-area_kndvi_raw100_unified-all_unified_woody,kfold5_block20_unified,RF,curve+topo_ctr+area,,kndvi,none,RF
mpd_unified,2535,0.1222905055653379,109.42058934468211,0.171072834720236,71.92483414752179,-5.112779656557793,0.3474242327082035,2,RFG2c_curve-topo_ctr-area_kndvi_raw100_unified-all_unified_woody,kfold5_block20_unified,RF,curve+topo_ctr+area,,kndvi,none,RF
mntd_unified,2535,0.0311071492044392,100.24529618827884,0.1567277885177282,65.82361534701943,-7.369450398000514,0.1666175717926093,2,RFG2c_curve-topo_ctr-area_kndvi_raw100_unified-all_unified_woody,kfold5_block20_unified,RF,curve+topo_ctr+area,,kndvi,none,RF
ses_pd_unified,2535,0.1070686192320721,1.1368673426469162,0.2081411335019855,0.8484608703541622,0.0248005181673936,0.3116861550786715,2,RFG2c_curve-topo_ctr-area_kndvi_raw100_unified-all_unified_woody,kfold5_block20_unified,RF,curve+topo_ctr+area,,kndvi,none,RF
ses_mpd_unified,2535,0.149803141625411,1.1719146716075204,0.2131040975341867,0.8684609148548289,-0.0391517861749201,0.331832679561808,2,RFG2c_curve-topo_ctr-area_kndvi_raw100_unified-all_unified_woody,kfold5_block20_unified,RF,curve+topo_ctr+area,,kndvi,none,RF
ses_mntd_unified,2535,0.0470912737653446,1.1940492014524169,0.1967236872912,0.891917962271488,-0.0161330253121903,0.1824688177403499,2,RFG2c_curve-topo_ctr-area_kndvi_raw100_unified-all_unified_woody,kfold5_block20_unified,RF,curve+topo_ctr+area,,kndvi,none,RF
dark_n_unified,3094,0.5660005642026906,18.292333789345623,0.170956390554632,14.61886068839926,-0.1165026179713215,0.745967674776939,2,RFG2c_curve-topo_ctr-area_kndvi_raw100_unified-all_unified_woody,kfold5_block20_unified,RF,curve+topo_ctr+area,,kndvi,none,RF
lcbd_count_sorensen,2499,0.4803238430053008,1.527826497647088e-05,0.1863042719442797,1.2062170246982457e-05,-1.4263973422195189e-06,0.6451582883376681,0,RFG3c_clim-curve-topo_ctr-area_kndvi_raw100_pg-all_unified_woody,kfold5_block20_unified,RF,clim+curve+topo_ctr+area,,kndvi,none,RF
pd_inext_q0,877,0.1145854863799999,1.448152487912883,0.2092146272508755,1.1075447718602984,-0.0977850509685188,0.3737463591831583,0,RFG3c_clim-curve-topo_ctr-area_kndvi_raw100_pg-all_unified_woody,kfold5_block20_unified,RF,clim+curve+topo_ctr+area,,kndvi,none,RF
pd_inext_q1,877,0.1313620403902785,1.063128968007034,0.2120046859434002,0.8370867895915356,0.0315115673910365,0.3655676670369271,0,RFG3c_clim-curve-topo_ctr-area_kndvi_raw100_pg-all_unified_woody,kfold5_block20_unified,RF,clim+curve+topo_ctr+area,,kndvi,none,RF
pd_inext_q2,877,0.1103320254902228,0.8764497951026594,0.2288256256025376,0.6932120722859756,0.0099358755969799,0.3337872614850222,0,RFG3c_clim-curve-topo_ctr-area_kndvi_raw100_pg-all_unified_woody,kfold5_block20_unified,RF,clim+curve+topo_ctr+area,,kndvi,none,RF
td_inext_q0,881,0.0250269403647328,2.291850619265729,0.2309875250897057,1.7555150302169196,-0.0796624371303815,0.1762167901460954,0,RFG3c_clim-curve-topo_ctr-area_kndvi_raw100_pg-all_unified_woody,kfold5_block20_unified,RF,clim+curve+topo_ctr+area,,kndvi,none,RF
td_inext_q1,881,0.0624627107775649,1.6381624916835231,0.200197142412962,1.2351265860654066,0.0222999499276419,0.257524354885415,0,RFG3c_clim-curve-topo_ctr-area_kndvi_raw100_pg-all_unified_woody,kfold5_block20_unified,RF,clim+curve+topo_ctr+area,,kndvi,none,RF
td_inext_q2,881,0.0672950748647795,1.456882106540272,0.1957662531382885,1.1193524092452485,0.060298170042742,0.25580133376719,0,RFG3c_clim-curve-topo_ctr-area_kndvi_raw100_pg-all_unified_woody,kfold5_block20_unified,RF,clim+curve+topo_ctr+area,,kndvi,none,RF
lcbd_count_sorensen,2499,0.4787925661157197,1.5300757874208214e-05,0.1865785519717124,1.2121012175857248e-05,-1.420900970908121e-08,0.6361581920076387,1,RFG3c_clim-curve-topo_ctr-area_kndvi_raw100_pg-all_unified_woody,kfold5_block20_unified,RF,clim+curve+topo_ctr+area,,kndvi,none,RF
pd_inext_q0,877,0.1286516140948601,1.4366034065829718,0.2075461311734977,1.103420545837913,-0.0556065094116325,0.3933205205863224,1,RFG3c_clim-curve-topo_ctr-area_kndvi_raw100_pg-all_unified_woody,kfold5_block20_unified,RF,clim+curve+topo_ctr+area,,kndvi,none,RF
pd_inext_q1,877,0.1181162517679652,1.0712040832716625,0.2136149913034766,0.8314447646129322,-0.0298594900882935,0.3545551037563086,1,RFG3c_clim-curve-topo_ctr-area_kndvi_raw100_pg-all_unified_woody,kfold5_block20_unified,RF,clim+curve+topo_ctr+area,,kndvi,none,RF
pd_inext_q2,877,0.0839872476234897,0.8893318066398447,0.232188892232853,0.6954706805866573,-0.0671038195123784,0.3031949537841615,1,RFG3c_clim-curve-topo_ctr-area_kndvi_raw100_pg-all_unified_woody,kfold5_block20_unified,RF,clim+curve+topo_ctr+area,,kndvi,none,RF
td_inext_q0,881,0.0257373889093776,2.2910154481561174,0.2309033511448534,1.799016683046585,0.1603363680823494,0.1681890578251088,1,RFG3c_clim-curve-topo_ctr-area_kndvi_raw100_pg-all_unified_woody,kfold5_block20_unified,RF,clim+curve+topo_ctr+area,,kndvi,none,RF
td_inext_q1,881,0.0743659594966987,1.6277299763271211,0.1989222018785925,1.229726242301712,0.0050468956881262,0.269173375332706,1,RFG3c_clim-curve-topo_ctr-area_kndvi_raw100_pg-all_unified_woody,kfold5_block20_unified,RF,clim+curve+topo_ctr+area,,kndvi,none,RF
td_inext_q2,881,0.0629438720760738,1.4602764348007484,0.1962223606863817,1.1311972983850584,0.091323458365301,0.2523349007125971,1,RFG3c_clim-curve-topo_ctr-area_kndvi_raw100_pg-all_unified_woody,kfold5_block20_unified,RF,clim+curve+topo_ctr+area,,kndvi,none,RF
lcbd_count_sorensen,2499,0.477399744643233,1.532118832496102e-05,0.1868276823709336,1.2084517576204424e-05,-1.069885514488972e-06,0.6375701320313705,2,RFG3c_clim-curve-topo_ctr-area_kndvi_raw100_pg-all_unified_woody,kfold5_block20_unified,RF,clim+curve+topo_ctr+area,,kndvi,none,RF
pd_inext_q0,877,0.124387258207076,1.4401144655513085,0.208053373953141,1.1013398214281305,-0.0917835271814607,0.39400770623907,2,RFG3c_clim-curve-topo_ctr-area_kndvi_raw100_pg-all_unified_woody,kfold5_block20_unified,RF,clim+curve+topo_ctr+area,,kndvi,none,RF
pd_inext_q1,877,0.1251779666087608,1.0669066109302114,0.2127580075305599,0.8178895121389452,-0.09799515308799,0.3696197792447355,2,RFG3c_clim-curve-topo_ctr-area_kndvi_raw100_pg-all_unified_woody,kfold5_block20_unified,RF,clim+curve+topo_ctr+area,,kndvi,none,RF
pd_inext_q2,877,0.0998332079735531,0.8816060437558702,0.2301718314324962,0.6868588787553795,-0.0610567135732838,0.3254446293893371,2,RFG3c_clim-curve-topo_ctr-area_kndvi_raw100_pg-all_unified_woody,kfold5_block20_unified,RF,clim+curve+topo_ctr+area,,kndvi,none,RF
td_inext_q0,881,0.0022636683516029,2.318450847468862,0.233668468091755,1.775330302812603,-0.1184912249341761,0.1417737593343043,2,RFG3c_clim-curve-topo_ctr-area_kndvi_raw100_pg-all_unified_woody,kfold5_block20_unified,RF,clim+curve+topo_ctr+area,,kndvi,none,RF
td_inext_q1,881,0.0612859254168229,1.6391902700520535,0.2003227455161084,1.2518625683745996,0.1251870768882741,0.2507119021807088,2,RFG3c_clim-curve-topo_ctr-area_kndvi_raw100_pg-all_unified_woody,kfold5_block20_unified,RF,clim+curve+topo_ctr+area,,kndvi,none,RF
td_inext_q2,881,0.0608420844655557,1.4619131947181958,0.1964422977388633,1.1201347330546805,0.0191508221340074,0.2337946836604999,2,RFG3c_clim-curve-topo_ctr-area_kndvi_raw100_pg-all_unified_woody,kfold5_block20_unified,RF,clim+curve+topo_ctr+area,,kndvi,none,RF
hill_q0_unified,3102,0.4297646712686424,2.2930050475265267,0.1637860748233233,1.6062358368652068,-0.0842330027805103,0.7075836501339249,0,RFG3c_clim-curve-topo_ctr-area_kndvi_raw100_unified-all_unified_woody,kfold5_block20_unified,RF,clim+curve+topo_ctr+area,,kndvi,none,RF
lcbd_pa_unified,3094,0.4309170680315034,1.1265375116461928e-05,0.1941630087687076,8.927227575969823e-06,-1.3744594201911536e-07,0.5999186651500251,0,RFG3c_clim-curve-topo_ctr-area_kndvi_raw100_unified-all_unified_woody,kfold5_block20_unified,RF,clim+curve+topo_ctr+area,,kndvi,none,RF
pcoa1_pa_unified,3094,0.6925196625470089,0.1627113625704773,0.1269026299827464,0.0909091957458062,-0.0218955586922678,0.8531134657751749,0,RFG3c_clim-curve-topo_ctr-area_kndvi_raw100_unified-all_unified_woody,kfold5_block20_unified,RF,clim+curve+topo_ctr+area,,kndvi,none,RF
pcoa2_pa_unified,3094,0.78066330661564,0.1264771631286507,0.1208508255189633,0.0984026839922949,0.0034373269088969,0.8876855765616971,0,RFG3c_clim-curve-topo_ctr-area_kndvi_raw100_unified-all_unified_woody,kfold5_block20_unified,RF,clim+curve+topo_ctr+area,,kndvi,none,RF
lcbd_freq_unified,3040,0.3814073263750519,1.973654270794704e-05,0.1980939690358433,1.5574826986194233e-05,-2.339813896140856e-06,0.58554748095316,0,RFG3c_clim-curve-topo_ctr-area_kndvi_raw100_unified-all_unified_woody,kfold5_block20_unified,RF,clim+curve+topo_ctr+area,,kndvi,none,RF
pcoa1_freq_unified,3040,0.5315611614473954,0.3422936664731407,0.1651585604696363,0.1598589346689963,-0.0620618819708944,0.6967905540495397,0,RFG3c_clim-curve-topo_ctr-area_kndvi_raw100_unified-all_unified_woody,kfold5_block20_unified,RF,clim+curve+topo_ctr+area,,kndvi,none,RF
pcoa2_freq_unified,3040,0.5250541622563093,0.3258634940963373,0.1547633320363942,0.2203130667955934,0.0062279127280023,0.8523001736812841,0,RFG3c_clim-curve-topo_ctr-area_kndvi_raw100_unified-all_unified_woody,kfold5_block20_unified,RF,clim+curve+topo_ctr+area,,kndvi,none,RF
mpd_unified,2535,0.2155668314326037,103.44312353325694,0.1617274087183471,68.21987235473807,4.292488736459792,0.4257892672596665,0,RFG3c_clim-curve-topo_ctr-area_kndvi_raw100_unified-all_unified_woody,kfold5_block20_unified,RF,clim+curve+topo_ctr+area,,kndvi,none,RF
mntd_unified,2535,0.0880855823279966,97.2530362050908,0.1520495611328309,62.48977728612628,-6.583539366082119,0.2728605822872234,0,RFG3c_clim-curve-topo_ctr-area_kndvi_raw100_unified-all_unified_woody,kfold5_block20_unified,RF,clim+curve+topo_ctr+area,,kndvi,none,RF
ses_pd_unified,2535,0.1799010500669124,1.089516661741995,0.1994720267153531,0.7722903014636285,-0.0774899640009545,0.3923034986237317,0,RFG3c_clim-curve-topo_ctr-area_kndvi_raw100_unified-all_unified_woody,kfold5_block20_unified,RF,clim+curve+topo_ctr+area,,kndvi,none,RF
ses_mpd_unified,2535,0.2315249102593667,1.1141691792997386,0.2026035028039942,0.7986900246564694,-0.0624122579861457,0.4179836526108772,0,RFG3c_clim-curve-topo_ctr-area_kndvi_raw100_unified-all_unified_woody,kfold5_block20_unified,RF,clim+curve+topo_ctr+area,,kndvi,none,RF
ses_mntd_unified,2535,0.1164761778968345,1.1497560469650443,0.1894262386920001,0.8519190604954983,-0.0934356015820722,0.3064605250914705,0,RFG3c_clim-curve-topo_ctr-area_kndvi_raw100_unified-all_unified_woody,kfold5_block20_unified,RF,clim+curve+topo_ctr+area,,kndvi,none,RF
dark_n_unified,3094,0.6936298961523272,15.369074896289195,0.1436362139840111,11.617607479521178,-0.4301750964344806,0.83346907722774,0,RFG3c_clim-curve-topo_ctr-area_kndvi_raw100_unified-all_unified_woody,kfold5_block20_unified,RF,clim+curve+topo_ctr+area,,kndvi,none,RF
hill_q0_unified,3102,0.4289618211367073,2.2946186724551776,0.1639013337467984,1.5977064838688235,-0.1651647814681042,0.7091179452219079,1,RFG3c_clim-curve-topo_ctr-area_kndvi_raw100_unified-all_unified_woody,kfold5_block20_unified,RF,clim+curve+topo_ctr+area,,kndvi,none,RF
lcbd_pa_unified,3094,0.4188583919031282,1.138410421294826e-05,0.196209349735063,8.970312571407973e-06,-1.5168988964764156e-06,0.5973765098246484,1,RFG3c_clim-curve-topo_ctr-area_kndvi_raw100_unified-all_unified_woody,kfold5_block20_unified,RF,clim+curve+topo_ctr+area,,kndvi,none,RF
pcoa1_pa_unified,3094,0.6984316950099284,0.1611395160235438,0.1256767078493196,0.0909293042786336,-0.0172463952546858,0.8522597974011841,1,RFG3c_clim-curve-topo_ctr-area_kndvi_raw100_unified-all_unified_woody,kfold5_block20_unified,RF,clim+curve+topo_ctr+area,,kndvi,none,RF
pcoa2_pa_unified,3094,0.7801681288095192,0.1266198510099562,0.1209871659287318,0.0998116328831865,-0.012281766776326,0.8881575065544015,1,RFG3c_clim-curve-topo_ctr-area_kndvi_raw100_unified-all_unified_woody,kfold5_block20_unified,RF,clim+curve+topo_ctr+area,,kndvi,none,RF
lcbd_freq_unified,3040,0.3883242951307186,1.962588764384719e-05,0.1969833337454676,1.5589489032390567e-05,-3.910817314263305e-07,0.5843979752472849,1,RFG3c_clim-curve-topo_ctr-area_kndvi_raw100_unified-all_unified_woody,kfold5_block20_unified,RF,clim+curve+topo_ctr+area,,kndvi,none,RF
pcoa1_freq_unified,3040,0.5209857567125613,0.3461358873075206,0.1670124529723842,0.1602940987222596,-0.0667871894967044,0.700077246648717,1,RFG3c_clim-curve-topo_ctr-area_kndvi_raw100_unified-all_unified_woody,kfold5_block20_unified,RF,clim+curve+topo_ctr+area,,kndvi,none,RF
pcoa2_freq_unified,3040,0.5233337280107909,0.3264531612613366,0.1550433844414689,0.2138160448134846,0.0196526712030396,0.8511685619950962,1,RFG3c_clim-curve-topo_ctr-area_kndvi_raw100_unified-all_unified_woody,kfold5_block20_unified,RF,clim+curve+topo_ctr+area,,kndvi,none,RF
mpd_unified,2535,0.2022755810726346,104.31580038123332,0.1630917890700902,67.56848947041475,-3.432181435959765,0.4174643028416195,1,RFG3c_clim-curve-topo_ctr-area_kndvi_raw100_unified-all_unified_woody,kfold5_block20_unified,RF,clim+curve+topo_ctr+area,,kndvi,none,RF
mntd_unified,2535,0.0937095986544066,96.95267985390164,0.1515799711522624,62.41488283552624,-5.498393275525672,0.2953040181195778,1,RFG3c_clim-curve-topo_ctr-area_kndvi_raw100_unified-all_unified_woody,kfold5_block20_unified,RF,clim+curve+topo_ctr+area,,kndvi,none,RF
ses_pd_unified,2535,0.1840444338460181,1.086760895506991,0.1989674926450149,0.7884073671934023,0.0076274832969337,0.3995691186087056,1,RFG3c_clim-curve-topo_ctr-area_kndvi_raw100_unified-all_unified_woody,kfold5_block20_unified,RF,clim+curve+topo_ctr+area,,kndvi,none,RF
ses_mpd_unified,2535,0.2273445107880501,1.1171955331825822,0.2031538230863897,0.8047802409816524,-0.0607499318058384,0.4116868418206555,1,RFG3c_clim-curve-topo_ctr-area_kndvi_raw100_unified-all_unified_woody,kfold5_block20_unified,RF,clim+curve+topo_ctr+area,,kndvi,none,RF
ses_mntd_unified,2535,0.1083646568380165,1.1550218711724798,0.1902938012291668,0.8544548856030424,-0.08485426718268,0.3003559197157778,1,RFG3c_clim-curve-topo_ctr-area_kndvi_raw100_unified-all_unified_woody,kfold5_block20_unified,RF,clim+curve+topo_ctr+area,,kndvi,none,RF
dark_n_unified,3094,0.6934662314347866,15.373179473445695,0.143674574518184,11.607676273629494,-0.2381456494534723,0.8327740723068466,1,RFG3c_clim-curve-topo_ctr-area_kndvi_raw100_unified-all_unified_woody,kfold5_block20_unified,RF,clim+curve+topo_ctr+area,,kndvi,none,RF
hill_q0_unified,3102,0.4321132548823171,2.2882781652418256,0.1634484403744161,1.6165191361536566,-0.0577206921939255,0.7002138679161268,2,RFG3c_clim-curve-topo_ctr-area_kndvi_raw100_unified-all_unified_woody,kfold5_block20_unified,RF,clim+curve+topo_ctr+area,,kndvi,none,RF
lcbd_pa_unified,3094,0.4271229158165716,1.1302866613294226e-05,0.194809188922759,8.916726851958749e-06,-6.331041499203299e-07,0.6016465702700228,2,RFG3c_clim-curve-topo_ctr-area_kndvi_raw100_unified-all_unified_woody,kfold5_block20_unified,RF,clim+curve+topo_ctr+area,,kndvi,none,RF
pcoa1_pa_unified,3094,0.6820114600639751,0.1654683520852617,0.1290528745307228,0.091795981876766,-0.0271231914300285,0.847452283102797,2,RFG3c_clim-curve-topo_ctr-area_kndvi_raw100_unified-all_unified_woody,kfold5_block20_unified,RF,clim+curve+topo_ctr+area,,kndvi,none,RF
pcoa2_pa_unified,3094,0.780208262462899,0.1266082922920568,0.1209761214004902,0.0986738593737103,0.0003678802714583,0.8869055636032159,2,RFG3c_clim-curve-topo_ctr-area_kndvi_raw100_unified-all_unified_woody,kfold5_block20_unified,RF,clim+curve+topo_ctr+area,,kndvi,none,RF
lcbd_freq_unified,3040,0.3887007608592252,1.9619847178924668e-05,0.1969227061224319,1.5531918096358558e-05,-1.25093552511251e-06,0.5844461384574381,2,RFG3c_clim-curve-topo_ctr-area_kndvi_raw100_unified-all_unified_woody,kfold5_block20_unified,RF,clim+curve+topo_ctr+area,,kndvi,none,RF
pcoa1_freq_unified,3040,0.5168796672770412,0.3476162526193511,0.1677267373072078,0.1600432467848207,-0.0701797481701003,0.6983504022076036,2,RFG3c_clim-curve-topo_ctr-area_kndvi_raw100_unified-all_unified_woody,kfold5_block20_unified,RF,clim+curve+topo_ctr+area,,kndvi,none,RF
pcoa2_freq_unified,3040,0.5259322441504681,0.3255621258290475,0.1546202022963012,0.2134981186146796,0.020163728483846,0.8561462411074454,2,RFG3c_clim-curve-topo_ctr-area_kndvi_raw100_unified-all_unified_woody,kfold5_block20_unified,RF,clim+curve+topo_ctr+area,,kndvi,none,RF
mpd_unified,2535,0.212000406501631,103.67800890905406,0.1620946385725509,66.51081389456901,-3.8400439712502177,0.4307711430241914,2,RFG3c_clim-curve-topo_ctr-area_kndvi_raw100_unified-all_unified_woody,kfold5_block20_unified,RF,clim+curve+topo_ctr+area,,kndvi,none,RF
mntd_unified,2535,0.086716497970669,97.32601326897388,0.1521636565993496,62.73429421392652,-6.138060718946847,0.2884927033298385,2,RFG3c_clim-curve-topo_ctr-area_kndvi_raw100_unified-all_unified_woody,kfold5_block20_unified,RF,clim+curve+topo_ctr+area,,kndvi,none,RF
ses_pd_unified,2535,0.1832188970729976,1.0873105175150335,0.1990681191151933,0.7872052756561287,-0.0004193715217639,0.4000982089917133,2,RFG3c_clim-curve-topo_ctr-area_kndvi_raw100_unified-all_unified_woody,kfold5_block20_unified,RF,clim+curve+topo_ctr+area,,kndvi,none,RF
ses_mpd_unified,2535,0.2294292836032263,1.115687311134436,0.2028795639562344,0.8012404627188912,-0.0678155177990816,0.4008483390451722,2,RFG3c_clim-curve-topo_ctr-area_kndvi_raw100_unified-all_unified_woody,kfold5_block20_unified,RF,clim+curve+topo_ctr+area,,kndvi,none,RF
ses_mntd_unified,2535,0.1109039890162012,1.1533759766636331,0.1900226344830404,0.8556657389679314,-0.0073582324921417,0.2934497156167726,2,RFG3c_clim-curve-topo_ctr-area_kndvi_raw100_unified-all_unified_woody,kfold5_block20_unified,RF,clim+curve+topo_ctr+area,,kndvi,none,RF
dark_n_unified,3094,0.6968691268160255,15.28761089408753,0.1428748681690423,11.60526231391122,0.1936166881783266,0.8350574479529204,2,RFG3c_clim-curve-topo_ctr-area_kndvi_raw100_unified-all_unified_woody,kfold5_block20_unified,RF,clim+curve+topo_ctr+area,,kndvi,none,RF
lcbd_count_sorensen,2499,0.4842795794581377,1.5220005386532935e-05,0.1855938502763824,1.2022075678477685e-05,-1.386503759417604e-06,0.6495952627542109,0,RFG6c_gm-clim-curve-topo_ctr-area_kndvi_raw100_pg-all_unified_woody,kfold5_block20_unified,RF,gm+clim+curve+topo_ctr+area,,kndvi,none,RF
pd_inext_q0,877,0.1225448648831204,1.4416287554449532,0.2082721434531025,1.1020675050418691,-0.0919422760367794,0.3892644760749378,0,RFG6c_gm-clim-curve-topo_ctr-area_kndvi_raw100_pg-all_unified_woody,kfold5_block20_unified,RF,gm+clim+curve+topo_ctr+area,,kndvi,none,RF
pd_inext_q1,877,0.1375900554346951,1.0593108674302216,0.2112432964619294,0.8313877328902626,0.0384710283740084,0.3867878363337769,0,RFG6c_gm-clim-curve-topo_ctr-area_kndvi_raw100_pg-all_unified_woody,kfold5_block20_unified,RF,gm+clim+curve+topo_ctr+area,,kndvi,none,RF
pd_inext_q2,877,0.1059164115244684,0.8786221076707511,0.2293927782052028,0.693889572724697,0.0021695563523225,0.3427454909953334,0,RFG6c_gm-clim-curve-topo_ctr-area_kndvi_raw100_pg-all_unified_woody,kfold5_block20_unified,RF,gm+clim+curve+topo_ctr+area,,kndvi,none,RF
td_inext_q0,881,0.0326792787260108,2.2828387984188163,0.2300792555120631,1.7453907749797788,-0.0835217515391097,0.1933703704587138,0,RFG6c_gm-clim-curve-topo_ctr-area_kndvi_raw100_pg-all_unified_woody,kfold5_block20_unified,RF,gm+clim+curve+topo_ctr+area,,kndvi,none,RF
td_inext_q1,881,0.0527683274515186,1.6466102264277194,0.2012295261747906,1.243943550864648,0.0292808329240101,0.227595625785338,0,RFG6c_gm-clim-curve-topo_ctr-area_kndvi_raw100_pg-all_unified_woody,kfold5_block20_unified,RF,gm+clim+curve+topo_ctr+area,,kndvi,none,RF
td_inext_q2,881,0.0560661477807876,1.465625643271163,0.1969411522034218,1.1283607348883609,0.0661532637751439,0.2164358437983991,0,RFG6c_gm-clim-curve-topo_ctr-area_kndvi_raw100_pg-all_unified_woody,kfold5_block20_unified,RF,gm+clim+curve+topo_ctr+area,,kndvi,none,RF
lcbd_count_sorensen,2499,0.4838774586125499,1.522593795059356e-05,0.1856661923930939,1.2051704274237028e-05,7.736656237978532e-08,0.6425512894066836,1,RFG6c_gm-clim-curve-topo_ctr-area_kndvi_raw100_pg-all_unified_woody,kfold5_block20_unified,RF,gm+clim+curve+topo_ctr+area,,kndvi,none,RF
pd_inext_q0,877,0.1436633596379941,1.4241746126695844,0.205750542996513,1.0922333875219767,-0.0482654626142804,0.412417919923885,1,RFG6c_gm-clim-curve-topo_ctr-area_kndvi_raw100_pg-all_unified_woody,kfold5_block20_unified,RF,gm+clim+curve+topo_ctr+area,,kndvi,none,RF
pd_inext_q1,877,0.1276073505758389,1.0654241792665724,0.2124623872730557,0.8289600257762039,-0.0240868154145805,0.3819213557980224,1,RFG6c_gm-clim-curve-topo_ctr-area_kndvi_raw100_pg-all_unified_woody,kfold5_block20_unified,RF,gm+clim+curve+topo_ctr+area,,kndvi,none,RF
pd_inext_q2,877,0.0925324553738059,0.8851739324171293,0.2311033444062623,0.6913496911774744,-0.07041068210644,0.3234295587896821,1,RFG6c_gm-clim-curve-topo_ctr-area_kndvi_raw100_pg-all_unified_woody,kfold5_block20_unified,RF,gm+clim+curve+topo_ctr+area,,kndvi,none,RF
td_inext_q0,881,0.0169939160937615,2.301272789877628,0.2319371523700878,1.8052333567266807,0.1789433452367632,0.1697230822933665,1,RFG6c_gm-clim-curve-topo_ctr-area_kndvi_raw100_pg-all_unified_woody,kfold5_block20_unified,RF,gm+clim+curve+topo_ctr+area,,kndvi,none,RF
td_inext_q1,881,0.0572159012020341,1.6427399815028187,0.2007565499112411,1.2397260585045713,0.0108299682923603,0.2332202433197956,1,RFG6c_gm-clim-curve-topo_ctr-area_kndvi_raw100_pg-all_unified_woody,kfold5_block20_unified,RF,gm+clim+curve+topo_ctr+area,,kndvi,none,RF
td_inext_q2,881,0.0531544876660653,1.4678843386097664,0.1972446608548317,1.1398013070652442,0.0897721486932388,0.2096630954203205,1,RFG6c_gm-clim-curve-topo_ctr-area_kndvi_raw100_pg-all_unified_woody,kfold5_block20_unified,RF,gm+clim+curve+topo_ctr+area,,kndvi,none,RF
lcbd_count_sorensen,2499,0.4826877702424222,1.524347612551903e-05,0.1858800541709694,1.2018726738001443e-05,-1.0787495816300867e-06,0.6429430173398281,2,RFG6c_gm-clim-curve-topo_ctr-area_kndvi_raw100_pg-all_unified_woody,kfold5_block20_unified,RF,gm+clim+curve+topo_ctr+area,,kndvi,none,RF
pd_inext_q0,877,0.1343909012656613,1.4318643714025032,0.20686148263884,1.091709279665878,-0.0892520157048872,0.4089780955859509,2,RFG6c_gm-clim-curve-topo_ctr-area_kndvi_raw100_pg-all_unified_woody,kfold5_block20_unified,RF,gm+clim+curve+topo_ctr+area,,kndvi,none,RF
pd_inext_q1,877,0.1343464167595097,1.0613011024385284,0.2116401807164151,0.8157863420717366,-0.0892163639265003,0.391972175985999,2,RFG6c_gm-clim-curve-topo_ctr-area_kndvi_raw100_pg-all_unified_woody,kfold5_block20_unified,RF,gm+clim+curve+topo_ctr+area,,kndvi,none,RF
pd_inext_q2,877,0.1018304202627166,0.8806274850166476,0.2299163469575809,0.6878760685200237,-0.0632867429078854,0.340938566791977,2,RFG6c_gm-clim-curve-topo_ctr-area_kndvi_raw100_pg-all_unified_woody,kfold5_block20_unified,RF,gm+clim+curve+topo_ctr+area,,kndvi,none,RF
td_inext_q0,881,-0.0077808970999266,2.3300919554559654,0.2348417342290151,1.782407731645094,-0.1223508615004989,0.1436575155949725,2,RFG6c_gm-clim-curve-topo_ctr-area_kndvi_raw100_pg-all_unified_woody,kfold5_block20_unified,RF,gm+clim+curve+topo_ctr+area,,kndvi,none,RF
td_inext_q1,881,0.0458692140320141,1.652595847875058,0.2019610191221669,1.2631175485396042,0.1343447199208287,0.2140169621770765,2,RFG6c_gm-clim-curve-topo_ctr-area_kndvi_raw100_pg-all_unified_woody,kfold5_block20_unified,RF,gm+clim+curve+topo_ctr+area,,kndvi,none,RF
td_inext_q2,881,0.0481686011898423,1.4717440470716356,0.1977633031391965,1.127676979778917,0.0188422722937051,0.1928323246777661,2,RFG6c_gm-clim-curve-topo_ctr-area_kndvi_raw100_pg-all_unified_woody,kfold5_block20_unified,RF,gm+clim+curve+topo_ctr+area,,kndvi,none,RF
hill_q0_unified,3102,0.4352950225464667,2.281858754666661,0.1629899110476186,1.5964118249646628,-0.082962247746826,0.713034887008385,0,RFG6c_gm-clim-curve-topo_ctr-area_kndvi_raw100_unified-all_unified_woody,kfold5_block20_unified,RF,gm+clim+curve+topo_ctr+area,,kndvi,none,RF
lcbd_pa_unified,3094,0.4320172373058676,1.125448055725128e-05,0.1939752369125839,8.920242929243164e-06,-4.3176098349523646e-08,0.6033141862198432,0,RFG6c_gm-clim-curve-topo_ctr-area_kndvi_raw100_unified-all_unified_woody,kfold5_block20_unified,RF,gm+clim+curve+topo_ctr+area,,kndvi,none,RF
pcoa1_pa_unified,3094,0.6975481867417812,0.1613753895727009,0.1258606714844249,0.0901528917298991,-0.0212997475346015,0.854734079452062,0,RFG6c_gm-clim-curve-topo_ctr-area_kndvi_raw100_unified-all_unified_woody,kfold5_block20_unified,RF,gm+clim+curve+topo_ctr+area,,kndvi,none,RF
pcoa2_pa_unified,3094,0.783707013496499,0.125596543791345,0.1200093805398954,0.0976543554637786,0.0044524105047247,0.8900408694960237,0,RFG6c_gm-clim-curve-topo_ctr-area_kndvi_raw100_unified-all_unified_woody,kfold5_block20_unified,RF,gm+clim+curve+topo_ctr+area,,kndvi,none,RF
lcbd_freq_unified,3040,0.381822663184873,1.972991581963977e-05,0.1980274555321071,1.5520337913219894e-05,-2.442430485935795e-06,0.5866010870062169,0,RFG6c_gm-clim-curve-topo_ctr-area_kndvi_raw100_unified-all_unified_woody,kfold5_block20_unified,RF,gm+clim+curve+topo_ctr+area,,kndvi,none,RF
pcoa1_freq_unified,3040,0.5364377095523687,0.3405073302804007,0.1642966435164318,0.1581950265499351,-0.0640084906576482,0.6987371441102099,0,RFG6c_gm-clim-curve-topo_ctr-area_kndvi_raw100_unified-all_unified_woody,kfold5_block20_unified,RF,gm+clim+curve+topo_ctr+area,,kndvi,none,RF
pcoa2_freq_unified,3040,0.5254111593716451,0.3257410020278667,0.1547051565088865,0.2193330957109398,0.0074602484673973,0.8553821367432509,0,RFG6c_gm-clim-curve-topo_ctr-area_kndvi_raw100_unified-all_unified_woody,kfold5_block20_unified,RF,gm+clim+curve+topo_ctr+area,,kndvi,none,RF
mpd_unified,2535,0.244523371032483,101.51592315819109,0.1587143411301451,67.22020821250663,5.851802770606578,0.439996869550417,0,RFG6c_gm-clim-curve-topo_ctr-area_kndvi_raw100_unified-all_unified_woody,kfold5_block20_unified,RF,gm+clim+curve+topo_ctr+area,,kndvi,none,RF
mntd_unified,2535,0.1010675201675342,96.55831176320582,0.1509633991926103,62.317012321016605,-6.628599402246582,0.2756503723797602,0,RFG6c_gm-clim-curve-topo_ctr-area_kndvi_raw100_unified-all_unified_woody,kfold5_block20_unified,RF,gm+clim+curve+topo_ctr+area,,kndvi,none,RF
ses_pd_unified,2535,0.2039721871462501,1.0734081028377365,0.1965228227197404,0.760721146463769,-0.0766579252172707,0.415523686207966,0,RFG6c_gm-clim-curve-topo_ctr-area_kndvi_raw100_unified-all_unified_woody,kfold5_block20_unified,RF,gm+clim+curve+topo_ctr+area,,kndvi,none,RF
ses_mpd_unified,2535,0.2566047740953244,1.0958374223648053,0.1992700071046219,0.7864037925532319,-0.0632040122735163,0.4319441181773028,0,RFG6c_gm-clim-curve-topo_ctr-area_kndvi_raw100_unified-all_unified_woody,kfold5_block20_unified,RF,gm+clim+curve+topo_ctr+area,,kndvi,none,RF
ses_mntd_unified,2535,0.1270855214689227,1.1428320699457248,0.1882854898113817,0.8481330889394483,-0.0940208495364008,0.317728806600539,0,RFG6c_gm-clim-curve-topo_ctr-area_kndvi_raw100_unified-all_unified_woody,kfold5_block20_unified,RF,gm+clim+curve+topo_ctr+area,,kndvi,none,RF
dark_n_unified,3094,0.695774052260872,15.315199607326536,0.1431327066105283,11.555075513513522,-0.4474080633963179,0.8346877135223818,0,RFG6c_gm-clim-curve-topo_ctr-area_kndvi_raw100_unified-all_unified_woody,kfold5_block20_unified,RF,gm+clim+curve+topo_ctr+area,,kndvi,none,RF
hill_q0_unified,3102,0.4356266976270563,2.2811885402364647,0.1629420385883189,1.584411240316454,-0.1639477655045222,0.7157099033139621,1,RFG6c_gm-clim-curve-topo_ctr-area_kndvi_raw100_unified-all_unified_woody,kfold5_block20_unified,RF,gm+clim+curve+topo_ctr+area,,kndvi,none,RF
lcbd_pa_unified,3094,0.4197127525981907,1.1375733010145815e-05,0.196065068882776,8.946390825717743e-06,-1.4507577155386109e-06,0.598534566513276,1,RFG6c_gm-clim-curve-topo_ctr-area_kndvi_raw100_unified-all_unified_woody,kfold5_block20_unified,RF,gm+clim+curve+topo_ctr+area,,kndvi,none,RF
pcoa1_pa_unified,3094,0.7020551834100757,0.1601685059808746,0.1249193930176587,0.0901517219731129,-0.018347064145578,0.8520317654305593,1,RFG6c_gm-clim-curve-topo_ctr-area_kndvi_raw100_unified-all_unified_woody,kfold5_block20_unified,RF,gm+clim+curve+topo_ctr+area,,kndvi,none,RF
pcoa2_pa_unified,3094,0.7817587663952236,0.126160927683676,0.1205486578102783,0.0992556815768524,-0.0122000323037039,0.8895093962061937,1,RFG6c_gm-clim-curve-topo_ctr-area_kndvi_raw100_unified-all_unified_woody,kfold5_block20_unified,RF,gm+clim+curve+topo_ctr+area,,kndvi,none,RF
lcbd_freq_unified,3040,0.3915198850425918,1.9574554547539947e-05,0.1964681079057207,1.552691797825523e-05,-4.06968279360196e-07,0.5890580585647709,1,RFG6c_gm-clim-curve-topo_ctr-area_kndvi_raw100_unified-all_unified_woody,kfold5_block20_unified,RF,gm+clim+curve+topo_ctr+area,,kndvi,none,RF
pcoa1_freq_unified,3040,0.5351741416188539,0.3409710881799448,0.1645204092316561,0.1577036175420643,-0.0658367047313795,0.6995496907090207,1,RFG6c_gm-clim-curve-topo_ctr-area_kndvi_raw100_unified-all_unified_woody,kfold5_block20_unified,RF,gm+clim+curve+topo_ctr+area,,kndvi,none,RF
pcoa2_freq_unified,3040,0.5238231771036428,0.3262855143657225,0.1549637633957217,0.2131465597920614,0.0208203533364742,0.8522416284036258,1,RFG6c_gm-clim-curve-topo_ctr-area_kndvi_raw100_unified-all_unified_woody,kfold5_block20_unified,RF,gm+clim+curve+topo_ctr+area,,kndvi,none,RF
mpd_unified,2535,0.2289612205217152,102.55616258669106,0.1603406959952306,66.5556011441692,-2.9358603696564987,0.4294548235332514,1,RFG6c_gm-clim-curve-topo_ctr-area_kndvi_raw100_unified-all_unified_woody,kfold5_block20_unified,RF,gm+clim+curve+topo_ctr+area,,kndvi,none,RF
mntd_unified,2535,0.1079149308019487,96.1898534363132,0.1503873356671321,61.95235428124609,-4.982496121862647,0.2964492746865507,1,RFG6c_gm-clim-curve-topo_ctr-area_kndvi_raw100_unified-all_unified_woody,kfold5_block20_unified,RF,gm+clim+curve+topo_ctr+area,,kndvi,none,RF
ses_pd_unified,2535,0.2041921060784578,1.0732598171456231,0.1964956741238746,0.7777996423919994,0.0077221819891834,0.4162992682831047,1,RFG6c_gm-clim-curve-topo_ctr-area_kndvi_raw100_unified-all_unified_woody,kfold5_block20_unified,RF,gm+clim+curve+topo_ctr+area,,kndvi,none,RF
ses_mpd_unified,2535,0.2478565350628413,1.1022664444494543,0.2004390776714211,0.7956976829041807,-0.0544133181447863,0.4210719190230363,1,RFG6c_gm-clim-curve-topo_ctr-area_kndvi_raw100_unified-all_unified_woody,kfold5_block20_unified,RF,gm+clim+curve+topo_ctr+area,,kndvi,none,RF
ses_mntd_unified,2535,0.1239267549800257,1.1448979537509762,0.1886258512296465,0.8501555162480317,-0.0889568731750477,0.3200333364492519,1,RFG6c_gm-clim-curve-topo_ctr-area_kndvi_raw100_unified-all_unified_woody,kfold5_block20_unified,RF,gm+clim+curve+topo_ctr+area,,kndvi,none,RF
dark_n_unified,3094,0.6942581583413463,15.353308403730866,0.1434888635862697,11.586556046920403,-0.2906802471694599,0.8330944398961382,1,RFG6c_gm-clim-curve-topo_ctr-area_kndvi_raw100_unified-all_unified_woody,kfold5_block20_unified,RF,gm+clim+curve+topo_ctr+area,,kndvi,none,RF
hill_q0_unified,3102,0.4329323525656313,2.2866273081733857,0.1633305220123846,1.610984063567218,-0.039775168868419,0.7077552654585073,2,RFG6c_gm-clim-curve-topo_ctr-area_kndvi_raw100_unified-all_unified_woody,kfold5_block20_unified,RF,gm+clim+curve+topo_ctr+area,,kndvi,none,RF
lcbd_pa_unified,3094,0.4283210417622334,1.129104091265864e-05,0.1946053684913516,8.901542270056385e-06,-6.371082857006565e-07,0.6065245009684485,2,RFG6c_gm-clim-curve-topo_ctr-area_kndvi_raw100_unified-all_unified_woody,kfold5_block20_unified,RF,gm+clim+curve+topo_ctr+area,,kndvi,none,RF
pcoa1_pa_unified,3094,0.6888321921038179,0.1636841161298724,0.1276613046263739,0.0907007816098982,-0.0266004981322336,0.8492282027467092,2,RFG6c_gm-clim-curve-topo_ctr-area_kndvi_raw100_unified-all_unified_woody,kfold5_block20_unified,RF,gm+clim+curve+topo_ctr+area,,kndvi,none,RF
pcoa2_pa_unified,3094,0.7816073885650239,0.126204674359336,0.120590458414723,0.0983277917722287,0.0011573443766571,0.8883850235774392,2,RFG6c_gm-clim-curve-topo_ctr-area_kndvi_raw100_unified-all_unified_woody,kfold5_block20_unified,RF,gm+clim+curve+topo_ctr+area,,kndvi,none,RF
lcbd_freq_unified,3040,0.3888299272379454,1.961777425102599e-05,0.1969019003247271,1.5513411735152478e-05,-1.1790635184883485e-06,0.5835331994968168,2,RFG6c_gm-clim-curve-topo_ctr-area_kndvi_raw100_unified-all_unified_woody,kfold5_block20_unified,RF,gm+clim+curve+topo_ctr+area,,kndvi,none,RF
pcoa1_freq_unified,3040,0.5254043230717051,0.3445357598231477,0.1662403827362916,0.1583778814354677,-0.0701018503663687,0.7019109198472515,2,RFG6c_gm-clim-curve-topo_ctr-area_kndvi_raw100_unified-all_unified_woody,kfold5_block20_unified,RF,gm+clim+curve+topo_ctr+area,,kndvi,none,RF
pcoa2_freq_unified,3040,0.5265838343477016,0.3253383117964013,0.1545139056227665,0.2126980016806613,0.0201776897009681,0.8567095046700215,2,RFG6c_gm-clim-curve-topo_ctr-area_kndvi_raw100_unified-all_unified_woody,kfold5_block20_unified,RF,gm+clim+curve+topo_ctr+area,,kndvi,none,RF
mpd_unified,2535,0.2373836433236763,101.99448968284314,0.1594625525267822,65.42125888733895,-2.9611389977045026,0.4416950448376125,2,RFG6c_gm-clim-curve-topo_ctr-area_kndvi_raw100_unified-all_unified_woody,kfold5_block20_unified,RF,gm+clim+curve+topo_ctr+area,,kndvi,none,RF
mntd_unified,2535,0.0984701211101145,96.69771019828572,0.1511813406749904,62.419640422142734,-5.993354298640418,0.2996933927968589,2,RFG6c_gm-clim-curve-topo_ctr-area_kndvi_raw100_unified-all_unified_woody,kfold5_block20_unified,RF,gm+clim+curve+topo_ctr+area,,kndvi,none,RF
ses_pd_unified,2535,0.2039530859204268,1.0734209813372342,0.1965251805546282,0.777634265420542,0.0054627341940037,0.4170108479378435,2,RFG6c_gm-clim-curve-topo_ctr-area_kndvi_raw100_unified-all_unified_woody,kfold5_block20_unified,RF,gm+clim+curve+topo_ctr+area,,kndvi,none,RF
ses_mpd_unified,2535,0.2543445077280604,1.097502085064261,0.1995727138211269,0.7877580442725111,-0.0705197926879427,0.4239275571098163,2,RFG6c_gm-clim-curve-topo_ctr-area_kndvi_raw100_unified-all_unified_woody,kfold5_block20_unified,RF,gm+clim+curve+topo_ctr+area,,kndvi,none,RF
ses_mntd_unified,2535,0.1196937771406703,1.147660558201119,0.1890809997556018,0.8517205259270852,-0.0136115433769265,0.308278245247566,2,RFG6c_gm-clim-curve-topo_ctr-area_kndvi_raw100_unified-all_unified_woody,kfold5_block20_unified,RF,gm+clim+curve+topo_ctr+area,,kndvi,none,RF
dark_n_unified,3094,0.6970934222523085,15.281953971307658,0.1428219997318472,11.561478185412156,0.1454857831490529,0.8352151643883943,2,RFG6c_gm-clim-curve-topo_ctr-area_kndvi_raw100_unified-all_unified_woody,kfold5_block20_unified,RF,gm+clim+curve+topo_ctr+area,,kndvi,none,RF
lcbd_count_sorensen,479,0.707487095541788,7.924490280111347e-06,0.1543748262218186,6.018223136743926e-06,-1.1815861609722958e-06,0.7841082349998254,0,RFG2c_curve-topo_ctr-area_kndvi_raw100_pg-all_unified_woodypcl,kfold5_block20_unified,RF,curve+topo_ctr+area,,kndvi,none,RF
pd_inext_q0,226,0.0533228957846521,1.7233946246931566,0.2100427925228611,1.3282518961230052,-0.0075366628739556,0.2931360387270552,0,RFG2c_curve-topo_ctr-area_kndvi_raw100_pg-all_unified_woodypcl,kfold5_block20_unified,RF,curve+topo_ctr+area,,kndvi,none,RF
pd_inext_q1,226,0.370391072754365,1.132407220279112,0.207719294170741,0.8718875268357632,-0.0371066528881385,0.5778465181846938,0,RFG2c_curve-topo_ctr-area_kndvi_raw100_pg-all_unified_woodypcl,kfold5_block20_unified,RF,curve+topo_ctr+area,,kndvi,none,RF
pd_inext_q2,226,0.3485784993626468,0.8923012972876729,0.2053226166895757,0.7148758098132179,0.0170925829699951,0.5545122630761152,0,RFG2c_curve-topo_ctr-area_kndvi_raw100_pg-all_unified_woodypcl,kfold5_block20_unified,RF,curve+topo_ctr+area,,kndvi,none,RF
td_inext_q0,230,-0.0586501473794676,2.7338619778957685,0.2548301985627764,2.1252905674021987,0.0825892591270877,0.0160368144110407,0,RFG2c_curve-topo_ctr-area_kndvi_raw100_pg-all_unified_woodypcl,kfold5_block20_unified,RF,curve+topo_ctr+area,,kndvi,none,RF
td_inext_q1,230,0.1403606795472021,1.8481640181366528,0.2460278018274475,1.4557343716707885,0.0171312783865941,0.4347877545747285,0,RFG2c_curve-topo_ctr-area_kndvi_raw100_pg-all_unified_woodypcl,kfold5_block20_unified,RF,curve+topo_ctr+area,,kndvi,none,RF
td_inext_q2,230,0.1549564297976747,1.5528816170943092,0.2330616332137401,1.2474586978645017,0.0908824115629414,0.4258180135206204,0,RFG2c_curve-topo_ctr-area_kndvi_raw100_pg-all_unified_woodypcl,kfold5_block20_unified,RF,curve+topo_ctr+area,,kndvi,none,RF
lcbd_count_sorensen,479,0.7258452568428047,7.67178995813174e-06,0.1494520404131582,5.885641334366322e-06,-1.1202988564159713e-06,0.7852480530542256,1,RFG2c_curve-topo_ctr-area_kndvi_raw100_pg-all_unified_woodypcl,kfold5_block20_unified,RF,curve+topo_ctr+area,,kndvi,none,RF
pd_inext_q0,226,0.024068649480649,1.7498202248146189,0.2132634749852963,1.3276631040076583,-0.1855016728990506,0.2596527176219735,1,RFG2c_curve-topo_ctr-area_kndvi_raw100_pg-all_unified_woodypcl,kfold5_block20_unified,RF,curve+topo_ctr+area,,kndvi,none,RF
pd_inext_q1,226,0.3140181778954984,1.182016379927831,0.2168191828345519,0.9175013174142764,-0.0142756040766879,0.5589580959589575,1,RFG2c_curve-topo_ctr-area_kndvi_raw100_pg-all_unified_woodypcl,kfold5_block20_unified,RF,curve+topo_ctr+area,,kndvi,none,RF
pd_inext_q2,226,0.3503580128511687,0.8910816967043811,0.2050419810076162,0.7112959865461969,-0.0174755504428565,0.534666372807564,1,RFG2c_curve-topo_ctr-area_kndvi_raw100_pg-all_unified_woodypcl,kfold5_block20_unified,RF,curve+topo_ctr+area,,kndvi,none,RF
td_inext_q0,230,-0.096759564228914,2.782633882335764,0.2593763512922185,2.1397861531259115,-0.3008106885145229,0.0169247886309212,1,RFG2c_curve-topo_ctr-area_kndvi_raw100_pg-all_unified_woodypcl,kfold5_block20_unified,RF,curve+topo_ctr+area,,kndvi,none,RF
td_inext_q1,230,0.1219995015355186,1.8677973541591213,0.2486413937255397,1.4838544782605882,0.1295936417140495,0.4249169294317394,1,RFG2c_curve-topo_ctr-area_kndvi_raw100_pg-all_unified_woodypcl,kfold5_block20_unified,RF,curve+topo_ctr+area,,kndvi,none,RF
td_inext_q2,230,0.1709312945018772,1.5381335996825762,0.2308482017539262,1.22523372412912,0.0299216754842311,0.4308525498281883,1,RFG2c_curve-topo_ctr-area_kndvi_raw100_pg-all_unified_woodypcl,kfold5_block20_unified,RF,curve+topo_ctr+area,,kndvi,none,RF
lcbd_count_sorensen,479,0.7299465543940215,7.614189538151329e-06,0.1483299423966969,5.7232614042424124e-06,-7.438284176883673e-07,0.7946618430128587,2,RFG2c_curve-topo_ctr-area_kndvi_raw100_pg-all_unified_woodypcl,kfold5_block20_unified,RF,curve+topo_ctr+area,,kndvi,none,RF
pd_inext_q0,226,-0.0013558403033082,1.7724664147411258,0.2160235328989117,1.361028299753497,-0.0762343224488122,0.2340245869748525,2,RFG2c_curve-topo_ctr-area_kndvi_raw100_pg-all_unified_woodypcl,kfold5_block20_unified,RF,curve+topo_ctr+area,,kndvi,none,RF
pd_inext_q1,226,0.3641231154653079,1.1380299979743451,0.2087506894084409,0.8752090844286974,-0.0592482827277398,0.5704508312611488,2,RFG2c_curve-topo_ctr-area_kndvi_raw100_pg-all_unified_woodypcl,kfold5_block20_unified,RF,curve+topo_ctr+area,,kndvi,none,RF
pd_inext_q2,226,0.361443601875669,0.883446206905202,0.2032850198219276,0.7080977038361864,0.0059433580857291,0.5563804173355488,2,RFG2c_curve-topo_ctr-area_kndvi_raw100_pg-all_unified_woodypcl,kfold5_block20_unified,RF,curve+topo_ctr+area,,kndvi,none,RF
td_inext_q0,230,-0.0496651019988862,2.7222357497277443,0.2537464883913967,2.097416354552288,-0.0275576469799085,0.048869167872109,2,RFG2c_curve-topo_ctr-area_kndvi_raw100_pg-all_unified_woodypcl,kfold5_block20_unified,RF,curve+topo_ctr+area,,kndvi,none,RF
td_inext_q1,230,0.1512208116980317,1.836452652327092,0.2444687834945246,1.4639789292776308,0.1284237309539374,0.4478620609391833,2,RFG2c_curve-topo_ctr-area_kndvi_raw100_pg-all_unified_woodypcl,kfold5_block20_unified,RF,curve+topo_ctr+area,,kndvi,none,RF
td_inext_q2,230,0.179023281046584,1.5306088456619822,0.2297188616662686,1.2300860357186436,0.0944079633065309,0.4409117595060972,2,RFG2c_curve-topo_ctr-area_kndvi_raw100_pg-all_unified_woodypcl,kfold5_block20_unified,RF,curve+topo_ctr+area,,kndvi,none,RF
lcbd_count_sorensen,479,0.7173865604139722,7.789242545901462e-06,0.1517401021288449,5.962560768737183e-06,-1.0385379545964504e-06,0.7756557400072751,0,RFG3c_clim-curve-topo_ctr-area_kndvi_raw100_pg-all_unified_woodypcl,kfold5_block20_unified,RF,clim+curve+topo_ctr+area,,kndvi,none,RF
pd_inext_q0,226,0.0089275286556648,1.7633418047309817,0.2149114494911118,1.3641775398743885,-0.0154685146395805,0.244271368969147,0,RFG3c_clim-curve-topo_ctr-area_kndvi_raw100_pg-all_unified_woodypcl,kfold5_block20_unified,RF,clim+curve+topo_ctr+area,,kndvi,none,RF
pd_inext_q1,226,0.3521134042820759,1.1487266286076971,0.2107127897248071,0.8773826879621935,-0.0496753574723773,0.5636352389824363,0,RFG3c_clim-curve-topo_ctr-area_kndvi_raw100_pg-all_unified_woodypcl,kfold5_block20_unified,RF,clim+curve+topo_ctr+area,,kndvi,none,RF
pd_inext_q2,226,0.3428421073404991,0.8962214709819285,0.2062246666173622,0.7159023281979024,-0.0006618965678013,0.5414403812407687,0,RFG3c_clim-curve-topo_ctr-area_kndvi_raw100_pg-all_unified_woodypcl,kfold5_block20_unified,RF,clim+curve+topo_ctr+area,,kndvi,none,RF
td_inext_q0,230,-0.0779669141510994,2.7586910725143263,0.2571445813527411,2.1188405776312185,0.0504496476748438,0.0140941241455467,0,RFG3c_clim-curve-topo_ctr-area_kndvi_raw100_pg-all_unified_woodypcl,kfold5_block20_unified,RF,clim+curve+topo_ctr+area,,kndvi,none,RF
td_inext_q1,230,0.1071214816673148,1.8835561089207176,0.2507392009306828,1.48143631969693,0.0483350663529356,0.4064298444517047,0,RFG3c_clim-curve-topo_ctr-area_kndvi_raw100_pg-all_unified_woodypcl,kfold5_block20_unified,RF,clim+curve+topo_ctr+area,,kndvi,none,RF
td_inext_q2,230,0.1351173864643797,1.5710043275980152,0.2357815498266734,1.2615967336325071,0.0848637662957789,0.4113130848876008,0,RFG3c_clim-curve-topo_ctr-area_kndvi_raw100_pg-all_unified_woodypcl,kfold5_block20_unified,RF,clim+curve+topo_ctr+area,,kndvi,none,RF
lcbd_count_sorensen,479,0.7271791611061339,7.653103592682778e-06,0.1490880164422864,5.946896180336009e-06,-1.0146973188193426e-06,0.7667512049011875,1,RFG3c_clim-curve-topo_ctr-area_kndvi_raw100_pg-all_unified_woodypcl,kfold5_block20_unified,RF,clim+curve+topo_ctr+area,,kndvi,none,RF
pd_inext_q0,226,-0.0008094921905603,1.7719828125253971,0.2159645927360456,1.3463220073385287,-0.2155280166996546,0.2202967164087632,1,RFG3c_clim-curve-topo_ctr-area_kndvi_raw100_pg-all_unified_woodypcl,kfold5_block20_unified,RF,clim+curve+topo_ctr+area,,kndvi,none,RF
pd_inext_q1,226,0.3179338194125314,1.1786380279548088,0.2161994862494988,0.9086506048694188,-0.0385920760726795,0.5588666114988404,1,RFG3c_clim-curve-topo_ctr-area_kndvi_raw100_pg-all_unified_woodypcl,kfold5_block20_unified,RF,clim+curve+topo_ctr+area,,kndvi,none,RF
pd_inext_q2,226,0.3514718673278982,0.8903174595062336,0.2048661265268796,0.7090163598470476,-0.0194363595346556,0.5369150192533931,1,RFG3c_clim-curve-topo_ctr-area_kndvi_raw100_pg-all_unified_woodypcl,kfold5_block20_unified,RF,clim+curve+topo_ctr+area,,kndvi,none,RF
td_inext_q0,230,-0.0901527013515284,2.774239949989616,0.2585939316003005,2.1188711121487893,-0.3840623494109378,0.034364602309373,1,RFG3c_clim-curve-topo_ctr-area_kndvi_raw100_pg-all_unified_woodypcl,kfold5_block20_unified,RF,clim+curve+topo_ctr+area,,kndvi,none,RF
td_inext_q1,230,0.0797822834744058,1.91217514922809,0.254548970793172,1.5269272677916854,0.1751965356090467,0.3818306987791137,1,RFG3c_clim-curve-topo_ctr-area_kndvi_raw100_pg-all_unified_woodypcl,kfold5_block20_unified,RF,clim+curve+topo_ctr+area,,kndvi,none,RF
td_inext_q2,230,0.1401458742625791,1.566430705737461,0.2350951254600063,1.2533864253030012,0.0820864926604575,0.4061956999073253,1,RFG3c_clim-curve-topo_ctr-area_kndvi_raw100_pg-all_unified_woodypcl,kfold5_block20_unified,RF,clim+curve+topo_ctr+area,,kndvi,none,RF
lcbd_count_sorensen,479,0.7381689099450097,7.497378369339047e-06,0.1460543759881644,5.7696435721610615e-06,-7.512943753842597e-07,0.7839867082736497,2,RFG3c_clim-curve-topo_ctr-area_kndvi_raw100_pg-all_unified_woodypcl,kfold5_block20_unified,RF,clim+curve+topo_ctr+area,,kndvi,none,RF
pd_inext_q0,226,-0.0329783612562253,1.8002358633539275,0.2194080000719432,1.391947117861893,-0.1015546626219264,0.1816029381073741,2,RFG3c_clim-curve-topo_ctr-area_kndvi_raw100_pg-all_unified_woodypcl,kfold5_block20_unified,RF,clim+curve+topo_ctr+area,,kndvi,none,RF
pd_inext_q1,226,0.3460002658846699,1.1541333138208378,0.2117045467678257,0.8833426873860671,-0.0720202375249774,0.5667477898186879,2,RFG3c_clim-curve-topo_ctr-area_kndvi_raw100_pg-all_unified_woodypcl,kfold5_block20_unified,RF,clim+curve+topo_ctr+area,,kndvi,none,RF
pd_inext_q2,226,0.3541253955051667,0.8884941739031997,0.2044465801560234,0.709507217970614,-0.0084397197285974,0.5420766140770367,2,RFG3c_clim-curve-topo_ctr-area_kndvi_raw100_pg-all_unified_woodypcl,kfold5_block20_unified,RF,clim+curve+topo_ctr+area,,kndvi,none,RF
td_inext_q0,230,-0.0426135535475764,2.713076483036869,0.2528927299469702,2.081933652443258,-0.0789340217761097,0.0726061987265463,2,RFG3c_clim-curve-topo_ctr-area_kndvi_raw100_pg-all_unified_woodypcl,kfold5_block20_unified,RF,clim+curve+topo_ctr+area,,kndvi,none,RF
td_inext_q1,230,0.1169938694365487,1.8731141042472543,0.2493491600948731,1.497621726157117,0.1228987533832178,0.4129314910686695,2,RFG3c_clim-curve-topo_ctr-area_kndvi_raw100_pg-all_unified_woodypcl,kfold5_block20_unified,RF,clim+curve+topo_ctr+area,,kndvi,none,RF
td_inext_q2,230,0.1602997015728502,1.547964340154908,0.2323236319508972,1.2459673510244462,0.0946147616409354,0.4212800761024364,2,RFG3c_clim-curve-topo_ctr-area_kndvi_raw100_pg-all_unified_woodypcl,kfold5_block20_unified,RF,clim+curve+topo_ctr+area,,kndvi,none,RF
lcbd_count_sorensen,479,0.7118550994727184,7.865100764553897e-06,0.1532178753240947,6.017177782988541e-06,-1.0237782624829642e-06,0.7728370406036597,0,RFG6c_gm-clim-curve-topo_ctr-area_kndvi_raw100_pg-all_unified_woodypcl,kfold5_block20_unified,RF,gm+clim+curve+topo_ctr+area,,kndvi,none,RF
pd_inext_q0,226,0.0179060055577318,1.7553362629186988,0.2139357551644513,1.349799444558488,-0.0269743626931807,0.2376403032814681,0,RFG6c_gm-clim-curve-topo_ctr-area_kndvi_raw100_pg-all_unified_woodypcl,kfold5_block20_unified,RF,gm+clim+curve+topo_ctr+area,,kndvi,none,RF
pd_inext_q1,226,0.3428393714045414,1.1569190154681934,0.2122155325418447,0.8941830821070365,-0.0237336733025804,0.5739116468035274,0,RFG6c_gm-clim-curve-topo_ctr-area_kndvi_raw100_pg-all_unified_woodypcl,kfold5_block20_unified,RF,gm+clim+curve+topo_ctr+area,,kndvi,none,RF
pd_inext_q2,226,0.3189190974740109,0.9123885605419516,0.209944787996552,0.7316978938174484,0.0103333214596548,0.5429353204867707,0,RFG6c_gm-clim-curve-topo_ctr-area_kndvi_raw100_pg-all_unified_woodypcl,kfold5_block20_unified,RF,gm+clim+curve+topo_ctr+area,,kndvi,none,RF
td_inext_q0,230,-0.0901385358375557,2.7742219256053304,0.2585922515017939,2.13998929332716,0.0831728009973348,-0.0011958052827723,0,RFG6c_gm-clim-curve-topo_ctr-area_kndvi_raw100_pg-all_unified_woodypcl,kfold5_block20_unified,RF,gm+clim+curve+topo_ctr+area,,kndvi,none,RF
td_inext_q1,230,0.0807535476961062,1.9111657589520428,0.2544146006461694,1.5041896040451503,0.0604409291460593,0.3761220321196791,0,RFG6c_gm-clim-curve-topo_ctr-area_kndvi_raw100_pg-all_unified_woodypcl,kfold5_block20_unified,RF,gm+clim+curve+topo_ctr+area,,kndvi,none,RF
td_inext_q2,230,0.0847752768888633,1.6160793079686453,0.2425465526617983,1.2982709490888755,0.0918103942048255,0.3662172701510398,0,RFG6c_gm-clim-curve-topo_ctr-area_kndvi_raw100_pg-all_unified_woodypcl,kfold5_block20_unified,RF,gm+clim+curve+topo_ctr+area,,kndvi,none,RF
lcbd_count_sorensen,479,0.7263980620948871,7.664051361708824e-06,0.1493012869342894,5.942879201186513e-06,-1.0789415620014266e-06,0.7689785397504749,1,RFG6c_gm-clim-curve-topo_ctr-area_kndvi_raw100_pg-all_unified_woodypcl,kfold5_block20_unified,RF,gm+clim+curve+topo_ctr+area,,kndvi,none,RF
pd_inext_q0,226,-0.0078542669617627,1.7782084375328493,0.2167233554959087,1.3424894776373986,-0.2060415635109123,0.2163795171438617,1,RFG6c_gm-clim-curve-topo_ctr-area_kndvi_raw100_pg-all_unified_woodypcl,kfold5_block20_unified,RF,gm+clim+curve+topo_ctr+area,,kndvi,none,RF
pd_inext_q1,226,0.3084791753805443,1.1867789174729133,0.2176927828254477,0.9140179757013808,-0.0332937891003665,0.5606037766449248,1,RFG6c_gm-clim-curve-topo_ctr-area_kndvi_raw100_pg-all_unified_woodypcl,kfold5_block20_unified,RF,gm+clim+curve+topo_ctr+area,,kndvi,none,RF
pd_inext_q2,226,0.3328871155685899,0.9029841855506572,0.2077807982238015,0.7186102541206619,-0.0289881710048595,0.5480875589451751,1,RFG6c_gm-clim-curve-topo_ctr-area_kndvi_raw100_pg-all_unified_woodypcl,kfold5_block20_unified,RF,gm+clim+curve+topo_ctr+area,,kndvi,none,RF
td_inext_q0,230,-0.1064206151214104,2.794862736386179,0.2605162337482673,2.1457622264645253,-0.3458045511963364,0.0189513431282928,1,RFG6c_gm-clim-curve-topo_ctr-area_kndvi_raw100_pg-all_unified_woodypcl,kfold5_block20_unified,RF,gm+clim+curve+topo_ctr+area,,kndvi,none,RF
td_inext_q1,230,0.0389366504625215,1.954152184329481,0.2601369584240757,1.5589531374613528,0.2094877801819756,0.3536986498628988,1,RFG6c_gm-clim-curve-topo_ctr-area_kndvi_raw100_pg-all_unified_woodypcl,kfold5_block20_unified,RF,gm+clim+curve+topo_ctr+area,,kndvi,none,RF
td_inext_q2,230,0.0982172553452012,1.604167666577389,0.2407588139402226,1.288173422257829,0.0892434278434602,0.3706600302249824,1,RFG6c_gm-clim-curve-topo_ctr-area_kndvi_raw100_pg-all_unified_woodypcl,kfold5_block20_unified,RF,gm+clim+curve+topo_ctr+area,,kndvi,none,RF
lcbd_count_sorensen,479,0.7370696198406239,7.513100645156004e-06,0.1463606573401835,5.75103655209109e-06,-8.121796526697572e-07,0.7861715688224138,2,RFG6c_gm-clim-curve-topo_ctr-area_kndvi_raw100_pg-all_unified_woodypcl,kfold5_block20_unified,RF,gm+clim+curve+topo_ctr+area,,kndvi,none,RF
pd_inext_q0,226,-0.0419563069457011,1.8080421514673344,0.220359409883187,1.382393277397717,-0.0930507531190055,0.1889741964374654,2,RFG6c_gm-clim-curve-topo_ctr-area_kndvi_raw100_pg-all_unified_woodypcl,kfold5_block20_unified,RF,gm+clim+curve+topo_ctr+area,,kndvi,none,RF
pd_inext_q1,226,0.3340844358414588,1.1645999682782795,0.2136244621810222,0.8952142247992604,-0.0651477336963214,0.5802022430327051,2,RFG6c_gm-clim-curve-topo_ctr-area_kndvi_raw100_pg-all_unified_woodypcl,kfold5_block20_unified,RF,gm+clim+curve+topo_ctr+area,,kndvi,none,RF
pd_inext_q2,226,0.3326413845759525,0.9031504773250996,0.2078190627229861,0.7227918934759862,-0.0044659533798,0.5520962416521176,2,RFG6c_gm-clim-curve-topo_ctr-area_kndvi_raw100_pg-all_unified_woodypcl,kfold5_block20_unified,RF,gm+clim+curve+topo_ctr+area,,kndvi,none,RF
td_inext_q0,230,-0.0618191815996989,2.737950782985159,0.2552113264402034,2.102050190213717,-0.0319596674407427,0.0487004527703317,2,RFG6c_gm-clim-curve-topo_ctr-area_kndvi_raw100_pg-all_unified_woodypcl,kfold5_block20_unified,RF,gm+clim+curve+topo_ctr+area,,kndvi,none,RF
td_inext_q1,230,0.0769667393280434,1.9150982084092727,0.2549380887599221,1.532277010062331,0.1650621320493609,0.3708128143194483,2,RFG6c_gm-clim-curve-topo_ctr-area_kndvi_raw100_pg-all_unified_woodypcl,kfold5_block20_unified,RF,gm+clim+curve+topo_ctr+area,,kndvi,none,RF
td_inext_q2,230,0.1226194808263471,1.5823144410567518,0.2374790092373,1.2815937010127696,0.1169882087874976,0.3898459088659787,2,RFG6c_gm-clim-curve-topo_ctr-area_kndvi_raw100_pg-all_unified_woodypcl,kfold5_block20_unified,RF,gm+clim+curve+topo_ctr+area,,kndvi,none,RF
lcbd_count_sorensen,479,0.6423188942060124,0.0001068241552146,0.1652298460438204,8.349410209292016e-05,-5.4169252146153135e-06,0.729800057411281,0,RFG2c_curve-topo_ctr-area_kndvi_raw100_pg-all_unified_woodypclown,kfold5_block20_unified,RF,curve+topo_ctr+area,,kndvi,none,RF
pd_inext_q0,226,0.0533228957846523,1.7233946246931564,0.210042792522861,1.3282518961230052,-0.0075366628739556,0.2931360387270552,0,RFG2c_curve-topo_ctr-area_kndvi_raw100_pg-all_unified_woodypclown,kfold5_block20_unified,RF,curve+topo_ctr+area,,kndvi,none,RF
pd_inext_q1,226,0.370391072754365,1.132407220279112,0.207719294170741,0.871887526835763,-0.0371066528881386,0.5778465181846938,0,RFG2c_curve-topo_ctr-area_kndvi_raw100_pg-all_unified_woodypclown,kfold5_block20_unified,RF,curve+topo_ctr+area,,kndvi,none,RF
pd_inext_q2,226,0.3485784993626468,0.8923012972876729,0.2053226166895757,0.7148758098132179,0.0170925829699951,0.5545122630761152,0,RFG2c_curve-topo_ctr-area_kndvi_raw100_pg-all_unified_woodypclown,kfold5_block20_unified,RF,curve+topo_ctr+area,,kndvi,none,RF
td_inext_q0,230,-0.0586501473794676,2.7338619778957685,0.2548301985627764,2.1252905674021987,0.0825892591270877,0.0160368144110407,0,RFG2c_curve-topo_ctr-area_kndvi_raw100_pg-all_unified_woodypclown,kfold5_block20_unified,RF,curve+topo_ctr+area,,kndvi,none,RF
td_inext_q1,230,0.1403606795472022,1.8481640181366528,0.2460278018274475,1.4557343716707885,0.0171312783865941,0.4347877545747285,0,RFG2c_curve-topo_ctr-area_kndvi_raw100_pg-all_unified_woodypclown,kfold5_block20_unified,RF,curve+topo_ctr+area,,kndvi,none,RF
td_inext_q2,230,0.1549564297976747,1.5528816170943092,0.2330616332137401,1.2474586978645017,0.0908824115629414,0.4258180135206204,0,RFG2c_curve-topo_ctr-area_kndvi_raw100_pg-all_unified_woodypclown,kfold5_block20_unified,RF,curve+topo_ctr+area,,kndvi,none,RF
lcbd_count_sorensen,479,0.6471737551727886,0.0001060967079527,0.1641046698245537,8.290669747611803e-05,4.822340864122858e-07,0.7372452893105953,1,RFG2c_curve-topo_ctr-area_kndvi_raw100_pg-all_unified_woodypclown,kfold5_block20_unified,RF,curve+topo_ctr+area,,kndvi,none,RF
pd_inext_q0,226,0.024068649480649,1.7498202248146189,0.2132634749852963,1.3276631040076583,-0.1855016728990506,0.2596527176219735,1,RFG2c_curve-topo_ctr-area_kndvi_raw100_pg-all_unified_woodypclown,kfold5_block20_unified,RF,curve+topo_ctr+area,,kndvi,none,RF
pd_inext_q1,226,0.3140181778954984,1.182016379927831,0.2168191828345519,0.9175013174142764,-0.0142756040766879,0.5589580959589575,1,RFG2c_curve-topo_ctr-area_kndvi_raw100_pg-all_unified_woodypclown,kfold5_block20_unified,RF,curve+topo_ctr+area,,kndvi,none,RF
pd_inext_q2,226,0.3503580128511687,0.8910816967043811,0.2050419810076162,0.7112959865461969,-0.0174755504428565,0.534666372807564,1,RFG2c_curve-topo_ctr-area_kndvi_raw100_pg-all_unified_woodypclown,kfold5_block20_unified,RF,curve+topo_ctr+area,,kndvi,none,RF
td_inext_q0,230,-0.096759564228914,2.782633882335764,0.2593763512922185,2.1397861531259115,-0.3008106885145229,0.0169247886309212,1,RFG2c_curve-topo_ctr-area_kndvi_raw100_pg-all_unified_woodypclown,kfold5_block20_unified,RF,curve+topo_ctr+area,,kndvi,none,RF
td_inext_q1,230,0.1219995015355186,1.8677973541591213,0.2486413937255397,1.4838544782605882,0.1295936417140495,0.4249169294317394,1,RFG2c_curve-topo_ctr-area_kndvi_raw100_pg-all_unified_woodypclown,kfold5_block20_unified,RF,curve+topo_ctr+area,,kndvi,none,RF
td_inext_q2,230,0.1709312945018772,1.5381335996825762,0.2308482017539262,1.22523372412912,0.0299216754842311,0.4308525498281883,1,RFG2c_curve-topo_ctr-area_kndvi_raw100_pg-all_unified_woodypclown,kfold5_block20_unified,RF,curve+topo_ctr+area,,kndvi,none,RF
lcbd_count_sorensen,479,0.6368690529967359,0.0001076348967094,0.1664838572933518,8.417302925827027e-05,-3.774012111418152e-06,0.729836853914281,2,RFG2c_curve-topo_ctr-area_kndvi_raw100_pg-all_unified_woodypclown,kfold5_block20_unified,RF,curve+topo_ctr+area,,kndvi,none,RF
pd_inext_q0,226,-0.0013558403033082,1.7724664147411258,0.2160235328989117,1.3610282997534973,-0.0762343224488122,0.2340245869748525,2,RFG2c_curve-topo_ctr-area_kndvi_raw100_pg-all_unified_woodypclown,kfold5_block20_unified,RF,curve+topo_ctr+area,,kndvi,none,RF
pd_inext_q1,226,0.3641231154653079,1.1380299979743451,0.2087506894084409,0.8752090844286975,-0.0592482827277398,0.5704508312611488,2,RFG2c_curve-topo_ctr-area_kndvi_raw100_pg-all_unified_woodypclown,kfold5_block20_unified,RF,curve+topo_ctr+area,,kndvi,none,RF
pd_inext_q2,226,0.3614436018756688,0.8834462069052021,0.2032850198219277,0.7080977038361864,0.0059433580857291,0.5563804173355488,2,RFG2c_curve-topo_ctr-area_kndvi_raw100_pg-all_unified_woodypclown,kfold5_block20_unified,RF,curve+topo_ctr+area,,kndvi,none,RF
td_inext_q0,230,-0.0496651019988862,2.7222357497277443,0.2537464883913967,2.097416354552288,-0.0275576469799085,0.048869167872109,2,RFG2c_curve-topo_ctr-area_kndvi_raw100_pg-all_unified_woodypclown,kfold5_block20_unified,RF,curve+topo_ctr+area,,kndvi,none,RF
td_inext_q1,230,0.1512208116980317,1.836452652327092,0.2444687834945246,1.4639789292776308,0.1284237309539374,0.4478620609391833,2,RFG2c_curve-topo_ctr-area_kndvi_raw100_pg-all_unified_woodypclown,kfold5_block20_unified,RF,curve+topo_ctr+area,,kndvi,none,RF
td_inext_q2,230,0.179023281046584,1.5306088456619822,0.2297188616662686,1.2300860357186436,0.0944079633065309,0.4409117595060972,2,RFG2c_curve-topo_ctr-area_kndvi_raw100_pg-all_unified_woodypclown,kfold5_block20_unified,RF,curve+topo_ctr+area,,kndvi,none,RF
lcbd_count_sorensen,479,0.6469597258339503,0.0001061288829481,0.1641544363733215,8.38481327260616e-05,-2.5863142035709685e-06,0.696942800218247,0,RFG3c_clim-curve-topo_ctr-area_kndvi_raw100_pg-all_unified_woodypclown,kfold5_block20_unified,RF,clim+curve+topo_ctr+area,,kndvi,none,RF
pd_inext_q0,226,0.0089275286556649,1.7633418047309817,0.2149114494911118,1.3641775398743887,-0.0154685146395805,0.244271368969147,0,RFG3c_clim-curve-topo_ctr-area_kndvi_raw100_pg-all_unified_woodypclown,kfold5_block20_unified,RF,clim+curve+topo_ctr+area,,kndvi,none,RF
pd_inext_q1,226,0.3521134042820759,1.1487266286076971,0.2107127897248071,0.8773826879621935,-0.0496753574723772,0.5636352389824363,0,RFG3c_clim-curve-topo_ctr-area_kndvi_raw100_pg-all_unified_woodypclown,kfold5_block20_unified,RF,clim+curve+topo_ctr+area,,kndvi,none,RF
pd_inext_q2,226,0.3428421073404991,0.8962214709819285,0.2062246666173622,0.7159023281979023,-0.0006618965678012,0.5414403812407687,0,RFG3c_clim-curve-topo_ctr-area_kndvi_raw100_pg-all_unified_woodypclown,kfold5_block20_unified,RF,clim+curve+topo_ctr+area,,kndvi,none,RF
td_inext_q0,230,-0.0779669141510994,2.7586910725143263,0.2571445813527411,2.1188405776312185,0.0504496476748438,0.0140941241455467,0,RFG3c_clim-curve-topo_ctr-area_kndvi_raw100_pg-all_unified_woodypclown,kfold5_block20_unified,RF,clim+curve+topo_ctr+area,,kndvi,none,RF
td_inext_q1,230,0.1071214816673148,1.8835561089207176,0.2507392009306828,1.48143631969693,0.0483350663529356,0.4064298444517047,0,RFG3c_clim-curve-topo_ctr-area_kndvi_raw100_pg-all_unified_woodypclown,kfold5_block20_unified,RF,clim+curve+topo_ctr+area,,kndvi,none,RF
td_inext_q2,230,0.1351173864643797,1.5710043275980152,0.2357815498266734,1.2615967336325071,0.0848637662957789,0.4113130848876008,0,RFG3c_clim-curve-topo_ctr-area_kndvi_raw100_pg-all_unified_woodypclown,kfold5_block20_unified,RF,clim+curve+topo_ctr+area,,kndvi,none,RF
lcbd_count_sorensen,479,0.6544092038558207,0.0001050032040183,0.1624132968726333,8.34059591238531e-05,2.0252953107576088e-06,0.7006605572824932,1,RFG3c_clim-curve-topo_ctr-area_kndvi_raw100_pg-all_unified_woodypclown,kfold5_block20_unified,RF,clim+curve+topo_ctr+area,,kndvi,none,RF
pd_inext_q0,226,-0.0008094921905603,1.7719828125253971,0.2159645927360456,1.3463220073385287,-0.2155280166996546,0.2202967164087632,1,RFG3c_clim-curve-topo_ctr-area_kndvi_raw100_pg-all_unified_woodypclown,kfold5_block20_unified,RF,clim+curve+topo_ctr+area,,kndvi,none,RF
pd_inext_q1,226,0.3179338194125313,1.178638027954809,0.2161994862494988,0.9086506048694188,-0.0385920760726795,0.5588666114988404,1,RFG3c_clim-curve-topo_ctr-area_kndvi_raw100_pg-all_unified_woodypclown,kfold5_block20_unified,RF,clim+curve+topo_ctr+area,,kndvi,none,RF
pd_inext_q2,226,0.3514718673278982,0.8903174595062336,0.2048661265268796,0.7090163598470476,-0.0194363595346556,0.5369150192533931,1,RFG3c_clim-curve-topo_ctr-area_kndvi_raw100_pg-all_unified_woodypclown,kfold5_block20_unified,RF,clim+curve+topo_ctr+area,,kndvi,none,RF
td_inext_q0,230,-0.0901527013515284,2.774239949989616,0.2585939316003005,2.1188711121487893,-0.3840623494109378,0.034364602309373,1,RFG3c_clim-curve-topo_ctr-area_kndvi_raw100_pg-all_unified_woodypclown,kfold5_block20_unified,RF,clim+curve+topo_ctr+area,,kndvi,none,RF
td_inext_q1,230,0.0797822834744058,1.91217514922809,0.254548970793172,1.5269272677916854,0.1751965356090467,0.3818306987791137,1,RFG3c_clim-curve-topo_ctr-area_kndvi_raw100_pg-all_unified_woodypclown,kfold5_block20_unified,RF,clim+curve+topo_ctr+area,,kndvi,none,RF
td_inext_q2,230,0.1401458742625791,1.566430705737461,0.2350951254600063,1.2533864253030012,0.0820864926604575,0.4061956999073253,1,RFG3c_clim-curve-topo_ctr-area_kndvi_raw100_pg-all_unified_woodypclown,kfold5_block20_unified,RF,clim+curve+topo_ctr+area,,kndvi,none,RF
lcbd_count_sorensen,479,0.643423852863871,0.0001066590254739,0.1649744322604975,8.479503570997841e-05,-2.953696982547196e-06,0.6948873279067419,2,RFG3c_clim-curve-topo_ctr-area_kndvi_raw100_pg-all_unified_woodypclown,kfold5_block20_unified,RF,clim+curve+topo_ctr+area,,kndvi,none,RF
pd_inext_q0,226,-0.0329783612562253,1.8002358633539275,0.2194080000719432,1.391947117861893,-0.1015546626219264,0.1816029381073741,2,RFG3c_clim-curve-topo_ctr-area_kndvi_raw100_pg-all_unified_woodypclown,kfold5_block20_unified,RF,clim+curve+topo_ctr+area,,kndvi,none,RF
pd_inext_q1,226,0.34600026588467,1.1541333138208376,0.2117045467678257,0.8833426873860671,-0.0720202375249773,0.5667477898186879,2,RFG3c_clim-curve-topo_ctr-area_kndvi_raw100_pg-all_unified_woodypclown,kfold5_block20_unified,RF,clim+curve+topo_ctr+area,,kndvi,none,RF
pd_inext_q2,226,0.3541253955051666,0.8884941739031998,0.2044465801560234,0.709507217970614,-0.0084397197285974,0.5420766140770367,2,RFG3c_clim-curve-topo_ctr-area_kndvi_raw100_pg-all_unified_woodypclown,kfold5_block20_unified,RF,clim+curve+topo_ctr+area,,kndvi,none,RF
td_inext_q0,230,-0.0426135535475764,2.713076483036869,0.2528927299469702,2.081933652443258,-0.0789340217761097,0.0726061987265463,2,RFG3c_clim-curve-topo_ctr-area_kndvi_raw100_pg-all_unified_woodypclown,kfold5_block20_unified,RF,clim+curve+topo_ctr+area,,kndvi,none,RF
td_inext_q1,230,0.1169938694365487,1.8731141042472543,0.2493491600948731,1.497621726157117,0.1228987533832177,0.4129314910686695,2,RFG3c_clim-curve-topo_ctr-area_kndvi_raw100_pg-all_unified_woodypclown,kfold5_block20_unified,RF,clim+curve+topo_ctr+area,,kndvi,none,RF
td_inext_q2,230,0.1602997015728502,1.547964340154908,0.2323236319508972,1.2459673510244462,0.0946147616409354,0.4212800761024364,2,RFG3c_clim-curve-topo_ctr-area_kndvi_raw100_pg-all_unified_woodypclown,kfold5_block20_unified,RF,clim+curve+topo_ctr+area,,kndvi,none,RF
lcbd_count_sorensen,479,0.6418272635054811,0.0001068975446101,0.1653433608053702,8.390195449005925e-05,-3.550825410249939e-06,0.6978650057504101,0,RFG6c_gm-clim-curve-topo_ctr-area_kndvi_raw100_pg-all_unified_woodypclown,kfold5_block20_unified,RF,gm+clim+curve+topo_ctr+area,,kndvi,none,RF
pd_inext_q0,226,0.0179060055577318,1.7553362629186988,0.2139357551644513,1.349799444558488,-0.0269743626931807,0.2376403032814681,0,RFG6c_gm-clim-curve-topo_ctr-area_kndvi_raw100_pg-all_unified_woodypclown,kfold5_block20_unified,RF,gm+clim+curve+topo_ctr+area,,kndvi,none,RF
pd_inext_q1,226,0.3428393714045413,1.1569190154681936,0.2122155325418447,0.8941830821070365,-0.0237336733025804,0.5739116468035274,0,RFG6c_gm-clim-curve-topo_ctr-area_kndvi_raw100_pg-all_unified_woodypclown,kfold5_block20_unified,RF,gm+clim+curve+topo_ctr+area,,kndvi,none,RF
pd_inext_q2,226,0.3189190974740109,0.9123885605419516,0.209944787996552,0.7316978938174484,0.0103333214596548,0.5429353204867707,0,RFG6c_gm-clim-curve-topo_ctr-area_kndvi_raw100_pg-all_unified_woodypclown,kfold5_block20_unified,RF,gm+clim+curve+topo_ctr+area,,kndvi,none,RF
td_inext_q0,230,-0.0901385358375557,2.7742219256053304,0.2585922515017939,2.13998929332716,0.0831728009973348,-0.0011958052827723,0,RFG6c_gm-clim-curve-topo_ctr-area_kndvi_raw100_pg-all_unified_woodypclown,kfold5_block20_unified,RF,gm+clim+curve+topo_ctr+area,,kndvi,none,RF
td_inext_q1,230,0.0807535476961062,1.9111657589520428,0.2544146006461694,1.5041896040451503,0.0604409291460593,0.3761220321196791,0,RFG6c_gm-clim-curve-topo_ctr-area_kndvi_raw100_pg-all_unified_woodypclown,kfold5_block20_unified,RF,gm+clim+curve+topo_ctr+area,,kndvi,none,RF
td_inext_q2,230,0.0847752768888633,1.6160793079686453,0.2425465526617983,1.2982709490888755,0.0918103942048255,0.3662172701510398,0,RFG6c_gm-clim-curve-topo_ctr-area_kndvi_raw100_pg-all_unified_woodypclown,kfold5_block20_unified,RF,gm+clim+curve+topo_ctr+area,,kndvi,none,RF
lcbd_count_sorensen,479,0.6444900083354026,0.0001064994519392,0.1647276125171702,8.399118311330074e-05,2.141211203701399e-06,0.6967615474141513,1,RFG6c_gm-clim-curve-topo_ctr-area_kndvi_raw100_pg-all_unified_woodypclown,kfold5_block20_unified,RF,gm+clim+curve+topo_ctr+area,,kndvi,none,RF
pd_inext_q0,226,-0.0078542669617627,1.7782084375328493,0.2167233554959087,1.3424894776373983,-0.2060415635109123,0.2163795171438617,1,RFG6c_gm-clim-curve-topo_ctr-area_kndvi_raw100_pg-all_unified_woodypclown,kfold5_block20_unified,RF,gm+clim+curve+topo_ctr+area,,kndvi,none,RF
pd_inext_q1,226,0.3084791753805443,1.1867789174729133,0.2176927828254477,0.9140179757013808,-0.0332937891003665,0.5606037766449248,1,RFG6c_gm-clim-curve-topo_ctr-area_kndvi_raw100_pg-all_unified_woodypclown,kfold5_block20_unified,RF,gm+clim+curve+topo_ctr+area,,kndvi,none,RF
pd_inext_q2,226,0.3328871155685901,0.9029841855506572,0.2077807982238014,0.7186102541206619,-0.0289881710048595,0.5480875589451751,1,RFG6c_gm-clim-curve-topo_ctr-area_kndvi_raw100_pg-all_unified_woodypclown,kfold5_block20_unified,RF,gm+clim+curve+topo_ctr+area,,kndvi,none,RF
td_inext_q0,230,-0.1064206151214104,2.794862736386179,0.2605162337482673,2.1457622264645257,-0.3458045511963364,0.0189513431282928,1,RFG6c_gm-clim-curve-topo_ctr-area_kndvi_raw100_pg-all_unified_woodypclown,kfold5_block20_unified,RF,gm+clim+curve+topo_ctr+area,,kndvi,none,RF
td_inext_q1,230,0.0389366504625214,1.954152184329481,0.2601369584240757,1.5589531374613528,0.2094877801819756,0.3536986498628988,1,RFG6c_gm-clim-curve-topo_ctr-area_kndvi_raw100_pg-all_unified_woodypclown,kfold5_block20_unified,RF,gm+clim+curve+topo_ctr+area,,kndvi,none,RF
td_inext_q2,230,0.0982172553452012,1.604167666577389,0.2407588139402226,1.2881734222578292,0.0892434278434602,0.3706600302249824,1,RFG6c_gm-clim-curve-topo_ctr-area_kndvi_raw100_pg-all_unified_woodypclown,kfold5_block20_unified,RF,gm+clim+curve+topo_ctr+area,,kndvi,none,RF
lcbd_count_sorensen,479,0.6394906944418195,0.0001072456552271,0.1658817995464697,8.452060487710475e-05,-3.594612170739951e-06,0.6944222397627391,2,RFG6c_gm-clim-curve-topo_ctr-area_kndvi_raw100_pg-all_unified_woodypclown,kfold5_block20_unified,RF,gm+clim+curve+topo_ctr+area,,kndvi,none,RF
pd_inext_q0,226,-0.0419563069457011,1.8080421514673344,0.220359409883187,1.3823932773977174,-0.0930507531190055,0.1889741964374654,2,RFG6c_gm-clim-curve-topo_ctr-area_kndvi_raw100_pg-all_unified_woodypclown,kfold5_block20_unified,RF,gm+clim+curve+topo_ctr+area,,kndvi,none,RF
pd_inext_q1,226,0.3340844358414588,1.1645999682782795,0.2136244621810222,0.8952142247992604,-0.0651477336963214,0.5802022430327051,2,RFG6c_gm-clim-curve-topo_ctr-area_kndvi_raw100_pg-all_unified_woodypclown,kfold5_block20_unified,RF,gm+clim+curve+topo_ctr+area,,kndvi,none,RF
pd_inext_q2,226,0.3326413845759525,0.9031504773250996,0.2078190627229861,0.7227918934759862,-0.0044659533798,0.5520962416521176,2,RFG6c_gm-clim-curve-topo_ctr-area_kndvi_raw100_pg-all_unified_woodypclown,kfold5_block20_unified,RF,gm+clim+curve+topo_ctr+area,,kndvi,none,RF
td_inext_q0,230,-0.0618191815996989,2.737950782985159,0.2552113264402034,2.1020501902137174,-0.0319596674407426,0.0487004527703317,2,RFG6c_gm-clim-curve-topo_ctr-area_kndvi_raw100_pg-all_unified_woodypclown,kfold5_block20_unified,RF,gm+clim+curve+topo_ctr+area,,kndvi,none,RF
td_inext_q1,230,0.0769667393280434,1.9150982084092727,0.2549380887599221,1.532277010062331,0.1650621320493609,0.3708128143194483,2,RFG6c_gm-clim-curve-topo_ctr-area_kndvi_raw100_pg-all_unified_woodypclown,kfold5_block20_unified,RF,gm+clim+curve+topo_ctr+area,,kndvi,none,RF
td_inext_q2,230,0.1226194808263471,1.5823144410567518,0.2374790092373,1.2815937010127696,0.1169882087874977,0.3898459088659787,2,RFG6c_gm-clim-curve-topo_ctr-area_kndvi_raw100_pg-all_unified_woodypclown,kfold5_block20_unified,RF,gm+clim+curve+topo_ctr+area,,kndvi,none,RF
lcbd_count_sorensen,2499,0.3537082239389141,1.7040435336552305e-05,0.2076020972432892,1.3667150247150724e-05,-1.10088922505806e-06,0.50325298770691,0,B01c_topo_ctr-area_raw100_pg-all_unified,kfold5_block20_unified,BASE,topo_ctr+area,,,none,RF
pd_inext_q0,888,0.535281328851104,2.387478973694504,0.118550428722959,1.576860855744425,-0.0523792737405163,0.3899921909076868,0,B01c_topo_ctr-area_raw100_pg-all_unified,kfold5_block20_unified,BASE,topo_ctr+area,,,none,RF
pd_inext_q1,888,0.0341815789611029,1.159580634489144,0.2168315073554302,0.9033695950676236,0.0150033592105625,0.2217431846217403,0,B01c_topo_ctr-area_raw100_pg-all_unified,kfold5_block20_unified,BASE,topo_ctr+area,,,none,RF
pd_inext_q2,888,0.0433653822683031,0.9086121751304388,0.2385066117967176,0.724233144362872,-0.0137793741556724,0.2440301406898993,0,B01c_topo_ctr-area_raw100_pg-all_unified,kfold5_block20_unified,BASE,topo_ctr+area,,,none,RF
td_inext_q0,895,0.6644212784493247,6.559439768512648,0.1110467375447483,3.249857341183314,-0.7808680120190236,0.2733534709764723,0,B01c_topo_ctr-area_raw100_pg-all_unified,kfold5_block20_unified,BASE,topo_ctr+area,,,none,RF
td_inext_q1,895,0.0563128628399133,2.484394964010491,0.1708714990659541,1.5470594059960354,-0.0971466721764013,0.2208499776032472,0,B01c_topo_ctr-area_raw100_pg-all_unified,kfold5_block20_unified,BASE,topo_ctr+area,,,none,RF
td_inext_q2,895,-0.03040826909559,1.6610675777185515,0.2096067302464804,1.2086382059802456,-0.0630035920753163,0.1133821910560584,0,B01c_topo_ctr-area_raw100_pg-all_unified,kfold5_block20_unified,BASE,topo_ctr+area,,,none,RF
lcbd_count_sorensen,2499,0.3508742945906614,1.707775483296873e-05,0.2080567573250944,1.3782105205996007e-05,7.000457516082596e-07,0.5017044389949368,1,B01c_topo_ctr-area_raw100_pg-all_unified,kfold5_block20_unified,BASE,topo_ctr+area,,,none,RF
pd_inext_q0,888,0.5301039902195372,2.400741352706282,0.1192089730431628,1.5973645211301664,0.126029865113299,0.4237354248624437,1,B01c_topo_ctr-area_raw100_pg-all_unified,kfold5_block20_unified,BASE,topo_ctr+area,,,none,RF
pd_inext_q1,888,0.0233530894501143,1.166062964588579,0.218043646783108,0.9119091443481376,0.0503028929348623,0.2263000151343957,1,B01c_topo_ctr-area_raw100_pg-all_unified,kfold5_block20_unified,BASE,topo_ctr+area,,,none,RF
pd_inext_q2,888,0.0482806865339181,0.9062748893735224,0.2378930847915321,0.7203718576195197,-0.035131942549593,0.2426732076960705,1,B01c_topo_ctr-area_raw100_pg-all_unified,kfold5_block20_unified,BASE,topo_ctr+area,,,none,RF
td_inext_q0,895,0.6866295791572745,6.338675823370216,0.1073093580213849,3.18431359367699,-0.5232357564855803,0.2896466633955502,1,B01c_topo_ctr-area_raw100_pg-all_unified,kfold5_block20_unified,BASE,topo_ctr+area,,,none,RF
td_inext_q1,895,0.0705840160221672,2.465537946688125,0.1695745527814617,1.5433042023537749,-0.0332044356990795,0.2353584308315927,1,B01c_topo_ctr-area_raw100_pg-all_unified,kfold5_block20_unified,BASE,topo_ctr+area,,,none,RF
td_inext_q2,895,-0.062199768789996,1.6864976290827545,0.2128156965690738,1.226779181678007,0.0080978207336134,0.1117714759314088,1,B01c_topo_ctr-area_raw100_pg-all_unified,kfold5_block20_unified,BASE,topo_ctr+area,,,none,RF
lcbd_count_sorensen,2499,0.3592169252846523,1.696765740754879e-05,0.2067154502535997,1.3638985192036122e-05,-5.105451819698356e-07,0.5116874189288884,2,B01c_topo_ctr-area_raw100_pg-all_unified,kfold5_block20_unified,BASE,topo_ctr+area,,,none,RF
pd_inext_q0,888,0.5167629060360617,2.4345832327140178,0.1208893938669323,1.6081966772184098,0.0495326879883375,0.4039251854929914,2,B01c_topo_ctr-area_raw100_pg-all_unified,kfold5_block20_unified,BASE,topo_ctr+area,,,none,RF
pd_inext_q1,888,0.0283075870158031,1.1631015044855022,0.2174898794649724,0.8916480404354553,-0.0842106235705657,0.2108516294752906,2,B01c_topo_ctr-area_raw100_pg-all_unified,kfold5_block20_unified,BASE,topo_ctr+area,,,none,RF
pd_inext_q2,888,0.0596788459200564,0.900831592850364,0.236464243921601,0.7191261853697418,-0.00499373776722,0.2671014290489785,2,B01c_topo_ctr-area_raw100_pg-all_unified,kfold5_block20_unified,BASE,topo_ctr+area,,,none,RF
td_inext_q0,895,0.6698644491160392,6.506024404786068,0.110142452714651,3.357216567928506,-0.1745857118324975,0.277093205682971,2,B01c_topo_ctr-area_raw100_pg-all_unified,kfold5_block20_unified,BASE,topo_ctr+area,,,none,RF
td_inext_q1,895,0.0402969460042577,2.505388392010613,0.1723153832167751,1.5512190465701226,-0.0342081072837683,0.2221516356559945,2,B01c_topo_ctr-area_raw100_pg-all_unified,kfold5_block20_unified,BASE,topo_ctr+area,,,none,RF
td_inext_q2,895,-0.0544284384010671,1.6803168751931865,0.2120357598400516,1.2211708324762438,-0.0104488319981598,0.1107652330063713,2,B01c_topo_ctr-area_raw100_pg-all_unified,kfold5_block20_unified,BASE,topo_ctr+area,,,none,RF
lcbd_count_sorensen,2499,0.4596931515052919,1.558068713746005e-05,0.1898181156962555,1.2360763312598432e-05,-1.5271762115045396e-06,0.6325504744258038,0,RFG1c_clim-topo_ctr-area_raw100_pg-all_unified,kfold5_block20_unified,RF,clim+topo_ctr+area,,,none,RF
pd_inext_q0,888,0.6242170087155132,2.1469061211890064,0.1066047675808637,1.4240514990980673,-0.1417487420463474,0.5203922806832664,0,RFG1c_clim-topo_ctr-area_raw100_pg-all_unified,kfold5_block20_unified,RF,clim+topo_ctr+area,,,none,RF
pd_inext_q1,888,0.112604601576247,1.1115059651841643,0.2078419617378415,0.8352118419449457,-0.023990588614217,0.3694329164430336,0,RFG1c_clim-topo_ctr-area_raw100_pg-all_unified,kfold5_block20_unified,RF,clim+topo_ctr+area,,,none,RF
pd_inext_q2,888,0.1047385200692296,0.8789829580766175,0.2307290755022233,0.6863235001585118,-0.03240868109807,0.3600944908978875,0,RFG1c_clim-topo_ctr-area_raw100_pg-all_unified,kfold5_block20_unified,RF,clim+topo_ctr+area,,,none,RF
td_inext_q0,895,0.8191642868059248,4.815170200334473,0.081517471055471,2.4899786246648428,-0.6781776535974134,0.3279538255283376,0,RFG1c_clim-topo_ctr-area_raw100_pg-all_unified,kfold5_block20_unified,RF,clim+topo_ctr+area,,,none,RF
td_inext_q1,895,0.13925048265383,2.372711943797541,0.1631901740912834,1.5040679233586511,0.0255973266610732,0.3442945891280761,0,RFG1c_clim-topo_ctr-area_raw100_pg-all_unified,kfold5_block20_unified,RF,clim+topo_ctr+area,,,none,RF
td_inext_q2,895,-0.0246431750350897,1.6564142556576469,0.2090195370250524,1.1978178877187329,0.0148220397291012,0.2266890511472467,0,RFG1c_clim-topo_ctr-area_raw100_pg-all_unified,kfold5_block20_unified,RF,clim+topo_ctr+area,,,none,RF
lcbd_count_sorensen,2499,0.4605164488569425,1.556881200693165e-05,0.1896734420447881,1.2442907479723684e-05,-6.333614220482153e-08,0.6284835016506303,1,RFG1c_clim-topo_ctr-area_raw100_pg-all_unified,kfold5_block20_unified,RF,clim+topo_ctr+area,,,none,RF
pd_inext_q0,888,0.6170097284704574,2.1673964909098533,0.1076222182649798,1.4470031141979476,0.0258012885854475,0.5387140664673425,1,RFG1c_clim-topo_ctr-area_raw100_pg-all_unified,kfold5_block20_unified,RF,clim+topo_ctr+area,,,none,RF
pd_inext_q1,888,0.117218410770073,1.108612689165208,0.2073009442512378,0.8319915464486317,-0.012004901312442,0.3809230096261398,1,RFG1c_clim-topo_ctr-area_raw100_pg-all_unified,kfold5_block20_unified,RF,clim+topo_ctr+area,,,none,RF
pd_inext_q2,888,0.1186880668191945,0.8721081216052302,0.2289244618305964,0.6806420697153261,-0.0319854654568847,0.3757328951606244,1,RFG1c_clim-topo_ctr-area_raw100_pg-all_unified,kfold5_block20_unified,RF,clim+topo_ctr+area,,,none,RF
td_inext_q0,895,0.8234906682048044,4.757221537193483,0.0805364406300105,2.488366604779651,-0.5172603304741115,0.3564930129987286,1,RFG1c_clim-topo_ctr-area_raw100_pg-all_unified,kfold5_block20_unified,RF,clim+topo_ctr+area,,,none,RF
td_inext_q1,895,0.1185255382710723,2.401106866278553,0.1651431175807356,1.5202477695302463,0.12737385106066,0.352681776300177,1,RFG1c_clim-topo_ctr-area_raw100_pg-all_unified,kfold5_block20_unified,RF,clim+topo_ctr+area,,,none,RF
td_inext_q2,895,-0.0710670382275109,1.6935224602477408,0.2137021456881691,1.219946991106857,0.0376252331490752,0.215362089422026,1,RFG1c_clim-topo_ctr-area_raw100_pg-all_unified,kfold5_block20_unified,RF,clim+topo_ctr+area,,,none,RF
lcbd_count_sorensen,2499,0.4571535919692624,1.561726051887284e-05,0.1902636859258075,1.236008432298273e-05,-1.0531145401309237e-06,0.6221826903207283,2,RFG1c_clim-topo_ctr-area_raw100_pg-all_unified,kfold5_block20_unified,RF,clim+topo_ctr+area,,,none,RF
pd_inext_q0,888,0.6139148917009323,2.176135932208913,0.1080561758094098,1.445006230822748,-0.0683369225277386,0.5285155515354497,2,RFG1c_clim-topo_ctr-area_raw100_pg-all_unified,kfold5_block20_unified,RF,clim+topo_ctr+area,,,none,RF
pd_inext_q1,888,0.1190449520185933,1.107465193937374,0.2070863726099617,0.823153574472823,-0.089215643371611,0.3674967420348147,2,RFG1c_clim-topo_ctr-area_raw100_pg-all_unified,kfold5_block20_unified,RF,clim+topo_ctr+area,,,none,RF
pd_inext_q2,888,0.1256107651895255,0.8686761675742348,0.2280235893239548,0.6843931098741617,0.0060015335624453,0.3861106049056222,2,RFG1c_clim-topo_ctr-area_raw100_pg-all_unified,kfold5_block20_unified,RF,clim+topo_ctr+area,,,none,RF
td_inext_q0,895,0.8218170174602739,4.779722168212917,0.0809173606103113,2.47938817644792,-0.3127915741036758,0.3482274724806306,2,RFG1c_clim-topo_ctr-area_raw100_pg-all_unified,kfold5_block20_unified,RF,clim+topo_ctr+area,,,none,RF
td_inext_q1,895,0.0637492058588434,2.474586971327432,0.1701969258049148,1.5407951824667647,0.1479113523740009,0.3561505238610851,2,RFG1c_clim-topo_ctr-area_raw100_pg-all_unified,kfold5_block20_unified,RF,clim+topo_ctr+area,,,none,RF
td_inext_q2,895,-0.046813766011595,1.6742385838272915,0.2112687526479418,1.2097049877123998,0.0399085575141149,0.2194330915973217,2,RFG1c_clim-topo_ctr-area_raw100_pg-all_unified,kfold5_block20_unified,RF,clim+topo_ctr+area,,,none,RF
lcbd_count_sorensen,2499,0.4490033476271582,1.5734061773532286e-05,0.1916866651484061,1.2443845704256808e-05,-1.367844455298552e-06,0.6010582398436266,0,RFG2c_curve-topo_ctr-area_kndvi_raw100_pg-all_unified,kfold5_block20_unified,RF,curve+topo_ctr+area,,kndvi,none,RF
pd_inext_q0,888,0.585122930856868,2.2558187928824207,0.112012833605687,1.4865095580609051,-0.0883170022216602,0.4374368923453581,0,RFG2c_curve-topo_ctr-area_kndvi_raw100_pg-all_unified,kfold5_block20_unified,RF,curve+topo_ctr+area,,kndvi,none,RF
pd_inext_q1,888,-0.0006260700566487,1.1802910623009923,0.2207041774801752,0.8993181142698559,0.02609048437964,0.2343239986666137,0,RFG2c_curve-topo_ctr-area_kndvi_raw100_pg-all_unified,kfold5_block20_unified,RF,curve+topo_ctr+area,,kndvi,none,RF
pd_inext_q2,888,0.0459721717569795,0.9073733654621694,0.2381814298271963,0.7134263044553735,-0.0116743260716653,0.2493447567165934,0,RFG2c_curve-topo_ctr-area_kndvi_raw100_pg-all_unified,kfold5_block20_unified,RF,curve+topo_ctr+area,,kndvi,none,RF
td_inext_q0,895,0.6860954874297787,6.344075173205531,0.1074007652459702,2.8519766518860266,-0.4651049147037177,0.2361443564797942,0,RFG2c_curve-topo_ctr-area_kndvi_raw100_pg-all_unified,kfold5_block20_unified,RF,curve+topo_ctr+area,,kndvi,none,RF
td_inext_q1,895,0.0840612561340814,2.447596578644862,0.1683405829428264,1.530583424289616,-0.0630670830158944,0.253731693477416,0,RFG2c_curve-topo_ctr-area_kndvi_raw100_pg-all_unified,kfold5_block20_unified,RF,curve+topo_ctr+area,,kndvi,none,RF
td_inext_q2,895,-0.0315790622611158,1.6620109971902488,0.2097257784257152,1.2089610082622249,-0.0461512301412121,0.1425274821603055,0,RFG2c_curve-topo_ctr-area_kndvi_raw100_pg-all_unified,kfold5_block20_unified,RF,curve+topo_ctr+area,,kndvi,none,RF
lcbd_count_sorensen,2499,0.4468764720617559,1.5764399671225294e-05,0.1920562690383672,1.251631640795426e-05,6.711807763863165e-08,0.5947766208196187,1,RFG2c_curve-topo_ctr-area_kndvi_raw100_pg-all_unified,kfold5_block20_unified,RF,curve+topo_ctr+area,,kndvi,none,RF
pd_inext_q0,888,0.5755000417649869,2.281830183621463,0.1133044309591171,1.515923245303599,0.2349026768479578,0.4641536097049392,1,RFG2c_curve-topo_ctr-area_kndvi_raw100_pg-all_unified,kfold5_block20_unified,RF,curve+topo_ctr+area,,kndvi,none,RF
pd_inext_q1,888,-0.0136421540456264,1.187942836966639,0.2221349928847694,0.910300337627722,0.0543343560723342,0.2296425284460017,1,RFG2c_curve-topo_ctr-area_kndvi_raw100_pg-all_unified,kfold5_block20_unified,RF,curve+topo_ctr+area,,kndvi,none,RF
pd_inext_q2,888,0.0535307205704348,0.903771759620244,0.2372360244827637,0.7079703329574529,-0.0200722995532784,0.2609434319092252,1,RFG2c_curve-topo_ctr-area_kndvi_raw100_pg-all_unified,kfold5_block20_unified,RF,curve+topo_ctr+area,,kndvi,none,RF
td_inext_q0,895,0.6816454269434287,6.388885241627662,0.1081593684320717,2.8643037886160987,-0.3229619660405738,0.2353641907115871,1,RFG2c_curve-topo_ctr-area_kndvi_raw100_pg-all_unified,kfold5_block20_unified,RF,curve+topo_ctr+area,,kndvi,none,RF
td_inext_q1,895,0.0739896583868805,2.461016587705915,0.1692635831497013,1.55812008048231,0.0676381048806264,0.2536196050942906,1,RFG2c_curve-topo_ctr-area_kndvi_raw100_pg-all_unified,kfold5_block20_unified,RF,curve+topo_ctr+area,,kndvi,none,RF
td_inext_q2,895,-0.0701839331650553,1.692824153509073,0.2136140277848612,1.2362433076432155,0.0431422847113032,0.1266381137119798,1,RFG2c_curve-topo_ctr-area_kndvi_raw100_pg-all_unified,kfold5_block20_unified,RF,curve+topo_ctr+area,,kndvi,none,RF
lcbd_count_sorensen,2499,0.4504832012360477,1.5712918484364714e-05,0.1914290783504683,1.2436076602403282e-05,-1.0244100699626568e-06,0.599315393652554,2,RFG2c_curve-topo_ctr-area_kndvi_raw100_pg-all_unified,kfold5_block20_unified,RF,curve+topo_ctr+area,,kndvi,none,RF
pd_inext_q0,888,0.5819392578965452,2.2644575735983468,0.1124417928421036,1.5019453598353258,0.0448376426699656,0.4522076363138027,2,RFG2c_curve-topo_ctr-area_kndvi_raw100_pg-all_unified,kfold5_block20_unified,RF,curve+topo_ctr+area,,kndvi,none,RF
pd_inext_q1,888,0.0091564269105897,1.1745074070172286,0.2196226841748345,0.8808254348099381,-0.0865088956674631,0.2140078773233182,2,RFG2c_curve-topo_ctr-area_kndvi_raw100_pg-all_unified,kfold5_block20_unified,RF,curve+topo_ctr+area,,kndvi,none,RF
pd_inext_q2,888,0.0488998943198663,0.905980021040493,0.2378156831795332,0.7162877489483798,0.0079451340197434,0.2551951463888287,2,RFG2c_curve-topo_ctr-area_kndvi_raw100_pg-all_unified,kfold5_block20_unified,RF,curve+topo_ctr+area,,kndvi,none,RF
td_inext_q0,895,0.6576102800957995,6.625671492286837,0.1121679944061032,2.9997622622368074,0.0899727940802354,0.225013640271356,2,RFG2c_curve-topo_ctr-area_kndvi_raw100_pg-all_unified,kfold5_block20_unified,RF,curve+topo_ctr+area,,kndvi,none,RF
td_inext_q1,895,0.0253519077800291,2.524820693410049,0.173651896339094,1.5652493695307446,0.0366228237639825,0.2583071223622559,2,RFG2c_curve-topo_ctr-area_kndvi_raw100_pg-all_unified,kfold5_block20_unified,RF,curve+topo_ctr+area,,kndvi,none,RF
td_inext_q2,895,-0.0609711729078148,1.6855220011439545,0.2126925840690575,1.2228385520742184,0.0041976394927725,0.1294950830162981,2,RFG2c_curve-topo_ctr-area_kndvi_raw100_pg-all_unified,kfold5_block20_unified,RF,curve+topo_ctr+area,,kndvi,none,RF
lcbd_count_sorensen,2499,0.4778447214870109,1.531673530267049e-05,0.1866024141375057,1.2087836923356243e-05,-1.46051585553266e-06,0.6418867239328437,0,RFG3c_clim-curve-topo_ctr-area_kndvi_raw100_pg-all_unified,kfold5_block20_unified,RF,clim+curve+topo_ctr+area,,kndvi,none,RF
pd_inext_q0,888,0.6420863463093467,2.095239282092801,0.104039247216872,1.398171443425464,-0.1631737483153438,0.5264553946127769,0,RFG3c_clim-curve-topo_ctr-area_kndvi_raw100_pg-all_unified,kfold5_block20_unified,RF,clim+curve+topo_ctr+area,,kndvi,none,RF
pd_inext_q1,888,0.0376495142223621,1.157496926612937,0.2164418720801866,0.8727643102004482,0.0039849479619281,0.3057685255520396,0,RFG3c_clim-curve-topo_ctr-area_kndvi_raw100_pg-all_unified,kfold5_block20_unified,RF,clim+curve+topo_ctr+area,,kndvi,none,RF
pd_inext_q2,888,0.0814405736367607,0.8903466618896423,0.2337119966737527,0.6960519924354766,-0.0235262109799388,0.3051937741179394,0,RFG3c_clim-curve-topo_ctr-area_kndvi_raw100_pg-all_unified,kfold5_block20_unified,RF,clim+curve+topo_ctr+area,,kndvi,none,RF
td_inext_q0,895,0.7746798969976856,5.374889144694485,0.0909931221638985,2.5568800547660544,-0.6402378012349267,0.2706805650687462,0,RFG3c_clim-curve-topo_ctr-area_kndvi_raw100_pg-all_unified,kfold5_block20_unified,RF,clim+curve+topo_ctr+area,,kndvi,none,RF
td_inext_q1,895,0.1129789971658601,2.408649315922399,0.1656618715212093,1.5127009091580972,-0.0194713271757266,0.2992226880278142,0,RFG3c_clim-curve-topo_ctr-area_kndvi_raw100_pg-all_unified,kfold5_block20_unified,RF,clim+curve+topo_ctr+area,,kndvi,none,RF
td_inext_q2,895,-0.010704745578592,1.6451094085176523,0.207593001418232,1.2020636083615108,-0.007188254577437,0.1699406302281751,0,RFG3c_clim-curve-topo_ctr-area_kndvi_raw100_pg-all_unified,kfold5_block20_unified,RF,clim+curve+topo_ctr+area,,kndvi,none,RF
lcbd_count_sorensen,2499,0.4792032178224802,1.5296797478437494e-05,0.1863595134108817,1.2132888829724545e-05,7.125452484000357e-08,0.6384313051814611,1,RFG3c_clim-curve-topo_ctr-area_kndvi_raw100_pg-all_unified,kfold5_block20_unified,RF,clim+curve+topo_ctr+area,,kndvi,none,RF
pd_inext_q0,888,0.6473626082389329,2.079738229278906,0.1032695413987299,1.417738804492986,0.0882739633377712,0.5406586875578683,1,RFG3c_clim-curve-topo_ctr-area_kndvi_raw100_pg-all_unified,kfold5_block20_unified,RF,clim+curve+topo_ctr+area,,kndvi,none,RF
pd_inext_q1,888,0.027390723828838,1.163650110967695,0.2175924641123361,0.8776695640132159,0.0301920318157022,0.3144630419687052,1,RFG3c_clim-curve-topo_ctr-area_kndvi_raw100_pg-all_unified,kfold5_block20_unified,RF,clim+curve+topo_ctr+area,,kndvi,none,RF
pd_inext_q2,888,0.08435599406126,0.8889326010801462,0.2333408120674062,0.6979779034113813,-0.0186472911023166,0.3067207435937935,1,RFG3c_clim-curve-topo_ctr-area_kndvi_raw100_pg-all_unified,kfold5_block20_unified,RF,clim+curve+topo_ctr+area,,kndvi,none,RF
td_inext_q0,895,0.782804589666586,5.277094395503172,0.0893375253096011,2.5419237066016898,-0.5772137990938225,0.2933954936010063,1,RFG3c_clim-curve-topo_ctr-area_kndvi_raw100_pg-all_unified,kfold5_block20_unified,RF,clim+curve+topo_ctr+area,,kndvi,none,RF
td_inext_q1,895,0.1176651950033358,2.40227835359865,0.1652236900329509,1.524079202809142,0.0872821102982371,0.3022224938671001,1,RFG3c_clim-curve-topo_ctr-area_kndvi_raw100_pg-all_unified,kfold5_block20_unified,RF,clim+curve+topo_ctr+area,,kndvi,none,RF
td_inext_q2,895,-0.0565976152770182,1.6820443664684663,0.2122537484412367,1.2242808134467726,0.0611154273397833,0.1608666343315156,1,RFG3c_clim-curve-topo_ctr-area_kndvi_raw100_pg-all_unified,kfold5_block20_unified,RF,clim+curve+topo_ctr+area,,kndvi,none,RF
lcbd_count_sorensen,2499,0.4759448695808403,1.5344574825207342e-05,0.1869415805467408,1.209932942070868e-05,-1.1607829795707814e-06,0.6360363466142098,2,RFG3c_clim-curve-topo_ctr-area_kndvi_raw100_pg-all_unified,kfold5_block20_unified,RF,clim+curve+topo_ctr+area,,kndvi,none,RF
pd_inext_q0,888,0.6295641817902231,2.1315767821433345,0.1058435882214108,1.415362129387665,-0.103245332616133,0.5321730309184347,2,RFG3c_clim-curve-topo_ctr-area_kndvi_raw100_pg-all_unified,kfold5_block20_unified,RF,clim+curve+topo_ctr+area,,kndvi,none,RF
pd_inext_q1,888,0.0423844854751359,1.154645848464418,0.2159087452288539,0.858732068900933,-0.0796224151085006,0.2970029920817956,2,RFG3c_clim-curve-topo_ctr-area_kndvi_raw100_pg-all_unified,kfold5_block20_unified,RF,clim+curve+topo_ctr+area,,kndvi,none,RF
pd_inext_q2,888,0.0862456135214045,0.8880148798639314,0.2330999143732696,0.6995445304137494,0.0017397133843417,0.309907582461163,2,RFG3c_clim-curve-topo_ctr-area_kndvi_raw100_pg-all_unified,kfold5_block20_unified,RF,clim+curve+topo_ctr+area,,kndvi,none,RF
td_inext_q0,895,0.7707741032111646,5.421274292160525,0.0917783903389889,2.616211907477281,-0.2346389491497896,0.2793317866593258,2,RFG3c_clim-curve-topo_ctr-area_kndvi_raw100_pg-all_unified,kfold5_block20_unified,RF,clim+curve+topo_ctr+area,,kndvi,none,RF
td_inext_q1,895,0.0776963962090576,2.4560860323127827,0.1689244698430585,1.5322378342149785,0.079043474857987,0.3063919005150293,2,RFG3c_clim-curve-topo_ctr-area_kndvi_raw100_pg-all_unified,kfold5_block20_unified,RF,clim+curve+topo_ctr+area,,kndvi,none,RF
td_inext_q2,895,-0.0410933916424087,1.6696578305194467,0.2106907167294743,1.213245255320051,0.0222826548136971,0.1661938834738382,2,RFG3c_clim-curve-topo_ctr-area_kndvi_raw100_pg-all_unified,kfold5_block20_unified,RF,clim+curve+topo_ctr+area,,kndvi,none,RF
lcbd_count_sorensen,2499,0.4663284214441666,1.548472182936338e-05,0.1886489789441719,1.2214551678918004e-05,-1.1360038370026312e-06,0.622905980576345,0,RFG4c_gm-topo_ctr-area_raw100_pg-all_unified,kfold5_block20_unified,RF,gm+topo_ctr+area,,,none,RF
pd_inext_q0,888,0.5260050001862004,2.4111896725367044,0.1197277850657937,1.5324257375056365,-0.156435934401061,0.4351233280988856,0,RFG4c_gm-topo_ctr-area_raw100_pg-all_unified,kfold5_block20_unified,RF,gm+topo_ctr+area,,,none,RF
pd_inext_q1,888,0.0379761214011328,1.157300491482229,0.2164051404168402,0.8992603260712861,0.0184910149172827,0.2336817090548706,0,RFG4c_gm-topo_ctr-area_raw100_pg-all_unified,kfold5_block20_unified,RF,gm+topo_ctr+area,,,none,RF
pd_inext_q2,888,0.0549610515941517,0.9030885987548752,0.2370566978263849,0.7187169868703233,-0.0085140404519056,0.2505152356643256,0,RFG4c_gm-topo_ctr-area_raw100_pg-all_unified,kfold5_block20_unified,RF,gm+topo_ctr+area,,,none,RF
td_inext_q0,895,0.6390180136115486,6.803185394865195,0.115173180892423,3.1243341201690344,-0.7919797613048535,0.2578353336704794,0,RFG4c_gm-topo_ctr-area_raw100_pg-all_unified,kfold5_block20_unified,RF,gm+topo_ctr+area,,,none,RF
td_inext_q1,895,0.0212145124600251,2.530173968517313,0.174020083425182,1.5605062635748823,-0.0358386253306855,0.2644829721631195,0,RFG4c_gm-topo_ctr-area_raw100_pg-all_unified,kfold5_block20_unified,RF,gm+topo_ctr+area,,,none,RF
td_inext_q2,895,-0.0347291219631369,1.6645466453923736,0.2100457467014386,1.2165629493935588,0.0236838721926111,0.1587377416032945,0,RFG4c_gm-topo_ctr-area_raw100_pg-all_unified,kfold5_block20_unified,RF,gm+topo_ctr+area,,,none,RF
lcbd_count_sorensen,2499,0.4612001165175579,1.5558943988200785e-05,0.1895532208565553,1.2293735300104528e-05,1.798106362764662e-07,0.6154210632557402,1,RFG4c_gm-topo_ctr-area_raw100_pg-all_unified,kfold5_block20_unified,RF,gm+topo_ctr+area,,,none,RF
pd_inext_q0,888,0.5168620217471638,2.4343335438697213,0.1208769955506058,1.5545806750660975,0.1130432249032864,0.4675476735677715,1,RFG4c_gm-topo_ctr-area_raw100_pg-all_unified,kfold5_block20_unified,RF,gm+topo_ctr+area,,,none,RF
pd_inext_q1,888,0.0329079676966643,1.1603449439958289,0.2169744265949306,0.9013535800387288,0.0441657789158834,0.2354804250120452,1,RFG4c_gm-topo_ctr-area_raw100_pg-all_unified,kfold5_block20_unified,RF,gm+topo_ctr+area,,,none,RF
pd_inext_q2,888,0.0513831550467732,0.9047965204695024,0.2375050195994354,0.7200729810961813,-0.0143720004481257,0.2432196215320588,1,RFG4c_gm-topo_ctr-area_raw100_pg-all_unified,kfold5_block20_unified,RF,gm+topo_ctr+area,,,none,RF
td_inext_q0,895,0.6253724492611523,6.930577071061199,0.1173298330656513,3.153214378547591,-0.6134549481502669,0.2778525131559477,1,RFG4c_gm-topo_ctr-area_raw100_pg-all_unified,kfold5_block20_unified,RF,gm+topo_ctr+area,,,none,RF
td_inext_q1,895,0.0237826928336701,2.526852397443299,0.1737916327010046,1.5769971572039398,0.0857277050053621,0.2707467317957123,1,RFG4c_gm-topo_ctr-area_raw100_pg-all_unified,kfold5_block20_unified,RF,gm+topo_ctr+area,,,none,RF
td_inext_q2,895,-0.0803249185022769,1.7008257819452004,0.2146237369596363,1.2351875859734998,0.0673755599984923,0.1572994733829135,1,RFG4c_gm-topo_ctr-area_raw100_pg-all_unified,kfold5_block20_unified,RF,gm+topo_ctr+area,,,none,RF
lcbd_count_sorensen,2499,0.4639749265050983,1.5518828127667314e-05,0.1890644929212071,1.22602933297541e-05,-9.611242846532892e-07,0.6197710414028869,2,RFG4c_gm-topo_ctr-area_raw100_pg-all_unified,kfold5_block20_unified,RF,gm+topo_ctr+area,,,none,RF
pd_inext_q0,888,0.522260777501123,2.4206942795390427,0.1201997369645896,1.5321894523620712,-0.06721193881156,0.4607461787305397,2,RFG4c_gm-topo_ctr-area_raw100_pg-all_unified,kfold5_block20_unified,RF,gm+topo_ctr+area,,,none,RF
pd_inext_q1,888,0.0410838250929274,1.155429718653621,0.2160553221460951,0.8827804989240249,-0.0847802016543656,0.2233395078811235,2,RFG4c_gm-topo_ctr-area_raw100_pg-all_unified,kfold5_block20_unified,RF,gm+topo_ctr+area,,,none,RF
pd_inext_q2,888,0.0630780031935914,0.8992019153085274,0.2360364608922037,0.7199014590554531,0.0020202050963724,0.2581335112552733,2,RFG4c_gm-topo_ctr-area_raw100_pg-all_unified,kfold5_block20_unified,RF,gm+topo_ctr+area,,,none,RF
td_inext_q0,895,0.6155606202989132,7.020749454197039,0.1188563885821662,3.2782194256898105,-0.395649785961126,0.2563963085755686,2,RFG4c_gm-topo_ctr-area_raw100_pg-all_unified,kfold5_block20_unified,RF,gm+topo_ctr+area,,,none,RF
td_inext_q1,895,-0.0112813433435796,2.5718321444057253,0.1768852457949025,1.588427588424579,0.0839114946397247,0.2541459342458155,2,RFG4c_gm-topo_ctr-area_raw100_pg-all_unified,kfold5_block20_unified,RF,gm+topo_ctr+area,,,none,RF
td_inext_q2,895,-0.0676581747116444,1.690825342589185,0.2133618019110204,1.2283623510251305,0.0564904313951288,0.1558834002206371,2,RFG4c_gm-topo_ctr-area_raw100_pg-all_unified,kfold5_block20_unified,RF,gm+topo_ctr+area,,,none,RF
lcbd_count_sorensen,2499,0.5019930337095323,1.4958363396837097e-05,0.1822364013112665,1.1738682693980717e-05,-1.3567574569020968e-06,0.6675863279207052,0,RFG5c_gm-clim-topo_ctr-area_raw100_pg-all_unified,kfold5_block20_unified,RF,gm+clim+topo_ctr+area,,,none,RF
pd_inext_q0,888,0.6132499811974281,2.178008981919908,0.1081491822185571,1.4281218005281695,-0.1595203814925,0.5271660108284799,0,RFG5c_gm-clim-topo_ctr-area_raw100_pg-all_unified,kfold5_block20_unified,RF,gm+clim+topo_ctr+area,,,none,RF
pd_inext_q1,888,0.0953725652222323,1.1222460587872547,0.2098502659607923,0.8498978026963304,-0.0072122668696068,0.3472108493493084,0,RFG5c_gm-clim-topo_ctr-area_raw100_pg-all_unified,kfold5_block20_unified,RF,gm+clim+topo_ctr+area,,,none,RF
pd_inext_q2,888,0.0997569927439365,0.8814250398101139,0.2313701109802074,0.692819139466739,-0.0201022696382854,0.3458148089973294,0,RFG5c_gm-clim-topo_ctr-area_raw100_pg-all_unified,kfold5_block20_unified,RF,gm+clim+topo_ctr+area,,,none,RF
td_inext_q0,895,0.805223978470921,4.9973214525908505,0.0846011646355018,2.576835619088976,-0.5834078730262015,0.2964052117893081,0,RFG5c_gm-clim-topo_ctr-area_raw100_pg-all_unified,kfold5_block20_unified,RF,gm+clim+topo_ctr+area,,,none,RF
td_inext_q1,895,0.0431760837237421,2.501627449292912,0.1720567134282011,1.5377769101763166,0.0092543787330544,0.3198276763090212,0,RFG5c_gm-clim-topo_ctr-area_raw100_pg-all_unified,kfold5_block20_unified,RF,gm+clim+topo_ctr+area,,,none,RF
td_inext_q2,895,-0.0267863171051803,1.6581456275363675,0.2092380153116721,1.2029435489475837,0.0425052497967358,0.2186375836417698,0,RFG5c_gm-clim-topo_ctr-area_raw100_pg-all_unified,kfold5_block20_unified,RF,gm+clim+topo_ctr+area,,,none,RF
lcbd_count_sorensen,2499,0.5025077406712648,1.4950631412482198e-05,0.1821422032384927,1.1761239261370276e-05,3.1084549773053747e-08,0.6634540063484669,1,RFG5c_gm-clim-topo_ctr-area_raw100_pg-all_unified,kfold5_block20_unified,RF,gm+clim+topo_ctr+area,,,none,RF
pd_inext_q0,888,0.6108722132674937,2.184694003407243,0.1084811274093117,1.435508696461969,0.0500935977226444,0.5477595971255456,1,RFG5c_gm-clim-topo_ctr-area_raw100_pg-all_unified,kfold5_block20_unified,RF,gm+clim+topo_ctr+area,,,none,RF
pd_inext_q1,888,0.1093147446524329,1.113564412149491,0.2082268734421489,0.8392897250510193,0.0030982687431032,0.3618236877742095,1,RFG5c_gm-clim-topo_ctr-area_raw100_pg-all_unified,kfold5_block20_unified,RF,gm+clim+topo_ctr+area,,,none,RF
pd_inext_q2,888,0.1033532900217782,0.8796627164506385,0.2309075090199174,0.6904491311642755,-0.0217383984701566,0.3476748080103912,1,RFG5c_gm-clim-topo_ctr-area_raw100_pg-all_unified,kfold5_block20_unified,RF,gm+clim+topo_ctr+area,,,none,RF
td_inext_q0,895,0.8102318514479601,4.932660225907017,0.08350649519386,2.568553149168116,-0.5220936683319344,0.3206727404779582,1,RFG5c_gm-clim-topo_ctr-area_raw100_pg-all_unified,kfold5_block20_unified,RF,gm+clim+topo_ctr+area,,,none,RF
td_inext_q1,895,0.0595356726245198,2.480149075844974,0.170579475741878,1.5424610851114335,0.1154799421358024,0.3217424602390789,1,RFG5c_gm-clim-topo_ctr-area_raw100_pg-all_unified,kfold5_block20_unified,RF,gm+clim+topo_ctr+area,,,none,RF
td_inext_q2,895,-0.0754271954808212,1.6969660003865998,0.214136678995941,1.2219303639796275,0.067545540384187,0.2100025678309711,1,RFG5c_gm-clim-topo_ctr-area_raw100_pg-all_unified,kfold5_block20_unified,RF,gm+clim+topo_ctr+area,,,none,RF
lcbd_count_sorensen,2499,0.5012999040487396,1.496876935595346e-05,0.1823631761790277,1.170544026890128e-05,-9.035836086138868e-07,0.6616280823143124,2,RFG5c_gm-clim-topo_ctr-area_raw100_pg-all_unified,kfold5_block20_unified,RF,gm+clim+topo_ctr+area,,,none,RF
pd_inext_q0,888,0.6040955241180709,2.203635197499428,0.1094216536735822,1.4331132531801851,-0.1228120936492785,0.54122211987909,2,RFG5c_gm-clim-topo_ctr-area_raw100_pg-all_unified,kfold5_block20_unified,RF,gm+clim+topo_ctr+area,,,none,RF
pd_inext_q1,888,0.1037786091589747,1.1170197817925192,0.2088729975545079,0.8354484781956034,-0.0801418505678418,0.3416487779467166,2,RFG5c_gm-clim-topo_ctr-area_raw100_pg-all_unified,kfold5_block20_unified,RF,gm+clim+topo_ctr+area,,,none,RF
pd_inext_q2,888,0.1192121097871558,0.8718487979369033,0.2288563905333099,0.6865974993586125,0.0002108840927921,0.3697470247963223,2,RFG5c_gm-clim-topo_ctr-area_raw100_pg-all_unified,kfold5_block20_unified,RF,gm+clim+topo_ctr+area,,,none,RF
td_inext_q0,895,0.8051636874747606,4.998094828528367,0.0846142573503963,2.6041455864966947,-0.3037249852600711,0.310460508865827,2,RFG5c_gm-clim-topo_ctr-area_raw100_pg-all_unified,kfold5_block20_unified,RF,gm+clim+topo_ctr+area,,,none,RF
td_inext_q1,895,0.009815494029768,2.5448646299929933,0.1750304764524516,1.5603021177926113,0.1310700430131201,0.3256746509435071,2,RFG5c_gm-clim-topo_ctr-area_raw100_pg-all_unified,kfold5_block20_unified,RF,gm+clim+topo_ctr+area,,,none,RF
td_inext_q2,895,-0.0502872288589215,1.677013953061041,0.2116189708317871,1.2129483233040013,0.0628615771985171,0.215877002152003,2,RFG5c_gm-clim-topo_ctr-area_raw100_pg-all_unified,kfold5_block20_unified,RF,gm+clim+topo_ctr+area,,,none,RF
lcbd_count_sorensen,2499,0.4438905984525562,1.580689212490345e-05,0.1925739507951047,1.2499848129805388e-05,-1.3721358132336743e-06,0.6057094722003489,0,RFG7c_lspu-topo_ctr-area_kndvi_raw100_pg-all_unified,kfold5_block20_unified,RF,lspu+topo_ctr+area,,kndvi,none,RF
pd_inext_q0,888,0.5752008803907465,2.28263408856044,0.1133443489128324,1.5195274938240702,-0.0442969748538909,0.4123649723581458,0,RFG7c_lspu-topo_ctr-area_kndvi_raw100_pg-all_unified,kfold5_block20_unified,RF,lspu+topo_ctr+area,,kndvi,none,RF
pd_inext_q1,888,0.0384977659668018,1.156986683589905,0.2163464610664882,0.8970968659665769,0.011447680682833,0.2084793607930494,0,RFG7c_lspu-topo_ctr-area_kndvi_raw100_pg-all_unified,kfold5_block20_unified,RF,lspu+topo_ctr+area,,kndvi,none,RF
pd_inext_q2,888,0.0549298584040128,0.9031035028929372,0.2370606100956326,0.7180455995695879,-0.0169408926455475,0.2247063462400288,0,RFG7c_lspu-topo_ctr-area_kndvi_raw100_pg-all_unified,kfold5_block20_unified,RF,lspu+topo_ctr+area,,kndvi,none,RF
td_inext_q0,895,0.6968634348664196,6.234314448532693,0.1055425927776483,2.9024765437333246,-0.4340878710766459,0.2696989562255695,0,RFG7c_lspu-topo_ctr-area_kndvi_raw100_pg-all_unified,kfold5_block20_unified,RF,lspu+topo_ctr+area,,kndvi,none,RF
td_inext_q1,895,-0.0452073039712386,2.614615554353032,0.1798277994140938,1.5711131427435387,-0.0728709541370451,0.2673610315894042,0,RFG7c_lspu-topo_ctr-area_kndvi_raw100_pg-all_unified,kfold5_block20_unified,RF,lspu+topo_ctr+area,,kndvi,none,RF
td_inext_q2,895,-0.0410097107603864,1.6695907273907862,0.2106822491225108,1.196659849479908,-0.0694812855676983,0.1527454608972057,0,RFG7c_lspu-topo_ctr-area_kndvi_raw100_pg-all_unified,kfold5_block20_unified,RF,lspu+topo_ctr+area,,kndvi,none,RF
lcbd_count_sorensen,2499,0.4432716415110695,1.58156863160472e-05,0.1926810896380359,1.2515213882900727e-05,1.816088863218736e-07,0.5992213763495872,1,RFG7c_lspu-topo_ctr-area_kndvi_raw100_pg-all_unified,kfold5_block20_unified,RF,lspu+topo_ctr+area,,kndvi,none,RF
pd_inext_q0,888,0.5576028336705299,2.3294353563521413,0.1156682690070473,1.547840404097295,0.1961093097331503,0.4506720550978677,1,RFG7c_lspu-topo_ctr-area_kndvi_raw100_pg-all_unified,kfold5_block20_unified,RF,lspu+topo_ctr+area,,kndvi,none,RF
pd_inext_q1,888,0.039206939953772,1.1565599262820545,0.2162666611564311,0.8997563562639155,0.03067468456991,0.2171553517669258,1,RFG7c_lspu-topo_ctr-area_kndvi_raw100_pg-all_unified,kfold5_block20_unified,RF,lspu+topo_ctr+area,,kndvi,none,RF
pd_inext_q2,888,0.0538140834972507,0.9036364596229368,0.2372005088416386,0.7179621763789824,-0.0318224924810757,0.2289746185410394,1,RFG7c_lspu-topo_ctr-area_kndvi_raw100_pg-all_unified,kfold5_block20_unified,RF,lspu+topo_ctr+area,,kndvi,none,RF
td_inext_q0,895,0.7055760039004144,6.144069821687565,0.104014814225553,2.8461253977621186,-0.4258445232817108,0.2722443309126466,1,RFG7c_lspu-topo_ctr-area_kndvi_raw100_pg-all_unified,kfold5_block20_unified,RF,lspu+topo_ctr+area,,kndvi,none,RF
td_inext_q1,895,-0.0686867759607623,2.643819735748252,0.181836402042212,1.6002665910900058,0.0600231136790892,0.277415149489419,1,RFG7c_lspu-topo_ctr-area_kndvi_raw100_pg-all_unified,kfold5_block20_unified,RF,lspu+topo_ctr+area,,kndvi,none,RF
td_inext_q2,895,-0.0927039490669043,1.710542582419763,0.2158498801962215,1.2299612608274886,0.019166890295876,0.1410148286924005,1,RFG7c_lspu-topo_ctr-area_kndvi_raw100_pg-all_unified,kfold5_block20_unified,RF,lspu+topo_ctr+area,,kndvi,none,RF
lcbd_count_sorensen,2499,0.4426983673558616,1.5823827082750084e-05,0.1927802678695369,1.2491561807505002e-05,-1.1620012053736388e-06,0.6006607461451653,2,RFG7c_lspu-topo_ctr-area_kndvi_raw100_pg-all_unified,kfold5_block20_unified,RF,lspu+topo_ctr+area,,kndvi,none,RF
pd_inext_q0,888,0.5755930894729413,2.281580088538492,0.1132920124709819,1.5375976079506743,0.0856237957879487,0.4325538950584962,2,RFG7c_lspu-topo_ctr-area_kndvi_raw100_pg-all_unified,kfold5_block20_unified,RF,lspu+topo_ctr+area,,kndvi,none,RF
pd_inext_q1,888,0.041670869454311,1.1550759899533565,0.2159891779513819,0.8803097255550125,-0.0938786457148935,0.1999585825253166,2,RFG7c_lspu-topo_ctr-area_kndvi_raw100_pg-all_unified,kfold5_block20_unified,RF,lspu+topo_ctr+area,,kndvi,none,RF
pd_inext_q2,888,0.0622050821644871,0.8996207065849932,0.2361463917198261,0.7197224867502635,-0.0012539177075202,0.2451654099684345,2,RFG7c_lspu-topo_ctr-area_kndvi_raw100_pg-all_unified,kfold5_block20_unified,RF,lspu+topo_ctr+area,,kndvi,none,RF
td_inext_q0,895,0.6859606760448074,6.345437309970536,0.1074238252707866,2.947732625317312,-0.09420480051987,0.2697326208152948,2,RFG7c_lspu-topo_ctr-area_kndvi_raw100_pg-all_unified,kfold5_block20_unified,RF,lspu+topo_ctr+area,,kndvi,none,RF
td_inext_q1,895,-0.098556676061102,2.680512620587692,0.1843600620593972,1.5973707190086506,-0.0252950914792954,0.2615601962258934,2,RFG7c_lspu-topo_ctr-area_kndvi_raw100_pg-all_unified,kfold5_block20_unified,RF,lspu+topo_ctr+area,,kndvi,none,RF
td_inext_q2,895,-0.083193370836087,1.7030822806226278,0.2149084799261029,1.2215631421808348,0.0085823568820753,0.1343608473550966,2,RFG7c_lspu-topo_ctr-area_kndvi_raw100_pg-all_unified,kfold5_block20_unified,RF,lspu+topo_ctr+area,,kndvi,none,RF
lcbd_count_sorensen,2499,0.3203396834988425,1.747480456953412e-05,0.2128939786984274,1.4228427459259454e-05,-1.1027559271411917e-06,0.3676599018473418,0,B02c_area_raw100_pg-all_unified,kfold5_block20_unified,BASE,area,,,none,RF
pd_inext_q0,888,0.6714102285450931,2.00757377957853,0.0996862108040745,1.408882379609674,-0.0206946230690461,0.3320017331896858,0,B02c_area_raw100_pg-all_unified,kfold5_block20_unified,BASE,area,,,none,RF
pd_inext_q1,888,0.0789244408001192,1.1324025556527129,0.2117494426625128,0.8940578860057635,0.0384533300783483,0.184259713165332,0,B02c_area_raw100_pg-all_unified,kfold5_block20_unified,BASE,area,,,none,RF
pd_inext_q2,888,0.1046227511100202,0.8790397882067104,0.2307439931559235,0.7030227601344816,-0.0258525989397467,0.2301867354831861,0,B02c_area_raw100_pg-all_unified,kfold5_block20_unified,BASE,area,,,none,RF
td_inext_q0,895,0.8161673759295095,4.854906096224756,0.0821901720417984,2.5280902384782578,-0.162337431266478,0.2784245317424349,0,B02c_area_raw100_pg-all_unified,kfold5_block20_unified,BASE,area,,,none,RF
td_inext_q1,895,-0.0732865465132577,2.649503303151774,0.1822273059429004,1.5998670119847005,-0.08736323417772,0.2540527176346233,0,B02c_area_raw100_pg-all_unified,kfold5_block20_unified,BASE,area,,,none,RF
td_inext_q2,895,-0.0392930891134841,1.6682135845751425,0.2105084702789878,1.2044079028797603,-0.0767654857710416,0.0914909565777199,0,B02c_area_raw100_pg-all_unified,kfold5_block20_unified,BASE,area,,,none,RF
lcbd_count_sorensen,2499,0.3153614562473453,1.7538685620937852e-05,0.2136722358252905,1.4335772857511112e-05,6.060563205584878e-07,0.3575252482987461,1,B02c_area_raw100_pg-all_unified,kfold5_block20_unified,BASE,area,,,none,RF
pd_inext_q0,888,0.6595353312299431,2.0435276570862064,0.1014715030054932,1.433043215133002,0.236966793871069,0.3496414515732978,1,B02c_area_raw100_pg-all_unified,kfold5_block20_unified,BASE,area,,,none,RF
pd_inext_q1,888,0.0699159757277839,1.1379267426153274,0.2127824176453562,0.8970068730741614,0.0283614092628914,0.2164380116264711,1,B02c_area_raw100_pg-all_unified,kfold5_block20_unified,BASE,area,,,none,RF
pd_inext_q2,888,0.1105020426755147,0.8761490273415725,0.2299851814226782,0.6995289009908136,-0.0289781267221788,0.2509861621692116,1,B02c_area_raw100_pg-all_unified,kfold5_block20_unified,BASE,area,,,none,RF
td_inext_q0,895,0.8399132433240363,4.5305115711326165,0.0766983991221382,2.432586803077873,-0.0541760043777594,0.2915332574749881,1,B02c_area_raw100_pg-all_unified,kfold5_block20_unified,BASE,area,,,none,RF
td_inext_q1,895,-0.0902753694201905,2.670390184377309,0.1836638620289981,1.631614014705756,0.0997736342845177,0.2504275841903494,1,B02c_area_raw100_pg-all_unified,kfold5_block20_unified,BASE,area,,,none,RF
td_inext_q2,895,-0.0749852290531893,1.6966172649832432,0.2140926727865614,1.2231868876244647,-0.02701543258674,0.1034763623448976,1,B02c_area_raw100_pg-all_unified,kfold5_block20_unified,BASE,area,,,none,RF
lcbd_count_sorensen,2499,0.322973360869343,1.744091435445631e-05,0.2124810972439796,1.422613052551722e-05,-3.73819510641162e-07,0.3654832314509624,2,B02c_area_raw100_pg-all_unified,kfold5_block20_unified,BASE,area,,,none,RF
pd_inext_q0,888,0.6713965686249579,2.007615507920184,0.0996882828276808,1.4147827942837494,0.0213593328438204,0.3270955665193192,2,B02c_area_raw100_pg-all_unified,kfold5_block20_unified,BASE,area,,,none,RF
pd_inext_q1,888,0.0816458399156666,1.1307284264487734,0.2114363950416737,0.8696788356482837,-0.0942531260964178,0.1772386090794755,2,B02c_area_raw100_pg-all_unified,kfold5_block20_unified,BASE,area,,,none,RF
pd_inext_q2,888,0.1138285861721216,0.8745091821412573,0.2295547294286334,0.7015523203694491,-0.0119519750894568,0.2966920927977315,2,B02c_area_raw100_pg-all_unified,kfold5_block20_unified,BASE,area,,,none,RF
td_inext_q0,895,0.8196237956469213,4.809048564828195,0.0814138360385488,2.543534977376718,0.0337108326630316,0.2534241969391423,2,B02c_area_raw100_pg-all_unified,kfold5_block20_unified,BASE,area,,,none,RF
td_inext_q1,895,-0.1710283587427226,2.767517200406115,0.1903440554237932,1.6563312365707032,0.0932930913401064,0.2364185301420836,2,B02c_area_raw100_pg-all_unified,kfold5_block20_unified,BASE,area,,,none,RF
td_inext_q2,895,-0.0770545746046351,1.6982494731780762,0.214298637810134,1.221208554446568,-0.0482196968942061,0.0900605290202834,2,B02c_area_raw100_pg-all_unified,kfold5_block20_unified,BASE,area,,,none,RF
lcbd_count_sorensen,2499,0.320343904592979,1.7472387391447972e-05,0.2130595599111045,1.4226973552287917e-05,-1.1054217394388908e-06,0.3641687403477205,0,B02c_area_raw100_pg-all_unified_woody,kfold5_block20_unified,BASE,area,,,none,RF
pd_inext_q0,877,0.0748132852236517,1.4803202167852851,0.2138618998701051,1.1501106538733743,-0.0663531549190059,0.176582483557994,0,B02c_area_raw100_pg-all_unified_woody,kfold5_block20_unified,BASE,area,,,none,RF
pd_inext_q1,877,0.1318586026086706,1.062825052468792,0.211944080391132,0.8595630143187671,0.0531977749359492,0.2548273593106668,0,B02c_area_raw100_pg-all_unified_woody,kfold5_block20_unified,BASE,area,,,none,RF
pd_inext_q2,877,0.1300116212091525,0.8667019841254466,0.226280643610894,0.6988228266033464,0.0009825723273026,0.3306977145326914,0,B02c_area_raw100_pg-all_unified_woody,kfold5_block20_unified,BASE,area,,,none,RF
td_inext_q0,881,-0.0019135886010148,2.3232991470122486,0.2341571110700566,1.7809039500268935,-0.0883386693915967,0.1670990740909751,0,B02c_area_raw100_pg-all_unified_woody,kfold5_block20_unified,BASE,area,,,none,RF
td_inext_q1,881,0.0422665056448055,1.6557129316793535,0.2023419528045395,1.2392173288806694,-0.0514837211446607,0.2392007969566894,0,B02c_area_raw100_pg-all_unified_woody,kfold5_block20_unified,BASE,area,,,none,RF
td_inext_q2,881,0.0735531707900826,1.4519863175989414,0.1951083891608963,1.1075456646899915,0.0301443583583732,0.2254101033730121,0,B02c_area_raw100_pg-all_unified_woody,kfold5_block20_unified,BASE,area,,,none,RF
lcbd_count_sorensen,2499,0.3154206844273108,1.753555551119446e-05,0.213829836547724,1.4335925401755656e-05,6.102640152681066e-07,0.3574638691011438,1,B02c_area_raw100_pg-all_unified_woody,kfold5_block20_unified,BASE,area,,,none,RF
pd_inext_q0,877,0.0898669966963929,1.468227681773412,0.2121148910252883,1.148929225949222,0.013682863120619,0.1990075926257907,1,B02c_area_raw100_pg-all_unified_woody,kfold5_block20_unified,BASE,area,,,none,RF
pd_inext_q1,877,0.1262988849654437,1.0662228727014105,0.2126216593424974,0.8514537607672298,-0.0309149978663322,0.2563054497419081,1,B02c_area_raw100_pg-all_unified_woody,kfold5_block20_unified,BASE,area,,,none,RF
pd_inext_q2,877,0.0902639517444154,0.8862796286676652,0.2313920222491565,0.7041874656060951,-0.0787410615114946,0.248082349323606,1,B02c_area_raw100_pg-all_unified_woody,kfold5_block20_unified,BASE,area,,,none,RF
td_inext_q0,881,-0.004359417674201,2.326133188284056,0.23444274407505,1.8234615435237065,0.1520582172190968,0.1701028063592134,1,B02c_area_raw100_pg-all_unified_woody,kfold5_block20_unified,BASE,area,,,none,RF
td_inext_q1,881,0.0563281082350592,1.6435132602572315,0.2008510510353408,1.2322054044087825,-0.037130347031486,0.2408809276650126,1,B02c_area_raw100_pg-all_unified_woody,kfold5_block20_unified,BASE,area,,,none,RF
td_inext_q2,881,0.0720200626683852,1.4531872132008643,0.1952697576280793,1.1093642686623126,0.0168800827878857,0.2330477415492127,1,B02c_area_raw100_pg-all_unified_woody,kfold5_block20_unified,BASE,area,,,none,RF
lcbd_count_sorensen,2499,0.32307317119021,1.743727053349311e-05,0.2126313423965943,1.4223735061350222e-05,-3.725897528890796e-07,0.3654690986692067,2,B02c_area_raw100_pg-all_unified_woody,kfold5_block20_unified,BASE,area,,,none,RF
pd_inext_q0,877,0.0845990909211379,1.4724706470380695,0.212727872326424,1.1409893793222403,-0.0504297650727057,0.1733575673951266,2,B02c_area_raw100_pg-all_unified_woody,kfold5_block20_unified,BASE,area,,,none,RF
pd_inext_q1,877,0.117599276690849,1.0715180161901496,0.2136775944793791,0.8468300658352266,-0.0718526603060617,0.2664247776619549,2,B02c_area_raw100_pg-all_unified_woody,kfold5_block20_unified,BASE,area,,,none,RF
pd_inext_q2,877,0.1119266842571089,0.8756639596897613,0.2286204577983099,0.690361571697404,-0.1022650695882473,0.2554798210384931,2,B02c_area_raw100_pg-all_unified_woody,kfold5_block20_unified,BASE,area,,,none,RF
td_inext_q0,881,-0.0372835955372818,2.363952546662584,0.2382544235618813,1.8057793719891984,-0.1361616952989282,0.1190616043367631,2,B02c_area_raw100_pg-all_unified_woody,kfold5_block20_unified,BASE,area,,,none,RF
td_inext_q1,881,0.0410210639727838,1.6567891308204885,0.2024734733306267,1.262709791381956,0.102343083805458,0.2212724787197017,2,B02c_area_raw100_pg-all_unified_woody,kfold5_block20_unified,BASE,area,,,none,RF
td_inext_q2,881,0.0668813035269587,1.457205225460718,0.1958096717375629,1.106226052707547,-0.0270043061599535,0.2215882319041084,2,B02c_area_raw100_pg-all_unified_woody,kfold5_block20_unified,BASE,area,,,none,RF
lcbd_count_sorensen,2499,0.4387948279923086,1.5877001085003426e-05,0.1936053035050422,1.2596114450162214e-05,-9.336959910857324e-07,0.599114959788967,0,B03c_coords_raw100_pg-all_unified_woody,kfold5_block20_unified,BASE,coords,,,none,RF
pd_inext_q0,877,0.0727205146085879,1.4819935118503638,0.2141036408512815,1.1189666268443494,-0.0336814937283156,0.3690010644912361,0,B03c_coords_raw100_pg-all_unified_woody,kfold5_block20_unified,BASE,coords,,,none,RF
pd_inext_q1,877,0.0599024968970579,1.1059945818874926,0.2205527655103916,0.8597132973368651,0.065185355713929,0.335805396825007,0,B03c_coords_raw100_pg-all_unified_woody,kfold5_block20_unified,BASE,coords,,,none,RF
pd_inext_q2,877,0.0497167818339552,0.9058151810217936,0.2364924113574693,0.722235487469853,0.0571969826199534,0.3054309534560298,0,B03c_coords_raw100_pg-all_unified_woody,kfold5_block20_unified,BASE,coords,,,none,RF
td_inext_q0,881,0.0338387547518187,2.2814702293140967,0.2299413222681789,1.753744755638083,0.0143008483163361,0.2285205376080403,0,B03c_coords_raw100_pg-all_unified_woody,kfold5_block20_unified,BASE,coords,,,none,RF
td_inext_q1,881,-0.0034156009721699,1.69474018464768,0.2071114091680882,1.2950481149148805,0.0745858857154882,0.1569841920842259,0,B03c_coords_raw100_pg-all_unified_woody,kfold5_block20_unified,BASE,coords,,,none,RF
td_inext_q2,881,0.0061148362315617,1.5039049131675195,0.2020848691911161,1.162697022188888,0.0627055620910446,0.1410129782996435,0,B03c_coords_raw100_pg-all_unified_woody,kfold5_block20_unified,BASE,coords,,,none,RF
lcbd_count_sorensen,2499,0.4381510872417651,1.5886104478763413e-05,0.193716310949231,1.2658629752625203e-05,5.7371174403445334e-08,0.5984098227264865,1,B03c_coords_raw100_pg-all_unified_woody,kfold5_block20_unified,BASE,coords,,,none,RF
pd_inext_q0,877,0.0807528085014193,1.4755608784249012,0.2131743181345217,1.117135314006383,-0.0042239022161031,0.381188143031343,1,B03c_coords_raw100_pg-all_unified_woody,kfold5_block20_unified,BASE,coords,,,none,RF
pd_inext_q1,877,0.0669594756979543,1.101835607508156,0.2197234004157778,0.8456304808026172,0.0121426122447269,0.3445453987243715,1,B03c_coords_raw100_pg-all_unified_woody,kfold5_block20_unified,BASE,coords,,,none,RF
pd_inext_q2,877,0.0599586630354315,0.9009206486300056,0.2352145350400339,0.7091235256511195,-0.0369983878238244,0.3003498563360509,1,B03c_coords_raw100_pg-all_unified_woody,kfold5_block20_unified,BASE,coords,,,none,RF
td_inext_q0,881,0.0205862336629847,2.2970640320038545,0.2315129665366864,1.7916420274569855,0.2172814147503612,0.2249459083684049,1,B03c_coords_raw100_pg-all_unified_woody,kfold5_block20_unified,BASE,coords,,,none,RF
td_inext_q1,881,0.0148413436525072,1.679251680633697,0.2052185845798116,1.2835615062584709,0.0495590832005755,0.1700452837608632,1,B03c_coords_raw100_pg-all_unified_woody,kfold5_block20_unified,BASE,coords,,,none,RF
td_inext_q2,881,-0.0087022621355048,1.5150737428954406,0.2035856632072956,1.1774570917448977,0.105123719387477,0.1369272484326527,1,B03c_coords_raw100_pg-all_unified_woody,kfold5_block20_unified,BASE,coords,,,none,RF
lcbd_count_sorensen,2499,0.4334367220484491,1.5952613863266465e-05,0.1945273312107846,1.2599057630867518e-05,-9.992477813977905e-07,0.5924419459078306,2,B03c_coords_raw100_pg-all_unified_woody,kfold5_block20_unified,BASE,coords,,,none,RF
pd_inext_q0,877,0.0923006844213527,1.4662633537278609,0.2118311045019224,1.1027455178630463,-0.0590935959384878,0.3892669919693362,2,B03c_coords_raw100_pg-all_unified_woody,kfold5_block20_unified,BASE,coords,,,none,RF
pd_inext_q1,877,0.0920699351424555,1.0869079079291817,0.2167465816512298,0.8359192236439373,-0.013810010915957,0.3510900646018933,2,B03c_coords_raw100_pg-all_unified_woody,kfold5_block20_unified,BASE,coords,,,none,RF
pd_inext_q2,877,0.0569144247563668,0.9023782442570843,0.2355950876205759,0.7095659721085797,-0.0229561884615907,0.3051654395152562,2,B03c_coords_raw100_pg-all_unified_woody,kfold5_block20_unified,BASE,coords,,,none,RF
td_inext_q0,881,0.0192211192272721,2.2986643073310207,0.2316742526319392,1.7579535960956607,-0.0532735370631182,0.2193134110069902,2,B03c_coords_raw100_pg-all_unified_woody,kfold5_block20_unified,BASE,coords,,,none,RF
td_inext_q1,881,-0.0203789138184982,1.709005421388455,0.2088547402758665,1.3170148232010306,0.1592757505010138,0.1323426015461143,2,B03c_coords_raw100_pg-all_unified_woody,kfold5_block20_unified,BASE,coords,,,none,RF
td_inext_q2,881,-0.0152594004981994,1.5199901864014749,0.2042463026094968,1.174930589074156,0.0678561596710744,0.1137585903488179,2,B03c_coords_raw100_pg-all_unified_woody,kfold5_block20_unified,BASE,coords,,,none,RF
hill_q0_unified,3102,0.3046272316164455,2.532134614634542,0.1808667581881815,1.7533283050026007,-0.0913277335190088,0.6284490066148735,0,B03c_coords_raw100_unified-all_unified_woody,kfold5_block20_unified,BASE,coords,,,none,RF
lcbd_pa_unified,3094,0.3670970033251821,1.188027389700418e-05,0.2047610222466458,9.386467520933586e-06,-2.939091840078121e-07,0.5190472017661321,0,B03c_coords_raw100_unified-all_unified_woody,kfold5_block20_unified,BASE,coords,,,none,RF
pcoa1_pa_unified,3094,0.7029124527485552,0.1599379155295937,0.1247395498017076,0.0912199040536489,-0.0247341865463,0.8307735732300741,0,B03c_coords_raw100_unified-all_unified_woody,kfold5_block20_unified,BASE,coords,,,none,RF
pcoa2_pa_unified,3094,0.7458765585955174,0.1361378331633285,0.1300817405701615,0.1058883095871056,0.0090890596588052,0.8696430698119753,0,B03c_coords_raw100_unified-all_unified_woody,kfold5_block20_unified,BASE,coords,,,none,RF
lcbd_freq_unified,3040,0.3222778295806426,2.065829805983573e-05,0.2073455476348721,1.6180843828830718e-05,-1.8823578760449904e-06,0.5140807160209615,0,B03c_coords_raw100_unified-all_unified_woody,kfold5_block20_unified,BASE,coords,,,none,RF
pcoa1_freq_unified,3040,0.5707184592493286,0.3276751618806774,0.1581050522946627,0.1554583865118694,-0.0579614018430794,0.6772656858604209,0,B03c_coords_raw100_unified-all_unified_woody,kfold5_block20_unified,BASE,coords,,,none,RF
pcoa2_freq_unified,3040,0.4916899273486983,0.3371149595178216,0.1601070244427807,0.2281219406637699,0.0052279470667944,0.8172752786233419,0,B03c_coords_raw100_unified-all_unified_woody,kfold5_block20_unified,BASE,coords,,,none,RF
mpd_unified,2535,0.2619652921104993,100.33721547817198,0.1568714990714884,66.09162326062044,5.992678837142496,0.4371824179010722,0,B03c_coords_raw100_unified-all_unified_woody,kfold5_block20_unified,BASE,coords,,,none,RF
mntd_unified,2535,0.1362271831857382,94.6511497808611,0.1479816604856232,61.30961028742309,-5.267731594142803,0.3016090229174933,0,B03c_coords_raw100_unified-all_unified_woody,kfold5_block20_unified,BASE,coords,,,none,RF
ses_pd_unified,2535,0.2258207176620293,1.0585747261147096,0.1938070829592821,0.7484815697589885,-0.0407806262627972,0.4129368026205712,0,B03c_coords_raw100_unified-all_unified_woody,kfold5_block20_unified,BASE,coords,,,none,RF
ses_mpd_unified,2535,0.273775188019799,1.0831080529902035,0.1969552645397619,0.7579880862614846,-0.0675035735224668,0.4175792768911008,0,B03c_coords_raw100_unified-all_unified_woody,kfold5_block20_unified,BASE,coords,,,none,RF
ses_mntd_unified,2535,0.1401959137846786,1.1342174454015836,0.1868662009722859,0.8384996680593712,-0.0923566604807208,0.327534202559397,0,B03c_coords_raw100_unified-all_unified_woody,kfold5_block20_unified,BASE,coords,,,none,RF
dark_n_unified,3094,0.686528917444769,15.546165148980316,0.1452912630745823,11.88778173430278,0.1360000983943691,0.8295594698191422,0,B03c_coords_raw100_unified-all_unified_woody,kfold5_block20_unified,BASE,coords,,,none,RF
hill_q0_unified,3102,0.3054973301581583,2.530549927709409,0.1807535662649577,1.750646423866056,-0.1203630717499931,0.6278557067617163,1,B03c_coords_raw100_unified-all_unified_woody,kfold5_block20_unified,BASE,coords,,,none,RF
lcbd_pa_unified,3094,0.349763712466814,1.2041857359577256e-05,0.2075459744507325,9.425361296255172e-06,-1.675677940494832e-06,0.5109032058244796,1,B03c_coords_raw100_unified-all_unified_woody,kfold5_block20_unified,BASE,coords,,,none,RF
pcoa1_pa_unified,3094,0.7110961424842164,0.1577196765573376,0.1230094901730349,0.091224305018048,-0.019512389887417,0.8297718911663432,1,B03c_coords_raw100_unified-all_unified_woody,kfold5_block20_unified,BASE,coords,,,none,RF
pcoa2_pa_unified,3094,0.743039724713362,0.1368955920316074,0.1308057905291464,0.1079132004108325,-0.0142523702566467,0.8688830329416234,1,B03c_coords_raw100_unified-all_unified_woody,kfold5_block20_unified,BASE,coords,,,none,RF
lcbd_freq_unified,3040,0.3221724570645267,2.0659903977668823e-05,0.207361666093014,1.6206678488799893e-05,-1.1300951579412735e-06,0.5122670397939213,1,B03c_coords_raw100_unified-all_unified_woody,kfold5_block20_unified,BASE,coords,,,none,RF
pcoa1_freq_unified,3040,0.5740459216846471,0.3264027476700529,0.1574911055000487,0.1547829506750845,-0.0592048451747597,0.6858564305595523,1,B03c_coords_raw100_unified-all_unified_woody,kfold5_block20_unified,BASE,coords,,,none,RF
pcoa2_freq_unified,3040,0.4914644316568258,0.3371897264231554,0.1601425337146235,0.2241599552392088,0.0193780585386138,0.8171395961737484,1,B03c_coords_raw100_unified-all_unified_woody,kfold5_block20_unified,BASE,coords,,,none,RF
mpd_unified,2535,0.2601016755885766,100.4638167049428,0.1570694328504276,64.62564688829184,-0.4093647844704563,0.4352499795758706,1,B03c_coords_raw100_unified-all_unified_woody,kfold5_block20_unified,BASE,coords,,,none,RF
mntd_unified,2535,0.1307918757650492,94.9484798853104,0.1484465191024561,61.6316207099138,-7.177773611821194,0.2981307623946333,1,B03c_coords_raw100_unified-all_unified_woody,kfold5_block20_unified,BASE,coords,,,none,RF
ses_pd_unified,2535,0.2175732476121276,1.0641983810749749,0.1948366788267546,0.7644031879302007,0.0329761355545996,0.4070777160485483,1,B03c_coords_raw100_unified-all_unified_woody,kfold5_block20_unified,BASE,coords,,,none,RF
ses_mpd_unified,2535,0.2731444187653339,1.0835783226396258,0.1970407796302936,0.7658411489141934,-0.0357307540086245,0.416848948802682,1,B03c_coords_raw100_unified-all_unified_woody,kfold5_block20_unified,BASE,coords,,,none,RF
ses_mntd_unified,2535,0.1341857587650541,1.1381747140353111,0.1875181745059407,0.8415885335852205,-0.0758330930500434,0.3177627287946977,1,B03c_coords_raw100_unified-all_unified_woody,kfold5_block20_unified,BASE,coords,,,none,RF
dark_n_unified,3094,0.6842061448838441,15.60365619323111,0.1458285625535617,11.935540330312492,0.024112370738748,0.8278220770703202,1,B03c_coords_raw100_unified-all_unified_woody,kfold5_block20_unified,BASE,coords,,,none,RF
hill_q0_unified,3102,0.3070526326787437,2.527714822236741,0.1805510587311957,1.760793644675988,-0.0555973433035971,0.625761537783904,2,B03c_coords_raw100_unified-all_unified_woody,kfold5_block20_unified,BASE,coords,,,none,RF
lcbd_pa_unified,3094,0.3581759552002128,1.19637097713071e-05,0.2061990711554859,9.413921652431228e-06,-7.810110478888273e-07,0.5115666624495413,2,B03c_coords_raw100_unified-all_unified_woody,kfold5_block20_unified,BASE,coords,,,none,RF
pcoa1_pa_unified,3094,0.6924300726642285,0.1627350652734479,0.1269211163090677,0.0914828223107167,-0.0325434134571225,0.8267571768955766,2,B03c_coords_raw100_unified-all_unified_woody,kfold5_block20_unified,BASE,coords,,,none,RF
pcoa2_pa_unified,3094,0.7473131813574933,0.1357524773169365,0.1297135272816672,0.1060504336067591,-0.0013677068166798,0.8702927443255601,2,B03c_coords_raw100_unified-all_unified_woody,kfold5_block20_unified,BASE,coords,,,none,RF
lcbd_freq_unified,3040,0.3219388401679568,2.066346394428765e-05,0.2073973971695046,1.6198497876261282e-05,-1.6479586963396602e-06,0.5127191430148879,2,B03c_coords_raw100_unified-all_unified_woody,kfold5_block20_unified,BASE,coords,,,none,RF
pcoa1_freq_unified,3040,0.5594746984955099,0.3319386658919782,0.1601622162273707,0.156540854710979,-0.0651030080924545,0.682006771800078,2,B03c_coords_raw100_unified-all_unified_woody,kfold5_block20_unified,BASE,coords,,,none,RF
pcoa2_freq_unified,3040,0.4908730599865875,0.3373857269847294,0.1602356208524581,0.2221405301316794,0.0236680160355025,0.8191181054398685,2,B03c_coords_raw100_unified-all_unified_woody,kfold5_block20_unified,BASE,coords,,,none,RF
mpd_unified,2535,0.2612193845908035,100.38790644305416,0.1569507514965488,64.41601992890287,-0.8340531785969622,0.4376443142910161,2,B03c_coords_raw100_unified-all_unified_woody,kfold5_block20_unified,BASE,coords,,,none,RF
mntd_unified,2535,0.1318188481721269,94.89237232879556,0.1483587981461013,61.05456589775356,-5.295632028592899,0.3024118712563756,2,B03c_coords_raw100_unified-all_unified_woody,kfold5_block20_unified,BASE,coords,,,none,RF
ses_pd_unified,2535,0.2220523877030181,1.061147913308851,0.194278189903083,0.752226747588704,-0.0226667740904387,0.4149396854236699,2,B03c_coords_raw100_unified-all_unified_woody,kfold5_block20_unified,BASE,coords,,,none,RF
ses_mpd_unified,2535,0.2640272441028605,1.0903529739480924,0.1982727003393493,0.7683942679280829,-0.0642978424049542,0.4111062435071052,2,B03c_coords_raw100_unified-all_unified_woody,kfold5_block20_unified,BASE,coords,,,none,RF
ses_mntd_unified,2535,0.1386715533881953,1.1352224362695873,0.1870317766529255,0.8389308534808677,-0.0103080904860829,0.3142912146072806,2,B03c_coords_raw100_unified-all_unified_woody,kfold5_block20_unified,BASE,coords,,,none,RF
dark_n_unified,3094,0.6867937601738383,15.53959650669372,0.1452298738943338,11.93110813356745,0.9377239869964834,0.8303962126204141,2,B03c_coords_raw100_unified-all_unified_woody,kfold5_block20_unified,BASE,coords,,,none,RF
lcbd_count_sorensen,2499,0.5078696845384632,1.4867833925936542e-05,0.1812994459270006,1.1649572608351336e-05,-1.2348030857453103e-06,0.6699341876784299,0,RFC1c_gmoall-clim-coords-topo_ctr-area_raw100_pg-all_unified_woody_gmonc,kfold5_block20_unified,RF,gmoall+clim+coords+topo_ctr+area,,,none,RF
pd_inext_q0,877,0.1308849017094419,1.4347612002651664,0.2072799875792866,1.0920779277788453,-0.0787911122823204,0.3991295049458706,0,RFC1c_gmoall-clim-coords-topo_ctr-area_raw100_pg-all_unified_woody_gmonc,kfold5_block20_unified,RF,gmoall+clim+coords+topo_ctr+area,,,none,RF
pd_inext_q1,877,0.1447962885660983,1.054875821994283,0.2103588784439034,0.8254260682453015,0.037855797300704,0.3951035517202655,0,RFC1c_gmoall-clim-coords-topo_ctr-area_raw100_pg-all_unified_woody_gmonc,kfold5_block20_unified,RF,gmoall+clim+coords+topo_ctr+area,,,none,RF
pd_inext_q2,877,0.1189638749997707,0.872187630469375,0.2277128493841142,0.6907697963921284,0.0012174869641376,0.3678850213539078,0,RFC1c_gmoall-clim-coords-topo_ctr-area_raw100_pg-all_unified_woody_gmonc,kfold5_block20_unified,RF,gmoall+clim+coords+topo_ctr+area,,,none,RF
td_inext_q0,881,0.0221426416603276,2.295238148793248,0.2313289422201033,1.7554995774987496,-0.0511699981301823,0.2080795433562559,0,RFC1c_gmoall-clim-coords-topo_ctr-area_raw100_pg-all_unified_woody_gmonc,kfold5_block20_unified,RF,gmoall+clim+coords+topo_ctr+area,,,none,RF
td_inext_q1,881,0.0781137920307355,1.6244313471068643,0.1985190818296792,1.2260587816851591,0.0382000679425136,0.2767301543197717,0,RFC1c_gmoall-clim-coords-topo_ctr-area_raw100_pg-all_unified_woody_gmonc,kfold5_block20_unified,RF,gmoall+clim+coords+topo_ctr+area,,,none,RF
td_inext_q2,881,0.0769767918658933,1.4493009762214537,0.1947475506156852,1.1150457247181154,0.0765405275081786,0.2700297263288529,0,RFC1c_gmoall-clim-coords-topo_ctr-area_raw100_pg-all_unified_woody_gmonc,kfold5_block20_unified,RF,gmoall+clim+coords+topo_ctr+area,,,none,RF
lcbd_count_sorensen,2499,0.5092444652714416,1.4847052533387434e-05,0.1810460361180456,1.1654637608200234e-05,4.06842642928365e-08,0.6677148052521812,1,RFC1c_gmoall-clim-coords-topo_ctr-area_raw100_pg-all_unified_woody_gmonc,kfold5_block20_unified,RF,gmoall+clim+coords+topo_ctr+area,,,none,RF
pd_inext_q0,877,0.1426719626184688,1.4249987710576784,0.2058696091800814,1.0895830130162238,-0.0576678383911412,0.4120454623469071,1,RFC1c_gmoall-clim-coords-topo_ctr-area_raw100_pg-all_unified_woody_gmonc,kfold5_block20_unified,RF,gmoall+clim+coords+topo_ctr+area,,,none,RF
pd_inext_q1,877,0.1336273347273949,1.0617418122951163,0.2117280652135456,0.8195187287152124,-0.0286444598232214,0.3847740110544416,1,RFC1c_gmoall-clim-coords-topo_ctr-area_raw100_pg-all_unified_woody_gmonc,kfold5_block20_unified,RF,gmoall+clim+coords+topo_ctr+area,,,none,RF
pd_inext_q2,877,0.096480160912251,0.883246472462749,0.2306001185143181,0.6898217835759091,-0.0597388504751761,0.3408791116418548,1,RFC1c_gmoall-clim-coords-topo_ctr-area_raw100_pg-all_unified_woody_gmonc,kfold5_block20_unified,RF,gmoall+clim+coords+topo_ctr+area,,,none,RF
td_inext_q0,881,0.0189559407483367,2.298975037465948,0.2317055700241961,1.7967678334309745,0.1896558401285919,0.214583386580367,1,RFC1c_gmoall-clim-coords-topo_ctr-area_raw100_pg-all_unified_woody_gmonc,kfold5_block20_unified,RF,gmoall+clim+coords+topo_ctr+area,,,none,RF
td_inext_q1,881,0.0823512413867048,1.6206936983191316,0.198062309921858,1.2284477686372894,0.0467960724323198,0.2762888566147839,1,RFC1c_gmoall-clim-coords-topo_ctr-area_raw100_pg-all_unified_woody_gmonc,kfold5_block20_unified,RF,gmoall+clim+coords+topo_ctr+area,,,none,RF
td_inext_q2,881,0.0712118174348414,1.453819918691753,0.1953547764382735,1.1241688785792316,0.0982624003759475,0.2622198629055131,1,RFC1c_gmoall-clim-coords-topo_ctr-area_raw100_pg-all_unified_woody_gmonc,kfold5_block20_unified,RF,gmoall+clim+coords+topo_ctr+area,,,none,RF
lcbd_count_sorensen,2499,0.5056349559846159,1.4901552575880205e-05,0.181710613591547,1.1646392747459065e-05,-9.54659001343772e-07,0.6647900956332455,2,RFC1c_gmoall-clim-coords-topo_ctr-area_raw100_pg-all_unified_woody_gmonc,kfold5_block20_unified,RF,gmoall+clim+coords+topo_ctr+area,,,none,RF
pd_inext_q0,877,0.1413510439249724,1.426096124086358,0.2060281438004159,1.087446610772531,-0.0752392513128922,0.4150400490186668,2,RFC1c_gmoall-clim-coords-topo_ctr-area_raw100_pg-all_unified_woody_gmonc,kfold5_block20_unified,RF,gmoall+clim+coords+topo_ctr+area,,,none,RF
pd_inext_q1,877,0.156924389624626,1.0473692342241103,0.2088619464341347,0.801740991778261,-0.0849673043756303,0.4151203857824447,2,RFC1c_gmoall-clim-coords-topo_ctr-area_raw100_pg-all_unified_woody_gmonc,kfold5_block20_unified,RF,gmoall+clim+coords+topo_ctr+area,,,none,RF
pd_inext_q2,877,0.1105894701307812,0.8763229760900886,0.2287925153889783,0.689118344973109,-0.0427680503861854,0.3585244822191608,2,RFC1c_gmoall-clim-coords-topo_ctr-area_raw100_pg-all_unified_woody_gmonc,kfold5_block20_unified,RF,gmoall+clim+coords+topo_ctr+area,,,none,RF
td_inext_q0,881,-0.0094104240750967,2.331975010632968,0.2350315207060597,1.779719569652535,-0.102269142414739,0.1804412726613828,2,RFC1c_gmoall-clim-coords-topo_ctr-area_raw100_pg-all_unified_woody_gmonc,kfold5_block20_unified,RF,gmoall+clim+coords+topo_ctr+area,,,none,RF
td_inext_q1,881,0.0630413715223986,1.6376568655852004,0.2001353506795243,1.2502300776665929,0.1320533604324625,0.2511720739111759,2,RFC1c_gmoall-clim-coords-topo_ctr-area_raw100_pg-all_unified_woody_gmonc,kfold5_block20_unified,RF,gmoall+clim+coords+topo_ctr+area,,,none,RF
td_inext_q2,881,0.0644468740975158,1.4591048511743507,0.1960649309700385,1.1151188633273317,0.0156222063507913,0.2474644980412914,2,RFC1c_gmoall-clim-coords-topo_ctr-area_raw100_pg-all_unified_woody_gmonc,kfold5_block20_unified,RF,gmoall+clim+coords+topo_ctr+area,,,none,RF
hill_q0_unified,3102,0.4606449967366088,2.2300536249557465,0.1592895446396962,1.5721972075288555,-0.0591996351718424,0.7120707203921165,0,RFC1c_gmoall-clim-coords-topo_ctr-area_raw100_unified-all_unified_woody_gmonc,kfold5_block20_unified,RF,gmoall+clim+coords+topo_ctr+area,,,none,RF
lcbd_pa_unified,3094,0.4526070916244199,1.1048605339522164e-05,0.1904268995255061,8.774552197854832e-06,-3.954956197060319e-08,0.6312218654341605,0,RFC1c_gmoall-clim-coords-topo_ctr-area_raw100_unified-all_unified_woody_gmonc,kfold5_block20_unified,RF,gmoall+clim+coords+topo_ctr+area,,,none,RF
pcoa1_pa_unified,3094,0.7174232818344866,0.1559830456459013,0.1216550486239689,0.0866002297307698,-0.0225527910190914,0.8556804635633409,0,RFC1c_gmoall-clim-coords-topo_ctr-area_raw100_unified-all_unified_woody_gmonc,kfold5_block20_unified,RF,gmoall+clim+coords+topo_ctr+area,,,none,RF
pcoa2_pa_unified,3094,0.7871363118664786,0.1245969068988369,0.1190542125025167,0.096243013980272,0.0056828888362766,0.8925810806309976,0,RFC1c_gmoall-clim-coords-topo_ctr-area_raw100_unified-all_unified_woody_gmonc,kfold5_block20_unified,RF,gmoall+clim+coords+topo_ctr+area,,,none,RF
lcbd_freq_unified,3040,0.3979643205186444,1.9470621207775444e-05,0.1954249379800776,1.5234897470854352e-05,-2.159785277029636e-06,0.6010268887738884,0,RFC1c_gmoall-clim-coords-topo_ctr-area_raw100_unified-all_unified_woody_gmonc,kfold5_block20_unified,RF,gmoall+clim+coords+topo_ctr+area,,,none,RF
pcoa1_freq_unified,3040,0.5661648090316564,0.3294085021584546,0.1589413984299312,0.1516302631040761,-0.0583431155756262,0.7180278056692952,0,RFC1c_gmoall-clim-coords-topo_ctr-area_raw100_unified-all_unified_woody_gmonc,kfold5_block20_unified,RF,gmoall+clim+coords+topo_ctr+area,,,none,RF
pcoa2_freq_unified,3040,0.5218824328805678,0.3269497558729196,0.1552792336180483,0.2176964171329415,0.0084554317293156,0.8534019496639095,0,RFC1c_gmoall-clim-coords-topo_ctr-area_raw100_unified-all_unified_woody_gmonc,kfold5_block20_unified,RF,gmoall+clim+coords+topo_ctr+area,,,none,RF
mpd_unified,2535,0.2835776709070243,98.85717782805304,0.1545575448347685,65.23416808416485,6.409061385244139,0.450012628504717,0,RFC1c_gmoall-clim-coords-topo_ctr-area_raw100_unified-all_unified_woody_gmonc,kfold5_block20_unified,RF,gmoall+clim+coords+topo_ctr+area,,,none,RF
mntd_unified,2535,0.1349798980679031,94.71946310381098,0.1480884644598678,60.73131760420044,-5.998974312433034,0.3060586406005843,0,RFC1c_gmoall-clim-coords-topo_ctr-area_raw100_unified-all_unified_woody_gmonc,kfold5_block20_unified,RF,gmoall+clim+coords+topo_ctr+area,,,none,RF
ses_pd_unified,2535,0.249256697143487,1.0424289924343513,0.1908510728925081,0.7336398516200285,-0.0580908721370006,0.435414735802503,0,RFC1c_gmoall-clim-coords-topo_ctr-area_raw100_unified-all_unified_woody_gmonc,kfold5_block20_unified,RF,gmoall+clim+coords+topo_ctr+area,,,none,RF
ses_mpd_unified,2535,0.2994521479374818,1.0637881454763625,0.1934420808968491,0.7438021192540776,-0.0880404320511562,0.4488057937814006,0,RFC1c_gmoall-clim-coords-topo_ctr-area_raw100_unified-all_unified_woody_gmonc,kfold5_block20_unified,RF,gmoall+clim+coords+topo_ctr+area,,,none,RF
ses_mntd_unified,2535,0.157719359696919,1.122599849879507,0.1849521624001896,0.8284179062810131,-0.0935074763490522,0.3508669701445564,0,RFC1c_gmoall-clim-coords-topo_ctr-area_raw100_unified-all_unified_woody_gmonc,kfold5_block20_unified,RF,gmoall+clim+coords+topo_ctr+area,,,none,RF
dark_n_unified,3094,0.7055591887804373,15.066887235263938,0.1408120302361115,11.31999380442877,-0.2425482082908197,0.8408403053727697,0,RFC1c_gmoall-clim-coords-topo_ctr-area_raw100_unified-all_unified_woody_gmonc,kfold5_block20_unified,RF,gmoall+clim+coords+topo_ctr+area,,,none,RF
hill_q0_unified,3102,0.454909359866775,2.241879743416326,0.1601342673868804,1.570366543940249,-0.1154862052603318,0.708660443293796,1,RFC1c_gmoall-clim-coords-topo_ctr-area_raw100_unified-all_unified_woody_gmonc,kfold5_block20_unified,RF,gmoall+clim+coords+topo_ctr+area,,,none,RF
lcbd_pa_unified,3094,0.4400242133110532,1.1174870566772598e-05,0.192603128561145,8.788950498343583e-06,-1.4174676344534478e-06,0.6272915975325591,1,RFC1c_gmoall-clim-coords-topo_ctr-area_raw100_unified-all_unified_woody_gmonc,kfold5_block20_unified,RF,gmoall+clim+coords+topo_ctr+area,,,none,RF
pcoa1_pa_unified,3094,0.7254393374640664,0.1537546873502595,0.1199170966838373,0.0864455024897864,-0.0178062186670892,0.8551789815088504,1,RFC1c_gmoall-clim-coords-topo_ctr-area_raw100_unified-all_unified_woody_gmonc,kfold5_block20_unified,RF,gmoall+clim+coords+topo_ctr+area,,,none,RF
pcoa2_pa_unified,3094,0.7865386410156384,0.1247717035989677,0.1192212333700492,0.097619157645467,-0.0132005797749565,0.8929261807206943,1,RFC1c_gmoall-clim-coords-topo_ctr-area_raw100_unified-all_unified_woody_gmonc,kfold5_block20_unified,RF,gmoall+clim+coords+topo_ctr+area,,,none,RF
lcbd_freq_unified,3040,0.4042486141135141,1.93687334872106e-05,0.1944022997570935,1.5224986395444778e-05,-7.751482615467439e-07,0.6013948772642077,1,RFC1c_gmoall-clim-coords-topo_ctr-area_raw100_unified-all_unified_woody_gmonc,kfold5_block20_unified,RF,gmoall+clim+coords+topo_ctr+area,,,none,RF
pcoa1_freq_unified,3040,0.5633334766584194,0.3304816610578283,0.1594592034504038,0.1518682382121197,-0.0608094430472426,0.7222778122495046,1,RFC1c_gmoall-clim-coords-topo_ctr-area_raw100_unified-all_unified_woody_gmonc,kfold5_block20_unified,RF,gmoall+clim+coords+topo_ctr+area,,,none,RF
pcoa2_freq_unified,3040,0.5175677144579177,0.328421703197967,0.15597831000044,0.2134056093308408,0.0185835454374738,0.850964370995688,1,RFC1c_gmoall-clim-coords-topo_ctr-area_raw100_unified-all_unified_woody_gmonc,kfold5_block20_unified,RF,gmoall+clim+coords+topo_ctr+area,,,none,RF
mpd_unified,2535,0.2785842088222134,99.2010967480019,0.1550952424006648,64.39149189486528,-0.2300543905512976,0.4507579488084006,1,RFC1c_gmoall-clim-coords-topo_ctr-area_raw100_unified-all_unified_woody_gmonc,kfold5_block20_unified,RF,gmoall+clim+coords+topo_ctr+area,,,none,RF
mntd_unified,2535,0.1346225933656096,94.73902346740596,0.1481190459698778,60.770207397408846,-5.521384510808254,0.3151054927713287,1,RFC1c_gmoall-clim-coords-topo_ctr-area_raw100_unified-all_unified_woody_gmonc,kfold5_block20_unified,RF,gmoall+clim+coords+topo_ctr+area,,,none,RF
ses_pd_unified,2535,0.2522142370575078,1.0403736509364805,0.1904747747150052,0.7450968930677695,0.0092918748612159,0.4379894661313699,1,RFC1c_gmoall-clim-coords-topo_ctr-area_raw100_unified-all_unified_woody_gmonc,kfold5_block20_unified,RF,gmoall+clim+coords+topo_ctr+area,,,none,RF
ses_mpd_unified,2535,0.2994450134336107,1.0637935623663697,0.1934430659186125,0.7531097015875888,-0.0612020719559997,0.4437730240723335,1,RFC1c_gmoall-clim-coords-topo_ctr-area_raw100_unified-all_unified_woody_gmonc,kfold5_block20_unified,RF,gmoall+clim+coords+topo_ctr+area,,,none,RF
ses_mntd_unified,2535,0.1504567108438931,1.1274293261668695,0.1857478351260536,0.8334327630180798,-0.0849254329731852,0.3378584412747185,1,RFC1c_gmoall-clim-coords-topo_ctr-area_raw100_unified-all_unified_woody_gmonc,kfold5_block20_unified,RF,gmoall+clim+coords+topo_ctr+area,,,none,RF
dark_n_unified,3094,0.7044612099741625,15.094953536650538,0.1410743321182293,11.31563163323544,-0.1002623283119847,0.8399051859743123,1,RFC1c_gmoall-clim-coords-topo_ctr-area_raw100_unified-all_unified_woody_gmonc,kfold5_block20_unified,RF,gmoall+clim+coords+topo_ctr+area,,,none,RF
hill_q0_unified,3102,0.4557103493313421,2.240231960374312,0.1600165685981651,1.588909783297977,-0.0369427328078228,0.7019745718074322,2,RFC1c_gmoall-clim-coords-topo_ctr-area_raw100_unified-all_unified_woody_gmonc,kfold5_block20_unified,RF,gmoall+clim+coords+topo_ctr+area,,,none,RF
lcbd_pa_unified,3094,0.4472907555439824,1.11021282926698e-05,0.1913493879037356,8.76181421901099e-06,-6.972827984449211e-07,0.6355110265323276,2,RFC1c_gmoall-clim-coords-topo_ctr-area_raw100_unified-all_unified_woody_gmonc,kfold5_block20_unified,RF,gmoall+clim+coords+topo_ctr+area,,,none,RF
pcoa1_pa_unified,3094,0.7104696923677212,0.1578905811758854,0.1231427829267018,0.0872618531969856,-0.0268944015234837,0.8526758122469931,2,RFC1c_gmoall-clim-coords-topo_ctr-area_raw100_unified-all_unified_woody_gmonc,kfold5_block20_unified,RF,gmoall+clim+coords+topo_ctr+area,,,none,RF
pcoa2_pa_unified,3094,0.7868737913338081,0.12467371466242,0.1191276034721247,0.0965098528613543,0.000475704021931,0.8917317703763541,2,RFC1c_gmoall-clim-coords-topo_ctr-area_raw100_unified-all_unified_woody_gmonc,kfold5_block20_unified,RF,gmoall+clim+coords+topo_ctr+area,,,none,RF
lcbd_freq_unified,3040,0.4050434916177859,1.935580786944775e-05,0.1942725664515814,1.5169866566756308e-05,-1.2992661604595737e-06,0.601423020914147,2,RFC1c_gmoall-clim-coords-topo_ctr-area_raw100_unified-all_unified_woody_gmonc,kfold5_block20_unified,RF,gmoall+clim+coords+topo_ctr+area,,,none,RF
pcoa1_freq_unified,3040,0.5584769647295669,0.3323143527167032,0.160343487168777,0.1513715454972431,-0.0660274996039118,0.723189772056526,2,RFC1c_gmoall-clim-coords-topo_ctr-area_raw100_unified-all_unified_woody_gmonc,kfold5_block20_unified,RF,gmoall+clim+coords+topo_ctr+area,,,none,RF
pcoa2_freq_unified,3040,0.5218786881165798,0.326951036255987,0.15527984171424,0.2112308169428846,0.022963475714569,0.8545733921200679,2,RFC1c_gmoall-clim-coords-topo_ctr-area_raw100_unified-all_unified_woody_gmonc,kfold5_block20_unified,RF,gmoall+clim+coords+topo_ctr+area,,,none,RF
mpd_unified,2535,0.2838204545974544,98.84042587658078,0.154531354116526,63.22378304202452,-1.1472794366104069,0.4583994800611556,2,RFC1c_gmoall-clim-coords-topo_ctr-area_raw100_unified-all_unified_woody_gmonc,kfold5_block20_unified,RF,gmoall+clim+coords+topo_ctr+area,,,none,RF
mntd_unified,2535,0.1267664311831227,95.16808686778924,0.1487898620623324,61.08333995035603,-4.831930742149228,0.313547049501349,2,RFC1c_gmoall-clim-coords-topo_ctr-area_raw100_unified-all_unified_woody_gmonc,kfold5_block20_unified,RF,gmoall+clim+coords+topo_ctr+area,,,none,RF
ses_pd_unified,2535,0.2505246828133342,1.0415483028524046,0.190689833563192,0.7394319093512364,-0.0231858857101006,0.4352559037547316,2,RFC1c_gmoall-clim-coords-topo_ctr-area_raw100_unified-all_unified_woody_gmonc,kfold5_block20_unified,RF,gmoall+clim+coords+topo_ctr+area,,,none,RF
ses_mpd_unified,2535,0.2971017800563165,1.0655711784590491,0.1937663123821738,0.747933646485082,-0.0787412717291069,0.4403169489862629,2,RFC1c_gmoall-clim-coords-topo_ctr-area_raw100_unified-all_unified_woody_gmonc,kfold5_block20_unified,RF,gmoall+clim+coords+topo_ctr+area,,,none,RF
ses_mntd_unified,2535,0.1502715203483065,1.1275522026707254,0.1857680794500652,0.8344573146430025,0.0057166223166873,0.3361985867085209,2,RFC1c_gmoall-clim-coords-topo_ctr-area_raw100_unified-all_unified_woody_gmonc,kfold5_block20_unified,RF,gmoall+clim+coords+topo_ctr+area,,,none,RF
dark_n_unified,3094,0.7062910541595668,15.048150373024397,0.1406369193740597,11.348196719759112,0.4856749012907432,0.8415175090318042,2,RFC1c_gmoall-clim-coords-topo_ctr-area_raw100_unified-all_unified_woody_gmonc,kfold5_block20_unified,RF,gmoall+clim+coords+topo_ctr+area,,,none,RF
lcbd_count_sorensen,2499,0.5008311214766552,1.4973778083181624e-05,0.182591336669352,1.1722526398828192e-05,-1.2705758602438447e-06,0.6661879762942059,0,RFC2c_gmoall-clim-spi-topo_ctr-area_raw100_pg-all_unified_woody_gmonc,kfold5_block20_unified,RF,gmoall+clim+spi+topo_ctr+area,,,none,RF
pd_inext_q0,877,0.1354165437567822,1.4310158265895123,0.2067388933478383,1.0944339550091025,-0.0715681823974904,0.4019801592510588,0,RFC2c_gmoall-clim-spi-topo_ctr-area_raw100_pg-all_unified_woody_gmonc,kfold5_block20_unified,RF,gmoall+clim+spi+topo_ctr+area,,,none,RF
pd_inext_q1,877,0.1639436183364458,1.043000058861192,0.2079906639476988,0.8139731831207885,0.0302757419346583,0.4126617854557705,0,RFC2c_gmoall-clim-spi-topo_ctr-area_raw100_pg-all_unified_woody_gmonc,kfold5_block20_unified,RF,gmoall+clim+spi+topo_ctr+area,,,none,RF
pd_inext_q2,877,0.1376692490395351,0.8628792030029703,0.2252825826988143,0.6826309467355142,4.950306127860568e-05,0.3954766585832035,0,RFC2c_gmoall-clim-spi-topo_ctr-area_raw100_pg-all_unified_woody_gmonc,kfold5_block20_unified,RF,gmoall+clim+spi+topo_ctr+area,,,none,RF
td_inext_q0,881,0.0058195666010444,2.3143157199522784,0.2332517032018635,1.7722991981296754,-0.0473585408195052,0.2051654659931395,0,RFC2c_gmoall-clim-spi-topo_ctr-area_raw100_pg-all_unified_woody_gmonc,kfold5_block20_unified,RF,gmoall+clim+spi+topo_ctr+area,,,none,RF
td_inext_q1,881,0.0796032729184892,1.623118529143037,0.1983586445066414,1.2280218207127396,0.0207994759128797,0.2793099379009472,0,RFC2c_gmoall-clim-spi-topo_ctr-area_raw100_pg-all_unified_woody_gmonc,kfold5_block20_unified,RF,gmoall+clim+spi+topo_ctr+area,,,none,RF
td_inext_q2,881,0.0694949540990029,1.4551629901042782,0.19553524955751,1.1193019021025792,0.071638026708459,0.2669048508587116,0,RFC2c_gmoall-clim-spi-topo_ctr-area_raw100_pg-all_unified_woody_gmonc,kfold5_block20_unified,RF,gmoall+clim+spi+topo_ctr+area,,,none,RF
lcbd_count_sorensen,2499,0.5038216159488124,1.4928857144270322e-05,0.1820435674801272,1.175086533827588e-05,2.522500099590105e-08,0.6655102691808447,1,RFC2c_gmoall-clim-spi-topo_ctr-area_raw100_pg-all_unified_woody_gmonc,kfold5_block20_unified,RF,gmoall+clim+spi+topo_ctr+area,,,none,RF
pd_inext_q0,877,0.1460163595112643,1.422216628111664,0.2054676729169687,1.0879999143415446,-0.0616678038184854,0.4143399387179599,1,RFC2c_gmoall-clim-spi-topo_ctr-area_raw100_pg-all_unified_woody_gmonc,kfold5_block20_unified,RF,gmoall+clim+spi+topo_ctr+area,,,none,RF
pd_inext_q1,877,0.1520413569559835,1.0503979982067635,0.2094659297477893,0.8112311716128243,-0.0310436991024755,0.4054027421508683,1,RFC2c_gmoall-clim-spi-topo_ctr-area_raw100_pg-all_unified_woody_gmonc,kfold5_block20_unified,RF,gmoall+clim+spi+topo_ctr+area,,,none,RF
pd_inext_q2,877,0.1053659969420524,0.87889251416313,0.2294633765841759,0.6848393447450021,-0.0615805851305937,0.3550810647933491,1,RFC2c_gmoall-clim-spi-topo_ctr-area_raw100_pg-all_unified_woody_gmonc,kfold5_block20_unified,RF,gmoall+clim+spi+topo_ctr+area,,,none,RF
td_inext_q0,881,-0.0060846576207533,2.328130190508544,0.2346440148723505,1.814164148358289,0.1742322327635363,0.1990028967081971,1,RFC2c_gmoall-clim-spi-topo_ctr-area_raw100_pg-all_unified_woody_gmonc,kfold5_block20_unified,RF,gmoall+clim+spi+topo_ctr+area,,,none,RF
td_inext_q1,881,0.0819456479632364,1.621051825587499,0.1981060760660051,1.225207173258819,0.0266263581937702,0.2853134661942478,1,RFC2c_gmoall-clim-spi-topo_ctr-area_raw100_pg-all_unified_woody_gmonc,kfold5_block20_unified,RF,gmoall+clim+spi+topo_ctr+area,,,none,RF
td_inext_q2,881,0.0652989437538154,1.4584402485221917,0.1959756260287156,1.128040248067352,0.0904026428429442,0.2557127285036697,1,RFC2c_gmoall-clim-spi-topo_ctr-area_raw100_pg-all_unified_woody_gmonc,kfold5_block20_unified,RF,gmoall+clim+spi+topo_ctr+area,,,none,RF
lcbd_count_sorensen,2499,0.50011558160564,1.4984506414613271e-05,0.182722158721439,1.1732436588297037e-05,-9.415353192218852e-07,0.6600187533614396,2,RFC2c_gmoall-clim-spi-topo_ctr-area_raw100_pg-all_unified_woody_gmonc,kfold5_block20_unified,RF,gmoall+clim+spi+topo_ctr+area,,,none,RF
pd_inext_q0,877,0.1450908290587701,1.4229871044322129,0.2055789836508552,1.0881166657058274,-0.0625460878979158,0.4191359259963704,2,RFC2c_gmoall-clim-spi-topo_ctr-area_raw100_pg-all_unified_woody_gmonc,kfold5_block20_unified,RF,gmoall+clim+spi+topo_ctr+area,,,none,RF
pd_inext_q1,877,0.1661237418562597,1.0416392934295755,0.2077193058560148,0.7958843909794231,-0.090499335574484,0.4274666159643394,2,RFC2c_gmoall-clim-spi-topo_ctr-area_raw100_pg-all_unified_woody_gmonc,kfold5_block20_unified,RF,gmoall+clim+spi+topo_ctr+area,,,none,RF
pd_inext_q2,877,0.1283235941462143,0.8675424019172852,0.2265000619142121,0.6781308913258153,-0.0566212984907674,0.3819726896806309,2,RFC2c_gmoall-clim-spi-topo_ctr-area_raw100_pg-all_unified_woody_gmonc,kfold5_block20_unified,RF,gmoall+clim+spi+topo_ctr+area,,,none,RF
td_inext_q0,881,-0.0270647302167905,2.352279411406425,0.2370779295093495,1.7997739001921125,-0.0849315346514583,0.1794457227333736,2,RFC2c_gmoall-clim-spi-topo_ctr-area_raw100_pg-all_unified_woody_gmonc,kfold5_block20_unified,RF,gmoall+clim+spi+topo_ctr+area,,,none,RF
td_inext_q1,881,0.0560700813194011,1.6437379366923277,0.2008785083727552,1.2511695934130858,0.1338591309503098,0.2564014951492315,2,RFC2c_gmoall-clim-spi-topo_ctr-area_raw100_pg-all_unified_woody_gmonc,kfold5_block20_unified,RF,gmoall+clim+spi+topo_ctr+area,,,none,RF
td_inext_q2,881,0.0661244698958544,1.4577960604689717,0.1958890642671776,1.1146811714985825,0.0130635239306922,0.2527551307859299,2,RFC2c_gmoall-clim-spi-topo_ctr-area_raw100_pg-all_unified_woody_gmonc,kfold5_block20_unified,RF,gmoall+clim+spi+topo_ctr+area,,,none,RF
hill_q0_unified,3102,0.4553757855795738,2.2409203670602578,0.1600657405043041,1.57169181168805,-0.0723299229762047,0.7184471524376503,0,RFC2c_gmoall-clim-spi-topo_ctr-area_raw100_unified-all_unified_woody_gmonc,kfold5_block20_unified,RF,gmoall+clim+spi+topo_ctr+area,,,none,RF
lcbd_pa_unified,3094,0.4419021088950866,1.1156117199386858e-05,0.1922799071682915,8.830217618239784e-06,5.79313470119864e-08,0.6255816923212888,0,RFC2c_gmoall-clim-spi-topo_ctr-area_raw100_unified-all_unified_woody_gmonc,kfold5_block20_unified,RF,gmoall+clim+spi+topo_ctr+area,,,none,RF
pcoa1_pa_unified,3094,0.7035900977254771,0.1597554053571964,0.1245972055885567,0.0886290297836868,-0.0217876365705217,0.8559778591329588,0,RFC2c_gmoall-clim-spi-topo_ctr-area_raw100_unified-all_unified_woody_gmonc,kfold5_block20_unified,RF,gmoall+clim+spi+topo_ctr+area,,,none,RF
pcoa2_pa_unified,3094,0.7829728346015312,0.1258095239177419,0.1202128862436723,0.0973305837544571,0.0066214066118876,0.8895879515707861,0,RFC2c_gmoall-clim-spi-topo_ctr-area_raw100_unified-all_unified_woody_gmonc,kfold5_block20_unified,RF,gmoall+clim+spi+topo_ctr+area,,,none,RF
lcbd_freq_unified,3040,0.3894267725108982,1.960819292797728e-05,0.1968057334154857,1.537120377264657e-05,-2.1741600676223447e-06,0.5941647957103346,0,RFC2c_gmoall-clim-spi-topo_ctr-area_raw100_unified-all_unified_woody_gmonc,kfold5_block20_unified,RF,gmoall+clim+spi+topo_ctr+area,,,none,RF
pcoa1_freq_unified,3040,0.5464027110499876,0.3368275766564095,0.162521142328568,0.1556247668149017,-0.0575077256771588,0.7114498901111935,0,RFC2c_gmoall-clim-spi-topo_ctr-area_raw100_unified-all_unified_woody_gmonc,kfold5_block20_unified,RF,gmoall+clim+spi+topo_ctr+area,,,none,RF
pcoa2_freq_unified,3040,0.5134243120027888,0.3298290239942502,0.156646693110616,0.2208853208785664,0.0065921943903244,0.8516400948057922,0,RFC2c_gmoall-clim-spi-topo_ctr-area_raw100_unified-all_unified_woody_gmonc,kfold5_block20_unified,RF,gmoall+clim+spi+topo_ctr+area,,,none,RF
mpd_unified,2535,0.2707041513230479,99.74141432283288,0.1559399980333028,65.76677090818126,6.243667920335824,0.4466702275033737,0,RFC2c_gmoall-clim-spi-topo_ctr-area_raw100_unified-all_unified_woody_gmonc,kfold5_block20_unified,RF,gmoall+clim+spi+topo_ctr+area,,,none,RF
mntd_unified,2535,0.1061272821772132,96.28618259083795,0.1505379407920858,61.57984633948704,-6.336125787132618,0.2795575917856539,0,RFC2c_gmoall-clim-spi-topo_ctr-area_raw100_unified-all_unified_woody_gmonc,kfold5_block20_unified,RF,gmoall+clim+spi+topo_ctr+area,,,none,RF
ses_pd_unified,2535,0.2326606652703463,1.053888047130128,0.1929490315054163,0.7431569602753134,-0.0696488655009657,0.4234981050714039,0,RFC2c_gmoall-clim-spi-topo_ctr-area_raw100_unified-all_unified_woody_gmonc,kfold5_block20_unified,RF,gmoall+clim+spi+topo_ctr+area,,,none,RF
ses_mpd_unified,2535,0.284222720739964,1.0752889867886508,0.1955334246338272,0.7606568805578663,-0.0775667734710069,0.4418738198050965,0,RFC2c_gmoall-clim-spi-topo_ctr-area_raw100_unified-all_unified_woody_gmonc,kfold5_block20_unified,RF,gmoall+clim+spi+topo_ctr+area,,,none,RF
ses_mntd_unified,2535,0.1379773650727616,1.1356798108249695,0.1871071306742661,0.8361644087429568,-0.084853888611984,0.3345242584780499,0,RFC2c_gmoall-clim-spi-topo_ctr-area_raw100_unified-all_unified_woody_gmonc,kfold5_block20_unified,RF,gmoall+clim+spi+topo_ctr+area,,,none,RF
dark_n_unified,3094,0.6970439918473568,15.283200828282183,0.142833652600768,11.491511135701662,-0.27044963484876,0.8358578959493346,0,RFC2c_gmoall-clim-spi-topo_ctr-area_raw100_unified-all_unified_woody_gmonc,kfold5_block20_unified,RF,gmoall+clim+spi+topo_ctr+area,,,none,RF
hill_q0_unified,3102,0.4512050841430743,2.249484423290957,0.1606774588064969,1.5652952322374116,-0.149392877190627,0.715881533850673,1,RFC2c_gmoall-clim-spi-topo_ctr-area_raw100_unified-all_unified_woody_gmonc,kfold5_block20_unified,RF,gmoall+clim+spi+topo_ctr+area,,,none,RF
lcbd_pa_unified,3094,0.4332998121429381,1.1241766375969536e-05,0.19375610318058,8.845102119890795e-06,-1.370761159491487e-06,0.6212392591443251,1,RFC2c_gmoall-clim-spi-topo_ctr-area_raw100_unified-all_unified_woody_gmonc,kfold5_block20_unified,RF,gmoall+clim+spi+topo_ctr+area,,,none,RF
pcoa1_pa_unified,3094,0.711877763901352,0.1575061789394316,0.1228429780820579,0.0883447372837658,-0.0172210320807776,0.854661137906385,1,RFC2c_gmoall-clim-spi-topo_ctr-area_raw100_unified-all_unified_woody_gmonc,kfold5_block20_unified,RF,gmoall+clim+spi+topo_ctr+area,,,none,RF
pcoa2_pa_unified,3094,0.7820304121462341,0.1260823867261244,0.1204736107478493,0.0987754368690591,-0.012680448693515,0.8899728224155805,1,RFC2c_gmoall-clim-spi-topo_ctr-area_raw100_unified-all_unified_woody_gmonc,kfold5_block20_unified,RF,gmoall+clim+spi+topo_ctr+area,,,none,RF
lcbd_freq_unified,3040,0.3943981583221085,1.9528203236406308e-05,0.1960028838121017,1.5359556883873904e-05,-5.904405506374906e-07,0.5913722042025581,1,RFC2c_gmoall-clim-spi-topo_ctr-area_raw100_unified-all_unified_woody_gmonc,kfold5_block20_unified,RF,gmoall+clim+spi+topo_ctr+area,,,none,RF
pcoa1_freq_unified,3040,0.5459847280319697,0.3369827316715047,0.1625960054693523,0.1552167297241533,-0.0611096117166237,0.7138810383781453,1,RFC2c_gmoall-clim-spi-topo_ctr-area_raw100_unified-all_unified_woody_gmonc,kfold5_block20_unified,RF,gmoall+clim+spi+topo_ctr+area,,,none,RF
pcoa2_freq_unified,3040,0.5096532511668457,0.3311046782275944,0.1572525434229566,0.2158030824261893,0.0177106875396627,0.8499443219423598,1,RFC2c_gmoall-clim-spi-topo_ctr-area_raw100_unified-all_unified_woody_gmonc,kfold5_block20_unified,RF,gmoall+clim+spi+topo_ctr+area,,,none,RF
mpd_unified,2535,0.2534388447341524,100.915144411287,0.1577750579121687,65.28231935604421,-1.50374280339852,0.431934860452628,1,RFC2c_gmoall-clim-spi-topo_ctr-area_raw100_unified-all_unified_woody_gmonc,kfold5_block20_unified,RF,gmoall+clim+spi+topo_ctr+area,,,none,RF
mntd_unified,2535,0.1198148173468729,95.5461417045745,0.1493809291822948,61.26447669408315,-5.2023328557942525,0.3090601564177926,1,RFC2c_gmoall-clim-spi-topo_ctr-area_raw100_unified-all_unified_woody_gmonc,kfold5_block20_unified,RF,gmoall+clim+spi+topo_ctr+area,,,none,RF
ses_pd_unified,2535,0.2293798434710483,1.0561386361263068,0.193361076189206,0.7598857839443135,0.0062105606993434,0.4216416978718204,1,RFC2c_gmoall-clim-spi-topo_ctr-area_raw100_unified-all_unified_woody_gmonc,kfold5_block20_unified,RF,gmoall+clim+spi+topo_ctr+area,,,none,RF
ses_mpd_unified,2535,0.2773134515457262,1.0804663083430204,0.1964748826292074,0.767850307446792,-0.0678537298208407,0.4369721524637788,1,RFC2c_gmoall-clim-spi-topo_ctr-area_raw100_unified-all_unified_woody_gmonc,kfold5_block20_unified,RF,gmoall+clim+spi+topo_ctr+area,,,none,RF
ses_mntd_unified,2535,0.1344177614343116,1.1380222117716543,0.1874930492367389,0.8386482999883154,-0.0915514977813642,0.3290138442203146,1,RFC2c_gmoall-clim-spi-topo_ctr-area_raw100_unified-all_unified_woody_gmonc,kfold5_block20_unified,RF,gmoall+clim+spi+topo_ctr+area,,,none,RF
dark_n_unified,3094,0.6936095378711122,15.3695855250143,0.1436409862150869,11.53679022012358,-0.1539328489447667,0.8334500119890171,1,RFC2c_gmoall-clim-spi-topo_ctr-area_raw100_unified-all_unified_woody_gmonc,kfold5_block20_unified,RF,gmoall+clim+spi+topo_ctr+area,,,none,RF
hill_q0_unified,3102,0.4548342418024113,2.242034213015448,0.1601453009296748,1.5819908385550143,-0.0663773045729781,0.7093993562143743,2,RFC2c_gmoall-clim-spi-topo_ctr-area_raw100_unified-all_unified_woody_gmonc,kfold5_block20_unified,RF,gmoall+clim+spi+topo_ctr+area,,,none,RF
lcbd_pa_unified,3094,0.43895370359937,1.1185547006598268e-05,0.1927871410470197,8.81242917716877e-06,-6.321549401411299e-07,0.6284564669751347,2,RFC2c_gmoall-clim-spi-topo_ctr-area_raw100_unified-all_unified_woody_gmonc,kfold5_block20_unified,RF,gmoall+clim+spi+topo_ctr+area,,,none,RF
pcoa1_pa_unified,3094,0.6975057049866853,0.1613867224012161,0.1258695102386521,0.0888798526210786,-0.0265299683347394,0.8520077997445784,2,RFC2c_gmoall-clim-spi-topo_ctr-area_raw100_unified-all_unified_woody_gmonc,kfold5_block20_unified,RF,gmoall+clim+spi+topo_ctr+area,,,none,RF
pcoa2_pa_unified,3094,0.783540641151035,0.1256448388729372,0.120055527214398,0.0975944070105534,0.0009420724764743,0.8897549865542168,2,RFC2c_gmoall-clim-spi-topo_ctr-area_raw100_unified-all_unified_woody_gmonc,kfold5_block20_unified,RF,gmoall+clim+spi+topo_ctr+area,,,none,RF
lcbd_freq_unified,3040,0.3942994296851977,1.9529794970597403e-05,0.1960188599102578,1.5352680549515225e-05,-1.1434595829269336e-06,0.5889844302795597,2,RFC2c_gmoall-clim-spi-topo_ctr-area_raw100_unified-all_unified_woody_gmonc,kfold5_block20_unified,RF,gmoall+clim+spi+topo_ctr+area,,,none,RF
pcoa1_freq_unified,3040,0.5350376489864141,0.3410211463087476,0.1645445625517513,0.1551715972095728,-0.0674471832330945,0.7131201175490376,2,RFC2c_gmoall-clim-spi-topo_ctr-area_raw100_unified-all_unified_woody_gmonc,kfold5_block20_unified,RF,gmoall+clim+spi+topo_ctr+area,,,none,RF
pcoa2_freq_unified,3040,0.5136329198307559,0.329758313214617,0.1566131102267852,0.2140054033845756,0.0210115367493566,0.854228353355405,2,RFC2c_gmoall-clim-spi-topo_ctr-area_raw100_unified-all_unified_woody_gmonc,kfold5_block20_unified,RF,gmoall+clim+spi+topo_ctr+area,,,none,RF
mpd_unified,2535,0.2646255385099356,100.15621946424368,0.1565885221531478,64.2020792021336,-1.1369448696005058,0.4467278164396664,2,RFC2c_gmoall-clim-spi-topo_ctr-area_raw100_unified-all_unified_woody_gmonc,kfold5_block20_unified,RF,gmoall+clim+spi+topo_ctr+area,,,none,RF
mntd_unified,2535,0.1141893510803327,95.85098410193916,0.1498575328395444,61.57835794920212,-5.11593735967634,0.2957125231750236,2,RFC2c_gmoall-clim-spi-topo_ctr-area_raw100_unified-all_unified_woody_gmonc,kfold5_block20_unified,RF,gmoall+clim+spi+topo_ctr+area,,,none,RF
ses_pd_unified,2535,0.2333462728233915,1.0534171243957953,0.1928628135378145,0.7526790103827312,-0.0176195486584033,0.4274408204253124,2,RFC2c_gmoall-clim-spi-topo_ctr-area_raw100_unified-all_unified_woody_gmonc,kfold5_block20_unified,RF,gmoall+clim+spi+topo_ctr+area,,,none,RF
ses_mpd_unified,2535,0.2799116328122168,1.0785223293065465,0.1961213842830992,0.7630341016659079,-0.081307069555723,0.433998090507488,2,RFC2c_gmoall-clim-spi-topo_ctr-area_raw100_unified-all_unified_woody_gmonc,kfold5_block20_unified,RF,gmoall+clim+spi+topo_ctr+area,,,none,RF
ses_mntd_unified,2535,0.1342173094783698,1.1381539760123334,0.187514757845771,0.8412028720993022,0.0050488676549659,0.3239564423581753,2,RFC2c_gmoall-clim-spi-topo_ctr-area_raw100_unified-all_unified_woody_gmonc,kfold5_block20_unified,RF,gmoall+clim+spi+topo_ctr+area,,,none,RF
dark_n_unified,3094,0.6973308930874305,15.275962470658074,0.1427660043986736,11.533232273360296,0.4918906019769535,0.8362324631613247,2,RFC2c_gmoall-clim-spi-topo_ctr-area_raw100_unified-all_unified_woody_gmonc,kfold5_block20_unified,RF,gmoall+clim+spi+topo_ctr+area,,,none,RF
lcbd_count_sorensen,2499,0.5080814353590106,1.4864634961492804e-05,0.1812604375224085,1.1649292093924478e-05,-1.2716187655087884e-06,0.6710640638751256,0,RFC3c_gmoall-clim-coords-spi-topo_ctr-area_raw100_pg-all_unified_woody_gmonc,kfold5_block20_unified,RF,gmoall+clim+coords+spi+topo_ctr+area,,,none,RF
pd_inext_q0,877,0.1335592020941478,1.4325520920453862,0.2069608376578414,1.0910979398761866,-0.0580661410829196,0.3974997628776349,0,RFC3c_gmoall-clim-coords-spi-topo_ctr-area_raw100_pg-all_unified_woody_gmonc,kfold5_block20_unified,RF,gmoall+clim+coords+spi+topo_ctr+area,,,none,RF
pd_inext_q1,877,0.1542958674827873,1.049000695679858,0.2091872855829709,0.8196085492456193,0.0366847585963223,0.4018604285013793,0,RFC3c_gmoall-clim-coords-spi-topo_ctr-area_raw100_pg-all_unified_woody_gmonc,kfold5_block20_unified,RF,gmoall+clim+coords+spi+topo_ctr+area,,,none,RF
pd_inext_q2,877,0.1245648771776631,0.8694108353440679,0.2269878770180199,0.6873536011521173,0.0074923270397351,0.3778932337966592,0,RFC3c_gmoall-clim-coords-spi-topo_ctr-area_raw100_pg-all_unified_woody_gmonc,kfold5_block20_unified,RF,gmoall+clim+coords+spi+topo_ctr+area,,,none,RF
td_inext_q0,881,0.0121841415340818,2.306895896928208,0.2325038854590637,1.7725387953017682,-0.0511969830259854,0.2098834550231319,0,RFC3c_gmoall-clim-coords-spi-topo_ctr-area_raw100_pg-all_unified_woody_gmonc,kfold5_block20_unified,RF,gmoall+clim+coords+spi+topo_ctr+area,,,none,RF
td_inext_q1,881,0.0753350262364802,1.626877699953929,0.1988180465854971,1.2286445186299193,0.0294326380105824,0.2761061005930814,0,RFC3c_gmoall-clim-coords-spi-topo_ctr-area_raw100_pg-all_unified_woody_gmonc,kfold5_block20_unified,RF,gmoall+clim+coords+spi+topo_ctr+area,,,none,RF
td_inext_q2,881,0.066549987975618,1.4574639020398772,0.1958444309980749,1.119968780452531,0.0638642709198614,0.2566817531503451,0,RFC3c_gmoall-clim-coords-spi-topo_ctr-area_raw100_pg-all_unified_woody_gmonc,kfold5_block20_unified,RF,gmoall+clim+coords+spi+topo_ctr+area,,,none,RF
lcbd_count_sorensen,2499,0.5073827661745046,1.4875187294892736e-05,0.1813891134417237,1.1685249629442243e-05,2.737946741992944e-08,0.6678548406421875,1,RFC3c_gmoall-clim-coords-spi-topo_ctr-area_raw100_pg-all_unified_woody_gmonc,kfold5_block20_unified,RF,gmoall+clim+coords+spi+topo_ctr+area,,,none,RF
pd_inext_q0,877,0.1485948317713512,1.4200679227781103,0.2051572494020533,1.0858643176509275,-0.0537152935111367,0.4142706722116567,1,RFC3c_gmoall-clim-coords-spi-topo_ctr-area_raw100_pg-all_unified_woody_gmonc,kfold5_block20_unified,RF,gmoall+clim+coords+spi+topo_ctr+area,,,none,RF
pd_inext_q1,877,0.1378982419163332,1.0591215755148955,0.2112055486681358,0.8176468161602456,-0.0251359577366715,0.3849334654262387,1,RFC3c_gmoall-clim-coords-spi-topo_ctr-area_raw100_pg-all_unified_woody_gmonc,kfold5_block20_unified,RF,gmoall+clim+coords+spi+topo_ctr+area,,,none,RF
pd_inext_q2,877,0.0948737723757137,0.8840312958065608,0.2308050220851087,0.6903359816408174,-0.060575020563418,0.3376942405047105,1,RFC3c_gmoall-clim-coords-spi-topo_ctr-area_raw100_pg-all_unified_woody_gmonc,kfold5_block20_unified,RF,gmoall+clim+coords+spi+topo_ctr+area,,,none,RF
td_inext_q0,881,0.0024211422538868,2.318267878332817,0.2336500272791001,1.8046065564183928,0.180171678594933,0.2098219928663441,1,RFC3c_gmoall-clim-coords-spi-topo_ctr-area_raw100_pg-all_unified_woody_gmonc,kfold5_block20_unified,RF,gmoall+clim+coords+spi+topo_ctr+area,,,none,RF
td_inext_q1,881,0.0833130040244407,1.6198441732369795,0.1979584908595133,1.2259522171854782,0.0416119342136036,0.2839139980065492,1,RFC3c_gmoall-clim-coords-spi-topo_ctr-area_raw100_pg-all_unified_woody_gmonc,kfold5_block20_unified,RF,gmoall+clim+coords+spi+topo_ctr+area,,,none,RF
td_inext_q2,881,0.0660707829799741,1.457837962974795,0.1958946948508229,1.1278369651117657,0.0909094068199819,0.252767783666698,1,RFC3c_gmoall-clim-coords-spi-topo_ctr-area_raw100_pg-all_unified_woody_gmonc,kfold5_block20_unified,RF,gmoall+clim+coords+spi+topo_ctr+area,,,none,RF
lcbd_count_sorensen,2499,0.5059070656572643,1.4897450936042175e-05,0.1816605978976853,1.1642445028054833e-05,-9.205759662285042e-07,0.6648473649782762,2,RFC3c_gmoall-clim-coords-spi-topo_ctr-area_raw100_pg-all_unified_woody_gmonc,kfold5_block20_unified,RF,gmoall+clim+coords+spi+topo_ctr+area,,,none,RF
pd_inext_q0,877,0.1512069359217274,1.41788787096387,0.2048422972602652,1.0771991631904494,-0.0812047173541169,0.4216200291019,2,RFC3c_gmoall-clim-coords-spi-topo_ctr-area_raw100_pg-all_unified_woody_gmonc,kfold5_block20_unified,RF,gmoall+clim+coords+spi+topo_ctr+area,,,none,RF
pd_inext_q1,877,0.1642214701913756,1.0428267310874166,0.2079560996555477,0.7983215492464504,-0.0815689875806116,0.4212881548911624,2,RFC3c_gmoall-clim-coords-spi-topo_ctr-area_raw100_pg-all_unified_woody_gmonc,kfold5_block20_unified,RF,gmoall+clim+coords+spi+topo_ctr+area,,,none,RF
pd_inext_q2,877,0.1158359373538848,0.8737345201499087,0.2281167150714178,0.6870536139226919,-0.0478455712611413,0.3664158102309736,2,RFC3c_gmoall-clim-coords-spi-topo_ctr-area_raw100_pg-all_unified_woody_gmonc,kfold5_block20_unified,RF,gmoall+clim+coords+spi+topo_ctr+area,,,none,RF
td_inext_q0,881,-0.0139281536315278,2.337187692502168,0.2355568884913443,1.7883711943703544,-0.089192903548689,0.1900715529926759,2,RFC3c_gmoall-clim-coords-spi-topo_ctr-area_raw100_pg-all_unified_woody_gmonc,kfold5_block20_unified,RF,gmoall+clim+coords+spi+topo_ctr+area,,,none,RF
td_inext_q1,881,0.0605891949949887,1.639798475426269,0.2003970732940525,1.249759885093856,0.1293916692997703,0.249752204928852,2,RFC3c_gmoall-clim-coords-spi-topo_ctr-area_raw100_pg-all_unified_woody_gmonc,kfold5_block20_unified,RF,gmoall+clim+coords+spi+topo_ctr+area,,,none,RF
td_inext_q2,881,0.0605810567186623,1.4621163412761162,0.1964695952396723,1.1193729133705916,0.0294756134152059,0.2417205201248327,2,RFC3c_gmoall-clim-coords-spi-topo_ctr-area_raw100_pg-all_unified_woody_gmonc,kfold5_block20_unified,RF,gmoall+clim+coords+spi+topo_ctr+area,,,none,RF
hill_q0_unified,3102,0.4657125542765725,2.219552568006644,0.1585394691433317,1.5583631680305008,-0.068979562733825,0.7207053028728362,0,RFC3c_gmoall-clim-coords-spi-topo_ctr-area_raw100_unified-all_unified_woody_gmonc,kfold5_block20_unified,RF,gmoall+clim+coords+spi+topo_ctr+area,,,none,RF
lcbd_pa_unified,3094,0.4477646602011299,1.1097367671568296e-05,0.1912673367951733,8.79017746445201e-06,-2.730707944048524e-08,0.6291144478783016,0,RFC3c_gmoall-clim-coords-spi-topo_ctr-area_raw100_unified-all_unified_woody_gmonc,kfold5_block20_unified,RF,gmoall+clim+coords+spi+topo_ctr+area,,,none,RF
pcoa1_pa_unified,3094,0.7160426399707582,0.1563636401832198,0.1219518837495543,0.0868317504405792,-0.02279494978748,0.8560070064529022,0,RFC3c_gmoall-clim-coords-spi-topo_ctr-area_raw100_unified-all_unified_woody_gmonc,kfold5_block20_unified,RF,gmoall+clim+coords+spi+topo_ctr+area,,,none,RF
pcoa2_pa_unified,3094,0.7862213392712919,0.1248644032284686,0.119309809255793,0.096525282425665,0.0067292541585192,0.8918868687041984,0,RFC3c_gmoall-clim-coords-spi-topo_ctr-area_raw100_unified-all_unified_woody_gmonc,kfold5_block20_unified,RF,gmoall+clim+coords+spi+topo_ctr+area,,,none,RF
lcbd_freq_unified,3040,0.3950723374688144,1.9517330437963585e-05,0.1958937544762339,1.5268102040091092e-05,-2.1435570159169506e-06,0.5995650873718738,0,RFC3c_gmoall-clim-coords-spi-topo_ctr-area_raw100_unified-all_unified_woody_gmonc,kfold5_block20_unified,RF,gmoall+clim+coords+spi+topo_ctr+area,,,none,RF
pcoa1_freq_unified,3040,0.5654941690235833,0.3296630103408416,0.1590642000156687,0.1522308092515576,-0.0579142332889815,0.7158009795527748,0,RFC3c_gmoall-clim-coords-spi-topo_ctr-area_raw100_unified-all_unified_woody_gmonc,kfold5_block20_unified,RF,gmoall+clim+coords+spi+topo_ctr+area,,,none,RF
pcoa2_freq_unified,3040,0.5214385297699917,0.3271014971518576,0.1553513005612972,0.2176634955443735,0.0080215540281941,0.8525198672898261,0,RFC3c_gmoall-clim-coords-spi-topo_ctr-area_raw100_unified-all_unified_woody_gmonc,kfold5_block20_unified,RF,gmoall+clim+coords+spi+topo_ctr+area,,,none,RF
mpd_unified,2535,0.2874263389900831,98.59128660567478,0.1541418391123638,64.78842096713063,6.040641566204464,0.4550941294062247,0,RFC3c_gmoall-clim-coords-spi-topo_ctr-area_raw100_unified-all_unified_woody_gmonc,kfold5_block20_unified,RF,gmoall+clim+coords+spi+topo_ctr+area,,,none,RF
mntd_unified,2535,0.1324822475854556,94.85611055651592,0.1483021049386071,60.73171677184271,-6.332807329189016,0.3042130496604974,0,RFC3c_gmoall-clim-coords-spi-topo_ctr-area_raw100_unified-all_unified_woody_gmonc,kfold5_block20_unified,RF,gmoall+clim+coords+spi+topo_ctr+area,,,none,RF
ses_pd_unified,2535,0.2511250954713653,1.041131021544916,0.1906134364312912,0.7355020710191211,-0.0599369449090423,0.4379029629952887,0,RFC3c_gmoall-clim-coords-spi-topo_ctr-area_raw100_unified-all_unified_woody_gmonc,kfold5_block20_unified,RF,gmoall+clim+coords+spi+topo_ctr+area,,,none,RF
ses_mpd_unified,2535,0.3020789900679489,1.0617918307531418,0.1930790656895196,0.7431701086779342,-0.0831624394460258,0.4500490291312999,0,RFC3c_gmoall-clim-coords-spi-topo_ctr-area_raw100_unified-all_unified_woody_gmonc,kfold5_block20_unified,RF,gmoall+clim+coords+spi+topo_ctr+area,,,none,RF
ses_mntd_unified,2535,0.1529345029248785,1.1257839860259962,0.1854767597139457,0.8308226887705166,-0.0826141537199824,0.340419151334755,0,RFC3c_gmoall-clim-coords-spi-topo_ctr-area_raw100_unified-all_unified_woody_gmonc,kfold5_block20_unified,RF,gmoall+clim+coords+spi+topo_ctr+area,,,none,RF
dark_n_unified,3094,0.7060788506259574,15.053585505586094,0.1406877150054775,11.292381987346296,-0.2462108873902563,0.8410763292019543,0,RFC3c_gmoall-clim-coords-spi-topo_ctr-area_raw100_unified-all_unified_woody_gmonc,kfold5_block20_unified,RF,gmoall+clim+coords+spi+topo_ctr+area,,,none,RF
hill_q0_unified,3102,0.4627239537681022,2.2257515772878573,0.1589822555205612,1.5520119933666083,-0.14029010304936,0.7195264720278397,1,RFC3c_gmoall-clim-coords-spi-topo_ctr-area_raw100_unified-all_unified_woody_gmonc,kfold5_block20_unified,RF,gmoall+clim+coords+spi+topo_ctr+area,,,none,RF
lcbd_pa_unified,3094,0.4398697748244342,1.117641144689824e-05,0.1926296862139754,8.797528729195836e-06,-1.3736572507729362e-06,0.6255756309918279,1,RFC3c_gmoall-clim-coords-spi-topo_ctr-area_raw100_unified-all_unified_woody_gmonc,kfold5_block20_unified,RF,gmoall+clim+coords+spi+topo_ctr+area,,,none,RF
pcoa1_pa_unified,3094,0.72164383721948,0.1548137847178259,0.1207431130064145,0.0870139254552718,-0.0176342668659293,0.8547571367821468,1,RFC3c_gmoall-clim-coords-spi-topo_ctr-area_raw100_unified-all_unified_woody_gmonc,kfold5_block20_unified,RF,gmoall+clim+coords+spi+topo_ctr+area,,,none,RF
pcoa2_pa_unified,3094,0.7853599742488148,0.1251157045203255,0.119549931407679,0.098114176082798,-0.0139564839615577,0.8922609439200784,1,RFC3c_gmoall-clim-coords-spi-topo_ctr-area_raw100_unified-all_unified_woody_gmonc,kfold5_block20_unified,RF,gmoall+clim+coords+spi+topo_ctr+area,,,none,RF
lcbd_freq_unified,3040,0.4002051050523632,1.943435247700096e-05,0.1950609118718921,1.5265780277600673e-05,-6.598645528637062e-07,0.6001985380558491,1,RFC3c_gmoall-clim-coords-spi-topo_ctr-area_raw100_unified-all_unified_woody_gmonc,kfold5_block20_unified,RF,gmoall+clim+coords+spi+topo_ctr+area,,,none,RF
pcoa1_freq_unified,3040,0.5620346612993989,0.3309727863566544,0.1596961740850057,0.1521714048853208,-0.0608380413987259,0.7208785505040637,1,RFC3c_gmoall-clim-coords-spi-topo_ctr-area_raw100_unified-all_unified_woody_gmonc,kfold5_block20_unified,RF,gmoall+clim+coords+spi+topo_ctr+area,,,none,RF
pcoa2_freq_unified,3040,0.5186427743462242,0.3280555689984065,0.1558044207808035,0.2131242208841915,0.0190045740237227,0.8514130288344179,1,RFC3c_gmoall-clim-coords-spi-topo_ctr-area_raw100_unified-all_unified_woody_gmonc,kfold5_block20_unified,RF,gmoall+clim+coords+spi+topo_ctr+area,,,none,RF
mpd_unified,2535,0.27684000402039,99.32094619787252,0.1552826201624902,64.3220282207807,-0.7790924182057335,0.4455620471042734,1,RFC3c_gmoall-clim-coords-spi-topo_ctr-area_raw100_unified-all_unified_woody_gmonc,kfold5_block20_unified,RF,gmoall+clim+coords+spi+topo_ctr+area,,,none,RF
mntd_unified,2535,0.1324561266801301,94.8575386015477,0.148304337605358,60.69828194012067,-5.859723414793927,0.3190771986690299,1,RFC3c_gmoall-clim-coords-spi-topo_ctr-area_raw100_unified-all_unified_woody_gmonc,kfold5_block20_unified,RF,gmoall+clim+coords+spi+topo_ctr+area,,,none,RF
ses_pd_unified,2535,0.2515422783689142,1.0408409847435132,0.190560335610873,0.7456004425490713,0.0064385427872193,0.4357544122283837,1,RFC3c_gmoall-clim-coords-spi-topo_ctr-area_raw100_unified-all_unified_woody_gmonc,kfold5_block20_unified,RF,gmoall+clim+coords+spi+topo_ctr+area,,,none,RF
ses_mpd_unified,2535,0.299101606883651,1.0640542620449256,0.1934904722452608,0.7500899643830001,-0.0655412870042419,0.4462932847028589,1,RFC3c_gmoall-clim-coords-spi-topo_ctr-area_raw100_unified-all_unified_woody_gmonc,kfold5_block20_unified,RF,gmoall+clim+coords+spi+topo_ctr+area,,,none,RF
ses_mntd_unified,2535,0.1485849895971183,1.128670623937326,0.1859523431765875,0.833818276451299,-0.083658391828031,0.3421293891472721,1,RFC3c_gmoall-clim-coords-spi-topo_ctr-area_raw100_unified-all_unified_woody_gmonc,kfold5_block20_unified,RF,gmoall+clim+coords+spi+topo_ctr+area,,,none,RF
dark_n_unified,3094,0.7054025103804555,15.070895412356172,0.1408494898351044,11.317353808677604,-0.1026403481882405,0.8405268818543127,1,RFC3c_gmoall-clim-coords-spi-topo_ctr-area_raw100_unified-all_unified_woody_gmonc,kfold5_block20_unified,RF,gmoall+clim+coords+spi+topo_ctr+area,,,none,RF
hill_q0_unified,3102,0.4702436800580255,2.2101208608161604,0.1578657757725829,1.5635547672617396,-0.0488586747909004,0.7159627006981846,2,RFC3c_gmoall-clim-coords-spi-topo_ctr-area_raw100_unified-all_unified_woody_gmonc,kfold5_block20_unified,RF,gmoall+clim+coords+spi+topo_ctr+area,,,none,RF
lcbd_pa_unified,3094,0.4460266865599207,1.1114816556284197e-05,0.1915680749349221,8.763906618497423e-06,-6.206476581099646e-07,0.6352675598573058,2,RFC3c_gmoall-clim-coords-spi-topo_ctr-area_raw100_unified-all_unified_woody_gmonc,kfold5_block20_unified,RF,gmoall+clim+coords+spi+topo_ctr+area,,,none,RF
pcoa1_pa_unified,3094,0.7089832979267983,0.1582953526902966,0.1234584742767674,0.0875778956744228,-0.0265521551002549,0.852592103118589,2,RFC3c_gmoall-clim-coords-spi-topo_ctr-area_raw100_unified-all_unified_woody_gmonc,kfold5_block20_unified,RF,gmoall+clim+coords+spi+topo_ctr+area,,,none,RF
pcoa2_pa_unified,3094,0.7867914373106595,0.1246977998990159,0.1191506172767787,0.0967417171139493,0.0001670728790418,0.8916190062147428,2,RFC3c_gmoall-clim-coords-spi-topo_ctr-area_raw100_unified-all_unified_woody_gmonc,kfold5_block20_unified,RF,gmoall+clim+coords+spi+topo_ctr+area,,,none,RF
lcbd_freq_unified,3040,0.3992817564810421,1.9449305739244e-05,0.1952109964693614,1.5245604961436147e-05,-1.1290803429214448e-06,0.5955765632808582,2,RFC3c_gmoall-clim-coords-spi-topo_ctr-area_raw100_unified-all_unified_woody_gmonc,kfold5_block20_unified,RF,gmoall+clim+coords+spi+topo_ctr+area,,,none,RF
pcoa1_freq_unified,3040,0.553126196439049,0.3343219288756412,0.161312153612009,0.1519250800858199,-0.0670495762511149,0.7239818108381935,2,RFC3c_gmoall-clim-coords-spi-topo_ctr-area_raw100_unified-all_unified_woody_gmonc,kfold5_block20_unified,RF,gmoall+clim+coords+spi+topo_ctr+area,,,none,RF
pcoa2_freq_unified,3040,0.521866260638667,0.3269552853349112,0.1552818597421085,0.2112700440064921,0.0220948935263019,0.8553457913578614,2,RFC3c_gmoall-clim-coords-spi-topo_ctr-area_raw100_unified-all_unified_woody_gmonc,kfold5_block20_unified,RF,gmoall+clim+coords+spi+topo_ctr+area,,,none,RF
mpd_unified,2535,0.2849288785256854,98.7639090891624,0.1544117244946628,63.27372158764764,-0.8616688061449274,0.4555741700102025,2,RFC3c_gmoall-clim-coords-spi-topo_ctr-area_raw100_unified-all_unified_woody_gmonc,kfold5_block20_unified,RF,gmoall+clim+coords+spi+topo_ctr+area,,,none,RF
mntd_unified,2535,0.1270303714821011,95.15370320655842,0.1487673740304624,61.02477295795385,-5.520729765362091,0.3126706405500473,2,RFC3c_gmoall-clim-coords-spi-topo_ctr-area_raw100_unified-all_unified_woody_gmonc,kfold5_block20_unified,RF,gmoall+clim+coords+spi+topo_ctr+area,,,none,RF
ses_pd_unified,2535,0.2512953219802958,1.0410126852442705,0.1905917710611755,0.7399785227956137,-0.0236404188661513,0.4424654677097855,2,RFC3c_gmoall-clim-coords-spi-topo_ctr-area_raw100_unified-all_unified_woody_gmonc,kfold5_block20_unified,RF,gmoall+clim+coords+spi+topo_ctr+area,,,none,RF
ses_mpd_unified,2535,0.292578933610547,1.0689939264546504,0.1943887140299739,0.751321841923778,-0.0776624448141537,0.4373872037642359,2,RFC3c_gmoall-clim-coords-spi-topo_ctr-area_raw100_unified-all_unified_woody_gmonc,kfold5_block20_unified,RF,gmoall+clim+coords+spi+topo_ctr+area,,,none,RF
ses_mntd_unified,2535,0.1483215797323495,1.1288452038904184,0.1859811058205872,0.8362013755720124,0.0092447286855223,0.3357666091359476,2,RFC3c_gmoall-clim-coords-spi-topo_ctr-area_raw100_unified-all_unified_woody_gmonc,kfold5_block20_unified,RF,gmoall+clim+coords+spi+topo_ctr+area,,,none,RF
dark_n_unified,3094,0.704951239783776,15.082433951717965,0.1409573266515697,11.368077713255992,0.4590770179466959,0.8404617944392999,2,RFC3c_gmoall-clim-coords-spi-topo_ctr-area_raw100_unified-all_unified_woody_gmonc,kfold5_block20_unified,RF,gmoall+clim+coords+spi+topo_ctr+area,,,none,RF
lcbd_count_sorensen,2499,0.4696307441884728,1.543465095553477e-05,0.1882112539227086,1.217017782762573e-05,-1.2643365319920869e-06,0.624328994646623,0,RFC4c_curve-coords-topo_ctr-area_kndvi_raw100_pg-all_unified_woody,kfold5_block20_unified,RF,curve+coords+topo_ctr+area,,kndvi,none,RF
pd_inext_q0,877,0.1107782815907246,1.4512626125566752,0.2096639470383189,1.111947490165681,-0.0740601266392095,0.3758424115197813,0,RFC4c_curve-coords-topo_ctr-area_kndvi_raw100_pg-all_unified_woody,kfold5_block20_unified,RF,curve+coords+topo_ctr+area,,kndvi,none,RF
pd_inext_q1,877,0.1023124504259531,1.080759721497735,0.2155205362957318,0.8584085706160329,0.058075824671941,0.3221619205507873,0,RFC4c_curve-coords-topo_ctr-area_kndvi_raw100_pg-all_unified_woody,kfold5_block20_unified,RF,curve+coords+topo_ctr+area,,kndvi,none,RF
pd_inext_q2,877,0.0835834059239976,0.8895278244854181,0.2322400690445691,0.7060510618432877,0.0134173586870905,0.2956954569158085,0,RFC4c_curve-coords-topo_ctr-area_kndvi_raw100_pg-all_unified_woody,kfold5_block20_unified,RF,curve+coords+topo_ctr+area,,kndvi,none,RF
td_inext_q0,881,0.0279972086068992,2.2883568797862384,0.230635403433568,1.7490043642924362,-0.0738725233151651,0.1628818120041468,0,RFC4c_curve-coords-topo_ctr-area_kndvi_raw100_pg-all_unified_woody,kfold5_block20_unified,RF,curve+coords+topo_ctr+area,,kndvi,none,RF
td_inext_q1,881,0.0505005377703386,1.6485801422606143,0.2014702663471128,1.2494187677651474,0.0258267147887178,0.2281012671578477,0,RFC4c_curve-coords-topo_ctr-area_kndvi_raw100_pg-all_unified_woody,kfold5_block20_unified,RF,curve+coords+topo_ctr+area,,kndvi,none,RF
td_inext_q2,881,0.0584915049538248,1.4637415324571887,0.1966879777613079,1.1293029281933111,0.0654831633873159,0.2287486060059362,0,RFC4c_curve-coords-topo_ctr-area_kndvi_raw100_pg-all_unified_woody,kfold5_block20_unified,RF,curve+coords+topo_ctr+area,,kndvi,none,RF
lcbd_count_sorensen,2499,0.4671100631036246,1.547128554074728e-05,0.1886579787135476,1.2252184193179656e-05,5.814759651081625e-08,0.6183078581065097,1,RFC4c_curve-coords-topo_ctr-area_kndvi_raw100_pg-all_unified_woody,kfold5_block20_unified,RF,curve+coords+topo_ctr+area,,kndvi,none,RF
pd_inext_q0,877,0.1222700399548241,1.441854501745569,0.2083047570269705,1.1072751533997518,-0.0225804017486835,0.384538787139832,1,RFC4c_curve-coords-topo_ctr-area_kndvi_raw100_pg-all_unified_woody,kfold5_block20_unified,RF,curve+coords+topo_ctr+area,,kndvi,none,RF
pd_inext_q1,877,0.0946908320686378,1.0853380004688404,0.2164335173400261,0.8527481402373718,-0.0118577977861635,0.3211267569301519,1,RFC4c_curve-coords-topo_ctr-area_kndvi_raw100_pg-all_unified_woody,kfold5_block20_unified,RF,curve+coords+topo_ctr+area,,kndvi,none,RF
pd_inext_q2,877,0.0628328681339244,0.8995422980366256,0.2348546719439476,0.7074601716854848,-0.0576177343924138,0.271583422562758,1,RFC4c_curve-coords-topo_ctr-area_kndvi_raw100_pg-all_unified_woody,kfold5_block20_unified,RF,curve+coords+topo_ctr+area,,kndvi,none,RF
td_inext_q0,881,0.0144429154905303,2.304256873413807,0.2322379076046954,1.81034234545165,0.1924713428427867,0.1452982952098086,1,RFC4c_curve-coords-topo_ctr-area_kndvi_raw100_pg-all_unified_woody,kfold5_block20_unified,RF,curve+coords+topo_ctr+area,,kndvi,none,RF
td_inext_q1,881,0.0627192220606278,1.6379383747797684,0.200169753454952,1.2411646955661704,0.0009450311579236,0.2376048698460459,1,RFC4c_curve-coords-topo_ctr-area_kndvi_raw100_pg-all_unified_woody,kfold5_block20_unified,RF,curve+coords+topo_ctr+area,,kndvi,none,RF
td_inext_q2,881,0.0488897594984192,1.4711864054761772,0.1976883709224805,1.1411778692771333,0.0823513052976005,0.2157918279614674,1,RFC4c_curve-coords-topo_ctr-area_kndvi_raw100_pg-all_unified_woody,kfold5_block20_unified,RF,curve+coords+topo_ctr+area,,kndvi,none,RF
lcbd_count_sorensen,2499,0.4688350896394545,1.54462240696772e-05,0.188352377316481,1.215218431622038e-05,-1.065153161245988e-06,0.622061519580476,2,RFC4c_curve-coords-topo_ctr-area_kndvi_raw100_pg-all_unified_woody,kfold5_block20_unified,RF,curve+coords+topo_ctr+area,,kndvi,none,RF
pd_inext_q0,877,0.1217727046165839,1.44226293240183,0.2083637630144067,1.102231970888781,-0.0813943461640728,0.3936535015028439,2,RFC4c_curve-coords-topo_ctr-area_kndvi_raw100_pg-all_unified_woody,kfold5_block20_unified,RF,curve+coords+topo_ctr+area,,kndvi,none,RF
pd_inext_q1,877,0.0990467625786513,1.0827237789262731,0.2159122003278884,0.8369629447125275,-0.0757141079860764,0.3169461454556371,2,RFC4c_curve-coords-topo_ctr-area_kndvi_raw100_pg-all_unified_woody,kfold5_block20_unified,RF,curve+coords+topo_ctr+area,,kndvi,none,RF
pd_inext_q2,877,0.0840865966068931,0.8892835777224629,0.2321763005108243,0.698339193183695,-0.049821618658399,0.2941134197719062,2,RFC4c_curve-coords-topo_ctr-area_kndvi_raw100_pg-all_unified_woody,kfold5_block20_unified,RF,curve+coords+topo_ctr+area,,kndvi,none,RF
td_inext_q0,881,0.0071198518109589,2.312801781939496,0.233099118739433,1.7624964070264029,-0.1149474110071118,0.1438671702312516,2,RFC4c_curve-coords-topo_ctr-area_kndvi_raw100_pg-all_unified_woody,kfold5_block20_unified,RF,curve+coords+topo_ctr+area,,kndvi,none,RF
td_inext_q1,881,0.0494994892297409,1.6494489547581013,0.201576442492747,1.2644019669270494,0.1223298906493562,0.221714256572801,2,RFC4c_curve-coords-topo_ctr-area_kndvi_raw100_pg-all_unified_woody,kfold5_block20_unified,RF,curve+coords+topo_ctr+area,,kndvi,none,RF
td_inext_q2,881,0.0436724816488343,1.47521595465804,0.1982298352878046,1.130855636760543,0.020305705365641,0.2005862679838137,2,RFC4c_curve-coords-topo_ctr-area_kndvi_raw100_pg-all_unified_woody,kfold5_block20_unified,RF,curve+coords+topo_ctr+area,,kndvi,none,RF
hill_q0_unified,3102,0.4105139161308745,2.33138892502867,0.16652778035919072,1.6221879220097708,-0.11708122392905047,0.6926981520977377,0,RFC4c_curve-coords-topo_ctr-area_kndvi_raw100_unified-all_unified_woody,kfold5_block20_unified,RF,curve+coords+topo_ctr+area,,kndvi,none,RF
lcbd_pa_unified,3094,0.42178446770191935,1.1355408291364858e-05,0.195714764653215,9.007765960353097e-06,-6.881730215454253e-08,0.5895976204852728,0,RFC4c_curve-coords-topo_ctr-area_kndvi_raw100_unified-all_unified_woody,kfold5_block20_unified,RF,curve+coords+topo_ctr+area,,kndvi,none,RF
pcoa1_pa_unified,3094,0.6385088949941699,0.1764241424403706,0.13759756733913517,0.09990243675645664,-0.025239372343217534,0.8386411466707245,0,RFC4c_curve-coords-topo_ctr-area_kndvi_raw100_unified-all_unified_woody,kfold5_block20_unified,RF,curve+coords+topo_ctr+area,,kndvi,none,RF
pcoa2_pa_unified,3094,0.7465914834696893,0.1359462001668786,0.1298986323690859,0.10696349935225208,0.004328211296287755,0.8692690310237584,0,RFC4c_curve-coords-topo_ctr-area_kndvi_raw100_unified-all_unified_woody,kfold5_block20_unified,RF,curve+coords+topo_ctr+area,,kndvi,none,RF
lcbd_freq_unified,3040,0.3825814799469005,1.9717802800334708e-05,0.1979058782069062,1.552771033825243e-05,-2.1870665593844205e-06,0.5822716681796297,0,RFC4c_curve-coords-topo_ctr-area_kndvi_raw100_unified-all_unified_woody,kfold5_block20_unified,RF,curve+coords+topo_ctr+area,,kndvi,none,RF
pcoa1_freq_unified,3040,0.4928056745125263,0.3561718635688878,0.17185486624083104,0.16515272602568315,-0.07215823283917176,0.699969286849707,0,RFC4c_curve-coords-topo_ctr-area_kndvi_raw100_unified-all_unified_woody,kfold5_block20_unified,RF,curve+coords+topo_ctr+area,,kndvi,none,RF
pcoa2_freq_unified,3040,0.5155191118584315,0.32911827019441775,0.1563091326648697,0.21864388256998168,0.01180181092695588,0.8466235484393928,0,RFC4c_curve-coords-topo_ctr-area_kndvi_raw100_unified-all_unified_woody,kfold5_block20_unified,RF,curve+coords+topo_ctr+area,,kndvi,none,RF
mpd_unified,2535,0.2161072659262937,103.40748387238891,0.16167168814647231,68.7597616464295,5.7434425553393735,0.42370209438648687,0,RFC4c_curve-coords-topo_ctr-area_kndvi_raw100_unified-all_unified_woody,kfold5_block20_unified,RF,curve+coords+topo_ctr+area,,kndvi,none,RF
mntd_unified,2535,0.0791897821221158,97.72624065542308,0.15278938923287494,63.57836409797724,-7.080842976804701,0.2419206791594824,0,RFC4c_curve-coords-topo_ctr-area_kndvi_raw100_unified-all_unified_woody,kfold5_block20_unified,RF,curve+coords+topo_ctr+area,,kndvi,none,RF
ses_pd_unified,2535,0.1656081114517034,1.09896986829177,0.20120274854426723,0.7844754688378095,-0.0760827921676239,0.3764407791440357,0,RFC4c_curve-coords-topo_ctr-area_kndvi_raw100_unified-all_unified_woody,kfold5_block20_unified,RF,curve+coords+topo_ctr+area,,kndvi,none,RF
ses_mpd_unified,2535,0.22978661897098007,1.1154285933055503,0.20283251801442959,0.7996103924111829,-0.07258545162661413,0.40357774454735185,0,RFC4c_curve-coords-topo_ctr-area_kndvi_raw100_unified-all_unified_woody,kfold5_block20_unified,RF,curve+coords+topo_ctr+area,,kndvi,none,RF
ses_mntd_unified,2535,0.08026048041856437,1.1730836839778638,0.1932695466255178,0.8769236301014635,-0.10026632315989946,0.23736659467474217,0,RFC4c_curve-coords-topo_ctr-area_kndvi_raw100_unified-all_unified_woody,kfold5_block20_unified,RF,curve+coords+topo_ctr+area,,kndvi,none,RF
dark_n_unified,3094,0.6848251261430311,15.588356484194636,0.14568557461864146,11.974641504649881,-0.4638980419623771,0.8287621181413761,0,RFC4c_curve-coords-topo_ctr-area_kndvi_raw100_unified-all_unified_woody,kfold5_block20_unified,RF,curve+coords+topo_ctr+area,,kndvi,none,RF
hill_q0_unified,3102,0.40612877636226663,2.340044365822195,0.16714602613015678,1.620458108026437,-0.18023482012111774,0.6934084838626132,1,RFC4c_curve-coords-topo_ctr-area_kndvi_raw100_unified-all_unified_woody,kfold5_block20_unified,RF,curve+coords+topo_ctr+area,,kndvi,none,RF
lcbd_pa_unified,3094,0.41121214020341534,1.1458751486229431e-05,0.1974959237751474,9.054649720407531e-06,-1.3190575058489209e-06,0.5836366950497078,1,RFC4c_curve-coords-topo_ctr-area_kndvi_raw100_unified-all_unified_woody,kfold5_block20_unified,RF,curve+coords+topo_ctr+area,,kndvi,none,RF
pcoa1_pa_unified,3094,0.6428210291171299,0.17536872651372098,0.13677442226369826,0.10046678135089775,-0.022004357180858344,0.8381125532258076,1,RFC4c_curve-coords-topo_ctr-area_kndvi_raw100_unified-all_unified_woody,kfold5_block20_unified,RF,curve+coords+topo_ctr+area,,kndvi,none,RF
pcoa2_pa_unified,3094,0.7462611837283697,0.13603476935337774,0.12998326155461778,0.10901611419461034,-0.009686180175149913,0.8691604132991723,1,RFC4c_curve-coords-topo_ctr-area_kndvi_raw100_unified-all_unified_woody,kfold5_block20_unified,RF,curve+coords+topo_ctr+area,,kndvi,none,RF
lcbd_freq_unified,3040,0.38631684351918993,1.9658066253705705e-05,0.19730630766441856,1.5590124590852366e-05,-2.0572721337242297e-07,0.5787075534005538,1,RFC4c_curve-coords-topo_ctr-area_kndvi_raw100_unified-all_unified_woody,kfold5_block20_unified,RF,curve+coords+topo_ctr+area,,kndvi,none,RF
pcoa1_freq_unified,3040,0.4873090151451801,0.3580966482366794,0.17278358533815455,0.16402660792015994,-0.07737855230185012,0.702926843997372,1,RFC4c_curve-coords-topo_ctr-area_kndvi_raw100_unified-all_unified_woody,kfold5_block20_unified,RF,curve+coords+topo_ctr+area,,kndvi,none,RF
pcoa2_freq_unified,3040,0.509471785747788,0.33116593945900485,0.15728163840435067,0.21411094128650715,0.02453339901613227,0.8426547889458578,1,RFC4c_curve-coords-topo_ctr-area_kndvi_raw100_unified-all_unified_woody,kfold5_block20_unified,RF,curve+coords+topo_ctr+area,,kndvi,none,RF
mpd_unified,2535,0.201943346343615,104.33752074173407,0.16312574761175286,67.84064971307762,-2.2299735405782006,0.4065693247764277,1,RFC4c_curve-coords-topo_ctr-area_kndvi_raw100_unified-all_unified_woody,kfold5_block20_unified,RF,curve+coords+topo_ctr+area,,kndvi,none,RF
mntd_unified,2535,0.0883241951928645,97.24031168656556,0.15202966707571056,63.41844907058765,-6.137949975037952,0.25929897104776,1,RFC4c_curve-coords-topo_ctr-area_kndvi_raw100_unified-all_unified_woody,kfold5_block20_unified,RF,curve+coords+topo_ctr+area,,kndvi,none,RF
ses_pd_unified,2535,0.1676710726275199,1.0976104739475412,0.20095386648998534,0.79790586955685,0.003245524906032916,0.37161166317651,1,RFC4c_curve-coords-topo_ctr-area_kndvi_raw100_unified-all_unified_woody,kfold5_block20_unified,RF,curve+coords+topo_ctr+area,,kndvi,none,RF
ses_mpd_unified,2535,0.2278978354562904,1.1167954308281265,0.20308106740439918,0.8029308301061838,-0.06812033307600791,0.3980841859196246,1,RFC4c_curve-coords-topo_ctr-area_kndvi_raw100_unified-all_unified_woody,kfold5_block20_unified,RF,curve+coords+topo_ctr+area,,kndvi,none,RF
ses_mntd_unified,2535,0.07928525510730378,1.1737054457799247,0.19337198400763694,0.8775330333996337,-0.08841914305100064,0.23439759336295643,1,RFC4c_curve-coords-topo_ctr-area_kndvi_raw100_unified-all_unified_woody,kfold5_block20_unified,RF,curve+coords+topo_ctr+area,,kndvi,none,RF
dark_n_unified,3094,0.68535795090013,15.575174317206564,0.14556237679632303,11.927218208177377,-0.5721280921366607,0.828933387945058,1,RFC4c_curve-coords-topo_ctr-area_kndvi_raw100_unified-all_unified_woody,kfold5_block20_unified,RF,curve+coords+topo_ctr+area,,kndvi,none,RF
hill_q0_unified,3102,0.40767030320340303,2.33700533568319,0.1669289525487993,1.6486249040478882,-0.020808522728739943,0.6849167270431971,2,RFC4c_curve-coords-topo_ctr-area_kndvi_raw100_unified-all_unified_woody,kfold5_block20_unified,RF,curve+coords+topo_ctr+area,,kndvi,none,RF
lcbd_pa_unified,3094,0.42041466108812897,1.1368850953343153e-05,0.19594645402605732,9.000317143931402e-06,-5.069395388201244e-07,0.5928361489901917,2,RFC4c_curve-coords-topo_ctr-area_kndvi_raw100_unified-all_unified_woody,kfold5_block20_unified,RF,curve+coords+topo_ctr+area,,kndvi,none,RF
pcoa1_pa_unified,3094,0.6219592524167014,0.18041743912936872,0.14071203853604222,0.09961460045694107,-0.03544654626081703,0.8371994739234643,2,RFC4c_curve-coords-topo_ctr-area_kndvi_raw100_unified-all_unified_woody,kfold5_block20_unified,RF,curve+coords+topo_ctr+area,,kndvi,none,RF
pcoa2_pa_unified,3094,0.7461605076123283,0.1360617539791582,0.13000904576910535,0.10776164599540855,0.0016158968467124412,0.867839154033973,2,RFC4c_curve-coords-topo_ctr-area_kndvi_raw100_unified-all_unified_woody,kfold5_block20_unified,RF,curve+coords+topo_ctr+area,,kndvi,none,RF
lcbd_freq_unified,3040,0.387811918600631,1.963410583787277e-05,0.19706581904681564,1.5507894011646047e-05,-1.1939330398641108e-06,0.5792918015715081,2,RFC4c_curve-coords-topo_ctr-area_kndvi_raw100_unified-all_unified_woody,kfold5_block20_unified,RF,curve+coords+topo_ctr+area,,kndvi,none,RF
pcoa1_freq_unified,3040,0.4813083448723655,0.3601861806406743,0.1737917961165025,0.16475986932716702,-0.08018659203521178,0.6985921570080441,2,RFC4c_curve-coords-topo_ctr-area_kndvi_raw100_unified-all_unified_woody,kfold5_block20_unified,RF,curve+coords+topo_ctr+area,,kndvi,none,RF
pcoa2_freq_unified,3040,0.5121463487404293,0.3302618785132903,0.15685227001280758,0.21431674493462402,0.02166386906867523,0.8473198740330629,2,RFC4c_curve-coords-topo_ctr-area_kndvi_raw100_unified-all_unified_woody,kfold5_block20_unified,RF,curve+coords+topo_ctr+area,,kndvi,none,RF
mpd_unified,2535,0.21106108523287082,103.73978429247404,0.1621912208521829,66.87219178776155,-3.707212212486369,0.41771976986169224,2,RFC4c_curve-coords-topo_ctr-area_kndvi_raw100_unified-all_unified_woody,kfold5_block20_unified,RF,curve+coords+topo_ctr+area,,kndvi,none,RF
mntd_unified,2535,0.07535582049060974,97.92947985111432,0.15310714209402648,63.83131715057618,-6.576883828764964,0.24487211530405914,2,RFC4c_curve-coords-topo_ctr-area_kndvi_raw100_unified-all_unified_woody,kfold5_block20_unified,RF,curve+coords+topo_ctr+area,,kndvi,none,RF
ses_pd_unified,2535,0.17206236623469195,1.0947111970479264,0.20042305805035074,0.7976604393933362,0.007274059301827837,0.3791134513598132,2,RFC4c_curve-coords-topo_ctr-area_kndvi_raw100_unified-all_unified_woody,kfold5_block20_unified,RF,curve+coords+topo_ctr+area,,kndvi,none,RF
ses_mpd_unified,2535,0.22640214568098138,1.1178766163342793,0.20327767306788122,0.8055148952600204,-0.0687692090602699,0.39477072480575126,2,RFC4c_curve-coords-topo_ctr-area_kndvi_raw100_unified-all_unified_woody,kfold5_block20_unified,RF,curve+coords+topo_ctr+area,,kndvi,none,RF
ses_mntd_unified,2535,0.07857945535931898,1.174155228035906,0.19344608717170017,0.875799007901423,-0.023268123423426344,0.22905414170084187,2,RFC4c_curve-coords-topo_ctr-area_kndvi_raw100_unified-all_unified_woody,kfold5_block20_unified,RF,curve+coords+topo_ctr+area,,kndvi,none,RF
dark_n_unified,3094,0.6874962877832435,15.522158916331605,0.14506690576010847,11.97565821366332,0.5163388704275476,0.8301349178913912,2,RFC4c_curve-coords-topo_ctr-area_kndvi_raw100_unified-all_unified_woody,kfold5_block20_unified,RF,curve+coords+topo_ctr+area,,kndvi,none,RF
