target,feature,importance
dark_n_unified,gmA_gm_ndvi,0.05837436961998075
dark_n_unified,gmA_gm_kndvi,0.057518000347540954
dark_n_unified,gmA_gm_nbr,0.05217577918479201
dark_n_unified,lvl5_red,0.05101181280289761
dark_n_unified,lvl5_swir2,0.04272625512409234
dark_n_unified,gmA_gm_band_swir2,0.03543871152852146
dark_n_unified,lvl5_green,0.0317749854591073
dark_n_unified,gmA_gm_band_red,0.028803543978876838
dark_n_unified,topo_elevation,0.026810849393150205
dark_n_unified,clim_tmin_coldest,0.0247317751036764
dark_n_unified,clim_t_seasonality_sd,0.020751515242111777
dark_n_unified,gmA_gm_band_green,0.01943675722452503
dark_n_unified,lvl5_swir1,0.017640552671768752
dark_n_unified,gmA_gm_smad,0.015266516859472223
dark_n_unified,clim_t_warmest_quarter,0.015091789356720852
dark_n_unified,lvl5_blue,0.01472146656224772
dark_n_unified,clim_p_wettest_quarter,0.013958949245220158
dark_n_unified,clim_mat,0.013829375259148971
dark_n_unified,clim_demartonne,0.013376790356190452
dark_n_unified,clim_map,0.013260545816618105
dark_n_unified,topo_tri,0.013110106226081747
dark_n_unified,clim_t_coldest_quarter,0.012171248397401246
dark_n_unified,clim_p_driest_quarter,0.012160170927601554
dark_n_unified,gmA_gm_band_swir1,0.012028697664737386
dark_n_unified,topo_slope,0.011905344969018319
dark_n_unified,gmA_gm_evi,0.011746887610460144
dark_n_unified,clim_p_interannual_cv,0.011179036981065458
dark_n_unified,clim_p_seasonality_cv,0.010689648217985844
dark_n_unified,gmA_gm_band_blue,0.010245882012908903
dark_n_unified,gmA_gm_savi,0.01017073444099328
dark_n_unified,topo_heat_load,0.010128450094882852
dark_n_unified,clim_p_summer_frac,0.010119109087715844
dark_n_unified,topo_northness,0.008976418957435634
dark_n_unified,tex5_swir2_idm,0.008940362797518756
dark_n_unified,clim_dtr,0.008530570571693031
dark_n_unified,topo_tpi,0.008488276282298611
dark_n_unified,topo_curvature,0.008194591369767941
dark_n_unified,gmA_gm_bcmad,0.00808340458342765
dark_n_unified,gmA_gm_emad,0.008077031282128624
dark_n_unified,clim_tmax_warmest,0.008044114272420853
dark_n_unified,tex5_nir_variance,0.00782472134460079
dark_n_unified,tex5_nir_entropy,0.00779675228398462
dark_n_unified,tex5_nir_contrast,0.007722795167692746
dark_n_unified,lvl5_nir,0.007659334873733689
dark_n_unified,tex5_swir1_idm,0.007631096185790602
dark_n_unified,tex5_nir_idm,0.007617625019644246
dark_n_unified,topo_eastness,0.007614395399421547
dark_n_unified,tex5_nir_asm,0.0073457360389101705
dark_n_unified,tex5_nir_correlation,0.006778900160033951
dark_n_unified,tex5_swir2_contrast,0.00672848276089294
dark_n_unified,gmA_gm_band_nir,0.006484864647438898
dark_n_unified,tex5_swir1_entropy,0.006282616752191082
dark_n_unified,tex5_swir1_contrast,0.006269880250137387
dark_n_unified,tex5_swir1_correlation,0.0059916434946426555
dark_n_unified,tex5_swir2_asm,0.00598182191142387
dark_n_unified,tex5_red_correlation,0.005866796674723652
dark_n_unified,tex5_swir2_entropy,0.005789214758715278
dark_n_unified,tex5_swir1_asm,0.005767840459541794
dark_n_unified,tex5_swir1_variance,0.0055324770969532085
dark_n_unified,tex5_blue_correlation,0.00553093362829611
dark_n_unified,tex5_green_asm,0.005419208788337774
dark_n_unified,area_log10,0.0053708819560167416
dark_n_unified,tex5_red_asm,0.005123230520874734
dark_n_unified,tex5_swir2_correlation,0.005013624026305387
dark_n_unified,area_stratum_counts,0.005007661190265243
dark_n_unified,tex5_blue_idm,0.00499308113963186
dark_n_unified,tex5_green_correlation,0.004992350792822048
dark_n_unified,tex5_red_idm,0.004972843868529826
dark_n_unified,tex5_blue_variance,0.004954415392055558
dark_n_unified,tex5_green_idm,0.004826946287952479
dark_n_unified,tex5_green_contrast,0.00482435412141205
dark_n_unified,tex5_blue_contrast,0.004804268379948155
dark_n_unified,tex5_green_variance,0.0047177355199711935
dark_n_unified,tex5_blue_asm,0.004634988779533463
dark_n_unified,tex5_red_variance,0.004563523778347478
dark_n_unified,tex5_swir2_variance,0.004560970932316025
dark_n_unified,tex5_blue_entropy,0.004512139212515557
dark_n_unified,tex5_green_entropy,0.004357584163240212
dark_n_unified,tex5_red_entropy,0.004070595951730078
dark_n_unified,tex5_red_contrast,0.0038655403677375424
dark_n_unified,area_stratum_presence,0.00046289777170652435
dark_n_unified,tex5_red_correlation_isna,3.1379333699412455e-05
dark_n_unified,tex5_blue_correlation_isna,6.90259848584742e-06
dark_n_unified,tex5_green_correlation_isna,1.6731754907263847e-06
dark_n_unified,tex5_swir1_correlation_isna,1.488951082880009e-06
dark_n_unified,topo_heat_load_isna,6.211711122689881e-07
dark_n_unified,topo_northness_isna,3.906728382736645e-07
dark_n_unified,tex5_swir2_correlation_isna,1.7705826562758347e-07
dark_n_unified,topo_eastness_isna,1.6730480221647957e-07
dark_n_unified,area_stratum_basal,0.0
dark_n_unified,gmA_gm_band_blue_isna,0.0
dark_n_unified,gmA_gm_band_green_isna,0.0
dark_n_unified,gmA_gm_band_nir_isna,0.0
dark_n_unified,gmA_gm_band_red_isna,0.0
dark_n_unified,gmA_gm_band_swir1_isna,0.0
dark_n_unified,gmA_gm_band_swir2_isna,0.0
dark_n_unified,gmA_gm_bcmad_isna,0.0
dark_n_unified,gmA_gm_emad_isna,0.0
dark_n_unified,gmA_gm_evi_isna,0.0
dark_n_unified,gmA_gm_kndvi_isna,0.0
dark_n_unified,gmA_gm_nbr_isna,0.0
dark_n_unified,gmA_gm_ndvi_isna,0.0
dark_n_unified,gmA_gm_savi_isna,0.0
dark_n_unified,gmA_gm_smad_isna,0.0
dark_n_unified,lvl5_blue_isna,0.0
dark_n_unified,lvl5_green_isna,0.0
dark_n_unified,lvl5_nir_isna,0.0
dark_n_unified,lvl5_red_isna,0.0
dark_n_unified,lvl5_swir1_isna,0.0
dark_n_unified,lvl5_swir2_isna,0.0
dark_n_unified,tex5_blue_asm_isna,0.0
dark_n_unified,tex5_blue_contrast_isna,0.0
dark_n_unified,tex5_blue_entropy_isna,0.0
dark_n_unified,tex5_blue_idm_isna,0.0
dark_n_unified,tex5_blue_variance_isna,0.0
dark_n_unified,tex5_green_asm_isna,0.0
dark_n_unified,tex5_green_contrast_isna,0.0
dark_n_unified,tex5_green_entropy_isna,0.0
dark_n_unified,tex5_green_idm_isna,0.0
dark_n_unified,tex5_green_variance_isna,0.0
dark_n_unified,tex5_nir_asm_isna,0.0
dark_n_unified,tex5_nir_contrast_isna,0.0
dark_n_unified,tex5_nir_correlation_isna,0.0
dark_n_unified,tex5_nir_entropy_isna,0.0
dark_n_unified,tex5_nir_idm_isna,0.0
dark_n_unified,tex5_nir_variance_isna,0.0
dark_n_unified,tex5_red_asm_isna,0.0
dark_n_unified,tex5_red_contrast_isna,0.0
dark_n_unified,tex5_red_entropy_isna,0.0
dark_n_unified,tex5_red_idm_isna,0.0
dark_n_unified,tex5_red_variance_isna,0.0
dark_n_unified,tex5_swir1_asm_isna,0.0
dark_n_unified,tex5_swir1_contrast_isna,0.0
dark_n_unified,tex5_swir1_entropy_isna,0.0
dark_n_unified,tex5_swir1_idm_isna,0.0
dark_n_unified,tex5_swir1_variance_isna,0.0
dark_n_unified,tex5_swir2_asm_isna,0.0
dark_n_unified,tex5_swir2_contrast_isna,0.0
dark_n_unified,tex5_swir2_entropy_isna,0.0
dark_n_unified,tex5_swir2_idm_isna,0.0
dark_n_unified,tex5_swir2_variance_isna,0.0
dark_n_unified,topo_topo_flat,0.0
hill_q0_unified,clim_t_seasonality_sd,0.07729293332257131
hill_q0_unified,clim_p_wettest_quarter,0.049747142742126396
hill_q0_unified,clim_p_summer_frac,0.049002057539088775
hill_q0_unified,clim_p_interannual_cv,0.046711394800924955
hill_q0_unified,clim_map,0.045561341328620844
hill_q0_unified,lvl5_blue,0.04054190295341725
hill_q0_unified,area_log10,0.03658831767024659
hill_q0_unified,gmA_gm_band_blue,0.03551781899151854
hill_q0_unified,clim_p_seasonality_cv,0.03455540317310083
hill_q0_unified,clim_tmin_coldest,0.03437668681560886
hill_q0_unified,clim_p_driest_quarter,0.031702785247647705
hill_q0_unified,topo_elevation,0.0274781565808835
hill_q0_unified,clim_demartonne,0.027131928019813078
hill_q0_unified,gmA_gm_smad,0.015192783096486967
hill_q0_unified,clim_t_warmest_quarter,0.014701561452992123
hill_q0_unified,gmA_gm_ndvi,0.01436125483137593
hill_q0_unified,lvl5_green,0.012781742560943868
hill_q0_unified,gmA_gm_kndvi,0.012686153763339323
hill_q0_unified,gmA_gm_band_green,0.012039836667504702
hill_q0_unified,lvl5_red,0.01112898684801645
hill_q0_unified,clim_mat,0.01066792944819707
hill_q0_unified,clim_dtr,0.010509648652479536
hill_q0_unified,tex5_nir_idm,0.010028581157576448
hill_q0_unified,clim_tmax_warmest,0.010023739532878446
hill_q0_unified,topo_tpi,0.00993358825201258
hill_q0_unified,topo_curvature,0.009531625795517296
hill_q0_unified,gmA_gm_savi,0.009205833564234525
hill_q0_unified,gmA_gm_band_red,0.009130492156775003
hill_q0_unified,gmA_gm_nbr,0.009086881793317788
hill_q0_unified,topo_tri,0.00906822924138628
hill_q0_unified,tex5_nir_entropy,0.008796004792209905
hill_q0_unified,clim_t_coldest_quarter,0.00859028333210399
hill_q0_unified,tex5_nir_contrast,0.00844483913171756
hill_q0_unified,topo_slope,0.008162043155402931
hill_q0_unified,topo_heat_load,0.007954303381442932
hill_q0_unified,topo_northness,0.007908180689608172
hill_q0_unified,tex5_nir_asm,0.007810816227523973
hill_q0_unified,gmA_gm_bcmad,0.00754934914715603
hill_q0_unified,area_stratum_counts,0.007425274345834283
hill_q0_unified,gmA_gm_emad,0.007262162454317549
hill_q0_unified,gmA_gm_evi,0.0071319054814215615
hill_q0_unified,topo_eastness,0.006771865519264399
hill_q0_unified,tex5_nir_correlation,0.006542875554085906
hill_q0_unified,tex5_nir_variance,0.00634243281980585
hill_q0_unified,gmA_gm_band_swir2,0.006247681614834242
hill_q0_unified,tex5_swir2_correlation,0.006131977203565424
hill_q0_unified,lvl5_nir,0.00605450471985412
hill_q0_unified,tex5_swir1_correlation,0.006001710759231393
hill_q0_unified,gmA_gm_band_nir,0.005957799177641989
hill_q0_unified,lvl5_swir2,0.005948854229140247
hill_q0_unified,tex5_blue_contrast,0.005919780589416106
hill_q0_unified,tex5_red_correlation,0.005767098387687451
hill_q0_unified,gmA_gm_band_swir1,0.005700752835203026
hill_q0_unified,lvl5_swir1,0.005389101023487964
hill_q0_unified,tex5_blue_correlation,0.0052678079616456175
hill_q0_unified,tex5_green_correlation,0.005175368489545554
hill_q0_unified,tex5_blue_idm,0.004964911968805145
hill_q0_unified,tex5_blue_asm,0.0048070240753263944
hill_q0_unified,tex5_red_asm,0.004652015552912831
hill_q0_unified,tex5_swir1_variance,0.004534590280644339
hill_q0_unified,tex5_swir1_idm,0.004503842768590353
hill_q0_unified,tex5_green_contrast,0.004347502004981756
hill_q0_unified,tex5_green_asm,0.0042308437051518264
hill_q0_unified,tex5_swir1_asm,0.004211651672931556
hill_q0_unified,tex5_blue_entropy,0.004191785224719652
hill_q0_unified,tex5_green_entropy,0.004068278137172329
hill_q0_unified,tex5_green_idm,0.0040171195433964055
hill_q0_unified,tex5_swir1_contrast,0.0040076836224950205
hill_q0_unified,tex5_swir1_entropy,0.003993481039414013
hill_q0_unified,tex5_blue_variance,0.0039479233330580715
hill_q0_unified,tex5_green_variance,0.0039236359404072356
hill_q0_unified,tex5_red_idm,0.0038949470376476365
hill_q0_unified,tex5_swir2_contrast,0.003826063624473796
hill_q0_unified,tex5_swir2_asm,0.003807553464040485
hill_q0_unified,tex5_red_contrast,0.0036318866070170195
hill_q0_unified,tex5_swir2_variance,0.003611034712707773
hill_q0_unified,tex5_swir2_idm,0.003487628165712123
hill_q0_unified,tex5_red_variance,0.0034413288872078953
hill_q0_unified,tex5_red_entropy,0.003374417209746432
hill_q0_unified,tex5_swir2_entropy,0.003288910005875895
hill_q0_unified,area_stratum_presence,0.0006377706971756103
hill_q0_unified,area_stratum_basal,3.2925453574547374e-05
hill_q0_unified,tex5_red_correlation_isna,5.925206406052867e-06
hill_q0_unified,topo_heat_load_isna,5.48582076302208e-06
hill_q0_unified,tex5_swir1_correlation_isna,5.259552280310941e-06
hill_q0_unified,tex5_blue_correlation_isna,4.439110768360124e-06
hill_q0_unified,tex5_green_correlation_isna,5.304290556042126e-07
hill_q0_unified,tex5_swir2_correlation_isna,9.412178936391443e-08
hill_q0_unified,gmA_gm_band_blue_isna,0.0
hill_q0_unified,gmA_gm_band_green_isna,0.0
hill_q0_unified,gmA_gm_band_nir_isna,0.0
hill_q0_unified,gmA_gm_band_red_isna,0.0
hill_q0_unified,gmA_gm_band_swir1_isna,0.0
hill_q0_unified,gmA_gm_band_swir2_isna,0.0
hill_q0_unified,gmA_gm_bcmad_isna,0.0
hill_q0_unified,gmA_gm_emad_isna,0.0
hill_q0_unified,gmA_gm_evi_isna,0.0
hill_q0_unified,gmA_gm_kndvi_isna,0.0
hill_q0_unified,gmA_gm_nbr_isna,0.0
hill_q0_unified,gmA_gm_ndvi_isna,0.0
hill_q0_unified,gmA_gm_savi_isna,0.0
hill_q0_unified,gmA_gm_smad_isna,0.0
hill_q0_unified,lvl5_blue_isna,0.0
hill_q0_unified,lvl5_green_isna,0.0
hill_q0_unified,lvl5_nir_isna,0.0
hill_q0_unified,lvl5_red_isna,0.0
hill_q0_unified,lvl5_swir1_isna,0.0
hill_q0_unified,lvl5_swir2_isna,0.0
hill_q0_unified,tex5_blue_asm_isna,0.0
hill_q0_unified,tex5_blue_contrast_isna,0.0
hill_q0_unified,tex5_blue_entropy_isna,0.0
hill_q0_unified,tex5_blue_idm_isna,0.0
hill_q0_unified,tex5_blue_variance_isna,0.0
hill_q0_unified,tex5_green_asm_isna,0.0
hill_q0_unified,tex5_green_contrast_isna,0.0
hill_q0_unified,tex5_green_entropy_isna,0.0
hill_q0_unified,tex5_green_idm_isna,0.0
hill_q0_unified,tex5_green_variance_isna,0.0
hill_q0_unified,tex5_nir_asm_isna,0.0
hill_q0_unified,tex5_nir_contrast_isna,0.0
hill_q0_unified,tex5_nir_correlation_isna,0.0
hill_q0_unified,tex5_nir_entropy_isna,0.0
hill_q0_unified,tex5_nir_idm_isna,0.0
hill_q0_unified,tex5_nir_variance_isna,0.0
hill_q0_unified,tex5_red_asm_isna,0.0
hill_q0_unified,tex5_red_contrast_isna,0.0
hill_q0_unified,tex5_red_entropy_isna,0.0
hill_q0_unified,tex5_red_idm_isna,0.0
hill_q0_unified,tex5_red_variance_isna,0.0
hill_q0_unified,tex5_swir1_asm_isna,0.0
hill_q0_unified,tex5_swir1_contrast_isna,0.0
hill_q0_unified,tex5_swir1_entropy_isna,0.0
hill_q0_unified,tex5_swir1_idm_isna,0.0
hill_q0_unified,tex5_swir1_variance_isna,0.0
hill_q0_unified,tex5_swir2_asm_isna,0.0
hill_q0_unified,tex5_swir2_contrast_isna,0.0
hill_q0_unified,tex5_swir2_entropy_isna,0.0
hill_q0_unified,tex5_swir2_idm_isna,0.0
hill_q0_unified,tex5_swir2_variance_isna,0.0
hill_q0_unified,topo_eastness_isna,0.0
hill_q0_unified,topo_northness_isna,0.0
hill_q0_unified,topo_topo_flat,0.0
isomap1_freq_unified,clim_demartonne,0.12039719420075996
isomap1_freq_unified,clim_map,0.06170731979851467
isomap1_freq_unified,clim_p_wettest_quarter,0.05944276173958481
isomap1_freq_unified,clim_p_interannual_cv,0.04632546257077004
isomap1_freq_unified,clim_t_warmest_quarter,0.04314594494180463
isomap1_freq_unified,area_log10,0.03965852925613903
isomap1_freq_unified,gmA_gm_smad,0.03901209939620126
isomap1_freq_unified,topo_elevation,0.035161289558182415
isomap1_freq_unified,clim_mat,0.028839417377791044
isomap1_freq_unified,gmA_gm_ndvi,0.027906907683235997
isomap1_freq_unified,clim_tmax_warmest,0.027536321428207555
isomap1_freq_unified,gmA_gm_kndvi,0.027172944453553505
isomap1_freq_unified,clim_p_driest_quarter,0.0223669684459325
isomap1_freq_unified,gmA_gm_evi,0.01896382434813488
isomap1_freq_unified,clim_dtr,0.01831943590234009
isomap1_freq_unified,clim_t_seasonality_sd,0.01829406874165329
isomap1_freq_unified,gmA_gm_savi,0.01642104393299652
isomap1_freq_unified,clim_p_summer_frac,0.014591102218050022
isomap1_freq_unified,gmA_gm_nbr,0.014233301536987713
isomap1_freq_unified,clim_tmin_coldest,0.013518062135674063
isomap1_freq_unified,clim_p_seasonality_cv,0.01293572965169587
isomap1_freq_unified,topo_tri,0.012847518268589885
isomap1_freq_unified,topo_slope,0.010964081879070482
isomap1_freq_unified,clim_t_coldest_quarter,0.008880905902362329
isomap1_freq_unified,topo_tpi,0.008701979353569398
isomap1_freq_unified,topo_curvature,0.008172851632983903
isomap1_freq_unified,topo_eastness,0.00778520019057556
isomap1_freq_unified,topo_heat_load,0.0075420513585961815
isomap1_freq_unified,gmA_gm_band_blue,0.006778883922056569
isomap1_freq_unified,gmA_gm_emad,0.006671769942389309
isomap1_freq_unified,tex5_nir_idm,0.006561417711216299
isomap1_freq_unified,lvl5_nir,0.006553038123921715
isomap1_freq_unified,topo_northness,0.0065090451331872605
isomap1_freq_unified,lvl5_blue,0.006354157098656022
isomap1_freq_unified,tex5_nir_entropy,0.006304603574217858
isomap1_freq_unified,tex5_nir_asm,0.0062999796232581715
isomap1_freq_unified,tex5_nir_correlation,0.006051390576770402
isomap1_freq_unified,tex5_nir_contrast,0.005905099921542644
isomap1_freq_unified,gmA_gm_band_red,0.00561298207951075
isomap1_freq_unified,gmA_gm_bcmad,0.00559156149110758
isomap1_freq_unified,tex5_nir_variance,0.0054472629741803055
isomap1_freq_unified,gmA_gm_band_nir,0.005275369914615557
isomap1_freq_unified,gmA_gm_band_green,0.005249457583888906
isomap1_freq_unified,tex5_swir1_correlation,0.005088041206038256
isomap1_freq_unified,lvl5_swir2,0.004769795209161946
isomap1_freq_unified,lvl5_red,0.004729630726042078
isomap1_freq_unified,gmA_gm_band_swir2,0.004568059625696216
isomap1_freq_unified,tex5_swir2_correlation,0.0044383594595449865
isomap1_freq_unified,lvl5_swir1,0.004384483619830345
isomap1_freq_unified,gmA_gm_band_swir1,0.004333125928687223
isomap1_freq_unified,area_stratum_counts,0.004324713279681548
isomap1_freq_unified,lvl5_green,0.0041743466891551225
isomap1_freq_unified,tex5_swir1_contrast,0.004055655978425292
isomap1_freq_unified,tex5_blue_correlation,0.004005160182458968
isomap1_freq_unified,tex5_blue_contrast,0.003957365173986865
isomap1_freq_unified,tex5_green_correlation,0.003796487114846277
isomap1_freq_unified,tex5_swir1_idm,0.0037370413488306635
isomap1_freq_unified,tex5_green_variance,0.0037280435262224735
isomap1_freq_unified,tex5_red_correlation,0.003709102790485192
isomap1_freq_unified,tex5_swir1_variance,0.0036691317358470955
isomap1_freq_unified,tex5_blue_asm,0.0036679936407793697
isomap1_freq_unified,tex5_blue_entropy,0.003657748896004811
isomap1_freq_unified,tex5_swir2_idm,0.0036070361398123875
isomap1_freq_unified,tex5_red_asm,0.003578339296683393
isomap1_freq_unified,tex5_swir1_asm,0.0034789806631662567
isomap1_freq_unified,tex5_green_idm,0.003473476667503041
isomap1_freq_unified,tex5_blue_idm,0.0034550213062407202
isomap1_freq_unified,tex5_swir2_asm,0.003450155710059532
isomap1_freq_unified,tex5_green_entropy,0.0034362249341877123
isomap1_freq_unified,tex5_green_contrast,0.0034152985700505395
isomap1_freq_unified,tex5_blue_variance,0.003376857401241569
isomap1_freq_unified,tex5_green_asm,0.003307147749645933
isomap1_freq_unified,tex5_red_idm,0.003193593192313872
isomap1_freq_unified,tex5_swir1_entropy,0.0031913254637125806
isomap1_freq_unified,tex5_red_variance,0.0031018516733142447
isomap1_freq_unified,tex5_red_entropy,0.0030962556506932927
isomap1_freq_unified,tex5_swir2_contrast,0.003083154886863554
isomap1_freq_unified,tex5_swir2_entropy,0.002997548323461718
isomap1_freq_unified,tex5_swir2_variance,0.002970793001929894
isomap1_freq_unified,tex5_red_contrast,0.0029289312548639855
isomap1_freq_unified,area_stratum_basal,4.098595653401325e-05
isomap1_freq_unified,topo_heat_load_isna,4.538276388728257e-06
isomap1_freq_unified,tex5_red_correlation_isna,3.2107111703763004e-06
isomap1_freq_unified,topo_topo_flat,2.3846548953229438e-06
isomap1_freq_unified,tex5_blue_correlation_isna,1.3665043341751006e-06
isomap1_freq_unified,tex5_green_correlation_isna,6.388025546670859e-07
isomap1_freq_unified,tex5_swir1_correlation_isna,2.567513402956277e-07
isomap1_freq_unified,tex5_swir2_correlation_isna,2.750836572006578e-09
isomap1_freq_unified,area_stratum_presence,0.0
isomap1_freq_unified,gmA_gm_band_blue_isna,0.0
isomap1_freq_unified,gmA_gm_band_green_isna,0.0
isomap1_freq_unified,gmA_gm_band_nir_isna,0.0
isomap1_freq_unified,gmA_gm_band_red_isna,0.0
isomap1_freq_unified,gmA_gm_band_swir1_isna,0.0
isomap1_freq_unified,gmA_gm_band_swir2_isna,0.0
isomap1_freq_unified,gmA_gm_bcmad_isna,0.0
isomap1_freq_unified,gmA_gm_emad_isna,0.0
isomap1_freq_unified,gmA_gm_evi_isna,0.0
isomap1_freq_unified,gmA_gm_kndvi_isna,0.0
isomap1_freq_unified,gmA_gm_nbr_isna,0.0
isomap1_freq_unified,gmA_gm_ndvi_isna,0.0
isomap1_freq_unified,gmA_gm_savi_isna,0.0
isomap1_freq_unified,gmA_gm_smad_isna,0.0
isomap1_freq_unified,lvl5_blue_isna,0.0
isomap1_freq_unified,lvl5_green_isna,0.0
isomap1_freq_unified,lvl5_nir_isna,0.0
isomap1_freq_unified,lvl5_red_isna,0.0
isomap1_freq_unified,lvl5_swir1_isna,0.0
isomap1_freq_unified,lvl5_swir2_isna,0.0
isomap1_freq_unified,tex5_blue_asm_isna,0.0
isomap1_freq_unified,tex5_blue_contrast_isna,0.0
isomap1_freq_unified,tex5_blue_entropy_isna,0.0
isomap1_freq_unified,tex5_blue_idm_isna,0.0
isomap1_freq_unified,tex5_blue_variance_isna,0.0
isomap1_freq_unified,tex5_green_asm_isna,0.0
isomap1_freq_unified,tex5_green_contrast_isna,0.0
isomap1_freq_unified,tex5_green_entropy_isna,0.0
isomap1_freq_unified,tex5_green_idm_isna,0.0
isomap1_freq_unified,tex5_green_variance_isna,0.0
isomap1_freq_unified,tex5_nir_asm_isna,0.0
isomap1_freq_unified,tex5_nir_contrast_isna,0.0
isomap1_freq_unified,tex5_nir_correlation_isna,0.0
isomap1_freq_unified,tex5_nir_entropy_isna,0.0
isomap1_freq_unified,tex5_nir_idm_isna,0.0
isomap1_freq_unified,tex5_nir_variance_isna,0.0
isomap1_freq_unified,tex5_red_asm_isna,0.0
isomap1_freq_unified,tex5_red_contrast_isna,0.0
isomap1_freq_unified,tex5_red_entropy_isna,0.0
isomap1_freq_unified,tex5_red_idm_isna,0.0
isomap1_freq_unified,tex5_red_variance_isna,0.0
isomap1_freq_unified,tex5_swir1_asm_isna,0.0
isomap1_freq_unified,tex5_swir1_contrast_isna,0.0
isomap1_freq_unified,tex5_swir1_entropy_isna,0.0
isomap1_freq_unified,tex5_swir1_idm_isna,0.0
isomap1_freq_unified,tex5_swir1_variance_isna,0.0
isomap1_freq_unified,tex5_swir2_asm_isna,0.0
isomap1_freq_unified,tex5_swir2_contrast_isna,0.0
isomap1_freq_unified,tex5_swir2_entropy_isna,0.0
isomap1_freq_unified,tex5_swir2_idm_isna,0.0
isomap1_freq_unified,tex5_swir2_variance_isna,0.0
isomap1_freq_unified,topo_eastness_isna,0.0
isomap1_freq_unified,topo_northness_isna,0.0
isomap1_pa_unified,gmA_gm_kndvi,0.07076842237162623
isomap1_pa_unified,gmA_gm_ndvi,0.07025973570797975
isomap1_pa_unified,clim_mat,0.05204710353708941
isomap1_pa_unified,gmA_gm_evi,0.05096939735724872
isomap1_pa_unified,clim_demartonne,0.04739373154233127
isomap1_pa_unified,clim_p_wettest_quarter,0.04651556676795048
isomap1_pa_unified,clim_p_interannual_cv,0.04281313958354398
isomap1_pa_unified,topo_elevation,0.039242336474729925
isomap1_pa_unified,clim_map,0.036575302134645805
isomap1_pa_unified,gmA_gm_savi,0.03643126630044631
isomap1_pa_unified,gmA_gm_smad,0.035156822934171716
isomap1_pa_unified,clim_t_warmest_quarter,0.03315744102817793
isomap1_pa_unified,clim_p_driest_quarter,0.031684058883797106
isomap1_pa_unified,gmA_gm_nbr,0.0193604911839112
isomap1_pa_unified,area_log10,0.018772751580978228
isomap1_pa_unified,clim_t_seasonality_sd,0.01815904890939698
isomap1_pa_unified,clim_tmin_coldest,0.015098535925894043
isomap1_pa_unified,clim_tmax_warmest,0.0147064586010073
isomap1_pa_unified,clim_p_summer_frac,0.013763171117054959
isomap1_pa_unified,clim_t_coldest_quarter,0.011768451035228457
isomap1_pa_unified,clim_p_seasonality_cv,0.011369889942882263
isomap1_pa_unified,topo_tpi,0.008782085881386247
isomap1_pa_unified,topo_curvature,0.008716162643923178
isomap1_pa_unified,topo_tri,0.007995143100938613
isomap1_pa_unified,gmA_gm_band_red,0.007975872484846408
isomap1_pa_unified,gmA_gm_emad,0.007677210105751525
isomap1_pa_unified,topo_heat_load,0.007542925851030608
isomap1_pa_unified,topo_eastness,0.007411496928032646
isomap1_pa_unified,clim_dtr,0.007382829578825502
isomap1_pa_unified,topo_slope,0.007139361812775158
isomap1_pa_unified,gmA_gm_band_blue,0.006739704655657343
isomap1_pa_unified,topo_northness,0.006661507752639705
isomap1_pa_unified,gmA_gm_bcmad,0.006603198230620619
isomap1_pa_unified,gmA_gm_band_green,0.006339713387950428
isomap1_pa_unified,lvl5_red,0.006116544337262035
isomap1_pa_unified,lvl5_nir,0.005835776016717517
isomap1_pa_unified,lvl5_blue,0.005658473331472441
isomap1_pa_unified,gmA_gm_band_nir,0.0056338710842599345
isomap1_pa_unified,tex5_nir_idm,0.005348667232283379
isomap1_pa_unified,tex5_nir_contrast,0.0053090330098206325
isomap1_pa_unified,lvl5_green,0.005093358644226151
isomap1_pa_unified,gmA_gm_band_swir2,0.005083541561602961
isomap1_pa_unified,tex5_nir_variance,0.005076913442942324
isomap1_pa_unified,tex5_nir_correlation,0.0049751031279587285
isomap1_pa_unified,tex5_blue_idm,0.004913791419418308
isomap1_pa_unified,tex5_red_contrast,0.004447396761828417
isomap1_pa_unified,tex5_nir_entropy,0.004398742066587855
isomap1_pa_unified,tex5_blue_correlation,0.0043871357444895285
isomap1_pa_unified,gmA_gm_band_swir1,0.004327712941582437
isomap1_pa_unified,tex5_blue_entropy,0.004213198490952537
isomap1_pa_unified,tex5_blue_variance,0.004169227201248117
isomap1_pa_unified,tex5_red_correlation,0.004121941984528599
isomap1_pa_unified,tex5_nir_asm,0.00411505450768371
isomap1_pa_unified,lvl5_swir1,0.004096793853862164
isomap1_pa_unified,tex5_swir1_correlation,0.004039734733645208
isomap1_pa_unified,tex5_red_variance,0.003981688653216935
isomap1_pa_unified,lvl5_swir2,0.00397462637054489
isomap1_pa_unified,tex5_green_correlation,0.0039478159489143815
isomap1_pa_unified,tex5_swir1_asm,0.0037970471156037375
isomap1_pa_unified,tex5_swir2_correlation,0.003787421251033995
isomap1_pa_unified,tex5_blue_asm,0.003752638118379516
isomap1_pa_unified,tex5_red_idm,0.003731004255027959
isomap1_pa_unified,tex5_green_variance,0.0036558822183684835
isomap1_pa_unified,tex5_swir1_idm,0.0036425419777353163
isomap1_pa_unified,tex5_swir1_entropy,0.003634964318003317
isomap1_pa_unified,tex5_swir2_idm,0.003571057411673937
isomap1_pa_unified,tex5_blue_contrast,0.003504931837807036
isomap1_pa_unified,tex5_swir2_asm,0.0034792422216140518
isomap1_pa_unified,tex5_swir2_variance,0.00341636061723753
isomap1_pa_unified,tex5_swir1_variance,0.003358484938002894
isomap1_pa_unified,tex5_green_idm,0.0032628517995708394
isomap1_pa_unified,tex5_swir1_contrast,0.0032355821677960564
isomap1_pa_unified,tex5_green_contrast,0.003213743250028431
isomap1_pa_unified,tex5_red_asm,0.003197650914953104
isomap1_pa_unified,tex5_swir2_entropy,0.003128007403179333
isomap1_pa_unified,tex5_green_asm,0.0030102263165559177
isomap1_pa_unified,tex5_green_entropy,0.0027880101145276517
isomap1_pa_unified,area_stratum_counts,0.00271215212625588
isomap1_pa_unified,tex5_swir2_contrast,0.0026908441001547725
isomap1_pa_unified,tex5_red_entropy,0.0025678056367816242
isomap1_pa_unified,area_stratum_presence,0.000498756419772017
isomap1_pa_unified,area_stratum_basal,0.00011227485086269575
isomap1_pa_unified,tex5_red_correlation_isna,1.8071139776712317e-06
isomap1_pa_unified,tex5_blue_correlation_isna,1.7322129719456016e-06
isomap1_pa_unified,tex5_swir2_correlation_isna,2.820151118319857e-07
isomap1_pa_unified,tex5_swir1_correlation_isna,2.1947549320179606e-07
isomap1_pa_unified,gmA_gm_band_blue_isna,0.0
isomap1_pa_unified,gmA_gm_band_green_isna,0.0
isomap1_pa_unified,gmA_gm_band_nir_isna,0.0
isomap1_pa_unified,gmA_gm_band_red_isna,0.0
isomap1_pa_unified,gmA_gm_band_swir1_isna,0.0
isomap1_pa_unified,gmA_gm_band_swir2_isna,0.0
isomap1_pa_unified,gmA_gm_bcmad_isna,0.0
isomap1_pa_unified,gmA_gm_emad_isna,0.0
isomap1_pa_unified,gmA_gm_evi_isna,0.0
isomap1_pa_unified,gmA_gm_kndvi_isna,0.0
isomap1_pa_unified,gmA_gm_nbr_isna,0.0
isomap1_pa_unified,gmA_gm_ndvi_isna,0.0
isomap1_pa_unified,gmA_gm_savi_isna,0.0
isomap1_pa_unified,gmA_gm_smad_isna,0.0
isomap1_pa_unified,lvl5_blue_isna,0.0
isomap1_pa_unified,lvl5_green_isna,0.0
isomap1_pa_unified,lvl5_nir_isna,0.0
isomap1_pa_unified,lvl5_red_isna,0.0
isomap1_pa_unified,lvl5_swir1_isna,0.0
isomap1_pa_unified,lvl5_swir2_isna,0.0
isomap1_pa_unified,tex5_blue_asm_isna,0.0
isomap1_pa_unified,tex5_blue_contrast_isna,0.0
isomap1_pa_unified,tex5_blue_entropy_isna,0.0
isomap1_pa_unified,tex5_blue_idm_isna,0.0
isomap1_pa_unified,tex5_blue_variance_isna,0.0
isomap1_pa_unified,tex5_green_asm_isna,0.0
isomap1_pa_unified,tex5_green_contrast_isna,0.0
isomap1_pa_unified,tex5_green_correlation_isna,0.0
isomap1_pa_unified,tex5_green_entropy_isna,0.0
isomap1_pa_unified,tex5_green_idm_isna,0.0
isomap1_pa_unified,tex5_green_variance_isna,0.0
isomap1_pa_unified,tex5_nir_asm_isna,0.0
isomap1_pa_unified,tex5_nir_contrast_isna,0.0
isomap1_pa_unified,tex5_nir_correlation_isna,0.0
isomap1_pa_unified,tex5_nir_entropy_isna,0.0
isomap1_pa_unified,tex5_nir_idm_isna,0.0
isomap1_pa_unified,tex5_nir_variance_isna,0.0
isomap1_pa_unified,tex5_red_asm_isna,0.0
isomap1_pa_unified,tex5_red_contrast_isna,0.0
isomap1_pa_unified,tex5_red_entropy_isna,0.0
isomap1_pa_unified,tex5_red_idm_isna,0.0
isomap1_pa_unified,tex5_red_variance_isna,0.0
isomap1_pa_unified,tex5_swir1_asm_isna,0.0
isomap1_pa_unified,tex5_swir1_contrast_isna,0.0
isomap1_pa_unified,tex5_swir1_entropy_isna,0.0
isomap1_pa_unified,tex5_swir1_idm_isna,0.0
isomap1_pa_unified,tex5_swir1_variance_isna,0.0
isomap1_pa_unified,tex5_swir2_asm_isna,0.0
isomap1_pa_unified,tex5_swir2_contrast_isna,0.0
isomap1_pa_unified,tex5_swir2_entropy_isna,0.0
isomap1_pa_unified,tex5_swir2_idm_isna,0.0
isomap1_pa_unified,tex5_swir2_variance_isna,0.0
isomap1_pa_unified,topo_eastness_isna,0.0
isomap1_pa_unified,topo_heat_load_isna,0.0
isomap1_pa_unified,topo_northness_isna,0.0
isomap1_pa_unified,topo_topo_flat,0.0
isomap2_freq_unified,gmA_gm_band_red,0.1269060359776522
isomap2_freq_unified,gmA_gm_nbr,0.09700395490775401
isomap2_freq_unified,gmA_gm_ndvi,0.08772744905524818
isomap2_freq_unified,gmA_gm_kndvi,0.08447397564646786
isomap2_freq_unified,gmA_gm_band_blue,0.07737597536348007
isomap2_freq_unified,gmA_gm_band_green,0.06626140034732012
isomap2_freq_unified,lvl5_red,0.059708411247507885
isomap2_freq_unified,lvl5_blue,0.045773855107448094
isomap2_freq_unified,gmA_gm_band_swir2,0.025341881258240228
isomap2_freq_unified,clim_dtr,0.01712617982148032
isomap2_freq_unified,gmA_gm_savi,0.014573609017928913
isomap2_freq_unified,topo_elevation,0.014301350576204663
isomap2_freq_unified,lvl5_green,0.013967358242634356
isomap2_freq_unified,clim_p_wettest_quarter,0.013965449542780856
isomap2_freq_unified,gmA_gm_evi,0.013278447286782749
isomap2_freq_unified,lvl5_swir2,0.013023847256100497
isomap2_freq_unified,gmA_gm_smad,0.009735167466833389
isomap2_freq_unified,clim_tmax_warmest,0.009545702659805911
isomap2_freq_unified,clim_map,0.008060947545118564
isomap2_freq_unified,clim_t_seasonality_sd,0.008009174636432288
isomap2_freq_unified,clim_p_interannual_cv,0.007525479446157638
isomap2_freq_unified,gmA_gm_bcmad,0.007336673364482346
isomap2_freq_unified,clim_tmin_coldest,0.005873798145744161
isomap2_freq_unified,clim_demartonne,0.0058516870885707796
isomap2_freq_unified,clim_mat,0.00575582018454152
isomap2_freq_unified,gmA_gm_emad,0.005402024070462898
isomap2_freq_unified,clim_t_warmest_quarter,0.004811671743606268
isomap2_freq_unified,clim_p_summer_frac,0.004800022898678191
isomap2_freq_unified,topo_curvature,0.004600441863114368
isomap2_freq_unified,topo_eastness,0.004484054592354196
isomap2_freq_unified,topo_tri,0.004455071318431492
isomap2_freq_unified,clim_t_coldest_quarter,0.00440215856669161
isomap2_freq_unified,area_log10,0.00434671166558421
isomap2_freq_unified,topo_slope,0.004322288890565232
isomap2_freq_unified,topo_tpi,0.004192741060455111
isomap2_freq_unified,topo_northness,0.004075829448434621
isomap2_freq_unified,topo_heat_load,0.004049019756753793
isomap2_freq_unified,gmA_gm_band_swir1,0.00390812080388879
isomap2_freq_unified,lvl5_swir1,0.003825739875049096
isomap2_freq_unified,gmA_gm_band_nir,0.0036777248923343686
isomap2_freq_unified,tex5_nir_variance,0.0036669500287583633
isomap2_freq_unified,lvl5_nir,0.0035388854097603505
isomap2_freq_unified,tex5_nir_idm,0.0033163315974719908
isomap2_freq_unified,area_stratum_counts,0.003263917402767163
isomap2_freq_unified,tex5_nir_correlation,0.0032271662487810713
isomap2_freq_unified,tex5_nir_contrast,0.003176661987578997
isomap2_freq_unified,tex5_swir1_correlation,0.0030672978577048686
isomap2_freq_unified,tex5_blue_correlation,0.00301897545339189
isomap2_freq_unified,tex5_swir2_correlation,0.003000592032360338
isomap2_freq_unified,clim_p_driest_quarter,0.0029187796163662404
isomap2_freq_unified,clim_p_seasonality_cv,0.002742808615841149
isomap2_freq_unified,tex5_swir2_idm,0.002716603338569747
isomap2_freq_unified,tex5_red_correlation,0.0026066214500510484
isomap2_freq_unified,tex5_swir1_idm,0.002600029981803577
isomap2_freq_unified,tex5_green_correlation,0.0025855131130843615
isomap2_freq_unified,tex5_nir_asm,0.0025324633881564076
isomap2_freq_unified,tex5_swir2_contrast,0.002380584930858279
isomap2_freq_unified,tex5_swir1_contrast,0.002358097710014183
isomap2_freq_unified,tex5_nir_entropy,0.0023363583649348213
isomap2_freq_unified,tex5_green_variance,0.002294343323919282
isomap2_freq_unified,tex5_blue_variance,0.0022652279866925374
isomap2_freq_unified,tex5_swir2_asm,0.0022437443592448884
isomap2_freq_unified,tex5_blue_contrast,0.002190282234440135
isomap2_freq_unified,tex5_blue_asm,0.0021790373495102094
isomap2_freq_unified,tex5_blue_idm,0.0020902172679533697
isomap2_freq_unified,tex5_swir1_asm,0.0020442378060526417
isomap2_freq_unified,tex5_swir1_variance,0.0020086013874373344
isomap2_freq_unified,tex5_red_asm,0.001995710243611848
isomap2_freq_unified,tex5_green_asm,0.0019521300480180915
isomap2_freq_unified,tex5_blue_entropy,0.0019389806641088082
isomap2_freq_unified,tex5_swir2_entropy,0.0019258166571547906
isomap2_freq_unified,tex5_green_contrast,0.0019167723702629275
isomap2_freq_unified,tex5_red_idm,0.0018847070879700716
isomap2_freq_unified,tex5_green_idm,0.0018489240615261748
isomap2_freq_unified,tex5_swir2_variance,0.0018253837760211643
isomap2_freq_unified,tex5_red_variance,0.0017837658823051665
isomap2_freq_unified,tex5_red_contrast,0.0017466651886377453
isomap2_freq_unified,tex5_swir1_entropy,0.001699053472492532
isomap2_freq_unified,tex5_red_entropy,0.0016409174995938066
isomap2_freq_unified,tex5_green_entropy,0.0016122319193819627
isomap2_freq_unified,tex5_red_correlation_isna,6.118949081501272e-07
isomap2_freq_unified,tex5_green_correlation_isna,3.532848121508057e-07
isomap2_freq_unified,topo_heat_load_isna,2.5048590592467075e-07
isomap2_freq_unified,tex5_blue_correlation_isna,7.082420859679435e-08
isomap2_freq_unified,tex5_swir2_correlation_isna,3.533726737274824e-08
isomap2_freq_unified,tex5_swir1_correlation_isna,2.2907779590752916e-08
isomap2_freq_unified,topo_northness_isna,1.3511406027520782e-08
isomap2_freq_unified,area_stratum_basal,0.0
isomap2_freq_unified,area_stratum_presence,0.0
isomap2_freq_unified,gmA_gm_band_blue_isna,0.0
isomap2_freq_unified,gmA_gm_band_green_isna,0.0
isomap2_freq_unified,gmA_gm_band_nir_isna,0.0
isomap2_freq_unified,gmA_gm_band_red_isna,0.0
isomap2_freq_unified,gmA_gm_band_swir1_isna,0.0
isomap2_freq_unified,gmA_gm_band_swir2_isna,0.0
isomap2_freq_unified,gmA_gm_bcmad_isna,0.0
isomap2_freq_unified,gmA_gm_emad_isna,0.0
isomap2_freq_unified,gmA_gm_evi_isna,0.0
isomap2_freq_unified,gmA_gm_kndvi_isna,0.0
isomap2_freq_unified,gmA_gm_nbr_isna,0.0
isomap2_freq_unified,gmA_gm_ndvi_isna,0.0
isomap2_freq_unified,gmA_gm_savi_isna,0.0
isomap2_freq_unified,gmA_gm_smad_isna,0.0
isomap2_freq_unified,lvl5_blue_isna,0.0
isomap2_freq_unified,lvl5_green_isna,0.0
isomap2_freq_unified,lvl5_nir_isna,0.0
isomap2_freq_unified,lvl5_red_isna,0.0
isomap2_freq_unified,lvl5_swir1_isna,0.0
isomap2_freq_unified,lvl5_swir2_isna,0.0
isomap2_freq_unified,tex5_blue_asm_isna,0.0
isomap2_freq_unified,tex5_blue_contrast_isna,0.0
isomap2_freq_unified,tex5_blue_entropy_isna,0.0
isomap2_freq_unified,tex5_blue_idm_isna,0.0
isomap2_freq_unified,tex5_blue_variance_isna,0.0
isomap2_freq_unified,tex5_green_asm_isna,0.0
isomap2_freq_unified,tex5_green_contrast_isna,0.0
isomap2_freq_unified,tex5_green_entropy_isna,0.0
isomap2_freq_unified,tex5_green_idm_isna,0.0
isomap2_freq_unified,tex5_green_variance_isna,0.0
isomap2_freq_unified,tex5_nir_asm_isna,0.0
isomap2_freq_unified,tex5_nir_contrast_isna,0.0
isomap2_freq_unified,tex5_nir_correlation_isna,0.0
isomap2_freq_unified,tex5_nir_entropy_isna,0.0
isomap2_freq_unified,tex5_nir_idm_isna,0.0
isomap2_freq_unified,tex5_nir_variance_isna,0.0
isomap2_freq_unified,tex5_red_asm_isna,0.0
isomap2_freq_unified,tex5_red_contrast_isna,0.0
isomap2_freq_unified,tex5_red_entropy_isna,0.0
isomap2_freq_unified,tex5_red_idm_isna,0.0
isomap2_freq_unified,tex5_red_variance_isna,0.0
isomap2_freq_unified,tex5_swir1_asm_isna,0.0
isomap2_freq_unified,tex5_swir1_contrast_isna,0.0
isomap2_freq_unified,tex5_swir1_entropy_isna,0.0
isomap2_freq_unified,tex5_swir1_idm_isna,0.0
isomap2_freq_unified,tex5_swir1_variance_isna,0.0
isomap2_freq_unified,tex5_swir2_asm_isna,0.0
isomap2_freq_unified,tex5_swir2_contrast_isna,0.0
isomap2_freq_unified,tex5_swir2_entropy_isna,0.0
isomap2_freq_unified,tex5_swir2_idm_isna,0.0
isomap2_freq_unified,tex5_swir2_variance_isna,0.0
isomap2_freq_unified,topo_eastness_isna,0.0
isomap2_freq_unified,topo_topo_flat,0.0
isomap2_pa_unified,clim_demartonne,0.07552855152195298
isomap2_pa_unified,topo_elevation,0.04057582777156018
isomap2_pa_unified,clim_dtr,0.0334901268663505
isomap2_pa_unified,clim_map,0.031187710047719662
isomap2_pa_unified,clim_p_wettest_quarter,0.030057803266017778
isomap2_pa_unified,clim_tmin_coldest,0.026167242087857662
isomap2_pa_unified,clim_p_driest_quarter,0.025951035827254408
isomap2_pa_unified,gmA_gm_evi,0.025936028901600718
isomap2_pa_unified,area_log10,0.022303496935934898
isomap2_pa_unified,clim_p_interannual_cv,0.019834469846416396
isomap2_pa_unified,gmA_gm_savi,0.019499712774852233
isomap2_pa_unified,clim_t_coldest_quarter,0.019254565722617124
isomap2_pa_unified,tex5_swir2_contrast,0.017633300460679412
isomap2_pa_unified,clim_tmax_warmest,0.01722021369618492
isomap2_pa_unified,clim_p_summer_frac,0.016914463674422876
isomap2_pa_unified,clim_t_seasonality_sd,0.01598965539326572
isomap2_pa_unified,gmA_gm_nbr,0.01488556378985846
isomap2_pa_unified,gmA_gm_smad,0.01457802353424224
isomap2_pa_unified,gmA_gm_ndvi,0.014564985454499576
isomap2_pa_unified,gmA_gm_kndvi,0.014127749134593698
isomap2_pa_unified,clim_mat,0.013766345406046926
isomap2_pa_unified,topo_curvature,0.01371434567065689
isomap2_pa_unified,tex5_swir2_asm,0.012696261226131166
isomap2_pa_unified,tex5_swir2_idm,0.012549149969031831
isomap2_pa_unified,lvl5_nir,0.01217608923430586
isomap2_pa_unified,topo_heat_load,0.01201711030680421
isomap2_pa_unified,topo_eastness,0.01168235469299783
isomap2_pa_unified,clim_t_warmest_quarter,0.011568662835869157
isomap2_pa_unified,topo_tpi,0.011441020977237377
isomap2_pa_unified,topo_tri,0.011429823410745504
isomap2_pa_unified,gmA_gm_band_swir1,0.011396844628793628
isomap2_pa_unified,lvl5_swir2,0.011349914428213197
isomap2_pa_unified,lvl5_swir1,0.011147854876065136
isomap2_pa_unified,area_stratum_basal,0.011070121586121421
isomap2_pa_unified,gmA_gm_band_nir,0.010824025696770411
isomap2_pa_unified,gmA_gm_emad,0.010789442558553533
isomap2_pa_unified,clim_p_seasonality_cv,0.01052238022024685
isomap2_pa_unified,gmA_gm_band_swir2,0.010467464552541906
isomap2_pa_unified,topo_northness,0.010467171368702805
isomap2_pa_unified,topo_slope,0.010320680834745449
isomap2_pa_unified,tex5_nir_correlation,0.009311728267303618
isomap2_pa_unified,gmA_gm_bcmad,0.009222781187914291
isomap2_pa_unified,tex5_nir_idm,0.00918567618838569
isomap2_pa_unified,lvl5_blue,0.008825602576579192
isomap2_pa_unified,gmA_gm_band_green,0.008637826501433332
isomap2_pa_unified,tex5_swir1_contrast,0.008340871520786745
isomap2_pa_unified,tex5_swir2_variance,0.0082503433118414
isomap2_pa_unified,lvl5_green,0.008101418442513237
isomap2_pa_unified,tex5_swir1_correlation,0.007966627134722196
isomap2_pa_unified,tex5_swir2_entropy,0.007945158514897754
isomap2_pa_unified,tex5_nir_contrast,0.007793499959530756
isomap2_pa_unified,tex5_blue_correlation,0.007734928604788372
isomap2_pa_unified,tex5_nir_variance,0.007669906124617379
isomap2_pa_unified,gmA_gm_band_blue,0.0075083704190655205
isomap2_pa_unified,gmA_gm_band_red,0.007461553214195928
isomap2_pa_unified,lvl5_red,0.007385956914787874
isomap2_pa_unified,tex5_nir_entropy,0.007289440931801146
isomap2_pa_unified,tex5_swir1_idm,0.007173997840772148
isomap2_pa_unified,tex5_swir2_correlation,0.00703838188816559
isomap2_pa_unified,tex5_green_correlation,0.007016449720383967
isomap2_pa_unified,tex5_nir_asm,0.006925068821602304
isomap2_pa_unified,tex5_swir1_asm,0.006828061865575201
isomap2_pa_unified,tex5_swir1_variance,0.006737611157613249
isomap2_pa_unified,tex5_red_asm,0.0066307095375213645
isomap2_pa_unified,tex5_blue_idm,0.006346410992318269
isomap2_pa_unified,tex5_red_correlation,0.006194332817447757
isomap2_pa_unified,tex5_swir1_entropy,0.005817879371352053
isomap2_pa_unified,tex5_red_variance,0.005731158065376364
isomap2_pa_unified,tex5_blue_asm,0.005718302087530029
isomap2_pa_unified,tex5_red_idm,0.00567144737046874
isomap2_pa_unified,tex5_green_variance,0.005171095704330804
isomap2_pa_unified,tex5_green_idm,0.005103510068894918
isomap2_pa_unified,tex5_blue_entropy,0.005022097422173504
isomap2_pa_unified,tex5_green_asm,0.004923747144445286
isomap2_pa_unified,tex5_green_contrast,0.004822893008052867
isomap2_pa_unified,tex5_red_entropy,0.004792158397161375
isomap2_pa_unified,tex5_blue_variance,0.004750971998010548
isomap2_pa_unified,tex5_red_contrast,0.004707722500584119
isomap2_pa_unified,tex5_blue_contrast,0.004491047970644454
isomap2_pa_unified,tex5_green_entropy,0.004483562215222507
isomap2_pa_unified,area_stratum_counts,0.0016680913380558277
isomap2_pa_unified,area_stratum_presence,0.00048734637129758636
isomap2_pa_unified,tex5_red_correlation_isna,7.015983982866864e-06
isomap2_pa_unified,tex5_blue_correlation_isna,4.940889536223633e-06
isomap2_pa_unified,tex5_green_correlation_isna,3.817048729065582e-06
isomap2_pa_unified,tex5_swir2_correlation_isna,5.270862419525405e-07
isomap2_pa_unified,topo_northness_isna,3.304159221361791e-07
isomap2_pa_unified,tex5_swir1_correlation_isna,3.1896959987681466e-08
isomap2_pa_unified,gmA_gm_band_blue_isna,0.0
isomap2_pa_unified,gmA_gm_band_green_isna,0.0
isomap2_pa_unified,gmA_gm_band_nir_isna,0.0
isomap2_pa_unified,gmA_gm_band_red_isna,0.0
isomap2_pa_unified,gmA_gm_band_swir1_isna,0.0
isomap2_pa_unified,gmA_gm_band_swir2_isna,0.0
isomap2_pa_unified,gmA_gm_bcmad_isna,0.0
isomap2_pa_unified,gmA_gm_emad_isna,0.0
isomap2_pa_unified,gmA_gm_evi_isna,0.0
isomap2_pa_unified,gmA_gm_kndvi_isna,0.0
isomap2_pa_unified,gmA_gm_nbr_isna,0.0
isomap2_pa_unified,gmA_gm_ndvi_isna,0.0
isomap2_pa_unified,gmA_gm_savi_isna,0.0
isomap2_pa_unified,gmA_gm_smad_isna,0.0
isomap2_pa_unified,lvl5_blue_isna,0.0
isomap2_pa_unified,lvl5_green_isna,0.0
isomap2_pa_unified,lvl5_nir_isna,0.0
isomap2_pa_unified,lvl5_red_isna,0.0
isomap2_pa_unified,lvl5_swir1_isna,0.0
isomap2_pa_unified,lvl5_swir2_isna,0.0
isomap2_pa_unified,tex5_blue_asm_isna,0.0
isomap2_pa_unified,tex5_blue_contrast_isna,0.0
isomap2_pa_unified,tex5_blue_entropy_isna,0.0
isomap2_pa_unified,tex5_blue_idm_isna,0.0
isomap2_pa_unified,tex5_blue_variance_isna,0.0
isomap2_pa_unified,tex5_green_asm_isna,0.0
isomap2_pa_unified,tex5_green_contrast_isna,0.0
isomap2_pa_unified,tex5_green_entropy_isna,0.0
isomap2_pa_unified,tex5_green_idm_isna,0.0
isomap2_pa_unified,tex5_green_variance_isna,0.0
isomap2_pa_unified,tex5_nir_asm_isna,0.0
isomap2_pa_unified,tex5_nir_contrast_isna,0.0
isomap2_pa_unified,tex5_nir_correlation_isna,0.0
isomap2_pa_unified,tex5_nir_entropy_isna,0.0
isomap2_pa_unified,tex5_nir_idm_isna,0.0
isomap2_pa_unified,tex5_nir_variance_isna,0.0
isomap2_pa_unified,tex5_red_asm_isna,0.0
isomap2_pa_unified,tex5_red_contrast_isna,0.0
isomap2_pa_unified,tex5_red_entropy_isna,0.0
isomap2_pa_unified,tex5_red_idm_isna,0.0
isomap2_pa_unified,tex5_red_variance_isna,0.0
isomap2_pa_unified,tex5_swir1_asm_isna,0.0
isomap2_pa_unified,tex5_swir1_contrast_isna,0.0
isomap2_pa_unified,tex5_swir1_entropy_isna,0.0
isomap2_pa_unified,tex5_swir1_idm_isna,0.0
isomap2_pa_unified,tex5_swir1_variance_isna,0.0
isomap2_pa_unified,tex5_swir2_asm_isna,0.0
isomap2_pa_unified,tex5_swir2_contrast_isna,0.0
isomap2_pa_unified,tex5_swir2_entropy_isna,0.0
isomap2_pa_unified,tex5_swir2_idm_isna,0.0
isomap2_pa_unified,tex5_swir2_variance_isna,0.0
isomap2_pa_unified,topo_eastness_isna,0.0
isomap2_pa_unified,topo_heat_load_isna,0.0
isomap2_pa_unified,topo_topo_flat,0.0
isomap3_freq_unified,gmA_gm_band_red,0.122362939990035
isomap3_freq_unified,gmA_gm_band_blue,0.09357629328270652
isomap3_freq_unified,lvl5_red,0.08408086768585175
isomap3_freq_unified,gmA_gm_band_green,0.07647880066313488
isomap3_freq_unified,gmA_gm_ndvi,0.06685238950287084
isomap3_freq_unified,gmA_gm_kndvi,0.06447073701023878
isomap3_freq_unified,lvl5_blue,0.06327769812885731
isomap3_freq_unified,gmA_gm_nbr,0.0613358774259438
isomap3_freq_unified,gmA_gm_band_swir2,0.023583970137994632
isomap3_freq_unified,lvl5_swir2,0.020957943719354034
isomap3_freq_unified,clim_dtr,0.02073873213195011
isomap3_freq_unified,lvl5_green,0.019505051472284422
isomap3_freq_unified,topo_elevation,0.01722507874170024
isomap3_freq_unified,clim_p_wettest_quarter,0.017141457573722235
isomap3_freq_unified,gmA_gm_savi,0.012212838668966827
isomap3_freq_unified,clim_map,0.01090622145435848
isomap3_freq_unified,clim_tmax_warmest,0.009756550684239435
isomap3_freq_unified,gmA_gm_evi,0.009691515882162492
isomap3_freq_unified,clim_demartonne,0.008588733236259933
isomap3_freq_unified,clim_t_seasonality_sd,0.008335399945238107
isomap3_freq_unified,clim_p_interannual_cv,0.008285551091961833
isomap3_freq_unified,gmA_gm_smad,0.007675709789611936
isomap3_freq_unified,clim_tmin_coldest,0.006032771643613884
isomap3_freq_unified,topo_tri,0.005873784666114894
isomap3_freq_unified,gmA_gm_bcmad,0.0056254569134481704
isomap3_freq_unified,clim_mat,0.005547205510646838
isomap3_freq_unified,gmA_gm_emad,0.005417298514984517
isomap3_freq_unified,topo_northness,0.0054172746565003885
isomap3_freq_unified,topo_slope,0.005121077034664599
isomap3_freq_unified,clim_p_summer_frac,0.004767176556446632
isomap3_freq_unified,clim_t_warmest_quarter,0.004669674806499624
isomap3_freq_unified,topo_eastness,0.004264370215366334
isomap3_freq_unified,topo_heat_load,0.004214208285246697
isomap3_freq_unified,clim_t_coldest_quarter,0.00408983906742457
isomap3_freq_unified,gmA_gm_band_swir1,0.004002357457709686
isomap3_freq_unified,lvl5_swir1,0.003967597435846039
isomap3_freq_unified,area_log10,0.0039237004608293595
isomap3_freq_unified,tex5_nir_idm,0.003608492552982072
isomap3_freq_unified,topo_tpi,0.0035398273004094497
isomap3_freq_unified,clim_p_driest_quarter,0.0034880987377498493
isomap3_freq_unified,tex5_nir_correlation,0.0034045987350417987
isomap3_freq_unified,topo_curvature,0.0033963260414872076
isomap3_freq_unified,lvl5_nir,0.0032368867881002587
isomap3_freq_unified,tex5_nir_variance,0.003203376217366326
isomap3_freq_unified,gmA_gm_band_nir,0.0030740621732663993
isomap3_freq_unified,tex5_nir_contrast,0.003026523652465557
isomap3_freq_unified,tex5_swir1_correlation,0.0030020099189339206
isomap3_freq_unified,clim_p_seasonality_cv,0.002835863396836641
isomap3_freq_unified,tex5_swir2_correlation,0.0027640284132809455
isomap3_freq_unified,tex5_swir2_idm,0.002593841552693014
isomap3_freq_unified,tex5_blue_correlation,0.0025778154277445496
isomap3_freq_unified,tex5_swir1_contrast,0.0025053865795438526
isomap3_freq_unified,tex5_green_correlation,0.0024926126180326537
isomap3_freq_unified,tex5_nir_asm,0.0024447909506643607
isomap3_freq_unified,tex5_red_correlation,0.002422167147285839
isomap3_freq_unified,tex5_nir_entropy,0.002357987313402303
isomap3_freq_unified,tex5_swir1_idm,0.002339243811825397
isomap3_freq_unified,tex5_blue_idm,0.002193903031771634
isomap3_freq_unified,tex5_blue_asm,0.0020940946047999266
isomap3_freq_unified,tex5_blue_variance,0.001983327745170893
isomap3_freq_unified,tex5_swir2_asm,0.0019821296239268026
isomap3_freq_unified,tex5_swir2_contrast,0.001962251313276215
isomap3_freq_unified,tex5_swir1_variance,0.0019513429406263993
isomap3_freq_unified,tex5_blue_entropy,0.0019306653410125576
isomap3_freq_unified,tex5_green_variance,0.0019175477950654266
isomap3_freq_unified,tex5_green_asm,0.0018695044991892298
isomap3_freq_unified,tex5_green_contrast,0.0018425641841882986
isomap3_freq_unified,tex5_swir1_asm,0.0018315100612353863
isomap3_freq_unified,tex5_blue_contrast,0.0018174261149164924
isomap3_freq_unified,tex5_red_asm,0.0017963384272321682
isomap3_freq_unified,tex5_red_contrast,0.0017838989599149734
isomap3_freq_unified,tex5_green_idm,0.0017703291224957154
isomap3_freq_unified,tex5_red_idm,0.0017302511002457333
isomap3_freq_unified,area_stratum_counts,0.0016573395096830107
isomap3_freq_unified,tex5_swir2_variance,0.001647916221438226
isomap3_freq_unified,tex5_green_entropy,0.0016068272722018807
isomap3_freq_unified,tex5_red_variance,0.0016042200732281288
isomap3_freq_unified,tex5_swir2_entropy,0.0016003109198627265
isomap3_freq_unified,tex5_swir1_entropy,0.0015975573648696183
isomap3_freq_unified,tex5_red_entropy,0.0015377721925648794
isomap3_freq_unified,topo_eastness_isna,1.0899190692913287e-06
isomap3_freq_unified,tex5_red_correlation_isna,1.004559899175742e-06
isomap3_freq_unified,tex5_blue_correlation_isna,2.234346600873173e-07
isomap3_freq_unified,topo_heat_load_isna,2.037426470571743e-07
isomap3_freq_unified,topo_northness_isna,1.7463023274131116e-07
isomap3_freq_unified,tex5_green_correlation_isna,1.7373217408453064e-07
isomap3_freq_unified,tex5_swir1_correlation_isna,1.0788503015687184e-08
isomap3_freq_unified,area_stratum_basal,0.0
isomap3_freq_unified,area_stratum_presence,0.0
isomap3_freq_unified,gmA_gm_band_blue_isna,0.0
isomap3_freq_unified,gmA_gm_band_green_isna,0.0
isomap3_freq_unified,gmA_gm_band_nir_isna,0.0
isomap3_freq_unified,gmA_gm_band_red_isna,0.0
isomap3_freq_unified,gmA_gm_band_swir1_isna,0.0
isomap3_freq_unified,gmA_gm_band_swir2_isna,0.0
isomap3_freq_unified,gmA_gm_bcmad_isna,0.0
isomap3_freq_unified,gmA_gm_emad_isna,0.0
isomap3_freq_unified,gmA_gm_evi_isna,0.0
isomap3_freq_unified,gmA_gm_kndvi_isna,0.0
isomap3_freq_unified,gmA_gm_nbr_isna,0.0
isomap3_freq_unified,gmA_gm_ndvi_isna,0.0
isomap3_freq_unified,gmA_gm_savi_isna,0.0
isomap3_freq_unified,gmA_gm_smad_isna,0.0
isomap3_freq_unified,lvl5_blue_isna,0.0
isomap3_freq_unified,lvl5_green_isna,0.0
isomap3_freq_unified,lvl5_nir_isna,0.0
isomap3_freq_unified,lvl5_red_isna,0.0
isomap3_freq_unified,lvl5_swir1_isna,0.0
isomap3_freq_unified,lvl5_swir2_isna,0.0
isomap3_freq_unified,tex5_blue_asm_isna,0.0
isomap3_freq_unified,tex5_blue_contrast_isna,0.0
isomap3_freq_unified,tex5_blue_entropy_isna,0.0
isomap3_freq_unified,tex5_blue_idm_isna,0.0
isomap3_freq_unified,tex5_blue_variance_isna,0.0
isomap3_freq_unified,tex5_green_asm_isna,0.0
isomap3_freq_unified,tex5_green_contrast_isna,0.0
isomap3_freq_unified,tex5_green_entropy_isna,0.0
isomap3_freq_unified,tex5_green_idm_isna,0.0
isomap3_freq_unified,tex5_green_variance_isna,0.0
isomap3_freq_unified,tex5_nir_asm_isna,0.0
isomap3_freq_unified,tex5_nir_contrast_isna,0.0
isomap3_freq_unified,tex5_nir_correlation_isna,0.0
isomap3_freq_unified,tex5_nir_entropy_isna,0.0
isomap3_freq_unified,tex5_nir_idm_isna,0.0
isomap3_freq_unified,tex5_nir_variance_isna,0.0
isomap3_freq_unified,tex5_red_asm_isna,0.0
isomap3_freq_unified,tex5_red_contrast_isna,0.0
isomap3_freq_unified,tex5_red_entropy_isna,0.0
isomap3_freq_unified,tex5_red_idm_isna,0.0
isomap3_freq_unified,tex5_red_variance_isna,0.0
isomap3_freq_unified,tex5_swir1_asm_isna,0.0
isomap3_freq_unified,tex5_swir1_contrast_isna,0.0
isomap3_freq_unified,tex5_swir1_entropy_isna,0.0
isomap3_freq_unified,tex5_swir1_idm_isna,0.0
isomap3_freq_unified,tex5_swir1_variance_isna,0.0
isomap3_freq_unified,tex5_swir2_asm_isna,0.0
isomap3_freq_unified,tex5_swir2_contrast_isna,0.0
isomap3_freq_unified,tex5_swir2_correlation_isna,0.0
isomap3_freq_unified,tex5_swir2_entropy_isna,0.0
isomap3_freq_unified,tex5_swir2_idm_isna,0.0
isomap3_freq_unified,tex5_swir2_variance_isna,0.0
isomap3_freq_unified,topo_topo_flat,0.0
isomap3_pa_unified,gmA_gm_band_red,0.11966912628921542
isomap3_pa_unified,lvl5_red,0.09880342178461043
isomap3_pa_unified,gmA_gm_ndvi,0.0767654102819316
isomap3_pa_unified,gmA_gm_band_green,0.06787138979302727
isomap3_pa_unified,gmA_gm_kndvi,0.06623819507709255
isomap3_pa_unified,gmA_gm_band_blue,0.04909863851275095
isomap3_pa_unified,lvl5_swir2,0.0485391460382379
isomap3_pa_unified,lvl5_blue,0.04815660817449755
isomap3_pa_unified,gmA_gm_band_swir2,0.03260872004710606
isomap3_pa_unified,clim_dtr,0.02928169487802739
isomap3_pa_unified,lvl5_green,0.027872198632538054
isomap3_pa_unified,clim_map,0.022519818451553264
isomap3_pa_unified,clim_p_wettest_quarter,0.022283674655408085
isomap3_pa_unified,gmA_gm_nbr,0.02153727213928944
isomap3_pa_unified,clim_demartonne,0.019012225687498767
isomap3_pa_unified,clim_p_interannual_cv,0.013682780940387006
isomap3_pa_unified,topo_elevation,0.013524338229494462
isomap3_pa_unified,clim_t_seasonality_sd,0.008922704935513042
isomap3_pa_unified,clim_tmax_warmest,0.008580674285710198
isomap3_pa_unified,clim_tmin_coldest,0.008325823940248412
isomap3_pa_unified,gmA_gm_savi,0.008159363166031709
isomap3_pa_unified,gmA_gm_evi,0.007456808404288004
isomap3_pa_unified,clim_mat,0.006535095156597059
isomap3_pa_unified,area_log10,0.006532288118335327
isomap3_pa_unified,gmA_gm_smad,0.006330957748845107
isomap3_pa_unified,clim_t_warmest_quarter,0.005957352418887288
isomap3_pa_unified,clim_p_summer_frac,0.005776176451652047
isomap3_pa_unified,topo_tri,0.0054141559329220195
isomap3_pa_unified,clim_t_coldest_quarter,0.005339487508049487
isomap3_pa_unified,lvl5_swir1,0.005168155347674439
isomap3_pa_unified,topo_eastness,0.005110941298133069
isomap3_pa_unified,topo_heat_load,0.004937462785444302
isomap3_pa_unified,clim_p_driest_quarter,0.004856176227357841
isomap3_pa_unified,topo_slope,0.00462608023783367
isomap3_pa_unified,topo_northness,0.0039229058631040144
isomap3_pa_unified,lvl5_nir,0.003913633939472111
isomap3_pa_unified,gmA_gm_band_swir1,0.003871009663295015
isomap3_pa_unified,topo_tpi,0.0037801509191457577
isomap3_pa_unified,topo_curvature,0.00362411448176349
isomap3_pa_unified,gmA_gm_bcmad,0.0034910147378117594
isomap3_pa_unified,gmA_gm_emad,0.003450213789755484
isomap3_pa_unified,clim_p_seasonality_cv,0.0033875995834904095
isomap3_pa_unified,tex5_nir_idm,0.003176603940990074
isomap3_pa_unified,gmA_gm_band_nir,0.0031245037753767965
isomap3_pa_unified,tex5_nir_correlation,0.002765356949054343
isomap3_pa_unified,tex5_nir_contrast,0.0027446680321971837
isomap3_pa_unified,tex5_nir_asm,0.002644488967036001
isomap3_pa_unified,tex5_nir_variance,0.0025959440317443487
isomap3_pa_unified,tex5_blue_correlation,0.0024886280545202808
isomap3_pa_unified,tex5_nir_entropy,0.0024119510917692865
isomap3_pa_unified,tex5_swir1_correlation,0.002403370576140291
isomap3_pa_unified,tex5_swir1_contrast,0.002365595454214504
isomap3_pa_unified,tex5_swir2_idm,0.00235775968105365
isomap3_pa_unified,tex5_swir2_correlation,0.0023365937292434214
isomap3_pa_unified,tex5_swir1_idm,0.00233366918511342
isomap3_pa_unified,tex5_blue_variance,0.0022707418539598045
isomap3_pa_unified,tex5_blue_entropy,0.0022618857438609823
isomap3_pa_unified,tex5_red_correlation,0.0022445538288953454
isomap3_pa_unified,tex5_blue_asm,0.0022375861829174288
isomap3_pa_unified,tex5_green_correlation,0.0022015033177714915
isomap3_pa_unified,tex5_green_variance,0.002183624943996753
isomap3_pa_unified,tex5_green_contrast,0.002172866635395441
isomap3_pa_unified,tex5_swir2_contrast,0.002161357745862599
isomap3_pa_unified,tex5_blue_idm,0.0021427328949116912
isomap3_pa_unified,tex5_swir2_asm,0.0020910147621016604
isomap3_pa_unified,tex5_red_variance,0.002086667594425326
isomap3_pa_unified,tex5_swir1_variance,0.0020664967035743153
isomap3_pa_unified,tex5_green_asm,0.002064765981559978
isomap3_pa_unified,tex5_red_asm,0.002009885807455077
isomap3_pa_unified,tex5_red_contrast,0.001983062211307194
isomap3_pa_unified,tex5_blue_contrast,0.0019780922824341077
isomap3_pa_unified,tex5_swir1_asm,0.0019710423071289626
isomap3_pa_unified,tex5_green_entropy,0.001937686276115623
isomap3_pa_unified,tex5_green_idm,0.0019105428687639237
isomap3_pa_unified,tex5_swir1_entropy,0.0018660120369413148
isomap3_pa_unified,tex5_swir2_entropy,0.001840353633842696
isomap3_pa_unified,tex5_swir2_variance,0.0018383215759395118
isomap3_pa_unified,tex5_red_idm,0.0018246898400282967
isomap3_pa_unified,tex5_red_entropy,0.001819095588034203
isomap3_pa_unified,area_stratum_counts,0.0015215486709356254
isomap3_pa_unified,area_stratum_presence,0.000628089386118012
isomap3_pa_unified,tex5_red_correlation_isna,7.90146304260762e-07
isomap3_pa_unified,tex5_blue_correlation_isna,5.947158028887575e-07
isomap3_pa_unified,tex5_swir2_correlation_isna,1.3418940201375691e-07
isomap3_pa_unified,tex5_swir1_correlation_isna,1.2025173264123223e-07
isomap3_pa_unified,area_stratum_basal,0.0
isomap3_pa_unified,gmA_gm_band_blue_isna,0.0
isomap3_pa_unified,gmA_gm_band_green_isna,0.0
isomap3_pa_unified,gmA_gm_band_nir_isna,0.0
isomap3_pa_unified,gmA_gm_band_red_isna,0.0
isomap3_pa_unified,gmA_gm_band_swir1_isna,0.0
isomap3_pa_unified,gmA_gm_band_swir2_isna,0.0
isomap3_pa_unified,gmA_gm_bcmad_isna,0.0
isomap3_pa_unified,gmA_gm_emad_isna,0.0
isomap3_pa_unified,gmA_gm_evi_isna,0.0
isomap3_pa_unified,gmA_gm_kndvi_isna,0.0
isomap3_pa_unified,gmA_gm_nbr_isna,0.0
isomap3_pa_unified,gmA_gm_ndvi_isna,0.0
isomap3_pa_unified,gmA_gm_savi_isna,0.0
isomap3_pa_unified,gmA_gm_smad_isna,0.0
isomap3_pa_unified,lvl5_blue_isna,0.0
isomap3_pa_unified,lvl5_green_isna,0.0
isomap3_pa_unified,lvl5_nir_isna,0.0
isomap3_pa_unified,lvl5_red_isna,0.0
isomap3_pa_unified,lvl5_swir1_isna,0.0
isomap3_pa_unified,lvl5_swir2_isna,0.0
isomap3_pa_unified,tex5_blue_asm_isna,0.0
isomap3_pa_unified,tex5_blue_contrast_isna,0.0
isomap3_pa_unified,tex5_blue_entropy_isna,0.0
isomap3_pa_unified,tex5_blue_idm_isna,0.0
isomap3_pa_unified,tex5_blue_variance_isna,0.0
isomap3_pa_unified,tex5_green_asm_isna,0.0
isomap3_pa_unified,tex5_green_contrast_isna,0.0
isomap3_pa_unified,tex5_green_correlation_isna,0.0
isomap3_pa_unified,tex5_green_entropy_isna,0.0
isomap3_pa_unified,tex5_green_idm_isna,0.0
isomap3_pa_unified,tex5_green_variance_isna,0.0
isomap3_pa_unified,tex5_nir_asm_isna,0.0
isomap3_pa_unified,tex5_nir_contrast_isna,0.0
isomap3_pa_unified,tex5_nir_correlation_isna,0.0
isomap3_pa_unified,tex5_nir_entropy_isna,0.0
isomap3_pa_unified,tex5_nir_idm_isna,0.0
isomap3_pa_unified,tex5_nir_variance_isna,0.0
isomap3_pa_unified,tex5_red_asm_isna,0.0
isomap3_pa_unified,tex5_red_contrast_isna,0.0
isomap3_pa_unified,tex5_red_entropy_isna,0.0
isomap3_pa_unified,tex5_red_idm_isna,0.0
isomap3_pa_unified,tex5_red_variance_isna,0.0
isomap3_pa_unified,tex5_swir1_asm_isna,0.0
isomap3_pa_unified,tex5_swir1_contrast_isna,0.0
isomap3_pa_unified,tex5_swir1_entropy_isna,0.0
isomap3_pa_unified,tex5_swir1_idm_isna,0.0
isomap3_pa_unified,tex5_swir1_variance_isna,0.0
isomap3_pa_unified,tex5_swir2_asm_isna,0.0
isomap3_pa_unified,tex5_swir2_contrast_isna,0.0
isomap3_pa_unified,tex5_swir2_entropy_isna,0.0
isomap3_pa_unified,tex5_swir2_idm_isna,0.0
isomap3_pa_unified,tex5_swir2_variance_isna,0.0
isomap3_pa_unified,topo_eastness_isna,0.0
isomap3_pa_unified,topo_heat_load_isna,0.0
isomap3_pa_unified,topo_northness_isna,0.0
isomap3_pa_unified,topo_topo_flat,0.0
lcbd_freq_unified,gmA_gm_kndvi,0.12289002178877222
lcbd_freq_unified,gmA_gm_ndvi,0.11965042850502236
lcbd_freq_unified,gmA_gm_nbr,0.07721877329413608
lcbd_freq_unified,lvl5_red,0.03796163589900869
lcbd_freq_unified,gmA_gm_band_red,0.033831217312322075
lcbd_freq_unified,gmA_gm_evi,0.03320672901762822
lcbd_freq_unified,gmA_gm_savi,0.03242290104375623
lcbd_freq_unified,area_log10,0.032020216317457974
lcbd_freq_unified,topo_elevation,0.030986214606562323
lcbd_freq_unified,gmA_gm_band_swir2,0.021108045055955732
lcbd_freq_unified,area_stratum_counts,0.017683050957657896
lcbd_freq_unified,gmA_gm_smad,0.01725238896927863
lcbd_freq_unified,clim_t_warmest_quarter,0.015037682480951674
lcbd_freq_unified,clim_tmin_coldest,0.01490309473301232
lcbd_freq_unified,lvl5_blue,0.014398437674265439
lcbd_freq_unified,gmA_gm_band_green,0.013046603579203678
lcbd_freq_unified,clim_t_seasonality_sd,0.01226568587121035
lcbd_freq_unified,lvl5_swir2,0.012228664450497173
lcbd_freq_unified,clim_tmax_warmest,0.012019758606666084
lcbd_freq_unified,gmA_gm_band_blue,0.01169921505325259
lcbd_freq_unified,clim_p_wettest_quarter,0.011476131093320107
lcbd_freq_unified,lvl5_green,0.011438482924676632
lcbd_freq_unified,clim_p_interannual_cv,0.010821862760864132
lcbd_freq_unified,clim_map,0.009995024525168688
lcbd_freq_unified,clim_t_coldest_quarter,0.009811992561906577
lcbd_freq_unified,clim_demartonne,0.009097311441877726
lcbd_freq_unified,gmA_gm_emad,0.00895058251238955
lcbd_freq_unified,clim_p_driest_quarter,0.008307066557936086
lcbd_freq_unified,topo_tpi,0.007901620753545027
lcbd_freq_unified,clim_p_seasonality_cv,0.007843981050205884
lcbd_freq_unified,clim_mat,0.00750648185393564
lcbd_freq_unified,clim_dtr,0.007364118549920226
lcbd_freq_unified,gmA_gm_bcmad,0.007258799634452924
lcbd_freq_unified,topo_tri,0.007034012679529421
lcbd_freq_unified,topo_slope,0.0068416246805023066
lcbd_freq_unified,topo_curvature,0.0067884827552077195
lcbd_freq_unified,topo_eastness,0.006765055480103513
lcbd_freq_unified,tex5_nir_contrast,0.006539746035340482
lcbd_freq_unified,topo_northness,0.006494180657427637
lcbd_freq_unified,clim_p_summer_frac,0.006236574686193561
lcbd_freq_unified,tex5_nir_correlation,0.006154233328274375
lcbd_freq_unified,gmA_gm_band_swir1,0.006029884317146621
lcbd_freq_unified,topo_heat_load,0.0059791658166363035
lcbd_freq_unified,gmA_gm_band_nir,0.005502737049816271
lcbd_freq_unified,lvl5_swir1,0.005473884491833994
lcbd_freq_unified,tex5_nir_idm,0.005122361856182798
lcbd_freq_unified,tex5_nir_variance,0.005096160035867592
lcbd_freq_unified,lvl5_nir,0.00495760318227573
lcbd_freq_unified,tex5_green_correlation,0.0046412113554139735
lcbd_freq_unified,tex5_swir1_correlation,0.004087026302696824
lcbd_freq_unified,tex5_nir_asm,0.004075952870031853
lcbd_freq_unified,tex5_swir2_asm,0.004057817085386531
lcbd_freq_unified,tex5_nir_entropy,0.0040507177299417925
lcbd_freq_unified,tex5_swir2_correlation,0.004042353736500355
lcbd_freq_unified,tex5_swir1_idm,0.003975696607529198
lcbd_freq_unified,tex5_red_correlation,0.0038418058146485363
lcbd_freq_unified,tex5_swir2_idm,0.003809973844347421
lcbd_freq_unified,tex5_blue_correlation,0.0037987661426833836
lcbd_freq_unified,tex5_swir1_contrast,0.0037571232958850537
lcbd_freq_unified,tex5_blue_asm,0.00364621190910782
lcbd_freq_unified,tex5_swir1_entropy,0.003594315411402419
lcbd_freq_unified,tex5_swir1_asm,0.0035156298953627147
lcbd_freq_unified,tex5_swir2_contrast,0.003428983182484102
lcbd_freq_unified,tex5_swir2_entropy,0.0034173453503338774
lcbd_freq_unified,tex5_green_variance,0.0033438664445694286
lcbd_freq_unified,tex5_green_contrast,0.003223977165513217
lcbd_freq_unified,tex5_blue_entropy,0.0032059216263466603
lcbd_freq_unified,tex5_red_entropy,0.0031971792042619863
lcbd_freq_unified,tex5_blue_idm,0.00315247312033048
lcbd_freq_unified,tex5_red_asm,0.0031459121187132843
lcbd_freq_unified,tex5_blue_contrast,0.0030771765882812493
lcbd_freq_unified,tex5_green_idm,0.002959471627720618
lcbd_freq_unified,tex5_red_idm,0.002897471703099957
lcbd_freq_unified,tex5_blue_variance,0.0028911684748377424
lcbd_freq_unified,tex5_swir1_variance,0.0028636486539030436
lcbd_freq_unified,tex5_green_asm,0.002830866137573995
lcbd_freq_unified,tex5_red_contrast,0.0027726344294733574
lcbd_freq_unified,tex5_swir2_variance,0.0027442209714120176
lcbd_freq_unified,tex5_red_variance,0.002696132921188478
lcbd_freq_unified,tex5_green_entropy,0.0025855958515101653
lcbd_freq_unified,tex5_green_correlation_isna,1.9049184836135143e-05
lcbd_freq_unified,tex5_swir2_correlation_isna,9.179383402164207e-06
lcbd_freq_unified,tex5_blue_correlation_isna,8.555952321713765e-06
lcbd_freq_unified,topo_topo_flat,6.371744788142911e-06
lcbd_freq_unified,tex5_red_correlation_isna,6.051583766497492e-06
lcbd_freq_unified,topo_heat_load_isna,1.5590705186696283e-06
lcbd_freq_unified,topo_northness_isna,4.805054348271943e-07
lcbd_freq_unified,topo_eastness_isna,1.7415758222502958e-07
lcbd_freq_unified,tex5_swir1_correlation_isna,2.3557028717063506e-09
lcbd_freq_unified,area_stratum_basal,0.0
lcbd_freq_unified,area_stratum_presence,0.0
lcbd_freq_unified,gmA_gm_band_blue_isna,0.0
lcbd_freq_unified,gmA_gm_band_green_isna,0.0
lcbd_freq_unified,gmA_gm_band_nir_isna,0.0
lcbd_freq_unified,gmA_gm_band_red_isna,0.0
lcbd_freq_unified,gmA_gm_band_swir1_isna,0.0
lcbd_freq_unified,gmA_gm_band_swir2_isna,0.0
lcbd_freq_unified,gmA_gm_bcmad_isna,0.0
lcbd_freq_unified,gmA_gm_emad_isna,0.0
lcbd_freq_unified,gmA_gm_evi_isna,0.0
lcbd_freq_unified,gmA_gm_kndvi_isna,0.0
lcbd_freq_unified,gmA_gm_nbr_isna,0.0
lcbd_freq_unified,gmA_gm_ndvi_isna,0.0
lcbd_freq_unified,gmA_gm_savi_isna,0.0
lcbd_freq_unified,gmA_gm_smad_isna,0.0
lcbd_freq_unified,lvl5_blue_isna,0.0
lcbd_freq_unified,lvl5_green_isna,0.0
lcbd_freq_unified,lvl5_nir_isna,0.0
lcbd_freq_unified,lvl5_red_isna,0.0
lcbd_freq_unified,lvl5_swir1_isna,0.0
lcbd_freq_unified,lvl5_swir2_isna,0.0
lcbd_freq_unified,tex5_blue_asm_isna,0.0
lcbd_freq_unified,tex5_blue_contrast_isna,0.0
lcbd_freq_unified,tex5_blue_entropy_isna,0.0
lcbd_freq_unified,tex5_blue_idm_isna,0.0
lcbd_freq_unified,tex5_blue_variance_isna,0.0
lcbd_freq_unified,tex5_green_asm_isna,0.0
lcbd_freq_unified,tex5_green_contrast_isna,0.0
lcbd_freq_unified,tex5_green_entropy_isna,0.0
lcbd_freq_unified,tex5_green_idm_isna,0.0
lcbd_freq_unified,tex5_green_variance_isna,0.0
lcbd_freq_unified,tex5_nir_asm_isna,0.0
lcbd_freq_unified,tex5_nir_contrast_isna,0.0
lcbd_freq_unified,tex5_nir_correlation_isna,0.0
lcbd_freq_unified,tex5_nir_entropy_isna,0.0
lcbd_freq_unified,tex5_nir_idm_isna,0.0
lcbd_freq_unified,tex5_nir_variance_isna,0.0
lcbd_freq_unified,tex5_red_asm_isna,0.0
lcbd_freq_unified,tex5_red_contrast_isna,0.0
lcbd_freq_unified,tex5_red_entropy_isna,0.0
lcbd_freq_unified,tex5_red_idm_isna,0.0
lcbd_freq_unified,tex5_red_variance_isna,0.0
lcbd_freq_unified,tex5_swir1_asm_isna,0.0
lcbd_freq_unified,tex5_swir1_contrast_isna,0.0
lcbd_freq_unified,tex5_swir1_entropy_isna,0.0
lcbd_freq_unified,tex5_swir1_idm_isna,0.0
lcbd_freq_unified,tex5_swir1_variance_isna,0.0
lcbd_freq_unified,tex5_swir2_asm_isna,0.0
lcbd_freq_unified,tex5_swir2_contrast_isna,0.0
lcbd_freq_unified,tex5_swir2_entropy_isna,0.0
lcbd_freq_unified,tex5_swir2_idm_isna,0.0
lcbd_freq_unified,tex5_swir2_variance_isna,0.0
lcbd_pa_unified,gmA_gm_kndvi,0.11871161043244213
lcbd_pa_unified,gmA_gm_ndvi,0.11847626862343923
lcbd_pa_unified,gmA_gm_nbr,0.058010562471609114
lcbd_pa_unified,gmA_gm_evi,0.04014227444536161
lcbd_pa_unified,gmA_gm_savi,0.03935495964628694
lcbd_pa_unified,topo_elevation,0.03316216199273697
lcbd_pa_unified,area_log10,0.031651438033832135
lcbd_pa_unified,lvl5_red,0.02475576693335299
lcbd_pa_unified,gmA_gm_smad,0.01997886599905373
lcbd_pa_unified,gmA_gm_band_red,0.018388468708976514
lcbd_pa_unified,gmA_gm_band_swir2,0.018063595329789347
lcbd_pa_unified,clim_tmin_coldest,0.01642792229977879
lcbd_pa_unified,lvl5_blue,0.016328099936107
lcbd_pa_unified,clim_t_warmest_quarter,0.01587800333467178
lcbd_pa_unified,area_stratum_counts,0.014712994029128729
lcbd_pa_unified,gmA_gm_band_blue,0.013188616663938595
lcbd_pa_unified,clim_p_wettest_quarter,0.012606858870142897
lcbd_pa_unified,clim_map,0.012398911993836586
lcbd_pa_unified,clim_t_coldest_quarter,0.012391906937638482
lcbd_pa_unified,clim_p_interannual_cv,0.011824987487118438
lcbd_pa_unified,clim_tmax_warmest,0.011342656582435976
lcbd_pa_unified,lvl5_green,0.010652338165599576
lcbd_pa_unified,clim_p_driest_quarter,0.010650991319195752
lcbd_pa_unified,clim_t_seasonality_sd,0.010116828035279662
lcbd_pa_unified,gmA_gm_band_green,0.010042330635770378
lcbd_pa_unified,gmA_gm_emad,0.009972868779633156
lcbd_pa_unified,lvl5_swir2,0.009898087759916806
lcbd_pa_unified,clim_demartonne,0.009645766677166318
lcbd_pa_unified,clim_mat,0.00857680712034161
lcbd_pa_unified,clim_p_seasonality_cv,0.008164893545208204
lcbd_pa_unified,clim_p_summer_frac,0.008068290645887911
lcbd_pa_unified,gmA_gm_bcmad,0.007821940227501389
lcbd_pa_unified,topo_tri,0.007700771944958736
lcbd_pa_unified,topo_slope,0.007673392284078963
lcbd_pa_unified,topo_eastness,0.007313862535443962
lcbd_pa_unified,lvl5_swir1,0.006991380700919728
lcbd_pa_unified,clim_dtr,0.006901634036672846
lcbd_pa_unified,topo_northness,0.006840222652685286
lcbd_pa_unified,topo_curvature,0.006799127231643286
lcbd_pa_unified,topo_tpi,0.0065706303798796235
lcbd_pa_unified,topo_heat_load,0.0065480560219220415
lcbd_pa_unified,tex5_blue_idm,0.0061813552623267345
lcbd_pa_unified,gmA_gm_band_swir1,0.006097520538296116
lcbd_pa_unified,tex5_nir_contrast,0.006048014721997173
lcbd_pa_unified,tex5_nir_correlation,0.005991152301193603
lcbd_pa_unified,tex5_blue_entropy,0.00596441688637347
lcbd_pa_unified,tex5_nir_variance,0.005698319848875968
lcbd_pa_unified,tex5_nir_idm,0.0055651747295800665
lcbd_pa_unified,tex5_green_correlation,0.005318190636693731
lcbd_pa_unified,lvl5_nir,0.00521170418338561
lcbd_pa_unified,gmA_gm_band_nir,0.005200153036340046
lcbd_pa_unified,tex5_nir_entropy,0.0051138572815261855
lcbd_pa_unified,tex5_swir1_entropy,0.004906211385867087
lcbd_pa_unified,tex5_blue_correlation,0.004870674423744521
lcbd_pa_unified,tex5_blue_variance,0.004847267507894549
lcbd_pa_unified,tex5_red_correlation,0.004647259855054059
lcbd_pa_unified,tex5_swir1_correlation,0.004547539110500831
lcbd_pa_unified,tex5_blue_asm,0.004504551035218087
lcbd_pa_unified,tex5_nir_asm,0.004442165869655599
lcbd_pa_unified,tex5_red_contrast,0.004434910566037119
lcbd_pa_unified,tex5_swir1_idm,0.004365499245260037
lcbd_pa_unified,tex5_swir1_asm,0.004336922558652213
lcbd_pa_unified,tex5_red_idm,0.004287407911109374
lcbd_pa_unified,tex5_green_variance,0.004224139535107208
lcbd_pa_unified,tex5_green_contrast,0.004219152531551099
lcbd_pa_unified,tex5_swir2_correlation,0.004095690375268166
lcbd_pa_unified,tex5_blue_contrast,0.0039401006132342995
lcbd_pa_unified,tex5_swir2_entropy,0.003907086461524697
lcbd_pa_unified,tex5_red_variance,0.0038887066365037746
lcbd_pa_unified,tex5_red_entropy,0.003744371697930417
lcbd_pa_unified,tex5_green_idm,0.0036550916884644986
lcbd_pa_unified,tex5_swir2_asm,0.003627294056735381
lcbd_pa_unified,tex5_red_asm,0.003613199753628539
lcbd_pa_unified,tex5_swir2_idm,0.003530196969590108
lcbd_pa_unified,tex5_green_entropy,0.0035172205391377108
lcbd_pa_unified,tex5_green_asm,0.0034406468694065167
lcbd_pa_unified,tex5_swir1_variance,0.003399389438179907
lcbd_pa_unified,tex5_swir1_contrast,0.0032032080744607296
lcbd_pa_unified,tex5_swir2_variance,0.003089410547781027
lcbd_pa_unified,tex5_swir2_contrast,0.003014838011623041
lcbd_pa_unified,area_stratum_presence,0.0005464003789535433
lcbd_pa_unified,tex5_blue_correlation_isna,6.2309438252040375e-06
lcbd_pa_unified,tex5_swir2_correlation_isna,5.656664698144127e-06
lcbd_pa_unified,tex5_red_correlation_isna,2.4377129035890562e-06
lcbd_pa_unified,topo_topo_flat,1.7334009073291288e-06
lcbd_pa_unified,tex5_swir1_correlation_isna,3.751029272751015e-07
lcbd_pa_unified,tex5_green_correlation_isna,1.6486923869497137e-09
lcbd_pa_unified,area_stratum_basal,0.0
lcbd_pa_unified,gmA_gm_band_blue_isna,0.0
lcbd_pa_unified,gmA_gm_band_green_isna,0.0
lcbd_pa_unified,gmA_gm_band_nir_isna,0.0
lcbd_pa_unified,gmA_gm_band_red_isna,0.0
lcbd_pa_unified,gmA_gm_band_swir1_isna,0.0
lcbd_pa_unified,gmA_gm_band_swir2_isna,0.0
lcbd_pa_unified,gmA_gm_bcmad_isna,0.0
lcbd_pa_unified,gmA_gm_emad_isna,0.0
lcbd_pa_unified,gmA_gm_evi_isna,0.0
lcbd_pa_unified,gmA_gm_kndvi_isna,0.0
lcbd_pa_unified,gmA_gm_nbr_isna,0.0
lcbd_pa_unified,gmA_gm_ndvi_isna,0.0
lcbd_pa_unified,gmA_gm_savi_isna,0.0
lcbd_pa_unified,gmA_gm_smad_isna,0.0
lcbd_pa_unified,lvl5_blue_isna,0.0
lcbd_pa_unified,lvl5_green_isna,0.0
lcbd_pa_unified,lvl5_nir_isna,0.0
lcbd_pa_unified,lvl5_red_isna,0.0
lcbd_pa_unified,lvl5_swir1_isna,0.0
lcbd_pa_unified,lvl5_swir2_isna,0.0
lcbd_pa_unified,tex5_blue_asm_isna,0.0
lcbd_pa_unified,tex5_blue_contrast_isna,0.0
lcbd_pa_unified,tex5_blue_entropy_isna,0.0
lcbd_pa_unified,tex5_blue_idm_isna,0.0
lcbd_pa_unified,tex5_blue_variance_isna,0.0
lcbd_pa_unified,tex5_green_asm_isna,0.0
lcbd_pa_unified,tex5_green_contrast_isna,0.0
lcbd_pa_unified,tex5_green_entropy_isna,0.0
lcbd_pa_unified,tex5_green_idm_isna,0.0
lcbd_pa_unified,tex5_green_variance_isna,0.0
lcbd_pa_unified,tex5_nir_asm_isna,0.0
lcbd_pa_unified,tex5_nir_contrast_isna,0.0
lcbd_pa_unified,tex5_nir_correlation_isna,0.0
lcbd_pa_unified,tex5_nir_entropy_isna,0.0
lcbd_pa_unified,tex5_nir_idm_isna,0.0
lcbd_pa_unified,tex5_nir_variance_isna,0.0
lcbd_pa_unified,tex5_red_asm_isna,0.0
lcbd_pa_unified,tex5_red_contrast_isna,0.0
lcbd_pa_unified,tex5_red_entropy_isna,0.0
lcbd_pa_unified,tex5_red_idm_isna,0.0
lcbd_pa_unified,tex5_red_variance_isna,0.0
lcbd_pa_unified,tex5_swir1_asm_isna,0.0
lcbd_pa_unified,tex5_swir1_contrast_isna,0.0
lcbd_pa_unified,tex5_swir1_entropy_isna,0.0
lcbd_pa_unified,tex5_swir1_idm_isna,0.0
lcbd_pa_unified,tex5_swir1_variance_isna,0.0
lcbd_pa_unified,tex5_swir2_asm_isna,0.0
lcbd_pa_unified,tex5_swir2_contrast_isna,0.0
lcbd_pa_unified,tex5_swir2_entropy_isna,0.0
lcbd_pa_unified,tex5_swir2_idm_isna,0.0
lcbd_pa_unified,tex5_swir2_variance_isna,0.0
lcbd_pa_unified,topo_eastness_isna,0.0
lcbd_pa_unified,topo_heat_load_isna,0.0
lcbd_pa_unified,topo_northness_isna,0.0
mntd_unified,clim_p_driest_quarter,0.03460109844186681
mntd_unified,clim_p_summer_frac,0.03280289745808812
mntd_unified,clim_demartonne,0.031658991761095455
mntd_unified,clim_p_interannual_cv,0.030438198802998216
mntd_unified,gmA_gm_evi,0.027442525647373282
mntd_unified,topo_elevation,0.027171580351338497
mntd_unified,gmA_gm_savi,0.02333805408052
mntd_unified,clim_map,0.022830840723327347
mntd_unified,gmA_gm_nbr,0.019480396237380286
mntd_unified,clim_tmin_coldest,0.018989316607410642
mntd_unified,clim_p_wettest_quarter,0.018965501738782753
mntd_unified,gmA_gm_bcmad,0.01882049100559238
mntd_unified,gmA_gm_emad,0.018505706900080007
mntd_unified,clim_t_warmest_quarter,0.018218742161147182
mntd_unified,clim_t_coldest_quarter,0.017292496253293665
mntd_unified,topo_eastness,0.016993964274618766
mntd_unified,lvl5_blue,0.01684999704579921
mntd_unified,clim_p_seasonality_cv,0.016702778993157523
mntd_unified,topo_tpi,0.015147198183207694
mntd_unified,topo_heat_load,0.014645731922680491
mntd_unified,clim_mat,0.014444457066887068
mntd_unified,gmA_gm_smad,0.014381490498948383
mntd_unified,topo_northness,0.01426611867436611
mntd_unified,gmA_gm_ndvi,0.014149217117239859
mntd_unified,topo_curvature,0.013957566944491356
mntd_unified,gmA_gm_kndvi,0.013704821086535396
mntd_unified,tex5_red_correlation,0.01251605174341636
mntd_unified,area_stratum_basal,0.012371990019524975
mntd_unified,clim_t_seasonality_sd,0.012140813973883545
mntd_unified,lvl5_nir,0.012051531243552181
mntd_unified,lvl5_green,0.011786629210481975
mntd_unified,tex5_nir_asm,0.01141929207010216
mntd_unified,clim_tmax_warmest,0.011405272848938431
mntd_unified,clim_dtr,0.011331644413839262
mntd_unified,gmA_gm_band_nir,0.011236555760787716
mntd_unified,lvl5_red,0.011198121924522816
mntd_unified,tex5_nir_contrast,0.010996082173437224
mntd_unified,gmA_gm_band_blue,0.010826186202778493
mntd_unified,tex5_nir_entropy,0.010780478416033515
mntd_unified,tex5_swir1_correlation,0.010758346045192988
mntd_unified,tex5_nir_variance,0.010430133896008222
mntd_unified,tex5_swir2_correlation,0.0104055168719504
mntd_unified,topo_tri,0.010329302072031277
mntd_unified,tex5_nir_correlation,0.010326559256028139
mntd_unified,tex5_green_correlation,0.010274392261518505
mntd_unified,lvl5_swir2,0.01022053079357932
mntd_unified,lvl5_swir1,0.010005446002560035
mntd_unified,topo_slope,0.00999688657578217
mntd_unified,tex5_nir_idm,0.009633329482735733
mntd_unified,tex5_blue_correlation,0.008918316414286014
mntd_unified,gmA_gm_band_swir2,0.008422855616739468
mntd_unified,gmA_gm_band_swir1,0.008407820228350233
mntd_unified,tex5_swir2_asm,0.008159894519023332
mntd_unified,tex5_red_idm,0.00810283567069684
mntd_unified,tex5_swir2_contrast,0.008014919283670685
mntd_unified,tex5_swir2_idm,0.007887808712086738
mntd_unified,gmA_gm_band_red,0.007553101983176704
mntd_unified,tex5_green_contrast,0.007527892449321785
mntd_unified,tex5_green_asm,0.007470574079124842
mntd_unified,tex5_swir2_variance,0.007420635374197545
mntd_unified,tex5_green_idm,0.007412764909995283
mntd_unified,tex5_swir1_variance,0.00739690071058631
mntd_unified,tex5_blue_variance,0.007338185368929407
mntd_unified,tex5_red_contrast,0.007328651027660582
mntd_unified,gmA_gm_band_green,0.0070744487373730226
mntd_unified,tex5_swir1_idm,0.006982498668945852
mntd_unified,tex5_blue_contrast,0.006855374278422394
mntd_unified,tex5_red_asm,0.006853568211075724
mntd_unified,tex5_green_variance,0.00683284860711583
mntd_unified,tex5_swir1_contrast,0.0067397389413458315
mntd_unified,tex5_red_entropy,0.0067062984714570725
mntd_unified,tex5_swir2_entropy,0.006405049974490179
mntd_unified,tex5_red_variance,0.006294315465683738
mntd_unified,tex5_swir1_asm,0.006227791139008202
mntd_unified,tex5_blue_idm,0.006199477462679922
mntd_unified,area_log10,0.006189877350049748
mntd_unified,tex5_green_entropy,0.00613579929012617
mntd_unified,tex5_blue_entropy,0.006127839021099018
mntd_unified,tex5_blue_asm,0.005857450161671708
mntd_unified,tex5_swir1_entropy,0.005665387716289433
mntd_unified,area_stratum_counts,0.0010688169761120573
mntd_unified,area_stratum_presence,0.00013746787027196718
mntd_unified,tex5_blue_correlation_isna,1.7498349043487778e-05
mntd_unified,tex5_red_correlation_isna,1.3049542156278308e-05
mntd_unified,tex5_swir2_correlation_isna,7.106448904761826e-06
mntd_unified,tex5_swir1_correlation_isna,3.2482709808332814e-06
mntd_unified,tex5_green_correlation_isna,6.194609391415053e-07
mntd_unified,gmA_gm_band_blue_isna,0.0
mntd_unified,gmA_gm_band_green_isna,0.0
mntd_unified,gmA_gm_band_nir_isna,0.0
mntd_unified,gmA_gm_band_red_isna,0.0
mntd_unified,gmA_gm_band_swir1_isna,0.0
mntd_unified,gmA_gm_band_swir2_isna,0.0
mntd_unified,gmA_gm_bcmad_isna,0.0
mntd_unified,gmA_gm_emad_isna,0.0
mntd_unified,gmA_gm_evi_isna,0.0
mntd_unified,gmA_gm_kndvi_isna,0.0
mntd_unified,gmA_gm_nbr_isna,0.0
mntd_unified,gmA_gm_ndvi_isna,0.0
mntd_unified,gmA_gm_savi_isna,0.0
mntd_unified,gmA_gm_smad_isna,0.0
mntd_unified,lvl5_blue_isna,0.0
mntd_unified,lvl5_green_isna,0.0
mntd_unified,lvl5_nir_isna,0.0
mntd_unified,lvl5_red_isna,0.0
mntd_unified,lvl5_swir1_isna,0.0
mntd_unified,lvl5_swir2_isna,0.0
mntd_unified,tex5_blue_asm_isna,0.0
mntd_unified,tex5_blue_contrast_isna,0.0
mntd_unified,tex5_blue_entropy_isna,0.0
mntd_unified,tex5_blue_idm_isna,0.0
mntd_unified,tex5_blue_variance_isna,0.0
mntd_unified,tex5_green_asm_isna,0.0
mntd_unified,tex5_green_contrast_isna,0.0
mntd_unified,tex5_green_entropy_isna,0.0
mntd_unified,tex5_green_idm_isna,0.0
mntd_unified,tex5_green_variance_isna,0.0
mntd_unified,tex5_nir_asm_isna,0.0
mntd_unified,tex5_nir_contrast_isna,0.0
mntd_unified,tex5_nir_correlation_isna,0.0
mntd_unified,tex5_nir_entropy_isna,0.0
mntd_unified,tex5_nir_idm_isna,0.0
mntd_unified,tex5_nir_variance_isna,0.0
mntd_unified,tex5_red_asm_isna,0.0
mntd_unified,tex5_red_contrast_isna,0.0
mntd_unified,tex5_red_entropy_isna,0.0
mntd_unified,tex5_red_idm_isna,0.0
mntd_unified,tex5_red_variance_isna,0.0
mntd_unified,tex5_swir1_asm_isna,0.0
mntd_unified,tex5_swir1_contrast_isna,0.0
mntd_unified,tex5_swir1_entropy_isna,0.0
mntd_unified,tex5_swir1_idm_isna,0.0
mntd_unified,tex5_swir1_variance_isna,0.0
mntd_unified,tex5_swir2_asm_isna,0.0
mntd_unified,tex5_swir2_contrast_isna,0.0
mntd_unified,tex5_swir2_entropy_isna,0.0
mntd_unified,tex5_swir2_idm_isna,0.0
mntd_unified,tex5_swir2_variance_isna,0.0
mntd_unified,topo_eastness_isna,0.0
mntd_unified,topo_heat_load_isna,0.0
mntd_unified,topo_northness_isna,0.0
mntd_unified,topo_topo_flat,0.0
mpd_unified,clim_p_interannual_cv,0.06091220878264865
mpd_unified,topo_elevation,0.036826234944389455
mpd_unified,clim_p_wettest_quarter,0.03548228898712444
mpd_unified,clim_map,0.030459262560958506
mpd_unified,clim_demartonne,0.02713128952261835
mpd_unified,gmA_gm_nbr,0.024097340458767887
mpd_unified,gmA_gm_bcmad,0.022976645788859867
mpd_unified,topo_eastness,0.022880257656584146
mpd_unified,gmA_gm_emad,0.02234737220585715
mpd_unified,lvl5_blue,0.02047548061695892
mpd_unified,gmA_gm_smad,0.01778208349078305
mpd_unified,topo_heat_load,0.017310653270319852
mpd_unified,lvl5_swir2,0.0170335483578246
mpd_unified,lvl5_green,0.016632711980671035
mpd_unified,gmA_gm_ndvi,0.016556203350926123
mpd_unified,gmA_gm_band_blue,0.016285158822467484
mpd_unified,gmA_gm_kndvi,0.016206976209420406
mpd_unified,tex5_swir1_correlation,0.015901394052553787
mpd_unified,gmA_gm_evi,0.01580415476956888
mpd_unified,gmA_gm_band_red,0.01514482100652583
mpd_unified,gmA_gm_band_green,0.014936418703117757
mpd_unified,lvl5_swir1,0.014896347952656383
mpd_unified,gmA_gm_savi,0.014379606523113006
mpd_unified,tex5_swir2_correlation,0.01347829032882086
mpd_unified,lvl5_red,0.013122255581196183
mpd_unified,topo_northness,0.012827611173402104
mpd_unified,clim_t_coldest_quarter,0.012631988725333146
mpd_unified,gmA_gm_band_swir2,0.01225821844105727
mpd_unified,lvl5_nir,0.012166264110690035
mpd_unified,tex5_green_correlation,0.011745003505163196
mpd_unified,topo_curvature,0.011624474384300804
mpd_unified,tex5_red_correlation,0.011297825381354203
mpd_unified,topo_tri,0.011042522926528282
mpd_unified,tex5_swir2_variance,0.010934991979892545
mpd_unified,clim_mat,0.010656784307740447
mpd_unified,tex5_green_idm,0.010483614552253889
mpd_unified,tex5_swir2_asm,0.010477833744889451
mpd_unified,gmA_gm_band_nir,0.010470891036233934
mpd_unified,topo_slope,0.010368901275080982
mpd_unified,clim_tmin_coldest,0.010058544941752711
mpd_unified,gmA_gm_band_swir1,0.009840046340062738
mpd_unified,topo_tpi,0.009451367610268786
mpd_unified,tex5_blue_variance,0.00944642930314851
mpd_unified,tex5_nir_contrast,0.009425050195276228
mpd_unified,tex5_blue_correlation,0.009376266527760971
mpd_unified,tex5_green_variance,0.009156382675048189
mpd_unified,tex5_red_entropy,0.008768662431640836
mpd_unified,tex5_blue_asm,0.008395448410368983
mpd_unified,tex5_nir_entropy,0.008381595329803796
mpd_unified,tex5_red_variance,0.00831110483877744
mpd_unified,tex5_swir1_variance,0.008219725744600715
mpd_unified,tex5_green_asm,0.008071135969446076
mpd_unified,clim_dtr,0.007959788564943776
mpd_unified,tex5_nir_variance,0.007945491384071685
mpd_unified,clim_p_seasonality_cv,0.007861004291204308
mpd_unified,tex5_swir1_idm,0.007856061085400016
mpd_unified,tex5_swir2_entropy,0.007755576421094026
mpd_unified,tex5_green_contrast,0.007725944530018682
mpd_unified,tex5_nir_correlation,0.007671670152388519
mpd_unified,clim_p_summer_frac,0.007639485291592955
mpd_unified,tex5_green_entropy,0.007628981327345777
mpd_unified,tex5_red_contrast,0.007391982623865914
mpd_unified,tex5_swir2_contrast,0.007354785434938282
mpd_unified,clim_p_driest_quarter,0.0072100256960448625
mpd_unified,tex5_nir_idm,0.007150534657163416
mpd_unified,tex5_nir_asm,0.0070806957420870235
mpd_unified,tex5_swir1_asm,0.00692135352233886
mpd_unified,tex5_red_asm,0.00679489575537766
mpd_unified,tex5_blue_idm,0.006746308593679008
mpd_unified,tex5_swir2_idm,0.006617134948636088
mpd_unified,tex5_red_idm,0.006529804744153625
mpd_unified,tex5_swir1_contrast,0.006384895759189109
mpd_unified,clim_t_warmest_quarter,0.00624897700759732
mpd_unified,tex5_blue_entropy,0.006215434168171068
mpd_unified,tex5_swir1_entropy,0.005973960945289581
mpd_unified,tex5_blue_contrast,0.005585567034227215
mpd_unified,clim_t_seasonality_sd,0.004898630620839966
mpd_unified,clim_tmax_warmest,0.004510543403825321
mpd_unified,area_log10,0.0035229556833328234
mpd_unified,area_stratum_counts,0.0007895271188722193
mpd_unified,area_stratum_basal,0.0007730102837915814
mpd_unified,area_stratum_presence,0.0002536024589456069
mpd_unified,tex5_red_correlation_isna,2.941953253070521e-05
mpd_unified,tex5_swir1_correlation_isna,1.4509467685130962e-05
mpd_unified,tex5_swir2_correlation_isna,5.1447599269222215e-06
mpd_unified,tex5_green_correlation_isna,3.0423781496395507e-06
mpd_unified,tex5_blue_correlation_isna,1.562824672450936e-06
mpd_unified,gmA_gm_band_blue_isna,0.0
mpd_unified,gmA_gm_band_green_isna,0.0
mpd_unified,gmA_gm_band_nir_isna,0.0
mpd_unified,gmA_gm_band_red_isna,0.0
mpd_unified,gmA_gm_band_swir1_isna,0.0
mpd_unified,gmA_gm_band_swir2_isna,0.0
mpd_unified,gmA_gm_bcmad_isna,0.0
mpd_unified,gmA_gm_emad_isna,0.0
mpd_unified,gmA_gm_evi_isna,0.0
mpd_unified,gmA_gm_kndvi_isna,0.0
mpd_unified,gmA_gm_nbr_isna,0.0
mpd_unified,gmA_gm_ndvi_isna,0.0
mpd_unified,gmA_gm_savi_isna,0.0
mpd_unified,gmA_gm_smad_isna,0.0
mpd_unified,lvl5_blue_isna,0.0
mpd_unified,lvl5_green_isna,0.0
mpd_unified,lvl5_nir_isna,0.0
mpd_unified,lvl5_red_isna,0.0
mpd_unified,lvl5_swir1_isna,0.0
mpd_unified,lvl5_swir2_isna,0.0
mpd_unified,tex5_blue_asm_isna,0.0
mpd_unified,tex5_blue_contrast_isna,0.0
mpd_unified,tex5_blue_entropy_isna,0.0
mpd_unified,tex5_blue_idm_isna,0.0
mpd_unified,tex5_blue_variance_isna,0.0
mpd_unified,tex5_green_asm_isna,0.0
mpd_unified,tex5_green_contrast_isna,0.0
mpd_unified,tex5_green_entropy_isna,0.0
mpd_unified,tex5_green_idm_isna,0.0
mpd_unified,tex5_green_variance_isna,0.0
mpd_unified,tex5_nir_asm_isna,0.0
mpd_unified,tex5_nir_contrast_isna,0.0
mpd_unified,tex5_nir_correlation_isna,0.0
mpd_unified,tex5_nir_entropy_isna,0.0
mpd_unified,tex5_nir_idm_isna,0.0
mpd_unified,tex5_nir_variance_isna,0.0
mpd_unified,tex5_red_asm_isna,0.0
mpd_unified,tex5_red_contrast_isna,0.0
mpd_unified,tex5_red_entropy_isna,0.0
mpd_unified,tex5_red_idm_isna,0.0
mpd_unified,tex5_red_variance_isna,0.0
mpd_unified,tex5_swir1_asm_isna,0.0
mpd_unified,tex5_swir1_contrast_isna,0.0
mpd_unified,tex5_swir1_entropy_isna,0.0
mpd_unified,tex5_swir1_idm_isna,0.0
mpd_unified,tex5_swir1_variance_isna,0.0
mpd_unified,tex5_swir2_asm_isna,0.0
mpd_unified,tex5_swir2_contrast_isna,0.0
mpd_unified,tex5_swir2_entropy_isna,0.0
mpd_unified,tex5_swir2_idm_isna,0.0
mpd_unified,tex5_swir2_variance_isna,0.0
mpd_unified,topo_eastness_isna,0.0
mpd_unified,topo_heat_load_isna,0.0
mpd_unified,topo_northness_isna,0.0
mpd_unified,topo_topo_flat,0.0
pcoa1_freq_unified,gmA_gm_kndvi,0.12451916775867918
pcoa1_freq_unified,gmA_gm_ndvi,0.11891241442067535
pcoa1_freq_unified,gmA_gm_nbr,0.09094415346755942
pcoa1_freq_unified,gmA_gm_band_red,0.0622188060505226
pcoa1_freq_unified,lvl5_red,0.05484025062287282
pcoa1_freq_unified,gmA_gm_band_swir2,0.030880209799520504
pcoa1_freq_unified,gmA_gm_band_green,0.024890216935146918
pcoa1_freq_unified,topo_elevation,0.024153969066387417
pcoa1_freq_unified,gmA_gm_evi,0.022531198921017695
pcoa1_freq_unified,lvl5_blue,0.022437588371108867
pcoa1_freq_unified,gmA_gm_savi,0.022006238051682316
pcoa1_freq_unified,area_log10,0.01910284538671251
pcoa1_freq_unified,gmA_gm_smad,0.017513592647641373
pcoa1_freq_unified,gmA_gm_band_blue,0.01641784424810413
pcoa1_freq_unified,lvl5_green,0.014836627659727519
pcoa1_freq_unified,area_stratum_counts,0.014566679974372245
pcoa1_freq_unified,lvl5_swir2,0.013982687041612587
pcoa1_freq_unified,clim_tmin_coldest,0.013203688638996536
pcoa1_freq_unified,clim_t_warmest_quarter,0.010607037850916875
pcoa1_freq_unified,clim_p_interannual_cv,0.0099048208416575
pcoa1_freq_unified,clim_t_seasonality_sd,0.009832437684810805
pcoa1_freq_unified,gmA_gm_emad,0.008412663297753458
pcoa1_freq_unified,clim_tmax_warmest,0.008112274869376976
pcoa1_freq_unified,clim_t_coldest_quarter,0.007570580135181098
pcoa1_freq_unified,gmA_gm_bcmad,0.007550302661796411
pcoa1_freq_unified,clim_p_wettest_quarter,0.00744246054127487
pcoa1_freq_unified,topo_tri,0.006886021916829925
pcoa1_freq_unified,topo_slope,0.006654522155814367
pcoa1_freq_unified,topo_tpi,0.00664691268274058
pcoa1_freq_unified,clim_p_driest_quarter,0.006526508320724709
pcoa1_freq_unified,clim_map,0.0065086463221593295
pcoa1_freq_unified,clim_demartonne,0.006486599584878854
pcoa1_freq_unified,clim_p_seasonality_cv,0.00623630011922262
pcoa1_freq_unified,gmA_gm_band_swir1,0.006172286086192781
pcoa1_freq_unified,topo_heat_load,0.005996933629592827
pcoa1_freq_unified,tex5_nir_correlation,0.005968353067910572
pcoa1_freq_unified,topo_northness,0.005884273808731389
pcoa1_freq_unified,clim_dtr,0.0058584307576671
pcoa1_freq_unified,topo_eastness,0.005827049496180732
pcoa1_freq_unified,clim_mat,0.00577165989838045
pcoa1_freq_unified,topo_curvature,0.005262666908898801
pcoa1_freq_unified,clim_p_summer_frac,0.005258034150027172
pcoa1_freq_unified,lvl5_swir1,0.005153991774515329
pcoa1_freq_unified,lvl5_nir,0.0050185846397730865
pcoa1_freq_unified,gmA_gm_band_nir,0.004954819915192449
pcoa1_freq_unified,tex5_nir_idm,0.004335302879661701
pcoa1_freq_unified,tex5_nir_variance,0.004310895450401811
pcoa1_freq_unified,tex5_nir_contrast,0.004238554387182294
pcoa1_freq_unified,tex5_swir1_correlation,0.0039888613743849595
pcoa1_freq_unified,tex5_green_correlation,0.003980011512753868
pcoa1_freq_unified,tex5_swir2_asm,0.003690425493110243
pcoa1_freq_unified,tex5_swir2_idm,0.003622327314966576
pcoa1_freq_unified,tex5_swir2_correlation,0.003604633166150223
pcoa1_freq_unified,tex5_nir_entropy,0.0034484593807547572
pcoa1_freq_unified,tex5_red_correlation,0.003379385559611709
pcoa1_freq_unified,tex5_blue_correlation,0.003313781623526125
pcoa1_freq_unified,tex5_nir_asm,0.0033030994320260034
pcoa1_freq_unified,tex5_swir1_idm,0.0032897549497461383
pcoa1_freq_unified,tex5_swir1_asm,0.003272866450383548
pcoa1_freq_unified,tex5_swir1_entropy,0.0032526988444562324
pcoa1_freq_unified,tex5_swir1_contrast,0.0032012485599470417
pcoa1_freq_unified,tex5_swir2_contrast,0.003174268725321424
pcoa1_freq_unified,tex5_swir2_entropy,0.0031596196233189206
pcoa1_freq_unified,tex5_blue_asm,0.003080014077515454
pcoa1_freq_unified,tex5_red_asm,0.003066029326575302
pcoa1_freq_unified,tex5_blue_idm,0.003055378563260625
pcoa1_freq_unified,tex5_swir2_variance,0.0028308919795166114
pcoa1_freq_unified,tex5_red_idm,0.0027939922749394843
pcoa1_freq_unified,tex5_green_contrast,0.0027272839231520544
pcoa1_freq_unified,tex5_green_variance,0.0026855555588740703
pcoa1_freq_unified,tex5_swir1_variance,0.00266649524251406
pcoa1_freq_unified,tex5_blue_contrast,0.0026290673910381985
pcoa1_freq_unified,tex5_green_asm,0.002595809683685589
pcoa1_freq_unified,tex5_blue_variance,0.0025710537052397683
pcoa1_freq_unified,tex5_red_entropy,0.0025615827405794387
pcoa1_freq_unified,tex5_red_contrast,0.002428762662636006
pcoa1_freq_unified,tex5_blue_entropy,0.0024238274346867713
pcoa1_freq_unified,tex5_green_idm,0.0024079098298979544
pcoa1_freq_unified,tex5_red_variance,0.0022169934094596637
pcoa1_freq_unified,tex5_green_entropy,0.002200555116604527
pcoa1_freq_unified,tex5_green_correlation_isna,1.6787813233254616e-05
pcoa1_freq_unified,tex5_swir2_correlation_isna,8.905284478354753e-06
pcoa1_freq_unified,tex5_blue_correlation_isna,1.623729045338653e-06
pcoa1_freq_unified,tex5_red_correlation_isna,9.589617819625566e-07
pcoa1_freq_unified,tex5_swir1_correlation_isna,5.662520111573833e-07
pcoa1_freq_unified,topo_eastness_isna,1.961502746859853e-07
pcoa1_freq_unified,topo_topo_flat,1.3276259521458671e-07
pcoa1_freq_unified,topo_northness_isna,7.921815980814628e-08
pcoa1_freq_unified,area_stratum_basal,0.0
pcoa1_freq_unified,area_stratum_presence,0.0
pcoa1_freq_unified,gmA_gm_band_blue_isna,0.0
pcoa1_freq_unified,gmA_gm_band_green_isna,0.0
pcoa1_freq_unified,gmA_gm_band_nir_isna,0.0
pcoa1_freq_unified,gmA_gm_band_red_isna,0.0
pcoa1_freq_unified,gmA_gm_band_swir1_isna,0.0
pcoa1_freq_unified,gmA_gm_band_swir2_isna,0.0
pcoa1_freq_unified,gmA_gm_bcmad_isna,0.0
pcoa1_freq_unified,gmA_gm_emad_isna,0.0
pcoa1_freq_unified,gmA_gm_evi_isna,0.0
pcoa1_freq_unified,gmA_gm_kndvi_isna,0.0
pcoa1_freq_unified,gmA_gm_nbr_isna,0.0
pcoa1_freq_unified,gmA_gm_ndvi_isna,0.0
pcoa1_freq_unified,gmA_gm_savi_isna,0.0
pcoa1_freq_unified,gmA_gm_smad_isna,0.0
pcoa1_freq_unified,lvl5_blue_isna,0.0
pcoa1_freq_unified,lvl5_green_isna,0.0
pcoa1_freq_unified,lvl5_nir_isna,0.0
pcoa1_freq_unified,lvl5_red_isna,0.0
pcoa1_freq_unified,lvl5_swir1_isna,0.0
pcoa1_freq_unified,lvl5_swir2_isna,0.0
pcoa1_freq_unified,tex5_blue_asm_isna,0.0
pcoa1_freq_unified,tex5_blue_contrast_isna,0.0
pcoa1_freq_unified,tex5_blue_entropy_isna,0.0
pcoa1_freq_unified,tex5_blue_idm_isna,0.0
pcoa1_freq_unified,tex5_blue_variance_isna,0.0
pcoa1_freq_unified,tex5_green_asm_isna,0.0
pcoa1_freq_unified,tex5_green_contrast_isna,0.0
pcoa1_freq_unified,tex5_green_entropy_isna,0.0
pcoa1_freq_unified,tex5_green_idm_isna,0.0
pcoa1_freq_unified,tex5_green_variance_isna,0.0
pcoa1_freq_unified,tex5_nir_asm_isna,0.0
pcoa1_freq_unified,tex5_nir_contrast_isna,0.0
pcoa1_freq_unified,tex5_nir_correlation_isna,0.0
pcoa1_freq_unified,tex5_nir_entropy_isna,0.0
pcoa1_freq_unified,tex5_nir_idm_isna,0.0
pcoa1_freq_unified,tex5_nir_variance_isna,0.0
pcoa1_freq_unified,tex5_red_asm_isna,0.0
pcoa1_freq_unified,tex5_red_contrast_isna,0.0
pcoa1_freq_unified,tex5_red_entropy_isna,0.0
pcoa1_freq_unified,tex5_red_idm_isna,0.0
pcoa1_freq_unified,tex5_red_variance_isna,0.0
pcoa1_freq_unified,tex5_swir1_asm_isna,0.0
pcoa1_freq_unified,tex5_swir1_contrast_isna,0.0
pcoa1_freq_unified,tex5_swir1_entropy_isna,0.0
pcoa1_freq_unified,tex5_swir1_idm_isna,0.0
pcoa1_freq_unified,tex5_swir1_variance_isna,0.0
pcoa1_freq_unified,tex5_swir2_asm_isna,0.0
pcoa1_freq_unified,tex5_swir2_contrast_isna,0.0
pcoa1_freq_unified,tex5_swir2_entropy_isna,0.0
pcoa1_freq_unified,tex5_swir2_idm_isna,0.0
pcoa1_freq_unified,tex5_swir2_variance_isna,0.0
pcoa1_freq_unified,topo_heat_load_isna,0.0
pcoa1_pa_unified,gmA_gm_kndvi,0.11857762729419245
pcoa1_pa_unified,gmA_gm_ndvi,0.11748626797435588
pcoa1_pa_unified,gmA_gm_nbr,0.05536608333708738
pcoa1_pa_unified,gmA_gm_evi,0.02988518881012907
pcoa1_pa_unified,lvl5_red,0.02962046254784385
pcoa1_pa_unified,topo_elevation,0.028125645882532024
pcoa1_pa_unified,gmA_gm_savi,0.02736143058077952
pcoa1_pa_unified,clim_tmin_coldest,0.02420012481300841
pcoa1_pa_unified,lvl5_blue,0.02017956367228511
pcoa1_pa_unified,clim_t_warmest_quarter,0.019211194265962142
pcoa1_pa_unified,clim_t_seasonality_sd,0.01817519142414361
pcoa1_pa_unified,gmA_gm_band_red,0.017926688389685322
pcoa1_pa_unified,gmA_gm_smad,0.017221005993178516
pcoa1_pa_unified,clim_mat,0.01720095508363995
pcoa1_pa_unified,lvl5_green,0.01590214991820699
pcoa1_pa_unified,gmA_gm_band_swir2,0.015302072199239897
pcoa1_pa_unified,gmA_gm_band_blue,0.014019566463915289
pcoa1_pa_unified,gmA_gm_band_green,0.013762351270186646
pcoa1_pa_unified,clim_p_driest_quarter,0.01375527359605721
pcoa1_pa_unified,clim_t_coldest_quarter,0.013443177703983327
pcoa1_pa_unified,clim_p_wettest_quarter,0.012350889635893772
pcoa1_pa_unified,clim_demartonne,0.011910094682346726
pcoa1_pa_unified,clim_tmax_warmest,0.011859571039796204
pcoa1_pa_unified,area_log10,0.011415903109509738
pcoa1_pa_unified,clim_map,0.011181740523081135
pcoa1_pa_unified,lvl5_swir2,0.010676626520537448
pcoa1_pa_unified,clim_p_interannual_cv,0.010172055538836114
pcoa1_pa_unified,topo_slope,0.009360045860803148
pcoa1_pa_unified,area_stratum_counts,0.009343549093405942
pcoa1_pa_unified,gmA_gm_emad,0.008906126934936831
pcoa1_pa_unified,lvl5_swir1,0.008626535901257986
pcoa1_pa_unified,topo_tri,0.00859054045770333
pcoa1_pa_unified,topo_eastness,0.008372697108979974
pcoa1_pa_unified,gmA_gm_bcmad,0.008285460382939775
pcoa1_pa_unified,gmA_gm_band_swir1,0.007695604311354321
pcoa1_pa_unified,clim_p_summer_frac,0.007645553416492384
pcoa1_pa_unified,topo_northness,0.007305043325849243
pcoa1_pa_unified,clim_dtr,0.007055335444486975
pcoa1_pa_unified,topo_heat_load,0.0069686384242721566
pcoa1_pa_unified,clim_p_seasonality_cv,0.006936252689064304
pcoa1_pa_unified,topo_curvature,0.006400822411688446
pcoa1_pa_unified,topo_tpi,0.006289377272061121
pcoa1_pa_unified,tex5_nir_contrast,0.006150658073503672
pcoa1_pa_unified,tex5_nir_correlation,0.006139417316239945
pcoa1_pa_unified,lvl5_nir,0.005876782405356072
pcoa1_pa_unified,gmA_gm_band_nir,0.005803890428503342
pcoa1_pa_unified,tex5_swir1_entropy,0.005779442531375413
pcoa1_pa_unified,tex5_green_correlation,0.005639680710381173
pcoa1_pa_unified,tex5_nir_variance,0.0056042056902007985
pcoa1_pa_unified,tex5_swir1_idm,0.005563604524492704
pcoa1_pa_unified,tex5_green_variance,0.0054403465438015155
pcoa1_pa_unified,tex5_nir_idm,0.005333500636944568
pcoa1_pa_unified,tex5_green_contrast,0.0052381042487462505
pcoa1_pa_unified,tex5_nir_entropy,0.005012386557398988
pcoa1_pa_unified,tex5_swir1_asm,0.004931867026307053
pcoa1_pa_unified,tex5_swir1_correlation,0.004919959744122805
pcoa1_pa_unified,tex5_blue_correlation,0.004864600477324428
pcoa1_pa_unified,tex5_nir_asm,0.004701300127575958
pcoa1_pa_unified,tex5_red_correlation,0.004700814011377168
pcoa1_pa_unified,tex5_swir2_idm,0.004611342753855748
pcoa1_pa_unified,tex5_blue_entropy,0.004573170729957065
pcoa1_pa_unified,tex5_swir2_correlation,0.004543445062254293
pcoa1_pa_unified,tex5_blue_variance,0.004451979833916273
pcoa1_pa_unified,tex5_swir2_entropy,0.004450687972296419
pcoa1_pa_unified,tex5_blue_idm,0.004423503542526158
pcoa1_pa_unified,tex5_red_idm,0.00427963496183696
pcoa1_pa_unified,tex5_red_contrast,0.003947503961067011
pcoa1_pa_unified,tex5_blue_contrast,0.003944795262807407
pcoa1_pa_unified,tex5_swir1_variance,0.003942877722897768
pcoa1_pa_unified,tex5_blue_asm,0.003927362616116054
pcoa1_pa_unified,tex5_swir2_asm,0.0038801903036822724
pcoa1_pa_unified,tex5_red_variance,0.0038294732411008623
pcoa1_pa_unified,tex5_swir1_contrast,0.003787600775610614
pcoa1_pa_unified,tex5_green_idm,0.003772063575796886
pcoa1_pa_unified,tex5_green_asm,0.0037658328653332198
pcoa1_pa_unified,tex5_red_asm,0.0036412097449111955
pcoa1_pa_unified,tex5_red_entropy,0.0035058709912902516
pcoa1_pa_unified,tex5_swir2_contrast,0.0034699149686761585
pcoa1_pa_unified,tex5_swir2_variance,0.003299007940581432
pcoa1_pa_unified,tex5_green_entropy,0.0032632226459490057
pcoa1_pa_unified,area_stratum_presence,0.0008890436337606356
pcoa1_pa_unified,area_stratum_basal,2.313865647927757e-05
pcoa1_pa_unified,topo_topo_flat,3.2034513172282134e-06
pcoa1_pa_unified,tex5_red_correlation_isna,1.8762771115154526e-06
pcoa1_pa_unified,tex5_blue_correlation_isna,9.101745666883357e-07
pcoa1_pa_unified,tex5_swir2_correlation_isna,4.501528253905096e-08
pcoa1_pa_unified,tex5_swir1_correlation_isna,4.447399553221743e-08
pcoa1_pa_unified,topo_heat_load_isna,4.85661995284966e-10
pcoa1_pa_unified,gmA_gm_band_blue_isna,0.0
pcoa1_pa_unified,gmA_gm_band_green_isna,0.0
pcoa1_pa_unified,gmA_gm_band_nir_isna,0.0
pcoa1_pa_unified,gmA_gm_band_red_isna,0.0
pcoa1_pa_unified,gmA_gm_band_swir1_isna,0.0
pcoa1_pa_unified,gmA_gm_band_swir2_isna,0.0
pcoa1_pa_unified,gmA_gm_bcmad_isna,0.0
pcoa1_pa_unified,gmA_gm_emad_isna,0.0
pcoa1_pa_unified,gmA_gm_evi_isna,0.0
pcoa1_pa_unified,gmA_gm_kndvi_isna,0.0
pcoa1_pa_unified,gmA_gm_nbr_isna,0.0
pcoa1_pa_unified,gmA_gm_ndvi_isna,0.0
pcoa1_pa_unified,gmA_gm_savi_isna,0.0
pcoa1_pa_unified,gmA_gm_smad_isna,0.0
pcoa1_pa_unified,lvl5_blue_isna,0.0
pcoa1_pa_unified,lvl5_green_isna,0.0
pcoa1_pa_unified,lvl5_nir_isna,0.0
pcoa1_pa_unified,lvl5_red_isna,0.0
pcoa1_pa_unified,lvl5_swir1_isna,0.0
pcoa1_pa_unified,lvl5_swir2_isna,0.0
pcoa1_pa_unified,tex5_blue_asm_isna,0.0
pcoa1_pa_unified,tex5_blue_contrast_isna,0.0
pcoa1_pa_unified,tex5_blue_entropy_isna,0.0
pcoa1_pa_unified,tex5_blue_idm_isna,0.0
pcoa1_pa_unified,tex5_blue_variance_isna,0.0
pcoa1_pa_unified,tex5_green_asm_isna,0.0
pcoa1_pa_unified,tex5_green_contrast_isna,0.0
pcoa1_pa_unified,tex5_green_correlation_isna,0.0
pcoa1_pa_unified,tex5_green_entropy_isna,0.0
pcoa1_pa_unified,tex5_green_idm_isna,0.0
pcoa1_pa_unified,tex5_green_variance_isna,0.0
pcoa1_pa_unified,tex5_nir_asm_isna,0.0
pcoa1_pa_unified,tex5_nir_contrast_isna,0.0
pcoa1_pa_unified,tex5_nir_correlation_isna,0.0
pcoa1_pa_unified,tex5_nir_entropy_isna,0.0
pcoa1_pa_unified,tex5_nir_idm_isna,0.0
pcoa1_pa_unified,tex5_nir_variance_isna,0.0
pcoa1_pa_unified,tex5_red_asm_isna,0.0
pcoa1_pa_unified,tex5_red_contrast_isna,0.0
pcoa1_pa_unified,tex5_red_entropy_isna,0.0
pcoa1_pa_unified,tex5_red_idm_isna,0.0
pcoa1_pa_unified,tex5_red_variance_isna,0.0
pcoa1_pa_unified,tex5_swir1_asm_isna,0.0
pcoa1_pa_unified,tex5_swir1_contrast_isna,0.0
pcoa1_pa_unified,tex5_swir1_entropy_isna,0.0
pcoa1_pa_unified,tex5_swir1_idm_isna,0.0
pcoa1_pa_unified,tex5_swir1_variance_isna,0.0
pcoa1_pa_unified,tex5_swir2_asm_isna,0.0
pcoa1_pa_unified,tex5_swir2_contrast_isna,0.0
pcoa1_pa_unified,tex5_swir2_entropy_isna,0.0
pcoa1_pa_unified,tex5_swir2_idm_isna,0.0
pcoa1_pa_unified,tex5_swir2_variance_isna,0.0
pcoa1_pa_unified,topo_eastness_isna,0.0
pcoa1_pa_unified,topo_northness_isna,0.0
pcoa2_freq_unified,gmA_gm_kndvi,0.07795853815609297
pcoa2_freq_unified,gmA_gm_ndvi,0.0722858249935491
pcoa2_freq_unified,gmA_gm_nbr,0.052612056203730814
pcoa2_freq_unified,clim_p_wettest_quarter,0.042587619541129995
pcoa2_freq_unified,clim_p_driest_quarter,0.04165636321002137
pcoa2_freq_unified,clim_demartonne,0.0408650397692509
pcoa2_freq_unified,clim_map,0.03399389832591771
pcoa2_freq_unified,gmA_gm_band_red,0.025953629580898713
pcoa2_freq_unified,clim_mat,0.024465970828671177
pcoa2_freq_unified,lvl5_red,0.023363997786784253
pcoa2_freq_unified,clim_t_warmest_quarter,0.022326806119631774
pcoa2_freq_unified,topo_elevation,0.020652525531289666
pcoa2_freq_unified,clim_tmin_coldest,0.020585728083867487
pcoa2_freq_unified,gmA_gm_evi,0.01943451360361027
pcoa2_freq_unified,gmA_gm_savi,0.01875365648952827
pcoa2_freq_unified,clim_t_seasonality_sd,0.018231696083286304
pcoa2_freq_unified,clim_p_interannual_cv,0.01823132359236425
pcoa2_freq_unified,gmA_gm_smad,0.017791144597772004
pcoa2_freq_unified,gmA_gm_band_green,0.016965137229301937
pcoa2_freq_unified,clim_t_coldest_quarter,0.016216718176779492
pcoa2_freq_unified,gmA_gm_band_swir2,0.013052712345239834
pcoa2_freq_unified,lvl5_blue,0.012567394384106947
pcoa2_freq_unified,lvl5_green,0.011874198822668392
pcoa2_freq_unified,clim_p_seasonality_cv,0.010994433604922152
pcoa2_freq_unified,topo_slope,0.010721229850912962
pcoa2_freq_unified,clim_tmax_warmest,0.010290522148228617
pcoa2_freq_unified,gmA_gm_emad,0.010274394438791572
pcoa2_freq_unified,clim_p_summer_frac,0.010136498483537766
pcoa2_freq_unified,gmA_gm_band_blue,0.010015681571117775
pcoa2_freq_unified,area_stratum_counts,0.009795742027993241
pcoa2_freq_unified,gmA_gm_band_swir1,0.00974746380437946
pcoa2_freq_unified,lvl5_swir2,0.00889404075210059
pcoa2_freq_unified,area_log10,0.00881195084557775
pcoa2_freq_unified,topo_tpi,0.008776537784418772
pcoa2_freq_unified,topo_eastness,0.008463238755130746
pcoa2_freq_unified,tex5_nir_correlation,0.008307439997866246
pcoa2_freq_unified,topo_curvature,0.00824156693627855
pcoa2_freq_unified,lvl5_nir,0.00814437114662192
pcoa2_freq_unified,topo_tri,0.007930651763123905
pcoa2_freq_unified,gmA_gm_bcmad,0.007847655318917384
pcoa2_freq_unified,tex5_nir_variance,0.007119501262990556
pcoa2_freq_unified,lvl5_swir1,0.007028383351858586
pcoa2_freq_unified,topo_northness,0.006825892104734535
pcoa2_freq_unified,topo_heat_load,0.0066750047229179555
pcoa2_freq_unified,clim_dtr,0.006625937428677353
pcoa2_freq_unified,gmA_gm_band_nir,0.006554721649707768
pcoa2_freq_unified,tex5_swir2_correlation,0.006051677040162645
pcoa2_freq_unified,tex5_swir1_correlation,0.0058360473423765945
pcoa2_freq_unified,tex5_nir_contrast,0.005431815654459681
pcoa2_freq_unified,tex5_nir_idm,0.005241241001003495
pcoa2_freq_unified,tex5_nir_asm,0.004822708492818738
pcoa2_freq_unified,tex5_nir_entropy,0.004677572527639094
pcoa2_freq_unified,tex5_blue_asm,0.004623824352091005
pcoa2_freq_unified,tex5_swir1_idm,0.004571612252518924
pcoa2_freq_unified,tex5_swir2_idm,0.004520969373484791
pcoa2_freq_unified,tex5_swir1_entropy,0.0044657957584777795
pcoa2_freq_unified,tex5_blue_correlation,0.0044014453936001025
pcoa2_freq_unified,tex5_swir1_asm,0.004255592613583038
pcoa2_freq_unified,tex5_swir1_variance,0.004239575993134114
pcoa2_freq_unified,tex5_green_correlation,0.004168938927024584
pcoa2_freq_unified,tex5_green_asm,0.004091267320266863
pcoa2_freq_unified,tex5_red_asm,0.004065135699761972
pcoa2_freq_unified,tex5_red_correlation,0.004044094031900922
pcoa2_freq_unified,tex5_swir1_contrast,0.004026250203781889
pcoa2_freq_unified,tex5_swir2_entropy,0.003912910143365004
pcoa2_freq_unified,tex5_swir2_asm,0.0038944354544760925
pcoa2_freq_unified,tex5_blue_idm,0.0037342492051807034
pcoa2_freq_unified,tex5_swir2_contrast,0.0036848733738064363
pcoa2_freq_unified,tex5_red_idm,0.0035842384240343645
pcoa2_freq_unified,tex5_green_contrast,0.0035029213890034284
pcoa2_freq_unified,tex5_swir2_variance,0.003437076920669474
pcoa2_freq_unified,tex5_green_variance,0.0034187601329597438
pcoa2_freq_unified,tex5_green_idm,0.0033978221156867904
pcoa2_freq_unified,tex5_blue_entropy,0.003379329146796203
pcoa2_freq_unified,tex5_blue_contrast,0.0033556569760570787
pcoa2_freq_unified,tex5_red_entropy,0.0033161817224855615
pcoa2_freq_unified,tex5_blue_variance,0.0033037795307555894
pcoa2_freq_unified,tex5_green_entropy,0.003014636969653496
pcoa2_freq_unified,tex5_red_contrast,0.0028928241488913706
pcoa2_freq_unified,tex5_red_variance,0.0026398354198496695
pcoa2_freq_unified,area_stratum_basal,0.0013309871970334495
pcoa2_freq_unified,tex5_red_correlation_isna,4.843151059457748e-06
pcoa2_freq_unified,tex5_blue_correlation_isna,3.4357430325022162e-06
pcoa2_freq_unified,tex5_swir2_correlation_isna,2.9285652830573837e-06
pcoa2_freq_unified,tex5_green_correlation_isna,2.7358169925504667e-06
pcoa2_freq_unified,topo_northness_isna,4.114940795846788e-07
pcoa2_freq_unified,topo_eastness_isna,2.0880787498333968e-07
pcoa2_freq_unified,tex5_swir1_correlation_isna,9.665873867786738e-10
pcoa2_freq_unified,area_stratum_presence,0.0
pcoa2_freq_unified,gmA_gm_band_blue_isna,0.0
pcoa2_freq_unified,gmA_gm_band_green_isna,0.0
pcoa2_freq_unified,gmA_gm_band_nir_isna,0.0
pcoa2_freq_unified,gmA_gm_band_red_isna,0.0
pcoa2_freq_unified,gmA_gm_band_swir1_isna,0.0
pcoa2_freq_unified,gmA_gm_band_swir2_isna,0.0
pcoa2_freq_unified,gmA_gm_bcmad_isna,0.0
pcoa2_freq_unified,gmA_gm_emad_isna,0.0
pcoa2_freq_unified,gmA_gm_evi_isna,0.0
pcoa2_freq_unified,gmA_gm_kndvi_isna,0.0
pcoa2_freq_unified,gmA_gm_nbr_isna,0.0
pcoa2_freq_unified,gmA_gm_ndvi_isna,0.0
pcoa2_freq_unified,gmA_gm_savi_isna,0.0
pcoa2_freq_unified,gmA_gm_smad_isna,0.0
pcoa2_freq_unified,lvl5_blue_isna,0.0
pcoa2_freq_unified,lvl5_green_isna,0.0
pcoa2_freq_unified,lvl5_nir_isna,0.0
pcoa2_freq_unified,lvl5_red_isna,0.0
pcoa2_freq_unified,lvl5_swir1_isna,0.0
pcoa2_freq_unified,lvl5_swir2_isna,0.0
pcoa2_freq_unified,tex5_blue_asm_isna,0.0
pcoa2_freq_unified,tex5_blue_contrast_isna,0.0
pcoa2_freq_unified,tex5_blue_entropy_isna,0.0
pcoa2_freq_unified,tex5_blue_idm_isna,0.0
pcoa2_freq_unified,tex5_blue_variance_isna,0.0
pcoa2_freq_unified,tex5_green_asm_isna,0.0
pcoa2_freq_unified,tex5_green_contrast_isna,0.0
pcoa2_freq_unified,tex5_green_entropy_isna,0.0
pcoa2_freq_unified,tex5_green_idm_isna,0.0
pcoa2_freq_unified,tex5_green_variance_isna,0.0
pcoa2_freq_unified,tex5_nir_asm_isna,0.0
pcoa2_freq_unified,tex5_nir_contrast_isna,0.0
pcoa2_freq_unified,tex5_nir_correlation_isna,0.0
pcoa2_freq_unified,tex5_nir_entropy_isna,0.0
pcoa2_freq_unified,tex5_nir_idm_isna,0.0
pcoa2_freq_unified,tex5_nir_variance_isna,0.0
pcoa2_freq_unified,tex5_red_asm_isna,0.0
pcoa2_freq_unified,tex5_red_contrast_isna,0.0
pcoa2_freq_unified,tex5_red_entropy_isna,0.0
pcoa2_freq_unified,tex5_red_idm_isna,0.0
pcoa2_freq_unified,tex5_red_variance_isna,0.0
pcoa2_freq_unified,tex5_swir1_asm_isna,0.0
pcoa2_freq_unified,tex5_swir1_contrast_isna,0.0
pcoa2_freq_unified,tex5_swir1_entropy_isna,0.0
pcoa2_freq_unified,tex5_swir1_idm_isna,0.0
pcoa2_freq_unified,tex5_swir1_variance_isna,0.0
pcoa2_freq_unified,tex5_swir2_asm_isna,0.0
pcoa2_freq_unified,tex5_swir2_contrast_isna,0.0
pcoa2_freq_unified,tex5_swir2_entropy_isna,0.0
pcoa2_freq_unified,tex5_swir2_idm_isna,0.0
pcoa2_freq_unified,tex5_swir2_variance_isna,0.0
pcoa2_freq_unified,topo_heat_load_isna,0.0
pcoa2_freq_unified,topo_topo_flat,0.0
pcoa2_pa_unified,gmA_gm_kndvi,0.08497624274926902
pcoa2_pa_unified,gmA_gm_ndvi,0.08443824993646865
pcoa2_pa_unified,clim_demartonne,0.036930208149468124
pcoa2_pa_unified,clim_mat,0.0361582710213363
pcoa2_pa_unified,clim_p_driest_quarter,0.03468083408630248
pcoa2_pa_unified,clim_map,0.03187912236617007
pcoa2_pa_unified,gmA_gm_nbr,0.03137500223953628
pcoa2_pa_unified,clim_p_wettest_quarter,0.031159907822679984
pcoa2_pa_unified,gmA_gm_evi,0.027535521110859097
pcoa2_pa_unified,clim_t_warmest_quarter,0.02711390350584733
pcoa2_pa_unified,clim_t_seasonality_sd,0.023901776562922417
pcoa2_pa_unified,gmA_gm_savi,0.02264826582576776
pcoa2_pa_unified,clim_tmin_coldest,0.022524269497950576
pcoa2_pa_unified,clim_p_interannual_cv,0.02177800268245168
pcoa2_pa_unified,topo_elevation,0.02145021966862993
pcoa2_pa_unified,lvl5_red,0.018927058714447914
pcoa2_pa_unified,lvl5_blue,0.016378568395725494
pcoa2_pa_unified,gmA_gm_smad,0.014463312958004237
pcoa2_pa_unified,clim_tmax_warmest,0.013927665451736007
pcoa2_pa_unified,gmA_gm_band_blue,0.012596384381804483
pcoa2_pa_unified,lvl5_green,0.012313469445485751
pcoa2_pa_unified,clim_p_seasonality_cv,0.012200589134944312
pcoa2_pa_unified,clim_t_coldest_quarter,0.012134248419750793
pcoa2_pa_unified,gmA_gm_band_green,0.01133337044762368
pcoa2_pa_unified,topo_curvature,0.011070868866934347
pcoa2_pa_unified,lvl5_nir,0.010818017158275095
pcoa2_pa_unified,gmA_gm_band_red,0.010764036070421455
pcoa2_pa_unified,topo_tri,0.009876083065885057
pcoa2_pa_unified,gmA_gm_emad,0.009646410647559795
pcoa2_pa_unified,topo_slope,0.00937557682753457
pcoa2_pa_unified,clim_p_summer_frac,0.00926876638920818
pcoa2_pa_unified,gmA_gm_bcmad,0.009027782814372142
pcoa2_pa_unified,topo_tpi,0.00855010028514618
pcoa2_pa_unified,topo_eastness,0.00827058527212415
pcoa2_pa_unified,gmA_gm_band_swir2,0.008108592434952096
pcoa2_pa_unified,topo_northness,0.008040338412497575
pcoa2_pa_unified,lvl5_swir2,0.007924916211982293
pcoa2_pa_unified,clim_dtr,0.007785655652771864
pcoa2_pa_unified,gmA_gm_band_nir,0.0074813381375592805
pcoa2_pa_unified,topo_heat_load,0.007263296647254193
pcoa2_pa_unified,gmA_gm_band_swir1,0.0069415751204136966
pcoa2_pa_unified,tex5_swir1_entropy,0.006710883351591987
pcoa2_pa_unified,tex5_nir_variance,0.0065407353151941405
pcoa2_pa_unified,tex5_nir_contrast,0.006512393400016364
pcoa2_pa_unified,tex5_swir1_asm,0.006277006903237105
pcoa2_pa_unified,tex5_nir_correlation,0.006225153781817511
pcoa2_pa_unified,lvl5_swir1,0.006189351006720078
pcoa2_pa_unified,tex5_swir1_idm,0.005760608622879973
pcoa2_pa_unified,tex5_nir_idm,0.0057448189716126
pcoa2_pa_unified,tex5_nir_entropy,0.005658959473305871
pcoa2_pa_unified,area_log10,0.005512034037787293
pcoa2_pa_unified,tex5_swir2_correlation,0.005455890995091117
pcoa2_pa_unified,tex5_nir_asm,0.005274932640882035
pcoa2_pa_unified,tex5_green_correlation,0.004889035443849342
pcoa2_pa_unified,tex5_swir1_correlation,0.004841899636433269
pcoa2_pa_unified,tex5_blue_entropy,0.004726379343574497
pcoa2_pa_unified,tex5_red_correlation,0.00469931060453024
pcoa2_pa_unified,tex5_blue_correlation,0.0046388375343776435
pcoa2_pa_unified,tex5_swir1_contrast,0.004619931149257869
pcoa2_pa_unified,tex5_green_variance,0.004593440658986325
pcoa2_pa_unified,tex5_swir2_entropy,0.0045138661995555605
pcoa2_pa_unified,tex5_swir1_variance,0.004512711953940964
pcoa2_pa_unified,tex5_blue_asm,0.0043490862851771886
pcoa2_pa_unified,tex5_blue_variance,0.004332920461598116
pcoa2_pa_unified,tex5_red_contrast,0.0043234678067265876
pcoa2_pa_unified,tex5_swir2_idm,0.004292296618824647
pcoa2_pa_unified,tex5_swir2_asm,0.004251061509615456
pcoa2_pa_unified,tex5_red_idm,0.004194105288337696
pcoa2_pa_unified,tex5_blue_idm,0.004163272251026325
pcoa2_pa_unified,tex5_green_asm,0.00414809308010201
pcoa2_pa_unified,area_stratum_counts,0.00413396876909637
pcoa2_pa_unified,tex5_red_asm,0.004046949292561445
pcoa2_pa_unified,tex5_red_variance,0.004039535696478306
pcoa2_pa_unified,tex5_green_contrast,0.003920885397085744
pcoa2_pa_unified,tex5_swir2_variance,0.003876575288825243
pcoa2_pa_unified,tex5_red_entropy,0.0037441008124362053
pcoa2_pa_unified,tex5_green_idm,0.0037002292789085475
pcoa2_pa_unified,tex5_blue_contrast,0.00365324050331049
pcoa2_pa_unified,tex5_swir2_contrast,0.003348685376439016
pcoa2_pa_unified,tex5_green_entropy,0.003250934001365229
pcoa2_pa_unified,area_stratum_basal,0.0006490375454405082
pcoa2_pa_unified,area_stratum_presence,0.0006416848427808495
pcoa2_pa_unified,tex5_blue_correlation_isna,1.1999101602841983e-06
pcoa2_pa_unified,tex5_red_correlation_isna,8.276052544251703e-07
pcoa2_pa_unified,tex5_swir1_correlation_isna,7.620741426797526e-07
pcoa2_pa_unified,tex5_green_correlation_isna,4.721020710394553e-07
pcoa2_pa_unified,topo_northness_isna,2.1745993153370816e-08
pcoa2_pa_unified,tex5_swir2_correlation_isna,8.415263741633651e-10
pcoa2_pa_unified,gmA_gm_band_blue_isna,0.0
pcoa2_pa_unified,gmA_gm_band_green_isna,0.0
pcoa2_pa_unified,gmA_gm_band_nir_isna,0.0
pcoa2_pa_unified,gmA_gm_band_red_isna,0.0
pcoa2_pa_unified,gmA_gm_band_swir1_isna,0.0
pcoa2_pa_unified,gmA_gm_band_swir2_isna,0.0
pcoa2_pa_unified,gmA_gm_bcmad_isna,0.0
pcoa2_pa_unified,gmA_gm_emad_isna,0.0
pcoa2_pa_unified,gmA_gm_evi_isna,0.0
pcoa2_pa_unified,gmA_gm_kndvi_isna,0.0
pcoa2_pa_unified,gmA_gm_nbr_isna,0.0
pcoa2_pa_unified,gmA_gm_ndvi_isna,0.0
pcoa2_pa_unified,gmA_gm_savi_isna,0.0
pcoa2_pa_unified,gmA_gm_smad_isna,0.0
pcoa2_pa_unified,lvl5_blue_isna,0.0
pcoa2_pa_unified,lvl5_green_isna,0.0
pcoa2_pa_unified,lvl5_nir_isna,0.0
pcoa2_pa_unified,lvl5_red_isna,0.0
pcoa2_pa_unified,lvl5_swir1_isna,0.0
pcoa2_pa_unified,lvl5_swir2_isna,0.0
pcoa2_pa_unified,tex5_blue_asm_isna,0.0
pcoa2_pa_unified,tex5_blue_contrast_isna,0.0
pcoa2_pa_unified,tex5_blue_entropy_isna,0.0
pcoa2_pa_unified,tex5_blue_idm_isna,0.0
pcoa2_pa_unified,tex5_blue_variance_isna,0.0
pcoa2_pa_unified,tex5_green_asm_isna,0.0
pcoa2_pa_unified,tex5_green_contrast_isna,0.0
pcoa2_pa_unified,tex5_green_entropy_isna,0.0
pcoa2_pa_unified,tex5_green_idm_isna,0.0
pcoa2_pa_unified,tex5_green_variance_isna,0.0
pcoa2_pa_unified,tex5_nir_asm_isna,0.0
pcoa2_pa_unified,tex5_nir_contrast_isna,0.0
pcoa2_pa_unified,tex5_nir_correlation_isna,0.0
pcoa2_pa_unified,tex5_nir_entropy_isna,0.0
pcoa2_pa_unified,tex5_nir_idm_isna,0.0
pcoa2_pa_unified,tex5_nir_variance_isna,0.0
pcoa2_pa_unified,tex5_red_asm_isna,0.0
pcoa2_pa_unified,tex5_red_contrast_isna,0.0
pcoa2_pa_unified,tex5_red_entropy_isna,0.0
pcoa2_pa_unified,tex5_red_idm_isna,0.0
pcoa2_pa_unified,tex5_red_variance_isna,0.0
pcoa2_pa_unified,tex5_swir1_asm_isna,0.0
pcoa2_pa_unified,tex5_swir1_contrast_isna,0.0
pcoa2_pa_unified,tex5_swir1_entropy_isna,0.0
pcoa2_pa_unified,tex5_swir1_idm_isna,0.0
pcoa2_pa_unified,tex5_swir1_variance_isna,0.0
pcoa2_pa_unified,tex5_swir2_asm_isna,0.0
pcoa2_pa_unified,tex5_swir2_contrast_isna,0.0
pcoa2_pa_unified,tex5_swir2_entropy_isna,0.0
pcoa2_pa_unified,tex5_swir2_idm_isna,0.0
pcoa2_pa_unified,tex5_swir2_variance_isna,0.0
pcoa2_pa_unified,topo_eastness_isna,0.0
pcoa2_pa_unified,topo_heat_load_isna,0.0
pcoa2_pa_unified,topo_topo_flat,0.0
ses_mntd_unified,clim_p_interannual_cv,0.0676506398950634
ses_mntd_unified,clim_p_wettest_quarter,0.04115406256037572
ses_mntd_unified,topo_elevation,0.03602722666182222
ses_mntd_unified,gmA_gm_evi,0.03160095641424178
ses_mntd_unified,gmA_gm_savi,0.030161106759003027
ses_mntd_unified,clim_map,0.029592657343764095
ses_mntd_unified,gmA_gm_nbr,0.026009040459763728
ses_mntd_unified,clim_demartonne,0.01995340431126969
ses_mntd_unified,clim_t_coldest_quarter,0.019168590767390657
ses_mntd_unified,gmA_gm_emad,0.019114078722310877
ses_mntd_unified,lvl5_blue,0.017079234927417225
ses_mntd_unified,gmA_gm_bcmad,0.01686015594408693
ses_mntd_unified,topo_heat_load,0.01665472482988805
ses_mntd_unified,topo_eastness,0.01627852788320226
ses_mntd_unified,gmA_gm_ndvi,0.015747134039335187
ses_mntd_unified,topo_tri,0.015363312623070103
ses_mntd_unified,topo_curvature,0.01512475688743387
ses_mntd_unified,gmA_gm_kndvi,0.015034697500985314
ses_mntd_unified,topo_tpi,0.014405098198053731
ses_mntd_unified,lvl5_nir,0.01437288961004217
ses_mntd_unified,tex5_green_correlation,0.013739528856716022
ses_mntd_unified,gmA_gm_band_blue,0.012860739929908905
ses_mntd_unified,tex5_red_correlation,0.012828597044197546
ses_mntd_unified,topo_northness,0.012817801934926007
ses_mntd_unified,gmA_gm_smad,0.012803262551561154
ses_mntd_unified,area_log10,0.012281897655690115
ses_mntd_unified,tex5_swir2_correlation,0.011535786202068285
ses_mntd_unified,topo_slope,0.011250377396001186
ses_mntd_unified,tex5_swir1_correlation,0.011195132526887867
ses_mntd_unified,lvl5_swir1,0.011179299405808843
ses_mntd_unified,gmA_gm_band_nir,0.011089919425623892
ses_mntd_unified,lvl5_green,0.01087292841506815
ses_mntd_unified,clim_tmin_coldest,0.010696000829074136
ses_mntd_unified,clim_p_driest_quarter,0.01053609661176879
ses_mntd_unified,lvl5_swir2,0.010208694302876669
ses_mntd_unified,clim_p_seasonality_cv,0.010155602853025495
ses_mntd_unified,clim_dtr,0.010147259680168197
ses_mntd_unified,tex5_nir_correlation,0.009773724406142176
ses_mntd_unified,gmA_gm_band_swir2,0.009645061698513199
ses_mntd_unified,tex5_blue_correlation,0.009571558674398132
ses_mntd_unified,clim_mat,0.009438910961208321
ses_mntd_unified,tex5_blue_variance,0.00940473020817544
ses_mntd_unified,tex5_nir_idm,0.009231935099048141
ses_mntd_unified,tex5_nir_contrast,0.009085898530125886
ses_mntd_unified,tex5_nir_variance,0.00900786315897282
ses_mntd_unified,clim_t_seasonality_sd,0.008979486950523804
ses_mntd_unified,tex5_blue_asm,0.008926609442399664
ses_mntd_unified,gmA_gm_band_green,0.008914933745179383
ses_mntd_unified,gmA_gm_band_red,0.008705748785061774
ses_mntd_unified,tex5_blue_contrast,0.008696250129473428
ses_mntd_unified,tex5_blue_idm,0.008586763879779077
ses_mntd_unified,tex5_nir_asm,0.008570777815073868
ses_mntd_unified,clim_p_summer_frac,0.008520660469633592
ses_mntd_unified,lvl5_red,0.00837271390648082
ses_mntd_unified,gmA_gm_band_swir1,0.008252112399873193
ses_mntd_unified,tex5_nir_entropy,0.008061892007032551
ses_mntd_unified,clim_t_warmest_quarter,0.007885263648714731
ses_mntd_unified,tex5_green_contrast,0.007800647715886802
ses_mntd_unified,clim_tmax_warmest,0.0076086468673897305
ses_mntd_unified,tex5_green_variance,0.007529181309156259
ses_mntd_unified,tex5_green_asm,0.007450616609155093
ses_mntd_unified,tex5_swir2_contrast,0.007376648047060172
ses_mntd_unified,tex5_blue_entropy,0.007304303357579237
ses_mntd_unified,tex5_swir2_variance,0.007173491455085085
ses_mntd_unified,tex5_red_idm,0.007118389216978429
ses_mntd_unified,tex5_swir2_idm,0.0070596244923097785
ses_mntd_unified,tex5_swir2_asm,0.00705579406652844
ses_mntd_unified,tex5_swir1_idm,0.006780795102354837
ses_mntd_unified,tex5_green_idm,0.006570321173710219
ses_mntd_unified,tex5_red_contrast,0.006470779014528659
ses_mntd_unified,tex5_red_asm,0.006223276295026363
ses_mntd_unified,tex5_red_variance,0.006172999815426195
ses_mntd_unified,tex5_swir2_entropy,0.006165550731068402
ses_mntd_unified,tex5_swir1_variance,0.006123584560089085
ses_mntd_unified,tex5_green_entropy,0.006093910380726085
ses_mntd_unified,tex5_swir1_asm,0.0060876035499032016
ses_mntd_unified,tex5_swir1_contrast,0.005986305448570173
ses_mntd_unified,tex5_red_entropy,0.005816570885605424
ses_mntd_unified,tex5_swir1_entropy,0.005076839061278288
ses_mntd_unified,area_stratum_counts,0.0013482382118898098
ses_mntd_unified,area_stratum_presence,0.00030805697529499344
ses_mntd_unified,area_stratum_basal,4.7122372740182754e-05
ses_mntd_unified,tex5_blue_correlation_isna,3.275239268943445e-05
ses_mntd_unified,tex5_swir2_correlation_isna,1.297094607830642e-05
ses_mntd_unified,tex5_red_correlation_isna,1.2472009410481285e-05
ses_mntd_unified,tex5_swir1_correlation_isna,6.3220475566232036e-06
ses_mntd_unified,tex5_green_correlation_isna,2.068013222913286e-06
ses_mntd_unified,gmA_gm_band_blue_isna,0.0
ses_mntd_unified,gmA_gm_band_green_isna,0.0
ses_mntd_unified,gmA_gm_band_nir_isna,0.0
ses_mntd_unified,gmA_gm_band_red_isna,0.0
ses_mntd_unified,gmA_gm_band_swir1_isna,0.0
ses_mntd_unified,gmA_gm_band_swir2_isna,0.0
ses_mntd_unified,gmA_gm_bcmad_isna,0.0
ses_mntd_unified,gmA_gm_emad_isna,0.0
ses_mntd_unified,gmA_gm_evi_isna,0.0
ses_mntd_unified,gmA_gm_kndvi_isna,0.0
ses_mntd_unified,gmA_gm_nbr_isna,0.0
ses_mntd_unified,gmA_gm_ndvi_isna,0.0
ses_mntd_unified,gmA_gm_savi_isna,0.0
ses_mntd_unified,gmA_gm_smad_isna,0.0
ses_mntd_unified,lvl5_blue_isna,0.0
ses_mntd_unified,lvl5_green_isna,0.0
ses_mntd_unified,lvl5_nir_isna,0.0
ses_mntd_unified,lvl5_red_isna,0.0
ses_mntd_unified,lvl5_swir1_isna,0.0
ses_mntd_unified,lvl5_swir2_isna,0.0
ses_mntd_unified,tex5_blue_asm_isna,0.0
ses_mntd_unified,tex5_blue_contrast_isna,0.0
ses_mntd_unified,tex5_blue_entropy_isna,0.0
ses_mntd_unified,tex5_blue_idm_isna,0.0
ses_mntd_unified,tex5_blue_variance_isna,0.0
ses_mntd_unified,tex5_green_asm_isna,0.0
ses_mntd_unified,tex5_green_contrast_isna,0.0
ses_mntd_unified,tex5_green_entropy_isna,0.0
ses_mntd_unified,tex5_green_idm_isna,0.0
ses_mntd_unified,tex5_green_variance_isna,0.0
ses_mntd_unified,tex5_nir_asm_isna,0.0
ses_mntd_unified,tex5_nir_contrast_isna,0.0
ses_mntd_unified,tex5_nir_correlation_isna,0.0
ses_mntd_unified,tex5_nir_entropy_isna,0.0
ses_mntd_unified,tex5_nir_idm_isna,0.0
ses_mntd_unified,tex5_nir_variance_isna,0.0
ses_mntd_unified,tex5_red_asm_isna,0.0
ses_mntd_unified,tex5_red_contrast_isna,0.0
ses_mntd_unified,tex5_red_entropy_isna,0.0
ses_mntd_unified,tex5_red_idm_isna,0.0
ses_mntd_unified,tex5_red_variance_isna,0.0
ses_mntd_unified,tex5_swir1_asm_isna,0.0
ses_mntd_unified,tex5_swir1_contrast_isna,0.0
ses_mntd_unified,tex5_swir1_entropy_isna,0.0
ses_mntd_unified,tex5_swir1_idm_isna,0.0
ses_mntd_unified,tex5_swir1_variance_isna,0.0
ses_mntd_unified,tex5_swir2_asm_isna,0.0
ses_mntd_unified,tex5_swir2_contrast_isna,0.0
ses_mntd_unified,tex5_swir2_entropy_isna,0.0
ses_mntd_unified,tex5_swir2_idm_isna,0.0
ses_mntd_unified,tex5_swir2_variance_isna,0.0
ses_mntd_unified,topo_eastness_isna,0.0
ses_mntd_unified,topo_heat_load_isna,0.0
ses_mntd_unified,topo_northness_isna,0.0
ses_mntd_unified,topo_topo_flat,0.0
ses_mpd_unified,clim_p_interannual_cv,0.05739279609268838
ses_mpd_unified,topo_elevation,0.03870155830387024
ses_mpd_unified,clim_p_wettest_quarter,0.035217126578878905
ses_mpd_unified,clim_map,0.03285366103262011
ses_mpd_unified,tex5_swir1_correlation,0.025098957784648955
ses_mpd_unified,gmA_gm_evi,0.025004665869388452
ses_mpd_unified,clim_demartonne,0.02463950022626996
ses_mpd_unified,gmA_gm_nbr,0.024402363560282497
ses_mpd_unified,gmA_gm_savi,0.02174180501848459
ses_mpd_unified,topo_eastness,0.020395756464909553
ses_mpd_unified,topo_heat_load,0.01980909920700296
ses_mpd_unified,gmA_gm_emad,0.01978622052025885
ses_mpd_unified,gmA_gm_smad,0.015670874404822805
ses_mpd_unified,gmA_gm_kndvi,0.015199001899518528
ses_mpd_unified,gmA_gm_ndvi,0.015179398692650387
ses_mpd_unified,topo_tri,0.014367784547213092
ses_mpd_unified,clim_p_driest_quarter,0.014234968014345779
ses_mpd_unified,gmA_gm_bcmad,0.014119936878707866
ses_mpd_unified,lvl5_swir2,0.013965477588329792
ses_mpd_unified,lvl5_blue,0.01387093654016871
ses_mpd_unified,lvl5_swir1,0.013754302318234166
ses_mpd_unified,topo_curvature,0.01348952717944965
ses_mpd_unified,topo_northness,0.013469603958133444
ses_mpd_unified,clim_p_summer_frac,0.013282057450421917
ses_mpd_unified,topo_tpi,0.013240762685184853
ses_mpd_unified,tex5_green_correlation,0.012841895313701845
ses_mpd_unified,topo_slope,0.012508405192489237
ses_mpd_unified,tex5_swir2_correlation,0.012448324697084559
ses_mpd_unified,lvl5_nir,0.01148620187893028
ses_mpd_unified,clim_t_coldest_quarter,0.011335477247483345
ses_mpd_unified,clim_p_seasonality_cv,0.011226652334937925
ses_mpd_unified,gmA_gm_band_blue,0.011175255427922907
ses_mpd_unified,lvl5_green,0.011157625599011872
ses_mpd_unified,tex5_swir2_variance,0.010930691071304555
ses_mpd_unified,tex5_red_correlation,0.010395600567114301
ses_mpd_unified,gmA_gm_band_swir2,0.010380580067874862
ses_mpd_unified,tex5_blue_correlation,0.010125129404629129
ses_mpd_unified,lvl5_red,0.010034100604636595
ses_mpd_unified,tex5_blue_variance,0.010030753215255818
ses_mpd_unified,gmA_gm_band_green,0.009694290992149461
ses_mpd_unified,gmA_gm_band_red,0.009416526838284115
ses_mpd_unified,clim_tmin_coldest,0.009404893604777729
ses_mpd_unified,tex5_swir1_variance,0.009396451233969432
ses_mpd_unified,gmA_gm_band_swir1,0.009392276645273121
ses_mpd_unified,gmA_gm_band_nir,0.009053529266280804
ses_mpd_unified,tex5_swir2_contrast,0.009037360317539399
ses_mpd_unified,tex5_nir_correlation,0.00902279980890769
ses_mpd_unified,tex5_nir_contrast,0.008908507016023245
ses_mpd_unified,tex5_green_idm,0.008832498441973475
ses_mpd_unified,tex5_swir1_idm,0.008825114292037898
ses_mpd_unified,tex5_swir2_asm,0.008824696918411055
ses_mpd_unified,clim_dtr,0.00864683838981373
ses_mpd_unified,area_log10,0.008576348815935938
ses_mpd_unified,tex5_blue_asm,0.008558387976711143
ses_mpd_unified,tex5_swir2_entropy,0.008137620687480742
ses_mpd_unified,tex5_green_contrast,0.008127374269279517
ses_mpd_unified,tex5_nir_entropy,0.008087661493441686
ses_mpd_unified,tex5_green_variance,0.008057050631893171
ses_mpd_unified,tex5_nir_asm,0.007716993310204143
ses_mpd_unified,tex5_nir_idm,0.0076229685469886305
ses_mpd_unified,tex5_nir_variance,0.0075859654347961575
ses_mpd_unified,tex5_swir1_asm,0.007585950769851036
ses_mpd_unified,tex5_green_asm,0.007553070015240748
ses_mpd_unified,clim_mat,0.007304946997866777
ses_mpd_unified,tex5_red_variance,0.007258599479760083
ses_mpd_unified,clim_t_seasonality_sd,0.007150929278597463
ses_mpd_unified,tex5_blue_contrast,0.007033612366706012
ses_mpd_unified,tex5_red_idm,0.007024128179216771
ses_mpd_unified,tex5_blue_entropy,0.006993365990803385
ses_mpd_unified,tex5_swir1_entropy,0.006844719880030811
ses_mpd_unified,tex5_blue_idm,0.006828203850961724
ses_mpd_unified,tex5_green_entropy,0.006786187824815211
ses_mpd_unified,tex5_swir1_contrast,0.006725117069118049
ses_mpd_unified,tex5_red_contrast,0.006681998405495754
ses_mpd_unified,tex5_red_entropy,0.006631495157605668
ses_mpd_unified,tex5_swir2_idm,0.006440950137232085
ses_mpd_unified,clim_t_warmest_quarter,0.006371853611373465
ses_mpd_unified,tex5_red_asm,0.006364221067963168
ses_mpd_unified,clim_tmax_warmest,0.005563278955002956
ses_mpd_unified,area_stratum_counts,0.0005149951019556587
ses_mpd_unified,area_stratum_presence,0.00035856386019352145
ses_mpd_unified,tex5_blue_correlation_isna,2.2858612932092434e-05
ses_mpd_unified,tex5_red_correlation_isna,2.135508766345522e-05
ses_mpd_unified,tex5_green_correlation_isna,1.9295111789323916e-05
ses_mpd_unified,tex5_swir1_correlation_isna,1.6881374535255437e-05
ses_mpd_unified,area_stratum_basal,6.2511123557683014e-06
ses_mpd_unified,tex5_swir2_correlation_isna,6.180329899816552e-06
ses_mpd_unified,gmA_gm_band_blue_isna,0.0
ses_mpd_unified,gmA_gm_band_green_isna,0.0
ses_mpd_unified,gmA_gm_band_nir_isna,0.0
ses_mpd_unified,gmA_gm_band_red_isna,0.0
ses_mpd_unified,gmA_gm_band_swir1_isna,0.0
ses_mpd_unified,gmA_gm_band_swir2_isna,0.0
ses_mpd_unified,gmA_gm_bcmad_isna,0.0
ses_mpd_unified,gmA_gm_emad_isna,0.0
ses_mpd_unified,gmA_gm_evi_isna,0.0
ses_mpd_unified,gmA_gm_kndvi_isna,0.0
ses_mpd_unified,gmA_gm_nbr_isna,0.0
ses_mpd_unified,gmA_gm_ndvi_isna,0.0
ses_mpd_unified,gmA_gm_savi_isna,0.0
ses_mpd_unified,gmA_gm_smad_isna,0.0
ses_mpd_unified,lvl5_blue_isna,0.0
ses_mpd_unified,lvl5_green_isna,0.0
ses_mpd_unified,lvl5_nir_isna,0.0
ses_mpd_unified,lvl5_red_isna,0.0
ses_mpd_unified,lvl5_swir1_isna,0.0
ses_mpd_unified,lvl5_swir2_isna,0.0
ses_mpd_unified,tex5_blue_asm_isna,0.0
ses_mpd_unified,tex5_blue_contrast_isna,0.0
ses_mpd_unified,tex5_blue_entropy_isna,0.0
ses_mpd_unified,tex5_blue_idm_isna,0.0
ses_mpd_unified,tex5_blue_variance_isna,0.0
ses_mpd_unified,tex5_green_asm_isna,0.0
ses_mpd_unified,tex5_green_contrast_isna,0.0
ses_mpd_unified,tex5_green_entropy_isna,0.0
ses_mpd_unified,tex5_green_idm_isna,0.0
ses_mpd_unified,tex5_green_variance_isna,0.0
ses_mpd_unified,tex5_nir_asm_isna,0.0
ses_mpd_unified,tex5_nir_contrast_isna,0.0
ses_mpd_unified,tex5_nir_correlation_isna,0.0
ses_mpd_unified,tex5_nir_entropy_isna,0.0
ses_mpd_unified,tex5_nir_idm_isna,0.0
ses_mpd_unified,tex5_nir_variance_isna,0.0
ses_mpd_unified,tex5_red_asm_isna,0.0
ses_mpd_unified,tex5_red_contrast_isna,0.0
ses_mpd_unified,tex5_red_entropy_isna,0.0
ses_mpd_unified,tex5_red_idm_isna,0.0
ses_mpd_unified,tex5_red_variance_isna,0.0
ses_mpd_unified,tex5_swir1_asm_isna,0.0
ses_mpd_unified,tex5_swir1_contrast_isna,0.0
ses_mpd_unified,tex5_swir1_entropy_isna,0.0
ses_mpd_unified,tex5_swir1_idm_isna,0.0
ses_mpd_unified,tex5_swir1_variance_isna,0.0
ses_mpd_unified,tex5_swir2_asm_isna,0.0
ses_mpd_unified,tex5_swir2_contrast_isna,0.0
ses_mpd_unified,tex5_swir2_entropy_isna,0.0
ses_mpd_unified,tex5_swir2_idm_isna,0.0
ses_mpd_unified,tex5_swir2_variance_isna,0.0
ses_mpd_unified,topo_eastness_isna,0.0
ses_mpd_unified,topo_heat_load_isna,0.0
ses_mpd_unified,topo_northness_isna,0.0
ses_mpd_unified,topo_topo_flat,0.0
ses_pd_unified,clim_p_interannual_cv,0.06070425609499268
ses_pd_unified,clim_p_wettest_quarter,0.039286697271522154
ses_pd_unified,clim_map,0.03283925934472659
ses_pd_unified,topo_elevation,0.03247999046227647
ses_pd_unified,gmA_gm_nbr,0.0285875350820086
ses_pd_unified,gmA_gm_evi,0.024223853054383675
ses_pd_unified,gmA_gm_savi,0.02403732953166219
ses_pd_unified,clim_demartonne,0.023440871245462847
ses_pd_unified,tex5_swir1_correlation,0.0195601410243662
ses_pd_unified,gmA_gm_emad,0.019053539309126337
ses_pd_unified,topo_heat_load,0.018888233292947268
ses_pd_unified,topo_eastness,0.01883116514459755
ses_pd_unified,gmA_gm_ndvi,0.014961705900135444
ses_pd_unified,topo_tri,0.014889346737337796
ses_pd_unified,gmA_gm_smad,0.014862619938255084
ses_pd_unified,clim_t_coldest_quarter,0.014647494343975775
ses_pd_unified,topo_tpi,0.014474784233721272
ses_pd_unified,clim_p_driest_quarter,0.014462255631057347
ses_pd_unified,lvl5_swir2,0.014244695957684367
ses_pd_unified,lvl5_blue,0.014227288890382828
ses_pd_unified,topo_curvature,0.014148227339736929
ses_pd_unified,gmA_gm_bcmad,0.014130444899870503
ses_pd_unified,gmA_gm_kndvi,0.013677321819066496
ses_pd_unified,tex5_green_correlation,0.013475246812028958
ses_pd_unified,topo_northness,0.01319578012958152
ses_pd_unified,lvl5_swir1,0.01307301767962119
ses_pd_unified,topo_slope,0.012978457960055836
ses_pd_unified,gmA_gm_band_blue,0.012468214551637666
ses_pd_unified,tex5_red_correlation,0.012043424805802982
ses_pd_unified,tex5_swir2_correlation,0.011709639087560439
ses_pd_unified,clim_p_summer_frac,0.011675600953399607
ses_pd_unified,lvl5_nir,0.011658012617028871
ses_pd_unified,area_log10,0.01147611908401883
ses_pd_unified,tex5_blue_variance,0.010870781131832671
ses_pd_unified,gmA_gm_band_swir2,0.010825451002745363
ses_pd_unified,gmA_gm_band_nir,0.010081580202834253
ses_pd_unified,gmA_gm_band_green,0.010023034788324284
ses_pd_unified,tex5_blue_asm,0.009716083227363176
ses_pd_unified,tex5_blue_correlation,0.009664879516150339
ses_pd_unified,lvl5_green,0.009657906571054692
ses_pd_unified,gmA_gm_band_swir1,0.009652892942599791
ses_pd_unified,clim_dtr,0.009583759620830587
ses_pd_unified,gmA_gm_band_red,0.009471371106422165
ses_pd_unified,clim_p_seasonality_cv,0.009459918996849488
ses_pd_unified,tex5_swir2_variance,0.009441957519189036
ses_pd_unified,clim_mat,0.009415504448549293
ses_pd_unified,clim_tmin_coldest,0.009412517040226788
ses_pd_unified,tex5_green_variance,0.009313637226593471
ses_pd_unified,tex5_swir2_asm,0.009161417303158326
ses_pd_unified,tex5_nir_correlation,0.00875816696657116
ses_pd_unified,lvl5_red,0.008753771802788949
ses_pd_unified,tex5_nir_variance,0.008227899337763925
ses_pd_unified,clim_t_warmest_quarter,0.008138134764487343
ses_pd_unified,tex5_green_idm,0.00809900526387783
ses_pd_unified,tex5_green_contrast,0.008080677726178773
ses_pd_unified,tex5_nir_entropy,0.00788727047296043
ses_pd_unified,clim_tmax_warmest,0.007879924770353326
ses_pd_unified,tex5_blue_entropy,0.007867075377618707
ses_pd_unified,tex5_blue_idm,0.007845718492952571
ses_pd_unified,tex5_nir_contrast,0.007763234340955283
ses_pd_unified,tex5_nir_idm,0.007742324848109219
ses_pd_unified,tex5_swir2_entropy,0.007721032910650271
ses_pd_unified,clim_t_seasonality_sd,0.007695149078338992
ses_pd_unified,tex5_swir1_idm,0.007495544309511289
ses_pd_unified,tex5_red_variance,0.007407544746112796
ses_pd_unified,tex5_swir1_variance,0.007376395184040284
ses_pd_unified,tex5_swir2_contrast,0.007300304289349696
ses_pd_unified,tex5_green_asm,0.0072233362291037285
ses_pd_unified,tex5_blue_contrast,0.007120745563754824
ses_pd_unified,tex5_red_contrast,0.006847267855347794
ses_pd_unified,tex5_nir_asm,0.0067574588790830035
ses_pd_unified,tex5_red_idm,0.006676793637766529
ses_pd_unified,tex5_swir1_asm,0.00642418038088409
ses_pd_unified,tex5_swir2_idm,0.006274389344209494
ses_pd_unified,tex5_green_entropy,0.006004121180049913
ses_pd_unified,tex5_red_asm,0.0058738164291773625
ses_pd_unified,tex5_red_entropy,0.005751725904996776
ses_pd_unified,tex5_swir1_contrast,0.005575520822131217
ses_pd_unified,tex5_swir1_entropy,0.005505782627367385
ses_pd_unified,area_stratum_counts,0.0011777579380650347
ses_pd_unified,area_stratum_presence,0.0004486794782786182
ses_pd_unified,tex5_blue_correlation_isna,4.67359225577946e-05
ses_pd_unified,tex5_swir1_correlation_isna,3.627290430617854e-05
ses_pd_unified,tex5_swir2_correlation_isna,2.263175562692087e-05
ses_pd_unified,tex5_red_correlation_isna,1.7069478085663017e-05
ses_pd_unified,tex5_green_correlation_isna,1.1251113573206655e-05
ses_pd_unified,area_stratum_basal,2.499825765035008e-08
ses_pd_unified,gmA_gm_band_blue_isna,0.0
ses_pd_unified,gmA_gm_band_green_isna,0.0
ses_pd_unified,gmA_gm_band_nir_isna,0.0
ses_pd_unified,gmA_gm_band_red_isna,0.0
ses_pd_unified,gmA_gm_band_swir1_isna,0.0
ses_pd_unified,gmA_gm_band_swir2_isna,0.0
ses_pd_unified,gmA_gm_bcmad_isna,0.0
ses_pd_unified,gmA_gm_emad_isna,0.0
ses_pd_unified,gmA_gm_evi_isna,0.0
ses_pd_unified,gmA_gm_kndvi_isna,0.0
ses_pd_unified,gmA_gm_nbr_isna,0.0
ses_pd_unified,gmA_gm_ndvi_isna,0.0
ses_pd_unified,gmA_gm_savi_isna,0.0
ses_pd_unified,gmA_gm_smad_isna,0.0
ses_pd_unified,lvl5_blue_isna,0.0
ses_pd_unified,lvl5_green_isna,0.0
ses_pd_unified,lvl5_nir_isna,0.0
ses_pd_unified,lvl5_red_isna,0.0
ses_pd_unified,lvl5_swir1_isna,0.0
ses_pd_unified,lvl5_swir2_isna,0.0
ses_pd_unified,tex5_blue_asm_isna,0.0
ses_pd_unified,tex5_blue_contrast_isna,0.0
ses_pd_unified,tex5_blue_entropy_isna,0.0
ses_pd_unified,tex5_blue_idm_isna,0.0
ses_pd_unified,tex5_blue_variance_isna,0.0
ses_pd_unified,tex5_green_asm_isna,0.0
ses_pd_unified,tex5_green_contrast_isna,0.0
ses_pd_unified,tex5_green_entropy_isna,0.0
ses_pd_unified,tex5_green_idm_isna,0.0
ses_pd_unified,tex5_green_variance_isna,0.0
ses_pd_unified,tex5_nir_asm_isna,0.0
ses_pd_unified,tex5_nir_contrast_isna,0.0
ses_pd_unified,tex5_nir_correlation_isna,0.0
ses_pd_unified,tex5_nir_entropy_isna,0.0
ses_pd_unified,tex5_nir_idm_isna,0.0
ses_pd_unified,tex5_nir_variance_isna,0.0
ses_pd_unified,tex5_red_asm_isna,0.0
ses_pd_unified,tex5_red_contrast_isna,0.0
ses_pd_unified,tex5_red_entropy_isna,0.0
ses_pd_unified,tex5_red_idm_isna,0.0
ses_pd_unified,tex5_red_variance_isna,0.0
ses_pd_unified,tex5_swir1_asm_isna,0.0
ses_pd_unified,tex5_swir1_contrast_isna,0.0
ses_pd_unified,tex5_swir1_entropy_isna,0.0
ses_pd_unified,tex5_swir1_idm_isna,0.0
ses_pd_unified,tex5_swir1_variance_isna,0.0
ses_pd_unified,tex5_swir2_asm_isna,0.0
ses_pd_unified,tex5_swir2_contrast_isna,0.0
ses_pd_unified,tex5_swir2_entropy_isna,0.0
ses_pd_unified,tex5_swir2_idm_isna,0.0
ses_pd_unified,tex5_swir2_variance_isna,0.0
ses_pd_unified,topo_eastness_isna,0.0
ses_pd_unified,topo_heat_load_isna,0.0
ses_pd_unified,topo_northness_isna,0.0
ses_pd_unified,topo_topo_flat,0.0
