target,feature,importance
dark_n_unified,gmA_gm_kndvi,0.0711179962467408
dark_n_unified,gmA_gm_ndvi,0.058118823759149355
dark_n_unified,lvl3_red,0.05794371533675371
dark_n_unified,gmA_gm_nbr,0.05769256675988299
dark_n_unified,topo_elevation,0.05433315193100796
dark_n_unified,lvl3_swir2,0.048142678666581194
dark_n_unified,gmA_gm_band_red,0.03344547293087669
dark_n_unified,gmA_gm_band_swir2,0.03162934450792654
dark_n_unified,lvl3_green,0.028356596304356864
dark_n_unified,gmA_gm_smad,0.021832872763003996
dark_n_unified,lvl3_swir1,0.021598445238697767
dark_n_unified,lvl3_blue,0.021020438330137097
dark_n_unified,topo_tri,0.019140633558663793
dark_n_unified,gmA_gm_band_green,0.018551694818661833
dark_n_unified,gmA_gm_evi,0.017748509843303718
dark_n_unified,topo_slope,0.016995210403819544
dark_n_unified,topo_northness,0.014821715311190389
dark_n_unified,gmA_gm_band_swir1,0.014812153903263603
dark_n_unified,topo_heat_load,0.014685418078381413
dark_n_unified,gmA_gm_emad,0.014469584358211607
dark_n_unified,area_log10,0.013932979367217189
dark_n_unified,gmA_gm_savi,0.013561910307700986
dark_n_unified,gmA_gm_band_blue,0.013341737516165245
dark_n_unified,tex3_nir_variance,0.01268733762867404
dark_n_unified,tex3_nir_contrast,0.012535462452034258
dark_n_unified,topo_tpi,0.012531303641202297
dark_n_unified,topo_curvature,0.012490767939951464
dark_n_unified,gmA_gm_bcmad,0.011934609092686382
dark_n_unified,topo_eastness,0.010490567071154987
dark_n_unified,lvl3_nir,0.010403244512909872
dark_n_unified,gmA_gm_band_nir,0.01006322168142058
dark_n_unified,tex3_nir_idm,0.009973191225282224
dark_n_unified,tex3_swir2_correlation,0.009519874954490836
dark_n_unified,tex3_swir1_contrast,0.008352813622648865
dark_n_unified,tex3_nir_correlation,0.008339982102248974
dark_n_unified,tex3_blue_correlation,0.008252548602171308
dark_n_unified,area_stratum_counts,0.008199899990998991
dark_n_unified,tex3_swir1_idm,0.007853760589737076
dark_n_unified,tex3_swir1_correlation,0.007550239184677662
dark_n_unified,tex3_green_correlation,0.007541996216782723
dark_n_unified,tex3_swir1_variance,0.0073646839940426185
dark_n_unified,tex3_nir_entropy,0.007123916930873016
dark_n_unified,tex3_nir_asm,0.007012268410163144
dark_n_unified,tex3_swir2_idm,0.00689336495300309
dark_n_unified,tex3_swir2_contrast,0.006715550797282968
dark_n_unified,tex3_swir1_entropy,0.006545835253409016
dark_n_unified,tex3_red_correlation,0.006544583619088849
dark_n_unified,tex3_swir1_asm,0.006476801735790282
dark_n_unified,tex3_swir2_asm,0.006429433414743897
dark_n_unified,tex3_swir2_entropy,0.006229151989714497
dark_n_unified,tex3_blue_contrast,0.00622883646736638
dark_n_unified,tex3_swir2_variance,0.005822916009770819
dark_n_unified,tex3_green_variance,0.005715663658650697
dark_n_unified,tex3_red_idm,0.005701768383385007
dark_n_unified,tex3_green_idm,0.005564602120805135
dark_n_unified,tex3_blue_variance,0.005386371384606794
dark_n_unified,tex3_green_contrast,0.005371517276087009
dark_n_unified,tex3_blue_entropy,0.005343749978260014
dark_n_unified,tex3_blue_asm,0.00530320914639245
dark_n_unified,tex3_red_contrast,0.005270187272161897
dark_n_unified,tex3_red_asm,0.005251483359017678
dark_n_unified,tex3_red_variance,0.005091868840136135
dark_n_unified,tex3_blue_idm,0.005066936562555853
dark_n_unified,tex3_green_entropy,0.004944553828346506
dark_n_unified,tex3_green_asm,0.004837717403515126
dark_n_unified,tex3_red_entropy,0.004657449377119105
dark_n_unified,area_stratum_presence,0.0007762723625215686
dark_n_unified,tex3_swir2_correlation_isna,0.0001247532475906096
dark_n_unified,tex3_red_correlation_isna,7.23156417788415e-05
dark_n_unified,tex3_blue_correlation_isna,4.5937996058014075e-05
dark_n_unified,tex3_green_correlation_isna,2.5712893706890665e-05
dark_n_unified,tex3_nir_correlation_isna,1.8969258279962478e-05
dark_n_unified,tex3_swir1_correlation_isna,1.8573471301325288e-05
dark_n_unified,area_stratum_basal,8.572211708031406e-06
dark_n_unified,gmA_gm_band_blue_isna,0.0
dark_n_unified,gmA_gm_band_green_isna,0.0
dark_n_unified,gmA_gm_band_nir_isna,0.0
dark_n_unified,gmA_gm_band_red_isna,0.0
dark_n_unified,gmA_gm_band_swir1_isna,0.0
dark_n_unified,gmA_gm_band_swir2_isna,0.0
dark_n_unified,gmA_gm_bcmad_isna,0.0
dark_n_unified,gmA_gm_emad_isna,0.0
dark_n_unified,gmA_gm_evi_isna,0.0
dark_n_unified,gmA_gm_kndvi_isna,0.0
dark_n_unified,gmA_gm_nbr_isna,0.0
dark_n_unified,gmA_gm_ndvi_isna,0.0
dark_n_unified,gmA_gm_savi_isna,0.0
dark_n_unified,gmA_gm_smad_isna,0.0
dark_n_unified,lvl3_blue_isna,0.0
dark_n_unified,lvl3_green_isna,0.0
dark_n_unified,lvl3_nir_isna,0.0
dark_n_unified,lvl3_red_isna,0.0
dark_n_unified,lvl3_swir1_isna,0.0
dark_n_unified,lvl3_swir2_isna,0.0
dark_n_unified,tex3_blue_asm_isna,0.0
dark_n_unified,tex3_blue_contrast_isna,0.0
dark_n_unified,tex3_blue_entropy_isna,0.0
dark_n_unified,tex3_blue_idm_isna,0.0
dark_n_unified,tex3_blue_variance_isna,0.0
dark_n_unified,tex3_green_asm_isna,0.0
dark_n_unified,tex3_green_contrast_isna,0.0
dark_n_unified,tex3_green_entropy_isna,0.0
dark_n_unified,tex3_green_idm_isna,0.0
dark_n_unified,tex3_green_variance_isna,0.0
dark_n_unified,tex3_nir_asm_isna,0.0
dark_n_unified,tex3_nir_contrast_isna,0.0
dark_n_unified,tex3_nir_entropy_isna,0.0
dark_n_unified,tex3_nir_idm_isna,0.0
dark_n_unified,tex3_nir_variance_isna,0.0
dark_n_unified,tex3_red_asm_isna,0.0
dark_n_unified,tex3_red_contrast_isna,0.0
dark_n_unified,tex3_red_entropy_isna,0.0
dark_n_unified,tex3_red_idm_isna,0.0
dark_n_unified,tex3_red_variance_isna,0.0
dark_n_unified,tex3_swir1_asm_isna,0.0
dark_n_unified,tex3_swir1_contrast_isna,0.0
dark_n_unified,tex3_swir1_entropy_isna,0.0
dark_n_unified,tex3_swir1_idm_isna,0.0
dark_n_unified,tex3_swir1_variance_isna,0.0
dark_n_unified,tex3_swir2_asm_isna,0.0
dark_n_unified,tex3_swir2_contrast_isna,0.0
dark_n_unified,tex3_swir2_entropy_isna,0.0
dark_n_unified,tex3_swir2_idm_isna,0.0
dark_n_unified,tex3_swir2_variance_isna,0.0
dark_n_unified,topo_eastness_isna,0.0
dark_n_unified,topo_heat_load_isna,0.0
dark_n_unified,topo_northness_isna,0.0
dark_n_unified,topo_topo_flat,0.0
hill_q0_unified,topo_elevation,0.07982996290592037
hill_q0_unified,lvl3_blue,0.07969376044230436
hill_q0_unified,area_log10,0.06793326694935412
hill_q0_unified,gmA_gm_band_blue,0.05299122587287579
hill_q0_unified,gmA_gm_kndvi,0.038023514709380896
hill_q0_unified,gmA_gm_ndvi,0.033643192950947136
hill_q0_unified,gmA_gm_smad,0.028579822550366944
hill_q0_unified,gmA_gm_nbr,0.026059744454616472
hill_q0_unified,lvl3_green,0.024832700893478152
hill_q0_unified,lvl3_red,0.02189939799411812
hill_q0_unified,gmA_gm_band_green,0.02041480455939932
hill_q0_unified,gmA_gm_savi,0.017740280548745973
hill_q0_unified,tex3_nir_idm,0.017049723608616264
hill_q0_unified,gmA_gm_emad,0.015764159528707508
hill_q0_unified,gmA_gm_band_red,0.01553537281738852
hill_q0_unified,gmA_gm_bcmad,0.01548388593261262
hill_q0_unified,gmA_gm_evi,0.015239708524002998
hill_q0_unified,topo_heat_load,0.015116337087186626
hill_q0_unified,topo_tpi,0.014990201983313568
hill_q0_unified,topo_northness,0.014980086783273523
hill_q0_unified,tex3_nir_contrast,0.014910238664263354
hill_q0_unified,topo_eastness,0.01392885356238191
hill_q0_unified,topo_curvature,0.013703419100266623
hill_q0_unified,topo_tri,0.013379456583397073
hill_q0_unified,gmA_gm_band_swir2,0.013164712109960877
hill_q0_unified,topo_slope,0.012685883255672898
hill_q0_unified,tex3_nir_variance,0.01254439074658292
hill_q0_unified,lvl3_nir,0.011654732052069128
hill_q0_unified,lvl3_swir2,0.01138823719013644
hill_q0_unified,gmA_gm_band_swir1,0.011164709399646769
hill_q0_unified,tex3_nir_correlation,0.011046233307327596
hill_q0_unified,area_stratum_counts,0.010819052833074251
hill_q0_unified,tex3_swir2_correlation,0.010749178216279279
hill_q0_unified,lvl3_swir1,0.01016440234056134
hill_q0_unified,tex3_blue_correlation,0.009068043758591774
hill_q0_unified,gmA_gm_band_nir,0.008725729673646255
hill_q0_unified,tex3_blue_contrast,0.008568950854529717
hill_q0_unified,tex3_nir_asm,0.008545835552797656
hill_q0_unified,tex3_nir_entropy,0.008279974475775182
hill_q0_unified,tex3_swir1_variance,0.008092268276645677
hill_q0_unified,tex3_red_correlation,0.008018196343939785
hill_q0_unified,tex3_swir1_idm,0.007991949383304229
hill_q0_unified,tex3_swir1_contrast,0.007697328783367453
hill_q0_unified,tex3_swir1_correlation,0.007529150500155275
hill_q0_unified,tex3_green_correlation,0.007244787105939584
hill_q0_unified,tex3_blue_idm,0.007220803082837321
hill_q0_unified,tex3_blue_variance,0.007077933856981124
hill_q0_unified,tex3_swir2_variance,0.0070288491892718085
hill_q0_unified,tex3_swir1_entropy,0.006554630314704717
hill_q0_unified,tex3_blue_entropy,0.00652889158607047
hill_q0_unified,tex3_swir1_asm,0.006476966437249039
hill_q0_unified,tex3_green_idm,0.006105148251553492
hill_q0_unified,tex3_blue_asm,0.006101369593028087
hill_q0_unified,tex3_swir2_contrast,0.00603227232607173
hill_q0_unified,tex3_green_entropy,0.005573761885446045
hill_q0_unified,tex3_green_contrast,0.005550847139468148
hill_q0_unified,tex3_green_variance,0.005538139128651873
hill_q0_unified,tex3_red_idm,0.005529600524752246
hill_q0_unified,tex3_swir2_idm,0.005485589840424726
hill_q0_unified,tex3_green_asm,0.005363613435134777
hill_q0_unified,tex3_red_asm,0.00511457440136656
hill_q0_unified,tex3_red_entropy,0.005084748776350205
hill_q0_unified,tex3_swir2_entropy,0.005062977772635314
hill_q0_unified,tex3_swir2_asm,0.005001343533620985
hill_q0_unified,tex3_red_contrast,0.004778520566017139
hill_q0_unified,tex3_red_variance,0.004763777057286677
hill_q0_unified,area_stratum_presence,0.000810158295200885
hill_q0_unified,tex3_blue_correlation_isna,0.00011000195979364816
hill_q0_unified,tex3_red_correlation_isna,7.134193151561053e-05
hill_q0_unified,tex3_swir2_correlation_isna,6.935692868487457e-05
hill_q0_unified,tex3_green_correlation_isna,3.410103103333956e-05
hill_q0_unified,area_stratum_basal,2.4894030745725216e-05
hill_q0_unified,topo_eastness_isna,1.4501848067465163e-05
hill_q0_unified,tex3_nir_correlation_isna,9.381505052337151e-06
hill_q0_unified,tex3_swir1_correlation_isna,9.234502091200952e-06
hill_q0_unified,topo_topo_flat,5.804101970062589e-06
hill_q0_unified,gmA_gm_band_blue_isna,0.0
hill_q0_unified,gmA_gm_band_green_isna,0.0
hill_q0_unified,gmA_gm_band_nir_isna,0.0
hill_q0_unified,gmA_gm_band_red_isna,0.0
hill_q0_unified,gmA_gm_band_swir1_isna,0.0
hill_q0_unified,gmA_gm_band_swir2_isna,0.0
hill_q0_unified,gmA_gm_bcmad_isna,0.0
hill_q0_unified,gmA_gm_emad_isna,0.0
hill_q0_unified,gmA_gm_evi_isna,0.0
hill_q0_unified,gmA_gm_kndvi_isna,0.0
hill_q0_unified,gmA_gm_nbr_isna,0.0
hill_q0_unified,gmA_gm_ndvi_isna,0.0
hill_q0_unified,gmA_gm_savi_isna,0.0
hill_q0_unified,gmA_gm_smad_isna,0.0
hill_q0_unified,lvl3_blue_isna,0.0
hill_q0_unified,lvl3_green_isna,0.0
hill_q0_unified,lvl3_nir_isna,0.0
hill_q0_unified,lvl3_red_isna,0.0
hill_q0_unified,lvl3_swir1_isna,0.0
hill_q0_unified,lvl3_swir2_isna,0.0
hill_q0_unified,tex3_blue_asm_isna,0.0
hill_q0_unified,tex3_blue_contrast_isna,0.0
hill_q0_unified,tex3_blue_entropy_isna,0.0
hill_q0_unified,tex3_blue_idm_isna,0.0
hill_q0_unified,tex3_blue_variance_isna,0.0
hill_q0_unified,tex3_green_asm_isna,0.0
hill_q0_unified,tex3_green_contrast_isna,0.0
hill_q0_unified,tex3_green_entropy_isna,0.0
hill_q0_unified,tex3_green_idm_isna,0.0
hill_q0_unified,tex3_green_variance_isna,0.0
hill_q0_unified,tex3_nir_asm_isna,0.0
hill_q0_unified,tex3_nir_contrast_isna,0.0
hill_q0_unified,tex3_nir_entropy_isna,0.0
hill_q0_unified,tex3_nir_idm_isna,0.0
hill_q0_unified,tex3_nir_variance_isna,0.0
hill_q0_unified,tex3_red_asm_isna,0.0
hill_q0_unified,tex3_red_contrast_isna,0.0
hill_q0_unified,tex3_red_entropy_isna,0.0
hill_q0_unified,tex3_red_idm_isna,0.0
hill_q0_unified,tex3_red_variance_isna,0.0
hill_q0_unified,tex3_swir1_asm_isna,0.0
hill_q0_unified,tex3_swir1_contrast_isna,0.0
hill_q0_unified,tex3_swir1_entropy_isna,0.0
hill_q0_unified,tex3_swir1_idm_isna,0.0
hill_q0_unified,tex3_swir1_variance_isna,0.0
hill_q0_unified,tex3_swir2_asm_isna,0.0
hill_q0_unified,tex3_swir2_contrast_isna,0.0
hill_q0_unified,tex3_swir2_entropy_isna,0.0
hill_q0_unified,tex3_swir2_idm_isna,0.0
hill_q0_unified,tex3_swir2_variance_isna,0.0
hill_q0_unified,topo_heat_load_isna,0.0
hill_q0_unified,topo_northness_isna,0.0
isomap1_freq_unified,area_log10,0.10455977917138934
isomap1_freq_unified,topo_elevation,0.09421891263101287
isomap1_freq_unified,gmA_gm_smad,0.0712828565509501
isomap1_freq_unified,gmA_gm_ndvi,0.06229982783496024
isomap1_freq_unified,gmA_gm_kndvi,0.0590971481928689
isomap1_freq_unified,gmA_gm_savi,0.046448556264476526
isomap1_freq_unified,gmA_gm_evi,0.04066189189745081
isomap1_freq_unified,gmA_gm_nbr,0.039457634006823505
isomap1_freq_unified,topo_tri,0.029527216589294348
isomap1_freq_unified,topo_slope,0.01886644107394585
isomap1_freq_unified,gmA_gm_band_blue,0.015803517442512172
isomap1_freq_unified,area_stratum_counts,0.015046604346685902
isomap1_freq_unified,topo_tpi,0.014056944765340845
isomap1_freq_unified,gmA_gm_bcmad,0.014037693846823036
isomap1_freq_unified,gmA_gm_emad,0.013931338205595787
isomap1_freq_unified,lvl3_blue,0.013024498451972916
isomap1_freq_unified,lvl3_nir,0.0129040903374192
isomap1_freq_unified,topo_heat_load,0.012900852412794622
isomap1_freq_unified,topo_eastness,0.011885788138368051
isomap1_freq_unified,topo_curvature,0.01158059045762648
isomap1_freq_unified,tex3_nir_idm,0.01068225033023725
isomap1_freq_unified,gmA_gm_band_nir,0.010631879733031193
isomap1_freq_unified,tex3_nir_contrast,0.00997877949441481
isomap1_freq_unified,tex3_nir_variance,0.009520203741352448
isomap1_freq_unified,lvl3_red,0.009269545090104133
isomap1_freq_unified,tex3_blue_correlation,0.009260265238867535
isomap1_freq_unified,topo_northness,0.0091490902500637
isomap1_freq_unified,tex3_nir_correlation,0.009127823664887718
isomap1_freq_unified,gmA_gm_band_red,0.008855612778388571
isomap1_freq_unified,lvl3_swir2,0.008660852344145278
isomap1_freq_unified,gmA_gm_band_swir2,0.007956165540359213
isomap1_freq_unified,lvl3_green,0.007634868527303743
isomap1_freq_unified,lvl3_swir1,0.00758760529941839
isomap1_freq_unified,gmA_gm_band_swir1,0.007402911988276686
isomap1_freq_unified,tex3_green_correlation,0.00728865705732798
isomap1_freq_unified,tex3_swir2_correlation,0.007127733949648785
isomap1_freq_unified,tex3_swir1_correlation,0.006752030262654881
isomap1_freq_unified,tex3_red_correlation,0.0066662556708643825
isomap1_freq_unified,gmA_gm_band_green,0.00653820997462987
isomap1_freq_unified,tex3_swir1_variance,0.006110681152667217
isomap1_freq_unified,tex3_nir_asm,0.006046797455139309
isomap1_freq_unified,tex3_swir2_idm,0.005833530234227708
isomap1_freq_unified,tex3_swir1_contrast,0.0058198256788189314
isomap1_freq_unified,tex3_nir_entropy,0.00579372050268445
isomap1_freq_unified,tex3_blue_idm,0.005758761028777873
isomap1_freq_unified,tex3_swir2_contrast,0.005645442876628673
isomap1_freq_unified,tex3_blue_asm,0.005587893643114164
isomap1_freq_unified,tex3_swir1_idm,0.005371549752263853
isomap1_freq_unified,tex3_green_asm,0.00527432567267724
isomap1_freq_unified,tex3_swir2_asm,0.005264875793049493
isomap1_freq_unified,tex3_blue_contrast,0.005202177115225341
isomap1_freq_unified,tex3_blue_entropy,0.005071860786891853
isomap1_freq_unified,tex3_swir2_variance,0.005020450672537451
isomap1_freq_unified,tex3_swir1_asm,0.004991895598192188
isomap1_freq_unified,tex3_green_variance,0.004942254333391957
isomap1_freq_unified,tex3_blue_variance,0.004911947037315055
isomap1_freq_unified,tex3_swir2_entropy,0.00489202976733733
isomap1_freq_unified,tex3_green_idm,0.004850720990021639
isomap1_freq_unified,tex3_swir1_entropy,0.004743655355176358
isomap1_freq_unified,tex3_red_asm,0.0047213839602505865
isomap1_freq_unified,tex3_red_entropy,0.0046674529070822495
isomap1_freq_unified,tex3_green_contrast,0.004633915262370012
isomap1_freq_unified,tex3_green_entropy,0.004561502044696446
isomap1_freq_unified,tex3_red_idm,0.004366307601137712
isomap1_freq_unified,tex3_red_variance,0.00382506087644743
isomap1_freq_unified,tex3_red_contrast,0.0037468355362842236
isomap1_freq_unified,area_stratum_basal,0.00032453009988936047
isomap1_freq_unified,topo_northness_isna,5.898938160099039e-05
isomap1_freq_unified,tex3_swir2_correlation_isna,4.8804007444424724e-05
isomap1_freq_unified,topo_eastness_isna,4.44411498803205e-05
isomap1_freq_unified,tex3_blue_correlation_isna,4.195065305165422e-05
isomap1_freq_unified,tex3_nir_correlation_isna,3.991334551575307e-05
isomap1_freq_unified,tex3_red_correlation_isna,3.410823773439323e-05
isomap1_freq_unified,topo_topo_flat,3.138771313522715e-05
isomap1_freq_unified,topo_heat_load_isna,2.924870226505214e-05
isomap1_freq_unified,tex3_green_correlation_isna,5.929512591109928e-06
isomap1_freq_unified,tex3_swir1_correlation_isna,9.20008196873753e-07
isomap1_freq_unified,area_stratum_presence,0.0
isomap1_freq_unified,gmA_gm_band_blue_isna,0.0
isomap1_freq_unified,gmA_gm_band_green_isna,0.0
isomap1_freq_unified,gmA_gm_band_nir_isna,0.0
isomap1_freq_unified,gmA_gm_band_red_isna,0.0
isomap1_freq_unified,gmA_gm_band_swir1_isna,0.0
isomap1_freq_unified,gmA_gm_band_swir2_isna,0.0
isomap1_freq_unified,gmA_gm_bcmad_isna,0.0
isomap1_freq_unified,gmA_gm_emad_isna,0.0
isomap1_freq_unified,gmA_gm_evi_isna,0.0
isomap1_freq_unified,gmA_gm_kndvi_isna,0.0
isomap1_freq_unified,gmA_gm_nbr_isna,0.0
isomap1_freq_unified,gmA_gm_ndvi_isna,0.0
isomap1_freq_unified,gmA_gm_savi_isna,0.0
isomap1_freq_unified,gmA_gm_smad_isna,0.0
isomap1_freq_unified,lvl3_blue_isna,0.0
isomap1_freq_unified,lvl3_green_isna,0.0
isomap1_freq_unified,lvl3_nir_isna,0.0
isomap1_freq_unified,lvl3_red_isna,0.0
isomap1_freq_unified,lvl3_swir1_isna,0.0
isomap1_freq_unified,lvl3_swir2_isna,0.0
isomap1_freq_unified,tex3_blue_asm_isna,0.0
isomap1_freq_unified,tex3_blue_contrast_isna,0.0
isomap1_freq_unified,tex3_blue_entropy_isna,0.0
isomap1_freq_unified,tex3_blue_idm_isna,0.0
isomap1_freq_unified,tex3_blue_variance_isna,0.0
isomap1_freq_unified,tex3_green_asm_isna,0.0
isomap1_freq_unified,tex3_green_contrast_isna,0.0
isomap1_freq_unified,tex3_green_entropy_isna,0.0
isomap1_freq_unified,tex3_green_idm_isna,0.0
isomap1_freq_unified,tex3_green_variance_isna,0.0
isomap1_freq_unified,tex3_nir_asm_isna,0.0
isomap1_freq_unified,tex3_nir_contrast_isna,0.0
isomap1_freq_unified,tex3_nir_entropy_isna,0.0
isomap1_freq_unified,tex3_nir_idm_isna,0.0
isomap1_freq_unified,tex3_nir_variance_isna,0.0
isomap1_freq_unified,tex3_red_asm_isna,0.0
isomap1_freq_unified,tex3_red_contrast_isna,0.0
isomap1_freq_unified,tex3_red_entropy_isna,0.0
isomap1_freq_unified,tex3_red_idm_isna,0.0
isomap1_freq_unified,tex3_red_variance_isna,0.0
isomap1_freq_unified,tex3_swir1_asm_isna,0.0
isomap1_freq_unified,tex3_swir1_contrast_isna,0.0
isomap1_freq_unified,tex3_swir1_entropy_isna,0.0
isomap1_freq_unified,tex3_swir1_idm_isna,0.0
isomap1_freq_unified,tex3_swir1_variance_isna,0.0
isomap1_freq_unified,tex3_swir2_asm_isna,0.0
isomap1_freq_unified,tex3_swir2_contrast_isna,0.0
isomap1_freq_unified,tex3_swir2_entropy_isna,0.0
isomap1_freq_unified,tex3_swir2_idm_isna,0.0
isomap1_freq_unified,tex3_swir2_variance_isna,0.0
isomap1_pa_unified,gmA_gm_kndvi,0.08933861784622839
isomap1_pa_unified,gmA_gm_evi,0.08401056204017458
isomap1_pa_unified,gmA_gm_ndvi,0.08262151685413455
isomap1_pa_unified,topo_elevation,0.08149518931104822
isomap1_pa_unified,gmA_gm_savi,0.0630471103460005
isomap1_pa_unified,gmA_gm_nbr,0.05148778711834118
isomap1_pa_unified,gmA_gm_smad,0.0466253634457326
isomap1_pa_unified,area_log10,0.04387033768394545
isomap1_pa_unified,topo_tri,0.017294938070285846
isomap1_pa_unified,gmA_gm_emad,0.016410978039902942
isomap1_pa_unified,topo_curvature,0.014757818461867772
isomap1_pa_unified,topo_tpi,0.013476764823152649
isomap1_pa_unified,topo_slope,0.013083377594416166
isomap1_pa_unified,topo_heat_load,0.013008778263231874
isomap1_pa_unified,lvl3_red,0.012846209587780594
isomap1_pa_unified,gmA_gm_bcmad,0.01237948748025931
isomap1_pa_unified,tex3_nir_contrast,0.012297842974917428
isomap1_pa_unified,gmA_gm_band_red,0.012045346165943197
isomap1_pa_unified,topo_eastness,0.011499129618550239
isomap1_pa_unified,lvl3_nir,0.011381010211204315
isomap1_pa_unified,lvl3_blue,0.010611968662598843
isomap1_pa_unified,tex3_nir_idm,0.010439329440190954
isomap1_pa_unified,area_stratum_counts,0.010376059068328785
isomap1_pa_unified,gmA_gm_band_blue,0.010306297893211327
isomap1_pa_unified,tex3_nir_variance,0.010225186700401649
isomap1_pa_unified,lvl3_swir2,0.010063973321587896
isomap1_pa_unified,topo_northness,0.00994403888022017
isomap1_pa_unified,lvl3_green,0.00971443187296139
isomap1_pa_unified,tex3_nir_correlation,0.00884431318088628
isomap1_pa_unified,gmA_gm_band_nir,0.008761001437751251
isomap1_pa_unified,tex3_blue_correlation,0.008583819190558176
isomap1_pa_unified,gmA_gm_band_green,0.008425332298120886
isomap1_pa_unified,lvl3_swir1,0.008128398370161813
isomap1_pa_unified,gmA_gm_band_swir2,0.0080079278631329
isomap1_pa_unified,tex3_swir2_correlation,0.007524450243724609
isomap1_pa_unified,tex3_swir1_correlation,0.006758548669180436
isomap1_pa_unified,gmA_gm_band_swir1,0.006522728822808405
isomap1_pa_unified,tex3_green_correlation,0.006516459095002029
isomap1_pa_unified,tex3_swir1_variance,0.006325623101438695
isomap1_pa_unified,tex3_red_correlation,0.006064829299422255
isomap1_pa_unified,tex3_nir_asm,0.0060352356365780385
isomap1_pa_unified,tex3_nir_entropy,0.005936158457624977
isomap1_pa_unified,tex3_blue_entropy,0.005445347672364153
isomap1_pa_unified,tex3_swir1_asm,0.005227481988798699
isomap1_pa_unified,tex3_blue_asm,0.005219003225625113
isomap1_pa_unified,tex3_swir1_idm,0.005154172382200416
isomap1_pa_unified,tex3_blue_idm,0.00505123183552811
isomap1_pa_unified,tex3_swir2_entropy,0.005041389576776176
isomap1_pa_unified,tex3_green_asm,0.004941127797439618
isomap1_pa_unified,tex3_green_variance,0.004912752623399308
isomap1_pa_unified,tex3_swir1_contrast,0.004890620315497805
isomap1_pa_unified,tex3_green_idm,0.0048754559727128815
isomap1_pa_unified,tex3_swir2_asm,0.004836827065905283
isomap1_pa_unified,tex3_swir1_entropy,0.004801911471401595
isomap1_pa_unified,tex3_swir2_idm,0.00459921805232973
isomap1_pa_unified,tex3_blue_contrast,0.004538374453649681
isomap1_pa_unified,tex3_red_idm,0.004437768693296422
isomap1_pa_unified,tex3_green_entropy,0.004430556164695674
isomap1_pa_unified,tex3_blue_variance,0.00432440450577642
isomap1_pa_unified,tex3_swir2_variance,0.004323222334505027
isomap1_pa_unified,tex3_red_asm,0.004224380021172528
isomap1_pa_unified,tex3_red_entropy,0.004179732776916308
isomap1_pa_unified,tex3_green_contrast,0.004172591883239825
isomap1_pa_unified,tex3_red_variance,0.004135917991015007
isomap1_pa_unified,tex3_red_contrast,0.003989975197266513
isomap1_pa_unified,tex3_swir2_contrast,0.0038808784668388405
isomap1_pa_unified,area_stratum_basal,0.0005159950132968804
isomap1_pa_unified,area_stratum_presence,0.0004662492539115258
isomap1_pa_unified,tex3_red_correlation_isna,0.00010371722535554404
isomap1_pa_unified,tex3_blue_correlation_isna,9.045684679727103e-05
isomap1_pa_unified,tex3_swir2_correlation_isna,4.66820452676902e-05
isomap1_pa_unified,tex3_nir_correlation_isna,3.4199291587429565e-05
isomap1_pa_unified,tex3_green_correlation_isna,8.054296014851943e-06
isomap1_pa_unified,topo_northness_isna,3.4291356523524835e-06
isomap1_pa_unified,tex3_swir1_correlation_isna,1.679782333983834e-06
isomap1_pa_unified,topo_heat_load_isna,8.867076634480335e-07
isomap1_pa_unified,topo_eastness_isna,3.049075834462162e-08
isomap1_pa_unified,gmA_gm_band_blue_isna,0.0
isomap1_pa_unified,gmA_gm_band_green_isna,0.0
isomap1_pa_unified,gmA_gm_band_nir_isna,0.0
isomap1_pa_unified,gmA_gm_band_red_isna,0.0
isomap1_pa_unified,gmA_gm_band_swir1_isna,0.0
isomap1_pa_unified,gmA_gm_band_swir2_isna,0.0
isomap1_pa_unified,gmA_gm_bcmad_isna,0.0
isomap1_pa_unified,gmA_gm_emad_isna,0.0
isomap1_pa_unified,gmA_gm_evi_isna,0.0
isomap1_pa_unified,gmA_gm_kndvi_isna,0.0
isomap1_pa_unified,gmA_gm_nbr_isna,0.0
isomap1_pa_unified,gmA_gm_ndvi_isna,0.0
isomap1_pa_unified,gmA_gm_savi_isna,0.0
isomap1_pa_unified,gmA_gm_smad_isna,0.0
isomap1_pa_unified,lvl3_blue_isna,0.0
isomap1_pa_unified,lvl3_green_isna,0.0
isomap1_pa_unified,lvl3_nir_isna,0.0
isomap1_pa_unified,lvl3_red_isna,0.0
isomap1_pa_unified,lvl3_swir1_isna,0.0
isomap1_pa_unified,lvl3_swir2_isna,0.0
isomap1_pa_unified,tex3_blue_asm_isna,0.0
isomap1_pa_unified,tex3_blue_contrast_isna,0.0
isomap1_pa_unified,tex3_blue_entropy_isna,0.0
isomap1_pa_unified,tex3_blue_idm_isna,0.0
isomap1_pa_unified,tex3_blue_variance_isna,0.0
isomap1_pa_unified,tex3_green_asm_isna,0.0
isomap1_pa_unified,tex3_green_contrast_isna,0.0
isomap1_pa_unified,tex3_green_entropy_isna,0.0
isomap1_pa_unified,tex3_green_idm_isna,0.0
isomap1_pa_unified,tex3_green_variance_isna,0.0
isomap1_pa_unified,tex3_nir_asm_isna,0.0
isomap1_pa_unified,tex3_nir_contrast_isna,0.0
isomap1_pa_unified,tex3_nir_entropy_isna,0.0
isomap1_pa_unified,tex3_nir_idm_isna,0.0
isomap1_pa_unified,tex3_nir_variance_isna,0.0
isomap1_pa_unified,tex3_red_asm_isna,0.0
isomap1_pa_unified,tex3_red_contrast_isna,0.0
isomap1_pa_unified,tex3_red_entropy_isna,0.0
isomap1_pa_unified,tex3_red_idm_isna,0.0
isomap1_pa_unified,tex3_red_variance_isna,0.0
isomap1_pa_unified,tex3_swir1_asm_isna,0.0
isomap1_pa_unified,tex3_swir1_contrast_isna,0.0
isomap1_pa_unified,tex3_swir1_entropy_isna,0.0
isomap1_pa_unified,tex3_swir1_idm_isna,0.0
isomap1_pa_unified,tex3_swir1_variance_isna,0.0
isomap1_pa_unified,tex3_swir2_asm_isna,0.0
isomap1_pa_unified,tex3_swir2_contrast_isna,0.0
isomap1_pa_unified,tex3_swir2_entropy_isna,0.0
isomap1_pa_unified,tex3_swir2_idm_isna,0.0
isomap1_pa_unified,tex3_swir2_variance_isna,0.0
isomap1_pa_unified,topo_topo_flat,0.0
isomap2_freq_unified,gmA_gm_band_red,0.12141477928748146
isomap2_freq_unified,gmA_gm_nbr,0.09981624917175547
isomap2_freq_unified,gmA_gm_ndvi,0.09074411779822911
isomap2_freq_unified,gmA_gm_kndvi,0.08934267114017629
isomap2_freq_unified,lvl3_blue,0.07208498997035488
isomap2_freq_unified,lvl3_red,0.06902439577179231
isomap2_freq_unified,gmA_gm_band_blue,0.06758080881664653
isomap2_freq_unified,gmA_gm_band_green,0.05957925559910092
isomap2_freq_unified,topo_elevation,0.031138449966775995
isomap2_freq_unified,lvl3_green,0.02337774428053286
isomap2_freq_unified,gmA_gm_savi,0.01843687874376117
isomap2_freq_unified,gmA_gm_band_swir2,0.01639419680631605
isomap2_freq_unified,lvl3_swir2,0.0157003020930814
isomap2_freq_unified,gmA_gm_smad,0.012853793255269707
isomap2_freq_unified,gmA_gm_evi,0.012683554009278892
isomap2_freq_unified,topo_tri,0.007728482779726068
isomap2_freq_unified,area_log10,0.007681842457002648
isomap2_freq_unified,gmA_gm_bcmad,0.007670231779849976
isomap2_freq_unified,lvl3_swir1,0.00738076552049143
isomap2_freq_unified,gmA_gm_emad,0.006744380696289904
isomap2_freq_unified,topo_slope,0.006622146379988264
isomap2_freq_unified,topo_northness,0.006084341073238363
isomap2_freq_unified,topo_curvature,0.006081985543571471
isomap2_freq_unified,topo_eastness,0.0060473782560924805
isomap2_freq_unified,gmA_gm_band_nir,0.005436658606450416
isomap2_freq_unified,topo_heat_load,0.005387090272417063
isomap2_freq_unified,lvl3_nir,0.005275345139618746
isomap2_freq_unified,topo_tpi,0.005230688265014796
isomap2_freq_unified,gmA_gm_band_swir1,0.004710234275740027
isomap2_freq_unified,area_stratum_counts,0.004679798764076558
isomap2_freq_unified,tex3_nir_idm,0.004594229492011634
isomap2_freq_unified,tex3_nir_correlation,0.004364422954516038
isomap2_freq_unified,tex3_nir_contrast,0.004192643653493155
isomap2_freq_unified,tex3_swir2_correlation,0.00412032787458438
isomap2_freq_unified,tex3_red_correlation,0.003956091663555767
isomap2_freq_unified,tex3_swir1_idm,0.0037646536059393484
isomap2_freq_unified,tex3_swir2_idm,0.0036877802185569576
isomap2_freq_unified,tex3_blue_correlation,0.0036260377954637135
isomap2_freq_unified,tex3_nir_variance,0.0035206362075559045
isomap2_freq_unified,tex3_swir1_correlation,0.003442140133654506
isomap2_freq_unified,tex3_green_correlation,0.0033940685621366962
isomap2_freq_unified,tex3_nir_asm,0.0030089377727683586
isomap2_freq_unified,tex3_swir1_contrast,0.003007237652257167
isomap2_freq_unified,tex3_nir_entropy,0.002945680525629851
isomap2_freq_unified,tex3_blue_idm,0.0029271239437881438
isomap2_freq_unified,tex3_blue_asm,0.0029148578521441286
isomap2_freq_unified,tex3_swir2_variance,0.002805968413386756
isomap2_freq_unified,tex3_swir1_asm,0.0027677310521888794
isomap2_freq_unified,tex3_swir1_entropy,0.0027624814753039718
isomap2_freq_unified,tex3_blue_variance,0.002756323339863912
isomap2_freq_unified,tex3_green_idm,0.0027276983445603154
isomap2_freq_unified,tex3_green_asm,0.0027023556749553998
isomap2_freq_unified,tex3_swir2_asm,0.0026890931757244225
isomap2_freq_unified,tex3_swir2_entropy,0.002663471496020894
isomap2_freq_unified,tex3_swir2_contrast,0.002599156587629043
isomap2_freq_unified,tex3_swir1_variance,0.002556564500529045
isomap2_freq_unified,tex3_blue_entropy,0.0024697805095766244
isomap2_freq_unified,tex3_red_idm,0.002453780379504833
isomap2_freq_unified,tex3_red_asm,0.0024416249276870894
isomap2_freq_unified,tex3_green_entropy,0.0024123625691616782
isomap2_freq_unified,tex3_blue_contrast,0.002387843855523858
isomap2_freq_unified,tex3_green_variance,0.0022418272790693046
isomap2_freq_unified,tex3_red_entropy,0.002182815912471433
isomap2_freq_unified,tex3_red_variance,0.002086564101204267
isomap2_freq_unified,tex3_green_contrast,0.001988488015460108
isomap2_freq_unified,tex3_red_contrast,0.0018562514633236513
isomap2_freq_unified,tex3_blue_correlation_isna,1.5659763481287523e-05
isomap2_freq_unified,tex3_nir_correlation_isna,1.1859142243800519e-05
isomap2_freq_unified,tex3_red_correlation_isna,7.611699456366033e-06
isomap2_freq_unified,tex3_green_correlation_isna,5.601763324702914e-06
isomap2_freq_unified,tex3_swir2_correlation_isna,2.711585977348429e-06
isomap2_freq_unified,tex3_swir1_correlation_isna,2.4411564251760425e-06
isomap2_freq_unified,topo_topo_flat,1.4248223283880967e-06
isomap2_freq_unified,topo_eastness_isna,8.056544051428389e-08
isomap2_freq_unified,area_stratum_basal,0.0
isomap2_freq_unified,area_stratum_presence,0.0
isomap2_freq_unified,gmA_gm_band_blue_isna,0.0
isomap2_freq_unified,gmA_gm_band_green_isna,0.0
isomap2_freq_unified,gmA_gm_band_nir_isna,0.0
isomap2_freq_unified,gmA_gm_band_red_isna,0.0
isomap2_freq_unified,gmA_gm_band_swir1_isna,0.0
isomap2_freq_unified,gmA_gm_band_swir2_isna,0.0
isomap2_freq_unified,gmA_gm_bcmad_isna,0.0
isomap2_freq_unified,gmA_gm_emad_isna,0.0
isomap2_freq_unified,gmA_gm_evi_isna,0.0
isomap2_freq_unified,gmA_gm_kndvi_isna,0.0
isomap2_freq_unified,gmA_gm_nbr_isna,0.0
isomap2_freq_unified,gmA_gm_ndvi_isna,0.0
isomap2_freq_unified,gmA_gm_savi_isna,0.0
isomap2_freq_unified,gmA_gm_smad_isna,0.0
isomap2_freq_unified,lvl3_blue_isna,0.0
isomap2_freq_unified,lvl3_green_isna,0.0
isomap2_freq_unified,lvl3_nir_isna,0.0
isomap2_freq_unified,lvl3_red_isna,0.0
isomap2_freq_unified,lvl3_swir1_isna,0.0
isomap2_freq_unified,lvl3_swir2_isna,0.0
isomap2_freq_unified,tex3_blue_asm_isna,0.0
isomap2_freq_unified,tex3_blue_contrast_isna,0.0
isomap2_freq_unified,tex3_blue_entropy_isna,0.0
isomap2_freq_unified,tex3_blue_idm_isna,0.0
isomap2_freq_unified,tex3_blue_variance_isna,0.0
isomap2_freq_unified,tex3_green_asm_isna,0.0
isomap2_freq_unified,tex3_green_contrast_isna,0.0
isomap2_freq_unified,tex3_green_entropy_isna,0.0
isomap2_freq_unified,tex3_green_idm_isna,0.0
isomap2_freq_unified,tex3_green_variance_isna,0.0
isomap2_freq_unified,tex3_nir_asm_isna,0.0
isomap2_freq_unified,tex3_nir_contrast_isna,0.0
isomap2_freq_unified,tex3_nir_entropy_isna,0.0
isomap2_freq_unified,tex3_nir_idm_isna,0.0
isomap2_freq_unified,tex3_nir_variance_isna,0.0
isomap2_freq_unified,tex3_red_asm_isna,0.0
isomap2_freq_unified,tex3_red_contrast_isna,0.0
isomap2_freq_unified,tex3_red_entropy_isna,0.0
isomap2_freq_unified,tex3_red_idm_isna,0.0
isomap2_freq_unified,tex3_red_variance_isna,0.0
isomap2_freq_unified,tex3_swir1_asm_isna,0.0
isomap2_freq_unified,tex3_swir1_contrast_isna,0.0
isomap2_freq_unified,tex3_swir1_entropy_isna,0.0
isomap2_freq_unified,tex3_swir1_idm_isna,0.0
isomap2_freq_unified,tex3_swir1_variance_isna,0.0
isomap2_freq_unified,tex3_swir2_asm_isna,0.0
isomap2_freq_unified,tex3_swir2_contrast_isna,0.0
isomap2_freq_unified,tex3_swir2_entropy_isna,0.0
isomap2_freq_unified,tex3_swir2_idm_isna,0.0
isomap2_freq_unified,tex3_swir2_variance_isna,0.0
isomap2_freq_unified,topo_heat_load_isna,0.0
isomap2_freq_unified,topo_northness_isna,0.0
isomap2_pa_unified,topo_elevation,0.07840291163940066
isomap2_pa_unified,area_log10,0.06156410138786648
isomap2_pa_unified,gmA_gm_evi,0.04755968941810053
isomap2_pa_unified,gmA_gm_nbr,0.04082380514975355
isomap2_pa_unified,gmA_gm_savi,0.033577311804215235
isomap2_pa_unified,gmA_gm_ndvi,0.0285689183888889
isomap2_pa_unified,gmA_gm_kndvi,0.027962440875524297
isomap2_pa_unified,gmA_gm_smad,0.027859110729223747
isomap2_pa_unified,tex3_swir2_contrast,0.022158540189335406
isomap2_pa_unified,topo_curvature,0.017843854030699435
isomap2_pa_unified,topo_tri,0.017107975294165908
isomap2_pa_unified,lvl3_swir1,0.017094167954383583
isomap2_pa_unified,lvl3_nir,0.01708138895004225
isomap2_pa_unified,lvl3_swir2,0.016685099817826232
isomap2_pa_unified,topo_heat_load,0.016626914344610336
isomap2_pa_unified,topo_slope,0.01616432280434744
isomap2_pa_unified,topo_eastness,0.015960936212757744
isomap2_pa_unified,topo_tpi,0.01592917020358513
isomap2_pa_unified,gmA_gm_band_swir2,0.01586652833988465
isomap2_pa_unified,gmA_gm_band_swir1,0.01578574093944082
isomap2_pa_unified,gmA_gm_emad,0.015756807713535975
isomap2_pa_unified,topo_northness,0.014828960719160279
isomap2_pa_unified,gmA_gm_band_nir,0.014082530957014592
isomap2_pa_unified,tex3_nir_correlation,0.013106712883158117
isomap2_pa_unified,tex3_swir2_correlation,0.012670843296754875
isomap2_pa_unified,gmA_gm_bcmad,0.012660414974404188
isomap2_pa_unified,lvl3_blue,0.012281608683522818
isomap2_pa_unified,area_stratum_basal,0.012080835496517933
isomap2_pa_unified,tex3_blue_correlation,0.011789139062293532
isomap2_pa_unified,tex3_nir_idm,0.011731575043843754
isomap2_pa_unified,tex3_swir1_contrast,0.0113836855981864
isomap2_pa_unified,lvl3_red,0.011351602649282111
isomap2_pa_unified,gmA_gm_band_blue,0.01133006379311537
isomap2_pa_unified,tex3_swir1_correlation,0.011324940327109012
isomap2_pa_unified,tex3_swir2_variance,0.011169886735535354
isomap2_pa_unified,gmA_gm_band_red,0.011162610182163812
isomap2_pa_unified,gmA_gm_band_green,0.01112912860313665
isomap2_pa_unified,tex3_swir1_variance,0.01057436612068138
isomap2_pa_unified,lvl3_green,0.010380531884125164
isomap2_pa_unified,tex3_nir_asm,0.010312373572949082
isomap2_pa_unified,tex3_nir_contrast,0.010229539958113603
isomap2_pa_unified,tex3_nir_variance,0.01002321873655871
isomap2_pa_unified,tex3_nir_entropy,0.009990731394285864
isomap2_pa_unified,tex3_swir2_idm,0.009888627059126059
isomap2_pa_unified,tex3_green_correlation,0.009748979971676838
isomap2_pa_unified,tex3_red_correlation,0.009334319636962626
isomap2_pa_unified,tex3_swir1_asm,0.008567375488877493
isomap2_pa_unified,tex3_swir1_idm,0.00853934536642013
isomap2_pa_unified,tex3_swir1_entropy,0.008266075899343426
isomap2_pa_unified,tex3_swir2_entropy,0.008210256043623933
isomap2_pa_unified,tex3_blue_asm,0.007990948082709753
isomap2_pa_unified,tex3_red_contrast,0.007878437662316412
isomap2_pa_unified,tex3_green_entropy,0.0077112655784098314
isomap2_pa_unified,tex3_green_asm,0.0076766316879960635
isomap2_pa_unified,tex3_swir2_asm,0.0076393532312667685
isomap2_pa_unified,tex3_blue_entropy,0.0075548528400367024
isomap2_pa_unified,tex3_green_idm,0.007407307004027368
isomap2_pa_unified,tex3_blue_variance,0.007180796711917366
isomap2_pa_unified,tex3_green_variance,0.006842198247822499
isomap2_pa_unified,tex3_red_variance,0.006744755672505559
isomap2_pa_unified,tex3_blue_contrast,0.006677486267145221
isomap2_pa_unified,tex3_red_idm,0.006335974536782868
isomap2_pa_unified,tex3_red_asm,0.0062133844743263306
isomap2_pa_unified,tex3_blue_idm,0.0062074413023205845
isomap2_pa_unified,tex3_red_entropy,0.005864070138036167
isomap2_pa_unified,tex3_green_contrast,0.005655555432412321
isomap2_pa_unified,area_stratum_counts,0.002479221870551858
isomap2_pa_unified,area_stratum_presence,0.0011558136175020648
isomap2_pa_unified,tex3_blue_correlation_isna,7.05545464263285e-05
isomap2_pa_unified,tex3_green_correlation_isna,5.652745439833105e-05
isomap2_pa_unified,tex3_red_correlation_isna,5.009890557569958e-05
isomap2_pa_unified,tex3_swir2_correlation_isna,4.467738296731799e-05
isomap2_pa_unified,tex3_nir_correlation_isna,2.0324181643344135e-05
isomap2_pa_unified,tex3_swir1_correlation_isna,1.2306845371934388e-05
isomap2_pa_unified,gmA_gm_band_blue_isna,0.0
isomap2_pa_unified,gmA_gm_band_green_isna,0.0
isomap2_pa_unified,gmA_gm_band_nir_isna,0.0
isomap2_pa_unified,gmA_gm_band_red_isna,0.0
isomap2_pa_unified,gmA_gm_band_swir1_isna,0.0
isomap2_pa_unified,gmA_gm_band_swir2_isna,0.0
isomap2_pa_unified,gmA_gm_bcmad_isna,0.0
isomap2_pa_unified,gmA_gm_emad_isna,0.0
isomap2_pa_unified,gmA_gm_evi_isna,0.0
isomap2_pa_unified,gmA_gm_kndvi_isna,0.0
isomap2_pa_unified,gmA_gm_nbr_isna,0.0
isomap2_pa_unified,gmA_gm_ndvi_isna,0.0
isomap2_pa_unified,gmA_gm_savi_isna,0.0
isomap2_pa_unified,gmA_gm_smad_isna,0.0
isomap2_pa_unified,lvl3_blue_isna,0.0
isomap2_pa_unified,lvl3_green_isna,0.0
isomap2_pa_unified,lvl3_nir_isna,0.0
isomap2_pa_unified,lvl3_red_isna,0.0
isomap2_pa_unified,lvl3_swir1_isna,0.0
isomap2_pa_unified,lvl3_swir2_isna,0.0
isomap2_pa_unified,tex3_blue_asm_isna,0.0
isomap2_pa_unified,tex3_blue_contrast_isna,0.0
isomap2_pa_unified,tex3_blue_entropy_isna,0.0
isomap2_pa_unified,tex3_blue_idm_isna,0.0
isomap2_pa_unified,tex3_blue_variance_isna,0.0
isomap2_pa_unified,tex3_green_asm_isna,0.0
isomap2_pa_unified,tex3_green_contrast_isna,0.0
isomap2_pa_unified,tex3_green_entropy_isna,0.0
isomap2_pa_unified,tex3_green_idm_isna,0.0
isomap2_pa_unified,tex3_green_variance_isna,0.0
isomap2_pa_unified,tex3_nir_asm_isna,0.0
isomap2_pa_unified,tex3_nir_contrast_isna,0.0
isomap2_pa_unified,tex3_nir_entropy_isna,0.0
isomap2_pa_unified,tex3_nir_idm_isna,0.0
isomap2_pa_unified,tex3_nir_variance_isna,0.0
isomap2_pa_unified,tex3_red_asm_isna,0.0
isomap2_pa_unified,tex3_red_contrast_isna,0.0
isomap2_pa_unified,tex3_red_entropy_isna,0.0
isomap2_pa_unified,tex3_red_idm_isna,0.0
isomap2_pa_unified,tex3_red_variance_isna,0.0
isomap2_pa_unified,tex3_swir1_asm_isna,0.0
isomap2_pa_unified,tex3_swir1_contrast_isna,0.0
isomap2_pa_unified,tex3_swir1_entropy_isna,0.0
isomap2_pa_unified,tex3_swir1_idm_isna,0.0
isomap2_pa_unified,tex3_swir1_variance_isna,0.0
isomap2_pa_unified,tex3_swir2_asm_isna,0.0
isomap2_pa_unified,tex3_swir2_contrast_isna,0.0
isomap2_pa_unified,tex3_swir2_entropy_isna,0.0
isomap2_pa_unified,tex3_swir2_idm_isna,0.0
isomap2_pa_unified,tex3_swir2_variance_isna,0.0
isomap2_pa_unified,topo_eastness_isna,0.0
isomap2_pa_unified,topo_heat_load_isna,0.0
isomap2_pa_unified,topo_northness_isna,0.0
isomap2_pa_unified,topo_topo_flat,0.0
isomap3_freq_unified,gmA_gm_band_red,0.11408807312975351
isomap3_freq_unified,lvl3_blue,0.09453886607474313
isomap3_freq_unified,gmA_gm_band_blue,0.08767530763918492
isomap3_freq_unified,lvl3_red,0.08531771822148407
isomap3_freq_unified,gmA_gm_kndvi,0.07200087955207768
isomap3_freq_unified,gmA_gm_ndvi,0.07034566612850843
isomap3_freq_unified,gmA_gm_nbr,0.06653797927519733
isomap3_freq_unified,gmA_gm_band_green,0.06155861021772967
isomap3_freq_unified,lvl3_green,0.039415123015944575
isomap3_freq_unified,topo_elevation,0.0353421439004906
isomap3_freq_unified,lvl3_swir2,0.023058592317113994
isomap3_freq_unified,gmA_gm_band_swir2,0.01666092110048354
isomap3_freq_unified,gmA_gm_savi,0.014731930530368396
isomap3_freq_unified,gmA_gm_smad,0.011527893704848243
isomap3_freq_unified,gmA_gm_evi,0.010846398747595676
isomap3_freq_unified,topo_tri,0.00976687252920827
isomap3_freq_unified,topo_northness,0.008322419417162424
isomap3_freq_unified,lvl3_swir1,0.008240922857413674
isomap3_freq_unified,topo_slope,0.008164001200356385
isomap3_freq_unified,area_log10,0.007495490880306118
isomap3_freq_unified,gmA_gm_emad,0.0070185407041656505
isomap3_freq_unified,gmA_gm_bcmad,0.006575882021364089
isomap3_freq_unified,topo_eastness,0.0060793354897637625
isomap3_freq_unified,topo_heat_load,0.0060398486644508975
isomap3_freq_unified,lvl3_nir,0.005531055960366777
isomap3_freq_unified,gmA_gm_band_swir1,0.005081517259005011
isomap3_freq_unified,topo_curvature,0.005001488837100816
isomap3_freq_unified,gmA_gm_band_nir,0.004615025832037202
isomap3_freq_unified,topo_tpi,0.004576840883029613
isomap3_freq_unified,tex3_nir_correlation,0.004142297226724953
isomap3_freq_unified,tex3_nir_idm,0.004081836099508894
isomap3_freq_unified,tex3_nir_contrast,0.004037709604815283
isomap3_freq_unified,tex3_swir2_correlation,0.003931569382976244
isomap3_freq_unified,tex3_blue_correlation,0.003665334490649083
isomap3_freq_unified,tex3_nir_variance,0.003557934413244219
isomap3_freq_unified,tex3_swir2_idm,0.0034111325211787988
isomap3_freq_unified,tex3_swir1_idm,0.0033201640367064847
isomap3_freq_unified,tex3_red_correlation,0.0033110667964771244
isomap3_freq_unified,tex3_green_correlation,0.003227072042760481
isomap3_freq_unified,tex3_swir1_correlation,0.00310287059267539
isomap3_freq_unified,tex3_blue_idm,0.0030245971381160043
isomap3_freq_unified,tex3_nir_asm,0.00302289290023462
isomap3_freq_unified,tex3_nir_entropy,0.0028575445097992584
isomap3_freq_unified,tex3_green_asm,0.0028249329399020187
isomap3_freq_unified,tex3_swir1_contrast,0.0028007614516120287
isomap3_freq_unified,tex3_blue_asm,0.0027404167050445443
isomap3_freq_unified,tex3_green_idm,0.0027079586019079747
isomap3_freq_unified,tex3_swir1_variance,0.002613517466596377
isomap3_freq_unified,tex3_swir1_asm,0.002588979650396206
isomap3_freq_unified,tex3_red_idm,0.0025215686594050506
isomap3_freq_unified,tex3_green_entropy,0.002504768944372471
isomap3_freq_unified,area_stratum_counts,0.0025043012278991284
isomap3_freq_unified,tex3_swir2_variance,0.0024613905122211634
isomap3_freq_unified,tex3_swir2_asm,0.0023981471282003832
isomap3_freq_unified,tex3_swir2_contrast,0.0023833453056331705
isomap3_freq_unified,tex3_swir2_entropy,0.0023584290162233885
isomap3_freq_unified,tex3_swir1_entropy,0.0023332000859845417
isomap3_freq_unified,tex3_red_entropy,0.002299887590429172
isomap3_freq_unified,tex3_blue_contrast,0.0022995468303734314
isomap3_freq_unified,tex3_red_asm,0.0022591336755159674
isomap3_freq_unified,tex3_blue_entropy,0.002258160136507107
isomap3_freq_unified,tex3_green_variance,0.002249567951949899
isomap3_freq_unified,tex3_blue_variance,0.0021466235488863303
isomap3_freq_unified,tex3_green_contrast,0.002023049713633731
isomap3_freq_unified,tex3_red_variance,0.0020056795854436387
isomap3_freq_unified,tex3_red_contrast,0.0018205392947267922
isomap3_freq_unified,tex3_red_correlation_isna,2.2382277440941938e-05
isomap3_freq_unified,tex3_blue_correlation_isna,9.025982565263365e-06
isomap3_freq_unified,tex3_nir_correlation_isna,6.919245875617371e-06
isomap3_freq_unified,tex3_swir2_correlation_isna,3.3630417017707362e-06
isomap3_freq_unified,tex3_green_correlation_isna,2.3317566475122858e-06
isomap3_freq_unified,topo_heat_load_isna,2.2187334867895086e-06
isomap3_freq_unified,topo_northness_isna,2.33918329641747e-07
isomap3_freq_unified,tex3_swir1_correlation_isna,1.2874964410853077e-07
isomap3_freq_unified,topo_eastness_isna,7.496556643315219e-08
isomap3_freq_unified,topo_topo_flat,4.745875622692668e-08
isomap3_freq_unified,area_stratum_basal,0.0
isomap3_freq_unified,area_stratum_presence,0.0
isomap3_freq_unified,gmA_gm_band_blue_isna,0.0
isomap3_freq_unified,gmA_gm_band_green_isna,0.0
isomap3_freq_unified,gmA_gm_band_nir_isna,0.0
isomap3_freq_unified,gmA_gm_band_red_isna,0.0
isomap3_freq_unified,gmA_gm_band_swir1_isna,0.0
isomap3_freq_unified,gmA_gm_band_swir2_isna,0.0
isomap3_freq_unified,gmA_gm_bcmad_isna,0.0
isomap3_freq_unified,gmA_gm_emad_isna,0.0
isomap3_freq_unified,gmA_gm_evi_isna,0.0
isomap3_freq_unified,gmA_gm_kndvi_isna,0.0
isomap3_freq_unified,gmA_gm_nbr_isna,0.0
isomap3_freq_unified,gmA_gm_ndvi_isna,0.0
isomap3_freq_unified,gmA_gm_savi_isna,0.0
isomap3_freq_unified,gmA_gm_smad_isna,0.0
isomap3_freq_unified,lvl3_blue_isna,0.0
isomap3_freq_unified,lvl3_green_isna,0.0
isomap3_freq_unified,lvl3_nir_isna,0.0
isomap3_freq_unified,lvl3_red_isna,0.0
isomap3_freq_unified,lvl3_swir1_isna,0.0
isomap3_freq_unified,lvl3_swir2_isna,0.0
isomap3_freq_unified,tex3_blue_asm_isna,0.0
isomap3_freq_unified,tex3_blue_contrast_isna,0.0
isomap3_freq_unified,tex3_blue_entropy_isna,0.0
isomap3_freq_unified,tex3_blue_idm_isna,0.0
isomap3_freq_unified,tex3_blue_variance_isna,0.0
isomap3_freq_unified,tex3_green_asm_isna,0.0
isomap3_freq_unified,tex3_green_contrast_isna,0.0
isomap3_freq_unified,tex3_green_entropy_isna,0.0
isomap3_freq_unified,tex3_green_idm_isna,0.0
isomap3_freq_unified,tex3_green_variance_isna,0.0
isomap3_freq_unified,tex3_nir_asm_isna,0.0
isomap3_freq_unified,tex3_nir_contrast_isna,0.0
isomap3_freq_unified,tex3_nir_entropy_isna,0.0
isomap3_freq_unified,tex3_nir_idm_isna,0.0
isomap3_freq_unified,tex3_nir_variance_isna,0.0
isomap3_freq_unified,tex3_red_asm_isna,0.0
isomap3_freq_unified,tex3_red_contrast_isna,0.0
isomap3_freq_unified,tex3_red_entropy_isna,0.0
isomap3_freq_unified,tex3_red_idm_isna,0.0
isomap3_freq_unified,tex3_red_variance_isna,0.0
isomap3_freq_unified,tex3_swir1_asm_isna,0.0
isomap3_freq_unified,tex3_swir1_contrast_isna,0.0
isomap3_freq_unified,tex3_swir1_entropy_isna,0.0
isomap3_freq_unified,tex3_swir1_idm_isna,0.0
isomap3_freq_unified,tex3_swir1_variance_isna,0.0
isomap3_freq_unified,tex3_swir2_asm_isna,0.0
isomap3_freq_unified,tex3_swir2_contrast_isna,0.0
isomap3_freq_unified,tex3_swir2_entropy_isna,0.0
isomap3_freq_unified,tex3_swir2_idm_isna,0.0
isomap3_freq_unified,tex3_swir2_variance_isna,0.0
isomap3_pa_unified,gmA_gm_band_red,0.13432742926070868
isomap3_pa_unified,lvl3_red,0.11497880328644791
isomap3_pa_unified,gmA_gm_kndvi,0.0846736448371392
isomap3_pa_unified,gmA_gm_ndvi,0.07533066314747375
isomap3_pa_unified,gmA_gm_band_green,0.06449237445382741
isomap3_pa_unified,lvl3_blue,0.04871806475809558
isomap3_pa_unified,gmA_gm_band_blue,0.044636062095009185
isomap3_pa_unified,lvl3_swir2,0.04211326794405347
isomap3_pa_unified,lvl3_green,0.04176913401571081
isomap3_pa_unified,topo_elevation,0.03121958831712064
isomap3_pa_unified,gmA_gm_nbr,0.029581980587031008
isomap3_pa_unified,gmA_gm_band_swir2,0.028453172746098876
isomap3_pa_unified,gmA_gm_savi,0.014504916588460637
isomap3_pa_unified,gmA_gm_evi,0.013949370464263557
isomap3_pa_unified,area_log10,0.012734511756726038
isomap3_pa_unified,gmA_gm_smad,0.010073864401031746
isomap3_pa_unified,lvl3_swir1,0.00977941400003118
isomap3_pa_unified,topo_tri,0.009547766910255667
isomap3_pa_unified,topo_slope,0.008177789744807776
isomap3_pa_unified,topo_eastness,0.007202314295437673
isomap3_pa_unified,lvl3_nir,0.007046144991207884
isomap3_pa_unified,topo_heat_load,0.006471347710329997
isomap3_pa_unified,gmA_gm_band_swir1,0.006075947059999708
isomap3_pa_unified,topo_tpi,0.006034209570411396
isomap3_pa_unified,topo_northness,0.005638347098710955
isomap3_pa_unified,topo_curvature,0.005630515950581999
isomap3_pa_unified,tex3_nir_contrast,0.005445680736476911
isomap3_pa_unified,gmA_gm_band_nir,0.005351175286200776
isomap3_pa_unified,tex3_nir_idm,0.005227949757616934
isomap3_pa_unified,gmA_gm_emad,0.004939159955400001
isomap3_pa_unified,tex3_nir_variance,0.004919057607017504
isomap3_pa_unified,tex3_nir_correlation,0.004663471120825146
isomap3_pa_unified,gmA_gm_bcmad,0.004429864081919211
isomap3_pa_unified,tex3_swir2_idm,0.004316405750985124
isomap3_pa_unified,tex3_swir2_correlation,0.0041673977129303204
isomap3_pa_unified,tex3_blue_correlation,0.003964180496985533
isomap3_pa_unified,tex3_nir_asm,0.0038970807906717185
isomap3_pa_unified,tex3_swir1_idm,0.003862252785527967
isomap3_pa_unified,tex3_nir_entropy,0.003611095152363873
isomap3_pa_unified,tex3_swir1_correlation,0.003533623965614728
isomap3_pa_unified,tex3_green_correlation,0.003490531280617243
isomap3_pa_unified,tex3_blue_asm,0.003370137117248008
isomap3_pa_unified,tex3_swir1_contrast,0.003344303868354415
isomap3_pa_unified,tex3_red_correlation,0.003330140181239509
isomap3_pa_unified,tex3_green_idm,0.00320434113579562
isomap3_pa_unified,tex3_swir1_variance,0.0030648933316639124
isomap3_pa_unified,tex3_blue_entropy,0.002997982649457015
isomap3_pa_unified,tex3_green_asm,0.002983815188730418
isomap3_pa_unified,tex3_green_entropy,0.0029043078321933325
isomap3_pa_unified,tex3_green_variance,0.002845260975933389
isomap3_pa_unified,tex3_blue_idm,0.002844494200619714
isomap3_pa_unified,tex3_swir2_variance,0.002791025750210402
isomap3_pa_unified,tex3_swir2_contrast,0.0027345521724433624
isomap3_pa_unified,tex3_red_asm,0.002667002246090363
isomap3_pa_unified,tex3_swir1_asm,0.0026628514136336694
isomap3_pa_unified,tex3_swir1_entropy,0.0026567482848227613
isomap3_pa_unified,tex3_swir2_entropy,0.0026387496466158283
isomap3_pa_unified,tex3_swir2_asm,0.0026195498144459635
isomap3_pa_unified,tex3_green_contrast,0.0026178928718411433
isomap3_pa_unified,tex3_blue_variance,0.0025980828657342033
isomap3_pa_unified,area_stratum_counts,0.0025573193701732373
isomap3_pa_unified,tex3_red_idm,0.002537399668262676
isomap3_pa_unified,tex3_blue_contrast,0.002535980479786797
isomap3_pa_unified,tex3_red_entropy,0.0024517173801330778
isomap3_pa_unified,tex3_red_contrast,0.0023615465926163657
isomap3_pa_unified,tex3_red_variance,0.0022428684995882
isomap3_pa_unified,area_stratum_presence,0.0014225378210725105
isomap3_pa_unified,tex3_blue_correlation_isna,1.648983709354805e-05
isomap3_pa_unified,tex3_red_correlation_isna,8.934283484358092e-06
isomap3_pa_unified,tex3_swir2_correlation_isna,2.993321479500642e-06
isomap3_pa_unified,tex3_swir1_correlation_isna,2.3988914529226128e-06
isomap3_pa_unified,tex3_green_correlation_isna,2.281065467393626e-06
isomap3_pa_unified,tex3_nir_correlation_isna,1.4072292965635385e-06
isomap3_pa_unified,area_stratum_basal,4.215408941361126e-07
isomap3_pa_unified,gmA_gm_band_blue_isna,0.0
isomap3_pa_unified,gmA_gm_band_green_isna,0.0
isomap3_pa_unified,gmA_gm_band_nir_isna,0.0
isomap3_pa_unified,gmA_gm_band_red_isna,0.0
isomap3_pa_unified,gmA_gm_band_swir1_isna,0.0
isomap3_pa_unified,gmA_gm_band_swir2_isna,0.0
isomap3_pa_unified,gmA_gm_bcmad_isna,0.0
isomap3_pa_unified,gmA_gm_emad_isna,0.0
isomap3_pa_unified,gmA_gm_evi_isna,0.0
isomap3_pa_unified,gmA_gm_kndvi_isna,0.0
isomap3_pa_unified,gmA_gm_nbr_isna,0.0
isomap3_pa_unified,gmA_gm_ndvi_isna,0.0
isomap3_pa_unified,gmA_gm_savi_isna,0.0
isomap3_pa_unified,gmA_gm_smad_isna,0.0
isomap3_pa_unified,lvl3_blue_isna,0.0
isomap3_pa_unified,lvl3_green_isna,0.0
isomap3_pa_unified,lvl3_nir_isna,0.0
isomap3_pa_unified,lvl3_red_isna,0.0
isomap3_pa_unified,lvl3_swir1_isna,0.0
isomap3_pa_unified,lvl3_swir2_isna,0.0
isomap3_pa_unified,tex3_blue_asm_isna,0.0
isomap3_pa_unified,tex3_blue_contrast_isna,0.0
isomap3_pa_unified,tex3_blue_entropy_isna,0.0
isomap3_pa_unified,tex3_blue_idm_isna,0.0
isomap3_pa_unified,tex3_blue_variance_isna,0.0
isomap3_pa_unified,tex3_green_asm_isna,0.0
isomap3_pa_unified,tex3_green_contrast_isna,0.0
isomap3_pa_unified,tex3_green_entropy_isna,0.0
isomap3_pa_unified,tex3_green_idm_isna,0.0
isomap3_pa_unified,tex3_green_variance_isna,0.0
isomap3_pa_unified,tex3_nir_asm_isna,0.0
isomap3_pa_unified,tex3_nir_contrast_isna,0.0
isomap3_pa_unified,tex3_nir_entropy_isna,0.0
isomap3_pa_unified,tex3_nir_idm_isna,0.0
isomap3_pa_unified,tex3_nir_variance_isna,0.0
isomap3_pa_unified,tex3_red_asm_isna,0.0
isomap3_pa_unified,tex3_red_contrast_isna,0.0
isomap3_pa_unified,tex3_red_entropy_isna,0.0
isomap3_pa_unified,tex3_red_idm_isna,0.0
isomap3_pa_unified,tex3_red_variance_isna,0.0
isomap3_pa_unified,tex3_swir1_asm_isna,0.0
isomap3_pa_unified,tex3_swir1_contrast_isna,0.0
isomap3_pa_unified,tex3_swir1_entropy_isna,0.0
isomap3_pa_unified,tex3_swir1_idm_isna,0.0
isomap3_pa_unified,tex3_swir1_variance_isna,0.0
isomap3_pa_unified,tex3_swir2_asm_isna,0.0
isomap3_pa_unified,tex3_swir2_contrast_isna,0.0
isomap3_pa_unified,tex3_swir2_entropy_isna,0.0
isomap3_pa_unified,tex3_swir2_idm_isna,0.0
isomap3_pa_unified,tex3_swir2_variance_isna,0.0
isomap3_pa_unified,topo_eastness_isna,0.0
isomap3_pa_unified,topo_heat_load_isna,0.0
isomap3_pa_unified,topo_northness_isna,0.0
isomap3_pa_unified,topo_topo_flat,0.0
lcbd_freq_unified,gmA_gm_kndvi,0.13323348916863598
lcbd_freq_unified,gmA_gm_ndvi,0.1267015737441617
lcbd_freq_unified,gmA_gm_nbr,0.0904833702073268
lcbd_freq_unified,topo_elevation,0.04419949774976971
lcbd_freq_unified,area_log10,0.04396420937020234
lcbd_freq_unified,lvl3_red,0.042773009617594546
lcbd_freq_unified,gmA_gm_evi,0.03390360144838816
lcbd_freq_unified,gmA_gm_band_red,0.033227297720278416
lcbd_freq_unified,gmA_gm_savi,0.030236284548394075
lcbd_freq_unified,lvl3_swir2,0.02537142961240531
lcbd_freq_unified,area_stratum_counts,0.023878483585180597
lcbd_freq_unified,gmA_gm_smad,0.022672767191295497
lcbd_freq_unified,gmA_gm_band_swir2,0.017044887512949216
lcbd_freq_unified,gmA_gm_emad,0.014003048296232884
lcbd_freq_unified,topo_tpi,0.01207818475134385
lcbd_freq_unified,lvl3_green,0.012016469240148727
lcbd_freq_unified,gmA_gm_bcmad,0.011567837437913026
lcbd_freq_unified,gmA_gm_band_green,0.011410839929938094
lcbd_freq_unified,lvl3_swir1,0.011108824534292686
lcbd_freq_unified,lvl3_blue,0.011000929807540338
lcbd_freq_unified,topo_slope,0.010523783484946012
lcbd_freq_unified,topo_tri,0.010312998824376135
lcbd_freq_unified,gmA_gm_band_blue,0.01030093552639336
lcbd_freq_unified,topo_northness,0.010026313475940674
lcbd_freq_unified,topo_eastness,0.010001103529746909
lcbd_freq_unified,topo_heat_load,0.009040096776970628
lcbd_freq_unified,topo_curvature,0.008721504993819948
lcbd_freq_unified,tex3_nir_contrast,0.008417102701169724
lcbd_freq_unified,lvl3_nir,0.007484288701873674
lcbd_freq_unified,tex3_nir_variance,0.007207340538783647
lcbd_freq_unified,gmA_gm_band_nir,0.0070475436673851245
lcbd_freq_unified,gmA_gm_band_swir1,0.006954428334059015
lcbd_freq_unified,tex3_nir_idm,0.006701910698748479
lcbd_freq_unified,tex3_green_correlation,0.006088070335077143
lcbd_freq_unified,tex3_red_correlation,0.005842452260635976
lcbd_freq_unified,tex3_blue_correlation,0.005827766749321906
lcbd_freq_unified,tex3_swir2_correlation,0.0057975758697044995
lcbd_freq_unified,tex3_swir1_idm,0.005634136126928943
lcbd_freq_unified,tex3_swir1_correlation,0.005254617664509755
lcbd_freq_unified,tex3_nir_correlation,0.005211477089057786
lcbd_freq_unified,tex3_swir2_idm,0.004924658473899156
lcbd_freq_unified,tex3_swir1_asm,0.004508192266199292
lcbd_freq_unified,tex3_swir1_entropy,0.004507147549786693
lcbd_freq_unified,tex3_swir1_contrast,0.004490903886315236
lcbd_freq_unified,tex3_swir1_variance,0.004477301180912681
lcbd_freq_unified,tex3_nir_entropy,0.004457658420079328
lcbd_freq_unified,tex3_swir2_contrast,0.004136325200372278
lcbd_freq_unified,tex3_swir2_asm,0.004132887323776933
lcbd_freq_unified,tex3_nir_asm,0.004097764587219508
lcbd_freq_unified,tex3_green_asm,0.004052926283024896
lcbd_freq_unified,tex3_swir2_variance,0.004008336272802537
lcbd_freq_unified,tex3_swir2_entropy,0.0037240684151075357
lcbd_freq_unified,tex3_green_entropy,0.003643190881362051
lcbd_freq_unified,tex3_blue_asm,0.0035788766930119663
lcbd_freq_unified,tex3_red_idm,0.0033922690239538366
lcbd_freq_unified,tex3_green_idm,0.0033902080372301352
lcbd_freq_unified,tex3_blue_idm,0.003370407141682144
lcbd_freq_unified,tex3_blue_variance,0.0032725511609338954
lcbd_freq_unified,tex3_blue_contrast,0.003206544148958815
lcbd_freq_unified,tex3_red_asm,0.003174824747145335
lcbd_freq_unified,tex3_green_contrast,0.0031378022276344515
lcbd_freq_unified,tex3_blue_entropy,0.0031208567308239135
lcbd_freq_unified,tex3_red_entropy,0.0030541955939183242
lcbd_freq_unified,tex3_green_variance,0.002973726629726222
lcbd_freq_unified,tex3_red_contrast,0.002957554343312634
lcbd_freq_unified,tex3_red_variance,0.002783453588675804
lcbd_freq_unified,tex3_red_correlation_isna,4.5693512645656446e-05
lcbd_freq_unified,tex3_blue_correlation_isna,4.08307555404285e-05
lcbd_freq_unified,tex3_swir2_correlation_isna,2.5205670177454486e-05
lcbd_freq_unified,tex3_green_correlation_isna,1.4421561616952198e-05
lcbd_freq_unified,tex3_swir1_correlation_isna,9.194354653205636e-06
lcbd_freq_unified,tex3_nir_correlation_isna,7.045887905170347e-06
lcbd_freq_unified,topo_heat_load_isna,5.652631011613062e-06
lcbd_freq_unified,topo_northness_isna,4.14971862494371e-06
lcbd_freq_unified,topo_topo_flat,1.4418822919687407e-06
lcbd_freq_unified,topo_eastness_isna,2.5039422567267866e-07
lcbd_freq_unified,area_stratum_basal,0.0
lcbd_freq_unified,area_stratum_presence,0.0
lcbd_freq_unified,gmA_gm_band_blue_isna,0.0
lcbd_freq_unified,gmA_gm_band_green_isna,0.0
lcbd_freq_unified,gmA_gm_band_nir_isna,0.0
lcbd_freq_unified,gmA_gm_band_red_isna,0.0
lcbd_freq_unified,gmA_gm_band_swir1_isna,0.0
lcbd_freq_unified,gmA_gm_band_swir2_isna,0.0
lcbd_freq_unified,gmA_gm_bcmad_isna,0.0
lcbd_freq_unified,gmA_gm_emad_isna,0.0
lcbd_freq_unified,gmA_gm_evi_isna,0.0
lcbd_freq_unified,gmA_gm_kndvi_isna,0.0
lcbd_freq_unified,gmA_gm_nbr_isna,0.0
lcbd_freq_unified,gmA_gm_ndvi_isna,0.0
lcbd_freq_unified,gmA_gm_savi_isna,0.0
lcbd_freq_unified,gmA_gm_smad_isna,0.0
lcbd_freq_unified,lvl3_blue_isna,0.0
lcbd_freq_unified,lvl3_green_isna,0.0
lcbd_freq_unified,lvl3_nir_isna,0.0
lcbd_freq_unified,lvl3_red_isna,0.0
lcbd_freq_unified,lvl3_swir1_isna,0.0
lcbd_freq_unified,lvl3_swir2_isna,0.0
lcbd_freq_unified,tex3_blue_asm_isna,0.0
lcbd_freq_unified,tex3_blue_contrast_isna,0.0
lcbd_freq_unified,tex3_blue_entropy_isna,0.0
lcbd_freq_unified,tex3_blue_idm_isna,0.0
lcbd_freq_unified,tex3_blue_variance_isna,0.0
lcbd_freq_unified,tex3_green_asm_isna,0.0
lcbd_freq_unified,tex3_green_contrast_isna,0.0
lcbd_freq_unified,tex3_green_entropy_isna,0.0
lcbd_freq_unified,tex3_green_idm_isna,0.0
lcbd_freq_unified,tex3_green_variance_isna,0.0
lcbd_freq_unified,tex3_nir_asm_isna,0.0
lcbd_freq_unified,tex3_nir_contrast_isna,0.0
lcbd_freq_unified,tex3_nir_entropy_isna,0.0
lcbd_freq_unified,tex3_nir_idm_isna,0.0
lcbd_freq_unified,tex3_nir_variance_isna,0.0
lcbd_freq_unified,tex3_red_asm_isna,0.0
lcbd_freq_unified,tex3_red_contrast_isna,0.0
lcbd_freq_unified,tex3_red_entropy_isna,0.0
lcbd_freq_unified,tex3_red_idm_isna,0.0
lcbd_freq_unified,tex3_red_variance_isna,0.0
lcbd_freq_unified,tex3_swir1_asm_isna,0.0
lcbd_freq_unified,tex3_swir1_contrast_isna,0.0
lcbd_freq_unified,tex3_swir1_entropy_isna,0.0
lcbd_freq_unified,tex3_swir1_idm_isna,0.0
lcbd_freq_unified,tex3_swir1_variance_isna,0.0
lcbd_freq_unified,tex3_swir2_asm_isna,0.0
lcbd_freq_unified,tex3_swir2_contrast_isna,0.0
lcbd_freq_unified,tex3_swir2_entropy_isna,0.0
lcbd_freq_unified,tex3_swir2_idm_isna,0.0
lcbd_freq_unified,tex3_swir2_variance_isna,0.0
lcbd_pa_unified,gmA_gm_kndvi,0.13960107038824437
lcbd_pa_unified,gmA_gm_ndvi,0.11813388814174382
lcbd_pa_unified,gmA_gm_nbr,0.06731850639749826
lcbd_pa_unified,topo_elevation,0.05200775897090815
lcbd_pa_unified,gmA_gm_evi,0.04587422699847983
lcbd_pa_unified,area_log10,0.04386297027086444
lcbd_pa_unified,gmA_gm_savi,0.03878098874837168
lcbd_pa_unified,gmA_gm_smad,0.026559664907128255
lcbd_pa_unified,lvl3_red,0.024770035545936146
lcbd_pa_unified,area_stratum_counts,0.02263481904335345
lcbd_pa_unified,gmA_gm_band_red,0.020921521499349678
lcbd_pa_unified,lvl3_blue,0.01799057610668488
lcbd_pa_unified,lvl3_swir2,0.01672815768879101
lcbd_pa_unified,gmA_gm_band_blue,0.015092215715393261
lcbd_pa_unified,gmA_gm_emad,0.014558066105371411
lcbd_pa_unified,gmA_gm_band_swir2,0.014471947707270954
lcbd_pa_unified,lvl3_swir1,0.012462704822719769
lcbd_pa_unified,topo_tri,0.012108986679069803
lcbd_pa_unified,topo_slope,0.011813694613976142
lcbd_pa_unified,gmA_gm_bcmad,0.011508664672976048
lcbd_pa_unified,topo_eastness,0.010494712875238949
lcbd_pa_unified,lvl3_green,0.010473938587186368
lcbd_pa_unified,gmA_gm_band_green,0.009818234532563985
lcbd_pa_unified,topo_northness,0.009577778292998
lcbd_pa_unified,topo_tpi,0.009373729129350509
lcbd_pa_unified,topo_heat_load,0.009199598960570158
lcbd_pa_unified,topo_curvature,0.008513977067858846
lcbd_pa_unified,tex3_nir_variance,0.007717296043260498
lcbd_pa_unified,tex3_nir_contrast,0.007694069901510528
lcbd_pa_unified,tex3_nir_correlation,0.007563041301761513
lcbd_pa_unified,gmA_gm_band_swir1,0.007283674404157042
lcbd_pa_unified,tex3_nir_idm,0.0071682558099894446
lcbd_pa_unified,lvl3_nir,0.007019723279549736
lcbd_pa_unified,gmA_gm_band_nir,0.006987040520743832
lcbd_pa_unified,tex3_blue_correlation,0.006738693693306391
lcbd_pa_unified,tex3_blue_entropy,0.006726822245213458
lcbd_pa_unified,tex3_swir2_correlation,0.006554265023967737
lcbd_pa_unified,tex3_swir1_correlation,0.006224033878506882
lcbd_pa_unified,tex3_green_correlation,0.0060427312720296115
lcbd_pa_unified,tex3_nir_asm,0.005227768244450605
lcbd_pa_unified,tex3_blue_variance,0.005173747162335147
lcbd_pa_unified,tex3_nir_entropy,0.005146178804712289
lcbd_pa_unified,tex3_swir1_idm,0.0050743529293667995
lcbd_pa_unified,tex3_red_correlation,0.005017460109066472
lcbd_pa_unified,tex3_swir1_asm,0.004952506099255137
lcbd_pa_unified,tex3_swir1_entropy,0.004838410378401139
lcbd_pa_unified,tex3_red_contrast,0.004710419368672721
lcbd_pa_unified,tex3_blue_idm,0.004682383374287
lcbd_pa_unified,tex3_green_entropy,0.004622375067558424
lcbd_pa_unified,tex3_swir1_variance,0.004608582108801717
lcbd_pa_unified,tex3_swir2_idm,0.004541410495276265
lcbd_pa_unified,tex3_red_idm,0.004507845422959575
lcbd_pa_unified,tex3_blue_asm,0.004486424198808892
lcbd_pa_unified,tex3_swir1_contrast,0.004452785120737805
lcbd_pa_unified,tex3_green_asm,0.004398446439351211
lcbd_pa_unified,tex3_swir2_variance,0.004283992158705082
lcbd_pa_unified,tex3_swir2_contrast,0.004186235257279178
lcbd_pa_unified,tex3_green_variance,0.004152803321541562
lcbd_pa_unified,tex3_red_variance,0.004100668657709244
lcbd_pa_unified,tex3_red_entropy,0.004080119520635072
lcbd_pa_unified,tex3_red_asm,0.003947046617041964
lcbd_pa_unified,tex3_blue_contrast,0.003921549329270749
lcbd_pa_unified,tex3_swir2_entropy,0.003858513585912683
lcbd_pa_unified,tex3_green_idm,0.003821670416995595
lcbd_pa_unified,tex3_swir2_asm,0.0037365296399926354
lcbd_pa_unified,tex3_green_contrast,0.003650637838077786
lcbd_pa_unified,area_stratum_presence,0.0012418806144023334
lcbd_pa_unified,tex3_red_correlation_isna,8.176135771719205e-05
lcbd_pa_unified,tex3_blue_correlation_isna,5.368699973860729e-05
lcbd_pa_unified,tex3_green_correlation_isna,3.478241564349237e-05
lcbd_pa_unified,tex3_swir2_correlation_isna,2.1328233106998673e-05
lcbd_pa_unified,topo_heat_load_isna,4.2346683198779906e-06
lcbd_pa_unified,tex3_nir_correlation_isna,3.7663283134989612e-06
lcbd_pa_unified,area_stratum_basal,2.6577061576606063e-06
lcbd_pa_unified,topo_eastness_isna,2.0890547164659766e-06
lcbd_pa_unified,tex3_swir1_correlation_isna,8.691107862066747e-07
lcbd_pa_unified,gmA_gm_band_blue_isna,0.0
lcbd_pa_unified,gmA_gm_band_green_isna,0.0
lcbd_pa_unified,gmA_gm_band_nir_isna,0.0
lcbd_pa_unified,gmA_gm_band_red_isna,0.0
lcbd_pa_unified,gmA_gm_band_swir1_isna,0.0
lcbd_pa_unified,gmA_gm_band_swir2_isna,0.0
lcbd_pa_unified,gmA_gm_bcmad_isna,0.0
lcbd_pa_unified,gmA_gm_emad_isna,0.0
lcbd_pa_unified,gmA_gm_evi_isna,0.0
lcbd_pa_unified,gmA_gm_kndvi_isna,0.0
lcbd_pa_unified,gmA_gm_nbr_isna,0.0
lcbd_pa_unified,gmA_gm_ndvi_isna,0.0
lcbd_pa_unified,gmA_gm_savi_isna,0.0
lcbd_pa_unified,gmA_gm_smad_isna,0.0
lcbd_pa_unified,lvl3_blue_isna,0.0
lcbd_pa_unified,lvl3_green_isna,0.0
lcbd_pa_unified,lvl3_nir_isna,0.0
lcbd_pa_unified,lvl3_red_isna,0.0
lcbd_pa_unified,lvl3_swir1_isna,0.0
lcbd_pa_unified,lvl3_swir2_isna,0.0
lcbd_pa_unified,tex3_blue_asm_isna,0.0
lcbd_pa_unified,tex3_blue_contrast_isna,0.0
lcbd_pa_unified,tex3_blue_entropy_isna,0.0
lcbd_pa_unified,tex3_blue_idm_isna,0.0
lcbd_pa_unified,tex3_blue_variance_isna,0.0
lcbd_pa_unified,tex3_green_asm_isna,0.0
lcbd_pa_unified,tex3_green_contrast_isna,0.0
lcbd_pa_unified,tex3_green_entropy_isna,0.0
lcbd_pa_unified,tex3_green_idm_isna,0.0
lcbd_pa_unified,tex3_green_variance_isna,0.0
lcbd_pa_unified,tex3_nir_asm_isna,0.0
lcbd_pa_unified,tex3_nir_contrast_isna,0.0
lcbd_pa_unified,tex3_nir_entropy_isna,0.0
lcbd_pa_unified,tex3_nir_idm_isna,0.0
lcbd_pa_unified,tex3_nir_variance_isna,0.0
lcbd_pa_unified,tex3_red_asm_isna,0.0
lcbd_pa_unified,tex3_red_contrast_isna,0.0
lcbd_pa_unified,tex3_red_entropy_isna,0.0
lcbd_pa_unified,tex3_red_idm_isna,0.0
lcbd_pa_unified,tex3_red_variance_isna,0.0
lcbd_pa_unified,tex3_swir1_asm_isna,0.0
lcbd_pa_unified,tex3_swir1_contrast_isna,0.0
lcbd_pa_unified,tex3_swir1_entropy_isna,0.0
lcbd_pa_unified,tex3_swir1_idm_isna,0.0
lcbd_pa_unified,tex3_swir1_variance_isna,0.0
lcbd_pa_unified,tex3_swir2_asm_isna,0.0
lcbd_pa_unified,tex3_swir2_contrast_isna,0.0
lcbd_pa_unified,tex3_swir2_entropy_isna,0.0
lcbd_pa_unified,tex3_swir2_idm_isna,0.0
lcbd_pa_unified,tex3_swir2_variance_isna,0.0
lcbd_pa_unified,topo_northness_isna,0.0
lcbd_pa_unified,topo_topo_flat,0.0
mntd_unified,topo_elevation,0.044765217913973976
mntd_unified,gmA_gm_evi,0.04181612489977935
mntd_unified,gmA_gm_nbr,0.0380968998157095
mntd_unified,gmA_gm_savi,0.03640701937030903
mntd_unified,area_log10,0.02678819860423016
mntd_unified,gmA_gm_kndvi,0.02665239803630947
mntd_unified,lvl3_blue,0.02653811749078166
mntd_unified,topo_eastness,0.026527082128794104
mntd_unified,gmA_gm_emad,0.026140654196000607
mntd_unified,area_stratum_basal,0.0255662044163806
mntd_unified,gmA_gm_ndvi,0.024974432708028026
mntd_unified,gmA_gm_bcmad,0.022884947732062618
mntd_unified,topo_curvature,0.021780352655378473
mntd_unified,topo_northness,0.021497781111865854
mntd_unified,topo_heat_load,0.02071651507618664
mntd_unified,topo_tpi,0.020284462952653206
mntd_unified,gmA_gm_band_blue,0.019263485065345802
mntd_unified,tex3_nir_idm,0.017625674515563156
mntd_unified,tex3_nir_correlation,0.01628944706601112
mntd_unified,topo_tri,0.01536243776442008
mntd_unified,topo_slope,0.014663849668926953
mntd_unified,gmA_gm_smad,0.014652321234536386
mntd_unified,gmA_gm_band_nir,0.014239215958134585
mntd_unified,gmA_gm_band_swir2,0.014109867378990754
mntd_unified,lvl3_nir,0.014056648954095969
mntd_unified,lvl3_green,0.014024638877486863
mntd_unified,tex3_nir_variance,0.013994335705538319
mntd_unified,tex3_blue_correlation,0.013711766764363063
mntd_unified,lvl3_swir2,0.013483631186688197
mntd_unified,lvl3_red,0.013418055708313236
mntd_unified,tex3_nir_asm,0.013349728593380017
mntd_unified,tex3_swir2_correlation,0.013347912561811786
mntd_unified,tex3_nir_entropy,0.013266197880038817
mntd_unified,tex3_nir_contrast,0.013163283932625277
mntd_unified,gmA_gm_band_swir1,0.01263823480235612
mntd_unified,tex3_green_correlation,0.012506522964587971
mntd_unified,tex3_swir1_correlation,0.012479300401544732
mntd_unified,tex3_red_correlation,0.012418125256661645
mntd_unified,lvl3_swir1,0.012236141890403649
mntd_unified,gmA_gm_band_red,0.011083852326430822
mntd_unified,gmA_gm_band_green,0.010806904593190047
mntd_unified,tex3_swir1_asm,0.009824807637434962
mntd_unified,tex3_blue_asm,0.009451138557871844
mntd_unified,tex3_green_idm,0.009185688407622765
mntd_unified,tex3_swir1_variance,0.009167260740021438
mntd_unified,tex3_swir1_idm,0.00916036019402518
mntd_unified,tex3_blue_variance,0.009101832326754886
mntd_unified,tex3_swir1_entropy,0.009013483520179978
mntd_unified,tex3_blue_entropy,0.008371923005529098
mntd_unified,tex3_green_variance,0.008177422041581266
mntd_unified,tex3_swir1_contrast,0.00817159606920307
mntd_unified,tex3_blue_contrast,0.008099019488480668
mntd_unified,tex3_blue_idm,0.008049909528172208
mntd_unified,tex3_green_asm,0.007738506908180759
mntd_unified,tex3_red_idm,0.00767502878857754
mntd_unified,tex3_red_entropy,0.0075861837035681445
mntd_unified,tex3_green_entropy,0.007580354636539553
mntd_unified,tex3_red_variance,0.0075117559708847564
mntd_unified,tex3_swir2_variance,0.007458922069486193
mntd_unified,tex3_red_asm,0.007367624721243353
mntd_unified,tex3_red_contrast,0.0072523973381188505
mntd_unified,tex3_swir2_asm,0.0071404582398101905
mntd_unified,tex3_swir2_idm,0.006563659731918624
mntd_unified,tex3_green_contrast,0.006547778020448256
mntd_unified,tex3_swir2_contrast,0.006381675441566981
mntd_unified,tex3_swir2_entropy,0.006352529443185401
mntd_unified,area_stratum_counts,0.002092240707808702
mntd_unified,tex3_red_correlation_isna,0.0004613629364590151
mntd_unified,area_stratum_presence,0.00040474781700872777
mntd_unified,tex3_blue_correlation_isna,0.0002780207999868654
mntd_unified,tex3_swir2_correlation_isna,0.00011151541305856579
mntd_unified,tex3_green_correlation_isna,6.446027903813411e-05
mntd_unified,tex3_nir_correlation_isna,1.7568257204027474e-05
mntd_unified,tex3_swir1_correlation_isna,1.0777099141389765e-05
mntd_unified,gmA_gm_band_blue_isna,0.0
mntd_unified,gmA_gm_band_green_isna,0.0
mntd_unified,gmA_gm_band_nir_isna,0.0
mntd_unified,gmA_gm_band_red_isna,0.0
mntd_unified,gmA_gm_band_swir1_isna,0.0
mntd_unified,gmA_gm_band_swir2_isna,0.0
mntd_unified,gmA_gm_bcmad_isna,0.0
mntd_unified,gmA_gm_emad_isna,0.0
mntd_unified,gmA_gm_evi_isna,0.0
mntd_unified,gmA_gm_kndvi_isna,0.0
mntd_unified,gmA_gm_nbr_isna,0.0
mntd_unified,gmA_gm_ndvi_isna,0.0
mntd_unified,gmA_gm_savi_isna,0.0
mntd_unified,gmA_gm_smad_isna,0.0
mntd_unified,lvl3_blue_isna,0.0
mntd_unified,lvl3_green_isna,0.0
mntd_unified,lvl3_nir_isna,0.0
mntd_unified,lvl3_red_isna,0.0
mntd_unified,lvl3_swir1_isna,0.0
mntd_unified,lvl3_swir2_isna,0.0
mntd_unified,tex3_blue_asm_isna,0.0
mntd_unified,tex3_blue_contrast_isna,0.0
mntd_unified,tex3_blue_entropy_isna,0.0
mntd_unified,tex3_blue_idm_isna,0.0
mntd_unified,tex3_blue_variance_isna,0.0
mntd_unified,tex3_green_asm_isna,0.0
mntd_unified,tex3_green_contrast_isna,0.0
mntd_unified,tex3_green_entropy_isna,0.0
mntd_unified,tex3_green_idm_isna,0.0
mntd_unified,tex3_green_variance_isna,0.0
mntd_unified,tex3_nir_asm_isna,0.0
mntd_unified,tex3_nir_contrast_isna,0.0
mntd_unified,tex3_nir_entropy_isna,0.0
mntd_unified,tex3_nir_idm_isna,0.0
mntd_unified,tex3_nir_variance_isna,0.0
mntd_unified,tex3_red_asm_isna,0.0
mntd_unified,tex3_red_contrast_isna,0.0
mntd_unified,tex3_red_entropy_isna,0.0
mntd_unified,tex3_red_idm_isna,0.0
mntd_unified,tex3_red_variance_isna,0.0
mntd_unified,tex3_swir1_asm_isna,0.0
mntd_unified,tex3_swir1_contrast_isna,0.0
mntd_unified,tex3_swir1_entropy_isna,0.0
mntd_unified,tex3_swir1_idm_isna,0.0
mntd_unified,tex3_swir1_variance_isna,0.0
mntd_unified,tex3_swir2_asm_isna,0.0
mntd_unified,tex3_swir2_contrast_isna,0.0
mntd_unified,tex3_swir2_entropy_isna,0.0
mntd_unified,tex3_swir2_idm_isna,0.0
mntd_unified,tex3_swir2_variance_isna,0.0
mntd_unified,topo_eastness_isna,0.0
mntd_unified,topo_heat_load_isna,0.0
mntd_unified,topo_northness_isna,0.0
mntd_unified,topo_topo_flat,0.0
mpd_unified,lvl3_blue,0.05278598482272352
mpd_unified,topo_elevation,0.04761726052343249
mpd_unified,gmA_gm_band_blue,0.033966900658363365
mpd_unified,gmA_gm_nbr,0.03348865105386572
mpd_unified,gmA_gm_kndvi,0.02997558580256427
mpd_unified,lvl3_green,0.028418730533562676
mpd_unified,topo_eastness,0.027309534852539306
mpd_unified,gmA_gm_ndvi,0.027267517104368994
mpd_unified,gmA_gm_emad,0.02704515934941365
mpd_unified,gmA_gm_bcmad,0.025746664714178514
mpd_unified,gmA_gm_band_green,0.022861375924104966
mpd_unified,gmA_gm_savi,0.021587048415409375
mpd_unified,gmA_gm_smad,0.021560231943100108
mpd_unified,lvl3_red,0.021388937236435947
mpd_unified,tex3_swir2_correlation,0.021167196766010164
mpd_unified,gmA_gm_evi,0.02083097343102599
mpd_unified,gmA_gm_band_red,0.019061634058259117
mpd_unified,topo_curvature,0.01899361678099697
mpd_unified,topo_northness,0.01840731150020263
mpd_unified,gmA_gm_band_swir2,0.01822414396818679
mpd_unified,lvl3_swir1,0.017624742993377206
mpd_unified,topo_heat_load,0.017291736561577058
mpd_unified,lvl3_swir2,0.016696678936897188
mpd_unified,lvl3_nir,0.01588419352114046
mpd_unified,topo_tpi,0.015428425594224327
mpd_unified,gmA_gm_band_swir1,0.015284684003144575
mpd_unified,tex3_blue_correlation,0.015112958799608528
mpd_unified,tex3_swir1_correlation,0.01500364496523728
mpd_unified,tex3_nir_correlation,0.013757815965751128
mpd_unified,topo_tri,0.013535678664241744
mpd_unified,gmA_gm_band_nir,0.012753154053827062
mpd_unified,topo_slope,0.012089694824342634
mpd_unified,tex3_red_correlation,0.011947852553127376
mpd_unified,tex3_green_correlation,0.011414522035543512
mpd_unified,tex3_nir_variance,0.01031307556232077
mpd_unified,tex3_swir1_asm,0.010097052696549777
mpd_unified,tex3_nir_contrast,0.010074729748613344
mpd_unified,tex3_swir2_variance,0.009797714306181041
mpd_unified,area_log10,0.009698756158204291
mpd_unified,tex3_blue_contrast,0.009478230809977988
mpd_unified,tex3_nir_idm,0.009468445434579958
mpd_unified,tex3_green_variance,0.009210981078931289
mpd_unified,tex3_swir1_variance,0.008992789627666083
mpd_unified,tex3_nir_entropy,0.008961049344171773
mpd_unified,tex3_green_asm,0.00884581599383028
mpd_unified,tex3_nir_asm,0.008672386982540945
mpd_unified,tex3_blue_idm,0.00861426382257204
mpd_unified,tex3_swir1_idm,0.008480518721024805
mpd_unified,tex3_swir1_entropy,0.008428289694911873
mpd_unified,tex3_green_idm,0.008266917364890628
mpd_unified,tex3_blue_asm,0.008225471721218397
mpd_unified,tex3_swir1_contrast,0.008218181047232613
mpd_unified,tex3_green_contrast,0.00806875585460766
mpd_unified,tex3_swir2_entropy,0.008040751385973188
mpd_unified,tex3_green_entropy,0.00761394796889484
mpd_unified,tex3_blue_variance,0.007392364253459016
mpd_unified,tex3_swir2_asm,0.007241208934858296
mpd_unified,tex3_red_entropy,0.007060110815231138
mpd_unified,tex3_swir2_contrast,0.006879702598216503
mpd_unified,tex3_red_asm,0.0068401339126933376
mpd_unified,tex3_blue_entropy,0.006745846982966425
mpd_unified,tex3_red_variance,0.006206162824389126
mpd_unified,tex3_swir2_idm,0.006057173173318537
mpd_unified,tex3_red_idm,0.005875475928524769
mpd_unified,tex3_red_contrast,0.005292095613411196
mpd_unified,area_stratum_basal,0.0017548946740604538
mpd_unified,area_stratum_presence,0.001227568407991681
mpd_unified,area_stratum_counts,0.0012048733160759633
mpd_unified,tex3_green_correlation_isna,0.0003855879881805376
mpd_unified,tex3_blue_correlation_isna,0.00033239644675664025
mpd_unified,tex3_red_correlation_isna,0.00020403354526429677
mpd_unified,tex3_swir2_correlation_isna,0.00011888551562900279
mpd_unified,tex3_swir1_correlation_isna,7.210503606740782e-05
mpd_unified,tex3_nir_correlation_isna,1.1008886120340121e-05
mpd_unified,topo_northness_isna,2.9111071515644118e-09
mpd_unified,gmA_gm_band_blue_isna,0.0
mpd_unified,gmA_gm_band_green_isna,0.0
mpd_unified,gmA_gm_band_nir_isna,0.0
mpd_unified,gmA_gm_band_red_isna,0.0
mpd_unified,gmA_gm_band_swir1_isna,0.0
mpd_unified,gmA_gm_band_swir2_isna,0.0
mpd_unified,gmA_gm_bcmad_isna,0.0
mpd_unified,gmA_gm_emad_isna,0.0
mpd_unified,gmA_gm_evi_isna,0.0
mpd_unified,gmA_gm_kndvi_isna,0.0
mpd_unified,gmA_gm_nbr_isna,0.0
mpd_unified,gmA_gm_ndvi_isna,0.0
mpd_unified,gmA_gm_savi_isna,0.0
mpd_unified,gmA_gm_smad_isna,0.0
mpd_unified,lvl3_blue_isna,0.0
mpd_unified,lvl3_green_isna,0.0
mpd_unified,lvl3_nir_isna,0.0
mpd_unified,lvl3_red_isna,0.0
mpd_unified,lvl3_swir1_isna,0.0
mpd_unified,lvl3_swir2_isna,0.0
mpd_unified,tex3_blue_asm_isna,0.0
mpd_unified,tex3_blue_contrast_isna,0.0
mpd_unified,tex3_blue_entropy_isna,0.0
mpd_unified,tex3_blue_idm_isna,0.0
mpd_unified,tex3_blue_variance_isna,0.0
mpd_unified,tex3_green_asm_isna,0.0
mpd_unified,tex3_green_contrast_isna,0.0
mpd_unified,tex3_green_entropy_isna,0.0
mpd_unified,tex3_green_idm_isna,0.0
mpd_unified,tex3_green_variance_isna,0.0
mpd_unified,tex3_nir_asm_isna,0.0
mpd_unified,tex3_nir_contrast_isna,0.0
mpd_unified,tex3_nir_entropy_isna,0.0
mpd_unified,tex3_nir_idm_isna,0.0
mpd_unified,tex3_nir_variance_isna,0.0
mpd_unified,tex3_red_asm_isna,0.0
mpd_unified,tex3_red_contrast_isna,0.0
mpd_unified,tex3_red_entropy_isna,0.0
mpd_unified,tex3_red_idm_isna,0.0
mpd_unified,tex3_red_variance_isna,0.0
mpd_unified,tex3_swir1_asm_isna,0.0
mpd_unified,tex3_swir1_contrast_isna,0.0
mpd_unified,tex3_swir1_entropy_isna,0.0
mpd_unified,tex3_swir1_idm_isna,0.0
mpd_unified,tex3_swir1_variance_isna,0.0
mpd_unified,tex3_swir2_asm_isna,0.0
mpd_unified,tex3_swir2_contrast_isna,0.0
mpd_unified,tex3_swir2_entropy_isna,0.0
mpd_unified,tex3_swir2_idm_isna,0.0
mpd_unified,tex3_swir2_variance_isna,0.0
mpd_unified,topo_eastness_isna,0.0
mpd_unified,topo_heat_load_isna,0.0
mpd_unified,topo_topo_flat,0.0
pcoa1_freq_unified,gmA_gm_kndvi,0.12735901413929124
pcoa1_freq_unified,gmA_gm_ndvi,0.12108224991842524
pcoa1_freq_unified,gmA_gm_nbr,0.10378862146837316
pcoa1_freq_unified,lvl3_red,0.0722440281064336
pcoa1_freq_unified,gmA_gm_band_red,0.055636135264907516
pcoa1_freq_unified,topo_elevation,0.03311408792520361
pcoa1_freq_unified,lvl3_swir2,0.02643817229101883
pcoa1_freq_unified,area_log10,0.025869538646253153
pcoa1_freq_unified,gmA_gm_band_swir2,0.024738469559658936
pcoa1_freq_unified,gmA_gm_evi,0.02352390208322661
pcoa1_freq_unified,gmA_gm_smad,0.022705369531296492
pcoa1_freq_unified,lvl3_green,0.02083415530298317
pcoa1_freq_unified,gmA_gm_savi,0.019979186899076705
pcoa1_freq_unified,gmA_gm_band_green,0.01846408060932677
pcoa1_freq_unified,area_stratum_counts,0.018137511212326173
pcoa1_freq_unified,lvl3_blue,0.016886559105598102
pcoa1_freq_unified,gmA_gm_band_blue,0.013605925436659259
pcoa1_freq_unified,gmA_gm_emad,0.012013614535483488
pcoa1_freq_unified,gmA_gm_bcmad,0.011243576217525291
pcoa1_freq_unified,topo_tpi,0.009733985956227641
pcoa1_freq_unified,topo_slope,0.009626812925249324
pcoa1_freq_unified,lvl3_swir1,0.009315920231971284
pcoa1_freq_unified,topo_tri,0.009253427101409648
pcoa1_freq_unified,topo_eastness,0.008887630707815493
pcoa1_freq_unified,topo_northness,0.008869221039112607
pcoa1_freq_unified,topo_heat_load,0.008109802812236735
pcoa1_freq_unified,lvl3_nir,0.006937203998680209
pcoa1_freq_unified,topo_curvature,0.0068239583106128555
pcoa1_freq_unified,gmA_gm_band_nir,0.006752681085053851
pcoa1_freq_unified,gmA_gm_band_swir1,0.006421063472971012
pcoa1_freq_unified,tex3_nir_idm,0.005950365820706046
pcoa1_freq_unified,tex3_nir_contrast,0.005519842032408564
pcoa1_freq_unified,tex3_blue_correlation,0.005511333476329363
pcoa1_freq_unified,tex3_swir1_idm,0.005390642179445135
pcoa1_freq_unified,tex3_swir2_idm,0.005357887194681442
pcoa1_freq_unified,tex3_swir2_correlation,0.00522617030897174
pcoa1_freq_unified,tex3_nir_variance,0.00520041477754297
pcoa1_freq_unified,tex3_red_correlation,0.005111740617532634
pcoa1_freq_unified,tex3_nir_correlation,0.004792660160905011
pcoa1_freq_unified,tex3_green_correlation,0.0047740561362497515
pcoa1_freq_unified,tex3_swir1_correlation,0.004581177831114039
pcoa1_freq_unified,tex3_swir2_asm,0.004396182574099213
pcoa1_freq_unified,tex3_nir_entropy,0.00394916178040738
pcoa1_freq_unified,tex3_nir_asm,0.003942351969884546
pcoa1_freq_unified,tex3_swir1_entropy,0.0038996780127521597
pcoa1_freq_unified,tex3_swir1_asm,0.003870245874569617
pcoa1_freq_unified,tex3_swir1_variance,0.0038144680475172914
pcoa1_freq_unified,tex3_swir2_variance,0.003783095379551281
pcoa1_freq_unified,tex3_swir1_contrast,0.0037768082034973774
pcoa1_freq_unified,tex3_swir2_contrast,0.0037318637053618334
pcoa1_freq_unified,tex3_swir2_entropy,0.0037302907931351026
pcoa1_freq_unified,tex3_green_asm,0.0036073785882972413
pcoa1_freq_unified,tex3_blue_idm,0.003494608960936404
pcoa1_freq_unified,tex3_green_entropy,0.003336627085764922
pcoa1_freq_unified,tex3_red_idm,0.0031430195100684726
pcoa1_freq_unified,tex3_blue_asm,0.003128691760165373
pcoa1_freq_unified,tex3_green_idm,0.003103677854341972
pcoa1_freq_unified,tex3_blue_contrast,0.0030541589065480315
pcoa1_freq_unified,tex3_green_variance,0.003044914042843401
pcoa1_freq_unified,tex3_blue_variance,0.0029620852087777327
pcoa1_freq_unified,tex3_red_asm,0.0029030767125795298
pcoa1_freq_unified,tex3_green_contrast,0.002837503825142211
pcoa1_freq_unified,tex3_red_entropy,0.0027901029310744736
pcoa1_freq_unified,tex3_blue_entropy,0.0027673371820243113
pcoa1_freq_unified,tex3_red_variance,0.0025691419061466456
pcoa1_freq_unified,tex3_red_contrast,0.0024197238419945933
pcoa1_freq_unified,tex3_swir2_correlation_isna,3.8052470543475665e-05
pcoa1_freq_unified,tex3_red_correlation_isna,2.9937174565768062e-05
pcoa1_freq_unified,tex3_blue_correlation_isna,2.6970114715913737e-05
pcoa1_freq_unified,tex3_green_correlation_isna,2.4108338772530103e-05
pcoa1_freq_unified,topo_eastness_isna,3.4999157388286196e-06
pcoa1_freq_unified,tex3_nir_correlation_isna,3.458428836166661e-06
pcoa1_freq_unified,topo_heat_load_isna,1.8406169481911434e-06
pcoa1_freq_unified,topo_topo_flat,1.5484722183248654e-06
pcoa1_freq_unified,topo_northness_isna,1.2778429177514504e-06
pcoa1_freq_unified,tex3_swir1_correlation_isna,9.155369672534367e-07
pcoa1_freq_unified,area_stratum_basal,0.0
pcoa1_freq_unified,area_stratum_presence,0.0
pcoa1_freq_unified,gmA_gm_band_blue_isna,0.0
pcoa1_freq_unified,gmA_gm_band_green_isna,0.0
pcoa1_freq_unified,gmA_gm_band_nir_isna,0.0
pcoa1_freq_unified,gmA_gm_band_red_isna,0.0
pcoa1_freq_unified,gmA_gm_band_swir1_isna,0.0
pcoa1_freq_unified,gmA_gm_band_swir2_isna,0.0
pcoa1_freq_unified,gmA_gm_bcmad_isna,0.0
pcoa1_freq_unified,gmA_gm_emad_isna,0.0
pcoa1_freq_unified,gmA_gm_evi_isna,0.0
pcoa1_freq_unified,gmA_gm_kndvi_isna,0.0
pcoa1_freq_unified,gmA_gm_nbr_isna,0.0
pcoa1_freq_unified,gmA_gm_ndvi_isna,0.0
pcoa1_freq_unified,gmA_gm_savi_isna,0.0
pcoa1_freq_unified,gmA_gm_smad_isna,0.0
pcoa1_freq_unified,lvl3_blue_isna,0.0
pcoa1_freq_unified,lvl3_green_isna,0.0
pcoa1_freq_unified,lvl3_nir_isna,0.0
pcoa1_freq_unified,lvl3_red_isna,0.0
pcoa1_freq_unified,lvl3_swir1_isna,0.0
pcoa1_freq_unified,lvl3_swir2_isna,0.0
pcoa1_freq_unified,tex3_blue_asm_isna,0.0
pcoa1_freq_unified,tex3_blue_contrast_isna,0.0
pcoa1_freq_unified,tex3_blue_entropy_isna,0.0
pcoa1_freq_unified,tex3_blue_idm_isna,0.0
pcoa1_freq_unified,tex3_blue_variance_isna,0.0
pcoa1_freq_unified,tex3_green_asm_isna,0.0
pcoa1_freq_unified,tex3_green_contrast_isna,0.0
pcoa1_freq_unified,tex3_green_entropy_isna,0.0
pcoa1_freq_unified,tex3_green_idm_isna,0.0
pcoa1_freq_unified,tex3_green_variance_isna,0.0
pcoa1_freq_unified,tex3_nir_asm_isna,0.0
pcoa1_freq_unified,tex3_nir_contrast_isna,0.0
pcoa1_freq_unified,tex3_nir_entropy_isna,0.0
pcoa1_freq_unified,tex3_nir_idm_isna,0.0
pcoa1_freq_unified,tex3_nir_variance_isna,0.0
pcoa1_freq_unified,tex3_red_asm_isna,0.0
pcoa1_freq_unified,tex3_red_contrast_isna,0.0
pcoa1_freq_unified,tex3_red_entropy_isna,0.0
pcoa1_freq_unified,tex3_red_idm_isna,0.0
pcoa1_freq_unified,tex3_red_variance_isna,0.0
pcoa1_freq_unified,tex3_swir1_asm_isna,0.0
pcoa1_freq_unified,tex3_swir1_contrast_isna,0.0
pcoa1_freq_unified,tex3_swir1_entropy_isna,0.0
pcoa1_freq_unified,tex3_swir1_idm_isna,0.0
pcoa1_freq_unified,tex3_swir1_variance_isna,0.0
pcoa1_freq_unified,tex3_swir2_asm_isna,0.0
pcoa1_freq_unified,tex3_swir2_contrast_isna,0.0
pcoa1_freq_unified,tex3_swir2_entropy_isna,0.0
pcoa1_freq_unified,tex3_swir2_idm_isna,0.0
pcoa1_freq_unified,tex3_swir2_variance_isna,0.0
pcoa1_pa_unified,gmA_gm_kndvi,0.1369423941567363
pcoa1_pa_unified,gmA_gm_ndvi,0.1187007769754725
pcoa1_pa_unified,gmA_gm_nbr,0.0707511479721928
pcoa1_pa_unified,topo_elevation,0.05364267739777331
pcoa1_pa_unified,gmA_gm_evi,0.03675295494294425
pcoa1_pa_unified,lvl3_red,0.029447493618453936
pcoa1_pa_unified,gmA_gm_savi,0.02905084981938798
pcoa1_pa_unified,gmA_gm_smad,0.023815827072532172
pcoa1_pa_unified,gmA_gm_band_red,0.02111141638837184
pcoa1_pa_unified,area_log10,0.019653082673302704
pcoa1_pa_unified,area_stratum_counts,0.017593432464047105
pcoa1_pa_unified,lvl3_blue,0.016618052838347663
pcoa1_pa_unified,topo_slope,0.01548738019628736
pcoa1_pa_unified,lvl3_green,0.01529721492014117
pcoa1_pa_unified,gmA_gm_emad,0.015077426318898145
pcoa1_pa_unified,gmA_gm_band_swir2,0.014427894857489404
pcoa1_pa_unified,gmA_gm_band_green,0.014368245488780459
pcoa1_pa_unified,topo_tri,0.01429304397278722
pcoa1_pa_unified,lvl3_swir2,0.012945328685258942
pcoa1_pa_unified,gmA_gm_band_blue,0.012879309074603084
pcoa1_pa_unified,gmA_gm_bcmad,0.01253957896650581
pcoa1_pa_unified,lvl3_swir1,0.012261865584464345
pcoa1_pa_unified,topo_eastness,0.011861540316167245
pcoa1_pa_unified,topo_northness,0.01114341350485119
pcoa1_pa_unified,lvl3_nir,0.010030220457631838
pcoa1_pa_unified,topo_heat_load,0.009919156292936932
pcoa1_pa_unified,gmA_gm_band_swir1,0.00929473008748983
pcoa1_pa_unified,topo_tpi,0.009285320242181214
pcoa1_pa_unified,tex3_nir_variance,0.009154915891763003
pcoa1_pa_unified,gmA_gm_band_nir,0.008940633159376024
pcoa1_pa_unified,topo_curvature,0.008707355783194762
pcoa1_pa_unified,tex3_nir_contrast,0.008477040181126189
pcoa1_pa_unified,tex3_nir_correlation,0.008384748850394188
pcoa1_pa_unified,tex3_blue_correlation,0.008338474726017333
pcoa1_pa_unified,tex3_nir_idm,0.008273727484880347
pcoa1_pa_unified,tex3_swir2_correlation,0.00763043725880157
pcoa1_pa_unified,tex3_swir1_correlation,0.007335212093050792
pcoa1_pa_unified,tex3_green_correlation,0.00603031485852352
pcoa1_pa_unified,tex3_nir_entropy,0.00602871160398108
pcoa1_pa_unified,tex3_red_correlation,0.0059093643086710525
pcoa1_pa_unified,tex3_swir1_idm,0.005826872028799215
pcoa1_pa_unified,tex3_nir_asm,0.0058137354815963865
pcoa1_pa_unified,tex3_blue_entropy,0.005755885255414441
pcoa1_pa_unified,tex3_blue_contrast,0.005727350624459168
pcoa1_pa_unified,tex3_swir1_variance,0.005424073856497985
pcoa1_pa_unified,tex3_swir2_idm,0.005402974683624084
pcoa1_pa_unified,tex3_green_contrast,0.00536165377627597
pcoa1_pa_unified,tex3_swir1_entropy,0.005298369069603711
pcoa1_pa_unified,tex3_blue_idm,0.005265386389408248
pcoa1_pa_unified,tex3_swir1_asm,0.005235063108096922
pcoa1_pa_unified,tex3_green_variance,0.005163326914378382
pcoa1_pa_unified,tex3_red_idm,0.005103818455053914
pcoa1_pa_unified,tex3_green_entropy,0.004951127119931472
pcoa1_pa_unified,tex3_blue_variance,0.004948380393449374
pcoa1_pa_unified,tex3_green_idm,0.004900732593183965
pcoa1_pa_unified,tex3_swir1_contrast,0.0048959366134048495
pcoa1_pa_unified,tex3_blue_asm,0.004680015148606756
pcoa1_pa_unified,tex3_green_asm,0.004549481607463599
pcoa1_pa_unified,tex3_red_asm,0.004540256901828918
pcoa1_pa_unified,tex3_swir2_entropy,0.00450645000770151
pcoa1_pa_unified,tex3_swir2_variance,0.004447424482104396
pcoa1_pa_unified,tex3_red_entropy,0.004374044493697183
pcoa1_pa_unified,tex3_swir2_asm,0.004358794393954259
pcoa1_pa_unified,tex3_swir2_contrast,0.004251832909985851
pcoa1_pa_unified,tex3_red_contrast,0.004197462020005328
pcoa1_pa_unified,tex3_red_variance,0.004119213470120608
pcoa1_pa_unified,area_stratum_presence,0.0014691245717771498
pcoa1_pa_unified,area_stratum_basal,0.0008203562846636574
pcoa1_pa_unified,tex3_red_correlation_isna,8.110853625171496e-05
pcoa1_pa_unified,tex3_blue_correlation_isna,5.132264788297945e-05
pcoa1_pa_unified,tex3_green_correlation_isna,2.9578069134457792e-05
pcoa1_pa_unified,tex3_swir2_correlation_isna,2.2466156207704884e-05
pcoa1_pa_unified,tex3_nir_correlation_isna,2.038693187999837e-05
pcoa1_pa_unified,topo_eastness_isna,1.3954285533339785e-06
pcoa1_pa_unified,tex3_swir1_correlation_isna,1.0026100713919752e-06
pcoa1_pa_unified,topo_northness_isna,8.685515413450348e-07
pcoa1_pa_unified,topo_heat_load_isna,1.6927573151102304e-08
pcoa1_pa_unified,gmA_gm_band_blue_isna,0.0
pcoa1_pa_unified,gmA_gm_band_green_isna,0.0
pcoa1_pa_unified,gmA_gm_band_nir_isna,0.0
pcoa1_pa_unified,gmA_gm_band_red_isna,0.0
pcoa1_pa_unified,gmA_gm_band_swir1_isna,0.0
pcoa1_pa_unified,gmA_gm_band_swir2_isna,0.0
pcoa1_pa_unified,gmA_gm_bcmad_isna,0.0
pcoa1_pa_unified,gmA_gm_emad_isna,0.0
pcoa1_pa_unified,gmA_gm_evi_isna,0.0
pcoa1_pa_unified,gmA_gm_kndvi_isna,0.0
pcoa1_pa_unified,gmA_gm_nbr_isna,0.0
pcoa1_pa_unified,gmA_gm_ndvi_isna,0.0
pcoa1_pa_unified,gmA_gm_savi_isna,0.0
pcoa1_pa_unified,gmA_gm_smad_isna,0.0
pcoa1_pa_unified,lvl3_blue_isna,0.0
pcoa1_pa_unified,lvl3_green_isna,0.0
pcoa1_pa_unified,lvl3_nir_isna,0.0
pcoa1_pa_unified,lvl3_red_isna,0.0
pcoa1_pa_unified,lvl3_swir1_isna,0.0
pcoa1_pa_unified,lvl3_swir2_isna,0.0
pcoa1_pa_unified,tex3_blue_asm_isna,0.0
pcoa1_pa_unified,tex3_blue_contrast_isna,0.0
pcoa1_pa_unified,tex3_blue_entropy_isna,0.0
pcoa1_pa_unified,tex3_blue_idm_isna,0.0
pcoa1_pa_unified,tex3_blue_variance_isna,0.0
pcoa1_pa_unified,tex3_green_asm_isna,0.0
pcoa1_pa_unified,tex3_green_contrast_isna,0.0
pcoa1_pa_unified,tex3_green_entropy_isna,0.0
pcoa1_pa_unified,tex3_green_idm_isna,0.0
pcoa1_pa_unified,tex3_green_variance_isna,0.0
pcoa1_pa_unified,tex3_nir_asm_isna,0.0
pcoa1_pa_unified,tex3_nir_contrast_isna,0.0
pcoa1_pa_unified,tex3_nir_entropy_isna,0.0
pcoa1_pa_unified,tex3_nir_idm_isna,0.0
pcoa1_pa_unified,tex3_nir_variance_isna,0.0
pcoa1_pa_unified,tex3_red_asm_isna,0.0
pcoa1_pa_unified,tex3_red_contrast_isna,0.0
pcoa1_pa_unified,tex3_red_entropy_isna,0.0
pcoa1_pa_unified,tex3_red_idm_isna,0.0
pcoa1_pa_unified,tex3_red_variance_isna,0.0
pcoa1_pa_unified,tex3_swir1_asm_isna,0.0
pcoa1_pa_unified,tex3_swir1_contrast_isna,0.0
pcoa1_pa_unified,tex3_swir1_entropy_isna,0.0
pcoa1_pa_unified,tex3_swir1_idm_isna,0.0
pcoa1_pa_unified,tex3_swir1_variance_isna,0.0
pcoa1_pa_unified,tex3_swir2_asm_isna,0.0
pcoa1_pa_unified,tex3_swir2_contrast_isna,0.0
pcoa1_pa_unified,tex3_swir2_entropy_isna,0.0
pcoa1_pa_unified,tex3_swir2_idm_isna,0.0
pcoa1_pa_unified,tex3_swir2_variance_isna,0.0
pcoa1_pa_unified,topo_topo_flat,0.0
pcoa2_freq_unified,gmA_gm_kndvi,0.08606491945119378
pcoa2_freq_unified,gmA_gm_nbr,0.08121018600207755
pcoa2_freq_unified,gmA_gm_ndvi,0.0798095582841587
pcoa2_freq_unified,topo_elevation,0.05019709788659993
pcoa2_freq_unified,gmA_gm_smad,0.027159085793322844
pcoa2_freq_unified,gmA_gm_band_red,0.026883088151540824
pcoa2_freq_unified,gmA_gm_evi,0.024464053609615267
pcoa2_freq_unified,topo_tpi,0.02327722517953245
pcoa2_freq_unified,lvl3_red,0.02237766097773338
pcoa2_freq_unified,gmA_gm_savi,0.021345512948403807
pcoa2_freq_unified,gmA_gm_emad,0.020539821035914126
pcoa2_freq_unified,topo_curvature,0.01941650046392445
pcoa2_freq_unified,topo_eastness,0.019294145774829956
pcoa2_freq_unified,lvl3_nir,0.018865570784880204
pcoa2_freq_unified,topo_slope,0.016169543686010295
pcoa2_freq_unified,area_stratum_counts,0.015946770898913075
pcoa2_freq_unified,gmA_gm_band_nir,0.015932832376972645
pcoa2_freq_unified,gmA_gm_band_green,0.015770833778763656
pcoa2_freq_unified,gmA_gm_band_swir2,0.014930725093045239
pcoa2_freq_unified,lvl3_swir2,0.014492448771426886
pcoa2_freq_unified,area_log10,0.014443759908818571
pcoa2_freq_unified,topo_tri,0.013756139260312893
pcoa2_freq_unified,lvl3_blue,0.013266426347711992
pcoa2_freq_unified,gmA_gm_bcmad,0.01321527071046873
pcoa2_freq_unified,gmA_gm_band_swir1,0.012626952545987436
pcoa2_freq_unified,lvl3_green,0.012357993482615298
pcoa2_freq_unified,tex3_nir_variance,0.012032147396381556
pcoa2_freq_unified,tex3_nir_contrast,0.011950880095101615
pcoa2_freq_unified,topo_northness,0.011834146709841686
pcoa2_freq_unified,tex3_nir_idm,0.011636779369039962
pcoa2_freq_unified,gmA_gm_band_blue,0.011401261431985794
pcoa2_freq_unified,lvl3_swir1,0.01110549194888051
pcoa2_freq_unified,topo_heat_load,0.01062659840169006
pcoa2_freq_unified,tex3_nir_asm,0.01030637942080476
pcoa2_freq_unified,tex3_nir_entropy,0.010204285951274556
pcoa2_freq_unified,tex3_nir_correlation,0.009885057116925661
pcoa2_freq_unified,tex3_swir2_correlation,0.009682060973181982
pcoa2_freq_unified,tex3_swir1_correlation,0.00944422060206641
pcoa2_freq_unified,area_stratum_basal,0.00936896098727685
pcoa2_freq_unified,tex3_blue_correlation,0.008780433135708667
pcoa2_freq_unified,tex3_green_correlation,0.008677977746005242
pcoa2_freq_unified,tex3_red_correlation,0.008133718245950924
pcoa2_freq_unified,tex3_swir2_idm,0.00756082176640632
pcoa2_freq_unified,tex3_blue_contrast,0.007445653358101445
pcoa2_freq_unified,tex3_swir1_idm,0.00707420580484848
pcoa2_freq_unified,tex3_swir2_asm,0.006677378882848378
pcoa2_freq_unified,tex3_swir1_entropy,0.0065736846651858515
pcoa2_freq_unified,tex3_swir1_asm,0.0063767375656440485
pcoa2_freq_unified,tex3_swir2_entropy,0.005848238636353544
pcoa2_freq_unified,tex3_swir1_variance,0.0058189457895807106
pcoa2_freq_unified,tex3_blue_idm,0.005735198778558604
pcoa2_freq_unified,tex3_swir1_contrast,0.005631408434143114
pcoa2_freq_unified,tex3_green_asm,0.0056072359595344245
pcoa2_freq_unified,tex3_green_idm,0.005516068307253241
pcoa2_freq_unified,tex3_swir2_variance,0.005482953223799304
pcoa2_freq_unified,tex3_green_entropy,0.005429056790956072
pcoa2_freq_unified,tex3_green_variance,0.005422370746719219
pcoa2_freq_unified,tex3_blue_variance,0.005297171074192136
pcoa2_freq_unified,tex3_blue_entropy,0.0052799038880489155
pcoa2_freq_unified,tex3_green_contrast,0.005194091017775876
pcoa2_freq_unified,tex3_swir2_contrast,0.00516091798747807
pcoa2_freq_unified,tex3_red_idm,0.005129127691132007
pcoa2_freq_unified,tex3_blue_asm,0.005047948235773518
pcoa2_freq_unified,tex3_red_entropy,0.004686785219675966
pcoa2_freq_unified,tex3_red_asm,0.004495285928244339
pcoa2_freq_unified,tex3_red_variance,0.004268314962433434
pcoa2_freq_unified,tex3_red_contrast,0.004064753901883951
pcoa2_freq_unified,tex3_red_correlation_isna,0.00012745104612456039
pcoa2_freq_unified,tex3_swir2_correlation_isna,8.357886769224697e-05
pcoa2_freq_unified,tex3_blue_correlation_isna,5.2867971091657845e-05
pcoa2_freq_unified,tex3_nir_correlation_isna,1.1889066321884736e-05
pcoa2_freq_unified,tex3_green_correlation_isna,1.0801800552926786e-05
pcoa2_freq_unified,topo_northness_isna,1.6776545763036228e-06
pcoa2_freq_unified,topo_eastness_isna,1.1585287584769396e-06
pcoa2_freq_unified,topo_heat_load_isna,8.999987297184997e-07
pcoa2_freq_unified,topo_topo_flat,7.714650257036705e-07
pcoa2_freq_unified,tex3_swir1_correlation_isna,1.2224766533731946e-07
pcoa2_freq_unified,area_stratum_presence,0.0
pcoa2_freq_unified,gmA_gm_band_blue_isna,0.0
pcoa2_freq_unified,gmA_gm_band_green_isna,0.0
pcoa2_freq_unified,gmA_gm_band_nir_isna,0.0
pcoa2_freq_unified,gmA_gm_band_red_isna,0.0
pcoa2_freq_unified,gmA_gm_band_swir1_isna,0.0
pcoa2_freq_unified,gmA_gm_band_swir2_isna,0.0
pcoa2_freq_unified,gmA_gm_bcmad_isna,0.0
pcoa2_freq_unified,gmA_gm_emad_isna,0.0
pcoa2_freq_unified,gmA_gm_evi_isna,0.0
pcoa2_freq_unified,gmA_gm_kndvi_isna,0.0
pcoa2_freq_unified,gmA_gm_nbr_isna,0.0
pcoa2_freq_unified,gmA_gm_ndvi_isna,0.0
pcoa2_freq_unified,gmA_gm_savi_isna,0.0
pcoa2_freq_unified,gmA_gm_smad_isna,0.0
pcoa2_freq_unified,lvl3_blue_isna,0.0
pcoa2_freq_unified,lvl3_green_isna,0.0
pcoa2_freq_unified,lvl3_nir_isna,0.0
pcoa2_freq_unified,lvl3_red_isna,0.0
pcoa2_freq_unified,lvl3_swir1_isna,0.0
pcoa2_freq_unified,lvl3_swir2_isna,0.0
pcoa2_freq_unified,tex3_blue_asm_isna,0.0
pcoa2_freq_unified,tex3_blue_contrast_isna,0.0
pcoa2_freq_unified,tex3_blue_entropy_isna,0.0
pcoa2_freq_unified,tex3_blue_idm_isna,0.0
pcoa2_freq_unified,tex3_blue_variance_isna,0.0
pcoa2_freq_unified,tex3_green_asm_isna,0.0
pcoa2_freq_unified,tex3_green_contrast_isna,0.0
pcoa2_freq_unified,tex3_green_entropy_isna,0.0
pcoa2_freq_unified,tex3_green_idm_isna,0.0
pcoa2_freq_unified,tex3_green_variance_isna,0.0
pcoa2_freq_unified,tex3_nir_asm_isna,0.0
pcoa2_freq_unified,tex3_nir_contrast_isna,0.0
pcoa2_freq_unified,tex3_nir_entropy_isna,0.0
pcoa2_freq_unified,tex3_nir_idm_isna,0.0
pcoa2_freq_unified,tex3_nir_variance_isna,0.0
pcoa2_freq_unified,tex3_red_asm_isna,0.0
pcoa2_freq_unified,tex3_red_contrast_isna,0.0
pcoa2_freq_unified,tex3_red_entropy_isna,0.0
pcoa2_freq_unified,tex3_red_idm_isna,0.0
pcoa2_freq_unified,tex3_red_variance_isna,0.0
pcoa2_freq_unified,tex3_swir1_asm_isna,0.0
pcoa2_freq_unified,tex3_swir1_contrast_isna,0.0
pcoa2_freq_unified,tex3_swir1_entropy_isna,0.0
pcoa2_freq_unified,tex3_swir1_idm_isna,0.0
pcoa2_freq_unified,tex3_swir1_variance_isna,0.0
pcoa2_freq_unified,tex3_swir2_asm_isna,0.0
pcoa2_freq_unified,tex3_swir2_contrast_isna,0.0
pcoa2_freq_unified,tex3_swir2_entropy_isna,0.0
pcoa2_freq_unified,tex3_swir2_idm_isna,0.0
pcoa2_freq_unified,tex3_swir2_variance_isna,0.0
pcoa2_pa_unified,gmA_gm_kndvi,0.10291182541251695
pcoa2_pa_unified,gmA_gm_ndvi,0.08959837827644872
pcoa2_pa_unified,topo_elevation,0.06196542598526796
pcoa2_pa_unified,gmA_gm_nbr,0.055745161987940516
pcoa2_pa_unified,gmA_gm_evi,0.043700958654147554
pcoa2_pa_unified,gmA_gm_savi,0.03447443573772555
pcoa2_pa_unified,gmA_gm_smad,0.024563293687272364
pcoa2_pa_unified,lvl3_nir,0.023236344940783846
pcoa2_pa_unified,lvl3_red,0.020131446816131833
pcoa2_pa_unified,lvl3_blue,0.019864809349052603
pcoa2_pa_unified,gmA_gm_emad,0.01933413863836121
pcoa2_pa_unified,area_log10,0.016890466882303452
pcoa2_pa_unified,topo_curvature,0.016880178242919486
pcoa2_pa_unified,gmA_gm_bcmad,0.01588547712007888
pcoa2_pa_unified,topo_tri,0.015323774901475929
pcoa2_pa_unified,topo_slope,0.01524009668462047
pcoa2_pa_unified,gmA_gm_band_nir,0.014160903418593846
pcoa2_pa_unified,tex3_nir_contrast,0.013908563175504773
pcoa2_pa_unified,topo_tpi,0.013897698992888749
pcoa2_pa_unified,tex3_nir_variance,0.013817059071163628
pcoa2_pa_unified,lvl3_green,0.013434789126633517
pcoa2_pa_unified,gmA_gm_band_blue,0.01341217407927629
pcoa2_pa_unified,gmA_gm_band_red,0.013361161222390741
pcoa2_pa_unified,topo_eastness,0.012806736707700727
pcoa2_pa_unified,tex3_nir_idm,0.012464584413416344
pcoa2_pa_unified,topo_northness,0.011774730629797444
pcoa2_pa_unified,tex3_blue_correlation,0.011473255525613674
pcoa2_pa_unified,gmA_gm_band_green,0.011471208862924891
pcoa2_pa_unified,topo_heat_load,0.011042767844778116
pcoa2_pa_unified,area_stratum_counts,0.01073740310182413
pcoa2_pa_unified,lvl3_swir2,0.010719602759011909
pcoa2_pa_unified,gmA_gm_band_swir2,0.010653827864214354
pcoa2_pa_unified,tex3_nir_correlation,0.010409998348208131
pcoa2_pa_unified,lvl3_swir1,0.010333657408566174
pcoa2_pa_unified,tex3_swir1_correlation,0.009779933598396816
pcoa2_pa_unified,tex3_swir2_correlation,0.009167386016554969
pcoa2_pa_unified,gmA_gm_band_swir1,0.008872161896813176
pcoa2_pa_unified,tex3_red_correlation,0.008253796714771196
pcoa2_pa_unified,tex3_nir_entropy,0.007701997080776379
pcoa2_pa_unified,tex3_nir_asm,0.007488155875040113
pcoa2_pa_unified,tex3_green_correlation,0.007437606369656652
pcoa2_pa_unified,tex3_swir1_variance,0.006917755609140849
pcoa2_pa_unified,tex3_swir1_idm,0.0064977142448457564
pcoa2_pa_unified,tex3_blue_contrast,0.0061465974996624
pcoa2_pa_unified,tex3_swir1_asm,0.006132257181612781
pcoa2_pa_unified,tex3_green_contrast,0.006032946274320436
pcoa2_pa_unified,tex3_blue_entropy,0.006027928570474765
pcoa2_pa_unified,tex3_swir2_idm,0.005998784861896584
pcoa2_pa_unified,tex3_swir1_entropy,0.005936374049859601
pcoa2_pa_unified,tex3_green_asm,0.005889034295847483
pcoa2_pa_unified,tex3_blue_idm,0.005699033891789491
pcoa2_pa_unified,tex3_swir2_asm,0.0056883198144321336
pcoa2_pa_unified,tex3_swir1_contrast,0.005641721414429145
pcoa2_pa_unified,tex3_red_idm,0.005634406324767462
pcoa2_pa_unified,tex3_blue_asm,0.005629010182528575
pcoa2_pa_unified,tex3_swir2_entropy,0.005551571625627518
pcoa2_pa_unified,tex3_green_variance,0.005550269357462115
pcoa2_pa_unified,tex3_blue_variance,0.005514030752332486
pcoa2_pa_unified,tex3_green_idm,0.0054851482737267275
pcoa2_pa_unified,tex3_swir2_variance,0.005458599431471847
pcoa2_pa_unified,tex3_green_entropy,0.0053301937930769604
pcoa2_pa_unified,tex3_red_asm,0.005143920467943562
pcoa2_pa_unified,tex3_red_entropy,0.005053328522626502
pcoa2_pa_unified,tex3_swir2_contrast,0.004856781288499021
pcoa2_pa_unified,tex3_red_variance,0.004689700257138269
pcoa2_pa_unified,tex3_red_contrast,0.004578241520577929
pcoa2_pa_unified,area_stratum_basal,0.0034241515385216594
pcoa2_pa_unified,area_stratum_presence,0.0008931467757060701
pcoa2_pa_unified,tex3_red_correlation_isna,7.554662403786442e-05
pcoa2_pa_unified,tex3_nir_correlation_isna,6.727586173451451e-05
pcoa2_pa_unified,tex3_blue_correlation_isna,5.5370005524308557e-05
pcoa2_pa_unified,tex3_swir2_correlation_isna,3.9344730893656634e-05
pcoa2_pa_unified,tex3_green_correlation_isna,2.109473768635324e-05
pcoa2_pa_unified,topo_topo_flat,5.6608379422331304e-06
pcoa2_pa_unified,topo_eastness_isna,4.521673695524724e-06
pcoa2_pa_unified,topo_northness_isna,2.3520607540377616e-06
pcoa2_pa_unified,tex3_swir1_correlation_isna,4.922258494169563e-07
pcoa2_pa_unified,gmA_gm_band_blue_isna,0.0
pcoa2_pa_unified,gmA_gm_band_green_isna,0.0
pcoa2_pa_unified,gmA_gm_band_nir_isna,0.0
pcoa2_pa_unified,gmA_gm_band_red_isna,0.0
pcoa2_pa_unified,gmA_gm_band_swir1_isna,0.0
pcoa2_pa_unified,gmA_gm_band_swir2_isna,0.0
pcoa2_pa_unified,gmA_gm_bcmad_isna,0.0
pcoa2_pa_unified,gmA_gm_emad_isna,0.0
pcoa2_pa_unified,gmA_gm_evi_isna,0.0
pcoa2_pa_unified,gmA_gm_kndvi_isna,0.0
pcoa2_pa_unified,gmA_gm_nbr_isna,0.0
pcoa2_pa_unified,gmA_gm_ndvi_isna,0.0
pcoa2_pa_unified,gmA_gm_savi_isna,0.0
pcoa2_pa_unified,gmA_gm_smad_isna,0.0
pcoa2_pa_unified,lvl3_blue_isna,0.0
pcoa2_pa_unified,lvl3_green_isna,0.0
pcoa2_pa_unified,lvl3_nir_isna,0.0
pcoa2_pa_unified,lvl3_red_isna,0.0
pcoa2_pa_unified,lvl3_swir1_isna,0.0
pcoa2_pa_unified,lvl3_swir2_isna,0.0
pcoa2_pa_unified,tex3_blue_asm_isna,0.0
pcoa2_pa_unified,tex3_blue_contrast_isna,0.0
pcoa2_pa_unified,tex3_blue_entropy_isna,0.0
pcoa2_pa_unified,tex3_blue_idm_isna,0.0
pcoa2_pa_unified,tex3_blue_variance_isna,0.0
pcoa2_pa_unified,tex3_green_asm_isna,0.0
pcoa2_pa_unified,tex3_green_contrast_isna,0.0
pcoa2_pa_unified,tex3_green_entropy_isna,0.0
pcoa2_pa_unified,tex3_green_idm_isna,0.0
pcoa2_pa_unified,tex3_green_variance_isna,0.0
pcoa2_pa_unified,tex3_nir_asm_isna,0.0
pcoa2_pa_unified,tex3_nir_contrast_isna,0.0
pcoa2_pa_unified,tex3_nir_entropy_isna,0.0
pcoa2_pa_unified,tex3_nir_idm_isna,0.0
pcoa2_pa_unified,tex3_nir_variance_isna,0.0
pcoa2_pa_unified,tex3_red_asm_isna,0.0
pcoa2_pa_unified,tex3_red_contrast_isna,0.0
pcoa2_pa_unified,tex3_red_entropy_isna,0.0
pcoa2_pa_unified,tex3_red_idm_isna,0.0
pcoa2_pa_unified,tex3_red_variance_isna,0.0
pcoa2_pa_unified,tex3_swir1_asm_isna,0.0
pcoa2_pa_unified,tex3_swir1_contrast_isna,0.0
pcoa2_pa_unified,tex3_swir1_entropy_isna,0.0
pcoa2_pa_unified,tex3_swir1_idm_isna,0.0
pcoa2_pa_unified,tex3_swir1_variance_isna,0.0
pcoa2_pa_unified,tex3_swir2_asm_isna,0.0
pcoa2_pa_unified,tex3_swir2_contrast_isna,0.0
pcoa2_pa_unified,tex3_swir2_entropy_isna,0.0
pcoa2_pa_unified,tex3_swir2_idm_isna,0.0
pcoa2_pa_unified,tex3_swir2_variance_isna,0.0
pcoa2_pa_unified,topo_heat_load_isna,0.0
ses_mntd_unified,topo_elevation,0.04523871521285061
ses_mntd_unified,lvl3_blue,0.04408174963887103
ses_mntd_unified,gmA_gm_evi,0.041942414582262985
ses_mntd_unified,gmA_gm_nbr,0.03902947130644248
ses_mntd_unified,gmA_gm_savi,0.03657452546440275
ses_mntd_unified,gmA_gm_band_blue,0.02808748120664483
ses_mntd_unified,gmA_gm_kndvi,0.027064997710446757
ses_mntd_unified,gmA_gm_ndvi,0.024004880735230237
ses_mntd_unified,gmA_gm_emad,0.02246636297558458
ses_mntd_unified,lvl3_green,0.02124723644150641
ses_mntd_unified,gmA_gm_bcmad,0.02121571556780398
ses_mntd_unified,topo_curvature,0.021027630750320474
ses_mntd_unified,area_log10,0.020433741127369332
ses_mntd_unified,topo_tpi,0.020212627263805606
ses_mntd_unified,topo_tri,0.02011602495030001
ses_mntd_unified,topo_eastness,0.020061353601992633
ses_mntd_unified,lvl3_nir,0.020021092653382762
ses_mntd_unified,gmA_gm_band_nir,0.018592479328667658
ses_mntd_unified,topo_heat_load,0.017705576835824986
ses_mntd_unified,topo_northness,0.017187146411674008
ses_mntd_unified,gmA_gm_band_swir2,0.016945898392461384
ses_mntd_unified,gmA_gm_smad,0.015970902486826283
ses_mntd_unified,lvl3_swir2,0.015515665191010674
ses_mntd_unified,lvl3_swir1,0.015412454296430006
ses_mntd_unified,gmA_gm_band_green,0.015285892363553067
ses_mntd_unified,tex3_nir_correlation,0.014980206285863829
ses_mntd_unified,topo_slope,0.01493707737311475
ses_mntd_unified,tex3_blue_correlation,0.01464238541071681
ses_mntd_unified,lvl3_red,0.01420978938626621
ses_mntd_unified,tex3_swir1_correlation,0.01389325882424403
ses_mntd_unified,gmA_gm_band_swir1,0.013421795318221883
ses_mntd_unified,gmA_gm_band_red,0.013378316224945378
ses_mntd_unified,tex3_nir_idm,0.013331279350561682
ses_mntd_unified,tex3_nir_contrast,0.012925173467217499
ses_mntd_unified,tex3_nir_variance,0.011929473000599985
ses_mntd_unified,tex3_green_correlation,0.011597324961690287
ses_mntd_unified,tex3_swir2_correlation,0.011367209652175882
ses_mntd_unified,tex3_blue_variance,0.0106967620141543
ses_mntd_unified,tex3_red_correlation,0.01034358827961416
ses_mntd_unified,tex3_blue_idm,0.010167851570644228
ses_mntd_unified,tex3_nir_entropy,0.009775202073264152
ses_mntd_unified,tex3_blue_contrast,0.009428969021275865
ses_mntd_unified,tex3_nir_asm,0.009310272597803048
ses_mntd_unified,tex3_blue_entropy,0.008962864311807336
ses_mntd_unified,tex3_swir1_variance,0.008933054587269593
ses_mntd_unified,tex3_green_asm,0.008909715949289288
ses_mntd_unified,tex3_swir1_idm,0.008642399948636905
ses_mntd_unified,tex3_swir1_contrast,0.008435485279473805
ses_mntd_unified,tex3_green_entropy,0.00838093504956017
ses_mntd_unified,tex3_swir1_asm,0.008379639720474896
ses_mntd_unified,tex3_green_variance,0.008283389475903982
ses_mntd_unified,tex3_blue_asm,0.008176971148224627
ses_mntd_unified,tex3_swir1_entropy,0.008116035945690181
ses_mntd_unified,tex3_green_idm,0.008085151996380272
ses_mntd_unified,tex3_red_contrast,0.007628026775748789
ses_mntd_unified,tex3_swir2_variance,0.007453768458887044
ses_mntd_unified,tex3_swir2_idm,0.007135749983187935
ses_mntd_unified,tex3_red_idm,0.00709413293000981
ses_mntd_unified,tex3_green_contrast,0.007041341966217763
ses_mntd_unified,tex3_red_entropy,0.006929648422080976
ses_mntd_unified,tex3_swir2_asm,0.006868445911581691
ses_mntd_unified,tex3_swir2_entropy,0.006798666811308124
ses_mntd_unified,tex3_red_variance,0.006783129692950076
ses_mntd_unified,tex3_swir2_contrast,0.0066557463066910846
ses_mntd_unified,tex3_red_asm,0.006395581535329198
ses_mntd_unified,area_stratum_counts,0.0015395705766608407
ses_mntd_unified,tex3_blue_correlation_isna,0.0013471516524458705
ses_mntd_unified,area_stratum_presence,0.0006836213032454894
ses_mntd_unified,area_stratum_basal,0.0001982826543004528
ses_mntd_unified,tex3_red_correlation_isna,0.00016636930757269727
ses_mntd_unified,tex3_swir2_correlation_isna,0.0001237830666346405
ses_mntd_unified,tex3_green_correlation_isna,6.053552300844897e-05
ses_mntd_unified,tex3_nir_correlation_isna,8.015326121015277e-06
ses_mntd_unified,tex3_swir1_correlation_isna,4.817075267463746e-06
ses_mntd_unified,gmA_gm_band_blue_isna,0.0
ses_mntd_unified,gmA_gm_band_green_isna,0.0
ses_mntd_unified,gmA_gm_band_nir_isna,0.0
ses_mntd_unified,gmA_gm_band_red_isna,0.0
ses_mntd_unified,gmA_gm_band_swir1_isna,0.0
ses_mntd_unified,gmA_gm_band_swir2_isna,0.0
ses_mntd_unified,gmA_gm_bcmad_isna,0.0
ses_mntd_unified,gmA_gm_emad_isna,0.0
ses_mntd_unified,gmA_gm_evi_isna,0.0
ses_mntd_unified,gmA_gm_kndvi_isna,0.0
ses_mntd_unified,gmA_gm_nbr_isna,0.0
ses_mntd_unified,gmA_gm_ndvi_isna,0.0
ses_mntd_unified,gmA_gm_savi_isna,0.0
ses_mntd_unified,gmA_gm_smad_isna,0.0
ses_mntd_unified,lvl3_blue_isna,0.0
ses_mntd_unified,lvl3_green_isna,0.0
ses_mntd_unified,lvl3_nir_isna,0.0
ses_mntd_unified,lvl3_red_isna,0.0
ses_mntd_unified,lvl3_swir1_isna,0.0
ses_mntd_unified,lvl3_swir2_isna,0.0
ses_mntd_unified,tex3_blue_asm_isna,0.0
ses_mntd_unified,tex3_blue_contrast_isna,0.0
ses_mntd_unified,tex3_blue_entropy_isna,0.0
ses_mntd_unified,tex3_blue_idm_isna,0.0
ses_mntd_unified,tex3_blue_variance_isna,0.0
ses_mntd_unified,tex3_green_asm_isna,0.0
ses_mntd_unified,tex3_green_contrast_isna,0.0
ses_mntd_unified,tex3_green_entropy_isna,0.0
ses_mntd_unified,tex3_green_idm_isna,0.0
ses_mntd_unified,tex3_green_variance_isna,0.0
ses_mntd_unified,tex3_nir_asm_isna,0.0
ses_mntd_unified,tex3_nir_contrast_isna,0.0
ses_mntd_unified,tex3_nir_entropy_isna,0.0
ses_mntd_unified,tex3_nir_idm_isna,0.0
ses_mntd_unified,tex3_nir_variance_isna,0.0
ses_mntd_unified,tex3_red_asm_isna,0.0
ses_mntd_unified,tex3_red_contrast_isna,0.0
ses_mntd_unified,tex3_red_entropy_isna,0.0
ses_mntd_unified,tex3_red_idm_isna,0.0
ses_mntd_unified,tex3_red_variance_isna,0.0
ses_mntd_unified,tex3_swir1_asm_isna,0.0
ses_mntd_unified,tex3_swir1_contrast_isna,0.0
ses_mntd_unified,tex3_swir1_entropy_isna,0.0
ses_mntd_unified,tex3_swir1_idm_isna,0.0
ses_mntd_unified,tex3_swir1_variance_isna,0.0
ses_mntd_unified,tex3_swir2_asm_isna,0.0
ses_mntd_unified,tex3_swir2_contrast_isna,0.0
ses_mntd_unified,tex3_swir2_entropy_isna,0.0
ses_mntd_unified,tex3_swir2_idm_isna,0.0
ses_mntd_unified,tex3_swir2_variance_isna,0.0
ses_mntd_unified,topo_eastness_isna,0.0
ses_mntd_unified,topo_heat_load_isna,0.0
ses_mntd_unified,topo_northness_isna,0.0
ses_mntd_unified,topo_topo_flat,0.0
ses_mpd_unified,topo_elevation,0.04955425396990759
ses_mpd_unified,gmA_gm_evi,0.037902008581827865
ses_mpd_unified,gmA_gm_nbr,0.034557279557213126
ses_mpd_unified,lvl3_blue,0.03337824352451974
ses_mpd_unified,gmA_gm_savi,0.033200398349325165
ses_mpd_unified,area_log10,0.029871326839786307
ses_mpd_unified,gmA_gm_kndvi,0.026235647970674326
ses_mpd_unified,gmA_gm_ndvi,0.024908267701019678
ses_mpd_unified,topo_eastness,0.024279959350514517
ses_mpd_unified,gmA_gm_emad,0.02404517749460775
ses_mpd_unified,gmA_gm_band_blue,0.02229795937721034
ses_mpd_unified,topo_curvature,0.020828815875650143
ses_mpd_unified,topo_heat_load,0.019480048515719838
ses_mpd_unified,gmA_gm_smad,0.019295144836134148
ses_mpd_unified,tex3_swir2_correlation,0.01922058361132315
ses_mpd_unified,topo_tpi,0.019165752927598045
ses_mpd_unified,topo_northness,0.018575819325300294
ses_mpd_unified,lvl3_green,0.018567314538096773
ses_mpd_unified,gmA_gm_bcmad,0.018094874499821622
ses_mpd_unified,tex3_swir1_correlation,0.017389769387520692
ses_mpd_unified,topo_tri,0.01685149152741027
ses_mpd_unified,lvl3_nir,0.016728029350451385
ses_mpd_unified,lvl3_swir1,0.01662325528266256
ses_mpd_unified,tex3_blue_correlation,0.016364632375958026
ses_mpd_unified,lvl3_swir2,0.015825690966991518
ses_mpd_unified,gmA_gm_band_swir2,0.01575352885274706
ses_mpd_unified,gmA_gm_band_green,0.015328214762134612
ses_mpd_unified,lvl3_red,0.014208212613025937
ses_mpd_unified,gmA_gm_band_red,0.014010909995444108
ses_mpd_unified,gmA_gm_band_swir1,0.013938464152235541
ses_mpd_unified,topo_slope,0.013866022877097733
ses_mpd_unified,tex3_nir_correlation,0.01376557747413704
ses_mpd_unified,gmA_gm_band_nir,0.013741482455024245
ses_mpd_unified,tex3_red_correlation,0.013408298143892378
ses_mpd_unified,tex3_green_correlation,0.011972339109425273
ses_mpd_unified,tex3_nir_variance,0.011878810288202682
ses_mpd_unified,tex3_nir_idm,0.01104992145541866
ses_mpd_unified,tex3_green_variance,0.0108280346250381
ses_mpd_unified,tex3_green_asm,0.010633920114885235
ses_mpd_unified,tex3_nir_contrast,0.01062789491868776
ses_mpd_unified,tex3_swir2_variance,0.010072871899251958
ses_mpd_unified,tex3_swir1_asm,0.009937211863610743
ses_mpd_unified,tex3_blue_variance,0.009797121751583775
ses_mpd_unified,tex3_blue_contrast,0.009608798573989965
ses_mpd_unified,tex3_swir1_variance,0.009340408518935455
ses_mpd_unified,tex3_nir_asm,0.009312256702410326
ses_mpd_unified,tex3_swir1_idm,0.009254001193016384
ses_mpd_unified,tex3_blue_idm,0.00905246110597257
ses_mpd_unified,tex3_nir_entropy,0.008861895037115488
ses_mpd_unified,tex3_swir1_entropy,0.00883570536169261
ses_mpd_unified,tex3_swir2_entropy,0.008820304980477438
ses_mpd_unified,tex3_blue_asm,0.008618280583532624
ses_mpd_unified,tex3_green_idm,0.008616879274691574
ses_mpd_unified,tex3_green_entropy,0.008578314303326956
ses_mpd_unified,tex3_swir1_contrast,0.008517836840855043
ses_mpd_unified,tex3_swir2_asm,0.008440753208260529
ses_mpd_unified,tex3_green_contrast,0.008068018850845026
ses_mpd_unified,tex3_blue_entropy,0.007929849716317284
ses_mpd_unified,tex3_swir2_idm,0.007430058949983449
ses_mpd_unified,tex3_swir2_contrast,0.007376991424229633
ses_mpd_unified,tex3_red_variance,0.00709016806559796
ses_mpd_unified,tex3_red_asm,0.006291681192459778
ses_mpd_unified,tex3_red_entropy,0.006239708734797804
ses_mpd_unified,tex3_red_idm,0.006215039625344307
ses_mpd_unified,tex3_red_contrast,0.005896370717595562
ses_mpd_unified,area_stratum_counts,0.0008698621965788338
ses_mpd_unified,area_stratum_presence,0.0007216208900828064
ses_mpd_unified,tex3_blue_correlation_isna,0.0006915820461488808
ses_mpd_unified,tex3_green_correlation_isna,0.0003553323583673892
ses_mpd_unified,tex3_swir2_correlation_isna,0.00025991346885257565
ses_mpd_unified,tex3_swir1_correlation_isna,0.00020898460033712306
ses_mpd_unified,tex3_nir_correlation_isna,0.0002000706263933797
ses_mpd_unified,tex3_red_correlation_isna,0.00016547968159625465
ses_mpd_unified,area_stratum_basal,7.07880811072515e-05
ses_mpd_unified,gmA_gm_band_blue_isna,0.0
ses_mpd_unified,gmA_gm_band_green_isna,0.0
ses_mpd_unified,gmA_gm_band_nir_isna,0.0
ses_mpd_unified,gmA_gm_band_red_isna,0.0
ses_mpd_unified,gmA_gm_band_swir1_isna,0.0
ses_mpd_unified,gmA_gm_band_swir2_isna,0.0
ses_mpd_unified,gmA_gm_bcmad_isna,0.0
ses_mpd_unified,gmA_gm_emad_isna,0.0
ses_mpd_unified,gmA_gm_evi_isna,0.0
ses_mpd_unified,gmA_gm_kndvi_isna,0.0
ses_mpd_unified,gmA_gm_nbr_isna,0.0
ses_mpd_unified,gmA_gm_ndvi_isna,0.0
ses_mpd_unified,gmA_gm_savi_isna,0.0
ses_mpd_unified,gmA_gm_smad_isna,0.0
ses_mpd_unified,lvl3_blue_isna,0.0
ses_mpd_unified,lvl3_green_isna,0.0
ses_mpd_unified,lvl3_nir_isna,0.0
ses_mpd_unified,lvl3_red_isna,0.0
ses_mpd_unified,lvl3_swir1_isna,0.0
ses_mpd_unified,lvl3_swir2_isna,0.0
ses_mpd_unified,tex3_blue_asm_isna,0.0
ses_mpd_unified,tex3_blue_contrast_isna,0.0
ses_mpd_unified,tex3_blue_entropy_isna,0.0
ses_mpd_unified,tex3_blue_idm_isna,0.0
ses_mpd_unified,tex3_blue_variance_isna,0.0
ses_mpd_unified,tex3_green_asm_isna,0.0
ses_mpd_unified,tex3_green_contrast_isna,0.0
ses_mpd_unified,tex3_green_entropy_isna,0.0
ses_mpd_unified,tex3_green_idm_isna,0.0
ses_mpd_unified,tex3_green_variance_isna,0.0
ses_mpd_unified,tex3_nir_asm_isna,0.0
ses_mpd_unified,tex3_nir_contrast_isna,0.0
ses_mpd_unified,tex3_nir_entropy_isna,0.0
ses_mpd_unified,tex3_nir_idm_isna,0.0
ses_mpd_unified,tex3_nir_variance_isna,0.0
ses_mpd_unified,tex3_red_asm_isna,0.0
ses_mpd_unified,tex3_red_contrast_isna,0.0
ses_mpd_unified,tex3_red_entropy_isna,0.0
ses_mpd_unified,tex3_red_idm_isna,0.0
ses_mpd_unified,tex3_red_variance_isna,0.0
ses_mpd_unified,tex3_swir1_asm_isna,0.0
ses_mpd_unified,tex3_swir1_contrast_isna,0.0
ses_mpd_unified,tex3_swir1_entropy_isna,0.0
ses_mpd_unified,tex3_swir1_idm_isna,0.0
ses_mpd_unified,tex3_swir1_variance_isna,0.0
ses_mpd_unified,tex3_swir2_asm_isna,0.0
ses_mpd_unified,tex3_swir2_contrast_isna,0.0
ses_mpd_unified,tex3_swir2_entropy_isna,0.0
ses_mpd_unified,tex3_swir2_idm_isna,0.0
ses_mpd_unified,tex3_swir2_variance_isna,0.0
ses_mpd_unified,topo_eastness_isna,0.0
ses_mpd_unified,topo_heat_load_isna,0.0
ses_mpd_unified,topo_northness_isna,0.0
ses_mpd_unified,topo_topo_flat,0.0
ses_pd_unified,gmA_gm_nbr,0.044112465383220285
ses_pd_unified,topo_elevation,0.043481076070985156
ses_pd_unified,lvl3_blue,0.03733687384073063
ses_pd_unified,gmA_gm_evi,0.03582035060064072
ses_pd_unified,gmA_gm_savi,0.03202391590082372
ses_pd_unified,area_log10,0.029659296996728167
ses_pd_unified,gmA_gm_kndvi,0.027219542778936966
ses_pd_unified,gmA_gm_ndvi,0.02579665906859994
ses_pd_unified,gmA_gm_band_blue,0.02499299121302827
ses_pd_unified,gmA_gm_emad,0.02281452754878334
ses_pd_unified,topo_eastness,0.022147997115002004
ses_pd_unified,topo_curvature,0.02092636277626388
ses_pd_unified,topo_tpi,0.02056224989116972
ses_pd_unified,gmA_gm_bcmad,0.019016056532763677
ses_pd_unified,topo_heat_load,0.018492023411669837
ses_pd_unified,topo_northness,0.018438800601572346
ses_pd_unified,topo_tri,0.018299101676363328
ses_pd_unified,gmA_gm_smad,0.017600178186217473
ses_pd_unified,lvl3_nir,0.017275800417930778
ses_pd_unified,lvl3_green,0.017083293221452186
ses_pd_unified,gmA_gm_band_swir2,0.01675542897979754
ses_pd_unified,tex3_swir2_correlation,0.016746148772155595
ses_pd_unified,gmA_gm_band_green,0.016174230942514068
ses_pd_unified,lvl3_swir1,0.016095197802544793
ses_pd_unified,lvl3_swir2,0.01588356612040285
ses_pd_unified,topo_slope,0.014839352442852716
ses_pd_unified,lvl3_red,0.014683633691203795
ses_pd_unified,gmA_gm_band_nir,0.014492800263558097
ses_pd_unified,tex3_blue_correlation,0.014433230563320434
ses_pd_unified,tex3_swir1_correlation,0.014313764619099634
ses_pd_unified,gmA_gm_band_red,0.013976429389968435
ses_pd_unified,tex3_nir_correlation,0.013588109209171875
ses_pd_unified,gmA_gm_band_swir1,0.013426277527958136
ses_pd_unified,tex3_nir_idm,0.012382273498039073
ses_pd_unified,tex3_nir_variance,0.012264817334666122
ses_pd_unified,tex3_red_correlation,0.011960202806355614
ses_pd_unified,tex3_nir_contrast,0.011748468718626639
ses_pd_unified,tex3_green_correlation,0.01138814719186593
ses_pd_unified,tex3_blue_variance,0.011243627900808935
ses_pd_unified,tex3_green_asm,0.010487611574627931
ses_pd_unified,tex3_green_variance,0.009764783777644552
ses_pd_unified,tex3_swir1_variance,0.009607464476944595
ses_pd_unified,tex3_swir2_variance,0.009594765652165623
ses_pd_unified,tex3_blue_contrast,0.00958465705500266
ses_pd_unified,tex3_blue_idm,0.009582427211620354
ses_pd_unified,tex3_green_entropy,0.009263903747219568
ses_pd_unified,tex3_swir2_entropy,0.009188709466223449
ses_pd_unified,tex3_nir_entropy,0.008923729143398286
ses_pd_unified,tex3_nir_asm,0.008855098126193419
ses_pd_unified,tex3_blue_asm,0.008687242126191501
ses_pd_unified,tex3_green_idm,0.008550434314576248
ses_pd_unified,tex3_swir1_asm,0.008548969306538432
ses_pd_unified,tex3_blue_entropy,0.008337082810185518
ses_pd_unified,tex3_swir1_entropy,0.008155705790091176
ses_pd_unified,tex3_swir2_asm,0.00801356892061595
ses_pd_unified,tex3_swir1_contrast,0.007973032830784207
ses_pd_unified,tex3_swir1_idm,0.007725859554534908
ses_pd_unified,tex3_green_contrast,0.0074039271928820465
ses_pd_unified,tex3_red_idm,0.007272152396103658
ses_pd_unified,tex3_red_variance,0.007235740875100325
ses_pd_unified,tex3_swir2_contrast,0.006846583578732561
ses_pd_unified,tex3_red_entropy,0.00684405420289962
ses_pd_unified,tex3_red_contrast,0.006836213758835948
ses_pd_unified,tex3_swir2_idm,0.006747308602127557
ses_pd_unified,tex3_red_asm,0.006433224990783681
ses_pd_unified,tex3_blue_correlation_isna,0.0012748936359833318
ses_pd_unified,area_stratum_counts,0.001197780725466914
ses_pd_unified,area_stratum_presence,0.0006215003594489167
ses_pd_unified,tex3_green_correlation_isna,0.0003667885697184244
ses_pd_unified,tex3_red_correlation_isna,0.0002125027474356819
ses_pd_unified,tex3_swir2_correlation_isna,0.0001849041569859028
ses_pd_unified,tex3_nir_correlation_isna,0.00013692107507211083
ses_pd_unified,tex3_swir1_correlation_isna,3.132243598626707e-05
ses_pd_unified,area_stratum_basal,1.3863804085999064e-05
ses_pd_unified,gmA_gm_band_blue_isna,0.0
ses_pd_unified,gmA_gm_band_green_isna,0.0
ses_pd_unified,gmA_gm_band_nir_isna,0.0
ses_pd_unified,gmA_gm_band_red_isna,0.0
ses_pd_unified,gmA_gm_band_swir1_isna,0.0
ses_pd_unified,gmA_gm_band_swir2_isna,0.0
ses_pd_unified,gmA_gm_bcmad_isna,0.0
ses_pd_unified,gmA_gm_emad_isna,0.0
ses_pd_unified,gmA_gm_evi_isna,0.0
ses_pd_unified,gmA_gm_kndvi_isna,0.0
ses_pd_unified,gmA_gm_nbr_isna,0.0
ses_pd_unified,gmA_gm_ndvi_isna,0.0
ses_pd_unified,gmA_gm_savi_isna,0.0
ses_pd_unified,gmA_gm_smad_isna,0.0
ses_pd_unified,lvl3_blue_isna,0.0
ses_pd_unified,lvl3_green_isna,0.0
ses_pd_unified,lvl3_nir_isna,0.0
ses_pd_unified,lvl3_red_isna,0.0
ses_pd_unified,lvl3_swir1_isna,0.0
ses_pd_unified,lvl3_swir2_isna,0.0
ses_pd_unified,tex3_blue_asm_isna,0.0
ses_pd_unified,tex3_blue_contrast_isna,0.0
ses_pd_unified,tex3_blue_entropy_isna,0.0
ses_pd_unified,tex3_blue_idm_isna,0.0
ses_pd_unified,tex3_blue_variance_isna,0.0
ses_pd_unified,tex3_green_asm_isna,0.0
ses_pd_unified,tex3_green_contrast_isna,0.0
ses_pd_unified,tex3_green_entropy_isna,0.0
ses_pd_unified,tex3_green_idm_isna,0.0
ses_pd_unified,tex3_green_variance_isna,0.0
ses_pd_unified,tex3_nir_asm_isna,0.0
ses_pd_unified,tex3_nir_contrast_isna,0.0
ses_pd_unified,tex3_nir_entropy_isna,0.0
ses_pd_unified,tex3_nir_idm_isna,0.0
ses_pd_unified,tex3_nir_variance_isna,0.0
ses_pd_unified,tex3_red_asm_isna,0.0
ses_pd_unified,tex3_red_contrast_isna,0.0
ses_pd_unified,tex3_red_entropy_isna,0.0
ses_pd_unified,tex3_red_idm_isna,0.0
ses_pd_unified,tex3_red_variance_isna,0.0
ses_pd_unified,tex3_swir1_asm_isna,0.0
ses_pd_unified,tex3_swir1_contrast_isna,0.0
ses_pd_unified,tex3_swir1_entropy_isna,0.0
ses_pd_unified,tex3_swir1_idm_isna,0.0
ses_pd_unified,tex3_swir1_variance_isna,0.0
ses_pd_unified,tex3_swir2_asm_isna,0.0
ses_pd_unified,tex3_swir2_contrast_isna,0.0
ses_pd_unified,tex3_swir2_entropy_isna,0.0
ses_pd_unified,tex3_swir2_idm_isna,0.0
ses_pd_unified,tex3_swir2_variance_isna,0.0
ses_pd_unified,topo_eastness_isna,0.0
ses_pd_unified,topo_heat_load_isna,0.0
ses_pd_unified,topo_northness_isna,0.0
ses_pd_unified,topo_topo_flat,0.0
