target,feature,importance
dark_n_unified,gmA_gm_kndvi,0.06809602521806814
dark_n_unified,gmA_gm_nbr,0.05847833418726932
dark_n_unified,gmA_gm_ndvi,0.057586146346945234
dark_n_unified,lvl5_red,0.05177962284858558
dark_n_unified,topo_elevation,0.048964334788129206
dark_n_unified,lvl5_swir2,0.04599414557354717
dark_n_unified,gmA_gm_band_red,0.034580608336448514
dark_n_unified,lvl5_green,0.03410734013285879
dark_n_unified,gmA_gm_band_swir2,0.033655541071479604
dark_n_unified,lvl5_swir1,0.02169949169262089
dark_n_unified,gmA_gm_smad,0.02068924628844835
dark_n_unified,gmA_gm_band_green,0.020080007669345375
dark_n_unified,lvl5_blue,0.018541573234698596
dark_n_unified,topo_tri,0.01753684479821342
dark_n_unified,topo_slope,0.01633742231088779
dark_n_unified,gmA_gm_evi,0.016121557714429875
dark_n_unified,topo_heat_load,0.014953656403301752
dark_n_unified,topo_northness,0.013973761912762565
dark_n_unified,gmA_gm_band_swir1,0.013861907060989786
dark_n_unified,gmA_gm_emad,0.013399492284947185
dark_n_unified,gmA_gm_band_blue,0.012711688941863064
dark_n_unified,gmA_gm_savi,0.01265396931926748
dark_n_unified,tex5_nir_contrast,0.012219980675547781
dark_n_unified,area_log10,0.012057917331089003
dark_n_unified,lvl5_nir,0.011896845704780579
dark_n_unified,tex5_nir_entropy,0.01125386526879991
dark_n_unified,tex5_swir2_idm,0.011098054094793901
dark_n_unified,topo_curvature,0.011016580694023042
dark_n_unified,topo_tpi,0.011004711958025905
dark_n_unified,tex5_nir_variance,0.010708022737130613
dark_n_unified,gmA_gm_bcmad,0.010522398430145503
dark_n_unified,tex5_nir_idm,0.010434801460787912
dark_n_unified,tex5_nir_asm,0.010157856032927143
dark_n_unified,topo_eastness,0.010093561761620183
dark_n_unified,tex5_swir1_idm,0.009837964062228472
dark_n_unified,gmA_gm_band_nir,0.0096535655849787
dark_n_unified,tex5_nir_correlation,0.009019292897879946
dark_n_unified,tex5_swir2_contrast,0.008069389410897328
dark_n_unified,tex5_swir1_correlation,0.007934935328271008
dark_n_unified,tex5_swir2_asm,0.007748389414899151
dark_n_unified,tex5_swir2_entropy,0.007736831900997244
dark_n_unified,tex5_swir1_entropy,0.007714235236736681
dark_n_unified,tex5_blue_correlation,0.00754108553404591
dark_n_unified,tex5_swir1_contrast,0.0075272418665338
dark_n_unified,tex5_red_correlation,0.0075258301076721575
dark_n_unified,tex5_swir1_variance,0.007455288554568206
dark_n_unified,tex5_green_asm,0.007365398386047067
dark_n_unified,area_stratum_counts,0.0072590494568209995
dark_n_unified,tex5_swir2_correlation,0.0070568842034567855
dark_n_unified,tex5_swir1_asm,0.007037592178832175
dark_n_unified,tex5_blue_idm,0.006657950315299467
dark_n_unified,tex5_red_idm,0.006525392756414322
dark_n_unified,tex5_red_asm,0.006516716122244285
dark_n_unified,tex5_green_correlation,0.006508823263984699
dark_n_unified,tex5_swir2_variance,0.0064064787320090594
dark_n_unified,tex5_green_variance,0.006209219731859221
dark_n_unified,tex5_green_idm,0.006067309672036274
dark_n_unified,tex5_blue_variance,0.005966310422553857
dark_n_unified,tex5_blue_asm,0.005788764428058441
dark_n_unified,tex5_green_contrast,0.005721853842567846
dark_n_unified,tex5_red_variance,0.005663087199694343
dark_n_unified,tex5_green_entropy,0.00561255417486165
dark_n_unified,tex5_blue_contrast,0.005406093221625145
dark_n_unified,tex5_blue_entropy,0.00530231831276345
dark_n_unified,tex5_red_contrast,0.004994702334374353
dark_n_unified,tex5_red_entropy,0.004922639283589228
dark_n_unified,area_stratum_presence,0.0009522438047708641
dark_n_unified,tex5_red_correlation_isna,2.3735686692144644e-05
dark_n_unified,tex5_blue_correlation_isna,1.2310395412633634e-06
dark_n_unified,tex5_swir1_correlation_isna,1.0197152907672957e-06
dark_n_unified,topo_topo_flat,5.576156067173664e-07
dark_n_unified,tex5_green_correlation_isna,4.656568654890272e-07
dark_n_unified,topo_northness_isna,1.749667260087709e-07
dark_n_unified,tex5_swir2_correlation_isna,6.929092637200813e-08
dark_n_unified,area_stratum_basal,0.0
dark_n_unified,gmA_gm_band_blue_isna,0.0
dark_n_unified,gmA_gm_band_green_isna,0.0
dark_n_unified,gmA_gm_band_nir_isna,0.0
dark_n_unified,gmA_gm_band_red_isna,0.0
dark_n_unified,gmA_gm_band_swir1_isna,0.0
dark_n_unified,gmA_gm_band_swir2_isna,0.0
dark_n_unified,gmA_gm_bcmad_isna,0.0
dark_n_unified,gmA_gm_emad_isna,0.0
dark_n_unified,gmA_gm_evi_isna,0.0
dark_n_unified,gmA_gm_kndvi_isna,0.0
dark_n_unified,gmA_gm_nbr_isna,0.0
dark_n_unified,gmA_gm_ndvi_isna,0.0
dark_n_unified,gmA_gm_savi_isna,0.0
dark_n_unified,gmA_gm_smad_isna,0.0
dark_n_unified,lvl5_blue_isna,0.0
dark_n_unified,lvl5_green_isna,0.0
dark_n_unified,lvl5_nir_isna,0.0
dark_n_unified,lvl5_red_isna,0.0
dark_n_unified,lvl5_swir1_isna,0.0
dark_n_unified,lvl5_swir2_isna,0.0
dark_n_unified,tex5_blue_asm_isna,0.0
dark_n_unified,tex5_blue_contrast_isna,0.0
dark_n_unified,tex5_blue_entropy_isna,0.0
dark_n_unified,tex5_blue_idm_isna,0.0
dark_n_unified,tex5_blue_variance_isna,0.0
dark_n_unified,tex5_green_asm_isna,0.0
dark_n_unified,tex5_green_contrast_isna,0.0
dark_n_unified,tex5_green_entropy_isna,0.0
dark_n_unified,tex5_green_idm_isna,0.0
dark_n_unified,tex5_green_variance_isna,0.0
dark_n_unified,tex5_nir_asm_isna,0.0
dark_n_unified,tex5_nir_contrast_isna,0.0
dark_n_unified,tex5_nir_correlation_isna,0.0
dark_n_unified,tex5_nir_entropy_isna,0.0
dark_n_unified,tex5_nir_idm_isna,0.0
dark_n_unified,tex5_nir_variance_isna,0.0
dark_n_unified,tex5_red_asm_isna,0.0
dark_n_unified,tex5_red_contrast_isna,0.0
dark_n_unified,tex5_red_entropy_isna,0.0
dark_n_unified,tex5_red_idm_isna,0.0
dark_n_unified,tex5_red_variance_isna,0.0
dark_n_unified,tex5_swir1_asm_isna,0.0
dark_n_unified,tex5_swir1_contrast_isna,0.0
dark_n_unified,tex5_swir1_entropy_isna,0.0
dark_n_unified,tex5_swir1_idm_isna,0.0
dark_n_unified,tex5_swir1_variance_isna,0.0
dark_n_unified,tex5_swir2_asm_isna,0.0
dark_n_unified,tex5_swir2_contrast_isna,0.0
dark_n_unified,tex5_swir2_entropy_isna,0.0
dark_n_unified,tex5_swir2_idm_isna,0.0
dark_n_unified,tex5_swir2_variance_isna,0.0
dark_n_unified,topo_eastness_isna,0.0
dark_n_unified,topo_heat_load_isna,0.0
hill_q0_unified,topo_elevation,0.0775268702700648
hill_q0_unified,lvl5_blue,0.07413506753991644
hill_q0_unified,area_log10,0.0671988572953763
hill_q0_unified,gmA_gm_band_blue,0.05729118250894122
hill_q0_unified,gmA_gm_kndvi,0.037546720697277866
hill_q0_unified,gmA_gm_ndvi,0.031004940965084014
hill_q0_unified,gmA_gm_smad,0.026880400910423725
hill_q0_unified,gmA_gm_nbr,0.025757523227953393
hill_q0_unified,lvl5_red,0.025416420278617367
hill_q0_unified,lvl5_green,0.02431396613541606
hill_q0_unified,gmA_gm_band_green,0.02011115385891021
hill_q0_unified,gmA_gm_savi,0.01673359193611158
hill_q0_unified,tex5_nir_idm,0.016211067997410393
hill_q0_unified,gmA_gm_band_red,0.01573510094267925
hill_q0_unified,tex5_nir_entropy,0.015551667816201094
hill_q0_unified,topo_heat_load,0.015037118944033392
hill_q0_unified,tex5_nir_asm,0.01494535919007956
hill_q0_unified,gmA_gm_evi,0.0145081343460416
hill_q0_unified,tex5_nir_contrast,0.014456873832843536
hill_q0_unified,topo_tpi,0.014027287951234854
hill_q0_unified,gmA_gm_bcmad,0.01395223785632293
hill_q0_unified,gmA_gm_emad,0.013848404001787898
hill_q0_unified,topo_northness,0.013579440778188265
hill_q0_unified,topo_curvature,0.013540173092481386
hill_q0_unified,gmA_gm_band_swir2,0.012939623033002801
hill_q0_unified,lvl5_swir2,0.012855659532025571
hill_q0_unified,topo_tri,0.012375047532160333
hill_q0_unified,topo_slope,0.012081387474165043
hill_q0_unified,topo_eastness,0.01208118848616346
hill_q0_unified,lvl5_nir,0.011880008830432949
hill_q0_unified,area_stratum_counts,0.011693065505284797
hill_q0_unified,lvl5_swir1,0.01088815985414334
hill_q0_unified,gmA_gm_band_swir1,0.010304413431846252
hill_q0_unified,tex5_nir_correlation,0.009843033134746658
hill_q0_unified,tex5_blue_contrast,0.0094516127347024
hill_q0_unified,tex5_swir1_correlation,0.009271780344206212
hill_q0_unified,tex5_nir_variance,0.00900187977836435
hill_q0_unified,tex5_swir2_correlation,0.008976861600625163
hill_q0_unified,gmA_gm_band_nir,0.008498982670947404
hill_q0_unified,tex5_blue_idm,0.008281973322913961
hill_q0_unified,tex5_blue_asm,0.008275837287647445
hill_q0_unified,tex5_red_correlation,0.008119380440803233
hill_q0_unified,tex5_swir1_variance,0.007503356716100873
hill_q0_unified,tex5_blue_correlation,0.007480337746855262
hill_q0_unified,tex5_swir1_contrast,0.007262747960011394
hill_q0_unified,tex5_red_asm,0.007253772106433245
hill_q0_unified,tex5_green_correlation,0.0072241784517254925
hill_q0_unified,tex5_swir1_idm,0.007057241830718384
hill_q0_unified,tex5_blue_entropy,0.00693902683382962
hill_q0_unified,tex5_green_idm,0.006936101912169724
hill_q0_unified,tex5_green_contrast,0.00677498966360845
hill_q0_unified,tex5_swir1_asm,0.006589971965776366
hill_q0_unified,tex5_swir2_variance,0.0065826826135119395
hill_q0_unified,tex5_green_asm,0.0065403034222147275
hill_q0_unified,tex5_swir1_entropy,0.006444433982647424
hill_q0_unified,tex5_green_entropy,0.006184412153951021
hill_q0_unified,tex5_blue_variance,0.006080548403273744
hill_q0_unified,tex5_swir2_asm,0.005983311067174907
hill_q0_unified,tex5_red_idm,0.00592727795185201
hill_q0_unified,tex5_swir2_contrast,0.005645684241809499
hill_q0_unified,tex5_swir2_idm,0.005627189611255756
hill_q0_unified,tex5_red_contrast,0.00561268553842552
hill_q0_unified,tex5_green_variance,0.005551632228004988
hill_q0_unified,tex5_red_variance,0.005376111663039822
hill_q0_unified,tex5_red_entropy,0.005331529868371973
hill_q0_unified,tex5_swir2_entropy,0.005260109057423962
hill_q0_unified,area_stratum_presence,0.0006101740163069646
hill_q0_unified,area_stratum_basal,4.732120835225848e-05
hill_q0_unified,topo_heat_load_isna,1.6802125753228532e-05
hill_q0_unified,topo_northness_isna,7.592087781945168e-06
hill_q0_unified,tex5_red_correlation_isna,6.888546948891098e-06
hill_q0_unified,tex5_blue_correlation_isna,5.05508622442558e-06
hill_q0_unified,topo_eastness_isna,4.087661280692765e-06
hill_q0_unified,topo_topo_flat,2.80097913943472e-06
hill_q0_unified,tex5_swir1_correlation_isna,1.8393044755415118e-07
hill_q0_unified,gmA_gm_band_blue_isna,0.0
hill_q0_unified,gmA_gm_band_green_isna,0.0
hill_q0_unified,gmA_gm_band_nir_isna,0.0
hill_q0_unified,gmA_gm_band_red_isna,0.0
hill_q0_unified,gmA_gm_band_swir1_isna,0.0
hill_q0_unified,gmA_gm_band_swir2_isna,0.0
hill_q0_unified,gmA_gm_bcmad_isna,0.0
hill_q0_unified,gmA_gm_emad_isna,0.0
hill_q0_unified,gmA_gm_evi_isna,0.0
hill_q0_unified,gmA_gm_kndvi_isna,0.0
hill_q0_unified,gmA_gm_nbr_isna,0.0
hill_q0_unified,gmA_gm_ndvi_isna,0.0
hill_q0_unified,gmA_gm_savi_isna,0.0
hill_q0_unified,gmA_gm_smad_isna,0.0
hill_q0_unified,lvl5_blue_isna,0.0
hill_q0_unified,lvl5_green_isna,0.0
hill_q0_unified,lvl5_nir_isna,0.0
hill_q0_unified,lvl5_red_isna,0.0
hill_q0_unified,lvl5_swir1_isna,0.0
hill_q0_unified,lvl5_swir2_isna,0.0
hill_q0_unified,tex5_blue_asm_isna,0.0
hill_q0_unified,tex5_blue_contrast_isna,0.0
hill_q0_unified,tex5_blue_entropy_isna,0.0
hill_q0_unified,tex5_blue_idm_isna,0.0
hill_q0_unified,tex5_blue_variance_isna,0.0
hill_q0_unified,tex5_green_asm_isna,0.0
hill_q0_unified,tex5_green_contrast_isna,0.0
hill_q0_unified,tex5_green_correlation_isna,0.0
hill_q0_unified,tex5_green_entropy_isna,0.0
hill_q0_unified,tex5_green_idm_isna,0.0
hill_q0_unified,tex5_green_variance_isna,0.0
hill_q0_unified,tex5_nir_asm_isna,0.0
hill_q0_unified,tex5_nir_contrast_isna,0.0
hill_q0_unified,tex5_nir_correlation_isna,0.0
hill_q0_unified,tex5_nir_entropy_isna,0.0
hill_q0_unified,tex5_nir_idm_isna,0.0
hill_q0_unified,tex5_nir_variance_isna,0.0
hill_q0_unified,tex5_red_asm_isna,0.0
hill_q0_unified,tex5_red_contrast_isna,0.0
hill_q0_unified,tex5_red_entropy_isna,0.0
hill_q0_unified,tex5_red_idm_isna,0.0
hill_q0_unified,tex5_red_variance_isna,0.0
hill_q0_unified,tex5_swir1_asm_isna,0.0
hill_q0_unified,tex5_swir1_contrast_isna,0.0
hill_q0_unified,tex5_swir1_entropy_isna,0.0
hill_q0_unified,tex5_swir1_idm_isna,0.0
hill_q0_unified,tex5_swir1_variance_isna,0.0
hill_q0_unified,tex5_swir2_asm_isna,0.0
hill_q0_unified,tex5_swir2_contrast_isna,0.0
hill_q0_unified,tex5_swir2_correlation_isna,0.0
hill_q0_unified,tex5_swir2_entropy_isna,0.0
hill_q0_unified,tex5_swir2_idm_isna,0.0
hill_q0_unified,tex5_swir2_variance_isna,0.0
isomap1_freq_unified,area_log10,0.10576816693969211
isomap1_freq_unified,topo_elevation,0.08808427320338842
isomap1_freq_unified,gmA_gm_smad,0.06800798001221356
isomap1_freq_unified,gmA_gm_ndvi,0.05755720201106641
isomap1_freq_unified,gmA_gm_kndvi,0.05717330139577705
isomap1_freq_unified,gmA_gm_savi,0.04446106271787825
isomap1_freq_unified,gmA_gm_evi,0.03893348510871102
isomap1_freq_unified,gmA_gm_nbr,0.03799670022002755
isomap1_freq_unified,topo_tri,0.02811798807394118
isomap1_freq_unified,topo_slope,0.017588935318749582
isomap1_freq_unified,lvl5_nir,0.015412847781244549
isomap1_freq_unified,gmA_gm_band_blue,0.014950273868337055
isomap1_freq_unified,area_stratum_counts,0.01427462392826597
isomap1_freq_unified,lvl5_blue,0.014166915383273629
isomap1_freq_unified,gmA_gm_bcmad,0.012852471741953305
isomap1_freq_unified,gmA_gm_emad,0.012324895019014417
isomap1_freq_unified,topo_heat_load,0.012268228036557688
isomap1_freq_unified,topo_tpi,0.012216288331864252
isomap1_freq_unified,gmA_gm_band_nir,0.011923919435133604
isomap1_freq_unified,tex5_nir_contrast,0.011839842721393117
isomap1_freq_unified,tex5_nir_idm,0.011391473062688168
isomap1_freq_unified,tex5_nir_asm,0.011194090219003378
isomap1_freq_unified,topo_eastness,0.011054251066659157
isomap1_freq_unified,tex5_nir_entropy,0.010512512389862349
isomap1_freq_unified,topo_curvature,0.01038569808057588
isomap1_freq_unified,tex5_swir2_idm,0.010244443526902573
isomap1_freq_unified,tex5_nir_variance,0.009842467406754384
isomap1_freq_unified,topo_northness,0.009281608227062114
isomap1_freq_unified,tex5_nir_correlation,0.009090738897760473
isomap1_freq_unified,gmA_gm_band_red,0.008763194138693094
isomap1_freq_unified,lvl5_red,0.008665844133328875
isomap1_freq_unified,lvl5_swir2,0.008430839974945465
isomap1_freq_unified,lvl5_green,0.008036293765789387
isomap1_freq_unified,gmA_gm_band_swir2,0.008011297151562244
isomap1_freq_unified,tex5_swir2_asm,0.007852368144525276
isomap1_freq_unified,tex5_swir2_contrast,0.00780911481897259
isomap1_freq_unified,gmA_gm_band_swir1,0.007507133914897002
isomap1_freq_unified,lvl5_swir1,0.007384110397121971
isomap1_freq_unified,gmA_gm_band_green,0.007334244005111819
isomap1_freq_unified,tex5_swir1_correlation,0.0073077000367914105
isomap1_freq_unified,tex5_swir2_entropy,0.006669381364206623
isomap1_freq_unified,tex5_blue_asm,0.006659317516830557
isomap1_freq_unified,tex5_blue_contrast,0.006465403757179708
isomap1_freq_unified,tex5_swir2_correlation,0.006396284939590505
isomap1_freq_unified,tex5_green_correlation,0.006169982971759473
isomap1_freq_unified,tex5_blue_correlation,0.006133776834001291
isomap1_freq_unified,tex5_swir1_idm,0.00612187181067092
isomap1_freq_unified,tex5_blue_idm,0.006084097050373583
isomap1_freq_unified,tex5_swir1_contrast,0.005980575616652616
isomap1_freq_unified,tex5_red_correlation,0.005885361246040418
isomap1_freq_unified,tex5_blue_entropy,0.005613733626397321
isomap1_freq_unified,tex5_swir1_variance,0.005602161101074902
isomap1_freq_unified,tex5_swir1_asm,0.005382074653559053
isomap1_freq_unified,tex5_blue_variance,0.005336240264477326
isomap1_freq_unified,tex5_red_asm,0.005295642720742198
isomap1_freq_unified,tex5_green_asm,0.0052386805257781405
isomap1_freq_unified,tex5_red_variance,0.005203121231057413
isomap1_freq_unified,tex5_green_contrast,0.005183328734081034
isomap1_freq_unified,tex5_swir2_variance,0.00510282166300627
isomap1_freq_unified,tex5_green_idm,0.004895830236408182
isomap1_freq_unified,tex5_swir1_entropy,0.004867578005674561
isomap1_freq_unified,tex5_green_variance,0.004841377892011547
isomap1_freq_unified,tex5_red_idm,0.004825923906432711
isomap1_freq_unified,tex5_green_entropy,0.004661327110262768
isomap1_freq_unified,tex5_red_contrast,0.004458412156612131
isomap1_freq_unified,tex5_red_entropy,0.00438674540360754
isomap1_freq_unified,area_stratum_basal,0.0003900336805397589
isomap1_freq_unified,topo_northness_isna,4.9821196117627085e-05
isomap1_freq_unified,topo_topo_flat,3.339456524301311e-05
isomap1_freq_unified,topo_eastness_isna,3.297677376629622e-05
isomap1_freq_unified,topo_heat_load_isna,6.6336743334839706e-06
isomap1_freq_unified,tex5_blue_correlation_isna,3.369534546603588e-06
isomap1_freq_unified,tex5_swir1_correlation_isna,2.036256586328116e-06
isomap1_freq_unified,tex5_red_correlation_isna,1.154933395323732e-06
isomap1_freq_unified,tex5_green_correlation_isna,6.896574113442391e-07
isomap1_freq_unified,tex5_swir2_correlation_isna,1.278208112432826e-08
isomap1_freq_unified,area_stratum_presence,0.0
isomap1_freq_unified,gmA_gm_band_blue_isna,0.0
isomap1_freq_unified,gmA_gm_band_green_isna,0.0
isomap1_freq_unified,gmA_gm_band_nir_isna,0.0
isomap1_freq_unified,gmA_gm_band_red_isna,0.0
isomap1_freq_unified,gmA_gm_band_swir1_isna,0.0
isomap1_freq_unified,gmA_gm_band_swir2_isna,0.0
isomap1_freq_unified,gmA_gm_bcmad_isna,0.0
isomap1_freq_unified,gmA_gm_emad_isna,0.0
isomap1_freq_unified,gmA_gm_evi_isna,0.0
isomap1_freq_unified,gmA_gm_kndvi_isna,0.0
isomap1_freq_unified,gmA_gm_nbr_isna,0.0
isomap1_freq_unified,gmA_gm_ndvi_isna,0.0
isomap1_freq_unified,gmA_gm_savi_isna,0.0
isomap1_freq_unified,gmA_gm_smad_isna,0.0
isomap1_freq_unified,lvl5_blue_isna,0.0
isomap1_freq_unified,lvl5_green_isna,0.0
isomap1_freq_unified,lvl5_nir_isna,0.0
isomap1_freq_unified,lvl5_red_isna,0.0
isomap1_freq_unified,lvl5_swir1_isna,0.0
isomap1_freq_unified,lvl5_swir2_isna,0.0
isomap1_freq_unified,tex5_blue_asm_isna,0.0
isomap1_freq_unified,tex5_blue_contrast_isna,0.0
isomap1_freq_unified,tex5_blue_entropy_isna,0.0
isomap1_freq_unified,tex5_blue_idm_isna,0.0
isomap1_freq_unified,tex5_blue_variance_isna,0.0
isomap1_freq_unified,tex5_green_asm_isna,0.0
isomap1_freq_unified,tex5_green_contrast_isna,0.0
isomap1_freq_unified,tex5_green_entropy_isna,0.0
isomap1_freq_unified,tex5_green_idm_isna,0.0
isomap1_freq_unified,tex5_green_variance_isna,0.0
isomap1_freq_unified,tex5_nir_asm_isna,0.0
isomap1_freq_unified,tex5_nir_contrast_isna,0.0
isomap1_freq_unified,tex5_nir_correlation_isna,0.0
isomap1_freq_unified,tex5_nir_entropy_isna,0.0
isomap1_freq_unified,tex5_nir_idm_isna,0.0
isomap1_freq_unified,tex5_nir_variance_isna,0.0
isomap1_freq_unified,tex5_red_asm_isna,0.0
isomap1_freq_unified,tex5_red_contrast_isna,0.0
isomap1_freq_unified,tex5_red_entropy_isna,0.0
isomap1_freq_unified,tex5_red_idm_isna,0.0
isomap1_freq_unified,tex5_red_variance_isna,0.0
isomap1_freq_unified,tex5_swir1_asm_isna,0.0
isomap1_freq_unified,tex5_swir1_contrast_isna,0.0
isomap1_freq_unified,tex5_swir1_entropy_isna,0.0
isomap1_freq_unified,tex5_swir1_idm_isna,0.0
isomap1_freq_unified,tex5_swir1_variance_isna,0.0
isomap1_freq_unified,tex5_swir2_asm_isna,0.0
isomap1_freq_unified,tex5_swir2_contrast_isna,0.0
isomap1_freq_unified,tex5_swir2_entropy_isna,0.0
isomap1_freq_unified,tex5_swir2_idm_isna,0.0
isomap1_freq_unified,tex5_swir2_variance_isna,0.0
isomap1_pa_unified,gmA_gm_kndvi,0.08946485394342206
isomap1_pa_unified,gmA_gm_evi,0.08405707081217566
isomap1_pa_unified,gmA_gm_ndvi,0.08050768289033139
isomap1_pa_unified,topo_elevation,0.07832864381014834
isomap1_pa_unified,gmA_gm_savi,0.0630288940166937
isomap1_pa_unified,gmA_gm_nbr,0.048452340122366246
isomap1_pa_unified,gmA_gm_smad,0.046564130052395514
isomap1_pa_unified,area_log10,0.042194833605592924
isomap1_pa_unified,topo_tri,0.0163792292842236
isomap1_pa_unified,gmA_gm_emad,0.015632971500325804
isomap1_pa_unified,topo_curvature,0.014321899459370352
isomap1_pa_unified,topo_tpi,0.013173726968092311
isomap1_pa_unified,topo_heat_load,0.012862207759751054
isomap1_pa_unified,gmA_gm_band_red,0.012642103968430896
isomap1_pa_unified,topo_slope,0.012456426488902267
isomap1_pa_unified,lvl5_nir,0.012320579289736682
isomap1_pa_unified,gmA_gm_bcmad,0.01191901841141991
isomap1_pa_unified,tex5_nir_contrast,0.011190665514063081
isomap1_pa_unified,topo_eastness,0.01108800567298156
isomap1_pa_unified,lvl5_red,0.01081182054705864
isomap1_pa_unified,gmA_gm_band_blue,0.010662708426160412
isomap1_pa_unified,tex5_nir_variance,0.01065636751765724
isomap1_pa_unified,lvl5_blue,0.010232017909939503
isomap1_pa_unified,area_stratum_counts,0.009731383105045515
isomap1_pa_unified,topo_northness,0.009630627209245584
isomap1_pa_unified,lvl5_swir2,0.009583736324440973
isomap1_pa_unified,gmA_gm_band_green,0.009578094011542752
isomap1_pa_unified,tex5_nir_idm,0.009414971998073037
isomap1_pa_unified,gmA_gm_band_nir,0.008872166880170548
isomap1_pa_unified,tex5_nir_entropy,0.00862588702044382
isomap1_pa_unified,lvl5_green,0.008617360696345687
isomap1_pa_unified,gmA_gm_band_swir2,0.00840831786531843
isomap1_pa_unified,lvl5_swir1,0.007843489538849795
isomap1_pa_unified,tex5_nir_correlation,0.007643866187775425
isomap1_pa_unified,tex5_nir_asm,0.0074448791829485415
isomap1_pa_unified,tex5_swir1_idm,0.006992083583779318
isomap1_pa_unified,tex5_blue_correlation,0.006876493922789715
isomap1_pa_unified,tex5_blue_idm,0.006524434454307731
isomap1_pa_unified,tex5_blue_entropy,0.006523598704303575
isomap1_pa_unified,gmA_gm_band_swir1,0.006507034169021285
isomap1_pa_unified,tex5_swir1_asm,0.006344346477621174
isomap1_pa_unified,tex5_swir1_correlation,0.006295045049388335
isomap1_pa_unified,tex5_swir2_idm,0.006168911436072997
isomap1_pa_unified,tex5_green_correlation,0.006157778680206281
isomap1_pa_unified,tex5_swir1_entropy,0.0061013113923359865
isomap1_pa_unified,tex5_swir2_asm,0.006063056232105476
isomap1_pa_unified,tex5_red_contrast,0.0060119970948372395
isomap1_pa_unified,tex5_red_correlation,0.005921171708158475
isomap1_pa_unified,tex5_swir2_correlation,0.005780514834986269
isomap1_pa_unified,tex5_blue_asm,0.005770040901548963
isomap1_pa_unified,tex5_blue_variance,0.005657434790587679
isomap1_pa_unified,tex5_swir1_contrast,0.005521725697504745
isomap1_pa_unified,tex5_swir1_variance,0.005477630509701589
isomap1_pa_unified,tex5_swir2_entropy,0.005471502117018275
isomap1_pa_unified,tex5_red_idm,0.005358733625735499
isomap1_pa_unified,tex5_blue_contrast,0.00528000678104282
isomap1_pa_unified,tex5_red_variance,0.005211200200648454
isomap1_pa_unified,tex5_red_asm,0.00517301461604902
isomap1_pa_unified,tex5_green_variance,0.004985857754314167
isomap1_pa_unified,tex5_green_idm,0.004930849693532213
isomap1_pa_unified,tex5_green_contrast,0.004721798531125469
isomap1_pa_unified,tex5_swir2_contrast,0.004708500265964249
isomap1_pa_unified,tex5_green_asm,0.00461165180663506
isomap1_pa_unified,tex5_red_entropy,0.004565336176155626
isomap1_pa_unified,tex5_swir2_variance,0.0045200814606651185
isomap1_pa_unified,tex5_green_entropy,0.004335255823704363
isomap1_pa_unified,area_stratum_basal,0.0005405639783732138
isomap1_pa_unified,area_stratum_presence,0.0005381019339016312
isomap1_pa_unified,topo_topo_flat,3.417839874993384e-06
isomap1_pa_unified,tex5_red_correlation_isna,3.244857092778209e-06
isomap1_pa_unified,tex5_blue_correlation_isna,2.6583812819771e-06
isomap1_pa_unified,tex5_swir1_correlation_isna,2.177273694271989e-07
isomap1_pa_unified,topo_eastness_isna,1.4342598299413212e-07
isomap1_pa_unified,tex5_swir2_correlation_isna,1.3595520681495968e-07
isomap1_pa_unified,topo_northness_isna,9.535187697239453e-08
isomap1_pa_unified,tex5_green_correlation_isna,4.406575279391508e-08
isomap1_pa_unified,gmA_gm_band_blue_isna,0.0
isomap1_pa_unified,gmA_gm_band_green_isna,0.0
isomap1_pa_unified,gmA_gm_band_nir_isna,0.0
isomap1_pa_unified,gmA_gm_band_red_isna,0.0
isomap1_pa_unified,gmA_gm_band_swir1_isna,0.0
isomap1_pa_unified,gmA_gm_band_swir2_isna,0.0
isomap1_pa_unified,gmA_gm_bcmad_isna,0.0
isomap1_pa_unified,gmA_gm_emad_isna,0.0
isomap1_pa_unified,gmA_gm_evi_isna,0.0
isomap1_pa_unified,gmA_gm_kndvi_isna,0.0
isomap1_pa_unified,gmA_gm_nbr_isna,0.0
isomap1_pa_unified,gmA_gm_ndvi_isna,0.0
isomap1_pa_unified,gmA_gm_savi_isna,0.0
isomap1_pa_unified,gmA_gm_smad_isna,0.0
isomap1_pa_unified,lvl5_blue_isna,0.0
isomap1_pa_unified,lvl5_green_isna,0.0
isomap1_pa_unified,lvl5_nir_isna,0.0
isomap1_pa_unified,lvl5_red_isna,0.0
isomap1_pa_unified,lvl5_swir1_isna,0.0
isomap1_pa_unified,lvl5_swir2_isna,0.0
isomap1_pa_unified,tex5_blue_asm_isna,0.0
isomap1_pa_unified,tex5_blue_contrast_isna,0.0
isomap1_pa_unified,tex5_blue_entropy_isna,0.0
isomap1_pa_unified,tex5_blue_idm_isna,0.0
isomap1_pa_unified,tex5_blue_variance_isna,0.0
isomap1_pa_unified,tex5_green_asm_isna,0.0
isomap1_pa_unified,tex5_green_contrast_isna,0.0
isomap1_pa_unified,tex5_green_entropy_isna,0.0
isomap1_pa_unified,tex5_green_idm_isna,0.0
isomap1_pa_unified,tex5_green_variance_isna,0.0
isomap1_pa_unified,tex5_nir_asm_isna,0.0
isomap1_pa_unified,tex5_nir_contrast_isna,0.0
isomap1_pa_unified,tex5_nir_correlation_isna,0.0
isomap1_pa_unified,tex5_nir_entropy_isna,0.0
isomap1_pa_unified,tex5_nir_idm_isna,0.0
isomap1_pa_unified,tex5_nir_variance_isna,0.0
isomap1_pa_unified,tex5_red_asm_isna,0.0
isomap1_pa_unified,tex5_red_contrast_isna,0.0
isomap1_pa_unified,tex5_red_entropy_isna,0.0
isomap1_pa_unified,tex5_red_idm_isna,0.0
isomap1_pa_unified,tex5_red_variance_isna,0.0
isomap1_pa_unified,tex5_swir1_asm_isna,0.0
isomap1_pa_unified,tex5_swir1_contrast_isna,0.0
isomap1_pa_unified,tex5_swir1_entropy_isna,0.0
isomap1_pa_unified,tex5_swir1_idm_isna,0.0
isomap1_pa_unified,tex5_swir1_variance_isna,0.0
isomap1_pa_unified,tex5_swir2_asm_isna,0.0
isomap1_pa_unified,tex5_swir2_contrast_isna,0.0
isomap1_pa_unified,tex5_swir2_entropy_isna,0.0
isomap1_pa_unified,tex5_swir2_idm_isna,0.0
isomap1_pa_unified,tex5_swir2_variance_isna,0.0
isomap1_pa_unified,topo_heat_load_isna,0.0
isomap2_freq_unified,gmA_gm_band_red,0.1241546412869498
isomap2_freq_unified,gmA_gm_nbr,0.10264043012314632
isomap2_freq_unified,gmA_gm_kndvi,0.09257355416670213
isomap2_freq_unified,gmA_gm_ndvi,0.09159672015233158
isomap2_freq_unified,gmA_gm_band_blue,0.07663325306066038
isomap2_freq_unified,gmA_gm_band_green,0.06564389692598324
isomap2_freq_unified,lvl5_red,0.062342013764641435
isomap2_freq_unified,lvl5_blue,0.055899637712005526
isomap2_freq_unified,topo_elevation,0.029514074525885354
isomap2_freq_unified,gmA_gm_band_swir2,0.020489328269680713
isomap2_freq_unified,gmA_gm_savi,0.01735862215856492
isomap2_freq_unified,lvl5_swir2,0.016896442573105845
isomap2_freq_unified,gmA_gm_evi,0.01444919543002204
isomap2_freq_unified,lvl5_green,0.014121932156779881
isomap2_freq_unified,gmA_gm_smad,0.01311603679415545
isomap2_freq_unified,lvl5_swir1,0.007969779097223186
isomap2_freq_unified,gmA_gm_bcmad,0.007330896490041368
isomap2_freq_unified,topo_tri,0.0071893766262997845
isomap2_freq_unified,gmA_gm_emad,0.006825089773047553
isomap2_freq_unified,area_log10,0.006647697016833267
isomap2_freq_unified,topo_slope,0.006289052406658185
isomap2_freq_unified,topo_northness,0.005954160934940298
isomap2_freq_unified,topo_eastness,0.0057176009449777295
isomap2_freq_unified,topo_curvature,0.0055347632364717726
isomap2_freq_unified,gmA_gm_band_swir1,0.0054369101742922435
isomap2_freq_unified,gmA_gm_band_nir,0.005342829401093343
isomap2_freq_unified,topo_heat_load,0.005035981645620143
isomap2_freq_unified,tex5_nir_idm,0.00473239221228652
isomap2_freq_unified,lvl5_nir,0.004729356319488557
isomap2_freq_unified,topo_tpi,0.004627206991684021
isomap2_freq_unified,tex5_nir_variance,0.004486513004083319
isomap2_freq_unified,tex5_nir_contrast,0.004397434494155625
isomap2_freq_unified,area_stratum_counts,0.00438596909853597
isomap2_freq_unified,tex5_nir_correlation,0.004167935570367981
isomap2_freq_unified,tex5_swir2_idm,0.003966665450096461
isomap2_freq_unified,tex5_blue_correlation,0.0037845998516525766
isomap2_freq_unified,tex5_swir1_correlation,0.003664631960599494
isomap2_freq_unified,tex5_blue_variance,0.0036372092823913488
isomap2_freq_unified,tex5_swir1_idm,0.003600650941317559
isomap2_freq_unified,tex5_swir2_contrast,0.003593546954063032
isomap2_freq_unified,tex5_red_correlation,0.003493506930101738
isomap2_freq_unified,tex5_swir2_correlation,0.003424124180466865
isomap2_freq_unified,tex5_swir1_contrast,0.003329064194253533
isomap2_freq_unified,tex5_nir_asm,0.003210069506007216
isomap2_freq_unified,tex5_nir_entropy,0.003206704106670985
isomap2_freq_unified,tex5_green_variance,0.003181187377020283
isomap2_freq_unified,tex5_blue_contrast,0.003163568817668818
isomap2_freq_unified,tex5_green_correlation,0.003147950493529357
isomap2_freq_unified,tex5_blue_idm,0.003099332181862711
isomap2_freq_unified,tex5_blue_asm,0.0030537326291240926
isomap2_freq_unified,tex5_swir2_asm,0.0030360107358230713
isomap2_freq_unified,tex5_blue_entropy,0.0028236857645941313
isomap2_freq_unified,tex5_green_contrast,0.002762483573895667
isomap2_freq_unified,tex5_swir2_entropy,0.0027018399951467846
isomap2_freq_unified,tex5_swir1_asm,0.002685849922035074
isomap2_freq_unified,tex5_red_asm,0.0026823385359672257
isomap2_freq_unified,tex5_green_idm,0.0026501015388883664
isomap2_freq_unified,tex5_green_asm,0.0026431406576047024
isomap2_freq_unified,tex5_red_contrast,0.002620013516112409
isomap2_freq_unified,tex5_swir1_variance,0.0024872100413828872
isomap2_freq_unified,tex5_red_idm,0.0024630845144185606
isomap2_freq_unified,tex5_swir2_variance,0.002438025795288824
isomap2_freq_unified,tex5_swir1_entropy,0.002423611567119229
isomap2_freq_unified,tex5_red_entropy,0.002353486560809588
isomap2_freq_unified,tex5_red_variance,0.0022665862916166077
isomap2_freq_unified,tex5_green_entropy,0.002169240068812606
isomap2_freq_unified,tex5_swir1_correlation_isna,4.028591806498779e-06
isomap2_freq_unified,tex5_red_correlation_isna,8.120998319045e-07
isomap2_freq_unified,tex5_green_correlation_isna,6.314555820112104e-07
isomap2_freq_unified,topo_topo_flat,3.8159717381571104e-07
isomap2_freq_unified,tex5_swir2_correlation_isna,8.88103269319866e-08
isomap2_freq_unified,tex5_blue_correlation_isna,3.310142209181282e-08
isomap2_freq_unified,topo_northness_isna,2.384051764507619e-08
isomap2_freq_unified,topo_eastness_isna,2.2028281861120244e-08
isomap2_freq_unified,area_stratum_basal,0.0
isomap2_freq_unified,area_stratum_presence,0.0
isomap2_freq_unified,gmA_gm_band_blue_isna,0.0
isomap2_freq_unified,gmA_gm_band_green_isna,0.0
isomap2_freq_unified,gmA_gm_band_nir_isna,0.0
isomap2_freq_unified,gmA_gm_band_red_isna,0.0
isomap2_freq_unified,gmA_gm_band_swir1_isna,0.0
isomap2_freq_unified,gmA_gm_band_swir2_isna,0.0
isomap2_freq_unified,gmA_gm_bcmad_isna,0.0
isomap2_freq_unified,gmA_gm_emad_isna,0.0
isomap2_freq_unified,gmA_gm_evi_isna,0.0
isomap2_freq_unified,gmA_gm_kndvi_isna,0.0
isomap2_freq_unified,gmA_gm_nbr_isna,0.0
isomap2_freq_unified,gmA_gm_ndvi_isna,0.0
isomap2_freq_unified,gmA_gm_savi_isna,0.0
isomap2_freq_unified,gmA_gm_smad_isna,0.0
isomap2_freq_unified,lvl5_blue_isna,0.0
isomap2_freq_unified,lvl5_green_isna,0.0
isomap2_freq_unified,lvl5_nir_isna,0.0
isomap2_freq_unified,lvl5_red_isna,0.0
isomap2_freq_unified,lvl5_swir1_isna,0.0
isomap2_freq_unified,lvl5_swir2_isna,0.0
isomap2_freq_unified,tex5_blue_asm_isna,0.0
isomap2_freq_unified,tex5_blue_contrast_isna,0.0
isomap2_freq_unified,tex5_blue_entropy_isna,0.0
isomap2_freq_unified,tex5_blue_idm_isna,0.0
isomap2_freq_unified,tex5_blue_variance_isna,0.0
isomap2_freq_unified,tex5_green_asm_isna,0.0
isomap2_freq_unified,tex5_green_contrast_isna,0.0
isomap2_freq_unified,tex5_green_entropy_isna,0.0
isomap2_freq_unified,tex5_green_idm_isna,0.0
isomap2_freq_unified,tex5_green_variance_isna,0.0
isomap2_freq_unified,tex5_nir_asm_isna,0.0
isomap2_freq_unified,tex5_nir_contrast_isna,0.0
isomap2_freq_unified,tex5_nir_correlation_isna,0.0
isomap2_freq_unified,tex5_nir_entropy_isna,0.0
isomap2_freq_unified,tex5_nir_idm_isna,0.0
isomap2_freq_unified,tex5_nir_variance_isna,0.0
isomap2_freq_unified,tex5_red_asm_isna,0.0
isomap2_freq_unified,tex5_red_contrast_isna,0.0
isomap2_freq_unified,tex5_red_entropy_isna,0.0
isomap2_freq_unified,tex5_red_idm_isna,0.0
isomap2_freq_unified,tex5_red_variance_isna,0.0
isomap2_freq_unified,tex5_swir1_asm_isna,0.0
isomap2_freq_unified,tex5_swir1_contrast_isna,0.0
isomap2_freq_unified,tex5_swir1_entropy_isna,0.0
isomap2_freq_unified,tex5_swir1_idm_isna,0.0
isomap2_freq_unified,tex5_swir1_variance_isna,0.0
isomap2_freq_unified,tex5_swir2_asm_isna,0.0
isomap2_freq_unified,tex5_swir2_contrast_isna,0.0
isomap2_freq_unified,tex5_swir2_entropy_isna,0.0
isomap2_freq_unified,tex5_swir2_idm_isna,0.0
isomap2_freq_unified,tex5_swir2_variance_isna,0.0
isomap2_freq_unified,topo_heat_load_isna,0.0
isomap2_pa_unified,topo_elevation,0.06319389053494304
isomap2_pa_unified,area_log10,0.049378964474358814
isomap2_pa_unified,gmA_gm_evi,0.037565581890600594
isomap2_pa_unified,tex5_swir2_contrast,0.03489739205608446
isomap2_pa_unified,gmA_gm_nbr,0.032174944338741365
isomap2_pa_unified,gmA_gm_savi,0.027920217503848117
isomap2_pa_unified,gmA_gm_smad,0.025369941972288534
isomap2_pa_unified,tex5_swir2_idm,0.024795774199463525
isomap2_pa_unified,gmA_gm_ndvi,0.02467318324147579
isomap2_pa_unified,tex5_swir2_asm,0.024533868418385
isomap2_pa_unified,gmA_gm_kndvi,0.023458956538810645
isomap2_pa_unified,lvl5_swir2,0.018354134051089186
isomap2_pa_unified,lvl5_nir,0.01743724016783722
isomap2_pa_unified,topo_curvature,0.017059524162134725
isomap2_pa_unified,topo_heat_load,0.016781732277469538
isomap2_pa_unified,topo_tri,0.0166411310310962
isomap2_pa_unified,gmA_gm_band_swir1,0.016022606792822074
isomap2_pa_unified,tex5_swir2_entropy,0.015860496430679254
isomap2_pa_unified,topo_eastness,0.015795301520685485
isomap2_pa_unified,gmA_gm_band_nir,0.015732214133356917
isomap2_pa_unified,topo_slope,0.015284676662005614
isomap2_pa_unified,gmA_gm_band_swir2,0.014952623792496622
isomap2_pa_unified,lvl5_swir1,0.014939097304473434
isomap2_pa_unified,topo_tpi,0.014779898723677996
isomap2_pa_unified,tex5_swir2_variance,0.014566736850947564
isomap2_pa_unified,topo_northness,0.013933990193081714
isomap2_pa_unified,gmA_gm_emad,0.013906561635818404
isomap2_pa_unified,tex5_swir1_contrast,0.013181250898422028
isomap2_pa_unified,tex5_nir_correlation,0.01276796109724603
isomap2_pa_unified,tex5_blue_correlation,0.012291245133790516
isomap2_pa_unified,tex5_nir_idm,0.012289690421483465
isomap2_pa_unified,area_stratum_basal,0.011989416545607244
isomap2_pa_unified,gmA_gm_bcmad,0.011763405697347374
isomap2_pa_unified,gmA_gm_band_red,0.011527937510788334
isomap2_pa_unified,tex5_blue_idm,0.011451338836878435
isomap2_pa_unified,lvl5_blue,0.011435462146704042
isomap2_pa_unified,tex5_nir_contrast,0.011085321320177078
isomap2_pa_unified,gmA_gm_band_green,0.010624620552949021
isomap2_pa_unified,tex5_swir1_variance,0.010582108031445839
isomap2_pa_unified,tex5_nir_entropy,0.010538000842721109
isomap2_pa_unified,gmA_gm_band_blue,0.010504931593226052
isomap2_pa_unified,lvl5_red,0.010431590963837488
isomap2_pa_unified,lvl5_green,0.01033023284145683
isomap2_pa_unified,tex5_swir1_correlation,0.01021386340144856
isomap2_pa_unified,tex5_nir_variance,0.010066805737626956
isomap2_pa_unified,tex5_swir1_idm,0.010038266778378942
isomap2_pa_unified,tex5_nir_asm,0.00986595800049028
isomap2_pa_unified,tex5_red_asm,0.009863915016948676
isomap2_pa_unified,tex5_red_idm,0.00984623294835961
isomap2_pa_unified,tex5_swir2_correlation,0.009551972822739795
isomap2_pa_unified,tex5_red_correlation,0.009534927104683715
isomap2_pa_unified,tex5_green_correlation,0.009495297776981295
isomap2_pa_unified,tex5_swir1_asm,0.008714432707535705
isomap2_pa_unified,tex5_blue_contrast,0.008472451309866718
isomap2_pa_unified,tex5_blue_asm,0.008406968349843755
isomap2_pa_unified,tex5_green_idm,0.007977150432942587
isomap2_pa_unified,tex5_green_asm,0.007639997986117142
isomap2_pa_unified,tex5_blue_variance,0.007420134957220982
isomap2_pa_unified,tex5_swir1_entropy,0.007373880835087039
isomap2_pa_unified,tex5_blue_entropy,0.0072529531889652735
isomap2_pa_unified,tex5_green_entropy,0.007153228649831728
isomap2_pa_unified,tex5_green_contrast,0.007139895036385022
isomap2_pa_unified,tex5_red_entropy,0.007060893643256981
isomap2_pa_unified,tex5_red_variance,0.007045129542723047
isomap2_pa_unified,tex5_red_contrast,0.00690232843904959
isomap2_pa_unified,tex5_green_variance,0.006636711805248112
isomap2_pa_unified,area_stratum_counts,0.0024804001420170962
isomap2_pa_unified,area_stratum_presence,0.0010287976094560717
isomap2_pa_unified,tex5_red_correlation_isna,5.934434818723588e-06
isomap2_pa_unified,tex5_green_correlation_isna,4.199157563362723e-06
isomap2_pa_unified,tex5_blue_correlation_isna,9.891371940939525e-07
isomap2_pa_unified,tex5_swir2_correlation_isna,9.519750396680567e-07
isomap2_pa_unified,tex5_swir1_correlation_isna,1.3573942678261393e-07
isomap2_pa_unified,gmA_gm_band_blue_isna,0.0
isomap2_pa_unified,gmA_gm_band_green_isna,0.0
isomap2_pa_unified,gmA_gm_band_nir_isna,0.0
isomap2_pa_unified,gmA_gm_band_red_isna,0.0
isomap2_pa_unified,gmA_gm_band_swir1_isna,0.0
isomap2_pa_unified,gmA_gm_band_swir2_isna,0.0
isomap2_pa_unified,gmA_gm_bcmad_isna,0.0
isomap2_pa_unified,gmA_gm_emad_isna,0.0
isomap2_pa_unified,gmA_gm_evi_isna,0.0
isomap2_pa_unified,gmA_gm_kndvi_isna,0.0
isomap2_pa_unified,gmA_gm_nbr_isna,0.0
isomap2_pa_unified,gmA_gm_ndvi_isna,0.0
isomap2_pa_unified,gmA_gm_savi_isna,0.0
isomap2_pa_unified,gmA_gm_smad_isna,0.0
isomap2_pa_unified,lvl5_blue_isna,0.0
isomap2_pa_unified,lvl5_green_isna,0.0
isomap2_pa_unified,lvl5_nir_isna,0.0
isomap2_pa_unified,lvl5_red_isna,0.0
isomap2_pa_unified,lvl5_swir1_isna,0.0
isomap2_pa_unified,lvl5_swir2_isna,0.0
isomap2_pa_unified,tex5_blue_asm_isna,0.0
isomap2_pa_unified,tex5_blue_contrast_isna,0.0
isomap2_pa_unified,tex5_blue_entropy_isna,0.0
isomap2_pa_unified,tex5_blue_idm_isna,0.0
isomap2_pa_unified,tex5_blue_variance_isna,0.0
isomap2_pa_unified,tex5_green_asm_isna,0.0
isomap2_pa_unified,tex5_green_contrast_isna,0.0
isomap2_pa_unified,tex5_green_entropy_isna,0.0
isomap2_pa_unified,tex5_green_idm_isna,0.0
isomap2_pa_unified,tex5_green_variance_isna,0.0
isomap2_pa_unified,tex5_nir_asm_isna,0.0
isomap2_pa_unified,tex5_nir_contrast_isna,0.0
isomap2_pa_unified,tex5_nir_correlation_isna,0.0
isomap2_pa_unified,tex5_nir_entropy_isna,0.0
isomap2_pa_unified,tex5_nir_idm_isna,0.0
isomap2_pa_unified,tex5_nir_variance_isna,0.0
isomap2_pa_unified,tex5_red_asm_isna,0.0
isomap2_pa_unified,tex5_red_contrast_isna,0.0
isomap2_pa_unified,tex5_red_entropy_isna,0.0
isomap2_pa_unified,tex5_red_idm_isna,0.0
isomap2_pa_unified,tex5_red_variance_isna,0.0
isomap2_pa_unified,tex5_swir1_asm_isna,0.0
isomap2_pa_unified,tex5_swir1_contrast_isna,0.0
isomap2_pa_unified,tex5_swir1_entropy_isna,0.0
isomap2_pa_unified,tex5_swir1_idm_isna,0.0
isomap2_pa_unified,tex5_swir1_variance_isna,0.0
isomap2_pa_unified,tex5_swir2_asm_isna,0.0
isomap2_pa_unified,tex5_swir2_contrast_isna,0.0
isomap2_pa_unified,tex5_swir2_entropy_isna,0.0
isomap2_pa_unified,tex5_swir2_idm_isna,0.0
isomap2_pa_unified,tex5_swir2_variance_isna,0.0
isomap2_pa_unified,topo_eastness_isna,0.0
isomap2_pa_unified,topo_heat_load_isna,0.0
isomap2_pa_unified,topo_northness_isna,0.0
isomap2_pa_unified,topo_topo_flat,0.0
isomap3_freq_unified,gmA_gm_band_red,0.11475384403483986
isomap3_freq_unified,lvl5_red,0.09563924108030523
isomap3_freq_unified,gmA_gm_band_blue,0.09517132872083087
isomap3_freq_unified,lvl5_blue,0.07601655099693702
isomap3_freq_unified,gmA_gm_kndvi,0.07256558408306611
isomap3_freq_unified,gmA_gm_ndvi,0.07139446230963853
isomap3_freq_unified,gmA_gm_band_green,0.07120905923419527
isomap3_freq_unified,gmA_gm_nbr,0.06869174789815632
isomap3_freq_unified,topo_elevation,0.03432926210322007
isomap3_freq_unified,lvl5_swir2,0.023548457631426285
isomap3_freq_unified,lvl5_green,0.021340298893974312
isomap3_freq_unified,gmA_gm_band_swir2,0.020960372154912983
isomap3_freq_unified,gmA_gm_savi,0.01372500852047288
isomap3_freq_unified,gmA_gm_evi,0.011070074661398237
isomap3_freq_unified,gmA_gm_smad,0.010928254542228661
isomap3_freq_unified,topo_tri,0.008998193087961154
isomap3_freq_unified,lvl5_swir1,0.008427258351879758
isomap3_freq_unified,topo_slope,0.007588738584323951
isomap3_freq_unified,topo_northness,0.0074713742144983525
isomap3_freq_unified,area_log10,0.006803795428070955
isomap3_freq_unified,gmA_gm_bcmad,0.006713784952650288
isomap3_freq_unified,gmA_gm_emad,0.006696037676553776
isomap3_freq_unified,topo_eastness,0.005935720462296439
isomap3_freq_unified,gmA_gm_band_swir1,0.005774552547224531
isomap3_freq_unified,topo_heat_load,0.0057661969752843805
isomap3_freq_unified,lvl5_nir,0.0050839947909858225
isomap3_freq_unified,tex5_nir_variance,0.004733504200709234
isomap3_freq_unified,tex5_nir_idm,0.004698171400796555
isomap3_freq_unified,gmA_gm_band_nir,0.004589851445928618
isomap3_freq_unified,topo_curvature,0.004573422020936002
isomap3_freq_unified,topo_tpi,0.004458907141872643
isomap3_freq_unified,tex5_nir_contrast,0.004229991677780977
isomap3_freq_unified,tex5_nir_correlation,0.004131636743789432
isomap3_freq_unified,tex5_swir2_idm,0.0037786245874183296
isomap3_freq_unified,tex5_swir1_correlation,0.0035053802861382
isomap3_freq_unified,tex5_swir1_contrast,0.0035039512901999742
isomap3_freq_unified,tex5_nir_asm,0.003449402323256847
isomap3_freq_unified,tex5_swir2_correlation,0.0034080570783943365
isomap3_freq_unified,tex5_swir1_idm,0.0032299661536898477
isomap3_freq_unified,tex5_nir_entropy,0.003200261299031687
isomap3_freq_unified,tex5_swir2_contrast,0.003114791510302384
isomap3_freq_unified,tex5_green_correlation,0.003031442505243888
isomap3_freq_unified,tex5_red_correlation,0.0030292017285765077
isomap3_freq_unified,tex5_blue_correlation,0.0030155027479234655
isomap3_freq_unified,tex5_green_variance,0.0029916901733650406
isomap3_freq_unified,tex5_blue_idm,0.002980844072502547
isomap3_freq_unified,tex5_blue_contrast,0.0029306471203930395
isomap3_freq_unified,tex5_blue_asm,0.0028254197392014895
isomap3_freq_unified,tex5_swir2_asm,0.002755446454435659
isomap3_freq_unified,tex5_blue_variance,0.0026720441544653144
isomap3_freq_unified,tex5_blue_entropy,0.002666637460209598
isomap3_freq_unified,tex5_green_contrast,0.0026481536263674803
isomap3_freq_unified,tex5_green_asm,0.002630389169569679
isomap3_freq_unified,tex5_green_idm,0.002627665000692068
isomap3_freq_unified,tex5_swir1_variance,0.002544257847343182
isomap3_freq_unified,area_stratum_counts,0.0025270492101993718
isomap3_freq_unified,tex5_red_asm,0.0024810274997511083
isomap3_freq_unified,tex5_swir1_asm,0.002404842032986961
isomap3_freq_unified,tex5_swir2_entropy,0.002378150199328273
isomap3_freq_unified,tex5_red_idm,0.0023614475500968635
isomap3_freq_unified,tex5_red_contrast,0.0023492143278040748
isomap3_freq_unified,tex5_red_variance,0.002258305813016442
isomap3_freq_unified,tex5_red_entropy,0.0022478645352404154
isomap3_freq_unified,tex5_swir2_variance,0.0021905900645630026
isomap3_freq_unified,tex5_swir1_entropy,0.0021292671307891245
isomap3_freq_unified,tex5_green_entropy,0.002111326524377956
isomap3_freq_unified,tex5_red_correlation_isna,1.1261782174129645e-06
isomap3_freq_unified,tex5_blue_correlation_isna,3.6121069370161075e-07
isomap3_freq_unified,tex5_green_correlation_isna,3.437514373247448e-07
isomap3_freq_unified,topo_eastness_isna,2.8572936696425885e-07
isomap3_freq_unified,topo_topo_flat,1.0120631608961759e-07
isomap3_freq_unified,topo_northness_isna,8.165088114658841e-08
isomap3_freq_unified,tex5_swir1_correlation_isna,7.000766351926724e-08
isomap3_freq_unified,tex5_swir2_correlation_isna,6.634580060726204e-08
isomap3_freq_unified,topo_heat_load_isna,2.413360355586108e-08
isomap3_freq_unified,area_stratum_basal,0.0
isomap3_freq_unified,area_stratum_presence,0.0
isomap3_freq_unified,gmA_gm_band_blue_isna,0.0
isomap3_freq_unified,gmA_gm_band_green_isna,0.0
isomap3_freq_unified,gmA_gm_band_nir_isna,0.0
isomap3_freq_unified,gmA_gm_band_red_isna,0.0
isomap3_freq_unified,gmA_gm_band_swir1_isna,0.0
isomap3_freq_unified,gmA_gm_band_swir2_isna,0.0
isomap3_freq_unified,gmA_gm_bcmad_isna,0.0
isomap3_freq_unified,gmA_gm_emad_isna,0.0
isomap3_freq_unified,gmA_gm_evi_isna,0.0
isomap3_freq_unified,gmA_gm_kndvi_isna,0.0
isomap3_freq_unified,gmA_gm_nbr_isna,0.0
isomap3_freq_unified,gmA_gm_ndvi_isna,0.0
isomap3_freq_unified,gmA_gm_savi_isna,0.0
isomap3_freq_unified,gmA_gm_smad_isna,0.0
isomap3_freq_unified,lvl5_blue_isna,0.0
isomap3_freq_unified,lvl5_green_isna,0.0
isomap3_freq_unified,lvl5_nir_isna,0.0
isomap3_freq_unified,lvl5_red_isna,0.0
isomap3_freq_unified,lvl5_swir1_isna,0.0
isomap3_freq_unified,lvl5_swir2_isna,0.0
isomap3_freq_unified,tex5_blue_asm_isna,0.0
isomap3_freq_unified,tex5_blue_contrast_isna,0.0
isomap3_freq_unified,tex5_blue_entropy_isna,0.0
isomap3_freq_unified,tex5_blue_idm_isna,0.0
isomap3_freq_unified,tex5_blue_variance_isna,0.0
isomap3_freq_unified,tex5_green_asm_isna,0.0
isomap3_freq_unified,tex5_green_contrast_isna,0.0
isomap3_freq_unified,tex5_green_entropy_isna,0.0
isomap3_freq_unified,tex5_green_idm_isna,0.0
isomap3_freq_unified,tex5_green_variance_isna,0.0
isomap3_freq_unified,tex5_nir_asm_isna,0.0
isomap3_freq_unified,tex5_nir_contrast_isna,0.0
isomap3_freq_unified,tex5_nir_correlation_isna,0.0
isomap3_freq_unified,tex5_nir_entropy_isna,0.0
isomap3_freq_unified,tex5_nir_idm_isna,0.0
isomap3_freq_unified,tex5_nir_variance_isna,0.0
isomap3_freq_unified,tex5_red_asm_isna,0.0
isomap3_freq_unified,tex5_red_contrast_isna,0.0
isomap3_freq_unified,tex5_red_entropy_isna,0.0
isomap3_freq_unified,tex5_red_idm_isna,0.0
isomap3_freq_unified,tex5_red_variance_isna,0.0
isomap3_freq_unified,tex5_swir1_asm_isna,0.0
isomap3_freq_unified,tex5_swir1_contrast_isna,0.0
isomap3_freq_unified,tex5_swir1_entropy_isna,0.0
isomap3_freq_unified,tex5_swir1_idm_isna,0.0
isomap3_freq_unified,tex5_swir1_variance_isna,0.0
isomap3_freq_unified,tex5_swir2_asm_isna,0.0
isomap3_freq_unified,tex5_swir2_contrast_isna,0.0
isomap3_freq_unified,tex5_swir2_entropy_isna,0.0
isomap3_freq_unified,tex5_swir2_idm_isna,0.0
isomap3_freq_unified,tex5_swir2_variance_isna,0.0
isomap3_pa_unified,gmA_gm_band_red,0.13217314606340178
isomap3_pa_unified,lvl5_red,0.10610850501181894
isomap3_pa_unified,gmA_gm_kndvi,0.08596597943516894
isomap3_pa_unified,gmA_gm_ndvi,0.07924535567403657
isomap3_pa_unified,gmA_gm_band_green,0.06653625918025816
isomap3_pa_unified,lvl5_blue,0.0566860294686079
isomap3_pa_unified,gmA_gm_band_blue,0.04891944509488392
isomap3_pa_unified,lvl5_swir2,0.04633476160305308
isomap3_pa_unified,gmA_gm_band_swir2,0.03427102665838527
isomap3_pa_unified,gmA_gm_nbr,0.030926287265528502
isomap3_pa_unified,topo_elevation,0.02822842448933577
isomap3_pa_unified,lvl5_green,0.02523291892155133
isomap3_pa_unified,gmA_gm_savi,0.013679630515652135
isomap3_pa_unified,gmA_gm_evi,0.013464778314300947
isomap3_pa_unified,area_log10,0.012105330199748462
isomap3_pa_unified,lvl5_swir1,0.011008761051351516
isomap3_pa_unified,gmA_gm_smad,0.009663965618025436
isomap3_pa_unified,topo_tri,0.008828646579584185
isomap3_pa_unified,topo_slope,0.007258098405220743
isomap3_pa_unified,lvl5_nir,0.0069812749012558295
isomap3_pa_unified,topo_eastness,0.006976326739467643
isomap3_pa_unified,topo_heat_load,0.006400206508302064
isomap3_pa_unified,gmA_gm_band_swir1,0.006125224592997901
isomap3_pa_unified,topo_tpi,0.005636256465493684
isomap3_pa_unified,topo_northness,0.005539100171092769
isomap3_pa_unified,gmA_gm_band_nir,0.005502640238187714
isomap3_pa_unified,topo_curvature,0.005243285110552229
isomap3_pa_unified,gmA_gm_emad,0.004608237832651706
isomap3_pa_unified,tex5_nir_variance,0.004566124282813948
isomap3_pa_unified,tex5_nir_contrast,0.004467616744074454
isomap3_pa_unified,tex5_nir_idm,0.004364053915674077
isomap3_pa_unified,tex5_green_contrast,0.004338958306140477
isomap3_pa_unified,gmA_gm_bcmad,0.004265264592288395
isomap3_pa_unified,tex5_swir2_idm,0.004003367165767862
isomap3_pa_unified,tex5_nir_correlation,0.003950748506206508
isomap3_pa_unified,tex5_nir_entropy,0.0039461127116010904
isomap3_pa_unified,tex5_swir1_contrast,0.003785250511414523
isomap3_pa_unified,tex5_nir_asm,0.0037845027080587444
isomap3_pa_unified,tex5_blue_contrast,0.003764885565801723
isomap3_pa_unified,tex5_swir1_idm,0.003705020708563539
isomap3_pa_unified,tex5_blue_correlation,0.0036966174749807693
isomap3_pa_unified,tex5_swir2_contrast,0.003576889814726581
isomap3_pa_unified,tex5_green_variance,0.0035420984446854764
isomap3_pa_unified,tex5_swir1_correlation,0.0033967165335921034
isomap3_pa_unified,tex5_green_idm,0.0033740878097581056
isomap3_pa_unified,tex5_swir2_asm,0.003352321043954369
isomap3_pa_unified,tex5_green_correlation,0.0033237892206381243
isomap3_pa_unified,tex5_blue_idm,0.003297106493284509
isomap3_pa_unified,tex5_red_contrast,0.003206658617778186
isomap3_pa_unified,tex5_blue_asm,0.0031864835513542994
isomap3_pa_unified,tex5_red_correlation,0.0031730684241954034
isomap3_pa_unified,tex5_swir2_entropy,0.0031558127869286898
isomap3_pa_unified,tex5_blue_entropy,0.0031478045396422043
isomap3_pa_unified,tex5_swir2_correlation,0.003144156472778943
isomap3_pa_unified,tex5_swir1_variance,0.0030113479509535314
isomap3_pa_unified,tex5_blue_variance,0.0030099200556764323
isomap3_pa_unified,tex5_red_asm,0.0030095271099811567
isomap3_pa_unified,tex5_green_asm,0.002975464872021887
isomap3_pa_unified,tex5_green_entropy,0.002921464076921766
isomap3_pa_unified,tex5_red_variance,0.0028906657714673537
isomap3_pa_unified,tex5_swir2_variance,0.002871714931660666
isomap3_pa_unified,tex5_red_idm,0.0027345349750132063
isomap3_pa_unified,tex5_swir1_asm,0.002712352313659887
isomap3_pa_unified,tex5_red_entropy,0.002647770401679377
isomap3_pa_unified,tex5_swir1_entropy,0.0025950565966571613
isomap3_pa_unified,area_stratum_counts,0.0022035001156017796
isomap3_pa_unified,area_stratum_presence,0.0012482630806865444
isomap3_pa_unified,tex5_green_correlation_isna,9.209303222255854e-07
isomap3_pa_unified,tex5_blue_correlation_isna,8.401387170205742e-07
isomap3_pa_unified,tex5_red_correlation_isna,7.696663493721348e-07
isomap3_pa_unified,tex5_swir1_correlation_isna,4.4539433267832917e-07
isomap3_pa_unified,tex5_swir2_correlation_isna,2.256167974891561e-08
isomap3_pa_unified,area_stratum_basal,0.0
isomap3_pa_unified,gmA_gm_band_blue_isna,0.0
isomap3_pa_unified,gmA_gm_band_green_isna,0.0
isomap3_pa_unified,gmA_gm_band_nir_isna,0.0
isomap3_pa_unified,gmA_gm_band_red_isna,0.0
isomap3_pa_unified,gmA_gm_band_swir1_isna,0.0
isomap3_pa_unified,gmA_gm_band_swir2_isna,0.0
isomap3_pa_unified,gmA_gm_bcmad_isna,0.0
isomap3_pa_unified,gmA_gm_emad_isna,0.0
isomap3_pa_unified,gmA_gm_evi_isna,0.0
isomap3_pa_unified,gmA_gm_kndvi_isna,0.0
isomap3_pa_unified,gmA_gm_nbr_isna,0.0
isomap3_pa_unified,gmA_gm_ndvi_isna,0.0
isomap3_pa_unified,gmA_gm_savi_isna,0.0
isomap3_pa_unified,gmA_gm_smad_isna,0.0
isomap3_pa_unified,lvl5_blue_isna,0.0
isomap3_pa_unified,lvl5_green_isna,0.0
isomap3_pa_unified,lvl5_nir_isna,0.0
isomap3_pa_unified,lvl5_red_isna,0.0
isomap3_pa_unified,lvl5_swir1_isna,0.0
isomap3_pa_unified,lvl5_swir2_isna,0.0
isomap3_pa_unified,tex5_blue_asm_isna,0.0
isomap3_pa_unified,tex5_blue_contrast_isna,0.0
isomap3_pa_unified,tex5_blue_entropy_isna,0.0
isomap3_pa_unified,tex5_blue_idm_isna,0.0
isomap3_pa_unified,tex5_blue_variance_isna,0.0
isomap3_pa_unified,tex5_green_asm_isna,0.0
isomap3_pa_unified,tex5_green_contrast_isna,0.0
isomap3_pa_unified,tex5_green_entropy_isna,0.0
isomap3_pa_unified,tex5_green_idm_isna,0.0
isomap3_pa_unified,tex5_green_variance_isna,0.0
isomap3_pa_unified,tex5_nir_asm_isna,0.0
isomap3_pa_unified,tex5_nir_contrast_isna,0.0
isomap3_pa_unified,tex5_nir_correlation_isna,0.0
isomap3_pa_unified,tex5_nir_entropy_isna,0.0
isomap3_pa_unified,tex5_nir_idm_isna,0.0
isomap3_pa_unified,tex5_nir_variance_isna,0.0
isomap3_pa_unified,tex5_red_asm_isna,0.0
isomap3_pa_unified,tex5_red_contrast_isna,0.0
isomap3_pa_unified,tex5_red_entropy_isna,0.0
isomap3_pa_unified,tex5_red_idm_isna,0.0
isomap3_pa_unified,tex5_red_variance_isna,0.0
isomap3_pa_unified,tex5_swir1_asm_isna,0.0
isomap3_pa_unified,tex5_swir1_contrast_isna,0.0
isomap3_pa_unified,tex5_swir1_entropy_isna,0.0
isomap3_pa_unified,tex5_swir1_idm_isna,0.0
isomap3_pa_unified,tex5_swir1_variance_isna,0.0
isomap3_pa_unified,tex5_swir2_asm_isna,0.0
isomap3_pa_unified,tex5_swir2_contrast_isna,0.0
isomap3_pa_unified,tex5_swir2_entropy_isna,0.0
isomap3_pa_unified,tex5_swir2_idm_isna,0.0
isomap3_pa_unified,tex5_swir2_variance_isna,0.0
isomap3_pa_unified,topo_eastness_isna,0.0
isomap3_pa_unified,topo_heat_load_isna,0.0
isomap3_pa_unified,topo_northness_isna,0.0
isomap3_pa_unified,topo_topo_flat,0.0
lcbd_freq_unified,gmA_gm_kndvi,0.13527161864884413
lcbd_freq_unified,gmA_gm_ndvi,0.12518615824108026
lcbd_freq_unified,gmA_gm_nbr,0.0910670602182074
lcbd_freq_unified,area_log10,0.04202450275084773
lcbd_freq_unified,topo_elevation,0.04134251358870721
lcbd_freq_unified,lvl5_red,0.03735924478352727
lcbd_freq_unified,gmA_gm_band_red,0.036390196483374035
lcbd_freq_unified,gmA_gm_evi,0.034376529380968884
lcbd_freq_unified,gmA_gm_savi,0.029083806884425058
lcbd_freq_unified,area_stratum_counts,0.02326296626088688
lcbd_freq_unified,gmA_gm_smad,0.022716042463639525
lcbd_freq_unified,gmA_gm_band_swir2,0.017948992456094146
lcbd_freq_unified,lvl5_swir2,0.013996495699060928
lcbd_freq_unified,lvl5_blue,0.013715759971506264
lcbd_freq_unified,gmA_gm_emad,0.013220306650713404
lcbd_freq_unified,lvl5_green,0.013095918095476073
lcbd_freq_unified,gmA_gm_band_green,0.012155462019636739
lcbd_freq_unified,topo_tpi,0.011044632638269807
lcbd_freq_unified,gmA_gm_band_blue,0.010795116276239313
lcbd_freq_unified,gmA_gm_bcmad,0.010243614381866575
lcbd_freq_unified,topo_slope,0.009881839696796114
lcbd_freq_unified,lvl5_swir1,0.009862386355627662
lcbd_freq_unified,topo_tri,0.009610837265585398
lcbd_freq_unified,topo_northness,0.009604218352197085
lcbd_freq_unified,topo_eastness,0.009002573852389395
lcbd_freq_unified,tex5_nir_contrast,0.008705350494567924
lcbd_freq_unified,topo_heat_load,0.008482530153558904
lcbd_freq_unified,topo_curvature,0.008246893848826407
lcbd_freq_unified,gmA_gm_band_swir1,0.007620502030703216
lcbd_freq_unified,tex5_nir_correlation,0.007311350770577087
lcbd_freq_unified,gmA_gm_band_nir,0.0071688664693879715
lcbd_freq_unified,lvl5_nir,0.0070047882929054036
lcbd_freq_unified,tex5_nir_variance,0.006515026440969972
lcbd_freq_unified,tex5_nir_idm,0.006303338433014949
lcbd_freq_unified,tex5_swir1_correlation,0.006083881487274492
lcbd_freq_unified,tex5_green_correlation,0.006083471744420664
lcbd_freq_unified,tex5_swir2_idm,0.006051956137048753
lcbd_freq_unified,tex5_swir2_correlation,0.005948825991726477
lcbd_freq_unified,tex5_swir2_asm,0.005611172372193283
lcbd_freq_unified,tex5_swir1_idm,0.005584310083204321
lcbd_freq_unified,tex5_swir1_contrast,0.005252678707334473
lcbd_freq_unified,tex5_swir1_entropy,0.00520657684887165
lcbd_freq_unified,tex5_nir_entropy,0.005090815060836513
lcbd_freq_unified,tex5_blue_correlation,0.005069213944847528
lcbd_freq_unified,tex5_swir2_entropy,0.005022892366543011
lcbd_freq_unified,tex5_swir1_asm,0.005020570542989109
lcbd_freq_unified,tex5_red_correlation,0.004954870159892791
lcbd_freq_unified,tex5_nir_asm,0.004942844375814197
lcbd_freq_unified,tex5_blue_asm,0.004916022211826728
lcbd_freq_unified,tex5_blue_idm,0.004904330407594423
lcbd_freq_unified,tex5_swir2_contrast,0.0048406064593805136
lcbd_freq_unified,tex5_red_asm,0.004528003359925545
lcbd_freq_unified,tex5_green_idm,0.004288255659664335
lcbd_freq_unified,tex5_green_variance,0.004150549190791924
lcbd_freq_unified,tex5_blue_contrast,0.004131720345976674
lcbd_freq_unified,tex5_blue_entropy,0.004113944637826938
lcbd_freq_unified,tex5_green_asm,0.004097861020908391
lcbd_freq_unified,tex5_blue_variance,0.0040681116010524935
lcbd_freq_unified,tex5_green_contrast,0.0040314714272042616
lcbd_freq_unified,tex5_red_idm,0.003997912998155983
lcbd_freq_unified,tex5_swir1_variance,0.003988645347527792
lcbd_freq_unified,tex5_swir2_variance,0.003718569721461338
lcbd_freq_unified,tex5_red_entropy,0.00370458247015937
lcbd_freq_unified,tex5_red_contrast,0.0036605924976481534
lcbd_freq_unified,tex5_red_variance,0.0036499349756753063
lcbd_freq_unified,tex5_green_entropy,0.0036221517165753664
lcbd_freq_unified,tex5_green_correlation_isna,7.4788154635965545e-06
lcbd_freq_unified,topo_eastness_isna,6.9872145185987576e-06
lcbd_freq_unified,tex5_swir2_correlation_isna,6.98104421318123e-06
lcbd_freq_unified,tex5_blue_correlation_isna,5.936516406399583e-06
lcbd_freq_unified,topo_heat_load_isna,5.875748288207139e-06
lcbd_freq_unified,tex5_red_correlation_isna,5.480185674842837e-06
lcbd_freq_unified,topo_northness_isna,2.7913568687242893e-06
lcbd_freq_unified,area_stratum_basal,2.71808507959363e-06
lcbd_freq_unified,tex5_swir1_correlation_isna,7.079212706757851e-07
lcbd_freq_unified,topo_topo_flat,2.5688938422349373e-07
lcbd_freq_unified,area_stratum_presence,0.0
lcbd_freq_unified,gmA_gm_band_blue_isna,0.0
lcbd_freq_unified,gmA_gm_band_green_isna,0.0
lcbd_freq_unified,gmA_gm_band_nir_isna,0.0
lcbd_freq_unified,gmA_gm_band_red_isna,0.0
lcbd_freq_unified,gmA_gm_band_swir1_isna,0.0
lcbd_freq_unified,gmA_gm_band_swir2_isna,0.0
lcbd_freq_unified,gmA_gm_bcmad_isna,0.0
lcbd_freq_unified,gmA_gm_emad_isna,0.0
lcbd_freq_unified,gmA_gm_evi_isna,0.0
lcbd_freq_unified,gmA_gm_kndvi_isna,0.0
lcbd_freq_unified,gmA_gm_nbr_isna,0.0
lcbd_freq_unified,gmA_gm_ndvi_isna,0.0
lcbd_freq_unified,gmA_gm_savi_isna,0.0
lcbd_freq_unified,gmA_gm_smad_isna,0.0
lcbd_freq_unified,lvl5_blue_isna,0.0
lcbd_freq_unified,lvl5_green_isna,0.0
lcbd_freq_unified,lvl5_nir_isna,0.0
lcbd_freq_unified,lvl5_red_isna,0.0
lcbd_freq_unified,lvl5_swir1_isna,0.0
lcbd_freq_unified,lvl5_swir2_isna,0.0
lcbd_freq_unified,tex5_blue_asm_isna,0.0
lcbd_freq_unified,tex5_blue_contrast_isna,0.0
lcbd_freq_unified,tex5_blue_entropy_isna,0.0
lcbd_freq_unified,tex5_blue_idm_isna,0.0
lcbd_freq_unified,tex5_blue_variance_isna,0.0
lcbd_freq_unified,tex5_green_asm_isna,0.0
lcbd_freq_unified,tex5_green_contrast_isna,0.0
lcbd_freq_unified,tex5_green_entropy_isna,0.0
lcbd_freq_unified,tex5_green_idm_isna,0.0
lcbd_freq_unified,tex5_green_variance_isna,0.0
lcbd_freq_unified,tex5_nir_asm_isna,0.0
lcbd_freq_unified,tex5_nir_contrast_isna,0.0
lcbd_freq_unified,tex5_nir_correlation_isna,0.0
lcbd_freq_unified,tex5_nir_entropy_isna,0.0
lcbd_freq_unified,tex5_nir_idm_isna,0.0
lcbd_freq_unified,tex5_nir_variance_isna,0.0
lcbd_freq_unified,tex5_red_asm_isna,0.0
lcbd_freq_unified,tex5_red_contrast_isna,0.0
lcbd_freq_unified,tex5_red_entropy_isna,0.0
lcbd_freq_unified,tex5_red_idm_isna,0.0
lcbd_freq_unified,tex5_red_variance_isna,0.0
lcbd_freq_unified,tex5_swir1_asm_isna,0.0
lcbd_freq_unified,tex5_swir1_contrast_isna,0.0
lcbd_freq_unified,tex5_swir1_entropy_isna,0.0
lcbd_freq_unified,tex5_swir1_idm_isna,0.0
lcbd_freq_unified,tex5_swir1_variance_isna,0.0
lcbd_freq_unified,tex5_swir2_asm_isna,0.0
lcbd_freq_unified,tex5_swir2_contrast_isna,0.0
lcbd_freq_unified,tex5_swir2_entropy_isna,0.0
lcbd_freq_unified,tex5_swir2_idm_isna,0.0
lcbd_freq_unified,tex5_swir2_variance_isna,0.0
lcbd_pa_unified,gmA_gm_kndvi,0.13828357249715598
lcbd_pa_unified,gmA_gm_ndvi,0.11671860454322687
lcbd_pa_unified,gmA_gm_nbr,0.06723620479122576
lcbd_pa_unified,topo_elevation,0.049132597555985646
lcbd_pa_unified,gmA_gm_evi,0.04569417267991582
lcbd_pa_unified,area_log10,0.040777457590986575
lcbd_pa_unified,gmA_gm_savi,0.03840994372371479
lcbd_pa_unified,gmA_gm_smad,0.025880034226866955
lcbd_pa_unified,area_stratum_counts,0.02256861915493469
lcbd_pa_unified,lvl5_red,0.02167791696856926
lcbd_pa_unified,gmA_gm_band_red,0.020492973171653876
lcbd_pa_unified,lvl5_blue,0.017494755501578967
lcbd_pa_unified,gmA_gm_band_blue,0.015578829631349942
lcbd_pa_unified,gmA_gm_emad,0.014832230278396811
lcbd_pa_unified,gmA_gm_band_swir2,0.0146989069529041
lcbd_pa_unified,lvl5_swir1,0.01153403603032702
lcbd_pa_unified,lvl5_swir2,0.011078361336728177
lcbd_pa_unified,topo_tri,0.011006755772257109
lcbd_pa_unified,gmA_gm_bcmad,0.01093763820315187
lcbd_pa_unified,lvl5_green,0.010922940462727586
lcbd_pa_unified,topo_slope,0.010628405819488049
lcbd_pa_unified,gmA_gm_band_green,0.010065757480661594
lcbd_pa_unified,topo_eastness,0.00959747801399654
lcbd_pa_unified,topo_northness,0.008852068677463016
lcbd_pa_unified,topo_heat_load,0.008822451308759596
lcbd_pa_unified,topo_tpi,0.008458128102227385
lcbd_pa_unified,tex5_blue_idm,0.008211140915767318
lcbd_pa_unified,tex5_nir_contrast,0.008048232528675354
lcbd_pa_unified,topo_curvature,0.007960161263918047
lcbd_pa_unified,tex5_blue_entropy,0.007814875693238294
lcbd_pa_unified,gmA_gm_band_swir1,0.007646274430526632
lcbd_pa_unified,tex5_green_correlation,0.007450270899522752
lcbd_pa_unified,tex5_nir_correlation,0.0074098485663393636
lcbd_pa_unified,gmA_gm_band_nir,0.007221065964684667
lcbd_pa_unified,tex5_nir_idm,0.007052230980350456
lcbd_pa_unified,tex5_nir_variance,0.00698719978858515
lcbd_pa_unified,lvl5_nir,0.0068271006368891595
lcbd_pa_unified,tex5_blue_correlation,0.006651846409958982
lcbd_pa_unified,tex5_swir1_entropy,0.006566021097603389
lcbd_pa_unified,tex5_blue_variance,0.006540507118078303
lcbd_pa_unified,tex5_nir_entropy,0.006158563748311002
lcbd_pa_unified,tex5_swir1_idm,0.006025381871917222
lcbd_pa_unified,tex5_swir1_asm,0.006015747518953952
lcbd_pa_unified,tex5_red_correlation,0.006012636364053263
lcbd_pa_unified,tex5_swir1_correlation,0.005869268714167018
lcbd_pa_unified,tex5_blue_asm,0.005829449967291742
lcbd_pa_unified,tex5_red_variance,0.0058281958777680765
lcbd_pa_unified,tex5_swir2_correlation,0.005687612417254588
lcbd_pa_unified,tex5_green_variance,0.005566275203592512
lcbd_pa_unified,tex5_red_contrast,0.005546760431245698
lcbd_pa_unified,tex5_green_contrast,0.0054758094219433725
lcbd_pa_unified,tex5_swir2_entropy,0.0054194492719355095
lcbd_pa_unified,tex5_nir_asm,0.005358983207752891
lcbd_pa_unified,tex5_swir2_idm,0.005257120771231192
lcbd_pa_unified,tex5_red_idm,0.005111532802069993
lcbd_pa_unified,tex5_red_asm,0.004987358315357008
lcbd_pa_unified,tex5_blue_contrast,0.0049262787514831805
lcbd_pa_unified,tex5_red_entropy,0.004775356016304418
lcbd_pa_unified,tex5_swir2_asm,0.004698973144785091
lcbd_pa_unified,tex5_swir1_contrast,0.004592049629113477
lcbd_pa_unified,tex5_green_idm,0.004540245848232122
lcbd_pa_unified,tex5_green_asm,0.0044726145230010676
lcbd_pa_unified,tex5_swir2_contrast,0.004343376840166733
lcbd_pa_unified,tex5_swir1_variance,0.004211468299925071
lcbd_pa_unified,tex5_green_entropy,0.004207097270387208
lcbd_pa_unified,tex5_swir2_variance,0.004064386907363852
lcbd_pa_unified,area_stratum_presence,0.0012354696649928144
lcbd_pa_unified,tex5_swir2_correlation_isna,4.613997447445085e-06
lcbd_pa_unified,tex5_red_correlation_isna,3.7831335130910494e-06
lcbd_pa_unified,tex5_blue_correlation_isna,2.1909411805542488e-06
lcbd_pa_unified,topo_eastness_isna,1.334471550618365e-06
lcbd_pa_unified,tex5_swir1_correlation_isna,1.3212386315782999e-06
lcbd_pa_unified,tex5_green_correlation_isna,1.2004132806360405e-06
lcbd_pa_unified,area_stratum_basal,4.762334041611675e-07
lcbd_pa_unified,gmA_gm_band_blue_isna,0.0
lcbd_pa_unified,gmA_gm_band_green_isna,0.0
lcbd_pa_unified,gmA_gm_band_nir_isna,0.0
lcbd_pa_unified,gmA_gm_band_red_isna,0.0
lcbd_pa_unified,gmA_gm_band_swir1_isna,0.0
lcbd_pa_unified,gmA_gm_band_swir2_isna,0.0
lcbd_pa_unified,gmA_gm_bcmad_isna,0.0
lcbd_pa_unified,gmA_gm_emad_isna,0.0
lcbd_pa_unified,gmA_gm_evi_isna,0.0
lcbd_pa_unified,gmA_gm_kndvi_isna,0.0
lcbd_pa_unified,gmA_gm_nbr_isna,0.0
lcbd_pa_unified,gmA_gm_ndvi_isna,0.0
lcbd_pa_unified,gmA_gm_savi_isna,0.0
lcbd_pa_unified,gmA_gm_smad_isna,0.0
lcbd_pa_unified,lvl5_blue_isna,0.0
lcbd_pa_unified,lvl5_green_isna,0.0
lcbd_pa_unified,lvl5_nir_isna,0.0
lcbd_pa_unified,lvl5_red_isna,0.0
lcbd_pa_unified,lvl5_swir1_isna,0.0
lcbd_pa_unified,lvl5_swir2_isna,0.0
lcbd_pa_unified,tex5_blue_asm_isna,0.0
lcbd_pa_unified,tex5_blue_contrast_isna,0.0
lcbd_pa_unified,tex5_blue_entropy_isna,0.0
lcbd_pa_unified,tex5_blue_idm_isna,0.0
lcbd_pa_unified,tex5_blue_variance_isna,0.0
lcbd_pa_unified,tex5_green_asm_isna,0.0
lcbd_pa_unified,tex5_green_contrast_isna,0.0
lcbd_pa_unified,tex5_green_entropy_isna,0.0
lcbd_pa_unified,tex5_green_idm_isna,0.0
lcbd_pa_unified,tex5_green_variance_isna,0.0
lcbd_pa_unified,tex5_nir_asm_isna,0.0
lcbd_pa_unified,tex5_nir_contrast_isna,0.0
lcbd_pa_unified,tex5_nir_correlation_isna,0.0
lcbd_pa_unified,tex5_nir_entropy_isna,0.0
lcbd_pa_unified,tex5_nir_idm_isna,0.0
lcbd_pa_unified,tex5_nir_variance_isna,0.0
lcbd_pa_unified,tex5_red_asm_isna,0.0
lcbd_pa_unified,tex5_red_contrast_isna,0.0
lcbd_pa_unified,tex5_red_entropy_isna,0.0
lcbd_pa_unified,tex5_red_idm_isna,0.0
lcbd_pa_unified,tex5_red_variance_isna,0.0
lcbd_pa_unified,tex5_swir1_asm_isna,0.0
lcbd_pa_unified,tex5_swir1_contrast_isna,0.0
lcbd_pa_unified,tex5_swir1_entropy_isna,0.0
lcbd_pa_unified,tex5_swir1_idm_isna,0.0
lcbd_pa_unified,tex5_swir1_variance_isna,0.0
lcbd_pa_unified,tex5_swir2_asm_isna,0.0
lcbd_pa_unified,tex5_swir2_contrast_isna,0.0
lcbd_pa_unified,tex5_swir2_entropy_isna,0.0
lcbd_pa_unified,tex5_swir2_idm_isna,0.0
lcbd_pa_unified,tex5_swir2_variance_isna,0.0
lcbd_pa_unified,topo_heat_load_isna,0.0
lcbd_pa_unified,topo_northness_isna,0.0
lcbd_pa_unified,topo_topo_flat,0.0
mntd_unified,topo_elevation,0.04163889198478961
mntd_unified,gmA_gm_evi,0.04122901322456456
mntd_unified,gmA_gm_savi,0.03598233965818183
mntd_unified,gmA_gm_nbr,0.03492899857863908
mntd_unified,gmA_gm_kndvi,0.025708320429553216
mntd_unified,lvl5_blue,0.024589262376942873
mntd_unified,area_log10,0.024564481928730803
mntd_unified,gmA_gm_ndvi,0.02359916410570209
mntd_unified,gmA_gm_emad,0.023032281277742365
mntd_unified,area_stratum_basal,0.022799835286324503
mntd_unified,topo_eastness,0.02171139631777818
mntd_unified,gmA_gm_bcmad,0.021396437384612804
mntd_unified,topo_northness,0.02068019400442993
mntd_unified,topo_tpi,0.019226159574292696
mntd_unified,topo_heat_load,0.019183875885753415
mntd_unified,topo_curvature,0.019033747134677904
mntd_unified,tex5_nir_asm,0.017890224286469074
mntd_unified,gmA_gm_band_blue,0.017592058939865547
mntd_unified,lvl5_red,0.016966382643938502
mntd_unified,tex5_red_correlation,0.016450099480019253
mntd_unified,tex5_nir_contrast,0.01537087215993677
mntd_unified,topo_tri,0.01478128806169728
mntd_unified,lvl5_nir,0.014680371778038775
mntd_unified,tex5_nir_entropy,0.014569861157997892
mntd_unified,tex5_nir_variance,0.014182283000651058
mntd_unified,lvl5_green,0.013977633275270601
mntd_unified,tex5_nir_idm,0.013868141464603148
mntd_unified,topo_slope,0.013699821702547707
mntd_unified,gmA_gm_smad,0.013698105047587006
mntd_unified,gmA_gm_band_nir,0.013149380567608556
mntd_unified,tex5_nir_correlation,0.012918934744373394
mntd_unified,tex5_swir2_correlation,0.012894295262494462
mntd_unified,lvl5_swir2,0.012510014636570121
mntd_unified,tex5_blue_correlation,0.012333290437290456
mntd_unified,tex5_green_contrast,0.012254542032568391
mntd_unified,gmA_gm_band_swir2,0.012225544508318786
mntd_unified,lvl5_swir1,0.012107695823265981
mntd_unified,gmA_gm_band_swir1,0.011606805255488357
mntd_unified,tex5_green_idm,0.0114102083463541
mntd_unified,tex5_swir1_correlation,0.011237276289247245
mntd_unified,tex5_blue_variance,0.011186109387824654
mntd_unified,tex5_swir2_asm,0.0110958512188221
mntd_unified,tex5_green_correlation,0.010908081414758651
mntd_unified,gmA_gm_band_red,0.010805049465974926
mntd_unified,tex5_green_variance,0.010584399121529645
mntd_unified,tex5_blue_contrast,0.010494164052883974
mntd_unified,tex5_green_asm,0.010194235980574508
mntd_unified,gmA_gm_band_green,0.0101254329441757
mntd_unified,tex5_green_entropy,0.009743693313969837
mntd_unified,tex5_red_contrast,0.009540505154396351
mntd_unified,tex5_blue_asm,0.009302096398519517
mntd_unified,tex5_swir2_contrast,0.009201023049518106
mntd_unified,tex5_swir1_variance,0.009146440861215858
mntd_unified,tex5_swir1_asm,0.009134055799037087
mntd_unified,tex5_swir1_idm,0.009134010394830281
mntd_unified,tex5_red_idm,0.008984537665166981
mntd_unified,tex5_blue_entropy,0.008918189719872375
mntd_unified,tex5_red_entropy,0.008901793560816992
mntd_unified,tex5_red_asm,0.008819328290407704
mntd_unified,tex5_red_variance,0.008809622461389579
mntd_unified,tex5_swir2_variance,0.00870278993918289
mntd_unified,tex5_swir2_entropy,0.008696533275677914
mntd_unified,tex5_swir1_entropy,0.00867610803140577
mntd_unified,tex5_blue_idm,0.008447578567397623
mntd_unified,tex5_swir2_idm,0.008195225266337768
mntd_unified,tex5_swir1_contrast,0.00804760545134896
mntd_unified,area_stratum_counts,0.0020252062872892747
mntd_unified,area_stratum_presence,0.00035265829314157443
mntd_unified,tex5_red_correlation_isna,0.00010471251805616113
mntd_unified,tex5_blue_correlation_isna,3.526241230916953e-05
mntd_unified,tex5_swir2_correlation_isna,4.693191119338465e-06
mntd_unified,tex5_green_correlation_isna,2.7990766527352505e-06
mntd_unified,tex5_swir1_correlation_isna,6.773794777060417e-07
mntd_unified,gmA_gm_band_blue_isna,0.0
mntd_unified,gmA_gm_band_green_isna,0.0
mntd_unified,gmA_gm_band_nir_isna,0.0
mntd_unified,gmA_gm_band_red_isna,0.0
mntd_unified,gmA_gm_band_swir1_isna,0.0
mntd_unified,gmA_gm_band_swir2_isna,0.0
mntd_unified,gmA_gm_bcmad_isna,0.0
mntd_unified,gmA_gm_emad_isna,0.0
mntd_unified,gmA_gm_evi_isna,0.0
mntd_unified,gmA_gm_kndvi_isna,0.0
mntd_unified,gmA_gm_nbr_isna,0.0
mntd_unified,gmA_gm_ndvi_isna,0.0
mntd_unified,gmA_gm_savi_isna,0.0
mntd_unified,gmA_gm_smad_isna,0.0
mntd_unified,lvl5_blue_isna,0.0
mntd_unified,lvl5_green_isna,0.0
mntd_unified,lvl5_nir_isna,0.0
mntd_unified,lvl5_red_isna,0.0
mntd_unified,lvl5_swir1_isna,0.0
mntd_unified,lvl5_swir2_isna,0.0
mntd_unified,tex5_blue_asm_isna,0.0
mntd_unified,tex5_blue_contrast_isna,0.0
mntd_unified,tex5_blue_entropy_isna,0.0
mntd_unified,tex5_blue_idm_isna,0.0
mntd_unified,tex5_blue_variance_isna,0.0
mntd_unified,tex5_green_asm_isna,0.0
mntd_unified,tex5_green_contrast_isna,0.0
mntd_unified,tex5_green_entropy_isna,0.0
mntd_unified,tex5_green_idm_isna,0.0
mntd_unified,tex5_green_variance_isna,0.0
mntd_unified,tex5_nir_asm_isna,0.0
mntd_unified,tex5_nir_contrast_isna,0.0
mntd_unified,tex5_nir_correlation_isna,0.0
mntd_unified,tex5_nir_entropy_isna,0.0
mntd_unified,tex5_nir_idm_isna,0.0
mntd_unified,tex5_nir_variance_isna,0.0
mntd_unified,tex5_red_asm_isna,0.0
mntd_unified,tex5_red_contrast_isna,0.0
mntd_unified,tex5_red_entropy_isna,0.0
mntd_unified,tex5_red_idm_isna,0.0
mntd_unified,tex5_red_variance_isna,0.0
mntd_unified,tex5_swir1_asm_isna,0.0
mntd_unified,tex5_swir1_contrast_isna,0.0
mntd_unified,tex5_swir1_entropy_isna,0.0
mntd_unified,tex5_swir1_idm_isna,0.0
mntd_unified,tex5_swir1_variance_isna,0.0
mntd_unified,tex5_swir2_asm_isna,0.0
mntd_unified,tex5_swir2_contrast_isna,0.0
mntd_unified,tex5_swir2_entropy_isna,0.0
mntd_unified,tex5_swir2_idm_isna,0.0
mntd_unified,tex5_swir2_variance_isna,0.0
mntd_unified,topo_eastness_isna,0.0
mntd_unified,topo_heat_load_isna,0.0
mntd_unified,topo_northness_isna,0.0
mntd_unified,topo_topo_flat,0.0
mpd_unified,topo_elevation,0.0498207437110318
mpd_unified,lvl5_blue,0.04881795193541227
mpd_unified,lvl5_green,0.02919027805587468
mpd_unified,gmA_gm_nbr,0.02914714755565214
mpd_unified,gmA_gm_band_blue,0.027961428672649603
mpd_unified,gmA_gm_kndvi,0.02645553526972675
mpd_unified,gmA_gm_emad,0.025172606514511874
mpd_unified,topo_eastness,0.024347586872805735
mpd_unified,gmA_gm_bcmad,0.02417341939783644
mpd_unified,gmA_gm_ndvi,0.023620804053585208
mpd_unified,gmA_gm_band_green,0.02038043540967332
mpd_unified,gmA_gm_evi,0.02022935650418218
mpd_unified,lvl5_nir,0.020169839704851804
mpd_unified,lvl5_red,0.019890609634192785
mpd_unified,lvl5_swir2,0.019422343548068953
mpd_unified,gmA_gm_smad,0.019091912308104607
mpd_unified,lvl5_swir1,0.019015620442592047
mpd_unified,gmA_gm_savi,0.0188561131869843
mpd_unified,gmA_gm_band_red,0.01842799868053562
mpd_unified,tex5_swir2_asm,0.017971200327472396
mpd_unified,topo_curvature,0.01764875387070258
mpd_unified,tex5_swir1_correlation,0.01740343972654346
mpd_unified,topo_northness,0.017368947280547185
mpd_unified,gmA_gm_band_swir2,0.016524569422207428
mpd_unified,topo_heat_load,0.016197738530861067
mpd_unified,tex5_green_correlation,0.015063368429575754
mpd_unified,tex5_swir2_correlation,0.013818905775254662
mpd_unified,gmA_gm_band_swir1,0.013642566756946497
mpd_unified,topo_tpi,0.013233680005051143
mpd_unified,gmA_gm_band_nir,0.012939377529712711
mpd_unified,tex5_red_correlation,0.012528310506582152
mpd_unified,topo_tri,0.012271312853603843
mpd_unified,tex5_swir2_variance,0.012165363260263141
mpd_unified,tex5_blue_variance,0.012026208777630883
mpd_unified,tex5_blue_correlation,0.011836848952918724
mpd_unified,tex5_green_variance,0.011709624615202825
mpd_unified,tex5_nir_contrast,0.011636052476901434
mpd_unified,tex5_green_asm,0.010827492189750997
mpd_unified,tex5_blue_asm,0.010824492889039134
mpd_unified,tex5_swir2_entropy,0.010612696356755286
mpd_unified,tex5_green_idm,0.010597619488997245
mpd_unified,topo_slope,0.010515369395881536
mpd_unified,tex5_swir1_variance,0.010310027491020644
mpd_unified,tex5_nir_variance,0.01010522256644987
mpd_unified,tex5_red_asm,0.00988890187978767
mpd_unified,tex5_nir_entropy,0.009734027604498294
mpd_unified,tex5_swir2_idm,0.009600188166336983
mpd_unified,tex5_red_contrast,0.009445691289914366
mpd_unified,tex5_nir_correlation,0.0093345850422063
mpd_unified,tex5_green_contrast,0.009288299455401557
mpd_unified,tex5_red_entropy,0.009158741535012737
mpd_unified,tex5_swir2_contrast,0.009091437289147256
mpd_unified,tex5_green_entropy,0.009060038101404908
mpd_unified,tex5_red_variance,0.00889393390260777
mpd_unified,tex5_blue_idm,0.00888743335000688
mpd_unified,tex5_blue_entropy,0.008677885939199876
mpd_unified,tex5_nir_idm,0.008655952484868699
mpd_unified,tex5_swir1_idm,0.00860278405716006
mpd_unified,tex5_nir_asm,0.008587593153937863
mpd_unified,tex5_red_idm,0.008478334246789693
mpd_unified,area_log10,0.008197228863627256
mpd_unified,tex5_swir1_asm,0.007820229693147992
mpd_unified,tex5_blue_contrast,0.0072868947905878724
mpd_unified,tex5_swir1_entropy,0.006910978200940511
mpd_unified,tex5_swir1_contrast,0.006812184502183199
mpd_unified,area_stratum_basal,0.00164675111355071
mpd_unified,area_stratum_counts,0.0013830253512133383
mpd_unified,area_stratum_presence,0.0005418516118899082
mpd_unified,tex5_swir2_correlation_isna,1.6176058094780176e-05
mpd_unified,tex5_red_correlation_isna,1.3448903387919918e-05
mpd_unified,tex5_green_correlation_isna,1.2281514356904525e-05
mpd_unified,tex5_blue_correlation_isna,1.1980202718671425e-06
mpd_unified,tex5_swir1_correlation_isna,1.0029443221574162e-06
mpd_unified,gmA_gm_band_blue_isna,0.0
mpd_unified,gmA_gm_band_green_isna,0.0
mpd_unified,gmA_gm_band_nir_isna,0.0
mpd_unified,gmA_gm_band_red_isna,0.0
mpd_unified,gmA_gm_band_swir1_isna,0.0
mpd_unified,gmA_gm_band_swir2_isna,0.0
mpd_unified,gmA_gm_bcmad_isna,0.0
mpd_unified,gmA_gm_emad_isna,0.0
mpd_unified,gmA_gm_evi_isna,0.0
mpd_unified,gmA_gm_kndvi_isna,0.0
mpd_unified,gmA_gm_nbr_isna,0.0
mpd_unified,gmA_gm_ndvi_isna,0.0
mpd_unified,gmA_gm_savi_isna,0.0
mpd_unified,gmA_gm_smad_isna,0.0
mpd_unified,lvl5_blue_isna,0.0
mpd_unified,lvl5_green_isna,0.0
mpd_unified,lvl5_nir_isna,0.0
mpd_unified,lvl5_red_isna,0.0
mpd_unified,lvl5_swir1_isna,0.0
mpd_unified,lvl5_swir2_isna,0.0
mpd_unified,tex5_blue_asm_isna,0.0
mpd_unified,tex5_blue_contrast_isna,0.0
mpd_unified,tex5_blue_entropy_isna,0.0
mpd_unified,tex5_blue_idm_isna,0.0
mpd_unified,tex5_blue_variance_isna,0.0
mpd_unified,tex5_green_asm_isna,0.0
mpd_unified,tex5_green_contrast_isna,0.0
mpd_unified,tex5_green_entropy_isna,0.0
mpd_unified,tex5_green_idm_isna,0.0
mpd_unified,tex5_green_variance_isna,0.0
mpd_unified,tex5_nir_asm_isna,0.0
mpd_unified,tex5_nir_contrast_isna,0.0
mpd_unified,tex5_nir_correlation_isna,0.0
mpd_unified,tex5_nir_entropy_isna,0.0
mpd_unified,tex5_nir_idm_isna,0.0
mpd_unified,tex5_nir_variance_isna,0.0
mpd_unified,tex5_red_asm_isna,0.0
mpd_unified,tex5_red_contrast_isna,0.0
mpd_unified,tex5_red_entropy_isna,0.0
mpd_unified,tex5_red_idm_isna,0.0
mpd_unified,tex5_red_variance_isna,0.0
mpd_unified,tex5_swir1_asm_isna,0.0
mpd_unified,tex5_swir1_contrast_isna,0.0
mpd_unified,tex5_swir1_entropy_isna,0.0
mpd_unified,tex5_swir1_idm_isna,0.0
mpd_unified,tex5_swir1_variance_isna,0.0
mpd_unified,tex5_swir2_asm_isna,0.0
mpd_unified,tex5_swir2_contrast_isna,0.0
mpd_unified,tex5_swir2_entropy_isna,0.0
mpd_unified,tex5_swir2_idm_isna,0.0
mpd_unified,tex5_swir2_variance_isna,0.0
mpd_unified,topo_eastness_isna,0.0
mpd_unified,topo_heat_load_isna,0.0
mpd_unified,topo_northness_isna,0.0
mpd_unified,topo_topo_flat,0.0
pcoa1_freq_unified,gmA_gm_kndvi,0.1330735451737309
pcoa1_freq_unified,gmA_gm_ndvi,0.12234616919199412
pcoa1_freq_unified,gmA_gm_nbr,0.10661523443047896
pcoa1_freq_unified,gmA_gm_band_red,0.06501819999361622
pcoa1_freq_unified,lvl5_red,0.05179780208346936
pcoa1_freq_unified,topo_elevation,0.031487759078482426
pcoa1_freq_unified,gmA_gm_band_swir2,0.028204079085120078
pcoa1_freq_unified,area_log10,0.024960178513496176
pcoa1_freq_unified,gmA_gm_evi,0.02341932071657733
pcoa1_freq_unified,lvl5_blue,0.02285300851646167
pcoa1_freq_unified,gmA_gm_band_green,0.021820526129465008
pcoa1_freq_unified,gmA_gm_smad,0.021675643017038438
pcoa1_freq_unified,gmA_gm_savi,0.01837256908827934
pcoa1_freq_unified,lvl5_green,0.018245232376273388
pcoa1_freq_unified,area_stratum_counts,0.01763010167460523
pcoa1_freq_unified,lvl5_swir2,0.015495990938721232
pcoa1_freq_unified,gmA_gm_band_blue,0.015323057967907939
pcoa1_freq_unified,gmA_gm_emad,0.011587233693994878
pcoa1_freq_unified,gmA_gm_bcmad,0.010188375485941042
pcoa1_freq_unified,topo_tri,0.009293313591735835
pcoa1_freq_unified,topo_slope,0.009028418801200916
pcoa1_freq_unified,topo_tpi,0.00901027572040885
pcoa1_freq_unified,lvl5_swir1,0.008780282523667037
pcoa1_freq_unified,topo_northness,0.00853595437608009
pcoa1_freq_unified,topo_eastness,0.007993562331019041
pcoa1_freq_unified,topo_heat_load,0.007851438130180383
pcoa1_freq_unified,gmA_gm_band_swir1,0.007704537814880029
pcoa1_freq_unified,lvl5_nir,0.00707487150030094
pcoa1_freq_unified,tex5_nir_correlation,0.006861679718108957
pcoa1_freq_unified,gmA_gm_band_nir,0.00682973354287225
pcoa1_freq_unified,topo_curvature,0.006563903529313048
pcoa1_freq_unified,tex5_nir_contrast,0.0056260129794475635
pcoa1_freq_unified,tex5_nir_idm,0.005469863224911148
pcoa1_freq_unified,tex5_nir_variance,0.005392488029795337
pcoa1_freq_unified,tex5_swir2_idm,0.005345315987430389
pcoa1_freq_unified,tex5_green_correlation,0.005317461054094974
pcoa1_freq_unified,tex5_swir2_asm,0.005291608392465507
pcoa1_freq_unified,tex5_swir2_correlation,0.004944771790962572
pcoa1_freq_unified,tex5_swir2_contrast,0.0048127664534985985
pcoa1_freq_unified,tex5_swir1_correlation,0.0047866761137410644
pcoa1_freq_unified,tex5_swir1_contrast,0.004572343956524589
pcoa1_freq_unified,tex5_swir1_idm,0.004473683980486245
pcoa1_freq_unified,tex5_swir2_entropy,0.004464663069870256
pcoa1_freq_unified,tex5_swir1_entropy,0.004411004161830326
pcoa1_freq_unified,tex5_blue_correlation,0.004337971427078838
pcoa1_freq_unified,tex5_swir1_asm,0.00432289256829341
pcoa1_freq_unified,tex5_red_correlation,0.0042518095600534555
pcoa1_freq_unified,tex5_nir_asm,0.004221422584093555
pcoa1_freq_unified,tex5_nir_entropy,0.004200339826691338
pcoa1_freq_unified,tex5_blue_idm,0.004085190336128155
pcoa1_freq_unified,tex5_blue_asm,0.0037514225692508395
pcoa1_freq_unified,tex5_green_variance,0.0036924183527148177
pcoa1_freq_unified,tex5_swir1_variance,0.0035912163117276267
pcoa1_freq_unified,tex5_red_asm,0.0035164942394837633
pcoa1_freq_unified,tex5_red_idm,0.0034900438946002337
pcoa1_freq_unified,tex5_green_contrast,0.0034877980622796214
pcoa1_freq_unified,tex5_blue_contrast,0.0034851432344622977
pcoa1_freq_unified,tex5_green_asm,0.0034633282435426816
pcoa1_freq_unified,tex5_green_idm,0.0034135824750021375
pcoa1_freq_unified,tex5_blue_variance,0.003331558172777102
pcoa1_freq_unified,tex5_red_entropy,0.0033066076676327863
pcoa1_freq_unified,tex5_red_contrast,0.0032510058744482095
pcoa1_freq_unified,tex5_swir2_variance,0.0032488239527334053
pcoa1_freq_unified,tex5_blue_entropy,0.003122047803150451
pcoa1_freq_unified,tex5_red_variance,0.0029310540568750062
pcoa1_freq_unified,tex5_green_entropy,0.002913422727812357
pcoa1_freq_unified,tex5_swir2_correlation_isna,1.2579358492709633e-05
pcoa1_freq_unified,tex5_blue_correlation_isna,1.0314216268610772e-05
pcoa1_freq_unified,tex5_red_correlation_isna,4.856667220384256e-06
pcoa1_freq_unified,topo_heat_load_isna,3.3314757978976906e-06
pcoa1_freq_unified,topo_topo_flat,1.3645574114604698e-06
pcoa1_freq_unified,area_stratum_basal,8.277583646717514e-07
pcoa1_freq_unified,topo_eastness_isna,2.97034719817999e-07
pcoa1_freq_unified,topo_northness_isna,1.720453228903088e-07
pcoa1_freq_unified,tex5_swir1_correlation_isna,5.015089785925083e-09
pcoa1_freq_unified,area_stratum_presence,0.0
pcoa1_freq_unified,gmA_gm_band_blue_isna,0.0
pcoa1_freq_unified,gmA_gm_band_green_isna,0.0
pcoa1_freq_unified,gmA_gm_band_nir_isna,0.0
pcoa1_freq_unified,gmA_gm_band_red_isna,0.0
pcoa1_freq_unified,gmA_gm_band_swir1_isna,0.0
pcoa1_freq_unified,gmA_gm_band_swir2_isna,0.0
pcoa1_freq_unified,gmA_gm_bcmad_isna,0.0
pcoa1_freq_unified,gmA_gm_emad_isna,0.0
pcoa1_freq_unified,gmA_gm_evi_isna,0.0
pcoa1_freq_unified,gmA_gm_kndvi_isna,0.0
pcoa1_freq_unified,gmA_gm_nbr_isna,0.0
pcoa1_freq_unified,gmA_gm_ndvi_isna,0.0
pcoa1_freq_unified,gmA_gm_savi_isna,0.0
pcoa1_freq_unified,gmA_gm_smad_isna,0.0
pcoa1_freq_unified,lvl5_blue_isna,0.0
pcoa1_freq_unified,lvl5_green_isna,0.0
pcoa1_freq_unified,lvl5_nir_isna,0.0
pcoa1_freq_unified,lvl5_red_isna,0.0
pcoa1_freq_unified,lvl5_swir1_isna,0.0
pcoa1_freq_unified,lvl5_swir2_isna,0.0
pcoa1_freq_unified,tex5_blue_asm_isna,0.0
pcoa1_freq_unified,tex5_blue_contrast_isna,0.0
pcoa1_freq_unified,tex5_blue_entropy_isna,0.0
pcoa1_freq_unified,tex5_blue_idm_isna,0.0
pcoa1_freq_unified,tex5_blue_variance_isna,0.0
pcoa1_freq_unified,tex5_green_asm_isna,0.0
pcoa1_freq_unified,tex5_green_contrast_isna,0.0
pcoa1_freq_unified,tex5_green_correlation_isna,0.0
pcoa1_freq_unified,tex5_green_entropy_isna,0.0
pcoa1_freq_unified,tex5_green_idm_isna,0.0
pcoa1_freq_unified,tex5_green_variance_isna,0.0
pcoa1_freq_unified,tex5_nir_asm_isna,0.0
pcoa1_freq_unified,tex5_nir_contrast_isna,0.0
pcoa1_freq_unified,tex5_nir_correlation_isna,0.0
pcoa1_freq_unified,tex5_nir_entropy_isna,0.0
pcoa1_freq_unified,tex5_nir_idm_isna,0.0
pcoa1_freq_unified,tex5_nir_variance_isna,0.0
pcoa1_freq_unified,tex5_red_asm_isna,0.0
pcoa1_freq_unified,tex5_red_contrast_isna,0.0
pcoa1_freq_unified,tex5_red_entropy_isna,0.0
pcoa1_freq_unified,tex5_red_idm_isna,0.0
pcoa1_freq_unified,tex5_red_variance_isna,0.0
pcoa1_freq_unified,tex5_swir1_asm_isna,0.0
pcoa1_freq_unified,tex5_swir1_contrast_isna,0.0
pcoa1_freq_unified,tex5_swir1_entropy_isna,0.0
pcoa1_freq_unified,tex5_swir1_idm_isna,0.0
pcoa1_freq_unified,tex5_swir1_variance_isna,0.0
pcoa1_freq_unified,tex5_swir2_asm_isna,0.0
pcoa1_freq_unified,tex5_swir2_contrast_isna,0.0
pcoa1_freq_unified,tex5_swir2_entropy_isna,0.0
pcoa1_freq_unified,tex5_swir2_idm_isna,0.0
pcoa1_freq_unified,tex5_swir2_variance_isna,0.0
pcoa1_pa_unified,gmA_gm_kndvi,0.13665815143328092
pcoa1_pa_unified,gmA_gm_ndvi,0.11656512512223043
pcoa1_pa_unified,gmA_gm_nbr,0.07016771959944587
pcoa1_pa_unified,topo_elevation,0.05182916035948779
pcoa1_pa_unified,gmA_gm_evi,0.03507781150809273
pcoa1_pa_unified,lvl5_red,0.027597968301994836
pcoa1_pa_unified,gmA_gm_savi,0.02757736056947634
pcoa1_pa_unified,gmA_gm_smad,0.024083330690673095
pcoa1_pa_unified,gmA_gm_band_red,0.02131858465993799
pcoa1_pa_unified,lvl5_blue,0.01945994759065948
pcoa1_pa_unified,area_log10,0.018147460213306165
pcoa1_pa_unified,area_stratum_counts,0.016529212952547025
pcoa1_pa_unified,lvl5_green,0.015181329668279165
pcoa1_pa_unified,topo_slope,0.014192988759160965
pcoa1_pa_unified,gmA_gm_band_swir2,0.014051195700700106
pcoa1_pa_unified,gmA_gm_emad,0.014023624488746379
pcoa1_pa_unified,gmA_gm_band_green,0.013871809121033373
pcoa1_pa_unified,gmA_gm_band_blue,0.01252873737096219
pcoa1_pa_unified,topo_tri,0.012446413665381613
pcoa1_pa_unified,gmA_gm_bcmad,0.012162243051537656
pcoa1_pa_unified,lvl5_swir2,0.011633314636903067
pcoa1_pa_unified,lvl5_swir1,0.010902108875389288
pcoa1_pa_unified,lvl5_nir,0.010661370605581462
pcoa1_pa_unified,topo_eastness,0.010469867432785005
pcoa1_pa_unified,topo_northness,0.010278437977263518
pcoa1_pa_unified,gmA_gm_band_nir,0.009360419302340965
pcoa1_pa_unified,gmA_gm_band_swir1,0.009356882145194664
pcoa1_pa_unified,topo_heat_load,0.009182655849468148
pcoa1_pa_unified,topo_tpi,0.008696966698643987
pcoa1_pa_unified,tex5_nir_variance,0.008283600596493777
pcoa1_pa_unified,tex5_nir_correlation,0.008237324056375176
pcoa1_pa_unified,topo_curvature,0.008140019061021157
pcoa1_pa_unified,tex5_nir_contrast,0.00809601525733893
pcoa1_pa_unified,tex5_green_variance,0.008059369480338882
pcoa1_pa_unified,tex5_swir1_entropy,0.007843658478768962
pcoa1_pa_unified,tex5_green_correlation,0.007833482772844501
pcoa1_pa_unified,tex5_green_contrast,0.007553543331642402
pcoa1_pa_unified,tex5_nir_idm,0.0073691592024856326
pcoa1_pa_unified,tex5_nir_entropy,0.007133687585900081
pcoa1_pa_unified,tex5_blue_correlation,0.00712908700248475
pcoa1_pa_unified,tex5_swir1_idm,0.006956483046074052
pcoa1_pa_unified,tex5_swir1_asm,0.006914351507761043
pcoa1_pa_unified,tex5_nir_asm,0.006797119215682762
pcoa1_pa_unified,tex5_blue_variance,0.006716044100765218
pcoa1_pa_unified,tex5_red_correlation,0.006476693676246335
pcoa1_pa_unified,tex5_swir2_entropy,0.006345442310537639
pcoa1_pa_unified,tex5_swir1_correlation,0.006295030977740652
pcoa1_pa_unified,tex5_swir2_idm,0.006260392238837729
pcoa1_pa_unified,tex5_blue_idm,0.006033920802352427
pcoa1_pa_unified,tex5_blue_entropy,0.005952162689040903
pcoa1_pa_unified,tex5_swir2_correlation,0.005815284993975332
pcoa1_pa_unified,tex5_red_contrast,0.00557129026083222
pcoa1_pa_unified,tex5_green_idm,0.005569948651757667
pcoa1_pa_unified,tex5_blue_asm,0.005511880894948309
pcoa1_pa_unified,tex5_red_idm,0.005408684380846752
pcoa1_pa_unified,tex5_blue_contrast,0.005398370423167415
pcoa1_pa_unified,tex5_red_variance,0.00534852642443544
pcoa1_pa_unified,tex5_swir2_asm,0.005335137295167471
pcoa1_pa_unified,tex5_green_asm,0.00519062046571477
pcoa1_pa_unified,tex5_swir1_contrast,0.005115869658845024
pcoa1_pa_unified,tex5_swir1_variance,0.005060154457885509
pcoa1_pa_unified,tex5_swir2_variance,0.004853104723446392
pcoa1_pa_unified,tex5_green_entropy,0.004836626228288322
pcoa1_pa_unified,tex5_red_asm,0.004790868000096968
pcoa1_pa_unified,tex5_red_entropy,0.004785877761942479
pcoa1_pa_unified,tex5_swir2_contrast,0.004781738490635275
pcoa1_pa_unified,area_stratum_presence,0.001409655561217249
pcoa1_pa_unified,area_stratum_basal,0.0007669967248433655
pcoa1_pa_unified,tex5_red_correlation_isna,3.6201394008654683e-06
pcoa1_pa_unified,topo_northness_isna,3.1744403768916114e-06
pcoa1_pa_unified,tex5_blue_correlation_isna,2.5404326377859953e-06
pcoa1_pa_unified,tex5_green_correlation_isna,6.793833467910559e-07
pcoa1_pa_unified,tex5_swir2_correlation_isna,4.391086678343512e-07
pcoa1_pa_unified,topo_eastness_isna,6.330246863954733e-08
pcoa1_pa_unified,tex5_swir1_correlation_isna,6.205381798555492e-08
pcoa1_pa_unified,gmA_gm_band_blue_isna,0.0
pcoa1_pa_unified,gmA_gm_band_green_isna,0.0
pcoa1_pa_unified,gmA_gm_band_nir_isna,0.0
pcoa1_pa_unified,gmA_gm_band_red_isna,0.0
pcoa1_pa_unified,gmA_gm_band_swir1_isna,0.0
pcoa1_pa_unified,gmA_gm_band_swir2_isna,0.0
pcoa1_pa_unified,gmA_gm_bcmad_isna,0.0
pcoa1_pa_unified,gmA_gm_emad_isna,0.0
pcoa1_pa_unified,gmA_gm_evi_isna,0.0
pcoa1_pa_unified,gmA_gm_kndvi_isna,0.0
pcoa1_pa_unified,gmA_gm_nbr_isna,0.0
pcoa1_pa_unified,gmA_gm_ndvi_isna,0.0
pcoa1_pa_unified,gmA_gm_savi_isna,0.0
pcoa1_pa_unified,gmA_gm_smad_isna,0.0
pcoa1_pa_unified,lvl5_blue_isna,0.0
pcoa1_pa_unified,lvl5_green_isna,0.0
pcoa1_pa_unified,lvl5_nir_isna,0.0
pcoa1_pa_unified,lvl5_red_isna,0.0
pcoa1_pa_unified,lvl5_swir1_isna,0.0
pcoa1_pa_unified,lvl5_swir2_isna,0.0
pcoa1_pa_unified,tex5_blue_asm_isna,0.0
pcoa1_pa_unified,tex5_blue_contrast_isna,0.0
pcoa1_pa_unified,tex5_blue_entropy_isna,0.0
pcoa1_pa_unified,tex5_blue_idm_isna,0.0
pcoa1_pa_unified,tex5_blue_variance_isna,0.0
pcoa1_pa_unified,tex5_green_asm_isna,0.0
pcoa1_pa_unified,tex5_green_contrast_isna,0.0
pcoa1_pa_unified,tex5_green_entropy_isna,0.0
pcoa1_pa_unified,tex5_green_idm_isna,0.0
pcoa1_pa_unified,tex5_green_variance_isna,0.0
pcoa1_pa_unified,tex5_nir_asm_isna,0.0
pcoa1_pa_unified,tex5_nir_contrast_isna,0.0
pcoa1_pa_unified,tex5_nir_correlation_isna,0.0
pcoa1_pa_unified,tex5_nir_entropy_isna,0.0
pcoa1_pa_unified,tex5_nir_idm_isna,0.0
pcoa1_pa_unified,tex5_nir_variance_isna,0.0
pcoa1_pa_unified,tex5_red_asm_isna,0.0
pcoa1_pa_unified,tex5_red_contrast_isna,0.0
pcoa1_pa_unified,tex5_red_entropy_isna,0.0
pcoa1_pa_unified,tex5_red_idm_isna,0.0
pcoa1_pa_unified,tex5_red_variance_isna,0.0
pcoa1_pa_unified,tex5_swir1_asm_isna,0.0
pcoa1_pa_unified,tex5_swir1_contrast_isna,0.0
pcoa1_pa_unified,tex5_swir1_entropy_isna,0.0
pcoa1_pa_unified,tex5_swir1_idm_isna,0.0
pcoa1_pa_unified,tex5_swir1_variance_isna,0.0
pcoa1_pa_unified,tex5_swir2_asm_isna,0.0
pcoa1_pa_unified,tex5_swir2_contrast_isna,0.0
pcoa1_pa_unified,tex5_swir2_entropy_isna,0.0
pcoa1_pa_unified,tex5_swir2_idm_isna,0.0
pcoa1_pa_unified,tex5_swir2_variance_isna,0.0
pcoa1_pa_unified,topo_heat_load_isna,0.0
pcoa1_pa_unified,topo_topo_flat,0.0
pcoa2_freq_unified,gmA_gm_kndvi,0.08651063908764922
pcoa2_freq_unified,gmA_gm_nbr,0.08062750738864675
pcoa2_freq_unified,gmA_gm_ndvi,0.0782181146079024
pcoa2_freq_unified,topo_elevation,0.05009410028572089
pcoa2_freq_unified,gmA_gm_band_red,0.02852733011198228
pcoa2_freq_unified,gmA_gm_smad,0.026069686027388052
pcoa2_freq_unified,lvl5_nir,0.025053697747724084
pcoa2_freq_unified,gmA_gm_evi,0.023721370837413935
pcoa2_freq_unified,gmA_gm_savi,0.021069328624028306
pcoa2_freq_unified,lvl5_red,0.020932822625243437
pcoa2_freq_unified,topo_tpi,0.020891586671490665
pcoa2_freq_unified,gmA_gm_emad,0.019082849006593114
pcoa2_freq_unified,topo_curvature,0.018213123316471413
pcoa2_freq_unified,area_stratum_counts,0.016205239334706304
pcoa2_freq_unified,gmA_gm_band_nir,0.01549432694785137
pcoa2_freq_unified,topo_eastness,0.015176270672972456
pcoa2_freq_unified,gmA_gm_band_green,0.015032168740065377
pcoa2_freq_unified,topo_slope,0.01498986065583085
pcoa2_freq_unified,gmA_gm_band_swir2,0.014866320555951898
pcoa2_freq_unified,area_log10,0.014481722817407266
pcoa2_freq_unified,tex5_nir_idm,0.013608810467422272
pcoa2_freq_unified,topo_tri,0.013216320784470353
pcoa2_freq_unified,tex5_nir_contrast,0.013189201094779224
pcoa2_freq_unified,lvl5_green,0.01303865894670871
pcoa2_freq_unified,gmA_gm_bcmad,0.01245098093712865
pcoa2_freq_unified,lvl5_blue,0.012433832617132035
pcoa2_freq_unified,lvl5_swir2,0.01216863892667681
pcoa2_freq_unified,gmA_gm_band_swir1,0.012140014545933477
pcoa2_freq_unified,gmA_gm_band_blue,0.012110574409022249
pcoa2_freq_unified,tex5_nir_variance,0.011617925380925796
pcoa2_freq_unified,topo_northness,0.011313820204292
pcoa2_freq_unified,tex5_nir_correlation,0.011233128740602855
pcoa2_freq_unified,topo_heat_load,0.010487102961440115
pcoa2_freq_unified,tex5_swir1_correlation,0.010482433572653205
pcoa2_freq_unified,lvl5_swir1,0.010022169911298584
pcoa2_freq_unified,tex5_swir2_correlation,0.009821572970191993
pcoa2_freq_unified,tex5_nir_asm,0.009606156178808289
pcoa2_freq_unified,tex5_nir_entropy,0.008922911555016792
pcoa2_freq_unified,area_stratum_basal,0.008615446215336183
pcoa2_freq_unified,tex5_blue_contrast,0.008512244067877834
pcoa2_freq_unified,tex5_green_idm,0.008010661999236984
pcoa2_freq_unified,tex5_red_correlation,0.007933060449267604
pcoa2_freq_unified,tex5_swir2_idm,0.007532352039525132
pcoa2_freq_unified,tex5_swir1_idm,0.0072829562145721605
pcoa2_freq_unified,tex5_green_correlation,0.007264507060121392
pcoa2_freq_unified,tex5_green_contrast,0.007161741658841379
pcoa2_freq_unified,tex5_blue_idm,0.007132433686231056
pcoa2_freq_unified,tex5_blue_correlation,0.007050749851884417
pcoa2_freq_unified,tex5_swir2_asm,0.006902652054725305
pcoa2_freq_unified,tex5_blue_asm,0.006503129338800715
pcoa2_freq_unified,tex5_swir1_asm,0.006400265427531039
pcoa2_freq_unified,tex5_blue_variance,0.006299739058100509
pcoa2_freq_unified,tex5_red_asm,0.006249202372781242
pcoa2_freq_unified,tex5_green_asm,0.006188571289967632
pcoa2_freq_unified,tex5_swir2_entropy,0.006140794456479792
pcoa2_freq_unified,tex5_swir1_entropy,0.005991844037196134
pcoa2_freq_unified,tex5_blue_entropy,0.005713408753107526
pcoa2_freq_unified,tex5_swir1_variance,0.005629034483476475
pcoa2_freq_unified,tex5_green_entropy,0.005613717430807045
pcoa2_freq_unified,tex5_swir2_contrast,0.00560954847534918
pcoa2_freq_unified,tex5_red_idm,0.005554649608225293
pcoa2_freq_unified,tex5_green_variance,0.005495656161966981
pcoa2_freq_unified,tex5_swir1_contrast,0.0054897421134580725
pcoa2_freq_unified,tex5_red_entropy,0.005347439943374938
pcoa2_freq_unified,tex5_swir2_variance,0.005328140541781744
pcoa2_freq_unified,tex5_red_variance,0.005214240737668649
pcoa2_freq_unified,tex5_red_contrast,0.004669826127809455
pcoa2_freq_unified,tex5_blue_correlation_isna,3.3213236314037554e-05
pcoa2_freq_unified,tex5_red_correlation_isna,4.54673692443667e-06
pcoa2_freq_unified,topo_northness_isna,8.21695722234584e-07
pcoa2_freq_unified,topo_heat_load_isna,6.377874698317171e-07
pcoa2_freq_unified,tex5_green_correlation_isna,4.101639967974704e-07
pcoa2_freq_unified,topo_eastness_isna,1.9002171328781393e-07
pcoa2_freq_unified,topo_topo_flat,9.699163407008568e-08
pcoa2_freq_unified,tex5_swir1_correlation_isna,7.4431799939958445e-09
pcoa2_freq_unified,area_stratum_presence,0.0
pcoa2_freq_unified,gmA_gm_band_blue_isna,0.0
pcoa2_freq_unified,gmA_gm_band_green_isna,0.0
pcoa2_freq_unified,gmA_gm_band_nir_isna,0.0
pcoa2_freq_unified,gmA_gm_band_red_isna,0.0
pcoa2_freq_unified,gmA_gm_band_swir1_isna,0.0
pcoa2_freq_unified,gmA_gm_band_swir2_isna,0.0
pcoa2_freq_unified,gmA_gm_bcmad_isna,0.0
pcoa2_freq_unified,gmA_gm_emad_isna,0.0
pcoa2_freq_unified,gmA_gm_evi_isna,0.0
pcoa2_freq_unified,gmA_gm_kndvi_isna,0.0
pcoa2_freq_unified,gmA_gm_nbr_isna,0.0
pcoa2_freq_unified,gmA_gm_ndvi_isna,0.0
pcoa2_freq_unified,gmA_gm_savi_isna,0.0
pcoa2_freq_unified,gmA_gm_smad_isna,0.0
pcoa2_freq_unified,lvl5_blue_isna,0.0
pcoa2_freq_unified,lvl5_green_isna,0.0
pcoa2_freq_unified,lvl5_nir_isna,0.0
pcoa2_freq_unified,lvl5_red_isna,0.0
pcoa2_freq_unified,lvl5_swir1_isna,0.0
pcoa2_freq_unified,lvl5_swir2_isna,0.0
pcoa2_freq_unified,tex5_blue_asm_isna,0.0
pcoa2_freq_unified,tex5_blue_contrast_isna,0.0
pcoa2_freq_unified,tex5_blue_entropy_isna,0.0
pcoa2_freq_unified,tex5_blue_idm_isna,0.0
pcoa2_freq_unified,tex5_blue_variance_isna,0.0
pcoa2_freq_unified,tex5_green_asm_isna,0.0
pcoa2_freq_unified,tex5_green_contrast_isna,0.0
pcoa2_freq_unified,tex5_green_entropy_isna,0.0
pcoa2_freq_unified,tex5_green_idm_isna,0.0
pcoa2_freq_unified,tex5_green_variance_isna,0.0
pcoa2_freq_unified,tex5_nir_asm_isna,0.0
pcoa2_freq_unified,tex5_nir_contrast_isna,0.0
pcoa2_freq_unified,tex5_nir_correlation_isna,0.0
pcoa2_freq_unified,tex5_nir_entropy_isna,0.0
pcoa2_freq_unified,tex5_nir_idm_isna,0.0
pcoa2_freq_unified,tex5_nir_variance_isna,0.0
pcoa2_freq_unified,tex5_red_asm_isna,0.0
pcoa2_freq_unified,tex5_red_contrast_isna,0.0
pcoa2_freq_unified,tex5_red_entropy_isna,0.0
pcoa2_freq_unified,tex5_red_idm_isna,0.0
pcoa2_freq_unified,tex5_red_variance_isna,0.0
pcoa2_freq_unified,tex5_swir1_asm_isna,0.0
pcoa2_freq_unified,tex5_swir1_contrast_isna,0.0
pcoa2_freq_unified,tex5_swir1_entropy_isna,0.0
pcoa2_freq_unified,tex5_swir1_idm_isna,0.0
pcoa2_freq_unified,tex5_swir1_variance_isna,0.0
pcoa2_freq_unified,tex5_swir2_asm_isna,0.0
pcoa2_freq_unified,tex5_swir2_contrast_isna,0.0
pcoa2_freq_unified,tex5_swir2_correlation_isna,0.0
pcoa2_freq_unified,tex5_swir2_entropy_isna,0.0
pcoa2_freq_unified,tex5_swir2_idm_isna,0.0
pcoa2_freq_unified,tex5_swir2_variance_isna,0.0
pcoa2_pa_unified,gmA_gm_kndvi,0.10207212053108665
pcoa2_pa_unified,gmA_gm_ndvi,0.08798817804760724
pcoa2_pa_unified,topo_elevation,0.05880103997359728
pcoa2_pa_unified,gmA_gm_nbr,0.053564889010498606
pcoa2_pa_unified,gmA_gm_evi,0.04126510989975924
pcoa2_pa_unified,gmA_gm_savi,0.03524003647362815
pcoa2_pa_unified,lvl5_nir,0.025516564847693192
pcoa2_pa_unified,gmA_gm_smad,0.023366413653333574
pcoa2_pa_unified,lvl5_red,0.01980018808209158
pcoa2_pa_unified,gmA_gm_emad,0.018275133183470117
pcoa2_pa_unified,lvl5_blue,0.017800761539987966
pcoa2_pa_unified,area_log10,0.016992813838276964
pcoa2_pa_unified,topo_curvature,0.016230470465873552
pcoa2_pa_unified,gmA_gm_bcmad,0.015358574690487991
pcoa2_pa_unified,gmA_gm_band_nir,0.014007178811254383
pcoa2_pa_unified,gmA_gm_band_blue,0.013915148061248443
pcoa2_pa_unified,topo_slope,0.013809398148707306
pcoa2_pa_unified,gmA_gm_band_red,0.013759281889712765
pcoa2_pa_unified,topo_tri,0.01371097661503624
pcoa2_pa_unified,topo_tpi,0.013289415403236377
pcoa2_pa_unified,tex5_nir_contrast,0.013150077725818606
pcoa2_pa_unified,tex5_nir_variance,0.013118731821860866
pcoa2_pa_unified,lvl5_green,0.012935495738357793
pcoa2_pa_unified,topo_eastness,0.012181328642620138
pcoa2_pa_unified,topo_northness,0.011735193651973664
pcoa2_pa_unified,gmA_gm_band_green,0.011629267800445188
pcoa2_pa_unified,lvl5_swir2,0.010961422290244851
pcoa2_pa_unified,gmA_gm_band_swir2,0.010886524490816563
pcoa2_pa_unified,tex5_nir_idm,0.01057146137750778
pcoa2_pa_unified,area_stratum_counts,0.010459460134899023
pcoa2_pa_unified,topo_heat_load,0.010419688530545364
pcoa2_pa_unified,tex5_nir_entropy,0.009841919406753195
pcoa2_pa_unified,lvl5_swir1,0.009596127995808851
pcoa2_pa_unified,tex5_nir_correlation,0.009564120368032756
pcoa2_pa_unified,tex5_swir1_entropy,0.009536457520880452
pcoa2_pa_unified,tex5_nir_asm,0.009272721011769212
pcoa2_pa_unified,gmA_gm_band_swir1,0.009073064055548637
pcoa2_pa_unified,tex5_swir1_asm,0.008971161692434601
pcoa2_pa_unified,tex5_swir1_idm,0.008261590241975026
pcoa2_pa_unified,tex5_swir1_correlation,0.008147736929459935
pcoa2_pa_unified,tex5_green_correlation,0.008137497077754375
pcoa2_pa_unified,tex5_blue_correlation,0.008068704594415062
pcoa2_pa_unified,tex5_swir2_correlation,0.00805306903019139
pcoa2_pa_unified,tex5_blue_entropy,0.007169918207211484
pcoa2_pa_unified,tex5_blue_idm,0.00702164320463077
pcoa2_pa_unified,tex5_blue_variance,0.006983378725672437
pcoa2_pa_unified,tex5_green_variance,0.006963993102280542
pcoa2_pa_unified,tex5_red_correlation,0.006838913860559579
pcoa2_pa_unified,tex5_blue_asm,0.006812673288209353
pcoa2_pa_unified,tex5_swir2_idm,0.006653628166942914
pcoa2_pa_unified,tex5_swir1_contrast,0.0066407986364748085
pcoa2_pa_unified,tex5_swir2_entropy,0.006612833704418858
pcoa2_pa_unified,tex5_green_contrast,0.006534372974230207
pcoa2_pa_unified,tex5_blue_contrast,0.006502782658429148
pcoa2_pa_unified,tex5_swir2_asm,0.006295465210486098
pcoa2_pa_unified,tex5_red_idm,0.0062799104319828086
pcoa2_pa_unified,tex5_swir1_variance,0.006276389072420191
pcoa2_pa_unified,tex5_swir2_variance,0.006240926435210306
pcoa2_pa_unified,tex5_red_variance,0.00623250149222111
pcoa2_pa_unified,tex5_green_idm,0.006228311762372911
pcoa2_pa_unified,tex5_red_contrast,0.005981064522273902
pcoa2_pa_unified,tex5_green_asm,0.00586147097556204
pcoa2_pa_unified,tex5_red_asm,0.005725825145514183
pcoa2_pa_unified,tex5_swir2_contrast,0.005710785270279217
pcoa2_pa_unified,tex5_red_entropy,0.005521916859701712
pcoa2_pa_unified,tex5_green_entropy,0.005124431409030269
pcoa2_pa_unified,area_stratum_basal,0.0036086091843083217
pcoa2_pa_unified,area_stratum_presence,0.000821145128471088
pcoa2_pa_unified,topo_topo_flat,1.367801039985756e-05
pcoa2_pa_unified,tex5_red_correlation_isna,2.7108511958858667e-06
pcoa2_pa_unified,tex5_blue_correlation_isna,1.9354482460720974e-06
pcoa2_pa_unified,tex5_green_correlation_isna,9.279894668405543e-07
pcoa2_pa_unified,tex5_swir2_correlation_isna,4.6557443353998747e-07
pcoa2_pa_unified,tex5_swir1_correlation_isna,6.15270284551207e-08
pcoa2_pa_unified,topo_heat_load_isna,1.587363422796631e-08
pcoa2_pa_unified,gmA_gm_band_blue_isna,0.0
pcoa2_pa_unified,gmA_gm_band_green_isna,0.0
pcoa2_pa_unified,gmA_gm_band_nir_isna,0.0
pcoa2_pa_unified,gmA_gm_band_red_isna,0.0
pcoa2_pa_unified,gmA_gm_band_swir1_isna,0.0
pcoa2_pa_unified,gmA_gm_band_swir2_isna,0.0
pcoa2_pa_unified,gmA_gm_bcmad_isna,0.0
pcoa2_pa_unified,gmA_gm_emad_isna,0.0
pcoa2_pa_unified,gmA_gm_evi_isna,0.0
pcoa2_pa_unified,gmA_gm_kndvi_isna,0.0
pcoa2_pa_unified,gmA_gm_nbr_isna,0.0
pcoa2_pa_unified,gmA_gm_ndvi_isna,0.0
pcoa2_pa_unified,gmA_gm_savi_isna,0.0
pcoa2_pa_unified,gmA_gm_smad_isna,0.0
pcoa2_pa_unified,lvl5_blue_isna,0.0
pcoa2_pa_unified,lvl5_green_isna,0.0
pcoa2_pa_unified,lvl5_nir_isna,0.0
pcoa2_pa_unified,lvl5_red_isna,0.0
pcoa2_pa_unified,lvl5_swir1_isna,0.0
pcoa2_pa_unified,lvl5_swir2_isna,0.0
pcoa2_pa_unified,tex5_blue_asm_isna,0.0
pcoa2_pa_unified,tex5_blue_contrast_isna,0.0
pcoa2_pa_unified,tex5_blue_entropy_isna,0.0
pcoa2_pa_unified,tex5_blue_idm_isna,0.0
pcoa2_pa_unified,tex5_blue_variance_isna,0.0
pcoa2_pa_unified,tex5_green_asm_isna,0.0
pcoa2_pa_unified,tex5_green_contrast_isna,0.0
pcoa2_pa_unified,tex5_green_entropy_isna,0.0
pcoa2_pa_unified,tex5_green_idm_isna,0.0
pcoa2_pa_unified,tex5_green_variance_isna,0.0
pcoa2_pa_unified,tex5_nir_asm_isna,0.0
pcoa2_pa_unified,tex5_nir_contrast_isna,0.0
pcoa2_pa_unified,tex5_nir_correlation_isna,0.0
pcoa2_pa_unified,tex5_nir_entropy_isna,0.0
pcoa2_pa_unified,tex5_nir_idm_isna,0.0
pcoa2_pa_unified,tex5_nir_variance_isna,0.0
pcoa2_pa_unified,tex5_red_asm_isna,0.0
pcoa2_pa_unified,tex5_red_contrast_isna,0.0
pcoa2_pa_unified,tex5_red_entropy_isna,0.0
pcoa2_pa_unified,tex5_red_idm_isna,0.0
pcoa2_pa_unified,tex5_red_variance_isna,0.0
pcoa2_pa_unified,tex5_swir1_asm_isna,0.0
pcoa2_pa_unified,tex5_swir1_contrast_isna,0.0
pcoa2_pa_unified,tex5_swir1_entropy_isna,0.0
pcoa2_pa_unified,tex5_swir1_idm_isna,0.0
pcoa2_pa_unified,tex5_swir1_variance_isna,0.0
pcoa2_pa_unified,tex5_swir2_asm_isna,0.0
pcoa2_pa_unified,tex5_swir2_contrast_isna,0.0
pcoa2_pa_unified,tex5_swir2_entropy_isna,0.0
pcoa2_pa_unified,tex5_swir2_idm_isna,0.0
pcoa2_pa_unified,tex5_swir2_variance_isna,0.0
pcoa2_pa_unified,topo_eastness_isna,0.0
pcoa2_pa_unified,topo_northness_isna,0.0
ses_mntd_unified,lvl5_blue,0.041715815659715196
ses_mntd_unified,topo_elevation,0.04149423767344797
ses_mntd_unified,gmA_gm_evi,0.04013634549343269
ses_mntd_unified,gmA_gm_nbr,0.037645062002384114
ses_mntd_unified,gmA_gm_savi,0.0344800887280232
ses_mntd_unified,gmA_gm_band_blue,0.024725591428965223
ses_mntd_unified,gmA_gm_kndvi,0.024086535387440624
ses_mntd_unified,lvl5_green,0.022309759983852744
ses_mntd_unified,lvl5_nir,0.021145103598992
ses_mntd_unified,area_log10,0.020914187866601257
ses_mntd_unified,gmA_gm_ndvi,0.020847993068270038
ses_mntd_unified,gmA_gm_emad,0.02079407384658675
ses_mntd_unified,topo_curvature,0.020068292677710896
ses_mntd_unified,gmA_gm_bcmad,0.019728005407881766
ses_mntd_unified,lvl5_swir1,0.019194310986618373
ses_mntd_unified,topo_tri,0.01906104211735373
ses_mntd_unified,topo_eastness,0.018924969381604654
ses_mntd_unified,gmA_gm_band_nir,0.01757262363013993
ses_mntd_unified,topo_tpi,0.017521270032561414
ses_mntd_unified,topo_northness,0.017145037253059214
ses_mntd_unified,topo_heat_load,0.016716378819257128
ses_mntd_unified,lvl5_swir2,0.01630163927136275
ses_mntd_unified,gmA_gm_band_swir2,0.01560559416844148
ses_mntd_unified,gmA_gm_band_green,0.015241224647679474
ses_mntd_unified,gmA_gm_smad,0.015094800301293704
ses_mntd_unified,topo_slope,0.014958780902916306
ses_mntd_unified,tex5_red_correlation,0.01470204274897087
ses_mntd_unified,tex5_green_correlation,0.014464927330886595
ses_mntd_unified,lvl5_red,0.01340110060029059
ses_mntd_unified,tex5_nir_idm,0.013342770791650402
ses_mntd_unified,tex5_swir1_correlation,0.012749332655759745
ses_mntd_unified,tex5_blue_correlation,0.012652562757312793
ses_mntd_unified,gmA_gm_band_red,0.012558259723457177
ses_mntd_unified,tex5_swir2_correlation,0.012377484955814446
ses_mntd_unified,gmA_gm_band_swir1,0.012195479178618924
ses_mntd_unified,tex5_nir_variance,0.01219372585863166
ses_mntd_unified,tex5_blue_variance,0.012060280960612898
ses_mntd_unified,tex5_nir_contrast,0.01203520507886346
ses_mntd_unified,tex5_nir_correlation,0.011637696233616124
ses_mntd_unified,tex5_blue_contrast,0.011417830192358295
ses_mntd_unified,tex5_blue_idm,0.010841737193447784
ses_mntd_unified,tex5_blue_asm,0.010790804232459011
ses_mntd_unified,tex5_nir_asm,0.01043906331064987
ses_mntd_unified,tex5_green_contrast,0.010359447513806293
ses_mntd_unified,tex5_green_variance,0.010299491713053607
ses_mntd_unified,tex5_nir_entropy,0.01013615780646333
ses_mntd_unified,tex5_green_asm,0.009840955944721433
ses_mntd_unified,tex5_swir2_asm,0.009799476243765612
ses_mntd_unified,tex5_blue_entropy,0.00977007631017245
ses_mntd_unified,tex5_red_idm,0.009761766482212636
ses_mntd_unified,tex5_green_idm,0.009543219279917105
ses_mntd_unified,tex5_swir2_contrast,0.009151596952019952
ses_mntd_unified,tex5_swir2_idm,0.009124154482187546
ses_mntd_unified,tex5_red_contrast,0.00889609939268558
ses_mntd_unified,tex5_red_asm,0.008653435851732855
ses_mntd_unified,tex5_swir2_variance,0.008456322768892383
ses_mntd_unified,tex5_green_entropy,0.008267748035492647
ses_mntd_unified,tex5_swir1_idm,0.00821405888433034
ses_mntd_unified,tex5_swir1_asm,0.008186070950043336
ses_mntd_unified,tex5_red_entropy,0.008106181535634254
ses_mntd_unified,tex5_swir2_entropy,0.007882577368985006
ses_mntd_unified,tex5_swir1_variance,0.007825876578730366
ses_mntd_unified,tex5_red_variance,0.007607272497500155
ses_mntd_unified,tex5_swir1_entropy,0.00723092334142298
ses_mntd_unified,tex5_swir1_contrast,0.007163955689254417
ses_mntd_unified,area_stratum_counts,0.001513413109763224
ses_mntd_unified,area_stratum_presence,0.0005825787529455779
ses_mntd_unified,area_stratum_basal,0.0002069213309593817
ses_mntd_unified,tex5_blue_correlation_isna,9.00038812901796e-05
ses_mntd_unified,tex5_swir2_correlation_isna,2.3481761565170333e-05
ses_mntd_unified,tex5_red_correlation_isna,8.115272028752249e-06
ses_mntd_unified,tex5_swir1_correlation_isna,6.218009084835022e-06
ses_mntd_unified,tex5_green_correlation_isna,3.3341203452705258e-06
ses_mntd_unified,gmA_gm_band_blue_isna,0.0
ses_mntd_unified,gmA_gm_band_green_isna,0.0
ses_mntd_unified,gmA_gm_band_nir_isna,0.0
ses_mntd_unified,gmA_gm_band_red_isna,0.0
ses_mntd_unified,gmA_gm_band_swir1_isna,0.0
ses_mntd_unified,gmA_gm_band_swir2_isna,0.0
ses_mntd_unified,gmA_gm_bcmad_isna,0.0
ses_mntd_unified,gmA_gm_emad_isna,0.0
ses_mntd_unified,gmA_gm_evi_isna,0.0
ses_mntd_unified,gmA_gm_kndvi_isna,0.0
ses_mntd_unified,gmA_gm_nbr_isna,0.0
ses_mntd_unified,gmA_gm_ndvi_isna,0.0
ses_mntd_unified,gmA_gm_savi_isna,0.0
ses_mntd_unified,gmA_gm_smad_isna,0.0
ses_mntd_unified,lvl5_blue_isna,0.0
ses_mntd_unified,lvl5_green_isna,0.0
ses_mntd_unified,lvl5_nir_isna,0.0
ses_mntd_unified,lvl5_red_isna,0.0
ses_mntd_unified,lvl5_swir1_isna,0.0
ses_mntd_unified,lvl5_swir2_isna,0.0
ses_mntd_unified,tex5_blue_asm_isna,0.0
ses_mntd_unified,tex5_blue_contrast_isna,0.0
ses_mntd_unified,tex5_blue_entropy_isna,0.0
ses_mntd_unified,tex5_blue_idm_isna,0.0
ses_mntd_unified,tex5_blue_variance_isna,0.0
ses_mntd_unified,tex5_green_asm_isna,0.0
ses_mntd_unified,tex5_green_contrast_isna,0.0
ses_mntd_unified,tex5_green_entropy_isna,0.0
ses_mntd_unified,tex5_green_idm_isna,0.0
ses_mntd_unified,tex5_green_variance_isna,0.0
ses_mntd_unified,tex5_nir_asm_isna,0.0
ses_mntd_unified,tex5_nir_contrast_isna,0.0
ses_mntd_unified,tex5_nir_correlation_isna,0.0
ses_mntd_unified,tex5_nir_entropy_isna,0.0
ses_mntd_unified,tex5_nir_idm_isna,0.0
ses_mntd_unified,tex5_nir_variance_isna,0.0
ses_mntd_unified,tex5_red_asm_isna,0.0
ses_mntd_unified,tex5_red_contrast_isna,0.0
ses_mntd_unified,tex5_red_entropy_isna,0.0
ses_mntd_unified,tex5_red_idm_isna,0.0
ses_mntd_unified,tex5_red_variance_isna,0.0
ses_mntd_unified,tex5_swir1_asm_isna,0.0
ses_mntd_unified,tex5_swir1_contrast_isna,0.0
ses_mntd_unified,tex5_swir1_entropy_isna,0.0
ses_mntd_unified,tex5_swir1_idm_isna,0.0
ses_mntd_unified,tex5_swir1_variance_isna,0.0
ses_mntd_unified,tex5_swir2_asm_isna,0.0
ses_mntd_unified,tex5_swir2_contrast_isna,0.0
ses_mntd_unified,tex5_swir2_entropy_isna,0.0
ses_mntd_unified,tex5_swir2_idm_isna,0.0
ses_mntd_unified,tex5_swir2_variance_isna,0.0
ses_mntd_unified,topo_eastness_isna,0.0
ses_mntd_unified,topo_heat_load_isna,0.0
ses_mntd_unified,topo_northness_isna,0.0
ses_mntd_unified,topo_topo_flat,0.0
ses_mpd_unified,topo_elevation,0.04575699094655061
ses_mpd_unified,gmA_gm_evi,0.03544380347722416
ses_mpd_unified,lvl5_blue,0.03231265352481964
ses_mpd_unified,gmA_gm_nbr,0.03194185208581526
ses_mpd_unified,gmA_gm_savi,0.030287490875869592
ses_mpd_unified,tex5_swir1_correlation,0.028766414596047167
ses_mpd_unified,area_log10,0.027112342780914844
ses_mpd_unified,topo_eastness,0.022891747763729563
ses_mpd_unified,gmA_gm_kndvi,0.022634519975223873
ses_mpd_unified,gmA_gm_emad,0.022459048824702673
ses_mpd_unified,gmA_gm_ndvi,0.021406727099507295
ses_mpd_unified,lvl5_nir,0.02056454355459119
ses_mpd_unified,topo_heat_load,0.018953291492165524
ses_mpd_unified,topo_curvature,0.018612437324794805
ses_mpd_unified,lvl5_green,0.018137156210388673
ses_mpd_unified,gmA_gm_band_blue,0.017766836591714224
ses_mpd_unified,lvl5_swir1,0.01773416256136011
ses_mpd_unified,gmA_gm_smad,0.017665865939412745
ses_mpd_unified,topo_northness,0.01737905359222779
ses_mpd_unified,topo_tpi,0.017264878622615488
ses_mpd_unified,lvl5_swir2,0.017173649291717837
ses_mpd_unified,gmA_gm_bcmad,0.016964596941003027
ses_mpd_unified,topo_tri,0.015741732958817735
ses_mpd_unified,tex5_green_correlation,0.015204131166655383
ses_mpd_unified,lvl5_red,0.014809987701986452
ses_mpd_unified,tex5_swir2_correlation,0.014210067846843307
ses_mpd_unified,gmA_gm_band_green,0.01409311682817777
ses_mpd_unified,gmA_gm_band_swir2,0.013941978023799876
ses_mpd_unified,gmA_gm_band_nir,0.01359328674680772
ses_mpd_unified,tex5_blue_variance,0.013348661955690375
ses_mpd_unified,tex5_swir2_asm,0.013242193677461312
ses_mpd_unified,tex5_nir_contrast,0.01316551156098511
ses_mpd_unified,gmA_gm_band_swir1,0.013091583860633266
ses_mpd_unified,topo_slope,0.012655989956316439
ses_mpd_unified,gmA_gm_band_red,0.012315152657312797
ses_mpd_unified,tex5_swir2_variance,0.01228610597170703
ses_mpd_unified,tex5_nir_variance,0.01223345485781897
ses_mpd_unified,tex5_blue_correlation,0.011919924997404832
ses_mpd_unified,tex5_red_correlation,0.011582830892267087
ses_mpd_unified,tex5_blue_asm,0.011473856944670565
ses_mpd_unified,tex5_nir_idm,0.011130264256549945
ses_mpd_unified,tex5_green_variance,0.01110696152274486
ses_mpd_unified,tex5_swir1_variance,0.010519173521234024
ses_mpd_unified,tex5_swir2_entropy,0.010486409652860382
ses_mpd_unified,tex5_green_idm,0.010277607280617843
ses_mpd_unified,tex5_nir_asm,0.01022745306862855
ses_mpd_unified,tex5_swir2_contrast,0.010160296891642183
ses_mpd_unified,tex5_red_asm,0.010150814015273103
ses_mpd_unified,tex5_swir1_idm,0.010010718450484919
ses_mpd_unified,tex5_green_contrast,0.00994272535587738
ses_mpd_unified,tex5_nir_correlation,0.009923179195069081
ses_mpd_unified,tex5_nir_entropy,0.009834838514600684
ses_mpd_unified,tex5_blue_entropy,0.009694865192608976
ses_mpd_unified,tex5_swir2_idm,0.00954053926680309
ses_mpd_unified,tex5_blue_contrast,0.00941353963597497
ses_mpd_unified,tex5_red_contrast,0.00928943127072496
ses_mpd_unified,tex5_red_idm,0.008997260033607016
ses_mpd_unified,tex5_red_variance,0.008957299246439166
ses_mpd_unified,tex5_green_asm,0.008846270495067364
ses_mpd_unified,tex5_blue_idm,0.00877062238859738
ses_mpd_unified,tex5_red_entropy,0.008734056930018459
ses_mpd_unified,tex5_green_entropy,0.008667752022851544
ses_mpd_unified,tex5_swir1_asm,0.008607182077732551
ses_mpd_unified,tex5_swir1_entropy,0.008533927582945917
ses_mpd_unified,tex5_swir1_contrast,0.008475847567089443
ses_mpd_unified,area_stratum_counts,0.0009437978421569188
ses_mpd_unified,area_stratum_presence,0.0004545357248314599
ses_mpd_unified,tex5_green_correlation_isna,5.155185023411255e-05
ses_mpd_unified,tex5_swir1_correlation_isna,3.3433058571499826e-05
ses_mpd_unified,area_stratum_basal,3.0594092158598494e-05
ses_mpd_unified,tex5_red_correlation_isna,2.4633994348661338e-05
ses_mpd_unified,tex5_swir2_correlation_isna,1.7806413014079665e-05
ses_mpd_unified,tex5_blue_correlation_isna,4.978910888775097e-06
ses_mpd_unified,gmA_gm_band_blue_isna,0.0
ses_mpd_unified,gmA_gm_band_green_isna,0.0
ses_mpd_unified,gmA_gm_band_nir_isna,0.0
ses_mpd_unified,gmA_gm_band_red_isna,0.0
ses_mpd_unified,gmA_gm_band_swir1_isna,0.0
ses_mpd_unified,gmA_gm_band_swir2_isna,0.0
ses_mpd_unified,gmA_gm_bcmad_isna,0.0
ses_mpd_unified,gmA_gm_emad_isna,0.0
ses_mpd_unified,gmA_gm_evi_isna,0.0
ses_mpd_unified,gmA_gm_kndvi_isna,0.0
ses_mpd_unified,gmA_gm_nbr_isna,0.0
ses_mpd_unified,gmA_gm_ndvi_isna,0.0
ses_mpd_unified,gmA_gm_savi_isna,0.0
ses_mpd_unified,gmA_gm_smad_isna,0.0
ses_mpd_unified,lvl5_blue_isna,0.0
ses_mpd_unified,lvl5_green_isna,0.0
ses_mpd_unified,lvl5_nir_isna,0.0
ses_mpd_unified,lvl5_red_isna,0.0
ses_mpd_unified,lvl5_swir1_isna,0.0
ses_mpd_unified,lvl5_swir2_isna,0.0
ses_mpd_unified,tex5_blue_asm_isna,0.0
ses_mpd_unified,tex5_blue_contrast_isna,0.0
ses_mpd_unified,tex5_blue_entropy_isna,0.0
ses_mpd_unified,tex5_blue_idm_isna,0.0
ses_mpd_unified,tex5_blue_variance_isna,0.0
ses_mpd_unified,tex5_green_asm_isna,0.0
ses_mpd_unified,tex5_green_contrast_isna,0.0
ses_mpd_unified,tex5_green_entropy_isna,0.0
ses_mpd_unified,tex5_green_idm_isna,0.0
ses_mpd_unified,tex5_green_variance_isna,0.0
ses_mpd_unified,tex5_nir_asm_isna,0.0
ses_mpd_unified,tex5_nir_contrast_isna,0.0
ses_mpd_unified,tex5_nir_correlation_isna,0.0
ses_mpd_unified,tex5_nir_entropy_isna,0.0
ses_mpd_unified,tex5_nir_idm_isna,0.0
ses_mpd_unified,tex5_nir_variance_isna,0.0
ses_mpd_unified,tex5_red_asm_isna,0.0
ses_mpd_unified,tex5_red_contrast_isna,0.0
ses_mpd_unified,tex5_red_entropy_isna,0.0
ses_mpd_unified,tex5_red_idm_isna,0.0
ses_mpd_unified,tex5_red_variance_isna,0.0
ses_mpd_unified,tex5_swir1_asm_isna,0.0
ses_mpd_unified,tex5_swir1_contrast_isna,0.0
ses_mpd_unified,tex5_swir1_entropy_isna,0.0
ses_mpd_unified,tex5_swir1_idm_isna,0.0
ses_mpd_unified,tex5_swir1_variance_isna,0.0
ses_mpd_unified,tex5_swir2_asm_isna,0.0
ses_mpd_unified,tex5_swir2_contrast_isna,0.0
ses_mpd_unified,tex5_swir2_entropy_isna,0.0
ses_mpd_unified,tex5_swir2_idm_isna,0.0
ses_mpd_unified,tex5_swir2_variance_isna,0.0
ses_mpd_unified,topo_eastness_isna,0.0
ses_mpd_unified,topo_heat_load_isna,0.0
ses_mpd_unified,topo_northness_isna,0.0
ses_mpd_unified,topo_topo_flat,0.0
ses_pd_unified,gmA_gm_nbr,0.04158230328725422
ses_pd_unified,topo_elevation,0.041367617112433294
ses_pd_unified,lvl5_blue,0.03391148855622423
ses_pd_unified,gmA_gm_evi,0.033136785452241704
ses_pd_unified,gmA_gm_savi,0.031010799267547462
ses_pd_unified,area_log10,0.027619697055614977
ses_pd_unified,gmA_gm_kndvi,0.02509704639496784
ses_pd_unified,gmA_gm_ndvi,0.022560943457626347
ses_pd_unified,gmA_gm_band_blue,0.022156166893576208
ses_pd_unified,gmA_gm_emad,0.020871688638256825
ses_pd_unified,tex5_swir1_correlation,0.020570248182613618
ses_pd_unified,topo_curvature,0.020259111606429576
ses_pd_unified,topo_eastness,0.019767504754995092
ses_pd_unified,lvl5_green,0.01934826574516658
ses_pd_unified,lvl5_nir,0.01899465262621118
ses_pd_unified,lvl5_swir2,0.01870334428983112
ses_pd_unified,gmA_gm_bcmad,0.01860550665854937
ses_pd_unified,topo_northness,0.01796807487850586
ses_pd_unified,topo_tpi,0.017944125441460575
ses_pd_unified,topo_heat_load,0.017601867060511405
ses_pd_unified,lvl5_swir1,0.01737728865962372
ses_pd_unified,topo_tri,0.017099006815066806
ses_pd_unified,gmA_gm_smad,0.01686839678681172
ses_pd_unified,gmA_gm_band_swir2,0.015732753995079757
ses_pd_unified,gmA_gm_band_green,0.014873729730759466
ses_pd_unified,topo_slope,0.014636556353704408
ses_pd_unified,gmA_gm_band_nir,0.01440726561137697
ses_pd_unified,tex5_blue_variance,0.013975421967391485
ses_pd_unified,tex5_green_correlation,0.013841108376282848
ses_pd_unified,lvl5_red,0.013267879972942858
ses_pd_unified,tex5_red_correlation,0.013111637370172586
ses_pd_unified,tex5_swir2_asm,0.01302644623480122
ses_pd_unified,gmA_gm_band_swir1,0.01279014152113862
ses_pd_unified,tex5_green_variance,0.012689771956959334
ses_pd_unified,tex5_swir2_correlation,0.012658133665456785
ses_pd_unified,gmA_gm_band_red,0.012580254076960559
ses_pd_unified,tex5_nir_variance,0.012203504637661743
ses_pd_unified,tex5_nir_contrast,0.012118655095963212
ses_pd_unified,tex5_blue_correlation,0.01194237198368322
ses_pd_unified,tex5_blue_asm,0.011268504029640906
ses_pd_unified,tex5_nir_idm,0.011227197653182804
ses_pd_unified,tex5_blue_entropy,0.010970568936337684
ses_pd_unified,tex5_green_contrast,0.010921148397189129
ses_pd_unified,tex5_nir_correlation,0.010467242880317763
ses_pd_unified,tex5_blue_idm,0.010233215331260502
ses_pd_unified,tex5_swir2_variance,0.010149448659311545
ses_pd_unified,tex5_swir2_entropy,0.00995024421619475
ses_pd_unified,tex5_blue_contrast,0.009778043990596416
ses_pd_unified,tex5_nir_asm,0.009676827965027886
ses_pd_unified,tex5_nir_entropy,0.009530220757109168
ses_pd_unified,tex5_red_variance,0.009414903842941824
ses_pd_unified,tex5_green_idm,0.009413012054183273
ses_pd_unified,tex5_green_asm,0.009178166941085818
ses_pd_unified,tex5_swir1_variance,0.009128893578434086
ses_pd_unified,tex5_swir2_idm,0.009116860698560453
ses_pd_unified,tex5_green_entropy,0.0090290730488106
ses_pd_unified,tex5_red_contrast,0.009021930265428602
ses_pd_unified,tex5_red_asm,0.008942580286091429
ses_pd_unified,tex5_red_idm,0.00860133033829677
ses_pd_unified,tex5_swir1_idm,0.008505895697120852
ses_pd_unified,tex5_swir1_asm,0.008331020707937866
ses_pd_unified,tex5_swir2_contrast,0.008178266129106009
ses_pd_unified,tex5_swir1_contrast,0.007693938956578578
ses_pd_unified,tex5_red_entropy,0.007543016321627348
ses_pd_unified,tex5_swir1_entropy,0.007527936461178464
ses_pd_unified,area_stratum_counts,0.0010693685384768853
ses_pd_unified,area_stratum_presence,0.0006007421913080913
ses_pd_unified,tex5_blue_correlation_isna,0.00017236775196607514
ses_pd_unified,tex5_green_correlation_isna,3.341443034659014e-05
ses_pd_unified,tex5_red_correlation_isna,2.870431061285183e-05
ses_pd_unified,tex5_swir1_correlation_isna,9.919581718417605e-06
ses_pd_unified,tex5_swir2_correlation_isna,8.432880165788189e-06
ses_pd_unified,area_stratum_basal,0.0
ses_pd_unified,gmA_gm_band_blue_isna,0.0
ses_pd_unified,gmA_gm_band_green_isna,0.0
ses_pd_unified,gmA_gm_band_nir_isna,0.0
ses_pd_unified,gmA_gm_band_red_isna,0.0
ses_pd_unified,gmA_gm_band_swir1_isna,0.0
ses_pd_unified,gmA_gm_band_swir2_isna,0.0
ses_pd_unified,gmA_gm_bcmad_isna,0.0
ses_pd_unified,gmA_gm_emad_isna,0.0
ses_pd_unified,gmA_gm_evi_isna,0.0
ses_pd_unified,gmA_gm_kndvi_isna,0.0
ses_pd_unified,gmA_gm_nbr_isna,0.0
ses_pd_unified,gmA_gm_ndvi_isna,0.0
ses_pd_unified,gmA_gm_savi_isna,0.0
ses_pd_unified,gmA_gm_smad_isna,0.0
ses_pd_unified,lvl5_blue_isna,0.0
ses_pd_unified,lvl5_green_isna,0.0
ses_pd_unified,lvl5_nir_isna,0.0
ses_pd_unified,lvl5_red_isna,0.0
ses_pd_unified,lvl5_swir1_isna,0.0
ses_pd_unified,lvl5_swir2_isna,0.0
ses_pd_unified,tex5_blue_asm_isna,0.0
ses_pd_unified,tex5_blue_contrast_isna,0.0
ses_pd_unified,tex5_blue_entropy_isna,0.0
ses_pd_unified,tex5_blue_idm_isna,0.0
ses_pd_unified,tex5_blue_variance_isna,0.0
ses_pd_unified,tex5_green_asm_isna,0.0
ses_pd_unified,tex5_green_contrast_isna,0.0
ses_pd_unified,tex5_green_entropy_isna,0.0
ses_pd_unified,tex5_green_idm_isna,0.0
ses_pd_unified,tex5_green_variance_isna,0.0
ses_pd_unified,tex5_nir_asm_isna,0.0
ses_pd_unified,tex5_nir_contrast_isna,0.0
ses_pd_unified,tex5_nir_correlation_isna,0.0
ses_pd_unified,tex5_nir_entropy_isna,0.0
ses_pd_unified,tex5_nir_idm_isna,0.0
ses_pd_unified,tex5_nir_variance_isna,0.0
ses_pd_unified,tex5_red_asm_isna,0.0
ses_pd_unified,tex5_red_contrast_isna,0.0
ses_pd_unified,tex5_red_entropy_isna,0.0
ses_pd_unified,tex5_red_idm_isna,0.0
ses_pd_unified,tex5_red_variance_isna,0.0
ses_pd_unified,tex5_swir1_asm_isna,0.0
ses_pd_unified,tex5_swir1_contrast_isna,0.0
ses_pd_unified,tex5_swir1_entropy_isna,0.0
ses_pd_unified,tex5_swir1_idm_isna,0.0
ses_pd_unified,tex5_swir1_variance_isna,0.0
ses_pd_unified,tex5_swir2_asm_isna,0.0
ses_pd_unified,tex5_swir2_contrast_isna,0.0
ses_pd_unified,tex5_swir2_entropy_isna,0.0
ses_pd_unified,tex5_swir2_idm_isna,0.0
ses_pd_unified,tex5_swir2_variance_isna,0.0
ses_pd_unified,topo_eastness_isna,0.0
ses_pd_unified,topo_heat_load_isna,0.0
ses_pd_unified,topo_northness_isna,0.0
ses_pd_unified,topo_topo_flat,0.0
