3462 tiles of 10 km, years 2000-2026 (27), archive span 1998-2026
/env/lib/python3.12/site-packages/sklearn/base.py:463: InconsistentVersionWarning: Trying to unpickle estimator StandardScaler from version 1.3.1 when using version 1.8.0. This might lead to breaking code or invalid results. Use at your own risk. For more info please refer to:
https://scikit-learn.org/stable/model_persistence.html#security-maintainability-limitations
  warnings.warn(
/env/lib/python3.12/site-packages/sklearn/base.py:463: InconsistentVersionWarning: Trying to unpickle estimator PowerTransformer from version 1.3.1 when using version 1.8.0. This might lead to breaking code or invalid results. Use at your own risk. For more info please refer to:
https://scikit-learn.org/stable/model_persistence.html#security-maintainability-limitations
  warnings.warn(
ensemble: 5 seeds, targets ['lcbd_count_sorensen', 'pd_inext_q0', 'pd_inext_q1', 'pd_inext_q2', 'td_inext_q0', 'td_inext_q1', 'td_inext_q2'], context ['topo_elevation', 'topo_slope', 'topo_northness', 'topo_eastness', 'topo_heat_load', 'topo_tpi', 'topo_tri', 'topo_curvature', 'topo_topo_flat', 'area_log10', 'area_stratum_counts', 'area_stratum_presence', 'area_stratum_basal']
smearing: residuals from results/models_unified_topofix/C2D02_serpentine_kndvi_raw100_pg-all_unified_maekndvi_m06_ctr/kfold5_block20_unified/oof_predictions.csv ([2499, 888, 888, 888, 895, 895, 895] usable per target)
range clipping: training targets loaded
/home/jovyan/temp/Biodiversity_Chile/scripts/73_map_inference.py:602: DtypeWarning: Columns (0: file) have mixed types. Specify dtype option on import or set low_memory=False.
  m = pd.read_csv(man_path)
resume: 756 (tile, year) already written; 92718 earlier failures will be retried
gateway easihub.c872a32821eb4f639c8be50509289c3f: 5 workers x 8 cores / 28 GB, 4 tile(s) each; dashboard https://hub.datacubechile.cl/services/dask-gateway/clusters/easihub.c872a32821eb4f639c8be50509289c3f/status
  5 workers up (40 cores granted of 40 asked)
uploaded biodiv_worker.zip (125 kB) to the workers
submitted 3434 tiles
[1/3434] t4_491: ok  |  1 ok / 0 failed, 9 min elapsed, eta 487.3 h
[2/3434] t5_445: ok  |  2 ok / 0 failed, 9 min elapsed, eta 255.0 h
[3/3434] t4_494: ok  |  3 ok / 0 failed, 12 min elapsed, eta 222.3 h
[4/3434] t5_435: ok  |  4 ok / 0 failed, 15 min elapsed, eta 209.3 h
[5/3434] t3_446: ok  |  5 ok / 0 failed, 17 min elapsed, eta 199.7 h
[6/3434] t5_442: ok  |  6 ok / 0 failed, 25 min elapsed, eta 233.6 h
[7/3434] t2_454: ok  |  7 ok / 0 failed, 25 min elapsed, eta 204.4 h
[8/3434] t4_505: ok  |  8 ok / 0 failed, 25 min elapsed, eta 179.0 h
[9/3434] t5_450: ok  |  9 ok / 0 failed, 29 min elapsed, eta 180.8 h
[10/3434] t4_504: ok  |  10 ok / 0 failed, 31 min elapsed, eta 177.9 h
[11/3434] t3_453: ok  |  11 ok / 0 failed, 32 min elapsed, eta 164.2 h
[12/3434] t5_440: ok  |  12 ok / 0 failed, 33 min elapsed, eta 156.4 h
[13/3434] t2_458: ok  |  13 ok / 0 failed, 34 min elapsed, eta 147.3 h
[14/3434] t2_457: ok  |  14 ok / 0 failed, 34 min elapsed, eta 139.1 h
[15/3434] t5_446: ok  |  15 ok / 0 failed, 36 min elapsed, eta 137.4 h
[16/3434] t2_453: ok  |  16 ok / 0 failed, 36 min elapsed, eta 129.5 h
[17/3434] t3_467: ok  |  17 ok / 0 failed, 37 min elapsed, eta 124.9 h
[18/3434] t5_441: ok  |  18 ok / 0 failed, 38 min elapsed, eta 119.4 h
[19/3434] t5_437: ok  |  19 ok / 0 failed, 38 min elapsed, eta 114.3 h
[20/3434] t5_436: ok  |  20 ok / 0 failed, 40 min elapsed, eta 114.9 h
[21/3434] t4_490: ok  |  21 ok / 0 failed, 41 min elapsed, eta 110.8 h
[22/3434] t5_447: ok  |  22 ok / 0 failed, 42 min elapsed, eta 107.7 h
[23/3434] t4_489: ok  |  23 ok / 0 failed, 46 min elapsed, eta 112.7 h
[24/3434] t3_457: ok  |  24 ok / 0 failed, 49 min elapsed, eta 116.7 h
[25/3434] t3_462: ok  |  25 ok / 0 failed, 52 min elapsed, eta 117.5 h
[26/3434] t3_452: ok  |  26 ok / 0 failed, 56 min elapsed, eta 121.9 h
[27/3434] t4_455: ok  |  27 ok / 0 failed, 63 min elapsed, eta 133.4 h
[28/3434] t5_451: ok  |  28 ok / 0 failed, 65 min elapsed, eta 132.6 h
[29/3434] t4_470: ok  |  29 ok / 0 failed, 69 min elapsed, eta 134.7 h
[30/3434] t5_452: ok  |  30 ok / 0 failed, 69 min elapsed, eta 130.6 h
[31/3434] t3_451: ok  |  31 ok / 0 failed, 69 min elapsed, eta 127.0 h
[32/3434] t3_463: ok  |  32 ok / 0 failed, 72 min elapsed, eta 127.9 h
[33/3434] t3_485: ok  |  33 ok / 0 failed, 75 min elapsed, eta 129.0 h
[34/3434] t5_461: ok  |  34 ok / 0 failed, 79 min elapsed, eta 131.0 h
[35/3434] t3_448: ok  |  35 ok / 0 failed, 81 min elapsed, eta 131.7 h
[36/3434] t2_482: ok  |  36 ok / 0 failed, 82 min elapsed, eta 129.4 h
[37/3434] t4_486: ok  |  37 ok / 0 failed, 84 min elapsed, eta 127.9 h
[38/3434] t4_466: ok  |  38 ok / 0 failed, 84 min elapsed, eta 125.1 h
[39/3434] t5_455: ok  |  39 ok / 0 failed, 84 min elapsed, eta 122.1 h
[40/3434] t4_469: ok  |  40 ok / 0 failed, 86 min elapsed, eta 122.3 h
[41/3434] t4_481: ok  |  41 ok / 0 failed, 87 min elapsed, eta 120.0 h
[42/3434] t4_484: ok  |  42 ok / 0 failed, 89 min elapsed, eta 120.4 h
[43/3434] t4_465: ok  |  43 ok / 0 failed, 93 min elapsed, eta 122.0 h
[44/3434] t5_460: ok  |  44 ok / 0 failed, 93 min elapsed, eta 119.7 h
[45/3434] t4_485: ok  |  45 ok / 0 failed, 93 min elapsed, eta 117.0 h
[46/3434] t5_456: ok  |  46 ok / 0 failed, 94 min elapsed, eta 115.5 h
[47/3434] t5_480: ok  |  47 ok / 0 failed, 99 min elapsed, eta 118.7 h
[48/3434] t5_497: ok  |  48 ok / 0 failed, 100 min elapsed, eta 117.2 h
[49/3434] t4_464: ok  |  49 ok / 0 failed, 101 min elapsed, eta 116.7 h
[50/3434] t5_457: ok  |  50 ok / 0 failed, 102 min elapsed, eta 115.4 h
[51/3434] t5_470: ok  |  51 ok / 0 failed, 105 min elapsed, eta 116.3 h
[52/3434] t5_462: ok  |  52 ok / 0 failed, 109 min elapsed, eta 118.1 h
[53/3434] t5_500: ok  |  53 ok / 0 failed, 109 min elapsed, eta 116.2 h
[54/3434] t6_436: ok  |  54 ok / 0 failed, 112 min elapsed, eta 116.5 h
[55/3434] t5_501: ok  |  55 ok / 0 failed, 113 min elapsed, eta 115.6 h
[56/3434] t5_465: ok  |  56 ok / 0 failed, 114 min elapsed, eta 114.4 h
[57/3434] t5_515: ok  |  57 ok / 0 failed, 117 min elapsed, eta 115.2 h
[58/3434] t5_491: ok  |  58 ok / 0 failed, 117 min elapsed, eta 113.4 h
[59/3434] t4_461: ok  |  59 ok / 0 failed, 118 min elapsed, eta 112.8 h
[60/3434] t5_516: ok  |  60 ok / 0 failed, 119 min elapsed, eta 111.1 h
[61/3434] t6_430: ok  |  61 ok / 0 failed, 120 min elapsed, eta 110.6 h
[62/3434] t4_459: ok  |  62 ok / 0 failed, 123 min elapsed, eta 111.3 h
[63/3434] t4_460: ok  |  63 ok / 0 failed, 126 min elapsed, eta 112.6 h
[64/3434] t5_490: ok  |  64 ok / 0 failed, 127 min elapsed, eta 111.6 h
[65/3434] t5_489: ok  |  65 ok / 0 failed, 128 min elapsed, eta 110.4 h
[66/3434] t6_426: ok  |  66 ok / 0 failed, 130 min elapsed, eta 110.6 h
[67/3434] t5_466: ok  |  67 ok / 0 failed, 130 min elapsed, eta 109.2 h
[68/3434] t6_429: ok  |  68 ok / 0 failed, 131 min elapsed, eta 108.1 h
[69/3434] t6_444: ok  |  69 ok / 0 failed, 133 min elapsed, eta 107.7 h
[70/3434] t5_485: ok  |  70 ok / 0 failed, 133 min elapsed, eta 106.5 h
[71/3434] t5_467: ok  |  71 ok / 0 failed, 135 min elapsed, eta 106.8 h
[72/3434] t5_484: ok  |  72 ok / 0 failed, 136 min elapsed, eta 105.9 h
[73/3434] t6_440: ok  |  73 ok / 0 failed, 136 min elapsed, eta 104.5 h
[74/3434] t3_486: ok  |  74 ok / 0 failed, 137 min elapsed, eta 103.9 h
[75/3434] t5_486: ok  |  75 ok / 0 failed, 138 min elapsed, eta 103.0 h
[76/3434] t6_439: ok  |  76 ok / 0 failed, 139 min elapsed, eta 102.1 h
[77/3434] t3_482: ok  |  77 ok / 0 failed, 149 min elapsed, eta 108.1 h
[78/3434] t6_445: ok  |  78 ok / 0 failed, 149 min elapsed, eta 106.9 h
[79/3434] t6_441: ok  |  79 ok / 0 failed, 150 min elapsed, eta 105.8 h
[80/3434] t6_470: ok  |  80 ok / 0 failed, 153 min elapsed, eta 107.0 h
[81/3434] t3_458: ok  |  81 ok / 0 failed, 153 min elapsed, eta 105.7 h
[82/3434] t6_449: ok  |  82 ok / 0 failed, 155 min elapsed, eta 105.9 h
[83/3434] t6_451: ok  |  83 ok / 0 failed, 156 min elapsed, eta 105.0 h
[84/3434] t3_461: ok  |  84 ok / 0 failed, 157 min elapsed, eta 104.4 h
[85/3434] t6_450: ok  |  85 ok / 0 failed, 159 min elapsed, eta 104.4 h
[86/3434] t6_446: ok  |  86 ok / 0 failed, 162 min elapsed, eta 104.8 h
[87/3434] t6_455: ok  |  87 ok / 0 failed, 163 min elapsed, eta 104.3 h
[88/3434] t6_471: ok  |  88 ok / 0 failed, 164 min elapsed, eta 104.2 h
[89/3434] t5_481: ok  |  89 ok / 0 failed, 168 min elapsed, eta 105.0 h
[90/3434] t6_460: ok  |  90 ok / 0 failed, 168 min elapsed, eta 103.9 h
[91/3434] t2_502: ok  |  91 ok / 0 failed, 169 min elapsed, eta 103.4 h
[92/3434] t6_456: ok  |  92 ok / 0 failed, 170 min elapsed, eta 102.6 h
[93/3434] t6_469: ok  |  93 ok / 0 failed, 170 min elapsed, eta 101.8 h
[94/3434] t3_456: ok  |  94 ok / 0 failed, 172 min elapsed, eta 102.1 h
[95/3434] t6_454: ok  |  95 ok / 0 failed, 176 min elapsed, eta 102.9 h
[96/3434] t6_459: ok  |  96 ok / 0 failed, 179 min elapsed, eta 103.5 h
[97/3434] t2_501: ok  |  97 ok / 0 failed, 179 min elapsed, eta 102.8 h
[98/3434] t2_478: ok  |  98 ok / 0 failed, 184 min elapsed, eta 104.6 h
[99/3434] t6_464: ok  |  99 ok / 0 failed, 193 min elapsed, eta 108.2 h
[100/3434] t6_494: ok  |  100 ok / 0 failed, 195 min elapsed, eta 108.4 h
[101/3434] t6_498: ok  |  101 ok / 0 failed, 196 min elapsed, eta 107.6 h
[102/3434] t6_497: ok  |  102 ok / 0 failed, 197 min elapsed, eta 107.4 h
[103/3434] t6_465: ok  |  103 ok / 0 failed, 201 min elapsed, eta 108.1 h
[104/3434] t6_505: ok  |  104 ok / 0 failed, 201 min elapsed, eta 107.1 h
[105/3434] t3_447: ok  |  105 ok / 0 failed, 201 min elapsed, eta 106.1 h
[106/3434] t6_489: ok  |  106 ok / 0 failed, 203 min elapsed, eta 106.2 h
[107/3434] t6_501: ok  |  107 ok / 0 failed, 203 min elapsed, eta 105.4 h
[108/3434] t2_469: ok  |  108 ok / 0 failed, 204 min elapsed, eta 104.7 h
[109/3434] t6_461: ok  |  109 ok / 0 failed, 205 min elapsed, eta 104.0 h
[110/3434] t6_492: ok  |  110 ok / 0 failed, 205 min elapsed, eta 103.2 h
[111/3434] t6_509: ok  |  111 ok / 0 failed, 207 min elapsed, eta 103.3 h
[112/3434] t6_493: ok  |  112 ok / 0 failed, 210 min elapsed, eta 104.0 h
[113/3434] t7_426: ok  |  113 ok / 0 failed, 211 min elapsed, eta 103.4 h
[114/3434] t6_504: ok  |  114 ok / 0 failed, 214 min elapsed, eta 103.7 h
[115/3434] t58_390: FutureCancelledError: tile-t58_390 cancelled for reason: already forgotten.  |  114 ok / 1 failed, 215 min elapsed, eta 103.3 h
[116/3434] t19_570: FutureCancelledError: tile-t19_570 cancelled for reason: already forgotten.  |  114 ok / 2 failed, 215 min elapsed, eta 102.3 h
[117/3434] t9_475: FutureCancelledError: tile-t9_475 cancelled for reason: already forgotten.  |  114 ok / 3 failed, 215 min elapsed, eta 101.4 h
[118/3434] t12_506: FutureCancelledError: tile-t12_506 cancelled for reason: already forgotten.  |  114 ok / 4 failed, 215 min elapsed, eta 100.5 h
[119/3434] t35_646: FutureCancelledError: tile-t35_646 cancelled for reason: already forgotten.  |  114 ok / 5 failed, 215 min elapsed, eta 99.7 h
[120/3434] t21_503: FutureCancelledError: tile-t21_503 cancelled for reason: already forgotten.  |  114 ok / 6 failed, 215 min elapsed, eta 98.8 h
[121/3434] t29_642: FutureCancelledError: tile-t29_642 cancelled for reason: already forgotten.  |  114 ok / 7 failed, 215 min elapsed, eta 98.0 h
[122/3434] t24_602: FutureCancelledError: tile-t24_602 cancelled for reason: already forgotten.  |  114 ok / 8 failed, 215 min elapsed, eta 97.1 h
[123/3434] t18_591: FutureCancelledError: tile-t18_591 cancelled for reason: already forgotten.  |  114 ok / 9 failed, 215 min elapsed, eta 96.3 h
[124/3434] t17_425: FutureCancelledError: tile-t17_425 cancelled for reason: already forgotten.  |  114 ok / 10 failed, 215 min elapsed, eta 95.5 h
[125/3434] t32_621: FutureCancelledError: tile-t32_621 cancelled for reason: already forgotten.  |  114 ok / 11 failed, 215 min elapsed, eta 94.7 h
[126/3434] t21_502: FutureCancelledError: tile-t21_502 cancelled for reason: already forgotten.  |  114 ok / 12 failed, 215 min elapsed, eta 93.9 h
[127/3434] t9_509: FutureCancelledError: tile-t9_509 cancelled for reason: already forgotten.  |  114 ok / 13 failed, 215 min elapsed, eta 93.2 h
[128/3434] t6_506: FutureCancelledError: tile-t6_506 cancelled for reason: already forgotten.  |  114 ok / 14 failed, 215 min elapsed, eta 92.4 h
[129/3434] t22_420: FutureCancelledError: tile-t22_420 cancelled for reason: already forgotten.  |  114 ok / 15 failed, 215 min elapsed, eta 91.7 h
[130/3434] t10_445: FutureCancelledError: tile-t10_445 cancelled for reason: already forgotten.  |  114 ok / 16 failed, 215 min elapsed, eta 90.9 h
[131/3434] t15_588: FutureCancelledError: tile-t15_588 cancelled for reason: already forgotten.  |  114 ok / 17 failed, 215 min elapsed, eta 90.2 h
[132/3434] t30_653: FutureCancelledError: tile-t30_653 cancelled for reason: already forgotten.  |  114 ok / 18 failed, 215 min elapsed, eta 89.5 h
[133/3434] t10_473: FutureCancelledError: tile-t10_473 cancelled for reason: already forgotten.  |  114 ok / 19 failed, 215 min elapsed, eta 88.8 h
[134/3434] t29_603: FutureCancelledError: tile-t29_603 cancelled for reason: already forgotten.  |  114 ok / 20 failed, 215 min elapsed, eta 88.1 h
[135/3434] t9_440: FutureCancelledError: tile-t9_440 cancelled for reason: already forgotten.  |  114 ok / 21 failed, 215 min elapsed, eta 87.4 h
[136/3434] t41_423: FutureCancelledError: tile-t41_423 cancelled for reason: already forgotten.  |  114 ok / 22 failed, 215 min elapsed, eta 86.8 h
[137/3434] t26_637: FutureCancelledError: tile-t26_637 cancelled for reason: already forgotten.  |  114 ok / 23 failed, 215 min elapsed, eta 86.1 h
[138/3434] t12_581: FutureCancelledError: tile-t12_581 cancelled for reason: already forgotten.  |  114 ok / 24 failed, 215 min elapsed, eta 85.5 h
[139/3434] t11_587: FutureCancelledError: tile-t11_587 cancelled for reason: already forgotten.  |  114 ok / 25 failed, 215 min elapsed, eta 84.8 h
[140/3434] t27_643: FutureCancelledError: tile-t27_643 cancelled for reason: already forgotten.  |  114 ok / 26 failed, 215 min elapsed, eta 84.2 h
[141/3434] t16_562: FutureCancelledError: tile-t16_562 cancelled for reason: already forgotten.  |  114 ok / 27 failed, 215 min elapsed, eta 83.6 h
[142/3434] t8_583: FutureCancelledError: tile-t8_583 cancelled for reason: already forgotten.  |  114 ok / 28 failed, 215 min elapsed, eta 82.9 h
[143/3434] t16_487: FutureCancelledError: tile-t16_487 cancelled for reason: already forgotten.  |  114 ok / 29 failed, 215 min elapsed, eta 82.3 h
[144/3434] t48_422: FutureCancelledError: tile-t48_422 cancelled for reason: already forgotten.  |  114 ok / 30 failed, 215 min elapsed, eta 81.7 h
[145/3434] t26_432: FutureCancelledError: tile-t26_432 cancelled for reason: already forgotten.  |  114 ok / 31 failed, 215 min elapsed, eta 81.2 h
[146/3434] t2_463: FutureCancelledError: tile-t2_463 cancelled for reason: already forgotten.  |  114 ok / 32 failed, 215 min elapsed, eta 80.6 h
[147/3434] t10_526: FutureCancelledError: tile-t10_526 cancelled for reason: already forgotten.  |  114 ok / 33 failed, 215 min elapsed, eta 80.0 h
[148/3434] t20_584: FutureCancelledError: tile-t20_584 cancelled for reason: already forgotten.  |  114 ok / 34 failed, 215 min elapsed, eta 79.4 h
[149/3434] t26_607: FutureCancelledError: tile-t26_607 cancelled for reason: already forgotten.  |  114 ok / 35 failed, 215 min elapsed, eta 78.9 h
[150/3434] t15_543: FutureCancelledError: tile-t15_543 cancelled for reason: already forgotten.  |  114 ok / 36 failed, 215 min elapsed, eta 78.3 h
[151/3434] t21_582: FutureCancelledError: tile-t21_582 cancelled for reason: already forgotten.  |  114 ok / 37 failed, 215 min elapsed, eta 77.8 h
[152/3434] t25_497: FutureCancelledError: tile-t25_497 cancelled for reason: already forgotten.  |  114 ok / 38 failed, 215 min elapsed, eta 77.3 h
[153/3434] t10_468: FutureCancelledError: tile-t10_468 cancelled for reason: already forgotten.  |  114 ok / 39 failed, 215 min elapsed, eta 76.7 h
[154/3434] t18_521: FutureCancelledError: tile-t18_521 cancelled for reason: already forgotten.  |  114 ok / 40 failed, 215 min elapsed, eta 76.2 h
[155/3434] t29_588: FutureCancelledError: tile-t29_588 cancelled for reason: already forgotten.  |  114 ok / 41 failed, 215 min elapsed, eta 75.7 h
[156/3434] t16_549: FutureCancelledError: tile-t16_549 cancelled for reason: already forgotten.  |  114 ok / 42 failed, 215 min elapsed, eta 75.2 h
[157/3434] t30_576: FutureCancelledError: tile-t30_576 cancelled for reason: already forgotten.  |  114 ok / 43 failed, 215 min elapsed, eta 74.7 h
[158/3434] t26_553: FutureCancelledError: tile-t26_553 cancelled for reason: already forgotten.  |  114 ok / 44 failed, 215 min elapsed, eta 74.2 h
[159/3434] t26_598: FutureCancelledError: tile-t26_598 cancelled for reason: already forgotten.  |  114 ok / 45 failed, 215 min elapsed, eta 73.7 h
[160/3434] t29_406: FutureCancelledError: tile-t29_406 cancelled for reason: already forgotten.  |  114 ok / 46 failed, 215 min elapsed, eta 73.2 h
[161/3434] t21_554: FutureCancelledError: tile-t21_554 cancelled for reason: already forgotten.  |  114 ok / 47 failed, 215 min elapsed, eta 72.7 h
[162/3434] t32_630: FutureCancelledError: tile-t32_630 cancelled for reason: already forgotten.  |  114 ok / 48 failed, 215 min elapsed, eta 72.3 h
[163/3434] t17_563: FutureCancelledError: tile-t17_563 cancelled for reason: already forgotten.  |  114 ok / 49 failed, 215 min elapsed, eta 71.8 h
[164/3434] t28_610: FutureCancelledError: tile-t28_610 cancelled for reason: already forgotten.  |  114 ok / 50 failed, 215 min elapsed, eta 71.3 h
[165/3434] t26_402: FutureCancelledError: tile-t26_402 cancelled for reason: already forgotten.  |  114 ok / 51 failed, 215 min elapsed, eta 70.9 h
[166/3434] t29_602: FutureCancelledError: tile-t29_602 cancelled for reason: already forgotten.  |  114 ok / 52 failed, 215 min elapsed, eta 70.4 h
[167/3434] t35_414: FutureCancelledError: tile-t35_414 cancelled for reason: already forgotten.  |  114 ok / 53 failed, 215 min elapsed, eta 70.0 h
[168/3434] t29_426: FutureCancelledError: tile-t29_426 cancelled for reason: already forgotten.  |  114 ok / 54 failed, 215 min elapsed, eta 69.6 h
[169/3434] t49_399: FutureCancelledError: tile-t49_399 cancelled for reason: already forgotten.  |  114 ok / 55 failed, 215 min elapsed, eta 69.1 h
[170/3434] t19_508: FutureCancelledError: tile-t19_508 cancelled for reason: already forgotten.  |  114 ok / 56 failed, 215 min elapsed, eta 68.7 h
[171/3434] t21_608: FutureCancelledError: tile-t21_608 cancelled for reason: already forgotten.  |  114 ok / 57 failed, 215 min elapsed, eta 68.3 h
[172/3434] t41_623: FutureCancelledError: tile-t41_623 cancelled for reason: already forgotten.  |  114 ok / 58 failed, 215 min elapsed, eta 67.9 h
[173/3434] t23_603: FutureCancelledError: tile-t23_603 cancelled for reason: already forgotten.  |  114 ok / 59 failed, 215 min elapsed, eta 67.4 h
[174/3434] t31_606: FutureCancelledError: tile-t31_606 cancelled for reason: already forgotten.  |  114 ok / 60 failed, 215 min elapsed, eta 67.0 h
[175/3434] t9_436: FutureCancelledError: tile-t9_436 cancelled for reason: already forgotten.  |  114 ok / 61 failed, 215 min elapsed, eta 66.6 h
[176/3434] t11_449: FutureCancelledError: tile-t11_449 cancelled for reason: already forgotten.  |  114 ok / 62 failed, 215 min elapsed, eta 66.2 h
[177/3434] t25_624: FutureCancelledError: tile-t25_624 cancelled for reason: already forgotten.  |  114 ok / 63 failed, 215 min elapsed, eta 65.8 h
[178/3434] t25_413: FutureCancelledError: tile-t25_413 cancelled for reason: already forgotten.  |  114 ok / 64 failed, 215 min elapsed, eta 65.4 h
[179/3434] t23_436: FutureCancelledError: tile-t23_436 cancelled for reason: already forgotten.  |  114 ok / 65 failed, 215 min elapsed, eta 65.1 h
[180/3434] t24_569: FutureCancelledError: tile-t24_569 cancelled for reason: already forgotten.  |  114 ok / 66 failed, 215 min elapsed, eta 64.7 h
[181/3434] t26_508: FutureCancelledError: tile-t26_508 cancelled for reason: already forgotten.  |  114 ok / 67 failed, 215 min elapsed, eta 64.3 h
[182/3434] t11_488: FutureCancelledError: tile-t11_488 cancelled for reason: already forgotten.  |  114 ok / 68 failed, 215 min elapsed, eta 63.9 h
[183/3434] t31_666: FutureCancelledError: tile-t31_666 cancelled for reason: already forgotten.  |  114 ok / 69 failed, 215 min elapsed, eta 63.6 h
[184/3434] t26_423: FutureCancelledError: tile-t26_423 cancelled for reason: already forgotten.  |  114 ok / 70 failed, 215 min elapsed, eta 63.2 h
[185/3434] t19_507: FutureCancelledError: tile-t19_507 cancelled for reason: already forgotten.  |  114 ok / 71 failed, 215 min elapsed, eta 62.8 h
[186/3434] t18_480: FutureCancelledError: tile-t18_480 cancelled for reason: already forgotten.  |  114 ok / 72 failed, 215 min elapsed, eta 62.5 h
[187/3434] t9_522: FutureCancelledError: tile-t9_522 cancelled for reason: already forgotten.  |  114 ok / 73 failed, 215 min elapsed, eta 62.1 h
[188/3434] t9_545: FutureCancelledError: tile-t9_545 cancelled for reason: already forgotten.  |  114 ok / 74 failed, 215 min elapsed, eta 61.8 h
[189/3434] t17_434: FutureCancelledError: tile-t17_434 cancelled for reason: already forgotten.  |  114 ok / 75 failed, 215 min elapsed, eta 61.4 h
[190/3434] t33_396: FutureCancelledError: tile-t33_396 cancelled for reason: already forgotten.  |  114 ok / 76 failed, 215 min elapsed, eta 61.1 h
[191/3434] t39_390: FutureCancelledError: tile-t39_390 cancelled for reason: already forgotten.  |  114 ok / 77 failed, 215 min elapsed, eta 60.8 h
[192/3434] t25_522: FutureCancelledError: tile-t25_522 cancelled for reason: already forgotten.  |  114 ok / 78 failed, 215 min elapsed, eta 60.4 h
[193/3434] t11_440: FutureCancelledError: tile-t11_440 cancelled for reason: already forgotten.  |  114 ok / 79 failed, 215 min elapsed, eta 60.1 h
[194/3434] t21_508: FutureCancelledError: tile-t21_508 cancelled for reason: already forgotten.  |  114 ok / 80 failed, 215 min elapsed, eta 59.8 h
[195/3434] t18_505: FutureCancelledError: tile-t18_505 cancelled for reason: already forgotten.  |  114 ok / 81 failed, 215 min elapsed, eta 59.4 h
[196/3434] t24_507: FutureCancelledError: tile-t24_507 cancelled for reason: already forgotten.  |  114 ok / 82 failed, 215 min elapsed, eta 59.1 h
[197/3434] t30_613: FutureCancelledError: tile-t30_613 cancelled for reason: already forgotten.  |  114 ok / 83 failed, 215 min elapsed, eta 58.8 h
[198/3434] t7_479: FutureCancelledError: tile-t7_479 cancelled for reason: already forgotten.  |  114 ok / 84 failed, 215 min elapsed, eta 58.5 h
[199/3434] t42_397: FutureCancelledError: tile-t42_397 cancelled for reason: already forgotten.  |  114 ok / 85 failed, 215 min elapsed, eta 58.2 h
[200/3434] t19_588: FutureCancelledError: tile-t19_588 cancelled for reason: already forgotten.  |  114 ok / 86 failed, 215 min elapsed, eta 57.9 h
[201/3434] t32_401: FutureCancelledError: tile-t32_401 cancelled for reason: already forgotten.  |  114 ok / 87 failed, 215 min elapsed, eta 57.6 h
[202/3434] t25_593: FutureCancelledError: tile-t25_593 cancelled for reason: already forgotten.  |  114 ok / 88 failed, 215 min elapsed, eta 57.2 h
[203/3434] t19_528: FutureCancelledError: tile-t19_528 cancelled for reason: already forgotten.  |  114 ok / 89 failed, 215 min elapsed, eta 56.9 h
[204/3434] t21_578: FutureCancelledError: tile-t21_578 cancelled for reason: already forgotten.  |  114 ok / 90 failed, 215 min elapsed, eta 56.7 h
[205/3434] t14_523: FutureCancelledError: tile-t14_523 cancelled for reason: already forgotten.  |  114 ok / 91 failed, 215 min elapsed, eta 56.4 h
[206/3434] t24_574: FutureCancelledError: tile-t24_574 cancelled for reason: already forgotten.  |  114 ok / 92 failed, 215 min elapsed, eta 56.1 h
[207/3434] t9_465: FutureCancelledError: tile-t9_465 cancelled for reason: already forgotten.  |  114 ok / 93 failed, 215 min elapsed, eta 55.8 h
[208/3434] t17_515: FutureCancelledError: tile-t17_515 cancelled for reason: already forgotten.  |  114 ok / 94 failed, 215 min elapsed, eta 55.5 h
[209/3434] t35_626: FutureCancelledError: tile-t35_626 cancelled for reason: already forgotten.  |  114 ok / 95 failed, 215 min elapsed, eta 55.2 h
[210/3434] t28_487: FutureCancelledError: tile-t28_487 cancelled for reason: already forgotten.  |  114 ok / 96 failed, 215 min elapsed, eta 54.9 h
[211/3434] t38_664: FutureCancelledError: tile-t38_664 cancelled for reason: already forgotten.  |  114 ok / 97 failed, 215 min elapsed, eta 54.7 h
[212/3434] t30_597: FutureCancelledError: tile-t30_597 cancelled for reason: already forgotten.  |  114 ok / 98 failed, 215 min elapsed, eta 54.4 h
[213/3434] t28_643: FutureCancelledError: tile-t28_643 cancelled for reason: already forgotten.  |  114 ok / 99 failed, 215 min elapsed, eta 54.1 h
[214/3434] t26_623: FutureCancelledError: tile-t26_623 cancelled for reason: already forgotten.  |  114 ok / 100 failed, 215 min elapsed, eta 53.8 h
[215/3434] t23_579: FutureCancelledError: tile-t23_579 cancelled for reason: already forgotten.  |  114 ok / 101 failed, 215 min elapsed, eta 53.6 h
[216/3434] t20_410: FutureCancelledError: tile-t20_410 cancelled for reason: already forgotten.  |  114 ok / 102 failed, 215 min elapsed, eta 53.3 h
[217/3434] t28_614: FutureCancelledError: tile-t28_614 cancelled for reason: already forgotten.  |  114 ok / 103 failed, 215 min elapsed, eta 53.0 h
[218/3434] t27_537: FutureCancelledError: tile-t27_537 cancelled for reason: already forgotten.  |  114 ok / 104 failed, 215 min elapsed, eta 52.8 h
[219/3434] t22_608: FutureCancelledError: tile-t22_608 cancelled for reason: already forgotten.  |  114 ok / 105 failed, 215 min elapsed, eta 52.5 h
[220/3434] t17_410: FutureCancelledError: tile-t17_410 cancelled for reason: already forgotten.  |  114 ok / 106 failed, 215 min elapsed, eta 52.3 h
[221/3434] t33_414: FutureCancelledError: tile-t33_414 cancelled for reason: already forgotten.  |  114 ok / 107 failed, 215 min elapsed, eta 52.0 h
[222/3434] t15_552: FutureCancelledError: tile-t15_552 cancelled for reason: already forgotten.  |  114 ok / 108 failed, 215 min elapsed, eta 51.8 h
[223/3434] t18_415: FutureCancelledError: tile-t18_415 cancelled for reason: already forgotten.  |  114 ok / 109 failed, 215 min elapsed, eta 51.5 h
[224/3434] t7_435: FutureCancelledError: tile-t7_435 cancelled for reason: already forgotten.  |  114 ok / 110 failed, 215 min elapsed, eta 51.3 h
[225/3434] t30_582: FutureCancelledError: tile-t30_582 cancelled for reason: already forgotten.  |  114 ok / 111 failed, 215 min elapsed, eta 51.0 h
[226/3434] t23_553: FutureCancelledError: tile-t23_553 cancelled for reason: already forgotten.  |  114 ok / 112 failed, 215 min elapsed, eta 50.8 h
[227/3434] t12_556: FutureCancelledError: tile-t12_556 cancelled for reason: already forgotten.  |  114 ok / 113 failed, 215 min elapsed, eta 50.6 h
[228/3434] t13_464: FutureCancelledError: tile-t13_464 cancelled for reason: already forgotten.  |  114 ok / 114 failed, 215 min elapsed, eta 50.3 h
[229/3434] t12_491: FutureCancelledError: tile-t12_491 cancelled for reason: already forgotten.  |  114 ok / 115 failed, 215 min elapsed, eta 50.1 h
[230/3434] t27_407: FutureCancelledError: tile-t27_407 cancelled for reason: already forgotten.  |  114 ok / 116 failed, 215 min elapsed, eta 49.8 h
[231/3434] t34_641: FutureCancelledError: tile-t34_641 cancelled for reason: already forgotten.  |  114 ok / 117 failed, 215 min elapsed, eta 49.6 h
[232/3434] t41_666: FutureCancelledError: tile-t41_666 cancelled for reason: already forgotten.  |  114 ok / 118 failed, 215 min elapsed, eta 49.4 h
[233/3434] t32_407: FutureCancelledError: tile-t32_407 cancelled for reason: already forgotten.  |  114 ok / 119 failed, 215 min elapsed, eta 49.2 h
[234/3434] t30_606: FutureCancelledError: tile-t30_606 cancelled for reason: already forgotten.  |  114 ok / 120 failed, 215 min elapsed, eta 48.9 h
[235/3434] t27_631: FutureCancelledError: tile-t27_631 cancelled for reason: already forgotten.  |  114 ok / 121 failed, 215 min elapsed, eta 48.7 h
[236/3434] t20_493: FutureCancelledError: tile-t20_493 cancelled for reason: already forgotten.  |  114 ok / 122 failed, 215 min elapsed, eta 48.5 h
[237/3434] t23_425: FutureCancelledError: tile-t23_425 cancelled for reason: already forgotten.  |  114 ok / 123 failed, 215 min elapsed, eta 48.3 h
[238/3434] t31_636: FutureCancelledError: tile-t31_636 cancelled for reason: already forgotten.  |  114 ok / 124 failed, 215 min elapsed, eta 48.0 h
[239/3434] t25_549: FutureCancelledError: tile-t25_549 cancelled for reason: already forgotten.  |  114 ok / 125 failed, 215 min elapsed, eta 47.8 h
[240/3434] t19_435: FutureCancelledError: tile-t19_435 cancelled for reason: already forgotten.  |  114 ok / 126 failed, 215 min elapsed, eta 47.6 h
[241/3434] t16_465: FutureCancelledError: tile-t16_465 cancelled for reason: already forgotten.  |  114 ok / 127 failed, 215 min elapsed, eta 47.4 h
[242/3434] t17_585: FutureCancelledError: tile-t17_585 cancelled for reason: already forgotten.  |  114 ok / 128 failed, 215 min elapsed, eta 47.2 h
[243/3434] t27_558: FutureCancelledError: tile-t27_558 cancelled for reason: already forgotten.  |  114 ok / 129 failed, 215 min elapsed, eta 47.0 h
[244/3434] t24_665: FutureCancelledError: tile-t24_665 cancelled for reason: already forgotten.  |  114 ok / 130 failed, 215 min elapsed, eta 46.8 h
[245/3434] t32_622: FutureCancelledError: tile-t32_622 cancelled for reason: already forgotten.  |  114 ok / 131 failed, 215 min elapsed, eta 46.6 h
[246/3434] t11_454: FutureCancelledError: tile-t11_454 cancelled for reason: already forgotten.  |  114 ok / 132 failed, 215 min elapsed, eta 46.4 h
[247/3434] t25_514: FutureCancelledError: tile-t25_514 cancelled for reason: already forgotten.  |  114 ok / 133 failed, 215 min elapsed, eta 46.2 h
[248/3434] t43_418: FutureCancelledError: tile-t43_418 cancelled for reason: already forgotten.  |  114 ok / 134 failed, 215 min elapsed, eta 46.0 h
[249/3434] t14_471: FutureCancelledError: tile-t14_471 cancelled for reason: already forgotten.  |  114 ok / 135 failed, 215 min elapsed, eta 45.8 h
[250/3434] t37_413: FutureCancelledError: tile-t37_413 cancelled for reason: already forgotten.  |  114 ok / 136 failed, 215 min elapsed, eta 45.6 h
[251/3434] t45_414: FutureCancelledError: tile-t45_414 cancelled for reason: already forgotten.  |  114 ok / 137 failed, 215 min elapsed, eta 45.4 h
[252/3434] t31_575: FutureCancelledError: tile-t31_575 cancelled for reason: already forgotten.  |  114 ok / 138 failed, 215 min elapsed, eta 45.2 h
[253/3434] t44_393: FutureCancelledError: tile-t44_393 cancelled for reason: already forgotten.  |  114 ok / 139 failed, 215 min elapsed, eta 45.0 h
[254/3434] t27_603: FutureCancelledError: tile-t27_603 cancelled for reason: already forgotten.  |  114 ok / 140 failed, 215 min elapsed, eta 44.8 h
[255/3434] t11_473: FutureCancelledError: tile-t11_473 cancelled for reason: already forgotten.  |  114 ok / 141 failed, 215 min elapsed, eta 44.6 h
[256/3434] t21_538: FutureCancelledError: tile-t21_538 cancelled for reason: already forgotten.  |  114 ok / 142 failed, 215 min elapsed, eta 44.4 h
[257/3434] t26_536: FutureCancelledError: tile-t26_536 cancelled for reason: already forgotten.  |  114 ok / 143 failed, 215 min elapsed, eta 44.2 h
[258/3434] t29_418: FutureCancelledError: tile-t29_418 cancelled for reason: already forgotten.  |  114 ok / 144 failed, 215 min elapsed, eta 44.0 h
[259/3434] t22_502: FutureCancelledError: tile-t22_502 cancelled for reason: already forgotten.  |  114 ok / 145 failed, 215 min elapsed, eta 43.9 h
[260/3434] t22_426: FutureCancelledError: tile-t22_426 cancelled for reason: already forgotten.  |  114 ok / 146 failed, 215 min elapsed, eta 43.7 h
[261/3434] t34_424: FutureCancelledError: tile-t34_424 cancelled for reason: already forgotten.  |  114 ok / 147 failed, 215 min elapsed, eta 43.5 h
[262/3434] t23_545: FutureCancelledError: tile-t23_545 cancelled for reason: already forgotten.  |  114 ok / 148 failed, 215 min elapsed, eta 43.3 h
[263/3434] t10_546: FutureCancelledError: tile-t10_546 cancelled for reason: already forgotten.  |  114 ok / 149 failed, 215 min elapsed, eta 43.1 h
[264/3434] t35_661: FutureCancelledError: tile-t35_661 cancelled for reason: already forgotten.  |  114 ok / 150 failed, 215 min elapsed, eta 43.0 h
[265/3434] t35_404: FutureCancelledError: tile-t35_404 cancelled for reason: already forgotten.  |  114 ok / 151 failed, 215 min elapsed, eta 42.8 h
[266/3434] t12_431: FutureCancelledError: tile-t12_431 cancelled for reason: already forgotten.  |  114 ok / 152 failed, 215 min elapsed, eta 42.6 h
[267/3434] t16_589: FutureCancelledError: tile-t16_589 cancelled for reason: already forgotten.  |  114 ok / 153 failed, 215 min elapsed, eta 42.4 h
[268/3434] t26_632: FutureCancelledError: tile-t26_632 cancelled for reason: already forgotten.  |  114 ok / 154 failed, 215 min elapsed, eta 42.3 h
[269/3434] t43_403: FutureCancelledError: tile-t43_403 cancelled for reason: already forgotten.  |  114 ok / 155 failed, 215 min elapsed, eta 42.1 h
[270/3434] t21_564: FutureCancelledError: tile-t21_564 cancelled for reason: already forgotten.  |  114 ok / 156 failed, 215 min elapsed, eta 41.9 h
[271/3434] t30_596: FutureCancelledError: tile-t30_596 cancelled for reason: already forgotten.  |  114 ok / 157 failed, 215 min elapsed, eta 41.8 h
[272/3434] t16_470: FutureCancelledError: tile-t16_470 cancelled for reason: already forgotten.  |  114 ok / 158 failed, 215 min elapsed, eta 41.6 h
[273/3434] t26_521: FutureCancelledError: tile-t26_521 cancelled for reason: already forgotten.  |  114 ok / 159 failed, 215 min elapsed, eta 41.4 h
[274/3434] t24_554: FutureCancelledError: tile-t24_554 cancelled for reason: already forgotten.  |  114 ok / 160 failed, 215 min elapsed, eta 41.3 h
[275/3434] t19_512: FutureCancelledError: tile-t19_512 cancelled for reason: already forgotten.  |  114 ok / 161 failed, 215 min elapsed, eta 41.1 h
[276/3434] t10_536: FutureCancelledError: tile-t10_536 cancelled for reason: already forgotten.  |  114 ok / 162 failed, 215 min elapsed, eta 40.9 h
[277/3434] t27_596: FutureCancelledError: tile-t27_596 cancelled for reason: already forgotten.  |  114 ok / 163 failed, 215 min elapsed, eta 40.8 h
[278/3434] t22_488: FutureCancelledError: tile-t22_488 cancelled for reason: already forgotten.  |  114 ok / 164 failed, 215 min elapsed, eta 40.6 h
[279/3434] t25_589: FutureCancelledError: tile-t25_589 cancelled for reason: already forgotten.  |  114 ok / 165 failed, 215 min elapsed, eta 40.5 h
[280/3434] t20_483: FutureCancelledError: tile-t20_483 cancelled for reason: already forgotten.  |  114 ok / 166 failed, 215 min elapsed, eta 40.3 h
[281/3434] t24_418: FutureCancelledError: tile-t24_418 cancelled for reason: already forgotten.  |  114 ok / 167 failed, 215 min elapsed, eta 40.2 h
[282/3434] t23_605: FutureCancelledError: tile-t23_605 cancelled for reason: already forgotten.  |  114 ok / 168 failed, 215 min elapsed, eta 40.0 h
[283/3434] t31_596: FutureCancelledError: tile-t31_596 cancelled for reason: already forgotten.  |  114 ok / 169 failed, 215 min elapsed, eta 39.8 h
[284/3434] t19_423: FutureCancelledError: tile-t19_423 cancelled for reason: already forgotten.  |  114 ok / 170 failed, 215 min elapsed, eta 39.7 h
[285/3434] t7_483: FutureCancelledError: tile-t7_483 cancelled for reason: already forgotten.  |  114 ok / 171 failed, 215 min elapsed, eta 39.5 h
[286/3434] t16_477: FutureCancelledError: tile-t16_477 cancelled for reason: already forgotten.  |  114 ok / 172 failed, 215 min elapsed, eta 39.4 h
[287/3434] t7_498: FutureCancelledError: tile-t7_498 cancelled for reason: already forgotten.  |  114 ok / 173 failed, 215 min elapsed, eta 39.2 h
[288/3434] t18_495: FutureCancelledError: tile-t18_495 cancelled for reason: already forgotten.  |  114 ok / 174 failed, 215 min elapsed, eta 39.1 h
[289/3434] t15_453: FutureCancelledError: tile-t15_453 cancelled for reason: already forgotten.  |  114 ok / 175 failed, 215 min elapsed, eta 38.9 h
[290/3434] t39_634: FutureCancelledError: tile-t39_634 cancelled for reason: already forgotten.  |  114 ok / 176 failed, 215 min elapsed, eta 38.8 h
[291/3434] t29_572: FutureCancelledError: tile-t29_572 cancelled for reason: already forgotten.  |  114 ok / 177 failed, 215 min elapsed, eta 38.6 h
[292/3434] t17_559: FutureCancelledError: tile-t17_559 cancelled for reason: already forgotten.  |  114 ok / 178 failed, 215 min elapsed, eta 38.5 h
[293/3434] t33_645: FutureCancelledError: tile-t33_645 cancelled for reason: already forgotten.  |  114 ok / 179 failed, 215 min elapsed, eta 38.4 h
[294/3434] t25_409: FutureCancelledError: tile-t25_409 cancelled for reason: already forgotten.  |  114 ok / 180 failed, 215 min elapsed, eta 38.2 h
[295/3434] t15_438: FutureCancelledError: tile-t15_438 cancelled for reason: already forgotten.  |  114 ok / 181 failed, 215 min elapsed, eta 38.1 h
[296/3434] t12_462: FutureCancelledError: tile-t12_462 cancelled for reason: already forgotten.  |  114 ok / 182 failed, 215 min elapsed, eta 37.9 h
[297/3434] t25_665: FutureCancelledError: tile-t25_665 cancelled for reason: already forgotten.  |  114 ok / 183 failed, 215 min elapsed, eta 37.8 h
[298/3434] t35_408: FutureCancelledError: tile-t35_408 cancelled for reason: already forgotten.  |  114 ok / 184 failed, 215 min elapsed, eta 37.7 h
[299/3434] t42_412: FutureCancelledError: tile-t42_412 cancelled for reason: already forgotten.  |  114 ok / 185 failed, 215 min elapsed, eta 37.5 h
[300/3434] t35_398: FutureCancelledError: tile-t35_398 cancelled for reason: already forgotten.  |  114 ok / 186 failed, 215 min elapsed, eta 37.4 h
[301/3434] t31_640: FutureCancelledError: tile-t31_640 cancelled for reason: already forgotten.  |  114 ok / 187 failed, 215 min elapsed, eta 37.2 h
[302/3434] t13_431: FutureCancelledError: tile-t13_431 cancelled for reason: already forgotten.  |  114 ok / 188 failed, 215 min elapsed, eta 37.1 h
[303/3434] t31_610: FutureCancelledError: tile-t31_610 cancelled for reason: already forgotten.  |  114 ok / 189 failed, 215 min elapsed, eta 37.0 h
[304/3434] t21_602: FutureCancelledError: tile-t21_602 cancelled for reason: already forgotten.  |  114 ok / 190 failed, 215 min elapsed, eta 36.8 h
[305/3434] t25_625: FutureCancelledError: tile-t25_625 cancelled for reason: already forgotten.  |  114 ok / 191 failed, 215 min elapsed, eta 36.7 h
[306/3434] t11_423: FutureCancelledError: tile-t11_423 cancelled for reason: already forgotten.  |  114 ok / 192 failed, 215 min elapsed, eta 36.6 h
[307/3434] t27_508: FutureCancelledError: tile-t27_508 cancelled for reason: already forgotten.  |  114 ok / 193 failed, 215 min elapsed, eta 36.4 h
[308/3434] t10_439: FutureCancelledError: tile-t10_439 cancelled for reason: already forgotten.  |  114 ok / 194 failed, 215 min elapsed, eta 36.3 h
[309/3434] t36_630: FutureCancelledError: tile-t36_630 cancelled for reason: already forgotten.  |  114 ok / 195 failed, 215 min elapsed, eta 36.2 h
[310/3434] t26_616: FutureCancelledError: tile-t26_616 cancelled for reason: already forgotten.  |  114 ok / 196 failed, 215 min elapsed, eta 36.1 h
[311/3434] t23_620: FutureCancelledError: tile-t23_620 cancelled for reason: already forgotten.  |  114 ok / 197 failed, 215 min elapsed, eta 35.9 h
[312/3434] t16_419: FutureCancelledError: tile-t16_419 cancelled for reason: already forgotten.  |  114 ok / 198 failed, 215 min elapsed, eta 35.8 h
[313/3434] t55_392: FutureCancelledError: tile-t55_392 cancelled for reason: already forgotten.  |  114 ok / 199 failed, 215 min elapsed, eta 35.7 h
[314/3434] t47_393: FutureCancelledError: tile-t47_393 cancelled for reason: already forgotten.  |  114 ok / 200 failed, 215 min elapsed, eta 35.6 h
[315/3434] t11_444: FutureCancelledError: tile-t11_444 cancelled for reason: already forgotten.  |  114 ok / 201 failed, 215 min elapsed, eta 35.4 h
[316/3434] t13_549: FutureCancelledError: tile-t13_549 cancelled for reason: already forgotten.  |  114 ok / 202 failed, 215 min elapsed, eta 35.3 h
[317/3434] t10_435: FutureCancelledError: tile-t10_435 cancelled for reason: already forgotten.  |  114 ok / 203 failed, 215 min elapsed, eta 35.2 h
[318/3434] t40_422: FutureCancelledError: tile-t40_422 cancelled for reason: already forgotten.  |  114 ok / 204 failed, 215 min elapsed, eta 35.1 h
[319/3434] t32_611: FutureCancelledError: tile-t32_611 cancelled for reason: already forgotten.  |  114 ok / 205 failed, 215 min elapsed, eta 34.9 h
[320/3434] t24_399: FutureCancelledError: tile-t24_399 cancelled for reason: already forgotten.  |  114 ok / 206 failed, 215 min elapsed, eta 34.8 h
[321/3434] t23_459: FutureCancelledError: tile-t23_459 cancelled for reason: already forgotten.  |  114 ok / 207 failed, 215 min elapsed, eta 34.7 h
[322/3434] t20_548: FutureCancelledError: tile-t20_548 cancelled for reason: already forgotten.  |  114 ok / 208 failed, 215 min elapsed, eta 34.6 h
[323/3434] t33_615: FutureCancelledError: tile-t33_615 cancelled for reason: already forgotten.  |  114 ok / 209 failed, 215 min elapsed, eta 34.5 h
[324/3434] t21_542: FutureCancelledError: tile-t21_542 cancelled for reason: already forgotten.  |  114 ok / 210 failed, 215 min elapsed, eta 34.3 h
[325/3434] t21_529: FutureCancelledError: tile-t21_529 cancelled for reason: already forgotten.  |  114 ok / 211 failed, 215 min elapsed, eta 34.2 h
[326/3434] t10_504: FutureCancelledError: tile-t10_504 cancelled for reason: already forgotten.  |  114 ok / 212 failed, 215 min elapsed, eta 34.1 h
[327/3434] t15_429: FutureCancelledError: tile-t15_429 cancelled for reason: already forgotten.  |  114 ok / 213 failed, 215 min elapsed, eta 34.0 h
[328/3434] t10_425: FutureCancelledError: tile-t10_425 cancelled for reason: already forgotten.  |  114 ok / 214 failed, 215 min elapsed, eta 33.9 h
[329/3434] t23_574: FutureCancelledError: tile-t23_574 cancelled for reason: already forgotten.  |  114 ok / 215 failed, 215 min elapsed, eta 33.8 h
[330/3434] t30_417: FutureCancelledError: tile-t30_417 cancelled for reason: already forgotten.  |  114 ok / 216 failed, 215 min elapsed, eta 33.7 h
[331/3434] t10_444: FutureCancelledError: tile-t10_444 cancelled for reason: already forgotten.  |  114 ok / 217 failed, 215 min elapsed, eta 33.5 h
[332/3434] t24_420: FutureCancelledError: tile-t24_420 cancelled for reason: already forgotten.  |  114 ok / 218 failed, 215 min elapsed, eta 33.4 h
[333/3434] t25_502: FutureCancelledError: tile-t25_502 cancelled for reason: already forgotten.  |  114 ok / 219 failed, 215 min elapsed, eta 33.3 h
[334/3434] t23_479: FutureCancelledError: tile-t23_479 cancelled for reason: already forgotten.  |  114 ok / 220 failed, 215 min elapsed, eta 33.2 h
[335/3434] t21_404: FutureCancelledError: tile-t21_404 cancelled for reason: already forgotten.  |  114 ok / 221 failed, 215 min elapsed, eta 33.1 h
[336/3434] t43_399: FutureCancelledError: tile-t43_399 cancelled for reason: already forgotten.  |  114 ok / 222 failed, 215 min elapsed, eta 33.0 h
[337/3434] t39_626: FutureCancelledError: tile-t39_626 cancelled for reason: already forgotten.  |  114 ok / 223 failed, 215 min elapsed, eta 32.9 h
[338/3434] t34_604: FutureCancelledError: tile-t34_604 cancelled for reason: already forgotten.  |  114 ok / 224 failed, 215 min elapsed, eta 32.8 h
[339/3434] t24_473: FutureCancelledError: tile-t24_473 cancelled for reason: already forgotten.  |  114 ok / 225 failed, 215 min elapsed, eta 32.7 h
[340/3434] t30_505: FutureCancelledError: tile-t30_505 cancelled for reason: already forgotten.  |  114 ok / 226 failed, 215 min elapsed, eta 32.6 h
[341/3434] t18_547: FutureCancelledError: tile-t18_547 cancelled for reason: already forgotten.  |  114 ok / 227 failed, 215 min elapsed, eta 32.5 h
[342/3434] t25_483: FutureCancelledError: tile-t25_483 cancelled for reason: already forgotten.  |  114 ok / 228 failed, 215 min elapsed, eta 32.4 h
[343/3434] t29_568: FutureCancelledError: tile-t29_568 cancelled for reason: already forgotten.  |  114 ok / 229 failed, 215 min elapsed, eta 32.2 h
[344/3434] t20_419: FutureCancelledError: tile-t20_419 cancelled for reason: already forgotten.  |  114 ok / 230 failed, 215 min elapsed, eta 32.1 h
[345/3434] t19_519: FutureCancelledError: tile-t19_519 cancelled for reason: already forgotten.  |  114 ok / 231 failed, 215 min elapsed, eta 32.0 h
[346/3434] t12_458: FutureCancelledError: tile-t12_458 cancelled for reason: already forgotten.  |  114 ok / 232 failed, 215 min elapsed, eta 31.9 h
[347/3434] t18_520: FutureCancelledError: tile-t18_520 cancelled for reason: already forgotten.  |  114 ok / 233 failed, 215 min elapsed, eta 31.8 h
[348/3434] t49_398: FutureCancelledError: tile-t49_398 cancelled for reason: already forgotten.  |  114 ok / 234 failed, 215 min elapsed, eta 31.7 h
[349/3434] t13_470: FutureCancelledError: tile-t13_470 cancelled for reason: already forgotten.  |  114 ok / 235 failed, 215 min elapsed, eta 31.6 h
[350/3434] t21_533: FutureCancelledError: tile-t21_533 cancelled for reason: already forgotten.  |  114 ok / 236 failed, 215 min elapsed, eta 31.5 h
[351/3434] t20_431: FutureCancelledError: tile-t20_431 cancelled for reason: already forgotten.  |  114 ok / 237 failed, 215 min elapsed, eta 31.4 h
[352/3434] t37_640: FutureCancelledError: tile-t37_640 cancelled for reason: already forgotten.  |  114 ok / 238 failed, 215 min elapsed, eta 31.3 h
[353/3434] t12_528: FutureCancelledError: tile-t12_528 cancelled for reason: already forgotten.  |  114 ok / 239 failed, 215 min elapsed, eta 31.2 h
[354/3434] t32_422: FutureCancelledError: tile-t32_422 cancelled for reason: already forgotten.  |  114 ok / 240 failed, 215 min elapsed, eta 31.1 h
[355/3434] t24_512: FutureCancelledError: tile-t24_512 cancelled for reason: already forgotten.  |  114 ok / 241 failed, 215 min elapsed, eta 31.0 h
[356/3434] t11_553: FutureCancelledError: tile-t11_553 cancelled for reason: already forgotten.  |  114 ok / 242 failed, 215 min elapsed, eta 30.9 h
[357/3434] t36_611: FutureCancelledError: tile-t36_611 cancelled for reason: already forgotten.  |  114 ok / 243 failed, 215 min elapsed, eta 30.8 h
[358/3434] t30_499: FutureCancelledError: tile-t30_499 cancelled for reason: already forgotten.  |  114 ok / 244 failed, 215 min elapsed, eta 30.7 h
[359/3434] t27_557: FutureCancelledError: tile-t27_557 cancelled for reason: already forgotten.  |  114 ok / 245 failed, 215 min elapsed, eta 30.7 h
[360/3434] t11_538: FutureCancelledError: tile-t11_538 cancelled for reason: already forgotten.  |  114 ok / 246 failed, 215 min elapsed, eta 30.6 h
[361/3434] t20_550: FutureCancelledError: tile-t20_550 cancelled for reason: already forgotten.  |  114 ok / 247 failed, 215 min elapsed, eta 30.5 h
[362/3434] t20_568: FutureCancelledError: tile-t20_568 cancelled for reason: already forgotten.  |  114 ok / 248 failed, 215 min elapsed, eta 30.4 h
[363/3434] t26_502: FutureCancelledError: tile-t26_502 cancelled for reason: already forgotten.  |  114 ok / 249 failed, 215 min elapsed, eta 30.3 h
[364/3434] t7_488: FutureCancelledError: tile-t7_488 cancelled for reason: already forgotten.  |  114 ok / 250 failed, 215 min elapsed, eta 30.2 h
[365/3434] t9_586: FutureCancelledError: tile-t9_586 cancelled for reason: already forgotten.  |  114 ok / 251 failed, 215 min elapsed, eta 30.1 h
[366/3434] t20_463: FutureCancelledError: tile-t20_463 cancelled for reason: already forgotten.  |  114 ok / 252 failed, 215 min elapsed, eta 30.0 h
[367/3434] t26_602: FutureCancelledError: tile-t26_602 cancelled for reason: already forgotten.  |  114 ok / 253 failed, 215 min elapsed, eta 29.9 h
[368/3434] t26_587: FutureCancelledError: tile-t26_587 cancelled for reason: already forgotten.  |  114 ok / 254 failed, 215 min elapsed, eta 29.8 h
[369/3434] t18_545: FutureCancelledError: tile-t18_545 cancelled for reason: already forgotten.  |  114 ok / 255 failed, 215 min elapsed, eta 29.7 h
[370/3434] t26_431: FutureCancelledError: tile-t26_431 cancelled for reason: already forgotten.  |  114 ok / 256 failed, 215 min elapsed, eta 29.6 h
[371/3434] t52_416: FutureCancelledError: tile-t52_416 cancelled for reason: already forgotten.  |  114 ok / 257 failed, 215 min elapsed, eta 29.5 h
[372/3434] t13_568: FutureCancelledError: tile-t13_568 cancelled for reason: already forgotten.  |  114 ok / 258 failed, 215 min elapsed, eta 29.5 h
[373/3434] t28_650: FutureCancelledError: tile-t28_650 cancelled for reason: already forgotten.  |  114 ok / 259 failed, 215 min elapsed, eta 29.4 h
[374/3434] t24_430: FutureCancelledError: tile-t24_430 cancelled for reason: already forgotten.  |  114 ok / 260 failed, 215 min elapsed, eta 29.3 h
[375/3434] t30_421: FutureCancelledError: tile-t30_421 cancelled for reason: already forgotten.  |  114 ok / 261 failed, 215 min elapsed, eta 29.2 h
[376/3434] t12_572: FutureCancelledError: tile-t12_572 cancelled for reason: already forgotten.  |  114 ok / 262 failed, 215 min elapsed, eta 29.1 h
[377/3434] t51_391: FutureCancelledError: tile-t51_391 cancelled for reason: already forgotten.  |  114 ok / 263 failed, 215 min elapsed, eta 29.0 h
[378/3434] t20_533: FutureCancelledError: tile-t20_533 cancelled for reason: already forgotten.  |  114 ok / 264 failed, 215 min elapsed, eta 28.9 h
[379/3434] t27_417: FutureCancelledError: tile-t27_417 cancelled for reason: already forgotten.  |  114 ok / 265 failed, 215 min elapsed, eta 28.8 h
[380/3434] t27_413: FutureCancelledError: tile-t27_413 cancelled for reason: already forgotten.  |  114 ok / 266 failed, 215 min elapsed, eta 28.8 h
[381/3434] t17_593: FutureCancelledError: tile-t17_593 cancelled for reason: already forgotten.  |  114 ok / 267 failed, 215 min elapsed, eta 28.7 h
[382/3434] t38_622: FutureCancelledError: tile-t38_622 cancelled for reason: already forgotten.  |  114 ok / 268 failed, 215 min elapsed, eta 28.6 h
[383/3434] t19_583: FutureCancelledError: tile-t19_583 cancelled for reason: already forgotten.  |  114 ok / 269 failed, 215 min elapsed, eta 28.5 h
[384/3434] t21_603: FutureCancelledError: tile-t21_603 cancelled for reason: already forgotten.  |  114 ok / 270 failed, 215 min elapsed, eta 28.4 h
[385/3434] t30_586: FutureCancelledError: tile-t30_586 cancelled for reason: already forgotten.  |  114 ok / 271 failed, 215 min elapsed, eta 28.3 h
[386/3434] t37_636: FutureCancelledError: tile-t37_636 cancelled for reason: already forgotten.  |  114 ok / 272 failed, 215 min elapsed, eta 28.3 h
[387/3434] t25_608: FutureCancelledError: tile-t25_608 cancelled for reason: already forgotten.  |  114 ok / 273 failed, 215 min elapsed, eta 28.2 h
[388/3434] t21_607: FutureCancelledError: tile-t21_607 cancelled for reason: already forgotten.  |  114 ok / 274 failed, 215 min elapsed, eta 28.1 h
[389/3434] t10_509: FutureCancelledError: tile-t10_509 cancelled for reason: already forgotten.  |  114 ok / 275 failed, 215 min elapsed, eta 28.0 h
[390/3434] t16_537: FutureCancelledError: tile-t16_537 cancelled for reason: already forgotten.  |  114 ok / 276 failed, 215 min elapsed, eta 27.9 h
[391/3434] t16_577: FutureCancelledError: tile-t16_577 cancelled for reason: already forgotten.  |  114 ok / 277 failed, 215 min elapsed, eta 27.9 h
[392/3434] t20_545: FutureCancelledError: tile-t20_545 cancelled for reason: already forgotten.  |  114 ok / 278 failed, 215 min elapsed, eta 27.8 h
[393/3434] t15_427: FutureCancelledError: tile-t15_427 cancelled for reason: already forgotten.  |  114 ok / 279 failed, 215 min elapsed, eta 27.7 h
[394/3434] t30_627: FutureCancelledError: tile-t30_627 cancelled for reason: already forgotten.  |  114 ok / 280 failed, 215 min elapsed, eta 27.6 h
[395/3434] t6_488: FutureCancelledError: tile-t6_488 cancelled for reason: already forgotten.  |  114 ok / 281 failed, 215 min elapsed, eta 27.5 h
[396/3434] t24_563: FutureCancelledError: tile-t24_563 cancelled for reason: already forgotten.  |  114 ok / 282 failed, 215 min elapsed, eta 27.5 h
[397/3434] t31_651: FutureCancelledError: tile-t31_651 cancelled for reason: already forgotten.  |  114 ok / 283 failed, 215 min elapsed, eta 27.4 h
[398/3434] t36_667: FutureCancelledError: tile-t36_667 cancelled for reason: already forgotten.  |  114 ok / 284 failed, 215 min elapsed, eta 27.3 h
[399/3434] t14_544: FutureCancelledError: tile-t14_544 cancelled for reason: already forgotten.  |  114 ok / 285 failed, 215 min elapsed, eta 27.2 h
[400/3434] t24_463: FutureCancelledError: tile-t24_463 cancelled for reason: already forgotten.  |  114 ok / 286 failed, 215 min elapsed, eta 27.1 h
[401/3434] t18_540: FutureCancelledError: tile-t18_540 cancelled for reason: already forgotten.  |  114 ok / 287 failed, 215 min elapsed, eta 27.1 h
[402/3434] t40_620: FutureCancelledError: tile-t40_620 cancelled for reason: already forgotten.  |  114 ok / 288 failed, 215 min elapsed, eta 27.0 h
[403/3434] t31_422: FutureCancelledError: tile-t31_422 cancelled for reason: already forgotten.  |  114 ok / 289 failed, 215 min elapsed, eta 26.9 h
[404/3434] t34_606: FutureCancelledError: tile-t34_606 cancelled for reason: already forgotten.  |  114 ok / 290 failed, 215 min elapsed, eta 26.8 h
[405/3434] t14_448: FutureCancelledError: tile-t14_448 cancelled for reason: already forgotten.  |  114 ok / 291 failed, 215 min elapsed, eta 26.8 h
[406/3434] t30_423: FutureCancelledError: tile-t30_423 cancelled for reason: already forgotten.  |  114 ok / 292 failed, 215 min elapsed, eta 26.7 h
[407/3434] t33_650: FutureCancelledError: tile-t33_650 cancelled for reason: already forgotten.  |  114 ok / 293 failed, 215 min elapsed, eta 26.6 h
[408/3434] t12_511: FutureCancelledError: tile-t12_511 cancelled for reason: already forgotten.  |  114 ok / 294 failed, 215 min elapsed, eta 26.5 h
[409/3434] t13_532: FutureCancelledError: tile-t13_532 cancelled for reason: already forgotten.  |  114 ok / 295 failed, 215 min elapsed, eta 26.5 h
[410/3434] t25_605: FutureCancelledError: tile-t25_605 cancelled for reason: already forgotten.  |  114 ok / 296 failed, 215 min elapsed, eta 26.4 h
[411/3434] t7_520: FutureCancelledError: tile-t7_520 cancelled for reason: already forgotten.  |  114 ok / 297 failed, 215 min elapsed, eta 26.3 h
[412/3434] t27_597: FutureCancelledError: tile-t27_597 cancelled for reason: already forgotten.  |  114 ok / 298 failed, 215 min elapsed, eta 26.3 h
[413/3434] t32_655: FutureCancelledError: tile-t32_655 cancelled for reason: already forgotten.  |  114 ok / 299 failed, 215 min elapsed, eta 26.2 h
[414/3434] t11_470: FutureCancelledError: tile-t11_470 cancelled for reason: already forgotten.  |  114 ok / 300 failed, 215 min elapsed, eta 26.1 h
[415/3434] t12_456: FutureCancelledError: tile-t12_456 cancelled for reason: already forgotten.  |  114 ok / 301 failed, 215 min elapsed, eta 26.0 h
[416/3434] t17_406: FutureCancelledError: tile-t17_406 cancelled for reason: already forgotten.  |  114 ok / 302 failed, 215 min elapsed, eta 26.0 h
[417/3434] t29_578: FutureCancelledError: tile-t29_578 cancelled for reason: already forgotten.  |  114 ok / 303 failed, 215 min elapsed, eta 25.9 h
[418/3434] t8_489: FutureCancelledError: tile-t8_489 cancelled for reason: already forgotten.  |  114 ok / 304 failed, 215 min elapsed, eta 25.8 h
[419/3434] t25_652: FutureCancelledError: tile-t25_652 cancelled for reason: already forgotten.  |  114 ok / 305 failed, 215 min elapsed, eta 25.8 h
[420/3434] t21_399: FutureCancelledError: tile-t21_399 cancelled for reason: already forgotten.  |  114 ok / 306 failed, 215 min elapsed, eta 25.7 h
[421/3434] t25_503: FutureCancelledError: tile-t25_503 cancelled for reason: already forgotten.  |  114 ok / 307 failed, 215 min elapsed, eta 25.6 h
[422/3434] t32_632: FutureCancelledError: tile-t32_632 cancelled for reason: already forgotten.  |  114 ok / 308 failed, 215 min elapsed, eta 25.5 h
[423/3434] t7_463: FutureCancelledError: tile-t7_463 cancelled for reason: already forgotten.  |  114 ok / 309 failed, 215 min elapsed, eta 25.5 h
[424/3434] t51_401: FutureCancelledError: tile-t51_401 cancelled for reason: already forgotten.  |  114 ok / 310 failed, 215 min elapsed, eta 25.4 h
[425/3434] t37_641: FutureCancelledError: tile-t37_641 cancelled for reason: already forgotten.  |  114 ok / 311 failed, 215 min elapsed, eta 25.3 h
[426/3434] t34_624: FutureCancelledError: tile-t34_624 cancelled for reason: already forgotten.  |  114 ok / 312 failed, 215 min elapsed, eta 25.3 h
[427/3434] t18_491: FutureCancelledError: tile-t18_491 cancelled for reason: already forgotten.  |  114 ok / 313 failed, 215 min elapsed, eta 25.2 h
[428/3434] t23_406: FutureCancelledError: tile-t23_406 cancelled for reason: already forgotten.  |  114 ok / 314 failed, 215 min elapsed, eta 25.1 h
[429/3434] t21_547: FutureCancelledError: tile-t21_547 cancelled for reason: already forgotten.  |  114 ok / 315 failed, 215 min elapsed, eta 25.1 h
[430/3434] t14_580: FutureCancelledError: tile-t14_580 cancelled for reason: already forgotten.  |  114 ok / 316 failed, 215 min elapsed, eta 25.0 h
[431/3434] t32_631: FutureCancelledError: tile-t32_631 cancelled for reason: already forgotten.  |  114 ok / 317 failed, 215 min elapsed, eta 24.9 h
[432/3434] t25_517: FutureCancelledError: tile-t25_517 cancelled for reason: already forgotten.  |  114 ok / 318 failed, 215 min elapsed, eta 24.9 h
[433/3434] t23_575: FutureCancelledError: tile-t23_575 cancelled for reason: already forgotten.  |  114 ok / 319 failed, 215 min elapsed, eta 24.8 h
[434/3434] t31_661: FutureCancelledError: tile-t31_661 cancelled for reason: already forgotten.  |  114 ok / 320 failed, 215 min elapsed, eta 24.7 h
[435/3434] t16_593: FutureCancelledError: tile-t16_593 cancelled for reason: already forgotten.  |  114 ok / 321 failed, 215 min elapsed, eta 24.7 h
[436/3434] t12_451: FutureCancelledError: tile-t12_451 cancelled for reason: already forgotten.  |  114 ok / 322 failed, 215 min elapsed, eta 24.6 h
[437/3434] t20_524: FutureCancelledError: tile-t20_524 cancelled for reason: already forgotten.  |  114 ok / 323 failed, 215 min elapsed, eta 24.5 h
[438/3434] t20_535: FutureCancelledError: tile-t20_535 cancelled for reason: already forgotten.  |  114 ok / 324 failed, 215 min elapsed, eta 24.5 h
[439/3434] t26_406: FutureCancelledError: tile-t26_406 cancelled for reason: already forgotten.  |  114 ok / 325 failed, 215 min elapsed, eta 24.4 h
[440/3434] t20_573: FutureCancelledError: tile-t20_573 cancelled for reason: already forgotten.  |  114 ok / 326 failed, 215 min elapsed, eta 24.4 h
[441/3434] t27_552: FutureCancelledError: tile-t27_552 cancelled for reason: already forgotten.  |  114 ok / 327 failed, 215 min elapsed, eta 24.3 h
[442/3434] t10_443: FutureCancelledError: tile-t10_443 cancelled for reason: already forgotten.  |  114 ok / 328 failed, 215 min elapsed, eta 24.2 h
[443/3434] t26_398: FutureCancelledError: tile-t26_398 cancelled for reason: already forgotten.  |  114 ok / 329 failed, 215 min elapsed, eta 24.2 h
[444/3434] t9_420: FutureCancelledError: tile-t9_420 cancelled for reason: already forgotten.  |  114 ok / 330 failed, 215 min elapsed, eta 24.1 h
[445/3434] t18_530: FutureCancelledError: tile-t18_530 cancelled for reason: already forgotten.  |  114 ok / 331 failed, 215 min elapsed, eta 24.0 h
[446/3434] t28_635: FutureCancelledError: tile-t28_635 cancelled for reason: already forgotten.  |  114 ok / 332 failed, 215 min elapsed, eta 24.0 h
[447/3434] t28_579: FutureCancelledError: tile-t28_579 cancelled for reason: already forgotten.  |  114 ok / 333 failed, 215 min elapsed, eta 23.9 h
[448/3434] t15_553: FutureCancelledError: tile-t15_553 cancelled for reason: already forgotten.  |  114 ok / 334 failed, 215 min elapsed, eta 23.9 h
[449/3434] t29_577: FutureCancelledError: tile-t29_577 cancelled for reason: already forgotten.  |  114 ok / 335 failed, 215 min elapsed, eta 23.8 h
[450/3434] t29_613: FutureCancelledError: tile-t29_613 cancelled for reason: already forgotten.  |  114 ok / 336 failed, 215 min elapsed, eta 23.7 h
[451/3434] t28_574: FutureCancelledError: tile-t28_574 cancelled for reason: already forgotten.  |  114 ok / 337 failed, 215 min elapsed, eta 23.7 h
[452/3434] t27_488: FutureCancelledError: tile-t27_488 cancelled for reason: already forgotten.  |  114 ok / 338 failed, 215 min elapsed, eta 23.6 h
[453/3434] t8_511: FutureCancelledError: tile-t8_511 cancelled for reason: already forgotten.  |  114 ok / 339 failed, 215 min elapsed, eta 23.6 h
[454/3434] t8_484: FutureCancelledError: tile-t8_484 cancelled for reason: already forgotten.  |  114 ok / 340 failed, 215 min elapsed, eta 23.5 h
[455/3434] t11_536: FutureCancelledError: tile-t11_536 cancelled for reason: already forgotten.  |  114 ok / 341 failed, 215 min elapsed, eta 23.4 h
[456/3434] t21_537: FutureCancelledError: tile-t21_537 cancelled for reason: already forgotten.  |  114 ok / 342 failed, 215 min elapsed, eta 23.4 h
[457/3434] t26_407: FutureCancelledError: tile-t26_407 cancelled for reason: already forgotten.  |  114 ok / 343 failed, 215 min elapsed, eta 23.3 h
[458/3434] t23_595: FutureCancelledError: tile-t23_595 cancelled for reason: already forgotten.  |  114 ok / 344 failed, 215 min elapsed, eta 23.3 h
[459/3434] t25_634: FutureCancelledError: tile-t25_634 cancelled for reason: already forgotten.  |  114 ok / 345 failed, 215 min elapsed, eta 23.2 h
[460/3434] t36_657: FutureCancelledError: tile-t36_657 cancelled for reason: already forgotten.  |  114 ok / 346 failed, 215 min elapsed, eta 23.1 h
[461/3434] t32_417: FutureCancelledError: tile-t32_417 cancelled for reason: already forgotten.  |  114 ok / 347 failed, 215 min elapsed, eta 23.1 h
[462/3434] t18_517: FutureCancelledError: tile-t18_517 cancelled for reason: already forgotten.  |  114 ok / 348 failed, 215 min elapsed, eta 23.0 h
[463/3434] t45_391: FutureCancelledError: tile-t45_391 cancelled for reason: already forgotten.  |  114 ok / 349 failed, 215 min elapsed, eta 23.0 h
[464/3434] t31_625: FutureCancelledError: tile-t31_625 cancelled for reason: already forgotten.  |  114 ok / 350 failed, 215 min elapsed, eta 22.9 h
[465/3434] t24_502: FutureCancelledError: tile-t24_502 cancelled for reason: already forgotten.  |  114 ok / 351 failed, 215 min elapsed, eta 22.9 h
[466/3434] t24_577: FutureCancelledError: tile-t24_577 cancelled for reason: already forgotten.  |  114 ok / 352 failed, 215 min elapsed, eta 22.8 h
[467/3434] t22_534: FutureCancelledError: tile-t22_534 cancelled for reason: already forgotten.  |  114 ok / 353 failed, 215 min elapsed, eta 22.7 h
[468/3434] t14_429: FutureCancelledError: tile-t14_429 cancelled for reason: already forgotten.  |  114 ok / 354 failed, 215 min elapsed, eta 22.7 h
[469/3434] t26_581: FutureCancelledError: tile-t26_581 cancelled for reason: already forgotten.  |  114 ok / 355 failed, 215 min elapsed, eta 22.6 h
[470/3434] t17_440: FutureCancelledError: tile-t17_440 cancelled for reason: already forgotten.  |  114 ok / 356 failed, 215 min elapsed, eta 22.6 h
[471/3434] t39_400: FutureCancelledError: tile-t39_400 cancelled for reason: already forgotten.  |  114 ok / 357 failed, 215 min elapsed, eta 22.5 h
[472/3434] t47_413: FutureCancelledError: tile-t47_413 cancelled for reason: already forgotten.  |  114 ok / 358 failed, 215 min elapsed, eta 22.5 h
[473/3434] t22_411: FutureCancelledError: tile-t22_411 cancelled for reason: already forgotten.  |  114 ok / 359 failed, 215 min elapsed, eta 22.4 h
[474/3434] t25_507: FutureCancelledError: tile-t25_507 cancelled for reason: already forgotten.  |  114 ok / 360 failed, 215 min elapsed, eta 22.4 h
[475/3434] t17_411: FutureCancelledError: tile-t17_411 cancelled for reason: already forgotten.  |  114 ok / 361 failed, 215 min elapsed, eta 22.3 h
[476/3434] t10_418: FutureCancelledError: tile-t10_418 cancelled for reason: already forgotten.  |  114 ok / 362 failed, 215 min elapsed, eta 22.2 h
[477/3434] t15_491: FutureCancelledError: tile-t15_491 cancelled for reason: already forgotten.  |  114 ok / 363 failed, 215 min elapsed, eta 22.2 h
[478/3434] t61_391: FutureCancelledError: tile-t61_391 cancelled for reason: already forgotten.  |  114 ok / 364 failed, 215 min elapsed, eta 22.1 h
[479/3434] t38_630: FutureCancelledError: tile-t38_630 cancelled for reason: already forgotten.  |  114 ok / 365 failed, 215 min elapsed, eta 22.1 h
[480/3434] t23_505: FutureCancelledError: tile-t23_505 cancelled for reason: already forgotten.  |  114 ok / 366 failed, 215 min elapsed, eta 22.0 h
[481/3434] t27_653: FutureCancelledError: tile-t27_653 cancelled for reason: already forgotten.  |  114 ok / 367 failed, 215 min elapsed, eta 22.0 h
[482/3434] t16_530: FutureCancelledError: tile-t16_530 cancelled for reason: already forgotten.  |  114 ok / 368 failed, 215 min elapsed, eta 21.9 h
[483/3434] t35_608: FutureCancelledError: tile-t35_608 cancelled for reason: already forgotten.  |  114 ok / 369 failed, 215 min elapsed, eta 21.9 h
[484/3434] t24_528: FutureCancelledError: tile-t24_528 cancelled for reason: already forgotten.  |  114 ok / 370 failed, 215 min elapsed, eta 21.8 h
[485/3434] t21_484: FutureCancelledError: tile-t21_484 cancelled for reason: already forgotten.  |  114 ok / 371 failed, 215 min elapsed, eta 21.8 h
[486/3434] t8_500: FutureCancelledError: tile-t8_500 cancelled for reason: already forgotten.  |  114 ok / 372 failed, 215 min elapsed, eta 21.7 h
[487/3434] t32_627: FutureCancelledError: tile-t32_627 cancelled for reason: already forgotten.  |  114 ok / 373 failed, 215 min elapsed, eta 21.7 h
[488/3434] t20_525: FutureCancelledError: tile-t20_525 cancelled for reason: already forgotten.  |  114 ok / 374 failed, 215 min elapsed, eta 21.6 h
[489/3434] t32_418: FutureCancelledError: tile-t32_418 cancelled for reason: already forgotten.  |  114 ok / 375 failed, 215 min elapsed, eta 21.6 h
[490/3434] t30_507: FutureCancelledError: tile-t30_507 cancelled for reason: already forgotten.  |  114 ok / 376 failed, 215 min elapsed, eta 21.5 h
[491/3434] t7_431: FutureCancelledError: tile-t7_431 cancelled for reason: already forgotten.  |  114 ok / 377 failed, 215 min elapsed, eta 21.5 h
[492/3434] t7_489: FutureCancelledError: tile-t7_489 cancelled for reason: already forgotten.  |  114 ok / 378 failed, 215 min elapsed, eta 21.4 h
[493/3434] t33_639: FutureCancelledError: tile-t33_639 cancelled for reason: already forgotten.  |  114 ok / 379 failed, 215 min elapsed, eta 21.4 h
[494/3434] t16_527: FutureCancelledError: tile-t16_527 cancelled for reason: already forgotten.  |  114 ok / 380 failed, 215 min elapsed, eta 21.3 h
[495/3434] t46_421: FutureCancelledError: tile-t46_421 cancelled for reason: already forgotten.  |  114 ok / 381 failed, 215 min elapsed, eta 21.3 h
[496/3434] t23_540: FutureCancelledError: tile-t23_540 cancelled for reason: already forgotten.  |  114 ok / 382 failed, 215 min elapsed, eta 21.2 h
[497/3434] t22_513: FutureCancelledError: tile-t22_513 cancelled for reason: already forgotten.  |  114 ok / 383 failed, 215 min elapsed, eta 21.2 h
[498/3434] t51_417: FutureCancelledError: tile-t51_417 cancelled for reason: already forgotten.  |  114 ok / 384 failed, 215 min elapsed, eta 21.1 h
[499/3434] t37_644: FutureCancelledError: tile-t37_644 cancelled for reason: already forgotten.  |  114 ok / 385 failed, 215 min elapsed, eta 21.1 h
[500/3434] t16_572: FutureCancelledError: tile-t16_572 cancelled for reason: already forgotten.  |  114 ok / 386 failed, 215 min elapsed, eta 21.0 h
[501/3434] t13_454: FutureCancelledError: tile-t13_454 cancelled for reason: already forgotten.  |  114 ok / 387 failed, 215 min elapsed, eta 21.0 h
[502/3434] t15_577: FutureCancelledError: tile-t15_577 cancelled for reason: already forgotten.  |  114 ok / 388 failed, 215 min elapsed, eta 20.9 h
[503/3434] t19_463: FutureCancelledError: tile-t19_463 cancelled for reason: already forgotten.  |  114 ok / 389 failed, 215 min elapsed, eta 20.9 h
[504/3434] t12_446: FutureCancelledError: tile-t12_446 cancelled for reason: already forgotten.  |  114 ok / 390 failed, 215 min elapsed, eta 20.8 h
[505/3434] t21_549: FutureCancelledError: tile-t21_549 cancelled for reason: already forgotten.  |  114 ok / 391 failed, 215 min elapsed, eta 20.8 h
[506/3434] t19_524: FutureCancelledError: tile-t19_524 cancelled for reason: already forgotten.  |  114 ok / 392 failed, 215 min elapsed, eta 20.7 h
[507/3434] t13_439: FutureCancelledError: tile-t13_439 cancelled for reason: already forgotten.  |  114 ok / 393 failed, 215 min elapsed, eta 20.7 h
[508/3434] t32_661: FutureCancelledError: tile-t32_661 cancelled for reason: already forgotten.  |  114 ok / 394 failed, 215 min elapsed, eta 20.6 h
[509/3434] t21_568: FutureCancelledError: tile-t21_568 cancelled for reason: already forgotten.  |  114 ok / 395 failed, 215 min elapsed, eta 20.6 h
[510/3434] t26_568: FutureCancelledError: tile-t26_568 cancelled for reason: already forgotten.  |  114 ok / 396 failed, 215 min elapsed, eta 20.5 h
[511/3434] t24_614: FutureCancelledError: tile-t24_614 cancelled for reason: already forgotten.  |  114 ok / 397 failed, 215 min elapsed, eta 20.5 h
[512/3434] t48_400: FutureCancelledError: tile-t48_400 cancelled for reason: already forgotten.  |  114 ok / 398 failed, 215 min elapsed, eta 20.4 h
[513/3434] t36_421: FutureCancelledError: tile-t36_421 cancelled for reason: already forgotten.  |  114 ok / 399 failed, 215 min elapsed, eta 20.4 h
[514/3434] t9_542: FutureCancelledError: tile-t9_542 cancelled for reason: already forgotten.  |  114 ok / 400 failed, 215 min elapsed, eta 20.3 h
[515/3434] t35_423: FutureCancelledError: tile-t35_423 cancelled for reason: already forgotten.  |  114 ok / 401 failed, 215 min elapsed, eta 20.3 h
[516/3434] t11_514: FutureCancelledError: tile-t11_514 cancelled for reason: already forgotten.  |  114 ok / 402 failed, 215 min elapsed, eta 20.2 h
[517/3434] t27_663: FutureCancelledError: tile-t27_663 cancelled for reason: already forgotten.  |  114 ok / 403 failed, 215 min elapsed, eta 20.2 h
[518/3434] t37_625: FutureCancelledError: tile-t37_625 cancelled for reason: already forgotten.  |  114 ok / 404 failed, 215 min elapsed, eta 20.1 h
[519/3434] t24_424: FutureCancelledError: tile-t24_424 cancelled for reason: already forgotten.  |  114 ok / 405 failed, 215 min elapsed, eta 20.1 h
[520/3434] t14_595: FutureCancelledError: tile-t14_595 cancelled for reason: already forgotten.  |  114 ok / 406 failed, 215 min elapsed, eta 20.1 h
[521/3434] t25_539: FutureCancelledError: tile-t25_539 cancelled for reason: already forgotten.  |  114 ok / 407 failed, 215 min elapsed, eta 20.0 h
[522/3434] t33_419: FutureCancelledError: tile-t33_419 cancelled for reason: already forgotten.  |  114 ok / 408 failed, 215 min elapsed, eta 20.0 h
[523/3434] t23_590: FutureCancelledError: tile-t23_590 cancelled for reason: already forgotten.  |  114 ok / 409 failed, 215 min elapsed, eta 19.9 h
[524/3434] t51_402: FutureCancelledError: tile-t51_402 cancelled for reason: already forgotten.  |  114 ok / 410 failed, 215 min elapsed, eta 19.9 h
[525/3434] t27_427: FutureCancelledError: tile-t27_427 cancelled for reason: already forgotten.  |  114 ok / 411 failed, 215 min elapsed, eta 19.8 h
[526/3434] t27_424: FutureCancelledError: tile-t27_424 cancelled for reason: already forgotten.  |  114 ok / 412 failed, 215 min elapsed, eta 19.8 h
[527/3434] t46_410: FutureCancelledError: tile-t46_410 cancelled for reason: already forgotten.  |  114 ok / 413 failed, 215 min elapsed, eta 19.7 h
[528/3434] t27_658: FutureCancelledError: tile-t27_658 cancelled for reason: already forgotten.  |  114 ok / 414 failed, 215 min elapsed, eta 19.7 h
[529/3434] t34_396: FutureCancelledError: tile-t34_396 cancelled for reason: already forgotten.  |  114 ok / 415 failed, 215 min elapsed, eta 19.7 h
[530/3434] t23_538: FutureCancelledError: tile-t23_538 cancelled for reason: already forgotten.  |  114 ok / 416 failed, 215 min elapsed, eta 19.6 h
[531/3434] t57_389: FutureCancelledError: tile-t57_389 cancelled for reason: already forgotten.  |  114 ok / 417 failed, 215 min elapsed, eta 19.6 h
[532/3434] t13_511: FutureCancelledError: tile-t13_511 cancelled for reason: already forgotten.  |  114 ok / 418 failed, 215 min elapsed, eta 19.5 h
[533/3434] t12_587: FutureCancelledError: tile-t12_587 cancelled for reason: already forgotten.  |  114 ok / 419 failed, 215 min elapsed, eta 19.5 h
[534/3434] t40_406: FutureCancelledError: tile-t40_406 cancelled for reason: already forgotten.  |  114 ok / 420 failed, 215 min elapsed, eta 19.4 h
[535/3434] t17_588: FutureCancelledError: tile-t17_588 cancelled for reason: already forgotten.  |  114 ok / 421 failed, 215 min elapsed, eta 19.4 h
[536/3434] t23_494: FutureCancelledError: tile-t23_494 cancelled for reason: already forgotten.  |  114 ok / 422 failed, 215 min elapsed, eta 19.4 h
[537/3434] t9_494: FutureCancelledError: tile-t9_494 cancelled for reason: already forgotten.  |  114 ok / 423 failed, 215 min elapsed, eta 19.3 h
[538/3434] t28_482: FutureCancelledError: tile-t28_482 cancelled for reason: already forgotten.  |  114 ok / 424 failed, 215 min elapsed, eta 19.3 h
[539/3434] t26_628: FutureCancelledError: tile-t26_628 cancelled for reason: already forgotten.  |  114 ok / 425 failed, 215 min elapsed, eta 19.2 h
[540/3434] t23_589: FutureCancelledError: tile-t23_589 cancelled for reason: already forgotten.  |  114 ok / 426 failed, 215 min elapsed, eta 19.2 h
[541/3434] t11_468: FutureCancelledError: tile-t11_468 cancelled for reason: already forgotten.  |  114 ok / 427 failed, 215 min elapsed, eta 19.1 h
[542/3434] t16_548: FutureCancelledError: tile-t16_548 cancelled for reason: already forgotten.  |  114 ok / 428 failed, 215 min elapsed, eta 19.1 h
[543/3434] t33_644: FutureCancelledError: tile-t33_644 cancelled for reason: already forgotten.  |  114 ok / 429 failed, 215 min elapsed, eta 19.1 h
[544/3434] t8_443: FutureCancelledError: tile-t8_443 cancelled for reason: already forgotten.  |  114 ok / 430 failed, 215 min elapsed, eta 19.0 h
[545/3434] t12_523: FutureCancelledError: tile-t12_523 cancelled for reason: already forgotten.  |  114 ok / 431 failed, 215 min elapsed, eta 19.0 h
[546/3434] t39_620: FutureCancelledError: tile-t39_620 cancelled for reason: already forgotten.  |  114 ok / 432 failed, 215 min elapsed, eta 18.9 h
[547/3434] t28_426: FutureCancelledError: tile-t28_426 cancelled for reason: already forgotten.  |  114 ok / 433 failed, 215 min elapsed, eta 18.9 h
[548/3434] t17_537: FutureCancelledError: tile-t17_537 cancelled for reason: already forgotten.  |  114 ok / 434 failed, 215 min elapsed, eta 18.9 h
[549/3434] t16_423: FutureCancelledError: tile-t16_423 cancelled for reason: already forgotten.  |  114 ok / 435 failed, 215 min elapsed, eta 18.8 h
[550/3434] t7_519: FutureCancelledError: tile-t7_519 cancelled for reason: already forgotten.  |  114 ok / 436 failed, 215 min elapsed, eta 18.8 h
[551/3434] t33_660: FutureCancelledError: tile-t33_660 cancelled for reason: already forgotten.  |  114 ok / 437 failed, 215 min elapsed, eta 18.7 h
[552/3434] t24_632: FutureCancelledError: tile-t24_632 cancelled for reason: already forgotten.  |  114 ok / 438 failed, 215 min elapsed, eta 18.7 h
[553/3434] t24_608: FutureCancelledError: tile-t24_608 cancelled for reason: already forgotten.  |  114 ok / 439 failed, 215 min elapsed, eta 18.6 h
[554/3434] t23_523: FutureCancelledError: tile-t23_523 cancelled for reason: already forgotten.  |  114 ok / 440 failed, 215 min elapsed, eta 18.6 h
[555/3434] t23_463: FutureCancelledError: tile-t23_463 cancelled for reason: already forgotten.  |  114 ok / 441 failed, 215 min elapsed, eta 18.6 h
[556/3434] t28_659: FutureCancelledError: tile-t28_659 cancelled for reason: already forgotten.  |  114 ok / 442 failed, 215 min elapsed, eta 18.5 h
[557/3434] t26_491: FutureCancelledError: tile-t26_491 cancelled for reason: already forgotten.  |  114 ok / 443 failed, 215 min elapsed, eta 18.5 h
[558/3434] t7_492: FutureCancelledError: tile-t7_492 cancelled for reason: already forgotten.  |  114 ok / 444 failed, 215 min elapsed, eta 18.4 h
[559/3434] t18_492: FutureCancelledError: tile-t18_492 cancelled for reason: already forgotten.  |  114 ok / 445 failed, 215 min elapsed, eta 18.4 h
[560/3434] t33_659: FutureCancelledError: tile-t33_659 cancelled for reason: already forgotten.  |  114 ok / 446 failed, 215 min elapsed, eta 18.4 h
[561/3434] t30_587: FutureCancelledError: tile-t30_587 cancelled for reason: already forgotten.  |  114 ok / 447 failed, 215 min elapsed, eta 18.3 h
[562/3434] t25_479: FutureCancelledError: tile-t25_479 cancelled for reason: already forgotten.  |  114 ok / 448 failed, 215 min elapsed, eta 18.3 h
[563/3434] t33_643: FutureCancelledError: tile-t33_643 cancelled for reason: already forgotten.  |  114 ok / 449 failed, 215 min elapsed, eta 18.3 h
[564/3434] t25_655: FutureCancelledError: tile-t25_655 cancelled for reason: already forgotten.  |  114 ok / 450 failed, 215 min elapsed, eta 18.2 h
[565/3434] t33_402: FutureCancelledError: tile-t33_402 cancelled for reason: already forgotten.  |  114 ok / 451 failed, 215 min elapsed, eta 18.2 h
[566/3434] t32_660: FutureCancelledError: tile-t32_660 cancelled for reason: already forgotten.  |  114 ok / 452 failed, 215 min elapsed, eta 18.1 h
[567/3434] t26_496: FutureCancelledError: tile-t26_496 cancelled for reason: already forgotten.  |  114 ok / 453 failed, 215 min elapsed, eta 18.1 h
[568/3434] t24_589: FutureCancelledError: tile-t24_589 cancelled for reason: already forgotten.  |  114 ok / 454 failed, 215 min elapsed, eta 18.1 h
[569/3434] t14_590: FutureCancelledError: tile-t14_590 cancelled for reason: already forgotten.  |  114 ok / 455 failed, 215 min elapsed, eta 18.0 h
[570/3434] t29_658: FutureCancelledError: tile-t29_658 cancelled for reason: already forgotten.  |  114 ok / 456 failed, 215 min elapsed, eta 18.0 h
[571/3434] t2_462: FutureCancelledError: tile-t2_462 cancelled for reason: already forgotten.  |  114 ok / 457 failed, 215 min elapsed, eta 17.9 h
[572/3434] t22_498: FutureCancelledError: tile-t22_498 cancelled for reason: already forgotten.  |  114 ok / 458 failed, 215 min elapsed, eta 17.9 h
[573/3434] t34_631: FutureCancelledError: tile-t34_631 cancelled for reason: already forgotten.  |  114 ok / 459 failed, 215 min elapsed, eta 17.9 h
[574/3434] t29_646: FutureCancelledError: tile-t29_646 cancelled for reason: already forgotten.  |  114 ok / 460 failed, 215 min elapsed, eta 17.8 h
[575/3434] t8_495: FutureCancelledError: tile-t8_495 cancelled for reason: already forgotten.  |  114 ok / 461 failed, 215 min elapsed, eta 17.8 h
[576/3434] t31_652: FutureCancelledError: tile-t31_652 cancelled for reason: already forgotten.  |  114 ok / 462 failed, 215 min elapsed, eta 17.8 h
[577/3434] t30_412: FutureCancelledError: tile-t30_412 cancelled for reason: already forgotten.  |  114 ok / 463 failed, 215 min elapsed, eta 17.7 h
[578/3434] t9_490: FutureCancelledError: tile-t9_490 cancelled for reason: already forgotten.  |  114 ok / 464 failed, 215 min elapsed, eta 17.7 h
[579/3434] t13_538: FutureCancelledError: tile-t13_538 cancelled for reason: already forgotten.  |  114 ok / 465 failed, 215 min elapsed, eta 17.7 h
[580/3434] t11_573: FutureCancelledError: tile-t11_573 cancelled for reason: already forgotten.  |  114 ok / 466 failed, 215 min elapsed, eta 17.6 h
[581/3434] t9_481: FutureCancelledError: tile-t9_481 cancelled for reason: already forgotten.  |  114 ok / 467 failed, 215 min elapsed, eta 17.6 h
[582/3434] t8_437: FutureCancelledError: tile-t8_437 cancelled for reason: already forgotten.  |  114 ok / 468 failed, 215 min elapsed, eta 17.5 h
[583/3434] t26_481: FutureCancelledError: tile-t26_481 cancelled for reason: already forgotten.  |  114 ok / 469 failed, 215 min elapsed, eta 17.5 h
[584/3434] t46_415: FutureCancelledError: tile-t46_415 cancelled for reason: already forgotten.  |  114 ok / 470 failed, 215 min elapsed, eta 17.5 h
[585/3434] t17_430: FutureCancelledError: tile-t17_430 cancelled for reason: already forgotten.  |  114 ok / 471 failed, 215 min elapsed, eta 17.4 h
[586/3434] t38_421: FutureCancelledError: tile-t38_421 cancelled for reason: already forgotten.  |  114 ok / 472 failed, 215 min elapsed, eta 17.4 h
[587/3434] t24_404: FutureCancelledError: tile-t24_404 cancelled for reason: already forgotten.  |  114 ok / 473 failed, 215 min elapsed, eta 17.4 h
[588/3434] t29_576: FutureCancelledError: tile-t29_576 cancelled for reason: already forgotten.  |  114 ok / 474 failed, 215 min elapsed, eta 17.3 h
[589/3434] t19_609: FutureCancelledError: tile-t19_609 cancelled for reason: already forgotten.  |  114 ok / 475 failed, 215 min elapsed, eta 17.3 h
[590/3434] t19_418: FutureCancelledError: tile-t19_418 cancelled for reason: already forgotten.  |  114 ok / 476 failed, 215 min elapsed, eta 17.3 h
[591/3434] t29_567: FutureCancelledError: tile-t29_567 cancelled for reason: already forgotten.  |  114 ok / 477 failed, 215 min elapsed, eta 17.2 h
[592/3434] t26_649: FutureCancelledError: tile-t26_649 cancelled for reason: already forgotten.  |  114 ok / 478 failed, 215 min elapsed, eta 17.2 h
[593/3434] t28_400: FutureCancelledError: tile-t28_400 cancelled for reason: already forgotten.  |  114 ok / 479 failed, 215 min elapsed, eta 17.1 h
[594/3434] t26_411: FutureCancelledError: tile-t26_411 cancelled for reason: already forgotten.  |  114 ok / 480 failed, 215 min elapsed, eta 17.1 h
[595/3434] t15_591: FutureCancelledError: tile-t15_591 cancelled for reason: already forgotten.  |  114 ok / 481 failed, 215 min elapsed, eta 17.1 h
[596/3434] t29_421: FutureCancelledError: tile-t29_421 cancelled for reason: already forgotten.  |  114 ok / 482 failed, 215 min elapsed, eta 17.0 h
[597/3434] t11_583: FutureCancelledError: tile-t11_583 cancelled for reason: already forgotten.  |  114 ok / 483 failed, 215 min elapsed, eta 17.0 h
[598/3434] t16_449: FutureCancelledError: tile-t16_449 cancelled for reason: already forgotten.  |  114 ok / 484 failed, 215 min elapsed, eta 17.0 h
[599/3434] t46_405: FutureCancelledError: tile-t46_405 cancelled for reason: already forgotten.  |  114 ok / 485 failed, 215 min elapsed, eta 16.9 h
[600/3434] t20_464: FutureCancelledError: tile-t20_464 cancelled for reason: already forgotten.  |  114 ok / 486 failed, 215 min elapsed, eta 16.9 h
[601/3434] t13_491: FutureCancelledError: tile-t13_491 cancelled for reason: already forgotten.  |  114 ok / 487 failed, 215 min elapsed, eta 16.9 h
[602/3434] t34_599: FutureCancelledError: tile-t34_599 cancelled for reason: already forgotten.  |  114 ok / 488 failed, 215 min elapsed, eta 16.8 h
[603/3434] t14_550: FutureCancelledError: tile-t14_550 cancelled for reason: already forgotten.  |  114 ok / 489 failed, 215 min elapsed, eta 16.8 h
[604/3434] t40_411: FutureCancelledError: tile-t40_411 cancelled for reason: already forgotten.  |  114 ok / 490 failed, 215 min elapsed, eta 16.8 h
[605/3434] t19_408: FutureCancelledError: tile-t19_408 cancelled for reason: already forgotten.  |  114 ok / 491 failed, 215 min elapsed, eta 16.7 h
[606/3434] t50_394: FutureCancelledError: tile-t50_394 cancelled for reason: already forgotten.  |  114 ok / 492 failed, 215 min elapsed, eta 16.7 h
[607/3434] t9_532: FutureCancelledError: tile-t9_532 cancelled for reason: already forgotten.  |  114 ok / 493 failed, 215 min elapsed, eta 16.7 h
[608/3434] t38_663: FutureCancelledError: tile-t38_663 cancelled for reason: already forgotten.  |  114 ok / 494 failed, 215 min elapsed, eta 16.6 h
[609/3434] t31_584: FutureCancelledError: tile-t31_584 cancelled for reason: already forgotten.  |  114 ok / 495 failed, 215 min elapsed, eta 16.6 h
[610/3434] t49_410: FutureCancelledError: tile-t49_410 cancelled for reason: already forgotten.  |  114 ok / 496 failed, 215 min elapsed, eta 16.6 h
[611/3434] t25_482: FutureCancelledError: tile-t25_482 cancelled for reason: already forgotten.  |  114 ok / 497 failed, 215 min elapsed, eta 16.5 h
[612/3434] t25_422: FutureCancelledError: tile-t25_422 cancelled for reason: already forgotten.  |  114 ok / 498 failed, 215 min elapsed, eta 16.5 h
[613/3434] t24_497: FutureCancelledError: tile-t24_497 cancelled for reason: already forgotten.  |  114 ok / 499 failed, 215 min elapsed, eta 16.5 h
[614/3434] t22_599: FutureCancelledError: tile-t22_599 cancelled for reason: already forgotten.  |  114 ok / 500 failed, 215 min elapsed, eta 16.4 h
[615/3434] t29_411: FutureCancelledError: tile-t29_411 cancelled for reason: already forgotten.  |  114 ok / 501 failed, 215 min elapsed, eta 16.4 h
[616/3434] t24_609: FutureCancelledError: tile-t24_609 cancelled for reason: already forgotten.  |  114 ok / 502 failed, 215 min elapsed, eta 16.4 h
[617/3434] t19_523: FutureCancelledError: tile-t19_523 cancelled for reason: already forgotten.  |  114 ok / 503 failed, 215 min elapsed, eta 16.3 h
[618/3434] t17_512: FutureCancelledError: tile-t17_512 cancelled for reason: already forgotten.  |  114 ok / 504 failed, 215 min elapsed, eta 16.3 h
[619/3434] t48_411: FutureCancelledError: tile-t48_411 cancelled for reason: already forgotten.  |  114 ok / 505 failed, 215 min elapsed, eta 16.3 h
[620/3434] t16_476: FutureCancelledError: tile-t16_476 cancelled for reason: already forgotten.  |  114 ok / 506 failed, 215 min elapsed, eta 16.2 h
[621/3434] t8_523: FutureCancelledError: tile-t8_523 cancelled for reason: already forgotten.  |  114 ok / 507 failed, 215 min elapsed, eta 16.2 h
[622/3434] t25_428: FutureCancelledError: tile-t25_428 cancelled for reason: already forgotten.  |  114 ok / 508 failed, 215 min elapsed, eta 16.2 h
[623/3434] t28_563: FutureCancelledError: tile-t28_563 cancelled for reason: already forgotten.  |  114 ok / 509 failed, 215 min elapsed, eta 16.2 h
[624/3434] t11_428: FutureCancelledError: tile-t11_428 cancelled for reason: already forgotten.  |  114 ok / 510 failed, 215 min elapsed, eta 16.1 h
[625/3434] t22_434: FutureCancelledError: tile-t22_434 cancelled for reason: already forgotten.  |  114 ok / 511 failed, 215 min elapsed, eta 16.1 h
[626/3434] t8_433: FutureCancelledError: tile-t8_433 cancelled for reason: already forgotten.  |  114 ok / 512 failed, 215 min elapsed, eta 16.1 h
[627/3434] t23_519: FutureCancelledError: tile-t23_519 cancelled for reason: already forgotten.  |  114 ok / 513 failed, 215 min elapsed, eta 16.0 h
[628/3434] t36_631: FutureCancelledError: tile-t36_631 cancelled for reason: already forgotten.  |  114 ok / 514 failed, 215 min elapsed, eta 16.0 h
[629/3434] t10_575: FutureCancelledError: tile-t10_575 cancelled for reason: already forgotten.  |  114 ok / 515 failed, 215 min elapsed, eta 16.0 h
[630/3434] t39_404: FutureCancelledError: tile-t39_404 cancelled for reason: already forgotten.  |  114 ok / 516 failed, 215 min elapsed, eta 15.9 h
[631/3434] t25_584: FutureCancelledError: tile-t25_584 cancelled for reason: already forgotten.  |  114 ok / 517 failed, 215 min elapsed, eta 15.9 h
[632/3434] t23_421: FutureCancelledError: tile-t23_421 cancelled for reason: already forgotten.  |  114 ok / 518 failed, 215 min elapsed, eta 15.9 h
[633/3434] t9_461: FutureCancelledError: tile-t9_461 cancelled for reason: already forgotten.  |  114 ok / 519 failed, 215 min elapsed, eta 15.8 h
[634/3434] t37_423: FutureCancelledError: tile-t37_423 cancelled for reason: already forgotten.  |  114 ok / 520 failed, 215 min elapsed, eta 15.8 h
[635/3434] t32_406: FutureCancelledError: tile-t32_406 cancelled for reason: already forgotten.  |  114 ok / 521 failed, 215 min elapsed, eta 15.8 h
[636/3434] t30_621: FutureCancelledError: tile-t30_621 cancelled for reason: already forgotten.  |  114 ok / 522 failed, 215 min elapsed, eta 15.7 h
[637/3434] t13_505: FutureCancelledError: tile-t13_505 cancelled for reason: already forgotten.  |  114 ok / 523 failed, 215 min elapsed, eta 15.7 h
[638/3434] t28_411: FutureCancelledError: tile-t28_411 cancelled for reason: already forgotten.  |  114 ok / 524 failed, 215 min elapsed, eta 15.7 h
[639/3434] t10_518: FutureCancelledError: tile-t10_518 cancelled for reason: already forgotten.  |  114 ok / 525 failed, 215 min elapsed, eta 15.7 h
[640/3434] t44_421: FutureCancelledError: tile-t44_421 cancelled for reason: already forgotten.  |  114 ok / 526 failed, 215 min elapsed, eta 15.6 h
[641/3434] t8_529: FutureCancelledError: tile-t8_529 cancelled for reason: already forgotten.  |  114 ok / 527 failed, 215 min elapsed, eta 15.6 h
[642/3434] t10_455: FutureCancelledError: tile-t10_455 cancelled for reason: already forgotten.  |  114 ok / 528 failed, 215 min elapsed, eta 15.6 h
[643/3434] t25_628: FutureCancelledError: tile-t25_628 cancelled for reason: already forgotten.  |  114 ok / 529 failed, 215 min elapsed, eta 15.5 h
[644/3434] t20_598: FutureCancelledError: tile-t20_598 cancelled for reason: already forgotten.  |  114 ok / 530 failed, 215 min elapsed, eta 15.5 h
[645/3434] t13_494: FutureCancelledError: tile-t13_494 cancelled for reason: already forgotten.  |  114 ok / 531 failed, 215 min elapsed, eta 15.5 h
[646/3434] t17_510: FutureCancelledError: tile-t17_510 cancelled for reason: already forgotten.  |  114 ok / 532 failed, 215 min elapsed, eta 15.4 h
[647/3434] t28_623: FutureCancelledError: tile-t28_623 cancelled for reason: already forgotten.  |  114 ok / 533 failed, 215 min elapsed, eta 15.4 h
[648/3434] t47_406: FutureCancelledError: tile-t47_406 cancelled for reason: already forgotten.  |  114 ok / 534 failed, 215 min elapsed, eta 15.4 h
[649/3434] t10_572: FutureCancelledError: tile-t10_572 cancelled for reason: already forgotten.  |  114 ok / 535 failed, 215 min elapsed, eta 15.4 h
[650/3434] t51_398: FutureCancelledError: tile-t51_398 cancelled for reason: already forgotten.  |  114 ok / 536 failed, 215 min elapsed, eta 15.3 h
[651/3434] t29_643: FutureCancelledError: tile-t29_643 cancelled for reason: already forgotten.  |  114 ok / 537 failed, 215 min elapsed, eta 15.3 h
[652/3434] t10_503: FutureCancelledError: tile-t10_503 cancelled for reason: already forgotten.  |  114 ok / 538 failed, 215 min elapsed, eta 15.3 h
[653/3434] t11_465: FutureCancelledError: tile-t11_465 cancelled for reason: already forgotten.  |  114 ok / 539 failed, 215 min elapsed, eta 15.2 h
[654/3434] t27_418: FutureCancelledError: tile-t27_418 cancelled for reason: already forgotten.  |  114 ok / 540 failed, 215 min elapsed, eta 15.2 h
[655/3434] t22_594: FutureCancelledError: tile-t22_594 cancelled for reason: already forgotten.  |  114 ok / 541 failed, 215 min elapsed, eta 15.2 h
[656/3434] t33_620: FutureCancelledError: tile-t33_620 cancelled for reason: already forgotten.  |  114 ok / 542 failed, 215 min elapsed, eta 15.2 h
[657/3434] t30_573: FutureCancelledError: tile-t30_573 cancelled for reason: already forgotten.  |  114 ok / 543 failed, 215 min elapsed, eta 15.1 h
[658/3434] t26_653: FutureCancelledError: tile-t26_653 cancelled for reason: already forgotten.  |  114 ok / 544 failed, 215 min elapsed, eta 15.1 h
[659/3434] t16_543: FutureCancelledError: tile-t16_543 cancelled for reason: already forgotten.  |  114 ok / 545 failed, 215 min elapsed, eta 15.1 h
[660/3434] t36_406: FutureCancelledError: tile-t36_406 cancelled for reason: already forgotten.  |  114 ok / 546 failed, 215 min elapsed, eta 15.0 h
[661/3434] t13_461: FutureCancelledError: tile-t13_461 cancelled for reason: already forgotten.  |  114 ok / 547 failed, 215 min elapsed, eta 15.0 h
[662/3434] t40_627: FutureCancelledError: tile-t40_627 cancelled for reason: already forgotten.  |  114 ok / 548 failed, 215 min elapsed, eta 15.0 h
[663/3434] t31_414: FutureCancelledError: tile-t31_414 cancelled for reason: already forgotten.  |  114 ok / 549 failed, 215 min elapsed, eta 15.0 h
[664/3434] t24_583: FutureCancelledError: tile-t24_583 cancelled for reason: already forgotten.  |  114 ok / 550 failed, 215 min elapsed, eta 14.9 h
[665/3434] t17_574: FutureCancelledError: tile-t17_574 cancelled for reason: already forgotten.  |  114 ok / 551 failed, 215 min elapsed, eta 14.9 h
[666/3434] t16_597: FutureCancelledError: tile-t16_597 cancelled for reason: already forgotten.  |  114 ok / 552 failed, 215 min elapsed, eta 14.9 h
[667/3434] t13_565: FutureCancelledError: tile-t13_565 cancelled for reason: already forgotten.  |  114 ok / 553 failed, 215 min elapsed, eta 14.9 h
[668/3434] t43_398: FutureCancelledError: tile-t43_398 cancelled for reason: already forgotten.  |  114 ok / 554 failed, 215 min elapsed, eta 14.8 h
[669/3434] t35_651: FutureCancelledError: tile-t35_651 cancelled for reason: already forgotten.  |  114 ok / 555 failed, 215 min elapsed, eta 14.8 h
[670/3434] t51_396: FutureCancelledError: tile-t51_396 cancelled for reason: already forgotten.  |  114 ok / 556 failed, 215 min elapsed, eta 14.8 h
[671/3434] t19_543: FutureCancelledError: tile-t19_543 cancelled for reason: already forgotten.  |  114 ok / 557 failed, 215 min elapsed, eta 14.7 h
[672/3434] t44_410: FutureCancelledError: tile-t44_410 cancelled for reason: already forgotten.  |  114 ok / 558 failed, 215 min elapsed, eta 14.7 h
[673/3434] t24_498: FutureCancelledError: tile-t24_498 cancelled for reason: already forgotten.  |  114 ok / 559 failed, 215 min elapsed, eta 14.7 h
[674/3434] t44_391: FutureCancelledError: tile-t44_391 cancelled for reason: already forgotten.  |  114 ok / 560 failed, 215 min elapsed, eta 14.7 h
[675/3434] t23_599: FutureCancelledError: tile-t23_599 cancelled for reason: already forgotten.  |  114 ok / 561 failed, 215 min elapsed, eta 14.6 h
[676/3434] t14_439: FutureCancelledError: tile-t14_439 cancelled for reason: already forgotten.  |  114 ok / 562 failed, 215 min elapsed, eta 14.6 h
[677/3434] t51_403: FutureCancelledError: tile-t51_403 cancelled for reason: already forgotten.  |  114 ok / 563 failed, 215 min elapsed, eta 14.6 h
[678/3434] t46_398: FutureCancelledError: tile-t46_398 cancelled for reason: already forgotten.  |  114 ok / 564 failed, 215 min elapsed, eta 14.6 h
[679/3434] t30_411: FutureCancelledError: tile-t30_411 cancelled for reason: already forgotten.  |  114 ok / 565 failed, 215 min elapsed, eta 14.5 h
[680/3434] t28_604: FutureCancelledError: tile-t28_604 cancelled for reason: already forgotten.  |  114 ok / 566 failed, 215 min elapsed, eta 14.5 h
[681/3434] t23_404: FutureCancelledError: tile-t23_404 cancelled for reason: already forgotten.  |  114 ok / 567 failed, 215 min elapsed, eta 14.5 h
[682/3434] t14_589: FutureCancelledError: tile-t14_589 cancelled for reason: already forgotten.  |  114 ok / 568 failed, 215 min elapsed, eta 14.4 h
[683/3434] t11_433: FutureCancelledError: tile-t11_433 cancelled for reason: already forgotten.  |  114 ok / 569 failed, 215 min elapsed, eta 14.4 h
[684/3434] t8_453: FutureCancelledError: tile-t8_453 cancelled for reason: already forgotten.  |  114 ok / 570 failed, 215 min elapsed, eta 14.4 h
[685/3434] t31_504: FutureCancelledError: tile-t31_504 cancelled for reason: already forgotten.  |  114 ok / 571 failed, 215 min elapsed, eta 14.4 h
[686/3434] t10_587: FutureCancelledError: tile-t10_587 cancelled for reason: already forgotten.  |  114 ok / 572 failed, 215 min elapsed, eta 14.3 h
[687/3434] t26_654: FutureCancelledError: tile-t26_654 cancelled for reason: already forgotten.  |  114 ok / 573 failed, 215 min elapsed, eta 14.3 h
[688/3434] t22_484: FutureCancelledError: tile-t22_484 cancelled for reason: already forgotten.  |  114 ok / 574 failed, 215 min elapsed, eta 14.3 h
[689/3434] t32_657: FutureCancelledError: tile-t32_657 cancelled for reason: already forgotten.  |  114 ok / 575 failed, 215 min elapsed, eta 14.3 h
[690/3434] t14_419: FutureCancelledError: tile-t14_419 cancelled for reason: already forgotten.  |  114 ok / 576 failed, 215 min elapsed, eta 14.2 h
[691/3434] t31_592: FutureCancelledError: tile-t31_592 cancelled for reason: already forgotten.  |  114 ok / 577 failed, 215 min elapsed, eta 14.2 h
[692/3434] t26_550: FutureCancelledError: tile-t26_550 cancelled for reason: already forgotten.  |  114 ok / 578 failed, 215 min elapsed, eta 14.2 h
[693/3434] t26_562: FutureCancelledError: tile-t26_562 cancelled for reason: already forgotten.  |  114 ok / 579 failed, 215 min elapsed, eta 14.2 h
[694/3434] t17_573: FutureCancelledError: tile-t17_573 cancelled for reason: already forgotten.  |  114 ok / 580 failed, 215 min elapsed, eta 14.1 h
[695/3434] t13_523: FutureCancelledError: tile-t13_523 cancelled for reason: already forgotten.  |  114 ok / 581 failed, 215 min elapsed, eta 14.1 h
[696/3434] t31_646: FutureCancelledError: tile-t31_646 cancelled for reason: already forgotten.  |  114 ok / 582 failed, 215 min elapsed, eta 14.1 h
[697/3434] t10_513: FutureCancelledError: tile-t10_513 cancelled for reason: already forgotten.  |  114 ok / 583 failed, 215 min elapsed, eta 14.1 h
[698/3434] t16_513: FutureCancelledError: tile-t16_513 cancelled for reason: already forgotten.  |  114 ok / 584 failed, 215 min elapsed, eta 14.0 h
[699/3434] t23_600: FutureCancelledError: tile-t23_600 cancelled for reason: already forgotten.  |  114 ok / 585 failed, 215 min elapsed, eta 14.0 h
[700/3434] t19_413: FutureCancelledError: tile-t19_413 cancelled for reason: already forgotten.  |  114 ok / 586 failed, 215 min elapsed, eta 14.0 h
[701/3434] t20_560: FutureCancelledError: tile-t20_560 cancelled for reason: already forgotten.  |  114 ok / 587 failed, 215 min elapsed, eta 14.0 h
[702/3434] t24_522: FutureCancelledError: tile-t24_522 cancelled for reason: already forgotten.  |  114 ok / 588 failed, 215 min elapsed, eta 13.9 h
[703/3434] t36_411: FutureCancelledError: tile-t36_411 cancelled for reason: already forgotten.  |  114 ok / 589 failed, 215 min elapsed, eta 13.9 h
[704/3434] t26_476: FutureCancelledError: tile-t26_476 cancelled for reason: already forgotten.  |  114 ok / 590 failed, 215 min elapsed, eta 13.9 h
[705/3434] t9_456: FutureCancelledError: tile-t9_456 cancelled for reason: already forgotten.  |  114 ok / 591 failed, 215 min elapsed, eta 13.9 h
[706/3434] t10_480: FutureCancelledError: tile-t10_480 cancelled for reason: already forgotten.  |  114 ok / 592 failed, 215 min elapsed, eta 13.8 h
[707/3434] t22_419: FutureCancelledError: tile-t22_419 cancelled for reason: already forgotten.  |  114 ok / 593 failed, 215 min elapsed, eta 13.8 h
[708/3434] t18_507: FutureCancelledError: tile-t18_507 cancelled for reason: already forgotten.  |  114 ok / 594 failed, 215 min elapsed, eta 13.8 h
[709/3434] t14_454: FutureCancelledError: tile-t14_454 cancelled for reason: already forgotten.  |  114 ok / 595 failed, 215 min elapsed, eta 13.8 h
[710/3434] t40_631: FutureCancelledError: tile-t40_631 cancelled for reason: already forgotten.  |  114 ok / 596 failed, 215 min elapsed, eta 13.7 h
[711/3434] t28_625: FutureCancelledError: tile-t28_625 cancelled for reason: already forgotten.  |  114 ok / 597 failed, 215 min elapsed, eta 13.7 h
[712/3434] t34_625: FutureCancelledError: tile-t34_625 cancelled for reason: already forgotten.  |  114 ok / 598 failed, 215 min elapsed, eta 13.7 h
[713/3434] t32_620: FutureCancelledError: tile-t32_620 cancelled for reason: already forgotten.  |  114 ok / 599 failed, 215 min elapsed, eta 13.7 h
[714/3434] t20_473: FutureCancelledError: tile-t20_473 cancelled for reason: already forgotten.  |  114 ok / 600 failed, 215 min elapsed, eta 13.6 h
[715/3434] t12_553: FutureCancelledError: tile-t12_553 cancelled for reason: already forgotten.  |  114 ok / 601 failed, 215 min elapsed, eta 13.6 h
[716/3434] t18_541: FutureCancelledError: tile-t18_541 cancelled for reason: already forgotten.  |  114 ok / 602 failed, 215 min elapsed, eta 13.6 h
[717/3434] t13_550: FutureCancelledError: tile-t13_550 cancelled for reason: already forgotten.  |  114 ok / 603 failed, 215 min elapsed, eta 13.6 h
[718/3434] t25_618: FutureCancelledError: tile-t25_618 cancelled for reason: already forgotten.  |  114 ok / 604 failed, 215 min elapsed, eta 13.5 h
[719/3434] t33_604: FutureCancelledError: tile-t33_604 cancelled for reason: already forgotten.  |  114 ok / 605 failed, 215 min elapsed, eta 13.5 h
[720/3434] t13_424: FutureCancelledError: tile-t13_424 cancelled for reason: already forgotten.  |  114 ok / 606 failed, 215 min elapsed, eta 13.5 h
[721/3434] t24_415: FutureCancelledError: tile-t24_415 cancelled for reason: already forgotten.  |  114 ok / 607 failed, 215 min elapsed, eta 13.5 h
[722/3434] t43_410: FutureCancelledError: tile-t43_410 cancelled for reason: already forgotten.  |  114 ok / 608 failed, 215 min elapsed, eta 13.4 h
[723/3434] t34_611: FutureCancelledError: tile-t34_611 cancelled for reason: already forgotten.  |  114 ok / 609 failed, 215 min elapsed, eta 13.4 h
[724/3434] t21_518: FutureCancelledError: tile-t21_518 cancelled for reason: already forgotten.  |  114 ok / 610 failed, 215 min elapsed, eta 13.4 h
[725/3434] t18_552: FutureCancelledError: tile-t18_552 cancelled for reason: already forgotten.  |  114 ok / 611 failed, 215 min elapsed, eta 13.4 h
[726/3434] t7_525: FutureCancelledError: tile-t7_525 cancelled for reason: already forgotten.  |  114 ok / 612 failed, 215 min elapsed, eta 13.4 h
[727/3434] t13_543: FutureCancelledError: tile-t13_543 cancelled for reason: already forgotten.  |  114 ok / 613 failed, 215 min elapsed, eta 13.3 h
[728/3434] t8_438: FutureCancelledError: tile-t8_438 cancelled for reason: already forgotten.  |  114 ok / 614 failed, 215 min elapsed, eta 13.3 h
[729/3434] t12_432: FutureCancelledError: tile-t12_432 cancelled for reason: already forgotten.  |  114 ok / 615 failed, 215 min elapsed, eta 13.3 h
[730/3434] t11_443: FutureCancelledError: tile-t11_443 cancelled for reason: already forgotten.  |  114 ok / 616 failed, 215 min elapsed, eta 13.3 h
[731/3434] t20_436: FutureCancelledError: tile-t20_436 cancelled for reason: already forgotten.  |  114 ok / 617 failed, 215 min elapsed, eta 13.2 h
[732/3434] t20_554: FutureCancelledError: tile-t20_554 cancelled for reason: already forgotten.  |  114 ok / 618 failed, 215 min elapsed, eta 13.2 h
[733/3434] t24_531: FutureCancelledError: tile-t24_531 cancelled for reason: already forgotten.  |  114 ok / 619 failed, 215 min elapsed, eta 13.2 h
[734/3434] t41_412: FutureCancelledError: tile-t41_412 cancelled for reason: already forgotten.  |  114 ok / 620 failed, 215 min elapsed, eta 13.2 h
[735/3434] t19_598: FutureCancelledError: tile-t19_598 cancelled for reason: already forgotten.  |  114 ok / 621 failed, 215 min elapsed, eta 13.1 h
[736/3434] t22_405: FutureCancelledError: tile-t22_405 cancelled for reason: already forgotten.  |  114 ok / 622 failed, 215 min elapsed, eta 13.1 h
[737/3434] t13_434: FutureCancelledError: tile-t13_434 cancelled for reason: already forgotten.  |  114 ok / 623 failed, 215 min elapsed, eta 13.1 h
[738/3434] t11_505: FutureCancelledError: tile-t11_505 cancelled for reason: already forgotten.  |  114 ok / 624 failed, 215 min elapsed, eta 13.1 h
[739/3434] t7_508: FutureCancelledError: tile-t7_508 cancelled for reason: already forgotten.  |  114 ok / 625 failed, 215 min elapsed, eta 13.1 h
[740/3434] t23_420: FutureCancelledError: tile-t23_420 cancelled for reason: already forgotten.  |  114 ok / 626 failed, 215 min elapsed, eta 13.0 h
[741/3434] t24_543: FutureCancelledError: tile-t24_543 cancelled for reason: already forgotten.  |  114 ok / 627 failed, 215 min elapsed, eta 13.0 h
[742/3434] t20_534: FutureCancelledError: tile-t20_534 cancelled for reason: already forgotten.  |  114 ok / 628 failed, 215 min elapsed, eta 13.0 h
[743/3434] t33_401: FutureCancelledError: tile-t33_401 cancelled for reason: already forgotten.  |  114 ok / 629 failed, 215 min elapsed, eta 13.0 h
[744/3434] t30_662: FutureCancelledError: tile-t30_662 cancelled for reason: already forgotten.  |  114 ok / 630 failed, 215 min elapsed, eta 12.9 h
[745/3434] t20_588: FutureCancelledError: tile-t20_588 cancelled for reason: already forgotten.  |  114 ok / 631 failed, 215 min elapsed, eta 12.9 h
[746/3434] t22_457: FutureCancelledError: tile-t22_457 cancelled for reason: already forgotten.  |  114 ok / 632 failed, 215 min elapsed, eta 12.9 h
[747/3434] t10_460: FutureCancelledError: tile-t10_460 cancelled for reason: already forgotten.  |  114 ok / 633 failed, 215 min elapsed, eta 12.9 h
[748/3434] t14_527: FutureCancelledError: tile-t14_527 cancelled for reason: already forgotten.  |  114 ok / 634 failed, 215 min elapsed, eta 12.9 h
[749/3434] t34_391: FutureCancelledError: tile-t34_391 cancelled for reason: already forgotten.  |  114 ok / 635 failed, 215 min elapsed, eta 12.8 h
[750/3434] t29_497: FutureCancelledError: tile-t29_497 cancelled for reason: already forgotten.  |  114 ok / 636 failed, 215 min elapsed, eta 12.8 h
[751/3434] t38_390: FutureCancelledError: tile-t38_390 cancelled for reason: already forgotten.  |  114 ok / 637 failed, 215 min elapsed, eta 12.8 h
[752/3434] t40_390: FutureCancelledError: tile-t40_390 cancelled for reason: already forgotten.  |  114 ok / 638 failed, 215 min elapsed, eta 12.8 h
[753/3434] t44_398: FutureCancelledError: tile-t44_398 cancelled for reason: already forgotten.  |  114 ok / 639 failed, 215 min elapsed, eta 12.7 h
[754/3434] t9_500: FutureCancelledError: tile-t9_500 cancelled for reason: already forgotten.  |  114 ok / 640 failed, 215 min elapsed, eta 12.7 h
[755/3434] t36_616: FutureCancelledError: tile-t36_616 cancelled for reason: already forgotten.  |  114 ok / 641 failed, 215 min elapsed, eta 12.7 h
[756/3434] t35_403: FutureCancelledError: tile-t35_403 cancelled for reason: already forgotten.  |  114 ok / 642 failed, 215 min elapsed, eta 12.7 h
[757/3434] t50_415: FutureCancelledError: tile-t50_415 cancelled for reason: already forgotten.  |  114 ok / 643 failed, 215 min elapsed, eta 12.7 h
[758/3434] t12_567: FutureCancelledError: tile-t12_567 cancelled for reason: already forgotten.  |  114 ok / 644 failed, 215 min elapsed, eta 12.6 h
[759/3434] t9_439: FutureCancelledError: tile-t9_439 cancelled for reason: already forgotten.  |  114 ok / 645 failed, 215 min elapsed, eta 12.6 h
[760/3434] t34_636: FutureCancelledError: tile-t34_636 cancelled for reason: already forgotten.  |  114 ok / 646 failed, 215 min elapsed, eta 12.6 h
[761/3434] t26_612: FutureCancelledError: tile-t26_612 cancelled for reason: already forgotten.  |  114 ok / 647 failed, 215 min elapsed, eta 12.6 h
[762/3434] t17_465: FutureCancelledError: tile-t17_465 cancelled for reason: already forgotten.  |  114 ok / 648 failed, 215 min elapsed, eta 12.6 h
[763/3434] t7_437: FutureCancelledError: tile-t7_437 cancelled for reason: already forgotten.  |  114 ok / 649 failed, 215 min elapsed, eta 12.5 h
[764/3434] t27_617: FutureCancelledError: tile-t27_617 cancelled for reason: already forgotten.  |  114 ok / 650 failed, 215 min elapsed, eta 12.5 h
[765/3434] t42_394: FutureCancelledError: tile-t42_394 cancelled for reason: already forgotten.  |  114 ok / 651 failed, 215 min elapsed, eta 12.5 h
[766/3434] t14_574: FutureCancelledError: tile-t14_574 cancelled for reason: already forgotten.  |  114 ok / 652 failed, 215 min elapsed, eta 12.5 h
[767/3434] t33_598: FutureCancelledError: tile-t33_598 cancelled for reason: already forgotten.  |  114 ok / 653 failed, 215 min elapsed, eta 12.4 h
[768/3434] t25_619: FutureCancelledError: tile-t25_619 cancelled for reason: already forgotten.  |  114 ok / 654 failed, 215 min elapsed, eta 12.4 h
[769/3434] t24_516: FutureCancelledError: tile-t24_516 cancelled for reason: already forgotten.  |  114 ok / 655 failed, 215 min elapsed, eta 12.4 h
[770/3434] t18_556: FutureCancelledError: tile-t18_556 cancelled for reason: already forgotten.  |  114 ok / 656 failed, 215 min elapsed, eta 12.4 h
[771/3434] t13_584: FutureCancelledError: tile-t13_584 cancelled for reason: already forgotten.  |  114 ok / 657 failed, 215 min elapsed, eta 12.4 h
[772/3434] t36_609: FutureCancelledError: tile-t36_609 cancelled for reason: already forgotten.  |  114 ok / 658 failed, 215 min elapsed, eta 12.3 h
[773/3434] t19_532: FutureCancelledError: tile-t19_532 cancelled for reason: already forgotten.  |  114 ok / 659 failed, 215 min elapsed, eta 12.3 h
[774/3434] t32_405: FutureCancelledError: tile-t32_405 cancelled for reason: already forgotten.  |  114 ok / 660 failed, 215 min elapsed, eta 12.3 h
[775/3434] t31_642: FutureCancelledError: tile-t31_642 cancelled for reason: already forgotten.  |  114 ok / 661 failed, 215 min elapsed, eta 12.3 h
[776/3434] t21_562: FutureCancelledError: tile-t21_562 cancelled for reason: already forgotten.  |  114 ok / 662 failed, 215 min elapsed, eta 12.3 h
[777/3434] t10_505: FutureCancelledError: tile-t10_505 cancelled for reason: already forgotten.  |  114 ok / 663 failed, 215 min elapsed, eta 12.2 h
[778/3434] t26_436: FutureCancelledError: tile-t26_436 cancelled for reason: already forgotten.  |  114 ok / 664 failed, 215 min elapsed, eta 12.2 h
[779/3434] t33_663: FutureCancelledError: tile-t33_663 cancelled for reason: already forgotten.  |  114 ok / 665 failed, 215 min elapsed, eta 12.2 h
[780/3434] t27_626: FutureCancelledError: tile-t27_626 cancelled for reason: already forgotten.  |  114 ok / 666 failed, 215 min elapsed, eta 12.2 h
[781/3434] t7_499: FutureCancelledError: tile-t7_499 cancelled for reason: already forgotten.  |  114 ok / 667 failed, 215 min elapsed, eta 12.2 h
[782/3434] t24_513: FutureCancelledError: tile-t24_513 cancelled for reason: already forgotten.  |  114 ok / 668 failed, 215 min elapsed, eta 12.1 h
[783/3434] t24_429: FutureCancelledError: tile-t24_429 cancelled for reason: already forgotten.  |  114 ok / 669 failed, 215 min elapsed, eta 12.1 h
[784/3434] t20_610: FutureCancelledError: tile-t20_610 cancelled for reason: already forgotten.  |  114 ok / 670 failed, 215 min elapsed, eta 12.1 h
[785/3434] t6_466: FutureCancelledError: tile-t6_466 cancelled for reason: already forgotten.  |  114 ok / 671 failed, 215 min elapsed, eta 12.1 h
[786/3434] t58_391: FutureCancelledError: tile-t58_391 cancelled for reason: already forgotten.  |  114 ok / 672 failed, 215 min elapsed, eta 12.1 h
[787/3434] t23_499: FutureCancelledError: tile-t23_499 cancelled for reason: already forgotten.  |  114 ok / 673 failed, 215 min elapsed, eta 12.0 h
[788/3434] t36_395: FutureCancelledError: tile-t36_395 cancelled for reason: already forgotten.  |  114 ok / 674 failed, 215 min elapsed, eta 12.0 h
[789/3434] t18_431: FutureCancelledError: tile-t18_431 cancelled for reason: already forgotten.  |  114 ok / 675 failed, 215 min elapsed, eta 12.0 h
[790/3434] t16_547: FutureCancelledError: tile-t16_547 cancelled for reason: already forgotten.  |  114 ok / 676 failed, 215 min elapsed, eta 12.0 h
[791/3434] t16_415: FutureCancelledError: tile-t16_415 cancelled for reason: already forgotten.  |  114 ok / 677 failed, 215 min elapsed, eta 12.0 h
[792/3434] t15_460: FutureCancelledError: tile-t15_460 cancelled for reason: already forgotten.  |  114 ok / 678 failed, 215 min elapsed, eta 11.9 h
[793/3434] t27_581: FutureCancelledError: tile-t27_581 cancelled for reason: already forgotten.  |  114 ok / 679 failed, 215 min elapsed, eta 11.9 h
[794/3434] t21_539: FutureCancelledError: tile-t21_539 cancelled for reason: already forgotten.  |  114 ok / 680 failed, 215 min elapsed, eta 11.9 h
[795/3434] t18_525: FutureCancelledError: tile-t18_525 cancelled for reason: already forgotten.  |  114 ok / 681 failed, 215 min elapsed, eta 11.9 h
[796/3434] t11_430: FutureCancelledError: tile-t11_430 cancelled for reason: already forgotten.  |  114 ok / 682 failed, 215 min elapsed, eta 11.9 h
[797/3434] t27_598: FutureCancelledError: tile-t27_598 cancelled for reason: already forgotten.  |  114 ok / 683 failed, 215 min elapsed, eta 11.8 h
[798/3434] t29_402: FutureCancelledError: tile-t29_402 cancelled for reason: already forgotten.  |  114 ok / 684 failed, 215 min elapsed, eta 11.8 h
[799/3434] t6_484: FutureCancelledError: tile-t6_484 cancelled for reason: already forgotten.  |  114 ok / 685 failed, 215 min elapsed, eta 11.8 h
[800/3434] t15_551: FutureCancelledError: tile-t15_551 cancelled for reason: already forgotten.  |  114 ok / 686 failed, 215 min elapsed, eta 11.8 h
[801/3434] t13_474: FutureCancelledError: tile-t13_474 cancelled for reason: already forgotten.  |  114 ok / 687 failed, 215 min elapsed, eta 11.8 h
[802/3434] t24_533: FutureCancelledError: tile-t24_533 cancelled for reason: already forgotten.  |  114 ok / 688 failed, 215 min elapsed, eta 11.8 h
[803/3434] t16_569: FutureCancelledError: tile-t16_569 cancelled for reason: already forgotten.  |  114 ok / 689 failed, 215 min elapsed, eta 11.7 h
[804/3434] t17_570: FutureCancelledError: tile-t17_570 cancelled for reason: already forgotten.  |  114 ok / 690 failed, 215 min elapsed, eta 11.7 h
[805/3434] t24_630: FutureCancelledError: tile-t24_630 cancelled for reason: already forgotten.  |  114 ok / 691 failed, 215 min elapsed, eta 11.7 h
[806/3434] t28_593: FutureCancelledError: tile-t28_593 cancelled for reason: already forgotten.  |  114 ok / 692 failed, 215 min elapsed, eta 11.7 h
[807/3434] t44_408: FutureCancelledError: tile-t44_408 cancelled for reason: already forgotten.  |  114 ok / 693 failed, 215 min elapsed, eta 11.7 h
[808/3434] t20_513: FutureCancelledError: tile-t20_513 cancelled for reason: already forgotten.  |  114 ok / 694 failed, 215 min elapsed, eta 11.6 h
[809/3434] t12_428: FutureCancelledError: tile-t12_428 cancelled for reason: already forgotten.  |  114 ok / 695 failed, 215 min elapsed, eta 11.6 h
[810/3434] t50_389: FutureCancelledError: tile-t50_389 cancelled for reason: already forgotten.  |  114 ok / 696 failed, 215 min elapsed, eta 11.6 h
[811/3434] t15_538: FutureCancelledError: tile-t15_538 cancelled for reason: already forgotten.  |  114 ok / 697 failed, 215 min elapsed, eta 11.6 h
[812/3434] t21_588: FutureCancelledError: tile-t21_588 cancelled for reason: already forgotten.  |  114 ok / 698 failed, 215 min elapsed, eta 11.6 h
[813/3434] t21_410: FutureCancelledError: tile-t21_410 cancelled for reason: already forgotten.  |  114 ok / 699 failed, 215 min elapsed, eta 11.5 h
[814/3434] t18_460: FutureCancelledError: tile-t18_460 cancelled for reason: already forgotten.  |  114 ok / 700 failed, 215 min elapsed, eta 11.5 h
[815/3434] t21_492: FutureCancelledError: tile-t21_492 cancelled for reason: already forgotten.  |  114 ok / 701 failed, 215 min elapsed, eta 11.5 h
[816/3434] t9_489: FutureCancelledError: tile-t9_489 cancelled for reason: already forgotten.  |  114 ok / 702 failed, 215 min elapsed, eta 11.5 h
[817/3434] t32_667: FutureCancelledError: tile-t32_667 cancelled for reason: already forgotten.  |  114 ok / 703 failed, 215 min elapsed, eta 11.5 h
[818/3434] t30_646: FutureCancelledError: tile-t30_646 cancelled for reason: already forgotten.  |  114 ok / 704 failed, 215 min elapsed, eta 11.5 h
[819/3434] t16_429: FutureCancelledError: tile-t16_429 cancelled for reason: already forgotten.  |  114 ok / 705 failed, 215 min elapsed, eta 11.4 h
[820/3434] t14_492: FutureCancelledError: tile-t14_492 cancelled for reason: already forgotten.  |  114 ok / 706 failed, 215 min elapsed, eta 11.4 h
[821/3434] t18_417: FutureCancelledError: tile-t18_417 cancelled for reason: already forgotten.  |  114 ok / 707 failed, 215 min elapsed, eta 11.4 h
[822/3434] t13_451: FutureCancelledError: tile-t13_451 cancelled for reason: already forgotten.  |  114 ok / 708 failed, 215 min elapsed, eta 11.4 h
[823/3434] t28_481: FutureCancelledError: tile-t28_481 cancelled for reason: already forgotten.  |  114 ok / 709 failed, 215 min elapsed, eta 11.4 h
[824/3434] t9_556: FutureCancelledError: tile-t9_556 cancelled for reason: already forgotten.  |  114 ok / 710 failed, 215 min elapsed, eta 11.3 h
[825/3434] t17_568: FutureCancelledError: tile-t17_568 cancelled for reason: already forgotten.  |  114 ok / 711 failed, 215 min elapsed, eta 11.3 h
[826/3434] t15_410: FutureCancelledError: tile-t15_410 cancelled for reason: already forgotten.  |  114 ok / 712 failed, 215 min elapsed, eta 11.3 h
[827/3434] t27_408: FutureCancelledError: tile-t27_408 cancelled for reason: already forgotten.  |  114 ok / 713 failed, 215 min elapsed, eta 11.3 h
[828/3434] t31_571: FutureCancelledError: tile-t31_571 cancelled for reason: already forgotten.  |  114 ok / 714 failed, 215 min elapsed, eta 11.3 h
[829/3434] t23_584: FutureCancelledError: tile-t23_584 cancelled for reason: already forgotten.  |  114 ok / 715 failed, 215 min elapsed, eta 11.3 h
[830/3434] t44_392: FutureCancelledError: tile-t44_392 cancelled for reason: already forgotten.  |  114 ok / 716 failed, 215 min elapsed, eta 11.2 h
[831/3434] t31_403: FutureCancelledError: tile-t31_403 cancelled for reason: already forgotten.  |  114 ok / 717 failed, 215 min elapsed, eta 11.2 h
[832/3434] t12_461: FutureCancelledError: tile-t12_461 cancelled for reason: already forgotten.  |  114 ok / 718 failed, 215 min elapsed, eta 11.2 h
[833/3434] t28_517: FutureCancelledError: tile-t28_517 cancelled for reason: already forgotten.  |  114 ok / 719 failed, 215 min elapsed, eta 11.2 h
[834/3434] t17_501: FutureCancelledError: tile-t17_501 cancelled for reason: already forgotten.  |  114 ok / 720 failed, 215 min elapsed, eta 11.2 h
[835/3434] t11_523: FutureCancelledError: tile-t11_523 cancelled for reason: already forgotten.  |  114 ok / 721 failed, 215 min elapsed, eta 11.1 h
[836/3434] t26_603: FutureCancelledError: tile-t26_603 cancelled for reason: already forgotten.  |  114 ok / 722 failed, 215 min elapsed, eta 11.1 h
[837/3434] t10_532: FutureCancelledError: tile-t10_532 cancelled for reason: already forgotten.  |  114 ok / 723 failed, 215 min elapsed, eta 11.1 h
[838/3434] t26_412: FutureCancelledError: tile-t26_412 cancelled for reason: already forgotten.  |  114 ok / 724 failed, 215 min elapsed, eta 11.1 h
[839/3434] t10_469: FutureCancelledError: tile-t10_469 cancelled for reason: already forgotten.  |  114 ok / 725 failed, 215 min elapsed, eta 11.1 h
[840/3434] t19_575: FutureCancelledError: tile-t19_575 cancelled for reason: already forgotten.  |  114 ok / 726 failed, 215 min elapsed, eta 11.1 h
[841/3434] t36_605: FutureCancelledError: tile-t36_605 cancelled for reason: already forgotten.  |  114 ok / 727 failed, 215 min elapsed, eta 11.0 h
[842/3434] t34_661: FutureCancelledError: tile-t34_661 cancelled for reason: already forgotten.  |  114 ok / 728 failed, 215 min elapsed, eta 11.0 h
[843/3434] t26_427: FutureCancelledError: tile-t26_427 cancelled for reason: already forgotten.  |  114 ok / 729 failed, 215 min elapsed, eta 11.0 h
[844/3434] t13_548: FutureCancelledError: tile-t13_548 cancelled for reason: already forgotten.  |  114 ok / 730 failed, 215 min elapsed, eta 11.0 h
[845/3434] t34_664: FutureCancelledError: tile-t34_664 cancelled for reason: already forgotten.  |  114 ok / 731 failed, 215 min elapsed, eta 11.0 h
[846/3434] t49_422: FutureCancelledError: tile-t49_422 cancelled for reason: already forgotten.  |  114 ok / 732 failed, 215 min elapsed, eta 11.0 h
[847/3434] t34_639: FutureCancelledError: tile-t34_639 cancelled for reason: already forgotten.  |  114 ok / 733 failed, 215 min elapsed, eta 10.9 h
[848/3434] t21_430: FutureCancelledError: tile-t21_430 cancelled for reason: already forgotten.  |  114 ok / 734 failed, 215 min elapsed, eta 10.9 h
[849/3434] t31_401: FutureCancelledError: tile-t31_401 cancelled for reason: already forgotten.  |  114 ok / 735 failed, 215 min elapsed, eta 10.9 h
[850/3434] t21_583: FutureCancelledError: tile-t21_583 cancelled for reason: already forgotten.  |  114 ok / 736 failed, 215 min elapsed, eta 10.9 h
[851/3434] t17_542: FutureCancelledError: tile-t17_542 cancelled for reason: already forgotten.  |  114 ok / 737 failed, 215 min elapsed, eta 10.9 h
[852/3434] t13_455: FutureCancelledError: tile-t13_455 cancelled for reason: already forgotten.  |  114 ok / 738 failed, 215 min elapsed, eta 10.9 h
[853/3434] t28_415: FutureCancelledError: tile-t28_415 cancelled for reason: already forgotten.  |  114 ok / 739 failed, 215 min elapsed, eta 10.8 h
[854/3434] t20_593: FutureCancelledError: tile-t20_593 cancelled for reason: already forgotten.  |  114 ok / 740 failed, 215 min elapsed, eta 10.8 h
[855/3434] t24_477: FutureCancelledError: tile-t24_477 cancelled for reason: already forgotten.  |  114 ok / 741 failed, 215 min elapsed, eta 10.8 h
[856/3434] t25_438: FutureCancelledError: tile-t25_438 cancelled for reason: already forgotten.  |  114 ok / 742 failed, 215 min elapsed, eta 10.8 h
[857/3434] t19_540: FutureCancelledError: tile-t19_540 cancelled for reason: already forgotten.  |  114 ok / 743 failed, 215 min elapsed, eta 10.8 h
[858/3434] t22_603: FutureCancelledError: tile-t22_603 cancelled for reason: already forgotten.  |  114 ok / 744 failed, 215 min elapsed, eta 10.8 h
[859/3434] t20_558: FutureCancelledError: tile-t20_558 cancelled for reason: already forgotten.  |  114 ok / 745 failed, 215 min elapsed, eta 10.7 h
[860/3434] t19_433: FutureCancelledError: tile-t19_433 cancelled for reason: already forgotten.  |  114 ok / 746 failed, 215 min elapsed, eta 10.7 h
[861/3434] t2_483: FutureCancelledError: tile-t2_483 cancelled for reason: already forgotten.  |  114 ok / 747 failed, 215 min elapsed, eta 10.7 h
[862/3434] t19_458: FutureCancelledError: tile-t19_458 cancelled for reason: already forgotten.  |  114 ok / 748 failed, 215 min elapsed, eta 10.7 h
[863/3434] t29_641: FutureCancelledError: tile-t29_641 cancelled for reason: already forgotten.  |  114 ok / 749 failed, 215 min elapsed, eta 10.7 h
[864/3434] t46_404: FutureCancelledError: tile-t46_404 cancelled for reason: already forgotten.  |  114 ok / 750 failed, 215 min elapsed, eta 10.7 h
[865/3434] t23_528: FutureCancelledError: tile-t23_528 cancelled for reason: already forgotten.  |  114 ok / 751 failed, 215 min elapsed, eta 10.6 h
[866/3434] t10_557: FutureCancelledError: tile-t10_557 cancelled for reason: already forgotten.  |  114 ok / 752 failed, 215 min elapsed, eta 10.6 h
[867/3434] t8_519: FutureCancelledError: tile-t8_519 cancelled for reason: already forgotten.  |  114 ok / 753 failed, 215 min elapsed, eta 10.6 h
[868/3434] t11_581: FutureCancelledError: tile-t11_581 cancelled for reason: already forgotten.  |  114 ok / 754 failed, 215 min elapsed, eta 10.6 h
[869/3434] t23_623: FutureCancelledError: tile-t23_623 cancelled for reason: already forgotten.  |  114 ok / 755 failed, 215 min elapsed, eta 10.6 h
[870/3434] t45_422: FutureCancelledError: tile-t45_422 cancelled for reason: already forgotten.  |  114 ok / 756 failed, 215 min elapsed, eta 10.6 h
[871/3434] t14_450: FutureCancelledError: tile-t14_450 cancelled for reason: already forgotten.  |  114 ok / 757 failed, 215 min elapsed, eta 10.5 h
[872/3434] t29_608: FutureCancelledError: tile-t29_608 cancelled for reason: already forgotten.  |  114 ok / 758 failed, 215 min elapsed, eta 10.5 h
[873/3434] t31_418: FutureCancelledError: tile-t31_418 cancelled for reason: already forgotten.  |  114 ok / 759 failed, 215 min elapsed, eta 10.5 h
[874/3434] t20_426: FutureCancelledError: tile-t20_426 cancelled for reason: already forgotten.  |  114 ok / 760 failed, 215 min elapsed, eta 10.5 h
[875/3434] t13_465: FutureCancelledError: tile-t13_465 cancelled for reason: already forgotten.  |  114 ok / 761 failed, 215 min elapsed, eta 10.5 h
[876/3434] t12_443: FutureCancelledError: tile-t12_443 cancelled for reason: already forgotten.  |  114 ok / 762 failed, 215 min elapsed, eta 10.5 h
[877/3434] t23_430: FutureCancelledError: tile-t23_430 cancelled for reason: already forgotten.  |  114 ok / 763 failed, 215 min elapsed, eta 10.4 h
[878/3434] t21_477: FutureCancelledError: tile-t21_477 cancelled for reason: already forgotten.  |  114 ok / 764 failed, 215 min elapsed, eta 10.4 h
[879/3434] t9_426: FutureCancelledError: tile-t9_426 cancelled for reason: already forgotten.  |  114 ok / 765 failed, 215 min elapsed, eta 10.4 h
[880/3434] t25_423: FutureCancelledError: tile-t25_423 cancelled for reason: already forgotten.  |  114 ok / 766 failed, 215 min elapsed, eta 10.4 h
[881/3434] t22_602: FutureCancelledError: tile-t22_602 cancelled for reason: already forgotten.  |  114 ok / 767 failed, 215 min elapsed, eta 10.4 h
[882/3434] t22_512: FutureCancelledError: tile-t22_512 cancelled for reason: already forgotten.  |  114 ok / 768 failed, 215 min elapsed, eta 10.4 h
[883/3434] t25_595: FutureCancelledError: tile-t25_595 cancelled for reason: already forgotten.  |  114 ok / 769 failed, 215 min elapsed, eta 10.3 h
[884/3434] t32_597: FutureCancelledError: tile-t32_597 cancelled for reason: already forgotten.  |  114 ok / 770 failed, 215 min elapsed, eta 10.3 h
[885/3434] t36_606: FutureCancelledError: tile-t36_606 cancelled for reason: already forgotten.  |  114 ok / 771 failed, 215 min elapsed, eta 10.3 h
[886/3434] t31_589: FutureCancelledError: tile-t31_589 cancelled for reason: already forgotten.  |  114 ok / 772 failed, 215 min elapsed, eta 10.3 h
[887/3434] t22_497: FutureCancelledError: tile-t22_497 cancelled for reason: already forgotten.  |  114 ok / 773 failed, 215 min elapsed, eta 10.3 h
[888/3434] t7_494: FutureCancelledError: tile-t7_494 cancelled for reason: already forgotten.  |  114 ok / 774 failed, 215 min elapsed, eta 10.3 h
[889/3434] t18_597: FutureCancelledError: tile-t18_597 cancelled for reason: already forgotten.  |  114 ok / 775 failed, 215 min elapsed, eta 10.3 h
[890/3434] t18_600: FutureCancelledError: tile-t18_600 cancelled for reason: already forgotten.  |  114 ok / 776 failed, 215 min elapsed, eta 10.2 h
[891/3434] t33_628: FutureCancelledError: tile-t33_628 cancelled for reason: already forgotten.  |  114 ok / 777 failed, 215 min elapsed, eta 10.2 h
[892/3434] t23_533: FutureCancelledError: tile-t23_533 cancelled for reason: already forgotten.  |  114 ok / 778 failed, 215 min elapsed, eta 10.2 h
[893/3434] t40_667: FutureCancelledError: tile-t40_667 cancelled for reason: already forgotten.  |  114 ok / 779 failed, 215 min elapsed, eta 10.2 h
[894/3434] t41_629: FutureCancelledError: tile-t41_629 cancelled for reason: already forgotten.  |  114 ok / 780 failed, 215 min elapsed, eta 10.2 h
[895/3434] t22_597: FutureCancelledError: tile-t22_597 cancelled for reason: already forgotten.  |  114 ok / 781 failed, 215 min elapsed, eta 10.2 h
[896/3434] t29_653: FutureCancelledError: tile-t29_653 cancelled for reason: already forgotten.  |  114 ok / 782 failed, 215 min elapsed, eta 10.1 h
[897/3434] t15_500: FutureCancelledError: tile-t15_500 cancelled for reason: already forgotten.  |  114 ok / 783 failed, 215 min elapsed, eta 10.1 h
[898/3434] t24_462: FutureCancelledError: tile-t24_462 cancelled for reason: already forgotten.  |  114 ok / 784 failed, 215 min elapsed, eta 10.1 h
[899/3434] t15_601: FutureCancelledError: tile-t15_601 cancelled for reason: already forgotten.  |  114 ok / 785 failed, 215 min elapsed, eta 10.1 h
[900/3434] t27_412: FutureCancelledError: tile-t27_412 cancelled for reason: already forgotten.  |  114 ok / 786 failed, 215 min elapsed, eta 10.1 h
[901/3434] t15_541: FutureCancelledError: tile-t15_541 cancelled for reason: already forgotten.  |  114 ok / 787 failed, 215 min elapsed, eta 10.1 h
[902/3434] t13_579: FutureCancelledError: tile-t13_579 cancelled for reason: already forgotten.  |  114 ok / 788 failed, 215 min elapsed, eta 10.1 h
[903/3434] t18_406: FutureCancelledError: tile-t18_406 cancelled for reason: already forgotten.  |  114 ok / 789 failed, 215 min elapsed, eta 10.0 h
[904/3434] t11_464: FutureCancelledError: tile-t11_464 cancelled for reason: already forgotten.  |  114 ok / 790 failed, 215 min elapsed, eta 10.0 h
[905/3434] t37_624: FutureCancelledError: tile-t37_624 cancelled for reason: already forgotten.  |  114 ok / 791 failed, 215 min elapsed, eta 10.0 h
[906/3434] t53_389: FutureCancelledError: tile-t53_389 cancelled for reason: already forgotten.  |  114 ok / 792 failed, 215 min elapsed, eta 10.0 h
[907/3434] t15_443: FutureCancelledError: tile-t15_443 cancelled for reason: already forgotten.  |  114 ok / 793 failed, 215 min elapsed, eta 10.0 h
[908/3434] t10_438: FutureCancelledError: tile-t10_438 cancelled for reason: already forgotten.  |  114 ok / 794 failed, 215 min elapsed, eta 10.0 h
[909/3434] t8_423: FutureCancelledError: tile-t8_423 cancelled for reason: already forgotten.  |  114 ok / 795 failed, 215 min elapsed, eta 9.9 h
[910/3434] t30_611: FutureCancelledError: tile-t30_611 cancelled for reason: already forgotten.  |  114 ok / 796 failed, 215 min elapsed, eta 9.9 h
[911/3434] t11_498: FutureCancelledError: tile-t11_498 cancelled for reason: already forgotten.  |  114 ok / 797 failed, 215 min elapsed, eta 9.9 h
[912/3434] t8_544: FutureCancelledError: tile-t8_544 cancelled for reason: already forgotten.  |  114 ok / 798 failed, 215 min elapsed, eta 9.9 h
[913/3434] t20_425: FutureCancelledError: tile-t20_425 cancelled for reason: already forgotten.  |  114 ok / 799 failed, 215 min elapsed, eta 9.9 h
[914/3434] t28_424: FutureCancelledError: tile-t28_424 cancelled for reason: already forgotten.  |  114 ok / 800 failed, 215 min elapsed, eta 9.9 h
[915/3434] t21_579: FutureCancelledError: tile-t21_579 cancelled for reason: already forgotten.  |  114 ok / 801 failed, 215 min elapsed, eta 9.9 h
[916/3434] t51_406: FutureCancelledError: tile-t51_406 cancelled for reason: already forgotten.  |  114 ok / 802 failed, 215 min elapsed, eta 9.8 h
[917/3434] t18_502: FutureCancelledError: tile-t18_502 cancelled for reason: already forgotten.  |  114 ok / 803 failed, 215 min elapsed, eta 9.8 h
[918/3434] t35_642: FutureCancelledError: tile-t35_642 cancelled for reason: already forgotten.  |  114 ok / 804 failed, 215 min elapsed, eta 9.8 h
[919/3434] t21_563: FutureCancelledError: tile-t21_563 cancelled for reason: already forgotten.  |  114 ok / 805 failed, 215 min elapsed, eta 9.8 h
[920/3434] t24_607: FutureCancelledError: tile-t24_607 cancelled for reason: already forgotten.  |  114 ok / 806 failed, 215 min elapsed, eta 9.8 h
[921/3434] t52_391: FutureCancelledError: tile-t52_391 cancelled for reason: already forgotten.  |  114 ok / 807 failed, 215 min elapsed, eta 9.8 h
[922/3434] t40_622: FutureCancelledError: tile-t40_622 cancelled for reason: already forgotten.  |  114 ok / 808 failed, 215 min elapsed, eta 9.8 h
[923/3434] t12_433: FutureCancelledError: tile-t12_433 cancelled for reason: already forgotten.  |  114 ok / 809 failed, 215 min elapsed, eta 9.7 h
[924/3434] t8_481: FutureCancelledError: tile-t8_481 cancelled for reason: already forgotten.  |  114 ok / 810 failed, 215 min elapsed, eta 9.7 h
[925/3434] t51_392: FutureCancelledError: tile-t51_392 cancelled for reason: already forgotten.  |  114 ok / 811 failed, 215 min elapsed, eta 9.7 h
[926/3434] t22_554: FutureCancelledError: tile-t22_554 cancelled for reason: already forgotten.  |  114 ok / 812 failed, 215 min elapsed, eta 9.7 h
[927/3434] t19_573: FutureCancelledError: tile-t19_573 cancelled for reason: already forgotten.  |  114 ok / 813 failed, 215 min elapsed, eta 9.7 h
[928/3434] t24_534: FutureCancelledError: tile-t24_534 cancelled for reason: already forgotten.  |  114 ok / 814 failed, 215 min elapsed, eta 9.7 h
[929/3434] t17_414: FutureCancelledError: tile-t17_414 cancelled for reason: already forgotten.  |  114 ok / 815 failed, 215 min elapsed, eta 9.7 h
[930/3434] t10_433: FutureCancelledError: tile-t10_433 cancelled for reason: already forgotten.  |  114 ok / 816 failed, 215 min elapsed, eta 9.6 h
[931/3434] t37_659: FutureCancelledError: tile-t37_659 cancelled for reason: already forgotten.  |  114 ok / 817 failed, 215 min elapsed, eta 9.6 h
[932/3434] t30_413: FutureCancelledError: tile-t30_413 cancelled for reason: already forgotten.  |  114 ok / 818 failed, 215 min elapsed, eta 9.6 h
[933/3434] t25_478: FutureCancelledError: tile-t25_478 cancelled for reason: already forgotten.  |  114 ok / 819 failed, 215 min elapsed, eta 9.6 h
[934/3434] t28_620: FutureCancelledError: tile-t28_620 cancelled for reason: already forgotten.  |  114 ok / 820 failed, 215 min elapsed, eta 9.6 h
[935/3434] t12_453: FutureCancelledError: tile-t12_453 cancelled for reason: already forgotten.  |  114 ok / 821 failed, 215 min elapsed, eta 9.6 h
[936/3434] t10_533: FutureCancelledError: tile-t10_533 cancelled for reason: already forgotten.  |  114 ok / 822 failed, 215 min elapsed, eta 9.6 h
[937/3434] t14_559: FutureCancelledError: tile-t14_559 cancelled for reason: already forgotten.  |  114 ok / 823 failed, 215 min elapsed, eta 9.5 h
[938/3434] t21_472: FutureCancelledError: tile-t21_472 cancelled for reason: already forgotten.  |  114 ok / 824 failed, 215 min elapsed, eta 9.5 h
[939/3434] t34_646: FutureCancelledError: tile-t34_646 cancelled for reason: already forgotten.  |  114 ok / 825 failed, 215 min elapsed, eta 9.5 h
[940/3434] t22_479: FutureCancelledError: tile-t22_479 cancelled for reason: already forgotten.  |  114 ok / 826 failed, 215 min elapsed, eta 9.5 h
[941/3434] t14_505: FutureCancelledError: tile-t14_505 cancelled for reason: already forgotten.  |  114 ok / 827 failed, 215 min elapsed, eta 9.5 h
[942/3434] t12_487: FutureCancelledError: tile-t12_487 cancelled for reason: already forgotten.  |  114 ok / 828 failed, 215 min elapsed, eta 9.5 h
[943/3434] t32_396: FutureCancelledError: tile-t32_396 cancelled for reason: already forgotten.  |  114 ok / 829 failed, 215 min elapsed, eta 9.5 h
[944/3434] t27_648: FutureCancelledError: tile-t27_648 cancelled for reason: already forgotten.  |  114 ok / 830 failed, 215 min elapsed, eta 9.4 h
[945/3434] t25_614: FutureCancelledError: tile-t25_614 cancelled for reason: already forgotten.  |  114 ok / 831 failed, 215 min elapsed, eta 9.4 h
[946/3434] t26_643: FutureCancelledError: tile-t26_643 cancelled for reason: already forgotten.  |  114 ok / 832 failed, 215 min elapsed, eta 9.4 h
[947/3434] t11_571: FutureCancelledError: tile-t11_571 cancelled for reason: already forgotten.  |  114 ok / 833 failed, 215 min elapsed, eta 9.4 h
[948/3434] t8_533: FutureCancelledError: tile-t8_533 cancelled for reason: already forgotten.  |  114 ok / 834 failed, 215 min elapsed, eta 9.4 h
[949/3434] t16_469: FutureCancelledError: tile-t16_469 cancelled for reason: already forgotten.  |  114 ok / 835 failed, 215 min elapsed, eta 9.4 h
[950/3434] t26_516: FutureCancelledError: tile-t26_516 cancelled for reason: already forgotten.  |  114 ok / 836 failed, 215 min elapsed, eta 9.4 h
[951/3434] t9_480: FutureCancelledError: tile-t9_480 cancelled for reason: already forgotten.  |  114 ok / 837 failed, 215 min elapsed, eta 9.4 h
[952/3434] t25_439: FutureCancelledError: tile-t25_439 cancelled for reason: already forgotten.  |  114 ok / 838 failed, 215 min elapsed, eta 9.3 h
[953/3434] t12_576: FutureCancelledError: tile-t12_576 cancelled for reason: already forgotten.  |  114 ok / 839 failed, 215 min elapsed, eta 9.3 h
[954/3434] t8_448: FutureCancelledError: tile-t8_448 cancelled for reason: already forgotten.  |  114 ok / 840 failed, 215 min elapsed, eta 9.3 h
[955/3434] t36_409: FutureCancelledError: tile-t36_409 cancelled for reason: already forgotten.  |  114 ok / 841 failed, 215 min elapsed, eta 9.3 h
[956/3434] t15_529: FutureCancelledError: tile-t15_529 cancelled for reason: already forgotten.  |  114 ok / 842 failed, 215 min elapsed, eta 9.3 h
[957/3434] t12_476: FutureCancelledError: tile-t12_476 cancelled for reason: already forgotten.  |  114 ok / 843 failed, 215 min elapsed, eta 9.3 h
[958/3434] t13_500: FutureCancelledError: tile-t13_500 cancelled for reason: already forgotten.  |  114 ok / 844 failed, 215 min elapsed, eta 9.3 h
[959/3434] t18_471: FutureCancelledError: tile-t18_471 cancelled for reason: already forgotten.  |  114 ok / 845 failed, 215 min elapsed, eta 9.2 h
[960/3434] t14_543: FutureCancelledError: tile-t14_543 cancelled for reason: already forgotten.  |  114 ok / 846 failed, 215 min elapsed, eta 9.2 h
[961/3434] t9_454: FutureCancelledError: tile-t9_454 cancelled for reason: already forgotten.  |  114 ok / 847 failed, 215 min elapsed, eta 9.2 h
[962/3434] t8_518: FutureCancelledError: tile-t8_518 cancelled for reason: already forgotten.  |  114 ok / 848 failed, 215 min elapsed, eta 9.2 h
[963/3434] t16_434: FutureCancelledError: tile-t16_434 cancelled for reason: already forgotten.  |  114 ok / 849 failed, 215 min elapsed, eta 9.2 h
[964/3434] t15_461: FutureCancelledError: tile-t15_461 cancelled for reason: already forgotten.  |  114 ok / 850 failed, 215 min elapsed, eta 9.2 h
[965/3434] t13_558: FutureCancelledError: tile-t13_558 cancelled for reason: already forgotten.  |  114 ok / 851 failed, 215 min elapsed, eta 9.2 h
[966/3434] t23_399: FutureCancelledError: tile-t23_399 cancelled for reason: already forgotten.  |  114 ok / 852 failed, 215 min elapsed, eta 9.1 h
[967/3434] t18_476: FutureCancelledError: tile-t18_476 cancelled for reason: already forgotten.  |  114 ok / 853 failed, 215 min elapsed, eta 9.1 h
[968/3434] t23_535: FutureCancelledError: tile-t23_535 cancelled for reason: already forgotten.  |  114 ok / 854 failed, 215 min elapsed, eta 9.1 h
[969/3434] t20_498: FutureCancelledError: tile-t20_498 cancelled for reason: already forgotten.  |  114 ok / 855 failed, 215 min elapsed, eta 9.1 h
[970/3434] t25_417: FutureCancelledError: tile-t25_417 cancelled for reason: already forgotten.  |  114 ok / 856 failed, 215 min elapsed, eta 9.1 h
[971/3434] t44_415: FutureCancelledError: tile-t44_415 cancelled for reason: already forgotten.  |  114 ok / 857 failed, 215 min elapsed, eta 9.1 h
[972/3434] t24_539: FutureCancelledError: tile-t24_539 cancelled for reason: already forgotten.  |  114 ok / 858 failed, 215 min elapsed, eta 9.1 h
[973/3434] t25_509: FutureCancelledError: tile-t25_509 cancelled for reason: already forgotten.  |  114 ok / 859 failed, 215 min elapsed, eta 9.1 h
[974/3434] t19_430: FutureCancelledError: tile-t19_430 cancelled for reason: already forgotten.  |  114 ok / 860 failed, 215 min elapsed, eta 9.0 h
[975/3434] t17_558: FutureCancelledError: tile-t17_558 cancelled for reason: already forgotten.  |  114 ok / 861 failed, 215 min elapsed, eta 9.0 h
[976/3434] t24_549: FutureCancelledError: tile-t24_549 cancelled for reason: already forgotten.  |  114 ok / 862 failed, 215 min elapsed, eta 9.0 h
[977/3434] t30_616: FutureCancelledError: tile-t30_616 cancelled for reason: already forgotten.  |  114 ok / 863 failed, 215 min elapsed, eta 9.0 h
[978/3434] t18_581: FutureCancelledError: tile-t18_581 cancelled for reason: already forgotten.  |  114 ok / 864 failed, 215 min elapsed, eta 9.0 h
[979/3434] t8_499: FutureCancelledError: tile-t8_499 cancelled for reason: already forgotten.  |  114 ok / 865 failed, 215 min elapsed, eta 9.0 h
[980/3434] t40_628: FutureCancelledError: tile-t40_628 cancelled for reason: already forgotten.  |  114 ok / 866 failed, 215 min elapsed, eta 9.0 h
[981/3434] t29_622: FutureCancelledError: tile-t29_622 cancelled for reason: already forgotten.  |  114 ok / 867 failed, 215 min elapsed, eta 9.0 h
[982/3434] t45_418: FutureCancelledError: tile-t45_418 cancelled for reason: already forgotten.  |  114 ok / 868 failed, 215 min elapsed, eta 8.9 h
[983/3434] t26_486: FutureCancelledError: tile-t26_486 cancelled for reason: already forgotten.  |  114 ok / 869 failed, 215 min elapsed, eta 8.9 h
[984/3434] t14_425: FutureCancelledError: tile-t14_425 cancelled for reason: already forgotten.  |  114 ok / 870 failed, 215 min elapsed, eta 8.9 h
[985/3434] t18_560: FutureCancelledError: tile-t18_560 cancelled for reason: already forgotten.  |  114 ok / 871 failed, 215 min elapsed, eta 8.9 h
[986/3434] t18_510: FutureCancelledError: tile-t18_510 cancelled for reason: already forgotten.  |  114 ok / 872 failed, 215 min elapsed, eta 8.9 h
[987/3434] t15_442: FutureCancelledError: tile-t15_442 cancelled for reason: already forgotten.  |  114 ok / 873 failed, 215 min elapsed, eta 8.9 h
[988/3434] t35_666: FutureCancelledError: tile-t35_666 cancelled for reason: already forgotten.  |  114 ok / 874 failed, 215 min elapsed, eta 8.9 h
[989/3434] t34_420: FutureCancelledError: tile-t34_420 cancelled for reason: already forgotten.  |  114 ok / 875 failed, 215 min elapsed, eta 8.9 h
[990/3434] t36_398: FutureCancelledError: tile-t36_398 cancelled for reason: already forgotten.  |  114 ok / 876 failed, 215 min elapsed, eta 8.8 h
[991/3434] t27_404: FutureCancelledError: tile-t27_404 cancelled for reason: already forgotten.  |  114 ok / 877 failed, 215 min elapsed, eta 8.8 h
[992/3434] t17_583: FutureCancelledError: tile-t17_583 cancelled for reason: already forgotten.  |  114 ok / 878 failed, 215 min elapsed, eta 8.8 h
[993/3434] t25_579: FutureCancelledError: tile-t25_579 cancelled for reason: already forgotten.  |  114 ok / 879 failed, 215 min elapsed, eta 8.8 h
[994/3434] t32_612: FutureCancelledError: tile-t32_612 cancelled for reason: already forgotten.  |  114 ok / 880 failed, 215 min elapsed, eta 8.8 h
[995/3434] t25_427: FutureCancelledError: tile-t25_427 cancelled for reason: already forgotten.  |  114 ok / 881 failed, 215 min elapsed, eta 8.8 h
[996/3434] t19_560: FutureCancelledError: tile-t19_560 cancelled for reason: already forgotten.  |  114 ok / 882 failed, 215 min elapsed, eta 8.8 h
[997/3434] t23_585: FutureCancelledError: tile-t23_585 cancelled for reason: already forgotten.  |  114 ok / 883 failed, 215 min elapsed, eta 8.8 h
[998/3434] t20_563: FutureCancelledError: tile-t20_563 cancelled for reason: already forgotten.  |  114 ok / 884 failed, 215 min elapsed, eta 8.7 h
[999/3434] t33_571: FutureCancelledError: tile-t33_571 cancelled for reason: already forgotten.  |  114 ok / 885 failed, 215 min elapsed, eta 8.7 h
[1000/3434] t27_521: FutureCancelledError: tile-t27_521 cancelled for reason: already forgotten.  |  114 ok / 886 failed, 215 min elapsed, eta 8.7 h
[1001/3434] t26_517: FutureCancelledError: tile-t26_517 cancelled for reason: already forgotten.  |  114 ok / 887 failed, 215 min elapsed, eta 8.7 h
[1002/3434] t13_544: FutureCancelledError: tile-t13_544 cancelled for reason: already forgotten.  |  114 ok / 888 failed, 215 min elapsed, eta 8.7 h
[1003/3434] t9_580: FutureCancelledError: tile-t9_580 cancelled for reason: already forgotten.  |  114 ok / 889 failed, 215 min elapsed, eta 8.7 h
[1004/3434] t41_417: FutureCancelledError: tile-t41_417 cancelled for reason: already forgotten.  |  114 ok / 890 failed, 215 min elapsed, eta 8.7 h
[1005/3434] t18_607: FutureCancelledError: tile-t18_607 cancelled for reason: already forgotten.  |  114 ok / 891 failed, 215 min elapsed, eta 8.7 h
[1006/3434] t17_553: FutureCancelledError: tile-t17_553 cancelled for reason: already forgotten.  |  114 ok / 892 failed, 215 min elapsed, eta 8.6 h
[1007/3434] t10_454: FutureCancelledError: tile-t10_454 cancelled for reason: already forgotten.  |  114 ok / 893 failed, 215 min elapsed, eta 8.6 h
[1008/3434] t25_620: FutureCancelledError: tile-t25_620 cancelled for reason: already forgotten.  |  114 ok / 894 failed, 215 min elapsed, eta 8.6 h
[1009/3434] t8_490: FutureCancelledError: tile-t8_490 cancelled for reason: already forgotten.  |  114 ok / 895 failed, 215 min elapsed, eta 8.6 h
[1010/3434] t37_657: FutureCancelledError: tile-t37_657 cancelled for reason: already forgotten.  |  114 ok / 896 failed, 215 min elapsed, eta 8.6 h
[1011/3434] t43_394: FutureCancelledError: tile-t43_394 cancelled for reason: already forgotten.  |  114 ok / 897 failed, 215 min elapsed, eta 8.6 h
[1012/3434] t8_439: FutureCancelledError: tile-t8_439 cancelled for reason: already forgotten.  |  114 ok / 898 failed, 215 min elapsed, eta 8.6 h
[1013/3434] t50_422: FutureCancelledError: tile-t50_422 cancelled for reason: already forgotten.  |  114 ok / 899 failed, 215 min elapsed, eta 8.6 h
[1014/3434] t35_658: FutureCancelledError: tile-t35_658 cancelled for reason: already forgotten.  |  114 ok / 900 failed, 215 min elapsed, eta 8.5 h
[1015/3434] t22_472: FutureCancelledError: tile-t22_472 cancelled for reason: already forgotten.  |  114 ok / 901 failed, 215 min elapsed, eta 8.5 h
[1016/3434] t40_666: FutureCancelledError: tile-t40_666 cancelled for reason: already forgotten.  |  114 ok / 902 failed, 215 min elapsed, eta 8.5 h
[1017/3434] t13_460: FutureCancelledError: tile-t13_460 cancelled for reason: already forgotten.  |  114 ok / 903 failed, 215 min elapsed, eta 8.5 h
[1018/3434] t18_475: FutureCancelledError: tile-t18_475 cancelled for reason: already forgotten.  |  114 ok / 904 failed, 215 min elapsed, eta 8.5 h
[1019/3434] t17_505: FutureCancelledError: tile-t17_505 cancelled for reason: already forgotten.  |  114 ok / 905 failed, 215 min elapsed, eta 8.5 h
[1020/3434] t28_488: FutureCancelledError: tile-t28_488 cancelled for reason: already forgotten.  |  114 ok / 906 failed, 215 min elapsed, eta 8.5 h
[1021/3434] t16_559: FutureCancelledError: tile-t16_559 cancelled for reason: already forgotten.  |  114 ok / 907 failed, 215 min elapsed, eta 8.5 h
[1022/3434] t21_429: FutureCancelledError: tile-t21_429 cancelled for reason: already forgotten.  |  114 ok / 908 failed, 215 min elapsed, eta 8.5 h
[1023/3434] t27_493: FutureCancelledError: tile-t27_493 cancelled for reason: already forgotten.  |  114 ok / 909 failed, 215 min elapsed, eta 8.4 h
[1024/3434] t27_642: FutureCancelledError: tile-t27_642 cancelled for reason: already forgotten.  |  114 ok / 910 failed, 215 min elapsed, eta 8.4 h
[1025/3434] t21_415: FutureCancelledError: tile-t21_415 cancelled for reason: already forgotten.  |  114 ok / 911 failed, 215 min elapsed, eta 8.4 h
[1026/3434] t23_560: FutureCancelledError: tile-t23_560 cancelled for reason: already forgotten.  |  114 ok / 912 failed, 215 min elapsed, eta 8.4 h
[1027/3434] t18_466: FutureCancelledError: tile-t18_466 cancelled for reason: already forgotten.  |  114 ok / 913 failed, 215 min elapsed, eta 8.4 h
[1028/3434] t22_598: FutureCancelledError: tile-t22_598 cancelled for reason: already forgotten.  |  114 ok / 914 failed, 215 min elapsed, eta 8.4 h
[1029/3434] t12_591: FutureCancelledError: tile-t12_591 cancelled for reason: already forgotten.  |  114 ok / 915 failed, 215 min elapsed, eta 8.4 h
[1030/3434] t42_417: FutureCancelledError: tile-t42_417 cancelled for reason: already forgotten.  |  114 ok / 916 failed, 215 min elapsed, eta 8.4 h
[1031/3434] t29_571: FutureCancelledError: tile-t29_571 cancelled for reason: already forgotten.  |  114 ok / 917 failed, 215 min elapsed, eta 8.3 h
[1032/3434] t48_406: FutureCancelledError: tile-t48_406 cancelled for reason: already forgotten.  |  114 ok / 918 failed, 215 min elapsed, eta 8.3 h
[1033/3434] t15_558: FutureCancelledError: tile-t15_558 cancelled for reason: already forgotten.  |  114 ok / 919 failed, 215 min elapsed, eta 8.3 h
[1034/3434] t26_633: FutureCancelledError: tile-t26_633 cancelled for reason: already forgotten.  |  114 ok / 920 failed, 215 min elapsed, eta 8.3 h
[1035/3434] t19_590: FutureCancelledError: tile-t19_590 cancelled for reason: already forgotten.  |  114 ok / 921 failed, 215 min elapsed, eta 8.3 h
[1036/3434] t28_492: FutureCancelledError: tile-t28_492 cancelled for reason: already forgotten.  |  114 ok / 922 failed, 215 min elapsed, eta 8.3 h
[1037/3434] t21_468: FutureCancelledError: tile-t21_468 cancelled for reason: already forgotten.  |  114 ok / 923 failed, 215 min elapsed, eta 8.3 h
[1038/3434] t12_542: FutureCancelledError: tile-t12_542 cancelled for reason: already forgotten.  |  114 ok / 924 failed, 215 min elapsed, eta 8.3 h
[1039/3434] t27_656: FutureCancelledError: tile-t27_656 cancelled for reason: already forgotten.  |  114 ok / 925 failed, 215 min elapsed, eta 8.3 h
[1040/3434] t38_399: FutureCancelledError: tile-t38_399 cancelled for reason: already forgotten.  |  114 ok / 926 failed, 215 min elapsed, eta 8.2 h
[1041/3434] t24_488: FutureCancelledError: tile-t24_488 cancelled for reason: already forgotten.  |  114 ok / 927 failed, 215 min elapsed, eta 8.2 h
[1042/3434] t23_509: FutureCancelledError: tile-t23_509 cancelled for reason: already forgotten.  |  114 ok / 928 failed, 215 min elapsed, eta 8.2 h
[1043/3434] t13_521: FutureCancelledError: tile-t13_521 cancelled for reason: already forgotten.  |  114 ok / 929 failed, 215 min elapsed, eta 8.2 h
[1044/3434] t24_582: FutureCancelledError: tile-t24_582 cancelled for reason: already forgotten.  |  114 ok / 930 failed, 215 min elapsed, eta 8.2 h
[1045/3434] t45_397: FutureCancelledError: tile-t45_397 cancelled for reason: already forgotten.  |  114 ok / 931 failed, 215 min elapsed, eta 8.2 h
[1046/3434] t37_602: FutureCancelledError: tile-t37_602 cancelled for reason: already forgotten.  |  114 ok / 932 failed, 215 min elapsed, eta 8.2 h
[1047/3434] t23_550: FutureCancelledError: tile-t23_550 cancelled for reason: already forgotten.  |  114 ok / 933 failed, 215 min elapsed, eta 8.2 h
[1048/3434] t32_642: FutureCancelledError: tile-t32_642 cancelled for reason: already forgotten.  |  114 ok / 934 failed, 215 min elapsed, eta 8.2 h
[1049/3434] t12_573: FutureCancelledError: tile-t12_573 cancelled for reason: already forgotten.  |  114 ok / 935 failed, 215 min elapsed, eta 8.1 h
[1050/3434] t9_424: FutureCancelledError: tile-t9_424 cancelled for reason: already forgotten.  |  114 ok / 936 failed, 215 min elapsed, eta 8.1 h
[1051/3434] t14_578: FutureCancelledError: tile-t14_578 cancelled for reason: already forgotten.  |  114 ok / 937 failed, 215 min elapsed, eta 8.1 h
[1052/3434] t33_630: FutureCancelledError: tile-t33_630 cancelled for reason: already forgotten.  |  114 ok / 938 failed, 215 min elapsed, eta 8.1 h
[1053/3434] t19_559: FutureCancelledError: tile-t19_559 cancelled for reason: already forgotten.  |  114 ok / 939 failed, 215 min elapsed, eta 8.1 h
[1054/3434] t20_470: FutureCancelledError: tile-t20_470 cancelled for reason: already forgotten.  |  114 ok / 940 failed, 215 min elapsed, eta 8.1 h
[1055/3434] t20_469: FutureCancelledError: tile-t20_469 cancelled for reason: already forgotten.  |  114 ok / 941 failed, 215 min elapsed, eta 8.1 h
[1056/3434] t29_612: FutureCancelledError: tile-t29_612 cancelled for reason: already forgotten.  |  114 ok / 942 failed, 215 min elapsed, eta 8.1 h
[1057/3434] t25_651: FutureCancelledError: tile-t25_651 cancelled for reason: already forgotten.  |  114 ok / 943 failed, 215 min elapsed, eta 8.1 h
[1058/3434] t12_482: FutureCancelledError: tile-t12_482 cancelled for reason: already forgotten.  |  114 ok / 944 failed, 215 min elapsed, eta 8.0 h
[1059/3434] t18_555: FutureCancelledError: tile-t18_555 cancelled for reason: already forgotten.  |  114 ok / 945 failed, 215 min elapsed, eta 8.0 h
[1060/3434] t24_527: FutureCancelledError: tile-t24_527 cancelled for reason: already forgotten.  |  114 ok / 946 failed, 215 min elapsed, eta 8.0 h
[1061/3434] t20_465: FutureCancelledError: tile-t20_465 cancelled for reason: already forgotten.  |  114 ok / 947 failed, 215 min elapsed, eta 8.0 h
[1062/3434] t20_484: FutureCancelledError: tile-t20_484 cancelled for reason: already forgotten.  |  114 ok / 948 failed, 215 min elapsed, eta 8.0 h
[1063/3434] t29_491: FutureCancelledError: tile-t29_491 cancelled for reason: already forgotten.  |  114 ok / 949 failed, 215 min elapsed, eta 8.0 h
[1064/3434] t54_390: FutureCancelledError: tile-t54_390 cancelled for reason: already forgotten.  |  114 ok / 950 failed, 215 min elapsed, eta 8.0 h
[1065/3434] t11_450: FutureCancelledError: tile-t11_450 cancelled for reason: already forgotten.  |  114 ok / 951 failed, 215 min elapsed, eta 8.0 h
[1066/3434] t42_416: FutureCancelledError: tile-t42_416 cancelled for reason: already forgotten.  |  114 ok / 952 failed, 215 min elapsed, eta 8.0 h
[1067/3434] t18_421: FutureCancelledError: tile-t18_421 cancelled for reason: already forgotten.  |  114 ok / 953 failed, 215 min elapsed, eta 7.9 h
[1068/3434] t22_493: FutureCancelledError: tile-t22_493 cancelled for reason: already forgotten.  |  114 ok / 954 failed, 215 min elapsed, eta 7.9 h
[1069/3434] t29_616: FutureCancelledError: tile-t29_616 cancelled for reason: already forgotten.  |  114 ok / 955 failed, 215 min elapsed, eta 7.9 h
[1070/3434] t24_438: FutureCancelledError: tile-t24_438 cancelled for reason: already forgotten.  |  114 ok / 956 failed, 215 min elapsed, eta 7.9 h
[1071/3434] t27_483: FutureCancelledError: tile-t27_483 cancelled for reason: already forgotten.  |  114 ok / 957 failed, 215 min elapsed, eta 7.9 h
[1072/3434] t44_422: FutureCancelledError: tile-t44_422 cancelled for reason: already forgotten.  |  114 ok / 958 failed, 215 min elapsed, eta 7.9 h
[1073/3434] t21_522: FutureCancelledError: tile-t21_522 cancelled for reason: already forgotten.  |  114 ok / 959 failed, 215 min elapsed, eta 7.9 h
[1074/3434] t23_568: FutureCancelledError: tile-t23_568 cancelled for reason: already forgotten.  |  114 ok / 960 failed, 215 min elapsed, eta 7.9 h
[1075/3434] t9_435: FutureCancelledError: tile-t9_435 cancelled for reason: already forgotten.  |  114 ok / 961 failed, 215 min elapsed, eta 7.9 h
[1076/3434] t30_592: FutureCancelledError: tile-t30_592 cancelled for reason: already forgotten.  |  114 ok / 962 failed, 215 min elapsed, eta 7.8 h
[1077/3434] t26_601: FutureCancelledError: tile-t26_601 cancelled for reason: already forgotten.  |  114 ok / 963 failed, 215 min elapsed, eta 7.8 h
[1078/3434] t27_593: FutureCancelledError: tile-t27_593 cancelled for reason: already forgotten.  |  114 ok / 964 failed, 215 min elapsed, eta 7.8 h
[1079/3434] t22_425: FutureCancelledError: tile-t22_425 cancelled for reason: already forgotten.  |  114 ok / 965 failed, 215 min elapsed, eta 7.8 h
[1080/3434] t37_404: FutureCancelledError: tile-t37_404 cancelled for reason: already forgotten.  |  114 ok / 966 failed, 215 min elapsed, eta 7.8 h
[1081/3434] t29_598: FutureCancelledError: tile-t29_598 cancelled for reason: already forgotten.  |  114 ok / 967 failed, 215 min elapsed, eta 7.8 h
[1082/3434] t38_625: FutureCancelledError: tile-t38_625 cancelled for reason: already forgotten.  |  114 ok / 968 failed, 215 min elapsed, eta 7.8 h
[1083/3434] t18_485: FutureCancelledError: tile-t18_485 cancelled for reason: already forgotten.  |  114 ok / 969 failed, 215 min elapsed, eta 7.8 h
[1084/3434] t25_429: FutureCancelledError: tile-t25_429 cancelled for reason: already forgotten.  |  114 ok / 970 failed, 215 min elapsed, eta 7.8 h
[1085/3434] t29_398: FutureCancelledError: tile-t29_398 cancelled for reason: already forgotten.  |  114 ok / 971 failed, 215 min elapsed, eta 7.8 h
[1086/3434] t18_605: FutureCancelledError: tile-t18_605 cancelled for reason: already forgotten.  |  114 ok / 972 failed, 215 min elapsed, eta 7.7 h
[1087/3434] t14_511: FutureCancelledError: tile-t14_511 cancelled for reason: already forgotten.  |  114 ok / 973 failed, 215 min elapsed, eta 7.7 h
[1088/3434] t26_541: FutureCancelledError: tile-t26_541 cancelled for reason: already forgotten.  |  114 ok / 974 failed, 215 min elapsed, eta 7.7 h
[1089/3434] t39_636: FutureCancelledError: tile-t39_636 cancelled for reason: already forgotten.  |  114 ok / 975 failed, 215 min elapsed, eta 7.7 h
[1090/3434] t16_408: FutureCancelledError: tile-t16_408 cancelled for reason: already forgotten.  |  114 ok / 976 failed, 215 min elapsed, eta 7.7 h
[1091/3434] t14_504: FutureCancelledError: tile-t14_504 cancelled for reason: already forgotten.  |  114 ok / 977 failed, 215 min elapsed, eta 7.7 h
[1092/3434] t54_391: FutureCancelledError: tile-t54_391 cancelled for reason: already forgotten.  |  114 ok / 978 failed, 215 min elapsed, eta 7.7 h
[1093/3434] t11_513: FutureCancelledError: tile-t11_513 cancelled for reason: already forgotten.  |  114 ok / 979 failed, 215 min elapsed, eta 7.7 h
[1094/3434] t13_540: FutureCancelledError: tile-t13_540 cancelled for reason: already forgotten.  |  114 ok / 980 failed, 215 min elapsed, eta 7.7 h
[1095/3434] t29_504: FutureCancelledError: tile-t29_504 cancelled for reason: already forgotten.  |  114 ok / 981 failed, 215 min elapsed, eta 7.7 h
[1096/3434] t20_505: FutureCancelledError: tile-t20_505 cancelled for reason: already forgotten.  |  114 ok / 982 failed, 215 min elapsed, eta 7.6 h
[1097/3434] t14_475: FutureCancelledError: tile-t14_475 cancelled for reason: already forgotten.  |  114 ok / 983 failed, 215 min elapsed, eta 7.6 h
[1098/3434] t26_518: FutureCancelledError: tile-t26_518 cancelled for reason: already forgotten.  |  114 ok / 984 failed, 215 min elapsed, eta 7.6 h
[1099/3434] t30_588: FutureCancelledError: tile-t30_588 cancelled for reason: already forgotten.  |  114 ok / 985 failed, 215 min elapsed, eta 7.6 h
[1100/3434] t28_401: FutureCancelledError: tile-t28_401 cancelled for reason: already forgotten.  |  114 ok / 986 failed, 215 min elapsed, eta 7.6 h
[1101/3434] t31_620: FutureCancelledError: tile-t31_620 cancelled for reason: already forgotten.  |  114 ok / 987 failed, 215 min elapsed, eta 7.6 h
[1102/3434] t40_632: FutureCancelledError: tile-t40_632 cancelled for reason: already forgotten.  |  114 ok / 988 failed, 215 min elapsed, eta 7.6 h
[1103/3434] t38_416: FutureCancelledError: tile-t38_416 cancelled for reason: already forgotten.  |  114 ok / 989 failed, 215 min elapsed, eta 7.6 h
[1104/3434] t29_499: FutureCancelledError: tile-t29_499 cancelled for reason: already forgotten.  |  114 ok / 990 failed, 215 min elapsed, eta 7.6 h
[1105/3434] t22_584: FutureCancelledError: tile-t22_584 cancelled for reason: already forgotten.  |  114 ok / 991 failed, 215 min elapsed, eta 7.5 h
[1106/3434] t23_435: FutureCancelledError: tile-t23_435 cancelled for reason: already forgotten.  |  114 ok / 992 failed, 215 min elapsed, eta 7.5 h
[1107/3434] t38_631: FutureCancelledError: tile-t38_631 cancelled for reason: already forgotten.  |  114 ok / 993 failed, 215 min elapsed, eta 7.5 h
[1108/3434] t22_557: FutureCancelledError: tile-t22_557 cancelled for reason: already forgotten.  |  114 ok / 994 failed, 215 min elapsed, eta 7.5 h
[1109/3434] t33_423: FutureCancelledError: tile-t33_423 cancelled for reason: already forgotten.  |  114 ok / 995 failed, 215 min elapsed, eta 7.5 h
[1110/3434] t11_490: FutureCancelledError: tile-t11_490 cancelled for reason: already forgotten.  |  114 ok / 996 failed, 215 min elapsed, eta 7.5 h
[1111/3434] t29_648: FutureCancelledError: tile-t29_648 cancelled for reason: already forgotten.  |  114 ok / 997 failed, 215 min elapsed, eta 7.5 h
[1112/3434] t23_529: FutureCancelledError: tile-t23_529 cancelled for reason: already forgotten.  |  114 ok / 998 failed, 215 min elapsed, eta 7.5 h
[1113/3434] t36_420: FutureCancelledError: tile-t36_420 cancelled for reason: already forgotten.  |  114 ok / 999 failed, 215 min elapsed, eta 7.5 h
[1114/3434] t51_408: FutureCancelledError: tile-t51_408 cancelled for reason: already forgotten.  |  114 ok / 1000 failed, 215 min elapsed, eta 7.5 h
[1115/3434] t7_462: FutureCancelledError: tile-t7_462 cancelled for reason: already forgotten.  |  114 ok / 1001 failed, 215 min elapsed, eta 7.4 h
[1116/3434] t30_578: FutureCancelledError: tile-t30_578 cancelled for reason: already forgotten.  |  114 ok / 1002 failed, 215 min elapsed, eta 7.4 h
[1117/3434] t11_434: FutureCancelledError: tile-t11_434 cancelled for reason: already forgotten.  |  114 ok / 1003 failed, 215 min elapsed, eta 7.4 h
[1118/3434] t19_517: FutureCancelledError: tile-t19_517 cancelled for reason: already forgotten.  |  114 ok / 1004 failed, 215 min elapsed, eta 7.4 h
[1119/3434] t33_658: FutureCancelledError: tile-t33_658 cancelled for reason: already forgotten.  |  114 ok / 1005 failed, 215 min elapsed, eta 7.4 h
[1120/3434] t27_514: FutureCancelledError: tile-t27_514 cancelled for reason: already forgotten.  |  114 ok / 1006 failed, 215 min elapsed, eta 7.4 h
[1121/3434] t11_582: FutureCancelledError: tile-t11_582 cancelled for reason: already forgotten.  |  114 ok / 1007 failed, 215 min elapsed, eta 7.4 h
[1122/3434] t20_415: FutureCancelledError: tile-t20_415 cancelled for reason: already forgotten.  |  114 ok / 1008 failed, 215 min elapsed, eta 7.4 h
[1123/3434] t37_419: FutureCancelledError: tile-t37_419 cancelled for reason: already forgotten.  |  114 ok / 1009 failed, 215 min elapsed, eta 7.4 h
[1124/3434] t16_602: FutureCancelledError: tile-t16_602 cancelled for reason: already forgotten.  |  114 ok / 1010 failed, 215 min elapsed, eta 7.4 h
[1125/3434] t16_587: FutureCancelledError: tile-t16_587 cancelled for reason: already forgotten.  |  114 ok / 1011 failed, 215 min elapsed, eta 7.4 h
[1126/3434] t13_440: FutureCancelledError: tile-t13_440 cancelled for reason: already forgotten.  |  114 ok / 1012 failed, 215 min elapsed, eta 7.3 h
[1127/3434] t24_414: FutureCancelledError: tile-t24_414 cancelled for reason: already forgotten.  |  114 ok / 1013 failed, 215 min elapsed, eta 7.3 h
[1128/3434] t19_414: FutureCancelledError: tile-t19_414 cancelled for reason: already forgotten.  |  114 ok / 1014 failed, 215 min elapsed, eta 7.3 h
[1129/3434] t38_640: FutureCancelledError: tile-t38_640 cancelled for reason: already forgotten.  |  114 ok / 1015 failed, 215 min elapsed, eta 7.3 h
[1130/3434] t25_600: FutureCancelledError: tile-t25_600 cancelled for reason: already forgotten.  |  114 ok / 1016 failed, 215 min elapsed, eta 7.3 h
[1131/3434] t10_548: FutureCancelledError: tile-t10_548 cancelled for reason: already forgotten.  |  114 ok / 1017 failed, 215 min elapsed, eta 7.3 h
[1132/3434] t10_464: FutureCancelledError: tile-t10_464 cancelled for reason: already forgotten.  |  114 ok / 1018 failed, 215 min elapsed, eta 7.3 h
[1133/3434] t9_534: FutureCancelledError: tile-t9_534 cancelled for reason: already forgotten.  |  114 ok / 1019 failed, 215 min elapsed, eta 7.3 h
[1134/3434] t34_654: FutureCancelledError: tile-t34_654 cancelled for reason: already forgotten.  |  114 ok / 1020 failed, 215 min elapsed, eta 7.3 h
[1135/3434] t19_522: FutureCancelledError: tile-t19_522 cancelled for reason: already forgotten.  |  114 ok / 1021 failed, 215 min elapsed, eta 7.3 h
[1136/3434] t20_518: FutureCancelledError: tile-t20_518 cancelled for reason: already forgotten.  |  114 ok / 1022 failed, 215 min elapsed, eta 7.2 h
[1137/3434] t28_496: FutureCancelledError: tile-t28_496 cancelled for reason: already forgotten.  |  114 ok / 1023 failed, 215 min elapsed, eta 7.2 h
[1138/3434] t27_402: FutureCancelledError: tile-t27_402 cancelled for reason: already forgotten.  |  114 ok / 1024 failed, 215 min elapsed, eta 7.2 h
[1139/3434] t21_413: FutureCancelledError: tile-t21_413 cancelled for reason: already forgotten.  |  114 ok / 1025 failed, 215 min elapsed, eta 7.2 h
[1140/3434] t35_667: FutureCancelledError: tile-t35_667 cancelled for reason: already forgotten.  |  114 ok / 1026 failed, 215 min elapsed, eta 7.2 h
[1141/3434] t28_589: FutureCancelledError: tile-t28_589 cancelled for reason: already forgotten.  |  114 ok / 1027 failed, 215 min elapsed, eta 7.2 h
[1142/3434] t22_477: FutureCancelledError: tile-t22_477 cancelled for reason: already forgotten.  |  114 ok / 1028 failed, 215 min elapsed, eta 7.2 h
[1143/3434] t10_498: FutureCancelledError: tile-t10_498 cancelled for reason: already forgotten.  |  114 ok / 1029 failed, 215 min elapsed, eta 7.2 h
[1144/3434] t8_528: FutureCancelledError: tile-t8_528 cancelled for reason: already forgotten.  |  114 ok / 1030 failed, 215 min elapsed, eta 7.2 h
[1145/3434] t11_484: FutureCancelledError: tile-t11_484 cancelled for reason: already forgotten.  |  114 ok / 1031 failed, 215 min elapsed, eta 7.2 h
[1146/3434] t22_473: FutureCancelledError: tile-t22_473 cancelled for reason: already forgotten.  |  114 ok / 1032 failed, 215 min elapsed, eta 7.2 h
[1147/3434] t29_416: FutureCancelledError: tile-t29_416 cancelled for reason: already forgotten.  |  114 ok / 1033 failed, 215 min elapsed, eta 7.1 h
[1148/3434] t32_640: FutureCancelledError: tile-t32_640 cancelled for reason: already forgotten.  |  114 ok / 1034 failed, 215 min elapsed, eta 7.1 h
[1149/3434] t26_626: FutureCancelledError: tile-t26_626 cancelled for reason: already forgotten.  |  114 ok / 1035 failed, 215 min elapsed, eta 7.1 h
[1150/3434] t32_504: FutureCancelledError: tile-t32_504 cancelled for reason: already forgotten.  |  114 ok / 1036 failed, 215 min elapsed, eta 7.1 h
[1151/3434] t15_562: FutureCancelledError: tile-t15_562 cancelled for reason: already forgotten.  |  114 ok / 1037 failed, 215 min elapsed, eta 7.1 h
[1152/3434] t10_489: FutureCancelledError: tile-t10_489 cancelled for reason: already forgotten.  |  114 ok / 1038 failed, 215 min elapsed, eta 7.1 h
[1153/3434] t11_474: FutureCancelledError: tile-t11_474 cancelled for reason: already forgotten.  |  114 ok / 1039 failed, 215 min elapsed, eta 7.1 h
[1154/3434] t23_480: FutureCancelledError: tile-t23_480 cancelled for reason: already forgotten.  |  114 ok / 1040 failed, 215 min elapsed, eta 7.1 h
[1155/3434] t29_601: FutureCancelledError: tile-t29_601 cancelled for reason: already forgotten.  |  114 ok / 1041 failed, 215 min elapsed, eta 7.1 h
[1156/3434] t12_548: FutureCancelledError: tile-t12_548 cancelled for reason: already forgotten.  |  114 ok / 1042 failed, 215 min elapsed, eta 7.1 h
[1157/3434] t51_418: FutureCancelledError: tile-t51_418 cancelled for reason: already forgotten.  |  114 ok / 1043 failed, 215 min elapsed, eta 7.0 h
[1158/3434] t38_667: FutureCancelledError: tile-t38_667 cancelled for reason: already forgotten.  |  114 ok / 1044 failed, 215 min elapsed, eta 7.0 h
[1159/3434] t38_641: FutureCancelledError: tile-t38_641 cancelled for reason: already forgotten.  |  114 ok / 1045 failed, 215 min elapsed, eta 7.0 h
[1160/3434] t37_398: FutureCancelledError: tile-t37_398 cancelled for reason: already forgotten.  |  114 ok / 1046 failed, 215 min elapsed, eta 7.0 h
[1161/3434] t36_666: FutureCancelledError: tile-t36_666 cancelled for reason: already forgotten.  |  114 ok / 1047 failed, 215 min elapsed, eta 7.0 h
[1162/3434] t24_544: FutureCancelledError: tile-t24_544 cancelled for reason: already forgotten.  |  114 ok / 1048 failed, 215 min elapsed, eta 7.0 h
[1163/3434] t24_419: FutureCancelledError: tile-t24_419 cancelled for reason: already forgotten.  |  114 ok / 1049 failed, 215 min elapsed, eta 7.0 h
[1164/3434] t36_620: FutureCancelledError: tile-t36_620 cancelled for reason: already forgotten.  |  114 ok / 1050 failed, 215 min elapsed, eta 7.0 h
[1165/3434] t20_609: FutureCancelledError: tile-t20_609 cancelled for reason: already forgotten.  |  114 ok / 1051 failed, 215 min elapsed, eta 7.0 h
[1166/3434] t28_573: FutureCancelledError: tile-t28_573 cancelled for reason: already forgotten.  |  114 ok / 1052 failed, 215 min elapsed, eta 7.0 h
[1167/3434] t25_594: FutureCancelledError: tile-t25_594 cancelled for reason: already forgotten.  |  114 ok / 1053 failed, 215 min elapsed, eta 7.0 h
[1168/3434] t14_488: FutureCancelledError: tile-t14_488 cancelled for reason: already forgotten.  |  114 ok / 1054 failed, 215 min elapsed, eta 6.9 h
[1169/3434] t18_430: FutureCancelledError: tile-t18_430 cancelled for reason: already forgotten.  |  114 ok / 1055 failed, 215 min elapsed, eta 6.9 h
[1170/3434] t7_530: FutureCancelledError: tile-t7_530 cancelled for reason: already forgotten.  |  114 ok / 1056 failed, 215 min elapsed, eta 6.9 h
[1171/3434] t29_482: FutureCancelledError: tile-t29_482 cancelled for reason: already forgotten.  |  114 ok / 1057 failed, 215 min elapsed, eta 6.9 h
[1172/3434] t33_424: FutureCancelledError: tile-t33_424 cancelled for reason: already forgotten.  |  114 ok / 1058 failed, 215 min elapsed, eta 6.9 h
[1173/3434] t23_416: FutureCancelledError: tile-t23_416 cancelled for reason: already forgotten.  |  114 ok / 1059 failed, 215 min elapsed, eta 6.9 h
[1174/3434] t22_400: FutureCancelledError: tile-t22_400 cancelled for reason: already forgotten.  |  114 ok / 1060 failed, 215 min elapsed, eta 6.9 h
[1175/3434] t16_448: FutureCancelledError: tile-t16_448 cancelled for reason: already forgotten.  |  114 ok / 1061 failed, 215 min elapsed, eta 6.9 h
[1176/3434] t41_408: FutureCancelledError: tile-t41_408 cancelled for reason: already forgotten.  |  114 ok / 1062 failed, 215 min elapsed, eta 6.9 h
[1177/3434] t21_557: FutureCancelledError: tile-t21_557 cancelled for reason: already forgotten.  |  114 ok / 1063 failed, 215 min elapsed, eta 6.9 h
[1178/3434] t16_579: FutureCancelledError: tile-t16_579 cancelled for reason: already forgotten.  |  114 ok / 1064 failed, 215 min elapsed, eta 6.9 h
[1179/3434] t45_405: FutureCancelledError: tile-t45_405 cancelled for reason: already forgotten.  |  114 ok / 1065 failed, 215 min elapsed, eta 6.9 h
[1180/3434] t44_414: FutureCancelledError: tile-t44_414 cancelled for reason: already forgotten.  |  114 ok / 1066 failed, 215 min elapsed, eta 6.8 h
[1181/3434] t29_631: FutureCancelledError: tile-t29_631 cancelled for reason: already forgotten.  |  114 ok / 1067 failed, 215 min elapsed, eta 6.8 h
[1182/3434] t21_553: FutureCancelledError: tile-t21_553 cancelled for reason: already forgotten.  |  114 ok / 1068 failed, 215 min elapsed, eta 6.8 h
[1183/3434] t22_567: FutureCancelledError: tile-t22_567 cancelled for reason: already forgotten.  |  114 ok / 1069 failed, 215 min elapsed, eta 6.8 h
[1184/3434] t20_409: FutureCancelledError: tile-t20_409 cancelled for reason: already forgotten.  |  114 ok / 1070 failed, 215 min elapsed, eta 6.8 h
[1185/3434] t8_485: FutureCancelledError: tile-t8_485 cancelled for reason: already forgotten.  |  114 ok / 1071 failed, 215 min elapsed, eta 6.8 h
[1186/3434] t31_581: FutureCancelledError: tile-t31_581 cancelled for reason: already forgotten.  |  114 ok / 1072 failed, 215 min elapsed, eta 6.8 h
[1187/3434] t7_509: FutureCancelledError: tile-t7_509 cancelled for reason: already forgotten.  |  114 ok / 1073 failed, 215 min elapsed, eta 6.8 h
[1188/3434] t36_621: FutureCancelledError: tile-t36_621 cancelled for reason: already forgotten.  |  114 ok / 1074 failed, 215 min elapsed, eta 6.8 h
[1189/3434] t9_479: FutureCancelledError: tile-t9_479 cancelled for reason: already forgotten.  |  114 ok / 1075 failed, 215 min elapsed, eta 6.8 h
[1190/3434] t21_483: FutureCancelledError: tile-t21_483 cancelled for reason: already forgotten.  |  114 ok / 1076 failed, 215 min elapsed, eta 6.8 h
[1191/3434] t24_496: FutureCancelledError: tile-t24_496 cancelled for reason: already forgotten.  |  114 ok / 1077 failed, 215 min elapsed, eta 6.7 h
[1192/3434] t16_563: FutureCancelledError: tile-t16_563 cancelled for reason: already forgotten.  |  114 ok / 1078 failed, 215 min elapsed, eta 6.7 h
[1193/3434] t22_518: FutureCancelledError: tile-t22_518 cancelled for reason: already forgotten.  |  114 ok / 1079 failed, 215 min elapsed, eta 6.7 h
[1194/3434] t10_450: FutureCancelledError: tile-t10_450 cancelled for reason: already forgotten.  |  114 ok / 1080 failed, 215 min elapsed, eta 6.7 h
[1195/3434] t13_486: FutureCancelledError: tile-t13_486 cancelled for reason: already forgotten.  |  114 ok / 1081 failed, 215 min elapsed, eta 6.7 h
[1196/3434] t25_575: FutureCancelledError: tile-t25_575 cancelled for reason: already forgotten.  |  114 ok / 1082 failed, 215 min elapsed, eta 6.7 h
[1197/3434] t24_553: FutureCancelledError: tile-t24_553 cancelled for reason: already forgotten.  |  114 ok / 1083 failed, 215 min elapsed, eta 6.7 h
[1198/3434] t15_578: FutureCancelledError: tile-t15_578 cancelled for reason: already forgotten.  |  114 ok / 1084 failed, 215 min elapsed, eta 6.7 h
[1199/3434] t52_394: FutureCancelledError: tile-t52_394 cancelled for reason: already forgotten.  |  114 ok / 1085 failed, 215 min elapsed, eta 6.7 h
[1200/3434] t48_405: FutureCancelledError: tile-t48_405 cancelled for reason: already forgotten.  |  114 ok / 1086 failed, 215 min elapsed, eta 6.7 h
[1201/3434] t13_506: FutureCancelledError: tile-t13_506 cancelled for reason: already forgotten.  |  114 ok / 1087 failed, 215 min elapsed, eta 6.7 h
[1202/3434] t2_484: FutureCancelledError: tile-t2_484 cancelled for reason: already forgotten.  |  114 ok / 1088 failed, 215 min elapsed, eta 6.7 h
[1203/3434] t12_437: FutureCancelledError: tile-t12_437 cancelled for reason: already forgotten.  |  114 ok / 1089 failed, 215 min elapsed, eta 6.6 h
[1204/3434] t20_406: FutureCancelledError: tile-t20_406 cancelled for reason: already forgotten.  |  114 ok / 1090 failed, 215 min elapsed, eta 6.6 h
[1205/3434] t23_610: FutureCancelledError: tile-t23_610 cancelled for reason: already forgotten.  |  114 ok / 1091 failed, 215 min elapsed, eta 6.6 h
[1206/3434] t26_622: FutureCancelledError: tile-t26_622 cancelled for reason: already forgotten.  |  114 ok / 1092 failed, 215 min elapsed, eta 6.6 h
[1207/3434] t21_498: FutureCancelledError: tile-t21_498 cancelled for reason: already forgotten.  |  114 ok / 1093 failed, 215 min elapsed, eta 6.6 h
[1208/3434] t32_615: FutureCancelledError: tile-t32_615 cancelled for reason: already forgotten.  |  114 ok / 1094 failed, 215 min elapsed, eta 6.6 h
[1209/3434] t20_578: FutureCancelledError: tile-t20_578 cancelled for reason: already forgotten.  |  114 ok / 1095 failed, 215 min elapsed, eta 6.6 h
[1210/3434] t26_596: FutureCancelledError: tile-t26_596 cancelled for reason: already forgotten.  |  114 ok / 1096 failed, 215 min elapsed, eta 6.6 h
[1211/3434] t14_464: FutureCancelledError: tile-t14_464 cancelled for reason: already forgotten.  |  114 ok / 1097 failed, 215 min elapsed, eta 6.6 h
[1212/3434] t49_404: FutureCancelledError: tile-t49_404 cancelled for reason: already forgotten.  |  114 ok / 1098 failed, 215 min elapsed, eta 6.6 h
[1213/3434] t28_644: FutureCancelledError: tile-t28_644 cancelled for reason: already forgotten.  |  114 ok / 1099 failed, 215 min elapsed, eta 6.6 h
[1214/3434] t23_400: FutureCancelledError: tile-t23_400 cancelled for reason: already forgotten.  |  114 ok / 1100 failed, 215 min elapsed, eta 6.6 h
[1215/3434] t8_510: FutureCancelledError: tile-t8_510 cancelled for reason: already forgotten.  |  114 ok / 1101 failed, 215 min elapsed, eta 6.5 h
[1216/3434] t22_574: FutureCancelledError: tile-t22_574 cancelled for reason: already forgotten.  |  114 ok / 1102 failed, 215 min elapsed, eta 6.5 h
[1217/3434] t33_623: FutureCancelledError: tile-t33_623 cancelled for reason: already forgotten.  |  114 ok / 1103 failed, 215 min elapsed, eta 6.5 h
[1218/3434] t15_572: FutureCancelledError: tile-t15_572 cancelled for reason: already forgotten.  |  114 ok / 1104 failed, 215 min elapsed, eta 6.5 h
[1219/3434] t13_415: FutureCancelledError: tile-t13_415 cancelled for reason: already forgotten.  |  114 ok / 1105 failed, 215 min elapsed, eta 6.5 h
[1220/3434] t25_588: FutureCancelledError: tile-t25_588 cancelled for reason: already forgotten.  |  114 ok / 1106 failed, 215 min elapsed, eta 6.5 h
[1221/3434] t24_618: FutureCancelledError: tile-t24_618 cancelled for reason: already forgotten.  |  114 ok / 1107 failed, 215 min elapsed, eta 6.5 h
[1222/3434] t18_595: FutureCancelledError: tile-t18_595 cancelled for reason: already forgotten.  |  114 ok / 1108 failed, 215 min elapsed, eta 6.5 h
[1223/3434] t13_527: FutureCancelledError: tile-t13_527 cancelled for reason: already forgotten.  |  114 ok / 1109 failed, 215 min elapsed, eta 6.5 h
[1224/3434] t52_399: FutureCancelledError: tile-t52_399 cancelled for reason: already forgotten.  |  114 ok / 1110 failed, 215 min elapsed, eta 6.5 h
[1225/3434] t36_390: FutureCancelledError: tile-t36_390 cancelled for reason: already forgotten.  |  114 ok / 1111 failed, 215 min elapsed, eta 6.5 h
[1226/3434] t14_411: FutureCancelledError: tile-t14_411 cancelled for reason: already forgotten.  |  114 ok / 1112 failed, 215 min elapsed, eta 6.5 h
[1227/3434] t12_512: FutureCancelledError: tile-t12_512 cancelled for reason: already forgotten.  |  114 ok / 1113 failed, 215 min elapsed, eta 6.4 h
[1228/3434] t11_522: FutureCancelledError: tile-t11_522 cancelled for reason: already forgotten.  |  114 ok / 1114 failed, 215 min elapsed, eta 6.4 h
[1229/3434] t22_514: FutureCancelledError: tile-t22_514 cancelled for reason: already forgotten.  |  114 ok / 1115 failed, 215 min elapsed, eta 6.4 h
[1230/3434] t21_405: FutureCancelledError: tile-t21_405 cancelled for reason: already forgotten.  |  114 ok / 1116 failed, 215 min elapsed, eta 6.4 h
[1231/3434] t39_403: FutureCancelledError: tile-t39_403 cancelled for reason: already forgotten.  |  114 ok / 1117 failed, 215 min elapsed, eta 6.4 h
[1232/3434] t33_664: FutureCancelledError: tile-t33_664 cancelled for reason: already forgotten.  |  114 ok / 1118 failed, 215 min elapsed, eta 6.4 h
[1233/3434] t20_508: FutureCancelledError: tile-t20_508 cancelled for reason: already forgotten.  |  114 ok / 1119 failed, 215 min elapsed, eta 6.4 h
[1234/3434] t17_467: FutureCancelledError: tile-t17_467 cancelled for reason: already forgotten.  |  114 ok / 1120 failed, 215 min elapsed, eta 6.4 h
[1235/3434] t37_639: FutureCancelledError: tile-t37_639 cancelled for reason: already forgotten.  |  114 ok / 1121 failed, 215 min elapsed, eta 6.4 h
[1236/3434] t11_495: FutureCancelledError: tile-t11_495 cancelled for reason: already forgotten.  |  114 ok / 1122 failed, 215 min elapsed, eta 6.4 h
[1237/3434] t19_538: FutureCancelledError: tile-t19_538 cancelled for reason: already forgotten.  |  114 ok / 1123 failed, 215 min elapsed, eta 6.4 h
[1238/3434] t20_570: FutureCancelledError: tile-t20_570 cancelled for reason: already forgotten.  |  114 ok / 1124 failed, 215 min elapsed, eta 6.4 h
[1239/3434] t49_395: FutureCancelledError: tile-t49_395 cancelled for reason: already forgotten.  |  114 ok / 1125 failed, 215 min elapsed, eta 6.3 h
[1240/3434] t15_466: FutureCancelledError: tile-t15_466 cancelled for reason: already forgotten.  |  114 ok / 1126 failed, 215 min elapsed, eta 6.3 h
[1241/3434] t14_477: FutureCancelledError: tile-t14_477 cancelled for reason: already forgotten.  |  114 ok / 1127 failed, 215 min elapsed, eta 6.3 h
[1242/3434] t20_509: FutureCancelledError: tile-t20_509 cancelled for reason: already forgotten.  |  114 ok / 1128 failed, 215 min elapsed, eta 6.3 h
[1243/3434] t24_467: FutureCancelledError: tile-t24_467 cancelled for reason: already forgotten.  |  114 ok / 1129 failed, 215 min elapsed, eta 6.3 h
[1244/3434] t22_431: FutureCancelledError: tile-t22_431 cancelled for reason: already forgotten.  |  114 ok / 1130 failed, 215 min elapsed, eta 6.3 h
[1245/3434] t19_410: FutureCancelledError: tile-t19_410 cancelled for reason: already forgotten.  |  114 ok / 1131 failed, 215 min elapsed, eta 6.3 h
[1246/3434] t42_623: FutureCancelledError: tile-t42_623 cancelled for reason: already forgotten.  |  114 ok / 1132 failed, 215 min elapsed, eta 6.3 h
[1247/3434] t21_597: FutureCancelledError: tile-t21_597 cancelled for reason: already forgotten.  |  114 ok / 1133 failed, 215 min elapsed, eta 6.3 h
[1248/3434] t12_441: FutureCancelledError: tile-t12_441 cancelled for reason: already forgotten.  |  114 ok / 1134 failed, 215 min elapsed, eta 6.3 h
[1249/3434] t12_527: FutureCancelledError: tile-t12_527 cancelled for reason: already forgotten.  |  114 ok / 1135 failed, 215 min elapsed, eta 6.3 h
[1250/3434] t11_469: FutureCancelledError: tile-t11_469 cancelled for reason: already forgotten.  |  114 ok / 1136 failed, 215 min elapsed, eta 6.3 h
[1251/3434] t26_401: FutureCancelledError: tile-t26_401 cancelled for reason: already forgotten.  |  114 ok / 1137 failed, 215 min elapsed, eta 6.3 h
[1252/3434] t29_627: FutureCancelledError: tile-t29_627 cancelled for reason: already forgotten.  |  114 ok / 1138 failed, 215 min elapsed, eta 6.2 h
[1253/3434] t36_622: FutureCancelledError: tile-t36_622 cancelled for reason: already forgotten.  |  114 ok / 1139 failed, 215 min elapsed, eta 6.2 h
[1254/3434] t19_605: FutureCancelledError: tile-t19_605 cancelled for reason: already forgotten.  |  114 ok / 1140 failed, 215 min elapsed, eta 6.2 h
[1255/3434] t19_424: FutureCancelledError: tile-t19_424 cancelled for reason: already forgotten.  |  114 ok / 1141 failed, 215 min elapsed, eta 6.2 h
[1256/3434] t22_404: FutureCancelledError: tile-t22_404 cancelled for reason: already forgotten.  |  114 ok / 1142 failed, 215 min elapsed, eta 6.2 h
[1257/3434] t16_503: FutureCancelledError: tile-t16_503 cancelled for reason: already forgotten.  |  114 ok / 1143 failed, 215 min elapsed, eta 6.2 h
[1258/3434] t24_466: FutureCancelledError: tile-t24_466 cancelled for reason: already forgotten.  |  114 ok / 1144 failed, 215 min elapsed, eta 6.2 h
[1259/3434] t27_661: FutureCancelledError: tile-t27_661 cancelled for reason: already forgotten.  |  114 ok / 1145 failed, 215 min elapsed, eta 6.2 h
[1260/3434] t24_471: FutureCancelledError: tile-t24_471 cancelled for reason: already forgotten.  |  114 ok / 1146 failed, 215 min elapsed, eta 6.2 h
[1261/3434] t35_392: FutureCancelledError: tile-t35_392 cancelled for reason: already forgotten.  |  114 ok / 1147 failed, 215 min elapsed, eta 6.2 h
[1262/3434] t30_581: FutureCancelledError: tile-t30_581 cancelled for reason: already forgotten.  |  114 ok / 1148 failed, 215 min elapsed, eta 6.2 h
[1263/3434] t32_579: FutureCancelledError: tile-t32_579 cancelled for reason: already forgotten.  |  114 ok / 1149 failed, 215 min elapsed, eta 6.2 h
[1264/3434] t35_424: FutureCancelledError: tile-t35_424 cancelled for reason: already forgotten.  |  114 ok / 1150 failed, 215 min elapsed, eta 6.2 h
[1265/3434] t16_506: FutureCancelledError: tile-t16_506 cancelled for reason: already forgotten.  |  114 ok / 1151 failed, 215 min elapsed, eta 6.1 h
[1266/3434] t22_533: FutureCancelledError: tile-t22_533 cancelled for reason: already forgotten.  |  114 ok / 1152 failed, 215 min elapsed, eta 6.1 h
[1267/3434] t39_624: FutureCancelledError: tile-t39_624 cancelled for reason: already forgotten.  |  114 ok / 1153 failed, 215 min elapsed, eta 6.1 h
[1268/3434] t14_553: FutureCancelledError: tile-t14_553 cancelled for reason: already forgotten.  |  114 ok / 1154 failed, 215 min elapsed, eta 6.1 h
[1269/3434] t20_424: FutureCancelledError: tile-t20_424 cancelled for reason: already forgotten.  |  114 ok / 1155 failed, 215 min elapsed, eta 6.1 h
[1270/3434] t10_429: FutureCancelledError: tile-t10_429 cancelled for reason: already forgotten.  |  114 ok / 1156 failed, 215 min elapsed, eta 6.1 h
[1271/3434] t24_486: FutureCancelledError: tile-t24_486 cancelled for reason: already forgotten.  |  114 ok / 1157 failed, 215 min elapsed, eta 6.1 h
[1272/3434] t7_447: FutureCancelledError: tile-t7_447 cancelled for reason: already forgotten.  |  114 ok / 1158 failed, 215 min elapsed, eta 6.1 h
[1273/3434] t28_498: FutureCancelledError: tile-t28_498 cancelled for reason: already forgotten.  |  114 ok / 1159 failed, 215 min elapsed, eta 6.1 h
[1274/3434] t16_553: FutureCancelledError: tile-t16_553 cancelled for reason: already forgotten.  |  114 ok / 1160 failed, 215 min elapsed, eta 6.1 h
[1275/3434] t42_407: FutureCancelledError: tile-t42_407 cancelled for reason: already forgotten.  |  114 ok / 1161 failed, 215 min elapsed, eta 6.1 h
[1276/3434] t12_466: FutureCancelledError: tile-t12_466 cancelled for reason: already forgotten.  |  114 ok / 1162 failed, 215 min elapsed, eta 6.1 h
[1277/3434] t6_520: FutureCancelledError: tile-t6_520 cancelled for reason: already forgotten.  |  114 ok / 1163 failed, 215 min elapsed, eta 6.1 h
[1278/3434] t11_503: FutureCancelledError: tile-t11_503 cancelled for reason: already forgotten.  |  114 ok / 1164 failed, 215 min elapsed, eta 6.0 h
[1279/3434] t30_626: FutureCancelledError: tile-t30_626 cancelled for reason: already forgotten.  |  114 ok / 1165 failed, 215 min elapsed, eta 6.0 h
[1280/3434] t52_409: FutureCancelledError: tile-t52_409 cancelled for reason: already forgotten.  |  114 ok / 1166 failed, 215 min elapsed, eta 6.0 h
[1281/3434] t27_422: FutureCancelledError: tile-t27_422 cancelled for reason: already forgotten.  |  114 ok / 1167 failed, 215 min elapsed, eta 6.0 h
[1282/3434] t24_558: FutureCancelledError: tile-t24_558 cancelled for reason: already forgotten.  |  114 ok / 1168 failed, 215 min elapsed, eta 6.0 h
[1283/3434] t22_538: FutureCancelledError: tile-t22_538 cancelled for reason: already forgotten.  |  114 ok / 1169 failed, 215 min elapsed, eta 6.0 h
[1284/3434] t19_544: FutureCancelledError: tile-t19_544 cancelled for reason: already forgotten.  |  114 ok / 1170 failed, 215 min elapsed, eta 6.0 h
[1285/3434] t30_602: FutureCancelledError: tile-t30_602 cancelled for reason: already forgotten.  |  114 ok / 1171 failed, 215 min elapsed, eta 6.0 h
[1286/3434] t13_479: FutureCancelledError: tile-t13_479 cancelled for reason: already forgotten.  |  114 ok / 1172 failed, 215 min elapsed, eta 6.0 h
[1287/3434] t51_411: FutureCancelledError: tile-t51_411 cancelled for reason: already forgotten.  |  114 ok / 1173 failed, 215 min elapsed, eta 6.0 h
[1288/3434] t27_535: FutureCancelledError: tile-t27_535 cancelled for reason: already forgotten.  |  114 ok / 1174 failed, 215 min elapsed, eta 6.0 h
[1289/3434] t33_397: FutureCancelledError: tile-t33_397 cancelled for reason: already forgotten.  |  114 ok / 1175 failed, 215 min elapsed, eta 6.0 h
[1290/3434] t13_590: FutureCancelledError: tile-t13_590 cancelled for reason: already forgotten.  |  114 ok / 1176 failed, 215 min elapsed, eta 6.0 h
[1291/3434] t8_582: FutureCancelledError: tile-t8_582 cancelled for reason: already forgotten.  |  114 ok / 1177 failed, 215 min elapsed, eta 5.9 h
[1292/3434] t39_421: FutureCancelledError: tile-t39_421 cancelled for reason: already forgotten.  |  114 ok / 1178 failed, 215 min elapsed, eta 5.9 h
[1293/3434] t52_389: FutureCancelledError: tile-t52_389 cancelled for reason: already forgotten.  |  114 ok / 1179 failed, 215 min elapsed, eta 5.9 h
[1294/3434] t29_632: FutureCancelledError: tile-t29_632 cancelled for reason: already forgotten.  |  114 ok / 1180 failed, 215 min elapsed, eta 5.9 h
[1295/3434] t42_411: FutureCancelledError: tile-t42_411 cancelled for reason: already forgotten.  |  114 ok / 1181 failed, 215 min elapsed, eta 5.9 h
[1296/3434] t28_600: FutureCancelledError: tile-t28_600 cancelled for reason: already forgotten.  |  114 ok / 1182 failed, 215 min elapsed, eta 5.9 h
[1297/3434] t35_606: FutureCancelledError: tile-t35_606 cancelled for reason: already forgotten.  |  114 ok / 1183 failed, 215 min elapsed, eta 5.9 h
[1298/3434] t19_459: FutureCancelledError: tile-t19_459 cancelled for reason: already forgotten.  |  114 ok / 1184 failed, 215 min elapsed, eta 5.9 h
[1299/3434] t39_394: FutureCancelledError: tile-t39_394 cancelled for reason: already forgotten.  |  114 ok / 1185 failed, 215 min elapsed, eta 5.9 h
[1300/3434] t17_405: FutureCancelledError: tile-t17_405 cancelled for reason: already forgotten.  |  114 ok / 1186 failed, 215 min elapsed, eta 5.9 h
[1301/3434] t34_660: FutureCancelledError: tile-t34_660 cancelled for reason: already forgotten.  |  114 ok / 1187 failed, 215 min elapsed, eta 5.9 h
[1302/3434] t10_488: FutureCancelledError: tile-t10_488 cancelled for reason: already forgotten.  |  114 ok / 1188 failed, 215 min elapsed, eta 5.9 h
[1303/3434] t15_428: FutureCancelledError: tile-t15_428 cancelled for reason: already forgotten.  |  114 ok / 1189 failed, 215 min elapsed, eta 5.9 h
[1304/3434] t27_588: FutureCancelledError: tile-t27_588 cancelled for reason: already forgotten.  |  114 ok / 1190 failed, 215 min elapsed, eta 5.9 h
[1305/3434] t19_539: FutureCancelledError: tile-t19_539 cancelled for reason: already forgotten.  |  114 ok / 1191 failed, 215 min elapsed, eta 5.8 h
[1306/3434] t12_486: FutureCancelledError: tile-t12_486 cancelled for reason: already forgotten.  |  114 ok / 1192 failed, 215 min elapsed, eta 5.8 h
[1307/3434] t13_476: FutureCancelledError: tile-t13_476 cancelled for reason: already forgotten.  |  114 ok / 1193 failed, 215 min elapsed, eta 5.8 h
[1308/3434] t19_555: FutureCancelledError: tile-t19_555 cancelled for reason: already forgotten.  |  114 ok / 1194 failed, 215 min elapsed, eta 5.8 h
[1309/3434] t31_393: FutureCancelledError: tile-t31_393 cancelled for reason: already forgotten.  |  114 ok / 1195 failed, 215 min elapsed, eta 5.8 h
[1310/3434] t18_477: FutureCancelledError: tile-t18_477 cancelled for reason: already forgotten.  |  114 ok / 1196 failed, 215 min elapsed, eta 5.8 h
[1311/3434] t50_414: FutureCancelledError: tile-t50_414 cancelled for reason: already forgotten.  |  114 ok / 1197 failed, 215 min elapsed, eta 5.8 h
[1312/3434] t17_485: FutureCancelledError: tile-t17_485 cancelled for reason: already forgotten.  |  114 ok / 1198 failed, 215 min elapsed, eta 5.8 h
[1313/3434] t46_412: FutureCancelledError: tile-t46_412 cancelled for reason: already forgotten.  |  114 ok / 1199 failed, 215 min elapsed, eta 5.8 h
[1314/3434] t27_478: FutureCancelledError: tile-t27_478 cancelled for reason: already forgotten.  |  114 ok / 1200 failed, 215 min elapsed, eta 5.8 h
[1315/3434] t12_552: FutureCancelledError: tile-t12_552 cancelled for reason: already forgotten.  |  114 ok / 1201 failed, 215 min elapsed, eta 5.8 h
[1316/3434] t27_556: FutureCancelledError: tile-t27_556 cancelled for reason: already forgotten.  |  114 ok / 1202 failed, 215 min elapsed, eta 5.8 h
[1317/3434] t16_430: FutureCancelledError: tile-t16_430 cancelled for reason: already forgotten.  |  114 ok / 1203 failed, 215 min elapsed, eta 5.8 h
[1318/3434] t21_567: FutureCancelledError: tile-t21_567 cancelled for reason: already forgotten.  |  114 ok / 1204 failed, 215 min elapsed, eta 5.8 h
[1319/3434] t11_558: FutureCancelledError: tile-t11_558 cancelled for reason: already forgotten.  |  114 ok / 1205 failed, 215 min elapsed, eta 5.7 h
[1320/3434] t36_414: FutureCancelledError: tile-t36_414 cancelled for reason: already forgotten.  |  114 ok / 1206 failed, 215 min elapsed, eta 5.7 h
[1321/3434] t19_429: FutureCancelledError: tile-t19_429 cancelled for reason: already forgotten.  |  114 ok / 1207 failed, 215 min elapsed, eta 5.7 h
[1322/3434] t28_502: FutureCancelledError: tile-t28_502 cancelled for reason: already forgotten.  |  114 ok / 1208 failed, 215 min elapsed, eta 5.7 h
[1323/3434] t28_594: FutureCancelledError: tile-t28_594 cancelled for reason: already forgotten.  |  114 ok / 1209 failed, 215 min elapsed, eta 5.7 h
[1324/3434] t27_566: FutureCancelledError: tile-t27_566 cancelled for reason: already forgotten.  |  114 ok / 1210 failed, 215 min elapsed, eta 5.7 h
[1325/3434] t18_482: FutureCancelledError: tile-t18_482 cancelled for reason: already forgotten.  |  114 ok / 1211 failed, 215 min elapsed, eta 5.7 h
[1326/3434] t22_578: FutureCancelledError: tile-t22_578 cancelled for reason: already forgotten.  |  114 ok / 1212 failed, 215 min elapsed, eta 5.7 h
[1327/3434] t47_417: FutureCancelledError: tile-t47_417 cancelled for reason: already forgotten.  |  114 ok / 1213 failed, 215 min elapsed, eta 5.7 h
[1328/3434] t20_574: FutureCancelledError: tile-t20_574 cancelled for reason: already forgotten.  |  114 ok / 1214 failed, 215 min elapsed, eta 5.7 h
[1329/3434] t8_464: FutureCancelledError: tile-t8_464 cancelled for reason: already forgotten.  |  114 ok / 1215 failed, 215 min elapsed, eta 5.7 h
[1330/3434] t29_502: FutureCancelledError: tile-t29_502 cancelled for reason: already forgotten.  |  114 ok / 1216 failed, 215 min elapsed, eta 5.7 h
[1331/3434] t16_502: FutureCancelledError: tile-t16_502 cancelled for reason: already forgotten.  |  114 ok / 1217 failed, 215 min elapsed, eta 5.7 h
[1332/3434] t38_626: FutureCancelledError: tile-t38_626 cancelled for reason: already forgotten.  |  114 ok / 1218 failed, 215 min elapsed, eta 5.7 h
[1333/3434] t15_419: FutureCancelledError: tile-t15_419 cancelled for reason: already forgotten.  |  114 ok / 1219 failed, 215 min elapsed, eta 5.6 h
[1334/3434] t10_541: FutureCancelledError: tile-t10_541 cancelled for reason: already forgotten.  |  114 ok / 1220 failed, 215 min elapsed, eta 5.6 h
[1335/3434] t7_446: FutureCancelledError: tile-t7_446 cancelled for reason: already forgotten.  |  114 ok / 1221 failed, 215 min elapsed, eta 5.6 h
[1336/3434] t28_507: FutureCancelledError: tile-t28_507 cancelled for reason: already forgotten.  |  114 ok / 1222 failed, 215 min elapsed, eta 5.6 h
[1337/3434] t50_421: FutureCancelledError: tile-t50_421 cancelled for reason: already forgotten.  |  114 ok / 1223 failed, 215 min elapsed, eta 5.6 h
[1338/3434] t18_512: FutureCancelledError: tile-t18_512 cancelled for reason: already forgotten.  |  114 ok / 1224 failed, 215 min elapsed, eta 5.6 h
[1339/3434] t28_580: FutureCancelledError: tile-t28_580 cancelled for reason: already forgotten.  |  114 ok / 1225 failed, 215 min elapsed, eta 5.6 h
[1340/3434] t29_586: FutureCancelledError: tile-t29_586 cancelled for reason: already forgotten.  |  114 ok / 1226 failed, 215 min elapsed, eta 5.6 h
[1341/3434] t12_578: FutureCancelledError: tile-t12_578 cancelled for reason: already forgotten.  |  114 ok / 1227 failed, 215 min elapsed, eta 5.6 h
[1342/3434] t26_487: FutureCancelledError: tile-t26_487 cancelled for reason: already forgotten.  |  114 ok / 1228 failed, 215 min elapsed, eta 5.6 h
[1343/3434] t49_394: FutureCancelledError: tile-t49_394 cancelled for reason: already forgotten.  |  114 ok / 1229 failed, 215 min elapsed, eta 5.6 h
[1344/3434] t21_584: FutureCancelledError: tile-t21_584 cancelled for reason: already forgotten.  |  114 ok / 1230 failed, 215 min elapsed, eta 5.6 h
[1345/3434] t20_603: FutureCancelledError: tile-t20_603 cancelled for reason: already forgotten.  |  114 ok / 1231 failed, 215 min elapsed, eta 5.6 h
[1346/3434] t17_599: FutureCancelledError: tile-t17_599 cancelled for reason: already forgotten.  |  114 ok / 1232 failed, 215 min elapsed, eta 5.6 h
[1347/3434] t22_429: FutureCancelledError: tile-t22_429 cancelled for reason: already forgotten.  |  114 ok / 1233 failed, 215 min elapsed, eta 5.6 h
[1348/3434] t26_438: FutureCancelledError: tile-t26_438 cancelled for reason: already forgotten.  |  114 ok / 1234 failed, 215 min elapsed, eta 5.5 h
[1349/3434] t41_398: FutureCancelledError: tile-t41_398 cancelled for reason: already forgotten.  |  114 ok / 1235 failed, 215 min elapsed, eta 5.5 h
[1350/3434] t20_405: FutureCancelledError: tile-t20_405 cancelled for reason: already forgotten.  |  114 ok / 1236 failed, 215 min elapsed, eta 5.5 h
[1351/3434] t19_593: FutureCancelledError: tile-t19_593 cancelled for reason: already forgotten.  |  114 ok / 1237 failed, 215 min elapsed, eta 5.5 h
[1352/3434] t45_392: FutureCancelledError: tile-t45_392 cancelled for reason: already forgotten.  |  114 ok / 1238 failed, 215 min elapsed, eta 5.5 h
[1353/3434] t28_649: FutureCancelledError: tile-t28_649 cancelled for reason: already forgotten.  |  114 ok / 1239 failed, 215 min elapsed, eta 5.5 h
[1354/3434] t8_474: FutureCancelledError: tile-t8_474 cancelled for reason: already forgotten.  |  114 ok / 1240 failed, 215 min elapsed, eta 5.5 h
[1355/3434] t15_423: FutureCancelledError: tile-t15_423 cancelled for reason: already forgotten.  |  114 ok / 1241 failed, 215 min elapsed, eta 5.5 h
[1356/3434] t23_504: FutureCancelledError: tile-t23_504 cancelled for reason: already forgotten.  |  114 ok / 1242 failed, 215 min elapsed, eta 5.5 h
[1357/3434] t18_527: FutureCancelledError: tile-t18_527 cancelled for reason: already forgotten.  |  114 ok / 1243 failed, 215 min elapsed, eta 5.5 h
[1358/3434] t32_402: FutureCancelledError: tile-t32_402 cancelled for reason: already forgotten.  |  114 ok / 1244 failed, 215 min elapsed, eta 5.5 h
[1359/3434] t13_416: FutureCancelledError: tile-t13_416 cancelled for reason: already forgotten.  |  114 ok / 1245 failed, 215 min elapsed, eta 5.5 h
[1360/3434] t14_408: FutureCancelledError: tile-t14_408 cancelled for reason: already forgotten.  |  114 ok / 1246 failed, 215 min elapsed, eta 5.5 h
[1361/3434] t32_508: FutureCancelledError: tile-t32_508 cancelled for reason: already forgotten.  |  114 ok / 1247 failed, 215 min elapsed, eta 5.5 h
[1362/3434] t27_601: FutureCancelledError: tile-t27_601 cancelled for reason: already forgotten.  |  114 ok / 1248 failed, 215 min elapsed, eta 5.5 h
[1363/3434] t46_399: FutureCancelledError: tile-t46_399 cancelled for reason: already forgotten.  |  114 ok / 1249 failed, 215 min elapsed, eta 5.4 h
[1364/3434] t26_552: FutureCancelledError: tile-t26_552 cancelled for reason: already forgotten.  |  114 ok / 1250 failed, 215 min elapsed, eta 5.4 h
[1365/3434] t27_477: FutureCancelledError: tile-t27_477 cancelled for reason: already forgotten.  |  114 ok / 1251 failed, 215 min elapsed, eta 5.4 h
[1366/3434] t45_419: FutureCancelledError: tile-t45_419 cancelled for reason: already forgotten.  |  114 ok / 1252 failed, 215 min elapsed, eta 5.4 h
[1367/3434] t41_422: FutureCancelledError: tile-t41_422 cancelled for reason: already forgotten.  |  114 ok / 1253 failed, 215 min elapsed, eta 5.4 h
[1368/3434] t39_630: FutureCancelledError: tile-t39_630 cancelled for reason: already forgotten.  |  114 ok / 1254 failed, 215 min elapsed, eta 5.4 h
[1369/3434] t24_603: FutureCancelledError: tile-t24_603 cancelled for reason: already forgotten.  |  114 ok / 1255 failed, 215 min elapsed, eta 5.4 h
[1370/3434] t9_485: FutureCancelledError: tile-t9_485 cancelled for reason: already forgotten.  |  114 ok / 1256 failed, 215 min elapsed, eta 5.4 h
[1371/3434] t7_424: FutureCancelledError: tile-t7_424 cancelled for reason: already forgotten.  |  114 ok / 1257 failed, 215 min elapsed, eta 5.4 h
[1372/3434] t12_472: FutureCancelledError: tile-t12_472 cancelled for reason: already forgotten.  |  114 ok / 1258 failed, 215 min elapsed, eta 5.4 h
[1373/3434] t8_432: FutureCancelledError: tile-t8_432 cancelled for reason: already forgotten.  |  114 ok / 1259 failed, 215 min elapsed, eta 5.4 h
[1374/3434] t49_415: FutureCancelledError: tile-t49_415 cancelled for reason: already forgotten.  |  114 ok / 1260 failed, 215 min elapsed, eta 5.4 h
[1375/3434] t24_661: FutureCancelledError: tile-t24_661 cancelled for reason: already forgotten.  |  114 ok / 1261 failed, 215 min elapsed, eta 5.4 h
[1376/3434] t18_561: FutureCancelledError: tile-t18_561 cancelled for reason: already forgotten.  |  114 ok / 1262 failed, 215 min elapsed, eta 5.4 h
[1377/3434] t16_428: FutureCancelledError: tile-t16_428 cancelled for reason: already forgotten.  |  114 ok / 1263 failed, 215 min elapsed, eta 5.4 h
[1378/3434] t2_464: FutureCancelledError: tile-t2_464 cancelled for reason: already forgotten.  |  114 ok / 1264 failed, 215 min elapsed, eta 5.3 h
[1379/3434] t17_495: FutureCancelledError: tile-t17_495 cancelled for reason: already forgotten.  |  114 ok / 1265 failed, 215 min elapsed, eta 5.3 h
[1380/3434] t17_511: FutureCancelledError: tile-t17_511 cancelled for reason: already forgotten.  |  114 ok / 1266 failed, 215 min elapsed, eta 5.3 h
[1381/3434] t13_578: FutureCancelledError: tile-t13_578 cancelled for reason: already forgotten.  |  114 ok / 1267 failed, 215 min elapsed, eta 5.3 h
[1382/3434] t37_392: FutureCancelledError: tile-t37_392 cancelled for reason: already forgotten.  |  114 ok / 1268 failed, 215 min elapsed, eta 5.3 h
[1383/3434] t20_530: FutureCancelledError: tile-t20_530 cancelled for reason: already forgotten.  |  114 ok / 1269 failed, 215 min elapsed, eta 5.3 h
[1384/3434] t23_500: FutureCancelledError: tile-t23_500 cancelled for reason: already forgotten.  |  114 ok / 1270 failed, 215 min elapsed, eta 5.3 h
[1385/3434] t26_573: FutureCancelledError: tile-t26_573 cancelled for reason: already forgotten.  |  114 ok / 1271 failed, 215 min elapsed, eta 5.3 h
[1386/3434] t37_393: FutureCancelledError: tile-t37_393 cancelled for reason: already forgotten.  |  114 ok / 1272 failed, 215 min elapsed, eta 5.3 h
[1387/3434] t10_542: FutureCancelledError: tile-t10_542 cancelled for reason: already forgotten.  |  114 ok / 1273 failed, 215 min elapsed, eta 5.3 h
[1388/3434] t26_631: FutureCancelledError: tile-t26_631 cancelled for reason: already forgotten.  |  114 ok / 1274 failed, 215 min elapsed, eta 5.3 h
[1389/3434] t40_399: FutureCancelledError: tile-t40_399 cancelled for reason: already forgotten.  |  114 ok / 1275 failed, 215 min elapsed, eta 5.3 h
[1390/3434] t38_627: FutureCancelledError: tile-t38_627 cancelled for reason: already forgotten.  |  114 ok / 1276 failed, 215 min elapsed, eta 5.3 h
[1391/3434] t33_610: FutureCancelledError: tile-t33_610 cancelled for reason: already forgotten.  |  114 ok / 1277 failed, 215 min elapsed, eta 5.3 h
[1392/3434] t16_439: FutureCancelledError: tile-t16_439 cancelled for reason: already forgotten.  |  114 ok / 1278 failed, 215 min elapsed, eta 5.3 h
[1393/3434] t45_395: FutureCancelledError: tile-t45_395 cancelled for reason: already forgotten.  |  114 ok / 1279 failed, 215 min elapsed, eta 5.2 h
[1394/3434] t26_650: FutureCancelledError: tile-t26_650 cancelled for reason: already forgotten.  |  114 ok / 1280 failed, 215 min elapsed, eta 5.2 h
[1395/3434] t21_592: FutureCancelledError: tile-t21_592 cancelled for reason: already forgotten.  |  114 ok / 1281 failed, 215 min elapsed, eta 5.2 h
[1396/3434] t41_624: FutureCancelledError: tile-t41_624 cancelled for reason: already forgotten.  |  114 ok / 1282 failed, 215 min elapsed, eta 5.2 h
[1397/3434] t24_598: FutureCancelledError: tile-t24_598 cancelled for reason: already forgotten.  |  114 ok / 1283 failed, 215 min elapsed, eta 5.2 h
[1398/3434] t21_528: FutureCancelledError: tile-t21_528 cancelled for reason: already forgotten.  |  114 ok / 1284 failed, 215 min elapsed, eta 5.2 h
[1399/3434] t35_623: FutureCancelledError: tile-t35_623 cancelled for reason: already forgotten.  |  114 ok / 1285 failed, 215 min elapsed, eta 5.2 h
[1400/3434] t60_390: FutureCancelledError: tile-t60_390 cancelled for reason: already forgotten.  |  114 ok / 1286 failed, 215 min elapsed, eta 5.2 h
[1401/3434] t23_465: FutureCancelledError: tile-t23_465 cancelled for reason: already forgotten.  |  114 ok / 1287 failed, 215 min elapsed, eta 5.2 h
[1402/3434] t42_398: FutureCancelledError: tile-t42_398 cancelled for reason: already forgotten.  |  114 ok / 1288 failed, 215 min elapsed, eta 5.2 h
[1403/3434] t24_501: FutureCancelledError: tile-t24_501 cancelled for reason: already forgotten.  |  114 ok / 1289 failed, 215 min elapsed, eta 5.2 h
[1404/3434] t9_434: FutureCancelledError: tile-t9_434 cancelled for reason: already forgotten.  |  114 ok / 1290 failed, 215 min elapsed, eta 5.2 h
[1405/3434] t15_411: FutureCancelledError: tile-t15_411 cancelled for reason: already forgotten.  |  114 ok / 1291 failed, 215 min elapsed, eta 5.2 h
[1406/3434] t12_502: FutureCancelledError: tile-t12_502 cancelled for reason: already forgotten.  |  114 ok / 1292 failed, 215 min elapsed, eta 5.2 h
[1407/3434] t30_647: FutureCancelledError: tile-t30_647 cancelled for reason: already forgotten.  |  114 ok / 1293 failed, 215 min elapsed, eta 5.2 h
[1408/3434] t40_636: FutureCancelledError: tile-t40_636 cancelled for reason: already forgotten.  |  114 ok / 1294 failed, 215 min elapsed, eta 5.2 h
[1409/3434] t43_393: FutureCancelledError: tile-t43_393 cancelled for reason: already forgotten.  |  114 ok / 1295 failed, 215 min elapsed, eta 5.1 h
[1410/3434] t24_491: FutureCancelledError: tile-t24_491 cancelled for reason: already forgotten.  |  114 ok / 1296 failed, 215 min elapsed, eta 5.1 h
[1411/3434] t7_502: FutureCancelledError: tile-t7_502 cancelled for reason: already forgotten.  |  114 ok / 1297 failed, 215 min elapsed, eta 5.1 h
[1412/3434] t27_562: FutureCancelledError: tile-t27_562 cancelled for reason: already forgotten.  |  114 ok / 1298 failed, 215 min elapsed, eta 5.1 h
[1413/3434] t22_612: FutureCancelledError: tile-t22_612 cancelled for reason: already forgotten.  |  114 ok / 1299 failed, 215 min elapsed, eta 5.1 h
[1414/3434] t10_465: FutureCancelledError: tile-t10_465 cancelled for reason: already forgotten.  |  114 ok / 1300 failed, 215 min elapsed, eta 5.1 h
[1415/3434] t11_419: FutureCancelledError: tile-t11_419 cancelled for reason: already forgotten.  |  114 ok / 1301 failed, 215 min elapsed, eta 5.1 h
[1416/3434] t34_605: FutureCancelledError: tile-t34_605 cancelled for reason: already forgotten.  |  114 ok / 1302 failed, 215 min elapsed, eta 5.1 h
[1417/3434] t29_611: FutureCancelledError: tile-t29_611 cancelled for reason: already forgotten.  |  114 ok / 1303 failed, 215 min elapsed, eta 5.1 h
[1418/3434] t25_554: FutureCancelledError: tile-t25_554 cancelled for reason: already forgotten.  |  114 ok / 1304 failed, 215 min elapsed, eta 5.1 h
[1419/3434] t21_513: FutureCancelledError: tile-t21_513 cancelled for reason: already forgotten.  |  114 ok / 1305 failed, 215 min elapsed, eta 5.1 h
[1420/3434] t20_605: FutureCancelledError: tile-t20_605 cancelled for reason: already forgotten.  |  114 ok / 1306 failed, 215 min elapsed, eta 5.1 h
[1421/3434] t24_537: FutureCancelledError: tile-t24_537 cancelled for reason: already forgotten.  |  114 ok / 1307 failed, 215 min elapsed, eta 5.1 h
[1422/3434] t27_504: FutureCancelledError: tile-t27_504 cancelled for reason: already forgotten.  |  114 ok / 1308 failed, 215 min elapsed, eta 5.1 h
[1423/3434] t24_579: FutureCancelledError: tile-t24_579 cancelled for reason: already forgotten.  |  114 ok / 1309 failed, 215 min elapsed, eta 5.1 h
[1424/3434] t21_534: FutureCancelledError: tile-t21_534 cancelled for reason: already forgotten.  |  114 ok / 1310 failed, 215 min elapsed, eta 5.1 h
[1425/3434] t28_608: FutureCancelledError: tile-t28_608 cancelled for reason: already forgotten.  |  114 ok / 1311 failed, 215 min elapsed, eta 5.1 h
[1426/3434] t13_480: FutureCancelledError: tile-t13_480 cancelled for reason: already forgotten.  |  114 ok / 1312 failed, 215 min elapsed, eta 5.0 h
[1427/3434] t25_492: FutureCancelledError: tile-t25_492 cancelled for reason: already forgotten.  |  114 ok / 1313 failed, 215 min elapsed, eta 5.0 h
[1428/3434] t52_414: FutureCancelledError: tile-t52_414 cancelled for reason: already forgotten.  |  114 ok / 1314 failed, 215 min elapsed, eta 5.0 h
[1429/3434] t15_437: FutureCancelledError: tile-t15_437 cancelled for reason: already forgotten.  |  114 ok / 1315 failed, 215 min elapsed, eta 5.0 h
[1430/3434] t10_581: FutureCancelledError: tile-t10_581 cancelled for reason: already forgotten.  |  114 ok / 1316 failed, 215 min elapsed, eta 5.0 h
[1431/3434] t27_409: FutureCancelledError: tile-t27_409 cancelled for reason: already forgotten.  |  114 ok / 1317 failed, 215 min elapsed, eta 5.0 h
[1432/3434] t18_575: FutureCancelledError: tile-t18_575 cancelled for reason: already forgotten.  |  114 ok / 1318 failed, 215 min elapsed, eta 5.0 h
[1433/3434] t17_605: FutureCancelledError: tile-t17_605 cancelled for reason: already forgotten.  |  114 ok / 1319 failed, 215 min elapsed, eta 5.0 h
[1434/3434] t26_572: FutureCancelledError: tile-t26_572 cancelled for reason: already forgotten.  |  114 ok / 1320 failed, 215 min elapsed, eta 5.0 h
[1435/3434] t33_395: FutureCancelledError: tile-t33_395 cancelled for reason: already forgotten.  |  114 ok / 1321 failed, 215 min elapsed, eta 5.0 h
[1436/3434] t13_563: FutureCancelledError: tile-t13_563 cancelled for reason: already forgotten.  |  114 ok / 1322 failed, 215 min elapsed, eta 5.0 h
[1437/3434] t31_641: FutureCancelledError: tile-t31_641 cancelled for reason: already forgotten.  |  114 ok / 1323 failed, 215 min elapsed, eta 5.0 h
[1438/3434] t22_492: FutureCancelledError: tile-t22_492 cancelled for reason: already forgotten.  |  114 ok / 1324 failed, 215 min elapsed, eta 5.0 h
[1439/3434] t15_471: FutureCancelledError: tile-t15_471 cancelled for reason: already forgotten.  |  114 ok / 1325 failed, 215 min elapsed, eta 5.0 h
[1440/3434] t34_423: FutureCancelledError: tile-t34_423 cancelled for reason: already forgotten.  |  114 ok / 1326 failed, 215 min elapsed, eta 5.0 h
[1441/3434] t50_409: FutureCancelledError: tile-t50_409 cancelled for reason: already forgotten.  |  114 ok / 1327 failed, 215 min elapsed, eta 5.0 h
[1442/3434] t34_621: FutureCancelledError: tile-t34_621 cancelled for reason: already forgotten.  |  114 ok / 1328 failed, 215 min elapsed, eta 5.0 h
[1443/3434] t29_423: FutureCancelledError: tile-t29_423 cancelled for reason: already forgotten.  |  114 ok / 1329 failed, 215 min elapsed, eta 4.9 h
[1444/3434] t34_640: FutureCancelledError: tile-t34_640 cancelled for reason: already forgotten.  |  114 ok / 1330 failed, 215 min elapsed, eta 4.9 h
[1445/3434] t13_570: FutureCancelledError: tile-t13_570 cancelled for reason: already forgotten.  |  114 ok / 1331 failed, 215 min elapsed, eta 4.9 h
[1446/3434] t43_415: FutureCancelledError: tile-t43_415 cancelled for reason: already forgotten.  |  114 ok / 1332 failed, 215 min elapsed, eta 4.9 h
[1447/3434] t22_564: FutureCancelledError: tile-t22_564 cancelled for reason: already forgotten.  |  114 ok / 1333 failed, 215 min elapsed, eta 4.9 h
[1448/3434] t16_440: FutureCancelledError: tile-t16_440 cancelled for reason: already forgotten.  |  114 ok / 1334 failed, 215 min elapsed, eta 4.9 h
[1449/3434] t10_470: FutureCancelledError: tile-t10_470 cancelled for reason: already forgotten.  |  114 ok / 1335 failed, 215 min elapsed, eta 4.9 h
[1450/3434] t13_456: FutureCancelledError: tile-t13_456 cancelled for reason: already forgotten.  |  114 ok / 1336 failed, 215 min elapsed, eta 4.9 h
[1451/3434] t22_607: FutureCancelledError: tile-t22_607 cancelled for reason: already forgotten.  |  114 ok / 1337 failed, 215 min elapsed, eta 4.9 h
[1452/3434] t34_620: FutureCancelledError: tile-t34_620 cancelled for reason: already forgotten.  |  114 ok / 1338 failed, 215 min elapsed, eta 4.9 h
[1453/3434] t19_403: FutureCancelledError: tile-t19_403 cancelled for reason: already forgotten.  |  114 ok / 1339 failed, 215 min elapsed, eta 4.9 h
[1454/3434] t21_527: FutureCancelledError: tile-t21_527 cancelled for reason: already forgotten.  |  114 ok / 1340 failed, 215 min elapsed, eta 4.9 h
[1455/3434] t29_606: FutureCancelledError: tile-t29_606 cancelled for reason: already forgotten.  |  114 ok / 1341 failed, 215 min elapsed, eta 4.9 h
[1456/3434] t17_564: FutureCancelledError: tile-t17_564 cancelled for reason: already forgotten.  |  114 ok / 1342 failed, 215 min elapsed, eta 4.9 h
[1457/3434] t42_423: FutureCancelledError: tile-t42_423 cancelled for reason: already forgotten.  |  114 ok / 1343 failed, 215 min elapsed, eta 4.9 h
[1458/3434] t9_518: FutureCancelledError: tile-t9_518 cancelled for reason: already forgotten.  |  114 ok / 1344 failed, 215 min elapsed, eta 4.9 h
[1459/3434] t32_666: FutureCancelledError: tile-t32_666 cancelled for reason: already forgotten.  |  114 ok / 1345 failed, 215 min elapsed, eta 4.9 h
[1460/3434] t19_610: FutureCancelledError: tile-t19_610 cancelled for reason: already forgotten.  |  114 ok / 1346 failed, 215 min elapsed, eta 4.8 h
[1461/3434] t23_625: FutureCancelledError: tile-t23_625 cancelled for reason: already forgotten.  |  114 ok / 1347 failed, 215 min elapsed, eta 4.8 h
[1462/3434] t24_594: FutureCancelledError: tile-t24_594 cancelled for reason: already forgotten.  |  114 ok / 1348 failed, 215 min elapsed, eta 4.8 h
[1463/3434] t30_643: FutureCancelledError: tile-t30_643 cancelled for reason: already forgotten.  |  114 ok / 1349 failed, 215 min elapsed, eta 4.8 h
[1464/3434] t18_602: FutureCancelledError: tile-t18_602 cancelled for reason: already forgotten.  |  114 ok / 1350 failed, 215 min elapsed, eta 4.8 h
[1465/3434] t18_425: FutureCancelledError: tile-t18_425 cancelled for reason: already forgotten.  |  114 ok / 1351 failed, 215 min elapsed, eta 4.8 h
[1466/3434] t14_445: FutureCancelledError: tile-t14_445 cancelled for reason: already forgotten.  |  114 ok / 1352 failed, 215 min elapsed, eta 4.8 h
[1467/3434] t13_426: FutureCancelledError: tile-t13_426 cancelled for reason: already forgotten.  |  114 ok / 1353 failed, 215 min elapsed, eta 4.8 h
[1468/3434] t34_651: FutureCancelledError: tile-t34_651 cancelled for reason: already forgotten.  |  114 ok / 1354 failed, 215 min elapsed, eta 4.8 h
[1469/3434] t22_542: FutureCancelledError: tile-t22_542 cancelled for reason: already forgotten.  |  114 ok / 1355 failed, 215 min elapsed, eta 4.8 h
[1470/3434] t19_482: FutureCancelledError: tile-t19_482 cancelled for reason: already forgotten.  |  114 ok / 1356 failed, 215 min elapsed, eta 4.8 h
[1471/3434] t25_408: FutureCancelledError: tile-t25_408 cancelled for reason: already forgotten.  |  114 ok / 1357 failed, 215 min elapsed, eta 4.8 h
[1472/3434] t19_468: FutureCancelledError: tile-t19_468 cancelled for reason: already forgotten.  |  114 ok / 1358 failed, 215 min elapsed, eta 4.8 h
[1473/3434] t38_394: FutureCancelledError: tile-t38_394 cancelled for reason: already forgotten.  |  114 ok / 1359 failed, 215 min elapsed, eta 4.8 h
[1474/3434] t12_521: FutureCancelledError: tile-t12_521 cancelled for reason: already forgotten.  |  114 ok / 1360 failed, 215 min elapsed, eta 4.8 h
[1475/3434] t25_487: FutureCancelledError: tile-t25_487 cancelled for reason: already forgotten.  |  114 ok / 1361 failed, 215 min elapsed, eta 4.8 h
[1476/3434] t28_569: FutureCancelledError: tile-t28_569 cancelled for reason: already forgotten.  |  114 ok / 1362 failed, 215 min elapsed, eta 4.8 h
[1477/3434] t18_490: FutureCancelledError: tile-t18_490 cancelled for reason: already forgotten.  |  114 ok / 1363 failed, 215 min elapsed, eta 4.7 h
[1478/3434] t16_567: FutureCancelledError: tile-t16_567 cancelled for reason: already forgotten.  |  114 ok / 1364 failed, 215 min elapsed, eta 4.7 h
[1479/3434] t37_664: FutureCancelledError: tile-t37_664 cancelled for reason: already forgotten.  |  114 ok / 1365 failed, 215 min elapsed, eta 4.7 h
[1480/3434] t20_468: FutureCancelledError: tile-t20_468 cancelled for reason: already forgotten.  |  114 ok / 1366 failed, 215 min elapsed, eta 4.7 h
[1481/3434] t19_409: FutureCancelledError: tile-t19_409 cancelled for reason: already forgotten.  |  114 ok / 1367 failed, 215 min elapsed, eta 4.7 h
[1482/3434] t13_413: FutureCancelledError: tile-t13_413 cancelled for reason: already forgotten.  |  114 ok / 1368 failed, 215 min elapsed, eta 4.7 h
[1483/3434] t15_542: FutureCancelledError: tile-t15_542 cancelled for reason: already forgotten.  |  114 ok / 1369 failed, 215 min elapsed, eta 4.7 h
[1484/3434] t28_420: FutureCancelledError: tile-t28_420 cancelled for reason: already forgotten.  |  114 ok / 1370 failed, 215 min elapsed, eta 4.7 h
[1485/3434] t14_493: FutureCancelledError: tile-t14_493 cancelled for reason: already forgotten.  |  114 ok / 1371 failed, 215 min elapsed, eta 4.7 h
[1486/3434] t46_403: FutureCancelledError: tile-t46_403 cancelled for reason: already forgotten.  |  114 ok / 1372 failed, 215 min elapsed, eta 4.7 h
[1487/3434] t18_422: FutureCancelledError: tile-t18_422 cancelled for reason: already forgotten.  |  114 ok / 1373 failed, 215 min elapsed, eta 4.7 h
[1488/3434] t27_667: FutureCancelledError: tile-t27_667 cancelled for reason: already forgotten.  |  114 ok / 1374 failed, 215 min elapsed, eta 4.7 h
[1489/3434] t40_395: FutureCancelledError: tile-t40_395 cancelled for reason: already forgotten.  |  114 ok / 1375 failed, 215 min elapsed, eta 4.7 h
[1490/3434] t21_604: FutureCancelledError: tile-t21_604 cancelled for reason: already forgotten.  |  114 ok / 1376 failed, 215 min elapsed, eta 4.7 h
[1491/3434] t37_645: FutureCancelledError: tile-t37_645 cancelled for reason: already forgotten.  |  114 ok / 1377 failed, 215 min elapsed, eta 4.7 h
[1492/3434] t25_473: FutureCancelledError: tile-t25_473 cancelled for reason: already forgotten.  |  114 ok / 1378 failed, 215 min elapsed, eta 4.7 h
[1493/3434] t15_499: FutureCancelledError: tile-t15_499 cancelled for reason: already forgotten.  |  114 ok / 1379 failed, 215 min elapsed, eta 4.7 h
[1494/3434] t15_571: FutureCancelledError: tile-t15_571 cancelled for reason: already forgotten.  |  114 ok / 1380 failed, 215 min elapsed, eta 4.7 h
[1495/3434] t56_391: FutureCancelledError: tile-t56_391 cancelled for reason: already forgotten.  |  114 ok / 1381 failed, 215 min elapsed, eta 4.6 h
[1496/3434] t27_632: FutureCancelledError: tile-t27_632 cancelled for reason: already forgotten.  |  114 ok / 1382 failed, 215 min elapsed, eta 4.6 h
[1497/3434] t22_474: FutureCancelledError: tile-t22_474 cancelled for reason: already forgotten.  |  114 ok / 1383 failed, 215 min elapsed, eta 4.6 h
[1498/3434] t27_577: FutureCancelledError: tile-t27_577 cancelled for reason: already forgotten.  |  114 ok / 1384 failed, 215 min elapsed, eta 4.6 h
[1499/3434] t11_424: FutureCancelledError: tile-t11_424 cancelled for reason: already forgotten.  |  114 ok / 1385 failed, 215 min elapsed, eta 4.6 h
[1500/3434] t15_537: FutureCancelledError: tile-t15_537 cancelled for reason: already forgotten.  |  114 ok / 1386 failed, 215 min elapsed, eta 4.6 h
[1501/3434] t14_563: FutureCancelledError: tile-t14_563 cancelled for reason: already forgotten.  |  114 ok / 1387 failed, 215 min elapsed, eta 4.6 h
[1502/3434] t21_497: FutureCancelledError: tile-t21_497 cancelled for reason: already forgotten.  |  114 ok / 1388 failed, 215 min elapsed, eta 4.6 h
[1503/3434] t41_397: FutureCancelledError: tile-t41_397 cancelled for reason: already forgotten.  |  114 ok / 1389 failed, 215 min elapsed, eta 4.6 h
[1504/3434] t41_632: FutureCancelledError: tile-t41_632 cancelled for reason: already forgotten.  |  114 ok / 1390 failed, 215 min elapsed, eta 4.6 h
[1505/3434] t9_466: FutureCancelledError: tile-t9_466 cancelled for reason: already forgotten.  |  114 ok / 1391 failed, 215 min elapsed, eta 4.6 h
[1506/3434] t28_603: FutureCancelledError: tile-t28_603 cancelled for reason: already forgotten.  |  114 ok / 1392 failed, 215 min elapsed, eta 4.6 h
[1507/3434] t22_622: FutureCancelledError: tile-t22_622 cancelled for reason: already forgotten.  |  114 ok / 1393 failed, 215 min elapsed, eta 4.6 h
[1508/3434] t9_510: FutureCancelledError: tile-t9_510 cancelled for reason: already forgotten.  |  114 ok / 1394 failed, 215 min elapsed, eta 4.6 h
[1509/3434] t28_585: FutureCancelledError: tile-t28_585 cancelled for reason: already forgotten.  |  114 ok / 1395 failed, 215 min elapsed, eta 4.6 h
[1510/3434] t21_569: FutureCancelledError: tile-t21_569 cancelled for reason: already forgotten.  |  114 ok / 1396 failed, 215 min elapsed, eta 4.6 h
[1511/3434] t16_498: FutureCancelledError: tile-t16_498 cancelled for reason: already forgotten.  |  114 ok / 1397 failed, 215 min elapsed, eta 4.6 h
[1512/3434] t43_412: FutureCancelledError: tile-t43_412 cancelled for reason: already forgotten.  |  114 ok / 1398 failed, 215 min elapsed, eta 4.6 h
[1513/3434] t42_392: FutureCancelledError: tile-t42_392 cancelled for reason: already forgotten.  |  114 ok / 1399 failed, 215 min elapsed, eta 4.6 h
[1514/3434] t32_626: FutureCancelledError: tile-t32_626 cancelled for reason: already forgotten.  |  114 ok / 1400 failed, 215 min elapsed, eta 4.5 h
[1515/3434] t28_613: FutureCancelledError: tile-t28_613 cancelled for reason: already forgotten.  |  114 ok / 1401 failed, 215 min elapsed, eta 4.5 h
[1516/3434] t13_569: FutureCancelledError: tile-t13_569 cancelled for reason: already forgotten.  |  114 ok / 1402 failed, 215 min elapsed, eta 4.5 h
[1517/3434] t12_477: FutureCancelledError: tile-t12_477 cancelled for reason: already forgotten.  |  114 ok / 1403 failed, 215 min elapsed, eta 4.5 h
[1518/3434] t30_498: FutureCancelledError: tile-t30_498 cancelled for reason: already forgotten.  |  114 ok / 1404 failed, 215 min elapsed, eta 4.5 h
[1519/3434] t26_497: FutureCancelledError: tile-t26_497 cancelled for reason: already forgotten.  |  114 ok / 1405 failed, 215 min elapsed, eta 4.5 h
[1520/3434] t9_524: FutureCancelledError: tile-t9_524 cancelled for reason: already forgotten.  |  114 ok / 1406 failed, 215 min elapsed, eta 4.5 h
[1521/3434] t11_499: FutureCancelledError: tile-t11_499 cancelled for reason: already forgotten.  |  114 ok / 1407 failed, 215 min elapsed, eta 4.5 h
[1522/3434] t10_551: FutureCancelledError: tile-t10_551 cancelled for reason: already forgotten.  |  114 ok / 1408 failed, 215 min elapsed, eta 4.5 h
[1523/3434] t10_580: FutureCancelledError: tile-t10_580 cancelled for reason: already forgotten.  |  114 ok / 1409 failed, 215 min elapsed, eta 4.5 h
[1524/3434] t33_422: FutureCancelledError: tile-t33_422 cancelled for reason: already forgotten.  |  114 ok / 1410 failed, 215 min elapsed, eta 4.5 h
[1525/3434] t15_434: FutureCancelledError: tile-t15_434 cancelled for reason: already forgotten.  |  114 ok / 1411 failed, 215 min elapsed, eta 4.5 h
[1526/3434] t14_549: FutureCancelledError: tile-t14_549 cancelled for reason: already forgotten.  |  114 ok / 1412 failed, 215 min elapsed, eta 4.5 h
[1527/3434] t41_413: FutureCancelledError: tile-t41_413 cancelled for reason: already forgotten.  |  114 ok / 1413 failed, 215 min elapsed, eta 4.5 h
[1528/3434] t31_617: FutureCancelledError: tile-t31_617 cancelled for reason: already forgotten.  |  114 ok / 1414 failed, 215 min elapsed, eta 4.5 h
[1529/3434] t20_434: FutureCancelledError: tile-t20_434 cancelled for reason: already forgotten.  |  114 ok / 1415 failed, 215 min elapsed, eta 4.5 h
[1530/3434] t36_416: FutureCancelledError: tile-t36_416 cancelled for reason: already forgotten.  |  114 ok / 1416 failed, 215 min elapsed, eta 4.5 h
[1531/3434] t27_602: FutureCancelledError: tile-t27_602 cancelled for reason: already forgotten.  |  114 ok / 1417 failed, 215 min elapsed, eta 4.5 h
[1532/3434] t15_548: FutureCancelledError: tile-t15_548 cancelled for reason: already forgotten.  |  114 ok / 1418 failed, 215 min elapsed, eta 4.4 h
[1533/3434] t18_496: FutureCancelledError: tile-t18_496 cancelled for reason: already forgotten.  |  114 ok / 1419 failed, 215 min elapsed, eta 4.4 h
[1534/3434] t12_507: FutureCancelledError: tile-t12_507 cancelled for reason: already forgotten.  |  114 ok / 1420 failed, 215 min elapsed, eta 4.4 h
[1535/3434] t9_506: FutureCancelledError: tile-t9_506 cancelled for reason: already forgotten.  |  114 ok / 1421 failed, 215 min elapsed, eta 4.4 h
[1536/3434] t45_406: FutureCancelledError: tile-t45_406 cancelled for reason: already forgotten.  |  114 ok / 1422 failed, 215 min elapsed, eta 4.4 h
[1537/3434] t8_472: FutureCancelledError: tile-t8_472 cancelled for reason: already forgotten.  |  114 ok / 1423 failed, 215 min elapsed, eta 4.4 h
[1538/3434] t20_460: FutureCancelledError: tile-t20_460 cancelled for reason: already forgotten.  |  114 ok / 1424 failed, 215 min elapsed, eta 4.4 h
[1539/3434] t12_568: FutureCancelledError: tile-t12_568 cancelled for reason: already forgotten.  |  114 ok / 1425 failed, 215 min elapsed, eta 4.4 h
[1540/3434] t40_394: FutureCancelledError: tile-t40_394 cancelled for reason: already forgotten.  |  114 ok / 1426 failed, 215 min elapsed, eta 4.4 h
[1541/3434] t18_571: FutureCancelledError: tile-t18_571 cancelled for reason: already forgotten.  |  114 ok / 1427 failed, 215 min elapsed, eta 4.4 h
[1542/3434] t16_425: FutureCancelledError: tile-t16_425 cancelled for reason: already forgotten.  |  114 ok / 1428 failed, 215 min elapsed, eta 4.4 h
[1543/3434] t33_634: FutureCancelledError: tile-t33_634 cancelled for reason: already forgotten.  |  114 ok / 1429 failed, 215 min elapsed, eta 4.4 h
[1544/3434] t32_616: FutureCancelledError: tile-t32_616 cancelled for reason: already forgotten.  |  114 ok / 1430 failed, 215 min elapsed, eta 4.4 h
[1545/3434] t21_523: FutureCancelledError: tile-t21_523 cancelled for reason: already forgotten.  |  114 ok / 1431 failed, 215 min elapsed, eta 4.4 h
[1546/3434] t12_423: FutureCancelledError: tile-t12_423 cancelled for reason: already forgotten.  |  114 ok / 1432 failed, 215 min elapsed, eta 4.4 h
[1547/3434] t19_469: FutureCancelledError: tile-t19_469 cancelled for reason: already forgotten.  |  114 ok / 1433 failed, 215 min elapsed, eta 4.4 h
[1548/3434] t38_395: FutureCancelledError: tile-t38_395 cancelled for reason: already forgotten.  |  114 ok / 1434 failed, 215 min elapsed, eta 4.4 h
[1549/3434] t38_662: FutureCancelledError: tile-t38_662 cancelled for reason: already forgotten.  |  114 ok / 1435 failed, 215 min elapsed, eta 4.4 h
[1550/3434] t11_527: FutureCancelledError: tile-t11_527 cancelled for reason: already forgotten.  |  114 ok / 1436 failed, 215 min elapsed, eta 4.4 h
[1551/3434] t18_587: FutureCancelledError: tile-t18_587 cancelled for reason: already forgotten.  |  114 ok / 1437 failed, 215 min elapsed, eta 4.4 h
[1552/3434] t27_568: FutureCancelledError: tile-t27_568 cancelled for reason: already forgotten.  |  114 ok / 1438 failed, 215 min elapsed, eta 4.3 h
[1553/3434] t10_495: FutureCancelledError: tile-t10_495 cancelled for reason: already forgotten.  |  114 ok / 1439 failed, 215 min elapsed, eta 4.3 h
[1554/3434] t44_401: FutureCancelledError: tile-t44_401 cancelled for reason: already forgotten.  |  114 ok / 1440 failed, 215 min elapsed, eta 4.3 h
[1555/3434] t31_616: FutureCancelledError: tile-t31_616 cancelled for reason: already forgotten.  |  114 ok / 1441 failed, 215 min elapsed, eta 4.3 h
[1556/3434] t16_544: FutureCancelledError: tile-t16_544 cancelled for reason: already forgotten.  |  114 ok / 1442 failed, 215 min elapsed, eta 4.3 h
[1557/3434] t42_421: FutureCancelledError: tile-t42_421 cancelled for reason: already forgotten.  |  114 ok / 1443 failed, 215 min elapsed, eta 4.3 h
[1558/3434] t28_483: FutureCancelledError: tile-t28_483 cancelled for reason: already forgotten.  |  114 ok / 1444 failed, 215 min elapsed, eta 4.3 h
[1559/3434] t26_437: FutureCancelledError: tile-t26_437 cancelled for reason: already forgotten.  |  114 ok / 1445 failed, 215 min elapsed, eta 4.3 h
[1560/3434] t27_651: FutureCancelledError: tile-t27_651 cancelled for reason: already forgotten.  |  114 ok / 1446 failed, 215 min elapsed, eta 4.3 h
[1561/3434] t26_511: FutureCancelledError: tile-t26_511 cancelled for reason: already forgotten.  |  114 ok / 1447 failed, 215 min elapsed, eta 4.3 h
[1562/3434] t35_627: FutureCancelledError: tile-t35_627 cancelled for reason: already forgotten.  |  114 ok / 1448 failed, 215 min elapsed, eta 4.3 h
[1563/3434] t15_489: FutureCancelledError: tile-t15_489 cancelled for reason: already forgotten.  |  114 ok / 1449 failed, 215 min elapsed, eta 4.3 h
[1564/3434] t12_492: FutureCancelledError: tile-t12_492 cancelled for reason: already forgotten.  |  114 ok / 1450 failed, 215 min elapsed, eta 4.3 h
[1565/3434] t21_499: FutureCancelledError: tile-t21_499 cancelled for reason: already forgotten.  |  114 ok / 1451 failed, 215 min elapsed, eta 4.3 h
[1566/3434] t12_447: FutureCancelledError: tile-t12_447 cancelled for reason: already forgotten.  |  114 ok / 1452 failed, 215 min elapsed, eta 4.3 h
[1567/3434] t11_479: FutureCancelledError: tile-t11_479 cancelled for reason: already forgotten.  |  114 ok / 1453 failed, 215 min elapsed, eta 4.3 h
[1568/3434] t25_555: FutureCancelledError: tile-t25_555 cancelled for reason: already forgotten.  |  114 ok / 1454 failed, 215 min elapsed, eta 4.3 h
[1569/3434] t20_430: FutureCancelledError: tile-t20_430 cancelled for reason: already forgotten.  |  114 ok / 1455 failed, 215 min elapsed, eta 4.3 h
[1570/3434] t24_425: FutureCancelledError: tile-t24_425 cancelled for reason: already forgotten.  |  114 ok / 1456 failed, 215 min elapsed, eta 4.3 h
[1571/3434] t31_611: FutureCancelledError: tile-t31_611 cancelled for reason: already forgotten.  |  114 ok / 1457 failed, 215 min elapsed, eta 4.3 h
[1572/3434] t16_568: FutureCancelledError: tile-t16_568 cancelled for reason: already forgotten.  |  114 ok / 1458 failed, 215 min elapsed, eta 4.2 h
[1573/3434] t19_404: FutureCancelledError: tile-t19_404 cancelled for reason: already forgotten.  |  114 ok / 1459 failed, 215 min elapsed, eta 4.2 h
[1574/3434] t8_509: FutureCancelledError: tile-t8_509 cancelled for reason: already forgotten.  |  114 ok / 1460 failed, 215 min elapsed, eta 4.2 h
[1575/3434] t21_464: FutureCancelledError: tile-t21_464 cancelled for reason: already forgotten.  |  114 ok / 1461 failed, 215 min elapsed, eta 4.2 h
[1576/3434] t21_423: FutureCancelledError: tile-t21_423 cancelled for reason: already forgotten.  |  114 ok / 1462 failed, 215 min elapsed, eta 4.2 h
[1577/3434] t9_529: FutureCancelledError: tile-t9_529 cancelled for reason: already forgotten.  |  114 ok / 1463 failed, 215 min elapsed, eta 4.2 h
[1578/3434] t19_589: FutureCancelledError: tile-t19_589 cancelled for reason: already forgotten.  |  114 ok / 1464 failed, 215 min elapsed, eta 4.2 h
[1579/3434] t25_623: FutureCancelledError: tile-t25_623 cancelled for reason: already forgotten.  |  114 ok / 1465 failed, 215 min elapsed, eta 4.2 h
[1580/3434] t17_502: FutureCancelledError: tile-t17_502 cancelled for reason: already forgotten.  |  114 ok / 1466 failed, 215 min elapsed, eta 4.2 h
[1581/3434] t27_399: FutureCancelledError: tile-t27_399 cancelled for reason: already forgotten.  |  114 ok / 1467 failed, 215 min elapsed, eta 4.2 h
[1582/3434] t38_637: FutureCancelledError: tile-t38_637 cancelled for reason: already forgotten.  |  114 ok / 1468 failed, 215 min elapsed, eta 4.2 h
[1583/3434] t39_399: FutureCancelledError: tile-t39_399 cancelled for reason: already forgotten.  |  114 ok / 1469 failed, 215 min elapsed, eta 4.2 h
[1584/3434] t31_595: FutureCancelledError: tile-t31_595 cancelled for reason: already forgotten.  |  114 ok / 1470 failed, 215 min elapsed, eta 4.2 h
[1585/3434] t23_478: FutureCancelledError: tile-t23_478 cancelled for reason: already forgotten.  |  114 ok / 1471 failed, 215 min elapsed, eta 4.2 h
[1586/3434] t16_582: FutureCancelledError: tile-t16_582 cancelled for reason: already forgotten.  |  114 ok / 1472 failed, 215 min elapsed, eta 4.2 h
[1587/3434] t32_419: FutureCancelledError: tile-t32_419 cancelled for reason: already forgotten.  |  114 ok / 1473 failed, 215 min elapsed, eta 4.2 h
[1588/3434] t33_618: FutureCancelledError: tile-t33_618 cancelled for reason: already forgotten.  |  114 ok / 1474 failed, 215 min elapsed, eta 4.2 h
[1589/3434] t14_570: FutureCancelledError: tile-t14_570 cancelled for reason: already forgotten.  |  114 ok / 1475 failed, 215 min elapsed, eta 4.2 h
[1590/3434] t12_577: FutureCancelledError: tile-t12_577 cancelled for reason: already forgotten.  |  114 ok / 1476 failed, 215 min elapsed, eta 4.2 h
[1591/3434] t48_399: FutureCancelledError: tile-t48_399 cancelled for reason: already forgotten.  |  114 ok / 1477 failed, 215 min elapsed, eta 4.2 h
[1592/3434] t18_577: FutureCancelledError: tile-t18_577 cancelled for reason: already forgotten.  |  114 ok / 1478 failed, 215 min elapsed, eta 4.1 h
[1593/3434] t19_489: FutureCancelledError: tile-t19_489 cancelled for reason: already forgotten.  |  114 ok / 1479 failed, 215 min elapsed, eta 4.1 h
[1594/3434] t16_438: FutureCancelledError: tile-t16_438 cancelled for reason: already forgotten.  |  114 ok / 1480 failed, 215 min elapsed, eta 4.1 h
[1595/3434] t31_576: FutureCancelledError: tile-t31_576 cancelled for reason: already forgotten.  |  114 ok / 1481 failed, 215 min elapsed, eta 4.1 h
[1596/3434] t45_402: FutureCancelledError: tile-t45_402 cancelled for reason: already forgotten.  |  114 ok / 1482 failed, 215 min elapsed, eta 4.1 h
[1597/3434] t28_416: FutureCancelledError: tile-t28_416 cancelled for reason: already forgotten.  |  114 ok / 1483 failed, 215 min elapsed, eta 4.1 h
[1598/3434] t37_616: FutureCancelledError: tile-t37_616 cancelled for reason: already forgotten.  |  114 ok / 1484 failed, 215 min elapsed, eta 4.1 h
[1599/3434] t26_660: FutureCancelledError: tile-t26_660 cancelled for reason: already forgotten.  |  114 ok / 1485 failed, 215 min elapsed, eta 4.1 h
[1600/3434] t22_609: FutureCancelledError: tile-t22_609 cancelled for reason: already forgotten.  |  114 ok / 1486 failed, 215 min elapsed, eta 4.1 h
[1601/3434] t17_471: FutureCancelledError: tile-t17_471 cancelled for reason: already forgotten.  |  114 ok / 1487 failed, 215 min elapsed, eta 4.1 h
[1602/3434] t25_563: FutureCancelledError: tile-t25_563 cancelled for reason: already forgotten.  |  114 ok / 1488 failed, 215 min elapsed, eta 4.1 h
[1603/3434] t19_477: FutureCancelledError: tile-t19_477 cancelled for reason: already forgotten.  |  114 ok / 1489 failed, 215 min elapsed, eta 4.1 h
[1604/3434] t7_461: FutureCancelledError: tile-t7_461 cancelled for reason: already forgotten.  |  114 ok / 1490 failed, 215 min elapsed, eta 4.1 h
[1605/3434] t20_495: FutureCancelledError: tile-t20_495 cancelled for reason: already forgotten.  |  114 ok / 1491 failed, 215 min elapsed, eta 4.1 h
[1606/3434] t34_412: FutureCancelledError: tile-t34_412 cancelled for reason: already forgotten.  |  114 ok / 1492 failed, 215 min elapsed, eta 4.1 h
[1607/3434] t28_629: FutureCancelledError: tile-t28_629 cancelled for reason: already forgotten.  |  114 ok / 1493 failed, 215 min elapsed, eta 4.1 h
[1608/3434] t10_499: FutureCancelledError: tile-t10_499 cancelled for reason: already forgotten.  |  114 ok / 1494 failed, 215 min elapsed, eta 4.1 h
[1609/3434] t31_657: FutureCancelledError: tile-t31_657 cancelled for reason: already forgotten.  |  114 ok / 1495 failed, 215 min elapsed, eta 4.1 h
[1610/3434] t13_489: FutureCancelledError: tile-t13_489 cancelled for reason: already forgotten.  |  114 ok / 1496 failed, 215 min elapsed, eta 4.1 h
[1611/3434] t28_508: FutureCancelledError: tile-t28_508 cancelled for reason: already forgotten.  |  114 ok / 1497 failed, 215 min elapsed, eta 4.1 h
[1612/3434] t16_496: FutureCancelledError: tile-t16_496 cancelled for reason: already forgotten.  |  114 ok / 1498 failed, 215 min elapsed, eta 4.1 h
[1613/3434] t11_504: FutureCancelledError: tile-t11_504 cancelled for reason: already forgotten.  |  114 ok / 1499 failed, 215 min elapsed, eta 4.0 h
[1614/3434] t20_559: FutureCancelledError: tile-t20_559 cancelled for reason: already forgotten.  |  114 ok / 1500 failed, 215 min elapsed, eta 4.0 h
[1615/3434] t16_497: FutureCancelledError: tile-t16_497 cancelled for reason: already forgotten.  |  114 ok / 1501 failed, 215 min elapsed, eta 4.0 h
[1616/3434] t59_391: FutureCancelledError: tile-t59_391 cancelled for reason: already forgotten.  |  114 ok / 1502 failed, 215 min elapsed, eta 4.0 h
[1617/3434] t21_487: FutureCancelledError: tile-t21_487 cancelled for reason: already forgotten.  |  114 ok / 1503 failed, 215 min elapsed, eta 4.0 h
[1618/3434] t19_484: FutureCancelledError: tile-t19_484 cancelled for reason: already forgotten.  |  114 ok / 1504 failed, 215 min elapsed, eta 4.0 h
[1619/3434] t16_420: FutureCancelledError: tile-t16_420 cancelled for reason: already forgotten.  |  114 ok / 1505 failed, 215 min elapsed, eta 4.0 h
[1620/3434] t9_474: FutureCancelledError: tile-t9_474 cancelled for reason: already forgotten.  |  114 ok / 1506 failed, 215 min elapsed, eta 4.0 h
[1621/3434] t22_410: FutureCancelledError: tile-t22_410 cancelled for reason: already forgotten.  |  114 ok / 1507 failed, 215 min elapsed, eta 4.0 h
[1622/3434] t23_508: FutureCancelledError: tile-t23_508 cancelled for reason: already forgotten.  |  114 ok / 1508 failed, 215 min elapsed, eta 4.0 h
[1623/3434] t25_604: FutureCancelledError: tile-t25_604 cancelled for reason: already forgotten.  |  114 ok / 1509 failed, 215 min elapsed, eta 4.0 h
[1624/3434] t21_612: FutureCancelledError: tile-t21_612 cancelled for reason: already forgotten.  |  114 ok / 1510 failed, 215 min elapsed, eta 4.0 h
[1625/3434] t31_655: FutureCancelledError: tile-t31_655 cancelled for reason: already forgotten.  |  114 ok / 1511 failed, 215 min elapsed, eta 4.0 h
[1626/3434] t26_618: FutureCancelledError: tile-t26_618 cancelled for reason: already forgotten.  |  114 ok / 1512 failed, 215 min elapsed, eta 4.0 h
[1627/3434] t7_432: FutureCancelledError: tile-t7_432 cancelled for reason: already forgotten.  |  114 ok / 1513 failed, 215 min elapsed, eta 4.0 h
[1628/3434] t16_573: FutureCancelledError: tile-t16_573 cancelled for reason: already forgotten.  |  114 ok / 1514 failed, 215 min elapsed, eta 4.0 h
[1629/3434] t27_592: FutureCancelledError: tile-t27_592 cancelled for reason: already forgotten.  |  114 ok / 1515 failed, 215 min elapsed, eta 4.0 h
[1630/3434] t12_467: FutureCancelledError: tile-t12_467 cancelled for reason: already forgotten.  |  114 ok / 1516 failed, 215 min elapsed, eta 4.0 h
[1631/3434] t36_626: FutureCancelledError: tile-t36_626 cancelled for reason: already forgotten.  |  114 ok / 1517 failed, 215 min elapsed, eta 4.0 h
[1632/3434] t23_558: FutureCancelledError: tile-t23_558 cancelled for reason: already forgotten.  |  114 ok / 1518 failed, 215 min elapsed, eta 4.0 h
[1633/3434] t30_648: FutureCancelledError: tile-t30_648 cancelled for reason: already forgotten.  |  114 ok / 1519 failed, 215 min elapsed, eta 4.0 h
[1634/3434] t22_553: FutureCancelledError: tile-t22_553 cancelled for reason: already forgotten.  |  114 ok / 1520 failed, 215 min elapsed, eta 3.9 h
[1635/3434] t16_539: FutureCancelledError: tile-t16_539 cancelled for reason: already forgotten.  |  114 ok / 1521 failed, 215 min elapsed, eta 3.9 h
[1636/3434] t8_422: FutureCancelledError: tile-t8_422 cancelled for reason: already forgotten.  |  114 ok / 1522 failed, 215 min elapsed, eta 3.9 h
[1637/3434] t26_426: FutureCancelledError: tile-t26_426 cancelled for reason: already forgotten.  |  114 ok / 1523 failed, 215 min elapsed, eta 3.9 h
[1638/3434] t47_411: FutureCancelledError: tile-t47_411 cancelled for reason: already forgotten.  |  114 ok / 1524 failed, 215 min elapsed, eta 3.9 h
[1639/3434] t34_397: FutureCancelledError: tile-t34_397 cancelled for reason: already forgotten.  |  114 ok / 1525 failed, 215 min elapsed, eta 3.9 h
[1640/3434] t29_422: FutureCancelledError: tile-t29_422 cancelled for reason: already forgotten.  |  114 ok / 1526 failed, 215 min elapsed, eta 3.9 h
[1641/3434] t32_645: FutureCancelledError: tile-t32_645 cancelled for reason: already forgotten.  |  114 ok / 1527 failed, 215 min elapsed, eta 3.9 h
[1642/3434] t17_555: FutureCancelledError: tile-t17_555 cancelled for reason: already forgotten.  |  114 ok / 1528 failed, 215 min elapsed, eta 3.9 h
[1643/3434] t37_646: FutureCancelledError: tile-t37_646 cancelled for reason: already forgotten.  |  114 ok / 1529 failed, 215 min elapsed, eta 3.9 h
[1644/3434] t11_460: FutureCancelledError: tile-t11_460 cancelled for reason: already forgotten.  |  114 ok / 1530 failed, 215 min elapsed, eta 3.9 h
[1645/3434] t39_631: FutureCancelledError: tile-t39_631 cancelled for reason: already forgotten.  |  114 ok / 1531 failed, 215 min elapsed, eta 3.9 h
[1646/3434] t37_663: FutureCancelledError: tile-t37_663 cancelled for reason: already forgotten.  |  114 ok / 1532 failed, 215 min elapsed, eta 3.9 h
[1647/3434] t30_661: FutureCancelledError: tile-t30_661 cancelled for reason: already forgotten.  |  114 ok / 1533 failed, 215 min elapsed, eta 3.9 h
[1648/3434] t12_426: FutureCancelledError: tile-t12_426 cancelled for reason: already forgotten.  |  114 ok / 1534 failed, 215 min elapsed, eta 3.9 h
[1649/3434] t25_424: FutureCancelledError: tile-t25_424 cancelled for reason: already forgotten.  |  114 ok / 1535 failed, 215 min elapsed, eta 3.9 h
[1650/3434] t19_579: FutureCancelledError: tile-t19_579 cancelled for reason: already forgotten.  |  114 ok / 1536 failed, 215 min elapsed, eta 3.9 h
[1651/3434] t30_667: FutureCancelledError: tile-t30_667 cancelled for reason: already forgotten.  |  114 ok / 1537 failed, 215 min elapsed, eta 3.9 h
[1652/3434] t24_542: FutureCancelledError: tile-t24_542 cancelled for reason: already forgotten.  |  114 ok / 1538 failed, 215 min elapsed, eta 3.9 h
[1653/3434] t14_554: FutureCancelledError: tile-t14_554 cancelled for reason: already forgotten.  |  114 ok / 1539 failed, 215 min elapsed, eta 3.9 h
[1654/3434] t51_413: FutureCancelledError: tile-t51_413 cancelled for reason: already forgotten.  |  114 ok / 1540 failed, 215 min elapsed, eta 3.9 h
[1655/3434] t23_565: FutureCancelledError: tile-t23_565 cancelled for reason: already forgotten.  |  114 ok / 1541 failed, 215 min elapsed, eta 3.9 h
[1656/3434] t40_418: FutureCancelledError: tile-t40_418 cancelled for reason: already forgotten.  |  114 ok / 1542 failed, 215 min elapsed, eta 3.8 h
[1657/3434] t25_513: FutureCancelledError: tile-t25_513 cancelled for reason: already forgotten.  |  114 ok / 1543 failed, 215 min elapsed, eta 3.8 h
[1658/3434] t27_606: FutureCancelledError: tile-t27_606 cancelled for reason: already forgotten.  |  114 ok / 1544 failed, 215 min elapsed, eta 3.8 h
[1659/3434] t10_440: FutureCancelledError: tile-t10_440 cancelled for reason: already forgotten.  |  114 ok / 1545 failed, 215 min elapsed, eta 3.8 h
[1660/3434] t7_472: FutureCancelledError: tile-t7_472 cancelled for reason: already forgotten.  |  114 ok / 1546 failed, 215 min elapsed, eta 3.8 h
[1661/3434] t36_615: FutureCancelledError: tile-t36_615 cancelled for reason: already forgotten.  |  114 ok / 1547 failed, 215 min elapsed, eta 3.8 h
[1662/3434] t11_576: FutureCancelledError: tile-t11_576 cancelled for reason: already forgotten.  |  114 ok / 1548 failed, 215 min elapsed, eta 3.8 h
[1663/3434] t13_449: FutureCancelledError: tile-t13_449 cancelled for reason: already forgotten.  |  114 ok / 1549 failed, 215 min elapsed, eta 3.8 h
[1664/3434] t11_526: FutureCancelledError: tile-t11_526 cancelled for reason: already forgotten.  |  114 ok / 1550 failed, 215 min elapsed, eta 3.8 h
[1665/3434] t41_416: FutureCancelledError: tile-t41_416 cancelled for reason: already forgotten.  |  114 ok / 1551 failed, 215 min elapsed, eta 3.8 h
[1666/3434] t22_467: FutureCancelledError: tile-t22_467 cancelled for reason: already forgotten.  |  114 ok / 1552 failed, 215 min elapsed, eta 3.8 h
[1667/3434] t15_587: FutureCancelledError: tile-t15_587 cancelled for reason: already forgotten.  |  114 ok / 1553 failed, 215 min elapsed, eta 3.8 h
[1668/3434] t40_405: FutureCancelledError: tile-t40_405 cancelled for reason: already forgotten.  |  114 ok / 1554 failed, 215 min elapsed, eta 3.8 h
[1669/3434] t13_504: FutureCancelledError: tile-t13_504 cancelled for reason: already forgotten.  |  114 ok / 1555 failed, 215 min elapsed, eta 3.8 h
[1670/3434] t49_409: FutureCancelledError: tile-t49_409 cancelled for reason: already forgotten.  |  114 ok / 1556 failed, 215 min elapsed, eta 3.8 h
[1671/3434] t9_464: FutureCancelledError: tile-t9_464 cancelled for reason: already forgotten.  |  114 ok / 1557 failed, 215 min elapsed, eta 3.8 h
[1672/3434] t43_423: FutureCancelledError: tile-t43_423 cancelled for reason: already forgotten.  |  114 ok / 1558 failed, 215 min elapsed, eta 3.8 h
[1673/3434] t27_582: FutureCancelledError: tile-t27_582 cancelled for reason: already forgotten.  |  114 ok / 1559 failed, 215 min elapsed, eta 3.8 h
[1674/3434] t33_640: FutureCancelledError: tile-t33_640 cancelled for reason: already forgotten.  |  114 ok / 1560 failed, 215 min elapsed, eta 3.8 h
[1675/3434] t10_521: FutureCancelledError: tile-t10_521 cancelled for reason: already forgotten.  |  114 ok / 1561 failed, 215 min elapsed, eta 3.8 h
[1676/3434] t25_615: FutureCancelledError: tile-t25_615 cancelled for reason: already forgotten.  |  114 ok / 1562 failed, 215 min elapsed, eta 3.8 h
[1677/3434] t21_558: FutureCancelledError: tile-t21_558 cancelled for reason: already forgotten.  |  114 ok / 1563 failed, 215 min elapsed, eta 3.8 h
[1678/3434] t15_433: FutureCancelledError: tile-t15_433 cancelled for reason: already forgotten.  |  114 ok / 1564 failed, 215 min elapsed, eta 3.8 h
[1679/3434] t52_395: FutureCancelledError: tile-t52_395 cancelled for reason: already forgotten.  |  114 ok / 1565 failed, 215 min elapsed, eta 3.7 h
[1680/3434] t40_389: FutureCancelledError: tile-t40_389 cancelled for reason: already forgotten.  |  114 ok / 1566 failed, 215 min elapsed, eta 3.7 h
[1681/3434] t19_549: FutureCancelledError: tile-t19_549 cancelled for reason: already forgotten.  |  114 ok / 1567 failed, 215 min elapsed, eta 3.7 h
[1682/3434] t19_434: FutureCancelledError: tile-t19_434 cancelled for reason: already forgotten.  |  114 ok / 1568 failed, 215 min elapsed, eta 3.7 h
[1683/3434] t49_393: FutureCancelledError: tile-t49_393 cancelled for reason: already forgotten.  |  114 ok / 1569 failed, 215 min elapsed, eta 3.7 h
[1684/3434] t45_400: FutureCancelledError: tile-t45_400 cancelled for reason: already forgotten.  |  114 ok / 1570 failed, 215 min elapsed, eta 3.7 h
[1685/3434] t16_511: FutureCancelledError: tile-t16_511 cancelled for reason: already forgotten.  |  114 ok / 1571 failed, 215 min elapsed, eta 3.7 h
[1686/3434] t11_543: FutureCancelledError: tile-t11_543 cancelled for reason: already forgotten.  |  114 ok / 1572 failed, 215 min elapsed, eta 3.7 h
[1687/3434] t16_414: FutureCancelledError: tile-t16_414 cancelled for reason: already forgotten.  |  114 ok / 1573 failed, 215 min elapsed, eta 3.7 h
[1688/3434] t38_616: FutureCancelledError: tile-t38_616 cancelled for reason: already forgotten.  |  114 ok / 1574 failed, 215 min elapsed, eta 3.7 h
[1689/3434] t35_637: FutureCancelledError: tile-t35_637 cancelled for reason: already forgotten.  |  114 ok / 1575 failed, 215 min elapsed, eta 3.7 h
[1690/3434] t24_655: FutureCancelledError: tile-t24_655 cancelled for reason: already forgotten.  |  114 ok / 1576 failed, 215 min elapsed, eta 3.7 h
[1691/3434] t23_513: FutureCancelledError: tile-t23_513 cancelled for reason: already forgotten.  |  114 ok / 1577 failed, 215 min elapsed, eta 3.7 h
[1692/3434] t33_625: FutureCancelledError: tile-t33_625 cancelled for reason: already forgotten.  |  114 ok / 1578 failed, 215 min elapsed, eta 3.7 h
[1693/3434] t25_585: FutureCancelledError: tile-t25_585 cancelled for reason: already forgotten.  |  114 ok / 1579 failed, 215 min elapsed, eta 3.7 h
[1694/3434] t27_522: FutureCancelledError: tile-t27_522 cancelled for reason: already forgotten.  |  114 ok / 1580 failed, 215 min elapsed, eta 3.7 h
[1695/3434] t35_616: FutureCancelledError: tile-t35_616 cancelled for reason: already forgotten.  |  114 ok / 1581 failed, 215 min elapsed, eta 3.7 h
[1696/3434] t26_567: FutureCancelledError: tile-t26_567 cancelled for reason: already forgotten.  |  114 ok / 1582 failed, 215 min elapsed, eta 3.7 h
[1697/3434] t32_423: FutureCancelledError: tile-t32_423 cancelled for reason: already forgotten.  |  114 ok / 1583 failed, 215 min elapsed, eta 3.7 h
[1698/3434] t18_551: FutureCancelledError: tile-t18_551 cancelled for reason: already forgotten.  |  114 ok / 1584 failed, 215 min elapsed, eta 3.7 h
[1699/3434] t15_463: FutureCancelledError: tile-t15_463 cancelled for reason: already forgotten.  |  114 ok / 1585 failed, 215 min elapsed, eta 3.7 h
[1700/3434] t31_570: FutureCancelledError: tile-t31_570 cancelled for reason: already forgotten.  |  114 ok / 1586 failed, 215 min elapsed, eta 3.7 h
[1701/3434] t31_602: FutureCancelledError: tile-t31_602 cancelled for reason: already forgotten.  |  114 ok / 1587 failed, 215 min elapsed, eta 3.7 h
[1702/3434] t11_475: FutureCancelledError: tile-t11_475 cancelled for reason: already forgotten.  |  114 ok / 1588 failed, 215 min elapsed, eta 3.6 h
[1703/3434] t8_504: FutureCancelledError: tile-t8_504 cancelled for reason: already forgotten.  |  114 ok / 1589 failed, 215 min elapsed, eta 3.6 h
[1704/3434] t25_398: FutureCancelledError: tile-t25_398 cancelled for reason: already forgotten.  |  114 ok / 1590 failed, 215 min elapsed, eta 3.6 h
[1705/3434] t27_573: FutureCancelledError: tile-t27_573 cancelled for reason: already forgotten.  |  114 ok / 1591 failed, 215 min elapsed, eta 3.6 h
[1706/3434] t26_586: FutureCancelledError: tile-t26_586 cancelled for reason: already forgotten.  |  114 ok / 1592 failed, 215 min elapsed, eta 3.6 h
[1707/3434] t50_410: FutureCancelledError: tile-t50_410 cancelled for reason: already forgotten.  |  114 ok / 1593 failed, 215 min elapsed, eta 3.6 h
[1708/3434] t9_421: FutureCancelledError: tile-t9_421 cancelled for reason: already forgotten.  |  114 ok / 1594 failed, 215 min elapsed, eta 3.6 h
[1709/3434] t52_410: FutureCancelledError: tile-t52_410 cancelled for reason: already forgotten.  |  114 ok / 1595 failed, 215 min elapsed, eta 3.6 h
[1710/3434] t34_656: FutureCancelledError: tile-t34_656 cancelled for reason: already forgotten.  |  114 ok / 1596 failed, 215 min elapsed, eta 3.6 h
[1711/3434] t50_420: FutureCancelledError: tile-t50_420 cancelled for reason: already forgotten.  |  114 ok / 1597 failed, 215 min elapsed, eta 3.6 h
[1712/3434] t38_415: FutureCancelledError: tile-t38_415 cancelled for reason: already forgotten.  |  114 ok / 1598 failed, 215 min elapsed, eta 3.6 h
[1713/3434] t12_586: FutureCancelledError: tile-t12_586 cancelled for reason: already forgotten.  |  114 ok / 1599 failed, 215 min elapsed, eta 3.6 h
[1714/3434] t14_532: FutureCancelledError: tile-t14_532 cancelled for reason: already forgotten.  |  114 ok / 1600 failed, 215 min elapsed, eta 3.6 h
[1715/3434] t14_433: FutureCancelledError: tile-t14_433 cancelled for reason: already forgotten.  |  114 ok / 1601 failed, 215 min elapsed, eta 3.6 h
[1716/3434] t13_441: FutureCancelledError: tile-t13_441 cancelled for reason: already forgotten.  |  114 ok / 1602 failed, 215 min elapsed, eta 3.6 h
[1717/3434] t15_581: FutureCancelledError: tile-t15_581 cancelled for reason: already forgotten.  |  114 ok / 1603 failed, 215 min elapsed, eta 3.6 h
[1718/3434] t31_647: FutureCancelledError: tile-t31_647 cancelled for reason: already forgotten.  |  114 ok / 1604 failed, 215 min elapsed, eta 3.6 h
[1719/3434] t22_579: FutureCancelledError: tile-t22_579 cancelled for reason: already forgotten.  |  114 ok / 1605 failed, 215 min elapsed, eta 3.6 h
[1720/3434] t31_406: FutureCancelledError: tile-t31_406 cancelled for reason: already forgotten.  |  114 ok / 1606 failed, 215 min elapsed, eta 3.6 h
[1721/3434] t20_485: FutureCancelledError: tile-t20_485 cancelled for reason: already forgotten.  |  114 ok / 1607 failed, 215 min elapsed, eta 3.6 h
[1722/3434] t25_580: FutureCancelledError: tile-t25_580 cancelled for reason: already forgotten.  |  114 ok / 1608 failed, 215 min elapsed, eta 3.6 h
[1723/3434] t29_621: FutureCancelledError: tile-t29_621 cancelled for reason: already forgotten.  |  114 ok / 1609 failed, 215 min elapsed, eta 3.6 h
[1724/3434] t16_578: FutureCancelledError: tile-t16_578 cancelled for reason: already forgotten.  |  114 ok / 1610 failed, 215 min elapsed, eta 3.6 h
[1725/3434] t11_547: FutureCancelledError: tile-t11_547 cancelled for reason: already forgotten.  |  114 ok / 1611 failed, 215 min elapsed, eta 3.6 h
[1726/3434] t23_424: FutureCancelledError: tile-t23_424 cancelled for reason: already forgotten.  |  114 ok / 1612 failed, 215 min elapsed, eta 3.5 h
[1727/3434] t9_499: FutureCancelledError: tile-t9_499 cancelled for reason: already forgotten.  |  114 ok / 1613 failed, 215 min elapsed, eta 3.5 h
[1728/3434] t21_544: FutureCancelledError: tile-t21_544 cancelled for reason: already forgotten.  |  114 ok / 1614 failed, 215 min elapsed, eta 3.5 h
[1729/3434] t30_577: FutureCancelledError: tile-t30_577 cancelled for reason: already forgotten.  |  114 ok / 1615 failed, 215 min elapsed, eta 3.5 h
[1730/3434] t46_393: FutureCancelledError: tile-t46_393 cancelled for reason: already forgotten.  |  114 ok / 1616 failed, 215 min elapsed, eta 3.5 h
[1731/3434] t24_472: FutureCancelledError: tile-t24_472 cancelled for reason: already forgotten.  |  114 ok / 1617 failed, 215 min elapsed, eta 3.5 h
[1732/3434] t18_570: FutureCancelledError: tile-t18_570 cancelled for reason: already forgotten.  |  114 ok / 1618 failed, 215 min elapsed, eta 3.5 h
[1733/3434] t31_632: FutureCancelledError: tile-t31_632 cancelled for reason: already forgotten.  |  114 ok / 1619 failed, 215 min elapsed, eta 3.5 h
[1734/3434] t24_573: FutureCancelledError: tile-t24_573 cancelled for reason: already forgotten.  |  114 ok / 1620 failed, 215 min elapsed, eta 3.5 h
[1735/3434] t35_418: FutureCancelledError: tile-t35_418 cancelled for reason: already forgotten.  |  114 ok / 1621 failed, 215 min elapsed, eta 3.5 h
[1736/3434] t23_593: FutureCancelledError: tile-t23_593 cancelled for reason: already forgotten.  |  114 ok / 1622 failed, 215 min elapsed, eta 3.5 h
[1737/3434] t26_593: FutureCancelledError: tile-t26_593 cancelled for reason: already forgotten.  |  114 ok / 1623 failed, 215 min elapsed, eta 3.5 h
[1738/3434] t37_410: FutureCancelledError: tile-t37_410 cancelled for reason: already forgotten.  |  114 ok / 1624 failed, 215 min elapsed, eta 3.5 h
[1739/3434] t12_583: FutureCancelledError: tile-t12_583 cancelled for reason: already forgotten.  |  114 ok / 1625 failed, 215 min elapsed, eta 3.5 h
[1740/3434] t15_536: FutureCancelledError: tile-t15_536 cancelled for reason: already forgotten.  |  114 ok / 1626 failed, 215 min elapsed, eta 3.5 h
[1741/3434] t26_543: FutureCancelledError: tile-t26_543 cancelled for reason: already forgotten.  |  114 ok / 1627 failed, 215 min elapsed, eta 3.5 h
[1742/3434] t47_398: FutureCancelledError: tile-t47_398 cancelled for reason: already forgotten.  |  114 ok / 1628 failed, 215 min elapsed, eta 3.5 h
[1743/3434] t21_504: FutureCancelledError: tile-t21_504 cancelled for reason: already forgotten.  |  114 ok / 1629 failed, 215 min elapsed, eta 3.5 h
[1744/3434] t24_584: FutureCancelledError: tile-t24_584 cancelled for reason: already forgotten.  |  114 ok / 1630 failed, 215 min elapsed, eta 3.5 h
[1745/3434] t27_505: FutureCancelledError: tile-t27_505 cancelled for reason: already forgotten.  |  114 ok / 1631 failed, 215 min elapsed, eta 3.5 h
[1746/3434] t23_580: FutureCancelledError: tile-t23_580 cancelled for reason: already forgotten.  |  114 ok / 1632 failed, 215 min elapsed, eta 3.5 h
[1747/3434] t9_505: FutureCancelledError: tile-t9_505 cancelled for reason: already forgotten.  |  114 ok / 1633 failed, 215 min elapsed, eta 3.5 h
[1748/3434] t20_599: FutureCancelledError: tile-t20_599 cancelled for reason: already forgotten.  |  114 ok / 1634 failed, 215 min elapsed, eta 3.5 h
[1749/3434] t10_478: FutureCancelledError: tile-t10_478 cancelled for reason: already forgotten.  |  114 ok / 1635 failed, 215 min elapsed, eta 3.5 h
[1750/3434] t27_657: FutureCancelledError: tile-t27_657 cancelled for reason: already forgotten.  |  114 ok / 1636 failed, 215 min elapsed, eta 3.4 h
[1751/3434] t26_512: FutureCancelledError: tile-t26_512 cancelled for reason: already forgotten.  |  114 ok / 1637 failed, 215 min elapsed, eta 3.4 h
[1752/3434] t10_419: FutureCancelledError: tile-t10_419 cancelled for reason: already forgotten.  |  114 ok / 1638 failed, 215 min elapsed, eta 3.4 h
[1753/3434] t30_657: FutureCancelledError: tile-t30_657 cancelled for reason: already forgotten.  |  114 ok / 1639 failed, 215 min elapsed, eta 3.4 h
[1754/3434] t27_403: FutureCancelledError: tile-t27_403 cancelled for reason: already forgotten.  |  114 ok / 1640 failed, 215 min elapsed, eta 3.4 h
[1755/3434] t19_594: FutureCancelledError: tile-t19_594 cancelled for reason: already forgotten.  |  114 ok / 1641 failed, 215 min elapsed, eta 3.4 h
[1756/3434] t14_539: FutureCancelledError: tile-t14_539 cancelled for reason: already forgotten.  |  114 ok / 1642 failed, 215 min elapsed, eta 3.4 h
[1757/3434] t18_465: FutureCancelledError: tile-t18_465 cancelled for reason: already forgotten.  |  114 ok / 1643 failed, 215 min elapsed, eta 3.4 h
[1758/3434] t38_422: FutureCancelledError: tile-t38_422 cancelled for reason: already forgotten.  |  114 ok / 1644 failed, 215 min elapsed, eta 3.4 h
[1759/3434] t35_628: FutureCancelledError: tile-t35_628 cancelled for reason: already forgotten.  |  114 ok / 1645 failed, 215 min elapsed, eta 3.4 h
[1760/3434] t9_429: FutureCancelledError: tile-t9_429 cancelled for reason: already forgotten.  |  114 ok / 1646 failed, 215 min elapsed, eta 3.4 h
[1761/3434] t48_390: FutureCancelledError: tile-t48_390 cancelled for reason: already forgotten.  |  114 ok / 1647 failed, 215 min elapsed, eta 3.4 h
[1762/3434] t15_530: FutureCancelledError: tile-t15_530 cancelled for reason: already forgotten.  |  114 ok / 1648 failed, 215 min elapsed, eta 3.4 h
[1763/3434] t41_399: FutureCancelledError: tile-t41_399 cancelled for reason: already forgotten.  |  114 ok / 1649 failed, 215 min elapsed, eta 3.4 h
[1764/3434] t19_554: FutureCancelledError: tile-t19_554 cancelled for reason: already forgotten.  |  114 ok / 1650 failed, 215 min elapsed, eta 3.4 h
[1765/3434] t33_605: FutureCancelledError: tile-t33_605 cancelled for reason: already forgotten.  |  114 ok / 1651 failed, 215 min elapsed, eta 3.4 h
[1766/3434] t22_529: FutureCancelledError: tile-t22_529 cancelled for reason: already forgotten.  |  114 ok / 1652 failed, 215 min elapsed, eta 3.4 h
[1767/3434] t30_397: FutureCancelledError: tile-t30_397 cancelled for reason: already forgotten.  |  114 ok / 1653 failed, 215 min elapsed, eta 3.4 h
[1768/3434] t25_568: FutureCancelledError: tile-t25_568 cancelled for reason: already forgotten.  |  114 ok / 1654 failed, 215 min elapsed, eta 3.4 h
[1769/3434] t17_500: FutureCancelledError: tile-t17_500 cancelled for reason: already forgotten.  |  114 ok / 1655 failed, 215 min elapsed, eta 3.4 h
[1770/3434] t17_600: FutureCancelledError: tile-t17_600 cancelled for reason: already forgotten.  |  114 ok / 1656 failed, 215 min elapsed, eta 3.4 h
[1771/3434] t30_623: FutureCancelledError: tile-t30_623 cancelled for reason: already forgotten.  |  114 ok / 1657 failed, 215 min elapsed, eta 3.4 h
[1772/3434] t20_414: FutureCancelledError: tile-t20_414 cancelled for reason: already forgotten.  |  114 ok / 1658 failed, 215 min elapsed, eta 3.4 h
[1773/3434] t15_422: FutureCancelledError: tile-t15_422 cancelled for reason: already forgotten.  |  114 ok / 1659 failed, 215 min elapsed, eta 3.4 h
[1774/3434] t12_536: FutureCancelledError: tile-t12_536 cancelled for reason: already forgotten.  |  114 ok / 1660 failed, 215 min elapsed, eta 3.4 h
[1775/3434] t8_434: FutureCancelledError: tile-t8_434 cancelled for reason: already forgotten.  |  114 ok / 1661 failed, 215 min elapsed, eta 3.4 h
[1776/3434] t17_584: FutureCancelledError: tile-t17_584 cancelled for reason: already forgotten.  |  114 ok / 1662 failed, 215 min elapsed, eta 3.3 h
[1777/3434] t39_629: FutureCancelledError: tile-t39_629 cancelled for reason: already forgotten.  |  114 ok / 1663 failed, 215 min elapsed, eta 3.3 h
[1778/3434] t15_454: FutureCancelledError: tile-t15_454 cancelled for reason: already forgotten.  |  114 ok / 1664 failed, 215 min elapsed, eta 3.3 h
[1779/3434] t22_424: FutureCancelledError: tile-t22_424 cancelled for reason: already forgotten.  |  114 ok / 1665 failed, 215 min elapsed, eta 3.3 h
[1780/3434] t37_409: FutureCancelledError: tile-t37_409 cancelled for reason: already forgotten.  |  114 ok / 1666 failed, 215 min elapsed, eta 3.3 h
[1781/3434] t29_633: FutureCancelledError: tile-t29_633 cancelled for reason: already forgotten.  |  114 ok / 1667 failed, 215 min elapsed, eta 3.3 h
[1782/3434] t11_480: FutureCancelledError: tile-t11_480 cancelled for reason: already forgotten.  |  114 ok / 1668 failed, 215 min elapsed, eta 3.3 h
[1783/3434] t24_568: FutureCancelledError: tile-t24_568 cancelled for reason: already forgotten.  |  114 ok / 1669 failed, 215 min elapsed, eta 3.3 h
[1784/3434] t40_623: FutureCancelledError: tile-t40_623 cancelled for reason: already forgotten.  |  114 ok / 1670 failed, 215 min elapsed, eta 3.3 h
[1785/3434] t15_490: FutureCancelledError: tile-t15_490 cancelled for reason: already forgotten.  |  114 ok / 1671 failed, 215 min elapsed, eta 3.3 h
[1786/3434] t25_564: FutureCancelledError: tile-t25_564 cancelled for reason: already forgotten.  |  114 ok / 1672 failed, 215 min elapsed, eta 3.3 h
[1787/3434] t37_635: FutureCancelledError: tile-t37_635 cancelled for reason: already forgotten.  |  114 ok / 1673 failed, 215 min elapsed, eta 3.3 h
[1788/3434] t14_560: FutureCancelledError: tile-t14_560 cancelled for reason: already forgotten.  |  114 ok / 1674 failed, 215 min elapsed, eta 3.3 h
[1789/3434] t8_480: FutureCancelledError: tile-t8_480 cancelled for reason: already forgotten.  |  114 ok / 1675 failed, 215 min elapsed, eta 3.3 h
[1790/3434] t26_537: FutureCancelledError: tile-t26_537 cancelled for reason: already forgotten.  |  114 ok / 1676 failed, 215 min elapsed, eta 3.3 h
[1791/3434] t28_570: FutureCancelledError: tile-t28_570 cancelled for reason: already forgotten.  |  114 ok / 1677 failed, 215 min elapsed, eta 3.3 h
[1792/3434] t13_459: FutureCancelledError: tile-t13_459 cancelled for reason: already forgotten.  |  114 ok / 1678 failed, 215 min elapsed, eta 3.3 h
[1793/3434] t28_564: FutureCancelledError: tile-t28_564 cancelled for reason: already forgotten.  |  114 ok / 1679 failed, 215 min elapsed, eta 3.3 h
[1794/3434] t47_396: FutureCancelledError: tile-t47_396 cancelled for reason: already forgotten.  |  114 ok / 1680 failed, 215 min elapsed, eta 3.3 h
[1795/3434] t17_420: FutureCancelledError: tile-t17_420 cancelled for reason: already forgotten.  |  114 ok / 1681 failed, 215 min elapsed, eta 3.3 h
[1796/3434] t27_607: FutureCancelledError: tile-t27_607 cancelled for reason: already forgotten.  |  114 ok / 1682 failed, 215 min elapsed, eta 3.3 h
[1797/3434] t36_415: FutureCancelledError: tile-t36_415 cancelled for reason: already forgotten.  |  114 ok / 1683 failed, 215 min elapsed, eta 3.3 h
[1798/3434] t27_586: FutureCancelledError: tile-t27_586 cancelled for reason: already forgotten.  |  114 ok / 1684 failed, 215 min elapsed, eta 3.3 h
[1799/3434] t7_441: FutureCancelledError: tile-t7_441 cancelled for reason: already forgotten.  |  114 ok / 1685 failed, 215 min elapsed, eta 3.3 h
[1800/3434] t33_638: FutureCancelledError: tile-t33_638 cancelled for reason: already forgotten.  |  114 ok / 1686 failed, 215 min elapsed, eta 3.3 h
[1801/3434] t9_540: FutureCancelledError: tile-t9_540 cancelled for reason: already forgotten.  |  114 ok / 1687 failed, 215 min elapsed, eta 3.3 h
[1802/3434] t11_537: FutureCancelledError: tile-t11_537 cancelled for reason: already forgotten.  |  114 ok / 1688 failed, 215 min elapsed, eta 3.2 h
[1803/3434] t33_648: FutureCancelledError: tile-t33_648 cancelled for reason: already forgotten.  |  114 ok / 1689 failed, 215 min elapsed, eta 3.2 h
[1804/3434] t26_535: FutureCancelledError: tile-t26_535 cancelled for reason: already forgotten.  |  114 ok / 1690 failed, 215 min elapsed, eta 3.2 h
[1805/3434] t26_422: FutureCancelledError: tile-t26_422 cancelled for reason: already forgotten.  |  114 ok / 1691 failed, 215 min elapsed, eta 3.2 h
[1806/3434] t24_508: FutureCancelledError: tile-t24_508 cancelled for reason: already forgotten.  |  114 ok / 1692 failed, 215 min elapsed, eta 3.2 h
[1807/3434] t9_446: FutureCancelledError: tile-t9_446 cancelled for reason: already forgotten.  |  114 ok / 1693 failed, 215 min elapsed, eta 3.2 h
[1808/3434] t19_457: FutureCancelledError: tile-t19_457 cancelled for reason: already forgotten.  |  114 ok / 1694 failed, 215 min elapsed, eta 3.2 h
[1809/3434] t16_538: FutureCancelledError: tile-t16_538 cancelled for reason: already forgotten.  |  114 ok / 1695 failed, 215 min elapsed, eta 3.2 h
[1810/3434] t27_414: FutureCancelledError: tile-t27_414 cancelled for reason: already forgotten.  |  114 ok / 1696 failed, 215 min elapsed, eta 3.2 h
[1811/3434] t9_444: FutureCancelledError: tile-t9_444 cancelled for reason: already forgotten.  |  114 ok / 1697 failed, 215 min elapsed, eta 3.2 h
[1812/3434] t47_403: FutureCancelledError: tile-t47_403 cancelled for reason: already forgotten.  |  114 ok / 1698 failed, 215 min elapsed, eta 3.2 h
[1813/3434] t18_590: FutureCancelledError: tile-t18_590 cancelled for reason: already forgotten.  |  114 ok / 1699 failed, 215 min elapsed, eta 3.2 h
[1814/3434] t33_406: FutureCancelledError: tile-t33_406 cancelled for reason: already forgotten.  |  114 ok / 1700 failed, 215 min elapsed, eta 3.2 h
[1815/3434] t14_465: FutureCancelledError: tile-t14_465 cancelled for reason: already forgotten.  |  114 ok / 1701 failed, 215 min elapsed, eta 3.2 h
[1816/3434] t21_434: FutureCancelledError: tile-t21_434 cancelled for reason: already forgotten.  |  114 ok / 1702 failed, 215 min elapsed, eta 3.2 h
[1817/3434] t7_493: FutureCancelledError: tile-t7_493 cancelled for reason: already forgotten.  |  114 ok / 1703 failed, 215 min elapsed, eta 3.2 h
[1818/3434] t23_489: FutureCancelledError: tile-t23_489 cancelled for reason: already forgotten.  |  114 ok / 1704 failed, 215 min elapsed, eta 3.2 h
[1819/3434] t35_618: FutureCancelledError: tile-t35_618 cancelled for reason: already forgotten.  |  114 ok / 1705 failed, 215 min elapsed, eta 3.2 h
[1820/3434] t41_402: FutureCancelledError: tile-t41_402 cancelled for reason: already forgotten.  |  114 ok / 1706 failed, 215 min elapsed, eta 3.2 h
[1821/3434] t18_596: FutureCancelledError: tile-t18_596 cancelled for reason: already forgotten.  |  114 ok / 1707 failed, 215 min elapsed, eta 3.2 h
[1822/3434] t23_415: FutureCancelledError: tile-t23_415 cancelled for reason: already forgotten.  |  114 ok / 1708 failed, 215 min elapsed, eta 3.2 h
[1823/3434] t18_481: FutureCancelledError: tile-t18_481 cancelled for reason: already forgotten.  |  114 ok / 1709 failed, 215 min elapsed, eta 3.2 h
[1824/3434] t52_406: FutureCancelledError: tile-t52_406 cancelled for reason: already forgotten.  |  114 ok / 1710 failed, 215 min elapsed, eta 3.2 h
[1825/3434] t29_401: FutureCancelledError: tile-t29_401 cancelled for reason: already forgotten.  |  114 ok / 1711 failed, 215 min elapsed, eta 3.2 h
[1826/3434] t47_422: FutureCancelledError: tile-t47_422 cancelled for reason: already forgotten.  |  114 ok / 1712 failed, 215 min elapsed, eta 3.2 h
[1827/3434] t39_418: FutureCancelledError: tile-t39_418 cancelled for reason: already forgotten.  |  114 ok / 1713 failed, 215 min elapsed, eta 3.2 h
[1828/3434] t14_575: FutureCancelledError: tile-t14_575 cancelled for reason: already forgotten.  |  114 ok / 1714 failed, 215 min elapsed, eta 3.1 h
[1829/3434] t36_646: FutureCancelledError: tile-t36_646 cancelled for reason: already forgotten.  |  114 ok / 1715 failed, 215 min elapsed, eta 3.1 h
[1830/3434] t28_504: FutureCancelledError: tile-t28_504 cancelled for reason: already forgotten.  |  114 ok / 1716 failed, 215 min elapsed, eta 3.1 h
[1831/3434] t26_571: FutureCancelledError: tile-t26_571 cancelled for reason: already forgotten.  |  114 ok / 1717 failed, 215 min elapsed, eta 3.1 h
[1832/3434] t17_569: FutureCancelledError: tile-t17_569 cancelled for reason: already forgotten.  |  114 ok / 1718 failed, 215 min elapsed, eta 3.1 h
[1833/3434] t13_495: FutureCancelledError: tile-t13_495 cancelled for reason: already forgotten.  |  114 ok / 1719 failed, 215 min elapsed, eta 3.1 h
[1834/3434] t13_555: FutureCancelledError: tile-t13_555 cancelled for reason: already forgotten.  |  114 ok / 1720 failed, 215 min elapsed, eta 3.1 h
[1835/3434] t9_551: FutureCancelledError: tile-t9_551 cancelled for reason: already forgotten.  |  114 ok / 1721 failed, 215 min elapsed, eta 3.1 h
[1836/3434] t7_442: FutureCancelledError: tile-t7_442 cancelled for reason: already forgotten.  |  114 ok / 1722 failed, 215 min elapsed, eta 3.1 h
[1837/3434] t24_612: FutureCancelledError: tile-t24_612 cancelled for reason: already forgotten.  |  114 ok / 1723 failed, 215 min elapsed, eta 3.1 h
[1838/3434] t35_621: FutureCancelledError: tile-t35_621 cancelled for reason: already forgotten.  |  114 ok / 1724 failed, 215 min elapsed, eta 3.1 h
[1839/3434] t32_637: FutureCancelledError: tile-t32_637 cancelled for reason: already forgotten.  |  114 ok / 1725 failed, 215 min elapsed, eta 3.1 h
[1840/3434] t55_391: FutureCancelledError: tile-t55_391 cancelled for reason: already forgotten.  |  114 ok / 1726 failed, 215 min elapsed, eta 3.1 h
[1841/3434] t29_597: FutureCancelledError: tile-t29_597 cancelled for reason: already forgotten.  |  114 ok / 1727 failed, 215 min elapsed, eta 3.1 h
[1842/3434] t42_413: FutureCancelledError: tile-t42_413 cancelled for reason: already forgotten.  |  114 ok / 1728 failed, 215 min elapsed, eta 3.1 h
[1843/3434] t15_593: FutureCancelledError: tile-t15_593 cancelled for reason: already forgotten.  |  114 ok / 1729 failed, 215 min elapsed, eta 3.1 h
[1844/3434] t12_547: FutureCancelledError: tile-t12_547 cancelled for reason: already forgotten.  |  114 ok / 1730 failed, 215 min elapsed, eta 3.1 h
[1845/3434] t14_548: FutureCancelledError: tile-t14_548 cancelled for reason: already forgotten.  |  114 ok / 1731 failed, 215 min elapsed, eta 3.1 h
[1846/3434] t11_528: FutureCancelledError: tile-t11_528 cancelled for reason: already forgotten.  |  114 ok / 1732 failed, 215 min elapsed, eta 3.1 h
[1847/3434] t35_393: FutureCancelledError: tile-t35_393 cancelled for reason: already forgotten.  |  114 ok / 1733 failed, 215 min elapsed, eta 3.1 h
[1848/3434] t34_644: FutureCancelledError: tile-t34_644 cancelled for reason: already forgotten.  |  114 ok / 1734 failed, 215 min elapsed, eta 3.1 h
[1849/3434] t32_400: FutureCancelledError: tile-t32_400 cancelled for reason: already forgotten.  |  114 ok / 1735 failed, 215 min elapsed, eta 3.1 h
[1850/3434] t22_508: FutureCancelledError: tile-t22_508 cancelled for reason: already forgotten.  |  114 ok / 1736 failed, 215 min elapsed, eta 3.1 h
[1851/3434] t11_435: FutureCancelledError: tile-t11_435 cancelled for reason: already forgotten.  |  114 ok / 1737 failed, 215 min elapsed, eta 3.1 h
[1852/3434] t7_471: FutureCancelledError: tile-t7_471 cancelled for reason: already forgotten.  |  114 ok / 1738 failed, 215 min elapsed, eta 3.1 h
[1853/3434] t23_414: FutureCancelledError: tile-t23_414 cancelled for reason: already forgotten.  |  114 ok / 1739 failed, 215 min elapsed, eta 3.1 h
[1854/3434] t50_404: FutureCancelledError: tile-t50_404 cancelled for reason: already forgotten.  |  114 ok / 1740 failed, 215 min elapsed, eta 3.1 h
[1855/3434] t22_523: FutureCancelledError: tile-t22_523 cancelled for reason: already forgotten.  |  114 ok / 1741 failed, 215 min elapsed, eta 3.1 h
[1856/3434] t15_484: FutureCancelledError: tile-t15_484 cancelled for reason: already forgotten.  |  114 ok / 1742 failed, 215 min elapsed, eta 3.0 h
[1857/3434] t16_512: FutureCancelledError: tile-t16_512 cancelled for reason: already forgotten.  |  114 ok / 1743 failed, 215 min elapsed, eta 3.0 h
[1858/3434] t19_564: FutureCancelledError: tile-t19_564 cancelled for reason: already forgotten.  |  114 ok / 1744 failed, 215 min elapsed, eta 3.0 h
[1859/3434] t26_428: FutureCancelledError: tile-t26_428 cancelled for reason: already forgotten.  |  114 ok / 1745 failed, 215 min elapsed, eta 3.0 h
[1860/3434] t37_619: FutureCancelledError: tile-t37_619 cancelled for reason: already forgotten.  |  114 ok / 1746 failed, 215 min elapsed, eta 3.0 h
[1861/3434] t23_460: FutureCancelledError: tile-t23_460 cancelled for reason: already forgotten.  |  114 ok / 1747 failed, 215 min elapsed, eta 3.0 h
[1862/3434] t27_616: FutureCancelledError: tile-t27_616 cancelled for reason: already forgotten.  |  114 ok / 1748 failed, 215 min elapsed, eta 3.0 h
[1863/3434] t19_498: FutureCancelledError: tile-t19_498 cancelled for reason: already forgotten.  |  114 ok / 1749 failed, 215 min elapsed, eta 3.0 h
[1864/3434] t32_601: FutureCancelledError: tile-t32_601 cancelled for reason: already forgotten.  |  114 ok / 1750 failed, 215 min elapsed, eta 3.0 h
[1865/3434] t30_583: FutureCancelledError: tile-t30_583 cancelled for reason: already forgotten.  |  114 ok / 1751 failed, 215 min elapsed, eta 3.0 h
[1866/3434] t22_463: FutureCancelledError: tile-t22_463 cancelled for reason: already forgotten.  |  114 ok / 1752 failed, 215 min elapsed, eta 3.0 h
[1867/3434] t19_467: FutureCancelledError: tile-t19_467 cancelled for reason: already forgotten.  |  114 ok / 1753 failed, 215 min elapsed, eta 3.0 h
[1868/3434] t52_411: FutureCancelledError: tile-t52_411 cancelled for reason: already forgotten.  |  114 ok / 1754 failed, 215 min elapsed, eta 3.0 h
[1869/3434] t25_533: FutureCancelledError: tile-t25_533 cancelled for reason: already forgotten.  |  114 ok / 1755 failed, 215 min elapsed, eta 3.0 h
[1870/3434] t15_566: FutureCancelledError: tile-t15_566 cancelled for reason: already forgotten.  |  114 ok / 1756 failed, 215 min elapsed, eta 3.0 h
[1871/3434] t12_503: FutureCancelledError: tile-t12_503 cancelled for reason: already forgotten.  |  114 ok / 1757 failed, 215 min elapsed, eta 3.0 h
[1872/3434] t46_389: FutureCancelledError: tile-t46_389 cancelled for reason: already forgotten.  |  114 ok / 1758 failed, 215 min elapsed, eta 3.0 h
[1873/3434] t6_487: FutureCancelledError: tile-t6_487 cancelled for reason: already forgotten.  |  114 ok / 1759 failed, 215 min elapsed, eta 3.0 h
[1874/3434] t7_484: FutureCancelledError: tile-t7_484 cancelled for reason: already forgotten.  |  114 ok / 1760 failed, 215 min elapsed, eta 3.0 h
[1875/3434] t25_534: FutureCancelledError: tile-t25_534 cancelled for reason: already forgotten.  |  114 ok / 1761 failed, 215 min elapsed, eta 3.0 h
[1876/3434] t17_470: FutureCancelledError: tile-t17_470 cancelled for reason: already forgotten.  |  114 ok / 1762 failed, 215 min elapsed, eta 3.0 h
[1877/3434] t21_403: FutureCancelledError: tile-t21_403 cancelled for reason: already forgotten.  |  114 ok / 1763 failed, 215 min elapsed, eta 3.0 h
[1878/3434] t36_410: FutureCancelledError: tile-t36_410 cancelled for reason: already forgotten.  |  114 ok / 1764 failed, 215 min elapsed, eta 3.0 h
[1879/3434] t13_593: FutureCancelledError: tile-t13_593 cancelled for reason: already forgotten.  |  114 ok / 1765 failed, 215 min elapsed, eta 3.0 h
[1880/3434] t30_572: FutureCancelledError: tile-t30_572 cancelled for reason: already forgotten.  |  114 ok / 1766 failed, 215 min elapsed, eta 3.0 h
[1881/3434] t32_397: FutureCancelledError: tile-t32_397 cancelled for reason: already forgotten.  |  114 ok / 1767 failed, 215 min elapsed, eta 3.0 h
[1882/3434] t27_436: FutureCancelledError: tile-t27_436 cancelled for reason: already forgotten.  |  114 ok / 1768 failed, 215 min elapsed, eta 3.0 h
[1883/3434] t11_420: FutureCancelledError: tile-t11_420 cancelled for reason: already forgotten.  |  114 ok / 1769 failed, 215 min elapsed, eta 3.0 h
[1884/3434] t23_544: FutureCancelledError: tile-t23_544 cancelled for reason: already forgotten.  |  114 ok / 1770 failed, 215 min elapsed, eta 2.9 h
[1885/3434] t28_655: FutureCancelledError: tile-t28_655 cancelled for reason: already forgotten.  |  114 ok / 1771 failed, 215 min elapsed, eta 2.9 h
[1886/3434] t47_391: FutureCancelledError: tile-t47_391 cancelled for reason: already forgotten.  |  114 ok / 1772 failed, 215 min elapsed, eta 2.9 h
[1887/3434] t34_650: FutureCancelledError: tile-t34_650 cancelled for reason: already forgotten.  |  114 ok / 1773 failed, 215 min elapsed, eta 2.9 h
[1888/3434] t19_595: FutureCancelledError: tile-t19_595 cancelled for reason: already forgotten.  |  114 ok / 1774 failed, 215 min elapsed, eta 2.9 h
[1889/3434] t9_547: FutureCancelledError: tile-t9_547 cancelled for reason: already forgotten.  |  114 ok / 1775 failed, 215 min elapsed, eta 2.9 h
[1890/3434] t12_546: FutureCancelledError: tile-t12_546 cancelled for reason: already forgotten.  |  114 ok / 1776 failed, 215 min elapsed, eta 2.9 h
[1891/3434] t12_452: FutureCancelledError: tile-t12_452 cancelled for reason: already forgotten.  |  114 ok / 1777 failed, 215 min elapsed, eta 2.9 h
[1892/3434] t10_582: FutureCancelledError: tile-t10_582 cancelled for reason: already forgotten.  |  114 ok / 1778 failed, 215 min elapsed, eta 2.9 h
[1893/3434] t8_447: FutureCancelledError: tile-t8_447 cancelled for reason: already forgotten.  |  114 ok / 1779 failed, 215 min elapsed, eta 2.9 h
[1894/3434] t17_487: FutureCancelledError: tile-t17_487 cancelled for reason: already forgotten.  |  114 ok / 1780 failed, 215 min elapsed, eta 2.9 h
[1895/3434] t17_419: FutureCancelledError: tile-t17_419 cancelled for reason: already forgotten.  |  114 ok / 1781 failed, 215 min elapsed, eta 2.9 h
[1896/3434] t31_601: FutureCancelledError: tile-t31_601 cancelled for reason: already forgotten.  |  114 ok / 1782 failed, 215 min elapsed, eta 2.9 h
[1897/3434] t24_597: FutureCancelledError: tile-t24_597 cancelled for reason: already forgotten.  |  114 ok / 1783 failed, 215 min elapsed, eta 2.9 h
[1898/3434] t22_459: FutureCancelledError: tile-t22_459 cancelled for reason: already forgotten.  |  114 ok / 1784 failed, 215 min elapsed, eta 2.9 h
[1899/3434] t29_566: FutureCancelledError: tile-t29_566 cancelled for reason: already forgotten.  |  114 ok / 1785 failed, 215 min elapsed, eta 2.9 h
[1900/3434] t28_583: FutureCancelledError: tile-t28_583 cancelled for reason: already forgotten.  |  114 ok / 1786 failed, 215 min elapsed, eta 2.9 h
[1901/3434] t23_543: FutureCancelledError: tile-t23_543 cancelled for reason: already forgotten.  |  114 ok / 1787 failed, 215 min elapsed, eta 2.9 h
[1902/3434] t19_509: FutureCancelledError: tile-t19_509 cancelled for reason: already forgotten.  |  114 ok / 1788 failed, 215 min elapsed, eta 2.9 h
[1903/3434] t35_641: FutureCancelledError: tile-t35_641 cancelled for reason: already forgotten.  |  114 ok / 1789 failed, 215 min elapsed, eta 2.9 h
[1904/3434] t27_571: FutureCancelledError: tile-t27_571 cancelled for reason: already forgotten.  |  114 ok / 1790 failed, 215 min elapsed, eta 2.9 h
[1905/3434] t17_545: FutureCancelledError: tile-t17_545 cancelled for reason: already forgotten.  |  114 ok / 1791 failed, 215 min elapsed, eta 2.9 h
[1906/3434] t28_578: FutureCancelledError: tile-t28_578 cancelled for reason: already forgotten.  |  114 ok / 1792 failed, 215 min elapsed, eta 2.9 h
[1907/3434] t42_422: FutureCancelledError: tile-t42_422 cancelled for reason: already forgotten.  |  114 ok / 1793 failed, 215 min elapsed, eta 2.9 h
[1908/3434] t25_553: FutureCancelledError: tile-t25_553 cancelled for reason: already forgotten.  |  114 ok / 1794 failed, 215 min elapsed, eta 2.9 h
[1909/3434] t11_532: FutureCancelledError: tile-t11_532 cancelled for reason: already forgotten.  |  114 ok / 1795 failed, 215 min elapsed, eta 2.9 h
[1910/3434] t25_489: FutureCancelledError: tile-t25_489 cancelled for reason: already forgotten.  |  114 ok / 1796 failed, 215 min elapsed, eta 2.9 h
[1911/3434] t39_664: FutureCancelledError: tile-t39_664 cancelled for reason: already forgotten.  |  114 ok / 1797 failed, 215 min elapsed, eta 2.9 h
[1912/3434] t14_415: FutureCancelledError: tile-t14_415 cancelled for reason: already forgotten.  |  114 ok / 1798 failed, 215 min elapsed, eta 2.9 h
[1913/3434] t19_535: FutureCancelledError: tile-t19_535 cancelled for reason: already forgotten.  |  114 ok / 1799 failed, 215 min elapsed, eta 2.9 h
[1914/3434] t17_426: FutureCancelledError: tile-t17_426 cancelled for reason: already forgotten.  |  114 ok / 1800 failed, 215 min elapsed, eta 2.8 h
[1915/3434] t8_496: FutureCancelledError: tile-t8_496 cancelled for reason: already forgotten.  |  114 ok / 1801 failed, 215 min elapsed, eta 2.8 h
[1916/3434] t25_523: FutureCancelledError: tile-t25_523 cancelled for reason: already forgotten.  |  114 ok / 1802 failed, 215 min elapsed, eta 2.8 h
[1917/3434] t25_647: FutureCancelledError: tile-t25_647 cancelled for reason: already forgotten.  |  114 ok / 1803 failed, 215 min elapsed, eta 2.8 h
[1918/3434] t24_503: FutureCancelledError: tile-t24_503 cancelled for reason: already forgotten.  |  114 ok / 1804 failed, 215 min elapsed, eta 2.8 h
[1919/3434] t14_491: FutureCancelledError: tile-t14_491 cancelled for reason: already forgotten.  |  114 ok / 1805 failed, 215 min elapsed, eta 2.8 h
[1920/3434] t9_541: FutureCancelledError: tile-t9_541 cancelled for reason: already forgotten.  |  114 ok / 1806 failed, 215 min elapsed, eta 2.8 h
[1921/3434] t44_409: FutureCancelledError: tile-t44_409 cancelled for reason: already forgotten.  |  114 ok / 1807 failed, 215 min elapsed, eta 2.8 h
[1922/3434] t34_398: FutureCancelledError: tile-t34_398 cancelled for reason: already forgotten.  |  114 ok / 1808 failed, 215 min elapsed, eta 2.8 h
[1923/3434] t20_489: FutureCancelledError: tile-t20_489 cancelled for reason: already forgotten.  |  114 ok / 1809 failed, 215 min elapsed, eta 2.8 h
[1924/3434] t15_450: FutureCancelledError: tile-t15_450 cancelled for reason: already forgotten.  |  114 ok / 1810 failed, 215 min elapsed, eta 2.8 h
[1925/3434] t16_450: FutureCancelledError: tile-t16_450 cancelled for reason: already forgotten.  |  114 ok / 1811 failed, 215 min elapsed, eta 2.8 h
[1926/3434] t26_606: FutureCancelledError: tile-t26_606 cancelled for reason: already forgotten.  |  114 ok / 1812 failed, 215 min elapsed, eta 2.8 h
[1927/3434] t37_667: FutureCancelledError: tile-t37_667 cancelled for reason: already forgotten.  |  114 ok / 1813 failed, 215 min elapsed, eta 2.8 h
[1928/3434] t28_595: FutureCancelledError: tile-t28_595 cancelled for reason: already forgotten.  |  114 ok / 1814 failed, 215 min elapsed, eta 2.8 h
[1929/3434] t49_389: FutureCancelledError: tile-t49_389 cancelled for reason: already forgotten.  |  114 ok / 1815 failed, 215 min elapsed, eta 2.8 h
[1930/3434] t10_523: FutureCancelledError: tile-t10_523 cancelled for reason: already forgotten.  |  114 ok / 1816 failed, 215 min elapsed, eta 2.8 h
[1931/3434] t9_484: FutureCancelledError: tile-t9_484 cancelled for reason: already forgotten.  |  114 ok / 1817 failed, 215 min elapsed, eta 2.8 h
[1932/3434] t35_662: FutureCancelledError: tile-t35_662 cancelled for reason: already forgotten.  |  114 ok / 1818 failed, 215 min elapsed, eta 2.8 h
[1933/3434] t11_533: FutureCancelledError: tile-t11_533 cancelled for reason: already forgotten.  |  114 ok / 1819 failed, 215 min elapsed, eta 2.8 h
[1934/3434] t13_580: FutureCancelledError: tile-t13_580 cancelled for reason: already forgotten.  |  114 ok / 1820 failed, 215 min elapsed, eta 2.8 h
[1935/3434] t21_519: FutureCancelledError: tile-t21_519 cancelled for reason: already forgotten.  |  114 ok / 1821 failed, 215 min elapsed, eta 2.8 h
[1936/3434] t10_448: FutureCancelledError: tile-t10_448 cancelled for reason: already forgotten.  |  114 ok / 1822 failed, 215 min elapsed, eta 2.8 h
[1937/3434] t8_462: FutureCancelledError: tile-t8_462 cancelled for reason: already forgotten.  |  114 ok / 1823 failed, 215 min elapsed, eta 2.8 h
[1938/3434] t14_438: FutureCancelledError: tile-t14_438 cancelled for reason: already forgotten.  |  114 ok / 1824 failed, 215 min elapsed, eta 2.8 h
[1939/3434] t37_615: FutureCancelledError: tile-t37_615 cancelled for reason: already forgotten.  |  114 ok / 1825 failed, 215 min elapsed, eta 2.8 h
[1940/3434] t25_660: FutureCancelledError: tile-t25_660 cancelled for reason: already forgotten.  |  114 ok / 1826 failed, 215 min elapsed, eta 2.8 h
[1941/3434] t22_435: FutureCancelledError: tile-t22_435 cancelled for reason: already forgotten.  |  114 ok / 1827 failed, 215 min elapsed, eta 2.8 h
[1942/3434] t23_615: FutureCancelledError: tile-t23_615 cancelled for reason: already forgotten.  |  114 ok / 1828 failed, 215 min elapsed, eta 2.8 h
[1943/3434] t35_656: FutureCancelledError: tile-t35_656 cancelled for reason: already forgotten.  |  114 ok / 1829 failed, 215 min elapsed, eta 2.8 h
[1944/3434] t15_546: FutureCancelledError: tile-t15_546 cancelled for reason: already forgotten.  |  114 ok / 1830 failed, 215 min elapsed, eta 2.7 h
[1945/3434] t33_405: FutureCancelledError: tile-t33_405 cancelled for reason: already forgotten.  |  114 ok / 1831 failed, 215 min elapsed, eta 2.7 h
[1946/3434] t15_586: FutureCancelledError: tile-t15_586 cancelled for reason: already forgotten.  |  114 ok / 1832 failed, 215 min elapsed, eta 2.7 h
[1947/3434] t7_487: FutureCancelledError: tile-t7_487 cancelled for reason: already forgotten.  |  114 ok / 1833 failed, 215 min elapsed, eta 2.7 h
[1948/3434] t30_401: FutureCancelledError: tile-t30_401 cancelled for reason: already forgotten.  |  114 ok / 1834 failed, 215 min elapsed, eta 2.7 h
[1949/3434] t29_587: FutureCancelledError: tile-t29_587 cancelled for reason: already forgotten.  |  114 ok / 1835 failed, 215 min elapsed, eta 2.7 h
[1950/3434] t48_414: FutureCancelledError: tile-t48_414 cancelled for reason: already forgotten.  |  114 ok / 1836 failed, 215 min elapsed, eta 2.7 h
[1951/3434] t28_584: FutureCancelledError: tile-t28_584 cancelled for reason: already forgotten.  |  114 ok / 1837 failed, 215 min elapsed, eta 2.7 h
[1952/3434] t34_401: FutureCancelledError: tile-t34_401 cancelled for reason: already forgotten.  |  114 ok / 1838 failed, 215 min elapsed, eta 2.7 h
[1953/3434] t18_562: FutureCancelledError: tile-t18_562 cancelled for reason: already forgotten.  |  114 ok / 1839 failed, 215 min elapsed, eta 2.7 h
[1954/3434] t23_549: FutureCancelledError: tile-t23_549 cancelled for reason: already forgotten.  |  114 ok / 1840 failed, 215 min elapsed, eta 2.7 h
[1955/3434] t52_390: FutureCancelledError: tile-t52_390 cancelled for reason: already forgotten.  |  114 ok / 1841 failed, 215 min elapsed, eta 2.7 h
[1956/3434] t26_583: FutureCancelledError: tile-t26_583 cancelled for reason: already forgotten.  |  114 ok / 1842 failed, 215 min elapsed, eta 2.7 h
[1957/3434] t14_466: FutureCancelledError: tile-t14_466 cancelled for reason: already forgotten.  |  114 ok / 1843 failed, 215 min elapsed, eta 2.7 h
[1958/3434] t12_538: FutureCancelledError: tile-t12_538 cancelled for reason: already forgotten.  |  114 ok / 1844 failed, 215 min elapsed, eta 2.7 h
[1959/3434] t21_587: FutureCancelledError: tile-t21_587 cancelled for reason: already forgotten.  |  114 ok / 1845 failed, 215 min elapsed, eta 2.7 h
[1960/3434] t43_389: FutureCancelledError: tile-t43_389 cancelled for reason: already forgotten.  |  114 ok / 1846 failed, 215 min elapsed, eta 2.7 h
[1961/3434] t27_628: FutureCancelledError: tile-t27_628 cancelled for reason: already forgotten.  |  114 ok / 1847 failed, 215 min elapsed, eta 2.7 h
[1962/3434] t26_611: FutureCancelledError: tile-t26_611 cancelled for reason: already forgotten.  |  114 ok / 1848 failed, 215 min elapsed, eta 2.7 h
[1963/3434] t18_404: FutureCancelledError: tile-t18_404 cancelled for reason: already forgotten.  |  114 ok / 1849 failed, 215 min elapsed, eta 2.7 h
[1964/3434] t38_636: FutureCancelledError: tile-t38_636 cancelled for reason: already forgotten.  |  114 ok / 1850 failed, 215 min elapsed, eta 2.7 h
[1965/3434] t18_567: FutureCancelledError: tile-t18_567 cancelled for reason: already forgotten.  |  114 ok / 1851 failed, 215 min elapsed, eta 2.7 h
[1966/3434] t24_405: FutureCancelledError: tile-t24_405 cancelled for reason: already forgotten.  |  114 ok / 1852 failed, 215 min elapsed, eta 2.7 h
[1967/3434] t10_500: FutureCancelledError: tile-t10_500 cancelled for reason: already forgotten.  |  114 ok / 1853 failed, 215 min elapsed, eta 2.7 h
[1968/3434] t14_453: FutureCancelledError: tile-t14_453 cancelled for reason: already forgotten.  |  114 ok / 1854 failed, 215 min elapsed, eta 2.7 h
[1969/3434] t31_419: FutureCancelledError: tile-t31_419 cancelled for reason: already forgotten.  |  114 ok / 1855 failed, 215 min elapsed, eta 2.7 h
[1970/3434] t26_478: FutureCancelledError: tile-t26_478 cancelled for reason: already forgotten.  |  114 ok / 1856 failed, 215 min elapsed, eta 2.7 h
[1971/3434] t36_661: FutureCancelledError: tile-t36_661 cancelled for reason: already forgotten.  |  114 ok / 1857 failed, 215 min elapsed, eta 2.7 h
[1972/3434] t26_617: FutureCancelledError: tile-t26_617 cancelled for reason: already forgotten.  |  114 ok / 1858 failed, 215 min elapsed, eta 2.7 h
[1973/3434] t9_495: FutureCancelledError: tile-t9_495 cancelled for reason: already forgotten.  |  114 ok / 1859 failed, 215 min elapsed, eta 2.7 h
[1974/3434] t19_527: FutureCancelledError: tile-t19_527 cancelled for reason: already forgotten.  |  114 ok / 1860 failed, 215 min elapsed, eta 2.7 h
[1975/3434] t17_435: FutureCancelledError: tile-t17_435 cancelled for reason: already forgotten.  |  114 ok / 1861 failed, 215 min elapsed, eta 2.6 h
[1976/3434] t41_393: FutureCancelledError: tile-t41_393 cancelled for reason: already forgotten.  |  114 ok / 1862 failed, 215 min elapsed, eta 2.6 h
[1977/3434] t17_565: FutureCancelledError: tile-t17_565 cancelled for reason: already forgotten.  |  114 ok / 1863 failed, 215 min elapsed, eta 2.6 h
[1978/3434] t46_411: FutureCancelledError: tile-t46_411 cancelled for reason: already forgotten.  |  114 ok / 1864 failed, 215 min elapsed, eta 2.6 h
[1979/3434] t15_512: FutureCancelledError: tile-t15_512 cancelled for reason: already forgotten.  |  114 ok / 1865 failed, 215 min elapsed, eta 2.6 h
[1980/3434] t8_585: FutureCancelledError: tile-t8_585 cancelled for reason: already forgotten.  |  114 ok / 1866 failed, 215 min elapsed, eta 2.6 h
[1981/3434] t20_585: FutureCancelledError: tile-t20_585 cancelled for reason: already forgotten.  |  114 ok / 1867 failed, 215 min elapsed, eta 2.6 h
[1982/3434] t23_493: FutureCancelledError: tile-t23_493 cancelled for reason: already forgotten.  |  114 ok / 1868 failed, 215 min elapsed, eta 2.6 h
[1983/3434] t10_493: FutureCancelledError: tile-t10_493 cancelled for reason: already forgotten.  |  114 ok / 1869 failed, 215 min elapsed, eta 2.6 h
[1984/3434] t25_434: FutureCancelledError: tile-t25_434 cancelled for reason: already forgotten.  |  114 ok / 1870 failed, 215 min elapsed, eta 2.6 h
[1985/3434] t21_494: FutureCancelledError: tile-t21_494 cancelled for reason: already forgotten.  |  114 ok / 1871 failed, 215 min elapsed, eta 2.6 h
[1986/3434] t12_488: FutureCancelledError: tile-t12_488 cancelled for reason: already forgotten.  |  114 ok / 1872 failed, 215 min elapsed, eta 2.6 h
[1987/3434] t7_528: FutureCancelledError: tile-t7_528 cancelled for reason: already forgotten.  |  114 ok / 1873 failed, 215 min elapsed, eta 2.6 h
[1988/3434] t27_638: FutureCancelledError: tile-t27_638 cancelled for reason: already forgotten.  |  114 ok / 1874 failed, 215 min elapsed, eta 2.6 h
[1989/3434] t22_462: FutureCancelledError: tile-t22_462 cancelled for reason: already forgotten.  |  114 ok / 1875 failed, 215 min elapsed, eta 2.6 h
[1990/3434] t28_658: FutureCancelledError: tile-t28_658 cancelled for reason: already forgotten.  |  114 ok / 1876 failed, 215 min elapsed, eta 2.6 h
[1991/3434] t26_588: FutureCancelledError: tile-t26_588 cancelled for reason: already forgotten.  |  114 ok / 1877 failed, 215 min elapsed, eta 2.6 h
[1992/3434] t51_407: FutureCancelledError: tile-t51_407 cancelled for reason: already forgotten.  |  114 ok / 1878 failed, 215 min elapsed, eta 2.6 h
[1993/3434] t35_417: FutureCancelledError: tile-t35_417 cancelled for reason: already forgotten.  |  114 ok / 1879 failed, 215 min elapsed, eta 2.6 h
[1994/3434] t14_455: FutureCancelledError: tile-t14_455 cancelled for reason: already forgotten.  |  114 ok / 1880 failed, 215 min elapsed, eta 2.6 h
[1995/3434] t12_483: FutureCancelledError: tile-t12_483 cancelled for reason: already forgotten.  |  114 ok / 1881 failed, 215 min elapsed, eta 2.6 h
[1996/3434] t35_603: FutureCancelledError: tile-t35_603 cancelled for reason: already forgotten.  |  114 ok / 1882 failed, 215 min elapsed, eta 2.6 h
[1997/3434] t27_583: FutureCancelledError: tile-t27_583 cancelled for reason: already forgotten.  |  114 ok / 1883 failed, 215 min elapsed, eta 2.6 h
[1998/3434] t18_411: FutureCancelledError: tile-t18_411 cancelled for reason: already forgotten.  |  114 ok / 1884 failed, 215 min elapsed, eta 2.6 h
[1999/3434] t8_479: FutureCancelledError: tile-t8_479 cancelled for reason: already forgotten.  |  114 ok / 1885 failed, 215 min elapsed, eta 2.6 h
[2000/3434] t47_407: FutureCancelledError: tile-t47_407 cancelled for reason: already forgotten.  |  114 ok / 1886 failed, 215 min elapsed, eta 2.6 h
[2001/3434] t19_584: FutureCancelledError: tile-t19_584 cancelled for reason: already forgotten.  |  114 ok / 1887 failed, 215 min elapsed, eta 2.6 h
[2002/3434] t28_590: FutureCancelledError: tile-t28_590 cancelled for reason: already forgotten.  |  114 ok / 1888 failed, 215 min elapsed, eta 2.6 h
[2003/3434] t21_469: FutureCancelledError: tile-t21_469 cancelled for reason: already forgotten.  |  114 ok / 1889 failed, 215 min elapsed, eta 2.6 h
[2004/3434] t31_577: FutureCancelledError: tile-t31_577 cancelled for reason: already forgotten.  |  114 ok / 1890 failed, 215 min elapsed, eta 2.6 h
[2005/3434] t12_463: FutureCancelledError: tile-t12_463 cancelled for reason: already forgotten.  |  114 ok / 1891 failed, 215 min elapsed, eta 2.6 h
[2006/3434] t13_554: FutureCancelledError: tile-t13_554 cancelled for reason: already forgotten.  |  114 ok / 1892 failed, 215 min elapsed, eta 2.6 h
[2007/3434] t22_409: FutureCancelledError: tile-t22_409 cancelled for reason: already forgotten.  |  114 ok / 1893 failed, 215 min elapsed, eta 2.5 h
[2008/3434] t27_666: FutureCancelledError: tile-t27_666 cancelled for reason: already forgotten.  |  114 ok / 1894 failed, 215 min elapsed, eta 2.5 h
[2009/3434] t29_628: FutureCancelledError: tile-t29_628 cancelled for reason: already forgotten.  |  114 ok / 1895 failed, 215 min elapsed, eta 2.5 h
[2010/3434] t50_398: FutureCancelledError: tile-t50_398 cancelled for reason: already forgotten.  |  114 ok / 1896 failed, 215 min elapsed, eta 2.5 h
[2011/3434] t24_410: FutureCancelledError: tile-t24_410 cancelled for reason: already forgotten.  |  114 ok / 1897 failed, 215 min elapsed, eta 2.5 h
[2012/3434] t24_548: FutureCancelledError: tile-t24_548 cancelled for reason: already forgotten.  |  114 ok / 1898 failed, 215 min elapsed, eta 2.5 h
[2013/3434] t48_395: FutureCancelledError: tile-t48_395 cancelled for reason: already forgotten.  |  114 ok / 1899 failed, 215 min elapsed, eta 2.5 h
[2014/3434] t22_527: FutureCancelledError: tile-t22_527 cancelled for reason: already forgotten.  |  114 ok / 1900 failed, 215 min elapsed, eta 2.5 h
[2015/3434] t27_509: FutureCancelledError: tile-t27_509 cancelled for reason: already forgotten.  |  114 ok / 1901 failed, 215 min elapsed, eta 2.5 h
[2016/3434] t14_482: FutureCancelledError: tile-t14_482 cancelled for reason: already forgotten.  |  114 ok / 1902 failed, 215 min elapsed, eta 2.5 h
[2017/3434] t20_553: FutureCancelledError: tile-t20_553 cancelled for reason: already forgotten.  |  114 ok / 1903 failed, 215 min elapsed, eta 2.5 h
[2018/3434] t36_640: FutureCancelledError: tile-t36_640 cancelled for reason: already forgotten.  |  114 ok / 1904 failed, 215 min elapsed, eta 2.5 h
[2019/3434] t30_641: FutureCancelledError: tile-t30_641 cancelled for reason: already forgotten.  |  114 ok / 1905 failed, 215 min elapsed, eta 2.5 h
[2020/3434] t26_408: FutureCancelledError: tile-t26_408 cancelled for reason: already forgotten.  |  114 ok / 1906 failed, 215 min elapsed, eta 2.5 h
[2021/3434] t22_482: FutureCancelledError: tile-t22_482 cancelled for reason: already forgotten.  |  114 ok / 1907 failed, 215 min elapsed, eta 2.5 h
[2022/3434] t36_632: FutureCancelledError: tile-t36_632 cancelled for reason: already forgotten.  |  114 ok / 1908 failed, 215 min elapsed, eta 2.5 h
[2023/3434] t45_423: FutureCancelledError: tile-t45_423 cancelled for reason: already forgotten.  |  114 ok / 1909 failed, 215 min elapsed, eta 2.5 h
[2024/3434] t15_449: FutureCancelledError: tile-t15_449 cancelled for reason: already forgotten.  |  114 ok / 1910 failed, 215 min elapsed, eta 2.5 h
[2025/3434] t13_469: FutureCancelledError: tile-t13_469 cancelled for reason: already forgotten.  |  114 ok / 1911 failed, 215 min elapsed, eta 2.5 h
[2026/3434] t14_469: FutureCancelledError: tile-t14_469 cancelled for reason: already forgotten.  |  114 ok / 1912 failed, 215 min elapsed, eta 2.5 h
[2027/3434] t15_598: FutureCancelledError: tile-t15_598 cancelled for reason: already forgotten.  |  114 ok / 1913 failed, 215 min elapsed, eta 2.5 h
[2028/3434] t27_623: FutureCancelledError: tile-t27_623 cancelled for reason: already forgotten.  |  114 ok / 1914 failed, 215 min elapsed, eta 2.5 h
[2029/3434] t12_496: FutureCancelledError: tile-t12_496 cancelled for reason: already forgotten.  |  114 ok / 1915 failed, 215 min elapsed, eta 2.5 h
[2030/3434] t41_394: FutureCancelledError: tile-t41_394 cancelled for reason: already forgotten.  |  114 ok / 1916 failed, 215 min elapsed, eta 2.5 h
[2031/3434] t18_580: FutureCancelledError: tile-t18_580 cancelled for reason: already forgotten.  |  114 ok / 1917 failed, 215 min elapsed, eta 2.5 h
[2032/3434] t26_663: FutureCancelledError: tile-t26_663 cancelled for reason: already forgotten.  |  114 ok / 1918 failed, 215 min elapsed, eta 2.5 h
[2033/3434] t16_492: FutureCancelledError: tile-t16_492 cancelled for reason: already forgotten.  |  114 ok / 1919 failed, 215 min elapsed, eta 2.5 h
[2034/3434] t29_517: FutureCancelledError: tile-t29_517 cancelled for reason: already forgotten.  |  114 ok / 1920 failed, 215 min elapsed, eta 2.5 h
[2035/3434] t42_418: FutureCancelledError: tile-t42_418 cancelled for reason: already forgotten.  |  114 ok / 1921 failed, 215 min elapsed, eta 2.5 h
[2036/3434] t21_458: FutureCancelledError: tile-t21_458 cancelled for reason: already forgotten.  |  114 ok / 1922 failed, 215 min elapsed, eta 2.5 h
[2037/3434] t31_626: FutureCancelledError: tile-t31_626 cancelled for reason: already forgotten.  |  114 ok / 1923 failed, 215 min elapsed, eta 2.5 h
[2038/3434] t13_436: FutureCancelledError: tile-t13_436 cancelled for reason: already forgotten.  |  114 ok / 1924 failed, 215 min elapsed, eta 2.5 h
[2039/3434] t29_593: FutureCancelledError: tile-t29_593 cancelled for reason: already forgotten.  |  114 ok / 1925 failed, 215 min elapsed, eta 2.5 h
[2040/3434] t12_541: FutureCancelledError: tile-t12_541 cancelled for reason: already forgotten.  |  114 ok / 1926 failed, 215 min elapsed, eta 2.5 h
[2041/3434] t17_497: FutureCancelledError: tile-t17_497 cancelled for reason: already forgotten.  |  114 ok / 1927 failed, 215 min elapsed, eta 2.4 h
[2042/3434] t25_518: FutureCancelledError: tile-t25_518 cancelled for reason: already forgotten.  |  114 ok / 1928 failed, 215 min elapsed, eta 2.4 h
[2043/3434] t13_522: FutureCancelledError: tile-t13_522 cancelled for reason: already forgotten.  |  114 ok / 1929 failed, 215 min elapsed, eta 2.4 h
[2044/3434] t20_411: FutureCancelledError: tile-t20_411 cancelled for reason: already forgotten.  |  114 ok / 1930 failed, 215 min elapsed, eta 2.4 h
[2045/3434] t34_573: FutureCancelledError: tile-t34_573 cancelled for reason: already forgotten.  |  114 ok / 1931 failed, 215 min elapsed, eta 2.4 h
[2046/3434] t39_395: FutureCancelledError: tile-t39_395 cancelled for reason: already forgotten.  |  114 ok / 1932 failed, 215 min elapsed, eta 2.4 h
[2047/3434] t13_583: FutureCancelledError: tile-t13_583 cancelled for reason: already forgotten.  |  114 ok / 1933 failed, 215 min elapsed, eta 2.4 h
[2048/3434] t27_494: FutureCancelledError: tile-t27_494 cancelled for reason: already forgotten.  |  114 ok / 1934 failed, 215 min elapsed, eta 2.4 h
[2049/3434] t31_497: FutureCancelledError: tile-t31_497 cancelled for reason: already forgotten.  |  114 ok / 1935 failed, 215 min elapsed, eta 2.4 h
[2050/3434] t8_527: FutureCancelledError: tile-t8_527 cancelled for reason: already forgotten.  |  114 ok / 1936 failed, 215 min elapsed, eta 2.4 h
[2051/3434] t10_577: FutureCancelledError: tile-t10_577 cancelled for reason: already forgotten.  |  114 ok / 1937 failed, 215 min elapsed, eta 2.4 h
[2052/3434] t27_563: FutureCancelledError: tile-t27_563 cancelled for reason: already forgotten.  |  114 ok / 1938 failed, 215 min elapsed, eta 2.4 h
[2053/3434] t11_518: FutureCancelledError: tile-t11_518 cancelled for reason: already forgotten.  |  114 ok / 1939 failed, 215 min elapsed, eta 2.4 h
[2054/3434] t16_574: FutureCancelledError: tile-t16_574 cancelled for reason: already forgotten.  |  114 ok / 1940 failed, 215 min elapsed, eta 2.4 h
[2055/3434] t13_553: FutureCancelledError: tile-t13_553 cancelled for reason: already forgotten.  |  114 ok / 1941 failed, 215 min elapsed, eta 2.4 h
[2056/3434] t24_409: FutureCancelledError: tile-t24_409 cancelled for reason: already forgotten.  |  114 ok / 1942 failed, 215 min elapsed, eta 2.4 h
[2057/3434] t14_585: FutureCancelledError: tile-t14_585 cancelled for reason: already forgotten.  |  114 ok / 1943 failed, 215 min elapsed, eta 2.4 h
[2058/3434] t23_624: FutureCancelledError: tile-t23_624 cancelled for reason: already forgotten.  |  114 ok / 1944 failed, 215 min elapsed, eta 2.4 h
[2059/3434] t25_598: FutureCancelledError: tile-t25_598 cancelled for reason: already forgotten.  |  114 ok / 1945 failed, 215 min elapsed, eta 2.4 h
[2060/3434] t60_389: FutureCancelledError: tile-t60_389 cancelled for reason: already forgotten.  |  114 ok / 1946 failed, 215 min elapsed, eta 2.4 h
[2061/3434] t28_640: FutureCancelledError: tile-t28_640 cancelled for reason: already forgotten.  |  114 ok / 1947 failed, 215 min elapsed, eta 2.4 h
[2062/3434] t25_550: FutureCancelledError: tile-t25_550 cancelled for reason: already forgotten.  |  114 ok / 1948 failed, 215 min elapsed, eta 2.4 h
[2063/3434] t14_443: FutureCancelledError: tile-t14_443 cancelled for reason: already forgotten.  |  114 ok / 1949 failed, 215 min elapsed, eta 2.4 h
[2064/3434] t27_621: FutureCancelledError: tile-t27_621 cancelled for reason: already forgotten.  |  114 ok / 1950 failed, 215 min elapsed, eta 2.4 h
[2065/3434] t24_408: FutureCancelledError: tile-t24_408 cancelled for reason: already forgotten.  |  114 ok / 1951 failed, 215 min elapsed, eta 2.4 h
[2066/3434] t8_428: FutureCancelledError: tile-t8_428 cancelled for reason: already forgotten.  |  114 ok / 1952 failed, 215 min elapsed, eta 2.4 h
[2067/3434] t20_555: FutureCancelledError: tile-t20_555 cancelled for reason: already forgotten.  |  114 ok / 1953 failed, 215 min elapsed, eta 2.4 h
[2068/3434] t30_398: FutureCancelledError: tile-t30_398 cancelled for reason: already forgotten.  |  114 ok / 1954 failed, 215 min elapsed, eta 2.4 h
[2069/3434] t40_421: FutureCancelledError: tile-t40_421 cancelled for reason: already forgotten.  |  114 ok / 1955 failed, 215 min elapsed, eta 2.4 h
[2070/3434] t10_553: FutureCancelledError: tile-t10_553 cancelled for reason: already forgotten.  |  114 ok / 1956 failed, 215 min elapsed, eta 2.4 h
[2071/3434] t35_643: FutureCancelledError: tile-t35_643 cancelled for reason: already forgotten.  |  114 ok / 1957 failed, 215 min elapsed, eta 2.4 h
[2072/3434] t10_475: FutureCancelledError: tile-t10_475 cancelled for reason: already forgotten.  |  114 ok / 1958 failed, 215 min elapsed, eta 2.4 h
[2073/3434] t13_528: FutureCancelledError: tile-t13_528 cancelled for reason: already forgotten.  |  114 ok / 1959 failed, 215 min elapsed, eta 2.4 h
[2074/3434] t15_448: FutureCancelledError: tile-t15_448 cancelled for reason: already forgotten.  |  114 ok / 1960 failed, 215 min elapsed, eta 2.4 h
[2075/3434] t8_501: FutureCancelledError: tile-t8_501 cancelled for reason: already forgotten.  |  114 ok / 1961 failed, 215 min elapsed, eta 2.3 h
[2076/3434] t39_389: FutureCancelledError: tile-t39_389 cancelled for reason: already forgotten.  |  114 ok / 1962 failed, 215 min elapsed, eta 2.3 h
[2077/3434] t39_640: FutureCancelledError: tile-t39_640 cancelled for reason: already forgotten.  |  114 ok / 1963 failed, 215 min elapsed, eta 2.3 h
[2078/3434] t25_609: FutureCancelledError: tile-t25_609 cancelled for reason: already forgotten.  |  114 ok / 1964 failed, 215 min elapsed, eta 2.3 h
[2079/3434] t37_403: FutureCancelledError: tile-t37_403 cancelled for reason: already forgotten.  |  114 ok / 1965 failed, 215 min elapsed, eta 2.3 h
[2080/3434] t11_483: FutureCancelledError: tile-t11_483 cancelled for reason: already forgotten.  |  114 ok / 1966 failed, 215 min elapsed, eta 2.3 h
[2081/3434] t29_417: FutureCancelledError: tile-t29_417 cancelled for reason: already forgotten.  |  114 ok / 1967 failed, 215 min elapsed, eta 2.3 h
[2082/3434] t41_407: FutureCancelledError: tile-t41_407 cancelled for reason: already forgotten.  |  114 ok / 1968 failed, 215 min elapsed, eta 2.3 h
[2083/3434] t18_572: FutureCancelledError: tile-t18_572 cancelled for reason: already forgotten.  |  114 ok / 1969 failed, 215 min elapsed, eta 2.3 h
[2084/3434] t28_599: FutureCancelledError: tile-t28_599 cancelled for reason: already forgotten.  |  114 ok / 1970 failed, 215 min elapsed, eta 2.3 h
[2085/3434] t38_621: FutureCancelledError: tile-t38_621 cancelled for reason: already forgotten.  |  114 ok / 1971 failed, 215 min elapsed, eta 2.3 h
[2086/3434] t25_419: FutureCancelledError: tile-t25_419 cancelled for reason: already forgotten.  |  114 ok / 1972 failed, 215 min elapsed, eta 2.3 h
[2087/3434] t17_579: FutureCancelledError: tile-t17_579 cancelled for reason: already forgotten.  |  114 ok / 1973 failed, 215 min elapsed, eta 2.3 h
[2088/3434] t31_402: FutureCancelledError: tile-t31_402 cancelled for reason: already forgotten.  |  114 ok / 1974 failed, 215 min elapsed, eta 2.3 h
[2089/3434] t26_582: FutureCancelledError: tile-t26_582 cancelled for reason: already forgotten.  |  114 ok / 1975 failed, 215 min elapsed, eta 2.3 h
[2090/3434] t9_585: FutureCancelledError: tile-t9_585 cancelled for reason: already forgotten.  |  114 ok / 1976 failed, 215 min elapsed, eta 2.3 h
[2091/3434] t21_488: FutureCancelledError: tile-t21_488 cancelled for reason: already forgotten.  |  114 ok / 1977 failed, 215 min elapsed, eta 2.3 h
[2092/3434] t20_600: FutureCancelledError: tile-t20_600 cancelled for reason: already forgotten.  |  114 ok / 1978 failed, 215 min elapsed, eta 2.3 h
[2093/3434] t15_494: FutureCancelledError: tile-t15_494 cancelled for reason: already forgotten.  |  114 ok / 1979 failed, 215 min elapsed, eta 2.3 h
[2094/3434] t9_511: FutureCancelledError: tile-t9_511 cancelled for reason: already forgotten.  |  114 ok / 1980 failed, 215 min elapsed, eta 2.3 h
[2095/3434] t26_416: FutureCancelledError: tile-t26_416 cancelled for reason: already forgotten.  |  114 ok / 1981 failed, 215 min elapsed, eta 2.3 h
[2096/3434] t17_491: FutureCancelledError: tile-t17_491 cancelled for reason: already forgotten.  |  114 ok / 1982 failed, 215 min elapsed, eta 2.3 h
[2097/3434] t14_498: FutureCancelledError: tile-t14_498 cancelled for reason: already forgotten.  |  114 ok / 1983 failed, 215 min elapsed, eta 2.3 h
[2098/3434] t11_494: FutureCancelledError: tile-t11_494 cancelled for reason: already forgotten.  |  114 ok / 1984 failed, 215 min elapsed, eta 2.3 h
[2099/3434] t22_522: FutureCancelledError: tile-t22_522 cancelled for reason: already forgotten.  |  114 ok / 1985 failed, 215 min elapsed, eta 2.3 h
[2100/3434] t35_636: FutureCancelledError: tile-t35_636 cancelled for reason: already forgotten.  |  114 ok / 1986 failed, 215 min elapsed, eta 2.3 h
[2101/3434] t39_423: FutureCancelledError: tile-t39_423 cancelled for reason: already forgotten.  |  114 ok / 1987 failed, 215 min elapsed, eta 2.3 h
[2102/3434] t11_551: FutureCancelledError: tile-t11_551 cancelled for reason: already forgotten.  |  114 ok / 1988 failed, 215 min elapsed, eta 2.3 h
[2103/3434] t23_525: FutureCancelledError: tile-t23_525 cancelled for reason: already forgotten.  |  114 ok / 1989 failed, 215 min elapsed, eta 2.3 h
[2104/3434] t14_573: FutureCancelledError: tile-t14_573 cancelled for reason: already forgotten.  |  114 ok / 1990 failed, 215 min elapsed, eta 2.3 h
[2105/3434] t50_390: FutureCancelledError: tile-t50_390 cancelled for reason: already forgotten.  |  114 ok / 1991 failed, 215 min elapsed, eta 2.3 h
[2106/3434] t17_439: FutureCancelledError: tile-t17_439 cancelled for reason: already forgotten.  |  114 ok / 1992 failed, 215 min elapsed, eta 2.3 h
[2107/3434] t13_574: FutureCancelledError: tile-t13_574 cancelled for reason: already forgotten.  |  114 ok / 1993 failed, 215 min elapsed, eta 2.3 h
[2108/3434] t40_391: FutureCancelledError: tile-t40_391 cancelled for reason: already forgotten.  |  114 ok / 1994 failed, 215 min elapsed, eta 2.3 h
[2109/3434] t37_630: FutureCancelledError: tile-t37_630 cancelled for reason: already forgotten.  |  114 ok / 1995 failed, 215 min elapsed, eta 2.3 h
[2110/3434] t34_615: FutureCancelledError: tile-t34_615 cancelled for reason: already forgotten.  |  114 ok / 1996 failed, 215 min elapsed, eta 2.3 h
[2111/3434] t13_589: FutureCancelledError: tile-t13_589 cancelled for reason: already forgotten.  |  114 ok / 1997 failed, 215 min elapsed, eta 2.2 h
[2112/3434] t9_550: FutureCancelledError: tile-t9_550 cancelled for reason: already forgotten.  |  114 ok / 1998 failed, 215 min elapsed, eta 2.2 h
[2113/3434] t25_610: FutureCancelledError: tile-t25_610 cancelled for reason: already forgotten.  |  114 ok / 1999 failed, 215 min elapsed, eta 2.2 h
[2114/3434] t37_631: FutureCancelledError: tile-t37_631 cancelled for reason: already forgotten.  |  114 ok / 2000 failed, 215 min elapsed, eta 2.2 h
[2115/3434] t33_573: FutureCancelledError: tile-t33_573 cancelled for reason: already forgotten.  |  114 ok / 2001 failed, 215 min elapsed, eta 2.2 h
[2116/3434] t23_419: FutureCancelledError: tile-t23_419 cancelled for reason: already forgotten.  |  114 ok / 2002 failed, 215 min elapsed, eta 2.2 h
[2117/3434] t21_598: FutureCancelledError: tile-t21_598 cancelled for reason: already forgotten.  |  114 ok / 2003 failed, 215 min elapsed, eta 2.2 h
[2118/3434] t14_569: FutureCancelledError: tile-t14_569 cancelled for reason: already forgotten.  |  114 ok / 2004 failed, 215 min elapsed, eta 2.2 h
[2119/3434] t31_635: FutureCancelledError: tile-t31_635 cancelled for reason: already forgotten.  |  114 ok / 2005 failed, 215 min elapsed, eta 2.2 h
[2120/3434] t21_463: FutureCancelledError: tile-t21_463 cancelled for reason: already forgotten.  |  114 ok / 2006 failed, 215 min elapsed, eta 2.2 h
[2121/3434] t43_419: FutureCancelledError: tile-t43_419 cancelled for reason: already forgotten.  |  114 ok / 2007 failed, 215 min elapsed, eta 2.2 h
[2122/3434] t26_658: FutureCancelledError: tile-t26_658 cancelled for reason: already forgotten.  |  114 ok / 2008 failed, 215 min elapsed, eta 2.2 h
[2123/3434] t16_493: FutureCancelledError: tile-t16_493 cancelled for reason: already forgotten.  |  114 ok / 2009 failed, 215 min elapsed, eta 2.2 h
[2124/3434] t21_493: FutureCancelledError: tile-t21_493 cancelled for reason: already forgotten.  |  114 ok / 2010 failed, 215 min elapsed, eta 2.2 h
[2125/3434] t23_570: FutureCancelledError: tile-t23_570 cancelled for reason: already forgotten.  |  114 ok / 2011 failed, 215 min elapsed, eta 2.2 h
[2126/3434] t10_423: FutureCancelledError: tile-t10_423 cancelled for reason: already forgotten.  |  114 ok / 2012 failed, 215 min elapsed, eta 2.2 h
[2127/3434] t23_588: FutureCancelledError: tile-t23_588 cancelled for reason: already forgotten.  |  114 ok / 2013 failed, 215 min elapsed, eta 2.2 h
[2128/3434] t48_396: FutureCancelledError: tile-t48_396 cancelled for reason: already forgotten.  |  114 ok / 2014 failed, 215 min elapsed, eta 2.2 h
[2129/3434] t14_435: FutureCancelledError: tile-t14_435 cancelled for reason: already forgotten.  |  114 ok / 2015 failed, 215 min elapsed, eta 2.2 h
[2130/3434] t39_405: FutureCancelledError: tile-t39_405 cancelled for reason: already forgotten.  |  114 ok / 2016 failed, 215 min elapsed, eta 2.2 h
[2131/3434] t27_611: FutureCancelledError: tile-t27_611 cancelled for reason: already forgotten.  |  114 ok / 2017 failed, 215 min elapsed, eta 2.2 h
[2132/3434] t24_400: FutureCancelledError: tile-t24_400 cancelled for reason: already forgotten.  |  114 ok / 2018 failed, 215 min elapsed, eta 2.2 h
[2133/3434] t22_539: FutureCancelledError: tile-t22_539 cancelled for reason: already forgotten.  |  114 ok / 2019 failed, 215 min elapsed, eta 2.2 h
[2134/3434] t33_654: FutureCancelledError: tile-t33_654 cancelled for reason: already forgotten.  |  114 ok / 2020 failed, 215 min elapsed, eta 2.2 h
[2135/3434] t10_528: FutureCancelledError: tile-t10_528 cancelled for reason: already forgotten.  |  114 ok / 2021 failed, 215 min elapsed, eta 2.2 h
[2136/3434] t31_591: FutureCancelledError: tile-t31_591 cancelled for reason: already forgotten.  |  114 ok / 2022 failed, 215 min elapsed, eta 2.2 h
[2137/3434] t34_393: FutureCancelledError: tile-t34_393 cancelled for reason: already forgotten.  |  114 ok / 2023 failed, 215 min elapsed, eta 2.2 h
[2138/3434] t31_413: FutureCancelledError: tile-t31_413 cancelled for reason: already forgotten.  |  114 ok / 2024 failed, 215 min elapsed, eta 2.2 h
[2139/3434] t24_578: FutureCancelledError: tile-t24_578 cancelled for reason: already forgotten.  |  114 ok / 2025 failed, 215 min elapsed, eta 2.2 h
[2140/3434] t15_473: FutureCancelledError: tile-t15_473 cancelled for reason: already forgotten.  |  114 ok / 2026 failed, 215 min elapsed, eta 2.2 h
[2141/3434] t12_421: FutureCancelledError: tile-t12_421 cancelled for reason: already forgotten.  |  114 ok / 2027 failed, 215 min elapsed, eta 2.2 h
[2142/3434] t45_409: FutureCancelledError: tile-t45_409 cancelled for reason: already forgotten.  |  114 ok / 2028 failed, 215 min elapsed, eta 2.2 h
[2143/3434] t17_477: FutureCancelledError: tile-t17_477 cancelled for reason: already forgotten.  |  114 ok / 2029 failed, 215 min elapsed, eta 2.2 h
[2144/3434] t39_417: FutureCancelledError: tile-t39_417 cancelled for reason: already forgotten.  |  114 ok / 2030 failed, 215 min elapsed, eta 2.2 h
[2145/3434] t35_631: FutureCancelledError: tile-t35_631 cancelled for reason: already forgotten.  |  114 ok / 2031 failed, 215 min elapsed, eta 2.2 h
[2146/3434] t25_414: FutureCancelledError: tile-t25_414 cancelled for reason: already forgotten.  |  114 ok / 2032 failed, 215 min elapsed, eta 2.2 h
[2147/3434] t24_599: FutureCancelledError: tile-t24_599 cancelled for reason: already forgotten.  |  114 ok / 2033 failed, 215 min elapsed, eta 2.1 h
[2148/3434] t37_658: FutureCancelledError: tile-t37_658 cancelled for reason: already forgotten.  |  114 ok / 2034 failed, 215 min elapsed, eta 2.1 h
[2149/3434] t20_503: FutureCancelledError: tile-t20_503 cancelled for reason: already forgotten.  |  114 ok / 2035 failed, 215 min elapsed, eta 2.1 h
[2150/3434] t25_629: FutureCancelledError: tile-t25_629 cancelled for reason: already forgotten.  |  114 ok / 2036 failed, 215 min elapsed, eta 2.1 h
[2151/3434] t23_483: FutureCancelledError: tile-t23_483 cancelled for reason: already forgotten.  |  114 ok / 2037 failed, 215 min elapsed, eta 2.1 h
[2152/3434] t28_653: FutureCancelledError: tile-t28_653 cancelled for reason: already forgotten.  |  114 ok / 2038 failed, 215 min elapsed, eta 2.1 h
[2153/3434] t20_595: FutureCancelledError: tile-t20_595 cancelled for reason: already forgotten.  |  114 ok / 2039 failed, 215 min elapsed, eta 2.1 h
[2154/3434] t16_592: FutureCancelledError: tile-t16_592 cancelled for reason: already forgotten.  |  114 ok / 2040 failed, 215 min elapsed, eta 2.1 h
[2155/3434] t22_504: FutureCancelledError: tile-t22_504 cancelled for reason: already forgotten.  |  114 ok / 2041 failed, 215 min elapsed, eta 2.1 h
[2156/3434] t49_405: FutureCancelledError: tile-t49_405 cancelled for reason: already forgotten.  |  114 ok / 2042 failed, 215 min elapsed, eta 2.1 h
[2157/3434] t40_423: FutureCancelledError: tile-t40_423 cancelled for reason: already forgotten.  |  114 ok / 2043 failed, 215 min elapsed, eta 2.1 h
[2158/3434] t24_517: FutureCancelledError: tile-t24_517 cancelled for reason: already forgotten.  |  114 ok / 2044 failed, 215 min elapsed, eta 2.1 h
[2159/3434] t15_557: FutureCancelledError: tile-t15_557 cancelled for reason: already forgotten.  |  114 ok / 2045 failed, 215 min elapsed, eta 2.1 h
[2160/3434] t19_488: FutureCancelledError: tile-t19_488 cancelled for reason: already forgotten.  |  114 ok / 2046 failed, 215 min elapsed, eta 2.1 h
[2161/3434] t23_598: FutureCancelledError: tile-t23_598 cancelled for reason: already forgotten.  |  114 ok / 2047 failed, 215 min elapsed, eta 2.1 h
[2162/3434] t35_396: FutureCancelledError: tile-t35_396 cancelled for reason: already forgotten.  |  114 ok / 2048 failed, 215 min elapsed, eta 2.1 h
[2163/3434] t21_467: FutureCancelledError: tile-t21_467 cancelled for reason: already forgotten.  |  114 ok / 2049 failed, 215 min elapsed, eta 2.1 h
[2164/3434] t27_498: FutureCancelledError: tile-t27_498 cancelled for reason: already forgotten.  |  114 ok / 2050 failed, 215 min elapsed, eta 2.1 h
[2165/3434] t8_468: FutureCancelledError: tile-t8_468 cancelled for reason: already forgotten.  |  114 ok / 2051 failed, 215 min elapsed, eta 2.1 h
[2166/3434] t30_622: FutureCancelledError: tile-t30_622 cancelled for reason: already forgotten.  |  114 ok / 2052 failed, 215 min elapsed, eta 2.1 h
[2167/3434] t24_604: FutureCancelledError: tile-t24_604 cancelled for reason: already forgotten.  |  114 ok / 2053 failed, 215 min elapsed, eta 2.1 h
[2168/3434] t28_399: FutureCancelledError: tile-t28_399 cancelled for reason: already forgotten.  |  114 ok / 2054 failed, 215 min elapsed, eta 2.1 h
[2169/3434] t14_461: FutureCancelledError: tile-t14_461 cancelled for reason: already forgotten.  |  114 ok / 2055 failed, 215 min elapsed, eta 2.1 h
[2170/3434] t22_544: FutureCancelledError: tile-t22_544 cancelled for reason: already forgotten.  |  114 ok / 2056 failed, 215 min elapsed, eta 2.1 h
[2171/3434] t14_555: FutureCancelledError: tile-t14_555 cancelled for reason: already forgotten.  |  114 ok / 2057 failed, 215 min elapsed, eta 2.1 h
[2172/3434] t17_424: FutureCancelledError: tile-t17_424 cancelled for reason: already forgotten.  |  114 ok / 2058 failed, 215 min elapsed, eta 2.1 h
[2173/3434] t15_528: FutureCancelledError: tile-t15_528 cancelled for reason: already forgotten.  |  114 ok / 2059 failed, 215 min elapsed, eta 2.1 h
[2174/3434] t13_529: FutureCancelledError: tile-t13_529 cancelled for reason: already forgotten.  |  114 ok / 2060 failed, 215 min elapsed, eta 2.1 h
[2175/3434] t33_633: FutureCancelledError: tile-t33_633 cancelled for reason: already forgotten.  |  114 ok / 2061 failed, 215 min elapsed, eta 2.1 h
[2176/3434] t20_421: FutureCancelledError: tile-t20_421 cancelled for reason: already forgotten.  |  114 ok / 2062 failed, 215 min elapsed, eta 2.1 h
[2177/3434] t33_417: FutureCancelledError: tile-t33_417 cancelled for reason: already forgotten.  |  114 ok / 2063 failed, 215 min elapsed, eta 2.1 h
[2178/3434] t17_550: FutureCancelledError: tile-t17_550 cancelled for reason: already forgotten.  |  114 ok / 2064 failed, 215 min elapsed, eta 2.1 h
[2179/3434] t25_661: FutureCancelledError: tile-t25_661 cancelled for reason: already forgotten.  |  114 ok / 2065 failed, 215 min elapsed, eta 2.1 h
[2180/3434] t14_418: FutureCancelledError: tile-t14_418 cancelled for reason: already forgotten.  |  114 ok / 2066 failed, 215 min elapsed, eta 2.1 h
[2181/3434] t24_403: FutureCancelledError: tile-t24_403 cancelled for reason: already forgotten.  |  114 ok / 2067 failed, 215 min elapsed, eta 2.1 h
[2182/3434] t56_392: FutureCancelledError: tile-t56_392 cancelled for reason: already forgotten.  |  114 ok / 2068 failed, 215 min elapsed, eta 2.1 h
[2183/3434] t36_645: FutureCancelledError: tile-t36_645 cancelled for reason: already forgotten.  |  114 ok / 2069 failed, 215 min elapsed, eta 2.1 h
[2184/3434] t34_630: FutureCancelledError: tile-t34_630 cancelled for reason: already forgotten.  |  114 ok / 2070 failed, 215 min elapsed, eta 2.1 h
[2185/3434] t43_405: FutureCancelledError: tile-t43_405 cancelled for reason: already forgotten.  |  114 ok / 2071 failed, 215 min elapsed, eta 2.1 h
[2186/3434] t49_390: FutureCancelledError: tile-t49_390 cancelled for reason: already forgotten.  |  114 ok / 2072 failed, 215 min elapsed, eta 2.0 h
[2187/3434] t26_482: FutureCancelledError: tile-t26_482 cancelled for reason: already forgotten.  |  114 ok / 2073 failed, 215 min elapsed, eta 2.0 h
[2188/3434] t10_485: FutureCancelledError: tile-t10_485 cancelled for reason: already forgotten.  |  114 ok / 2074 failed, 215 min elapsed, eta 2.0 h
[2189/3434] t18_565: FutureCancelledError: tile-t18_565 cancelled for reason: already forgotten.  |  114 ok / 2075 failed, 215 min elapsed, eta 2.0 h
[2190/3434] t32_414: FutureCancelledError: tile-t32_414 cancelled for reason: already forgotten.  |  114 ok / 2076 failed, 215 min elapsed, eta 2.0 h
[2191/3434] t23_554: FutureCancelledError: tile-t23_554 cancelled for reason: already forgotten.  |  114 ok / 2077 failed, 215 min elapsed, eta 2.0 h
[2192/3434] t11_572: FutureCancelledError: tile-t11_572 cancelled for reason: already forgotten.  |  114 ok / 2078 failed, 215 min elapsed, eta 2.0 h
[2193/3434] t20_604: FutureCancelledError: tile-t20_604 cancelled for reason: already forgotten.  |  114 ok / 2079 failed, 215 min elapsed, eta 2.0 h
[2194/3434] t22_572: FutureCancelledError: tile-t22_572 cancelled for reason: already forgotten.  |  114 ok / 2080 failed, 215 min elapsed, eta 2.0 h
[2195/3434] t23_518: FutureCancelledError: tile-t23_518 cancelled for reason: already forgotten.  |  114 ok / 2081 failed, 215 min elapsed, eta 2.0 h
[2196/3434] t26_577: FutureCancelledError: tile-t26_577 cancelled for reason: already forgotten.  |  114 ok / 2082 failed, 215 min elapsed, eta 2.0 h
[2197/3434] t15_547: FutureCancelledError: tile-t15_547 cancelled for reason: already forgotten.  |  114 ok / 2083 failed, 215 min elapsed, eta 2.0 h
[2198/3434] t28_660: FutureCancelledError: tile-t28_660 cancelled for reason: already forgotten.  |  114 ok / 2084 failed, 215 min elapsed, eta 2.0 h
[2199/3434] t20_494: FutureCancelledError: tile-t20_494 cancelled for reason: already forgotten.  |  114 ok / 2085 failed, 215 min elapsed, eta 2.0 h
[2200/3434] t28_618: FutureCancelledError: tile-t28_618 cancelled for reason: already forgotten.  |  114 ok / 2086 failed, 215 min elapsed, eta 2.0 h
[2201/3434] t19_514: FutureCancelledError: tile-t19_514 cancelled for reason: already forgotten.  |  114 ok / 2087 failed, 215 min elapsed, eta 2.0 h
[2202/3434] t9_471: FutureCancelledError: tile-t9_471 cancelled for reason: already forgotten.  |  114 ok / 2088 failed, 215 min elapsed, eta 2.0 h
[2203/3434] t45_412: FutureCancelledError: tile-t45_412 cancelled for reason: already forgotten.  |  114 ok / 2089 failed, 215 min elapsed, eta 2.0 h
[2204/3434] t25_574: FutureCancelledError: tile-t25_574 cancelled for reason: already forgotten.  |  114 ok / 2090 failed, 215 min elapsed, eta 2.0 h
[2205/3434] t25_493: FutureCancelledError: tile-t25_493 cancelled for reason: already forgotten.  |  114 ok / 2091 failed, 215 min elapsed, eta 2.0 h
[2206/3434] t8_522: FutureCancelledError: tile-t8_522 cancelled for reason: already forgotten.  |  114 ok / 2092 failed, 215 min elapsed, eta 2.0 h
[2207/3434] t38_400: FutureCancelledError: tile-t38_400 cancelled for reason: already forgotten.  |  114 ok / 2093 failed, 215 min elapsed, eta 2.0 h
[2208/3434] t37_424: FutureCancelledError: tile-t37_424 cancelled for reason: already forgotten.  |  114 ok / 2094 failed, 215 min elapsed, eta 2.0 h
[2209/3434] t48_401: FutureCancelledError: tile-t48_401 cancelled for reason: already forgotten.  |  114 ok / 2095 failed, 215 min elapsed, eta 2.0 h
[2210/3434] t36_424: FutureCancelledError: tile-t36_424 cancelled for reason: already forgotten.  |  114 ok / 2096 failed, 215 min elapsed, eta 2.0 h
[2211/3434] t21_489: FutureCancelledError: tile-t21_489 cancelled for reason: already forgotten.  |  114 ok / 2097 failed, 215 min elapsed, eta 2.0 h
[2212/3434] t38_632: FutureCancelledError: tile-t38_632 cancelled for reason: already forgotten.  |  114 ok / 2098 failed, 215 min elapsed, eta 2.0 h
[2213/3434] t50_403: FutureCancelledError: tile-t50_403 cancelled for reason: already forgotten.  |  114 ok / 2099 failed, 215 min elapsed, eta 2.0 h
[2214/3434] t34_601: FutureCancelledError: tile-t34_601 cancelled for reason: already forgotten.  |  114 ok / 2100 failed, 215 min elapsed, eta 2.0 h
[2215/3434] t32_646: FutureCancelledError: tile-t32_646 cancelled for reason: already forgotten.  |  114 ok / 2101 failed, 215 min elapsed, eta 2.0 h
[2216/3434] t26_413: FutureCancelledError: tile-t26_413 cancelled for reason: already forgotten.  |  114 ok / 2102 failed, 215 min elapsed, eta 2.0 h
[2217/3434] t14_424: FutureCancelledError: tile-t14_424 cancelled for reason: already forgotten.  |  114 ok / 2103 failed, 215 min elapsed, eta 2.0 h
[2218/3434] t11_485: FutureCancelledError: tile-t11_485 cancelled for reason: already forgotten.  |  114 ok / 2104 failed, 215 min elapsed, eta 2.0 h
[2219/3434] t19_502: FutureCancelledError: tile-t19_502 cancelled for reason: already forgotten.  |  114 ok / 2105 failed, 215 min elapsed, eta 2.0 h
[2220/3434] t35_657: FutureCancelledError: tile-t35_657 cancelled for reason: already forgotten.  |  114 ok / 2106 failed, 215 min elapsed, eta 2.0 h
[2221/3434] t16_409: FutureCancelledError: tile-t16_409 cancelled for reason: already forgotten.  |  114 ok / 2107 failed, 215 min elapsed, eta 2.0 h
[2222/3434] t19_608: FutureCancelledError: tile-t19_608 cancelled for reason: already forgotten.  |  114 ok / 2108 failed, 215 min elapsed, eta 2.0 h
[2223/3434] t20_520: FutureCancelledError: tile-t20_520 cancelled for reason: already forgotten.  |  114 ok / 2109 failed, 215 min elapsed, eta 2.0 h
[2224/3434] t11_500: FutureCancelledError: tile-t11_500 cancelled for reason: already forgotten.  |  114 ok / 2110 failed, 215 min elapsed, eta 2.0 h
[2225/3434] t48_415: FutureCancelledError: tile-t48_415 cancelled for reason: already forgotten.  |  114 ok / 2111 failed, 215 min elapsed, eta 1.9 h
[2226/3434] t46_422: FutureCancelledError: tile-t46_422 cancelled for reason: already forgotten.  |  114 ok / 2112 failed, 215 min elapsed, eta 1.9 h
[2227/3434] t36_617: FutureCancelledError: tile-t36_617 cancelled for reason: already forgotten.  |  114 ok / 2113 failed, 215 min elapsed, eta 1.9 h
[2228/3434] t27_497: FutureCancelledError: tile-t27_497 cancelled for reason: already forgotten.  |  114 ok / 2114 failed, 215 min elapsed, eta 1.9 h
[2229/3434] t14_588: FutureCancelledError: tile-t14_588 cancelled for reason: already forgotten.  |  114 ok / 2115 failed, 215 min elapsed, eta 1.9 h
[2230/3434] t11_439: FutureCancelledError: tile-t11_439 cancelled for reason: already forgotten.  |  114 ok / 2116 failed, 215 min elapsed, eta 1.9 h
[2231/3434] t40_404: FutureCancelledError: tile-t40_404 cancelled for reason: already forgotten.  |  114 ok / 2117 failed, 215 min elapsed, eta 1.9 h
[2232/3434] t17_589: FutureCancelledError: tile-t17_589 cancelled for reason: already forgotten.  |  114 ok / 2118 failed, 215 min elapsed, eta 1.9 h
[2233/3434] t32_617: FutureCancelledError: tile-t32_617 cancelled for reason: already forgotten.  |  114 ok / 2119 failed, 215 min elapsed, eta 1.9 h
[2234/3434] t10_428: FutureCancelledError: tile-t10_428 cancelled for reason: already forgotten.  |  114 ok / 2120 failed, 215 min elapsed, eta 1.9 h
[2235/3434] t25_488: FutureCancelledError: tile-t25_488 cancelled for reason: already forgotten.  |  114 ok / 2121 failed, 215 min elapsed, eta 1.9 h
[2236/3434] t35_602: FutureCancelledError: tile-t35_602 cancelled for reason: already forgotten.  |  114 ok / 2122 failed, 215 min elapsed, eta 1.9 h
[2237/3434] t31_607: FutureCancelledError: tile-t31_607 cancelled for reason: already forgotten.  |  114 ok / 2123 failed, 215 min elapsed, eta 1.9 h
[2238/3434] t26_522: FutureCancelledError: tile-t26_522 cancelled for reason: already forgotten.  |  114 ok / 2124 failed, 215 min elapsed, eta 1.9 h
[2239/3434] t13_481: FutureCancelledError: tile-t13_481 cancelled for reason: already forgotten.  |  114 ok / 2125 failed, 215 min elapsed, eta 1.9 h
[2240/3434] t24_588: FutureCancelledError: tile-t24_588 cancelled for reason: already forgotten.  |  114 ok / 2126 failed, 215 min elapsed, eta 1.9 h
[2241/3434] t26_418: FutureCancelledError: tile-t26_418 cancelled for reason: already forgotten.  |  114 ok / 2127 failed, 215 min elapsed, eta 1.9 h
[2242/3434] t40_396: FutureCancelledError: tile-t40_396 cancelled for reason: already forgotten.  |  114 ok / 2128 failed, 215 min elapsed, eta 1.9 h
[2243/3434] t28_639: FutureCancelledError: tile-t28_639 cancelled for reason: already forgotten.  |  114 ok / 2129 failed, 215 min elapsed, eta 1.9 h
[2244/3434] t33_608: FutureCancelledError: tile-t33_608 cancelled for reason: already forgotten.  |  114 ok / 2130 failed, 215 min elapsed, eta 1.9 h
[2245/3434] t19_503: FutureCancelledError: tile-t19_503 cancelled for reason: already forgotten.  |  114 ok / 2131 failed, 215 min elapsed, eta 1.9 h
[2246/3434] t42_393: FutureCancelledError: tile-t42_393 cancelled for reason: already forgotten.  |  114 ok / 2132 failed, 215 min elapsed, eta 1.9 h
[2247/3434] t16_558: FutureCancelledError: tile-t16_558 cancelled for reason: already forgotten.  |  114 ok / 2133 failed, 215 min elapsed, eta 1.9 h
[2248/3434] t47_402: FutureCancelledError: tile-t47_402 cancelled for reason: already forgotten.  |  114 ok / 2134 failed, 215 min elapsed, eta 1.9 h
[2249/3434] t23_559: FutureCancelledError: tile-t23_559 cancelled for reason: already forgotten.  |  114 ok / 2135 failed, 215 min elapsed, eta 1.9 h
[2250/3434] t46_417: FutureCancelledError: tile-t46_417 cancelled for reason: already forgotten.  |  114 ok / 2136 failed, 215 min elapsed, eta 1.9 h
[2251/3434] t26_563: FutureCancelledError: tile-t26_563 cancelled for reason: already forgotten.  |  114 ok / 2137 failed, 215 min elapsed, eta 1.9 h
[2252/3434] t22_618: FutureCancelledError: tile-t22_618 cancelled for reason: already forgotten.  |  114 ok / 2138 failed, 215 min elapsed, eta 1.9 h
[2253/3434] t20_500: FutureCancelledError: tile-t20_500 cancelled for reason: already forgotten.  |  114 ok / 2139 failed, 215 min elapsed, eta 1.9 h
[2254/3434] t8_449: FutureCancelledError: tile-t8_449 cancelled for reason: already forgotten.  |  114 ok / 2140 failed, 215 min elapsed, eta 1.9 h
[2255/3434] t13_534: FutureCancelledError: tile-t13_534 cancelled for reason: already forgotten.  |  114 ok / 2141 failed, 215 min elapsed, eta 1.9 h
[2256/3434] t7_458: FutureCancelledError: tile-t7_458 cancelled for reason: already forgotten.  |  114 ok / 2142 failed, 215 min elapsed, eta 1.9 h
[2257/3434] t18_506: FutureCancelledError: tile-t18_506 cancelled for reason: already forgotten.  |  114 ok / 2143 failed, 215 min elapsed, eta 1.9 h
[2258/3434] t23_539: FutureCancelledError: tile-t23_539 cancelled for reason: already forgotten.  |  114 ok / 2144 failed, 215 min elapsed, eta 1.9 h
[2259/3434] t20_549: FutureCancelledError: tile-t20_549 cancelled for reason: already forgotten.  |  114 ok / 2145 failed, 215 min elapsed, eta 1.9 h
[2260/3434] t22_573: FutureCancelledError: tile-t22_573 cancelled for reason: already forgotten.  |  114 ok / 2146 failed, 215 min elapsed, eta 1.9 h
[2261/3434] t27_492: FutureCancelledError: tile-t27_492 cancelled for reason: already forgotten.  |  114 ok / 2147 failed, 215 min elapsed, eta 1.9 h
[2262/3434] t31_423: FutureCancelledError: tile-t31_423 cancelled for reason: already forgotten.  |  114 ok / 2148 failed, 215 min elapsed, eta 1.9 h
[2263/3434] t24_483: FutureCancelledError: tile-t24_483 cancelled for reason: already forgotten.  |  114 ok / 2149 failed, 215 min elapsed, eta 1.9 h
[2264/3434] t7_504: FutureCancelledError: tile-t7_504 cancelled for reason: already forgotten.  |  114 ok / 2150 failed, 215 min elapsed, eta 1.9 h
[2265/3434] t26_492: FutureCancelledError: tile-t26_492 cancelled for reason: already forgotten.  |  114 ok / 2151 failed, 215 min elapsed, eta 1.9 h
[2266/3434] t27_578: FutureCancelledError: tile-t27_578 cancelled for reason: already forgotten.  |  114 ok / 2152 failed, 215 min elapsed, eta 1.8 h
[2267/3434] t27_613: FutureCancelledError: tile-t27_613 cancelled for reason: already forgotten.  |  114 ok / 2153 failed, 215 min elapsed, eta 1.8 h
[2268/3434] t31_605: FutureCancelledError: tile-t31_605 cancelled for reason: already forgotten.  |  114 ok / 2154 failed, 215 min elapsed, eta 1.8 h
[2269/3434] t21_433: FutureCancelledError: tile-t21_433 cancelled for reason: already forgotten.  |  114 ok / 2155 failed, 215 min elapsed, eta 1.8 h
[2270/3434] t23_618: FutureCancelledError: tile-t23_618 cancelled for reason: already forgotten.  |  114 ok / 2156 failed, 215 min elapsed, eta 1.8 h
[2271/3434] t26_597: FutureCancelledError: tile-t26_597 cancelled for reason: already forgotten.  |  114 ok / 2157 failed, 215 min elapsed, eta 1.8 h
[2272/3434] t29_662: FutureCancelledError: tile-t29_662 cancelled for reason: already forgotten.  |  114 ok / 2158 failed, 215 min elapsed, eta 1.8 h
[2273/3434] t22_469: FutureCancelledError: tile-t22_469 cancelled for reason: already forgotten.  |  114 ok / 2159 failed, 215 min elapsed, eta 1.8 h
[2274/3434] t8_543: FutureCancelledError: tile-t8_543 cancelled for reason: already forgotten.  |  114 ok / 2160 failed, 215 min elapsed, eta 1.8 h
[2275/3434] t20_608: FutureCancelledError: tile-t20_608 cancelled for reason: already forgotten.  |  114 ok / 2161 failed, 215 min elapsed, eta 1.8 h
[2276/3434] t13_421: FutureCancelledError: tile-t13_421 cancelled for reason: already forgotten.  |  114 ok / 2162 failed, 215 min elapsed, eta 1.8 h
[2277/3434] t22_483: FutureCancelledError: tile-t22_483 cancelled for reason: already forgotten.  |  114 ok / 2163 failed, 215 min elapsed, eta 1.8 h
[2278/3434] t27_435: FutureCancelledError: tile-t27_435 cancelled for reason: already forgotten.  |  114 ok / 2164 failed, 215 min elapsed, eta 1.8 h
[2279/3434] t19_550: FutureCancelledError: tile-t19_550 cancelled for reason: already forgotten.  |  114 ok / 2165 failed, 215 min elapsed, eta 1.8 h
[2280/3434] t23_434: FutureCancelledError: tile-t23_434 cancelled for reason: already forgotten.  |  114 ok / 2166 failed, 215 min elapsed, eta 1.8 h
[2281/3434] t28_630: FutureCancelledError: tile-t28_630 cancelled for reason: already forgotten.  |  114 ok / 2167 failed, 215 min elapsed, eta 1.8 h
[2282/3434] t23_583: FutureCancelledError: tile-t23_583 cancelled for reason: already forgotten.  |  114 ok / 2168 failed, 215 min elapsed, eta 1.8 h
[2283/3434] t25_404: FutureCancelledError: tile-t25_404 cancelled for reason: already forgotten.  |  114 ok / 2169 failed, 215 min elapsed, eta 1.8 h
[2284/3434] t35_647: FutureCancelledError: tile-t35_647 cancelled for reason: already forgotten.  |  114 ok / 2170 failed, 215 min elapsed, eta 1.8 h
[2285/3434] t22_549: FutureCancelledError: tile-t22_549 cancelled for reason: already forgotten.  |  114 ok / 2171 failed, 215 min elapsed, eta 1.8 h
[2286/3434] t13_496: FutureCancelledError: tile-t13_496 cancelled for reason: already forgotten.  |  114 ok / 2172 failed, 215 min elapsed, eta 1.8 h
[2287/3434] t32_606: FutureCancelledError: tile-t32_606 cancelled for reason: already forgotten.  |  114 ok / 2173 failed, 215 min elapsed, eta 1.8 h
[2288/3434] t23_458: FutureCancelledError: tile-t23_458 cancelled for reason: already forgotten.  |  114 ok / 2174 failed, 215 min elapsed, eta 1.8 h
[2289/3434] t21_425: FutureCancelledError: tile-t21_425 cancelled for reason: already forgotten.  |  114 ok / 2175 failed, 215 min elapsed, eta 1.8 h
[2290/3434] t19_574: FutureCancelledError: tile-t19_574 cancelled for reason: already forgotten.  |  114 ok / 2176 failed, 215 min elapsed, eta 1.8 h
[2291/3434] t21_552: FutureCancelledError: tile-t21_552 cancelled for reason: already forgotten.  |  114 ok / 2177 failed, 215 min elapsed, eta 1.8 h
[2292/3434] t17_436: FutureCancelledError: tile-t17_436 cancelled for reason: already forgotten.  |  114 ok / 2178 failed, 215 min elapsed, eta 1.8 h
[2293/3434] t13_444: FutureCancelledError: tile-t13_444 cancelled for reason: already forgotten.  |  114 ok / 2179 failed, 215 min elapsed, eta 1.8 h
[2294/3434] t28_516: FutureCancelledError: tile-t28_516 cancelled for reason: already forgotten.  |  114 ok / 2180 failed, 215 min elapsed, eta 1.8 h
[2295/3434] t25_583: FutureCancelledError: tile-t25_583 cancelled for reason: already forgotten.  |  114 ok / 2181 failed, 215 min elapsed, eta 1.8 h
[2296/3434] t8_532: FutureCancelledError: tile-t8_532 cancelled for reason: already forgotten.  |  114 ok / 2182 failed, 215 min elapsed, eta 1.8 h
[2297/3434] t22_568: FutureCancelledError: tile-t22_568 cancelled for reason: already forgotten.  |  114 ok / 2183 failed, 215 min elapsed, eta 1.8 h
[2298/3434] t11_448: FutureCancelledError: tile-t11_448 cancelled for reason: already forgotten.  |  114 ok / 2184 failed, 215 min elapsed, eta 1.8 h
[2299/3434] t26_501: FutureCancelledError: tile-t26_501 cancelled for reason: already forgotten.  |  114 ok / 2185 failed, 215 min elapsed, eta 1.8 h
[2300/3434] t30_591: FutureCancelledError: tile-t30_591 cancelled for reason: already forgotten.  |  114 ok / 2186 failed, 215 min elapsed, eta 1.8 h
[2301/3434] t23_594: FutureCancelledError: tile-t23_594 cancelled for reason: already forgotten.  |  114 ok / 2187 failed, 215 min elapsed, eta 1.8 h
[2302/3434] t8_467: FutureCancelledError: tile-t8_467 cancelled for reason: already forgotten.  |  114 ok / 2188 failed, 215 min elapsed, eta 1.8 h
[2303/3434] t18_601: FutureCancelledError: tile-t18_601 cancelled for reason: already forgotten.  |  114 ok / 2189 failed, 215 min elapsed, eta 1.8 h
[2304/3434] t16_552: FutureCancelledError: tile-t16_552 cancelled for reason: already forgotten.  |  114 ok / 2190 failed, 215 min elapsed, eta 1.8 h
[2305/3434] t52_405: FutureCancelledError: tile-t52_405 cancelled for reason: already forgotten.  |  114 ok / 2191 failed, 215 min elapsed, eta 1.8 h
[2306/3434] t37_415: FutureCancelledError: tile-t37_415 cancelled for reason: already forgotten.  |  114 ok / 2192 failed, 215 min elapsed, eta 1.8 h
[2307/3434] t21_589: FutureCancelledError: tile-t21_589 cancelled for reason: already forgotten.  |  114 ok / 2193 failed, 215 min elapsed, eta 1.8 h
[2308/3434] t24_617: FutureCancelledError: tile-t24_617 cancelled for reason: already forgotten.  |  114 ok / 2194 failed, 215 min elapsed, eta 1.7 h
[2309/3434] t28_609: FutureCancelledError: tile-t28_609 cancelled for reason: already forgotten.  |  114 ok / 2195 failed, 215 min elapsed, eta 1.7 h
[2310/3434] t22_528: FutureCancelledError: tile-t22_528 cancelled for reason: already forgotten.  |  114 ok / 2196 failed, 215 min elapsed, eta 1.7 h
[2311/3434] t33_572: FutureCancelledError: tile-t33_572 cancelled for reason: already forgotten.  |  114 ok / 2197 failed, 215 min elapsed, eta 1.7 h
[2312/3434] t12_468: FutureCancelledError: tile-t12_468 cancelled for reason: already forgotten.  |  114 ok / 2198 failed, 215 min elapsed, eta 1.7 h
[2313/3434] t34_665: FutureCancelledError: tile-t34_665 cancelled for reason: already forgotten.  |  114 ok / 2199 failed, 215 min elapsed, eta 1.7 h
[2314/3434] t15_596: FutureCancelledError: tile-t15_596 cancelled for reason: already forgotten.  |  114 ok / 2200 failed, 215 min elapsed, eta 1.7 h
[2315/3434] t15_576: FutureCancelledError: tile-t15_576 cancelled for reason: already forgotten.  |  114 ok / 2201 failed, 215 min elapsed, eta 1.7 h
[2316/3434] t23_520: FutureCancelledError: tile-t23_520 cancelled for reason: already forgotten.  |  114 ok / 2202 failed, 215 min elapsed, eta 1.7 h
[2317/3434] t30_402: FutureCancelledError: tile-t30_402 cancelled for reason: already forgotten.  |  114 ok / 2203 failed, 215 min elapsed, eta 1.7 h
[2318/3434] t37_629: FutureCancelledError: tile-t37_629 cancelled for reason: already forgotten.  |  114 ok / 2204 failed, 215 min elapsed, eta 1.7 h
[2319/3434] t18_546: FutureCancelledError: tile-t18_546 cancelled for reason: already forgotten.  |  114 ok / 2205 failed, 215 min elapsed, eta 1.7 h
[2320/3434] t29_656: FutureCancelledError: tile-t29_656 cancelled for reason: already forgotten.  |  114 ok / 2206 failed, 215 min elapsed, eta 1.7 h
[2321/3434] t38_620: FutureCancelledError: tile-t38_620 cancelled for reason: already forgotten.  |  114 ok / 2207 failed, 215 min elapsed, eta 1.7 h
[2322/3434] t40_401: FutureCancelledError: tile-t40_401 cancelled for reason: already forgotten.  |  114 ok / 2208 failed, 215 min elapsed, eta 1.7 h
[2323/3434] t11_508: FutureCancelledError: tile-t11_508 cancelled for reason: already forgotten.  |  114 ok / 2209 failed, 215 min elapsed, eta 1.7 h
[2324/3434] t35_419: FutureCancelledError: tile-t35_419 cancelled for reason: already forgotten.  |  114 ok / 2210 failed, 215 min elapsed, eta 1.7 h
[2325/3434] t25_403: FutureCancelledError: tile-t25_403 cancelled for reason: already forgotten.  |  114 ok / 2211 failed, 215 min elapsed, eta 1.7 h
[2326/3434] t31_505: FutureCancelledError: tile-t31_505 cancelled for reason: already forgotten.  |  114 ok / 2212 failed, 215 min elapsed, eta 1.7 h
[2327/3434] t36_663: FutureCancelledError: tile-t36_663 cancelled for reason: already forgotten.  |  114 ok / 2213 failed, 215 min elapsed, eta 1.7 h
[2328/3434] t44_420: FutureCancelledError: tile-t44_420 cancelled for reason: already forgotten.  |  114 ok / 2214 failed, 215 min elapsed, eta 1.7 h
[2329/3434] t37_621: FutureCancelledError: tile-t37_621 cancelled for reason: already forgotten.  |  114 ok / 2215 failed, 215 min elapsed, eta 1.7 h
[2330/3434] t31_398: FutureCancelledError: tile-t31_398 cancelled for reason: already forgotten.  |  114 ok / 2216 failed, 215 min elapsed, eta 1.7 h
[2331/3434] t28_396: FutureCancelledError: tile-t28_396 cancelled for reason: already forgotten.  |  114 ok / 2217 failed, 215 min elapsed, eta 1.7 h
[2332/3434] t37_620: FutureCancelledError: tile-t37_620 cancelled for reason: already forgotten.  |  114 ok / 2218 failed, 215 min elapsed, eta 1.7 h
[2333/3434] t25_412: FutureCancelledError: tile-t25_412 cancelled for reason: already forgotten.  |  114 ok / 2219 failed, 215 min elapsed, eta 1.7 h
[2334/3434] t18_539: FutureCancelledError: tile-t18_539 cancelled for reason: already forgotten.  |  114 ok / 2220 failed, 215 min elapsed, eta 1.7 h
[2335/3434] t33_629: FutureCancelledError: tile-t33_629 cancelled for reason: already forgotten.  |  114 ok / 2221 failed, 215 min elapsed, eta 1.7 h
[2336/3434] t22_543: FutureCancelledError: tile-t22_543 cancelled for reason: already forgotten.  |  114 ok / 2222 failed, 215 min elapsed, eta 1.7 h
[2337/3434] t21_593: FutureCancelledError: tile-t21_593 cancelled for reason: already forgotten.  |  114 ok / 2223 failed, 215 min elapsed, eta 1.7 h
[2338/3434] t17_421: FutureCancelledError: tile-t17_421 cancelled for reason: already forgotten.  |  114 ok / 2224 failed, 215 min elapsed, eta 1.7 h
[2339/3434] t8_486: FutureCancelledError: tile-t8_486 cancelled for reason: already forgotten.  |  114 ok / 2225 failed, 215 min elapsed, eta 1.7 h
[2340/3434] t10_508: FutureCancelledError: tile-t10_508 cancelled for reason: already forgotten.  |  114 ok / 2226 failed, 215 min elapsed, eta 1.7 h
[2341/3434] t21_514: FutureCancelledError: tile-t21_514 cancelled for reason: already forgotten.  |  114 ok / 2227 failed, 215 min elapsed, eta 1.7 h
[2342/3434] t26_477: FutureCancelledError: tile-t26_477 cancelled for reason: already forgotten.  |  114 ok / 2228 failed, 215 min elapsed, eta 1.7 h
[2343/3434] t9_451: FutureCancelledError: tile-t9_451 cancelled for reason: already forgotten.  |  114 ok / 2229 failed, 215 min elapsed, eta 1.7 h
[2344/3434] t21_573: FutureCancelledError: tile-t21_573 cancelled for reason: already forgotten.  |  114 ok / 2230 failed, 215 min elapsed, eta 1.7 h
[2345/3434] t8_442: FutureCancelledError: tile-t8_442 cancelled for reason: already forgotten.  |  114 ok / 2231 failed, 215 min elapsed, eta 1.7 h
[2346/3434] t36_399: FutureCancelledError: tile-t36_399 cancelled for reason: already forgotten.  |  114 ok / 2232 failed, 215 min elapsed, eta 1.7 h
[2347/3434] t8_444: FutureCancelledError: tile-t8_444 cancelled for reason: already forgotten.  |  114 ok / 2233 failed, 215 min elapsed, eta 1.7 h
[2348/3434] t36_393: FutureCancelledError: tile-t36_393 cancelled for reason: already forgotten.  |  114 ok / 2234 failed, 215 min elapsed, eta 1.7 h
[2349/3434] t20_579: FutureCancelledError: tile-t20_579 cancelled for reason: already forgotten.  |  114 ok / 2235 failed, 215 min elapsed, eta 1.7 h
[2350/3434] t9_581: FutureCancelledError: tile-t9_581 cancelled for reason: already forgotten.  |  114 ok / 2236 failed, 215 min elapsed, eta 1.7 h
[2351/3434] t21_459: FutureCancelledError: tile-t21_459 cancelled for reason: already forgotten.  |  114 ok / 2237 failed, 215 min elapsed, eta 1.7 h
[2352/3434] t18_511: FutureCancelledError: tile-t18_511 cancelled for reason: already forgotten.  |  114 ok / 2238 failed, 215 min elapsed, eta 1.7 h
[2353/3434] t37_605: FutureCancelledError: tile-t37_605 cancelled for reason: already forgotten.  |  114 ok / 2239 failed, 215 min elapsed, eta 1.6 h
[2354/3434] t7_453: FutureCancelledError: tile-t7_453 cancelled for reason: already forgotten.  |  114 ok / 2240 failed, 215 min elapsed, eta 1.6 h
[2355/3434] t23_469: FutureCancelledError: tile-t23_469 cancelled for reason: already forgotten.  |  114 ok / 2241 failed, 215 min elapsed, eta 1.6 h
[2356/3434] t17_492: FutureCancelledError: tile-t17_492 cancelled for reason: already forgotten.  |  114 ok / 2242 failed, 215 min elapsed, eta 1.6 h
[2357/3434] t14_593: FutureCancelledError: tile-t14_593 cancelled for reason: already forgotten.  |  114 ok / 2243 failed, 215 min elapsed, eta 1.6 h
[2358/3434] t14_558: FutureCancelledError: tile-t14_558 cancelled for reason: already forgotten.  |  114 ok / 2244 failed, 215 min elapsed, eta 1.6 h
[2359/3434] t20_580: FutureCancelledError: tile-t20_580 cancelled for reason: already forgotten.  |  114 ok / 2245 failed, 215 min elapsed, eta 1.6 h
[2360/3434] t53_390: FutureCancelledError: tile-t53_390 cancelled for reason: already forgotten.  |  114 ok / 2246 failed, 215 min elapsed, eta 1.6 h
[2361/3434] t26_556: FutureCancelledError: tile-t26_556 cancelled for reason: already forgotten.  |  114 ok / 2247 failed, 215 min elapsed, eta 1.6 h
[2362/3434] t17_516: FutureCancelledError: tile-t17_516 cancelled for reason: already forgotten.  |  114 ok / 2248 failed, 215 min elapsed, eta 1.6 h
[2363/3434] t8_473: FutureCancelledError: tile-t8_473 cancelled for reason: already forgotten.  |  114 ok / 2249 failed, 215 min elapsed, eta 1.6 h
[2364/3434] t22_421: FutureCancelledError: tile-t22_421 cancelled for reason: already forgotten.  |  114 ok / 2250 failed, 215 min elapsed, eta 1.6 h
[2365/3434] t16_583: FutureCancelledError: tile-t16_583 cancelled for reason: already forgotten.  |  114 ok / 2251 failed, 215 min elapsed, eta 1.6 h
[2366/3434] t22_503: FutureCancelledError: tile-t22_503 cancelled for reason: already forgotten.  |  114 ok / 2252 failed, 215 min elapsed, eta 1.6 h
[2367/3434] t36_656: FutureCancelledError: tile-t36_656 cancelled for reason: already forgotten.  |  114 ok / 2253 failed, 215 min elapsed, eta 1.6 h
[2368/3434] t20_540: FutureCancelledError: tile-t20_540 cancelled for reason: already forgotten.  |  114 ok / 2254 failed, 215 min elapsed, eta 1.6 h
[2369/3434] t31_667: FutureCancelledError: tile-t31_667 cancelled for reason: already forgotten.  |  114 ok / 2255 failed, 215 min elapsed, eta 1.6 h
[2370/3434] t13_539: FutureCancelledError: tile-t13_539 cancelled for reason: already forgotten.  |  114 ok / 2256 failed, 215 min elapsed, eta 1.6 h
[2371/3434] t34_411: FutureCancelledError: tile-t34_411 cancelled for reason: already forgotten.  |  114 ok / 2257 failed, 215 min elapsed, eta 1.6 h
[2372/3434] t22_604: FutureCancelledError: tile-t22_604 cancelled for reason: already forgotten.  |  114 ok / 2258 failed, 215 min elapsed, eta 1.6 h
[2373/3434] t14_428: FutureCancelledError: tile-t14_428 cancelled for reason: already forgotten.  |  114 ok / 2259 failed, 215 min elapsed, eta 1.6 h
[2374/3434] t26_433: FutureCancelledError: tile-t26_433 cancelled for reason: already forgotten.  |  114 ok / 2260 failed, 215 min elapsed, eta 1.6 h
[2375/3434] t36_636: FutureCancelledError: tile-t36_636 cancelled for reason: already forgotten.  |  114 ok / 2261 failed, 215 min elapsed, eta 1.6 h
[2376/3434] t24_482: FutureCancelledError: tile-t24_482 cancelled for reason: already forgotten.  |  114 ok / 2262 failed, 215 min elapsed, eta 1.6 h
[2377/3434] t37_614: FutureCancelledError: tile-t37_614 cancelled for reason: already forgotten.  |  114 ok / 2263 failed, 215 min elapsed, eta 1.6 h
[2378/3434] t39_393: FutureCancelledError: tile-t39_393 cancelled for reason: already forgotten.  |  114 ok / 2264 failed, 215 min elapsed, eta 1.6 h
[2379/3434] t45_417: FutureCancelledError: tile-t45_417 cancelled for reason: already forgotten.  |  114 ok / 2265 failed, 215 min elapsed, eta 1.6 h
[2380/3434] t40_626: FutureCancelledError: tile-t40_626 cancelled for reason: already forgotten.  |  114 ok / 2266 failed, 215 min elapsed, eta 1.6 h
[2381/3434] t32_647: FutureCancelledError: tile-t32_647 cancelled for reason: already forgotten.  |  114 ok / 2267 failed, 215 min elapsed, eta 1.6 h
[2382/3434] t9_486: FutureCancelledError: tile-t9_486 cancelled for reason: already forgotten.  |  114 ok / 2268 failed, 215 min elapsed, eta 1.6 h
[2383/3434] t29_573: FutureCancelledError: tile-t29_573 cancelled for reason: already forgotten.  |  114 ok / 2269 failed, 215 min elapsed, eta 1.6 h
[2384/3434] t32_652: FutureCancelledError: tile-t32_652 cancelled for reason: already forgotten.  |  114 ok / 2270 failed, 215 min elapsed, eta 1.6 h
[2385/3434] t36_627: FutureCancelledError: tile-t36_627 cancelled for reason: already forgotten.  |  114 ok / 2271 failed, 215 min elapsed, eta 1.6 h
[2386/3434] t23_515: FutureCancelledError: tile-t23_515 cancelled for reason: already forgotten.  |  114 ok / 2272 failed, 215 min elapsed, eta 1.6 h
[2387/3434] t25_540: FutureCancelledError: tile-t25_540 cancelled for reason: already forgotten.  |  114 ok / 2273 failed, 215 min elapsed, eta 1.6 h
[2388/3434] t12_417: FutureCancelledError: tile-t12_417 cancelled for reason: already forgotten.  |  114 ok / 2274 failed, 215 min elapsed, eta 1.6 h
[2389/3434] t10_531: FutureCancelledError: tile-t10_531 cancelled for reason: already forgotten.  |  114 ok / 2275 failed, 215 min elapsed, eta 1.6 h
[2390/3434] t24_435: FutureCancelledError: tile-t24_435 cancelled for reason: already forgotten.  |  114 ok / 2276 failed, 215 min elapsed, eta 1.6 h
[2391/3434] t7_503: FutureCancelledError: tile-t7_503 cancelled for reason: already forgotten.  |  114 ok / 2277 failed, 215 min elapsed, eta 1.6 h
[2392/3434] t19_518: FutureCancelledError: tile-t19_518 cancelled for reason: already forgotten.  |  114 ok / 2278 failed, 215 min elapsed, eta 1.6 h
[2393/3434] t15_597: FutureCancelledError: tile-t15_597 cancelled for reason: already forgotten.  |  114 ok / 2279 failed, 215 min elapsed, eta 1.6 h
[2394/3434] t29_651: FutureCancelledError: tile-t29_651 cancelled for reason: already forgotten.  |  114 ok / 2280 failed, 215 min elapsed, eta 1.6 h
[2395/3434] t21_559: FutureCancelledError: tile-t21_559 cancelled for reason: already forgotten.  |  114 ok / 2281 failed, 215 min elapsed, eta 1.6 h
[2396/3434] t25_407: FutureCancelledError: tile-t25_407 cancelled for reason: already forgotten.  |  114 ok / 2282 failed, 215 min elapsed, eta 1.6 h
[2397/3434] t9_491: FutureCancelledError: tile-t9_491 cancelled for reason: already forgotten.  |  114 ok / 2283 failed, 215 min elapsed, eta 1.6 h
[2398/3434] t29_413: FutureCancelledError: tile-t29_413 cancelled for reason: already forgotten.  |  114 ok / 2284 failed, 215 min elapsed, eta 1.5 h
[2399/3434] t47_392: FutureCancelledError: tile-t47_392 cancelled for reason: already forgotten.  |  114 ok / 2285 failed, 215 min elapsed, eta 1.5 h
[2400/3434] t31_631: FutureCancelledError: tile-t31_631 cancelled for reason: already forgotten.  |  114 ok / 2286 failed, 215 min elapsed, eta 1.5 h
[2401/3434] t14_583: FutureCancelledError: tile-t14_583 cancelled for reason: already forgotten.  |  114 ok / 2287 failed, 215 min elapsed, eta 1.5 h
[2402/3434] t23_429: FutureCancelledError: tile-t23_429 cancelled for reason: already forgotten.  |  114 ok / 2288 failed, 215 min elapsed, eta 1.5 h
[2403/3434] t15_455: FutureCancelledError: tile-t15_455 cancelled for reason: already forgotten.  |  114 ok / 2289 failed, 215 min elapsed, eta 1.5 h
[2404/3434] t22_489: FutureCancelledError: tile-t22_489 cancelled for reason: already forgotten.  |  114 ok / 2290 failed, 215 min elapsed, eta 1.5 h
[2405/3434] t24_656: FutureCancelledError: tile-t24_656 cancelled for reason: already forgotten.  |  114 ok / 2291 failed, 215 min elapsed, eta 1.5 h
[2406/3434] t16_588: FutureCancelledError: tile-t16_588 cancelled for reason: already forgotten.  |  114 ok / 2292 failed, 215 min elapsed, eta 1.5 h
[2407/3434] t8_459: FutureCancelledError: tile-t8_459 cancelled for reason: already forgotten.  |  114 ok / 2293 failed, 215 min elapsed, eta 1.5 h
[2408/3434] t11_455: FutureCancelledError: tile-t11_455 cancelled for reason: already forgotten.  |  114 ok / 2294 failed, 215 min elapsed, eta 1.5 h
[2409/3434] t25_466: FutureCancelledError: tile-t25_466 cancelled for reason: already forgotten.  |  114 ok / 2295 failed, 215 min elapsed, eta 1.5 h
[2410/3434] t15_573: FutureCancelledError: tile-t15_573 cancelled for reason: already forgotten.  |  114 ok / 2296 failed, 215 min elapsed, eta 1.5 h
[2411/3434] t20_529: FutureCancelledError: tile-t20_529 cancelled for reason: already forgotten.  |  114 ok / 2297 failed, 215 min elapsed, eta 1.5 h
[2412/3434] t13_430: FutureCancelledError: tile-t13_430 cancelled for reason: already forgotten.  |  114 ok / 2298 failed, 215 min elapsed, eta 1.5 h
[2413/3434] t21_599: FutureCancelledError: tile-t21_599 cancelled for reason: already forgotten.  |  114 ok / 2299 failed, 215 min elapsed, eta 1.5 h
[2414/3434] t44_413: FutureCancelledError: tile-t44_413 cancelled for reason: already forgotten.  |  114 ok / 2300 failed, 215 min elapsed, eta 1.5 h
[2415/3434] t47_412: FutureCancelledError: tile-t47_412 cancelled for reason: already forgotten.  |  114 ok / 2301 failed, 215 min elapsed, eta 1.5 h
[2416/3434] t26_645: FutureCancelledError: tile-t26_645 cancelled for reason: already forgotten.  |  114 ok / 2302 failed, 215 min elapsed, eta 1.5 h
[2417/3434] t22_613: FutureCancelledError: tile-t22_613 cancelled for reason: already forgotten.  |  114 ok / 2303 failed, 215 min elapsed, eta 1.5 h
[2418/3434] t23_524: FutureCancelledError: tile-t23_524 cancelled for reason: already forgotten.  |  114 ok / 2304 failed, 215 min elapsed, eta 1.5 h
[2419/3434] t35_607: FutureCancelledError: tile-t35_607 cancelled for reason: already forgotten.  |  114 ok / 2305 failed, 215 min elapsed, eta 1.5 h
[2420/3434] t10_543: FutureCancelledError: tile-t10_543 cancelled for reason: already forgotten.  |  114 ok / 2306 failed, 215 min elapsed, eta 1.5 h
[2421/3434] t15_563: FutureCancelledError: tile-t15_563 cancelled for reason: already forgotten.  |  114 ok / 2307 failed, 215 min elapsed, eta 1.5 h
[2422/3434] t26_498: FutureCancelledError: tile-t26_498 cancelled for reason: already forgotten.  |  114 ok / 2308 failed, 215 min elapsed, eta 1.5 h
[2423/3434] t32_662: FutureCancelledError: tile-t32_662 cancelled for reason: already forgotten.  |  114 ok / 2309 failed, 215 min elapsed, eta 1.5 h
[2424/3434] t20_569: FutureCancelledError: tile-t20_569 cancelled for reason: already forgotten.  |  114 ok / 2310 failed, 215 min elapsed, eta 1.5 h
[2425/3434] t45_390: FutureCancelledError: tile-t45_390 cancelled for reason: already forgotten.  |  114 ok / 2311 failed, 215 min elapsed, eta 1.5 h
[2426/3434] t7_518: FutureCancelledError: tile-t7_518 cancelled for reason: already forgotten.  |  114 ok / 2312 failed, 215 min elapsed, eta 1.5 h
[2427/3434] t17_431: FutureCancelledError: tile-t17_431 cancelled for reason: already forgotten.  |  114 ok / 2313 failed, 215 min elapsed, eta 1.5 h
[2428/3434] t28_419: FutureCancelledError: tile-t28_419 cancelled for reason: already forgotten.  |  114 ok / 2314 failed, 215 min elapsed, eta 1.5 h
[2429/3434] t10_430: FutureCancelledError: tile-t10_430 cancelled for reason: already forgotten.  |  114 ok / 2315 failed, 215 min elapsed, eta 1.5 h
[2430/3434] t21_613: FutureCancelledError: tile-t21_613 cancelled for reason: already forgotten.  |  114 ok / 2316 failed, 215 min elapsed, eta 1.5 h
[2431/3434] t23_510: FutureCancelledError: tile-t23_510 cancelled for reason: already forgotten.  |  114 ok / 2317 failed, 215 min elapsed, eta 1.5 h
[2432/3434] t27_627: FutureCancelledError: tile-t27_627 cancelled for reason: already forgotten.  |  114 ok / 2318 failed, 215 min elapsed, eta 1.5 h
[2433/3434] t30_603: FutureCancelledError: tile-t30_603 cancelled for reason: already forgotten.  |  114 ok / 2319 failed, 215 min elapsed, eta 1.5 h
[2434/3434] t11_478: FutureCancelledError: tile-t11_478 cancelled for reason: already forgotten.  |  114 ok / 2320 failed, 215 min elapsed, eta 1.5 h
[2435/3434] t20_538: FutureCancelledError: tile-t20_538 cancelled for reason: already forgotten.  |  114 ok / 2321 failed, 215 min elapsed, eta 1.5 h
[2436/3434] t19_487: FutureCancelledError: tile-t19_487 cancelled for reason: already forgotten.  |  114 ok / 2322 failed, 215 min elapsed, eta 1.5 h
[2437/3434] t20_458: FutureCancelledError: tile-t20_458 cancelled for reason: already forgotten.  |  114 ok / 2323 failed, 215 min elapsed, eta 1.5 h
[2438/3434] t17_595: FutureCancelledError: tile-t17_595 cancelled for reason: already forgotten.  |  114 ok / 2324 failed, 215 min elapsed, eta 1.5 h
[2439/3434] t24_506: FutureCancelledError: tile-t24_506 cancelled for reason: already forgotten.  |  114 ok / 2325 failed, 215 min elapsed, eta 1.5 h
[2440/3434] t24_633: FutureCancelledError: tile-t24_633 cancelled for reason: already forgotten.  |  114 ok / 2326 failed, 215 min elapsed, eta 1.5 h
[2441/3434] t29_490: FutureCancelledError: tile-t29_490 cancelled for reason: already forgotten.  |  114 ok / 2327 failed, 215 min elapsed, eta 1.5 h
[2442/3434] t50_408: FutureCancelledError: tile-t50_408 cancelled for reason: already forgotten.  |  114 ok / 2328 failed, 215 min elapsed, eta 1.5 h
[2443/3434] t22_414: FutureCancelledError: tile-t22_414 cancelled for reason: already forgotten.  |  114 ok / 2329 failed, 215 min elapsed, eta 1.5 h
[2444/3434] t14_420: FutureCancelledError: tile-t14_420 cancelled for reason: already forgotten.  |  114 ok / 2330 failed, 215 min elapsed, eta 1.5 h
[2445/3434] t14_487: FutureCancelledError: tile-t14_487 cancelled for reason: already forgotten.  |  114 ok / 2331 failed, 215 min elapsed, eta 1.5 h
[2446/3434] t20_565: FutureCancelledError: tile-t20_565 cancelled for reason: already forgotten.  |  114 ok / 2332 failed, 215 min elapsed, eta 1.4 h
[2447/3434] t11_548: FutureCancelledError: tile-t11_548 cancelled for reason: already forgotten.  |  114 ok / 2333 failed, 215 min elapsed, eta 1.4 h
[2448/3434] t47_418: FutureCancelledError: tile-t47_418 cancelled for reason: already forgotten.  |  114 ok / 2334 failed, 215 min elapsed, eta 1.4 h
[2449/3434] t20_510: FutureCancelledError: tile-t20_510 cancelled for reason: already forgotten.  |  114 ok / 2335 failed, 215 min elapsed, eta 1.4 h
[2450/3434] t18_427: FutureCancelledError: tile-t18_427 cancelled for reason: already forgotten.  |  114 ok / 2336 failed, 215 min elapsed, eta 1.4 h
[2451/3434] t26_557: FutureCancelledError: tile-t26_557 cancelled for reason: already forgotten.  |  114 ok / 2337 failed, 215 min elapsed, eta 1.4 h
[2452/3434] t10_556: FutureCancelledError: tile-t10_556 cancelled for reason: already forgotten.  |  114 ok / 2338 failed, 215 min elapsed, eta 1.4 h
[2453/3434] t30_631: FutureCancelledError: tile-t30_631 cancelled for reason: already forgotten.  |  114 ok / 2339 failed, 215 min elapsed, eta 1.4 h
[2454/3434] t29_657: FutureCancelledError: tile-t29_657 cancelled for reason: already forgotten.  |  114 ok / 2340 failed, 215 min elapsed, eta 1.4 h
[2455/3434] t24_492: FutureCancelledError: tile-t24_492 cancelled for reason: already forgotten.  |  114 ok / 2341 failed, 215 min elapsed, eta 1.4 h
[2456/3434] t10_494: FutureCancelledError: tile-t10_494 cancelled for reason: already forgotten.  |  114 ok / 2342 failed, 215 min elapsed, eta 1.4 h
[2457/3434] t19_478: FutureCancelledError: tile-t19_478 cancelled for reason: already forgotten.  |  114 ok / 2343 failed, 215 min elapsed, eta 1.4 h
[2458/3434] t42_399: FutureCancelledError: tile-t42_399 cancelled for reason: already forgotten.  |  114 ok / 2344 failed, 215 min elapsed, eta 1.4 h
[2459/3434] t27_622: FutureCancelledError: tile-t27_622 cancelled for reason: already forgotten.  |  114 ok / 2345 failed, 215 min elapsed, eta 1.4 h
[2460/3434] t16_474: FutureCancelledError: tile-t16_474 cancelled for reason: already forgotten.  |  114 ok / 2346 failed, 215 min elapsed, eta 1.4 h
[2461/3434] t31_408: FutureCancelledError: tile-t31_408 cancelled for reason: already forgotten.  |  114 ok / 2347 failed, 215 min elapsed, eta 1.4 h
[2462/3434] t27_499: FutureCancelledError: tile-t27_499 cancelled for reason: already forgotten.  |  114 ok / 2348 failed, 215 min elapsed, eta 1.4 h
[2463/3434] t29_489: FutureCancelledError: tile-t29_489 cancelled for reason: already forgotten.  |  114 ok / 2349 failed, 215 min elapsed, eta 1.4 h
[2464/3434] t52_401: FutureCancelledError: tile-t52_401 cancelled for reason: already forgotten.  |  114 ok / 2350 failed, 215 min elapsed, eta 1.4 h
[2465/3434] t27_482: FutureCancelledError: tile-t27_482 cancelled for reason: already forgotten.  |  114 ok / 2351 failed, 215 min elapsed, eta 1.4 h
[2466/3434] t11_552: FutureCancelledError: tile-t11_552 cancelled for reason: already forgotten.  |  114 ok / 2352 failed, 215 min elapsed, eta 1.4 h
[2467/3434] t24_622: FutureCancelledError: tile-t24_622 cancelled for reason: already forgotten.  |  114 ok / 2353 failed, 215 min elapsed, eta 1.4 h
[2468/3434] t37_607: FutureCancelledError: tile-t37_607 cancelled for reason: already forgotten.  |  114 ok / 2354 failed, 215 min elapsed, eta 1.4 h
[2469/3434] t21_479: FutureCancelledError: tile-t21_479 cancelled for reason: already forgotten.  |  114 ok / 2355 failed, 215 min elapsed, eta 1.4 h
[2470/3434] t13_585: FutureCancelledError: tile-t13_585 cancelled for reason: already forgotten.  |  114 ok / 2356 failed, 215 min elapsed, eta 1.4 h
[2471/3434] t8_452: FutureCancelledError: tile-t8_452 cancelled for reason: already forgotten.  |  114 ok / 2357 failed, 215 min elapsed, eta 1.4 h
[2472/3434] t17_560: FutureCancelledError: tile-t17_560 cancelled for reason: already forgotten.  |  114 ok / 2358 failed, 215 min elapsed, eta 1.4 h
[2473/3434] t28_598: FutureCancelledError: tile-t28_598 cancelled for reason: already forgotten.  |  114 ok / 2359 failed, 215 min elapsed, eta 1.4 h
[2474/3434] t18_497: FutureCancelledError: tile-t18_497 cancelled for reason: already forgotten.  |  114 ok / 2360 failed, 215 min elapsed, eta 1.4 h
[2475/3434] t11_458: FutureCancelledError: tile-t11_458 cancelled for reason: already forgotten.  |  114 ok / 2361 failed, 215 min elapsed, eta 1.4 h
[2476/3434] t20_474: FutureCancelledError: tile-t20_474 cancelled for reason: already forgotten.  |  114 ok / 2362 failed, 215 min elapsed, eta 1.4 h
[2477/3434] t14_483: FutureCancelledError: tile-t14_483 cancelled for reason: already forgotten.  |  114 ok / 2363 failed, 215 min elapsed, eta 1.4 h
[2478/3434] t19_534: FutureCancelledError: tile-t19_534 cancelled for reason: already forgotten.  |  114 ok / 2364 failed, 215 min elapsed, eta 1.4 h
[2479/3434] t29_663: FutureCancelledError: tile-t29_663 cancelled for reason: already forgotten.  |  114 ok / 2365 failed, 215 min elapsed, eta 1.4 h
[2480/3434] t26_507: FutureCancelledError: tile-t26_507 cancelled for reason: already forgotten.  |  114 ok / 2366 failed, 215 min elapsed, eta 1.4 h
[2481/3434] t17_409: FutureCancelledError: tile-t17_409 cancelled for reason: already forgotten.  |  114 ok / 2367 failed, 215 min elapsed, eta 1.4 h
[2482/3434] t25_650: FutureCancelledError: tile-t25_650 cancelled for reason: already forgotten.  |  114 ok / 2368 failed, 215 min elapsed, eta 1.4 h
[2483/3434] t9_546: FutureCancelledError: tile-t9_546 cancelled for reason: already forgotten.  |  114 ok / 2369 failed, 215 min elapsed, eta 1.4 h
[2484/3434] t11_542: FutureCancelledError: tile-t11_542 cancelled for reason: already forgotten.  |  114 ok / 2370 failed, 215 min elapsed, eta 1.4 h
[2485/3434] t30_632: FutureCancelledError: tile-t30_632 cancelled for reason: already forgotten.  |  114 ok / 2371 failed, 215 min elapsed, eta 1.4 h
[2486/3434] t41_389: FutureCancelledError: tile-t41_389 cancelled for reason: already forgotten.  |  114 ok / 2372 failed, 215 min elapsed, eta 1.4 h
[2487/3434] t15_495: FutureCancelledError: tile-t15_495 cancelled for reason: already forgotten.  |  114 ok / 2373 failed, 215 min elapsed, eta 1.4 h
[2488/3434] t20_404: FutureCancelledError: tile-t20_404 cancelled for reason: already forgotten.  |  114 ok / 2374 failed, 215 min elapsed, eta 1.4 h
[2489/3434] t9_445: FutureCancelledError: tile-t9_445 cancelled for reason: already forgotten.  |  114 ok / 2375 failed, 215 min elapsed, eta 1.4 h
[2490/3434] t38_417: FutureCancelledError: tile-t38_417 cancelled for reason: already forgotten.  |  114 ok / 2376 failed, 215 min elapsed, eta 1.4 h
[2491/3434] t14_579: FutureCancelledError: tile-t14_579 cancelled for reason: already forgotten.  |  114 ok / 2377 failed, 215 min elapsed, eta 1.4 h
[2492/3434] t22_563: FutureCancelledError: tile-t22_563 cancelled for reason: already forgotten.  |  114 ok / 2378 failed, 215 min elapsed, eta 1.4 h
[2493/3434] t14_545: FutureCancelledError: tile-t14_545 cancelled for reason: already forgotten.  |  114 ok / 2379 failed, 215 min elapsed, eta 1.4 h
[2494/3434] t40_410: FutureCancelledError: tile-t40_410 cancelled for reason: already forgotten.  |  114 ok / 2380 failed, 215 min elapsed, eta 1.4 h
[2495/3434] t19_473: FutureCancelledError: tile-t19_473 cancelled for reason: already forgotten.  |  114 ok / 2381 failed, 215 min elapsed, eta 1.4 h
[2496/3434] t11_531: FutureCancelledError: tile-t11_531 cancelled for reason: already forgotten.  |  114 ok / 2382 failed, 215 min elapsed, eta 1.3 h
[2497/3434] t36_658: FutureCancelledError: tile-t36_658 cancelled for reason: already forgotten.  |  114 ok / 2383 failed, 215 min elapsed, eta 1.3 h
[2498/3434] t25_524: FutureCancelledError: tile-t25_524 cancelled for reason: already forgotten.  |  114 ok / 2384 failed, 215 min elapsed, eta 1.3 h
[2499/3434] t23_485: FutureCancelledError: tile-t23_485 cancelled for reason: already forgotten.  |  114 ok / 2385 failed, 215 min elapsed, eta 1.3 h
[2500/3434] t50_395: FutureCancelledError: tile-t50_395 cancelled for reason: already forgotten.  |  114 ok / 2386 failed, 215 min elapsed, eta 1.3 h
[2501/3434] t43_411: FutureCancelledError: tile-t43_411 cancelled for reason: already forgotten.  |  114 ok / 2387 failed, 215 min elapsed, eta 1.3 h
[2502/3434] t35_663: FutureCancelledError: tile-t35_663 cancelled for reason: already forgotten.  |  114 ok / 2388 failed, 215 min elapsed, eta 1.3 h
[2503/3434] t22_415: FutureCancelledError: tile-t22_415 cancelled for reason: already forgotten.  |  114 ok / 2389 failed, 215 min elapsed, eta 1.3 h
[2504/3434] t28_409: FutureCancelledError: tile-t28_409 cancelled for reason: already forgotten.  |  114 ok / 2390 failed, 215 min elapsed, eta 1.3 h
[2505/3434] t24_476: FutureCancelledError: tile-t24_476 cancelled for reason: already forgotten.  |  114 ok / 2391 failed, 215 min elapsed, eta 1.3 h
[2506/3434] t17_490: FutureCancelledError: tile-t17_490 cancelled for reason: already forgotten.  |  114 ok / 2392 failed, 215 min elapsed, eta 1.3 h
[2507/3434] t30_652: FutureCancelledError: tile-t30_652 cancelled for reason: already forgotten.  |  114 ok / 2393 failed, 215 min elapsed, eta 1.3 h
[2508/3434] t20_515: FutureCancelledError: tile-t20_515 cancelled for reason: already forgotten.  |  114 ok / 2394 failed, 215 min elapsed, eta 1.3 h
[2509/3434] t15_485: FutureCancelledError: tile-t15_485 cancelled for reason: already forgotten.  |  114 ok / 2395 failed, 215 min elapsed, eta 1.3 h
[2510/3434] t58_389: FutureCancelledError: tile-t58_389 cancelled for reason: already forgotten.  |  114 ok / 2396 failed, 215 min elapsed, eta 1.3 h
[2511/3434] t55_390: FutureCancelledError: tile-t55_390 cancelled for reason: already forgotten.  |  114 ok / 2397 failed, 215 min elapsed, eta 1.3 h
[2512/3434] t28_634: FutureCancelledError: tile-t28_634 cancelled for reason: already forgotten.  |  114 ok / 2398 failed, 215 min elapsed, eta 1.3 h
[2513/3434] t35_633: FutureCancelledError: tile-t35_633 cancelled for reason: already forgotten.  |  114 ok / 2399 failed, 215 min elapsed, eta 1.3 h
[2514/3434] t15_418: FutureCancelledError: tile-t15_418 cancelled for reason: already forgotten.  |  114 ok / 2400 failed, 215 min elapsed, eta 1.3 h
[2515/3434] t31_580: FutureCancelledError: tile-t31_580 cancelled for reason: already forgotten.  |  114 ok / 2401 failed, 215 min elapsed, eta 1.3 h
[2516/3434] t21_474: FutureCancelledError: tile-t21_474 cancelled for reason: already forgotten.  |  114 ok / 2402 failed, 215 min elapsed, eta 1.3 h
[2517/3434] t50_405: FutureCancelledError: tile-t50_405 cancelled for reason: already forgotten.  |  114 ok / 2403 failed, 215 min elapsed, eta 1.3 h
[2518/3434] t25_437: FutureCancelledError: tile-t25_437 cancelled for reason: already forgotten.  |  114 ok / 2404 failed, 215 min elapsed, eta 1.3 h
[2519/3434] t18_550: FutureCancelledError: tile-t18_550 cancelled for reason: already forgotten.  |  114 ok / 2405 failed, 215 min elapsed, eta 1.3 h
[2520/3434] t18_582: FutureCancelledError: tile-t18_582 cancelled for reason: already forgotten.  |  114 ok / 2406 failed, 215 min elapsed, eta 1.3 h
[2521/3434] t17_541: FutureCancelledError: tile-t17_541 cancelled for reason: already forgotten.  |  114 ok / 2407 failed, 215 min elapsed, eta 1.3 h
[2522/3434] t48_410: FutureCancelledError: tile-t48_410 cancelled for reason: already forgotten.  |  114 ok / 2408 failed, 215 min elapsed, eta 1.3 h
[2523/3434] t36_625: FutureCancelledError: tile-t36_625 cancelled for reason: already forgotten.  |  114 ok / 2409 failed, 215 min elapsed, eta 1.3 h
[2524/3434] t13_499: FutureCancelledError: tile-t13_499 cancelled for reason: already forgotten.  |  114 ok / 2410 failed, 215 min elapsed, eta 1.3 h
[2525/3434] t30_642: FutureCancelledError: tile-t30_642 cancelled for reason: already forgotten.  |  114 ok / 2411 failed, 215 min elapsed, eta 1.3 h
[2526/3434] t22_478: FutureCancelledError: tile-t22_478 cancelled for reason: already forgotten.  |  114 ok / 2412 failed, 215 min elapsed, eta 1.3 h
[2527/3434] t28_605: FutureCancelledError: tile-t28_605 cancelled for reason: already forgotten.  |  114 ok / 2413 failed, 215 min elapsed, eta 1.3 h
[2528/3434] t36_400: FutureCancelledError: tile-t36_400 cancelled for reason: already forgotten.  |  114 ok / 2414 failed, 215 min elapsed, eta 1.3 h
[2529/3434] t24_413: FutureCancelledError: tile-t24_413 cancelled for reason: already forgotten.  |  114 ok / 2415 failed, 215 min elapsed, eta 1.3 h
[2530/3434] t41_627: FutureCancelledError: tile-t41_627 cancelled for reason: already forgotten.  |  114 ok / 2416 failed, 215 min elapsed, eta 1.3 h
[2531/3434] t17_580: FutureCancelledError: tile-t17_580 cancelled for reason: already forgotten.  |  114 ok / 2417 failed, 215 min elapsed, eta 1.3 h
[2532/3434] t17_590: FutureCancelledError: tile-t17_590 cancelled for reason: already forgotten.  |  114 ok / 2418 failed, 215 min elapsed, eta 1.3 h
[2533/3434] t41_411: FutureCancelledError: tile-t41_411 cancelled for reason: already forgotten.  |  114 ok / 2419 failed, 215 min elapsed, eta 1.3 h
[2534/3434] t12_588: FutureCancelledError: tile-t12_588 cancelled for reason: already forgotten.  |  114 ok / 2420 failed, 215 min elapsed, eta 1.3 h
[2535/3434] t22_430: FutureCancelledError: tile-t22_430 cancelled for reason: already forgotten.  |  114 ok / 2421 failed, 215 min elapsed, eta 1.3 h
[2536/3434] t9_476: FutureCancelledError: tile-t9_476 cancelled for reason: already forgotten.  |  114 ok / 2422 failed, 215 min elapsed, eta 1.3 h
[2537/3434] t24_511: FutureCancelledError: tile-t24_511 cancelled for reason: already forgotten.  |  114 ok / 2423 failed, 215 min elapsed, eta 1.3 h
[2538/3434] t36_662: FutureCancelledError: tile-t36_662 cancelled for reason: already forgotten.  |  114 ok / 2424 failed, 215 min elapsed, eta 1.3 h
[2539/3434] t22_593: FutureCancelledError: tile-t22_593 cancelled for reason: already forgotten.  |  114 ok / 2425 failed, 215 min elapsed, eta 1.3 h
[2540/3434] t19_603: FutureCancelledError: tile-t19_603 cancelled for reason: already forgotten.  |  114 ok / 2426 failed, 215 min elapsed, eta 1.3 h
[2541/3434] t31_660: FutureCancelledError: tile-t31_660 cancelled for reason: already forgotten.  |  114 ok / 2427 failed, 215 min elapsed, eta 1.3 h
[2542/3434] t31_637: FutureCancelledError: tile-t31_637 cancelled for reason: already forgotten.  |  114 ok / 2428 failed, 215 min elapsed, eta 1.3 h
[2543/3434] t22_507: FutureCancelledError: tile-t22_507 cancelled for reason: already forgotten.  |  114 ok / 2429 failed, 215 min elapsed, eta 1.3 h
[2544/3434] t11_418: FutureCancelledError: tile-t11_418 cancelled for reason: already forgotten.  |  114 ok / 2430 failed, 215 min elapsed, eta 1.3 h
[2545/3434] t33_600: FutureCancelledError: tile-t33_600 cancelled for reason: already forgotten.  |  114 ok / 2431 failed, 215 min elapsed, eta 1.3 h
[2546/3434] t23_464: FutureCancelledError: tile-t23_464 cancelled for reason: already forgotten.  |  114 ok / 2432 failed, 215 min elapsed, eta 1.3 h
[2547/3434] t22_517: FutureCancelledError: tile-t22_517 cancelled for reason: already forgotten.  |  114 ok / 2433 failed, 215 min elapsed, eta 1.2 h
[2548/3434] t29_661: FutureCancelledError: tile-t29_661 cancelled for reason: already forgotten.  |  114 ok / 2434 failed, 215 min elapsed, eta 1.2 h
[2549/3434] t29_591: FutureCancelledError: tile-t29_591 cancelled for reason: already forgotten.  |  114 ok / 2435 failed, 215 min elapsed, eta 1.2 h
[2550/3434] t26_613: FutureCancelledError: tile-t26_613 cancelled for reason: already forgotten.  |  114 ok / 2436 failed, 215 min elapsed, eta 1.2 h
[2551/3434] t32_605: FutureCancelledError: tile-t32_605 cancelled for reason: already forgotten.  |  114 ok / 2437 failed, 215 min elapsed, eta 1.2 h
[2552/3434] t41_421: FutureCancelledError: tile-t41_421 cancelled for reason: already forgotten.  |  114 ok / 2438 failed, 215 min elapsed, eta 1.2 h
[2553/3434] t41_418: FutureCancelledError: tile-t41_418 cancelled for reason: already forgotten.  |  114 ok / 2439 failed, 215 min elapsed, eta 1.2 h
[2554/3434] t27_567: FutureCancelledError: tile-t27_567 cancelled for reason: already forgotten.  |  114 ok / 2440 failed, 215 min elapsed, eta 1.2 h
[2555/3434] t26_403: FutureCancelledError: tile-t26_403 cancelled for reason: already forgotten.  |  114 ok / 2441 failed, 215 min elapsed, eta 1.2 h
[2556/3434] t24_526: FutureCancelledError: tile-t24_526 cancelled for reason: already forgotten.  |  114 ok / 2442 failed, 215 min elapsed, eta 1.2 h
[2557/3434] t36_641: FutureCancelledError: tile-t36_641 cancelled for reason: already forgotten.  |  114 ok / 2443 failed, 215 min elapsed, eta 1.2 h
[2558/3434] t17_429: FutureCancelledError: tile-t17_429 cancelled for reason: already forgotten.  |  114 ok / 2444 failed, 215 min elapsed, eta 1.2 h
[2559/3434] t29_618: FutureCancelledError: tile-t29_618 cancelled for reason: already forgotten.  |  114 ok / 2445 failed, 215 min elapsed, eta 1.2 h
[2560/3434] t27_489: FutureCancelledError: tile-t27_489 cancelled for reason: already forgotten.  |  114 ok / 2446 failed, 215 min elapsed, eta 1.2 h
[2561/3434] t24_592: FutureCancelledError: tile-t24_592 cancelled for reason: already forgotten.  |  114 ok / 2447 failed, 215 min elapsed, eta 1.2 h
[2562/3434] t23_431: FutureCancelledError: tile-t23_431 cancelled for reason: already forgotten.  |  114 ok / 2448 failed, 215 min elapsed, eta 1.2 h
[2563/3434] t12_526: FutureCancelledError: tile-t12_526 cancelled for reason: already forgotten.  |  114 ok / 2449 failed, 215 min elapsed, eta 1.2 h
[2564/3434] t31_396: FutureCancelledError: tile-t31_396 cancelled for reason: already forgotten.  |  114 ok / 2450 failed, 215 min elapsed, eta 1.2 h
[2565/3434] t19_600: FutureCancelledError: tile-t19_600 cancelled for reason: already forgotten.  |  114 ok / 2451 failed, 215 min elapsed, eta 1.2 h
[2566/3434] t29_516: FutureCancelledError: tile-t29_516 cancelled for reason: already forgotten.  |  114 ok / 2452 failed, 215 min elapsed, eta 1.2 h
[2567/3434] t39_621: FutureCancelledError: tile-t39_621 cancelled for reason: already forgotten.  |  114 ok / 2453 failed, 215 min elapsed, eta 1.2 h
[2568/3434] t24_567: FutureCancelledError: tile-t24_567 cancelled for reason: already forgotten.  |  114 ok / 2454 failed, 215 min elapsed, eta 1.2 h
[2569/3434] t22_619: FutureCancelledError: tile-t22_619 cancelled for reason: already forgotten.  |  114 ok / 2455 failed, 215 min elapsed, eta 1.2 h
[2570/3434] t15_567: FutureCancelledError: tile-t15_567 cancelled for reason: already forgotten.  |  114 ok / 2456 failed, 215 min elapsed, eta 1.2 h
[2571/3434] t12_561: FutureCancelledError: tile-t12_561 cancelled for reason: already forgotten.  |  114 ok / 2457 failed, 215 min elapsed, eta 1.2 h
[2572/3434] t23_405: FutureCancelledError: tile-t23_405 cancelled for reason: already forgotten.  |  114 ok / 2458 failed, 215 min elapsed, eta 1.2 h
[2573/3434] t19_578: FutureCancelledError: tile-t19_578 cancelled for reason: already forgotten.  |  114 ok / 2459 failed, 215 min elapsed, eta 1.2 h
[2574/3434] t16_424: FutureCancelledError: tile-t16_424 cancelled for reason: already forgotten.  |  114 ok / 2460 failed, 215 min elapsed, eta 1.2 h
[2575/3434] t20_590: FutureCancelledError: tile-t20_590 cancelled for reason: already forgotten.  |  114 ok / 2461 failed, 215 min elapsed, eta 1.2 h
[2576/3434] t26_488: FutureCancelledError: tile-t26_488 cancelled for reason: already forgotten.  |  114 ok / 2462 failed, 215 min elapsed, eta 1.2 h
[2577/3434] t25_560: FutureCancelledError: tile-t25_560 cancelled for reason: already forgotten.  |  114 ok / 2463 failed, 215 min elapsed, eta 1.2 h
[2578/3434] t8_454: FutureCancelledError: tile-t8_454 cancelled for reason: already forgotten.  |  114 ok / 2464 failed, 215 min elapsed, eta 1.2 h
[2579/3434] t10_484: FutureCancelledError: tile-t10_484 cancelled for reason: already forgotten.  |  114 ok / 2465 failed, 215 min elapsed, eta 1.2 h
[2580/3434] t20_543: FutureCancelledError: tile-t20_543 cancelled for reason: already forgotten.  |  114 ok / 2466 failed, 215 min elapsed, eta 1.2 h
[2581/3434] t28_491: FutureCancelledError: tile-t28_491 cancelled for reason: already forgotten.  |  114 ok / 2467 failed, 215 min elapsed, eta 1.2 h
[2582/3434] t26_608: FutureCancelledError: tile-t26_608 cancelled for reason: already forgotten.  |  114 ok / 2468 failed, 215 min elapsed, eta 1.2 h
[2583/3434] t16_466: FutureCancelledError: tile-t16_466 cancelled for reason: already forgotten.  |  114 ok / 2469 failed, 215 min elapsed, eta 1.2 h
[2584/3434] t22_592: FutureCancelledError: tile-t22_592 cancelled for reason: already forgotten.  |  114 ok / 2470 failed, 215 min elapsed, eta 1.2 h
[2585/3434] t20_539: FutureCancelledError: tile-t20_539 cancelled for reason: already forgotten.  |  114 ok / 2471 failed, 215 min elapsed, eta 1.2 h
[2586/3434] t32_650: FutureCancelledError: tile-t32_650 cancelled for reason: already forgotten.  |  114 ok / 2472 failed, 215 min elapsed, eta 1.2 h
[2587/3434] t23_530: FutureCancelledError: tile-t23_530 cancelled for reason: already forgotten.  |  114 ok / 2473 failed, 215 min elapsed, eta 1.2 h
[2588/3434] t30_506: FutureCancelledError: tile-t30_506 cancelled for reason: already forgotten.  |  114 ok / 2474 failed, 215 min elapsed, eta 1.2 h
[2589/3434] t28_654: FutureCancelledError: tile-t28_654 cancelled for reason: already forgotten.  |  114 ok / 2475 failed, 215 min elapsed, eta 1.2 h
[2590/3434] t28_633: FutureCancelledError: tile-t28_633 cancelled for reason: already forgotten.  |  114 ok / 2476 failed, 215 min elapsed, eta 1.2 h
[2591/3434] t24_657: FutureCancelledError: tile-t24_657 cancelled for reason: already forgotten.  |  114 ok / 2477 failed, 215 min elapsed, eta 1.2 h
[2592/3434] t25_545: FutureCancelledError: tile-t25_545 cancelled for reason: already forgotten.  |  114 ok / 2478 failed, 215 min elapsed, eta 1.2 h
[2593/3434] t21_457: FutureCancelledError: tile-t21_457 cancelled for reason: already forgotten.  |  114 ok / 2479 failed, 215 min elapsed, eta 1.2 h
[2594/3434] t9_459: FutureCancelledError: tile-t9_459 cancelled for reason: already forgotten.  |  114 ok / 2480 failed, 215 min elapsed, eta 1.2 h
[2595/3434] t34_407: FutureCancelledError: tile-t34_407 cancelled for reason: already forgotten.  |  114 ok / 2481 failed, 215 min elapsed, eta 1.2 h
[2596/3434] t9_419: FutureCancelledError: tile-t9_419 cancelled for reason: already forgotten.  |  114 ok / 2482 failed, 215 min elapsed, eta 1.2 h
[2597/3434] t14_423: FutureCancelledError: tile-t14_423 cancelled for reason: already forgotten.  |  114 ok / 2483 failed, 215 min elapsed, eta 1.2 h
[2598/3434] t10_474: FutureCancelledError: tile-t10_474 cancelled for reason: already forgotten.  |  114 ok / 2484 failed, 215 min elapsed, eta 1.2 h
[2599/3434] t21_420: FutureCancelledError: tile-t21_420 cancelled for reason: already forgotten.  |  114 ok / 2485 failed, 215 min elapsed, eta 1.2 h
[2600/3434] t34_406: FutureCancelledError: tile-t34_406 cancelled for reason: already forgotten.  |  114 ok / 2486 failed, 215 min elapsed, eta 1.2 h
[2601/3434] t18_526: FutureCancelledError: tile-t18_526 cancelled for reason: already forgotten.  |  114 ok / 2487 failed, 215 min elapsed, eta 1.1 h
[2602/3434] t43_392: FutureCancelledError: tile-t43_392 cancelled for reason: already forgotten.  |  114 ok / 2488 failed, 215 min elapsed, eta 1.1 h
[2603/3434] t14_440: FutureCancelledError: tile-t14_440 cancelled for reason: already forgotten.  |  114 ok / 2489 failed, 215 min elapsed, eta 1.1 h
[2604/3434] t17_507: FutureCancelledError: tile-t17_507 cancelled for reason: already forgotten.  |  114 ok / 2490 failed, 215 min elapsed, eta 1.1 h
[2605/3434] t26_540: FutureCancelledError: tile-t26_540 cancelled for reason: already forgotten.  |  114 ok / 2491 failed, 215 min elapsed, eta 1.1 h
[2606/3434] t26_566: FutureCancelledError: tile-t26_566 cancelled for reason: already forgotten.  |  114 ok / 2492 failed, 215 min elapsed, eta 1.1 h
[2607/3434] t19_553: FutureCancelledError: tile-t19_553 cancelled for reason: already forgotten.  |  114 ok / 2493 failed, 215 min elapsed, eta 1.1 h
[2608/3434] t25_570: FutureCancelledError: tile-t25_570 cancelled for reason: already forgotten.  |  114 ok / 2494 failed, 215 min elapsed, eta 1.1 h
[2609/3434] t14_449: FutureCancelledError: tile-t14_449 cancelled for reason: already forgotten.  |  114 ok / 2495 failed, 215 min elapsed, eta 1.1 h
[2610/3434] t49_403: FutureCancelledError: tile-t49_403 cancelled for reason: already forgotten.  |  114 ok / 2496 failed, 215 min elapsed, eta 1.1 h
[2611/3434] t32_571: FutureCancelledError: tile-t32_571 cancelled for reason: already forgotten.  |  114 ok / 2497 failed, 215 min elapsed, eta 1.1 h
[2612/3434] t22_487: FutureCancelledError: tile-t22_487 cancelled for reason: already forgotten.  |  114 ok / 2498 failed, 215 min elapsed, eta 1.1 h
[2613/3434] t21_507: FutureCancelledError: tile-t21_507 cancelled for reason: already forgotten.  |  114 ok / 2499 failed, 215 min elapsed, eta 1.1 h
[2614/3434] t12_457: FutureCancelledError: tile-t12_457 cancelled for reason: already forgotten.  |  114 ok / 2500 failed, 215 min elapsed, eta 1.1 h
[2615/3434] t26_523: FutureCancelledError: tile-t26_523 cancelled for reason: already forgotten.  |  114 ok / 2501 failed, 215 min elapsed, eta 1.1 h
[2616/3434] t27_608: FutureCancelledError: tile-t27_608 cancelled for reason: already forgotten.  |  114 ok / 2502 failed, 215 min elapsed, eta 1.1 h
[2617/3434] t15_468: FutureCancelledError: tile-t15_468 cancelled for reason: already forgotten.  |  114 ok / 2503 failed, 215 min elapsed, eta 1.1 h
[2618/3434] t12_557: FutureCancelledError: tile-t12_557 cancelled for reason: already forgotten.  |  114 ok / 2504 failed, 215 min elapsed, eta 1.1 h
[2619/3434] t33_655: FutureCancelledError: tile-t33_655 cancelled for reason: already forgotten.  |  114 ok / 2505 failed, 215 min elapsed, eta 1.1 h
[2620/3434] t37_626: FutureCancelledError: tile-t37_626 cancelled for reason: already forgotten.  |  114 ok / 2506 failed, 215 min elapsed, eta 1.1 h
[2621/3434] t8_545: FutureCancelledError: tile-t8_545 cancelled for reason: already forgotten.  |  114 ok / 2507 failed, 215 min elapsed, eta 1.1 h
[2622/3434] t28_497: FutureCancelledError: tile-t28_497 cancelled for reason: already forgotten.  |  114 ok / 2508 failed, 215 min elapsed, eta 1.1 h
[2623/3434] t29_412: FutureCancelledError: tile-t29_412 cancelled for reason: already forgotten.  |  114 ok / 2509 failed, 215 min elapsed, eta 1.1 h
[2624/3434] t25_578: FutureCancelledError: tile-t25_578 cancelled for reason: already forgotten.  |  114 ok / 2510 failed, 215 min elapsed, eta 1.1 h
[2625/3434] t21_414: FutureCancelledError: tile-t21_414 cancelled for reason: already forgotten.  |  114 ok / 2511 failed, 215 min elapsed, eta 1.1 h
[2626/3434] t20_514: FutureCancelledError: tile-t20_514 cancelled for reason: already forgotten.  |  114 ok / 2512 failed, 215 min elapsed, eta 1.1 h
[2627/3434] t15_511: FutureCancelledError: tile-t15_511 cancelled for reason: already forgotten.  |  114 ok / 2513 failed, 215 min elapsed, eta 1.1 h
[2628/3434] t14_474: FutureCancelledError: tile-t14_474 cancelled for reason: already forgotten.  |  114 ok / 2514 failed, 215 min elapsed, eta 1.1 h
[2629/3434] t9_584: FutureCancelledError: tile-t9_584 cancelled for reason: already forgotten.  |  114 ok / 2515 failed, 215 min elapsed, eta 1.1 h
[2630/3434] t8_463: FutureCancelledError: tile-t8_463 cancelled for reason: already forgotten.  |  114 ok / 2516 failed, 215 min elapsed, eta 1.1 h
[2631/3434] t13_510: FutureCancelledError: tile-t13_510 cancelled for reason: already forgotten.  |  114 ok / 2517 failed, 215 min elapsed, eta 1.1 h
[2632/3434] t12_592: FutureCancelledError: tile-t12_592 cancelled for reason: already forgotten.  |  114 ok / 2518 failed, 215 min elapsed, eta 1.1 h
[2633/3434] t21_428: FutureCancelledError: tile-t21_428 cancelled for reason: already forgotten.  |  114 ok / 2519 failed, 215 min elapsed, eta 1.1 h
[2634/3434] t21_473: FutureCancelledError: tile-t21_473 cancelled for reason: already forgotten.  |  114 ok / 2520 failed, 215 min elapsed, eta 1.1 h
[2635/3434] t34_402: FutureCancelledError: tile-t34_402 cancelled for reason: already forgotten.  |  114 ok / 2521 failed, 215 min elapsed, eta 1.1 h
[2636/3434] t30_601: FutureCancelledError: tile-t30_601 cancelled for reason: already forgotten.  |  114 ok / 2522 failed, 215 min elapsed, eta 1.1 h
[2637/3434] t19_428: FutureCancelledError: tile-t19_428 cancelled for reason: already forgotten.  |  114 ok / 2523 failed, 215 min elapsed, eta 1.1 h
[2638/3434] t13_485: FutureCancelledError: tile-t13_485 cancelled for reason: already forgotten.  |  114 ok / 2524 failed, 215 min elapsed, eta 1.1 h
[2639/3434] t35_412: FutureCancelledError: tile-t35_412 cancelled for reason: already forgotten.  |  114 ok / 2525 failed, 215 min elapsed, eta 1.1 h
[2640/3434] t11_586: FutureCancelledError: tile-t11_586 cancelled for reason: already forgotten.  |  114 ok / 2526 failed, 215 min elapsed, eta 1.1 h
[2641/3434] t21_462: FutureCancelledError: tile-t21_462 cancelled for reason: already forgotten.  |  114 ok / 2527 failed, 215 min elapsed, eta 1.1 h
[2642/3434] t19_604: FutureCancelledError: tile-t19_604 cancelled for reason: already forgotten.  |  114 ok / 2528 failed, 215 min elapsed, eta 1.1 h
[2643/3434] t31_615: FutureCancelledError: tile-t31_615 cancelled for reason: already forgotten.  |  114 ok / 2529 failed, 215 min elapsed, eta 1.1 h
[2644/3434] t32_596: FutureCancelledError: tile-t32_596 cancelled for reason: already forgotten.  |  114 ok / 2530 failed, 215 min elapsed, eta 1.1 h
[2645/3434] t29_408: FutureCancelledError: tile-t29_408 cancelled for reason: already forgotten.  |  114 ok / 2531 failed, 215 min elapsed, eta 1.1 h
[2646/3434] t33_407: FutureCancelledError: tile-t33_407 cancelled for reason: already forgotten.  |  114 ok / 2532 failed, 215 min elapsed, eta 1.1 h
[2647/3434] t14_470: FutureCancelledError: tile-t14_470 cancelled for reason: already forgotten.  |  114 ok / 2533 failed, 215 min elapsed, eta 1.1 h
[2648/3434] t30_403: FutureCancelledError: tile-t30_403 cancelled for reason: already forgotten.  |  114 ok / 2534 failed, 215 min elapsed, eta 1.1 h
[2649/3434] t50_393: FutureCancelledError: tile-t50_393 cancelled for reason: already forgotten.  |  114 ok / 2535 failed, 215 min elapsed, eta 1.1 h
[2650/3434] t20_589: FutureCancelledError: tile-t20_589 cancelled for reason: already forgotten.  |  114 ok / 2536 failed, 215 min elapsed, eta 1.1 h
[2651/3434] t32_600: FutureCancelledError: tile-t32_600 cancelled for reason: already forgotten.  |  114 ok / 2537 failed, 215 min elapsed, eta 1.1 h
[2652/3434] t31_630: FutureCancelledError: tile-t31_630 cancelled for reason: already forgotten.  |  114 ok / 2538 failed, 215 min elapsed, eta 1.1 h
[2653/3434] t44_402: FutureCancelledError: tile-t44_402 cancelled for reason: already forgotten.  |  114 ok / 2539 failed, 215 min elapsed, eta 1.1 h
[2654/3434] t9_470: FutureCancelledError: tile-t9_470 cancelled for reason: already forgotten.  |  114 ok / 2540 failed, 215 min elapsed, eta 1.1 h
[2655/3434] t41_392: FutureCancelledError: tile-t41_392 cancelled for reason: already forgotten.  |  114 ok / 2541 failed, 215 min elapsed, eta 1.1 h
[2656/3434] t29_637: FutureCancelledError: tile-t29_637 cancelled for reason: already forgotten.  |  114 ok / 2542 failed, 215 min elapsed, eta 1.1 h
[2657/3434] t21_418: FutureCancelledError: tile-t21_418 cancelled for reason: already forgotten.  |  114 ok / 2543 failed, 215 min elapsed, eta 1.0 h
[2658/3434] t10_459: FutureCancelledError: tile-t10_459 cancelled for reason: already forgotten.  |  114 ok / 2544 failed, 215 min elapsed, eta 1.0 h
[2659/3434] t19_419: FutureCancelledError: tile-t19_419 cancelled for reason: already forgotten.  |  114 ok / 2545 failed, 215 min elapsed, eta 1.0 h
[2660/3434] t35_648: FutureCancelledError: tile-t35_648 cancelled for reason: already forgotten.  |  114 ok / 2546 failed, 215 min elapsed, eta 1.0 h
[2661/3434] t29_667: FutureCancelledError: tile-t29_667 cancelled for reason: already forgotten.  |  114 ok / 2547 failed, 215 min elapsed, eta 1.0 h
[2662/3434] t20_528: FutureCancelledError: tile-t20_528 cancelled for reason: already forgotten.  |  114 ok / 2548 failed, 215 min elapsed, eta 1.0 h
[2663/3434] t20_475: FutureCancelledError: tile-t20_475 cancelled for reason: already forgotten.  |  114 ok / 2549 failed, 215 min elapsed, eta 1.0 h
[2664/3434] t18_405: FutureCancelledError: tile-t18_405 cancelled for reason: already forgotten.  |  114 ok / 2550 failed, 215 min elapsed, eta 1.0 h
[2665/3434] t44_397: FutureCancelledError: tile-t44_397 cancelled for reason: already forgotten.  |  114 ok / 2551 failed, 215 min elapsed, eta 1.0 h
[2666/3434] t10_424: FutureCancelledError: tile-t10_424 cancelled for reason: already forgotten.  |  114 ok / 2552 failed, 215 min elapsed, eta 1.0 h
[2667/3434] t30_633: FutureCancelledError: tile-t30_633 cancelled for reason: already forgotten.  |  114 ok / 2553 failed, 215 min elapsed, eta 1.0 h
[2668/3434] t27_398: FutureCancelledError: tile-t27_398 cancelled for reason: already forgotten.  |  114 ok / 2554 failed, 215 min elapsed, eta 1.0 h
[2669/3434] t7_529: FutureCancelledError: tile-t7_529 cancelled for reason: already forgotten.  |  114 ok / 2555 failed, 215 min elapsed, eta 1.0 h
[2670/3434] t12_508: FutureCancelledError: tile-t12_508 cancelled for reason: already forgotten.  |  114 ok / 2556 failed, 215 min elapsed, eta 1.0 h
[2671/3434] t11_493: FutureCancelledError: tile-t11_493 cancelled for reason: already forgotten.  |  114 ok / 2557 failed, 215 min elapsed, eta 1.0 h
[2672/3434] t2_459: FutureCancelledError: tile-t2_459 cancelled for reason: already forgotten.  |  114 ok / 2558 failed, 215 min elapsed, eta 1.0 h
[2673/3434] t18_522: FutureCancelledError: tile-t18_522 cancelled for reason: already forgotten.  |  114 ok / 2559 failed, 215 min elapsed, eta 1.0 h
[2674/3434] t42_408: FutureCancelledError: tile-t42_408 cancelled for reason: already forgotten.  |  114 ok / 2560 failed, 215 min elapsed, eta 1.0 h
[2675/3434] t24_587: FutureCancelledError: tile-t24_587 cancelled for reason: already forgotten.  |  114 ok / 2561 failed, 215 min elapsed, eta 1.0 h
[2676/3434] t29_607: FutureCancelledError: tile-t29_607 cancelled for reason: already forgotten.  |  114 ok / 2562 failed, 215 min elapsed, eta 1.0 h
[2677/3434] t32_641: FutureCancelledError: tile-t32_641 cancelled for reason: already forgotten.  |  114 ok / 2563 failed, 215 min elapsed, eta 1.0 h
[2678/3434] t24_538: FutureCancelledError: tile-t24_538 cancelled for reason: already forgotten.  |  114 ok / 2564 failed, 215 min elapsed, eta 1.0 h
[2679/3434] t18_515: FutureCancelledError: tile-t18_515 cancelled for reason: already forgotten.  |  114 ok / 2565 failed, 215 min elapsed, eta 1.0 h
[2680/3434] t19_472: FutureCancelledError: tile-t19_472 cancelled for reason: already forgotten.  |  114 ok / 2566 failed, 215 min elapsed, eta 1.0 h
[2681/3434] t29_596: FutureCancelledError: tile-t29_596 cancelled for reason: already forgotten.  |  114 ok / 2567 failed, 215 min elapsed, eta 1.0 h
[2682/3434] t27_515: FutureCancelledError: tile-t27_515 cancelled for reason: already forgotten.  |  114 ok / 2568 failed, 215 min elapsed, eta 1.0 h
[2683/3434] t24_423: FutureCancelledError: tile-t24_423 cancelled for reason: already forgotten.  |  114 ok / 2569 failed, 215 min elapsed, eta 1.0 h
[2684/3434] t19_569: FutureCancelledError: tile-t19_569 cancelled for reason: already forgotten.  |  114 ok / 2570 failed, 215 min elapsed, eta 1.0 h
[2685/3434] t32_625: FutureCancelledError: tile-t32_625 cancelled for reason: already forgotten.  |  114 ok / 2571 failed, 215 min elapsed, eta 1.0 h
[2686/3434] t43_404: FutureCancelledError: tile-t43_404 cancelled for reason: already forgotten.  |  114 ok / 2572 failed, 215 min elapsed, eta 1.0 h
[2687/3434] t21_400: FutureCancelledError: tile-t21_400 cancelled for reason: already forgotten.  |  114 ok / 2573 failed, 215 min elapsed, eta 1.0 h
[2688/3434] t21_577: FutureCancelledError: tile-t21_577 cancelled for reason: already forgotten.  |  114 ok / 2574 failed, 215 min elapsed, eta 1.0 h
[2689/3434] t52_421: FutureCancelledError: tile-t52_421 cancelled for reason: already forgotten.  |  114 ok / 2575 failed, 215 min elapsed, eta 1.0 h
[2690/3434] t20_564: FutureCancelledError: tile-t20_564 cancelled for reason: already forgotten.  |  114 ok / 2576 failed, 215 min elapsed, eta 1.0 h
[2691/3434] t23_490: FutureCancelledError: tile-t23_490 cancelled for reason: already forgotten.  |  114 ok / 2577 failed, 215 min elapsed, eta 1.0 h
[2692/3434] t21_419: FutureCancelledError: tile-t21_419 cancelled for reason: already forgotten.  |  114 ok / 2578 failed, 215 min elapsed, eta 1.0 h
[2693/3434] t18_467: FutureCancelledError: tile-t18_467 cancelled for reason: already forgotten.  |  114 ok / 2579 failed, 215 min elapsed, eta 1.0 h
[2694/3434] t14_540: FutureCancelledError: tile-t14_540 cancelled for reason: already forgotten.  |  114 ok / 2580 failed, 215 min elapsed, eta 1.0 h
[2695/3434] t9_449: FutureCancelledError: tile-t9_449 cancelled for reason: already forgotten.  |  114 ok / 2581 failed, 215 min elapsed, eta 1.0 h
[2696/3434] t17_603: FutureCancelledError: tile-t17_603 cancelled for reason: already forgotten.  |  114 ok / 2582 failed, 215 min elapsed, eta 1.0 h
[2697/3434] t12_522: FutureCancelledError: tile-t12_522 cancelled for reason: already forgotten.  |  114 ok / 2583 failed, 215 min elapsed, eta 1.0 h
[2698/3434] t28_664: FutureCancelledError: tile-t28_664 cancelled for reason: already forgotten.  |  114 ok / 2584 failed, 215 min elapsed, eta 1.0 h
[2699/3434] t34_659: FutureCancelledError: tile-t34_659 cancelled for reason: already forgotten.  |  114 ok / 2585 failed, 215 min elapsed, eta 1.0 h
[2700/3434] t40_417: FutureCancelledError: tile-t40_417 cancelled for reason: already forgotten.  |  114 ok / 2586 failed, 215 min elapsed, eta 1.0 h
[2701/3434] t9_460: FutureCancelledError: tile-t9_460 cancelled for reason: already forgotten.  |  114 ok / 2587 failed, 215 min elapsed, eta 1.0 h
[2702/3434] t23_614: FutureCancelledError: tile-t23_614 cancelled for reason: already forgotten.  |  114 ok / 2588 failed, 215 min elapsed, eta 1.0 h
[2703/3434] t25_498: FutureCancelledError: tile-t25_498 cancelled for reason: already forgotten.  |  114 ok / 2589 failed, 215 min elapsed, eta 1.0 h
[2704/3434] t35_622: FutureCancelledError: tile-t35_622 cancelled for reason: already forgotten.  |  114 ok / 2590 failed, 215 min elapsed, eta 1.0 h
[2705/3434] t14_530: FutureCancelledError: tile-t14_530 cancelled for reason: already forgotten.  |  114 ok / 2591 failed, 215 min elapsed, eta 1.0 h
[2706/3434] t19_499: FutureCancelledError: tile-t19_499 cancelled for reason: already forgotten.  |  114 ok / 2592 failed, 215 min elapsed, eta 1.0 h
[2707/3434] t14_564: FutureCancelledError: tile-t14_564 cancelled for reason: already forgotten.  |  114 ok / 2593 failed, 215 min elapsed, eta 1.0 h
[2708/3434] t24_624: FutureCancelledError: tile-t24_624 cancelled for reason: already forgotten.  |  114 ok / 2594 failed, 215 min elapsed, eta 1.0 h
[2709/3434] t27_434: FutureCancelledError: tile-t27_434 cancelled for reason: already forgotten.  |  114 ok / 2595 failed, 215 min elapsed, eta 1.0 h
[2710/3434] t32_635: FutureCancelledError: tile-t32_635 cancelled for reason: already forgotten.  |  114 ok / 2596 failed, 215 min elapsed, eta 1.0 h
[2711/3434] t30_656: FutureCancelledError: tile-t30_656 cancelled for reason: already forgotten.  |  114 ok / 2597 failed, 215 min elapsed, eta 1.0 h
[2712/3434] t11_577: FutureCancelledError: tile-t11_577 cancelled for reason: already forgotten.  |  114 ok / 2598 failed, 215 min elapsed, eta 1.0 h
[2713/3434] t24_428: FutureCancelledError: tile-t24_428 cancelled for reason: already forgotten.  |  114 ok / 2599 failed, 215 min elapsed, eta 1.0 h
[2714/3434] t39_635: FutureCancelledError: tile-t39_635 cancelled for reason: already forgotten.  |  114 ok / 2600 failed, 215 min elapsed, eta 1.0 h
[2715/3434] t34_645: FutureCancelledError: tile-t34_645 cancelled for reason: already forgotten.  |  114 ok / 2601 failed, 215 min elapsed, eta 1.0 h
[2716/3434] t25_603: FutureCancelledError: tile-t25_603 cancelled for reason: already forgotten.  |  114 ok / 2602 failed, 215 min elapsed, eta 0.9 h
[2717/3434] t26_638: FutureCancelledError: tile-t26_638 cancelled for reason: already forgotten.  |  114 ok / 2603 failed, 215 min elapsed, eta 0.9 h
[2718/3434] t10_547: FutureCancelledError: tile-t10_547 cancelled for reason: already forgotten.  |  114 ok / 2604 failed, 215 min elapsed, eta 0.9 h
[2719/3434] t38_398: FutureCancelledError: tile-t38_398 cancelled for reason: already forgotten.  |  114 ok / 2605 failed, 215 min elapsed, eta 0.9 h
[2720/3434] t9_514: FutureCancelledError: tile-t9_514 cancelled for reason: already forgotten.  |  114 ok / 2606 failed, 215 min elapsed, eta 0.9 h
[2721/3434] t17_549: FutureCancelledError: tile-t17_549 cancelled for reason: already forgotten.  |  114 ok / 2607 failed, 215 min elapsed, eta 0.9 h
[2722/3434] t32_576: FutureCancelledError: tile-t32_576 cancelled for reason: already forgotten.  |  114 ok / 2608 failed, 215 min elapsed, eta 0.9 h
[2723/3434] t22_494: FutureCancelledError: tile-t22_494 cancelled for reason: already forgotten.  |  114 ok / 2609 failed, 215 min elapsed, eta 0.9 h
[2724/3434] t28_493: FutureCancelledError: tile-t28_493 cancelled for reason: already forgotten.  |  114 ok / 2610 failed, 215 min elapsed, eta 0.9 h
[2725/3434] t11_489: FutureCancelledError: tile-t11_489 cancelled for reason: already forgotten.  |  114 ok / 2611 failed, 215 min elapsed, eta 0.9 h
[2726/3434] t9_430: FutureCancelledError: tile-t9_430 cancelled for reason: already forgotten.  |  114 ok / 2612 failed, 215 min elapsed, eta 0.9 h
[2727/3434] t20_490: FutureCancelledError: tile-t20_490 cancelled for reason: already forgotten.  |  114 ok / 2613 failed, 215 min elapsed, eta 0.9 h
[2728/3434] t37_662: FutureCancelledError: tile-t37_662 cancelled for reason: already forgotten.  |  114 ok / 2614 failed, 215 min elapsed, eta 0.9 h
[2729/3434] t26_655: FutureCancelledError: tile-t26_655 cancelled for reason: already forgotten.  |  114 ok / 2615 failed, 215 min elapsed, eta 0.9 h
[2730/3434] t15_417: FutureCancelledError: tile-t15_417 cancelled for reason: already forgotten.  |  114 ok / 2616 failed, 215 min elapsed, eta 0.9 h
[2731/3434] t15_439: FutureCancelledError: tile-t15_439 cancelled for reason: already forgotten.  |  114 ok / 2617 failed, 215 min elapsed, eta 0.9 h
[2732/3434] t17_536: FutureCancelledError: tile-t17_536 cancelled for reason: already forgotten.  |  114 ok / 2618 failed, 215 min elapsed, eta 0.9 h
[2733/3434] t28_404: FutureCancelledError: tile-t28_404 cancelled for reason: already forgotten.  |  114 ok / 2619 failed, 215 min elapsed, eta 0.9 h
[2734/3434] t13_446: FutureCancelledError: tile-t13_446 cancelled for reason: already forgotten.  |  114 ok / 2620 failed, 215 min elapsed, eta 0.9 h
[2735/3434] t12_501: FutureCancelledError: tile-t12_501 cancelled for reason: already forgotten.  |  114 ok / 2621 failed, 215 min elapsed, eta 0.9 h
[2736/3434] t37_402: FutureCancelledError: tile-t37_402 cancelled for reason: already forgotten.  |  114 ok / 2622 failed, 215 min elapsed, eta 0.9 h
[2737/3434] t13_559: FutureCancelledError: tile-t13_559 cancelled for reason: already forgotten.  |  114 ok / 2623 failed, 215 min elapsed, eta 0.9 h
[2738/3434] t34_609: FutureCancelledError: tile-t34_609 cancelled for reason: already forgotten.  |  114 ok / 2624 failed, 215 min elapsed, eta 0.9 h
[2739/3434] t34_635: FutureCancelledError: tile-t34_635 cancelled for reason: already forgotten.  |  114 ok / 2625 failed, 215 min elapsed, eta 0.9 h
[2740/3434] t27_572: FutureCancelledError: tile-t27_572 cancelled for reason: already forgotten.  |  114 ok / 2626 failed, 215 min elapsed, eta 0.9 h
[2741/3434] t17_482: FutureCancelledError: tile-t17_482 cancelled for reason: already forgotten.  |  114 ok / 2627 failed, 215 min elapsed, eta 0.9 h
[2742/3434] t19_474: FutureCancelledError: tile-t19_474 cancelled for reason: already forgotten.  |  114 ok / 2628 failed, 215 min elapsed, eta 0.9 h
[2743/3434] t23_409: FutureCancelledError: tile-t23_409 cancelled for reason: already forgotten.  |  114 ok / 2629 failed, 215 min elapsed, eta 0.9 h
[2744/3434] t45_413: FutureCancelledError: tile-t45_413 cancelled for reason: already forgotten.  |  114 ok / 2630 failed, 215 min elapsed, eta 0.9 h
[2745/3434] t25_543: FutureCancelledError: tile-t25_543 cancelled for reason: already forgotten.  |  114 ok / 2631 failed, 215 min elapsed, eta 0.9 h
[2746/3434] t28_405: FutureCancelledError: tile-t28_405 cancelled for reason: already forgotten.  |  114 ok / 2632 failed, 215 min elapsed, eta 0.9 h
[2747/3434] t26_578: FutureCancelledError: tile-t26_578 cancelled for reason: already forgotten.  |  114 ok / 2633 failed, 215 min elapsed, eta 0.9 h
[2748/3434] t7_482: FutureCancelledError: tile-t7_482 cancelled for reason: already forgotten.  |  114 ok / 2634 failed, 215 min elapsed, eta 0.9 h
[2749/3434] t36_647: FutureCancelledError: tile-t36_647 cancelled for reason: already forgotten.  |  114 ok / 2635 failed, 215 min elapsed, eta 0.9 h
[2750/3434] t8_514: FutureCancelledError: tile-t8_514 cancelled for reason: already forgotten.  |  114 ok / 2636 failed, 215 min elapsed, eta 0.9 h
[2751/3434] t7_448: FutureCancelledError: tile-t7_448 cancelled for reason: already forgotten.  |  114 ok / 2637 failed, 215 min elapsed, eta 0.9 h
[2752/3434] t29_483: FutureCancelledError: tile-t29_483 cancelled for reason: already forgotten.  |  114 ok / 2638 failed, 215 min elapsed, eta 0.9 h
[2753/3434] t28_575: FutureCancelledError: tile-t28_575 cancelled for reason: already forgotten.  |  114 ok / 2639 failed, 215 min elapsed, eta 0.9 h
[2754/3434] t24_619: FutureCancelledError: tile-t24_619 cancelled for reason: already forgotten.  |  114 ok / 2640 failed, 215 min elapsed, eta 0.9 h
[2755/3434] t19_492: FutureCancelledError: tile-t19_492 cancelled for reason: already forgotten.  |  114 ok / 2641 failed, 215 min elapsed, eta 0.9 h
[2756/3434] t22_582: FutureCancelledError: tile-t22_582 cancelled for reason: already forgotten.  |  114 ok / 2642 failed, 215 min elapsed, eta 0.9 h
[2757/3434] t15_467: FutureCancelledError: tile-t15_467 cancelled for reason: already forgotten.  |  114 ok / 2643 failed, 215 min elapsed, eta 0.9 h
[2758/3434] t39_398: FutureCancelledError: tile-t39_398 cancelled for reason: already forgotten.  |  114 ok / 2644 failed, 215 min elapsed, eta 0.9 h
[2759/3434] t17_486: FutureCancelledError: tile-t17_486 cancelled for reason: already forgotten.  |  114 ok / 2645 failed, 215 min elapsed, eta 0.9 h
[2760/3434] t17_578: FutureCancelledError: tile-t17_578 cancelled for reason: already forgotten.  |  114 ok / 2646 failed, 215 min elapsed, eta 0.9 h
[2761/3434] t37_407: FutureCancelledError: tile-t37_407 cancelled for reason: already forgotten.  |  114 ok / 2647 failed, 215 min elapsed, eta 0.9 h
[2762/3434] t27_646: FutureCancelledError: tile-t27_646 cancelled for reason: already forgotten.  |  114 ok / 2648 failed, 215 min elapsed, eta 0.9 h
[2763/3434] t52_415: FutureCancelledError: tile-t52_415 cancelled for reason: already forgotten.  |  114 ok / 2649 failed, 215 min elapsed, eta 0.9 h
[2764/3434] t10_510: FutureCancelledError: tile-t10_510 cancelled for reason: already forgotten.  |  114 ok / 2650 failed, 215 min elapsed, eta 0.9 h
[2765/3434] t31_506: FutureCancelledError: tile-t31_506 cancelled for reason: already forgotten.  |  114 ok / 2651 failed, 215 min elapsed, eta 0.9 h
[2766/3434] t18_557: FutureCancelledError: tile-t18_557 cancelled for reason: already forgotten.  |  114 ok / 2652 failed, 215 min elapsed, eta 0.9 h
[2767/3434] t16_501: FutureCancelledError: tile-t16_501 cancelled for reason: already forgotten.  |  114 ok / 2653 failed, 215 min elapsed, eta 0.9 h
[2768/3434] t29_582: FutureCancelledError: tile-t29_582 cancelled for reason: already forgotten.  |  114 ok / 2654 failed, 215 min elapsed, eta 0.9 h
[2769/3434] t12_533: FutureCancelledError: tile-t12_533 cancelled for reason: already forgotten.  |  114 ok / 2655 failed, 215 min elapsed, eta 0.9 h
[2770/3434] t23_488: FutureCancelledError: tile-t23_488 cancelled for reason: already forgotten.  |  114 ok / 2656 failed, 215 min elapsed, eta 0.9 h
[2771/3434] t27_487: FutureCancelledError: tile-t27_487 cancelled for reason: already forgotten.  |  114 ok / 2657 failed, 215 min elapsed, eta 0.9 h
[2772/3434] t35_632: FutureCancelledError: tile-t35_632 cancelled for reason: already forgotten.  |  114 ok / 2658 failed, 215 min elapsed, eta 0.9 h
[2773/3434] t36_419: FutureCancelledError: tile-t36_419 cancelled for reason: already forgotten.  |  114 ok / 2659 failed, 215 min elapsed, eta 0.9 h
[2774/3434] t28_648: FutureCancelledError: tile-t28_648 cancelled for reason: already forgotten.  |  114 ok / 2660 failed, 215 min elapsed, eta 0.9 h
[2775/3434] t33_603: FutureCancelledError: tile-t33_603 cancelled for reason: already forgotten.  |  114 ok / 2661 failed, 215 min elapsed, eta 0.9 h
[2776/3434] t17_548: FutureCancelledError: tile-t17_548 cancelled for reason: already forgotten.  |  114 ok / 2662 failed, 215 min elapsed, eta 0.9 h
[2777/3434] t26_627: FutureCancelledError: tile-t26_627 cancelled for reason: already forgotten.  |  114 ok / 2663 failed, 215 min elapsed, eta 0.8 h
[2778/3434] t15_592: FutureCancelledError: tile-t15_592 cancelled for reason: already forgotten.  |  114 ok / 2664 failed, 215 min elapsed, eta 0.8 h
[2779/3434] t18_585: FutureCancelledError: tile-t18_585 cancelled for reason: already forgotten.  |  114 ok / 2665 failed, 215 min elapsed, eta 0.8 h
[2780/3434] t18_500: FutureCancelledError: tile-t18_500 cancelled for reason: already forgotten.  |  114 ok / 2666 failed, 215 min elapsed, eta 0.8 h
[2781/3434] t25_499: FutureCancelledError: tile-t25_499 cancelled for reason: already forgotten.  |  114 ok / 2667 failed, 215 min elapsed, eta 0.8 h
[2782/3434] t33_614: FutureCancelledError: tile-t33_614 cancelled for reason: already forgotten.  |  114 ok / 2668 failed, 215 min elapsed, eta 0.8 h
[2783/3434] t35_652: FutureCancelledError: tile-t35_652 cancelled for reason: already forgotten.  |  114 ok / 2669 failed, 215 min elapsed, eta 0.8 h
[2784/3434] t12_582: FutureCancelledError: tile-t12_582 cancelled for reason: already forgotten.  |  114 ok / 2670 failed, 215 min elapsed, eta 0.8 h
[2785/3434] t24_623: FutureCancelledError: tile-t24_623 cancelled for reason: already forgotten.  |  114 ok / 2671 failed, 215 min elapsed, eta 0.8 h
[2786/3434] t13_588: FutureCancelledError: tile-t13_588 cancelled for reason: already forgotten.  |  114 ok / 2672 failed, 215 min elapsed, eta 0.8 h
[2787/3434] t8_427: FutureCancelledError: tile-t8_427 cancelled for reason: already forgotten.  |  114 ok / 2673 failed, 215 min elapsed, eta 0.8 h
[2788/3434] t26_644: FutureCancelledError: tile-t26_644 cancelled for reason: already forgotten.  |  114 ok / 2674 failed, 215 min elapsed, eta 0.8 h
[2789/3434] t22_547: FutureCancelledError: tile-t22_547 cancelled for reason: already forgotten.  |  114 ok / 2675 failed, 215 min elapsed, eta 0.8 h
[2790/3434] t37_418: FutureCancelledError: tile-t37_418 cancelled for reason: already forgotten.  |  114 ok / 2676 failed, 215 min elapsed, eta 0.8 h
[2791/3434] t34_614: FutureCancelledError: tile-t34_614 cancelled for reason: already forgotten.  |  114 ok / 2677 failed, 215 min elapsed, eta 0.8 h
[2792/3434] t18_486: FutureCancelledError: tile-t18_486 cancelled for reason: already forgotten.  |  114 ok / 2678 failed, 215 min elapsed, eta 0.8 h
[2793/3434] t46_420: FutureCancelledError: tile-t46_420 cancelled for reason: already forgotten.  |  114 ok / 2679 failed, 215 min elapsed, eta 0.8 h
[2794/3434] t26_558: FutureCancelledError: tile-t26_558 cancelled for reason: already forgotten.  |  114 ok / 2680 failed, 215 min elapsed, eta 0.8 h
[2795/3434] t26_664: FutureCancelledError: tile-t26_664 cancelled for reason: already forgotten.  |  114 ok / 2681 failed, 215 min elapsed, eta 0.8 h
[2796/3434] t47_416: FutureCancelledError: tile-t47_416 cancelled for reason: already forgotten.  |  114 ok / 2682 failed, 215 min elapsed, eta 0.8 h
[2797/3434] t12_478: FutureCancelledError: tile-t12_478 cancelled for reason: already forgotten.  |  114 ok / 2683 failed, 215 min elapsed, eta 0.8 h
[2798/3434] t32_636: FutureCancelledError: tile-t32_636 cancelled for reason: already forgotten.  |  114 ok / 2684 failed, 215 min elapsed, eta 0.8 h
[2799/3434] t33_411: FutureCancelledError: tile-t33_411 cancelled for reason: already forgotten.  |  114 ok / 2685 failed, 215 min elapsed, eta 0.8 h
[2800/3434] t15_496: FutureCancelledError: tile-t15_496 cancelled for reason: already forgotten.  |  114 ok / 2686 failed, 215 min elapsed, eta 0.8 h
[2801/3434] t24_660: FutureCancelledError: tile-t24_660 cancelled for reason: already forgotten.  |  114 ok / 2687 failed, 215 min elapsed, eta 0.8 h
[2802/3434] t12_537: FutureCancelledError: tile-t12_537 cancelled for reason: already forgotten.  |  114 ok / 2688 failed, 215 min elapsed, eta 0.8 h
[2803/3434] t12_473: FutureCancelledError: tile-t12_473 cancelled for reason: already forgotten.  |  114 ok / 2689 failed, 215 min elapsed, eta 0.8 h
[2804/3434] t7_452: FutureCancelledError: tile-t7_452 cancelled for reason: already forgotten.  |  114 ok / 2690 failed, 215 min elapsed, eta 0.8 h
[2805/3434] t21_517: FutureCancelledError: tile-t21_517 cancelled for reason: already forgotten.  |  114 ok / 2691 failed, 215 min elapsed, eta 0.8 h
[2806/3434] t27_419: FutureCancelledError: tile-t27_419 cancelled for reason: already forgotten.  |  114 ok / 2692 failed, 215 min elapsed, eta 0.8 h
[2807/3434] t12_493: FutureCancelledError: tile-t12_493 cancelled for reason: already forgotten.  |  114 ok / 2693 failed, 215 min elapsed, eta 0.8 h
[2808/3434] t10_527: FutureCancelledError: tile-t10_527 cancelled for reason: already forgotten.  |  114 ok / 2694 failed, 215 min elapsed, eta 0.8 h
[2809/3434] t24_547: FutureCancelledError: tile-t24_547 cancelled for reason: already forgotten.  |  114 ok / 2695 failed, 215 min elapsed, eta 0.8 h
[2810/3434] t19_497: FutureCancelledError: tile-t19_497 cancelled for reason: already forgotten.  |  114 ok / 2696 failed, 215 min elapsed, eta 0.8 h
[2811/3434] t30_393: FutureCancelledError: tile-t30_393 cancelled for reason: already forgotten.  |  114 ok / 2697 failed, 215 min elapsed, eta 0.8 h
[2812/3434] t17_475: FutureCancelledError: tile-t17_475 cancelled for reason: already forgotten.  |  114 ok / 2698 failed, 215 min elapsed, eta 0.8 h
[2813/3434] t27_520: FutureCancelledError: tile-t27_520 cancelled for reason: already forgotten.  |  114 ok / 2699 failed, 215 min elapsed, eta 0.8 h
[2814/3434] t20_480: FutureCancelledError: tile-t20_480 cancelled for reason: already forgotten.  |  114 ok / 2700 failed, 215 min elapsed, eta 0.8 h
[2815/3434] t16_488: FutureCancelledError: tile-t16_488 cancelled for reason: already forgotten.  |  114 ok / 2701 failed, 215 min elapsed, eta 0.8 h
[2816/3434] t24_564: FutureCancelledError: tile-t24_564 cancelled for reason: already forgotten.  |  114 ok / 2702 failed, 215 min elapsed, eta 0.8 h
[2817/3434] t21_509: FutureCancelledError: tile-t21_509 cancelled for reason: already forgotten.  |  114 ok / 2703 failed, 215 min elapsed, eta 0.8 h
[2818/3434] t15_424: FutureCancelledError: tile-t15_424 cancelled for reason: already forgotten.  |  114 ok / 2704 failed, 215 min elapsed, eta 0.8 h
[2819/3434] t11_453: FutureCancelledError: tile-t11_453 cancelled for reason: already forgotten.  |  114 ok / 2705 failed, 215 min elapsed, eta 0.8 h
[2820/3434] t11_429: FutureCancelledError: tile-t11_429 cancelled for reason: already forgotten.  |  114 ok / 2706 failed, 215 min elapsed, eta 0.8 h
[2821/3434] t30_422: FutureCancelledError: tile-t30_422 cancelled for reason: already forgotten.  |  114 ok / 2707 failed, 215 min elapsed, eta 0.8 h
[2822/3434] t29_592: FutureCancelledError: tile-t29_592 cancelled for reason: already forgotten.  |  114 ok / 2708 failed, 215 min elapsed, eta 0.8 h
[2823/3434] t15_505: FutureCancelledError: tile-t15_505 cancelled for reason: already forgotten.  |  114 ok / 2709 failed, 215 min elapsed, eta 0.8 h
[2824/3434] t26_665: FutureCancelledError: tile-t26_665 cancelled for reason: already forgotten.  |  114 ok / 2710 failed, 215 min elapsed, eta 0.8 h
[2825/3434] t28_619: FutureCancelledError: tile-t28_619 cancelled for reason: already forgotten.  |  114 ok / 2711 failed, 215 min elapsed, eta 0.8 h
[2826/3434] t27_484: FutureCancelledError: tile-t27_484 cancelled for reason: already forgotten.  |  114 ok / 2712 failed, 215 min elapsed, eta 0.8 h
[2827/3434] t23_609: FutureCancelledError: tile-t23_609 cancelled for reason: already forgotten.  |  114 ok / 2713 failed, 215 min elapsed, eta 0.8 h
[2828/3434] t21_482: FutureCancelledError: tile-t21_482 cancelled for reason: already forgotten.  |  114 ok / 2714 failed, 215 min elapsed, eta 0.8 h
[2829/3434] t31_411: FutureCancelledError: tile-t31_411 cancelled for reason: already forgotten.  |  114 ok / 2715 failed, 215 min elapsed, eta 0.8 h
[2830/3434] t23_475: FutureCancelledError: tile-t23_475 cancelled for reason: already forgotten.  |  114 ok / 2716 failed, 215 min elapsed, eta 0.8 h
[2831/3434] t30_617: FutureCancelledError: tile-t30_617 cancelled for reason: already forgotten.  |  114 ok / 2717 failed, 215 min elapsed, eta 0.8 h
[2832/3434] t36_637: FutureCancelledError: tile-t36_637 cancelled for reason: already forgotten.  |  114 ok / 2718 failed, 215 min elapsed, eta 0.8 h
[2833/3434] t19_565: FutureCancelledError: tile-t19_565 cancelled for reason: already forgotten.  |  114 ok / 2719 failed, 215 min elapsed, eta 0.8 h
[2834/3434] t25_630: FutureCancelledError: tile-t25_630 cancelled for reason: already forgotten.  |  114 ok / 2720 failed, 215 min elapsed, eta 0.8 h
[2835/3434] t34_418: FutureCancelledError: tile-t34_418 cancelled for reason: already forgotten.  |  114 ok / 2721 failed, 215 min elapsed, eta 0.8 h
[2836/3434] t27_561: FutureCancelledError: tile-t27_561 cancelled for reason: already forgotten.  |  114 ok / 2722 failed, 215 min elapsed, eta 0.8 h
[2837/3434] t24_593: FutureCancelledError: tile-t24_593 cancelled for reason: already forgotten.  |  114 ok / 2723 failed, 215 min elapsed, eta 0.8 h
[2838/3434] t14_594: FutureCancelledError: tile-t14_594 cancelled for reason: already forgotten.  |  114 ok / 2724 failed, 215 min elapsed, eta 0.8 h
[2839/3434] t7_507: FutureCancelledError: tile-t7_507 cancelled for reason: already forgotten.  |  114 ok / 2725 failed, 215 min elapsed, eta 0.8 h
[2840/3434] t22_524: FutureCancelledError: tile-t22_524 cancelled for reason: already forgotten.  |  114 ok / 2726 failed, 215 min elapsed, eta 0.8 h
[2841/3434] t9_519: FutureCancelledError: tile-t9_519 cancelled for reason: already forgotten.  |  114 ok / 2727 failed, 215 min elapsed, eta 0.7 h
[2842/3434] t30_658: FutureCancelledError: tile-t30_658 cancelled for reason: already forgotten.  |  114 ok / 2728 failed, 215 min elapsed, eta 0.7 h
[2843/3434] t26_513: FutureCancelledError: tile-t26_513 cancelled for reason: already forgotten.  |  114 ok / 2729 failed, 215 min elapsed, eta 0.7 h
[2844/3434] t14_538: FutureCancelledError: tile-t14_538 cancelled for reason: already forgotten.  |  114 ok / 2730 failed, 215 min elapsed, eta 0.7 h
[2845/3434] t17_476: FutureCancelledError: tile-t17_476 cancelled for reason: already forgotten.  |  114 ok / 2731 failed, 215 min elapsed, eta 0.7 h
[2846/3434] t23_401: FutureCancelledError: tile-t23_401 cancelled for reason: already forgotten.  |  114 ok / 2732 failed, 215 min elapsed, eta 0.7 h
[2847/3434] t37_414: FutureCancelledError: tile-t37_414 cancelled for reason: already forgotten.  |  114 ok / 2733 failed, 215 min elapsed, eta 0.7 h
[2848/3434] t29_403: FutureCancelledError: tile-t29_403 cancelled for reason: already forgotten.  |  114 ok / 2734 failed, 215 min elapsed, eta 0.7 h
[2849/3434] t17_472: FutureCancelledError: tile-t17_472 cancelled for reason: already forgotten.  |  114 ok / 2735 failed, 215 min elapsed, eta 0.7 h
[2850/3434] t14_565: FutureCancelledError: tile-t14_565 cancelled for reason: already forgotten.  |  114 ok / 2736 failed, 215 min elapsed, eta 0.7 h
[2851/3434] t17_496: FutureCancelledError: tile-t17_496 cancelled for reason: already forgotten.  |  114 ok / 2737 failed, 215 min elapsed, eta 0.7 h
[2852/3434] t23_604: FutureCancelledError: tile-t23_604 cancelled for reason: already forgotten.  |  114 ok / 2738 failed, 215 min elapsed, eta 0.7 h
[2853/3434] t19_513: FutureCancelledError: tile-t19_513 cancelled for reason: already forgotten.  |  114 ok / 2739 failed, 215 min elapsed, eta 0.7 h
[2854/3434] t34_629: FutureCancelledError: tile-t34_629 cancelled for reason: already forgotten.  |  114 ok / 2740 failed, 215 min elapsed, eta 0.7 h
[2855/3434] t12_513: FutureCancelledError: tile-t12_513 cancelled for reason: already forgotten.  |  114 ok / 2741 failed, 215 min elapsed, eta 0.7 h
[2856/3434] t20_478: FutureCancelledError: tile-t20_478 cancelled for reason: already forgotten.  |  114 ok / 2742 failed, 215 min elapsed, eta 0.7 h
[2857/3434] t12_571: FutureCancelledError: tile-t12_571 cancelled for reason: already forgotten.  |  114 ok / 2743 failed, 215 min elapsed, eta 0.7 h
[2858/3434] t23_534: FutureCancelledError: tile-t23_534 cancelled for reason: already forgotten.  |  114 ok / 2744 failed, 215 min elapsed, eta 0.7 h
[2859/3434] t29_617: FutureCancelledError: tile-t29_617 cancelled for reason: already forgotten.  |  114 ok / 2745 failed, 215 min elapsed, eta 0.7 h
[2860/3434] t25_657: FutureCancelledError: tile-t25_657 cancelled for reason: already forgotten.  |  114 ok / 2746 failed, 215 min elapsed, eta 0.7 h
[2861/3434] t9_469: FutureCancelledError: tile-t9_469 cancelled for reason: already forgotten.  |  114 ok / 2747 failed, 215 min elapsed, eta 0.7 h
[2862/3434] t30_500: FutureCancelledError: tile-t30_500 cancelled for reason: already forgotten.  |  114 ok / 2748 failed, 215 min elapsed, eta 0.7 h
[2863/3434] t9_552: FutureCancelledError: tile-t9_552 cancelled for reason: already forgotten.  |  114 ok / 2749 failed, 215 min elapsed, eta 0.7 h
[2864/3434] t48_404: FutureCancelledError: tile-t48_404 cancelled for reason: already forgotten.  |  114 ok / 2750 failed, 215 min elapsed, eta 0.7 h
[2865/3434] t21_548: FutureCancelledError: tile-t21_548 cancelled for reason: already forgotten.  |  114 ok / 2751 failed, 215 min elapsed, eta 0.7 h
[2866/3434] t33_624: FutureCancelledError: tile-t33_624 cancelled for reason: already forgotten.  |  114 ok / 2752 failed, 215 min elapsed, eta 0.7 h
[2867/3434] t22_577: FutureCancelledError: tile-t22_577 cancelled for reason: already forgotten.  |  114 ok / 2753 failed, 215 min elapsed, eta 0.7 h
[2868/3434] t12_422: FutureCancelledError: tile-t12_422 cancelled for reason: already forgotten.  |  114 ok / 2754 failed, 215 min elapsed, eta 0.7 h
[2869/3434] t8_457: FutureCancelledError: tile-t8_457 cancelled for reason: already forgotten.  |  114 ok / 2755 failed, 215 min elapsed, eta 0.7 h
[2870/3434] t21_512: FutureCancelledError: tile-t21_512 cancelled for reason: already forgotten.  |  114 ok / 2756 failed, 215 min elapsed, eta 0.7 h
[2871/3434] t19_568: FutureCancelledError: tile-t19_568 cancelled for reason: already forgotten.  |  114 ok / 2757 failed, 215 min elapsed, eta 0.7 h
[2872/3434] t13_484: FutureCancelledError: tile-t13_484 cancelled for reason: already forgotten.  |  114 ok / 2758 failed, 215 min elapsed, eta 0.7 h
[2873/3434] t46_394: FutureCancelledError: tile-t46_394 cancelled for reason: already forgotten.  |  114 ok / 2759 failed, 215 min elapsed, eta 0.7 h
[2874/3434] t36_600: FutureCancelledError: tile-t36_600 cancelled for reason: already forgotten.  |  114 ok / 2760 failed, 215 min elapsed, eta 0.7 h
[2875/3434] t19_479: FutureCancelledError: tile-t19_479 cancelled for reason: already forgotten.  |  114 ok / 2761 failed, 215 min elapsed, eta 0.7 h
[2876/3434] t25_399: FutureCancelledError: tile-t25_399 cancelled for reason: already forgotten.  |  114 ok / 2762 failed, 215 min elapsed, eta 0.7 h
[2877/3434] t17_520: FutureCancelledError: tile-t17_520 cancelled for reason: already forgotten.  |  114 ok / 2763 failed, 215 min elapsed, eta 0.7 h
[2878/3434] t25_477: FutureCancelledError: tile-t25_477 cancelled for reason: already forgotten.  |  114 ok / 2764 failed, 215 min elapsed, eta 0.7 h
[2879/3434] t15_504: FutureCancelledError: tile-t15_504 cancelled for reason: already forgotten.  |  114 ok / 2765 failed, 215 min elapsed, eta 0.7 h
[2880/3434] t20_459: FutureCancelledError: tile-t20_459 cancelled for reason: already forgotten.  |  114 ok / 2766 failed, 215 min elapsed, eta 0.7 h
[2881/3434] t19_483: FutureCancelledError: tile-t19_483 cancelled for reason: already forgotten.  |  114 ok / 2767 failed, 215 min elapsed, eta 0.7 h
[2882/3434] t25_535: FutureCancelledError: tile-t25_535 cancelled for reason: already forgotten.  |  114 ok / 2768 failed, 215 min elapsed, eta 0.7 h
[2883/3434] t31_622: FutureCancelledError: tile-t31_622 cancelled for reason: already forgotten.  |  114 ok / 2769 failed, 215 min elapsed, eta 0.7 h
[2884/3434] t16_486: FutureCancelledError: tile-t16_486 cancelled for reason: already forgotten.  |  114 ok / 2770 failed, 215 min elapsed, eta 0.7 h
[2885/3434] t9_523: FutureCancelledError: tile-t9_523 cancelled for reason: already forgotten.  |  114 ok / 2771 failed, 215 min elapsed, eta 0.7 h
[2886/3434] t7_457: FutureCancelledError: tile-t7_457 cancelled for reason: already forgotten.  |  114 ok / 2772 failed, 215 min elapsed, eta 0.7 h
[2887/3434] t22_537: FutureCancelledError: tile-t22_537 cancelled for reason: already forgotten.  |  114 ok / 2773 failed, 215 min elapsed, eta 0.7 h
[2888/3434] t16_464: FutureCancelledError: tile-t16_464 cancelled for reason: already forgotten.  |  114 ok / 2774 failed, 215 min elapsed, eta 0.7 h
[2889/3434] t34_655: FutureCancelledError: tile-t34_655 cancelled for reason: already forgotten.  |  114 ok / 2775 failed, 215 min elapsed, eta 0.7 h
[2890/3434] t28_414: FutureCancelledError: tile-t28_414 cancelled for reason: already forgotten.  |  114 ok / 2776 failed, 215 min elapsed, eta 0.7 h
[2891/3434] t16_557: FutureCancelledError: tile-t16_557 cancelled for reason: already forgotten.  |  114 ok / 2777 failed, 215 min elapsed, eta 0.7 h
[2892/3434] t50_400: FutureCancelledError: tile-t50_400 cancelled for reason: already forgotten.  |  114 ok / 2778 failed, 215 min elapsed, eta 0.7 h
[2893/3434] t21_409: FutureCancelledError: tile-t21_409 cancelled for reason: already forgotten.  |  114 ok / 2779 failed, 215 min elapsed, eta 0.7 h
[2894/3434] t13_573: FutureCancelledError: tile-t13_573 cancelled for reason: already forgotten.  |  114 ok / 2780 failed, 215 min elapsed, eta 0.7 h
[2895/3434] t28_645: FutureCancelledError: tile-t28_645 cancelled for reason: already forgotten.  |  114 ok / 2781 failed, 215 min elapsed, eta 0.7 h
[2896/3434] t9_425: FutureCancelledError: tile-t9_425 cancelled for reason: already forgotten.  |  114 ok / 2782 failed, 215 min elapsed, eta 0.7 h
[2897/3434] t22_614: FutureCancelledError: tile-t22_614 cancelled for reason: already forgotten.  |  114 ok / 2783 failed, 215 min elapsed, eta 0.7 h
[2898/3434] t22_468: FutureCancelledError: tile-t22_468 cancelled for reason: already forgotten.  |  114 ok / 2784 failed, 215 min elapsed, eta 0.7 h
[2899/3434] t17_554: FutureCancelledError: tile-t17_554 cancelled for reason: already forgotten.  |  114 ok / 2785 failed, 215 min elapsed, eta 0.7 h
[2900/3434] t10_576: FutureCancelledError: tile-t10_576 cancelled for reason: already forgotten.  |  114 ok / 2786 failed, 215 min elapsed, eta 0.7 h
[2901/3434] t10_537: FutureCancelledError: tile-t10_537 cancelled for reason: already forgotten.  |  114 ok / 2787 failed, 215 min elapsed, eta 0.7 h
[2902/3434] t27_652: FutureCancelledError: tile-t27_652 cancelled for reason: already forgotten.  |  114 ok / 2788 failed, 215 min elapsed, eta 0.7 h
[2903/3434] t18_501: FutureCancelledError: tile-t18_501 cancelled for reason: already forgotten.  |  114 ok / 2789 failed, 215 min elapsed, eta 0.7 h
[2904/3434] t10_522: FutureCancelledError: tile-t10_522 cancelled for reason: already forgotten.  |  114 ok / 2790 failed, 215 min elapsed, eta 0.7 h
[2905/3434] t37_611: FutureCancelledError: tile-t37_611 cancelled for reason: already forgotten.  |  114 ok / 2791 failed, 215 min elapsed, eta 0.7 h
[2906/3434] t24_398: FutureCancelledError: tile-t24_398 cancelled for reason: already forgotten.  |  114 ok / 2792 failed, 215 min elapsed, eta 0.7 h
[2907/3434] t15_582: FutureCancelledError: tile-t15_582 cancelled for reason: already forgotten.  |  114 ok / 2793 failed, 215 min elapsed, eta 0.7 h
[2908/3434] t18_441: FutureCancelledError: tile-t18_441 cancelled for reason: already forgotten.  |  114 ok / 2794 failed, 215 min elapsed, eta 0.6 h
[2909/3434] t12_448: FutureCancelledError: tile-t12_448 cancelled for reason: already forgotten.  |  114 ok / 2795 failed, 215 min elapsed, eta 0.6 h
[2910/3434] t8_458: FutureCancelledError: tile-t8_458 cancelled for reason: already forgotten.  |  114 ok / 2796 failed, 215 min elapsed, eta 0.6 h
[2911/3434] t17_481: FutureCancelledError: tile-t17_481 cancelled for reason: already forgotten.  |  114 ok / 2797 failed, 215 min elapsed, eta 0.6 h
[2912/3434] t34_649: FutureCancelledError: tile-t34_649 cancelled for reason: already forgotten.  |  114 ok / 2798 failed, 215 min elapsed, eta 0.6 h
[2913/3434] t18_472: FutureCancelledError: tile-t18_472 cancelled for reason: already forgotten.  |  114 ok / 2799 failed, 215 min elapsed, eta 0.6 h
[2914/3434] t16_528: FutureCancelledError: tile-t16_528 cancelled for reason: already forgotten.  |  114 ok / 2800 failed, 215 min elapsed, eta 0.6 h
[2915/3434] t7_524: FutureCancelledError: tile-t7_524 cancelled for reason: already forgotten.  |  114 ok / 2801 failed, 215 min elapsed, eta 0.6 h
[2916/3434] t30_418: FutureCancelledError: tile-t30_418 cancelled for reason: already forgotten.  |  114 ok / 2802 failed, 215 min elapsed, eta 0.6 h
[2917/3434] t29_498: FutureCancelledError: tile-t29_498 cancelled for reason: already forgotten.  |  114 ok / 2803 failed, 215 min elapsed, eta 0.6 h
[2918/3434] t13_425: FutureCancelledError: tile-t13_425 cancelled for reason: already forgotten.  |  114 ok / 2804 failed, 215 min elapsed, eta 0.6 h
[2919/3434] t14_444: FutureCancelledError: tile-t14_444 cancelled for reason: already forgotten.  |  114 ok / 2805 failed, 215 min elapsed, eta 0.6 h
[2920/3434] t47_397: FutureCancelledError: tile-t47_397 cancelled for reason: already forgotten.  |  114 ok / 2806 failed, 215 min elapsed, eta 0.6 h
[2921/3434] t31_656: FutureCancelledError: tile-t31_656 cancelled for reason: already forgotten.  |  114 ok / 2807 failed, 215 min elapsed, eta 0.6 h
[2922/3434] t13_594: FutureCancelledError: tile-t13_594 cancelled for reason: already forgotten.  |  114 ok / 2808 failed, 215 min elapsed, eta 0.6 h
[2923/3434] t38_403: FutureCancelledError: tile-t38_403 cancelled for reason: already forgotten.  |  114 ok / 2809 failed, 215 min elapsed, eta 0.6 h
[2924/3434] t32_602: FutureCancelledError: tile-t32_602 cancelled for reason: already forgotten.  |  114 ok / 2810 failed, 215 min elapsed, eta 0.6 h
[2925/3434] t17_480: FutureCancelledError: tile-t17_480 cancelled for reason: already forgotten.  |  114 ok / 2811 failed, 215 min elapsed, eta 0.6 h
[2926/3434] t7_456: FutureCancelledError: tile-t7_456 cancelled for reason: already forgotten.  |  114 ok / 2812 failed, 215 min elapsed, eta 0.6 h
[2927/3434] t26_659: FutureCancelledError: tile-t26_659 cancelled for reason: already forgotten.  |  114 ok / 2813 failed, 215 min elapsed, eta 0.6 h
[2928/3434] t10_586: FutureCancelledError: tile-t10_586 cancelled for reason: already forgotten.  |  114 ok / 2814 failed, 215 min elapsed, eta 0.6 h
[2929/3434] t39_619: FutureCancelledError: tile-t39_619 cancelled for reason: already forgotten.  |  114 ok / 2815 failed, 215 min elapsed, eta 0.6 h
[2930/3434] t18_606: FutureCancelledError: tile-t18_606 cancelled for reason: already forgotten.  |  114 ok / 2816 failed, 215 min elapsed, eta 0.6 h
[2931/3434] t36_635: FutureCancelledError: tile-t36_635 cancelled for reason: already forgotten.  |  114 ok / 2817 failed, 215 min elapsed, eta 0.6 h
[2932/3434] t35_617: FutureCancelledError: tile-t35_617 cancelled for reason: already forgotten.  |  114 ok / 2818 failed, 215 min elapsed, eta 0.6 h
[2933/3434] t12_593: FutureCancelledError: tile-t12_593 cancelled for reason: already forgotten.  |  114 ok / 2819 failed, 215 min elapsed, eta 0.6 h
[2934/3434] t24_559: FutureCancelledError: tile-t24_559 cancelled for reason: already forgotten.  |  114 ok / 2820 failed, 215 min elapsed, eta 0.6 h
[2935/3434] t21_574: FutureCancelledError: tile-t21_574 cancelled for reason: already forgotten.  |  114 ok / 2821 failed, 215 min elapsed, eta 0.6 h
[2936/3434] t12_442: FutureCancelledError: tile-t12_442 cancelled for reason: already forgotten.  |  114 ok / 2822 failed, 215 min elapsed, eta 0.6 h
[2937/3434] t34_616: FutureCancelledError: tile-t34_616 cancelled for reason: already forgotten.  |  114 ok / 2823 failed, 215 min elapsed, eta 0.6 h
[2938/3434] t25_508: FutureCancelledError: tile-t25_508 cancelled for reason: already forgotten.  |  114 ok / 2824 failed, 215 min elapsed, eta 0.6 h
[2939/3434] t7_427: FutureCancelledError: tile-t7_427 cancelled for reason: already forgotten.  |  114 ok / 2825 failed, 215 min elapsed, eta 0.6 h
[2940/3434] t11_459: FutureCancelledError: tile-t11_459 cancelled for reason: already forgotten.  |  114 ok / 2826 failed, 215 min elapsed, eta 0.6 h
[2941/3434] t37_634: FutureCancelledError: tile-t37_634 cancelled for reason: already forgotten.  |  114 ok / 2827 failed, 215 min elapsed, eta 0.6 h
[2942/3434] t22_569: FutureCancelledError: tile-t22_569 cancelled for reason: already forgotten.  |  114 ok / 2828 failed, 215 min elapsed, eta 0.6 h
[2943/3434] t38_642: FutureCancelledError: tile-t38_642 cancelled for reason: already forgotten.  |  114 ok / 2829 failed, 215 min elapsed, eta 0.6 h
[2944/3434] t20_504: FutureCancelledError: tile-t20_504 cancelled for reason: already forgotten.  |  114 ok / 2830 failed, 215 min elapsed, eta 0.6 h
[2945/3434] t29_666: FutureCancelledError: tile-t29_666 cancelled for reason: already forgotten.  |  114 ok / 2831 failed, 215 min elapsed, eta 0.6 h
[2946/3434] t47_408: FutureCancelledError: tile-t47_408 cancelled for reason: already forgotten.  |  114 ok / 2832 failed, 215 min elapsed, eta 0.6 h
[2947/3434] t30_593: FutureCancelledError: tile-t30_593 cancelled for reason: already forgotten.  |  114 ok / 2833 failed, 215 min elapsed, eta 0.6 h
[2948/3434] t21_543: FutureCancelledError: tile-t21_543 cancelled for reason: already forgotten.  |  114 ok / 2834 failed, 215 min elapsed, eta 0.6 h
[2949/3434] t21_435: FutureCancelledError: tile-t21_435 cancelled for reason: already forgotten.  |  114 ok / 2835 failed, 215 min elapsed, eta 0.6 h
[2950/3434] t17_525: FutureCancelledError: tile-t17_525 cancelled for reason: already forgotten.  |  114 ok / 2836 failed, 215 min elapsed, eta 0.6 h
[2951/3434] t23_484: FutureCancelledError: tile-t23_484 cancelled for reason: already forgotten.  |  114 ok / 2837 failed, 215 min elapsed, eta 0.6 h
[2952/3434] t25_656: FutureCancelledError: tile-t25_656 cancelled for reason: already forgotten.  |  114 ok / 2838 failed, 215 min elapsed, eta 0.6 h
[2953/3434] t11_509: FutureCancelledError: tile-t11_509 cancelled for reason: already forgotten.  |  114 ok / 2839 failed, 215 min elapsed, eta 0.6 h
[2954/3434] t33_665: FutureCancelledError: tile-t33_665 cancelled for reason: already forgotten.  |  114 ok / 2840 failed, 215 min elapsed, eta 0.6 h
[2955/3434] t11_541: FutureCancelledError: tile-t11_541 cancelled for reason: already forgotten.  |  114 ok / 2841 failed, 215 min elapsed, eta 0.6 h
[2956/3434] t31_662: FutureCancelledError: tile-t31_662 cancelled for reason: already forgotten.  |  114 ok / 2842 failed, 215 min elapsed, eta 0.6 h
[2957/3434] t19_494: FutureCancelledError: tile-t19_494 cancelled for reason: already forgotten.  |  114 ok / 2843 failed, 215 min elapsed, eta 0.6 h
[2958/3434] t20_435: FutureCancelledError: tile-t20_435 cancelled for reason: already forgotten.  |  114 ok / 2844 failed, 215 min elapsed, eta 0.6 h
[2959/3434] t21_408: FutureCancelledError: tile-t21_408 cancelled for reason: already forgotten.  |  114 ok / 2845 failed, 215 min elapsed, eta 0.6 h
[2960/3434] t9_533: FutureCancelledError: tile-t9_533 cancelled for reason: already forgotten.  |  114 ok / 2846 failed, 215 min elapsed, eta 0.6 h
[2961/3434] t21_478: FutureCancelledError: tile-t21_478 cancelled for reason: already forgotten.  |  114 ok / 2847 failed, 215 min elapsed, eta 0.6 h
[2962/3434] t30_637: FutureCancelledError: tile-t30_637 cancelled for reason: already forgotten.  |  114 ok / 2848 failed, 215 min elapsed, eta 0.6 h
[2963/3434] t28_406: FutureCancelledError: tile-t28_406 cancelled for reason: already forgotten.  |  114 ok / 2849 failed, 215 min elapsed, eta 0.6 h
[2964/3434] t25_565: FutureCancelledError: tile-t25_565 cancelled for reason: already forgotten.  |  114 ok / 2850 failed, 215 min elapsed, eta 0.6 h
[2965/3434] t20_479: FutureCancelledError: tile-t20_479 cancelled for reason: already forgotten.  |  114 ok / 2851 failed, 215 min elapsed, eta 0.6 h
[2966/3434] t29_581: FutureCancelledError: tile-t29_581 cancelled for reason: already forgotten.  |  114 ok / 2852 failed, 215 min elapsed, eta 0.6 h
[2967/3434] t29_652: FutureCancelledError: tile-t29_652 cancelled for reason: already forgotten.  |  114 ok / 2853 failed, 215 min elapsed, eta 0.6 h
[2968/3434] t24_487: FutureCancelledError: tile-t24_487 cancelled for reason: already forgotten.  |  114 ok / 2854 failed, 215 min elapsed, eta 0.6 h
[2969/3434] t12_414: FutureCancelledError: tile-t12_414 cancelled for reason: already forgotten.  |  114 ok / 2855 failed, 215 min elapsed, eta 0.6 h
[2970/3434] t29_505: FutureCancelledError: tile-t29_505 cancelled for reason: already forgotten.  |  114 ok / 2856 failed, 215 min elapsed, eta 0.6 h
[2971/3434] t23_495: FutureCancelledError: tile-t23_495 cancelled for reason: already forgotten.  |  114 ok / 2857 failed, 215 min elapsed, eta 0.6 h
[2972/3434] t13_545: FutureCancelledError: tile-t13_545 cancelled for reason: already forgotten.  |  114 ok / 2858 failed, 215 min elapsed, eta 0.6 h
[2973/3434] t24_572: FutureCancelledError: tile-t24_572 cancelled for reason: already forgotten.  |  114 ok / 2859 failed, 215 min elapsed, eta 0.6 h
[2974/3434] t24_562: FutureCancelledError: tile-t24_562 cancelled for reason: already forgotten.  |  114 ok / 2860 failed, 215 min elapsed, eta 0.6 h
[2975/3434] t21_572: FutureCancelledError: tile-t21_572 cancelled for reason: already forgotten.  |  114 ok / 2861 failed, 215 min elapsed, eta 0.6 h
[2976/3434] t23_470: FutureCancelledError: tile-t23_470 cancelled for reason: already forgotten.  |  114 ok / 2862 failed, 215 min elapsed, eta 0.6 h
[2977/3434] t17_441: FutureCancelledError: tile-t17_441 cancelled for reason: already forgotten.  |  114 ok / 2863 failed, 215 min elapsed, eta 0.6 h
[2978/3434] t48_416: FutureCancelledError: tile-t48_416 cancelled for reason: already forgotten.  |  114 ok / 2864 failed, 215 min elapsed, eta 0.5 h
[2979/3434] t22_548: FutureCancelledError: tile-t22_548 cancelled for reason: already forgotten.  |  114 ok / 2865 failed, 215 min elapsed, eta 0.5 h
[2980/3434] t13_471: FutureCancelledError: tile-t13_471 cancelled for reason: already forgotten.  |  114 ok / 2866 failed, 215 min elapsed, eta 0.5 h
[2981/3434] t23_564: FutureCancelledError: tile-t23_564 cancelled for reason: already forgotten.  |  114 ok / 2867 failed, 215 min elapsed, eta 0.5 h
[2982/3434] t31_650: FutureCancelledError: tile-t31_650 cancelled for reason: already forgotten.  |  114 ok / 2868 failed, 215 min elapsed, eta 0.5 h
[2983/3434] t52_400: FutureCancelledError: tile-t52_400 cancelled for reason: already forgotten.  |  114 ok / 2869 failed, 215 min elapsed, eta 0.5 h
[2984/3434] t18_532: FutureCancelledError: tile-t18_532 cancelled for reason: already forgotten.  |  114 ok / 2870 failed, 215 min elapsed, eta 0.5 h
[2985/3434] t37_394: FutureCancelledError: tile-t37_394 cancelled for reason: already forgotten.  |  114 ok / 2871 failed, 215 min elapsed, eta 0.5 h
[2986/3434] t10_479: FutureCancelledError: tile-t10_479 cancelled for reason: already forgotten.  |  114 ok / 2872 failed, 215 min elapsed, eta 0.5 h
[2987/3434] t18_409: FutureCancelledError: tile-t18_409 cancelled for reason: already forgotten.  |  114 ok / 2873 failed, 215 min elapsed, eta 0.5 h
[2988/3434] t13_475: FutureCancelledError: tile-t13_475 cancelled for reason: already forgotten.  |  114 ok / 2874 failed, 215 min elapsed, eta 0.5 h
[2989/3434] t19_415: FutureCancelledError: tile-t19_415 cancelled for reason: already forgotten.  |  114 ok / 2875 failed, 215 min elapsed, eta 0.5 h
[2990/3434] t12_436: FutureCancelledError: tile-t12_436 cancelled for reason: already forgotten.  |  114 ok / 2876 failed, 215 min elapsed, eta 0.5 h
[2991/3434] t40_400: FutureCancelledError: tile-t40_400 cancelled for reason: already forgotten.  |  114 ok / 2877 failed, 215 min elapsed, eta 0.5 h
[2992/3434] t11_463: FutureCancelledError: tile-t11_463 cancelled for reason: already forgotten.  |  114 ok / 2878 failed, 215 min elapsed, eta 0.5 h
[2993/3434] t26_417: FutureCancelledError: tile-t26_417 cancelled for reason: already forgotten.  |  114 ok / 2879 failed, 215 min elapsed, eta 0.5 h
[2994/3434] t19_529: FutureCancelledError: tile-t19_529 cancelled for reason: already forgotten.  |  114 ok / 2880 failed, 215 min elapsed, eta 0.5 h
[2995/3434] t35_407: FutureCancelledError: tile-t35_407 cancelled for reason: already forgotten.  |  114 ok / 2881 failed, 215 min elapsed, eta 0.5 h
[2996/3434] t11_445: FutureCancelledError: tile-t11_445 cancelled for reason: already forgotten.  |  114 ok / 2882 failed, 215 min elapsed, eta 0.5 h
[2997/3434] t26_636: FutureCancelledError: tile-t26_636 cancelled for reason: already forgotten.  |  114 ok / 2883 failed, 215 min elapsed, eta 0.5 h
[2998/3434] t34_408: FutureCancelledError: tile-t34_408 cancelled for reason: already forgotten.  |  114 ok / 2884 failed, 215 min elapsed, eta 0.5 h
[2999/3434] t27_612: FutureCancelledError: tile-t27_612 cancelled for reason: already forgotten.  |  114 ok / 2885 failed, 215 min elapsed, eta 0.5 h
[3000/3434] t7_523: FutureCancelledError: tile-t7_523 cancelled for reason: already forgotten.  |  114 ok / 2886 failed, 215 min elapsed, eta 0.5 h
[3001/3434] t12_427: FutureCancelledError: tile-t12_427 cancelled for reason: already forgotten.  |  114 ok / 2887 failed, 215 min elapsed, eta 0.5 h
[3002/3434] t18_420: FutureCancelledError: tile-t18_420 cancelled for reason: already forgotten.  |  114 ok / 2888 failed, 215 min elapsed, eta 0.5 h
[3003/3434] t36_642: FutureCancelledError: tile-t36_642 cancelled for reason: already forgotten.  |  114 ok / 2889 failed, 215 min elapsed, eta 0.5 h
[3004/3434] t32_574: FutureCancelledError: tile-t32_574 cancelled for reason: already forgotten.  |  114 ok / 2890 failed, 215 min elapsed, eta 0.5 h
[3005/3434] t42_404: FutureCancelledError: tile-t42_404 cancelled for reason: already forgotten.  |  114 ok / 2891 failed, 215 min elapsed, eta 0.5 h
[3006/3434] t30_636: FutureCancelledError: tile-t30_636 cancelled for reason: already forgotten.  |  114 ok / 2892 failed, 215 min elapsed, eta 0.5 h
[3007/3434] t26_592: FutureCancelledError: tile-t26_592 cancelled for reason: already forgotten.  |  114 ok / 2893 failed, 215 min elapsed, eta 0.5 h
[3008/3434] t34_403: FutureCancelledError: tile-t34_403 cancelled for reason: already forgotten.  |  114 ok / 2894 failed, 215 min elapsed, eta 0.5 h
[3009/3434] t31_645: FutureCancelledError: tile-t31_645 cancelled for reason: already forgotten.  |  114 ok / 2895 failed, 215 min elapsed, eta 0.5 h
[3010/3434] t15_561: FutureCancelledError: tile-t15_561 cancelled for reason: already forgotten.  |  114 ok / 2896 failed, 215 min elapsed, eta 0.5 h
[3011/3434] t10_552: FutureCancelledError: tile-t10_552 cancelled for reason: already forgotten.  |  114 ok / 2897 failed, 215 min elapsed, eta 0.5 h
[3012/3434] t25_519: FutureCancelledError: tile-t25_519 cancelled for reason: already forgotten.  |  114 ok / 2898 failed, 215 min elapsed, eta 0.5 h
[3013/3434] t33_635: FutureCancelledError: tile-t33_635 cancelled for reason: already forgotten.  |  114 ok / 2899 failed, 215 min elapsed, eta 0.5 h
[3014/3434] t62_389: FutureCancelledError: tile-t62_389 cancelled for reason: already forgotten.  |  114 ok / 2900 failed, 215 min elapsed, eta 0.5 h
[3015/3434] t48_394: FutureCancelledError: tile-t48_394 cancelled for reason: already forgotten.  |  114 ok / 2901 failed, 215 min elapsed, eta 0.5 h
[3016/3434] t8_429: FutureCancelledError: tile-t8_429 cancelled for reason: already forgotten.  |  114 ok / 2902 failed, 215 min elapsed, eta 0.5 h
[3017/3434] t33_400: FutureCancelledError: tile-t33_400 cancelled for reason: already forgotten.  |  114 ok / 2903 failed, 215 min elapsed, eta 0.5 h
[3018/3434] t48_389: FutureCancelledError: tile-t48_389 cancelled for reason: already forgotten.  |  114 ok / 2904 failed, 215 min elapsed, eta 0.5 h
[3019/3434] t44_403: FutureCancelledError: tile-t44_403 cancelled for reason: already forgotten.  |  114 ok / 2905 failed, 215 min elapsed, eta 0.5 h
[3020/3434] t39_625: FutureCancelledError: tile-t39_625 cancelled for reason: already forgotten.  |  114 ok / 2906 failed, 215 min elapsed, eta 0.5 h
[3021/3434] t24_481: FutureCancelledError: tile-t24_481 cancelled for reason: already forgotten.  |  114 ok / 2907 failed, 215 min elapsed, eta 0.5 h
[3022/3434] t16_599: FutureCancelledError: tile-t16_599 cancelled for reason: already forgotten.  |  114 ok / 2908 failed, 215 min elapsed, eta 0.5 h
[3023/3434] t12_543: FutureCancelledError: tile-t12_543 cancelled for reason: already forgotten.  |  114 ok / 2909 failed, 215 min elapsed, eta 0.5 h
[3024/3434] t13_429: FutureCancelledError: tile-t13_429 cancelled for reason: already forgotten.  |  114 ok / 2910 failed, 215 min elapsed, eta 0.5 h
[3025/3434] t28_638: FutureCancelledError: tile-t28_638 cancelled for reason: already forgotten.  |  114 ok / 2911 failed, 215 min elapsed, eta 0.5 h
[3026/3434] t17_506: FutureCancelledError: tile-t17_506 cancelled for reason: already forgotten.  |  114 ok / 2912 failed, 215 min elapsed, eta 0.5 h
[3027/3434] t36_601: FutureCancelledError: tile-t36_601 cancelled for reason: already forgotten.  |  114 ok / 2913 failed, 215 min elapsed, eta 0.5 h
[3028/3434] t30_663: FutureCancelledError: tile-t30_663 cancelled for reason: already forgotten.  |  114 ok / 2914 failed, 215 min elapsed, eta 0.5 h
[3029/3434] t25_599: FutureCancelledError: tile-t25_599 cancelled for reason: already forgotten.  |  114 ok / 2915 failed, 215 min elapsed, eta 0.5 h
[3030/3434] t28_615: FutureCancelledError: tile-t28_615 cancelled for reason: already forgotten.  |  114 ok / 2916 failed, 215 min elapsed, eta 0.5 h
[3031/3434] t30_406: FutureCancelledError: tile-t30_406 cancelled for reason: already forgotten.  |  114 ok / 2917 failed, 215 min elapsed, eta 0.5 h
[3032/3434] t35_638: FutureCancelledError: tile-t35_638 cancelled for reason: already forgotten.  |  114 ok / 2918 failed, 215 min elapsed, eta 0.5 h
[3033/3434] t26_493: FutureCancelledError: tile-t26_493 cancelled for reason: already forgotten.  |  114 ok / 2919 failed, 215 min elapsed, eta 0.5 h
[3034/3434] t27_662: FutureCancelledError: tile-t27_662 cancelled for reason: already forgotten.  |  114 ok / 2920 failed, 215 min elapsed, eta 0.5 h
[3035/3434] t27_423: FutureCancelledError: tile-t27_423 cancelled for reason: already forgotten.  |  114 ok / 2921 failed, 215 min elapsed, eta 0.5 h
[3036/3434] t32_656: FutureCancelledError: tile-t32_656 cancelled for reason: already forgotten.  |  114 ok / 2922 failed, 215 min elapsed, eta 0.5 h
[3037/3434] t47_401: FutureCancelledError: tile-t47_401 cancelled for reason: already forgotten.  |  114 ok / 2923 failed, 215 min elapsed, eta 0.5 h
[3038/3434] t35_397: FutureCancelledError: tile-t35_397 cancelled for reason: already forgotten.  |  114 ok / 2924 failed, 215 min elapsed, eta 0.5 h
[3039/3434] t10_483: FutureCancelledError: tile-t10_483 cancelled for reason: already forgotten.  |  114 ok / 2925 failed, 215 min elapsed, eta 0.5 h
[3040/3434] t31_397: FutureCancelledError: tile-t31_397 cancelled for reason: already forgotten.  |  114 ok / 2926 failed, 215 min elapsed, eta 0.5 h
[3041/3434] t11_578: FutureCancelledError: tile-t11_578 cancelled for reason: already forgotten.  |  114 ok / 2927 failed, 215 min elapsed, eta 0.5 h
[3042/3434] t30_666: FutureCancelledError: tile-t30_666 cancelled for reason: already forgotten.  |  114 ok / 2928 failed, 215 min elapsed, eta 0.5 h
[3043/3434] t25_504: FutureCancelledError: tile-t25_504 cancelled for reason: already forgotten.  |  114 ok / 2929 failed, 215 min elapsed, eta 0.5 h
[3044/3434] t20_519: FutureCancelledError: tile-t20_519 cancelled for reason: already forgotten.  |  114 ok / 2930 failed, 215 min elapsed, eta 0.5 h
[3045/3434] t24_493: FutureCancelledError: tile-t24_493 cancelled for reason: already forgotten.  |  114 ok / 2931 failed, 215 min elapsed, eta 0.5 h
[3046/3434] t22_587: FutureCancelledError: tile-t22_587 cancelled for reason: already forgotten.  |  114 ok / 2932 failed, 215 min elapsed, eta 0.5 h
[3047/3434] t11_521: FutureCancelledError: tile-t11_521 cancelled for reason: already forgotten.  |  114 ok / 2933 failed, 215 min elapsed, eta 0.5 h
[3048/3434] t22_499: FutureCancelledError: tile-t22_499 cancelled for reason: already forgotten.  |  114 ok / 2934 failed, 215 min elapsed, eta 0.5 h
[3049/3434] t50_413: FutureCancelledError: tile-t50_413 cancelled for reason: already forgotten.  |  114 ok / 2935 failed, 215 min elapsed, eta 0.5 h
[3050/3434] t46_400: FutureCancelledError: tile-t46_400 cancelled for reason: already forgotten.  |  114 ok / 2936 failed, 215 min elapsed, eta 0.5 h
[3051/3434] t23_473: FutureCancelledError: tile-t23_473 cancelled for reason: already forgotten.  |  114 ok / 2937 failed, 215 min elapsed, eta 0.5 h
[3052/3434] t25_484: FutureCancelledError: tile-t25_484 cancelled for reason: already forgotten.  |  114 ok / 2938 failed, 215 min elapsed, eta 0.4 h
[3053/3434] t12_471: FutureCancelledError: tile-t12_471 cancelled for reason: already forgotten.  |  114 ok / 2939 failed, 215 min elapsed, eta 0.4 h
[3054/3434] t38_635: FutureCancelledError: tile-t38_635 cancelled for reason: already forgotten.  |  114 ok / 2940 failed, 215 min elapsed, eta 0.4 h
[3055/3434] t16_584: FutureCancelledError: tile-t16_584 cancelled for reason: already forgotten.  |  114 ok / 2941 failed, 215 min elapsed, eta 0.4 h
[3056/3434] t12_481: FutureCancelledError: tile-t12_481 cancelled for reason: already forgotten.  |  114 ok / 2942 failed, 215 min elapsed, eta 0.4 h
[3057/3434] t22_458: FutureCancelledError: tile-t22_458 cancelled for reason: already forgotten.  |  114 ok / 2943 failed, 215 min elapsed, eta 0.4 h
[3058/3434] t45_396: FutureCancelledError: tile-t45_396 cancelled for reason: already forgotten.  |  114 ok / 2944 failed, 215 min elapsed, eta 0.4 h
[3059/3434] t22_559: FutureCancelledError: tile-t22_559 cancelled for reason: already forgotten.  |  114 ok / 2945 failed, 215 min elapsed, eta 0.4 h
[3060/3434] t26_576: FutureCancelledError: tile-t26_576 cancelled for reason: already forgotten.  |  114 ok / 2946 failed, 215 min elapsed, eta 0.4 h
[3061/3434] t18_531: FutureCancelledError: tile-t18_531 cancelled for reason: already forgotten.  |  114 ok / 2947 failed, 215 min elapsed, eta 0.4 h
[3062/3434] t21_614: FutureCancelledError: tile-t21_614 cancelled for reason: already forgotten.  |  114 ok / 2948 failed, 215 min elapsed, eta 0.4 h
[3063/3434] t23_613: FutureCancelledError: tile-t23_613 cancelled for reason: already forgotten.  |  114 ok / 2949 failed, 215 min elapsed, eta 0.4 h
[3064/3434] t18_410: FutureCancelledError: tile-t18_410 cancelled for reason: already forgotten.  |  114 ok / 2950 failed, 215 min elapsed, eta 0.4 h
[3065/3434] t34_415: FutureCancelledError: tile-t34_415 cancelled for reason: already forgotten.  |  114 ok / 2951 failed, 215 min elapsed, eta 0.4 h
[3066/3434] t15_568: FutureCancelledError: tile-t15_568 cancelled for reason: already forgotten.  |  114 ok / 2952 failed, 215 min elapsed, eta 0.4 h
[3067/3434] t12_551: FutureCancelledError: tile-t12_551 cancelled for reason: already forgotten.  |  114 ok / 2953 failed, 215 min elapsed, eta 0.4 h
[3068/3434] t19_585: FutureCancelledError: tile-t19_585 cancelled for reason: already forgotten.  |  114 ok / 2954 failed, 215 min elapsed, eta 0.4 h
[3069/3434] t43_400: FutureCancelledError: tile-t43_400 cancelled for reason: already forgotten.  |  114 ok / 2955 failed, 215 min elapsed, eta 0.4 h
[3070/3434] t35_601: FutureCancelledError: tile-t35_601 cancelled for reason: already forgotten.  |  114 ok / 2956 failed, 215 min elapsed, eta 0.4 h
[3071/3434] t25_433: FutureCancelledError: tile-t25_433 cancelled for reason: already forgotten.  |  114 ok / 2957 failed, 215 min elapsed, eta 0.4 h
[3072/3434] t16_598: FutureCancelledError: tile-t16_598 cancelled for reason: already forgotten.  |  114 ok / 2958 failed, 215 min elapsed, eta 0.4 h
[3073/3434] t19_464: FutureCancelledError: tile-t19_464 cancelled for reason: already forgotten.  |  114 ok / 2959 failed, 215 min elapsed, eta 0.4 h
[3074/3434] t43_422: FutureCancelledError: tile-t43_422 cancelled for reason: already forgotten.  |  114 ok / 2960 failed, 215 min elapsed, eta 0.4 h
[3075/3434] t30_651: FutureCancelledError: tile-t30_651 cancelled for reason: already forgotten.  |  114 ok / 2961 failed, 215 min elapsed, eta 0.4 h
[3076/3434] t28_512: FutureCancelledError: tile-t28_512 cancelled for reason: already forgotten.  |  114 ok / 2962 failed, 215 min elapsed, eta 0.4 h
[3077/3434] t25_662: FutureCancelledError: tile-t25_662 cancelled for reason: already forgotten.  |  114 ok / 2963 failed, 215 min elapsed, eta 0.4 h
[3078/3434] t23_514: FutureCancelledError: tile-t23_514 cancelled for reason: already forgotten.  |  114 ok / 2964 failed, 215 min elapsed, eta 0.4 h
[3079/3434] t9_528: FutureCancelledError: tile-t9_528 cancelled for reason: already forgotten.  |  114 ok / 2965 failed, 215 min elapsed, eta 0.4 h
[3080/3434] t34_610: FutureCancelledError: tile-t34_610 cancelled for reason: already forgotten.  |  114 ok / 2966 failed, 215 min elapsed, eta 0.4 h
[3081/3434] t20_583: FutureCancelledError: tile-t20_583 cancelled for reason: already forgotten.  |  114 ok / 2967 failed, 215 min elapsed, eta 0.4 h
[3082/3434] t14_501: FutureCancelledError: tile-t14_501 cancelled for reason: already forgotten.  |  114 ok / 2968 failed, 215 min elapsed, eta 0.4 h
[3083/3434] t16_418: FutureCancelledError: tile-t16_418 cancelled for reason: already forgotten.  |  114 ok / 2969 failed, 215 min elapsed, eta 0.4 h
[3084/3434] t42_631: FutureCancelledError: tile-t42_631 cancelled for reason: already forgotten.  |  114 ok / 2970 failed, 215 min elapsed, eta 0.4 h
[3085/3434] t23_474: FutureCancelledError: tile-t23_474 cancelled for reason: already forgotten.  |  114 ok / 2971 failed, 215 min elapsed, eta 0.4 h
[3086/3434] t29_407: FutureCancelledError: tile-t29_407 cancelled for reason: already forgotten.  |  114 ok / 2972 failed, 215 min elapsed, eta 0.4 h
[3087/3434] t7_436: FutureCancelledError: tile-t7_436 cancelled for reason: already forgotten.  |  114 ok / 2973 failed, 215 min elapsed, eta 0.4 h
[3088/3434] t31_417: FutureCancelledError: tile-t31_417 cancelled for reason: already forgotten.  |  114 ok / 2974 failed, 215 min elapsed, eta 0.4 h
[3089/3434] t22_399: FutureCancelledError: tile-t22_399 cancelled for reason: already forgotten.  |  114 ok / 2975 failed, 215 min elapsed, eta 0.4 h
[3090/3434] t51_393: FutureCancelledError: tile-t51_393 cancelled for reason: already forgotten.  |  114 ok / 2976 failed, 215 min elapsed, eta 0.4 h
[3091/3434] t17_416: FutureCancelledError: tile-t17_416 cancelled for reason: already forgotten.  |  114 ok / 2977 failed, 215 min elapsed, eta 0.4 h
[3092/3434] t22_406: FutureCancelledError: tile-t22_406 cancelled for reason: already forgotten.  |  114 ok / 2978 failed, 215 min elapsed, eta 0.4 h
[3093/3434] t23_619: FutureCancelledError: tile-t23_619 cancelled for reason: already forgotten.  |  114 ok / 2979 failed, 215 min elapsed, eta 0.4 h
[3094/3434] t37_420: FutureCancelledError: tile-t37_420 cancelled for reason: already forgotten.  |  114 ok / 2980 failed, 215 min elapsed, eta 0.4 h
[3095/3434] t15_432: FutureCancelledError: tile-t15_432 cancelled for reason: already forgotten.  |  114 ok / 2981 failed, 215 min elapsed, eta 0.4 h
[3096/3434] t38_405: FutureCancelledError: tile-t38_405 cancelled for reason: already forgotten.  |  114 ok / 2982 failed, 215 min elapsed, eta 0.4 h
[3097/3434] t31_612: FutureCancelledError: tile-t31_612 cancelled for reason: already forgotten.  |  114 ok / 2983 failed, 215 min elapsed, eta 0.4 h
[3098/3434] t40_416: FutureCancelledError: tile-t40_416 cancelled for reason: already forgotten.  |  114 ok / 2984 failed, 215 min elapsed, eta 0.4 h
[3099/3434] t14_481: FutureCancelledError: tile-t14_481 cancelled for reason: already forgotten.  |  114 ok / 2985 failed, 215 min elapsed, eta 0.4 h
[3100/3434] t51_416: FutureCancelledError: tile-t51_416 cancelled for reason: already forgotten.  |  114 ok / 2986 failed, 215 min elapsed, eta 0.4 h
[3101/3434] t8_469: FutureCancelledError: tile-t8_469 cancelled for reason: already forgotten.  |  114 ok / 2987 failed, 215 min elapsed, eta 0.4 h
[3102/3434] t34_419: FutureCancelledError: tile-t34_419 cancelled for reason: already forgotten.  |  114 ok / 2988 failed, 215 min elapsed, eta 0.4 h
[3103/3434] t33_418: FutureCancelledError: tile-t33_418 cancelled for reason: already forgotten.  |  114 ok / 2989 failed, 215 min elapsed, eta 0.4 h
[3104/3434] t31_597: FutureCancelledError: tile-t31_597 cancelled for reason: already forgotten.  |  114 ok / 2990 failed, 215 min elapsed, eta 0.4 h
[3105/3434] t26_503: FutureCancelledError: tile-t26_503 cancelled for reason: already forgotten.  |  114 ok / 2991 failed, 215 min elapsed, eta 0.4 h
[3106/3434] t25_573: FutureCancelledError: tile-t25_573 cancelled for reason: already forgotten.  |  114 ok / 2992 failed, 215 min elapsed, eta 0.4 h
[3107/3434] t24_433: FutureCancelledError: tile-t24_433 cancelled for reason: already forgotten.  |  114 ok / 2993 failed, 215 min elapsed, eta 0.4 h
[3108/3434] t16_412: FutureCancelledError: tile-t16_412 cancelled for reason: already forgotten.  |  114 ok / 2994 failed, 215 min elapsed, eta 0.4 h
[3109/3434] t23_563: FutureCancelledError: tile-t23_563 cancelled for reason: already forgotten.  |  114 ok / 2995 failed, 215 min elapsed, eta 0.4 h
[3110/3434] t23_498: FutureCancelledError: tile-t23_498 cancelled for reason: already forgotten.  |  114 ok / 2996 failed, 215 min elapsed, eta 0.4 h
[3111/3434] t18_437: FutureCancelledError: tile-t18_437 cancelled for reason: already forgotten.  |  114 ok / 2997 failed, 215 min elapsed, eta 0.4 h
[3112/3434] t28_568: FutureCancelledError: tile-t28_568 cancelled for reason: already forgotten.  |  114 ok / 2998 failed, 215 min elapsed, eta 0.4 h
[3113/3434] t19_504: FutureCancelledError: tile-t19_504 cancelled for reason: already forgotten.  |  114 ok / 2999 failed, 215 min elapsed, eta 0.4 h
[3114/3434] t16_491: FutureCancelledError: tile-t16_491 cancelled for reason: already forgotten.  |  114 ok / 3000 failed, 215 min elapsed, eta 0.4 h
[3115/3434] t31_407: FutureCancelledError: tile-t31_407 cancelled for reason: already forgotten.  |  114 ok / 3001 failed, 215 min elapsed, eta 0.4 h
[3116/3434] t19_425: FutureCancelledError: tile-t19_425 cancelled for reason: already forgotten.  |  114 ok / 3002 failed, 215 min elapsed, eta 0.4 h
[3117/3434] t14_430: FutureCancelledError: tile-t14_430 cancelled for reason: already forgotten.  |  114 ok / 3003 failed, 215 min elapsed, eta 0.4 h
[3118/3434] t9_527: FutureCancelledError: tile-t9_527 cancelled for reason: already forgotten.  |  114 ok / 3004 failed, 215 min elapsed, eta 0.4 h
[3119/3434] t7_468: FutureCancelledError: tile-t7_468 cancelled for reason: already forgotten.  |  114 ok / 3005 failed, 215 min elapsed, eta 0.4 h
[3120/3434] t25_559: FutureCancelledError: tile-t25_559 cancelled for reason: already forgotten.  |  114 ok / 3006 failed, 215 min elapsed, eta 0.4 h
[3121/3434] t28_501: FutureCancelledError: tile-t28_501 cancelled for reason: already forgotten.  |  114 ok / 3007 failed, 215 min elapsed, eta 0.4 h
[3122/3434] t13_435: FutureCancelledError: tile-t13_435 cancelled for reason: already forgotten.  |  114 ok / 3008 failed, 215 min elapsed, eta 0.4 h
[3123/3434] t46_392: FutureCancelledError: tile-t46_392 cancelled for reason: already forgotten.  |  114 ok / 3009 failed, 215 min elapsed, eta 0.4 h
[3124/3434] t30_608: FutureCancelledError: tile-t30_608 cancelled for reason: already forgotten.  |  114 ok / 3010 failed, 215 min elapsed, eta 0.4 h
[3125/3434] t28_421: FutureCancelledError: tile-t28_421 cancelled for reason: already forgotten.  |  114 ok / 3011 failed, 215 min elapsed, eta 0.4 h
[3126/3434] t23_503: FutureCancelledError: tile-t23_503 cancelled for reason: already forgotten.  |  114 ok / 3012 failed, 215 min elapsed, eta 0.4 h
[3127/3434] t15_510: FutureCancelledError: tile-t15_510 cancelled for reason: already forgotten.  |  114 ok / 3013 failed, 215 min elapsed, eta 0.4 h
[3128/3434] t9_501: FutureCancelledError: tile-t9_501 cancelled for reason: already forgotten.  |  114 ok / 3014 failed, 215 min elapsed, eta 0.4 h
[3129/3434] t13_509: FutureCancelledError: tile-t13_509 cancelled for reason: already forgotten.  |  114 ok / 3015 failed, 215 min elapsed, eta 0.3 h
[3130/3434] t21_609: FutureCancelledError: tile-t21_609 cancelled for reason: already forgotten.  |  114 ok / 3016 failed, 215 min elapsed, eta 0.3 h
[3131/3434] t23_608: FutureCancelledError: tile-t23_608 cancelled for reason: already forgotten.  |  114 ok / 3017 failed, 215 min elapsed, eta 0.3 h
[3132/3434] t23_578: FutureCancelledError: tile-t23_578 cancelled for reason: already forgotten.  |  114 ok / 3018 failed, 215 min elapsed, eta 0.3 h
[3133/3434] t38_420: FutureCancelledError: tile-t38_420 cancelled for reason: already forgotten.  |  114 ok / 3019 failed, 215 min elapsed, eta 0.3 h
[3134/3434] t33_619: FutureCancelledError: tile-t33_619 cancelled for reason: already forgotten.  |  114 ok / 3020 failed, 215 min elapsed, eta 0.3 h
[3135/3434] t16_435: FutureCancelledError: tile-t16_435 cancelled for reason: already forgotten.  |  114 ok / 3021 failed, 215 min elapsed, eta 0.3 h
[3136/3434] t27_428: FutureCancelledError: tile-t27_428 cancelled for reason: already forgotten.  |  114 ok / 3022 failed, 215 min elapsed, eta 0.3 h
[3137/3434] t25_432: FutureCancelledError: tile-t25_432 cancelled for reason: already forgotten.  |  114 ok / 3023 failed, 215 min elapsed, eta 0.3 h
[3138/3434] t25_569: FutureCancelledError: tile-t25_569 cancelled for reason: already forgotten.  |  114 ok / 3024 failed, 215 min elapsed, eta 0.3 h
[3139/3434] t13_575: FutureCancelledError: tile-t13_575 cancelled for reason: already forgotten.  |  114 ok / 3025 failed, 215 min elapsed, eta 0.3 h
[3140/3434] t33_649: FutureCancelledError: tile-t33_649 cancelled for reason: already forgotten.  |  114 ok / 3026 failed, 215 min elapsed, eta 0.3 h
[3141/3434] t16_554: FutureCancelledError: tile-t16_554 cancelled for reason: already forgotten.  |  114 ok / 3027 failed, 215 min elapsed, eta 0.3 h
[3142/3434] t52_396: FutureCancelledError: tile-t52_396 cancelled for reason: already forgotten.  |  114 ok / 3028 failed, 215 min elapsed, eta 0.3 h
[3143/3434] t30_396: FutureCancelledError: tile-t30_396 cancelled for reason: already forgotten.  |  114 ok / 3029 failed, 215 min elapsed, eta 0.3 h
[3144/3434] t36_612: FutureCancelledError: tile-t36_612 cancelled for reason: already forgotten.  |  114 ok / 3030 failed, 215 min elapsed, eta 0.3 h
[3145/3434] t32_507: FutureCancelledError: tile-t32_507 cancelled for reason: already forgotten.  |  114 ok / 3031 failed, 215 min elapsed, eta 0.3 h
[3146/3434] t21_532: FutureCancelledError: tile-t21_532 cancelled for reason: already forgotten.  |  114 ok / 3032 failed, 215 min elapsed, eta 0.3 h
[3147/3434] t50_399: FutureCancelledError: tile-t50_399 cancelled for reason: already forgotten.  |  114 ok / 3033 failed, 215 min elapsed, eta 0.3 h
[3148/3434] t12_498: FutureCancelledError: tile-t12_498 cancelled for reason: already forgotten.  |  114 ok / 3034 failed, 215 min elapsed, eta 0.3 h
[3149/3434] t23_548: FutureCancelledError: tile-t23_548 cancelled for reason: already forgotten.  |  114 ok / 3035 failed, 215 min elapsed, eta 0.3 h
[3150/3434] t12_532: FutureCancelledError: tile-t12_532 cancelled for reason: already forgotten.  |  114 ok / 3036 failed, 215 min elapsed, eta 0.3 h
[3151/3434] t30_628: FutureCancelledError: tile-t30_628 cancelled for reason: already forgotten.  |  114 ok / 3037 failed, 215 min elapsed, eta 0.3 h
[3152/3434] t8_491: FutureCancelledError: tile-t8_491 cancelled for reason: already forgotten.  |  114 ok / 3038 failed, 215 min elapsed, eta 0.3 h
[3153/3434] t27_636: FutureCancelledError: tile-t27_636 cancelled for reason: already forgotten.  |  114 ok / 3039 failed, 215 min elapsed, eta 0.3 h
[3154/3434] t26_591: FutureCancelledError: tile-t26_591 cancelled for reason: already forgotten.  |  114 ok / 3040 failed, 215 min elapsed, eta 0.3 h
[3155/3434] t26_421: FutureCancelledError: tile-t26_421 cancelled for reason: already forgotten.  |  114 ok / 3041 failed, 215 min elapsed, eta 0.3 h
[3156/3434] t35_612: FutureCancelledError: tile-t35_612 cancelled for reason: already forgotten.  |  114 ok / 3042 failed, 215 min elapsed, eta 0.3 h
[3157/3434] t19_563: FutureCancelledError: tile-t19_563 cancelled for reason: already forgotten.  |  114 ok / 3043 failed, 215 min elapsed, eta 0.3 h
[3158/3434] t26_621: FutureCancelledError: tile-t26_621 cancelled for reason: already forgotten.  |  114 ok / 3044 failed, 215 min elapsed, eta 0.3 h
[3159/3434] t33_599: FutureCancelledError: tile-t33_599 cancelled for reason: already forgotten.  |  114 ok / 3045 failed, 215 min elapsed, eta 0.3 h
[3160/3434] t32_651: FutureCancelledError: tile-t32_651 cancelled for reason: already forgotten.  |  114 ok / 3046 failed, 215 min elapsed, eta 0.3 h
[3161/3434] t19_599: FutureCancelledError: tile-t19_599 cancelled for reason: already forgotten.  |  114 ok / 3047 failed, 215 min elapsed, eta 0.3 h
[3162/3434] t40_412: FutureCancelledError: tile-t40_412 cancelled for reason: already forgotten.  |  114 ok / 3048 failed, 215 min elapsed, eta 0.3 h
[3163/3434] t24_662: FutureCancelledError: tile-t24_662 cancelled for reason: already forgotten.  |  114 ok / 3049 failed, 215 min elapsed, eta 0.3 h
[3164/3434] t12_497: FutureCancelledError: tile-t12_497 cancelled for reason: already forgotten.  |  114 ok / 3050 failed, 215 min elapsed, eta 0.3 h
[3165/3434] t10_585: FutureCancelledError: tile-t10_585 cancelled for reason: already forgotten.  |  114 ok / 3051 failed, 215 min elapsed, eta 0.3 h
[3166/3434] t11_510: FutureCancelledError: tile-t11_510 cancelled for reason: already forgotten.  |  114 ok / 3052 failed, 215 min elapsed, eta 0.3 h
[3167/3434] t23_395: FutureCancelledError: tile-t23_395 cancelled for reason: already forgotten.  |  114 ok / 3053 failed, 215 min elapsed, eta 0.3 h
[3168/3434] t24_468: FutureCancelledError: tile-t24_468 cancelled for reason: already forgotten.  |  114 ok / 3054 failed, 215 min elapsed, eta 0.3 h
[3169/3434] t46_416: FutureCancelledError: tile-t46_416 cancelled for reason: already forgotten.  |  114 ok / 3055 failed, 215 min elapsed, eta 0.3 h
[3170/3434] t23_411: FutureCancelledError: tile-t23_411 cancelled for reason: already forgotten.  |  114 ok / 3056 failed, 215 min elapsed, eta 0.3 h
[3171/3434] t28_515: FutureCancelledError: tile-t28_515 cancelled for reason: already forgotten.  |  114 ok / 3057 failed, 215 min elapsed, eta 0.3 h
[3172/3434] t22_519: FutureCancelledError: tile-t22_519 cancelled for reason: already forgotten.  |  114 ok / 3058 failed, 215 min elapsed, eta 0.3 h
[3173/3434] t15_556: FutureCancelledError: tile-t15_556 cancelled for reason: already forgotten.  |  114 ok / 3059 failed, 215 min elapsed, eta 0.3 h
[3174/3434] t37_389: FutureCancelledError: tile-t37_389 cancelled for reason: already forgotten.  |  114 ok / 3060 failed, 215 min elapsed, eta 0.3 h
[3175/3434] t10_434: FutureCancelledError: tile-t10_434 cancelled for reason: already forgotten.  |  114 ok / 3061 failed, 215 min elapsed, eta 0.3 h
[3176/3434] t29_626: FutureCancelledError: tile-t29_626 cancelled for reason: already forgotten.  |  114 ok / 3062 failed, 215 min elapsed, eta 0.3 h
[3177/3434] t29_508: FutureCancelledError: tile-t29_508 cancelled for reason: already forgotten.  |  114 ok / 3063 failed, 215 min elapsed, eta 0.3 h
[3178/3434] t24_478: FutureCancelledError: tile-t24_478 cancelled for reason: already forgotten.  |  114 ok / 3064 failed, 215 min elapsed, eta 0.3 h
[3179/3434] t8_524: FutureCancelledError: tile-t8_524 cancelled for reason: already forgotten.  |  114 ok / 3065 failed, 215 min elapsed, eta 0.3 h
[3180/3434] t8_494: FutureCancelledError: tile-t8_494 cancelled for reason: already forgotten.  |  114 ok / 3066 failed, 215 min elapsed, eta 0.3 h
[3181/3434] t23_468: FutureCancelledError: tile-t23_468 cancelled for reason: already forgotten.  |  114 ok / 3067 failed, 215 min elapsed, eta 0.3 h
[3182/3434] t12_418: FutureCancelledError: tile-t12_418 cancelled for reason: already forgotten.  |  114 ok / 3068 failed, 215 min elapsed, eta 0.3 h
[3183/3434] t15_501: FutureCancelledError: tile-t15_501 cancelled for reason: already forgotten.  |  114 ok / 3069 failed, 215 min elapsed, eta 0.3 h
[3184/3434] t8_421: FutureCancelledError: tile-t8_421 cancelled for reason: already forgotten.  |  114 ok / 3070 failed, 215 min elapsed, eta 0.3 h
[3185/3434] t61_390: FutureCancelledError: tile-t61_390 cancelled for reason: already forgotten.  |  114 ok / 3071 failed, 215 min elapsed, eta 0.3 h
[3186/3434] t33_653: FutureCancelledError: tile-t33_653 cancelled for reason: already forgotten.  |  114 ok / 3072 failed, 215 min elapsed, eta 0.3 h
[3187/3434] t22_436: FutureCancelledError: tile-t22_436 cancelled for reason: already forgotten.  |  114 ok / 3073 failed, 215 min elapsed, eta 0.3 h
[3188/3434] t30_607: FutureCancelledError: tile-t30_607 cancelled for reason: already forgotten.  |  114 ok / 3074 failed, 215 min elapsed, eta 0.3 h
[3189/3434] t16_508: FutureCancelledError: tile-t16_508 cancelled for reason: already forgotten.  |  114 ok / 3075 failed, 215 min elapsed, eta 0.3 h
[3190/3434] t12_558: FutureCancelledError: tile-t12_558 cancelled for reason: already forgotten.  |  114 ok / 3076 failed, 215 min elapsed, eta 0.3 h
[3191/3434] t13_445: FutureCancelledError: tile-t13_445 cancelled for reason: already forgotten.  |  114 ok / 3077 failed, 215 min elapsed, eta 0.3 h
[3192/3434] t32_410: FutureCancelledError: tile-t32_410 cancelled for reason: already forgotten.  |  114 ok / 3078 failed, 215 min elapsed, eta 0.3 h
[3193/3434] t16_433: FutureCancelledError: tile-t16_433 cancelled for reason: already forgotten.  |  114 ok / 3079 failed, 215 min elapsed, eta 0.3 h
[3194/3434] t9_441: FutureCancelledError: tile-t9_441 cancelled for reason: already forgotten.  |  114 ok / 3080 failed, 215 min elapsed, eta 0.3 h
[3195/3434] t22_558: FutureCancelledError: tile-t22_558 cancelled for reason: already forgotten.  |  114 ok / 3081 failed, 215 min elapsed, eta 0.3 h
[3196/3434] t34_626: FutureCancelledError: tile-t34_626 cancelled for reason: already forgotten.  |  114 ok / 3082 failed, 215 min elapsed, eta 0.3 h
[3197/3434] t35_401: FutureCancelledError: tile-t35_401 cancelled for reason: already forgotten.  |  114 ok / 3083 failed, 215 min elapsed, eta 0.3 h
[3198/3434] t10_453: FutureCancelledError: tile-t10_453 cancelled for reason: already forgotten.  |  114 ok / 3084 failed, 215 min elapsed, eta 0.3 h
[3199/3434] t34_666: FutureCancelledError: tile-t34_666 cancelled for reason: already forgotten.  |  114 ok / 3085 failed, 215 min elapsed, eta 0.3 h
[3200/3434] t14_496: FutureCancelledError: tile-t14_496 cancelled for reason: already forgotten.  |  114 ok / 3086 failed, 215 min elapsed, eta 0.3 h
[3201/3434] t30_571: FutureCancelledError: tile-t30_571 cancelled for reason: already forgotten.  |  114 ok / 3087 failed, 215 min elapsed, eta 0.3 h
[3202/3434] t30_416: FutureCancelledError: tile-t30_416 cancelled for reason: already forgotten.  |  114 ok / 3088 failed, 215 min elapsed, eta 0.3 h
[3203/3434] t17_594: FutureCancelledError: tile-t17_594 cancelled for reason: already forgotten.  |  114 ok / 3089 failed, 215 min elapsed, eta 0.3 h
[3204/3434] t35_611: FutureCancelledError: tile-t35_611 cancelled for reason: already forgotten.  |  114 ok / 3090 failed, 215 min elapsed, eta 0.3 h
[3205/3434] t25_474: FutureCancelledError: tile-t25_474 cancelled for reason: already forgotten.  |  114 ok / 3091 failed, 215 min elapsed, eta 0.3 h
[3206/3434] t35_613: FutureCancelledError: tile-t35_613 cancelled for reason: already forgotten.  |  114 ok / 3092 failed, 215 min elapsed, eta 0.3 h
[3207/3434] t38_389: FutureCancelledError: tile-t38_389 cancelled for reason: already forgotten.  |  114 ok / 3093 failed, 215 min elapsed, eta 0.3 h
[3208/3434] t26_648: FutureCancelledError: tile-t26_648 cancelled for reason: already forgotten.  |  114 ok / 3094 failed, 215 min elapsed, eta 0.3 h
[3209/3434] t23_569: FutureCancelledError: tile-t23_569 cancelled for reason: already forgotten.  |  114 ok / 3095 failed, 215 min elapsed, eta 0.3 h
[3210/3434] t11_425: FutureCancelledError: tile-t11_425 cancelled for reason: already forgotten.  |  114 ok / 3096 failed, 215 min elapsed, eta 0.3 h
[3211/3434] t25_512: FutureCancelledError: tile-t25_512 cancelled for reason: already forgotten.  |  114 ok / 3097 failed, 215 min elapsed, eta 0.2 h
[3212/3434] t22_509: FutureCancelledError: tile-t22_509 cancelled for reason: already forgotten.  |  114 ok / 3098 failed, 215 min elapsed, eta 0.2 h
[3213/3434] t20_523: FutureCancelledError: tile-t20_523 cancelled for reason: already forgotten.  |  114 ok / 3099 failed, 215 min elapsed, eta 0.2 h
[3214/3434] t18_426: FutureCancelledError: tile-t18_426 cancelled for reason: already forgotten.  |  114 ok / 3100 failed, 215 min elapsed, eta 0.2 h
[3215/3434] t15_445: FutureCancelledError: tile-t15_445 cancelled for reason: already forgotten.  |  114 ok / 3101 failed, 215 min elapsed, eta 0.2 h
[3216/3434] t28_425: FutureCancelledError: tile-t28_425 cancelled for reason: already forgotten.  |  114 ok / 3102 failed, 215 min elapsed, eta 0.2 h
[3217/3434] t23_426: FutureCancelledError: tile-t23_426 cancelled for reason: already forgotten.  |  114 ok / 3103 failed, 215 min elapsed, eta 0.2 h
[3218/3434] t12_438: FutureCancelledError: tile-t12_438 cancelled for reason: already forgotten.  |  114 ok / 3104 failed, 215 min elapsed, eta 0.2 h
[3219/3434] t13_560: FutureCancelledError: tile-t13_560 cancelled for reason: already forgotten.  |  114 ok / 3105 failed, 215 min elapsed, eta 0.2 h
[3220/3434] t22_464: FutureCancelledError: tile-t22_464 cancelled for reason: already forgotten.  |  114 ok / 3106 failed, 215 min elapsed, eta 0.2 h
[3221/3434] t31_665: FutureCancelledError: tile-t31_665 cancelled for reason: already forgotten.  |  114 ok / 3107 failed, 215 min elapsed, eta 0.2 h
[3222/3434] t13_533: FutureCancelledError: tile-t13_533 cancelled for reason: already forgotten.  |  114 ok / 3108 failed, 215 min elapsed, eta 0.2 h
[3223/3434] t48_409: FutureCancelledError: tile-t48_409 cancelled for reason: already forgotten.  |  114 ok / 3109 failed, 215 min elapsed, eta 0.2 h
[3224/3434] t14_412: FutureCancelledError: tile-t14_412 cancelled for reason: already forgotten.  |  114 ok / 3110 failed, 215 min elapsed, eta 0.2 h
[3225/3434] t20_499: FutureCancelledError: tile-t20_499 cancelled for reason: already forgotten.  |  114 ok / 3111 failed, 215 min elapsed, eta 0.2 h
[3226/3434] t15_486: FutureCancelledError: tile-t15_486 cancelled for reason: already forgotten.  |  114 ok / 3112 failed, 215 min elapsed, eta 0.2 h
[3227/3434] t27_430: FutureCancelledError: tile-t27_430 cancelled for reason: already forgotten.  |  114 ok / 3113 failed, 215 min elapsed, eta 0.2 h
[3228/3434] t10_490: FutureCancelledError: tile-t10_490 cancelled for reason: already forgotten.  |  114 ok / 3114 failed, 215 min elapsed, eta 0.2 h
[3229/3434] t19_580: FutureCancelledError: tile-t19_580 cancelled for reason: already forgotten.  |  114 ok / 3115 failed, 215 min elapsed, eta 0.2 h
[3230/3434] t30_638: FutureCancelledError: tile-t30_638 cancelled for reason: already forgotten.  |  114 ok / 3116 failed, 215 min elapsed, eta 0.2 h
[3231/3434] t14_584: FutureCancelledError: tile-t14_584 cancelled for reason: already forgotten.  |  114 ok / 3117 failed, 215 min elapsed, eta 0.2 h
[3232/3434] t26_561: FutureCancelledError: tile-t26_561 cancelled for reason: already forgotten.  |  114 ok / 3118 failed, 215 min elapsed, eta 0.2 h
[3233/3434] t22_623: FutureCancelledError: tile-t22_623 cancelled for reason: already forgotten.  |  114 ok / 3119 failed, 215 min elapsed, eta 0.2 h
[3234/3434] t39_422: FutureCancelledError: tile-t39_422 cancelled for reason: already forgotten.  |  114 ok / 3120 failed, 215 min elapsed, eta 0.2 h
[3235/3434] t9_504: FutureCancelledError: tile-t9_504 cancelled for reason: already forgotten.  |  114 ok / 3121 failed, 215 min elapsed, eta 0.2 h
[3236/3434] t15_506: FutureCancelledError: tile-t15_506 cancelled for reason: already forgotten.  |  114 ok / 3122 failed, 215 min elapsed, eta 0.2 h
[3237/3434] t49_408: FutureCancelledError: tile-t49_408 cancelled for reason: already forgotten.  |  114 ok / 3123 failed, 215 min elapsed, eta 0.2 h
[3238/3434] t27_637: FutureCancelledError: tile-t27_637 cancelled for reason: already forgotten.  |  114 ok / 3124 failed, 215 min elapsed, eta 0.2 h
[3239/3434] t24_557: FutureCancelledError: tile-t24_557 cancelled for reason: already forgotten.  |  114 ok / 3125 failed, 215 min elapsed, eta 0.2 h
[3240/3434] t33_410: FutureCancelledError: tile-t33_410 cancelled for reason: already forgotten.  |  114 ok / 3126 failed, 215 min elapsed, eta 0.2 h
[3241/3434] t29_638: FutureCancelledError: tile-t29_638 cancelled for reason: already forgotten.  |  114 ok / 3127 failed, 215 min elapsed, eta 0.2 h
[3242/3434] t7_451: FutureCancelledError: tile-t7_451 cancelled for reason: already forgotten.  |  114 ok / 3128 failed, 215 min elapsed, eta 0.2 h
[3243/3434] t32_665: FutureCancelledError: tile-t32_665 cancelled for reason: already forgotten.  |  114 ok / 3129 failed, 215 min elapsed, eta 0.2 h
[3244/3434] t44_396: FutureCancelledError: tile-t44_396 cancelled for reason: already forgotten.  |  114 ok / 3130 failed, 215 min elapsed, eta 0.2 h
[3245/3434] t35_391: FutureCancelledError: tile-t35_391 cancelled for reason: already forgotten.  |  114 ok / 3131 failed, 215 min elapsed, eta 0.2 h
[3246/3434] t13_501: FutureCancelledError: tile-t13_501 cancelled for reason: already forgotten.  |  114 ok / 3132 failed, 215 min elapsed, eta 0.2 h
[3247/3434] t14_531: FutureCancelledError: tile-t14_531 cancelled for reason: already forgotten.  |  114 ok / 3133 failed, 215 min elapsed, eta 0.2 h
[3248/3434] t15_583: FutureCancelledError: tile-t15_583 cancelled for reason: already forgotten.  |  114 ok / 3134 failed, 215 min elapsed, eta 0.2 h
[3249/3434] t22_416: FutureCancelledError: tile-t22_416 cancelled for reason: already forgotten.  |  114 ok / 3135 failed, 215 min elapsed, eta 0.2 h
[3250/3434] t18_566: FutureCancelledError: tile-t18_566 cancelled for reason: already forgotten.  |  114 ok / 3136 failed, 215 min elapsed, eta 0.2 h
[3251/3434] t16_564: FutureCancelledError: tile-t16_564 cancelled for reason: already forgotten.  |  114 ok / 3137 failed, 215 min elapsed, eta 0.2 h
[3252/3434] t51_412: FutureCancelledError: tile-t51_412 cancelled for reason: already forgotten.  |  114 ok / 3138 failed, 215 min elapsed, eta 0.2 h
[3253/3434] t13_450: FutureCancelledError: tile-t13_450 cancelled for reason: already forgotten.  |  114 ok / 3139 failed, 215 min elapsed, eta 0.2 h
[3254/3434] t37_399: FutureCancelledError: tile-t37_399 cancelled for reason: already forgotten.  |  114 ok / 3140 failed, 215 min elapsed, eta 0.2 h
[3255/3434] t9_431: FutureCancelledError: tile-t9_431 cancelled for reason: already forgotten.  |  114 ok / 3141 failed, 215 min elapsed, eta 0.2 h
[3256/3434] t17_535: FutureCancelledError: tile-t17_535 cancelled for reason: already forgotten.  |  114 ok / 3142 failed, 215 min elapsed, eta 0.2 h
[3257/3434] t30_407: FutureCancelledError: tile-t30_407 cancelled for reason: already forgotten.  |  114 ok / 3143 failed, 215 min elapsed, eta 0.2 h
[3258/3434] t14_486: FutureCancelledError: tile-t14_486 cancelled for reason: already forgotten.  |  114 ok / 3144 failed, 215 min elapsed, eta 0.2 h
[3259/3434] t29_647: FutureCancelledError: tile-t29_647 cancelled for reason: already forgotten.  |  114 ok / 3145 failed, 215 min elapsed, eta 0.2 h
[3260/3434] t26_506: FutureCancelledError: tile-t26_506 cancelled for reason: already forgotten.  |  114 ok / 3146 failed, 215 min elapsed, eta 0.2 h
[3261/3434] t25_402: FutureCancelledError: tile-t25_402 cancelled for reason: already forgotten.  |  114 ok / 3147 failed, 215 min elapsed, eta 0.2 h
[3262/3434] t17_604: FutureCancelledError: tile-t17_604 cancelled for reason: already forgotten.  |  114 ok / 3148 failed, 215 min elapsed, eta 0.2 h
[3263/3434] t20_594: FutureCancelledError: tile-t20_594 cancelled for reason: already forgotten.  |  114 ok / 3149 failed, 215 min elapsed, eta 0.2 h
[3264/3434] t25_548: FutureCancelledError: tile-t25_548 cancelled for reason: already forgotten.  |  114 ok / 3150 failed, 215 min elapsed, eta 0.2 h
[3265/3434] t45_401: FutureCancelledError: tile-t45_401 cancelled for reason: already forgotten.  |  114 ok / 3151 failed, 215 min elapsed, eta 0.2 h
[3266/3434] t16_594: FutureCancelledError: tile-t16_594 cancelled for reason: already forgotten.  |  114 ok / 3152 failed, 215 min elapsed, eta 0.2 h
[3267/3434] t28_628: FutureCancelledError: tile-t28_628 cancelled for reason: already forgotten.  |  114 ok / 3153 failed, 215 min elapsed, eta 0.2 h
[3268/3434] t27_397: FutureCancelledError: tile-t27_397 cancelled for reason: already forgotten.  |  114 ok / 3154 failed, 215 min elapsed, eta 0.2 h
[3269/3434] t20_416: FutureCancelledError: tile-t20_416 cancelled for reason: already forgotten.  |  114 ok / 3155 failed, 215 min elapsed, eta 0.2 h
[3270/3434] t24_552: FutureCancelledError: tile-t24_552 cancelled for reason: already forgotten.  |  114 ok / 3156 failed, 215 min elapsed, eta 0.2 h
[3271/3434] t35_409: FutureCancelledError: tile-t35_409 cancelled for reason: already forgotten.  |  114 ok / 3157 failed, 215 min elapsed, eta 0.2 h
[3272/3434] t29_397: FutureCancelledError: tile-t29_397 cancelled for reason: already forgotten.  |  114 ok / 3158 failed, 215 min elapsed, eta 0.2 h
[3273/3434] t24_434: FutureCancelledError: tile-t24_434 cancelled for reason: already forgotten.  |  114 ok / 3159 failed, 215 min elapsed, eta 0.2 h
[3274/3434] t54_389: FutureCancelledError: tile-t54_389 cancelled for reason: already forgotten.  |  114 ok / 3160 failed, 215 min elapsed, eta 0.2 h
[3275/3434] t35_422: FutureCancelledError: tile-t35_422 cancelled for reason: already forgotten.  |  114 ok / 3161 failed, 215 min elapsed, eta 0.2 h
[3276/3434] t10_538: FutureCancelledError: tile-t10_538 cancelled for reason: already forgotten.  |  114 ok / 3162 failed, 215 min elapsed, eta 0.2 h
[3277/3434] t27_479: FutureCancelledError: tile-t27_479 cancelled for reason: already forgotten.  |  114 ok / 3163 failed, 215 min elapsed, eta 0.2 h
[3278/3434] t20_544: FutureCancelledError: tile-t20_544 cancelled for reason: already forgotten.  |  114 ok / 3164 failed, 215 min elapsed, eta 0.2 h
[3279/3434] t38_617: FutureCancelledError: tile-t38_617 cancelled for reason: already forgotten.  |  114 ok / 3165 failed, 215 min elapsed, eta 0.2 h
[3280/3434] t16_542: FutureCancelledError: tile-t16_542 cancelled for reason: already forgotten.  |  114 ok / 3166 failed, 215 min elapsed, eta 0.2 h
[3281/3434] t17_517: FutureCancelledError: tile-t17_517 cancelled for reason: already forgotten.  |  114 ok / 3167 failed, 215 min elapsed, eta 0.2 h
[3282/3434] t28_410: FutureCancelledError: tile-t28_410 cancelled for reason: already forgotten.  |  114 ok / 3168 failed, 215 min elapsed, eta 0.2 h
[3283/3434] t26_397: FutureCancelledError: tile-t26_397 cancelled for reason: already forgotten.  |  114 ok / 3169 failed, 215 min elapsed, eta 0.2 h
[3284/3434] t32_413: FutureCancelledError: tile-t32_413 cancelled for reason: already forgotten.  |  114 ok / 3170 failed, 215 min elapsed, eta 0.2 h
[3285/3434] t29_583: FutureCancelledError: tile-t29_583 cancelled for reason: already forgotten.  |  114 ok / 3171 failed, 215 min elapsed, eta 0.2 h
[3286/3434] t27_510: FutureCancelledError: tile-t27_510 cancelled for reason: already forgotten.  |  114 ok / 3172 failed, 215 min elapsed, eta 0.2 h
[3287/3434] t10_458: FutureCancelledError: tile-t10_458 cancelled for reason: already forgotten.  |  114 ok / 3173 failed, 215 min elapsed, eta 0.2 h
[3288/3434] t25_590: FutureCancelledError: tile-t25_590 cancelled for reason: already forgotten.  |  114 ok / 3174 failed, 215 min elapsed, eta 0.2 h
[3289/3434] t14_497: FutureCancelledError: tile-t14_497 cancelled for reason: already forgotten.  |  114 ok / 3175 failed, 215 min elapsed, eta 0.2 h
[3290/3434] t19_545: FutureCancelledError: tile-t19_545 cancelled for reason: already forgotten.  |  114 ok / 3176 failed, 215 min elapsed, eta 0.2 h
[3291/3434] t41_667: FutureCancelledError: tile-t41_667 cancelled for reason: already forgotten.  |  114 ok / 3177 failed, 215 min elapsed, eta 0.2 h
[3292/3434] t34_600: FutureCancelledError: tile-t34_600 cancelled for reason: already forgotten.  |  114 ok / 3178 failed, 215 min elapsed, eta 0.2 h
[3293/3434] t17_415: FutureCancelledError: tile-t17_415 cancelled for reason: already forgotten.  |  114 ok / 3179 failed, 215 min elapsed, eta 0.2 h
[3294/3434] t23_573: FutureCancelledError: tile-t23_573 cancelled for reason: already forgotten.  |  114 ok / 3180 failed, 215 min elapsed, eta 0.2 h
[3295/3434] t34_392: FutureCancelledError: tile-t34_392 cancelled for reason: already forgotten.  |  114 ok / 3181 failed, 215 min elapsed, eta 0.2 h
[3296/3434] t27_576: FutureCancelledError: tile-t27_576 cancelled for reason: already forgotten.  |  114 ok / 3182 failed, 215 min elapsed, eta 0.2 h
[3297/3434] t17_466: FutureCancelledError: tile-t17_466 cancelled for reason: already forgotten.  |  114 ok / 3183 failed, 215 min elapsed, eta 0.1 h
[3298/3434] t28_663: FutureCancelledError: tile-t28_663 cancelled for reason: already forgotten.  |  114 ok / 3184 failed, 215 min elapsed, eta 0.1 h
[3299/3434] t14_568: FutureCancelledError: tile-t14_568 cancelled for reason: already forgotten.  |  114 ok / 3185 failed, 215 min elapsed, eta 0.1 h
[3300/3434] t18_461: FutureCancelledError: tile-t18_461 cancelled for reason: already forgotten.  |  114 ok / 3186 failed, 215 min elapsed, eta 0.1 h
[3301/3434] t22_532: FutureCancelledError: tile-t22_532 cancelled for reason: already forgotten.  |  114 ok / 3187 failed, 215 min elapsed, eta 0.1 h
[3302/3434] t28_486: FutureCancelledError: tile-t28_486 cancelled for reason: already forgotten.  |  114 ok / 3188 failed, 215 min elapsed, eta 0.1 h
[3303/3434] t34_634: FutureCancelledError: tile-t34_634 cancelled for reason: already forgotten.  |  114 ok / 3189 failed, 215 min elapsed, eta 0.1 h
[3304/3434] t19_405: FutureCancelledError: tile-t19_405 cancelled for reason: already forgotten.  |  114 ok / 3190 failed, 215 min elapsed, eta 0.1 h
[3305/3434] t13_564: FutureCancelledError: tile-t13_564 cancelled for reason: already forgotten.  |  114 ok / 3191 failed, 215 min elapsed, eta 0.1 h
[3306/3434] t22_552: FutureCancelledError: tile-t22_552 cancelled for reason: already forgotten.  |  114 ok / 3192 failed, 215 min elapsed, eta 0.1 h
[3307/3434] t27_587: FutureCancelledError: tile-t27_587 cancelled for reason: already forgotten.  |  114 ok / 3193 failed, 215 min elapsed, eta 0.1 h
[3308/3434] t14_459: FutureCancelledError: tile-t14_459 cancelled for reason: already forgotten.  |  114 ok / 3194 failed, 215 min elapsed, eta 0.1 h
[3309/3434] t13_490: FutureCancelledError: tile-t13_490 cancelled for reason: already forgotten.  |  114 ok / 3195 failed, 215 min elapsed, eta 0.1 h
[3310/3434] t20_429: FutureCancelledError: tile-t20_429 cancelled for reason: already forgotten.  |  114 ok / 3196 failed, 215 min elapsed, eta 0.1 h
[3311/3434] t31_621: FutureCancelledError: tile-t31_621 cancelled for reason: already forgotten.  |  114 ok / 3197 failed, 215 min elapsed, eta 0.1 h
[3312/3434] t39_665: FutureCancelledError: tile-t39_665 cancelled for reason: already forgotten.  |  114 ok / 3198 failed, 215 min elapsed, eta 0.1 h
[3313/3434] t28_624: FutureCancelledError: tile-t28_624 cancelled for reason: already forgotten.  |  114 ok / 3199 failed, 215 min elapsed, eta 0.1 h
[3314/3434] t25_613: FutureCancelledError: tile-t25_613 cancelled for reason: already forgotten.  |  114 ok / 3200 failed, 215 min elapsed, eta 0.1 h
[3315/3434] t23_410: FutureCancelledError: tile-t23_410 cancelled for reason: already forgotten.  |  114 ok / 3201 failed, 215 min elapsed, eta 0.1 h
[3316/3434] t16_471: FutureCancelledError: tile-t16_471 cancelled for reason: already forgotten.  |  114 ok / 3202 failed, 215 min elapsed, eta 0.1 h
[3317/3434] t38_404: FutureCancelledError: tile-t38_404 cancelled for reason: already forgotten.  |  114 ok / 3203 failed, 215 min elapsed, eta 0.1 h
[3318/3434] t9_450: FutureCancelledError: tile-t9_450 cancelled for reason: already forgotten.  |  114 ok / 3204 failed, 215 min elapsed, eta 0.1 h
[3319/3434] t8_506: FutureCancelledError: tile-t8_506 cancelled for reason: already forgotten.  |  114 ok / 3205 failed, 215 min elapsed, eta 0.1 h
[3320/3434] t38_393: FutureCancelledError: tile-t38_393 cancelled for reason: already forgotten.  |  114 ok / 3206 failed, 215 min elapsed, eta 0.1 h
[3321/3434] t9_455: FutureCancelledError: tile-t9_455 cancelled for reason: already forgotten.  |  114 ok / 3207 failed, 215 min elapsed, eta 0.1 h
[3322/3434] t17_526: FutureCancelledError: tile-t17_526 cancelled for reason: already forgotten.  |  114 ok / 3208 failed, 215 min elapsed, eta 0.1 h
[3323/3434] t19_558: FutureCancelledError: tile-t19_558 cancelled for reason: already forgotten.  |  114 ok / 3209 failed, 215 min elapsed, eta 0.1 h
[3324/3434] t25_544: FutureCancelledError: tile-t25_544 cancelled for reason: already forgotten.  |  114 ok / 3210 failed, 215 min elapsed, eta 0.1 h
[3325/3434] t27_591: FutureCancelledError: tile-t27_591 cancelled for reason: already forgotten.  |  114 ok / 3211 failed, 215 min elapsed, eta 0.1 h
[3326/3434] t28_565: FutureCancelledError: tile-t28_565 cancelled for reason: already forgotten.  |  114 ok / 3212 failed, 215 min elapsed, eta 0.1 h
[3327/3434] t29_396: FutureCancelledError: tile-t29_396 cancelled for reason: already forgotten.  |  114 ok / 3213 failed, 215 min elapsed, eta 0.1 h
[3328/3434] t18_487: FutureCancelledError: tile-t18_487 cancelled for reason: already forgotten.  |  114 ok / 3214 failed, 215 min elapsed, eta 0.1 h
[3329/3434] t49_414: FutureCancelledError: tile-t49_414 cancelled for reason: already forgotten.  |  114 ok / 3215 failed, 215 min elapsed, eta 0.1 h
[3330/3434] t38_614: FutureCancelledError: tile-t38_614 cancelled for reason: already forgotten.  |  114 ok / 3216 failed, 215 min elapsed, eta 0.1 h
[3331/3434] t11_556: FutureCancelledError: tile-t11_556 cancelled for reason: already forgotten.  |  114 ok / 3217 failed, 215 min elapsed, eta 0.1 h
[3332/3434] t19_493: FutureCancelledError: tile-t19_493 cancelled for reason: already forgotten.  |  114 ok / 3218 failed, 215 min elapsed, eta 0.1 h
[3333/3434] t17_598: FutureCancelledError: tile-t17_598 cancelled for reason: already forgotten.  |  114 ok / 3219 failed, 215 min elapsed, eta 0.1 h
[3334/3434] t43_424: FutureCancelledError: tile-t43_424 cancelled for reason: already forgotten.  |  114 ok / 3220 failed, 215 min elapsed, eta 0.1 h
[3335/3434] t7_497: FutureCancelledError: tile-t7_497 cancelled for reason: already forgotten.  |  114 ok / 3221 failed, 215 min elapsed, eta 0.1 h
[3336/3434] t20_575: FutureCancelledError: tile-t20_575 cancelled for reason: already forgotten.  |  114 ok / 3222 failed, 215 min elapsed, eta 0.1 h
[3337/3434] t13_420: FutureCancelledError: tile-t13_420 cancelled for reason: already forgotten.  |  114 ok / 3223 failed, 215 min elapsed, eta 0.1 h
[3338/3434] t18_470: FutureCancelledError: tile-t18_470 cancelled for reason: already forgotten.  |  114 ok / 3224 failed, 215 min elapsed, eta 0.1 h
[3339/3434] t18_586: FutureCancelledError: tile-t18_586 cancelled for reason: already forgotten.  |  114 ok / 3225 failed, 215 min elapsed, eta 0.1 h
[3340/3434] t16_507: FutureCancelledError: tile-t16_507 cancelled for reason: already forgotten.  |  114 ok / 3226 failed, 215 min elapsed, eta 0.1 h
[3341/3434] t30_612: FutureCancelledError: tile-t30_612 cancelled for reason: already forgotten.  |  114 ok / 3227 failed, 215 min elapsed, eta 0.1 h
[3342/3434] t21_424: FutureCancelledError: tile-t21_424 cancelled for reason: already forgotten.  |  114 ok / 3228 failed, 215 min elapsed, eta 0.1 h
[3343/3434] t19_462: FutureCancelledError: tile-t19_462 cancelled for reason: already forgotten.  |  114 ok / 3229 failed, 215 min elapsed, eta 0.1 h
[3344/3434] t18_516: FutureCancelledError: tile-t18_516 cancelled for reason: already forgotten.  |  114 ok / 3230 failed, 215 min elapsed, eta 0.1 h
[3345/3434] t12_411: FutureCancelledError: tile-t12_411 cancelled for reason: already forgotten.  |  114 ok / 3231 failed, 215 min elapsed, eta 0.1 h
[3346/3434] t10_463: FutureCancelledError: tile-t10_463 cancelled for reason: already forgotten.  |  114 ok / 3232 failed, 215 min elapsed, eta 0.1 h
[3347/3434] t18_416: FutureCancelledError: tile-t18_416 cancelled for reason: already forgotten.  |  114 ok / 3233 failed, 215 min elapsed, eta 0.1 h
[3348/3434] t30_408: FutureCancelledError: tile-t30_408 cancelled for reason: already forgotten.  |  114 ok / 3234 failed, 215 min elapsed, eta 0.1 h
[3349/3434] t37_397: FutureCancelledError: tile-t37_397 cancelled for reason: already forgotten.  |  114 ok / 3235 failed, 215 min elapsed, eta 0.1 h
[3350/3434] t25_538: FutureCancelledError: tile-t25_538 cancelled for reason: already forgotten.  |  114 ok / 3236 failed, 215 min elapsed, eta 0.1 h
[3351/3434] t17_575: FutureCancelledError: tile-t17_575 cancelled for reason: already forgotten.  |  114 ok / 3237 failed, 215 min elapsed, eta 0.1 h
[3352/3434] t31_627: FutureCancelledError: tile-t31_627 cancelled for reason: already forgotten.  |  114 ok / 3238 failed, 215 min elapsed, eta 0.1 h
[3353/3434] t27_633: FutureCancelledError: tile-t27_633 cancelled for reason: already forgotten.  |  114 ok / 3239 failed, 215 min elapsed, eta 0.1 h
[3354/3434] t24_518: FutureCancelledError: tile-t24_518 cancelled for reason: already forgotten.  |  114 ok / 3240 failed, 215 min elapsed, eta 0.1 h
[3355/3434] t25_418: FutureCancelledError: tile-t25_418 cancelled for reason: already forgotten.  |  114 ok / 3241 failed, 215 min elapsed, eta 0.1 h
[3356/3434] t49_413: FutureCancelledError: tile-t49_413 cancelled for reason: already forgotten.  |  114 ok / 3242 failed, 215 min elapsed, eta 0.1 h
[3357/3434] t20_420: FutureCancelledError: tile-t20_420 cancelled for reason: already forgotten.  |  114 ok / 3243 failed, 215 min elapsed, eta 0.1 h
[3358/3434] t8_505: FutureCancelledError: tile-t8_505 cancelled for reason: already forgotten.  |  114 ok / 3244 failed, 215 min elapsed, eta 0.1 h
[3359/3434] t41_622: FutureCancelledError: tile-t41_622 cancelled for reason: already forgotten.  |  114 ok / 3245 failed, 215 min elapsed, eta 0.1 h
[3360/3434] t31_600: FutureCancelledError: tile-t31_600 cancelled for reason: already forgotten.  |  114 ok / 3246 failed, 215 min elapsed, eta 0.1 h
[3361/3434] t15_472: FutureCancelledError: tile-t15_472 cancelled for reason: already forgotten.  |  114 ok / 3247 failed, 215 min elapsed, eta 0.1 h
[3362/3434] t22_589: FutureCancelledError: tile-t22_589 cancelled for reason: already forgotten.  |  114 ok / 3248 failed, 215 min elapsed, eta 0.1 h
[3363/3434] t27_647: FutureCancelledError: tile-t27_647 cancelled for reason: already forgotten.  |  114 ok / 3249 failed, 215 min elapsed, eta 0.1 h
[3364/3434] t22_562: FutureCancelledError: tile-t22_562 cancelled for reason: already forgotten.  |  114 ok / 3250 failed, 215 min elapsed, eta 0.1 h
[3365/3434] t32_610: FutureCancelledError: tile-t32_610 cancelled for reason: already forgotten.  |  114 ok / 3251 failed, 215 min elapsed, eta 0.1 h
[3366/3434] t33_609: FutureCancelledError: tile-t33_609 cancelled for reason: already forgotten.  |  114 ok / 3252 failed, 215 min elapsed, eta 0.1 h
[3367/3434] t11_438: FutureCancelledError: tile-t11_438 cancelled for reason: already forgotten.  |  114 ok / 3253 failed, 215 min elapsed, eta 0.1 h
[3368/3434] t29_623: FutureCancelledError: tile-t29_623 cancelled for reason: already forgotten.  |  114 ok / 3254 failed, 215 min elapsed, eta 0.1 h
[3369/3434] t22_617: FutureCancelledError: tile-t22_617 cancelled for reason: already forgotten.  |  114 ok / 3255 failed, 215 min elapsed, eta 0.1 h
[3370/3434] t36_404: FutureCancelledError: tile-t36_404 cancelled for reason: already forgotten.  |  114 ok / 3256 failed, 215 min elapsed, eta 0.1 h
[3371/3434] t36_394: FutureCancelledError: tile-t36_394 cancelled for reason: already forgotten.  |  114 ok / 3257 failed, 215 min elapsed, eta 0.1 h
[3372/3434] t32_575: FutureCancelledError: tile-t32_575 cancelled for reason: already forgotten.  |  114 ok / 3258 failed, 215 min elapsed, eta 0.1 h
[3373/3434] t27_641: FutureCancelledError: tile-t27_641 cancelled for reason: already forgotten.  |  114 ok / 3259 failed, 215 min elapsed, eta 0.1 h
[3374/3434] t22_583: FutureCancelledError: tile-t22_583 cancelled for reason: already forgotten.  |  114 ok / 3260 failed, 215 min elapsed, eta 0.1 h
[3375/3434] t11_557: FutureCancelledError: tile-t11_557 cancelled for reason: already forgotten.  |  114 ok / 3261 failed, 215 min elapsed, eta 0.1 h
[3376/3434] t34_619: FutureCancelledError: tile-t34_619 cancelled for reason: already forgotten.  |  114 ok / 3262 failed, 215 min elapsed, eta 0.1 h
[3377/3434] t10_449: FutureCancelledError: tile-t10_449 cancelled for reason: already forgotten.  |  114 ok / 3263 failed, 215 min elapsed, eta 0.1 h
[3378/3434] t49_400: FutureCancelledError: tile-t49_400 cancelled for reason: already forgotten.  |  114 ok / 3264 failed, 215 min elapsed, eta 0.1 h
[3379/3434] t25_558: FutureCancelledError: tile-t25_558 cancelled for reason: already forgotten.  |  114 ok / 3265 failed, 215 min elapsed, eta 0.1 h
[3380/3434] t8_534: FutureCancelledError: tile-t8_534 cancelled for reason: already forgotten.  |  114 ok / 3266 failed, 215 min elapsed, eta 0.1 h
[3381/3434] t30_618: FutureCancelledError: tile-t30_618 cancelled for reason: already forgotten.  |  114 ok / 3267 failed, 215 min elapsed, eta 0.1 h
[3382/3434] t25_494: FutureCancelledError: tile-t25_494 cancelled for reason: already forgotten.  |  114 ok / 3268 failed, 215 min elapsed, eta 0.1 h
[3383/3434] t39_416: FutureCancelledError: tile-t39_416 cancelled for reason: already forgotten.  |  114 ok / 3269 failed, 215 min elapsed, eta 0.1 h
[3384/3434] t52_404: FutureCancelledError: tile-t52_404 cancelled for reason: already forgotten.  |  114 ok / 3270 failed, 215 min elapsed, eta 0.1 h
[3385/3434] t24_521: FutureCancelledError: tile-t24_521 cancelled for reason: already forgotten.  |  114 ok / 3271 failed, 215 min elapsed, eta 0.1 h
[3386/3434] t28_588: FutureCancelledError: tile-t28_588 cancelled for reason: already forgotten.  |  114 ok / 3272 failed, 215 min elapsed, eta 0.1 h
[3387/3434] t27_618: FutureCancelledError: tile-t27_618 cancelled for reason: already forgotten.  |  114 ok / 3273 failed, 215 min elapsed, eta 0.0 h
[3388/3434] t18_592: FutureCancelledError: tile-t18_592 cancelled for reason: already forgotten.  |  114 ok / 3274 failed, 215 min elapsed, eta 0.0 h
[3389/3434] t24_613: FutureCancelledError: tile-t24_613 cancelled for reason: already forgotten.  |  114 ok / 3275 failed, 215 min elapsed, eta 0.0 h
[3390/3434] t36_405: FutureCancelledError: tile-t36_405 cancelled for reason: already forgotten.  |  114 ok / 3276 failed, 215 min elapsed, eta 0.0 h
[3391/3434] t14_460: FutureCancelledError: tile-t14_460 cancelled for reason: already forgotten.  |  114 ok / 3277 failed, 215 min elapsed, eta 0.0 h
[3392/3434] t32_607: FutureCancelledError: tile-t32_607 cancelled for reason: already forgotten.  |  114 ok / 3278 failed, 215 min elapsed, eta 0.0 h
[3393/3434] t32_395: FutureCancelledError: tile-t32_395 cancelled for reason: already forgotten.  |  114 ok / 3279 failed, 215 min elapsed, eta 0.0 h
[3394/3434] t30_598: FutureCancelledError: tile-t30_598 cancelled for reason: already forgotten.  |  114 ok / 3280 failed, 215 min elapsed, eta 0.0 h
[3395/3434] t15_412: FutureCancelledError: tile-t15_412 cancelled for reason: already forgotten.  |  114 ok / 3281 failed, 215 min elapsed, eta 0.0 h
[3396/3434] t19_420: FutureCancelledError: tile-t19_420 cancelled for reason: already forgotten.  |  114 ok / 3282 failed, 215 min elapsed, eta 0.0 h
[3397/3434] t7_466: FutureCancelledError: tile-t7_466 cancelled for reason: already forgotten.  |  114 ok / 3283 failed, 215 min elapsed, eta 0.0 h
[3398/3434] t12_531: FutureCancelledError: tile-t12_531 cancelled for reason: already forgotten.  |  114 ok / 3284 failed, 215 min elapsed, eta 0.0 h
[3399/3434] t29_636: FutureCancelledError: tile-t29_636 cancelled for reason: already forgotten.  |  114 ok / 3285 failed, 215 min elapsed, eta 0.0 h
[3400/3434] t33_613: FutureCancelledError: tile-t33_613 cancelled for reason: already forgotten.  |  114 ok / 3286 failed, 215 min elapsed, eta 0.0 h
[3401/3434] t11_546: FutureCancelledError: tile-t11_546 cancelled for reason: already forgotten.  |  114 ok / 3287 failed, 215 min elapsed, eta 0.0 h
[3402/3434] t14_434: FutureCancelledError: tile-t14_434 cancelled for reason: already forgotten.  |  114 ok / 3288 failed, 215 min elapsed, eta 0.0 h
[3403/3434] t51_397: FutureCancelledError: tile-t51_397 cancelled for reason: already forgotten.  |  114 ok / 3289 failed, 215 min elapsed, eta 0.0 h
[3404/3434] t23_555: FutureCancelledError: tile-t23_555 cancelled for reason: already forgotten.  |  114 ok / 3290 failed, 215 min elapsed, eta 0.0 h
[3405/3434] t25_633: FutureCancelledError: tile-t25_633 cancelled for reason: already forgotten.  |  114 ok / 3291 failed, 215 min elapsed, eta 0.0 h
[3406/3434] t21_524: FutureCancelledError: tile-t21_524 cancelled for reason: already forgotten.  |  114 ok / 3292 failed, 215 min elapsed, eta 0.0 h
[3407/3434] t20_613: FutureCancelledError: tile-t20_613 cancelled for reason: already forgotten.  |  114 ok / 3293 failed, 215 min elapsed, eta 0.0 h
[3408/3434] t27_502: FutureCancelledError: tile-t27_502 cancelled for reason: already forgotten.  |  114 ok / 3294 failed, 215 min elapsed, eta 0.0 h
[3409/3434] t20_488: FutureCancelledError: tile-t20_488 cancelled for reason: already forgotten.  |  114 ok / 3295 failed, 215 min elapsed, eta 0.0 h
[3410/3434] t7_467: FutureCancelledError: tile-t7_467 cancelled for reason: already forgotten.  |  114 ok / 3296 failed, 215 min elapsed, eta 0.0 h
[3411/3434] t24_523: FutureCancelledError: tile-t24_523 cancelled for reason: already forgotten.  |  114 ok / 3297 failed, 215 min elapsed, eta 0.0 h
[3412/3434] t35_653: FutureCancelledError: tile-t35_653 cancelled for reason: already forgotten.  |  114 ok / 3298 failed, 215 min elapsed, eta 0.0 h
[3413/3434] t26_483: FutureCancelledError: tile-t26_483 cancelled for reason: already forgotten.  |  114 ok / 3299 failed, 215 min elapsed, eta 0.0 h
[3414/3434] t9_496: FutureCancelledError: tile-t9_496 cancelled for reason: already forgotten.  |  114 ok / 3300 failed, 215 min elapsed, eta 0.0 h
[3415/3434] t13_466: FutureCancelledError: tile-t13_466 cancelled for reason: already forgotten.  |  114 ok / 3301 failed, 215 min elapsed, eta 0.0 h
[3416/3434] t10_514: FutureCancelledError: tile-t10_514 cancelled for reason: already forgotten.  |  114 ok / 3302 failed, 215 min elapsed, eta 0.0 h
[3417/3434] t22_588: FutureCancelledError: tile-t22_588 cancelled for reason: already forgotten.  |  114 ok / 3303 failed, 215 min elapsed, eta 0.0 h
[3418/3434] t35_413: FutureCancelledError: tile-t35_413 cancelled for reason: already forgotten.  |  114 ok / 3304 failed, 215 min elapsed, eta 0.0 h
[3419/3434] t36_604: FutureCancelledError: tile-t36_604 cancelled for reason: already forgotten.  |  114 ok / 3305 failed, 215 min elapsed, eta 0.0 h
[3420/3434] t13_419: FutureCancelledError: tile-t13_419 cancelled for reason: already forgotten.  |  114 ok / 3306 failed, 215 min elapsed, eta 0.0 h
[3421/3434] t27_513: FutureCancelledError: tile-t27_513 cancelled for reason: already forgotten.  |  114 ok / 3307 failed, 215 min elapsed, eta 0.0 h
[3422/3434] t28_665: FutureCancelledError: tile-t28_665 cancelled for reason: already forgotten.  |  114 ok / 3308 failed, 215 min elapsed, eta 0.0 h
[3423/3434] t10_420: FutureCancelledError: tile-t10_420 cancelled for reason: already forgotten.  |  114 ok / 3309 failed, 215 min elapsed, eta 0.0 h
[3424/3434] t41_628: FutureCancelledError: tile-t41_628 cancelled for reason: already forgotten.  |  114 ok / 3310 failed, 215 min elapsed, eta 0.0 h
[3425/3434] t21_594: FutureCancelledError: tile-t21_594 cancelled for reason: already forgotten.  |  114 ok / 3311 failed, 215 min elapsed, eta 0.0 h
[3426/3434] t22_401: FutureCancelledError: tile-t22_401 cancelled for reason: already forgotten.  |  114 ok / 3312 failed, 215 min elapsed, eta 0.0 h
[3427/3434] t18_576: FutureCancelledError: tile-t18_576 cancelled for reason: already forgotten.  |  114 ok / 3313 failed, 215 min elapsed, eta 0.0 h
[3428/3434] t19_548: FutureCancelledError: tile-t19_548 cancelled for reason: already forgotten.  |  114 ok / 3314 failed, 215 min elapsed, eta 0.0 h
[3429/3434] t31_572: FutureCancelledError: tile-t31_572 cancelled for reason: already forgotten.  |  114 ok / 3315 failed, 215 min elapsed, eta 0.0 h
[3430/3434] t7_443: FutureCancelledError: tile-t7_443 cancelled for reason: already forgotten.  |  114 ok / 3316 failed, 215 min elapsed, eta 0.0 h
[3431/3434] t6_483: FutureCancelledError: tile-t6_483 cancelled for reason: already forgotten.  |  114 ok / 3317 failed, 215 min elapsed, eta 0.0 h
[3432/3434] t6_482: FutureCancelledError: tile-t6_482 cancelled for reason: already forgotten.  |  114 ok / 3318 failed, 215 min elapsed, eta 0.0 h
[3433/3434] t6_519: FutureCancelledError: tile-t6_519 cancelled for reason: already forgotten.  |  114 ok / 3319 failed, 215 min elapsed, eta 0.0 h
[3434/3434] t7_430: FutureCancelledError: tile-t7_430 cancelled for reason: already forgotten.  |  114 ok / 3320 failed, 215 min elapsed, eta 0.0 h
2026-09-03 18:28:22,728 - distributed.client - ERROR - Exception raised while shutting down cluster easihub.c872a32821eb4f639c8be50509289c3f
Traceback (most recent call last):
  File "/env/lib/python3.12/site-packages/dask_gateway/client.py", line 994, in _stop_internal
    await self.gateway._stop_cluster(self.name)
  File "/env/lib/python3.12/site-packages/dask_gateway/client.py", line 655, in _stop_cluster
    await self._request("DELETE", url)
  File "/env/lib/python3.12/site-packages/dask_gateway/client.py", line 418, in _request
    raise GatewayServerError(msg)
dask_gateway.client.GatewayServerError: Permission failure verifying user's JupyterHub API token
gateway cluster shut down

-> s3://easido-prod-user-scratch/AROAT2ES654NDYC5GLXAR:jlopatin/biodiv/maps/chile_30m_2000_2026/ (<tile>_<year>.tif), manifest results/maps/chile_gw/manifest.csv
Unclosed client session
client_session: <aiohttp.client.ClientSession object at 0x7ff692a49eb0>
