2,021 sites | 1,764 loads (cell x year) | causal window y-2..y

==============================================================================
  DASK DASHBOARD   https://hub.datacubechile.cl/services/dask-gateway/clusters/easihub.a56a2ba08e8b49579ba3022fed1994dc/status
  cluster easihub.a56a2ba08e8b49579ba3022fed1994dc   scaling to 16 workers
==============================================================================

first worker up after 269 s; 1 ready
  [1/1764] 101_809 2019: 1 sites -- 1 written, 0.4 min
  [2/1764] 102_790 2015: 2 sites -- 3 written, 0.6 min
  [3/1764] 102_797 2017: 1 sites -- 4 written, 0.8 min
  [4/1764] 102_803 2013: 1 sites -- 5 written, 0.9 min
  [5/1764] 102_805 2013: 1 sites -- 6 written, 1.0 min
  [6/1764] 102_806 2019: 1 sites -- 7 written, 1.3 min
  [7/1764] 103_799 2013: 1 sites -- 8 written, 1.4 min
  [8/1764] 104_793 2017: 1 sites -- 9 written, 1.6 min
  [9/1764] 104_795 2017: 1 sites -- 10 written, 1.7 min
  [10/1764] 104_798 2017: 1 sites -- 11 written, 1.9 min
  [11/1764] 104_803 2013: 1 sites -- 12 written, 2.0 min
  [12/1764] 105_782 2016: 1 sites -- 13 written, 2.2 min
  [13/1764] 105_792 2013: 1 sites -- 14 written, 2.3 min
  [14/1764] 105_797 2013: 1 sites -- 15 written, 2.4 min
  [15/1764] 105_799 2013: 1 sites -- 16 written, 2.5 min
  [16/1764] 117_782 2012: 1 sites -- 17 written, 2.6 min
  [17/1764] 117_782 2017: 1 sites -- 18 written, 2.9 min
  [18/1764] 118_782 2012: 1 sites -- 19 written, 3.0 min
  [19/1764] 119_782 2012: 1 sites -- 20 written, 3.1 min
  [20/1764] 119_782 2017: 2 sites -- 22 written, 3.3 min
  [21/1764] 120_782 2017: 1 sites -- 23 written, 3.5 min
  [22/1764] 121_782 2017: 1 sites -- 24 written, 3.7 min
  [23/1764] 12_980 2019: 1 sites -- 25 written, 3.8 min
  [24/1764] 12_981 2019: 1 sites -- 26 written, 3.9 min
  [25/1764] 12_982 2019: 2 sites -- 28 written, 3.9 min
  [26/1764] 14_1148 2013: 3 sites -- 31 written, 4.0 min
  [27/1764] 16_1012 2013: 2 sites -- 33 written, 4.1 min
  [28/1764] 16_1016 2013: 1 sites -- 34 written, 4.2 min
  [29/1764] 16_1051 2017: 1 sites -- 35 written, 4.5 min
  [30/1764] 16_1052 2017: 1 sites -- 36 written, 4.8 min
  [31/1764] 16_1053 2012: 1 sites -- 37 written, 5.0 min
  [32/1764] 16_1053 2016: 1 sites -- 38 written, 5.4 min
  [33/1764] 16_1055 2013: 1 sites -- 39 written, 5.6 min
  [34/1764] 17_1000 2015: 1 sites -- 40 written, 5.7 min
  [35/1764] 17_1007 2017: 1 sites -- 41 written, 5.8 min
  [36/1764] 17_1053 2013: 1 sites -- 42 written, 6.0 min
  [37/1764] 17_1053 2019: 1 sites -- 43 written, 6.3 min
  [38/1764] 17_1055 2013: 1 sites -- 44 written, 6.5 min
  [39/1764] 17_1067 2012: 1 sites -- 45 written, 6.6 min
  [40/1764] 17_1067 2019: 1 sites -- 46 written, 6.9 min
  [41/1764] 17_1068 2015: 1 sites -- 47 written, 7.1 min
  [42/1764] 17_1072 2015: 1 sites -- 48 written, 7.3 min
  [43/1764] 17_983 2014: 1 sites -- 49 written, 7.5 min
  [44/1764] 17_984 2014: 2 sites -- 51 written, 7.7 min
  [45/1764] 17_985 2014: 1 sites -- 52 written, 7.8 min
  [46/1764] 17_993 2015: 1 sites -- 53 written, 8.0 min
  [47/1764] 17_997 2015: 2 sites -- 55 written, 8.1 min
  [48/1764] 18_1000 2015: 1 sites -- 56 written, 8.2 min
  [49/1764] 18_1014 2013: 1 sites -- 57 written, 8.3 min
  [50/1764] 18_1016 2013: 1 sites -- 58 written, 8.3 min
  [51/1764] 18_1045 2013: 1 sites -- 59 written, 8.4 min
  [52/1764] 18_1050 2017: 1 sites -- 60 written, 8.7 min
  [53/1764] 18_1059 2013: 2 sites -- 62 written, 8.9 min
  [54/1764] 18_1059 2015: 3 sites -- 65 written, 9.2 min
  [55/1764] 18_1068 2015: 1 sites -- 66 written, 9.4 min
  [56/1764] 18_1068 2018: 1 sites -- 67 written, 9.7 min
  [57/1764] 18_1069 2012: 1 sites -- 68 written, 9.8 min
  [58/1764] 18_1070 2015: 1 sites -- 69 written, 10.0 min
  [59/1764] 18_1090 2014: 1 sites -- 70 written, 10.3 min
  [60/1764] 18_1091 2013: 1 sites -- 71 written, 10.6 min
  [61/1764] 18_1092 2012: 1 sites -- 72 written, 10.8 min
  [62/1764] 18_1172 2017: 1 sites -- 73 written, 11.0 min
  [63/1764] 18_993 2015: 3 sites -- 76 written, 11.3 min
  [64/1764] 18_994 2015: 2 sites -- 78 written, 11.5 min
  [65/1764] 18_997 2015: 1 sites -- 79 written, 11.6 min
  [66/1764] 19_1014 2013: 1 sites -- 80 written, 11.7 min
  [67/1764] 19_1016 2013: 1 sites -- 81 written, 11.8 min
  [68/1764] 19_1049 2013: 1 sites -- 82 written, 11.9 min
  [69/1764] 19_1054 2013: 1 sites -- 83 written, 12.0 min
  [70/1764] 19_1056 2014: 1 sites -- 84 written, 12.2 min
  [71/1764] 19_1057 2012: 1 sites -- 85 written, 12.4 min
  [72/1764] 19_1060 2015: 3 sites -- 88 written, 12.7 min
  [73/1764] 19_1061 2013: 1 sites -- 89 written, 12.8 min
  [74/1764] 19_1061 2015: 1 sites -- 90 written, 13.1 min
  [75/1764] 19_1171 2017: 1 sites -- 91 written, 13.3 min
  [76/1764] 19_1172 2013: 1 sites -- 92 written, 13.4 min
  [77/1764] 19_1172 2014: 1 sites -- 93 written, 13.5 min
  [78/1764] 19_997 2015: 2 sites -- 95 written, 13.8 min
  [79/1764] 20_1015 2013: 1 sites -- 96 written, 13.9 min
  [80/1764] 20_1043 2016: 1 sites -- 97 written, 14.1 min
  [81/1764] 20_1044 2012: 1 sites -- 98 written, 14.1 min
  [82/1764] 20_1048 2012: 1 sites -- 99 written, 14.2 min
  [83/1764] 20_1049 2013: 1 sites -- 100 written, 14.2 min
  [84/1764] 20_1051 2015: 1 sites -- 101 written, 14.4 min
  [85/1764] 20_1051 2019: 1 sites -- 102 written, 14.5 min
  [86/1764] 20_1052 2013: 1 sites -- 103 written, 14.6 min
  [87/1764] 20_1057 2017: 1 sites -- 104 written, 14.8 min
  [88/1764] 20_1060 2013: 1 sites -- 105 written, 15.0 min
  [89/1764] 20_1062 2019: 1 sites -- 106 written, 15.3 min
  [90/1764] 20_1065 2012: 1 sites -- 107 written, 15.5 min
  [91/1764] 20_1079 2012: 1 sites -- 108 written, 15.6 min
  [92/1764] 20_1080 2017: 1 sites -- 109 written, 15.8 min
  [93/1764] 20_1082 2014: 1 sites -- 110 written, 16.0 min
  [94/1764] 20_1090 2018: 2 sites -- 112 written, 16.4 min
  [95/1764] 20_1091 2013: 2 sites -- 114 written, 16.6 min
  [96/1764] 20_1091 2019: 1 sites -- 115 written, 17.0 min
  [97/1764] 20_1099 2018: 1 sites -- 116 written, 17.2 min
  [98/1764] 20_1100 2018: 1 sites -- 117 written, 17.5 min
  [99/1764] 20_1101 2012: 1 sites -- 118 written, 17.6 min
  [100/1764] 20_1101 2013: 1 sites -- 119 written, 17.8 min
  [101/1764] 20_1173 2017: 1 sites -- 120 written, 17.9 min
  [102/1764] 20_878 2013: 1 sites -- 121 written, 18.1 min
  [103/1764] 20_984 2019: 1 sites -- 122 written, 18.3 min
  [104/1764] 20_991 2014: 1 sites -- 123 written, 18.5 min
  [105/1764] 20_992 2014: 1 sites -- 124 written, 18.7 min
  [106/1764] 21_1044 2015: 1 sites -- 125 written, 18.8 min
  [107/1764] 21_1047 2012: 1 sites -- 126 written, 18.9 min
  [108/1764] 21_1048 2015: 3 sites -- 129 written, 19.0 min
  [109/1764] 21_1049 2013: 1 sites -- 130 written, 19.1 min
  [110/1764] 21_1052 2016: 1 sites -- 131 written, 19.2 min
  [111/1764] 21_1086 2015: 1 sites -- 132 written, 19.5 min
  [112/1764] 21_1087 2015: 1 sites -- 133 written, 19.8 min
  [113/1764] 21_1089 2015: 1 sites -- 134 written, 20.1 min
  [114/1764] 21_1094 2013: 2 sites -- 136 written, 20.3 min
  [115/1764] 21_1094 2016: 1 sites -- 137 written, 20.5 min
  [116/1764] 21_1099 2015: 2 sites -- 139 written, 20.8 min
  [117/1764] 21_1100 2013: 1 sites -- 140 written, 20.9 min
  [118/1764] 21_1100 2015: 1 sites -- 141 written, 21.1 min
  [119/1764] 21_1103 2015: 1 sites -- 142 written, 21.3 min
  [120/1764] 21_1104 2016: 1 sites -- 143 written, 21.5 min
  [121/1764] 21_1104 2018: 2 sites -- 145 written, 21.8 min
  [122/1764] 21_1104 2019: 1 sites -- 146 written, 22.0 min
  [123/1764] 21_1111 2013: 1 sites -- 147 written, 22.2 min
  [124/1764] 21_1111 2016: 1 sites -- 148 written, 22.4 min
  [125/1764] 21_1163 2017: 1 sites -- 149 written, 22.6 min
  [126/1764] 21_1171 2017: 1 sites -- 150 written, 22.7 min
  [127/1764] 21_984 2019: 2 sites -- 152 written, 22.9 min
  [128/1764] 21_987 2012: 1 sites -- 153 written, 23.1 min
  [129/1764] 21_989 2014: 1 sites -- 154 written, 23.2 min
  [130/1764] 22_1010 2012: 1 sites -- 155 written, 23.4 min
  [131/1764] 22_1024 2012: 1 sites -- 156 written, 23.5 min
  [132/1764] 22_1049 2017: 1 sites -- 157 written, 23.6 min
  [133/1764] 22_1050 2015: 1 sites -- 158 written, 23.8 min
  [134/1764] 22_1060 2017: 1 sites -- 159 written, 24.0 min
  [135/1764] 22_1062 2012: 1 sites -- 160 written, 24.1 min
  [136/1764] 22_1063 2012: 1 sites -- 161 written, 24.2 min
  [137/1764] 22_1063 2018: 1 sites -- 162 written, 24.4 min
  [138/1764] 22_1068 2013: 1 sites -- 163 written, 24.5 min
  [139/1764] 22_1069 2019: 1 sites -- 164 written, 24.7 min
  [140/1764] 22_1086 2013: 1 sites -- 165 written, 24.9 min
  [141/1764] 22_1086 2016: 1 sites -- 166 written, 25.3 min
  [142/1764] 22_1086 2019: 1 sites -- 167 written, 25.6 min
  [143/1764] 22_1087 2014: 1 sites -- 168 written, 25.9 min
  [144/1764] 22_1087 2015: 1 sites -- 169 written, 26.2 min
  [145/1764] 22_1087 2019: 1 sites -- 170 written, 26.5 min
  [146/1764] 22_1090 2013: 2 sites -- 172 written, 26.8 min
  [147/1764] 22_1091 2012: 2 sites -- 174 written, 27.0 min
  [148/1764] 22_1091 2013: 1 sites -- 175 written, 27.2 min
  [149/1764] 22_1094 2013: 1 sites -- 176 written, 27.3 min
  [150/1764] 22_1095 2013: 3 sites -- 179 written, 27.5 min
  [151/1764] 22_1098 2015: 1 sites -- 180 written, 27.7 min
  [152/1764] 22_1100 2013: 1 sites -- 181 written, 27.8 min
  [153/1764] 22_1100 2015: 1 sites -- 182 written, 28.0 min
  [154/1764] 22_1100 2018: 1 sites -- 183 written, 28.3 min
  [155/1764] 22_1102 2013: 1 sites -- 184 written, 28.4 min
  [156/1764] 22_1104 2014: 1 sites -- 185 written, 28.6 min
  [157/1764] 22_1104 2015: 2 sites -- 187 written, 28.8 min
  [158/1764] 22_1104 2018: 1 sites -- 188 written, 29.1 min
  [159/1764] 22_1104 2019: 2 sites -- 190 written, 29.3 min
  [160/1764] 22_1109 2014: 1 sites -- 191 written, 29.5 min
  [161/1764] 22_1109 2015: 1 sites -- 192 written, 29.7 min
  [162/1764] 22_1110 2013: 2 sites -- 194 written, 29.9 min
  [163/1764] 22_1110 2016: 1 sites -- 195 written, 30.1 min
  [164/1764] 22_1113 2013: 1 sites -- 196 written, 30.2 min
  [165/1764] 22_1114 2016: 1 sites -- 197 written, 30.5 min
  [166/1764] 22_1149 2017: 1 sites -- 198 written, 30.7 min
  [167/1764] 22_1171 2014: 1 sites -- 199 written, 30.9 min
  [168/1764] 22_975 2017: 1 sites -- 200 written, 31.1 min
  [169/1764] 22_989 2014: 1 sites -- 201 written, 31.3 min
  [170/1764] 22_993 2015: 1 sites -- 202 written, 31.6 min
  [171/1764] 23_1045 2016: 1 sites -- 203 written, 31.7 min
  [172/1764] 23_1047 2014: 1 sites -- 204 written, 31.8 min
  [173/1764] 23_1050 2012: 1 sites -- 205 written, 31.9 min
  [174/1764] 23_1050 2019: 1 sites -- 206 written, 32.0 min
  [175/1764] 23_1054 2017: 1 sites -- 207 written, 32.2 min
  [176/1764] 23_1062 2012: 1 sites -- 208 written, 32.3 min
  [177/1764] 23_1062 2015: 1 sites -- 209 written, 32.4 min
  [178/1764] 23_1065 2012: 1 sites -- 210 written, 32.5 min
  [179/1764] 23_1074 2019: 1 sites -- 211 written, 32.7 min
  [180/1764] 23_1075 2018: 1 sites -- 212 written, 33.0 min
  [181/1764] 23_1088 2014: 2 sites -- 214 written, 33.2 min
  [182/1764] 23_1092 2012: 1 sites -- 215 written, 33.4 min
  [183/1764] 23_1094 2013: 1 sites -- 216 written, 33.6 min
  [184/1764] 23_1094 2016: 1 sites -- 217 written, 33.9 min
  [185/1764] 23_1095 2018: 1 sites -- 218 written, 34.2 min
  [186/1764] 23_1096 2013: 1 sites -- 219 written, 34.3 min
  [187/1764] 23_1096 2015: 1 sites -- 220 written, 34.6 min
  [188/1764] 23_1096 2018: 1 sites -- 221 written, 34.8 min
  [189/1764] 23_1098 2015: 1 sites -- 222 written, 35.1 min
  [190/1764] 23_1100 2018: 1 sites -- 223 written, 35.3 min
  [191/1764] 23_1101 2016: 1 sites -- 224 written, 35.5 min
  [192/1764] 23_1102 2013: 1 sites -- 225 written, 35.7 min
  [193/1764] 23_1103 2018: 2 sites -- 227 written, 35.9 min
  [194/1764] 23_1103 2019: 1 sites -- 228 written, 36.2 min
  [195/1764] 23_1104 2013: 1 sites -- 229 written, 36.4 min
  [196/1764] 23_1104 2019: 2 sites -- 231 written, 36.6 min
  [197/1764] 23_1108 2013: 1 sites -- 232 written, 36.8 min
  [198/1764] 23_1108 2017: 1 sites -- 233 written, 37.0 min
  [199/1764] 23_1109 2013: 2 sites -- 235 written, 37.2 min
  [200/1764] 23_1109 2014: 1 sites -- 236 written, 37.3 min
  [201/1764] 23_1109 2015: 1 sites -- 237 written, 37.6 min
  [202/1764] 23_1109 2017: 1 sites -- 238 written, 37.8 min
  [203/1764] 23_1110 2013: 2 sites -- 240 written, 38.0 min
  [204/1764] 23_1111 2017: 1 sites -- 241 written, 38.2 min
  [205/1764] 23_1112 2017: 1 sites -- 242 written, 38.4 min
  [206/1764] 23_1113 2012: 1 sites -- 243 written, 38.6 min
  [207/1764] 23_1113 2016: 1 sites -- 244 written, 38.8 min
  [208/1764] 23_1114 2012: 1 sites -- 245 written, 39.0 min
  [209/1764] 23_1145 2013: 1 sites -- 246 written, 39.1 min
  [210/1764] 23_1146 2014: 1 sites -- 247 written, 39.3 min
  [211/1764] 23_1162 2013: 1 sites -- 248 written, 39.4 min
  [212/1764] 23_927 2013: 1 sites -- 249 written, 39.5 min
  [213/1764] 23_964 2016: 2 sites -- 251 written, 39.9 min
  [214/1764] 23_965 2016: 1 sites -- 252 written, 40.2 min
  [215/1764] 23_973 2017: 1 sites -- 253 written, 40.4 min
  [216/1764] 23_974 2018: 1 sites -- 254 written, 40.6 min
  [217/1764] 23_975 2018: 2 sites -- 256 written, 40.8 min
  [218/1764] 23_976 2018: 1 sites -- 257 written, 40.9 min
  [219/1764] 23_982 2014: 1 sites -- 258 written, 41.1 min
  [220/1764] 24_1023 2014: 1 sites -- 259 written, 41.4 min
  [221/1764] 24_1043 2016: 1 sites -- 260 written, 41.5 min
  [222/1764] 24_1043 2018: 1 sites -- 261 written, 41.7 min
  [223/1764] 24_1045 2016: 1 sites -- 262 written, 41.8 min
  [224/1764] 24_1047 2012: 1 sites -- 263 written, 41.9 min
  [225/1764] 24_1047 2016: 1 sites -- 264 written, 42.0 min
  [226/1764] 24_1047 2017: 1 sites -- 265 written, 42.1 min
  [227/1764] 24_1064 2015: 1 sites -- 266 written, 42.2 min
  [228/1764] 24_1065 2012: 1 sites -- 267 written, 42.3 min
  [229/1764] 24_1066 2013: 1 sites -- 268 written, 42.4 min
  [230/1764] 24_1069 2013: 1 sites -- 269 written, 42.5 min
  [231/1764] 24_1070 2012: 1 sites -- 270 written, 42.6 min
  [232/1764] 24_1073 2019: 1 sites -- 271 written, 42.7 min
  [233/1764] 24_1093 2013: 1 sites -- 272 written, 42.9 min
  [234/1764] 24_1094 2013: 1 sites -- 273 written, 43.1 min
  [235/1764] 24_1095 2017: 1 sites -- 274 written, 43.3 min
  [236/1764] 24_1099 2018: 1 sites -- 275 written, 43.6 min
  [237/1764] 24_1099 2019: 1 sites -- 276 written, 43.9 min
  [238/1764] 24_1103 2012: 1 sites -- 277 written, 44.0 min
  [239/1764] 24_1105 2013: 1 sites -- 278 written, 44.1 min
  [240/1764] 24_1107 2014: 1 sites -- 279 written, 44.3 min
  [241/1764] 24_1108 2014: 1 sites -- 280 written, 44.5 min
  [242/1764] 24_1109 2012: 1 sites -- 281 written, 44.6 min
  [243/1764] 24_1109 2013: 2 sites -- 283 written, 44.7 min
  [244/1764] 24_1109 2014: 4 sites -- 287 written, 44.9 min
  [245/1764] 24_1109 2017: 1 sites -- 288 written, 45.1 min
  [246/1764] 24_1110 2013: 1 sites -- 289 written, 45.3 min
  [247/1764] 24_1110 2014: 1 sites -- 290 written, 45.5 min
  [248/1764] 24_1112 2013: 3 sites -- 293 written, 45.6 min
  [249/1764] 24_1113 2012: 1 sites -- 294 written, 45.7 min
  [250/1764] 24_1113 2013: 3 sites -- 297 written, 45.9 min
  [251/1764] 24_1114 2016: 1 sites -- 298 written, 46.2 min
  [252/1764] 24_1145 2013: 1 sites -- 299 written, 46.3 min
  [253/1764] 24_1148 2013: 1 sites -- 300 written, 46.5 min
  [254/1764] 24_1148 2016: 1 sites -- 301 written, 46.8 min
  [255/1764] 24_1149 2013: 2 sites -- 303 written, 47.0 min
  [256/1764] 24_1156 2013: 1 sites -- 304 written, 47.1 min
  [257/1764] 24_1157 2012: 1 sites -- 305 written, 47.2 min
  [258/1764] 24_1165 2017: 1 sites -- 306 written, 47.3 min
  [259/1764] 24_1167 2014: 1 sites -- 307 written, 47.5 min
  [260/1764] 24_865 2017: 1 sites -- 308 written, 47.7 min
  [261/1764] 24_963 2016: 2 sites -- 310 written, 48.1 min
  [262/1764] 24_976 2018: 1 sites -- 311 written, 48.3 min
  [263/1764] 24_977 2018: 1 sites -- 312 written, 48.5 min
  [264/1764] 24_979 2018: 1 sites -- 313 written, 48.6 min
  [265/1764] 24_983 2014: 1 sites -- 314 written, 48.8 min
  [266/1764] 24_987 2018: 2 sites -- 316 written, 49.0 min
  [267/1764] 24_988 2012: 1 sites -- 317 written, 49.2 min
  [268/1764] 24_991 2014: 1 sites -- 318 written, 49.4 min
  [269/1764] 24_992 2014: 1 sites -- 319 written, 49.6 min
  [270/1764] 24_993 2014: 2 sites -- 321 written, 49.9 min
  [271/1764] 25_1013 2014: 1 sites -- 322 written, 50.1 min
  [272/1764] 25_1022 2014: 1 sites -- 323 written, 50.3 min
  [273/1764] 25_1051 2012: 1 sites -- 324 written, 50.4 min
  [274/1764] 25_1062 2012: 1 sites -- 325 written, 50.5 min
  [275/1764] 25_1063 2012: 1 sites -- 326 written, 50.6 min
  [276/1764] 25_1090 2019: 1 sites -- 327 written, 50.9 min
  [277/1764] 25_1105 2013: 1 sites -- 328 written, 51.1 min
  [278/1764] 25_1105 2015: 1 sites -- 329 written, 51.4 min
  [279/1764] 25_1108 2012: 1 sites -- 330 written, 51.5 min
  [280/1764] 25_1108 2013: 1 sites -- 331 written, 51.6 min
  [281/1764] 25_1110 2013: 1 sites -- 332 written, 51.8 min
  [282/1764] 25_1111 2013: 2 sites -- 334 written, 51.9 min
  [283/1764] 25_1111 2015: 1 sites -- 335 written, 52.1 min
  [284/1764] 25_1112 2013: 7 sites -- 342 written, 52.3 min
  [285/1764] 25_1113 2013: 4 sites -- 346 written, 52.4 min
  [286/1764] 25_1118 2012: 1 sites -- 347 written, 52.6 min
  [287/1764] 25_1136 2013: 1 sites -- 348 written, 52.8 min
  [288/1764] 25_1144 2016: 1 sites -- 349 written, 53.1 min
  [289/1764] 25_1146 2013: 2 sites -- 351 written, 53.3 min
  [290/1764] 25_1146 2016: 1 sites -- 352 written, 53.6 min
  [291/1764] 25_1156 2012: 1 sites -- 353 written, 53.8 min
  [292/1764] 25_1162 2017: 1 sites -- 354 written, 54.0 min
  [293/1764] 25_1163 2014: 1 sites -- 355 written, 54.1 min
  [294/1764] 25_1184 2014: 1 sites -- 356 written, 54.3 min
  [295/1764] 25_872 2013: 1 sites -- 357 written, 54.5 min
  [296/1764] 25_962 2016: 1 sites -- 358 written, 54.9 min
  [297/1764] 25_965 2013: 1 sites -- 359 written, 55.1 min
  [298/1764] 25_965 2016: 1 sites -- 360 written, 55.4 min
  [299/1764] 25_969 2016: 1 sites -- 361 written, 55.6 min
  [300/1764] 25_976 2018: 1 sites -- 362 written, 55.8 min
  [301/1764] 25_980 2013: 1 sites -- 363 written, 55.9 min
  [302/1764] 25_981 2013: 1 sites -- 364 written, 56.1 min
  [303/1764] 25_983 2014: 1 sites -- 365 written, 56.2 min
  [304/1764] 25_988 2018: 2 sites -- 367 written, 56.4 min
  [305/1764] 25_989 2012: 1 sites -- 368 written, 56.5 min
  [306/1764] 25_996 2014: 1 sites -- 369 written, 56.8 min
  [307/1764] 26_1013 2014: 1 sites -- 370 written, 57.0 min
  [308/1764] 26_1022 2012: 1 sites -- 371 written, 57.1 min
  [309/1764] 26_1043 2016: 1 sites -- 372 written, 57.3 min
  [310/1764] 26_1050 2015: 1 sites -- 373 written, 57.4 min
  [311/1764] 26_1066 2019: 1 sites -- 374 written, 57.6 min
  [312/1764] 26_1085 2017: 1 sites -- 375 written, 57.7 min
  [313/1764] 26_1102 2012: 1 sites -- 376 written, 57.8 min
  [314/1764] 26_1105 2018: 1 sites -- 377 written, 58.1 min
  [315/1764] 26_1108 2013: 1 sites -- 378 written, 58.3 min
  [316/1764] 26_1109 2013: 2 sites -- 380 written, 58.4 min
  [317/1764] 26_1109 2015: 1 sites -- 381 written, 58.6 min
  [318/1764] 26_1111 2013: 3 sites -- 384 written, 58.8 min
  [319/1764] 26_1112 2013: 1 sites -- 385 written, 58.9 min
  [320/1764] 26_1113 2013: 1 sites -- 386 written, 59.1 min
  [321/1764] 26_1119 2012: 1 sites -- 387 written, 59.2 min
  [322/1764] 26_1119 2013: 1 sites -- 388 written, 59.5 min
  [323/1764] 26_1119 2017: 1 sites -- 389 written, 59.8 min
  [324/1764] 26_1121 2012: 2 sites -- 391 written, 60.0 min
  [325/1764] 26_1144 2012: 1 sites -- 392 written, 60.1 min
  [326/1764] 26_1159 2017: 1 sites -- 393 written, 60.4 min
  [327/1764] 26_1164 2014: 1 sites -- 394 written, 60.5 min
  [328/1764] 26_1166 2014: 1 sites -- 395 written, 60.6 min
  [329/1764] 26_1171 2014: 1 sites -- 396 written, 60.7 min
  [330/1764] 26_923 2013: 1 sites -- 397 written, 60.9 min
  [331/1764] 26_925 2013: 1 sites -- 398 written, 61.0 min
  [332/1764] 26_965 2013: 1 sites -- 399 written, 61.2 min
  [333/1764] 26_965 2016: 1 sites -- 400 written, 61.5 min
  [334/1764] 26_978 2013: 1 sites -- 401 written, 61.7 min
  [335/1764] 26_979 2013: 1 sites -- 402 written, 61.8 min
  [336/1764] 26_986 2012: 1 sites -- 403 written, 61.9 min
  [337/1764] 26_995 2014: 1 sites -- 404 written, 62.1 min
  [338/1764] 27_1013 2014: 1 sites -- 405 written, 62.3 min
  [339/1764] 27_1072 2014: 1 sites -- 406 written, 62.4 min
  [340/1764] 27_1075 2012: 1 sites -- 407 written, 62.5 min
  [341/1764] 27_1076 2013: 1 sites -- 408 written, 62.6 min
  [342/1764] 27_1079 2017: 1 sites -- 409 written, 62.7 min
  [343/1764] 27_1100 2015: 1 sites -- 410 written, 62.9 min
  [344/1764] 27_1108 2013: 1 sites -- 411 written, 63.1 min
  [345/1764] 27_1112 2015: 2 sites -- 413 written, 63.3 min
  [346/1764] 27_1113 2016: 1 sites -- 414 written, 63.6 min
  [347/1764] 27_1118 2012: 1 sites -- 415 written, 63.8 min
  [348/1764] 27_1119 2013: 1 sites -- 416 written, 64.0 min
  [349/1764] 27_1120 2012: 1 sites -- 417 written, 64.2 min
  [350/1764] 27_1121 2012: 2 sites -- 419 written, 64.3 min
  [351/1764] 27_1122 2012: 1 sites -- 420 written, 64.5 min
  [352/1764] 27_1122 2013: 1 sites -- 421 written, 64.8 min
  [353/1764] 27_1123 2012: 1 sites -- 422 written, 65.0 min
  [354/1764] 27_1131 2013: 1 sites -- 423 written, 65.2 min
  [355/1764] 27_1134 2013: 1 sites -- 424 written, 65.3 min
  [356/1764] 27_1157 2014: 1 sites -- 425 written, 65.6 min
  [357/1764] 27_1158 2017: 1 sites -- 426 written, 66.1 min
  [358/1764] 27_1160 2017: 1 sites -- 427 written, 66.5 min
  [359/1764] 27_1164 2013: 1 sites -- 428 written, 66.6 min
  [360/1764] 27_1165 2013: 1 sites -- 429 written, 66.7 min
  [361/1764] 27_1168 2013: 1 sites -- 430 written, 66.8 min
  [362/1764] 27_1180 2019: 1 sites -- 431 written, 67.0 min
  [363/1764] 27_937 2012: 1 sites -- 432 written, 67.1 min
  [364/1764] 27_938 2012: 1 sites -- 433 written, 67.2 min
  [365/1764] 27_974 2016: 1 sites -- 434 written, 67.4 min
  [366/1764] 27_975 2016: 1 sites -- 435 written, 67.6 min
  [367/1764] 27_978 2013: 1 sites -- 436 written, 67.8 min
  [368/1764] 27_986 2012: 1 sites -- 437 written, 67.9 min
  [369/1764] 28_1074 2014: 2 sites -- 439 written, 68.0 min
  [370/1764] 28_1075 2014: 1 sites -- 440 written, 68.1 min
  [371/1764] 28_1076 2013: 1 sites -- 441 written, 68.2 min
  [372/1764] 28_1089 2013: 1 sites -- 442 written, 68.3 min
  [373/1764] 28_1106 2013: 1 sites -- 443 written, 68.4 min
  [374/1764] 28_1107 2013: 1 sites -- 444 written, 68.6 min
  [375/1764] 28_1111 2012: 1 sites -- 445 written, 68.7 min
  [376/1764] 28_1113 2013: 1 sites -- 446 written, 68.8 min
  [377/1764] 28_1119 2013: 1 sites -- 447 written, 69.0 min
  [378/1764] 28_1123 2012: 1 sites -- 448 written, 69.3 min
  [379/1764] 28_1124 2012: 1 sites -- 449 written, 69.4 min
  [380/1764] 28_1124 2017: 1 sites -- 450 written, 69.9 min
  [381/1764] 28_1125 2012: 1 sites -- 451 written, 70.1 min
  [382/1764] 28_1145 2013: 1 sites -- 452 written, 70.2 min
  [383/1764] 28_1146 2013: 1 sites -- 453 written, 70.4 min
  [384/1764] 28_1146 2014: 1 sites -- 454 written, 70.6 min
  [385/1764] 28_1162 2017: 2 sites -- 456 written, 70.9 min
  [386/1764] 28_1164 2014: 1 sites -- 457 written, 71.2 min
  [387/1764] 28_1167 2013: 1 sites -- 458 written, 71.3 min
  [388/1764] 28_858 2013: 1 sites -- 459 written, 71.5 min
  [389/1764] 28_978 2013: 1 sites -- 460 written, 71.6 min
  [390/1764] 28_985 2012: 1 sites -- 461 written, 71.7 min
  [391/1764] 28_995 2014: 1 sites -- 462 written, 72.0 min
  [392/1764] 29_1085 2018: 1 sites -- 463 written, 72.1 min
  [393/1764] 29_1089 2016: 1 sites -- 464 written, 72.4 min
  [394/1764] 29_1105 2018: 1 sites -- 465 written, 72.6 min
  [395/1764] 29_1117 2012: 1 sites -- 466 written, 72.8 min
  [396/1764] 29_1121 2012: 1 sites -- 467 written, 72.9 min
  [397/1764] 29_1127 2014: 1 sites -- 468 written, 73.1 min
  [398/1764] 29_1148 2014: 1 sites -- 469 written, 73.4 min
  [399/1764] 29_1161 2017: 1 sites -- 470 written, 73.7 min
  [400/1764] 29_1162 2012: 1 sites -- 471 written, 73.8 min
  [401/1764] 29_1162 2013: 1 sites -- 472 written, 74.0 min
  [402/1764] 29_1165 2013: 1 sites -- 473 written, 74.2 min
  [403/1764] 29_1167 2013: 1 sites -- 474 written, 74.3 min
  [404/1764] 29_1169 2013: 1 sites -- 475 written, 74.5 min
  [405/1764] 29_1169 2014: 1 sites -- 476 written, 74.7 min
  [406/1764] 29_1181 2014: 1 sites -- 477 written, 74.9 min
  [407/1764] 29_981 2017: 2 sites -- 479 written, 75.1 min
  [408/1764] 29_987 2012: 1 sites -- 480 written, 75.2 min
  [409/1764] 30_1000 2014: 1 sites -- 481 written, 75.5 min
  [410/1764] 30_1001 2014: 1 sites -- 482 written, 75.6 min
  [411/1764] 30_1074 2017: 1 sites -- 483 written, 75.8 min
  [412/1764] 30_1079 2013: 1 sites -- 484 written, 75.9 min
  [413/1764] 30_1079 2017: 1 sites -- 485 written, 76.0 min
  [414/1764] 30_1079 2019: 1 sites -- 486 written, 76.2 min
  [415/1764] 30_1080 2013: 1 sites -- 487 written, 76.3 min
  [416/1764] 30_1080 2017: 1 sites -- 488 written, 76.4 min
  [417/1764] 30_1082 2013: 1 sites -- 489 written, 76.5 min
  [418/1764] 30_1083 2018: 1 sites -- 490 written, 76.6 min
  [419/1764] 30_1089 2015: 1 sites -- 491 written, 76.8 min
  [420/1764] 30_1089 2019: 1 sites -- 492 written, 77.1 min
  [421/1764] 30_1113 2013: 1 sites -- 493 written, 77.2 min
  [422/1764] 30_1118 2012: 2 sites -- 495 written, 77.4 min
  [423/1764] 30_1126 2013: 1 sites -- 496 written, 77.6 min
  [424/1764] 30_1149 2014: 1 sites -- 497 written, 77.9 min
  [425/1764] 30_1162 2013: 1 sites -- 498 written, 78.1 min
  [426/1764] 30_1163 2013: 4 sites -- 502 written, 78.3 min
  [427/1764] 30_1164 2013: 2 sites -- 504 written, 78.5 min
  [428/1764] 30_983 2017: 2 sites -- 506 written, 78.7 min
  [429/1764] 30_984 2017: 1 sites -- 507 written, 78.9 min
  [430/1764] 30_985 2017: 1 sites -- 508 written, 79.1 min
  [431/1764] 30_999 2017: 1 sites -- 509 written, 79.4 min
  [432/1764] 31_1076 2013: 1 sites -- 510 written, 79.5 min
  [433/1764] 31_1080 2013: 1 sites -- 511 written, 79.6 min
  [434/1764] 31_1082 2017: 1 sites -- 512 written, 79.7 min
  [435/1764] 31_1083 2012: 1 sites -- 513 written, 79.8 min
  [436/1764] 31_1084 2014: 1 sites -- 514 written, 79.9 min
  [437/1764] 31_1086 2019: 1 sites -- 515 written, 80.1 min
  [438/1764] 31_1087 2019: 1 sites -- 516 written, 80.3 min
  [439/1764] 31_1111 2013: 1 sites -- 517 written, 80.4 min
  [440/1764] 31_1117 2012: 1 sites -- 518 written, 80.5 min
  [441/1764] 31_1120 2012: 1 sites -- 519 written, 80.6 min
  [442/1764] 31_1129 2013: 1 sites -- 520 written, 80.8 min
  [443/1764] 31_1131 2016: 1 sites -- 521 written, 81.1 min
  [444/1764] 31_1145 2013: 1 sites -- 522 written, 81.3 min
  [445/1764] 31_1164 2012: 1 sites -- 523 written, 81.4 min
  [446/1764] 31_1165 2016: 1 sites -- 524 written, 81.8 min
  [447/1764] 31_1186 2014: 1 sites -- 525 written, 82.0 min
  [448/1764] 31_985 2017: 1 sites -- 526 written, 82.2 min
  [449/1764] 31_986 2017: 2 sites -- 528 written, 82.4 min
  [450/1764] 32_1079 2017: 1 sites -- 529 written, 82.6 min
  [451/1764] 32_1081 2017: 3 sites -- 532 written, 82.7 min
  [452/1764] 32_1084 2019: 1 sites -- 533 written, 82.9 min
  [453/1764] 32_1093 2018: 1 sites -- 534 written, 83.1 min
  [454/1764] 32_1107 2013: 1 sites -- 535 written, 83.2 min
  [455/1764] 32_1109 2014: 1 sites -- 536 written, 83.3 min
  [456/1764] 32_1115 2013: 1 sites -- 537 written, 83.4 min
  [457/1764] 32_1118 2012: 1 sites -- 538 written, 83.5 min
  [458/1764] 32_1119 2014: 1 sites -- 539 written, 83.6 min
  [459/1764] 32_1140 2016: 1 sites -- 540 written, 83.9 min
  [460/1764] 32_1161 2013: 3 sites -- 543 written, 84.0 min
  [461/1764] 32_1162 2013: 2 sites -- 545 written, 84.2 min
  [462/1764] 32_1163 2013: 1 sites -- 546 written, 84.4 min
  [463/1764] 32_850 2014: 1 sites -- 547 written, 84.6 min
  [464/1764] 32_859 2014: 1 sites -- 548 written, 84.7 min
  [465/1764] 32_986 2017: 2 sites -- 550 written, 84.9 min
  [466/1764] 32_997 2015: 1 sites -- 551 written, 85.2 min
  [467/1764] 32_998 2015: 1 sites -- 552 written, 85.5 min
  [468/1764] 33_1003 2015: 1 sites -- 553 written, 85.7 min
  [469/1764] 33_1003 2017: 1 sites -- 554 written, 85.9 min
  [470/1764] 33_1004 2015: 1 sites -- 555 written, 86.1 min
  [471/1764] 33_1093 2015: 1 sites -- 556 written, 86.3 min
  [472/1764] 33_1108 2014: 1 sites -- 557 written, 86.4 min
  [473/1764] 33_1114 2013: 2 sites -- 559 written, 86.5 min
  [474/1764] 33_1115 2013: 1 sites -- 560 written, 86.6 min
  [475/1764] 33_1118 2014: 1 sites -- 561 written, 86.7 min
  [476/1764] 33_1119 2012: 1 sites -- 562 written, 86.8 min
  [477/1764] 33_1196 2014: 1 sites -- 563 written, 86.9 min
  [478/1764] 33_1202 2012: 1 sites -- 564 written, 87.0 min
  [479/1764] 33_863 2014: 1 sites -- 565 written, 87.1 min
  [480/1764] 33_879 2014: 1 sites -- 566 written, 87.3 min
  [481/1764] 33_935 2013: 1 sites -- 567 written, 87.5 min
  [482/1764] 33_939 2012: 1 sites -- 568 written, 87.7 min
  [483/1764] 33_939 2017: 1 sites -- 569 written, 88.0 min
  [484/1764] 33_986 2017: 1 sites -- 570 written, 88.1 min
  [485/1764] 33_997 2015: 1 sites -- 571 written, 88.4 min
  [486/1764] 34_1003 2017: 1 sites -- 572 written, 88.6 min
  [487/1764] 34_1004 2015: 1 sites -- 573 written, 88.9 min
  [488/1764] 34_1011 2018: 1 sites -- 574 written, 89.1 min
  [489/1764] 34_1092 2012: 1 sites -- 575 written, 89.2 min
  [490/1764] 34_1116 2013: 1 sites -- 576 written, 89.3 min
  [491/1764] 34_1126 2014: 1 sites -- 577 written, 89.4 min
  [492/1764] 34_1129 2014: 1 sites -- 578 written, 89.5 min
  [493/1764] 34_1130 2014: 1 sites -- 579 written, 89.6 min
  [494/1764] 34_1131 2014: 1 sites -- 580 written, 89.7 min
  [495/1764] 34_1202 2013: 1 sites -- 581 written, 89.8 min
  [496/1764] 34_1203 2015: 1 sites -- 582 written, 90.0 min
  [497/1764] 34_939 2017: 1 sites -- 583 written, 90.2 min
  [498/1764] 34_939 2019: 1 sites -- 584 written, 90.5 min
  [499/1764] 34_940 2017: 1 sites -- 585 written, 90.8 min
  [500/1764] 34_995 2014: 1 sites -- 586 written, 91.0 min
  [501/1764] 35_1003 2017: 2 sites -- 588 written, 91.3 min
  [502/1764] 35_1004 2017: 1 sites -- 589 written, 91.4 min
  [503/1764] 35_1083 2018: 1 sites -- 590 written, 91.6 min
  [504/1764] 35_1095 2012: 1 sites -- 591 written, 91.7 min
  [505/1764] 35_1095 2017: 1 sites -- 592 written, 91.8 min
  [506/1764] 35_1096 2017: 1 sites -- 593 written, 92.0 min
  [507/1764] 35_1099 2012: 2 sites -- 595 written, 92.1 min
  [508/1764] 35_1102 2012: 1 sites -- 596 written, 92.1 min
  [509/1764] 35_1142 2013: 1 sites -- 597 written, 92.3 min
  [510/1764] 35_1158 2013: 1 sites -- 598 written, 92.5 min
  [511/1764] 35_1164 2014: 1 sites -- 599 written, 92.8 min
  [512/1764] 35_937 2016: 1 sites -- 600 written, 93.2 min
  [513/1764] 35_970 2016: 1 sites -- 601 written, 93.3 min
  [514/1764] 35_970 2018: 1 sites -- 602 written, 93.5 min
  [515/1764] 36_1027 2017: 2 sites -- 604 written, 93.9 min
  [516/1764] 36_1038 2014: 1 sites -- 605 written, 94.2 min
  [517/1764] 36_1081 2018: 1 sites -- 606 written, 94.4 min
  [518/1764] 36_1084 2014: 1 sites -- 607 written, 94.6 min
  [519/1764] 36_1084 2019: 1 sites -- 608 written, 94.8 min
  [520/1764] 36_1094 2012: 1 sites -- 609 written, 94.9 min
  [521/1764] 36_1097 2018: 1 sites -- 610 written, 95.0 min
  [522/1764] 36_1099 2012: 1 sites -- 611 written, 95.1 min
  [523/1764] 36_1099 2018: 1 sites -- 612 written, 95.3 min
  [524/1764] 36_1120 2012: 1 sites -- 613 written, 95.4 min
  [525/1764] 36_1121 2013: 1 sites -- 614 written, 95.5 min
  [526/1764] 36_1150 2013: 1 sites -- 615 written, 95.8 min
  [527/1764] 36_1187 2013: 1 sites -- 616 written, 96.1 min
  [528/1764] 36_938 2016: 1 sites -- 617 written, 96.5 min
  [529/1764] 36_938 2017: 1 sites -- 618 written, 96.8 min
  [530/1764] 36_939 2016: 1 sites -- 619 written, 97.0 min
  [531/1764] 36_939 2017: 1 sites -- 620 written, 97.3 min
  [532/1764] 36_940 2012: 1 sites -- 621 written, 97.4 min
  [533/1764] 36_941 2019: 1 sites -- 622 written, 97.7 min
  [534/1764] 36_968 2016: 1 sites -- 623 written, 98.1 min
  [535/1764] 36_993 2014: 1 sites -- 624 written, 98.2 min
  [536/1764] 37_1005 2015: 1 sites -- 625 written, 98.4 min
  [537/1764] 37_1005 2017: 1 sites -- 626 written, 98.5 min
  [538/1764] 37_1013 2018: 2 sites -- 628 written, 98.8 min
  [539/1764] 37_1027 2017: 1 sites -- 629 written, 99.2 min
  [540/1764] 37_1070 2015: 1 sites -- 630 written, 99.5 min
  [541/1764] 37_1072 2013: 1 sites -- 631 written, 99.7 min
  [542/1764] 37_1080 2015: 1 sites -- 632 written, 100.0 min
  [543/1764] 37_1082 2016: 1 sites -- 633 written, 100.3 min
  [544/1764] 37_1093 2017: 1 sites -- 634 written, 100.4 min
  [545/1764] 37_1100 2013: 1 sites -- 635 written, 100.5 min
  [546/1764] 37_1115 2012: 1 sites -- 636 written, 100.6 min
  [547/1764] 37_1122 2015: 1 sites -- 637 written, 100.9 min
  [548/1764] 37_1125 2015: 1 sites -- 638 written, 101.1 min
  [549/1764] 37_1126 2016: 1 sites -- 639 written, 101.2 min
  [550/1764] 37_1130 2013: 1 sites -- 640 written, 101.3 min
  [551/1764] 37_1143 2013: 1 sites -- 641 written, 101.5 min
  [552/1764] 37_1156 2014: 1 sites -- 642 written, 101.8 min
  [553/1764] 37_1158 2014: 1 sites -- 643 written, 102.0 min
  [554/1764] 37_1186 2013: 1 sites -- 644 written, 102.3 min
  [555/1764] 37_930 2013: 1 sites -- 645 written, 102.5 min
  [556/1764] 37_936 2017: 1 sites -- 646 written, 103.0 min
  [557/1764] 37_959 2014: 1 sites -- 647 written, 103.2 min
  [558/1764] 37_994 2014: 1 sites -- 648 written, 103.4 min
  [559/1764] 38_1007 2017: 1 sites -- 649 written, 103.6 min
  [560/1764] 38_1026 2016: 1 sites -- 650 written, 104.0 min
  [561/1764] 38_1026 2017: 1 sites -- 651 written, 104.4 min
  [562/1764] 38_1050 2013: 1 sites -- 652 written, 104.6 min
  [563/1764] 38_1052 2016: 1 sites -- 653 written, 105.0 min
  [564/1764] 38_1061 2012: 1 sites -- 654 written, 105.2 min
  [565/1764] 38_1063 2012: 1 sites -- 655 written, 105.4 min
  [566/1764] 38_1073 2014: 1 sites -- 656 written, 105.7 min
  [567/1764] 38_1081 2013: 1 sites -- 657 written, 105.9 min
  [568/1764] 38_1083 2012: 2 sites -- 659 written, 106.0 min
  [569/1764] 38_1084 2015: 1 sites -- 660 written, 106.3 min
  [570/1764] 38_1084 2019: 1 sites -- 661 written, 106.6 min
  [571/1764] 38_1085 2014: 1 sites -- 662 written, 106.9 min
  [572/1764] 38_1085 2019: 1 sites -- 663 written, 107.2 min
  [573/1764] 38_1091 2014: 1 sites -- 664 written, 107.5 min
  [574/1764] 38_1093 2012: 1 sites -- 665 written, 107.6 min
  [575/1764] 38_1094 2017: 1 sites -- 666 written, 107.8 min
  [576/1764] 38_1114 2012: 1 sites -- 667 written, 107.9 min
  [577/1764] 38_1122 2013: 1 sites -- 668 written, 108.1 min
  [578/1764] 38_1125 2013: 1 sites -- 669 written, 108.2 min
  [579/1764] 38_1153 2013: 1 sites -- 670 written, 108.3 min
  [580/1764] 38_1155 2014: 1 sites -- 671 written, 108.6 min
  [581/1764] 38_1213 2013: 1 sites -- 672 written, 108.9 min
  [582/1764] 38_935 2016: 1 sites -- 673 written, 109.3 min
  [583/1764] 38_936 2016: 1 sites -- 674 written, 109.6 min
  [584/1764] 39_1006 2015: 1 sites -- 675 written, 109.8 min
  [585/1764] 39_1007 2017: 1 sites -- 676 written, 110.0 min
  [586/1764] 39_1008 2018: 1 sites -- 677 written, 110.1 min
  [587/1764] 39_1009 2015: 1 sites -- 678 written, 110.2 min
  [588/1764] 39_1010 2015: 1 sites -- 679 written, 110.4 min
  [589/1764] 39_1025 2016: 1 sites -- 680 written, 110.6 min
  [590/1764] 39_1026 2016: 1 sites -- 681 written, 110.9 min
  [591/1764] 39_1049 2016: 1 sites -- 682 written, 111.2 min
  [592/1764] 39_1069 2016: 1 sites -- 683 written, 111.5 min
  [593/1764] 39_1070 2015: 2 sites -- 685 written, 111.8 min
  [594/1764] 39_1072 2016: 1 sites -- 686 written, 112.1 min
  [595/1764] 39_1076 2013: 1 sites -- 687 written, 112.2 min
  [596/1764] 39_1078 2013: 1 sites -- 688 written, 112.4 min
  [597/1764] 39_1078 2014: 1 sites -- 689 written, 112.6 min
  [598/1764] 39_1078 2019: 1 sites -- 690 written, 112.9 min
  [599/1764] 39_1080 2013: 1 sites -- 691 written, 113.1 min
  [600/1764] 39_1080 2016: 1 sites -- 692 written, 113.4 min
  [601/1764] 39_1080 2019: 1 sites -- 693 written, 113.7 min
  [602/1764] 39_1082 2014: 1 sites -- 694 written, 114.0 min
  [603/1764] 39_1091 2015: 1 sites -- 695 written, 114.3 min
  [604/1764] 39_1096 2016: 1 sites -- 696 written, 114.4 min
  [605/1764] 39_1116 2012: 1 sites -- 697 written, 114.5 min
  [606/1764] 39_1125 2015: 1 sites -- 698 written, 114.7 min
  [607/1764] 39_1189 2012: 1 sites -- 699 written, 115.0 min
  [608/1764] 39_1213 2016: 1 sites -- 700 written, 115.4 min
  [609/1764] 39_932 2017: 1 sites -- 701 written, 115.8 min
  [610/1764] 39_935 2016: 1 sites -- 702 written, 116.1 min
  [611/1764] 39_968 2016: 1 sites -- 703 written, 116.6 min
  [612/1764] 39_992 2018: 1 sites -- 704 written, 116.8 min
  [613/1764] 40_1010 2017: 1 sites -- 705 written, 116.9 min
  [614/1764] 40_1011 2017: 1 sites -- 706 written, 117.1 min
  [615/1764] 40_1025 2017: 1 sites -- 707 written, 117.3 min
  [616/1764] 40_1026 2013: 1 sites -- 708 written, 117.4 min
  [617/1764] 40_1047 2013: 1 sites -- 709 written, 117.6 min
  [618/1764] 40_1068 2015: 2 sites -- 711 written, 117.9 min
  [619/1764] 40_1069 2015: 1 sites -- 712 written, 118.2 min
  [620/1764] 40_1080 2013: 1 sites -- 713 written, 118.4 min
  [621/1764] 40_1081 2014: 1 sites -- 714 written, 118.6 min
  [622/1764] 40_1082 2018: 1 sites -- 715 written, 118.9 min
  [623/1764] 40_1087 2012: 2 sites -- 717 written, 119.1 min
  [624/1764] 40_1087 2019: 1 sites -- 718 written, 119.5 min
  [625/1764] 40_1088 2012: 1 sites -- 719 written, 119.8 min
  [626/1764] 40_1089 2015: 1 sites -- 720 written, 120.1 min
  [627/1764] 40_1091 2013: 1 sites -- 721 written, 120.3 min
  [628/1764] 40_1117 2013: 1 sites -- 722 written, 120.4 min
  [629/1764] 40_1125 2014: 1 sites -- 723 written, 120.6 min
  [630/1764] 40_1142 2013: 1 sites -- 724 written, 120.7 min
  [631/1764] 40_1214 2015: 1 sites -- 725 written, 121.1 min
  [632/1764] 40_867 2013: 1 sites -- 726 written, 121.4 min
  [633/1764] 40_942 2015: 1 sites -- 727 written, 121.6 min
  [634/1764] 40_992 2018: 1 sites -- 728 written, 121.9 min
  [635/1764] 41_1010 2017: 1 sites -- 729 written, 122.0 min
  [636/1764] 41_1024 2013: 1 sites -- 730 written, 122.1 min
  [637/1764] 41_1024 2017: 1 sites -- 731 written, 122.3 min
  [638/1764] 41_1047 2013: 1 sites -- 732 written, 122.5 min
  [639/1764] 41_1051 2013: 1 sites -- 733 written, 122.6 min
  [640/1764] 41_1054 2013: 2 sites -- 735 written, 122.9 min
  [641/1764] 41_1056 2013: 1 sites -- 736 written, 123.1 min
  [642/1764] 41_1069 2014: 1 sites -- 737 written, 123.4 min
  [643/1764] 41_1085 2014: 1 sites -- 738 written, 123.6 min
  [644/1764] 41_1086 2012: 1 sites -- 739 written, 123.8 min
  [645/1764] 41_1086 2019: 1 sites -- 740 written, 124.1 min
  [646/1764] 41_1087 2012: 3 sites -- 743 written, 124.4 min
  [647/1764] 41_1088 2019: 1 sites -- 744 written, 124.8 min
  [648/1764] 41_1090 2012: 1 sites -- 745 written, 125.0 min
  [649/1764] 41_1090 2018: 1 sites -- 746 written, 125.4 min
  [650/1764] 41_1101 2014: 1 sites -- 747 written, 125.7 min
  [651/1764] 41_1103 2016: 1 sites -- 748 written, 125.9 min
  [652/1764] 41_1114 2016: 3 sites -- 751 written, 126.1 min
  [653/1764] 41_1115 2016: 1 sites -- 752 written, 126.2 min
  [654/1764] 41_1124 2016: 1 sites -- 753 written, 126.4 min
  [655/1764] 41_1163 2012: 1 sites -- 754 written, 126.5 min
  [656/1764] 41_858 2016: 1 sites -- 755 written, 126.8 min
  [657/1764] 41_866 2013: 1 sites -- 756 written, 127.0 min
  [658/1764] 41_866 2020: 2 sites -- 758 written, 127.4 min
  [659/1764] 41_944 2018: 1 sites -- 759 written, 127.7 min
  [660/1764] 41_963 2018: 1 sites -- 760 written, 128.1 min
  [661/1764] 41_966 2016: 1 sites -- 761 written, 128.5 min
  [662/1764] 41_970 2013: 1 sites -- 762 written, 128.8 min
  [663/1764] 41_970 2018: 1 sites -- 763 written, 129.1 min
  [664/1764] 41_975 2014: 1 sites -- 764 written, 129.3 min
  [665/1764] 41_975 2017: 1 sites -- 765 written, 129.6 min
  [666/1764] 41_988 2015: 1 sites -- 766 written, 129.8 min
  [667/1764] 41_996 2018: 1 sites -- 767 written, 130.1 min
  [668/1764] 42_1005 2013: 1 sites -- 768 written, 130.2 min
  [669/1764] 42_1007 2013: 1 sites -- 769 written, 130.3 min
  [670/1764] 42_1008 2019: 1 sites -- 770 written, 130.4 min
  [671/1764] 42_1014 2018: 2 sites -- 772 written, 130.6 min
  [672/1764] 42_1024 2012: 1 sites -- 773 written, 130.7 min
  [673/1764] 42_1045 2012: 1 sites -- 774 written, 130.8 min
  [674/1764] 42_1065 2016: 1 sites -- 775 written, 131.2 min
  [675/1764] 42_1070 2014: 2 sites -- 777 written, 131.4 min
  [676/1764] 42_1086 2012: 1 sites -- 778 written, 131.6 min
  [677/1764] 42_1101 2015: 1 sites -- 779 written, 131.9 min
  [678/1764] 42_1103 2016: 1 sites -- 780 written, 132.1 min
  [679/1764] 42_1104 2014: 1 sites -- 781 written, 132.4 min
  [680/1764] 42_1112 2016: 1 sites -- 782 written, 132.5 min
  [681/1764] 42_1114 2015: 1 sites -- 783 written, 132.6 min
  [682/1764] 42_1157 2016: 1 sites -- 784 written, 132.9 min
  [683/1764] 42_866 2013: 1 sites -- 785 written, 133.1 min
  [684/1764] 42_870 2013: 1 sites -- 786 written, 133.3 min
  [685/1764] 42_872 2013: 1 sites -- 787 written, 133.5 min
  [686/1764] 42_933 2016: 1 sites -- 788 written, 133.9 min
  [687/1764] 42_944 2017: 1 sites -- 789 written, 134.2 min
  [688/1764] 42_951 2014: 1 sites -- 790 written, 134.4 min
  [689/1764] 42_967 2012: 1 sites -- 791 written, 134.6 min
  [690/1764] 42_972 2015: 1 sites -- 792 written, 134.9 min
  [691/1764] 42_973 2016: 1 sites -- 793 written, 135.2 min
  [692/1764] 42_973 2017: 1 sites -- 794 written, 135.5 min
  [693/1764] 42_975 2013: 1 sites -- 795 written, 135.6 min
  [694/1764] 42_990 2017: 1 sites -- 796 written, 135.9 min
  [695/1764] 42_993 2017: 1 sites -- 797 written, 136.2 min
  [696/1764] 42_994 2015: 1 sites -- 798 written, 136.6 min
  [697/1764] 42_994 2016: 1 sites -- 799 written, 136.9 min
  [698/1764] 42_994 2017: 1 sites -- 800 written, 137.2 min
  [699/1764] 42_995 2017: 1 sites -- 801 written, 137.5 min
  [700/1764] 43_1008 2014: 1 sites -- 802 written, 137.7 min
  [701/1764] 43_1014 2018: 1 sites -- 803 written, 137.8 min
  [702/1764] 43_1016 2015: 1 sites -- 804 written, 138.0 min
  [703/1764] 43_1017 2015: 1 sites -- 805 written, 138.1 min
  [704/1764] 43_1046 2012: 1 sites -- 806 written, 138.2 min
  [705/1764] 43_1047 2012: 1 sites -- 807 written, 138.4 min
  [706/1764] 43_1065 2016: 1 sites -- 808 written, 138.7 min
  [707/1764] 43_1068 2015: 2 sites -- 810 written, 139.0 min
  [708/1764] 43_1069 2015: 1 sites -- 811 written, 139.2 min
  [709/1764] 43_1092 2016: 1 sites -- 812 written, 139.6 min
  [710/1764] 43_1096 2013: 1 sites -- 813 written, 139.9 min
  [711/1764] 43_1100 2016: 1 sites -- 814 written, 140.1 min
  [712/1764] 43_1101 2017: 1 sites -- 815 written, 140.4 min
  [713/1764] 43_1102 2017: 3 sites -- 818 written, 140.7 min
  [714/1764] 43_1105 2013: 2 sites -- 820 written, 140.9 min
  [715/1764] 43_1105 2016: 1 sites -- 821 written, 141.2 min
  [716/1764] 43_1106 2016: 1 sites -- 822 written, 141.4 min
  [717/1764] 43_1111 2016: 1 sites -- 823 written, 141.7 min
  [718/1764] 43_1119 2013: 1 sites -- 824 written, 141.8 min
  [719/1764] 43_1122 2012: 1 sites -- 825 written, 142.0 min
  [720/1764] 43_1125 2016: 1 sites -- 826 written, 142.2 min
  [721/1764] 43_1146 2013: 1 sites -- 827 written, 142.3 min
  [722/1764] 43_1156 2013: 1 sites -- 828 written, 142.4 min
  [723/1764] 43_1159 2016: 1 sites -- 829 written, 142.6 min
  [724/1764] 43_1172 2013: 1 sites -- 830 written, 142.7 min
  [725/1764] 43_1200 2014: 1 sites -- 831 written, 142.9 min
  [726/1764] 43_859 2016: 1 sites -- 832 written, 143.2 min
  [727/1764] 43_860 2016: 1 sites -- 833 written, 143.4 min
  [728/1764] 43_864 2013: 1 sites -- 834 written, 143.6 min
  [729/1764] 43_865 2012: 1 sites -- 835 written, 143.7 min
  [730/1764] 43_872 2013: 1 sites -- 836 written, 143.9 min
  [731/1764] 43_932 2016: 1 sites -- 837 written, 144.3 min
  [732/1764] 43_943 2014: 1 sites -- 838 written, 144.5 min
  [733/1764] 43_951 2013: 1 sites -- 839 written, 144.6 min
  [734/1764] 43_952 2013: 1 sites -- 840 written, 144.8 min
  [735/1764] 43_952 2014: 1 sites -- 841 written, 145.0 min
  [736/1764] 43_953 2013: 1 sites -- 842 written, 145.1 min
  [737/1764] 43_967 2013: 1 sites -- 843 written, 145.3 min
  [738/1764] 43_976 2013: 1 sites -- 844 written, 145.5 min
  [739/1764] 43_976 2015: 1 sites -- 845 written, 145.8 min
  [740/1764] 43_991 2015: 1 sites -- 846 written, 146.0 min
  [741/1764] 43_996 2017: 1 sites -- 847 written, 146.4 min
  [742/1764] 43_998 2017: 1 sites -- 848 written, 146.8 min
  [743/1764] 44_1019 2016: 1 sites -- 849 written, 147.0 min
  [744/1764] 44_1020 2017: 1 sites -- 850 written, 147.1 min
  [745/1764] 44_1021 2015: 1 sites -- 851 written, 147.2 min
  [746/1764] 44_1022 2013: 1 sites -- 852 written, 147.4 min
  [747/1764] 44_1044 2018: 1 sites -- 853 written, 147.6 min
  [748/1764] 44_1094 2016: 1 sites -- 854 written, 148.0 min
  [749/1764] 44_1096 2013: 1 sites -- 855 written, 148.2 min
  [750/1764] 44_1097 2013: 2 sites -- 857 written, 148.4 min
  [751/1764] 44_1097 2018: 1 sites -- 858 written, 148.8 min
  [752/1764] 44_1098 2018: 1 sites -- 859 written, 149.1 min
  [753/1764] 44_1099 2015: 1 sites -- 860 written, 149.4 min
  [754/1764] 44_1100 2015: 1 sites -- 861 written, 149.6 min
  [755/1764] 44_1102 2017: 1 sites -- 862 written, 149.9 min
  [756/1764] 44_1105 2014: 1 sites -- 863 written, 150.1 min
  [757/1764] 44_1105 2016: 1 sites -- 864 written, 150.4 min
  [758/1764] 44_1105 2018: 4 sites -- 868 written, 150.7 min
  [759/1764] 44_1112 2014: 1 sites -- 869 written, 150.9 min
  [760/1764] 44_1112 2017: 1 sites -- 870 written, 151.2 min
  [761/1764] 44_1118 2015: 1 sites -- 871 written, 151.4 min
  [762/1764] 44_1132 2013: 1 sites -- 872 written, 151.5 min
  [763/1764] 44_1156 2016: 1 sites -- 873 written, 151.8 min
  [764/1764] 44_1160 2016: 1 sites -- 874 written, 151.9 min
  [765/1764] 44_1221 2014: 1 sites -- 875 written, 152.4 min
  [766/1764] 44_852 2015: 1 sites -- 876 written, 152.6 min
  [767/1764] 44_864 2013: 1 sites -- 877 written, 152.8 min
  [768/1764] 44_870 2018: 1 sites -- 878 written, 153.2 min
  [769/1764] 44_932 2014: 1 sites -- 879 written, 153.5 min
  [770/1764] 44_949 2015: 1 sites -- 880 written, 153.8 min
  [771/1764] 44_949 2017: 1 sites -- 881 written, 154.1 min
  [772/1764] 44_956 2014: 1 sites -- 882 written, 154.3 min
  [773/1764] 44_960 2013: 1 sites -- 883 written, 154.5 min
  [774/1764] 44_961 2017: 1 sites -- 884 written, 154.9 min
  [775/1764] 44_965 2017: 1 sites -- 885 written, 155.3 min
  [776/1764] 44_967 2012: 1 sites -- 886 written, 155.6 min
  [777/1764] 44_968 2016: 1 sites -- 887 written, 155.9 min
  [778/1764] 44_972 2013: 1 sites -- 888 written, 156.1 min
  [779/1764] 44_977 2014: 1 sites -- 889 written, 156.3 min
  [780/1764] 44_994 2016: 1 sites -- 890 written, 156.7 min
  [781/1764] 44_994 2017: 1 sites -- 891 written, 157.1 min
  [782/1764] 44_998 2016: 1 sites -- 892 written, 157.5 min
  [783/1764] 45_1011 2016: 2 sites -- 894 written, 157.7 min
  [784/1764] 45_1011 2018: 1 sites -- 895 written, 158.0 min
  [785/1764] 45_1012 2012: 1 sites -- 896 written, 158.1 min
  [786/1764] 45_1012 2015: 1 sites -- 897 written, 158.2 min
  [787/1764] 45_1022 2015: 1 sites -- 898 written, 158.4 min
  [788/1764] 45_1023 2017: 1 sites -- 899 written, 158.5 min
  [789/1764] 45_1076 2019: 1 sites -- 900 written, 158.9 min
  [790/1764] 45_1077 2019: 1 sites -- 901 written, 159.2 min
  [791/1764] 45_1084 2019: 1 sites -- 902 written, 159.5 min
  [792/1764] 45_1085 2019: 1 sites -- 903 written, 159.8 min
  [793/1764] 45_1096 2015: 1 sites -- 904 written, 160.2 min
  [794/1764] 45_1096 2016: 1 sites -- 905 written, 160.6 min
  [795/1764] 45_1096 2018: 1 sites -- 906 written, 161.0 min
  [796/1764] 45_1100 2015: 1 sites -- 907 written, 161.2 min
  [797/1764] 45_1100 2017: 2 sites -- 909 written, 161.5 min
  [798/1764] 45_1101 2017: 1 sites -- 910 written, 161.8 min
  [799/1764] 45_1105 2016: 1 sites -- 911 written, 162.1 min
  [800/1764] 45_1107 2014: 1 sites -- 912 written, 162.3 min
  [801/1764] 45_1111 2014: 1 sites -- 913 written, 162.5 min
  [802/1764] 45_1120 2017: 1 sites -- 914 written, 162.9 min
  [803/1764] 45_1134 2014: 1 sites -- 915 written, 163.1 min
  [804/1764] 45_1152 2013: 1 sites -- 916 written, 163.2 min
  [805/1764] 45_1153 2013: 2 sites -- 918 written, 163.4 min
  [806/1764] 45_1155 2013: 1 sites -- 919 written, 163.6 min
  [807/1764] 45_1159 2013: 1 sites -- 920 written, 163.7 min
  [808/1764] 45_1173 2013: 1 sites -- 921 written, 163.8 min
  [809/1764] 45_1210 2013: 1 sites -- 922 written, 164.0 min
  [810/1764] 45_871 2013: 1 sites -- 923 written, 164.2 min
  [811/1764] 45_872 2019: 1 sites -- 924 written, 164.6 min
  [812/1764] 45_930 2016: 1 sites -- 925 written, 164.9 min
  [813/1764] 45_930 2017: 1 sites -- 926 written, 165.1 min
  [814/1764] 45_949 2014: 1 sites -- 927 written, 165.3 min
  [815/1764] 45_961 2014: 2 sites -- 929 written, 165.6 min
  [816/1764] 45_990 2017: 1 sites -- 930 written, 166.0 min
  [817/1764] 46_1010 2017: 2 sites -- 932 written, 166.3 min
  [818/1764] 46_1012 2014: 1 sites -- 933 written, 166.5 min
  [819/1764] 46_1021 2012: 1 sites -- 934 written, 166.6 min
  [820/1764] 46_1022 2012: 1 sites -- 935 written, 166.7 min
  [821/1764] 46_1025 2013: 1 sites -- 936 written, 166.8 min
  [822/1764] 46_1025 2016: 2 sites -- 938 written, 167.1 min
  [823/1764] 46_1029 2015: 1 sites -- 939 written, 167.4 min
  [824/1764] 46_1031 2012: 1 sites -- 940 written, 167.5 min
  [825/1764] 46_1031 2015: 1 sites -- 941 written, 167.6 min
  [826/1764] 46_1096 2018: 2 sites -- 943 written, 168.0 min
  [827/1764] 46_1096 2019: 1 sites -- 944 written, 168.4 min
  [828/1764] 46_1099 2013: 2 sites -- 946 written, 168.6 min
  [829/1764] 46_1099 2014: 1 sites -- 947 written, 168.9 min
  [830/1764] 46_1099 2015: 1 sites -- 948 written, 169.1 min
  [831/1764] 46_1101 2017: 1 sites -- 949 written, 169.4 min
  [832/1764] 46_1101 2018: 1 sites -- 950 written, 169.6 min
  [833/1764] 46_1112 2016: 1 sites -- 951 written, 169.9 min
  [834/1764] 46_1115 2013: 1 sites -- 952 written, 170.2 min
  [835/1764] 46_1116 2016: 1 sites -- 953 written, 170.4 min
  [836/1764] 46_1117 2016: 2 sites -- 955 written, 170.8 min
  [837/1764] 46_1118 2013: 1 sites -- 956 written, 171.0 min
  [838/1764] 46_1119 2012: 1 sites -- 957 written, 171.1 min
  [839/1764] 46_1119 2013: 1 sites -- 958 written, 171.4 min
  [840/1764] 46_1121 2015: 1 sites -- 959 written, 171.8 min
  [841/1764] 46_1121 2018: 1 sites -- 960 written, 172.2 min
  [842/1764] 46_1123 2012: 2 sites -- 962 written, 172.4 min
  [843/1764] 46_1126 2014: 1 sites -- 963 written, 172.7 min
  [844/1764] 46_1131 2013: 1 sites -- 964 written, 172.8 min
  [845/1764] 46_1131 2017: 1 sites -- 965 written, 173.0 min
  [846/1764] 46_1132 2013: 1 sites -- 966 written, 173.1 min
  [847/1764] 46_1133 2013: 1 sites -- 967 written, 173.2 min
  [848/1764] 46_1134 2013: 1 sites -- 968 written, 173.3 min
  [849/1764] 46_1142 2013: 1 sites -- 969 written, 173.3 min
  [850/1764] 46_1144 2013: 1 sites -- 970 written, 173.4 min
  [851/1764] 46_857 2015: 1 sites -- 971 written, 173.7 min
  [852/1764] 46_858 2015: 1 sites -- 972 written, 173.9 min
  [853/1764] 46_870 2012: 1 sites -- 973 written, 174.1 min
  [854/1764] 46_926 2017: 1 sites -- 974 written, 174.3 min
  [855/1764] 46_927 2015: 1 sites -- 975 written, 174.5 min
  [856/1764] 46_928 2017: 1 sites -- 976 written, 174.6 min
  [857/1764] 46_929 2017: 1 sites -- 977 written, 174.8 min
  [858/1764] 46_948 2019: 1 sites -- 978 written, 175.1 min
  [859/1764] 46_950 2014: 1 sites -- 979 written, 175.3 min
  [860/1764] 46_950 2016: 2 sites -- 981 written, 175.6 min
  [861/1764] 46_952 2016: 1 sites -- 982 written, 175.8 min
  [862/1764] 46_967 2018: 1 sites -- 983 written, 176.3 min
  [863/1764] 46_972 2017: 1 sites -- 984 written, 176.6 min
  [864/1764] 46_974 2017: 1 sites -- 985 written, 176.9 min
  [865/1764] 46_977 2014: 1 sites -- 986 written, 177.1 min
  [866/1764] 46_984 2013: 1 sites -- 987 written, 177.3 min
  [867/1764] 46_984 2016: 1 sites -- 988 written, 177.6 min
  [868/1764] 46_985 2012: 1 sites -- 989 written, 177.8 min
  [869/1764] 47_1025 2017: 1 sites -- 990 written, 178.1 min
  [870/1764] 47_1099 2018: 1 sites -- 991 written, 178.5 min
  [871/1764] 47_1103 2014: 1 sites -- 992 written, 178.7 min
  [872/1764] 47_1103 2018: 2 sites -- 994 written, 179.0 min
  [873/1764] 47_1106 2014: 1 sites -- 995 written, 179.2 min
  [874/1764] 47_1108 2015: 1 sites -- 996 written, 179.5 min
  [875/1764] 47_1110 2016: 1 sites -- 997 written, 179.8 min
  [876/1764] 47_1112 2018: 1 sites -- 998 written, 180.1 min
  [877/1764] 47_1115 2017: 3 sites -- 1,001 written, 180.4 min
  [878/1764] 47_1116 2013: 1 sites -- 1,002 written, 180.6 min
  [879/1764] 47_1118 2014: 1 sites -- 1,003 written, 180.9 min
  [880/1764] 47_1119 2015: 1 sites -- 1,004 written, 181.2 min
  [881/1764] 47_1121 2013: 2 sites -- 1,006 written, 181.5 min
  [882/1764] 47_1122 2017: 1 sites -- 1,007 written, 181.9 min
  [883/1764] 47_1124 2013: 1 sites -- 1,008 written, 182.2 min
  [884/1764] 47_1127 2013: 2 sites -- 1,010 written, 182.5 min
  [885/1764] 47_1127 2017: 1 sites -- 1,011 written, 183.0 min
  [886/1764] 47_1133 2013: 2 sites -- 1,013 written, 183.1 min
  [887/1764] 47_1139 2016: 1 sites -- 1,014 written, 183.3 min
  [888/1764] 47_1140 2016: 1 sites -- 1,015 written, 183.4 min
  [889/1764] 47_1142 2013: 1 sites -- 1,016 written, 183.5 min
  [890/1764] 47_1144 2013: 2 sites -- 1,018 written, 183.6 min
  [891/1764] 47_1146 2013: 1 sites -- 1,019 written, 183.7 min
  [892/1764] 47_1157 2013: 1 sites -- 1,020 written, 183.8 min
  [893/1764] 47_1166 2013: 1 sites -- 1,021 written, 183.9 min
  [894/1764] 47_859 2015: 1 sites -- 1,022 written, 184.2 min
  [895/1764] 47_859 2018: 1 sites -- 1,023 written, 184.4 min
  [896/1764] 47_924 2016: 1 sites -- 1,024 written, 184.6 min
  [897/1764] 47_947 2018: 1 sites -- 1,025 written, 184.9 min
  [898/1764] 47_950 2018: 1 sites -- 1,026 written, 185.1 min
  [899/1764] 47_952 2016: 1 sites -- 1,027 written, 185.4 min
  [900/1764] 47_953 2014: 1 sites -- 1,028 written, 185.6 min
  [901/1764] 47_954 2014: 1 sites -- 1,029 written, 185.8 min
  [902/1764] 47_960 2014: 1 sites -- 1,030 written, 186.1 min
  [903/1764] 47_961 2013: 1 sites -- 1,031 written, 186.3 min
  [904/1764] 47_963 2012: 1 sites -- 1,032 written, 186.5 min
  [905/1764] 47_963 2015: 1 sites -- 1,033 written, 186.8 min
  [906/1764] 47_970 2017: 2 sites -- 1,035 written, 187.1 min
  [907/1764] 47_971 2017: 1 sites -- 1,036 written, 187.4 min
  [908/1764] 47_982 2013: 1 sites -- 1,037 written, 187.5 min
  [909/1764] 47_987 2017: 1 sites -- 1,038 written, 187.8 min
  [910/1764] 47_988 2016: 1 sites -- 1,039 written, 188.1 min
  [911/1764] 47_999 2013: 1 sites -- 1,040 written, 188.4 min
  [912/1764] 48_1027 2014: 1 sites -- 1,041 written, 188.6 min
  [913/1764] 48_1099 2014: 1 sites -- 1,042 written, 188.9 min
  [914/1764] 48_1104 2014: 1 sites -- 1,043 written, 189.1 min
  [915/1764] 48_1105 2014: 2 sites -- 1,045 written, 189.3 min
  [916/1764] 48_1105 2016: 1 sites -- 1,046 written, 189.6 min
  [917/1764] 48_1106 2013: 1 sites -- 1,047 written, 189.8 min
  [918/1764] 48_1106 2014: 1 sites -- 1,048 written, 190.0 min
  [919/1764] 48_1108 2012: 1 sites -- 1,049 written, 190.2 min
  [920/1764] 48_1108 2014: 1 sites -- 1,050 written, 190.4 min
  [921/1764] 48_1109 2016: 1 sites -- 1,051 written, 190.7 min
  [922/1764] 48_1109 2018: 1 sites -- 1,052 written, 191.0 min
  [923/1764] 48_1110 2013: 1 sites -- 1,053 written, 191.2 min
  [924/1764] 48_1110 2014: 1 sites -- 1,054 written, 191.4 min
  [925/1764] 48_1110 2016: 1 sites -- 1,055 written, 191.7 min
  [926/1764] 48_1117 2013: 1 sites -- 1,056 written, 191.9 min
  [927/1764] 48_1118 2012: 1 sites -- 1,057 written, 192.1 min
  [928/1764] 48_1124 2014: 1 sites -- 1,058 written, 192.4 min
  [929/1764] 48_1124 2019: 1 sites -- 1,059 written, 192.9 min
  [930/1764] 48_1125 2014: 2 sites -- 1,061 written, 193.2 min
  [931/1764] 48_1126 2013: 1 sites -- 1,062 written, 193.5 min
  [932/1764] 48_1126 2014: 1 sites -- 1,063 written, 193.9 min
  [933/1764] 48_1127 2013: 1 sites -- 1,064 written, 194.1 min
  [934/1764] 48_1127 2017: 3 sites -- 1,067 written, 194.6 min
  [935/1764] 48_1128 2017: 1 sites -- 1,068 written, 195.0 min
  [936/1764] 48_1132 2016: 1 sites -- 1,069 written, 195.3 min
  [937/1764] 48_1136 2015: 1 sites -- 1,070 written, 195.5 min
  [938/1764] 48_1139 2014: 2 sites -- 1,072 written, 195.6 min
  [939/1764] 48_1140 2014: 1 sites -- 1,073 written, 195.7 min
  [940/1764] 48_1141 2016: 1 sites -- 1,074 written, 195.9 min
  [941/1764] 48_1142 2013: 1 sites -- 1,075 written, 196.0 min
  [942/1764] 48_1144 2017: 1 sites -- 1,076 written, 196.1 min
  [943/1764] 48_1150 2013: 1 sites -- 1,077 written, 196.2 min
  [944/1764] 48_1151 2013: 1 sites -- 1,078 written, 196.3 min
  [945/1764] 48_1155 2013: 1 sites -- 1,079 written, 196.5 min
  [946/1764] 48_1161 2013: 1 sites -- 1,080 written, 196.6 min
  [947/1764] 48_1178 2013: 1 sites -- 1,081 written, 196.7 min
  [948/1764] 48_851 2014: 1 sites -- 1,082 written, 196.9 min
  [949/1764] 48_925 2014: 1 sites -- 1,083 written, 197.1 min
  [950/1764] 48_925 2015: 1 sites -- 1,084 written, 197.2 min
  [951/1764] 48_925 2016: 1 sites -- 1,085 written, 197.4 min
  [952/1764] 48_954 2015: 2 sites -- 1,087 written, 197.7 min
  [953/1764] 48_957 2015: 1 sites -- 1,088 written, 197.9 min
  [954/1764] 48_970 2017: 1 sites -- 1,089 written, 198.2 min
  [955/1764] 48_975 2015: 1 sites -- 1,090 written, 198.5 min
  [956/1764] 48_982 2013: 1 sites -- 1,091 written, 198.7 min
  [957/1764] 48_987 2016: 1 sites -- 1,092 written, 198.9 min
  [958/1764] 49_1001 2013: 1 sites -- 1,093 written, 199.2 min
  [959/1764] 49_1005 2015: 1 sites -- 1,094 written, 199.4 min
  [960/1764] 49_1006 2015: 1 sites -- 1,095 written, 199.7 min
  [961/1764] 49_1008 2016: 1 sites -- 1,096 written, 200.0 min
  [962/1764] 49_1022 2016: 1 sites -- 1,097 written, 200.3 min
  [963/1764] 49_1025 2014: 1 sites -- 1,098 written, 200.6 min
  [964/1764] 49_1098 2014: 1 sites -- 1,099 written, 205.3 min
  [965/1764] 49_1098 2016: 1 sites -- 1,100 written, 205.6 min
  [966/1764] 49_1099 2015: 1 sites -- 1,101 written, 205.8 min
  [967/1764] 49_1105 2016: 1 sites -- 1,102 written, 206.0 min
  [968/1764] 49_1106 2017: 1 sites -- 1,103 written, 206.2 min
  [969/1764] 49_1109 2012: 1 sites -- 1,104 written, 206.4 min
  [970/1764] 49_1110 2014: 1 sites -- 1,105 written, 206.6 min
  [971/1764] 49_1116 2014: 1 sites -- 1,106 written, 206.8 min
  [972/1764] 49_1116 2018: 1 sites -- 1,107 written, 207.0 min
  [973/1764] 49_1119 2016: 1 sites -- 1,108 written, 207.4 min
  [974/1764] 49_1120 2015: 1 sites -- 1,109 written, 207.7 min
  [975/1764] 49_1122 2014: 1 sites -- 1,110 written, 207.9 min
  [976/1764] 49_1124 2013: 1 sites -- 1,111 written, 208.1 min
  [977/1764] 49_1124 2014: 1 sites -- 1,112 written, 208.4 min
  [978/1764] 49_1125 2014: 1 sites -- 1,113 written, 208.7 min
  [979/1764] 49_1127 2017: 4 sites -- 1,117 written, 209.1 min
  [980/1764] 49_1132 2014: 1 sites -- 1,118 written, 209.3 min
  [981/1764] 49_1132 2015: 1 sites -- 1,119 written, 209.5 min
  [982/1764] 49_1133 2015: 1 sites -- 1,120 written, 209.7 min
  [983/1764] 49_1141 2016: 1 sites -- 1,121 written, 209.9 min
  [984/1764] 49_1146 2015: 1 sites -- 1,122 written, 210.0 min
  [985/1764] 49_1152 2015: 1 sites -- 1,123 written, 210.3 min
  [986/1764] 49_1152 2016: 1 sites -- 1,124 written, 210.5 min
  [987/1764] 49_1153 2015: 1 sites -- 1,125 written, 210.7 min
  [988/1764] 49_1157 2013: 1 sites -- 1,126 written, 210.8 min
  [989/1764] 49_1158 2013: 1 sites -- 1,127 written, 210.9 min
  [990/1764] 49_1158 2016: 1 sites -- 1,128 written, 211.0 min
  [991/1764] 49_1159 2014: 1 sites -- 1,129 written, 211.1 min
  [992/1764] 49_1161 2013: 1 sites -- 1,130 written, 211.2 min
  [993/1764] 49_1178 2017: 1 sites -- 1,131 written, 211.3 min
  [994/1764] 49_1222 2014: 1 sites -- 1,132 written, 211.6 min
  [995/1764] 49_1321 2014: 1 sites -- 1,133 written, 211.7 min
  [996/1764] 49_861 2019: 1 sites -- 1,134 written, 212.0 min
  [997/1764] 49_956 2015: 1 sites -- 1,135 written, 212.2 min
  [998/1764] 49_987 2016: 1 sites -- 1,136 written, 212.5 min
  [999/1764] 49_987 2018: 1 sites -- 1,137 written, 212.7 min
  [1000/1764] 49_988 2012: 1 sites -- 1,138 written, 212.9 min
  [1001/1764] 49_992 2013: 1 sites -- 1,139 written, 213.1 min
  [1002/1764] 50_1008 2015: 1 sites -- 1,140 written, 213.4 min
  [1003/1764] 50_1021 2016: 1 sites -- 1,141 written, 213.7 min
  [1004/1764] 50_1038 2013: 1 sites -- 1,142 written, 213.8 min
  [1005/1764] 50_1075 2015: 1 sites -- 1,143 written, 213.9 min
  [1006/1764] 50_1076 2015: 1 sites -- 1,144 written, 214.1 min
  [1007/1764] 50_1098 2015: 1 sites -- 1,145 written, 214.3 min
  [1008/1764] 50_1098 2016: 1 sites -- 1,146 written, 214.6 min
  [1009/1764] 50_1098 2018: 1 sites -- 1,147 written, 214.9 min
  [1010/1764] 50_1105 2014: 1 sites -- 1,148 written, 215.0 min
  [1011/1764] 50_1107 2015: 1 sites -- 1,149 written, 215.3 min
  [1012/1764] 50_1108 2016: 1 sites -- 1,150 written, 215.5 min
  [1013/1764] 50_1115 2014: 1 sites -- 1,151 written, 215.6 min
  [1014/1764] 50_1116 2014: 2 sites -- 1,153 written, 215.8 min
  [1015/1764] 50_1116 2018: 2 sites -- 1,155 written, 216.1 min
  [1016/1764] 50_1117 2014: 1 sites -- 1,156 written, 216.4 min
  [1017/1764] 50_1117 2016: 1 sites -- 1,157 written, 216.7 min
  [1018/1764] 50_1117 2017: 1 sites -- 1,158 written, 217.0 min
  [1019/1764] 50_1118 2014: 2 sites -- 1,160 written, 217.2 min
  [1020/1764] 50_1122 2014: 1 sites -- 1,161 written, 217.5 min
  [1021/1764] 50_1123 2012: 1 sites -- 1,162 written, 217.6 min
  [1022/1764] 50_1124 2017: 2 sites -- 1,164 written, 218.1 min
  [1023/1764] 50_1125 2014: 2 sites -- 1,166 written, 218.4 min
  [1024/1764] 50_1125 2017: 1 sites -- 1,167 written, 218.8 min
  [1025/1764] 50_1127 2014: 1 sites -- 1,168 written, 219.0 min
  [1026/1764] 50_1130 2013: 2 sites -- 1,170 written, 219.2 min
  [1027/1764] 50_1132 2015: 1 sites -- 1,171 written, 219.4 min
  [1028/1764] 50_1133 2014: 1 sites -- 1,172 written, 219.6 min
  [1029/1764] 50_1133 2017: 1 sites -- 1,173 written, 219.9 min
  [1030/1764] 50_1135 2017: 1 sites -- 1,174 written, 220.1 min
  [1031/1764] 50_1136 2015: 1 sites -- 1,175 written, 220.4 min
  [1032/1764] 50_1139 2013: 1 sites -- 1,176 written, 220.5 min
  [1033/1764] 50_1143 2014: 1 sites -- 1,177 written, 220.7 min
  [1034/1764] 50_1146 2013: 1 sites -- 1,178 written, 220.8 min
  [1035/1764] 50_1146 2015: 1 sites -- 1,179 written, 221.0 min
  [1036/1764] 50_1151 2014: 2 sites -- 1,181 written, 221.2 min
  [1037/1764] 50_1152 2015: 1 sites -- 1,182 written, 221.4 min
  [1038/1764] 50_1157 2014: 2 sites -- 1,184 written, 221.5 min
  [1039/1764] 50_1159 2014: 1 sites -- 1,185 written, 221.6 min
  [1040/1764] 50_1161 2017: 1 sites -- 1,186 written, 221.8 min
  [1041/1764] 50_1162 2017: 2 sites -- 1,188 written, 221.9 min
  [1042/1764] 50_1168 2013: 1 sites -- 1,189 written, 222.0 min
  [1043/1764] 50_1198 2013: 1 sites -- 1,190 written, 222.1 min
  [1044/1764] 50_1198 2014: 1 sites -- 1,191 written, 222.3 min
  [1045/1764] 50_1317 2015: 1 sites -- 1,192 written, 222.4 min
  [1046/1764] 50_848 2014: 1 sites -- 1,193 written, 222.6 min
  [1047/1764] 50_851 2012: 1 sites -- 1,194 written, 222.7 min
  [1048/1764] 50_852 2013: 1 sites -- 1,195 written, 222.8 min
  [1049/1764] 50_856 2012: 1 sites -- 1,196 written, 222.8 min
  [1050/1764] 50_857 2013: 1 sites -- 1,197 written, 222.9 min
  [1051/1764] 50_859 2015: 1 sites -- 1,198 written, 223.2 min
  [1052/1764] 50_930 2014: 1 sites -- 1,199 written, 223.4 min
  [1053/1764] 50_974 2014: 1 sites -- 1,200 written, 223.6 min
  [1054/1764] 50_977 2014: 1 sites -- 1,201 written, 223.8 min
  [1055/1764] 50_979 2018: 1 sites -- 1,202 written, 224.0 min
  [1056/1764] 51_1008 2015: 1 sites -- 1,203 written, 224.3 min
  [1057/1764] 51_1009 2013: 1 sites -- 1,204 written, 224.5 min
  [1058/1764] 51_1068 2015: 1 sites -- 1,205 written, 224.6 min
  [1059/1764] 51_1069 2015: 1 sites -- 1,206 written, 224.8 min
  [1060/1764] 51_1069 2019: 1 sites -- 1,207 written, 224.9 min
  [1061/1764] 51_1071 2014: 1 sites -- 1,208 written, 225.0 min
  [1062/1764] 51_1072 2015: 1 sites -- 1,209 written, 225.2 min
  [1063/1764] 51_1072 2016: 1 sites -- 1,210 written, 225.3 min
  [1064/1764] 51_1073 2016: 1 sites -- 1,211 written, 225.5 min
  [1065/1764] 51_1110 2015: 1 sites -- 1,212 written, 225.7 min
  [1066/1764] 51_1116 2013: 1 sites -- 1,213 written, 225.9 min
  [1067/1764] 51_1117 2016: 1 sites -- 1,214 written, 226.2 min
  [1068/1764] 51_1119 2012: 3 sites -- 1,217 written, 226.5 min
  [1069/1764] 51_1121 2016: 1 sites -- 1,218 written, 226.8 min
  [1070/1764] 51_1122 2013: 1 sites -- 1,219 written, 227.1 min
  [1071/1764] 51_1124 2014: 1 sites -- 1,220 written, 227.4 min
  [1072/1764] 51_1125 2014: 3 sites -- 1,223 written, 227.7 min
  [1073/1764] 51_1125 2017: 2 sites -- 1,225 written, 228.1 min
  [1074/1764] 51_1126 2014: 1 sites -- 1,226 written, 228.4 min
  [1075/1764] 51_1128 2017: 1 sites -- 1,227 written, 228.8 min
  [1076/1764] 51_1133 2015: 2 sites -- 1,229 written, 229.0 min
  [1077/1764] 51_1136 2016: 1 sites -- 1,230 written, 229.3 min
  [1078/1764] 51_1138 2014: 1 sites -- 1,231 written, 229.5 min
  [1079/1764] 51_1140 2014: 1 sites -- 1,232 written, 229.7 min
  [1080/1764] 51_1140 2015: 1 sites -- 1,233 written, 229.9 min
  [1081/1764] 51_1140 2017: 1 sites -- 1,234 written, 230.2 min
  [1082/1764] 51_1141 2013: 1 sites -- 1,235 written, 230.4 min
  [1083/1764] 51_1151 2016: 1 sites -- 1,236 written, 230.6 min
  [1084/1764] 51_1153 2014: 1 sites -- 1,237 written, 230.9 min
  [1085/1764] 51_1155 2013: 1 sites -- 1,238 written, 231.0 min
  [1086/1764] 51_1158 2016: 1 sites -- 1,239 written, 231.1 min
  [1087/1764] 51_1168 2013: 1 sites -- 1,240 written, 231.2 min
  [1088/1764] 51_1170 2012: 1 sites -- 1,241 written, 231.3 min
  [1089/1764] 51_1174 2013: 1 sites -- 1,242 written, 231.4 min
  [1090/1764] 51_1176 2013: 1 sites -- 1,243 written, 231.5 min
  [1091/1764] 51_1178 2013: 1 sites -- 1,244 written, 231.5 min
  [1092/1764] 51_1188 2013: 1 sites -- 1,245 written, 231.7 min
  [1093/1764] 51_1219 2016: 1 sites -- 1,246 written, 232.0 min
  [1094/1764] 51_1221 2016: 1 sites -- 1,247 written, 232.3 min
  [1095/1764] 51_841 2015: 1 sites -- 1,248 written, 232.6 min
  [1096/1764] 51_858 2019: 1 sites -- 1,249 written, 232.9 min
  [1097/1764] 51_986 2012: 1 sites -- 1,250 written, 233.0 min
  [1098/1764] 51_998 2017: 1 sites -- 1,251 written, 233.5 min
  [1099/1764] 52_1002 2015: 1 sites -- 1,252 written, 233.7 min
  [1100/1764] 52_1020 2016: 1 sites -- 1,253 written, 234.0 min
  [1101/1764] 52_1033 2012: 1 sites -- 1,254 written, 234.3 min
  [1102/1764] 52_1033 2013: 1 sites -- 1,255 written, 234.4 min
  [1103/1764] 52_1040 2013: 1 sites -- 1,256 written, 234.5 min
  [1104/1764] 52_1069 2015: 1 sites -- 1,257 written, 234.7 min
  [1105/1764] 52_1070 2014: 2 sites -- 1,259 written, 234.8 min
  [1106/1764] 52_1070 2015: 2 sites -- 1,261 written, 234.9 min
  [1107/1764] 52_1112 2015: 2 sites -- 1,263 written, 235.2 min
  [1108/1764] 52_1118 2013: 1 sites -- 1,264 written, 235.4 min
  [1109/1764] 52_1120 2015: 2 sites -- 1,266 written, 235.7 min
  [1110/1764] 52_1122 2014: 1 sites -- 1,267 written, 236.0 min
  [1111/1764] 52_1124 2014: 1 sites -- 1,268 written, 236.2 min
  [1112/1764] 52_1125 2014: 1 sites -- 1,269 written, 236.5 min
  [1113/1764] 52_1126 2013: 1 sites -- 1,270 written, 236.7 min
  [1114/1764] 52_1129 2013: 1 sites -- 1,271 written, 236.9 min
  [1115/1764] 52_1131 2016: 2 sites -- 1,273 written, 237.2 min
  [1116/1764] 52_1132 2017: 1 sites -- 1,274 written, 237.4 min
  [1117/1764] 52_1135 2014: 1 sites -- 1,275 written, 237.6 min
  [1118/1764] 52_1138 2014: 2 sites -- 1,277 written, 237.8 min
  [1119/1764] 52_1144 2017: 2 sites -- 1,279 written, 238.1 min
  [1120/1764] 52_1145 2013: 1 sites -- 1,280 written, 238.3 min
  [1121/1764] 52_1146 2013: 1 sites -- 1,281 written, 238.4 min
  [1122/1764] 52_1149 2015: 1 sites -- 1,282 written, 238.7 min
  [1123/1764] 52_1152 2015: 1 sites -- 1,283 written, 239.0 min
  [1124/1764] 52_1155 2013: 2 sites -- 1,285 written, 239.2 min
  [1125/1764] 52_1156 2013: 1 sites -- 1,286 written, 239.3 min
  [1126/1764] 52_1157 2013: 1 sites -- 1,287 written, 239.5 min
  [1127/1764] 52_1160 2016: 1 sites -- 1,288 written, 239.6 min
  [1128/1764] 52_1161 2016: 1 sites -- 1,289 written, 239.7 min
  [1129/1764] 52_1162 2012: 1 sites -- 1,290 written, 239.8 min
  [1130/1764] 52_1164 2013: 1 sites -- 1,291 written, 239.9 min
  [1131/1764] 52_1166 2013: 2 sites -- 1,293 written, 240.0 min
  [1132/1764] 52_1169 2013: 1 sites -- 1,294 written, 240.1 min
  [1133/1764] 52_1170 2017: 1 sites -- 1,295 written, 240.2 min
  [1134/1764] 52_1174 2013: 1 sites -- 1,296 written, 240.3 min
  [1135/1764] 52_1174 2014: 1 sites -- 1,297 written, 240.4 min
  [1136/1764] 52_1180 2013: 2 sites -- 1,299 written, 240.5 min
  [1137/1764] 52_1182 2013: 1 sites -- 1,300 written, 240.6 min
  [1138/1764] 52_1182 2017: 1 sites -- 1,301 written, 240.7 min
  [1139/1764] 52_1219 2016: 1 sites -- 1,302 written, 241.1 min
  [1140/1764] 52_1220 2015: 1 sites -- 1,303 written, 241.3 min
  [1141/1764] 52_1236 2014: 1 sites -- 1,304 written, 241.5 min
  [1142/1764] 52_1246 2014: 1 sites -- 1,305 written, 241.8 min
  [1143/1764] 52_1263 2014: 1 sites -- 1,306 written, 242.0 min
  [1144/1764] 52_842 2014: 1 sites -- 1,307 written, 242.3 min
  [1145/1764] 52_859 2018: 1 sites -- 1,308 written, 242.5 min
  [1146/1764] 52_975 2015: 2 sites -- 1,310 written, 242.8 min
  [1147/1764] 52_978 2014: 1 sites -- 1,311 written, 243.0 min
  [1148/1764] 52_978 2015: 1 sites -- 1,312 written, 243.2 min
  [1149/1764] 52_985 2012: 1 sites -- 1,313 written, 243.3 min
  [1150/1764] 52_991 2017: 1 sites -- 1,314 written, 243.7 min
  [1151/1764] 52_994 2015: 1 sites -- 1,315 written, 244.1 min
  [1152/1764] 52_999 2015: 1 sites -- 1,316 written, 244.5 min
  [1153/1764] 53_1003 2019: 1 sites -- 1,317 written, 244.8 min
  [1154/1764] 53_1008 2013: 1 sites -- 1,318 written, 245.0 min
  [1155/1764] 53_1008 2014: 1 sites -- 1,319 written, 245.2 min
  [1156/1764] 53_1010 2014: 1 sites -- 1,320 written, 245.4 min
  [1157/1764] 53_1011 2013: 3 sites -- 1,323 written, 245.6 min
  [1158/1764] 53_1024 2015: 1 sites -- 1,324 written, 245.9 min
  [1159/1764] 53_1067 2019: 1 sites -- 1,325 written, 246.1 min
  [1160/1764] 53_1112 2015: 1 sites -- 1,326 written, 246.4 min
  [1161/1764] 53_1119 2015: 1 sites -- 1,327 written, 246.7 min
  [1162/1764] 53_1130 2014: 1 sites -- 1,328 written, 246.9 min
  [1163/1764] 53_1131 2014: 1 sites -- 1,329 written, 247.1 min
  [1164/1764] 53_1131 2015: 1 sites -- 1,330 written, 247.3 min
  [1165/1764] 53_1133 2015: 1 sites -- 1,331 written, 247.6 min
  [1166/1764] 53_1135 2014: 1 sites -- 1,332 written, 247.8 min
  [1167/1764] 53_1144 2012: 1 sites -- 1,333 written, 248.0 min
  [1168/1764] 53_1146 2015: 1 sites -- 1,334 written, 248.2 min
  [1169/1764] 53_1147 2013: 1 sites -- 1,335 written, 248.3 min
  [1170/1764] 53_1148 2015: 1 sites -- 1,336 written, 248.6 min
  [1171/1764] 53_1149 2017: 1 sites -- 1,337 written, 248.9 min
  [1172/1764] 53_1154 2016: 1 sites -- 1,338 written, 249.3 min
  [1173/1764] 53_1156 2014: 1 sites -- 1,339 written, 249.6 min
  [1174/1764] 53_1162 2013: 1 sites -- 1,340 written, 249.7 min
  [1175/1764] 53_1167 2013: 1 sites -- 1,341 written, 249.8 min
  [1176/1764] 53_1167 2016: 1 sites -- 1,342 written, 250.0 min
  [1177/1764] 53_1170 2017: 1 sites -- 1,343 written, 250.1 min
  [1178/1764] 53_1172 2013: 1 sites -- 1,344 written, 250.2 min
  [1179/1764] 53_1172 2017: 1 sites -- 1,345 written, 250.3 min
  [1180/1764] 53_1174 2013: 1 sites -- 1,346 written, 250.4 min
  [1181/1764] 53_1176 2013: 1 sites -- 1,347 written, 250.5 min
  [1182/1764] 53_1179 2013: 1 sites -- 1,348 written, 250.6 min
  [1183/1764] 53_1179 2017: 1 sites -- 1,349 written, 250.7 min
  [1184/1764] 53_1182 2013: 1 sites -- 1,350 written, 250.8 min
  [1185/1764] 53_1182 2015: 1 sites -- 1,351 written, 250.9 min
  [1186/1764] 53_1186 2013: 1 sites -- 1,352 written, 251.1 min
  [1187/1764] 53_1208 2012: 1 sites -- 1,353 written, 251.2 min
  [1188/1764] 53_840 2019: 1 sites -- 1,354 written, 251.5 min
  [1189/1764] 53_842 2014: 1 sites -- 1,355 written, 251.8 min
  [1190/1764] 53_849 2012: 1 sites -- 1,356 written, 251.9 min
  [1191/1764] 53_850 2013: 1 sites -- 1,357 written, 252.0 min
  [1192/1764] 53_855 2012: 1 sites -- 1,358 written, 252.1 min
  [1193/1764] 53_855 2019: 1 sites -- 1,359 written, 252.2 min
  [1194/1764] 53_972 2018: 1 sites -- 1,360 written, 252.4 min
  [1195/1764] 53_979 2015: 1 sites -- 1,361 written, 252.7 min
  [1196/1764] 53_979 2017: 2 sites -- 1,363 written, 252.9 min
  [1197/1764] 53_981 2013: 1 sites -- 1,364 written, 253.1 min
  [1198/1764] 53_983 2014: 1 sites -- 1,365 written, 253.2 min
  [1199/1764] 53_988 2015: 1 sites -- 1,366 written, 253.5 min
  [1200/1764] 53_989 2018: 1 sites -- 1,367 written, 253.8 min
  [1201/1764] 53_991 2015: 1 sites -- 1,368 written, 254.2 min
  [1202/1764] 53_993 2015: 1 sites -- 1,369 written, 254.4 min
  [1203/1764] 53_997 2019: 1 sites -- 1,370 written, 254.8 min
  [1204/1764] 54_1009 2013: 1 sites -- 1,371 written, 255.0 min
  [1205/1764] 54_1011 2013: 1 sites -- 1,372 written, 255.2 min
  [1206/1764] 54_1021 2015: 1 sites -- 1,373 written, 255.4 min
  [1207/1764] 54_1022 2015: 1 sites -- 1,374 written, 257.2 min
  [1208/1764] 54_1023 2015: 1 sites -- 1,375 written, 257.5 min
  [1209/1764] 54_1032 2016: 1 sites -- 1,376 written, 257.9 min
  [1210/1764] 54_1033 2016: 1 sites -- 1,377 written, 258.3 min
  [1211/1764] 54_1033 2019: 1 sites -- 1,378 written, 258.7 min
  [1212/1764] 54_1114 2015: 2 sites -- 1,380 written, 258.9 min
  [1213/1764] 54_1115 2015: 1 sites -- 1,381 written, 259.1 min
  [1214/1764] 54_1119 2014: 1 sites -- 1,382 written, 259.5 min
  [1215/1764] 54_1127 2016: 1 sites -- 1,383 written, 259.8 min
  [1216/1764] 54_1129 2013: 1 sites -- 1,384 written, 260.0 min
  [1217/1764] 54_1129 2017: 1 sites -- 1,385 written, 260.3 min
  [1218/1764] 54_1135 2014: 1 sites -- 1,386 written, 260.5 min
  [1219/1764] 54_1137 2015: 1 sites -- 1,387 written, 260.8 min
  [1220/1764] 54_1138 2014: 2 sites -- 1,389 written, 261.0 min
  [1221/1764] 54_1140 2013: 1 sites -- 1,390 written, 261.1 min
  [1222/1764] 54_1141 2012: 1 sites -- 1,391 written, 261.3 min
  [1223/1764] 54_1141 2014: 1 sites -- 1,392 written, 261.5 min
  [1224/1764] 54_1142 2012: 1 sites -- 1,393 written, 261.6 min
  [1225/1764] 54_1142 2014: 1 sites -- 1,394 written, 261.8 min
  [1226/1764] 54_1146 2015: 2 sites -- 1,396 written, 262.0 min
  [1227/1764] 54_1147 2013: 1 sites -- 1,397 written, 262.2 min
  [1228/1764] 54_1148 2013: 1 sites -- 1,398 written, 262.3 min
  [1229/1764] 54_1153 2016: 1 sites -- 1,399 written, 262.7 min
  [1230/1764] 54_1154 2016: 1 sites -- 1,400 written, 263.1 min
  [1231/1764] 54_1159 2016: 1 sites -- 1,401 written, 263.5 min
  [1232/1764] 54_1161 2012: 1 sites -- 1,402 written, 263.7 min
  [1233/1764] 54_1162 2016: 1 sites -- 1,403 written, 263.9 min
  [1234/1764] 54_1174 2013: 1 sites -- 1,404 written, 264.0 min
  [1235/1764] 54_1179 2015: 1 sites -- 1,405 written, 264.1 min
  [1236/1764] 54_1182 2015: 1 sites -- 1,406 written, 264.3 min
  [1237/1764] 54_1184 2013: 1 sites -- 1,407 written, 264.5 min
  [1238/1764] 54_1184 2014: 1 sites -- 1,408 written, 264.7 min
  [1239/1764] 54_1184 2015: 1 sites -- 1,409 written, 264.9 min
  [1240/1764] 54_1185 2014: 2 sites -- 1,411 written, 265.1 min
  [1241/1764] 54_1186 2013: 1 sites -- 1,412 written, 265.3 min
  [1242/1764] 54_1188 2015: 1 sites -- 1,413 written, 265.5 min
  [1243/1764] 54_1191 2013: 1 sites -- 1,414 written, 265.6 min
  [1244/1764] 54_1192 2014: 1 sites -- 1,415 written, 265.7 min
  [1245/1764] 54_1192 2015: 2 sites -- 1,417 written, 265.8 min
  [1246/1764] 54_1194 2012: 1 sites -- 1,418 written, 265.9 min
  [1247/1764] 54_1194 2015: 1 sites -- 1,419 written, 266.0 min
  [1248/1764] 54_1197 2013: 1 sites -- 1,420 written, 266.1 min
  [1249/1764] 54_1225 2015: 1 sites -- 1,421 written, 266.2 min
  [1250/1764] 54_1228 2014: 1 sites -- 1,422 written, 266.3 min
  [1251/1764] 54_1265 2014: 1 sites -- 1,423 written, 266.6 min
  [1252/1764] 54_1279 2013: 1 sites -- 1,424 written, 266.9 min
  [1253/1764] 54_1286 2014: 1 sites -- 1,425 written, 267.2 min
  [1254/1764] 54_1287 2014: 1 sites -- 1,426 written, 267.5 min
  [1255/1764] 54_1292 2014: 1 sites -- 1,427 written, 267.6 min
  [1256/1764] 54_1295 2014: 1 sites -- 1,428 written, 267.7 min
  [1257/1764] 54_847 2018: 2 sites -- 1,430 written, 268.0 min
  [1258/1764] 54_862 2019: 1 sites -- 1,431 written, 268.2 min
  [1259/1764] 54_961 2015: 2 sites -- 1,433 written, 268.4 min
  [1260/1764] 54_962 2015: 1 sites -- 1,434 written, 268.6 min
  [1261/1764] 54_979 2017: 2 sites -- 1,436 written, 268.8 min
  [1262/1764] 54_980 2013: 1 sites -- 1,437 written, 268.9 min
  [1263/1764] 54_980 2014: 1 sites -- 1,438 written, 269.1 min
  [1264/1764] 54_980 2015: 1 sites -- 1,439 written, 269.3 min
  [1265/1764] 54_981 2013: 1 sites -- 1,440 written, 269.5 min
  [1266/1764] 54_993 2018: 1 sites -- 1,441 written, 269.8 min
  [1267/1764] 54_998 2012: 1 sites -- 1,442 written, 270.0 min
  [1268/1764] 55_1003 2019: 1 sites -- 1,443 written, 270.3 min
  [1269/1764] 55_1009 2014: 1 sites -- 1,444 written, 270.6 min
  [1270/1764] 55_1015 2016: 3 sites -- 1,447 written, 270.8 min
  [1271/1764] 55_1018 2019: 1 sites -- 1,448 written, 271.1 min
  [1272/1764] 55_1041 2015: 2 sites -- 1,450 written, 271.4 min
  [1273/1764] 55_1042 2015: 2 sites -- 1,452 written, 271.6 min
  [1274/1764] 55_1042 2017: 1 sites -- 1,453 written, 271.9 min
  [1275/1764] 55_1125 2016: 1 sites -- 1,454 written, 272.4 min
  [1276/1764] 55_1135 2013: 1 sites -- 1,455 written, 272.6 min
  [1277/1764] 55_1137 2013: 1 sites -- 1,456 written, 272.7 min
  [1278/1764] 55_1138 2016: 1 sites -- 1,457 written, 273.0 min
  [1279/1764] 55_1140 2013: 1 sites -- 1,458 written, 273.2 min
  [1280/1764] 55_1141 2013: 1 sites -- 1,459 written, 273.4 min
  [1281/1764] 55_1141 2014: 1 sites -- 1,460 written, 273.5 min
  [1282/1764] 55_1141 2015: 1 sites -- 1,461 written, 273.8 min
  [1283/1764] 55_1142 2015: 1 sites -- 1,462 written, 274.0 min
  [1284/1764] 55_1143 2014: 1 sites -- 1,463 written, 274.2 min
  [1285/1764] 55_1146 2013: 1 sites -- 1,464 written, 274.4 min
  [1286/1764] 55_1148 2013: 1 sites -- 1,465 written, 274.5 min
  [1287/1764] 55_1160 2014: 1 sites -- 1,466 written, 274.8 min
  [1288/1764] 55_1161 2013: 1 sites -- 1,467 written, 275.0 min
  [1289/1764] 55_1162 2014: 1 sites -- 1,468 written, 275.2 min
  [1290/1764] 55_1162 2017: 2 sites -- 1,470 written, 275.6 min
  [1291/1764] 55_1168 2013: 1 sites -- 1,471 written, 275.8 min
  [1292/1764] 55_1168 2016: 1 sites -- 1,472 written, 276.1 min
  [1293/1764] 55_1170 2013: 1 sites -- 1,473 written, 276.2 min
  [1294/1764] 55_1172 2013: 1 sites -- 1,474 written, 276.3 min
  [1295/1764] 55_1180 2013: 1 sites -- 1,475 written, 276.3 min
  [1296/1764] 55_1182 2013: 1 sites -- 1,476 written, 276.4 min
  [1297/1764] 55_1187 2015: 1 sites -- 1,477 written, 276.7 min
  [1298/1764] 55_1188 2015: 1 sites -- 1,478 written, 276.9 min
  [1299/1764] 55_1189 2013: 1 sites -- 1,479 written, 277.0 min
  [1300/1764] 55_1190 2013: 1 sites -- 1,480 written, 277.1 min
  [1301/1764] 55_1191 2013: 1 sites -- 1,481 written, 277.2 min
  [1302/1764] 55_1193 2017: 1 sites -- 1,482 written, 277.4 min
  [1303/1764] 55_1194 2012: 1 sites -- 1,483 written, 277.5 min
  [1304/1764] 55_1194 2014: 1 sites -- 1,484 written, 277.6 min
  [1305/1764] 55_1194 2015: 1 sites -- 1,485 written, 277.8 min
  [1306/1764] 55_1195 2014: 1 sites -- 1,486 written, 277.9 min
  [1307/1764] 55_1201 2013: 1 sites -- 1,487 written, 277.9 min
  [1308/1764] 55_1202 2015: 1 sites -- 1,488 written, 278.1 min
  [1309/1764] 55_1222 2015: 1 sites -- 1,489 written, 278.2 min
  [1310/1764] 55_1223 2014: 1 sites -- 1,490 written, 278.3 min
  [1311/1764] 55_1243 2014: 1 sites -- 1,491 written, 278.5 min
  [1312/1764] 55_1261 2014: 1 sites -- 1,492 written, 278.7 min
  [1313/1764] 55_1263 2014: 1 sites -- 1,493 written, 278.9 min
  [1314/1764] 55_1265 2014: 1 sites -- 1,494 written, 279.1 min
  [1315/1764] 55_1279 2012: 1 sites -- 1,495 written, 279.4 min
  [1316/1764] 55_847 2013: 1 sites -- 1,496 written, 279.6 min
  [1317/1764] 56_1000 2013: 1 sites -- 1,497 written, 279.8 min
  [1318/1764] 56_1002 2013: 1 sites -- 1,498 written, 280.0 min
  [1319/1764] 56_1002 2019: 1 sites -- 1,499 written, 280.3 min
  [1320/1764] 56_1031 2019: 1 sites -- 1,500 written, 280.7 min
  [1321/1764] 56_1032 2017: 1 sites -- 1,501 written, 281.1 min
  [1322/1764] 56_1032 2019: 1 sites -- 1,502 written, 281.6 min
  [1323/1764] 56_1034 2018: 1 sites -- 1,503 written, 281.8 min
  [1324/1764] 56_1123 2017: 1 sites -- 1,504 written, 282.3 min
  [1325/1764] 56_1124 2017: 1 sites -- 1,505 written, 282.7 min
  [1326/1764] 56_1126 2013: 1 sites -- 1,506 written, 282.9 min
  [1327/1764] 56_1126 2015: 1 sites -- 1,507 written, 283.3 min
  [1328/1764] 56_1127 2015: 1 sites -- 1,508 written, 283.6 min
  [1329/1764] 56_1141 2014: 1 sites -- 1,509 written, 283.8 min
  [1330/1764] 56_1144 2014: 1 sites -- 1,510 written, 284.0 min
  [1331/1764] 56_1146 2014: 1 sites -- 1,511 written, 284.2 min
  [1332/1764] 56_1146 2017: 2 sites -- 1,513 written, 284.5 min
  [1333/1764] 56_1147 2017: 2 sites -- 1,515 written, 284.7 min
  [1334/1764] 56_1148 2016: 1 sites -- 1,516 written, 285.0 min
  [1335/1764] 56_1153 2014: 1 sites -- 1,517 written, 285.3 min
  [1336/1764] 56_1154 2016: 2 sites -- 1,519 written, 285.7 min
  [1337/1764] 56_1155 2016: 1 sites -- 1,520 written, 286.1 min
  [1338/1764] 56_1158 2013: 1 sites -- 1,521 written, 286.4 min
  [1339/1764] 56_1158 2017: 1 sites -- 1,522 written, 286.8 min
  [1340/1764] 56_1160 2017: 1 sites -- 1,523 written, 287.1 min
  [1341/1764] 56_1163 2017: 2 sites -- 1,525 written, 287.4 min
  [1342/1764] 56_1164 2017: 1 sites -- 1,526 written, 287.7 min
  [1343/1764] 56_1167 2019: 1 sites -- 1,527 written, 288.0 min
  [1344/1764] 56_1168 2019: 1 sites -- 1,528 written, 288.3 min
  [1345/1764] 56_1173 2013: 1 sites -- 1,529 written, 288.4 min
  [1346/1764] 56_1175 2013: 1 sites -- 1,530 written, 288.5 min
  [1347/1764] 56_1181 2013: 1 sites -- 1,531 written, 288.6 min
  [1348/1764] 56_1183 2017: 1 sites -- 1,532 written, 288.8 min
  [1349/1764] 56_1188 2017: 1 sites -- 1,533 written, 289.0 min
  [1350/1764] 56_1193 2014: 1 sites -- 1,534 written, 289.2 min
  [1351/1764] 56_1194 2014: 1 sites -- 1,535 written, 289.3 min
  [1352/1764] 56_1194 2015: 2 sites -- 1,537 written, 289.5 min
  [1353/1764] 56_1196 2013: 1 sites -- 1,538 written, 289.6 min
  [1354/1764] 56_1200 2014: 1 sites -- 1,539 written, 289.7 min
  [1355/1764] 56_1203 2012: 1 sites -- 1,540 written, 289.7 min
  [1356/1764] 56_1205 2013: 1 sites -- 1,541 written, 289.8 min
  [1357/1764] 56_1221 2013: 1 sites -- 1,542 written, 290.0 min
  [1358/1764] 56_1228 2016: 1 sites -- 1,543 written, 290.1 min
  [1359/1764] 56_1263 2013: 1 sites -- 1,544 written, 290.3 min
  [1360/1764] 56_1264 2014: 2 sites -- 1,546 written, 290.5 min
  [1361/1764] 56_1265 2014: 1 sites -- 1,547 written, 290.7 min
  [1362/1764] 56_1292 2014: 1 sites -- 1,548 written, 291.0 min
  [1363/1764] 56_1294 2015: 1 sites -- 1,549 written, 291.3 min
  [1364/1764] 56_974 2018: 1 sites -- 1,550 written, 291.4 min
  [1365/1764] 56_984 2016: 1 sites -- 1,551 written, 291.6 min
  [1366/1764] 56_994 2015: 1 sites -- 1,552 written, 291.9 min
  [1367/1764] 56_995 2015: 1 sites -- 1,553 written, 292.2 min
  [1368/1764] 56_997 2019: 1 sites -- 1,554 written, 292.6 min
  [1369/1764] 57_1000 2013: 1 sites -- 1,555 written, 292.8 min
  [1370/1764] 57_1002 2013: 1 sites -- 1,556 written, 293.0 min
  [1371/1764] 57_1002 2019: 1 sites -- 1,557 written, 293.2 min
  [1372/1764] 57_1009 2013: 2 sites -- 1,559 written, 293.4 min
  [1373/1764] 57_1011 2014: 1 sites -- 1,560 written, 293.6 min
  [1374/1764] 57_1033 2015: 2 sites -- 1,562 written, 294.0 min
  [1375/1764] 57_1042 2018: 1 sites -- 1,563 written, 294.3 min
  [1376/1764] 57_1123 2013: 1 sites -- 1,564 written, 294.5 min
  [1377/1764] 57_1126 2017: 1 sites -- 1,565 written, 294.9 min
  [1378/1764] 57_1128 2016: 1 sites -- 1,566 written, 295.2 min
  [1379/1764] 57_1129 2016: 1 sites -- 1,567 written, 295.5 min
  [1380/1764] 57_1130 2014: 1 sites -- 1,568 written, 295.7 min
  [1381/1764] 57_1132 2017: 2 sites -- 1,570 written, 296.0 min
  [1382/1764] 57_1133 2014: 2 sites -- 1,572 written, 296.2 min
  [1383/1764] 57_1134 2016: 1 sites -- 1,573 written, 296.4 min
  [1384/1764] 57_1135 2017: 1 sites -- 1,574 written, 296.7 min
  [1385/1764] 57_1142 2016: 1 sites -- 1,575 written, 297.0 min
  [1386/1764] 57_1143 2016: 1 sites -- 1,576 written, 297.2 min
  [1387/1764] 57_1145 2013: 1 sites -- 1,577 written, 297.4 min
  [1388/1764] 57_1145 2014: 1 sites -- 1,578 written, 297.6 min
  [1389/1764] 57_1145 2017: 1 sites -- 1,579 written, 297.9 min
  [1390/1764] 57_1146 2013: 2 sites -- 1,581 written, 298.1 min
  [1391/1764] 57_1147 2015: 1 sites -- 1,582 written, 298.3 min
  [1392/1764] 57_1147 2016: 1 sites -- 1,583 written, 298.6 min
  [1393/1764] 57_1148 2015: 1 sites -- 1,584 written, 298.9 min
  [1394/1764] 57_1149 2013: 2 sites -- 1,586 written, 299.1 min
  [1395/1764] 57_1152 2013: 1 sites -- 1,587 written, 299.3 min
  [1396/1764] 57_1153 2013: 4 sites -- 1,591 written, 299.6 min
  [1397/1764] 57_1153 2014: 1 sites -- 1,592 written, 299.9 min
  [1398/1764] 57_1153 2016: 1 sites -- 1,593 written, 300.3 min
  [1399/1764] 57_1154 2016: 1 sites -- 1,594 written, 300.6 min
  [1400/1764] 57_1154 2017: 1 sites -- 1,595 written, 301.0 min
  [1401/1764] 57_1156 2017: 1 sites -- 1,596 written, 301.5 min
  [1402/1764] 57_1157 2014: 1 sites -- 1,597 written, 301.9 min
  [1403/1764] 57_1158 2013: 1 sites -- 1,598 written, 302.2 min
  [1404/1764] 57_1159 2013: 1 sites -- 1,599 written, 302.5 min
  [1405/1764] 57_1161 2017: 1 sites -- 1,600 written, 302.9 min
  [1406/1764] 57_1171 2013: 2 sites -- 1,602 written, 303.1 min
  [1407/1764] 57_1171 2019: 1 sites -- 1,603 written, 303.4 min
  [1408/1764] 57_1172 2013: 1 sites -- 1,604 written, 303.6 min
  [1409/1764] 57_1174 2013: 1 sites -- 1,605 written, 303.8 min
  [1410/1764] 57_1175 2013: 1 sites -- 1,606 written, 303.9 min
  [1411/1764] 57_1178 2013: 1 sites -- 1,607 written, 304.0 min
  [1412/1764] 57_1178 2014: 1 sites -- 1,608 written, 304.1 min
  [1413/1764] 57_1179 2013: 3 sites -- 1,611 written, 304.2 min
  [1414/1764] 57_1179 2017: 1 sites -- 1,612 written, 304.4 min
  [1415/1764] 57_1182 2017: 1 sites -- 1,613 written, 304.7 min
  [1416/1764] 57_1189 2015: 1 sites -- 1,614 written, 304.8 min
  [1417/1764] 57_1196 2012: 1 sites -- 1,615 written, 304.9 min
  [1418/1764] 57_1198 2013: 1 sites -- 1,616 written, 305.0 min
  [1419/1764] 57_1201 2014: 1 sites -- 1,617 written, 305.1 min
  [1420/1764] 57_1202 2012: 1 sites -- 1,618 written, 305.2 min
  [1421/1764] 57_1203 2012: 1 sites -- 1,619 written, 305.3 min
  [1422/1764] 57_1204 2012: 1 sites -- 1,620 written, 305.4 min
  [1423/1764] 57_1205 2013: 1 sites -- 1,621 written, 305.5 min
  [1424/1764] 57_1207 2014: 1 sites -- 1,622 written, 305.6 min
  [1425/1764] 57_1227 2016: 1 sites -- 1,623 written, 305.7 min
  [1426/1764] 57_1246 2013: 1 sites -- 1,624 written, 305.8 min
  [1427/1764] 57_1246 2014: 1 sites -- 1,625 written, 305.9 min
  [1428/1764] 57_1249 2013: 1 sites -- 1,626 written, 306.1 min
  [1429/1764] 57_1250 2013: 1 sites -- 1,627 written, 306.2 min
  [1430/1764] 57_1262 2014: 1 sites -- 1,628 written, 306.5 min
  [1431/1764] 57_1264 2012: 1 sites -- 1,629 written, 306.7 min
  [1432/1764] 57_1264 2014: 2 sites -- 1,631 written, 306.9 min
  [1433/1764] 57_1265 2013: 1 sites -- 1,632 written, 308.2 min
  [1434/1764] 57_1266 2014: 4 sites -- 1,636 written, 310.2 min
  [1435/1764] 57_1275 2014: 1 sites -- 1,637 written, 310.8 min
  [1436/1764] 57_846 2016: 1 sites -- 1,638 written, 311.1 min
  [1437/1764] 57_849 2018: 1 sites -- 1,639 written, 311.3 min
  [1438/1764] 57_849 2019: 1 sites -- 1,640 written, 311.5 min
  [1439/1764] 57_979 2013: 1 sites -- 1,641 written, 311.6 min
  [1440/1764] 57_984 2015: 1 sites -- 1,642 written, 311.7 min
  [1441/1764] 57_995 2015: 1 sites -- 1,643 written, 311.9 min
  [1442/1764] 58_1010 2013: 1 sites -- 1,644 written, 312.1 min
  [1443/1764] 58_1012 2012: 1 sites -- 1,645 written, 312.2 min
  [1444/1764] 58_1132 2014: 1 sites -- 1,646 written, 312.5 min
  [1445/1764] 58_1133 2014: 1 sites -- 1,647 written, 312.6 min
  [1446/1764] 58_1138 2013: 1 sites -- 1,648 written, 312.8 min
  [1447/1764] 58_1138 2016: 1 sites -- 1,649 written, 313.0 min
  [1448/1764] 58_1139 2017: 1 sites -- 1,650 written, 313.3 min
  [1449/1764] 58_1140 2017: 1 sites -- 1,651 written, 313.5 min
  [1450/1764] 58_1142 2016: 1 sites -- 1,652 written, 313.8 min
  [1451/1764] 58_1143 2015: 1 sites -- 1,653 written, 314.1 min
  [1452/1764] 58_1144 2013: 1 sites -- 1,654 written, 314.2 min
  [1453/1764] 58_1146 2015: 1 sites -- 1,655 written, 314.4 min
  [1454/1764] 58_1146 2017: 1 sites -- 1,656 written, 314.6 min
  [1455/1764] 58_1147 2013: 1 sites -- 1,657 written, 314.8 min
  [1456/1764] 58_1148 2013: 1 sites -- 1,658 written, 315.0 min
  [1457/1764] 58_1148 2014: 1 sites -- 1,659 written, 315.1 min
  [1458/1764] 58_1149 2013: 1 sites -- 1,660 written, 315.3 min
  [1459/1764] 58_1153 2016: 1 sites -- 1,661 written, 315.7 min
  [1460/1764] 58_1157 2013: 1 sites -- 1,662 written, 315.9 min
  [1461/1764] 58_1158 2016: 2 sites -- 1,664 written, 316.3 min
  [1462/1764] 58_1159 2013: 1 sites -- 1,665 written, 316.5 min
  [1463/1764] 58_1159 2016: 1 sites -- 1,666 written, 316.9 min
  [1464/1764] 58_1160 2013: 1 sites -- 1,667 written, 317.1 min
  [1465/1764] 58_1161 2013: 3 sites -- 1,670 written, 317.2 min
  [1466/1764] 58_1161 2019: 1 sites -- 1,671 written, 317.5 min
  [1467/1764] 58_1173 2017: 1 sites -- 1,672 written, 317.8 min
  [1468/1764] 58_1179 2013: 3 sites -- 1,675 written, 318.0 min
  [1469/1764] 58_1197 2012: 1 sites -- 1,676 written, 318.1 min
  [1470/1764] 58_1198 2013: 2 sites -- 1,678 written, 318.1 min
  [1471/1764] 58_1199 2012: 1 sites -- 1,679 written, 318.2 min
  [1472/1764] 58_1201 2015: 1 sites -- 1,680 written, 318.3 min
  [1473/1764] 58_1202 2012: 1 sites -- 1,681 written, 318.4 min
  [1474/1764] 58_1205 2013: 1 sites -- 1,682 written, 318.5 min
  [1475/1764] 58_1246 2014: 1 sites -- 1,683 written, 318.6 min
  [1476/1764] 58_1247 2013: 1 sites -- 1,684 written, 318.7 min
  [1477/1764] 58_1258 2015: 1 sites -- 1,685 written, 318.9 min
  [1478/1764] 58_1264 2011: 1 sites -- 1,686 written, 319.1 min
  [1479/1764] 58_1265 2013: 1 sites -- 1,687 written, 319.3 min
  [1480/1764] 58_1266 2013: 2 sites -- 1,689 written, 319.4 min
  [1481/1764] 58_1270 2014: 1 sites -- 1,690 written, 319.6 min
  [1482/1764] 58_848 2012: 2 sites -- 1,692 written, 319.7 min
  [1483/1764] 58_848 2018: 2 sites -- 1,694 written, 319.9 min
  [1484/1764] 58_849 2012: 1 sites -- 1,695 written, 320.0 min
  [1485/1764] 58_851 2013: 1 sites -- 1,696 written, 320.2 min
  [1486/1764] 58_992 2018: 1 sites -- 1,697 written, 320.3 min
  [1487/1764] 59_1010 2014: 1 sites -- 1,698 written, 320.5 min
  [1488/1764] 59_1012 2012: 1 sites -- 1,699 written, 320.7 min
  [1489/1764] 59_1013 2012: 2 sites -- 1,701 written, 320.8 min
  [1490/1764] 59_1139 2015: 1 sites -- 1,702 written, 321.0 min
  [1491/1764] 59_1141 2015: 2 sites -- 1,704 written, 321.2 min
  [1492/1764] 59_1141 2017: 1 sites -- 1,705 written, 321.5 min
  [1493/1764] 59_1147 2013: 1 sites -- 1,706 written, 321.6 min
  [1494/1764] 59_1149 2013: 1 sites -- 1,707 written, 321.8 min
  [1495/1764] 59_1150 2013: 2 sites -- 1,709 written, 322.0 min
  [1496/1764] 59_1151 2013: 2 sites -- 1,711 written, 322.2 min
  [1497/1764] 59_1151 2015: 1 sites -- 1,712 written, 322.5 min
  [1498/1764] 59_1152 2014: 3 sites -- 1,715 written, 322.8 min
  [1499/1764] 59_1154 2016: 1 sites -- 1,716 written, 323.1 min
  [1500/1764] 59_1155 2016: 1 sites -- 1,717 written, 323.4 min
  [1501/1764] 59_1156 2013: 1 sites -- 1,718 written, 323.7 min
  [1502/1764] 59_1156 2016: 1 sites -- 1,719 written, 324.1 min
  [1503/1764] 59_1157 2013: 1 sites -- 1,720 written, 324.3 min
  [1504/1764] 59_1159 2013: 2 sites -- 1,722 written, 324.5 min
  [1505/1764] 59_1160 2013: 2 sites -- 1,724 written, 324.7 min
  [1506/1764] 59_1160 2019: 1 sites -- 1,725 written, 325.0 min
  [1507/1764] 59_1161 2013: 1 sites -- 1,726 written, 325.2 min
  [1508/1764] 59_1163 2017: 1 sites -- 1,727 written, 325.4 min
  [1509/1764] 59_1179 2013: 2 sites -- 1,729 written, 325.6 min
  [1510/1764] 59_1180 2013: 1 sites -- 1,730 written, 325.7 min
  [1511/1764] 59_1181 2013: 1 sites -- 1,731 written, 325.9 min
  [1512/1764] 59_1187 2017: 1 sites -- 1,732 written, 326.2 min
  [1513/1764] 59_1195 2015: 1 sites -- 1,733 written, 326.3 min
  [1514/1764] 59_1196 2013: 2 sites -- 1,735 written, 326.4 min
  [1515/1764] 59_1197 2015: 1 sites -- 1,736 written, 326.5 min
  [1516/1764] 59_1197 2016: 1 sites -- 1,737 written, 326.7 min
  [1517/1764] 59_1200 2015: 1 sites -- 1,738 written, 326.8 min
  [1518/1764] 59_1203 2013: 2 sites -- 1,740 written, 326.8 min
  [1519/1764] 59_1204 2015: 1 sites -- 1,741 written, 327.0 min
  [1520/1764] 59_1204 2016: 1 sites -- 1,742 written, 327.1 min
  [1521/1764] 59_1205 2014: 1 sites -- 1,743 written, 327.2 min
  [1522/1764] 59_1206 2012: 1 sites -- 1,744 written, 327.3 min
  [1523/1764] 59_1206 2014: 1 sites -- 1,745 written, 327.4 min
  [1524/1764] 59_1211 2015: 1 sites -- 1,746 written, 327.5 min
  [1525/1764] 59_1228 2013: 1 sites -- 1,747 written, 327.6 min
  [1526/1764] 59_1234 2014: 1 sites -- 1,748 written, 327.7 min
  [1527/1764] 59_1235 2013: 1 sites -- 1,749 written, 327.8 min
  [1528/1764] 59_1236 2015: 1 sites -- 1,750 written, 327.9 min
  [1529/1764] 59_1237 2015: 1 sites -- 1,751 written, 328.0 min
  [1530/1764] 59_1244 2015: 1 sites -- 1,752 written, 328.1 min
  [1531/1764] 59_1248 2013: 1 sites -- 1,753 written, 328.2 min
  [1532/1764] 59_1250 2013: 1 sites -- 1,754 written, 328.4 min
  [1533/1764] 59_1263 2013: 1 sites -- 1,755 written, 328.5 min
  [1534/1764] 59_1267 2013: 1 sites -- 1,756 written, 328.6 min
  [1535/1764] 59_1294 2014: 1 sites -- 1,757 written, 328.9 min
  [1536/1764] 60_1001 2019: 1 sites -- 1,758 written, 329.1 min
  [1537/1764] 60_1010 2013: 2 sites -- 1,760 written, 329.3 min
  [1538/1764] 60_1013 2016: 1 sites -- 1,761 written, 329.5 min
  [1539/1764] 60_1151 2013: 1 sites -- 1,762 written, 329.8 min
  [1540/1764] 60_1152 2013: 1 sites -- 1,763 written, 330.0 min
  [1541/1764] 60_1153 2013: 1 sites -- 1,764 written, 330.2 min
  [1542/1764] 60_1153 2014: 1 sites -- 1,765 written, 330.4 min
  [1543/1764] 60_1155 2013: 1 sites -- 1,766 written, 330.6 min
  [1544/1764] 60_1157 2013: 1 sites -- 1,767 written, 330.8 min
  [1545/1764] 60_1159 2014: 1 sites -- 1,768 written, 331.0 min
  [1546/1764] 60_1177 2019: 2 sites -- 1,770 written, 331.4 min
  [1547/1764] 60_1179 2018: 1 sites -- 1,771 written, 331.7 min
  [1548/1764] 60_1191 2014: 1 sites -- 1,772 written, 332.0 min
  [1549/1764] 60_1191 2018: 1 sites -- 1,773 written, 332.3 min
  [1550/1764] 60_1195 2016: 1 sites -- 1,774 written, 332.5 min
  [1551/1764] 60_1195 2018: 1 sites -- 1,775 written, 332.7 min
  [1552/1764] 60_1206 2012: 1 sites -- 1,776 written, 332.8 min
  [1553/1764] 60_1209 2012: 1 sites -- 1,777 written, 332.8 min
  [1554/1764] 60_1229 2013: 1 sites -- 1,778 written, 332.9 min
  [1555/1764] 60_1233 2013: 1 sites -- 1,779 written, 333.1 min
  [1556/1764] 60_1234 2016: 2 sites -- 1,781 written, 333.2 min
  [1557/1764] 60_1241 2015: 1 sites -- 1,782 written, 333.3 min
  [1558/1764] 60_1243 2013: 1 sites -- 1,783 written, 333.4 min
  [1559/1764] 60_1243 2016: 1 sites -- 1,784 written, 333.5 min
  [1560/1764] 60_1247 2014: 1 sites -- 1,785 written, 333.6 min
  [1561/1764] 60_1251 2013: 1 sites -- 1,786 written, 333.8 min
  [1562/1764] 60_1251 2014: 1 sites -- 1,787 written, 334.0 min
  [1563/1764] 60_1270 2014: 1 sites -- 1,788 written, 334.1 min
  [1564/1764] 60_1274 2013: 1 sites -- 1,789 written, 334.3 min
  [1565/1764] 60_1275 2014: 1 sites -- 1,790 written, 334.5 min
  [1566/1764] 60_836 2016: 1 sites -- 1,791 written, 334.8 min
  [1567/1764] 60_840 2015: 2 sites -- 1,793 written, 335.1 min
  [1568/1764] 60_845 2014: 1 sites -- 1,794 written, 335.3 min
  [1569/1764] 60_994 2018: 1 sites -- 1,795 written, 335.5 min
  [1570/1764] 61_1013 2016: 1 sites -- 1,796 written, 335.8 min
  [1571/1764] 61_1014 2018: 2 sites -- 1,798 written, 336.1 min
  [1572/1764] 61_1015 2012: 1 sites -- 1,799 written, 336.2 min
  [1573/1764] 61_1117 2019: 1 sites -- 1,800 written, 336.4 min
  [1574/1764] 61_1142 2013: 1 sites -- 1,801 written, 336.6 min
  [1575/1764] 61_1144 2015: 1 sites -- 1,802 written, 336.8 min
  [1576/1764] 61_1144 2017: 1 sites -- 1,803 written, 337.1 min
  [1577/1764] 61_1145 2017: 1 sites -- 1,804 written, 337.4 min
  [1578/1764] 61_1146 2013: 1 sites -- 1,805 written, 337.5 min
  [1579/1764] 61_1146 2017: 3 sites -- 1,808 written, 337.8 min
  [1580/1764] 61_1151 2014: 1 sites -- 1,809 written, 338.1 min
  [1581/1764] 61_1154 2017: 1 sites -- 1,810 written, 338.5 min
  [1582/1764] 61_1157 2013: 1 sites -- 1,811 written, 338.7 min
  [1583/1764] 61_1157 2017: 1 sites -- 1,812 written, 339.1 min
  [1584/1764] 61_1157 2019: 2 sites -- 1,814 written, 339.5 min
  [1585/1764] 61_1160 2012: 1 sites -- 1,815 written, 339.7 min
  [1586/1764] 61_1177 2019: 1 sites -- 1,816 written, 340.0 min
  [1587/1764] 61_1183 2018: 1 sites -- 1,817 written, 340.4 min
  [1588/1764] 61_1185 2018: 1 sites -- 1,818 written, 340.7 min
  [1589/1764] 61_1186 2018: 1 sites -- 1,819 written, 341.0 min
  [1590/1764] 61_1189 2018: 1 sites -- 1,820 written, 341.4 min
  [1591/1764] 61_1190 2014: 1 sites -- 1,821 written, 341.8 min
  [1592/1764] 61_1197 2016: 1 sites -- 1,822 written, 341.9 min
  [1593/1764] 61_1201 2016: 2 sites -- 1,824 written, 342.1 min
  [1594/1764] 61_1206 2012: 1 sites -- 1,825 written, 342.2 min
  [1595/1764] 61_1213 2013: 1 sites -- 1,826 written, 342.3 min
  [1596/1764] 61_1214 2015: 1 sites -- 1,827 written, 342.5 min
  [1597/1764] 61_1215 2015: 1 sites -- 1,828 written, 342.6 min
  [1598/1764] 61_1219 2014: 1 sites -- 1,829 written, 342.8 min
  [1599/1764] 61_1241 2015: 1 sites -- 1,830 written, 342.9 min
  [1600/1764] 61_1245 2013: 1 sites -- 1,831 written, 343.0 min
  [1601/1764] 61_1248 2013: 1 sites -- 1,832 written, 343.2 min
  [1602/1764] 61_1249 2013: 1 sites -- 1,833 written, 343.4 min
  [1603/1764] 61_1261 2014: 1 sites -- 1,834 written, 343.5 min
  [1604/1764] 61_1266 2012: 1 sites -- 1,835 written, 343.6 min
  [1605/1764] 61_1270 2012: 1 sites -- 1,836 written, 343.7 min
  [1606/1764] 61_1270 2013: 2 sites -- 1,838 written, 343.8 min
  [1607/1764] 61_1271 2012: 1 sites -- 1,839 written, 343.8 min
  [1608/1764] 61_1271 2013: 1 sites -- 1,840 written, 343.9 min
  [1609/1764] 61_1271 2014: 1 sites -- 1,841 written, 344.0 min
  [1610/1764] 61_837 2016: 3 sites -- 1,844 written, 344.3 min
  [1611/1764] 61_844 2013: 1 sites -- 1,845 written, 344.5 min
  [1612/1764] 61_845 2014: 1 sites -- 1,846 written, 344.6 min
  [1613/1764] 62_1011 2014: 2 sites -- 1,848 written, 344.7 min
  [1614/1764] 62_1171 2019: 2 sites -- 1,850 written, 345.0 min
  [1615/1764] 62_1185 2017: 1 sites -- 1,851 written, 345.4 min
  [1616/1764] 62_1202 2016: 1 sites -- 1,852 written, 345.6 min
  [1617/1764] 62_1206 2012: 1 sites -- 1,853 written, 345.7 min
  [1618/1764] 62_1206 2016: 1 sites -- 1,854 written, 345.8 min
  [1619/1764] 62_1209 2014: 1 sites -- 1,855 written, 345.9 min
  [1620/1764] 62_1210 2012: 1 sites -- 1,856 written, 346.0 min
  [1621/1764] 62_1212 2012: 1 sites -- 1,857 written, 346.1 min
  [1622/1764] 62_1213 2013: 1 sites -- 1,858 written, 346.2 min
  [1623/1764] 62_1214 2012: 2 sites -- 1,860 written, 346.3 min
  [1624/1764] 62_1218 2015: 1 sites -- 1,861 written, 346.5 min
  [1625/1764] 62_1236 2014: 1 sites -- 1,862 written, 346.6 min
  [1626/1764] 62_1243 2015: 1 sites -- 1,863 written, 346.7 min
  [1627/1764] 62_1244 2013: 1 sites -- 1,864 written, 346.8 min
  [1628/1764] 62_1249 2013: 1 sites -- 1,865 written, 346.9 min
  [1629/1764] 62_1251 2014: 1 sites -- 1,866 written, 347.1 min
  [1630/1764] 62_1263 2013: 1 sites -- 1,867 written, 347.2 min
  [1631/1764] 62_1269 2013: 2 sites -- 1,869 written, 347.3 min
  [1632/1764] 62_1270 2014: 1 sites -- 1,870 written, 347.4 min
  [1633/1764] 62_1291 2014: 1 sites -- 1,871 written, 347.6 min
  [1634/1764] 62_1298 2013: 1 sites -- 1,872 written, 347.8 min
  [1635/1764] 62_1309 2015: 1 sites -- 1,873 written, 348.2 min
  [1636/1764] 62_839 2015: 1 sites -- 1,874 written, 348.5 min
  [1637/1764] 62_845 2014: 1 sites -- 1,875 written, 348.7 min
  [1638/1764] 62_846 2018: 1 sites -- 1,876 written, 348.9 min
  [1639/1764] 63_1010 2014: 2 sites -- 1,878 written, 349.1 min
  [1640/1764] 63_1012 2014: LOAD FAILED -- finalize-hlgfinalizecompute-b7d4548b5b8a41bb9bf907c3122219a6 cancelled for reason: scheduler-connection-lost.
Client lost the connection to the scheduler. Please check your connection and re-run your work.
  [1641/1764] 63_1143 2016: 1 sites -- 1,879 written, 349.3 min
  [1642/1764] 63_1155 2017: 1 sites -- 1,880 written, 349.6 min
  [1643/1764] 63_1210 2012: 1 sites -- 1,881 written, 349.7 min
  [1644/1764] 63_1211 2015: 1 sites -- 1,882 written, 349.9 min
  [1645/1764] 63_1212 2012: 1 sites -- 1,883 written, 350.0 min
  [1646/1764] 63_1212 2014: 1 sites -- 1,884 written, 350.1 min
  [1647/1764] 63_1213 2016: 1 sites -- 1,885 written, 350.2 min
  [1648/1764] 63_1215 2012: 1 sites -- 1,886 written, 350.4 min
  [1649/1764] 63_1215 2014: 1 sites -- 1,887 written, 350.6 min
  [1650/1764] 63_1216 2014: 1 sites -- 1,888 written, 350.8 min
  [1651/1764] 63_1217 2012: 1 sites -- 1,889 written, 351.0 min
  [1652/1764] 63_1217 2015: 1 sites -- 1,890 written, 351.2 min
  [1653/1764] 63_1217 2016: 1 sites -- 1,891 written, 351.4 min
  [1654/1764] 63_1218 2013: 1 sites -- 1,892 written, 351.6 min
  [1655/1764] 63_1219 2016: 1 sites -- 1,893 written, 351.8 min
  [1656/1764] 63_1220 2014: 1 sites -- 1,894 written, 351.9 min
  [1657/1764] 63_1243 2016: 2 sites -- 1,896 written, 352.0 min
  [1658/1764] 63_1247 2014: 1 sites -- 1,897 written, 352.1 min
  [1659/1764] 63_1249 2014: 1 sites -- 1,898 written, 352.3 min
  [1660/1764] 63_1251 2013: 1 sites -- 1,899 written, 352.5 min
  [1661/1764] 63_1252 2013: 1 sites -- 1,900 written, 352.6 min
  [1662/1764] 63_1260 2013: 1 sites -- 1,901 written, 352.7 min
  [1663/1764] 63_1270 2012: 1 sites -- 1,902 written, 352.8 min
  [1664/1764] 63_1284 2013: 1 sites -- 1,903 written, 353.0 min
  [1665/1764] 63_843 2012: 1 sites -- 1,904 written, 353.2 min
  [1666/1764] 64_1145 2013: 1 sites -- 1,905 written, 353.3 min
  [1667/1764] 64_1146 2015: 1 sites -- 1,906 written, 353.4 min
  [1668/1764] 64_1149 2016: 1 sites -- 1,907 written, 353.5 min
  [1669/1764] 64_1204 2014: 1 sites -- 1,908 written, 353.8 min
  [1670/1764] 64_1208 2015: 1 sites -- 1,909 written, 353.9 min
  [1671/1764] 64_1212 2016: 1 sites -- 1,910 written, 354.1 min
  [1672/1764] 64_1215 2012: 4 sites -- 1,914 written, 354.2 min
  [1673/1764] 64_1216 2012: 1 sites -- 1,915 written, 354.3 min
  [1674/1764] 64_1222 2013: 2 sites -- 1,917 written, 354.4 min
  [1675/1764] 64_1222 2014: 1 sites -- 1,918 written, 354.5 min
  [1676/1764] 64_1224 2013: 1 sites -- 1,919 written, 354.6 min
  [1677/1764] 64_1225 2014: 1 sites -- 1,920 written, 354.8 min
  [1678/1764] 64_1243 2016: 1 sites -- 1,921 written, 354.9 min
  [1679/1764] 64_1251 2013: 1 sites -- 1,922 written, 355.0 min
  [1680/1764] 64_1256 2013: 1 sites -- 1,923 written, 355.1 min
  [1681/1764] 64_1257 2013: 1 sites -- 1,924 written, 355.2 min
  [1682/1764] 65_1200 2015: 2 sites -- 1,926 written, 355.5 min
  [1683/1764] 65_1202 2016: 1 sites -- 1,927 written, 355.8 min
  [1684/1764] 65_1203 2014: 2 sites -- 1,929 written, 356.0 min
  [1685/1764] 65_1211 2013: 1 sites -- 1,930 written, 356.1 min
  [1686/1764] 65_1212 2013: 1 sites -- 1,931 written, 356.3 min
  [1687/1764] 65_1219 2016: 2 sites -- 1,933 written, 356.5 min
  [1688/1764] 65_1221 2014: 1 sites -- 1,934 written, 356.6 min
  [1689/1764] 65_1221 2015: 1 sites -- 1,935 written, 356.7 min
  [1690/1764] 65_1222 2014: 1 sites -- 1,936 written, 356.9 min
  [1691/1764] 65_1226 2012: 1 sites -- 1,937 written, 357.0 min
  [1692/1764] 65_1226 2013: 1 sites -- 1,938 written, 357.0 min
  [1693/1764] 65_1228 2016: 1 sites -- 1,939 written, 357.2 min
  [1694/1764] 65_1243 2014: 1 sites -- 1,940 written, 357.3 min
  [1695/1764] 65_1296 2014: 1 sites -- 1,941 written, 357.5 min
  [1696/1764] 65_1318 2014: 1 sites -- 1,942 written, 357.8 min
  [1697/1764] 65_1318 2015: 1 sites -- 1,943 written, 358.1 min
  [1698/1764] 65_838 2015: 1 sites -- 1,944 written, 358.3 min
  [1699/1764] 65_838 2020: 2 sites -- 1,946 written, 358.7 min
  [1700/1764] 65_839 2020: 2 sites -- 1,948 written, 359.0 min
  [1701/1764] 65_843 2016: 2 sites -- 1,950 written, 359.3 min
  [1702/1764] 66_1145 2013: 1 sites -- 1,951 written, 359.4 min
  [1703/1764] 66_1148 2017: 1 sites -- 1,952 written, 359.6 min
  [1704/1764] 66_1200 2015: 1 sites -- 1,953 written, 359.8 min
  [1705/1764] 66_1212 2013: 2 sites -- 1,955 written, 360.0 min
  [1706/1764] 66_1214 2018: 1 sites -- 1,956 written, 360.4 min
  [1707/1764] 66_1225 2015: 1 sites -- 1,957 written, 360.5 min
  [1708/1764] 66_1225 2016: 1 sites -- 1,958 written, 360.6 min
  [1709/1764] 66_1226 2013: 1 sites -- 1,959 written, 360.7 min
  [1710/1764] 66_1227 2016: 1 sites -- 1,960 written, 360.8 min
  [1711/1764] 66_1234 2013: 1 sites -- 1,961 written, 361.0 min
  [1712/1764] 66_1237 2013: 1 sites -- 1,962 written, 361.0 min
  [1713/1764] 66_1314 2015: 1 sites -- 1,963 written, 361.4 min
  [1714/1764] 67_1230 2015: 2 sites -- 1,965 written, 361.5 min
  [1715/1764] 67_1234 2014: 1 sites -- 1,966 written, 361.6 min
  [1716/1764] 67_1236 2014: 1 sites -- 1,967 written, 361.7 min
  [1717/1764] 67_1281 2012: 1 sites -- 1,968 written, 361.9 min
  [1718/1764] 67_1282 2012: 1 sites -- 1,969 written, 362.1 min
  [1719/1764] 67_1283 2014: 1 sites -- 1,970 written, 362.3 min
  [1720/1764] 68_1230 2016: 1 sites -- 1,971 written, 362.4 min
  [1721/1764] 68_1234 2015: 1 sites -- 1,972 written, 362.5 min
  [1722/1764] 68_1240 2016: 1 sites -- 1,973 written, 362.6 min
  [1723/1764] 68_1247 2014: 1 sites -- 1,974 written, 362.8 min
  [1724/1764] 68_1285 2014: 1 sites -- 1,975 written, 362.9 min
  [1725/1764] 69_1225 2015: 1 sites -- 1,976 written, 363.3 min
  [1726/1764] 69_1228 2016: 1 sites -- 1,977 written, 363.5 min
  [1727/1764] 69_1234 2016: 1 sites -- 1,978 written, 363.6 min
  [1728/1764] 69_1240 2013: 2 sites -- 1,980 written, 363.7 min
  [1729/1764] 69_1281 2014: 1 sites -- 1,981 written, 363.9 min
  [1730/1764] 69_816 2016: 1 sites -- 1,982 written, 364.1 min
  [1731/1764] 69_844 2016: 1 sites -- 1,983 written, 364.4 min
  [1732/1764] 70_1246 2015: 1 sites -- 1,984 written, 364.6 min
  [1733/1764] 71_817 2015: 1 sites -- 1,985 written, 364.8 min
  [1734/1764] 71_819 2013: 1 sites -- 1,986 written, 364.9 min
  [1735/1764] 71_820 2013: 1 sites -- 1,987 written, 365.0 min
  [1736/1764] 71_823 2019: 1 sites -- 1,988 written, 365.2 min
  [1737/1764] 72_1241 2015: 1 sites -- 1,989 written, 365.4 min
  [1738/1764] 72_1242 2015: 1 sites -- 1,990 written, 365.6 min
  [1739/1764] 72_1254 2013: 1 sites -- 1,991 written, 365.7 min
  [1740/1764] 72_1262 2013: 1 sites -- 1,992 written, 365.7 min
  [1741/1764] 72_821 2019: 1 sites -- 1,993 written, 365.9 min
  [1742/1764] 72_835 2016: 1 sites -- 1,994 written, 366.2 min
  [1743/1764] 73_1230 2015: 1 sites -- 1,995 written, 366.4 min
  [1744/1764] 73_1242 2014: 2 sites -- 1,997 written, 366.6 min
  [1745/1764] 73_1252 2013: 1 sites -- 1,998 written, 366.7 min
  [1746/1764] 73_1253 2013: 2 sites -- 2,000 written, 366.8 min
  [1747/1764] 73_1255 2013: 1 sites -- 2,001 written, 366.9 min
  [1748/1764] 73_1263 2013: 1 sites -- 2,002 written, 367.0 min
  [1749/1764] 73_812 2013: 1 sites -- 2,003 written, 367.1 min
  [1750/1764] 73_817 2017: 1 sites -- 2,004 written, 367.3 min
  [1751/1764] 73_824 2013: 1 sites -- 2,005 written, 367.6 min
  [1752/1764] 73_825 2013: 1 sites -- 2,006 written, 367.6 min
  [1753/1764] 74_1240 2015: 1 sites -- 2,007 written, 367.9 min
  [1754/1764] 74_814 2013: 1 sites -- 2,008 written, 368.0 min
  [1755/1764] 74_814 2019: 1 sites -- 2,009 written, 368.2 min
  [1756/1764] 75_1261 2013: 1 sites -- 2,010 written, 368.3 min
  [1757/1764] 75_1262 2013: 1 sites -- 2,011 written, 368.4 min
  [1758/1764] 75_1263 2013: 1 sites -- 2,012 written, 368.5 min
  [1759/1764] 76_1238 2016: 2 sites -- 2,014 written, 368.8 min
  [1760/1764] 77_1252 2013: 1 sites -- 2,015 written, 369.1 min
  [1761/1764] 86_804 2017: 2 sites -- 2,017 written, 369.3 min
  [1762/1764] 86_809 2017: 1 sites -- 2,018 written, 369.5 min
  [1763/1764] 92_804 2013: 1 sites -- 2,019 written, 369.6 min
  [1764/1764] 9_1008 2017: 1 sites -- 2,020 written, 369.8 min

2,020 sites written of 2,021
observations per site (5x5): median 63, min 7.0, max 186.0

by region, median observations:
         n    obs
band             
-55.0   41   33.0
-50.0  125   35.0
-45.0  458   46.0
-40.0  993   71.0
-35.0  381   72.0
-30.0   22  103.0
gateway cluster shut down

  -> /home/jovyan/temp/Biodiversity_Chile/data/derived/living_trees/  (22 series tables, manifest.csv, extraction.json)
