pool read from data/derived/unlabelled/pool_planned.parquet: 16,950 samples

16,950 candidate samples, 2,898 loads (cell x year)
native classes: {'Shrubland': 10258, 'Secondary Forest': 1967, 'Grassland': 1921, 'Primary Forest': 1298, 'Wetland': 950, 'Forest': 474, 'Steppe': 66, 'Dwarf forest': 16}

year distribution (pool vs plots):
  2003    0.3 %   plots   0.2 %
  2006    1.9 %   plots   1.7 %
  2010    9.0 %   plots   8.5 %
  2012    3.3 %   plots   2.9 %
  2013    8.7 %   plots   8.9 %
  2014    9.8 %   plots   9.3 %
  2017    2.9 %   plots   3.0 %
  2018    0.3 %   plots   0.3 %
  2019   11.2 %   plots  11.6 %
  2020    8.5 %   plots   8.8 %
  2021    7.7 %   plots   7.3 %
  2022   21.7 %   plots  23.5 %
  2023    1.5 %   plots   1.6 %
  2024    3.1 %   plots   2.5 %
  2025    5.4 %   plots   5.5 %
  2026    4.9 %   plots   4.5 %

1,740 samples matched to a displaced map (max |delta| = 2 y)

==============================================================================
  DASK DASHBOARD   https://hub.datacubechile.cl/services/dask-gateway/clusters/easihub.42b6704e731c42f387299c7a665c135c/status
  cluster easihub.42b6704e731c42f387299c7a665c135c   scaling to 16 workers
==============================================================================

first worker up after 228 s; 5 ready
resume: 110 (cell, year) groups already done, 126 manifest rows
  [111/2898] 16_586 2020: 1 -- 127 written, 0.2 min
  [112/2898] 16_586 2026: 1 -- 128 written, 0.3 min
  [113/2898] 16_587 2013: 1 -- 129 written, 0.4 min
  [114/2898] 16_587 2017: 1 -- 130 written, 0.5 min
  [115/2898] 16_588 2019: 1 -- 131 written, 0.6 min
  [116/2898] 16_588 2021: 1 -- 132 written, 0.8 min
  [117/2898] 16_589 2022: 1 -- 133 written, 0.9 min
  [118/2898] 16_589 2025: 1 -- 134 written, 1.0 min
  [119/2898] 16_590 2006: 1 -- 135 written, 1.2 min
  [120/2898] 16_590 2022: 1 -- 136 written, 1.3 min
  [121/2898] 16_591 2014: 1 -- 137 written, 1.4 min
  [122/2898] 16_591 2017: 1 -- 138 written, 1.6 min
  [123/2898] 16_592 2019: 1 -- 139 written, 1.7 min
  [124/2898] 16_592 2022: 1 -- 140 written, 1.9 min
  [125/2898] 16_593 2014: 1 -- 141 written, 2.0 min
  [126/2898] 16_593 2025: 1 -- 142 written, 2.2 min
  [127/2898] 16_594 2014: 1 -- 143 written, 2.3 min
  [128/2898] 16_594 2022: 1 -- 144 written, 2.4 min
  [129/2898] 16_595 2010: 1 -- 145 written, 2.5 min
  [130/2898] 16_595 2013: 1 -- 146 written, 2.5 min
  [131/2898] 16_596 2010: 1 -- 147 written, 2.6 min
  [132/2898] 16_596 2025: 1 -- 148 written, 2.7 min
  [133/2898] 16_597 2014: 1 -- 149 written, 2.7 min
  [134/2898] 16_597 2022: 1 -- 150 written, 2.8 min
  [135/2898] 16_598 2020: 1 -- 151 written, 2.9 min
  [136/2898] 16_598 2022: 1 -- 152 written, 2.9 min
  [137/2898] 16_599 2022: 12 -- 164 written, 3.0 min
  [138/2898] 16_599 2026: 12 -- 176 written, 3.1 min
  [139/2898] 16_600 2019: 12 -- 188 written, 3.2 min
  [140/2898] 16_600 2023: 12 -- 200 written, 3.2 min
  [141/2898] 16_601 2013: 12 -- 212 written, 3.3 min
  [142/2898] 16_601 2019: 12 -- 224 written, 3.4 min
  [143/2898] 16_602 2010: 4 -- 228 written, 3.4 min
  [144/2898] 16_602 2019: 3 -- 231 written, 3.5 min
  [145/2898] 17_580 2020: 2 -- 233 written, 3.7 min
  [146/2898] 17_580 2022: 2 -- 235 written, 3.9 min
  [147/2898] 17_581 2020: 2 -- 237 written, 4.0 min
  [148/2898] 17_581 2022: 2 -- 239 written, 4.1 min
  [149/2898] 17_582 2013: 1 -- 240 written, 4.2 min
  [150/2898] 17_582 2017: 1 -- 241 written, 4.3 min
  [151/2898] 17_583 2019: 1 -- 242 written, 4.4 min
  [152/2898] 17_583 2026: 1 -- 243 written, 4.5 min
  [153/2898] 17_584 2017: 1 -- 244 written, 4.6 min
  [154/2898] 17_584 2022: 1 -- 245 written, 4.8 min
  [155/2898] 17_585 2021: 1 -- 246 written, 4.9 min
  [156/2898] 17_585 2026: 1 -- 247 written, 5.0 min
  [157/2898] 17_586 2006: 1 -- 248 written, 5.1 min
  [158/2898] 17_586 2019: 1 -- 249 written, 5.2 min
  [159/2898] 17_587 2020: 1 -- 250 written, 5.3 min
  [160/2898] 17_587 2022: 1 -- 251 written, 5.4 min
  [161/2898] 17_588 2012: 1 -- 252 written, 5.5 min
  [162/2898] 17_588 2022: 1 -- 253 written, 5.6 min
  [163/2898] 17_589 2010: 1 -- 254 written, 5.7 min
  [164/2898] 17_589 2024: 1 -- 255 written, 5.9 min
  [165/2898] 17_590 2010: 1 -- 256 written, 5.9 min
  [166/2898] 17_590 2022: 1 -- 257 written, 6.1 min
  [167/2898] 17_591 2006: 1 -- 258 written, 6.3 min
  [168/2898] 17_591 2019: 1 -- 259 written, 6.4 min
  [169/2898] 17_592 2010: 1 -- 260 written, 6.5 min
  [170/2898] 17_592 2013: 1 -- 261 written, 6.7 min
  [171/2898] 17_593 2006: 1 -- 262 written, 6.8 min
  [172/2898] 17_593 2019: 1 -- 263 written, 6.9 min
  [173/2898] 17_594 2010: 1 -- 264 written, 7.0 min
  [174/2898] 17_594 2012: 1 -- 265 written, 7.1 min
  [175/2898] 17_595 2014: 1 -- 266 written, 7.3 min
  [176/2898] 17_595 2020: 1 -- 267 written, 7.5 min
  [177/2898] 17_596 2012: 1 -- 268 written, 7.5 min
  [178/2898] 17_596 2021: 1 -- 269 written, 7.7 min
  [179/2898] 17_597 2020: 1 -- 270 written, 7.7 min
  [180/2898] 17_597 2022: 1 -- 271 written, 7.8 min
  [181/2898] 17_598 2010: 1 -- 272 written, 7.9 min
  [182/2898] 17_598 2022: 1 -- 273 written, 8.0 min
  [183/2898] 17_599 2012: 12 -- 285 written, 8.0 min
  [184/2898] 17_599 2020: 12 -- 297 written, 8.2 min
  [185/2898] 17_600 2022: 12 -- 309 written, 8.3 min
  [186/2898] 17_600 2025: 12 -- 321 written, 8.5 min
  [187/2898] 17_601 2014: 12 -- 333 written, 8.6 min
  [188/2898] 17_601 2026: 12 -- 345 written, 8.7 min
  [189/2898] 17_602 2022: 12 -- 357 written, 8.7 min
  [190/2898] 17_602 2025: 12 -- 369 written, 8.8 min
  [191/2898] 17_603 2022: 12 -- 381 written, 8.9 min
  [192/2898] 17_603 2025: 12 -- 393 written, 8.9 min
  [193/2898] 17_605 2010: 2 -- 395 written, 9.0 min
  [194/2898] 17_605 2021: 2 -- 397 written, 9.1 min
  [195/2898] 17_606 2021: 2 -- 399 written, 9.1 min
  [196/2898] 17_606 2022: 2 -- 401 written, 9.2 min
  [197/2898] 18_580 2010: 2 -- 403 written, 9.3 min
  [198/2898] 18_580 2014: 2 -- 405 written, 9.4 min
  [199/2898] 18_581 2013: 2 -- 407 written, 9.5 min
  [200/2898] 18_581 2014: 2 -- 409 written, 9.6 min
  [201/2898] 18_582 2019: 1 -- 410 written, 9.7 min
  [202/2898] 18_582 2025: 1 -- 411 written, 9.8 min
  [203/2898] 18_583 2017: 1 -- 412 written, 9.9 min
  [204/2898] 18_583 2025: 1 -- 413 written, 10.0 min
  [205/2898] 18_584 2010: 1 -- 414 written, 10.1 min
  [206/2898] 18_584 2023: 1 -- 415 written, 10.2 min
  [207/2898] 18_585 2010: 1 -- 416 written, 10.3 min
  [208/2898] 18_585 2020: 1 -- 417 written, 10.4 min
  [209/2898] 18_586 2019: 1 -- 418 written, 10.5 min
  [210/2898] 18_586 2022: 1 -- 419 written, 10.7 min
  [211/2898] 18_587 2012: 1 -- 420 written, 10.7 min
  [212/2898] 18_587 2019: 1 -- 421 written, 10.8 min
  [213/2898] 18_588 2013: 1 -- 422 written, 10.9 min
  [214/2898] 18_588 2014: 1 -- 423 written, 11.0 min
  [215/2898] 18_589 2020: 1 -- 424 written, 11.1 min
  [216/2898] 18_589 2022: 1 -- 425 written, 11.2 min
  [217/2898] 18_590 2013: 1 -- 426 written, 11.3 min
  [218/2898] 18_590 2022: 1 -- 427 written, 11.5 min
  [219/2898] 18_591 2022: 1 -- 428 written, 11.7 min
  [220/2898] 18_591 2025: 1 -- 429 written, 11.8 min
  [221/2898] 18_592 2021: 1 -- 430 written, 12.0 min
  [222/2898] 18_592 2022: 1 -- 431 written, 12.2 min
  [223/2898] 18_593 2014: 1 -- 432 written, 12.3 min
  [224/2898] 18_593 2022: 1 -- 433 written, 12.4 min
  [225/2898] 18_594 2019: 1 -- 434 written, 12.6 min
  [226/2898] 18_594 2022: 1 -- 435 written, 12.8 min
  [227/2898] 18_595 2022: 1 -- 436 written, 12.9 min
  [228/2898] 18_595 2025: 1 -- 437 written, 13.1 min
  [229/2898] 18_596 2022: 1 -- 438 written, 13.2 min
  [230/2898] 18_596 2026: 1 -- 439 written, 13.3 min
  [231/2898] 18_597 2019: 1 -- 440 written, 13.5 min
  [232/2898] 18_597 2020: 1 -- 441 written, 13.6 min
  [233/2898] 18_598 2013: 1 -- 442 written, 13.6 min
  [234/2898] 18_598 2014: 1 -- 443 written, 13.7 min
  [235/2898] 18_599 2013: 12 -- 455 written, 13.8 min
  [236/2898] 18_599 2026: 12 -- 467 written, 14.0 min
  [237/2898] 18_600 2013: 12 -- 479 written, 14.1 min
  [238/2898] 18_600 2020: 12 -- 491 written, 14.2 min
  [239/2898] 18_601 2010: 12 -- 503 written, 14.3 min
  [240/2898] 18_601 2013: 12 -- 515 written, 14.4 min
  [241/2898] 18_602 2022: 12 -- 527 written, 14.5 min
  [242/2898] 18_602 2024: 12 -- 539 written, 14.6 min
  [243/2898] 18_603 2012: 12 -- 551 written, 14.7 min
  [244/2898] 18_603 2013: 12 -- 563 written, 14.8 min
  [245/2898] 18_604 2020: 2 -- 565 written, 14.9 min
  [246/2898] 18_604 2022: 2 -- 567 written, 14.9 min
  [247/2898] 18_605 2003: 2 -- 569 written, 15.0 min
  [248/2898] 18_605 2017: 2 -- 571 written, 15.1 min
  [249/2898] 18_606 2014: 2 -- 573 written, 15.2 min
  [250/2898] 18_606 2022: 2 -- 575 written, 15.3 min
  [251/2898] 18_607 2010: 2 -- 577 written, 15.4 min
  [252/2898] 18_607 2020: 2 -- 579 written, 15.5 min
  [253/2898] 18_608 2017: 2 -- 581 written, 15.6 min
  [254/2898] 18_608 2026: 2 -- 583 written, 15.8 min
  [255/2898] 19_580 2010: 2 -- 585 written, 15.8 min
  [256/2898] 19_580 2022: 2 -- 587 written, 16.0 min
  [257/2898] 19_581 2022: 2 -- 589 written, 16.1 min
  [258/2898] 19_581 2026: 2 -- 591 written, 16.2 min
  [259/2898] 19_582 2018: 1 -- 592 written, 16.3 min
  [260/2898] 19_582 2024: 1 -- 593 written, 16.4 min
  [261/2898] 19_583 2014: 1 -- 594 written, 16.5 min
  [262/2898] 19_583 2022: 1 -- 595 written, 16.6 min
  [263/2898] 19_584 2020: 1 -- 596 written, 16.8 min
  [264/2898] 19_584 2021: 1 -- 597 written, 16.9 min
  [265/2898] 19_585 2013: 1 -- 598 written, 16.9 min
  [266/2898] 19_585 2022: 1 -- 599 written, 17.1 min
  [267/2898] 19_586 2017: 1 -- 600 written, 17.2 min
  [268/2898] 19_586 2020: 1 -- 601 written, 17.3 min
  [269/2898] 19_587 2022: 1 -- 602 written, 17.4 min
  [270/2898] 19_587 2024: 1 -- 603 written, 17.5 min
  [271/2898] 19_588 2021: 1 -- 604 written, 17.7 min
  [272/2898] 19_588 2022: 1 -- 605 written, 17.8 min
  [273/2898] 19_589 2021: 1 -- 606 written, 17.9 min
  [274/2898] 19_589 2025: 1 -- 607 written, 18.0 min
  [275/2898] 19_590 2022: 1 -- 608 written, 18.2 min
  [276/2898] 19_590 2026: 1 -- 609 written, 18.3 min
  [277/2898] 19_591 2020: 1 -- 610 written, 18.5 min
  [278/2898] 19_591 2022: 1 -- 611 written, 18.6 min
  [279/2898] 19_592 2012: 1 -- 612 written, 18.7 min
  [280/2898] 19_592 2021: 1 -- 613 written, 18.9 min
  [281/2898] 19_593 2019: 1 -- 614 written, 19.1 min
  [282/2898] 19_593 2020: 1 -- 615 written, 19.2 min
  [283/2898] 19_594 2024: 1 -- 616 written, 19.4 min
  [284/2898] 19_594 2026: 1 -- 617 written, 19.6 min
  [285/2898] 19_595 2019: 1 -- 618 written, 19.7 min
  [286/2898] 19_595 2026: 1 -- 619 written, 19.9 min
  [287/2898] 19_596 2010: 1 -- 620 written, 20.0 min
  [288/2898] 19_596 2021: 1 -- 621 written, 20.1 min
  [289/2898] 19_597 2014: 1 -- 622 written, 20.2 min
  [290/2898] 19_597 2019: 1 -- 623 written, 20.3 min
  [291/2898] 19_598 2010: 1 -- 624 written, 20.4 min
  [292/2898] 19_598 2020: 1 -- 625 written, 20.5 min
  [293/2898] 19_599 2014: 12 -- 637 written, 20.6 min
  [294/2898] 19_599 2022: 12 -- 649 written, 20.7 min
  [295/2898] 19_600 2021: 12 -- 661 written, 20.8 min
  [296/2898] 19_600 2025: 12 -- 673 written, 21.0 min
  [297/2898] 19_601 2019: 12 -- 685 written, 21.1 min
  [298/2898] 19_601 2021: 12 -- 697 written, 21.2 min
  [299/2898] 19_602 2021: 12 -- 709 written, 21.3 min
  [300/2898] 19_602 2025: 12 -- 721 written, 21.5 min
  [301/2898] 19_603 2022: 12 -- 733 written, 21.6 min
  [302/2898] 19_603 2026: 12 -- 745 written, 21.8 min
  [303/2898] 19_604 2020: 2 -- 747 written, 21.9 min
  [304/2898] 19_604 2026: 2 -- 749 written, 21.9 min
  [305/2898] 19_605 2021: 2 -- 751 written, 22.1 min
  [306/2898] 19_605 2022: 2 -- 753 written, 22.2 min
  [307/2898] 19_606 2014: 2 -- 755 written, 22.3 min
  [308/2898] 19_606 2022: 2 -- 757 written, 22.4 min
  [309/2898] 19_607 2017: 2 -- 759 written, 22.6 min
  [310/2898] 19_607 2020: 2 -- 761 written, 22.8 min
  [311/2898] 19_608 2019: 2 -- 763 written, 22.9 min
  [312/2898] 19_608 2022: 2 -- 765 written, 23.1 min
  [313/2898] 19_609 2013: 2 -- 767 written, 23.2 min
  [314/2898] 19_609 2022: 2 -- 769 written, 23.3 min
  [315/2898] 19_610 2020: 1 -- 770 written, 23.4 min
  [316/2898] 19_610 2021: 1 -- 771 written, 23.4 min
  [317/2898] 20_580 2010: 2 -- 773 written, 23.5 min
  [318/2898] 20_580 2019: 2 -- 775 written, 23.6 min
  [319/2898] 20_581 2019: 2 -- 777 written, 23.7 min
  [320/2898] 20_581 2022: 2 -- 779 written, 23.8 min
  [321/2898] 20_582 2019: 1 -- 780 written, 23.9 min
  [322/2898] 20_582 2022: 1 -- 781 written, 24.0 min
  [323/2898] 20_583 2019: 1 -- 782 written, 24.0 min
  [324/2898] 20_583 2020: 1 -- 783 written, 24.2 min
  [325/2898] 20_584 2013: 1 -- 784 written, 24.2 min
  [326/2898] 20_584 2022: 1 -- 785 written, 24.3 min
  [327/2898] 20_585 2014: 1 -- 786 written, 24.4 min
  [328/2898] 20_585 2020: 1 -- 787 written, 24.5 min
  [329/2898] 20_586 2019: 1 -- 788 written, 24.6 min
  [330/2898] 20_586 2025: 1 -- 789 written, 24.7 min
  [331/2898] 20_587 2019: 1 -- 790 written, 24.8 min
  [332/2898] 20_587 2022: 1 -- 791 written, 25.0 min
  [333/2898] 20_588 2010: 1 -- 792 written, 25.0 min
  [334/2898] 20_588 2019: 1 -- 793 written, 25.2 min
  [335/2898] 20_589 2014: 1 -- 794 written, 25.2 min
  [336/2898] 20_589 2026: 1 -- 795 written, 25.4 min
  [337/2898] 20_590 2010: 1 -- 796 written, 25.5 min
  [338/2898] 20_590 2012: 1 -- 797 written, 25.6 min
  [339/2898] 20_591 2020: 1 -- 798 written, 25.7 min
  [340/2898] 20_591 2021: 1 -- 799 written, 25.9 min
  [341/2898] 20_592 2022: 1 -- 800 written, 26.1 min
  [342/2898] 20_592 2025: 1 -- 801 written, 26.2 min
  [343/2898] 20_593 2020: 1 -- 802 written, 26.4 min
  [344/2898] 20_593 2022: 1 -- 803 written, 26.6 min
  [345/2898] 20_594 2019: 1 -- 804 written, 26.8 min
  [346/2898] 20_594 2022: 1 -- 805 written, 26.9 min
  [347/2898] 20_595 2013: 1 -- 806 written, 27.1 min
  [348/2898] 20_595 2022: 1 -- 807 written, 27.2 min
  [349/2898] 20_596 2017: 1 -- 808 written, 27.4 min
  [350/2898] 20_596 2020: 1 -- 809 written, 27.5 min
  [351/2898] 20_597 2010: 1 -- 810 written, 27.6 min
  [352/2898] 20_597 2022: 1 -- 811 written, 27.7 min
  [353/2898] 20_598 2014: 1 -- 812 written, 27.8 min
  [354/2898] 20_598 2024: 1 -- 813 written, 27.9 min
  [355/2898] 20_599 2003: 12 -- 825 written, 28.0 min
  [356/2898] 20_599 2022: 12 -- 837 written, 28.2 min
  [357/2898] 20_600 2020: 12 -- 849 written, 28.3 min
  [358/2898] 20_600 2022: 12 -- 861 written, 28.4 min
  [359/2898] 20_601 2020: 12 -- 873 written, 28.6 min
  [360/2898] 20_601 2022: 12 -- 885 written, 28.7 min
  [361/2898] 20_602 2020: 12 -- 897 written, 28.8 min
  [362/2898] 20_602 2022: 12 -- 909 written, 28.9 min
  [363/2898] 20_603 2010: 12 -- 921 written, 29.0 min
  [364/2898] 20_603 2013: 12 -- 933 written, 29.1 min
  [365/2898] 20_604 2014: 2 -- 935 written, 29.2 min
  [366/2898] 20_604 2019: 2 -- 937 written, 29.3 min
  [367/2898] 20_605 2010: 2 -- 939 written, 29.4 min
  [368/2898] 20_605 2019: 2 -- 941 written, 29.5 min
  [369/2898] 20_606 2010: 2 -- 943 written, 29.6 min
  [370/2898] 20_606 2019: 2 -- 945 written, 29.7 min
  [371/2898] 20_607 2013: 2 -- 947 written, 29.8 min
  [372/2898] 20_607 2014: 2 -- 949 written, 30.0 min
  [373/2898] 20_608 2006: 2 -- 951 written, 30.2 min
  [374/2898] 20_608 2024: 2 -- 953 written, 30.4 min
  [375/2898] 20_609 2021: 2 -- 955 written, 30.6 min
  [376/2898] 20_609 2022: 2 -- 957 written, 30.7 min
  [377/2898] 20_610 2020: 1 -- 958 written, 30.9 min
  [378/2898] 20_610 2022: 1 -- 959 written, 31.1 min
  [379/2898] 20_611 2014: 1 -- 960 written, 31.2 min
  [380/2898] 20_611 2022: 1 -- 961 written, 31.4 min
  [381/2898] 21_580 2014: 2 -- 963 written, 31.5 min
  [382/2898] 21_580 2021: 2 -- 965 written, 31.6 min
  [383/2898] 21_581 2014: 2 -- 967 written, 31.6 min
  [384/2898] 21_581 2020: 2 -- 969 written, 31.7 min
  [385/2898] 21_582 2010: 1 -- 970 written, 31.8 min
  [386/2898] 21_582 2022: 1 -- 971 written, 31.8 min
  [387/2898] 21_583 2021: 1 -- 972 written, 31.9 min
  [388/2898] 21_583 2022: 1 -- 973 written, 32.0 min
  [389/2898] 21_584 2022: 1 -- 974 written, 32.1 min
  [390/2898] 21_584 2023: 1 -- 975 written, 32.2 min
  [391/2898] 21_585 2021: 1 -- 976 written, 32.2 min
  [392/2898] 21_585 2023: 1 -- 977 written, 32.3 min
  [393/2898] 21_586 2010: 1 -- 978 written, 32.4 min
  [394/2898] 21_586 2026: 1 -- 979 written, 32.5 min
  [395/2898] 21_587 2017: 1 -- 980 written, 32.6 min
  [396/2898] 21_587 2021: 1 -- 981 written, 32.7 min
  [397/2898] 21_588 2006: 1 -- 982 written, 32.8 min
  [398/2898] 21_588 2013: 1 -- 983 written, 32.8 min
  [399/2898] 21_589 2020: 1 -- 984 written, 32.9 min
  [400/2898] 21_589 2021: 1 -- 985 written, 33.0 min
  [401/2898] 21_590 2019: 1 -- 986 written, 33.2 min
  [402/2898] 21_590 2022: 1 -- 987 written, 33.4 min
  [403/2898] 21_591 2012: 1 -- 988 written, 33.5 min
  [404/2898] 21_591 2022: 1 -- 989 written, 33.6 min
  [405/2898] 21_592 2013: 1 -- 990 written, 33.7 min
  [406/2898] 21_592 2021: 1 -- 991 written, 33.9 min
  [407/2898] 21_593 2010: 1 -- 992 written, 34.0 min
  [408/2898] 21_593 2022: 1 -- 993 written, 34.2 min
  [409/2898] 21_594 2003: 1 -- 994 written, 34.3 min
  [410/2898] 21_594 2014: 1 -- 995 written, 34.4 min
  [411/2898] 21_595 2014: 1 -- 996 written, 34.5 min
  [412/2898] 21_595 2022: 1 -- 997 written, 34.7 min
  [413/2898] 21_596 2010: 1 -- 998 written, 34.8 min
  [414/2898] 21_596 2020: 1 -- 999 written, 34.9 min
  [415/2898] 21_597 2010: 1 -- 1,000 written, 35.0 min
  [416/2898] 21_597 2024: 1 -- 1,001 written, 35.1 min
  [417/2898] 21_598 2010: 1 -- 1,002 written, 35.2 min
  [418/2898] 21_598 2022: 1 -- 1,003 written, 35.3 min
  [419/2898] 21_599 2014: 12 -- 1,015 written, 35.4 min
  [420/2898] 21_599 2021: 12 -- 1,027 written, 35.5 min
  [421/2898] 21_600 2010: 12 -- 1,039 written, 35.6 min
  [422/2898] 21_600 2019: 12 -- 1,051 written, 35.7 min
  [423/2898] 21_601 2022: 12 -- 1,063 written, 35.9 min
  [424/2898] 21_601 2026: 12 -- 1,075 written, 36.0 min
  [425/2898] 21_602 2010: 12 -- 1,087 written, 36.1 min
  [426/2898] 21_602 2020: 12 -- 1,099 written, 36.2 min
  [427/2898] 21_603 2019: 12 -- 1,111 written, 36.4 min
  [428/2898] 21_603 2023: 12 -- 1,123 written, 36.5 min
  [429/2898] 21_604 2014: 2 -- 1,125 written, 36.6 min
  [430/2898] 21_604 2026: 2 -- 1,127 written, 36.7 min
  [431/2898] 21_605 2019: 2 -- 1,129 written, 36.8 min
  [432/2898] 21_605 2025: 2 -- 1,131 written, 37.0 min
  [433/2898] 21_606 2006: 2 -- 1,133 written, 37.1 min
  [434/2898] 21_606 2021: 2 -- 1,135 written, 37.3 min
  [435/2898] 21_607 2019: 2 -- 1,137 written, 37.4 min
  [436/2898] 21_607 2024: 2 -- 1,139 written, 37.6 min
  [437/2898] 21_608 2020: 2 -- 1,141 written, 37.8 min
  [438/2898] 21_608 2025: 2 -- 1,143 written, 38.0 min
  [439/2898] 21_609 2020: 2 -- 1,145 written, 38.2 min
  [440/2898] 21_609 2022: 2 -- 1,147 written, 38.4 min
  [441/2898] 21_610 2010: 1 -- 1,148 written, 38.6 min
  [442/2898] 21_610 2012: 1 -- 1,149 written, 38.7 min
  [443/2898] 21_611 2020: 1 -- 1,150 written, 38.8 min
  [444/2898] 21_611 2022: 1 -- 1,151 written, 39.0 min
  [445/2898] 21_612 2010: 1 -- 1,152 written, 39.1 min
  [446/2898] 21_612 2013: 1 -- 1,153 written, 39.2 min
  [447/2898] 21_613 2013: 1 -- 1,154 written, 39.3 min
  [448/2898] 21_613 2017: 1 -- 1,155 written, 39.4 min
  [449/2898] 21_614 2020: 1 -- 1,156 written, 39.6 min
  [450/2898] 21_614 2025: 1 -- 1,157 written, 39.7 min
  [451/2898] 21_615 2010: 1 -- 1,158 written, 39.8 min
  [452/2898] 21_615 2022: 1 -- 1,159 written, 39.9 min
  [453/2898] 22_580 2022: 2 -- 1,161 written, 40.0 min
  [454/2898] 22_580 2026: 2 -- 1,163 written, 40.1 min
  [455/2898] 22_581 2020: 2 -- 1,165 written, 40.2 min
  [456/2898] 22_581 2021: 2 -- 1,167 written, 40.2 min
  [457/2898] 22_582 2013: 1 -- 1,168 written, 40.3 min
  [458/2898] 22_582 2019: 1 -- 1,169 written, 40.4 min
  [459/2898] 22_583 2013: 1 -- 1,170 written, 40.4 min
  [460/2898] 22_583 2025: 1 -- 1,171 written, 40.5 min
  [461/2898] 22_584 2021: 1 -- 1,172 written, 40.6 min
  [462/2898] 22_584 2022: 1 -- 1,173 written, 40.6 min
  [463/2898] 22_585 2006: 1 -- 1,174 written, 40.7 min
  [464/2898] 22_585 2021: 1 -- 1,175 written, 40.8 min
  [465/2898] 22_586 2021: 1 -- 1,176 written, 40.8 min
  [466/2898] 22_586 2022: 1 -- 1,177 written, 40.9 min
  [467/2898] 22_587 2020: 1 -- 1,178 written, 41.0 min
  [468/2898] 22_587 2022: 1 -- 1,179 written, 41.1 min
  [469/2898] 22_588 2019: 1 -- 1,180 written, 41.1 min
  [470/2898] 22_588 2021: 1 -- 1,181 written, 41.2 min
  [471/2898] 22_589 2019: 1 -- 1,182 written, 41.3 min
  [472/2898] 22_589 2020: 1 -- 1,183 written, 41.3 min
  [473/2898] 22_590 2014: 1 -- 1,184 written, 41.4 min
  [474/2898] 22_590 2022: 1 -- 1,185 written, 41.5 min
  [475/2898] 22_591 2019: 1 -- 1,186 written, 41.6 min
  [476/2898] 22_591 2022: 1 -- 1,187 written, 41.7 min
  [477/2898] 22_592 2020: 1 -- 1,188 written, 41.8 min
  [478/2898] 22_592 2026: 1 -- 1,189 written, 42.0 min
  [479/2898] 22_593 2013: 1 -- 1,190 written, 42.1 min
  [480/2898] 22_593 2019: 1 -- 1,191 written, 42.2 min
  [481/2898] 22_594 2019: 1 -- 1,192 written, 42.3 min
  [482/2898] 22_594 2023: 1 -- 1,193 written, 42.5 min
  [483/2898] 22_595 2013: 1 -- 1,194 written, 42.5 min
  [484/2898] 22_595 2021: 1 -- 1,195 written, 42.7 min
  [485/2898] 22_596 2021: 1 -- 1,196 written, 42.7 min
  [486/2898] 22_596 2025: 1 -- 1,197 written, 42.9 min
  [487/2898] 22_597 2010: 1 -- 1,198 written, 42.9 min
  [488/2898] 22_597 2021: 1 -- 1,199 written, 43.0 min
  [489/2898] 22_598 2014: 1 -- 1,200 written, 43.1 min
  [490/2898] 22_598 2019: 1 -- 1,201 written, 43.3 min
  [491/2898] 22_599 2021: 12 -- 1,213 written, 43.4 min
  [492/2898] 22_599 2025: 12 -- 1,225 written, 43.5 min
  [493/2898] 22_600 2020: 12 -- 1,237 written, 43.6 min
  [494/2898] 22_600 2022: 12 -- 1,249 written, 43.8 min
  [495/2898] 22_601 2017: 12 -- 1,261 written, 43.9 min
  [496/2898] 22_601 2025: 12 -- 1,273 written, 44.1 min
  [497/2898] 22_602 2019: 12 -- 1,285 written, 44.2 min
  [498/2898] 22_602 2026: 12 -- 1,297 written, 44.3 min
  [499/2898] 22_603 2014: 12 -- 1,309 written, 44.4 min
  [500/2898] 22_603 2022: 12 -- 1,321 written, 44.6 min
  [501/2898] 22_604 2010: 2 -- 1,323 written, 44.6 min
  [502/2898] 22_604 2022: 2 -- 1,325 written, 44.8 min
  [503/2898] 22_605 2010: 2 -- 1,327 written, 44.8 min
  [504/2898] 22_605 2022: 2 -- 1,329 written, 44.9 min
  [505/2898] 22_606 2012: 2 -- 1,331 written, 45.0 min
  [506/2898] 22_606 2025: 2 -- 1,333 written, 45.2 min
  [507/2898] 22_607 2013: 2 -- 1,335 written, 45.3 min
  [508/2898] 22_607 2022: 2 -- 1,337 written, 45.5 min
  [509/2898] 22_608 2019: 2 -- 1,339 written, 45.7 min
  [510/2898] 22_608 2024: 2 -- 1,341 written, 45.9 min
  [511/2898] 22_609 2019: 2 -- 1,343 written, 46.1 min
  [512/2898] 22_609 2020: 2 -- 1,345 written, 46.3 min
  [513/2898] 22_610 2014: 1 -- 1,346 written, 46.4 min
  [514/2898] 22_610 2022: 1 -- 1,347 written, 46.6 min
  [515/2898] 22_611 2020: 1 -- 1,348 written, 46.7 min
  [516/2898] 22_611 2022: 1 -- 1,349 written, 46.9 min
  [517/2898] 22_612 2014: 1 -- 1,350 written, 47.0 min
  [518/2898] 22_612 2019: 1 -- 1,351 written, 47.1 min
  [519/2898] 22_613 2010: 1 -- 1,352 written, 47.2 min
  [520/2898] 22_613 2019: 1 -- 1,353 written, 47.3 min
  [521/2898] 22_614 2019: 1 -- 1,354 written, 47.4 min
  [522/2898] 22_614 2020: 1 -- 1,355 written, 47.5 min
  [523/2898] 22_615 2017: 1 -- 1,356 written, 47.7 min
  [524/2898] 22_615 2022: 1 -- 1,357 written, 47.8 min
  [525/2898] 22_616 2014: 1 -- 1,358 written, 47.9 min
  [526/2898] 22_616 2019: 1 -- 1,359 written, 48.0 min
  [527/2898] 22_617 2013: 1 -- 1,360 written, 48.1 min
  [528/2898] 22_617 2017: 1 -- 1,361 written, 48.2 min
  [529/2898] 22_618 2014: 1 -- 1,362 written, 48.3 min
  [530/2898] 22_618 2021: 1 -- 1,363 written, 48.4 min
  [531/2898] 22_619 2013: 1 -- 1,364 written, 48.5 min
  [532/2898] 22_619 2020: 1 -- 1,365 written, 48.6 min
  [533/2898] 22_621 2020: 8 -- 1,373 written, 48.7 min
  [534/2898] 22_621 2025: 8 -- 1,381 written, 48.8 min
  [535/2898] 22_622 2010: 8 -- 1,389 written, 48.9 min
  [536/2898] 22_622 2026: 8 -- 1,397 written, 49.1 min
  [537/2898] 23_580 2012: 2 -- 1,399 written, 49.1 min
  [538/2898] 23_580 2022: 2 -- 1,401 written, 49.2 min
  [539/2898] 23_581 2014: 2 -- 1,403 written, 49.2 min
  [540/2898] 23_581 2022: 2 -- 1,405 written, 49.3 min
  [541/2898] 23_582 2013: 1 -- 1,406 written, 49.3 min
  [542/2898] 23_582 2023: 1 -- 1,407 written, 49.4 min
  [543/2898] 23_583 2010: 1 -- 1,408 written, 49.5 min
  [544/2898] 23_583 2022: 1 -- 1,409 written, 49.5 min
  [545/2898] 23_584 2006: 1 -- 1,410 written, 49.6 min
  [546/2898] 23_584 2022: 1 -- 1,411 written, 49.7 min
  [547/2898] 23_585 2022: 1 -- 1,412 written, 49.7 min
  [548/2898] 23_585 2025: 1 -- 1,413 written, 49.8 min
  [549/2898] 23_586 2014: 1 -- 1,414 written, 49.8 min
  [550/2898] 23_586 2022: 1 -- 1,415 written, 49.9 min
  [551/2898] 23_587 2006: 1 -- 1,416 written, 50.0 min
  [552/2898] 23_587 2019: 1 -- 1,417 written, 50.0 min
  [553/2898] 23_588 2021: 1 -- 1,418 written, 50.1 min
  [554/2898] 23_588 2026: 1 -- 1,419 written, 50.1 min
  [555/2898] 23_589 2014: 1 -- 1,420 written, 50.2 min
  [556/2898] 23_589 2025: 1 -- 1,421 written, 50.3 min
  [557/2898] 23_590 2013: 1 -- 1,422 written, 50.3 min
  [558/2898] 23_590 2025: 1 -- 1,423 written, 50.4 min
  [559/2898] 23_591 2019: 1 -- 1,424 written, 50.5 min
  [560/2898] 23_591 2025: 1 -- 1,425 written, 50.6 min
  [561/2898] 23_592 2022: 1 -- 1,426 written, 50.7 min
  [562/2898] 23_592 2025: 1 -- 1,427 written, 50.8 min
  [563/2898] 23_593 2013: 1 -- 1,428 written, 50.8 min
  [564/2898] 23_593 2014: 1 -- 1,429 written, 50.9 min
  [565/2898] 23_594 2020: 1 -- 1,430 written, 51.1 min
  [566/2898] 23_594 2022: 1 -- 1,431 written, 51.2 min
  [567/2898] 23_595 2010: 1 -- 1,432 written, 51.3 min
  [568/2898] 23_595 2021: 1 -- 1,433 written, 51.4 min
  [569/2898] 23_596 2014: 1 -- 1,434 written, 51.4 min
  [570/2898] 23_596 2021: 1 -- 1,435 written, 51.5 min
  [571/2898] 23_597 2014: 1 -- 1,436 written, 51.6 min
  [572/2898] 23_597 2025: 1 -- 1,437 written, 51.7 min
  [573/2898] 23_598 2020: 1 -- 1,438 written, 51.7 min
  [574/2898] 23_598 2022: 1 -- 1,439 written, 51.8 min
  [575/2898] 23_599 2017: 12 -- 1,451 written, 52.0 min
  [576/2898] 23_599 2021: 12 -- 1,463 written, 52.1 min
  [577/2898] 23_600 2019: 12 -- 1,475 written, 52.3 min
  [578/2898] 23_600 2020: 12 -- 1,487 written, 52.4 min
  [579/2898] 23_601 2019: 12 -- 1,499 written, 52.5 min
  [580/2898] 23_601 2026: 12 -- 1,511 written, 52.6 min
  [581/2898] 23_602 2021: 12 -- 1,523 written, 52.8 min
  [582/2898] 23_602 2022: 12 -- 1,535 written, 52.9 min
  [583/2898] 23_603 2013: 12 -- 1,547 written, 53.0 min
  [584/2898] 23_603 2026: 12 -- 1,559 written, 53.1 min
  [585/2898] 23_604 2012: 12 -- 1,571 written, 53.2 min
  [586/2898] 23_604 2013: 12 -- 1,583 written, 53.3 min
  [587/2898] 23_605 2013: 2 -- 1,585 written, 53.3 min
  [588/2898] 23_605 2020: 2 -- 1,587 written, 53.5 min
  [589/2898] 23_606 2019: 2 -- 1,589 written, 53.6 min
  [590/2898] 23_606 2020: 2 -- 1,591 written, 53.8 min
  [591/2898] 23_607 2010: 2 -- 1,593 written, 53.9 min
  [592/2898] 23_607 2020: 2 -- 1,595 written, 54.1 min
  [593/2898] 23_608 2012: 2 -- 1,597 written, 54.2 min
  [594/2898] 23_608 2022: 2 -- 1,599 written, 54.3 min
  [595/2898] 23_609 2010: 2 -- 1,601 written, 54.4 min
  [596/2898] 23_609 2014: 2 -- 1,603 written, 54.6 min
  [597/2898] 23_610 2017: 1 -- 1,604 written, 54.8 min
  [598/2898] 23_610 2019: 1 -- 1,605 written, 54.9 min
  [599/2898] 23_611 2012: 1 -- 1,606 written, 55.0 min
  [600/2898] 23_611 2019: 1 -- 1,607 written, 55.1 min
  [601/2898] 23_612 2019: 1 -- 1,608 written, 55.3 min
  [602/2898] 23_612 2021: 1 -- 1,609 written, 55.4 min
  [603/2898] 23_613 2013: 1 -- 1,610 written, 55.5 min
  [604/2898] 23_613 2022: 1 -- 1,611 written, 55.6 min
  [605/2898] 23_614 2006: 1 -- 1,612 written, 55.7 min
  [606/2898] 23_614 2019: 1 -- 1,613 written, 55.8 min
  [607/2898] 23_615 2014: 1 -- 1,614 written, 55.9 min
  [608/2898] 23_615 2022: 1 -- 1,615 written, 56.1 min
  [609/2898] 23_616 2019: 1 -- 1,616 written, 56.2 min
  [610/2898] 23_616 2020: 1 -- 1,617 written, 56.3 min
  [611/2898] 23_617 2020: 1 -- 1,618 written, 56.4 min
  [612/2898] 23_617 2025: 1 -- 1,619 written, 56.5 min
  [613/2898] 23_618 2010: 1 -- 1,620 written, 56.6 min
  [614/2898] 23_618 2025: 1 -- 1,621 written, 56.7 min
  [615/2898] 23_619 2010: 1 -- 1,622 written, 56.8 min
  [616/2898] 23_619 2019: 1 -- 1,623 written, 56.9 min
  [617/2898] 23_620 2014: 1 -- 1,624 written, 57.0 min
  [618/2898] 23_620 2020: 1 -- 1,625 written, 57.1 min
  [619/2898] 23_621 2021: 8 -- 1,633 written, 57.3 min
  [620/2898] 23_621 2022: 8 -- 1,641 written, 57.4 min
  [621/2898] 23_622 2020: 8 -- 1,649 written, 57.6 min
  [622/2898] 23_622 2022: 8 -- 1,657 written, 57.8 min
  [623/2898] 23_623 2020: 8 -- 1,665 written, 58.0 min
  [624/2898] 23_623 2022: 8 -- 1,673 written, 58.1 min
  [625/2898] 23_624 2020: 7 -- 1,680 written, 58.3 min
  [626/2898] 23_624 2024: 8 -- 1,688 written, 58.5 min
  [627/2898] 24_580 2014: 2 -- 1,690 written, 58.6 min
  [628/2898] 24_580 2022: 2 -- 1,692 written, 58.7 min
  [629/2898] 24_581 2021: 2 -- 1,694 written, 58.7 min
  [630/2898] 24_581 2022: 2 -- 1,696 written, 58.8 min
  [631/2898] 24_582 2021: 1 -- 1,697 written, 58.9 min
  [632/2898] 24_582 2022: 1 -- 1,698 written, 58.9 min
  [633/2898] 24_583 2021: 1 -- 1,699 written, 59.0 min
  [634/2898] 24_583 2022: 1 -- 1,700 written, 59.0 min
  [635/2898] 24_584 2020: 1 -- 1,701 written, 59.1 min
  [636/2898] 24_584 2023: 1 -- 1,702 written, 59.2 min
  [637/2898] 24_585 2013: 1 -- 1,703 written, 59.2 min
  [638/2898] 24_585 2019: 1 -- 1,704 written, 59.3 min
  [639/2898] 24_586 2018: 1 -- 1,705 written, 59.3 min
  [640/2898] 24_586 2026: 1 -- 1,706 written, 59.4 min
  [641/2898] 24_587 2010: 1 -- 1,707 written, 59.5 min
  [642/2898] 24_587 2019: 1 -- 1,708 written, 59.5 min
  [643/2898] 24_588 2012: 1 -- 1,709 written, 59.6 min
  [644/2898] 24_588 2019: 1 -- 1,710 written, 59.6 min
  [645/2898] 24_589 2010: 1 -- 1,711 written, 59.7 min
  [646/2898] 24_589 2014: 1 -- 1,712 written, 59.7 min
  [647/2898] 24_590 2012: 1 -- 1,713 written, 59.8 min
  [648/2898] 24_590 2022: 1 -- 1,714 written, 59.8 min
  [649/2898] 24_591 2019: 1 -- 1,715 written, 59.9 min
  [650/2898] 24_591 2026: 1 -- 1,716 written, 60.0 min
  [651/2898] 24_592 2014: 1 -- 1,717 written, 60.1 min
  [652/2898] 24_592 2022: 1 -- 1,718 written, 60.1 min
  [653/2898] 24_593 2012: 1 -- 1,719 written, 60.2 min
  [654/2898] 24_593 2019: 1 -- 1,720 written, 60.3 min
  [655/2898] 24_594 2012: 1 -- 1,721 written, 60.4 min
  [656/2898] 24_594 2025: 1 -- 1,722 written, 60.5 min
  [657/2898] 24_595 2014: 1 -- 1,723 written, 60.6 min
  [658/2898] 24_595 2022: 1 -- 1,724 written, 60.7 min
  [659/2898] 24_596 2014: 1 -- 1,725 written, 60.7 min
  [660/2898] 24_596 2025: 1 -- 1,726 written, 60.8 min
  [661/2898] 24_597 2006: 1 -- 1,727 written, 60.9 min
  [662/2898] 24_597 2026: 1 -- 1,728 written, 60.9 min
  [663/2898] 24_598 2010: 1 -- 1,729 written, 61.0 min
  [664/2898] 24_598 2022: 1 -- 1,730 written, 61.1 min
  [665/2898] 24_599 2010: 12 -- 1,742 written, 61.1 min
  [666/2898] 24_599 2017: 12 -- 1,754 written, 61.2 min
  [667/2898] 24_600 2022: 12 -- 1,766 written, 61.3 min
  [668/2898] 24_600 2024: 12 -- 1,778 written, 61.4 min
  [669/2898] 24_601 2020: 12 -- 1,790 written, 61.5 min
  [670/2898] 24_601 2021: 12 -- 1,802 written, 61.6 min
  [671/2898] 24_602 2013: 12 -- 1,814 written, 61.7 min
  [672/2898] 24_602 2014: 12 -- 1,826 written, 61.8 min
  [673/2898] 24_603 2013: 12 -- 1,838 written, 61.9 min
  [674/2898] 24_603 2022: 12 -- 1,850 written, 62.0 min
  [675/2898] 24_604 2019: 2 -- 1,852 written, 62.1 min
  [676/2898] 24_604 2025: 2 -- 1,854 written, 62.2 min
  [677/2898] 24_605 2019: 2 -- 1,856 written, 62.3 min
  [678/2898] 24_605 2022: 2 -- 1,858 written, 62.4 min
  [679/2898] 24_606 2013: 2 -- 1,860 written, 62.6 min
  [680/2898] 24_606 2014: 2 -- 1,862 written, 62.7 min
  [681/2898] 24_607 2021: 2 -- 1,864 written, 62.9 min
  [682/2898] 24_607 2022: 2 -- 1,866 written, 63.0 min
  [683/2898] 24_608 2010: 2 -- 1,868 written, 63.1 min
  [684/2898] 24_608 2025: 2 -- 1,870 written, 63.3 min
  [685/2898] 24_609 2012: 2 -- 1,872 written, 63.5 min
  [686/2898] 24_609 2014: 2 -- 1,874 written, 63.6 min
  [687/2898] 24_610 2021: 1 -- 1,875 written, 63.8 min
  [688/2898] 24_610 2022: 1 -- 1,876 written, 64.0 min
  [689/2898] 24_611 2021: 1 -- 1,877 written, 64.1 min
  [690/2898] 24_611 2022: 1 -- 1,878 written, 64.2 min
  [691/2898] 24_612 2014: 1 -- 1,879 written, 64.3 min
  [692/2898] 24_612 2025: 1 -- 1,880 written, 64.5 min
  [693/2898] 24_613 2010: 1 -- 1,881 written, 64.6 min
  [694/2898] 24_613 2012: 1 -- 1,882 written, 64.6 min
  [695/2898] 24_614 2019: 1 -- 1,883 written, 64.7 min
  [696/2898] 24_614 2025: 1 -- 1,884 written, 64.9 min
  [697/2898] 24_615 2006: 1 -- 1,885 written, 65.0 min
  [698/2898] 24_615 2019: 1 -- 1,886 written, 65.1 min
  [699/2898] 24_616 2013: 1 -- 1,887 written, 65.2 min
  [700/2898] 24_616 2025: 1 -- 1,888 written, 65.3 min
  [701/2898] 24_617 2019: 1 -- 1,889 written, 65.5 min
  [702/2898] 24_617 2020: 1 -- 1,890 written, 65.6 min
  [703/2898] 24_618 2021: 1 -- 1,891 written, 65.7 min
  [704/2898] 24_618 2022: 1 -- 1,892 written, 65.8 min
  [705/2898] 24_619 2021: 1 -- 1,893 written, 65.9 min
  [706/2898] 24_619 2026: 1 -- 1,894 written, 66.0 min
  [707/2898] 24_620 2021: 1 -- 1,895 written, 66.2 min
  [708/2898] 24_620 2022: 1 -- 1,896 written, 66.3 min
  [709/2898] 24_621 2006: 8 -- 1,904 written, 66.4 min
  [710/2898] 24_621 2017: 8 -- 1,912 written, 66.6 min
  [711/2898] 24_622 2019: 8 -- 1,920 written, 66.8 min
  [712/2898] 24_622 2020: 8 -- 1,928 written, 66.9 min
  [713/2898] 24_623 2013: 8 -- 1,936 written, 67.0 min
  [714/2898] 24_623 2025: 8 -- 1,944 written, 67.3 min
  [715/2898] 24_624 2019: 8 -- 1,952 written, 67.5 min
  [716/2898] 24_624 2021: 8 -- 1,960 written, 67.7 min
  [717/2898] 24_625 2012: 8 -- 1,968 written, 67.8 min
  [718/2898] 24_625 2017: 8 -- 1,976 written, 68.0 min
  [719/2898] 24_626 2019: 8 -- 1,984 written, 68.2 min
  [720/2898] 24_626 2025: 8 -- 1,992 written, 68.4 min
  [721/2898] 24_633 2017: 3 -- 1,995 written, 68.6 min
  [722/2898] 24_633 2022: 2 -- 1,997 written, 68.7 min
  [723/2898] 24_658 2013: 1 -- 1,998 written, 68.7 min
  [724/2898] 24_658 2014: 1 -- 1,999 written, 68.8 min
  [725/2898] 24_659 2021: 1 -- 2,000 written, 68.9 min
  [726/2898] 24_659 2022: 1 -- 2,001 written, 69.0 min
  [727/2898] 24_660 2014: 3 -- 2,004 written, 69.1 min
  [728/2898] 24_660 2022: 3 -- 2,007 written, 69.2 min
  [729/2898] 24_661 2010: 3 -- 2,010 written, 69.2 min
  [730/2898] 24_661 2019: 3 -- 2,013 written, 69.3 min
  [731/2898] 24_662 2010: 3 -- 2,016 written, 69.4 min
  [732/2898] 24_662 2020: 3 -- 2,019 written, 69.4 min
  [733/2898] 24_663 2020: 3 -- 2,022 written, 69.5 min
  [734/2898] 24_663 2022: 3 -- 2,025 written, 69.6 min
  [735/2898] 24_664 2013: 3 -- 2,028 written, 69.6 min
  [736/2898] 24_664 2026: 3 -- 2,031 written, 69.7 min
  [737/2898] 24_665 2019: 3 -- 2,034 written, 69.8 min
  [738/2898] 24_665 2022: 3 -- 2,037 written, 69.8 min
  [739/2898] 25_580 2022: 2 -- 2,039 written, 70.0 min
  [740/2898] 25_580 2025: 2 -- 2,041 written, 70.1 min
  [741/2898] 25_581 2021: 2 -- 2,043 written, 70.2 min
  [742/2898] 25_581 2022: 2 -- 2,045 written, 70.2 min
  [743/2898] 25_582 2010: 1 -- 2,046 written, 70.3 min
  [744/2898] 25_582 2025: 1 -- 2,047 written, 70.3 min
  [745/2898] 25_583 2019: 1 -- 2,048 written, 70.4 min
  [746/2898] 25_583 2025: 1 -- 2,049 written, 70.5 min
  [747/2898] 25_584 2022: 1 -- 2,050 written, 70.5 min
  [748/2898] 25_584 2025: 1 -- 2,051 written, 70.6 min
  [749/2898] 25_585 2019: 1 -- 2,052 written, 70.7 min
  [750/2898] 25_585 2021: 1 -- 2,053 written, 70.7 min
  [751/2898] 25_586 2019: 1 -- 2,054 written, 70.8 min
  [752/2898] 25_586 2025: 1 -- 2,055 written, 70.9 min
  [753/2898] 25_587 2013: 1 -- 2,056 written, 70.9 min
  [754/2898] 25_587 2021: 1 -- 2,057 written, 71.0 min
  [755/2898] 25_588 2014: 1 -- 2,058 written, 71.0 min
  [756/2898] 25_588 2022: 1 -- 2,059 written, 71.1 min
  [757/2898] 25_589 2014: 1 -- 2,060 written, 71.1 min
  [758/2898] 25_589 2022: 1 -- 2,061 written, 71.2 min
  [759/2898] 25_590 2019: 1 -- 2,062 written, 71.3 min
  [760/2898] 25_590 2020: 1 -- 2,063 written, 71.3 min
  [761/2898] 25_591 2014: 1 -- 2,064 written, 71.4 min
  [762/2898] 25_591 2022: 1 -- 2,065 written, 71.5 min
  [763/2898] 25_592 2010: 1 -- 2,066 written, 71.6 min
  [764/2898] 25_592 2025: 1 -- 2,067 written, 71.7 min
  [765/2898] 25_593 2010: 1 -- 2,068 written, 71.8 min
  [766/2898] 25_593 2022: 1 -- 2,069 written, 72.0 min
  [767/2898] 25_594 2020: 1 -- 2,070 written, 72.1 min
  [768/2898] 25_594 2025: 1 -- 2,071 written, 72.2 min
  [769/2898] 25_595 2017: 1 -- 2,072 written, 72.3 min
  [770/2898] 25_595 2022: 1 -- 2,073 written, 72.4 min
  [771/2898] 25_596 2010: 1 -- 2,074 written, 72.4 min
  [772/2898] 25_596 2013: 1 -- 2,075 written, 72.5 min
  [773/2898] 25_597 2014: 1 -- 2,076 written, 72.6 min
  [774/2898] 25_597 2023: 1 -- 2,077 written, 72.6 min
  [775/2898] 25_598 2014: 1 -- 2,078 written, 72.7 min
  [776/2898] 25_598 2021: 1 -- 2,079 written, 72.7 min
  [777/2898] 25_599 2006: 12 -- 2,091 written, 72.8 min
  [778/2898] 25_599 2020: 12 -- 2,103 written, 72.9 min
  [779/2898] 25_600 2017: 12 -- 2,115 written, 73.0 min
  [780/2898] 25_600 2022: 12 -- 2,127 written, 73.1 min
  [781/2898] 25_601 2010: 12 -- 2,139 written, 73.2 min
  [782/2898] 25_601 2025: 12 -- 2,151 written, 73.3 min
  [783/2898] 25_602 2013: 12 -- 2,163 written, 73.3 min
  [784/2898] 25_602 2021: 12 -- 2,175 written, 73.4 min
  [785/2898] 25_603 2020: 12 -- 2,187 written, 73.5 min
  [786/2898] 25_603 2022: 12 -- 2,199 written, 73.6 min
  [787/2898] 25_604 2010: 12 -- 2,211 written, 73.6 min
  [788/2898] 25_604 2025: 12 -- 2,223 written, 73.7 min
  [789/2898] 25_605 2020: 2 -- 2,225 written, 73.8 min
  [790/2898] 25_605 2026: 2 -- 2,227 written, 73.9 min
  [791/2898] 25_606 2014: 2 -- 2,229 written, 74.0 min
  [792/2898] 25_606 2019: 2 -- 2,231 written, 74.1 min
  [793/2898] 25_607 2021: 2 -- 2,233 written, 74.2 min
  [794/2898] 25_607 2026: 2 -- 2,235 written, 74.3 min
  [795/2898] 25_608 2013: 2 -- 2,237 written, 74.3 min
  [796/2898] 25_608 2019: 2 -- 2,239 written, 74.5 min
  [797/2898] 25_609 2014: 2 -- 2,241 written, 74.6 min
  [798/2898] 25_609 2022: 2 -- 2,243 written, 74.8 min
  [799/2898] 25_610 2014: 1 -- 2,244 written, 74.9 min
  [800/2898] 25_610 2022: 1 -- 2,245 written, 75.0 min
  [801/2898] 25_611 2017: 1 -- 2,246 written, 75.2 min
  [802/2898] 25_611 2022: 1 -- 2,247 written, 75.3 min
  [803/2898] 25_612 2022: 1 -- 2,248 written, 75.5 min
  [804/2898] 25_612 2023: 1 -- 2,249 written, 75.6 min
  [805/2898] 25_613 2013: 1 -- 2,250 written, 75.7 min
  [806/2898] 25_613 2022: 1 -- 2,251 written, 75.8 min
  [807/2898] 25_614 2014: 1 -- 2,252 written, 75.9 min
  [808/2898] 25_614 2024: 1 -- 2,253 written, 76.0 min
  [809/2898] 25_615 2006: 1 -- 2,254 written, 76.1 min
  [810/2898] 25_615 2022: 1 -- 2,255 written, 76.3 min
  [811/2898] 25_616 2022: 1 -- 2,256 written, 76.4 min
  [812/2898] 25_616 2025: 1 -- 2,257 written, 76.5 min
  [813/2898] 25_617 2013: 1 -- 2,258 written, 76.6 min
  [814/2898] 25_617 2019: 1 -- 2,259 written, 76.7 min
  [815/2898] 25_618 2013: 1 -- 2,260 written, 76.8 min
  [816/2898] 25_618 2014: 1 -- 2,261 written, 76.9 min
  [817/2898] 25_619 2019: 1 -- 2,262 written, 77.0 min
  [818/2898] 25_619 2022: 1 -- 2,263 written, 77.1 min
  [819/2898] 25_620 2022: 1 -- 2,264 written, 77.2 min
  [820/2898] 25_620 2025: 1 -- 2,265 written, 77.4 min
  [821/2898] 25_621 2020: 8 -- 2,273 written, 77.6 min
  [822/2898] 25_621 2021: 8 -- 2,281 written, 77.7 min
  [823/2898] 25_622 2013: 8 -- 2,289 written, 77.8 min
  [824/2898] 25_622 2025: 8 -- 2,297 written, 78.1 min
  [825/2898] 25_623 2010: 8 -- 2,305 written, 78.2 min
  [826/2898] 25_623 2022: 8 -- 2,313 written, 78.4 min
  [827/2898] 25_624 2013: 8 -- 2,321 written, 78.6 min
  [828/2898] 25_624 2022: 8 -- 2,329 written, 78.8 min
  [829/2898] 25_625 2013: 8 -- 2,337 written, 78.9 min
  [830/2898] 25_625 2022: 8 -- 2,345 written, 79.2 min
  [831/2898] 25_626 2019: 8 -- 2,353 written, 79.4 min
  [832/2898] 25_626 2022: 8 -- 2,361 written, 79.6 min
  [833/2898] 25_627 2006: 7 -- 2,368 written, 79.8 min
  [834/2898] 25_627 2022: 8 -- 2,376 written, 80.0 min
  [835/2898] 25_629 2013: 5 -- 2,381 written, 80.1 min
  [836/2898] 25_629 2021: 6 -- 2,387 written, 80.2 min
  [837/2898] 25_630 2010: 20 -- 2,407 written, 80.3 min
  [838/2898] 25_630 2022: 20 -- 2,427 written, 80.5 min
  [839/2898] 25_631 2013: 20 -- 2,447 written, 80.5 min
  [840/2898] 25_631 2022: 20 -- 2,467 written, 80.7 min
  [841/2898] 25_632 2010: 16 -- 2,483 written, 80.8 min
  [842/2898] 25_632 2019: 16 -- 2,499 written, 80.9 min
  [843/2898] 25_633 2019: 16 -- 2,515 written, 81.0 min
  [844/2898] 25_633 2022: 16 -- 2,531 written, 81.2 min
  [845/2898] 25_634 2013: 16 -- 2,547 written, 81.2 min
  [846/2898] 25_634 2026: 16 -- 2,563 written, 81.4 min
  [847/2898] 25_651 2022: 1 -- 2,564 written, 81.5 min
  [848/2898] 25_651 2025: 1 -- 2,565 written, 81.6 min
  [849/2898] 25_652 2017: 9 -- 2,574 written, 81.7 min
  [850/2898] 25_652 2019: 9 -- 2,583 written, 81.8 min
  [851/2898] 25_653 2010: 9 -- 2,592 written, 81.9 min
  [852/2898] 25_653 2026: 9 -- 2,601 written, 81.9 min
  [853/2898] 25_654 2022: 1 -- 2,602 written, 82.0 min
  [854/2898] 25_654 2024: 1 -- 2,603 written, 82.1 min
  [855/2898] 25_655 2020: 1 -- 2,604 written, 82.2 min
  [856/2898] 25_655 2022: 1 -- 2,605 written, 82.3 min
  [857/2898] 25_656 2022: 1 -- 2,606 written, 82.4 min
  [858/2898] 25_656 2025: 1 -- 2,607 written, 82.6 min
  [859/2898] 25_657 2010: 1 -- 2,608 written, 82.7 min
  [860/2898] 25_657 2014: 1 -- 2,609 written, 82.8 min
  [861/2898] 25_658 2013: 1 -- 2,610 written, 82.9 min
  [862/2898] 25_658 2019: 1 -- 2,611 written, 82.9 min
  [863/2898] 25_659 2020: 1 -- 2,612 written, 83.0 min
  [864/2898] 25_659 2022: 1 -- 2,613 written, 83.1 min
  [865/2898] 25_660 2013: 3 -- 2,616 written, 83.1 min
  [866/2898] 25_660 2014: 3 -- 2,619 written, 83.2 min
  [867/2898] 25_661 2014: 3 -- 2,622 written, 83.3 min
  [868/2898] 25_661 2022: 3 -- 2,625 written, 83.3 min
  [869/2898] 25_662 2006: 3 -- 2,628 written, 83.4 min
  [870/2898] 25_662 2019: 3 -- 2,631 written, 83.5 min
  [871/2898] 25_663 2014: 3 -- 2,634 written, 83.5 min
  [872/2898] 25_663 2022: 3 -- 2,637 written, 83.6 min
  [873/2898] 25_664 2013: 3 -- 2,640 written, 83.7 min
  [874/2898] 25_664 2022: 3 -- 2,643 written, 83.7 min
  [875/2898] 25_665 2019: 3 -- 2,646 written, 83.8 min
  [876/2898] 25_665 2022: 3 -- 2,649 written, 83.9 min
  [877/2898] 26_580 2022: 2 -- 2,651 written, 84.0 min
  [878/2898] 26_580 2026: 2 -- 2,653 written, 84.1 min
  [879/2898] 26_581 2019: 2 -- 2,655 written, 84.2 min
  [880/2898] 26_581 2022: 2 -- 2,657 written, 84.3 min
  [881/2898] 26_582 2010: 1 -- 2,658 written, 84.3 min
  [882/2898] 26_582 2022: 1 -- 2,659 written, 84.4 min
  [883/2898] 26_583 2010: 1 -- 2,660 written, 84.4 min
  [884/2898] 26_583 2022: 1 -- 2,661 written, 84.5 min
  [885/2898] 26_584 2013: 1 -- 2,662 written, 84.6 min
  [886/2898] 26_584 2019: 1 -- 2,663 written, 84.6 min
  [887/2898] 26_585 2013: 1 -- 2,664 written, 84.7 min
  [888/2898] 26_585 2020: 1 -- 2,665 written, 84.7 min
  [889/2898] 26_586 2019: 1 -- 2,666 written, 84.8 min
  [890/2898] 26_586 2020: 1 -- 2,667 written, 84.9 min
  [891/2898] 26_587 2019: 1 -- 2,668 written, 84.9 min
  [892/2898] 26_587 2020: 1 -- 2,669 written, 85.0 min
  [893/2898] 26_588 2010: 1 -- 2,670 written, 85.0 min
  [894/2898] 26_588 2022: 1 -- 2,671 written, 85.1 min
  [895/2898] 26_589 2010: 1 -- 2,672 written, 85.1 min
  [896/2898] 26_589 2013: 1 -- 2,673 written, 85.2 min
  [897/2898] 26_590 2010: 1 -- 2,674 written, 85.2 min
  [898/2898] 26_590 2019: 1 -- 2,675 written, 85.3 min
  [899/2898] 26_591 2019: 1 -- 2,676 written, 85.4 min
  [900/2898] 26_591 2022: 1 -- 2,677 written, 85.5 min
  [901/2898] 26_592 2014: 1 -- 2,678 written, 85.6 min
  [902/2898] 26_592 2026: 1 -- 2,679 written, 85.7 min
  [903/2898] 26_593 2014: 1 -- 2,680 written, 85.8 min
  [904/2898] 26_593 2025: 1 -- 2,681 written, 85.9 min
  [905/2898] 26_594 2010: 1 -- 2,682 written, 86.0 min
  [906/2898] 26_594 2021: 1 -- 2,683 written, 86.1 min
  [907/2898] 26_595 2006: 1 -- 2,684 written, 86.2 min
  [908/2898] 26_595 2013: 1 -- 2,685 written, 86.2 min
  [909/2898] 26_596 2012: 1 -- 2,686 written, 86.3 min
  [910/2898] 26_596 2022: 1 -- 2,687 written, 86.4 min
  [911/2898] 26_597 2010: 1 -- 2,688 written, 86.4 min
  [912/2898] 26_597 2022: 1 -- 2,689 written, 86.5 min
  [913/2898] 26_598 2021: 1 -- 2,690 written, 86.5 min
  [914/2898] 26_598 2026: 1 -- 2,691 written, 86.6 min
  [915/2898] 26_599 2010: 12 -- 2,703 written, 86.6 min
  [916/2898] 26_599 2017: 12 -- 2,715 written, 86.7 min
  [917/2898] 26_600 2012: 12 -- 2,727 written, 86.8 min
  [918/2898] 26_600 2021: 12 -- 2,739 written, 86.9 min
  [919/2898] 26_601 2014: 12 -- 2,751 written, 86.9 min
  [920/2898] 26_601 2021: 12 -- 2,763 written, 87.0 min
  [921/2898] 26_602 2021: 12 -- 2,775 written, 87.1 min
  [922/2898] 26_602 2024: 12 -- 2,787 written, 87.1 min
  [923/2898] 26_603 2014: 12 -- 2,799 written, 87.2 min
  [924/2898] 26_603 2020: 12 -- 2,811 written, 87.3 min
  [925/2898] 26_604 2013: 12 -- 2,823 written, 87.3 min
  [926/2898] 26_604 2025: 12 -- 2,835 written, 87.4 min
  [927/2898] 26_605 2020: 2 -- 2,837 written, 87.4 min
  [928/2898] 26_605 2024: 2 -- 2,839 written, 87.5 min
  [929/2898] 26_606 2013: 2 -- 2,841 written, 87.6 min
  [930/2898] 26_606 2019: 2 -- 2,843 written, 87.7 min
  [931/2898] 26_607 2010: 2 -- 2,845 written, 87.7 min
  [932/2898] 26_607 2021: 2 -- 2,847 written, 87.8 min
  [933/2898] 26_608 2019: 2 -- 2,849 written, 87.9 min
  [934/2898] 26_608 2022: 2 -- 2,851 written, 88.0 min
  [935/2898] 26_609 2013: 2 -- 2,853 written, 88.1 min
  [936/2898] 26_609 2022: 2 -- 2,855 written, 88.3 min
  [937/2898] 26_610 2019: 1 -- 2,856 written, 88.4 min
  [938/2898] 26_610 2026: 1 -- 2,857 written, 88.5 min
  [939/2898] 26_611 2013: 1 -- 2,858 written, 88.6 min
  [940/2898] 26_611 2025: 1 -- 2,859 written, 88.7 min
  [941/2898] 26_612 2020: 1 -- 2,860 written, 88.8 min
  [942/2898] 26_612 2024: 1 -- 2,861 written, 88.9 min
  [943/2898] 26_613 2022: 1 -- 2,862 written, 88.9 min
  [944/2898] 26_613 2026: 1 -- 2,863 written, 89.0 min
  [945/2898] 26_614 2014: 1 -- 2,864 written, 89.1 min
  [946/2898] 26_614 2020: 1 -- 2,865 written, 89.2 min
  [947/2898] 26_615 2021: 1 -- 2,866 written, 89.3 min
  [948/2898] 26_615 2022: 1 -- 2,867 written, 89.4 min
  [949/2898] 26_616 2022: 1 -- 2,868 written, 89.5 min
  [950/2898] 26_616 2025: 1 -- 2,869 written, 89.6 min
  [951/2898] 26_617 2013: 1 -- 2,870 written, 89.7 min
  [952/2898] 26_617 2019: 1 -- 2,871 written, 89.8 min
  [953/2898] 26_618 2013: 1 -- 2,872 written, 89.9 min
  [954/2898] 26_618 2022: 1 -- 2,873 written, 90.0 min
  [955/2898] 26_619 2020: 1 -- 2,874 written, 90.1 min
  [956/2898] 26_619 2022: 1 -- 2,875 written, 90.2 min
  [957/2898] 26_620 2014: 1 -- 2,876 written, 90.3 min
  [958/2898] 26_620 2025: 1 -- 2,877 written, 90.4 min
  [959/2898] 26_621 2014: 8 -- 2,885 written, 90.6 min
  [960/2898] 26_621 2022: 8 -- 2,893 written, 90.8 min
  [961/2898] 26_622 2022: 8 -- 2,901 written, 90.9 min
  [962/2898] 26_622 2024: 8 -- 2,909 written, 91.2 min
  [963/2898] 26_623 2010: 8 -- 2,917 written, 91.3 min
  [964/2898] 26_623 2013: 8 -- 2,925 written, 91.4 min
  [965/2898] 26_624 2019: 8 -- 2,933 written, 91.6 min
  [966/2898] 26_624 2021: 8 -- 2,941 written, 91.8 min
  [967/2898] 26_625 2010: 8 -- 2,949 written, 92.0 min
  [968/2898] 26_625 2021: 8 -- 2,957 written, 92.1 min
  [969/2898] 26_626 2010: 8 -- 2,965 written, 92.3 min
  [970/2898] 26_626 2023: 8 -- 2,973 written, 92.5 min
  [971/2898] 26_627 2020: 20 -- 2,993 written, 92.7 min
  [972/2898] 26_627 2026: 20 -- 3,013 written, 92.9 min
  [973/2898] 26_628 2013: 20 -- 3,033 written, 93.0 min
  [974/2898] 26_628 2017: 20 -- 3,053 written, 93.2 min
  [975/2898] 26_629 2023: 20 -- 3,073 written, 93.4 min
  [976/2898] 26_629 2024: 20 -- 3,093 written, 93.5 min
  [977/2898] 26_630 2022: 20 -- 3,113 written, 93.6 min
  [978/2898] 26_630 2024: 20 -- 3,133 written, 93.8 min
  [979/2898] 26_631 2021: 20 -- 3,153 written, 93.9 min
  [980/2898] 26_631 2022: 20 -- 3,173 written, 94.1 min
  [981/2898] 26_632 2025: 16 -- 3,189 written, 94.2 min
  [982/2898] 26_632 2026: 16 -- 3,205 written, 94.3 min
  [983/2898] 26_633 2014: 16 -- 3,221 written, 94.4 min
  [984/2898] 26_633 2025: 16 -- 3,237 written, 94.6 min
  [985/2898] 26_634 2013: 16 -- 3,253 written, 94.6 min
  [986/2898] 26_634 2014: 16 -- 3,269 written, 94.8 min
  [987/2898] 26_635 2012: 16 -- 3,285 written, 94.8 min
  [988/2898] 26_635 2022: 16 -- 3,301 written, 94.9 min
  [989/2898] 26_636 2014: 6 -- 3,307 written, 95.0 min
  [990/2898] 26_636 2024: 7 -- 3,314 written, 95.2 min
  [991/2898] 26_637 2014: 15 -- 3,329 written, 95.2 min
  [992/2898] 26_637 2024: 15 -- 3,344 written, 95.4 min
  [993/2898] 26_643 2010: 11 -- 3,355 written, 95.6 min
  [994/2898] 26_643 2012: 11 -- 3,366 written, 95.7 min
  [995/2898] 26_644 2010: 11 -- 3,377 written, 95.8 min
  [996/2898] 26_644 2019: 11 -- 3,388 written, 95.9 min
  [997/2898] 26_645 2010: 11 -- 3,399 written, 96.0 min
  [998/2898] 26_645 2014: 11 -- 3,410 written, 96.1 min
  [999/2898] 26_646 2020: 11 -- 3,421 written, 96.2 min
  [1000/2898] 26_646 2021: 11 -- 3,432 written, 96.2 min
  [1001/2898] 26_647 2021: 11 -- 3,443 written, 96.3 min
  [1002/2898] 26_647 2022: 11 -- 3,454 written, 96.4 min
  [1003/2898] 26_648 2013: 11 -- 3,465 written, 96.5 min
  [1004/2898] 26_648 2019: 11 -- 3,476 written, 96.5 min
  [1005/2898] 26_649 2010: 9 -- 3,485 written, 96.6 min
  [1006/2898] 26_649 2019: 9 -- 3,494 written, 96.7 min
  [1007/2898] 26_650 2020: 9 -- 3,503 written, 96.7 min
  [1008/2898] 26_650 2022: 9 -- 3,512 written, 96.8 min
  [1009/2898] 26_651 2013: 9 -- 3,521 written, 96.9 min
  [1010/2898] 26_651 2022: 9 -- 3,530 written, 97.0 min
  [1011/2898] 26_652 2006: 9 -- 3,539 written, 97.1 min
  [1012/2898] 26_652 2022: 9 -- 3,548 written, 97.2 min
  [1013/2898] 26_653 2010: 9 -- 3,557 written, 97.2 min
  [1014/2898] 26_653 2020: 9 -- 3,566 written, 97.3 min
  [1015/2898] 26_654 2022: 1 -- 3,567 written, 97.4 min
  [1016/2898] 26_654 2026: 1 -- 3,568 written, 97.5 min
  [1017/2898] 26_655 2013: 1 -- 3,569 written, 97.5 min
  [1018/2898] 26_655 2020: 1 -- 3,570 written, 97.6 min
  [1019/2898] 26_656 2019: 1 -- 3,571 written, 97.7 min
  [1020/2898] 26_656 2021: 1 -- 3,572 written, 97.9 min
  [1021/2898] 26_657 2013: 1 -- 3,573 written, 97.9 min
  [1022/2898] 26_657 2022: 1 -- 3,574 written, 98.1 min
  [1023/2898] 26_658 2010: 1 -- 3,575 written, 98.2 min
  [1024/2898] 26_658 2022: 1 -- 3,576 written, 98.2 min
  [1025/2898] 26_659 2014: 1 -- 3,577 written, 98.3 min
  [1026/2898] 26_659 2023: 1 -- 3,578 written, 98.4 min
  [1027/2898] 26_660 2014: 3 -- 3,581 written, 98.5 min
  [1028/2898] 26_660 2021: 3 -- 3,584 written, 98.5 min
  [1029/2898] 26_661 2012: 3 -- 3,587 written, 98.6 min
  [1030/2898] 26_661 2022: 3 -- 3,590 written, 98.6 min
  [1031/2898] 26_662 2017: 3 -- 3,593 written, 98.7 min
  [1032/2898] 26_662 2019: 3 -- 3,596 written, 98.8 min
  [1033/2898] 26_663 2019: 3 -- 3,599 written, 98.9 min
  [1034/2898] 26_663 2020: 3 -- 3,602 written, 98.9 min
  [1035/2898] 26_664 2020: 3 -- 3,605 written, 99.0 min
  [1036/2898] 26_664 2022: 3 -- 3,608 written, 99.1 min
  [1037/2898] 26_665 2013: 3 -- 3,611 written, 99.1 min
  [1038/2898] 26_665 2022: 3 -- 3,614 written, 99.2 min
  [1039/2898] 27_581 2010: 2 -- 3,616 written, 99.3 min
  [1040/2898] 27_581 2019: 2 -- 3,618 written, 99.5 min
  [1041/2898] 27_582 2014: 1 -- 3,619 written, 99.6 min
  [1042/2898] 27_582 2021: 1 -- 3,620 written, 99.7 min
  [1043/2898] 27_583 2021: 1 -- 3,621 written, 99.8 min
  [1044/2898] 27_583 2022: 1 -- 3,622 written, 99.9 min
  [1045/2898] 27_584 2019: 1 -- 3,623 written, 99.9 min
  [1046/2898] 27_584 2021: 1 -- 3,624 written, 100.0 min
  [1047/2898] 27_585 2021: 1 -- 3,625 written, 100.1 min
  [1048/2898] 27_585 2022: 1 -- 3,626 written, 100.1 min
  [1049/2898] 27_586 2022: 1 -- 3,627 written, 100.2 min
  [1050/2898] 27_586 2026: 1 -- 3,628 written, 100.3 min
  [1051/2898] 27_587 2021: 1 -- 3,629 written, 100.4 min
  [1052/2898] 27_587 2022: 1 -- 3,630 written, 100.4 min
  [1053/2898] 27_588 2014: 1 -- 3,631 written, 100.5 min
  [1054/2898] 27_588 2022: 1 -- 3,632 written, 100.6 min
  [1055/2898] 27_589 2019: 1 -- 3,633 written, 100.6 min
  [1056/2898] 27_589 2022: 1 -- 3,634 written, 100.7 min
  [1057/2898] 27_590 2019: 1 -- 3,635 written, 100.8 min
  [1058/2898] 27_590 2022: 1 -- 3,636 written, 100.9 min
  [1059/2898] 27_591 2010: 1 -- 3,637 written, 100.9 min
  [1060/2898] 27_591 2025: 1 -- 3,638 written, 101.0 min
  [1061/2898] 27_592 2013: 1 -- 3,639 written, 101.1 min
  [1062/2898] 27_592 2014: 1 -- 3,640 written, 101.2 min
  [1063/2898] 27_593 2017: 1 -- 3,641 written, 101.4 min
  [1064/2898] 27_593 2019: 1 -- 3,642 written, 101.5 min
  [1065/2898] 27_594 2019: 1 -- 3,643 written, 101.6 min
  [1066/2898] 27_594 2022: 1 -- 3,644 written, 101.7 min
  [1067/2898] 27_595 2019: 1 -- 3,645 written, 101.8 min
  [1068/2898] 27_595 2026: 1 -- 3,646 written, 101.9 min
  [1069/2898] 27_596 2014: 1 -- 3,647 written, 101.9 min
  [1070/2898] 27_596 2021: 1 -- 3,648 written, 102.0 min
  [1071/2898] 27_597 2013: 1 -- 3,649 written, 102.0 min
  [1072/2898] 27_597 2021: 1 -- 3,650 written, 102.1 min
  [1073/2898] 27_598 2020: 1 -- 3,651 written, 102.1 min
  [1074/2898] 27_598 2022: 1 -- 3,652 written, 102.2 min
  [1075/2898] 27_599 2020: 12 -- 3,664 written, 102.3 min
  [1076/2898] 27_599 2022: 12 -- 3,676 written, 102.3 min
  [1077/2898] 27_600 2014: 12 -- 3,688 written, 102.4 min
  [1078/2898] 27_600 2021: 12 -- 3,700 written, 102.5 min
  [1079/2898] 27_601 2020: 12 -- 3,712 written, 102.5 min
  [1080/2898] 27_601 2022: 12 -- 3,724 written, 102.6 min
  [1081/2898] 27_602 2019: 12 -- 3,736 written, 102.7 min
  [1082/2898] 27_602 2026: 12 -- 3,748 written, 102.7 min
  [1083/2898] 27_603 2006: 12 -- 3,760 written, 102.8 min
  [1084/2898] 27_603 2019: 12 -- 3,772 written, 102.9 min
  [1085/2898] 27_604 2014: 12 -- 3,784 written, 102.9 min
  [1086/2898] 27_604 2019: 12 -- 3,796 written, 103.0 min
  [1087/2898] 27_605 2013: 2 -- 3,798 written, 103.0 min
  [1088/2898] 27_605 2014: 2 -- 3,800 written, 103.1 min
  [1089/2898] 27_606 2020: 2 -- 3,802 written, 103.2 min
  [1090/2898] 27_606 2022: 2 -- 3,804 written, 103.2 min
  [1091/2898] 27_607 2020: 2 -- 3,806 written, 103.3 min
  [1092/2898] 27_607 2021: 2 -- 3,808 written, 103.4 min
  [1093/2898] 27_608 2022: 2 -- 3,810 written, 103.5 min
  [1094/2898] 27_608 2025: 2 -- 3,812 written, 103.7 min
  [1095/2898] 27_609 2021: 2 -- 3,814 written, 103.8 min
  [1096/2898] 27_609 2022: 2 -- 3,816 written, 103.9 min
  [1097/2898] 27_610 2014: 1 -- 3,817 written, 104.0 min
  [1098/2898] 27_610 2021: 1 -- 3,818 written, 104.2 min
  [1099/2898] 27_611 2024: 1 -- 3,819 written, 104.3 min
  [1100/2898] 27_611 2025: 1 -- 3,820 written, 104.4 min
  [1101/2898] 27_612 2020: 1 -- 3,821 written, 104.5 min
  [1102/2898] 27_612 2022: 1 -- 3,822 written, 104.6 min
  [1103/2898] 27_613 2014: 1 -- 3,823 written, 104.6 min
  [1104/2898] 27_613 2024: 1 -- 3,824 written, 104.7 min
  [1105/2898] 27_614 2014: 1 -- 3,825 written, 104.8 min
  [1106/2898] 27_614 2019: 1 -- 3,826 written, 104.8 min
  [1107/2898] 27_615 2021: 1 -- 3,827 written, 104.9 min
  [1108/2898] 27_615 2022: 1 -- 3,828 written, 105.0 min
  [1109/2898] 27_616 2019: 1 -- 3,829 written, 105.1 min
  [1110/2898] 27_616 2020: 1 -- 3,830 written, 105.2 min
  [1111/2898] 27_617 2021: 1 -- 3,831 written, 105.2 min
  [1112/2898] 27_617 2022: 1 -- 3,832 written, 105.3 min
  [1113/2898] 27_618 2022: 1 -- 3,833 written, 105.4 min
  [1114/2898] 27_618 2025: 1 -- 3,834 written, 105.5 min
  [1115/2898] 27_619 2020: 1 -- 3,835 written, 105.6 min
  [1116/2898] 27_619 2026: 1 -- 3,836 written, 105.7 min
  [1117/2898] 27_620 2013: 1 -- 3,837 written, 105.7 min
  [1118/2898] 27_620 2022: 1 -- 3,838 written, 105.8 min
  [1119/2898] 27_621 2010: 8 -- 3,846 written, 105.9 min
  [1120/2898] 27_621 2019: 8 -- 3,854 written, 106.1 min
  [1121/2898] 27_622 2021: 8 -- 3,862 written, 106.3 min
  [1122/2898] 27_622 2022: 8 -- 3,870 written, 106.5 min
  [1123/2898] 27_623 2014: 8 -- 3,878 written, 106.6 min
  [1124/2898] 27_623 2022: 8 -- 3,886 written, 106.8 min
  [1125/2898] 27_624 2019: 8 -- 3,894 written, 107.1 min
  [1126/2898] 27_624 2025: 8 -- 3,902 written, 107.3 min
  [1127/2898] 27_625 2022: 8 -- 3,910 written, 107.6 min
  [1128/2898] 27_625 2025: 8 -- 3,918 written, 107.8 min
  [1129/2898] 27_626 2022: 8 -- 3,926 written, 108.0 min
  [1130/2898] 27_626 2025: 8 -- 3,934 written, 108.2 min
  [1131/2898] 27_627 2010: 20 -- 3,954 written, 108.3 min
  [1132/2898] 27_627 2013: 20 -- 3,974 written, 108.4 min
  [1133/2898] 27_628 2012: 20 -- 3,994 written, 108.5 min
  [1134/2898] 27_628 2019: 20 -- 4,014 written, 108.7 min
  [1135/2898] 27_629 2021: 20 -- 4,034 written, 108.9 min
  [1136/2898] 27_629 2022: 20 -- 4,054 written, 109.0 min
  [1137/2898] 27_630 2019: 20 -- 4,074 written, 109.1 min
  [1138/2898] 27_630 2022: 20 -- 4,094 written, 109.3 min
  [1139/2898] 27_631 2013: 20 -- 4,114 written, 109.4 min
  [1140/2898] 27_631 2022: 20 -- 4,134 written, 109.5 min
  [1141/2898] 27_632 2010: 16 -- 4,150 written, 109.6 min
  [1142/2898] 27_632 2022: 16 -- 4,166 written, 109.7 min
  [1143/2898] 27_633 2017: 16 -- 4,182 written, 109.9 min
  [1144/2898] 27_633 2022: 16 -- 4,198 written, 110.0 min
  [1145/2898] 27_634 2012: 16 -- 4,214 written, 110.1 min
  [1146/2898] 27_634 2022: 16 -- 4,230 written, 110.2 min
  [1147/2898] 27_635 2010: 16 -- 4,246 written, 110.3 min
  [1148/2898] 27_635 2025: 16 -- 4,262 written, 110.5 min
  [1149/2898] 27_636 2013: 16 -- 4,278 written, 110.6 min
  [1150/2898] 27_636 2019: 16 -- 4,294 written, 110.7 min
  [1151/2898] 27_637 2014: 16 -- 4,310 written, 110.8 min
  [1152/2898] 27_637 2021: 16 -- 4,326 written, 111.0 min
  [1153/2898] 27_638 2013: 8 -- 4,334 written, 111.1 min
  [1154/2898] 27_638 2021: 8 -- 4,342 written, 111.3 min
  [1155/2898] 27_639 2013: 8 -- 4,350 written, 111.4 min
  [1156/2898] 27_639 2020: 8 -- 4,358 written, 111.6 min
  [1157/2898] 27_640 2010: 8 -- 4,366 written, 111.7 min
  [1158/2898] 27_640 2022: 8 -- 4,374 written, 111.9 min
  [1159/2898] 27_641 2022: 8 -- 4,382 written, 112.2 min
  [1160/2898] 27_641 2025: 8 -- 4,390 written, 112.4 min
  [1161/2898] 27_642 2013: 8 -- 4,398 written, 112.6 min
  [1162/2898] 27_642 2014: 8 -- 4,406 written, 112.7 min
  [1163/2898] 27_643 2014: 11 -- 4,417 written, 112.9 min
  [1164/2898] 27_643 2022: 11 -- 4,428 written, 113.1 min
  [1165/2898] 27_644 2024: 11 -- 4,439 written, 113.3 min
  [1166/2898] 27_644 2026: 11 -- 4,450 written, 113.5 min
  [1167/2898] 27_645 2014: 11 -- 4,461 written, 113.6 min
  [1168/2898] 27_645 2022: 11 -- 4,472 written, 113.8 min
  [1169/2898] 27_646 2010: 11 -- 4,483 written, 113.9 min
  [1170/2898] 27_646 2014: 11 -- 4,494 written, 114.0 min
  [1171/2898] 27_647 2013: 11 -- 4,505 written, 114.1 min
  [1172/2898] 27_647 2014: 11 -- 4,516 written, 114.2 min
  [1173/2898] 27_648 2019: 11 -- 4,527 written, 114.3 min
  [1174/2898] 27_648 2020: 11 -- 4,538 written, 114.4 min
  [1175/2898] 27_649 2010: 9 -- 4,547 written, 114.5 min
  [1176/2898] 27_649 2014: 9 -- 4,556 written, 114.5 min
  [1177/2898] 27_650 2020: 9 -- 4,565 written, 114.6 min
  [1178/2898] 27_650 2026: 9 -- 4,574 written, 114.7 min
  [1179/2898] 27_651 2010: 9 -- 4,583 written, 114.7 min
  [1180/2898] 27_651 2021: 9 -- 4,592 written, 114.8 min
  [1181/2898] 27_652 2006: 9 -- 4,601 written, 114.9 min
  [1182/2898] 27_652 2013: 9 -- 4,610 written, 115.0 min
  [1183/2898] 27_653 2019: 9 -- 4,619 written, 115.0 min
  [1184/2898] 27_653 2021: 9 -- 4,628 written, 115.1 min
  [1185/2898] 27_654 2013: 9 -- 4,637 written, 115.2 min
  [1186/2898] 27_654 2022: 9 -- 4,646 written, 115.3 min
  [1187/2898] 27_655 2019: 1 -- 4,647 written, 115.4 min
  [1188/2898] 27_655 2022: 1 -- 4,648 written, 115.6 min
  [1189/2898] 27_656 2019: 1 -- 4,649 written, 115.7 min
  [1190/2898] 27_656 2022: 1 -- 4,650 written, 115.8 min
  [1191/2898] 27_657 2021: 1 -- 4,651 written, 116.0 min
  [1192/2898] 27_657 2022: 1 -- 4,652 written, 116.1 min
  [1193/2898] 27_658 2019: 1 -- 4,653 written, 116.2 min
  [1194/2898] 27_658 2023: 1 -- 4,654 written, 116.3 min
  [1195/2898] 27_659 2013: 1 -- 4,655 written, 116.3 min
  [1196/2898] 27_659 2022: 1 -- 4,656 written, 116.4 min
  [1197/2898] 27_660 2012: 3 -- 4,659 written, 116.4 min
  [1198/2898] 27_660 2022: 3 -- 4,662 written, 116.5 min
  [1199/2898] 27_661 2010: 3 -- 4,665 written, 116.6 min
  [1200/2898] 27_661 2019: 3 -- 4,668 written, 116.7 min
  [1201/2898] 27_662 2006: 3 -- 4,671 written, 116.7 min
  [1202/2898] 27_662 2013: 3 -- 4,674 written, 116.8 min
  [1203/2898] 27_663 2019: 3 -- 4,677 written, 116.9 min
  [1204/2898] 27_663 2022: 3 -- 4,680 written, 116.9 min
  [1205/2898] 27_664 2010: 3 -- 4,683 written, 117.0 min
  [1206/2898] 27_664 2014: 3 -- 4,686 written, 117.0 min
  [1207/2898] 27_665 2019: 3 -- 4,689 written, 117.1 min
  [1208/2898] 27_665 2025: 3 -- 4,692 written, 117.2 min
  [1209/2898] 28_581 2010: 2 -- 4,694 written, 117.3 min
  [1210/2898] 28_581 2019: 2 -- 4,696 written, 117.4 min
  [1211/2898] 28_582 2017: 1 -- 4,697 written, 117.6 min
  [1212/2898] 28_582 2022: 1 -- 4,698 written, 117.7 min
  [1213/2898] 28_583 2012: 1 -- 4,699 written, 117.8 min
  [1214/2898] 28_583 2022: 1 -- 4,700 written, 117.9 min
  [1215/2898] 28_584 2010: 1 -- 4,701 written, 118.0 min
  [1216/2898] 28_584 2017: 1 -- 4,702 written, 118.1 min
  [1217/2898] 28_585 2020: 1 -- 4,703 written, 118.2 min
  [1218/2898] 28_585 2025: 1 -- 4,704 written, 118.4 min
  [1219/2898] 28_586 2010: 1 -- 4,705 written, 118.4 min
  [1220/2898] 28_586 2013: 1 -- 4,706 written, 118.5 min
  [1221/2898] 28_587 2010: 1 -- 4,707 written, 118.6 min
  [1222/2898] 28_587 2012: 1 -- 4,708 written, 118.7 min
  [1223/2898] 28_588 2010: 1 -- 4,709 written, 118.7 min
  [1224/2898] 28_588 2014: 1 -- 4,710 written, 118.8 min
  [1225/2898] 28_589 2020: 1 -- 4,711 written, 118.8 min
  [1226/2898] 28_589 2026: 1 -- 4,712 written, 118.9 min
  [1227/2898] 28_590 2014: 1 -- 4,713 written, 119.0 min
  [1228/2898] 28_590 2022: 1 -- 4,714 written, 119.1 min
  [1229/2898] 28_591 2013: 1 -- 4,715 written, 119.1 min
  [1230/2898] 28_591 2022: 1 -- 4,716 written, 119.2 min
  [1231/2898] 28_592 2010: 1 -- 4,717 written, 119.3 min
  [1232/2898] 28_592 2022: 1 -- 4,718 written, 119.5 min
  [1233/2898] 28_593 2010: 1 -- 4,719 written, 119.5 min
  [1234/2898] 28_593 2020: 1 -- 4,720 written, 119.7 min
  [1235/2898] 28_594 2010: 1 -- 4,721 written, 119.7 min
  [1236/2898] 28_594 2025: 1 -- 4,722 written, 119.9 min
  [1237/2898] 28_595 2013: 1 -- 4,723 written, 119.9 min
  [1238/2898] 28_595 2023: 1 -- 4,724 written, 120.0 min
  [1239/2898] 28_596 2013: 1 -- 4,725 written, 120.1 min
  [1240/2898] 28_596 2026: 1 -- 4,726 written, 120.1 min
  [1241/2898] 28_597 2010: 1 -- 4,727 written, 120.2 min
  [1242/2898] 28_597 2019: 1 -- 4,728 written, 120.2 min
  [1243/2898] 28_598 2022: 1 -- 4,729 written, 120.3 min
  [1244/2898] 28_598 2026: 1 -- 4,730 written, 120.4 min
  [1245/2898] 28_599 2012: 12 -- 4,742 written, 120.4 min
  [1246/2898] 28_599 2022: 12 -- 4,754 written, 120.5 min
  [1247/2898] 28_600 2010: 12 -- 4,766 written, 120.5 min
  [1248/2898] 28_600 2019: 12 -- 4,778 written, 120.6 min
  [1249/2898] 28_601 2019: 12 -- 4,790 written, 120.7 min
  [1250/2898] 28_601 2022: 12 -- 4,802 written, 120.7 min
  [1251/2898] 28_602 2013: 12 -- 4,814 written, 120.8 min
  [1252/2898] 28_602 2022: 12 -- 4,826 written, 120.9 min
  [1253/2898] 28_603 2012: 12 -- 4,838 written, 120.9 min
  [1254/2898] 28_603 2022: 12 -- 4,850 written, 121.0 min
  [1255/2898] 28_604 2025: 12 -- 4,862 written, 121.0 min
  [1256/2898] 28_604 2026: 12 -- 4,874 written, 121.1 min
  [1257/2898] 28_605 2013: 2 -- 4,876 written, 121.2 min
  [1258/2898] 28_605 2017: 2 -- 4,878 written, 121.2 min
  [1259/2898] 28_606 2022: 2 -- 4,880 written, 121.3 min
  [1260/2898] 28_606 2026: 2 -- 4,882 written, 121.4 min
  [1261/2898] 28_607 2019: 2 -- 4,884 written, 121.5 min
  [1262/2898] 28_607 2022: 2 -- 4,886 written, 121.6 min
  [1263/2898] 28_608 2014: 2 -- 4,888 written, 121.7 min
  [1264/2898] 28_608 2021: 2 -- 4,890 written, 121.8 min
  [1265/2898] 28_609 2012: 2 -- 4,892 written, 121.9 min
  [1266/2898] 28_609 2020: 2 -- 4,894 written, 122.0 min
  [1267/2898] 28_610 2010: 1 -- 4,895 written, 122.1 min
  [1268/2898] 28_610 2025: 1 -- 4,896 written, 122.3 min
  [1269/2898] 28_611 2019: 1 -- 4,897 written, 122.4 min
  [1270/2898] 28_611 2020: 1 -- 4,898 written, 122.5 min
  [1271/2898] 28_612 2010: 1 -- 4,899 written, 122.6 min
  [1272/2898] 28_612 2021: 1 -- 4,900 written, 122.6 min
  [1273/2898] 28_613 2022: 1 -- 4,901 written, 122.7 min
  [1274/2898] 28_613 2026: 1 -- 4,902 written, 122.8 min
  [1275/2898] 28_614 2012: 1 -- 4,903 written, 122.8 min
  [1276/2898] 28_614 2026: 1 -- 4,904 written, 122.9 min
  [1277/2898] 28_615 2014: 1 -- 4,905 written, 123.0 min
  [1278/2898] 28_615 2022: 1 -- 4,906 written, 123.0 min
  [1279/2898] 28_616 2019: 1 -- 4,907 written, 123.1 min
  [1280/2898] 28_616 2022: 1 -- 4,908 written, 123.2 min
  [1281/2898] 28_617 2014: 1 -- 4,909 written, 123.2 min
  [1282/2898] 28_617 2021: 1 -- 4,910 written, 123.3 min
  [1283/2898] 28_618 2013: 1 -- 4,911 written, 123.4 min
  [1284/2898] 28_618 2019: 1 -- 4,912 written, 123.4 min
  [1285/2898] 28_619 2019: 1 -- 4,913 written, 123.5 min
  [1286/2898] 28_619 2024: 1 -- 4,914 written, 123.6 min
  [1287/2898] 28_620 2010: 1 -- 4,915 written, 123.7 min
  [1288/2898] 28_620 2013: 1 -- 4,916 written, 123.7 min
  [1289/2898] 28_621 2019: 8 -- 4,924 written, 123.8 min
  [1290/2898] 28_621 2021: 8 -- 4,932 written, 123.9 min
  [1291/2898] 28_622 2010: 8 -- 4,940 written, 124.0 min
  [1292/2898] 28_622 2023: 8 -- 4,948 written, 124.2 min
  [1293/2898] 28_623 2013: 8 -- 4,956 written, 124.3 min
  [1294/2898] 28_623 2022: 8 -- 4,964 written, 124.5 min
  [1295/2898] 28_624 2013: 8 -- 4,972 written, 124.6 min
  [1296/2898] 28_624 2022: 8 -- 4,980 written, 124.8 min
  [1297/2898] 28_625 2021: 8 -- 4,988 written, 125.0 min
  [1298/2898] 28_625 2022: 8 -- 4,996 written, 125.2 min
  [1299/2898] 28_626 2010: 8 -- 5,004 written, 125.4 min
  [1300/2898] 28_626 2017: 8 -- 5,012 written, 125.6 min
  [1301/2898] 28_627 2012: 20 -- 5,032 written, 125.7 min
  [1302/2898] 28_627 2019: 20 -- 5,052 written, 125.9 min
  [1303/2898] 28_628 2014: 20 -- 5,072 written, 126.1 min
  [1304/2898] 28_628 2022: 20 -- 5,092 written, 126.2 min
  [1305/2898] 28_629 2013: 20 -- 5,112 written, 126.3 min
  [1306/2898] 28_629 2025: 20 -- 5,132 written, 126.5 min
  [1307/2898] 28_630 2019: 20 -- 5,152 written, 126.6 min
  [1308/2898] 28_630 2021: 20 -- 5,172 written, 126.8 min
  [1309/2898] 28_631 2010: 20 -- 5,192 written, 126.9 min
  [1310/2898] 28_631 2014: 20 -- 5,212 written, 127.0 min
  [1311/2898] 28_632 2013: 16 -- 5,228 written, 127.1 min
  [1312/2898] 28_632 2020: 16 -- 5,244 written, 127.2 min
  [1313/2898] 28_633 2019: 16 -- 5,260 written, 127.3 min
  [1314/2898] 28_633 2022: 16 -- 5,276 written, 127.5 min
  [1315/2898] 28_634 2010: 16 -- 5,292 written, 127.6 min
  [1316/2898] 28_634 2014: 16 -- 5,308 written, 127.7 min
  [1317/2898] 28_635 2025: 16 -- 5,324 written, 127.8 min
  [1318/2898] 28_635 2026: 16 -- 5,340 written, 128.0 min
  [1319/2898] 28_636 2010: 16 -- 5,356 written, 128.1 min
  [1320/2898] 28_636 2020: 16 -- 5,372 written, 128.2 min
  [1321/2898] 28_637 2013: 16 -- 5,388 written, 128.3 min
  [1322/2898] 28_637 2014: 16 -- 5,404 written, 128.4 min
  [1323/2898] 28_638 2014: 8 -- 5,412 written, 128.5 min
  [1324/2898] 28_638 2025: 8 -- 5,420 written, 128.8 min
  [1325/2898] 28_639 2013: 8 -- 5,428 written, 128.9 min
  [1326/2898] 28_639 2022: 8 -- 5,436 written, 129.1 min
  [1327/2898] 28_640 2019: 8 -- 5,444 written, 129.3 min
  [1328/2898] 28_640 2022: 8 -- 5,452 written, 129.6 min
  [1329/2898] 28_641 2019: 8 -- 5,460 written, 129.8 min
  [1330/2898] 28_641 2022: 8 -- 5,468 written, 130.0 min
  [1331/2898] 28_642 2020: 8 -- 5,476 written, 130.3 min
  [1332/2898] 28_642 2021: 8 -- 5,484 written, 130.5 min
  [1333/2898] 28_643 2020: 11 -- 5,495 written, 130.6 min
  [1334/2898] 28_643 2022: 11 -- 5,506 written, 130.9 min
  [1335/2898] 28_644 2017: 11 -- 5,517 written, 131.1 min
  [1336/2898] 28_644 2022: 11 -- 5,528 written, 131.3 min
  [1337/2898] 28_645 2020: 11 -- 5,539 written, 131.4 min
  [1338/2898] 28_645 2022: 11 -- 5,550 written, 131.5 min
  [1339/2898] 28_646 2013: 11 -- 5,561 written, 131.7 min
  [1340/2898] 28_646 2021: 11 -- 5,572 written, 131.8 min
  [1341/2898] 28_647 2006: 11 -- 5,583 written, 132.0 min
  [1342/2898] 28_647 2022: 11 -- 5,594 written, 132.1 min
  [1343/2898] 28_648 2013: 11 -- 5,605 written, 132.2 min
  [1344/2898] 28_648 2022: 11 -- 5,616 written, 132.4 min
  [1345/2898] 28_649 2010: 9 -- 5,625 written, 132.5 min
  [1346/2898] 28_649 2020: 9 -- 5,634 written, 132.6 min
  [1347/2898] 28_650 2014: 9 -- 5,643 written, 132.8 min
  [1348/2898] 28_650 2024: 9 -- 5,652 written, 132.9 min
  [1349/2898] 28_651 2006: 9 -- 5,661 written, 133.1 min
  [1350/2898] 28_651 2017: 9 -- 5,670 written, 133.2 min
  [1351/2898] 28_652 2010: 9 -- 5,679 written, 133.3 min
  [1352/2898] 28_652 2025: 9 -- 5,688 written, 133.5 min
  [1353/2898] 28_653 2019: 9 -- 5,697 written, 133.6 min
  [1354/2898] 28_653 2022: 9 -- 5,706 written, 133.7 min
  [1355/2898] 28_654 2019: 9 -- 5,715 written, 133.8 min
  [1356/2898] 28_654 2025: 9 -- 5,724 written, 134.0 min
  [1357/2898] 28_655 2013: 1 -- 5,725 written, 134.0 min
  [1358/2898] 28_655 2022: 1 -- 5,726 written, 134.2 min
  [1359/2898] 28_656 2013: 1 -- 5,727 written, 134.3 min
  [1360/2898] 28_656 2020: 1 -- 5,728 written, 134.4 min
  [1361/2898] 28_657 2020: 1 -- 5,729 written, 134.5 min
  [1362/2898] 28_657 2026: 1 -- 5,730 written, 134.6 min
  [1363/2898] 28_658 2010: 1 -- 5,731 written, 134.7 min
  [1364/2898] 28_658 2013: 1 -- 5,732 written, 134.8 min
  [1365/2898] 28_659 2019: 1 -- 5,733 written, 134.8 min
  [1366/2898] 28_659 2021: 1 -- 5,734 written, 134.9 min
  [1367/2898] 28_660 2013: 3 -- 5,737 written, 135.0 min
  [1368/2898] 28_660 2020: 3 -- 5,740 written, 135.0 min
  [1369/2898] 28_661 2021: 3 -- 5,743 written, 135.1 min
  [1370/2898] 28_661 2022: 3 -- 5,746 written, 135.2 min
  [1371/2898] 28_662 2019: 3 -- 5,749 written, 135.3 min
  [1372/2898] 28_662 2022: 3 -- 5,752 written, 135.3 min
  [1373/2898] 28_663 2010: 3 -- 5,755 written, 135.4 min
  [1374/2898] 28_663 2021: 3 -- 5,758 written, 135.5 min
  [1375/2898] 28_664 2010: 3 -- 5,761 written, 135.5 min
  [1376/2898] 28_664 2021: 3 -- 5,764 written, 135.6 min
  [1377/2898] 28_665 2021: 3 -- 5,767 written, 135.6 min
  [1378/2898] 28_665 2024: 3 -- 5,770 written, 135.7 min
  [1379/2898] 29_581 2014: 2 -- 5,772 written, 135.8 min
  [1380/2898] 29_581 2025: 2 -- 5,774 written, 136.0 min
  [1381/2898] 29_582 2020: 1 -- 5,775 written, 136.2 min
  [1382/2898] 29_582 2026: 1 -- 5,776 written, 136.3 min
  [1383/2898] 29_583 2019: 1 -- 5,777 written, 136.4 min
  [1384/2898] 29_583 2022: 1 -- 5,778 written, 136.6 min
  [1385/2898] 29_584 2014: 1 -- 5,779 written, 136.7 min
  [1386/2898] 29_584 2019: 1 -- 5,780 written, 136.8 min
  [1387/2898] 29_585 2021: 1 -- 5,781 written, 136.9 min
  [1388/2898] 29_585 2022: 1 -- 5,782 written, 137.1 min
  [1389/2898] 29_586 2014: 1 -- 5,783 written, 137.1 min
  [1390/2898] 29_586 2019: 1 -- 5,784 written, 137.3 min
  [1391/2898] 29_587 2014: 1 -- 5,785 written, 137.4 min
  [1392/2898] 29_587 2022: 1 -- 5,786 written, 137.5 min
  [1393/2898] 29_588 2017: 1 -- 5,787 written, 137.7 min
  [1394/2898] 29_588 2021: 1 -- 5,788 written, 137.8 min
  [1395/2898] 29_589 2019: 1 -- 5,789 written, 137.9 min
  [1396/2898] 29_589 2022: 1 -- 5,790 written, 138.0 min
  [1397/2898] 29_590 2012: 1 -- 5,791 written, 138.1 min
  [1398/2898] 29_590 2019: 1 -- 5,792 written, 138.2 min
  [1399/2898] 29_591 2021: 1 -- 5,793 written, 138.3 min
  [1400/2898] 29_591 2025: 1 -- 5,794 written, 138.5 min
  [1401/2898] 29_592 2022: 1 -- 5,795 written, 138.6 min
  [1402/2898] 29_592 2025: 1 -- 5,796 written, 138.7 min
  [1403/2898] 29_593 2010: 1 -- 5,797 written, 138.9 min
  [1404/2898] 29_593 2022: 1 -- 5,798 written, 139.0 min
  [1405/2898] 29_594 2014: 1 -- 5,799 written, 139.1 min
  [1406/2898] 29_594 2019: 1 -- 5,800 written, 139.1 min
  [1407/2898] 29_595 2014: 1 -- 5,801 written, 139.2 min
  [1408/2898] 29_595 2022: 1 -- 5,802 written, 139.3 min
  [1409/2898] 29_596 2014: 1 -- 5,803 written, 139.3 min
  [1410/2898] 29_596 2020: 1 -- 5,804 written, 139.4 min
  [1411/2898] 29_597 2013: 1 -- 5,805 written, 139.5 min
  [1412/2898] 29_597 2014: 1 -- 5,806 written, 139.5 min
  [1413/2898] 29_598 2013: 1 -- 5,807 written, 139.6 min
  [1414/2898] 29_598 2025: 1 -- 5,808 written, 139.6 min
  [1415/2898] 29_599 2014: 12 -- 5,820 written, 139.7 min
  [1416/2898] 29_599 2022: 12 -- 5,832 written, 139.8 min
  [1417/2898] 29_600 2021: 12 -- 5,844 written, 139.8 min
  [1418/2898] 29_600 2022: 12 -- 5,856 written, 139.9 min
  [1419/2898] 29_601 2013: 12 -- 5,868 written, 140.0 min
  [1420/2898] 29_601 2019: 12 -- 5,880 written, 140.0 min
  [1421/2898] 29_602 2022: 12 -- 5,892 written, 140.1 min
  [1422/2898] 29_602 2024: 12 -- 5,904 written, 140.2 min
  [1423/2898] 29_603 2003: 12 -- 5,916 written, 140.3 min
  [1424/2898] 29_603 2014: 12 -- 5,928 written, 140.3 min
  [1425/2898] 29_604 2013: 12 -- 5,940 written, 140.4 min
  [1426/2898] 29_604 2022: 12 -- 5,952 written, 140.5 min
  [1427/2898] 29_605 2019: 2 -- 5,954 written, 140.5 min
  [1428/2898] 29_605 2020: 2 -- 5,956 written, 140.6 min
  [1429/2898] 29_606 2017: 2 -- 5,958 written, 140.7 min
  [1430/2898] 29_606 2019: 2 -- 5,960 written, 140.7 min
  [1431/2898] 29_607 2021: 2 -- 5,962 written, 140.8 min
  [1432/2898] 29_607 2024: 2 -- 5,964 written, 140.9 min
  [1433/2898] 29_608 2014: 2 -- 5,966 written, 141.0 min
  [1434/2898] 29_608 2020: 2 -- 5,968 written, 141.1 min
  [1435/2898] 29_609 2021: 2 -- 5,970 written, 141.2 min
  [1436/2898] 29_609 2022: 2 -- 5,972 written, 141.3 min
  [1437/2898] 29_610 2012: 1 -- 5,973 written, 141.4 min
  [1438/2898] 29_610 2014: 1 -- 5,974 written, 141.5 min
  [1439/2898] 29_611 2019: 1 -- 5,975 written, 141.5 min
  [1440/2898] 29_611 2020: 1 -- 5,976 written, 141.6 min
  [1441/2898] 29_612 2013: 1 -- 5,977 written, 141.7 min
  [1442/2898] 29_612 2022: 1 -- 5,978 written, 141.7 min
  [1443/2898] 29_613 2019: 1 -- 5,979 written, 141.8 min
  [1444/2898] 29_613 2022: 1 -- 5,980 written, 141.9 min
  [1445/2898] 29_614 2010: 1 -- 5,981 written, 141.9 min
  [1446/2898] 29_614 2026: 1 -- 5,982 written, 142.0 min
  [1447/2898] 29_615 2010: 1 -- 5,983 written, 142.0 min
  [1448/2898] 29_615 2022: 1 -- 5,984 written, 142.1 min
  [1449/2898] 29_616 2019: 1 -- 5,985 written, 142.1 min
  [1450/2898] 29_616 2022: 1 -- 5,986 written, 142.2 min
  [1451/2898] 29_617 2021: 1 -- 5,987 written, 142.3 min
  [1452/2898] 29_617 2022: 1 -- 5,988 written, 142.3 min
  [1453/2898] 29_618 2012: 1 -- 5,989 written, 142.4 min
  [1454/2898] 29_618 2025: 1 -- 5,990 written, 142.5 min
  [1455/2898] 29_619 2022: 1 -- 5,991 written, 142.5 min
  [1456/2898] 29_619 2025: 1 -- 5,992 written, 142.6 min
  [1457/2898] 29_620 2019: 1 -- 5,993 written, 142.7 min
  [1458/2898] 29_620 2020: 1 -- 5,994 written, 142.7 min
  [1459/2898] 29_621 2010: 8 -- 6,002 written, 142.8 min
  [1460/2898] 29_621 2014: 8 -- 6,010 written, 142.8 min
  [1461/2898] 29_622 2022: 8 -- 6,018 written, 143.0 min
  [1462/2898] 29_622 2025: 8 -- 6,026 written, 143.1 min
  [1463/2898] 29_623 2010: 8 -- 6,034 written, 143.2 min
  [1464/2898] 29_623 2019: 8 -- 6,042 written, 143.2 min
  [1465/2898] 29_624 2010: 8 -- 6,050 written, 143.3 min
  [1466/2898] 29_624 2022: 8 -- 6,058 written, 143.5 min
  [1467/2898] 29_625 2022: 8 -- 6,066 written, 143.7 min
  [1468/2898] 29_625 2026: 8 -- 6,074 written, 143.8 min
  [1469/2898] 29_626 2017: 8 -- 6,082 written, 144.0 min
  [1470/2898] 29_626 2022: 8 -- 6,090 written, 144.1 min
  [1471/2898] 29_627 2014: 20 -- 6,110 written, 144.2 min
  [1472/2898] 29_627 2021: 20 -- 6,130 written, 144.4 min
  [1473/2898] 29_628 2019: 20 -- 6,150 written, 144.5 min
  [1474/2898] 29_628 2021: 20 -- 6,170 written, 144.6 min
  [1475/2898] 29_629 2006: 20 -- 6,190 written, 144.7 min
  [1476/2898] 29_629 2025: 20 -- 6,210 written, 144.9 min
  [1477/2898] 29_630 2021: 20 -- 6,230 written, 145.0 min
  [1478/2898] 29_630 2024: 20 -- 6,250 written, 145.2 min
  [1479/2898] 29_631 2006: 20 -- 6,270 written, 145.3 min
  [1480/2898] 29_631 2014: 20 -- 6,290 written, 145.4 min
  [1481/2898] 29_632 2020: 16 -- 6,306 written, 145.5 min
  [1482/2898] 29_632 2022: 16 -- 6,322 written, 145.7 min
  [1483/2898] 29_633 2013: 16 -- 6,338 written, 145.8 min
  [1484/2898] 29_633 2014: 16 -- 6,354 written, 145.9 min
  [1485/2898] 29_634 2013: 16 -- 6,370 written, 146.0 min
  [1486/2898] 29_634 2020: 16 -- 6,386 written, 146.1 min
  [1487/2898] 29_635 2019: 16 -- 6,402 written, 146.2 min
  [1488/2898] 29_635 2020: 16 -- 6,418 written, 146.4 min
  [1489/2898] 29_636 2020: 16 -- 6,434 written, 146.5 min
  [1490/2898] 29_636 2026: 16 -- 6,450 written, 146.6 min
  [1491/2898] 29_637 2020: 16 -- 6,466 written, 146.8 min
  [1492/2898] 29_637 2025: 16 -- 6,482 written, 147.0 min
  [1493/2898] 29_638 2006: 8 -- 6,490 written, 147.2 min
  [1494/2898] 29_638 2022: 8 -- 6,498 written, 147.4 min
  [1495/2898] 29_639 2013: 8 -- 6,506 written, 147.6 min
  [1496/2898] 29_639 2020: 8 -- 6,514 written, 147.8 min
  [1497/2898] 29_640 2019: 8 -- 6,522 written, 148.0 min
  [1498/2898] 29_640 2021: 8 -- 6,530 written, 148.2 min
  [1499/2898] 29_641 2013: 8 -- 6,538 written, 148.3 min
  [1500/2898] 29_641 2022: 8 -- 6,546 written, 148.5 min
  [1501/2898] 29_642 2006: 8 -- 6,554 written, 148.7 min
  [1502/2898] 29_642 2022: 8 -- 6,562 written, 149.0 min
  [1503/2898] 29_643 2012: 11 -- 6,573 written, 149.1 min
  [1504/2898] 29_643 2025: 11 -- 6,584 written, 149.3 min
  [1505/2898] 29_644 2014: 11 -- 6,595 written, 149.5 min
  [1506/2898] 29_644 2022: 11 -- 6,606 written, 149.7 min
  [1507/2898] 29_645 2014: 11 -- 6,617 written, 149.8 min
  [1508/2898] 29_645 2026: 11 -- 6,628 written, 149.9 min
  [1509/2898] 29_646 2020: 11 -- 6,639 written, 150.1 min
  [1510/2898] 29_646 2022: 11 -- 6,650 written, 150.2 min
  [1511/2898] 29_647 2021: 11 -- 6,661 written, 150.4 min
  [1512/2898] 29_647 2025: 11 -- 6,672 written, 150.5 min
  [1513/2898] 29_648 2010: 11 -- 6,683 written, 150.6 min
  [1514/2898] 29_648 2026: 11 -- 6,694 written, 150.8 min
  [1515/2898] 29_649 2021: 9 -- 6,703 written, 150.9 min
  [1516/2898] 29_649 2022: 9 -- 6,712 written, 151.1 min
  [1517/2898] 29_650 2017: 9 -- 6,721 written, 151.2 min
  [1518/2898] 29_650 2022: 9 -- 6,730 written, 151.4 min
  [1519/2898] 29_651 2014: 9 -- 6,739 written, 151.5 min
  [1520/2898] 29_651 2022: 9 -- 6,748 written, 151.6 min
  [1521/2898] 29_652 2013: 9 -- 6,757 written, 151.8 min
  [1522/2898] 29_652 2021: 9 -- 6,766 written, 151.9 min
  [1523/2898] 29_653 2010: 9 -- 6,775 written, 152.0 min
  [1524/2898] 29_653 2021: 9 -- 6,784 written, 152.1 min
  [1525/2898] 29_654 2006: 9 -- 6,793 written, 152.3 min
  [1526/2898] 29_654 2019: 9 -- 6,802 written, 152.5 min
  [1527/2898] 29_655 2019: 1 -- 6,803 written, 152.6 min
  [1528/2898] 29_655 2022: 1 -- 6,804 written, 152.8 min
  [1529/2898] 29_656 2021: 1 -- 6,805 written, 152.9 min
  [1530/2898] 29_656 2022: 1 -- 6,806 written, 153.1 min
  [1531/2898] 29_657 2010: 1 -- 6,807 written, 153.1 min
  [1532/2898] 29_657 2019: 1 -- 6,808 written, 153.2 min
  [1533/2898] 29_658 2012: 1 -- 6,809 written, 153.3 min
  [1534/2898] 29_658 2022: 1 -- 6,810 written, 153.4 min
  [1535/2898] 29_659 2010: 1 -- 6,811 written, 153.5 min
  [1536/2898] 29_659 2022: 1 -- 6,812 written, 153.6 min
  [1537/2898] 29_660 2010: 3 -- 6,815 written, 153.6 min
  [1538/2898] 29_660 2024: 3 -- 6,818 written, 153.7 min
  [1539/2898] 29_661 2019: 3 -- 6,821 written, 153.8 min
  [1540/2898] 29_661 2025: 3 -- 6,824 written, 153.9 min
  [1541/2898] 29_662 2013: 3 -- 6,827 written, 153.9 min
  [1542/2898] 29_662 2019: 3 -- 6,830 written, 154.0 min
  [1543/2898] 29_663 2021: 3 -- 6,833 written, 154.1 min
  [1544/2898] 29_663 2022: 3 -- 6,836 written, 154.2 min
  [1545/2898] 29_664 2021: 3 -- 6,839 written, 154.2 min
  [1546/2898] 29_664 2025: 3 -- 6,842 written, 154.3 min
  [1547/2898] 29_665 2022: 3 -- 6,845 written, 154.4 min
  [1548/2898] 29_665 2025: 3 -- 6,848 written, 154.4 min
  [1549/2898] 30_581 2014: 2 -- 6,850 written, 154.6 min
  [1550/2898] 30_581 2017: 2 -- 6,852 written, 154.7 min
  [1551/2898] 30_582 2019: 1 -- 6,853 written, 154.9 min
  [1552/2898] 30_582 2020: 1 -- 6,854 written, 155.0 min
  [1553/2898] 30_583 2014: 1 -- 6,855 written, 155.1 min
  [1554/2898] 30_583 2022: 1 -- 6,856 written, 155.3 min
  [1555/2898] 30_584 2014: 1 -- 6,857 written, 155.4 min
  [1556/2898] 30_584 2020: 1 -- 6,858 written, 155.5 min
  [1557/2898] 30_585 2021: 1 -- 6,859 written, 155.6 min
  [1558/2898] 30_585 2026: 1 -- 6,860 written, 155.8 min
  [1559/2898] 30_586 2010: 1 -- 6,861 written, 155.9 min
  [1560/2898] 30_586 2019: 1 -- 6,862 written, 156.0 min
  [1561/2898] 30_587 2017: 1 -- 6,863 written, 156.2 min
  [1562/2898] 30_587 2022: 1 -- 6,864 written, 156.3 min
  [1563/2898] 30_588 2020: 1 -- 6,865 written, 156.4 min
  [1564/2898] 30_588 2025: 1 -- 6,866 written, 156.6 min
  [1565/2898] 30_589 2019: 1 -- 6,867 written, 156.7 min
  [1566/2898] 30_589 2022: 1 -- 6,868 written, 156.8 min
  [1567/2898] 30_590 2013: 1 -- 6,869 written, 156.9 min
  [1568/2898] 30_590 2014: 1 -- 6,870 written, 157.0 min
  [1569/2898] 30_591 2022: 1 -- 6,871 written, 157.2 min
  [1570/2898] 30_591 2025: 1 -- 6,872 written, 157.4 min
  [1571/2898] 30_592 2012: 1 -- 6,873 written, 157.5 min
  [1572/2898] 30_592 2025: 1 -- 6,874 written, 157.7 min
  [1573/2898] 30_593 2013: 1 -- 6,875 written, 157.8 min
  [1574/2898] 30_593 2024: 1 -- 6,876 written, 158.0 min
  [1575/2898] 30_594 2014: 1 -- 6,877 written, 158.1 min
  [1576/2898] 30_594 2022: 1 -- 6,878 written, 158.3 min
  [1577/2898] 30_595 2019: 1 -- 6,879 written, 158.5 min
  [1578/2898] 30_595 2020: 1 -- 6,880 written, 158.6 min
  [1579/2898] 30_596 2022: 1 -- 6,881 written, 158.7 min
  [1580/2898] 30_596 2025: 1 -- 6,882 written, 158.8 min
  [1581/2898] 30_597 2014: 1 -- 6,883 written, 158.9 min
  [1582/2898] 30_597 2021: 1 -- 6,884 written, 158.9 min
  [1583/2898] 30_598 2022: 1 -- 6,885 written, 159.0 min
  [1584/2898] 30_598 2025: 1 -- 6,886 written, 159.1 min
  [1585/2898] 30_599 2019: 12 -- 6,898 written, 159.1 min
  [1586/2898] 30_599 2021: 12 -- 6,910 written, 159.2 min
  [1587/2898] 30_600 2010: 12 -- 6,922 written, 159.3 min
  [1588/2898] 30_600 2025: 12 -- 6,934 written, 159.4 min
  [1589/2898] 30_601 2010: 12 -- 6,946 written, 159.4 min
  [1590/2898] 30_601 2026: 12 -- 6,958 written, 159.5 min
  [1591/2898] 30_602 2022: 12 -- 6,970 written, 159.6 min
  [1592/2898] 30_602 2024: 12 -- 6,982 written, 159.7 min
  [1593/2898] 30_603 2020: 12 -- 6,994 written, 159.7 min
  [1594/2898] 30_603 2022: 12 -- 7,006 written, 159.8 min
  [1595/2898] 30_604 2022: 12 -- 7,018 written, 159.9 min
  [1596/2898] 30_604 2024: 12 -- 7,030 written, 160.0 min
  [1597/2898] 30_605 2020: 2 -- 7,032 written, 160.0 min
  [1598/2898] 30_605 2021: 2 -- 7,034 written, 160.1 min
  [1599/2898] 30_606 2013: 2 -- 7,036 written, 160.2 min
  [1600/2898] 30_606 2019: 2 -- 7,038 written, 160.2 min
  [1601/2898] 30_607 2019: 2 -- 7,040 written, 160.4 min
  [1602/2898] 30_607 2021: 2 -- 7,042 written, 160.5 min
  [1603/2898] 30_608 2010: 2 -- 7,044 written, 160.6 min
  [1604/2898] 30_608 2022: 2 -- 7,046 written, 160.7 min
  [1605/2898] 30_609 2010: 2 -- 7,048 written, 160.8 min
  [1606/2898] 30_609 2023: 2 -- 7,050 written, 160.9 min
  [1607/2898] 30_610 2006: 1 -- 7,051 written, 161.0 min
  [1608/2898] 30_610 2022: 1 -- 7,052 written, 161.1 min
  [1609/2898] 30_611 2012: 1 -- 7,053 written, 161.2 min
  [1610/2898] 30_611 2022: 1 -- 7,054 written, 161.3 min
  [1611/2898] 30_612 2019: 1 -- 7,055 written, 161.3 min
  [1612/2898] 30_612 2022: 1 -- 7,056 written, 161.4 min
  [1613/2898] 30_613 2013: 1 -- 7,057 written, 161.5 min
  [1614/2898] 30_613 2025: 1 -- 7,058 written, 161.5 min
  [1615/2898] 30_614 2006: 1 -- 7,059 written, 161.6 min
  [1616/2898] 30_614 2025: 1 -- 7,060 written, 161.7 min
  [1617/2898] 30_615 2014: 1 -- 7,061 written, 161.7 min
  [1618/2898] 30_615 2020: 1 -- 7,062 written, 161.8 min
  [1619/2898] 30_616 2006: 1 -- 7,063 written, 161.8 min
  [1620/2898] 30_616 2014: 1 -- 7,064 written, 161.9 min
  [1621/2898] 30_617 2014: 1 -- 7,065 written, 162.0 min
  [1622/2898] 30_617 2022: 1 -- 7,066 written, 162.0 min
  [1623/2898] 30_618 2022: 1 -- 7,067 written, 162.1 min
  [1624/2898] 30_618 2025: 1 -- 7,068 written, 162.1 min
  [1625/2898] 30_619 2021: 1 -- 7,069 written, 162.2 min
  [1626/2898] 30_619 2022: 1 -- 7,070 written, 162.3 min
  [1627/2898] 30_620 2019: 1 -- 7,071 written, 162.3 min
  [1628/2898] 30_620 2023: 1 -- 7,072 written, 162.4 min
  [1629/2898] 30_621 2019: 8 -- 7,080 written, 162.5 min
  [1630/2898] 30_621 2026: 8 -- 7,088 written, 162.6 min
  [1631/2898] 30_622 2013: 8 -- 7,096 written, 162.7 min
  [1632/2898] 30_622 2014: 8 -- 7,104 written, 162.7 min
  [1633/2898] 30_623 2019: 8 -- 7,112 written, 162.8 min
  [1634/2898] 30_623 2022: 8 -- 7,120 written, 162.9 min
  [1635/2898] 30_624 2010: 8 -- 7,128 written, 163.0 min
  [1636/2898] 30_624 2019: 8 -- 7,136 written, 163.2 min
  [1637/2898] 30_625 2019: 8 -- 7,144 written, 163.3 min
  [1638/2898] 30_625 2022: 8 -- 7,152 written, 163.5 min
  [1639/2898] 30_626 2006: 8 -- 7,160 written, 163.6 min
  [1640/2898] 30_626 2026: 8 -- 7,168 written, 163.7 min
  [1641/2898] 30_627 2022: 20 -- 7,188 written, 163.9 min
  [1642/2898] 30_627 2024: 20 -- 7,208 written, 164.0 min
  [1643/2898] 30_628 2019: 20 -- 7,228 written, 164.1 min
  [1644/2898] 30_628 2022: 20 -- 7,248 written, 164.2 min
  [1645/2898] 30_629 2010: 20 -- 7,268 written, 164.3 min
  [1646/2898] 30_629 2022: 20 -- 7,288 written, 164.4 min
  [1647/2898] 30_630 2014: 20 -- 7,308 written, 164.5 min
  [1648/2898] 30_630 2021: 20 -- 7,328 written, 164.6 min
  [1649/2898] 30_631 2014: 20 -- 7,348 written, 164.7 min
  [1650/2898] 30_631 2022: 20 -- 7,368 written, 164.8 min
  [1651/2898] 30_632 2019: 16 -- 7,384 written, 164.9 min
  [1652/2898] 30_632 2024: 16 -- 7,400 written, 165.0 min
  [1653/2898] 30_633 2019: 16 -- 7,416 written, 165.1 min
  [1654/2898] 30_633 2022: 16 -- 7,432 written, 165.2 min
  [1655/2898] 30_634 2017: 16 -- 7,448 written, 165.4 min
  [1656/2898] 30_634 2019: 16 -- 7,464 written, 165.5 min
  [1657/2898] 30_635 2012: 16 -- 7,480 written, 165.6 min
  [1658/2898] 30_635 2017: 16 -- 7,496 written, 165.7 min
  [1659/2898] 30_636 2019: 16 -- 7,512 written, 165.9 min
  [1660/2898] 30_636 2022: 16 -- 7,528 written, 166.0 min
  [1661/2898] 30_637 2019: 16 -- 7,544 written, 166.2 min
  [1662/2898] 30_637 2020: 16 -- 7,560 written, 166.4 min
  [1663/2898] 30_638 2013: 8 -- 7,568 written, 166.5 min
  [1664/2898] 30_638 2020: 8 -- 7,576 written, 166.7 min
  [1665/2898] 30_639 2010: 8 -- 7,584 written, 166.8 min
  [1666/2898] 30_639 2013: 8 -- 7,592 written, 167.0 min
  [1667/2898] 30_640 2021: 8 -- 7,600 written, 167.2 min
  [1668/2898] 30_640 2022: 8 -- 7,608 written, 167.4 min
  [1669/2898] 30_641 2022: 8 -- 7,616 written, 167.7 min
  [1670/2898] 30_641 2025: 8 -- 7,624 written, 167.9 min
  [1671/2898] 30_642 2019: 8 -- 7,632 written, 168.1 min
  [1672/2898] 30_642 2022: 8 -- 7,640 written, 168.3 min
  [1673/2898] 30_643 2013: 11 -- 7,651 written, 168.5 min
  [1674/2898] 30_643 2019: 11 -- 7,662 written, 168.7 min
  [1675/2898] 30_644 2021: 11 -- 7,673 written, 168.9 min
  [1676/2898] 30_644 2022: 11 -- 7,684 written, 169.1 min
  [1677/2898] 30_645 2021: 11 -- 7,695 written, 169.2 min
  [1678/2898] 30_645 2022: 11 -- 7,706 written, 169.3 min
  [1679/2898] 30_646 2019: 11 -- 7,717 written, 169.5 min
  [1680/2898] 30_646 2022: 11 -- 7,728 written, 169.6 min
  [1681/2898] 30_647 2013: 11 -- 7,739 written, 169.8 min
  [1682/2898] 30_647 2014: 11 -- 7,750 written, 169.9 min
  [1683/2898] 30_648 2014: 11 -- 7,761 written, 170.0 min
  [1684/2898] 30_648 2022: 11 -- 7,772 written, 170.1 min
  [1685/2898] 30_649 2012: 9 -- 7,781 written, 170.2 min
  [1686/2898] 30_649 2021: 9 -- 7,790 written, 170.3 min
  [1687/2898] 30_650 2020: 9 -- 7,799 written, 170.5 min
  [1688/2898] 30_650 2022: 9 -- 7,808 written, 170.6 min
  [1689/2898] 30_651 2014: 9 -- 7,817 written, 170.8 min
  [1690/2898] 30_651 2020: 9 -- 7,826 written, 170.9 min
  [1691/2898] 30_652 2019: 9 -- 7,835 written, 171.0 min
  [1692/2898] 30_652 2022: 9 -- 7,844 written, 171.2 min
  [1693/2898] 30_653 2013: 9 -- 7,853 written, 171.3 min
  [1694/2898] 30_653 2022: 9 -- 7,862 written, 171.4 min
  [1695/2898] 30_654 2012: 9 -- 7,871 written, 171.5 min
  [1696/2898] 30_654 2022: 9 -- 7,880 written, 171.7 min
  [1697/2898] 30_655 2010: 1 -- 7,881 written, 171.8 min
  [1698/2898] 30_655 2019: 1 -- 7,882 written, 172.0 min
  [1699/2898] 30_656 2010: 1 -- 7,883 written, 172.2 min
  [1700/2898] 30_656 2020: 1 -- 7,884 written, 172.3 min
  [1701/2898] 30_657 2020: 1 -- 7,885 written, 172.5 min
  [1702/2898] 30_657 2021: 1 -- 7,886 written, 172.7 min
  [1703/2898] 30_658 2022: 1 -- 7,887 written, 172.9 min
  [1704/2898] 30_658 2026: 1 -- 7,888 written, 173.1 min
  [1705/2898] 30_659 2022: 1 -- 7,889 written, 173.3 min
  [1706/2898] 30_659 2025: 1 -- 7,890 written, 173.4 min
  [1707/2898] 30_660 2014: 3 -- 7,893 written, 173.6 min
  [1708/2898] 30_660 2022: 3 -- 7,896 written, 173.7 min
  [1709/2898] 30_661 2025: 3 -- 7,899 written, 173.9 min
  [1710/2898] 30_661 2026: 3 -- 7,902 written, 174.0 min
  [1711/2898] 30_662 2014: 3 -- 7,905 written, 174.0 min
  [1712/2898] 30_662 2022: 3 -- 7,908 written, 174.1 min
  [1713/2898] 30_663 2014: 3 -- 7,911 written, 174.2 min
  [1714/2898] 30_663 2019: 3 -- 7,914 written, 174.3 min
  [1715/2898] 30_664 2010: 3 -- 7,917 written, 174.3 min
  [1716/2898] 30_664 2014: 3 -- 7,920 written, 174.4 min
  [1717/2898] 30_665 2020: 3 -- 7,923 written, 174.5 min
  [1718/2898] 30_665 2022: 3 -- 7,926 written, 174.6 min
  [1719/2898] 31_581 2013: 2 -- 7,928 written, 174.7 min
  [1720/2898] 31_581 2020: 2 -- 7,930 written, 174.8 min
  [1721/2898] 31_582 2014: 2 -- 7,932 written, 174.9 min
  [1722/2898] 31_582 2022: 2 -- 7,934 written, 175.1 min
  [1723/2898] 31_583 2014: 1 -- 7,935 written, 175.2 min
  [1724/2898] 31_583 2019: 1 -- 7,936 written, 175.3 min
  [1725/2898] 31_584 2020: 1 -- 7,937 written, 175.4 min
  [1726/2898] 31_584 2024: 1 -- 7,938 written, 175.6 min
  [1727/2898] 31_585 2012: 1 -- 7,939 written, 175.7 min
  [1728/2898] 31_585 2014: 1 -- 7,940 written, 175.8 min
  [1729/2898] 31_586 2010: 1 -- 7,941 written, 175.9 min
  [1730/2898] 31_586 2019: 1 -- 7,942 written, 176.0 min
  [1731/2898] 31_587 2013: 1 -- 7,943 written, 176.1 min
  [1732/2898] 31_587 2022: 1 -- 7,944 written, 176.2 min
  [1733/2898] 31_588 2014: 1 -- 7,945 written, 176.3 min
  [1734/2898] 31_588 2019: 1 -- 7,946 written, 176.4 min
  [1735/2898] 31_589 2014: 1 -- 7,947 written, 176.5 min
  [1736/2898] 31_589 2022: 1 -- 7,948 written, 176.7 min
  [1737/2898] 31_590 2012: 1 -- 7,949 written, 176.7 min
  [1738/2898] 31_590 2022: 1 -- 7,950 written, 176.9 min
  [1739/2898] 31_591 2019: 1 -- 7,951 written, 177.0 min
  [1740/2898] 31_591 2020: 1 -- 7,952 written, 177.2 min
  [1741/2898] 31_592 2010: 1 -- 7,953 written, 177.3 min
  [1742/2898] 31_592 2022: 1 -- 7,954 written, 177.5 min
  [1743/2898] 31_593 2019: 1 -- 7,955 written, 177.7 min
  [1744/2898] 31_593 2025: 1 -- 7,956 written, 177.9 min
  [1745/2898] 31_594 2014: 1 -- 7,957 written, 178.1 min
  [1746/2898] 31_594 2021: 1 -- 7,958 written, 178.3 min
  [1747/2898] 31_595 2013: 1 -- 7,959 written, 178.4 min
  [1748/2898] 31_595 2022: 1 -- 7,960 written, 178.6 min
  [1749/2898] 31_596 2020: 1 -- 7,961 written, 178.7 min
  [1750/2898] 31_596 2026: 1 -- 7,962 written, 178.9 min
  [1751/2898] 31_597 2010: 1 -- 7,963 written, 179.0 min
  [1752/2898] 31_597 2013: 1 -- 7,964 written, 179.1 min
  [1753/2898] 31_598 2010: 1 -- 7,965 written, 179.2 min
  [1754/2898] 31_598 2012: 1 -- 7,966 written, 179.3 min
  [1755/2898] 31_599 2021: 12 -- 7,978 written, 179.4 min
  [1756/2898] 31_599 2022: 12 -- 7,990 written, 179.5 min
  [1757/2898] 31_600 2017: 12 -- 8,002 written, 179.7 min
  [1758/2898] 31_600 2026: 12 -- 8,014 written, 179.8 min
  [1759/2898] 31_601 2021: 12 -- 8,026 written, 179.9 min
  [1760/2898] 31_601 2022: 12 -- 8,038 written, 180.0 min
  [1761/2898] 31_602 2010: 12 -- 8,050 written, 180.1 min
  [1762/2898] 31_602 2014: 12 -- 8,062 written, 180.2 min
  [1763/2898] 31_603 2010: 12 -- 8,074 written, 180.3 min
  [1764/2898] 31_603 2022: 12 -- 8,086 written, 180.4 min
  [1765/2898] 31_604 2019: 12 -- 8,098 written, 180.5 min
  [1766/2898] 31_604 2022: 12 -- 8,110 written, 180.5 min
  [1767/2898] 31_605 2020: 2 -- 8,112 written, 180.6 min
  [1768/2898] 31_605 2022: 2 -- 8,114 written, 180.7 min
  [1769/2898] 31_606 2010: 2 -- 8,116 written, 180.7 min
  [1770/2898] 31_606 2025: 2 -- 8,118 written, 180.8 min
  [1771/2898] 31_607 2013: 2 -- 8,120 written, 180.9 min
  [1772/2898] 31_607 2022: 2 -- 8,122 written, 181.0 min
  [1773/2898] 31_608 2022: 2 -- 8,124 written, 181.2 min
  [1774/2898] 31_608 2025: 2 -- 8,126 written, 181.3 min
  [1775/2898] 31_609 2013: 2 -- 8,128 written, 181.4 min
  [1776/2898] 31_609 2022: 2 -- 8,130 written, 181.5 min
  [1777/2898] 31_610 2022: 1 -- 8,131 written, 181.6 min
  [1778/2898] 31_610 2026: 1 -- 8,132 written, 181.7 min
  [1779/2898] 31_611 2023: 1 -- 8,133 written, 181.8 min
  [1780/2898] 31_611 2025: 1 -- 8,134 written, 181.9 min
  [1781/2898] 31_612 2019: 1 -- 8,135 written, 182.0 min
  [1782/2898] 31_612 2022: 1 -- 8,136 written, 182.0 min
  [1783/2898] 31_613 2010: 1 -- 8,137 written, 182.1 min
  [1784/2898] 31_613 2019: 1 -- 8,138 written, 182.2 min
  [1785/2898] 31_614 2010: 1 -- 8,139 written, 182.2 min
  [1786/2898] 31_614 2013: 1 -- 8,140 written, 182.3 min
  [1787/2898] 31_615 2017: 1 -- 8,141 written, 182.3 min
  [1788/2898] 31_615 2019: 1 -- 8,142 written, 182.4 min
  [1789/2898] 31_616 2010: 1 -- 8,143 written, 182.4 min
  [1790/2898] 31_616 2022: 1 -- 8,144 written, 182.5 min
  [1791/2898] 31_617 2010: 1 -- 8,145 written, 182.6 min
  [1792/2898] 31_617 2021: 1 -- 8,146 written, 182.6 min
  [1793/2898] 31_618 2023: 1 -- 8,147 written, 182.7 min
  [1794/2898] 31_618 2025: 1 -- 8,148 written, 182.8 min
  [1795/2898] 31_619 2013: 1 -- 8,149 written, 182.8 min
  [1796/2898] 31_619 2014: 1 -- 8,150 written, 182.9 min
  [1797/2898] 31_620 2019: 1 -- 8,151 written, 182.9 min
  [1798/2898] 31_620 2026: 1 -- 8,152 written, 183.0 min
  [1799/2898] 31_621 2003: 8 -- 8,160 written, 183.1 min
  [1800/2898] 31_621 2022: 8 -- 8,168 written, 183.2 min
  [1801/2898] 31_622 2014: 8 -- 8,176 written, 183.3 min
  [1802/2898] 31_622 2026: 8 -- 8,184 written, 183.3 min
  [1803/2898] 31_623 2010: 8 -- 8,192 written, 183.4 min
  [1804/2898] 31_623 2022: 8 -- 8,200 written, 183.5 min
  [1805/2898] 31_624 2017: 8 -- 8,208 written, 183.7 min
  [1806/2898] 31_624 2022: 8 -- 8,216 written, 183.9 min
  [1807/2898] 31_625 2021: 8 -- 8,224 written, 184.0 min
  [1808/2898] 31_625 2022: 8 -- 8,232 written, 184.1 min
  [1809/2898] 31_626 2019: 8 -- 8,240 written, 184.3 min
  [1810/2898] 31_626 2022: 8 -- 8,248 written, 184.4 min
  [1811/2898] 31_627 2022: 20 -- 8,268 written, 184.5 min
  [1812/2898] 31_627 2024: 20 -- 8,288 written, 184.7 min
  [1813/2898] 31_628 2014: 20 -- 8,308 written, 184.8 min
  [1814/2898] 31_628 2022: 20 -- 8,328 written, 184.9 min
  [1815/2898] 31_629 2020: 20 -- 8,348 written, 184.9 min
  [1816/2898] 31_629 2022: 20 -- 8,368 written, 185.0 min
  [1817/2898] 31_630 2013: 20 -- 8,388 written, 185.1 min
  [1818/2898] 31_630 2022: 20 -- 8,408 written, 185.2 min
  [1819/2898] 31_631 2020: 20 -- 8,428 written, 185.3 min
  [1820/2898] 31_631 2026: 20 -- 8,448 written, 185.3 min
  [1821/2898] 31_632 2013: 16 -- 8,464 written, 185.4 min
  [1822/2898] 31_632 2014: 16 -- 8,480 written, 185.5 min
  [1823/2898] 31_633 2013: 16 -- 8,496 written, 185.5 min
  [1824/2898] 31_633 2022: 16 -- 8,512 written, 185.6 min
  [1825/2898] 31_634 2012: 16 -- 8,528 written, 185.7 min
  [1826/2898] 31_634 2022: 16 -- 8,544 written, 185.8 min
  [1827/2898] 31_635 2012: 16 -- 8,560 written, 185.8 min
  [1828/2898] 31_635 2022: 16 -- 8,576 written, 185.9 min
  [1829/2898] 31_636 2023: 16 -- 8,592 written, 186.0 min
  [1830/2898] 31_636 2025: 16 -- 8,608 written, 186.1 min
  [1831/2898] 31_637 2019: 16 -- 8,624 written, 186.2 min
  [1832/2898] 31_637 2022: 16 -- 8,640 written, 186.4 min
  [1833/2898] 31_638 2014: 8 -- 8,648 written, 186.5 min
  [1834/2898] 31_638 2022: 8 -- 8,656 written, 186.6 min
  [1835/2898] 31_639 2019: 8 -- 8,664 written, 186.8 min
  [1836/2898] 31_639 2022: 8 -- 8,672 written, 187.0 min
  [1837/2898] 31_640 2019: 8 -- 8,680 written, 187.2 min
  [1838/2898] 31_640 2022: 8 -- 8,688 written, 187.4 min
  [1839/2898] 31_641 2014: 8 -- 8,696 written, 187.6 min
  [1840/2898] 31_641 2026: 8 -- 8,704 written, 187.8 min
  [1841/2898] 31_642 2019: 8 -- 8,712 written, 188.0 min
  [1842/2898] 31_642 2026: 8 -- 8,720 written, 188.2 min
  [1843/2898] 31_643 2019: 8 -- 8,728 written, 188.4 min
  [1844/2898] 31_643 2026: 8 -- 8,736 written, 188.6 min
  [1845/2898] 31_644 2014: 11 -- 8,747 written, 188.7 min
  [1846/2898] 31_644 2022: 11 -- 8,758 written, 188.9 min
  [1847/2898] 31_645 2014: 11 -- 8,769 written, 189.0 min
  [1848/2898] 31_645 2019: 11 -- 8,780 written, 189.2 min
  [1849/2898] 31_646 2017: 11 -- 8,791 written, 189.3 min
  [1850/2898] 31_646 2019: 11 -- 8,802 written, 189.5 min
  [1851/2898] 31_647 2012: 11 -- 8,813 written, 189.6 min
  [1852/2898] 31_647 2019: 11 -- 8,824 written, 189.7 min
  [1853/2898] 31_648 2022: 11 -- 8,835 written, 189.8 min
  [1854/2898] 31_648 2026: 11 -- 8,846 written, 190.0 min
  [1855/2898] 31_649 2020: 9 -- 8,855 written, 190.1 min
  [1856/2898] 31_649 2022: 9 -- 8,864 written, 190.3 min
  [1857/2898] 31_650 2022: 9 -- 8,873 written, 190.4 min
  [1858/2898] 31_650 2025: 9 -- 8,882 written, 190.6 min
  [1859/2898] 31_651 2013: 9 -- 8,891 written, 190.7 min
  [1860/2898] 31_651 2022: 9 -- 8,900 written, 190.8 min
  [1861/2898] 31_652 2020: 9 -- 8,909 written, 191.0 min
  [1862/2898] 31_652 2021: 9 -- 8,918 written, 191.1 min
  [1863/2898] 31_653 2013: 9 -- 8,927 written, 191.2 min
  [1864/2898] 31_653 2019: 9 -- 8,936 written, 191.4 min
  [1865/2898] 31_654 2019: 9 -- 8,945 written, 191.6 min
  [1866/2898] 31_654 2022: 9 -- 8,954 written, 191.8 min
  [1867/2898] 31_655 2019: 1 -- 8,955 written, 192.0 min
  [1868/2898] 31_655 2021: 1 -- 8,956 written, 192.1 min
  [1869/2898] 31_656 2014: 1 -- 8,957 written, 192.3 min
  [1870/2898] 31_656 2019: 1 -- 8,958 written, 192.5 min
  [1871/2898] 31_657 2019: 1 -- 8,959 written, 192.7 min
  [1872/2898] 31_657 2022: 1 -- 8,960 written, 192.9 min
  [1873/2898] 31_658 2013: 1 -- 8,961 written, 193.0 min
  [1874/2898] 31_658 2018: 1 -- 8,962 written, 193.2 min
  [1875/2898] 31_659 2013: 1 -- 8,963 written, 193.3 min
  [1876/2898] 31_659 2014: 1 -- 8,964 written, 193.5 min
  [1877/2898] 31_660 2019: 3 -- 8,967 written, 193.7 min
  [1878/2898] 31_660 2022: 3 -- 8,970 written, 193.9 min
  [1879/2898] 31_661 2010: 3 -- 8,973 written, 194.0 min
  [1880/2898] 31_661 2012: 3 -- 8,976 written, 194.1 min
  [1881/2898] 31_662 2014: 3 -- 8,979 written, 194.2 min
  [1882/2898] 31_662 2022: 3 -- 8,982 written, 194.3 min
  [1883/2898] 31_663 2019: 3 -- 8,985 written, 194.5 min
  [1884/2898] 31_663 2023: 3 -- 8,988 written, 194.6 min
  [1885/2898] 31_664 2020: 3 -- 8,991 written, 194.8 min
  [1886/2898] 31_664 2024: 3 -- 8,994 written, 194.9 min
  [1887/2898] 31_665 2020: 3 -- 8,997 written, 195.0 min
  [1888/2898] 31_665 2022: 3 -- 9,000 written, 195.1 min
  [1889/2898] 32_594 2021: 1 -- 9,001 written, 195.3 min
  [1890/2898] 32_594 2022: 1 -- 9,002 written, 195.6 min
  [1891/2898] 32_595 2019: 1 -- 9,003 written, 195.7 min
  [1892/2898] 32_595 2022: 1 -- 9,004 written, 196.0 min
  [1893/2898] 32_596 2012: 1 -- 9,005 written, 196.1 min
  [1894/2898] 32_596 2025: 1 -- 9,006 written, 196.3 min
  [1895/2898] 32_597 2020: 1 -- 9,007 written, 196.4 min
  [1896/2898] 32_597 2022: 1 -- 9,008 written, 196.5 min
  [1897/2898] 32_598 2019: 1 -- 9,009 written, 196.7 min
  [1898/2898] 32_598 2022: 1 -- 9,010 written, 196.8 min
  [1899/2898] 32_599 2019: 12 -- 9,022 written, 196.9 min
  [1900/2898] 32_599 2022: 12 -- 9,034 written, 197.1 min
  [1901/2898] 32_600 2013: 12 -- 9,046 written, 197.2 min
  [1902/2898] 32_600 2022: 12 -- 9,058 written, 197.3 min
  [1903/2898] 32_601 2019: 12 -- 9,070 written, 197.5 min
  [1904/2898] 32_601 2023: 12 -- 9,082 written, 197.6 min
  [1905/2898] 32_602 2021: 12 -- 9,094 written, 197.7 min
  [1906/2898] 32_602 2025: 12 -- 9,106 written, 197.9 min
  [1907/2898] 32_603 2010: 12 -- 9,118 written, 198.0 min
  [1908/2898] 32_603 2019: 12 -- 9,130 written, 198.2 min
  [1909/2898] 32_604 2014: 12 -- 9,142 written, 198.3 min
  [1910/2898] 32_604 2022: 12 -- 9,154 written, 198.4 min
  [1911/2898] 32_605 2010: 2 -- 9,156 written, 198.5 min
  [1912/2898] 32_605 2013: 2 -- 9,158 written, 198.6 min
  [1913/2898] 32_606 2019: 2 -- 9,160 written, 198.6 min
  [1914/2898] 32_606 2022: 2 -- 9,162 written, 198.7 min
  [1915/2898] 32_607 2010: 2 -- 9,164 written, 198.8 min
  [1916/2898] 32_607 2021: 2 -- 9,166 written, 198.9 min
  [1917/2898] 32_608 2022: 2 -- 9,168 written, 199.1 min
  [1918/2898] 32_608 2026: 2 -- 9,170 written, 199.2 min
  [1919/2898] 32_609 2022: 2 -- 9,172 written, 199.3 min
  [1920/2898] 32_609 2025: 2 -- 9,174 written, 199.5 min
  [1921/2898] 32_610 2014: 1 -- 9,175 written, 199.6 min
  [1922/2898] 32_610 2021: 1 -- 9,176 written, 199.7 min
  [1923/2898] 32_611 2013: 1 -- 9,177 written, 199.7 min
  [1924/2898] 32_611 2019: 1 -- 9,178 written, 199.8 min
  [1925/2898] 32_612 2013: 1 -- 9,179 written, 199.9 min
  [1926/2898] 32_612 2019: 1 -- 9,180 written, 199.9 min
  [1927/2898] 32_613 2020: 1 -- 9,181 written, 200.0 min
  [1928/2898] 32_613 2022: 1 -- 9,182 written, 200.1 min
  [1929/2898] 32_614 2006: 1 -- 9,183 written, 200.1 min
  [1930/2898] 32_614 2010: 1 -- 9,184 written, 200.2 min
  [1931/2898] 32_615 2012: 1 -- 9,185 written, 200.2 min
  [1932/2898] 32_615 2019: 1 -- 9,186 written, 200.3 min
  [1933/2898] 32_616 2010: 1 -- 9,187 written, 200.3 min
  [1934/2898] 32_616 2022: 1 -- 9,188 written, 200.4 min
  [1935/2898] 32_617 2010: 1 -- 9,189 written, 200.5 min
  [1936/2898] 32_617 2022: 1 -- 9,190 written, 200.5 min
  [1937/2898] 32_618 2006: 1 -- 9,191 written, 200.6 min
  [1938/2898] 32_618 2022: 1 -- 9,192 written, 200.6 min
  [1939/2898] 32_619 2017: 1 -- 9,193 written, 200.7 min
  [1940/2898] 32_619 2022: 1 -- 9,194 written, 200.8 min
  [1941/2898] 32_620 2010: 1 -- 9,195 written, 200.9 min
  [1942/2898] 32_620 2013: 1 -- 9,196 written, 200.9 min
  [1943/2898] 32_621 2013: 8 -- 9,204 written, 201.0 min
  [1944/2898] 32_621 2019: 8 -- 9,212 written, 201.0 min
  [1945/2898] 32_622 2014: 8 -- 9,220 written, 201.1 min
  [1946/2898] 32_622 2020: 8 -- 9,228 written, 201.2 min
  [1947/2898] 32_623 2013: 8 -- 9,236 written, 201.3 min
  [1948/2898] 32_623 2021: 8 -- 9,244 written, 201.4 min
  [1949/2898] 32_624 2020: 8 -- 9,252 written, 201.5 min
  [1950/2898] 32_624 2022: 8 -- 9,260 written, 201.7 min
  [1951/2898] 32_625 2014: 8 -- 9,268 written, 201.8 min
  [1952/2898] 32_625 2020: 8 -- 9,276 written, 201.9 min
  [1953/2898] 32_626 2022: 8 -- 9,284 written, 202.0 min
  [1954/2898] 32_626 2026: 8 -- 9,292 written, 202.1 min
  [1955/2898] 32_627 2014: 20 -- 9,312 written, 202.2 min
  [1956/2898] 32_627 2021: 20 -- 9,332 written, 202.3 min
  [1957/2898] 32_628 2013: 20 -- 9,352 written, 202.4 min
  [1958/2898] 32_628 2022: 20 -- 9,372 written, 202.5 min
  [1959/2898] 32_629 2020: 20 -- 9,392 written, 202.6 min
  [1960/2898] 32_629 2022: 20 -- 9,412 written, 202.7 min
  [1961/2898] 32_630 2013: 20 -- 9,432 written, 202.7 min
  [1962/2898] 32_630 2022: 20 -- 9,452 written, 202.8 min
  [1963/2898] 32_631 2021: 20 -- 9,472 written, 202.9 min
  [1964/2898] 32_631 2026: 20 -- 9,492 written, 202.9 min
  [1965/2898] 32_632 2010: 16 -- 9,508 written, 203.0 min
  [1966/2898] 32_632 2021: 16 -- 9,524 written, 203.1 min
  [1967/2898] 32_633 2010: 16 -- 9,540 written, 203.1 min
  [1968/2898] 32_633 2022: 16 -- 9,556 written, 203.2 min
  [1969/2898] 32_634 2020: 16 -- 9,572 written, 203.3 min
  [1970/2898] 32_634 2024: 16 -- 9,588 written, 203.4 min
  [1971/2898] 32_635 2021: 16 -- 9,604 written, 203.5 min
  [1972/2898] 32_635 2025: 16 -- 9,620 written, 203.5 min
  [1973/2898] 32_636 2010: 16 -- 9,636 written, 203.6 min
  [1974/2898] 32_636 2022: 16 -- 9,652 written, 203.7 min
  [1975/2898] 32_637 2013: 16 -- 9,668 written, 203.7 min
  [1976/2898] 32_637 2024: 16 -- 9,684 written, 203.9 min
  [1977/2898] 32_638 2010: 8 -- 9,692 written, 203.9 min
  [1978/2898] 32_638 2025: 8 -- 9,700 written, 204.0 min
  [1979/2898] 32_639 2010: 8 -- 9,708 written, 204.1 min
  [1980/2898] 32_639 2019: 8 -- 9,716 written, 204.2 min
  [1981/2898] 32_640 2010: 8 -- 9,724 written, 204.3 min
  [1982/2898] 32_640 2022: 8 -- 9,732 written, 204.5 min
  [1983/2898] 32_641 2010: 8 -- 9,740 written, 204.6 min
  [1984/2898] 32_641 2020: 8 -- 9,748 written, 204.8 min
  [1985/2898] 32_642 2017: 8 -- 9,756 written, 205.0 min
  [1986/2898] 32_642 2020: 8 -- 9,764 written, 205.2 min
  [1987/2898] 32_643 2010: 8 -- 9,772 written, 205.3 min
  [1988/2898] 32_643 2020: 8 -- 9,780 written, 205.4 min
  [1989/2898] 32_644 2010: 11 -- 9,791 written, 205.5 min
  [1990/2898] 32_644 2019: 11 -- 9,802 written, 205.6 min
  [1991/2898] 32_645 2019: 11 -- 9,813 written, 205.8 min
  [1992/2898] 32_645 2022: 11 -- 9,824 written, 205.9 min
  [1993/2898] 32_646 2010: 11 -- 9,835 written, 206.0 min
  [1994/2898] 32_646 2020: 11 -- 9,846 written, 206.2 min
  [1995/2898] 32_647 2020: 11 -- 9,857 written, 206.3 min
  [1996/2898] 32_647 2022: 11 -- 9,868 written, 206.5 min
  [1997/2898] 32_648 2019: 11 -- 9,879 written, 206.6 min
  [1998/2898] 32_648 2020: 11 -- 9,890 written, 206.7 min
  [1999/2898] 32_649 2010: 9 -- 9,899 written, 206.9 min
  [2000/2898] 32_649 2022: 9 -- 9,908 written, 207.0 min
  [2001/2898] 32_650 2010: 9 -- 9,917 written, 207.1 min
  [2002/2898] 32_650 2024: 9 -- 9,926 written, 207.3 min
  [2003/2898] 32_651 2014: 9 -- 9,935 written, 207.4 min
  [2004/2898] 32_651 2021: 9 -- 9,944 written, 207.6 min
  [2005/2898] 32_652 2021: 9 -- 9,953 written, 207.7 min
  [2006/2898] 32_652 2022: 9 -- 9,962 written, 207.8 min
  [2007/2898] 32_653 2010: 9 -- 9,971 written, 208.0 min
  [2008/2898] 32_653 2020: 9 -- 9,980 written, 208.1 min
  [2009/2898] 32_654 2013: 9 -- 9,989 written, 208.3 min
  [2010/2898] 32_654 2019: 9 -- 9,998 written, 208.5 min
  [2011/2898] 32_655 2010: 1 -- 9,999 written, 208.6 min
  [2012/2898] 32_655 2022: 1 -- 10,000 written, 208.8 min
  [2013/2898] 32_656 2019: 1 -- 10,001 written, 209.0 min
  [2014/2898] 32_656 2022: 1 -- 10,002 written, 209.2 min
  [2015/2898] 32_657 2006: 1 -- 10,003 written, 209.4 min
  [2016/2898] 32_657 2019: 1 -- 10,004 written, 209.6 min
  [2017/2898] 32_658 2014: 1 -- 10,005 written, 209.8 min
  [2018/2898] 32_658 2022: 1 -- 10,006 written, 210.0 min
  [2019/2898] 32_659 2013: 1 -- 10,007 written, 210.1 min
  [2020/2898] 32_659 2019: 1 -- 10,008 written, 210.2 min
  [2021/2898] 32_660 2022: 3 -- 10,011 written, 210.4 min
  [2022/2898] 32_660 2025: 3 -- 10,014 written, 210.6 min
  [2023/2898] 32_661 2014: 3 -- 10,017 written, 210.7 min
  [2024/2898] 32_661 2022: 3 -- 10,020 written, 210.8 min
  [2025/2898] 32_662 2019: 3 -- 10,023 written, 211.0 min
  [2026/2898] 32_662 2021: 3 -- 10,026 written, 211.1 min
  [2027/2898] 32_663 2010: 3 -- 10,029 written, 211.2 min
  [2028/2898] 32_663 2025: 3 -- 10,032 written, 211.4 min
  [2029/2898] 32_664 2010: 3 -- 10,035 written, 211.5 min
  [2030/2898] 32_664 2022: 3 -- 10,038 written, 211.6 min
  [2031/2898] 32_665 2025: 3 -- 10,041 written, 211.8 min
  [2032/2898] 32_665 2026: 3 -- 10,044 written, 211.9 min
  [2033/2898] 33_596 2012: 1 -- 10,045 written, 212.0 min
  [2034/2898] 33_596 2019: 1 -- 10,046 written, 212.1 min
  [2035/2898] 33_597 2014: 1 -- 10,047 written, 212.3 min
  [2036/2898] 33_597 2022: 1 -- 10,048 written, 212.4 min
  [2037/2898] 33_598 2019: 1 -- 10,049 written, 212.6 min
  [2038/2898] 33_598 2022: 1 -- 10,050 written, 212.7 min
  [2039/2898] 33_599 2020: 12 -- 10,062 written, 212.8 min
  [2040/2898] 33_599 2025: 12 -- 10,074 written, 213.0 min
  [2041/2898] 33_600 2019: 12 -- 10,086 written, 213.2 min
  [2042/2898] 33_600 2022: 12 -- 10,098 written, 213.3 min
  [2043/2898] 33_601 2019: 12 -- 10,110 written, 213.4 min
  [2044/2898] 33_601 2020: 12 -- 10,122 written, 213.5 min
  [2045/2898] 33_602 2010: 12 -- 10,134 written, 213.7 min
  [2046/2898] 33_602 2022: 12 -- 10,146 written, 213.8 min
  [2047/2898] 33_603 2013: 12 -- 10,158 written, 213.9 min
  [2048/2898] 33_603 2022: 12 -- 10,170 written, 214.1 min
  [2049/2898] 33_604 2014: 12 -- 10,182 written, 214.2 min
  [2050/2898] 33_604 2019: 12 -- 10,194 written, 214.3 min
  [2051/2898] 33_605 2019: 2 -- 10,196 written, 214.4 min
  [2052/2898] 33_605 2022: 2 -- 10,198 written, 214.6 min
  [2053/2898] 33_606 2013: 2 -- 10,200 written, 214.7 min
  [2054/2898] 33_606 2022: 2 -- 10,202 written, 214.8 min
  [2055/2898] 33_607 2021: 2 -- 10,204 written, 215.0 min
  [2056/2898] 33_607 2022: 2 -- 10,206 written, 215.1 min
  [2057/2898] 33_608 2012: 2 -- 10,208 written, 215.2 min
  [2058/2898] 33_608 2014: 2 -- 10,210 written, 215.4 min
  [2059/2898] 33_609 2010: 2 -- 10,212 written, 215.5 min
  [2060/2898] 33_609 2014: 2 -- 10,214 written, 215.6 min
  [2061/2898] 33_610 2014: 1 -- 10,215 written, 215.7 min
  [2062/2898] 33_610 2022: 1 -- 10,216 written, 215.9 min
  [2063/2898] 33_611 2022: 1 -- 10,217 written, 215.9 min
  [2064/2898] 33_611 2025: 1 -- 10,218 written, 216.0 min
  [2065/2898] 33_612 2010: 1 -- 10,219 written, 216.1 min
  [2066/2898] 33_612 2020: 1 -- 10,220 written, 216.2 min
  [2067/2898] 33_613 2012: 1 -- 10,221 written, 216.2 min
  [2068/2898] 33_613 2022: 1 -- 10,222 written, 216.3 min
  [2069/2898] 33_614 2019: 1 -- 10,223 written, 216.3 min
  [2070/2898] 33_614 2022: 1 -- 10,224 written, 216.4 min
  [2071/2898] 33_615 2013: 1 -- 10,225 written, 216.5 min
  [2072/2898] 33_615 2019: 1 -- 10,226 written, 216.5 min
  [2073/2898] 33_616 2010: 1 -- 10,227 written, 216.6 min
  [2074/2898] 33_616 2022: 1 -- 10,228 written, 216.7 min
  [2075/2898] 33_617 2020: 1 -- 10,229 written, 216.7 min
  [2076/2898] 33_617 2022: 1 -- 10,230 written, 216.8 min
  [2077/2898] 33_618 2014: 1 -- 10,231 written, 216.8 min
  [2078/2898] 33_618 2021: 1 -- 10,232 written, 216.9 min
  [2079/2898] 33_619 2020: 1 -- 10,233 written, 217.0 min
  [2080/2898] 33_619 2021: 1 -- 10,234 written, 217.0 min
  [2081/2898] 33_620 2019: 1 -- 10,235 written, 217.1 min
  [2082/2898] 33_620 2022: 1 -- 10,236 written, 217.2 min
  [2083/2898] 33_621 2022: 8 -- 10,244 written, 217.3 min
  [2084/2898] 33_621 2025: 8 -- 10,252 written, 217.4 min
  [2085/2898] 33_622 2014: 8 -- 10,260 written, 217.4 min
  [2086/2898] 33_622 2022: 8 -- 10,268 written, 217.5 min
  [2087/2898] 33_623 2013: 8 -- 10,276 written, 217.6 min
  [2088/2898] 33_623 2022: 8 -- 10,284 written, 217.7 min
  [2089/2898] 33_624 2012: 8 -- 10,292 written, 217.8 min
  [2090/2898] 33_624 2014: 8 -- 10,300 written, 217.9 min
  [2091/2898] 33_625 2020: 8 -- 10,308 written, 218.1 min
  [2092/2898] 33_625 2022: 8 -- 10,316 written, 218.2 min
  [2093/2898] 33_626 2010: 8 -- 10,324 written, 218.3 min
  [2094/2898] 33_626 2019: 8 -- 10,332 written, 218.4 min
  [2095/2898] 33_627 2020: 20 -- 10,352 written, 218.5 min
  [2096/2898] 33_627 2022: 20 -- 10,372 written, 218.6 min
  [2097/2898] 33_628 2014: 20 -- 10,392 written, 218.7 min
  [2098/2898] 33_628 2026: 20 -- 10,412 written, 218.8 min
  [2099/2898] 33_629 2014: 20 -- 10,432 written, 218.8 min
  [2100/2898] 33_629 2022: 20 -- 10,452 written, 218.9 min
  [2101/2898] 33_630 2021: 20 -- 10,472 written, 219.0 min
  [2102/2898] 33_630 2026: 20 -- 10,492 written, 219.1 min
  [2103/2898] 33_631 2010: 20 -- 10,512 written, 219.1 min
  [2104/2898] 33_631 2022: 20 -- 10,532 written, 219.2 min
  [2105/2898] 33_632 2022: 16 -- 10,548 written, 219.3 min
  [2106/2898] 33_632 2024: 16 -- 10,564 written, 219.4 min
  [2107/2898] 33_633 2010: 16 -- 10,580 written, 219.5 min
  [2108/2898] 33_633 2021: 16 -- 10,596 written, 219.5 min
  [2109/2898] 33_634 2017: 16 -- 10,612 written, 219.6 min
  [2110/2898] 33_634 2020: 16 -- 10,628 written, 219.7 min
  [2111/2898] 33_635 2012: 16 -- 10,644 written, 219.8 min
  [2112/2898] 33_635 2022: 16 -- 10,660 written, 219.8 min
  [2113/2898] 33_636 2022: 16 -- 10,676 written, 219.9 min
  [2114/2898] 33_636 2026: 16 -- 10,692 written, 220.0 min
  [2115/2898] 33_637 2010: 16 -- 10,708 written, 220.0 min
  [2116/2898] 33_637 2014: 16 -- 10,724 written, 220.1 min
  [2117/2898] 33_638 2010: 8 -- 10,732 written, 220.2 min
  [2118/2898] 33_638 2020: 8 -- 10,740 written, 220.3 min
  [2119/2898] 33_639 2010: 8 -- 10,748 written, 220.3 min
  [2120/2898] 33_639 2014: 8 -- 10,756 written, 220.4 min
  [2121/2898] 33_640 2020: 8 -- 10,764 written, 220.5 min
  [2122/2898] 33_640 2022: 8 -- 10,772 written, 220.7 min
  [2123/2898] 33_641 2014: 8 -- 10,780 written, 220.8 min
  [2124/2898] 33_641 2022: 8 -- 10,788 written, 221.0 min
  [2125/2898] 33_642 2013: 8 -- 10,796 written, 221.1 min
  [2126/2898] 33_642 2026: 8 -- 10,804 written, 221.2 min
  [2127/2898] 33_643 2010: 8 -- 10,812 written, 221.3 min
  [2128/2898] 33_643 2017: 8 -- 10,820 written, 221.5 min
  [2129/2898] 33_644 2010: 11 -- 10,831 written, 221.5 min
  [2130/2898] 33_644 2019: 11 -- 10,842 written, 221.6 min
  [2131/2898] 33_645 2022: 11 -- 10,853 written, 221.7 min
  [2132/2898] 33_645 2025: 11 -- 10,864 written, 221.8 min
  [2133/2898] 33_646 2010: 11 -- 10,875 written, 221.9 min
  [2134/2898] 33_646 2019: 11 -- 10,886 written, 222.0 min
  [2135/2898] 33_647 2024: 11 -- 10,897 written, 222.1 min
  [2136/2898] 33_647 2026: 11 -- 10,908 written, 222.2 min
  [2137/2898] 33_648 2021: 11 -- 10,919 written, 222.3 min
  [2138/2898] 33_648 2026: 11 -- 10,930 written, 222.4 min
  [2139/2898] 33_649 2019: 9 -- 10,939 written, 222.5 min
  [2140/2898] 33_649 2026: 9 -- 10,948 written, 222.6 min
  [2141/2898] 33_650 2021: 9 -- 10,957 written, 222.8 min
  [2142/2898] 33_650 2022: 9 -- 10,966 written, 222.9 min
  [2143/2898] 33_651 2014: 9 -- 10,975 written, 223.1 min
  [2144/2898] 33_651 2026: 9 -- 10,984 written, 223.2 min
  [2145/2898] 33_652 2013: 9 -- 10,993 written, 223.3 min
  [2146/2898] 33_652 2022: 9 -- 11,002 written, 223.4 min
  [2147/2898] 33_653 2013: 9 -- 11,011 written, 223.5 min
  [2148/2898] 33_653 2025: 9 -- 11,020 written, 223.8 min
  [2149/2898] 33_654 2013: 9 -- 11,029 written, 223.9 min
  [2150/2898] 33_654 2022: 9 -- 11,038 written, 224.1 min
  [2151/2898] 33_655 2021: 1 -- 11,039 written, 224.3 min
  [2152/2898] 33_655 2022: 1 -- 11,040 written, 224.5 min
  [2153/2898] 33_656 2019: 1 -- 11,041 written, 224.7 min
  [2154/2898] 33_656 2023: 1 -- 11,042 written, 224.9 min
  [2155/2898] 33_657 2021: 1 -- 11,043 written, 225.1 min
  [2156/2898] 33_657 2022: 1 -- 11,044 written, 225.3 min
  [2157/2898] 33_658 2013: 1 -- 11,045 written, 225.4 min
  [2158/2898] 33_658 2019: 1 -- 11,046 written, 225.6 min
  [2159/2898] 33_659 2021: 1 -- 11,047 written, 225.8 min
  [2160/2898] 33_659 2024: 1 -- 11,048 written, 226.0 min
  [2161/2898] 33_660 2017: 3 -- 11,051 written, 226.3 min
  [2162/2898] 33_660 2021: 3 -- 11,054 written, 226.4 min
  [2163/2898] 33_661 2012: 3 -- 11,057 written, 226.5 min
  [2164/2898] 33_661 2019: 3 -- 11,060 written, 226.6 min
  [2165/2898] 33_662 2013: 3 -- 11,063 written, 226.7 min
  [2166/2898] 33_662 2014: 3 -- 11,066 written, 226.9 min
  [2167/2898] 33_663 2022: 3 -- 11,069 written, 227.0 min
  [2168/2898] 33_663 2024: 3 -- 11,072 written, 227.2 min
  [2169/2898] 33_664 2014: 3 -- 11,075 written, 227.3 min
  [2170/2898] 33_664 2022: 3 -- 11,078 written, 227.4 min
  [2171/2898] 33_665 2017: 3 -- 11,081 written, 227.5 min
  [2172/2898] 33_665 2019: 3 -- 11,084 written, 227.7 min
  [2173/2898] 34_597 2022: 1 -- 11,085 written, 227.8 min
  [2174/2898] 34_597 2025: 1 -- 11,086 written, 228.0 min
  [2175/2898] 34_598 2010: 1 -- 11,087 written, 228.1 min
  [2176/2898] 34_598 2014: 1 -- 11,088 written, 228.2 min
  [2177/2898] 34_599 2021: 12 -- 11,100 written, 228.4 min
  [2178/2898] 34_599 2022: 12 -- 11,112 written, 228.5 min
  [2179/2898] 34_600 2014: 12 -- 11,124 written, 228.6 min
  [2180/2898] 34_600 2021: 12 -- 11,136 written, 228.8 min
  [2181/2898] 34_601 2010: 12 -- 11,148 written, 228.9 min
  [2182/2898] 34_601 2020: 12 -- 11,160 written, 229.0 min
  [2183/2898] 34_602 2021: 12 -- 11,172 written, 229.2 min
  [2184/2898] 34_602 2022: 12 -- 11,184 written, 229.3 min
  [2185/2898] 34_603 2022: 12 -- 11,196 written, 229.5 min
  [2186/2898] 34_603 2025: 12 -- 11,208 written, 229.6 min
  [2187/2898] 34_604 2013: 12 -- 11,220 written, 229.7 min
  [2188/2898] 34_604 2022: 12 -- 11,232 written, 229.8 min
  [2189/2898] 34_605 2013: 2 -- 11,234 written, 229.9 min
  [2190/2898] 34_605 2026: 2 -- 11,236 written, 230.0 min
  [2191/2898] 34_607 2019: 2 -- 11,238 written, 230.2 min
  [2192/2898] 34_607 2020: 2 -- 11,240 written, 230.4 min
  [2193/2898] 34_608 2010: 2 -- 11,242 written, 230.6 min
  [2194/2898] 34_608 2017: 2 -- 11,244 written, 230.8 min
  [2195/2898] 34_609 2020: 2 -- 11,246 written, 231.0 min
  [2196/2898] 34_609 2025: 2 -- 11,248 written, 231.2 min
  [2197/2898] 34_610 2019: 1 -- 11,249 written, 231.4 min
  [2198/2898] 34_610 2026: 1 -- 11,250 written, 231.5 min
  [2199/2898] 34_611 2012: 1 -- 11,251 written, 231.7 min
  [2200/2898] 34_611 2020: 1 -- 11,252 written, 231.8 min
  [2201/2898] 34_612 2010: 1 -- 11,253 written, 231.9 min
  [2202/2898] 34_612 2022: 1 -- 11,254 written, 232.1 min
  [2203/2898] 34_613 2017: 1 -- 11,255 written, 232.2 min
  [2204/2898] 34_613 2022: 1 -- 11,256 written, 232.3 min
  [2205/2898] 34_614 2013: 1 -- 11,257 written, 232.3 min
  [2206/2898] 34_614 2022: 1 -- 11,258 written, 232.4 min
  [2207/2898] 34_615 2013: 1 -- 11,259 written, 232.5 min
  [2208/2898] 34_615 2020: 1 -- 11,260 written, 232.5 min
  [2209/2898] 34_616 2014: 1 -- 11,261 written, 232.6 min
  [2210/2898] 34_616 2020: 1 -- 11,262 written, 232.7 min
  [2211/2898] 34_617 2013: 1 -- 11,263 written, 232.7 min
  [2212/2898] 34_617 2022: 1 -- 11,264 written, 232.8 min
  [2213/2898] 34_618 2019: 1 -- 11,265 written, 232.9 min
  [2214/2898] 34_618 2026: 1 -- 11,266 written, 233.0 min
  [2215/2898] 34_619 2019: 1 -- 11,267 written, 233.0 min
  [2216/2898] 34_619 2022: 1 -- 11,268 written, 233.1 min
  [2217/2898] 34_620 2021: 1 -- 11,269 written, 233.2 min
  [2218/2898] 34_620 2022: 1 -- 11,270 written, 233.2 min
  [2219/2898] 34_621 2013: 8 -- 11,278 written, 233.3 min
  [2220/2898] 34_621 2022: 8 -- 11,286 written, 233.4 min
  [2221/2898] 34_622 2013: 8 -- 11,294 written, 233.5 min
  [2222/2898] 34_622 2022: 8 -- 11,302 written, 233.5 min
  [2223/2898] 34_623 2010: 8 -- 11,310 written, 233.6 min
  [2224/2898] 34_623 2021: 8 -- 11,318 written, 233.7 min
  [2225/2898] 34_624 2020: 8 -- 11,326 written, 233.9 min
  [2226/2898] 34_624 2022: 8 -- 11,334 written, 234.0 min
  [2227/2898] 34_625 2017: 8 -- 11,342 written, 234.2 min
  [2228/2898] 34_625 2021: 8 -- 11,350 written, 234.3 min
  [2229/2898] 34_626 2010: 8 -- 11,358 written, 234.3 min
  [2230/2898] 34_626 2019: 8 -- 11,366 written, 234.5 min
  [2231/2898] 34_627 2010: 20 -- 11,386 written, 234.5 min
  [2232/2898] 34_627 2022: 20 -- 11,406 written, 234.6 min
  [2233/2898] 34_628 2020: 20 -- 11,426 written, 234.7 min
  [2234/2898] 34_628 2021: 20 -- 11,446 written, 234.8 min
  [2235/2898] 34_629 2020: 20 -- 11,466 written, 234.9 min
  [2236/2898] 34_629 2022: 18 -- 11,484 written, 235.0 min
  [2237/2898] 34_630 2013: 19 -- 11,503 written, 235.0 min
  [2238/2898] 34_630 2026: 17 -- 11,520 written, 235.1 min
  [2239/2898] 34_631 2012: 20 -- 11,540 written, 235.2 min
  [2240/2898] 34_631 2020: 20 -- 11,560 written, 235.2 min
  [2241/2898] 34_632 2013: 16 -- 11,576 written, 235.3 min
  [2242/2898] 34_632 2022: 16 -- 11,592 written, 235.4 min
  [2243/2898] 34_633 2019: 16 -- 11,608 written, 235.4 min
  [2244/2898] 34_633 2022: 16 -- 11,624 written, 235.5 min
  [2245/2898] 34_634 2014: 16 -- 11,640 written, 235.6 min
  [2246/2898] 34_634 2022: 16 -- 11,656 written, 235.7 min
  [2247/2898] 34_635 2013: 16 -- 11,672 written, 235.7 min
  [2248/2898] 34_635 2025: 16 -- 11,688 written, 235.8 min
  [2249/2898] 34_636 2019: 16 -- 11,704 written, 235.9 min
  [2250/2898] 34_636 2025: 16 -- 11,720 written, 236.0 min
  [2251/2898] 34_637 2022: 16 -- 11,736 written, 236.0 min
  [2252/2898] 34_637 2025: 16 -- 11,752 written, 236.2 min
  [2253/2898] 34_638 2020: 8 -- 11,760 written, 236.2 min
  [2254/2898] 34_638 2022: 8 -- 11,768 written, 236.3 min
  [2255/2898] 34_639 2014: 8 -- 11,776 written, 236.4 min
  [2256/2898] 34_639 2019: 8 -- 11,784 written, 236.5 min
  [2257/2898] 34_640 2012: 8 -- 11,792 written, 236.6 min
  [2258/2898] 34_640 2022: 8 -- 11,800 written, 236.8 min
  [2259/2898] 34_641 2020: 8 -- 11,808 written, 236.9 min
  [2260/2898] 34_641 2021: 8 -- 11,816 written, 237.0 min
  [2261/2898] 34_642 2025: 8 -- 11,824 written, 237.2 min
  [2262/2898] 34_642 2026: 8 -- 11,832 written, 237.4 min
  [2263/2898] 34_643 2010: 8 -- 11,840 written, 237.4 min
  [2264/2898] 34_643 2012: 8 -- 11,848 written, 237.5 min
  [2265/2898] 34_644 2021: 11 -- 11,859 written, 237.6 min
  [2266/2898] 34_644 2022: 11 -- 11,870 written, 237.7 min
  [2267/2898] 34_645 2020: 11 -- 11,881 written, 237.8 min
  [2268/2898] 34_645 2022: 11 -- 11,892 written, 237.9 min
  [2269/2898] 34_646 2020: 11 -- 11,903 written, 237.9 min
  [2270/2898] 34_646 2024: 11 -- 11,914 written, 238.0 min
  [2271/2898] 34_647 2014: 11 -- 11,925 written, 238.1 min
  [2272/2898] 34_647 2022: 11 -- 11,936 written, 238.2 min
  [2273/2898] 34_648 2018: 11 -- 11,947 written, 238.3 min
  [2274/2898] 34_648 2019: 11 -- 11,958 written, 238.4 min
  [2275/2898] 34_649 2013: 9 -- 11,967 written, 238.4 min
  [2276/2898] 34_649 2019: 9 -- 11,976 written, 238.5 min
  [2277/2898] 34_650 2019: 9 -- 11,985 written, 238.6 min
  [2278/2898] 34_650 2020: 9 -- 11,994 written, 238.7 min
  [2279/2898] 34_651 2014: 9 -- 12,003 written, 238.8 min
  [2280/2898] 34_651 2019: 9 -- 12,012 written, 238.9 min
  [2281/2898] 34_652 2022: 9 -- 12,021 written, 239.0 min
  [2282/2898] 34_652 2025: 9 -- 12,030 written, 239.1 min
  [2283/2898] 34_653 2019: 9 -- 12,039 written, 239.2 min
  [2284/2898] 34_653 2020: 9 -- 12,048 written, 239.4 min
  [2285/2898] 34_654 2021: 9 -- 12,057 written, 239.5 min
  [2286/2898] 34_654 2022: 9 -- 12,066 written, 239.7 min
  [2287/2898] 34_655 2010: 1 -- 12,067 written, 239.8 min
  [2288/2898] 34_655 2022: 1 -- 12,068 written, 239.9 min
  [2289/2898] 34_656 2010: 1 -- 12,069 written, 240.0 min
  [2290/2898] 34_656 2022: 1 -- 12,070 written, 240.1 min
  [2291/2898] 34_657 2010: 1 -- 12,071 written, 240.3 min
  [2292/2898] 34_657 2014: 1 -- 12,072 written, 240.4 min
  [2293/2898] 34_658 2019: 1 -- 12,073 written, 240.6 min
  [2294/2898] 34_658 2021: 1 -- 12,074 written, 240.8 min
  [2295/2898] 34_659 2022: 1 -- 12,075 written, 241.0 min
  [2296/2898] 34_659 2025: 1 -- 12,076 written, 241.2 min
  [2297/2898] 34_660 2013: 3 -- 12,079 written, 241.3 min
  [2298/2898] 34_660 2022: 3 -- 12,082 written, 241.5 min
  [2299/2898] 34_661 2013: 3 -- 12,085 written, 241.6 min
  [2300/2898] 34_661 2014: 3 -- 12,088 written, 241.7 min
  [2301/2898] 34_662 2018: 3 -- 12,091 written, 241.9 min
  [2302/2898] 34_662 2022: 3 -- 12,094 written, 242.0 min
  [2303/2898] 34_663 2012: 3 -- 12,097 written, 242.1 min
  [2304/2898] 34_663 2026: 3 -- 12,100 written, 242.2 min
  [2305/2898] 34_664 2014: 3 -- 12,103 written, 242.3 min
  [2306/2898] 34_664 2019: 3 -- 12,106 written, 242.5 min
  [2307/2898] 34_665 2010: 3 -- 12,109 written, 242.6 min
  [2308/2898] 34_665 2019: 3 -- 12,112 written, 242.7 min
  [2309/2898] 35_597 2019: 1 -- 12,113 written, 242.9 min
  [2310/2898] 35_597 2025: 1 -- 12,114 written, 243.0 min
  [2311/2898] 35_598 2014: 1 -- 12,115 written, 243.2 min
  [2312/2898] 35_598 2022: 1 -- 12,116 written, 243.3 min
  [2313/2898] 35_599 2013: 12 -- 12,128 written, 243.4 min
  [2314/2898] 35_599 2014: 12 -- 12,140 written, 243.5 min
  [2315/2898] 35_600 2010: 12 -- 12,152 written, 243.7 min
  [2316/2898] 35_600 2021: 12 -- 12,164 written, 243.8 min
  [2317/2898] 35_601 2013: 12 -- 12,176 written, 243.9 min
  [2318/2898] 35_601 2020: 12 -- 12,188 written, 244.0 min
  [2319/2898] 35_602 2010: 12 -- 12,200 written, 244.1 min
  [2320/2898] 35_602 2021: 12 -- 12,212 written, 244.3 min
  [2321/2898] 35_603 2014: 12 -- 12,224 written, 244.4 min
  [2322/2898] 35_603 2022: 12 -- 12,236 written, 244.6 min
  [2323/2898] 35_604 2010: 12 -- 12,248 written, 244.7 min
  [2324/2898] 35_604 2026: 12 -- 12,260 written, 244.8 min
  [2325/2898] 35_605 2018: 2 -- 12,262 written, 245.0 min
  [2326/2898] 35_605 2020: 2 -- 12,264 written, 245.1 min
  [2327/2898] 35_606 2019: 2 -- 12,266 written, 245.2 min
  [2328/2898] 35_606 2025: 2 -- 12,268 written, 245.5 min
  [2329/2898] 35_607 2021: 2 -- 12,270 written, 245.7 min
  [2330/2898] 35_607 2022: 2 -- 12,272 written, 245.9 min
  [2331/2898] 35_608 2021: 2 -- 12,274 written, 246.1 min
  [2332/2898] 35_608 2024: 2 -- 12,276 written, 246.3 min
  [2333/2898] 35_609 2019: 2 -- 12,278 written, 246.4 min
  [2334/2898] 35_609 2021: 2 -- 12,280 written, 246.6 min
  [2335/2898] 35_610 2021: 1 -- 12,281 written, 246.8 min
  [2336/2898] 35_610 2022: 1 -- 12,282 written, 247.0 min
  [2337/2898] 35_611 2019: 1 -- 12,283 written, 247.2 min
  [2338/2898] 35_611 2022: 1 -- 12,284 written, 247.4 min
  [2339/2898] 35_612 2014: 1 -- 12,285 written, 247.6 min
  [2340/2898] 35_612 2017: 1 -- 12,286 written, 247.8 min
  [2341/2898] 35_613 2010: 1 -- 12,287 written, 247.9 min
  [2342/2898] 35_613 2014: 1 -- 12,288 written, 248.0 min
  [2343/2898] 35_614 2019: 1 -- 12,289 written, 248.1 min
  [2344/2898] 35_614 2020: 1 -- 12,290 written, 248.2 min
  [2345/2898] 35_615 2014: 1 -- 12,291 written, 248.3 min
  [2346/2898] 35_615 2025: 1 -- 12,292 written, 248.4 min
  [2347/2898] 35_616 2006: 1 -- 12,293 written, 248.6 min
  [2348/2898] 35_616 2010: 1 -- 12,294 written, 248.7 min
  [2349/2898] 35_617 2025: 1 -- 12,295 written, 248.8 min
  [2350/2898] 35_617 2026: 1 -- 12,296 written, 248.9 min
  [2351/2898] 35_618 2014: 1 -- 12,297 written, 249.0 min
  [2352/2898] 35_618 2022: 1 -- 12,298 written, 249.1 min
  [2353/2898] 35_619 2020: 1 -- 12,299 written, 249.2 min
  [2354/2898] 35_619 2022: 1 -- 12,300 written, 249.2 min
  [2355/2898] 35_620 2013: 1 -- 12,301 written, 249.3 min
  [2356/2898] 35_620 2022: 1 -- 12,302 written, 249.4 min
  [2357/2898] 35_621 2013: 8 -- 12,310 written, 249.4 min
  [2358/2898] 35_621 2022: 8 -- 12,318 written, 249.5 min
  [2359/2898] 35_622 2012: 8 -- 12,326 written, 249.6 min
  [2360/2898] 35_622 2022: 8 -- 12,334 written, 249.7 min
  [2361/2898] 35_623 2021: 8 -- 12,342 written, 249.8 min
  [2362/2898] 35_623 2022: 8 -- 12,350 written, 249.9 min
  [2363/2898] 35_624 2020: 8 -- 12,358 written, 250.0 min
  [2364/2898] 35_624 2022: 8 -- 12,366 written, 250.2 min
  [2365/2898] 35_625 2020: 8 -- 12,374 written, 250.3 min
  [2366/2898] 35_625 2022: 8 -- 12,382 written, 250.5 min
  [2367/2898] 35_626 2021: 8 -- 12,390 written, 250.6 min
  [2368/2898] 35_626 2022: 8 -- 12,398 written, 250.7 min
  [2369/2898] 35_627 2013: 20 -- 12,418 written, 250.8 min
  [2370/2898] 35_627 2014: 20 -- 12,438 written, 250.9 min
  [2371/2898] 35_628 2014: 20 -- 12,458 written, 250.9 min
  [2372/2898] 35_628 2020: 20 -- 12,478 written, 251.0 min
  [2373/2898] 35_629 2010: 5 -- 12,483 written, 251.1 min
  [2374/2898] 35_629 2025: 11 -- 12,494 written, 251.2 min
  [2375/2898] 35_630 2020: 20 -- 12,514 written, 251.2 min
  [2376/2898] 35_630 2022: 20 -- 12,534 written, 251.3 min
  [2377/2898] 35_631 2010: 20 -- 12,554 written, 251.4 min
  [2378/2898] 35_631 2023: 20 -- 12,574 written, 251.4 min
  [2379/2898] 35_632 2010: 16 -- 12,590 written, 251.5 min
  [2380/2898] 35_632 2014: 16 -- 12,606 written, 251.6 min
  [2381/2898] 35_633 2019: 16 -- 12,622 written, 251.7 min
  [2382/2898] 35_633 2022: 16 -- 12,638 written, 251.7 min
  [2383/2898] 35_634 2012: 16 -- 12,654 written, 251.8 min
  [2384/2898] 35_634 2019: 16 -- 12,670 written, 251.9 min
  [2385/2898] 35_635 2012: 16 -- 12,686 written, 251.9 min
  [2386/2898] 35_635 2014: 16 -- 12,702 written, 252.0 min
  [2387/2898] 35_636 2010: 16 -- 12,718 written, 252.0 min
  [2388/2898] 35_636 2022: 16 -- 12,734 written, 252.1 min
  [2389/2898] 35_637 2010: 16 -- 12,750 written, 252.2 min
  [2390/2898] 35_637 2024: 16 -- 12,766 written, 252.2 min
  [2391/2898] 35_638 2018: 8 -- 12,774 written, 252.3 min
  [2392/2898] 35_638 2021: 8 -- 12,782 written, 252.4 min
  [2393/2898] 35_639 2019: 8 -- 12,790 written, 252.6 min
  [2394/2898] 35_639 2022: 8 -- 12,798 written, 252.7 min
  [2395/2898] 35_640 2022: 8 -- 12,806 written, 252.8 min
  [2396/2898] 35_640 2025: 8 -- 12,814 written, 253.0 min
  [2397/2898] 35_641 2014: 8 -- 12,822 written, 253.1 min
  [2398/2898] 35_641 2022: 8 -- 12,830 written, 253.2 min
  [2399/2898] 35_642 2013: 8 -- 12,838 written, 253.3 min
  [2400/2898] 35_642 2022: 8 -- 12,846 written, 253.4 min
  [2401/2898] 35_643 2013: 8 -- 12,854 written, 253.5 min
  [2402/2898] 35_643 2022: 8 -- 12,862 written, 253.7 min
  [2403/2898] 35_644 2006: 11 -- 12,873 written, 253.8 min
  [2404/2898] 35_644 2010: 11 -- 12,884 written, 253.8 min
  [2405/2898] 35_645 2013: 11 -- 12,895 written, 253.9 min
  [2406/2898] 35_645 2017: 11 -- 12,906 written, 254.0 min
  [2407/2898] 35_646 2019: 11 -- 12,917 written, 254.1 min
  [2408/2898] 35_646 2020: 11 -- 12,928 written, 254.1 min
  [2409/2898] 35_647 2013: 11 -- 12,939 written, 254.2 min
  [2410/2898] 35_647 2022: 11 -- 12,950 written, 254.3 min
  [2411/2898] 35_648 2010: 11 -- 12,961 written, 254.3 min
  [2412/2898] 35_648 2022: 11 -- 12,972 written, 254.4 min
  [2413/2898] 35_649 2013: 9 -- 12,981 written, 254.5 min
  [2414/2898] 35_649 2020: 9 -- 12,990 written, 254.5 min
  [2415/2898] 35_650 2021: 9 -- 12,999 written, 254.6 min
  [2416/2898] 35_650 2023: 9 -- 13,008 written, 254.7 min
  [2417/2898] 35_651 2010: 9 -- 13,017 written, 254.8 min
  [2418/2898] 35_651 2013: 9 -- 13,026 written, 254.8 min
  [2419/2898] 35_652 2020: 9 -- 13,035 written, 254.9 min
  [2420/2898] 35_652 2023: 9 -- 13,044 written, 255.0 min
  [2421/2898] 35_653 2021: 9 -- 13,053 written, 255.1 min
  [2422/2898] 35_653 2022: 9 -- 13,062 written, 255.2 min
  [2423/2898] 35_654 2010: 9 -- 13,071 written, 255.3 min
  [2424/2898] 35_654 2022: 9 -- 13,080 written, 255.5 min
  [2425/2898] 35_655 2021: 1 -- 13,081 written, 255.6 min
  [2426/2898] 35_655 2022: 1 -- 13,082 written, 255.7 min
  [2427/2898] 35_656 2013: 1 -- 13,083 written, 255.7 min
  [2428/2898] 35_656 2022: 1 -- 13,084 written, 255.9 min
  [2429/2898] 35_657 2019: 1 -- 13,085 written, 256.0 min
  [2430/2898] 35_657 2020: 1 -- 13,086 written, 256.2 min
  [2431/2898] 35_658 2020: 1 -- 13,087 written, 256.3 min
  [2432/2898] 35_658 2022: 1 -- 13,088 written, 256.5 min
  [2433/2898] 35_659 2010: 1 -- 13,089 written, 256.6 min
  [2434/2898] 35_659 2026: 1 -- 13,090 written, 256.7 min
  [2435/2898] 35_660 2013: 3 -- 13,093 written, 256.8 min
  [2436/2898] 35_660 2019: 3 -- 13,096 written, 257.0 min
  [2437/2898] 35_661 2017: 3 -- 13,099 written, 257.1 min
  [2438/2898] 35_661 2021: 3 -- 13,102 written, 257.3 min
  [2439/2898] 35_662 2017: 3 -- 13,105 written, 257.4 min
  [2440/2898] 35_662 2022: 3 -- 13,108 written, 257.6 min
  [2441/2898] 35_663 2020: 3 -- 13,111 written, 257.7 min
  [2442/2898] 35_663 2022: 3 -- 13,114 written, 257.9 min
  [2443/2898] 35_664 2010: 3 -- 13,117 written, 258.0 min
  [2444/2898] 35_664 2024: 3 -- 13,120 written, 258.1 min
  [2445/2898] 35_665 2021: 3 -- 13,123 written, 258.3 min
  [2446/2898] 35_665 2022: 3 -- 13,126 written, 258.4 min
  [2447/2898] 36_599 2013: 4 -- 13,130 written, 258.5 min
  [2448/2898] 36_599 2025: 3 -- 13,133 written, 258.7 min
  [2449/2898] 36_600 2014: 12 -- 13,145 written, 258.8 min
  [2450/2898] 36_600 2024: 12 -- 13,157 written, 259.0 min
  [2451/2898] 36_601 2006: 12 -- 13,169 written, 259.1 min
  [2452/2898] 36_601 2022: 12 -- 13,181 written, 259.3 min
  [2453/2898] 36_602 2019: 12 -- 13,193 written, 259.5 min
  [2454/2898] 36_602 2025: 12 -- 13,205 written, 259.6 min
  [2455/2898] 36_603 2014: 12 -- 13,217 written, 259.7 min
  [2456/2898] 36_603 2020: 12 -- 13,229 written, 259.9 min
  [2457/2898] 36_604 2020: 12 -- 13,241 written, 260.0 min
  [2458/2898] 36_604 2022: 12 -- 13,253 written, 260.2 min
  [2459/2898] 36_605 2022: 2 -- 13,255 written, 260.3 min
  [2460/2898] 36_605 2026: 2 -- 13,257 written, 260.4 min
  [2461/2898] 36_606 2019: 2 -- 13,259 written, 260.6 min
  [2462/2898] 36_606 2022: 2 -- 13,261 written, 260.8 min
  [2463/2898] 36_607 2013: 2 -- 13,263 written, 261.0 min
  [2464/2898] 36_607 2026: 2 -- 13,265 written, 261.2 min
  [2465/2898] 36_608 2022: 2 -- 13,267 written, 261.4 min
  [2466/2898] 36_608 2025: 2 -- 13,269 written, 261.6 min
  [2467/2898] 36_609 2013: 2 -- 13,271 written, 261.7 min
  [2468/2898] 36_609 2020: 2 -- 13,273 written, 261.9 min
  [2469/2898] 36_610 2022: 1 -- 13,274 written, 262.1 min
  [2470/2898] 36_610 2024: 1 -- 13,275 written, 262.3 min
  [2471/2898] 36_611 2019: 1 -- 13,276 written, 262.5 min
  [2472/2898] 36_611 2022: 1 -- 13,277 written, 262.7 min
  [2473/2898] 36_612 2010: 1 -- 13,278 written, 262.8 min
  [2474/2898] 36_612 2012: 1 -- 13,279 written, 262.9 min
  [2475/2898] 36_613 2014: 1 -- 13,280 written, 263.0 min
  [2476/2898] 36_613 2022: 1 -- 13,281 written, 263.2 min
  [2477/2898] 36_614 2013: 1 -- 13,282 written, 263.3 min
  [2478/2898] 36_614 2025: 1 -- 13,283 written, 263.4 min
  [2479/2898] 36_615 2010: 1 -- 13,284 written, 263.5 min
  [2480/2898] 36_615 2020: 1 -- 13,285 written, 263.6 min
  [2481/2898] 36_616 2022: 1 -- 13,286 written, 263.8 min
  [2482/2898] 36_616 2026: 1 -- 13,287 written, 263.9 min
  [2483/2898] 36_617 2006: 1 -- 13,288 written, 264.1 min
  [2484/2898] 36_617 2022: 1 -- 13,289 written, 264.2 min
  [2485/2898] 36_618 2019: 1 -- 13,290 written, 264.3 min
  [2486/2898] 36_618 2022: 1 -- 13,291 written, 264.4 min
  [2487/2898] 36_619 2019: 1 -- 13,292 written, 264.6 min
  [2488/2898] 36_619 2025: 1 -- 13,293 written, 264.7 min
  [2489/2898] 36_620 2010: 1 -- 13,294 written, 264.8 min
  [2490/2898] 36_620 2022: 1 -- 13,295 written, 264.9 min
  [2491/2898] 36_621 2020: 8 -- 13,303 written, 265.0 min
  [2492/2898] 36_621 2021: 8 -- 13,311 written, 265.2 min
  [2493/2898] 36_622 2013: 8 -- 13,319 written, 265.3 min
  [2494/2898] 36_622 2014: 8 -- 13,327 written, 265.4 min
  [2495/2898] 36_623 2010: 8 -- 13,335 written, 265.5 min
  [2496/2898] 36_623 2026: 8 -- 13,343 written, 265.7 min
  [2497/2898] 36_624 2010: 8 -- 13,351 written, 265.8 min
  [2498/2898] 36_624 2014: 8 -- 13,359 written, 265.9 min
  [2499/2898] 36_625 2010: 8 -- 13,367 written, 266.0 min
  [2500/2898] 36_625 2022: 8 -- 13,375 written, 266.2 min
  [2501/2898] 36_626 2019: 8 -- 13,383 written, 266.3 min
  [2502/2898] 36_626 2026: 8 -- 13,391 written, 266.5 min
  [2503/2898] 36_627 2022: 20 -- 13,411 written, 266.6 min
  [2504/2898] 36_627 2023: 20 -- 13,431 written, 266.7 min
  [2505/2898] 36_628 2014: 20 -- 13,451 written, 266.7 min
  [2506/2898] 36_628 2019: 20 -- 13,471 written, 266.8 min
  [2507/2898] 36_629 2019: 20 -- 13,491 written, 266.9 min
  [2508/2898] 36_629 2023: 20 -- 13,511 written, 267.0 min
  [2509/2898] 36_630 2020: 20 -- 13,531 written, 267.1 min
  [2510/2898] 36_630 2022: 20 -- 13,551 written, 267.1 min
  [2511/2898] 36_631 2019: 20 -- 13,571 written, 267.2 min
  [2512/2898] 36_631 2022: 20 -- 13,591 written, 267.3 min
  [2513/2898] 36_632 2013: 20 -- 13,611 written, 267.3 min
  [2514/2898] 36_632 2022: 20 -- 13,631 written, 267.4 min
  [2515/2898] 36_633 2010: 16 -- 13,647 written, 267.5 min
  [2516/2898] 36_633 2022: 16 -- 13,663 written, 267.5 min
  [2517/2898] 36_634 2014: 16 -- 13,679 written, 267.6 min
  [2518/2898] 36_634 2026: 16 -- 13,695 written, 267.7 min
  [2519/2898] 36_635 2017: 16 -- 13,711 written, 267.8 min
  [2520/2898] 36_635 2022: 16 -- 13,727 written, 267.8 min
  [2521/2898] 36_636 2010: 16 -- 13,743 written, 267.9 min
  [2522/2898] 36_636 2021: 16 -- 13,759 written, 268.0 min
  [2523/2898] 36_637 2012: 16 -- 13,775 written, 268.0 min
  [2524/2898] 36_637 2014: 16 -- 13,791 written, 268.1 min
  [2525/2898] 36_638 2006: 8 -- 13,799 written, 268.2 min
  [2526/2898] 36_638 2020: 8 -- 13,807 written, 268.3 min
  [2527/2898] 36_639 2013: 8 -- 13,815 written, 268.3 min
  [2528/2898] 36_639 2017: 8 -- 13,823 written, 268.4 min
  [2529/2898] 36_640 2017: 8 -- 13,831 written, 268.6 min
  [2530/2898] 36_640 2022: 8 -- 13,839 written, 268.7 min
  [2531/2898] 36_641 2013: 8 -- 13,847 written, 268.8 min
  [2532/2898] 36_641 2021: 8 -- 13,855 written, 269.0 min
  [2533/2898] 36_642 2019: 8 -- 13,863 written, 269.1 min
  [2534/2898] 36_642 2022: 8 -- 13,871 written, 269.2 min
  [2535/2898] 36_643 2012: 8 -- 13,879 written, 269.3 min
  [2536/2898] 36_643 2014: 8 -- 13,887 written, 269.4 min
  [2537/2898] 36_644 2014: 11 -- 13,898 written, 269.4 min
  [2538/2898] 36_644 2019: 11 -- 13,909 written, 269.5 min
  [2539/2898] 36_645 2019: 11 -- 13,920 written, 269.6 min
  [2540/2898] 36_645 2020: 11 -- 13,931 written, 269.6 min
  [2541/2898] 36_646 2013: 11 -- 13,942 written, 269.7 min
  [2542/2898] 36_646 2026: 11 -- 13,953 written, 269.8 min
  [2543/2898] 36_647 2014: 11 -- 13,964 written, 269.9 min
  [2544/2898] 36_647 2019: 11 -- 13,975 written, 269.9 min
  [2545/2898] 36_648 2020: 11 -- 13,986 written, 270.0 min
  [2546/2898] 36_648 2024: 11 -- 13,997 written, 270.1 min
  [2547/2898] 36_649 2014: 9 -- 14,006 written, 270.1 min
  [2548/2898] 36_649 2019: 9 -- 14,015 written, 270.2 min
  [2549/2898] 36_655 2020: 1 -- 14,016 written, 270.3 min
  [2550/2898] 36_655 2021: 1 -- 14,017 written, 270.4 min
  [2551/2898] 36_656 2013: 1 -- 14,018 written, 270.5 min
  [2552/2898] 36_656 2020: 1 -- 14,019 written, 270.6 min
  [2553/2898] 36_657 2019: 1 -- 14,020 written, 270.7 min
  [2554/2898] 36_657 2020: 1 -- 14,021 written, 270.8 min
  [2555/2898] 36_658 2022: 1 -- 14,022 written, 271.0 min
  [2556/2898] 36_658 2026: 1 -- 14,023 written, 271.1 min
  [2557/2898] 36_659 2014: 1 -- 14,024 written, 271.2 min
  [2558/2898] 36_659 2019: 1 -- 14,025 written, 271.3 min
  [2559/2898] 36_660 2014: 3 -- 14,028 written, 271.3 min
  [2560/2898] 36_660 2022: 3 -- 14,031 written, 271.5 min
  [2561/2898] 36_661 2019: 3 -- 14,034 written, 271.6 min
  [2562/2898] 36_661 2022: 3 -- 14,037 written, 271.7 min
  [2563/2898] 36_662 2014: 3 -- 14,040 written, 271.8 min
  [2564/2898] 36_662 2022: 3 -- 14,043 written, 271.9 min
  [2565/2898] 36_663 2010: 3 -- 14,046 written, 272.0 min
  [2566/2898] 36_663 2019: 3 -- 14,049 written, 272.1 min
  [2567/2898] 36_664 2010: 3 -- 14,052 written, 272.1 min
  [2568/2898] 36_664 2025: 3 -- 14,055 written, 272.2 min
  [2569/2898] 36_665 2014: 3 -- 14,058 written, 272.3 min
  [2570/2898] 36_665 2022: 3 -- 14,061 written, 272.5 min
  [2571/2898] 37_600 2013: 7 -- 14,068 written, 272.6 min
  [2572/2898] 37_600 2026: 12 -- 14,080 written, 272.7 min
  [2573/2898] 37_601 2014: 12 -- 14,092 written, 272.8 min
  [2574/2898] 37_601 2026: 12 -- 14,104 written, 273.0 min
  [2575/2898] 37_602 2022: 12 -- 14,116 written, 273.2 min
  [2576/2898] 37_602 2025: 12 -- 14,128 written, 273.3 min
  [2577/2898] 37_603 2014: 12 -- 14,140 written, 273.4 min
  [2578/2898] 37_603 2022: 12 -- 14,152 written, 273.6 min
  [2579/2898] 37_604 2014: 12 -- 14,164 written, 273.7 min
  [2580/2898] 37_604 2022: 12 -- 14,176 written, 273.8 min
  [2581/2898] 37_605 2013: 2 -- 14,178 written, 273.9 min
  [2582/2898] 37_605 2022: 2 -- 14,180 written, 274.1 min
  [2583/2898] 37_606 2020: 2 -- 14,182 written, 274.3 min
  [2584/2898] 37_606 2022: 2 -- 14,184 written, 274.5 min
  [2585/2898] 37_607 2012: 2 -- 14,186 written, 274.6 min
  [2586/2898] 37_607 2020: 2 -- 14,188 written, 274.8 min
  [2587/2898] 37_608 2019: 2 -- 14,190 written, 274.9 min
  [2588/2898] 37_608 2022: 2 -- 14,192 written, 275.1 min
  [2589/2898] 37_609 2022: 2 -- 14,194 written, 275.3 min
  [2590/2898] 37_609 2023: 2 -- 14,196 written, 275.6 min
  [2591/2898] 37_610 2022: 1 -- 14,197 written, 275.8 min
  [2592/2898] 37_610 2025: 1 -- 14,198 written, 276.0 min
  [2593/2898] 37_611 2010: 1 -- 14,199 written, 276.2 min
  [2594/2898] 37_611 2020: 1 -- 14,200 written, 276.3 min
  [2595/2898] 37_612 2010: 1 -- 14,201 written, 276.5 min
  [2596/2898] 37_612 2019: 1 -- 14,202 written, 276.6 min
  [2597/2898] 37_613 2012: 1 -- 14,203 written, 276.7 min
  [2598/2898] 37_613 2013: 1 -- 14,204 written, 276.8 min
  [2599/2898] 37_614 2019: 1 -- 14,205 written, 276.9 min
  [2600/2898] 37_614 2026: 1 -- 14,206 written, 277.0 min
  [2601/2898] 37_615 2022: 1 -- 14,207 written, 277.2 min
  [2602/2898] 37_615 2026: 1 -- 14,208 written, 277.3 min
  [2603/2898] 37_616 2012: 1 -- 14,209 written, 277.4 min
  [2604/2898] 37_616 2013: 1 -- 14,210 written, 277.5 min
  [2605/2898] 37_617 2012: 1 -- 14,211 written, 277.6 min
  [2606/2898] 37_617 2022: 1 -- 14,212 written, 277.7 min
  [2607/2898] 37_618 2010: 1 -- 14,213 written, 277.8 min
  [2608/2898] 37_618 2021: 1 -- 14,214 written, 277.9 min
  [2609/2898] 37_619 2019: 1 -- 14,215 written, 278.0 min
  [2610/2898] 37_619 2022: 1 -- 14,216 written, 278.2 min
  [2611/2898] 37_620 2021: 1 -- 14,217 written, 278.3 min
  [2612/2898] 37_620 2022: 1 -- 14,218 written, 278.4 min
  [2613/2898] 37_621 2021: 8 -- 14,226 written, 278.5 min
  [2614/2898] 37_621 2022: 8 -- 14,234 written, 278.7 min
  [2615/2898] 37_622 2019: 8 -- 14,242 written, 278.9 min
  [2616/2898] 37_622 2022: 8 -- 14,250 written, 279.1 min
  [2617/2898] 37_623 2010: 8 -- 14,258 written, 279.2 min
  [2618/2898] 37_623 2014: 8 -- 14,266 written, 279.4 min
  [2619/2898] 37_624 2010: 8 -- 14,274 written, 279.5 min
  [2620/2898] 37_624 2019: 8 -- 14,282 written, 279.7 min
  [2621/2898] 37_625 2010: 8 -- 14,290 written, 279.9 min
  [2622/2898] 37_625 2021: 8 -- 14,298 written, 280.1 min
  [2623/2898] 37_626 2020: 8 -- 14,306 written, 280.2 min
  [2624/2898] 37_626 2022: 8 -- 14,314 written, 280.4 min
  [2625/2898] 37_627 2019: 20 -- 14,334 written, 280.6 min
  [2626/2898] 37_627 2024: 20 -- 14,354 written, 280.8 min
  [2627/2898] 37_628 2010: 20 -- 14,374 written, 280.9 min
  [2628/2898] 37_628 2013: 20 -- 14,394 written, 281.0 min
  [2629/2898] 37_629 2010: 20 -- 14,414 written, 281.1 min
  [2630/2898] 37_629 2022: 20 -- 14,434 written, 281.2 min
  [2631/2898] 37_630 2013: 20 -- 14,454 written, 281.3 min
  [2632/2898] 37_630 2014: 20 -- 14,474 written, 281.4 min
  [2633/2898] 37_631 2019: 20 -- 14,494 written, 281.4 min
  [2634/2898] 37_631 2022: 20 -- 14,514 written, 281.5 min
  [2635/2898] 37_632 2019: 20 -- 14,534 written, 281.6 min
  [2636/2898] 37_632 2022: 20 -- 14,554 written, 281.7 min
  [2637/2898] 37_633 2014: 16 -- 14,570 written, 281.8 min
  [2638/2898] 37_633 2023: 16 -- 14,586 written, 281.8 min
  [2639/2898] 37_634 2021: 16 -- 14,602 written, 281.9 min
  [2640/2898] 37_634 2026: 16 -- 14,618 written, 282.0 min
  [2641/2898] 37_635 2010: 16 -- 14,634 written, 282.1 min
  [2642/2898] 37_635 2013: 16 -- 14,650 written, 282.1 min
  [2643/2898] 37_636 2014: 16 -- 14,666 written, 282.2 min
  [2644/2898] 37_636 2023: 16 -- 14,682 written, 282.3 min
  [2645/2898] 37_637 2013: 16 -- 14,698 written, 282.3 min
  [2646/2898] 37_637 2023: 16 -- 14,714 written, 282.4 min
  [2647/2898] 37_638 2013: 8 -- 14,722 written, 282.5 min
  [2648/2898] 37_638 2018: 8 -- 14,730 written, 282.6 min
  [2649/2898] 37_639 2014: 8 -- 14,738 written, 282.7 min
  [2650/2898] 37_639 2025: 8 -- 14,746 written, 282.8 min
  [2651/2898] 37_640 2014: 8 -- 14,754 written, 282.9 min
  [2652/2898] 37_640 2026: 8 -- 14,762 written, 283.1 min
  [2653/2898] 37_641 2019: 8 -- 14,770 written, 283.2 min
  [2654/2898] 37_641 2026: 8 -- 14,778 written, 283.3 min
  [2655/2898] 37_642 2022: 8 -- 14,786 written, 283.5 min
  [2656/2898] 37_642 2024: 8 -- 14,794 written, 283.6 min
  [2657/2898] 37_643 2020: 8 -- 14,802 written, 283.7 min
  [2658/2898] 37_643 2023: 8 -- 14,810 written, 283.8 min
  [2659/2898] 37_644 2017: 11 -- 14,821 written, 283.9 min
  [2660/2898] 37_644 2020: 11 -- 14,832 written, 284.0 min
  [2661/2898] 37_645 2020: 11 -- 14,843 written, 284.1 min
  [2662/2898] 37_645 2024: 11 -- 14,854 written, 284.1 min
  [2663/2898] 37_646 2013: 11 -- 14,865 written, 284.2 min
  [2664/2898] 37_646 2026: 11 -- 14,876 written, 284.3 min
  [2665/2898] 37_647 2019: 11 -- 14,887 written, 284.3 min
  [2666/2898] 37_647 2022: 11 -- 14,898 written, 284.4 min
  [2667/2898] 37_655 2013: 1 -- 14,899 written, 284.5 min
  [2668/2898] 37_655 2022: 1 -- 14,900 written, 284.6 min
  [2669/2898] 37_656 2023: 1 -- 14,901 written, 284.7 min
  [2670/2898] 37_656 2026: 1 -- 14,902 written, 284.8 min
  [2671/2898] 37_657 2010: 1 -- 14,903 written, 284.9 min
  [2672/2898] 37_657 2019: 1 -- 14,904 written, 285.1 min
  [2673/2898] 37_658 2019: 1 -- 14,905 written, 285.2 min
  [2674/2898] 37_658 2021: 1 -- 14,906 written, 285.3 min
  [2675/2898] 37_659 2014: 1 -- 14,907 written, 285.4 min
  [2676/2898] 37_659 2022: 1 -- 14,908 written, 285.5 min
  [2677/2898] 37_660 2014: 3 -- 14,911 written, 285.6 min
  [2678/2898] 37_660 2023: 3 -- 14,914 written, 285.7 min
  [2679/2898] 37_661 2014: 3 -- 14,917 written, 285.7 min
  [2680/2898] 37_661 2022: 3 -- 14,920 written, 285.8 min
  [2681/2898] 37_662 2020: 3 -- 14,923 written, 285.9 min
  [2682/2898] 37_662 2022: 3 -- 14,926 written, 286.0 min
  [2683/2898] 37_663 2014: 3 -- 14,929 written, 286.1 min
  [2684/2898] 37_663 2026: 3 -- 14,932 written, 286.2 min
  [2685/2898] 37_664 2012: 3 -- 14,935 written, 286.2 min
  [2686/2898] 37_664 2014: 3 -- 14,938 written, 286.3 min
  [2687/2898] 37_665 2014: 3 -- 14,941 written, 286.3 min
  [2688/2898] 37_665 2020: 3 -- 14,944 written, 286.4 min
  [2689/2898] 38_603 2021: 7 -- 14,951 written, 286.5 min
  [2690/2898] 38_603 2025: 9 -- 14,960 written, 286.7 min
  [2691/2898] 38_604 2025: 6 -- 14,966 written, 286.8 min
  [2692/2898] 38_604 2026: 6 -- 14,972 written, 286.9 min
  [2693/2898] 38_613 2010: 1 -- 14,973 written, 287.0 min
  [2694/2898] 38_613 2022: 1 -- 14,974 written, 287.2 min
  [2695/2898] 38_614 2021: 1 -- 14,975 written, 287.3 min
  [2696/2898] 38_614 2024: 1 -- 14,976 written, 287.5 min
  [2697/2898] 38_615 2013: 1 -- 14,977 written, 287.6 min
  [2698/2898] 38_615 2026: 1 -- 14,978 written, 287.7 min
  [2699/2898] 38_616 2012: 1 -- 14,979 written, 287.8 min
  [2700/2898] 38_616 2022: 1 -- 14,980 written, 287.9 min
  [2701/2898] 38_617 2021: 1 -- 14,981 written, 288.1 min
  [2702/2898] 38_617 2022: 1 -- 14,982 written, 288.2 min
  [2703/2898] 38_618 2017: 1 -- 14,983 written, 288.3 min
  [2704/2898] 38_618 2020: 1 -- 14,984 written, 288.5 min
  [2705/2898] 38_619 2010: 1 -- 14,985 written, 288.6 min
  [2706/2898] 38_619 2021: 1 -- 14,986 written, 288.7 min
  [2707/2898] 38_620 2019: 1 -- 14,987 written, 288.8 min
  [2708/2898] 38_620 2022: 1 -- 14,988 written, 288.9 min
  [2709/2898] 38_621 2019: 8 -- 14,996 written, 289.1 min
  [2710/2898] 38_621 2022: 8 -- 15,004 written, 289.3 min
  [2711/2898] 38_622 2022: 8 -- 15,012 written, 289.4 min
  [2712/2898] 38_622 2026: 8 -- 15,020 written, 289.7 min
  [2713/2898] 38_623 2012: 8 -- 15,028 written, 289.8 min
  [2714/2898] 38_623 2022: 8 -- 15,036 written, 290.0 min
  [2715/2898] 38_624 2019: 8 -- 15,044 written, 290.2 min
  [2716/2898] 38_624 2022: 8 -- 15,052 written, 290.4 min
  [2717/2898] 38_625 2010: 8 -- 15,060 written, 290.6 min
  [2718/2898] 38_625 2013: 8 -- 15,068 written, 290.7 min
  [2719/2898] 38_626 2013: 8 -- 15,076 written, 290.9 min
  [2720/2898] 38_626 2014: 8 -- 15,084 written, 291.0 min
  [2721/2898] 38_627 2019: 20 -- 15,104 written, 291.3 min
  [2722/2898] 38_627 2025: 20 -- 15,124 written, 291.5 min
  [2723/2898] 38_628 2014: 20 -- 15,144 written, 291.7 min
  [2724/2898] 38_628 2020: 20 -- 15,164 written, 291.8 min
  [2725/2898] 38_629 2012: 20 -- 15,184 written, 291.9 min
  [2726/2898] 38_629 2019: 20 -- 15,204 written, 292.1 min
  [2727/2898] 38_630 2014: 20 -- 15,224 written, 292.2 min
  [2728/2898] 38_630 2025: 20 -- 15,244 written, 292.4 min
  [2729/2898] 38_631 2017: 20 -- 15,264 written, 292.6 min
  [2730/2898] 38_631 2022: 20 -- 15,284 written, 292.7 min
  [2731/2898] 38_632 2014: 20 -- 15,304 written, 292.8 min
  [2732/2898] 38_632 2021: 20 -- 15,324 written, 292.9 min
  [2733/2898] 38_633 2010: 16 -- 15,340 written, 293.0 min
  [2734/2898] 38_633 2022: 14 -- 15,354 written, 293.1 min
  [2735/2898] 38_634 2014: 16 -- 15,370 written, 293.1 min
  [2736/2898] 38_634 2022: 16 -- 15,386 written, 293.2 min
  [2737/2898] 38_635 2010: 16 -- 15,402 written, 293.3 min
  [2738/2898] 38_635 2017: 16 -- 15,418 written, 293.4 min
  [2739/2898] 38_636 2012: 16 -- 15,434 written, 293.4 min
  [2740/2898] 38_636 2013: 16 -- 15,450 written, 293.5 min
  [2741/2898] 38_637 2012: 16 -- 15,466 written, 293.6 min
  [2742/2898] 38_637 2013: 16 -- 15,482 written, 293.6 min
  [2743/2898] 38_638 2014: 8 -- 15,490 written, 293.7 min
  [2744/2898] 38_638 2020: 8 -- 15,498 written, 293.7 min
  [2745/2898] 38_639 2012: 8 -- 15,506 written, 293.8 min
  [2746/2898] 38_639 2021: 8 -- 15,514 written, 293.9 min
  [2747/2898] 38_640 2006: 8 -- 15,522 written, 294.1 min
  [2748/2898] 38_640 2026: 8 -- 15,530 written, 294.2 min
  [2749/2898] 38_641 2014: 8 -- 15,538 written, 294.4 min
  [2750/2898] 38_641 2026: 8 -- 15,546 written, 294.5 min
  [2751/2898] 38_642 2019: 8 -- 15,554 written, 294.6 min
  [2752/2898] 38_642 2022: 8 -- 15,562 written, 294.8 min
  [2753/2898] 38_643 2019: 8 -- 15,570 written, 294.9 min
  [2754/2898] 38_643 2024: 8 -- 15,578 written, 295.0 min
  [2755/2898] 38_644 2006: 10 -- 15,588 written, 295.1 min
  [2756/2898] 38_644 2024: 9 -- 15,597 written, 295.2 min
  [2757/2898] 38_645 2019: 7 -- 15,604 written, 295.3 min
  [2758/2898] 38_645 2021: 7 -- 15,611 written, 295.3 min
  [2759/2898] 38_646 2017: 11 -- 15,622 written, 295.4 min
  [2760/2898] 38_646 2026: 11 -- 15,633 written, 295.5 min
  [2761/2898] 38_647 2014: 11 -- 15,644 written, 295.6 min
  [2762/2898] 38_647 2026: 11 -- 15,655 written, 295.7 min
  [2763/2898] 38_656 2019: 1 -- 15,656 written, 295.8 min
  [2764/2898] 38_656 2022: 1 -- 15,657 written, 295.9 min
  [2765/2898] 38_657 2010: 1 -- 15,658 written, 296.1 min
  [2766/2898] 38_657 2022: 1 -- 15,659 written, 296.2 min
  [2767/2898] 38_659 2010: 1 -- 15,660 written, 296.3 min
  [2768/2898] 38_659 2019: 1 -- 15,661 written, 296.4 min
  [2769/2898] 38_660 2019: 3 -- 15,664 written, 296.4 min
  [2770/2898] 38_660 2022: 3 -- 15,667 written, 296.5 min
  [2771/2898] 38_661 2014: 3 -- 15,670 written, 296.6 min
  [2772/2898] 38_661 2021: 3 -- 15,673 written, 296.6 min
  [2773/2898] 38_662 2010: 3 -- 15,676 written, 296.7 min
  [2774/2898] 38_662 2019: 3 -- 15,679 written, 296.8 min
  [2775/2898] 38_663 2013: 3 -- 15,682 written, 296.8 min
  [2776/2898] 38_663 2022: 3 -- 15,685 written, 296.9 min
  [2777/2898] 38_664 2019: 3 -- 15,688 written, 297.0 min
  [2778/2898] 38_664 2020: 3 -- 15,691 written, 297.0 min
  [2779/2898] 38_665 2013: 3 -- 15,694 written, 297.1 min
  [2780/2898] 38_665 2022: 3 -- 15,697 written, 297.2 min
  [2781/2898] 39_617 2021: 1 -- 15,698 written, 297.3 min
  [2782/2898] 39_617 2022: 1 -- 15,699 written, 297.4 min
  [2783/2898] 39_618 2017: 1 -- 15,700 written, 297.6 min
  [2784/2898] 39_618 2020: 1 -- 15,701 written, 297.7 min
  [2785/2898] 39_619 2013: 1 -- 15,702 written, 297.8 min
  [2786/2898] 39_619 2019: 1 -- 15,703 written, 297.9 min
  [2787/2898] 39_620 2006: 1 -- 15,704 written, 298.1 min
  [2788/2898] 39_620 2014: 1 -- 15,705 written, 298.2 min
  [2789/2898] 39_621 2020: 8 -- 15,713 written, 298.3 min
  [2790/2898] 39_621 2022: 8 -- 15,721 written, 298.5 min
  [2791/2898] 39_622 2019: 8 -- 15,729 written, 298.6 min
  [2792/2898] 39_622 2022: 8 -- 15,737 written, 298.8 min
  [2793/2898] 39_623 2013: 8 -- 15,745 written, 298.9 min
  [2794/2898] 39_623 2014: 8 -- 15,753 written, 299.1 min
  [2795/2898] 39_624 2006: 8 -- 15,761 written, 299.3 min
  [2796/2898] 39_624 2017: 8 -- 15,769 written, 299.5 min
  [2797/2898] 39_625 2010: 8 -- 15,777 written, 299.6 min
  [2798/2898] 39_625 2025: 8 -- 15,785 written, 299.9 min
  [2799/2898] 39_626 2010: 8 -- 15,793 written, 300.1 min
  [2800/2898] 39_626 2014: 8 -- 15,801 written, 300.2 min
  [2801/2898] 39_627 2006: 20 -- 15,821 written, 300.5 min
  [2802/2898] 39_627 2018: 20 -- 15,841 written, 300.7 min
  [2803/2898] 39_628 2010: 20 -- 15,861 written, 300.8 min
  [2804/2898] 39_628 2022: 20 -- 15,881 written, 301.0 min
  [2805/2898] 39_629 2019: 20 -- 15,901 written, 301.2 min
  [2806/2898] 39_629 2022: 20 -- 15,921 written, 301.4 min
  [2807/2898] 39_630 2014: 20 -- 15,941 written, 301.5 min
  [2808/2898] 39_630 2022: 20 -- 15,961 written, 301.6 min
  [2809/2898] 39_631 2006: 20 -- 15,981 written, 301.8 min
  [2810/2898] 39_631 2019: 20 -- 16,001 written, 301.9 min
  [2811/2898] 39_632 2006: 20 -- 16,021 written, 302.0 min
  [2812/2898] 39_632 2024: 20 -- 16,041 written, 302.2 min
  [2813/2898] 39_633 2006: 6 -- 16,047 written, 302.3 min
  [2814/2898] 39_633 2022: 12 -- 16,059 written, 302.4 min
  [2815/2898] 39_634 2017: 7 -- 16,066 written, 302.6 min
  [2816/2898] 39_634 2022: 6 -- 16,072 written, 302.7 min
  [2817/2898] 39_635 2024: 16 -- 16,088 written, 302.9 min
  [2818/2898] 39_635 2025: 16 -- 16,104 written, 303.0 min
  [2819/2898] 39_636 2006: 16 -- 16,120 written, 303.1 min
  [2820/2898] 39_636 2022: 16 -- 16,136 written, 303.2 min
  [2821/2898] 39_637 2021: 16 -- 16,152 written, 303.4 min
  [2822/2898] 39_637 2026: 16 -- 16,168 written, 303.5 min
  [2823/2898] 39_638 2017: 8 -- 16,176 written, 303.6 min
  [2824/2898] 39_638 2022: 8 -- 16,184 written, 303.7 min
  [2825/2898] 39_639 2013: 8 -- 16,192 written, 303.8 min
  [2826/2898] 39_639 2022: 8 -- 16,200 written, 303.9 min
  [2827/2898] 39_640 2020: 8 -- 16,208 written, 304.1 min
  [2828/2898] 39_640 2025: 8 -- 16,216 written, 304.2 min
  [2829/2898] 39_641 2017: 6 -- 16,222 written, 304.4 min
  [2830/2898] 39_641 2019: 8 -- 16,230 written, 304.5 min
  [2831/2898] 39_663 2022: 3 -- 16,233 written, 304.6 min
  [2832/2898] 39_663 2026: 3 -- 16,236 written, 304.7 min
  [2833/2898] 39_664 2017: 3 -- 16,239 written, 304.8 min
  [2834/2898] 39_664 2024: 3 -- 16,242 written, 304.9 min
  [2835/2898] 39_665 2012: 3 -- 16,245 written, 305.0 min
  [2836/2898] 39_665 2021: 3 -- 16,248 written, 305.0 min
  [2837/2898] 40_619 2013: 1 -- 16,249 written, 305.1 min
  [2838/2898] 40_619 2020: 1 -- 16,250 written, 305.3 min
  [2839/2898] 40_620 2012: 1 -- 16,251 written, 305.3 min
  [2840/2898] 40_620 2022: 1 -- 16,252 written, 305.5 min
  [2841/2898] 40_621 2022: 7 -- 16,259 written, 305.7 min
  [2842/2898] 40_621 2026: 8 -- 16,267 written, 305.9 min
  [2843/2898] 40_622 2021: 8 -- 16,275 written, 306.0 min
  [2844/2898] 40_622 2022: 8 -- 16,283 written, 306.2 min
  [2845/2898] 40_623 2014: 8 -- 16,291 written, 306.4 min
  [2846/2898] 40_623 2022: 8 -- 16,299 written, 306.6 min
  [2847/2898] 40_624 2021: 8 -- 16,307 written, 306.8 min
  [2848/2898] 40_624 2025: 8 -- 16,315 written, 307.0 min
  [2849/2898] 40_625 2014: 8 -- 16,323 written, 307.2 min
  [2850/2898] 40_625 2022: 8 -- 16,331 written, 307.5 min
  [2851/2898] 40_626 2014: 8 -- 16,339 written, 307.6 min
  [2852/2898] 40_626 2025: 8 -- 16,347 written, 307.9 min
  [2853/2898] 40_627 2012: 20 -- 16,367 written, 308.0 min
  [2854/2898] 40_627 2025: 20 -- 16,387 written, 308.2 min
  [2855/2898] 40_628 2021: 20 -- 16,407 written, 308.4 min
  [2856/2898] 40_628 2022: 20 -- 16,427 written, 308.6 min
  [2857/2898] 40_629 2022: 20 -- 16,447 written, 308.8 min
  [2858/2898] 40_629 2024: 20 -- 16,467 written, 308.9 min
  [2859/2898] 40_630 2010: 20 -- 16,487 written, 309.0 min
  [2860/2898] 40_630 2022: 20 -- 16,507 written, 309.2 min
  [2861/2898] 40_631 2003: 18 -- 16,525 written, 309.4 min
  [2862/2898] 40_631 2019: 20 -- 16,545 written, 309.5 min
  [2863/2898] 40_632 2020: 20 -- 16,565 written, 309.7 min
  [2864/2898] 40_632 2022: 20 -- 16,585 written, 309.8 min
  [2865/2898] 40_633 2010: 9 -- 16,594 written, 309.9 min
  [2866/2898] 40_633 2025: 11 -- 16,605 written, 310.0 min
  [2867/2898] 40_635 2013: 16 -- 16,621 written, 310.1 min
  [2868/2898] 40_635 2022: 16 -- 16,637 written, 310.3 min
  [2869/2898] 40_636 2012: 16 -- 16,653 written, 310.4 min
  [2870/2898] 40_636 2022: 16 -- 16,669 written, 310.5 min
  [2871/2898] 40_637 2019: 7 -- 16,676 written, 310.7 min
  [2872/2898] 40_637 2021: 8 -- 16,684 written, 310.8 min
  [2873/2898] 40_664 2010: 3 -- 16,687 written, 310.9 min
  [2874/2898] 40_664 2019: 3 -- 16,690 written, 310.9 min
  [2875/2898] 40_665 2010: 3 -- 16,693 written, 311.0 min
  [2876/2898] 40_665 2020: 3 -- 16,696 written, 311.1 min
  [2877/2898] 41_620 2020: 1 -- 16,697 written, 311.2 min
  [2878/2898] 41_620 2025: 1 -- 16,698 written, 311.3 min
  [2879/2898] 41_621 2010: 8 -- 16,706 written, 311.5 min
  [2880/2898] 41_621 2019: 8 -- 16,714 written, 311.6 min
  [2881/2898] 41_622 2020: 8 -- 16,722 written, 311.8 min
  [2882/2898] 41_622 2025: 8 -- 16,730 written, 312.0 min
  [2883/2898] 41_623 2013: 8 -- 16,738 written, 312.2 min
  [2884/2898] 41_623 2017: 8 -- 16,746 written, 312.4 min
  [2885/2898] 41_624 2010: 8 -- 16,754 written, 312.6 min
  [2886/2898] 41_624 2020: 8 -- 16,762 written, 312.8 min
  [2887/2898] 41_626 2019: 8 -- 16,770 written, 312.9 min
  [2888/2898] 41_626 2022: 8 -- 16,778 written, 313.2 min
  [2889/2898] 41_627 2014: 14 -- 16,792 written, 313.3 min
  [2890/2898] 41_627 2025: 18 -- 16,810 written, 313.6 min
  [2891/2898] 41_628 2020: 20 -- 16,830 written, 313.7 min
  [2892/2898] 41_628 2022: 20 -- 16,850 written, 313.9 min
  [2893/2898] 41_629 2017: 12 -- 16,862 written, 314.1 min
  [2894/2898] 41_629 2019: 8 -- 16,870 written, 314.3 min
  [2895/2898] 41_630 2014: 20 -- 16,890 written, 314.4 min
  [2896/2898] 41_630 2021: 20 -- 16,910 written, 314.5 min
  [2897/2898] 41_631 2010: 20 -- 16,930 written, 314.6 min
  [2898/2898] 41_631 2019: 20 -- 16,950 written, 314.8 min

16,950 series written of 16,950 attempted
observations per series: median 96, min 6, max 235

by land cover:
mb_class
Dwarf forest           16
Forest                474
Grassland            1921
Primary Forest       1298
Secondary Forest     1967
Shrubland           10258
Steppe                 66
Wetland               950
gateway cluster shut down

  -> /home/jovyan/temp/Biodiversity_Chile/data/derived/unlabelled/  (series.parquet, manifest.csv, sampling.json)

Then, locally: `scripts/31_pretrain_mae.py --unlabelled` builds the step grid with
`raw_series` and pretrains. Measure the participation dimension first -- if it does not
clear 1.3, the coverage problem is not solved and the GPU time is wasted.
