site_id,X,Y,lon,lat,year,win_start,win_end,cell,n_obs_center,n_obs_mean5x5,max_doy_gap,mean_doy_gap,frac_valid_px,n_obs_per_year,n_years_with_obs,patch_y,patch_x,sensors,error
LT0027,505736.0000000001,4045298.0000000056,-68.9130327325657,-53.7409340888734,2019,2017.0,2019.0,101_809,55.0,62.0,102.0,5.721311475409836,0.3105747126436781,"{""2017"": 16, ""2018"": 19, ""2019"": 27}",3.0,5.0,5.0,"landsat7,landsat8",
LT0009,509885.9999999975,3949147.000000002,-68.8469548619121,-54.6050411843061,2015,2013.0,2015.0,102_790,25.0,30.0,117.0,11.862068965517242,0.163235294117647,"{""2013"": 9, ""2014"": 8, ""2015"": 13}",3.0,5.0,5.0,"landsat7,landsat8",
LT0010,508914.0000000032,3949519.999999998,-68.8620136761992,-54.6017071241703,2015,2013.0,2015.0,102_790,17.0,21.0,169.0,17.3,0.1244117647058823,"{""2013"": 4, ""2014"": 6, ""2015"": 11}",3.0,5.0,5.0,"landsat7,landsat8",
LT0014,512096.9999999984,3982737.0000000047,-68.8140993470909,-54.3031134265657,2017,2015.0,2017.0,102_797,41.0,44.0,112.0,8.186046511627907,0.2278709677419355,"{""2015"": 14, ""2016"": 16, ""2017"": 14}",3.0,5.0,5.0,"landsat7,landsat8",
LT0020,508247.0000000008,4015326.000000004,-68.8741556944634,-54.0102912454639,2013,2011.0,2013.0,102_803,22.0,25.0,119.0,13.708333333333334,0.2432183908045977,"{""2011"": 4, ""2012"": 7, ""2013"": 14}",3.0,5.0,5.0,"landsat7,landsat8",
LT0024,508752.0000000027,4025443.000000003,-68.8667400728942,-53.9193518839837,2013,2011.0,2013.0,102_805,22.0,28.0,130.0,12.51851851851852,0.2168,"{""2011"": 7, ""2012"": 7, ""2013"": 14}",3.0,5.0,5.0,"landsat5,landsat7,landsat8",
LT0025,507950.9999999982,4031459.999999998,-68.8790924428138,-53.8652836443907,2019,2017.0,2019.0,102_806,46.0,51.0,101.0,7.04,0.2681656804733728,"{""2017"": 21, ""2018"": 11, ""2019"": 19}",3.0,5.0,5.0,"landsat7,landsat8",
LT0018,513860.0000000003,3996911.000000007,-68.78766168072,-54.1756798702508,2013,2011.0,2013.0,103_799,16.0,21.0,127.0,17.0,0.188235294117647,"{""2011"": 5, ""2012"": 5, ""2013"": 11}",3.0,5.0,5.0,"landsat7,landsat8",
LT0012,518514.000000001,3966044.999999996,-68.714448020304,-54.4529361424871,2017,2015.0,2017.0,104_793,23.0,29.0,117.0,12.535714285714286,0.144,"{""2015"": 11, ""2016"": 12, ""2017"": 6}",3.0,5.0,5.0,"landsat7,landsat8",
LT0013,518387.9999999985,3973265.0000000047,-68.716838959695,-54.3880533073754,2017,2015.0,2017.0,104_795,33.0,40.0,118.0,9.0,0.2046451612903226,"{""2015"": 15, ""2016"": 15, ""2017"": 10}",3.0,5.0,5.0,"landsat7,landsat8",
LT0016,517630.9999999974,3988368.000000001,-68.7293882958555,-54.2523443483131,2017,2015.0,2017.0,104_798,48.0,52.0,112.0,6.823529411764706,0.3050322580645161,"{""2015"": 16, ""2016"": 22, ""2017"": 14}",3.0,5.0,5.0,"landsat7,landsat8",
LT0019,518477.0000000023,4013327.000000002,-68.717931981491,-54.0279930697111,2013,2011.0,2013.0,104_803,20.0,24.0,119.0,14.217391304347826,0.2329411764705882,"{""2011"": 5, ""2012"": 6, ""2013"": 13}",3.0,5.0,5.0,"landsat7,landsat8",
LT0000,526503.9999999976,3907957.000000004,-68.5859316163065,-54.9745967022927,2016,2014.0,2016.0,105_782,25.0,30.0,118.0,12.482758620689657,0.1701369863013698,"{""2014"": 11, ""2015"": 9, ""2016"": 10}",3.0,5.0,5.0,"landsat7,landsat8",
LT0011,523963.9999999986,3960663.0,-68.6299549502183,-54.5010764049538,2013,2011.0,2013.0,105_792,23.0,25.0,119.0,13.625,0.2517647058823529,"{""2011"": 7, ""2012"": 5, ""2013"": 13}",3.0,5.0,5.0,"landsat7,landsat8",
LT0015,522758.9999999997,3986649.9999999953,-68.6505514187892,-54.2675822757459,2013,2011.0,2013.0,105_797,22.0,28.0,119.0,12.444444444444445,0.2498823529411764,"{""2011"": 6, ""2012"": 6, ""2013"": 16}",3.0,5.0,5.0,"landsat7,landsat8",
LT0017,523225.9999999991,3992720.999999998,-68.643851298053,-54.2129988853503,2013,2011.0,2013.0,105_799,20.0,24.0,119.0,14.217391304347826,0.2230588235294117,"{""2011"": 5, ""2012"": 5, ""2013"": 14}",3.0,5.0,5.0,"landsat7,landsat8",
LT0003,587290.9999999981,3911028.9999999953,-67.6373940866387,-54.9400591560471,2012,2010.0,2012.0,117_782,10.0,15.0,164.0,24.0,0.134,"{""2010"": 7, ""2011"": 3, ""2012"": 5}",3.0,5.0,5.0,"landsat5,landsat7",
LT0001,586561.0000000014,3908017.000000002,-67.6478775169754,-54.9672460869503,2017,2015.0,2017.0,117_782,25.0,36.0,122.0,9.628571428571428,0.1750993377483443,"{""2015"": 7, ""2016"": 14, ""2017"": 15}",3.0,5.0,5.0,"landsat7,landsat8",
LT0005,591293.000000002,3911376.999999998,-67.5750547851476,-54.9362167444281,2012,2010.0,2012.0,118_782,11.0,15.0,128.0,24.0,0.1437974683544303,"{""2010"": 5, ""2011"": 3, ""2012"": 7}",3.0,5.0,5.0,"landsat5,landsat7",
LT0007,594262.9999999988,3911675.0000000056,-67.5288120849653,-54.9329875596249,2012,2010.0,2012.0,119_782,13.0,16.0,163.0,20.933333333333334,0.170126582278481,"{""2010"": 6, ""2011"": 3, ""2012"": 7}",3.0,5.0,5.0,"landsat5,landsat7",
LT0002,597404.9999999985,3910195.0000000047,-67.4792912216795,-54.9456796902573,2017,2015.0,2017.0,119_782,37.0,45.0,126.0,7.772727272727272,0.2474172185430463,"{""2015"": 15, ""2016"": 16, ""2017"": 14}",3.0,5.0,5.0,"landsat7,landsat8",
LT0006,593263.0000000023,3911583.0000000047,-67.5443838607424,-54.9340018933245,2017,2015.0,2017.0,119_782,35.0,43.0,123.0,8.142857142857142,0.2291390728476821,"{""2015"": 14, ""2016"": 14, ""2017"": 15}",3.0,5.0,5.0,"landsat7,landsat8",
LT0004,598302.0000000029,3910982.0000000056,-67.4655619353708,-54.9384339230789,2017,2015.0,2017.0,120_782,46.0,52.0,126.0,6.470588235294118,0.2871523178807947,"{""2015"": 17, ""2016"": 17, ""2017"": 18}",3.0,5.0,5.0,"landsat7,landsat8",
LT0008,606262.9999999998,3911664.000000003,-67.341603241492,-54.9306761591759,2017,2015.0,2017.0,121_782,45.0,54.0,119.0,6.69811320754717,0.2961589403973509,"{""2015"": 17, ""2016"": 21, ""2017"": 16}",3.0,5.0,5.0,"landsat7,landsat8",
LT0286,59792.12760024611,4901439.148366068,-74.6750905945159,-45.8994849645497,2019,2017.0,2019.0,12_980,23.0,24.0,72.0,14.130434782608695,0.4730434782608695,"{""2017"": 8, ""2018"": 7, ""2019"": 9}",3.0,5.0,5.0,"landsat7,landsat8",
LT0288,58679.85594646714,4903337.547153398,-74.6876170217686,-45.8817708654434,2019,2017.0,2019.0,12_981,21.0,24.0,72.0,14.130434782608695,0.4660869565217391,"{""2017"": 8, ""2018"": 6, ""2019"": 10}",3.0,5.0,5.0,"landsat7,landsat8",
LT0292,59240.58750594309,4908419.055343292,-74.6757785831743,-45.836618025156,2019,2017.0,2019.0,12_982,21.0,21.0,72.0,15.05,0.4565217391304347,"{""2017"": 7, ""2018"": 3, ""2019"": 11}",3.0,5.0,5.0,"landsat7,landsat8",
LT0294,59236.8809391823,4909455.163414688,-74.6748797616186,-45.8273358379019,2019,2017.0,2019.0,12_982,20.0,20.0,94.0,15.68421052631579,0.4347826086956521,"{""2017"": 6, ""2018"": 3, ""2019"": 11}",3.0,5.0,5.0,"landsat7,landsat8",
LT1419,72238.39649492066,5738302.422465602,-73.8975831572396,-38.4011567559848,2013,2011.0,2013.0,14_1148,21.0,26.0,110.0,13.0,0.29,"{""2011"": 8, ""2012"": 9, ""2013"": 9}",3.0,5.0,5.0,"landsat5,landsat7,landsat8",
LT1425,71108.73351449554,5740225.259167945,-73.9093027489531,-38.3833507123384,2013,2011.0,2013.0,14_1148,23.0,24.0,75.0,15.173913043478262,0.3111111111111111,"{""2011"": 9, ""2012"": 8, ""2013"": 7}",3.0,5.0,5.0,"landsat5,landsat7,landsat8",
LT1427,71038.06243226322,5741216.900399067,-73.9095056416345,-38.374412756484,2013,2011.0,2013.0,14_1148,26.0,27.0,75.0,13.423076923076923,0.3588888888888888,"{""2011"": 9, ""2012"": 8, ""2013"": 10}",3.0,5.0,5.0,"landsat5,landsat7,landsat8",
LT0487,78293.27279838786,5058607.528508583,-74.3047305919771,-44.5025185886464,2013,2011.0,2013.0,16_1012,25.0,25.0,59.0,15.0,0.4494545454545454,"{""2011"": 11, ""2012"": 4, ""2013"": 10}",3.0,5.0,5.0,"landsat5,landsat7,landsat8",
LT0489,79128.53851728357,5060692.803071207,-74.2925725084159,-44.4843124589772,2013,2011.0,2013.0,16_1012,23.0,25.0,32.0,15.0,0.4189090909090909,"{""2011"": 12, ""2012"": 4, ""2013"": 9}",3.0,5.0,5.0,"landsat5,landsat7,landsat8",
LT0507,81657.364277052,5080975.18261898,-74.2445941267843,-44.303947834851,2013,2011.0,2013.0,16_1016,27.0,28.0,30.0,13.333333333333334,0.4952727272727272,"{""2011"": 13, ""2012"": 5, ""2013"": 10}",3.0,5.0,5.0,"landsat5,landsat7,landsat8",
LT0609,79146.70779486571,5256564.412165212,-74.1401443767152,-42.7279838357491,2017,2015.0,2017.0,16_1051,77.0,88.0,19.0,4.172413793103448,0.4346666666666666,"{""2015"": 31, ""2016"": 34, ""2017"": 23}",3.0,5.0,5.0,"landsat7,landsat8",
LT0613,81645.62740441726,5261819.883008704,-74.1058672066591,-42.6822077300092,2017,2015.0,2017.0,16_1052,72.0,83.0,18.0,4.426829268292683,0.3733333333333333,"{""2015"": 30, ""2016"": 33, ""2017"": 20}",3.0,5.0,5.0,"landsat7,landsat8",
LT0615,80569.88717839378,5262691.66751313,-74.1183017456348,-42.6738029197765,2012,2010.0,2012.0,16_1053,40.0,49.0,48.0,7.583333333333333,0.4113131313131313,"{""2010"": 17, ""2011"": 24, ""2012"": 8}",3.0,5.0,5.0,"landsat5,landsat7",
LT0616,81558.82365707995,5262799.240659332,-74.106201299236,-42.6733759336992,2016,2014.0,2016.0,16_1053,71.0,79.0,18.0,4.653846153846154,0.3558,"{""2014"": 16, ""2015"": 33, ""2016"": 30}",3.0,5.0,5.0,"landsat7,landsat8",
LT0621,79866.83966160385,5272745.294395228,-74.1194327760888,-42.5832424312538,2013,2011.0,2013.0,16_1055,39.0,42.0,51.0,8.707317073170731,0.3318260869565217,"{""2011"": 17, ""2012"": 8, ""2013"": 17}",3.0,5.0,5.0,"landsat5,landsat7,landsat8",
LT0407,86712.28086819581,4999961.689958851,-74.2467804305941,-45.0331330228355,2015,2013.0,2015.0,17_1000,23.0,24.0,48.0,13.304347826086955,0.2829629629629629,"{""2013"": 7, ""2014"": 8, ""2015"": 9}",3.0,5.0,5.0,"landsat7,landsat8",
LT0441,83064.35032015637,5034851.199519676,-74.2642229835342,-44.7182535765361,2017,2015.0,2017.0,17_1007,25.0,28.0,40.0,12.62962962962963,0.3319480519480519,"{""2015"": 10, ""2016"": 10, ""2017"": 8}",3.0,5.0,5.0,"landsat7,landsat8",
LT0617,83573.63080934348,5262960.753660507,-74.0815908623078,-42.6730191521962,2013,2011.0,2013.0,17_1053,43.0,49.0,35.0,7.5,0.3718260869565217,"{""2011"": 19, ""2012"": 8, ""2013"": 22}",3.0,5.0,5.0,"landsat5,landsat7,landsat8",
LT0618,86593.17331107229,5263175.702732553,-74.0447271001938,-42.6727176456471,2019,2017.0,2019.0,17_1053,50.0,58.0,25.0,6.175438596491228,0.2867039106145251,"{""2017"": 15, ""2018"": 24, ""2019"": 19}",3.0,5.0,5.0,"landsat7,landsat8",
LT0623,83720.19755303825,5275026.30558849,-74.070996086904,-42.5648666130617,2013,2011.0,2013.0,17_1055,35.0,41.0,38.0,9.0,0.2963478260869565,"{""2011"": 20, ""2012"": 5, ""2013"": 16}",3.0,5.0,5.0,"landsat5,landsat7,landsat8",
LT0661,86470.50217044272,5334537.822422351,-73.9951315399375,-42.0324272715742,2012,2010.0,2012.0,17_1067,43.0,51.0,45.0,7.28,0.419047619047619,"{""2010"": 15, ""2011"": 22, ""2012"": 14}",3.0,5.0,5.0,"landsat5,landsat7",
LT0663,87477.11263915343,5335564.867208723,-73.9822954922419,-42.0237400052269,2019,2017.0,2019.0,17_1067,72.0,82.0,18.0,4.283950617283951,0.3650761421319797,"{""2017"": 26, ""2018"": 29, ""2019"": 27}",3.0,5.0,5.0,"landsat7,landsat8",
LT0676,83107.76787199953,5341236.661894996,-74.0308512438594,-41.9705533853779,2015,2013.0,2015.0,17_1068,62.0,74.0,21.0,4.945205479452055,0.36,"{""2013"": 26, ""2014"": 22, ""2015"": 26}",3.0,5.0,5.0,"landsat7,landsat8",
LT0696,84867.76305569359,5358481.945776227,-73.9975833803756,-41.8167487869645,2015,2013.0,2015.0,17_1072,64.0,76.0,24.0,4.826666666666667,0.3618079096045197,"{""2013"": 24, ""2014"": 23, ""2015"": 29}",3.0,5.0,5.0,"landsat7,landsat8",
LT0301,84922.98250266112,4915413.467878817,-74.3405456675473,-45.7898657333189,2014,2012.0,2014.0,17_983,38.0,43.0,45.0,8.523809523809524,0.2896124031007752,"{""2012"": 10, ""2013"": 15, ""2014"": 18}",3.0,5.0,5.0,"landsat7,landsat8",
LT0303,86758.78176353639,4917551.454944154,-74.3152022476842,-45.77180523785,2014,2012.0,2014.0,17_984,36.0,43.0,45.0,8.19047619047619,0.277829457364341,"{""2012"": 8, ""2013"": 18, ""2014"": 17}",3.0,5.0,5.0,"landsat7,landsat8",
LT0306,83639.22886231705,4918329.604662341,-74.3544811827667,-45.7629611787059,2014,2012.0,2014.0,17_984,35.0,41.0,46.0,8.6,0.2728682170542635,"{""2012"": 11, ""2013"": 17, ""2014"": 13}",3.0,5.0,5.0,"landsat7,landsat8",
LT0316,86095.75257398159,4926552.718247741,-74.3160124643013,-45.6907400202346,2014,2012.0,2014.0,17_985,44.0,50.0,45.0,7.040816326530612,0.3426356589147287,"{""2012"": 11, ""2013"": 21, ""2014"": 18}",3.0,5.0,5.0,"landsat7,landsat8",
LT0374,85052.35284415411,4966637.837004705,-74.2954601128953,-45.3308579689456,2015,2013.0,2015.0,17_993,27.0,31.0,35.0,11.9,0.2950537634408602,"{""2013"": 7, ""2014"": 10, ""2015"": 14}",3.0,5.0,5.0,"landsat7,landsat8",
LT0392,85749.28455380705,4984814.499256437,-74.2714688416581,-45.1683467270294,2015,2013.0,2015.0,17_997,25.0,30.0,35.0,12.310344827586206,0.314074074074074,"{""2013"": 7, ""2014"": 12, ""2015"": 11}",3.0,5.0,5.0,"landsat7,landsat8",
LT0395,86677.36600586551,4985885.458631663,-74.2588228931953,-45.15929069026,2015,2013.0,2015.0,17_997,26.0,28.0,35.0,12.925925925925926,0.3195061728395061,"{""2013"": 8, ""2014"": 10, ""2015"": 10}",3.0,5.0,5.0,"landsat7,landsat8",
LT0410,88561.17891555117,5001096.86291132,-74.2224780845282,-45.0240312802894,2015,2013.0,2015.0,18_1000,29.0,29.0,32.0,10.857142857142858,0.3417283950617284,"{""2013"": 10, ""2014"": 9, ""2015"": 10}",3.0,5.0,5.0,"landsat7,landsat8",
LT0500,92386.67718976026,5071715.5159108415,-74.117863290946,-44.3930687368563,2013,2011.0,2013.0,18_1014,27.0,30.0,30.0,12.413793103448276,0.5047272727272727,"{""2011"": 12, ""2012"": 5, ""2013"": 13}",3.0,5.0,5.0,"landsat5,landsat7,landsat8",
LT0508,91651.37512338885,5081703.352152832,-74.1192368722542,-44.3030950222773,2013,2011.0,2013.0,18_1016,26.0,26.0,30.0,14.4,0.4727272727272727,"{""2011"": 12, ""2012"": 4, ""2013"": 10}",3.0,5.0,5.0,"landsat5,landsat7,landsat8",
LT0579,92289.0057840902,5225364.417413035,-74.0028453016731,-43.0149647635964,2013,2011.0,2013.0,18_1045,25.0,30.0,35.0,12.413793103448276,0.3904761904761905,"{""2011"": 13, ""2012"": 5, ""2013"": 12}",3.0,5.0,5.0,"landsat5,landsat7,landsat8",
LT0603,91496.95914418309,5250466.127812071,-73.9942724357025,-42.7893559871971,2017,2015.0,2017.0,18_1050,60.0,69.0,36.0,5.102941176470588,0.3500578034682081,"{""2015"": 27, ""2016"": 29, ""2017"": 13}",3.0,5.0,5.0,"landsat7,landsat8",
LT0629,91301.0585199754,5295655.526836318,-73.9643030774888,-42.383827078239,2013,2011.0,2013.0,18_1059,42.0,51.0,35.0,7.2,0.337741935483871,"{""2011"": 19, ""2012"": 11, ""2013"": 21}",3.0,5.0,5.0,"landsat5,landsat7,landsat8",
LT0631,88226.10894921009,5297375.548756619,-74.0002882080985,-42.3667740660678,2013,2011.0,2013.0,18_1059,31.0,39.0,57.0,9.473684210526317,0.2580645161290322,"{""2011"": 15, ""2012"": 10, ""2013"": 14}",3.0,5.0,5.0,"landsat5,landsat7,landsat8",
LT0627,88423.28299811314,5294462.36285724,-73.9999811729163,-42.3930147010424,2015,2013.0,2015.0,18_1059,46.0,53.0,42.0,6.826923076923077,0.2427807486631016,"{""2013"": 14, ""2014"": 19, ""2015"": 20}",3.0,5.0,5.0,"landsat7,landsat8",
LT0628,90298.25175683953,5295504.178571099,-73.9765467374812,-42.3846575149401,2015,2013.0,2015.0,18_1059,54.0,61.0,25.0,5.916666666666667,0.2806417112299465,"{""2013"": 18, ""2014"": 19, ""2015"": 24}",3.0,5.0,5.0,"landsat7,landsat8",
LT0630,91195.55206170389,5296663.58237786,-73.9648655929572,-42.3747271606459,2015,2013.0,2015.0,18_1059,51.0,58.0,48.0,6.350877192982456,0.2748663101604278,"{""2013"": 16, ""2014"": 18, ""2015"": 24}",3.0,5.0,5.0,"landsat7,landsat8",
LT0666,89333.71724976692,5337689.235465731,-73.9584689571419,-42.0056483837216,2015,2013.0,2015.0,18_1068,65.0,75.0,21.0,4.824324324324325,0.3658757062146893,"{""2013"": 24, ""2014"": 22, ""2015"": 29}",3.0,5.0,5.0,"landsat7,landsat8",
LT0667,91337.53536295186,5337847.129215892,-73.9342516181234,-42.0052729671615,2018,2016.0,2018.0,18_1068,84.0,96.0,18.0,3.7578947368421054,0.412156862745098,"{""2016"": 38, ""2017"": 26, ""2018"": 32}",3.0,5.0,5.0,"landsat7,landsat8",
LT0679,92108.12046436984,5342963.554457331,-73.9214351386672,-41.9597603655538,2012,2010.0,2012.0,18_1069,35.0,44.0,45.0,8.465116279069768,0.3211428571428571,"{""2010"": 12, ""2011"": 19, ""2012"": 13}",3.0,5.0,5.0,"landsat5,landsat7",
LT0690,91562.87727290986,5347913.2264265865,-73.9245636181331,-41.9150629709875,2015,2013.0,2015.0,18_1070,53.0,62.0,24.0,5.901639344262295,0.3077966101694915,"{""2013"": 17, ""2014"": 21, ""2015"": 24}",3.0,5.0,5.0,"landsat7,landsat8",
LT0801,91502.07250583736,5451345.679629098,-73.8554092974863,-40.986758991995,2014,2012.0,2014.0,18_1090,49.0,61.0,36.0,5.833333333333333,0.299,"{""2012"": 11, ""2013"": 25, ""2014"": 25}",3.0,5.0,5.0,"landsat7,landsat8",
LT0811,91138.61261265224,5456319.12989793,-73.8564330349679,-40.9419361412746,2013,2011.0,2013.0,18_1091,51.0,58.0,24.0,6.315789473684211,0.3762962962962963,"{""2011"": 20, ""2012"": 13, ""2013"": 25}",3.0,5.0,5.0,"landsat5,landsat7,landsat8",
LT0817,90737.29773553704,5462344.526479791,-73.8572138791172,-40.887651978961,2012,2010.0,2012.0,18_1092,46.0,57.0,26.0,6.5,0.4109090909090909,"{""2010"": 17, ""2011"": 22, ""2012"": 18}",3.0,5.0,5.0,"landsat5,landsat7",
LT1642,91429.46112249698,5860988.748276608,-73.6092481448806,-37.3079783800684,2017,2015.0,2017.0,18_1172,57.0,62.0,21.0,5.819672131147541,0.4853781512605042,"{""2015"": 23, ""2016"": 25, ""2017"": 14}",3.0,5.0,5.0,"landsat7,landsat8",
LT0363,92389.0829010341,4963202.93226256,-74.2050511179847,-45.3659459712724,2015,2013.0,2015.0,18_993,49.0,57.0,21.0,6.357142857142857,0.2809090909090909,"{""2013"": 20, ""2014"": 17, ""2015"": 20}",3.0,5.0,5.0,"landsat7,landsat8",
LT0366,91312.78393405564,4964119.24675481,-74.2179806789073,-45.3571058785071,2015,2013.0,2015.0,18_993,44.0,49.0,21.0,7.4375,0.2486363636363636,"{""2013"": 18, ""2014"": 13, ""2015"": 18}",3.0,5.0,5.0,"landsat7,landsat8",
LT0371,90240.4323178454,4965049.946677263,-74.2308440996169,-45.3481378441922,2015,2013.0,2015.0,18_993,39.0,45.0,34.0,8.090909090909092,0.2272727272727272,"{""2013"": 17, ""2014"": 12, ""2015"": 16}",3.0,5.0,5.0,"landsat7,landsat8",
LT0376,89015.0850915715,4967974.873831022,-74.243993558758,-45.3212034225405,2015,2013.0,2015.0,18_994,29.0,35.0,38.0,10.5,0.2025714285714285,"{""2013"": 9, ""2014"": 16, ""2015"": 10}",3.0,5.0,5.0,"landsat7,landsat8",
LT0377,87929.89317188895,4968862.4829201205,-74.2570438735849,-45.3126116805101,2015,2013.0,2015.0,18_994,31.0,37.0,25.0,9.694444444444445,0.2308571428571428,"{""2013"": 12, ""2014"": 11, ""2015"": 14}",3.0,5.0,5.0,"landsat7,landsat8",
LT0397,89582.74171431077,4987120.725240314,-74.2209973929135,-45.1499112313249,2015,2013.0,2015.0,18_997,25.0,28.0,32.0,12.74074074074074,0.2595833333333333,"{""2013"": 9, ""2014"": 8, ""2015"": 11}",3.0,5.0,5.0,"landsat7,landsat8",
LT0501,94380.53106634942,5071857.999336662,-74.0928165255201,-44.3929085537373,2013,2011.0,2013.0,19_1014,27.0,29.0,30.0,12.857142857142858,0.5069090909090909,"{""2011"": 13, ""2012"": 5, ""2013"": 11}",3.0,5.0,5.0,"landsat5,landsat7,landsat8",
LT0506,95727.1030468078,5080993.685028305,-74.0688903619271,-44.3117347092752,2013,2011.0,2013.0,19_1016,25.0,25.0,38.0,15.0,0.4545454545454545,"{""2011"": 11, ""2012"": 4, ""2013"": 10}",3.0,5.0,5.0,"landsat5,landsat7,landsat8",
LT0596,92852.16503417851,5245538.280733691,-73.981320654962,-42.8342858902157,2013,2011.0,2013.0,19_1049,25.0,37.0,40.0,10.0,0.3132530120481928,"{""2011"": 15, ""2012"": 8, ""2013"": 14}",3.0,5.0,5.0,"landsat5,landsat7,landsat8",
LT0620,93213.20570354542,5268678.377523394,-73.9603073715547,-42.6268738316544,2013,2011.0,2013.0,19_1054,44.0,52.0,24.0,7.0588235294117645,0.3881739130434782,"{""2011"": 21, ""2012"": 7, ""2013"": 24}",3.0,5.0,5.0,"landsat5,landsat7,landsat8",
LT0624,96189.16746763728,5278944.435026672,-73.9168887056911,-42.5363253552039,2014,2012.0,2014.0,19_1056,41.0,46.0,55.0,7.888888888888889,0.2949253731343284,"{""2012"": 10, ""2013"": 17, ""2014"": 19}",3.0,5.0,5.0,"landsat7,landsat8",
LT0626,97154.03752212068,5284016.943055651,-73.9016153939188,-42.4913135099298,2012,2010.0,2012.0,19_1057,35.0,42.0,36.0,8.878048780487806,0.3730526315789473,"{""2010"": 10, ""2011"": 20, ""2012"": 12}",3.0,5.0,5.0,"landsat5,landsat7",
LT0632,96079.69744390767,5298998.002997041,-73.9041272048834,-42.3563308777937,2015,2013.0,2015.0,19_1060,54.0,62.0,45.0,5.901639344262295,0.2900534759358288,"{""2013"": 21, ""2014"": 19, ""2015"": 22}",3.0,5.0,5.0,"landsat7,landsat8",
LT0633,97072.53948949178,5299076.281635854,-73.8920608697136,-42.356142855138,2015,2013.0,2015.0,19_1060,57.0,66.0,43.0,5.569230769230769,0.3054545454545455,"{""2013"": 16, ""2014"": 23, ""2015"": 27}",3.0,5.0,5.0,"landsat7,landsat8",
LT0635,97011.17710658844,5300057.257513066,-73.8921189067851,-42.347308574209,2015,2013.0,2015.0,19_1060,62.0,67.0,35.0,5.454545454545454,0.3289839572192513,"{""2013"": 18, ""2014"": 22, ""2015"": 27}",3.0,5.0,5.0,"landsat7,landsat8",
LT0639,96794.46282577324,5303093.299290322,-73.8926232381883,-42.3199532716682,2013,2011.0,2013.0,19_1061,42.0,50.0,30.0,7.346938775510204,0.3395041322314049,"{""2011"": 18, ""2012"": 13, ""2013"": 19}",3.0,5.0,5.0,"landsat5,landsat7,landsat8",
LT0638,95797.53571480076,5303001.723203643,-73.9047412975956,-42.3202587945909,2015,2013.0,2015.0,19_1061,51.0,57.0,43.0,6.428571428571429,0.2767213114754098,"{""2013"": 17, ""2014"": 20, ""2015"": 20}",3.0,5.0,5.0,"landsat7,landsat8",
LT1638,96757.1256557656,5856302.5497906655,-73.5518639487042,-37.3524098377192,2017,2015.0,2017.0,19_1171,69.0,69.0,21.0,5.294117647058823,0.5781512605042017,"{""2015"": 26, ""2016"": 25, ""2017"": 18}",3.0,5.0,5.0,"landsat7,landsat8",
LT1644,96435.56635031442,5861338.375049943,-73.5527463042373,-37.3070213570124,2013,2011.0,2013.0,19_1172,37.0,41.0,40.0,9.05,0.5277777777777778,"{""2011"": 10, ""2012"": 8, ""2013"": 23}",3.0,5.0,5.0,"landsat5,landsat7,landsat8",
LT1641,92513.5659320755,5860090.986060444,-73.5975461714427,-37.3165199980881,2014,2012.0,2014.0,19_1172,46.0,50.0,35.0,7.387755102040816,0.5073913043478261,"{""2012"": 7, ""2013"": 19, ""2014"": 24}",3.0,5.0,5.0,"landsat7,landsat8",
LT0393,94754.9738607445,4985479.322354132,-74.1568000365946,-45.1676116708596,2015,2013.0,2015.0,19_997,48.0,55.0,21.0,6.462962962962963,0.2489839572192513,"{""2013"": 23, ""2014"": 16, ""2015"": 16}",3.0,5.0,5.0,"landsat7,landsat8",
LT0396,96688.55802062376,4986605.966496948,-74.1313848231977,-45.1586175560793,2015,2013.0,2015.0,19_997,48.0,55.0,28.0,6.611111111111111,0.2581818181818182,"{""2013"": 18, ""2014"": 22, ""2015"": 15}",3.0,5.0,5.0,"landsat7,landsat8",
LT0503,102010.0196496633,5077446.428412607,-73.9931177567025,-44.3470136700167,2013,2011.0,2013.0,20_1015,28.0,29.0,30.0,12.857142857142858,0.4614285714285714,"{""2011"": 13, ""2012"": 5, ""2013"": 11}",3.0,5.0,5.0,"landsat5,landsat7,landsat8",
LT0573,99922.03204093355,5216917.451379356,-73.9155878162693,-43.0948010137766,2016,2014.0,2016.0,20_1043,38.0,40.0,24.0,8.41025641025641,0.3568627450980392,"{""2014"": 7, ""2015"": 15, ""2016"": 18}",3.0,5.0,5.0,"landsat7,landsat8",
LT0574,97711.42086054636,5219771.266319847,-73.9405872535993,-43.0680296493973,2012,2010.0,2012.0,20_1044,18.0,23.0,77.0,16.363636363636363,0.3885714285714285,"{""2010"": 6, ""2011"": 12, ""2012"": 5}",3.0,5.0,5.0,"landsat5,landsat7",
LT0592,100273.83108001854,5240044.665246013,-73.8947466762958,-42.8874869557177,2012,2010.0,2012.0,20_1048,24.0,28.0,35.0,13.333333333333334,0.4971428571428571,"{""2010"": 8, ""2011"": 13, ""2012"": 7}",3.0,5.0,5.0,"landsat5,landsat7",
LT0597,100846.85609787768,5246112.088617672,-73.8834520838256,-42.8333462674146,2013,2011.0,2013.0,20_1049,32.0,36.0,35.0,10.285714285714286,0.5127868852459017,"{""2011"": 13, ""2012"": 8, ""2013"": 15}",3.0,5.0,5.0,"landsat5,landsat7,landsat8",
LT0608,101102.62655665062,5256100.028981516,-73.8732814551039,-42.7438601498114,2015,2013.0,2015.0,20_1051,38.0,44.0,26.0,8.232558139534884,0.4124731182795699,"{""2013"": 14, ""2014"": 10, ""2015"": 20}",3.0,5.0,5.0,"landsat7,landsat8",
LT0606,99278.71802987222,5254041.548840448,-73.8969422117587,-42.7613807673192,2019,2017.0,2019.0,20_1051,36.0,44.0,25.0,7.813953488372093,0.3013793103448275,"{""2017"": 13, ""2018"": 17, ""2019"": 14}",3.0,5.0,5.0,"landsat7,landsat8",
LT0610,101912.03774697689,5259245.194287192,-73.8612180453863,-42.7160583071077,2013,2011.0,2013.0,20_1052,30.0,32.0,46.0,11.612903225806452,0.4690322580645161,"{""2011"": 12, ""2012"": 7, ""2013"": 13}",3.0,5.0,5.0,"landsat5,landsat7,landsat8",
LT0625,102213.4997846774,5283374.476257755,-73.8407151297755,-42.4996923218976,2017,2015.0,2017.0,20_1057,44.0,49.0,29.0,7.604166666666667,0.3516129032258064,"{""2015"": 16, ""2016"": 18, ""2017"": 15}",3.0,5.0,5.0,"landsat7,landsat8",
LT0636,98041.9819693563,5301160.674873269,-73.8788819972491,-42.3379397773026,2013,2011.0,2013.0,20_1060,43.0,54.0,50.0,6.79245283018868,0.354516129032258,"{""2011"": 17, ""2012"": 15, ""2013"": 22}",3.0,5.0,5.0,"landsat5,landsat7,landsat8",
LT0642,100302.05484256124,5310352.673226053,-73.845202511799,-42.2566143216152,2019,2017.0,2019.0,20_1062,70.0,76.0,18.0,4.693333333333333,0.3413065326633165,"{""2017"": 21, ""2018"": 26, ""2019"": 29}",3.0,5.0,5.0,"landsat7,landsat8",
LT0655,100139.73302888632,5327340.720805138,-73.8355059286761,-42.1040773728957,2012,2010.0,2012.0,20_1065,42.0,53.0,64.0,7.0,0.4041904761904762,"{""2010"": 14, ""2011"": 22, ""2012"": 17}",3.0,5.0,5.0,"landsat5,landsat7",
LT0730,99163.8766382272,5397463.264685395,-73.7999752806165,-41.4742277654589,2012,2010.0,2012.0,20_1079,46.0,52.0,29.0,7.137254901960785,0.4278095238095238,"{""2010"": 18, ""2011"": 24, ""2012"": 10}",3.0,5.0,5.0,"landsat5,landsat7",
LT0731,102042.68777288444,5398783.1820279015,-73.7647471268167,-41.4638117296982,2017,2015.0,2017.0,20_1080,66.0,75.0,24.0,4.662162162162162,0.3235121951219512,"{""2015"": 28, ""2016"": 29, ""2017"": 18}",3.0,5.0,5.0,"landsat7,landsat8",
LT0744,100359.09979183297,5408707.656773911,-73.7782882879636,-41.373892146455,2014,2012.0,2014.0,20_1082,58.0,65.0,22.0,5.546875,0.4306569343065693,"{""2012"": 12, ""2013"": 24, ""2014"": 29}",3.0,5.0,5.0,"landsat7,landsat8",
LT0798,101598.81961862516,5450121.002494735,-73.7365844016937,-41.0027409904862,2018,2016.0,2018.0,20_1090,71.0,77.0,24.0,4.697368421052632,0.3222119815668203,"{""2016"": 28, ""2017"": 24, ""2018"": 25}",3.0,5.0,5.0,"landsat7,landsat8",
LT0802,98475.9669393078,5451838.008525158,-73.7724751072247,-40.9857975259289,2018,2016.0,2018.0,20_1090,63.0,77.0,27.0,4.697368421052632,0.2938248847926267,"{""2016"": 28, ""2017"": 24, ""2018"": 25}",3.0,5.0,5.0,"landsat7,landsat8",
LT0807,99317.72430889652,5453920.4744099965,-73.7611556316698,-40.9675163415329,2013,2011.0,2013.0,20_1091,50.0,59.0,43.0,6.206896551724138,0.381037037037037,"{""2011"": 20, ""2012"": 13, ""2013"": 26}",3.0,5.0,5.0,"landsat5,landsat7,landsat8",
LT0810,100289.70584925218,5455833.106697935,-73.7484103746485,-40.9508219676207,2013,2011.0,2013.0,20_1091,56.0,61.0,56.0,5.95,0.4103703703703704,"{""2011"": 21, ""2012"": 14, ""2013"": 26}",3.0,5.0,5.0,"landsat5,landsat7,landsat8",
LT0806,100326.84298861644,5453965.840572492,-73.7491747611309,-40.9676031538019,2019,2017.0,2019.0,20_1091,69.0,80.0,29.0,4.354430379746836,0.3183333333333333,"{""2017"": 21, ""2018"": 26, ""2019"": 33}",3.0,5.0,5.0,"landsat7,landsat8",
LT0883,101382.93008989823,5497186.555399967,-73.7091259180985,-40.5800860113693,2018,2016.0,2018.0,20_1099,94.0,105.0,21.0,3.4326923076923075,0.437345971563981,"{""2016"": 39, ""2017"": 31, ""2018"": 35}",3.0,5.0,5.0,"landsat7,landsat8",
LT0895,101108.15739194844,5501196.419139627,-73.7098317997388,-40.5439515242616,2018,2016.0,2018.0,20_1100,92.0,104.0,17.0,3.3980582524271843,0.4382938388625592,"{""2016"": 39, ""2017"": 29, ""2018"": 36}",3.0,5.0,5.0,"landsat7,landsat8",
LT0901,100876.42798717768,5504165.925410284,-73.7106875613076,-40.5171784658657,2012,2010.0,2012.0,20_1101,51.0,62.0,23.0,5.967213114754099,0.4653211009174312,"{""2010"": 21, ""2011"": 24, ""2012"": 17}",3.0,5.0,5.0,"landsat5,landsat7",
LT0899,100980.27495305124,5503158.825384553,-73.7101001177081,-40.5262706231503,2013,2011.0,2013.0,20_1101,58.0,71.0,20.0,5.142857142857143,0.4488549618320611,"{""2011"": 23, ""2012"": 14, ""2013"": 34}",3.0,5.0,5.0,"landsat5,landsat7,landsat8",
LT1650,98225.16914938577,5864403.418272017,-73.5309594511962,-37.2802540926374,2017,2015.0,2017.0,20_1173,73.0,73.0,24.0,4.930555555555555,0.6107563025210084,"{""2015"": 26, ""2016"": 28, ""2017"": 19}",3.0,5.0,5.0,"landsat7,landsat8",
LT0122,101984.20824307612,4389074.159620014,-74.6155521016584,-50.514614307564,2013,2011.0,2013.0,20_878,15.0,16.0,122.0,23.2,0.1797590361445783,"{""2011"": 5, ""2012"": 3, ""2013"": 8}",3.0,5.0,5.0,"landsat5,landsat7,landsat8",
LT0312,99516.93025652098,4921478.787069152,-74.1485365022714,-45.7441054940183,2019,2017.0,2019.0,20_984,36.0,44.0,44.0,8.116279069767442,0.244931506849315,"{""2017"": 17, ""2018"": 13, ""2019"": 14}",3.0,5.0,5.0,"landsat7,landsat8",
LT0349,99055.77673595044,4954657.761785174,-74.1272090295099,-45.4463983259292,2014,2012.0,2014.0,20_991,43.0,50.0,24.0,7.020408163265306,0.2708724832214765,"{""2012"": 13, ""2013"": 19, ""2014"": 18}",3.0,5.0,5.0,"landsat7,landsat8",
LT0353,97816.13647048637,4957582.199556178,-74.1406100662118,-45.4194691731341,2014,2012.0,2014.0,20_992,43.0,47.0,32.0,7.739130434782608,0.2848,"{""2012"": 9, ""2013"": 19, ""2014"": 19}",3.0,5.0,5.0,"landsat7,landsat8",
LT0575,102594.32292190386,5221125.832775857,-73.8798671711743,-43.0584464963803,2015,2013.0,2015.0,21_1044,31.0,33.0,26.0,10.75,0.3389247311827957,"{""2013"": 12, ""2014"": 6, ""2015"": 15}",3.0,5.0,5.0,"landsat7,landsat8",
LT0587,102518.93097686296,5236318.099662369,-73.8699896981989,-42.9220950262897,2012,2010.0,2012.0,21_1047,23.0,26.0,35.0,14.4,0.4440816326530612,"{""2010"": 8, ""2011"": 13, ""2012"": 5}",3.0,5.0,5.0,"landsat5,landsat7",
LT0590,103333.79963383544,5239263.985975938,-73.8579596809463,-42.8960859683178,2015,2013.0,2015.0,21_1048,35.0,38.0,34.0,9.297297297297296,0.370752688172043,"{""2013"": 13, ""2014"": 9, ""2015"": 16}",3.0,5.0,5.0,"landsat7,landsat8",
LT0591,106340.00943767688,5239472.8318788605,-73.8211241646679,-42.8957665778372,2015,2013.0,2015.0,21_1048,34.0,36.0,38.0,9.82857142857143,0.3750537634408602,"{""2013"": 13, ""2014"": 8, ""2015"": 15}",3.0,5.0,5.0,"landsat7,landsat8",
LT0593,105200.93559319584,5241400.140041789,-73.833672201611,-42.8778848588005,2015,2013.0,2015.0,21_1048,35.0,40.0,30.0,8.820512820512821,0.3789247311827957,"{""2013"": 15, ""2014"": 8, ""2015"": 17}",3.0,5.0,5.0,"landsat7,landsat8",
LT0595,104913.5810618864,5245395.048944118,-73.8343740631462,-42.8418893403699,2013,2011.0,2013.0,21_1049,32.0,35.0,37.0,10.588235294117649,0.5377049180327869,"{""2011"": 14, ""2012"": 8, ""2013"": 13}",3.0,5.0,5.0,"landsat5,landsat7,landsat8",
LT0611,105839.15586772632,5260527.26180141,-73.8125370535594,-42.7065765188013,2016,2014.0,2016.0,21_1052,42.0,45.0,29.0,7.75,0.4074509803921569,"{""2014"": 10, ""2015"": 19, ""2016"": 16}",3.0,5.0,5.0,"landsat7,landsat8",
LT0770,106987.72382694267,5431079.326036976,-73.6848759519821,-41.1763098079717,2015,2013.0,2015.0,21_1086,75.0,83.0,39.0,4.402439024390244,0.3773195876288659,"{""2013"": 27, ""2014"": 22, ""2015"": 34}",3.0,5.0,5.0,"landsat7,landsat8",
LT0781,103058.6281053003,5434883.726235954,-73.7290994165039,-41.1402441336872,2015,2013.0,2015.0,21_1087,67.0,77.0,37.0,4.671052631578948,0.3416494845360824,"{""2013"": 29, ""2014"": 25, ""2015"": 23}",3.0,5.0,5.0,"landsat7,landsat8",
LT0792,104905.53615307652,5445167.369902938,-73.7005662062228,-41.048821161356,2015,2013.0,2015.0,21_1089,73.0,87.0,20.0,4.197674418604652,0.379375,"{""2013"": 29, ""2014"": 26, ""2015"": 32}",3.0,5.0,5.0,"landsat7,landsat8",
LT0825,107227.17660520854,5470505.544501892,-73.6569933588829,-40.8224463159956,2013,2011.0,2013.0,21_1094,46.0,59.0,56.0,6.206896551724138,0.359090909090909,"{""2011"": 21, ""2012"": 13, ""2013"": 25}",3.0,5.0,5.0,"landsat5,landsat7,landsat8",
LT0829,106163.12114499946,5471437.629157126,-73.6689815743677,-40.8135680913342,2013,2011.0,2013.0,21_1094,48.0,56.0,36.0,6.545454545454546,0.3636363636363636,"{""2011"": 19, ""2012"": 14, ""2013"": 23}",3.0,5.0,5.0,"landsat5,landsat7,landsat8",
LT0823,106365.37374653388,5468447.21149101,-73.6684781777922,-40.8405146730002,2016,2014.0,2016.0,21_1094,79.0,88.0,22.0,4.149425287356322,0.3738388625592417,"{""2014"": 26, ""2015"": 31, ""2016"": 31}",3.0,5.0,5.0,"landsat7,landsat8",
LT0876,105636.19580411055,5494440.669218292,-73.660753499632,-40.6067769372987,2015,2013.0,2015.0,21_1099,73.0,78.0,27.0,4.688311688311688,0.3899453551912568,"{""2013"": 27, ""2014"": 21, ""2015"": 30}",3.0,5.0,5.0,"landsat7,landsat8",
LT0879,106520.915163222,5495570.472540837,-73.6496257472964,-40.597053327075,2015,2013.0,2015.0,21_1099,75.0,89.0,15.0,4.102272727272728,0.4212021857923497,"{""2013"": 28, ""2014"": 27, ""2015"": 34}",3.0,5.0,5.0,"landsat7,landsat8",
LT0894,105217.7674139844,5500449.702625478,-73.6619277109567,-40.5526223499102,2013,2011.0,2013.0,21_1100,56.0,66.0,26.0,5.538461538461538,0.4073282442748092,"{""2011"": 21, ""2012"": 13, ""2013"": 32}",3.0,5.0,5.0,"landsat5,landsat7,landsat8",
LT0889,107279.29757130414,5498594.332522007,-73.6388118000374,-40.5702612287358,2015,2013.0,2015.0,21_1100,81.0,94.0,19.0,3.881720430107527,0.434535519125683,"{""2013"": 27, ""2014"": 36, ""2015"": 31}",3.0,5.0,5.0,"landsat7,landsat8",
LT0915,107285.31845069613,5513672.720716866,-73.6294029505879,-40.4348676724281,2015,2013.0,2015.0,21_1103,78.0,85.0,20.0,4.321428571428571,0.4153005464480874,"{""2013"": 28, ""2014"": 29, ""2015"": 28}",3.0,5.0,5.0,"landsat7,landsat8",
LT0944,105818.96047950511,5520687.69304853,-73.6422961398065,-40.3711837327353,2016,2014.0,2016.0,21_1104,77.0,87.0,29.0,4.197674418604652,0.3831683168316832,"{""2014"": 27, ""2015"": 28, ""2016"": 32}",3.0,5.0,5.0,"landsat7,landsat8",
LT0933,106681.19792468545,5519657.935010304,-73.6328076693191,-40.3808374686631,2018,2016.0,2018.0,21_1104,72.0,85.0,24.0,4.154761904761905,0.3427488151658768,"{""2016"": 36, ""2017"": 19, ""2018"": 30}",3.0,5.0,5.0,"landsat7,landsat8",
LT0936,106033.98685596116,5519696.24615683,-73.6403836765621,-40.3801880820654,2018,2016.0,2018.0,21_1104,69.0,81.0,31.0,4.3625,0.3290995260663507,"{""2016"": 33, ""2017"": 24, ""2018"": 24}",3.0,5.0,5.0,"landsat7,landsat8",
LT0941,104808.53088879626,5520559.738354601,-73.6542380898583,-40.371854856552,2019,2017.0,2019.0,21_1104,72.0,79.0,29.0,4.410256410256411,0.3401923076923077,"{""2017"": 23, ""2018"": 27, ""2019"": 29}",3.0,5.0,5.0,"landsat7,landsat8",
LT1034,103366.92829487652,5556598.393588369,-73.6489504427392,-40.0475573619651,2013,2011.0,2013.0,21_1111,56.0,74.0,28.0,4.890410958904109,0.4555725190839694,"{""2011"": 27, ""2012"": 17, ""2013"": 30}",3.0,5.0,5.0,"landsat5,landsat7,landsat8",
LT1031,107445.99854629557,5555859.888457664,-73.6017328136512,-40.0560964117504,2016,2014.0,2016.0,21_1111,92.0,106.0,24.0,3.4380952380952383,0.459009900990099,"{""2014"": 31, ""2015"": 38, ""2016"": 37}",3.0,5.0,5.0,"landsat7,landsat8",
LT1591,104394.98188002293,5815668.270407138,-73.4877632756511,-37.7208347509928,2017,2015.0,2017.0,21_1163,70.0,73.0,19.0,5.0,0.5845378151260504,"{""2015"": 27, ""2016"": 25, ""2017"": 21}",3.0,5.0,5.0,"landsat7,landsat8",
LT1635,104827.08357672882,5854922.459101642,-73.4617596924213,-37.3682798049784,2017,2015.0,2017.0,21_1171,72.0,72.0,21.0,5.0,0.5946218487394958,"{""2015"": 25, ""2016"": 29, ""2017"": 18}",3.0,5.0,5.0,"landsat7,landsat8",
LT0304,103754.73785160824,4918836.733932833,-74.0964361719157,-45.7702305471235,2019,2017.0,2019.0,21_984,31.0,38.0,56.0,8.675675675675675,0.2194520547945205,"{""2017"": 12, ""2018"": 12, ""2019"": 14}",3.0,5.0,5.0,"landsat7,landsat8",
LT0307,102634.18040985144,4919815.388857033,-74.1099875305945,-45.7608141316138,2019,2017.0,2019.0,21_984,42.0,46.0,44.0,7.7555555555555555,0.2789041095890411,"{""2017"": 18, ""2018"": 12, ""2019"": 16}",3.0,5.0,5.0,"landsat7,landsat8",
LT0332,104477.73182525276,4935964.804266107,-74.0732337253662,-45.6170841408694,2012,2010.0,2012.0,21_987,21.0,30.0,81.0,11.724137931034482,0.2258064516129032,"{""2010"": 10, ""2011"": 12, ""2012"": 8}",3.0,5.0,5.0,"landsat5,landsat7",
LT0337,102949.1256901722,4942867.841486052,-74.0871548861872,-45.5543241001485,2014,2012.0,2014.0,21_989,34.0,45.0,45.0,7.931818181818182,0.2824806201550388,"{""2012"": 7, ""2013"": 19, ""2014"": 19}",3.0,5.0,5.0,"landsat7,landsat8",
LT0469,111269.68037956674,5047838.329019229,-73.8996045672413,-44.617609853421,2012,2010.0,2012.0,22_1010,28.0,35.0,44.0,10.588235294117649,0.276078431372549,"{""2010"": 11, ""2011"": 16, ""2012"": 8}",3.0,5.0,5.0,"landsat5,landsat7",
LT0531,110128.98784459278,5117838.707133286,-73.8617019927157,-43.9890731417149,2012,2010.0,2012.0,22_1024,24.0,26.0,43.0,14.4,0.44,"{""2010"": 7, ""2011"": 13, ""2012"": 6}",3.0,5.0,5.0,"landsat5,landsat7",
LT0594,109052.404395468,5243693.997684432,-73.7850846440932,-42.8592791769723,2017,2015.0,2017.0,22_1049,39.0,40.0,32.0,8.666666666666666,0.3764,"{""2015"": 13, ""2016"": 16, ""2017"": 11}",3.0,5.0,5.0,"landsat7,landsat8",
LT0601,111692.25422051118,5248890.876360304,-73.7493013307338,-42.8139849867765,2015,2013.0,2015.0,22_1050,34.0,38.0,34.0,9.45945945945946,0.3767741935483871,"{""2013"": 12, ""2014"": 8, ""2015"": 18}",3.0,5.0,5.0,"landsat7,landsat8",
LT0634,111072.83101525124,5300039.61118774,-73.7220007796048,-42.3546163758306,2017,2015.0,2017.0,22_1060,49.0,54.0,24.0,6.584905660377358,0.4164102564102564,"{""2015"": 18, ""2016"": 22, ""2017"": 14}",3.0,5.0,5.0,"landsat7,landsat8",
LT0644,110226.49921101594,5312058.657542486,-73.7241529510403,-42.2463164199227,2012,2010.0,2012.0,22_1062,29.0,32.0,77.0,11.612903225806452,0.4846666666666667,"{""2010"": 10, ""2011"": 13, ""2012"": 9}",3.0,5.0,5.0,"landsat5,landsat7",
LT0648,107905.63975291573,5316869.88727767,-73.7489441632704,-42.2019733154323,2012,2010.0,2012.0,22_1063,33.0,36.0,42.0,10.285714285714286,0.5009230769230769,"{""2010"": 10, ""2011"": 16, ""2012"": 10}",3.0,5.0,5.0,"landsat5,landsat7",
LT0647,109154.85308301798,5312985.237376202,-73.7364751343232,-42.2374647853425,2018,2016.0,2018.0,22_1063,48.0,55.0,24.0,6.407407407407407,0.3732283464566929,"{""2016"": 21, ""2017"": 15, ""2018"": 19}",3.0,5.0,5.0,"landsat7,landsat8",
LT0670,112322.46996490216,5339318.660169459,-73.680745331449,-42.0026661260094,2013,2011.0,2013.0,22_1068,34.0,38.0,46.0,9.72972972972973,0.4673972602739726,"{""2011"": 14, ""2012"": 10, ""2013"": 14}",3.0,5.0,5.0,"landsat5,landsat7,landsat8",
LT0687,108688.15306867636,5347086.974901454,-73.7193212523471,-41.9311412929439,2019,2017.0,2019.0,22_1069,64.0,76.0,18.0,4.786666666666667,0.3417021276595745,"{""2017"": 23, ""2018"": 28, ""2019"": 25}",3.0,5.0,5.0,"landsat7,landsat8",
LT0771,107920.98511585186,5431392.862198914,-73.673586014516,-41.1739464290575,2013,2011.0,2013.0,22_1086,60.0,65.0,22.0,5.625,0.4344117647058823,"{""2011"": 20, ""2012"": 17, ""2013"": 28}",3.0,5.0,5.0,"landsat5,landsat7,landsat8",
LT0765,111236.60903831456,5427558.48149813,-73.6366217121682,-41.2099684798057,2016,2014.0,2016.0,22_1086,74.0,87.0,31.0,4.197674418604652,0.3469767441860465,"{""2014"": 23, ""2015"": 29, ""2016"": 35}",3.0,5.0,5.0,"landsat7,landsat8",
LT0773,108911.13365627064,5431464.314886445,-73.661775286107,-41.1737827650233,2019,2017.0,2019.0,22_1086,65.0,79.0,29.0,4.538461538461538,0.3207655502392345,"{""2017"": 18, ""2018"": 31, ""2019"": 30}",3.0,5.0,5.0,"landsat7,landsat8",
LT0783,107595.32413655182,5436426.157414947,-73.6742377164059,-41.1286002951801,2014,2012.0,2014.0,22_1087,61.0,71.0,22.0,5.071428571428571,0.3966451612903225,"{""2012"": 19, ""2013"": 30, ""2014"": 22}",3.0,5.0,5.0,"landsat7,landsat8",
LT0782,111660.07977694587,5435653.580499532,-73.6264593569854,-41.1374895132882,2015,2013.0,2015.0,22_1087,70.0,83.0,28.0,4.402439024390244,0.3682474226804124,"{""2013"": 28, ""2014"": 21, ""2015"": 34}",3.0,5.0,5.0,"landsat7,landsat8",
LT0779,110780.3613261045,5433591.663495717,-73.6382142250075,-41.1555813658874,2019,2017.0,2019.0,22_1087,60.0,73.0,32.0,5.027777777777778,0.2905263157894737,"{""2017"": 21, ""2018"": 25, ""2019"": 27}",3.0,5.0,5.0,"landsat7,landsat8",
LT0797,108642.94856621616,5449551.929942105,-73.6534632428645,-41.0112581129119,2013,2011.0,2013.0,22_1090,56.0,68.0,37.0,5.373134328358209,0.4242962962962963,"{""2011"": 25, ""2012"": 14, ""2013"": 29}",3.0,5.0,5.0,"landsat5,landsat7,landsat8",
LT0800,109557.75957165584,5451576.948741199,-73.641341206633,-40.9935144494294,2013,2011.0,2013.0,22_1090,59.0,68.0,21.0,5.328358208955224,0.4382222222222222,"{""2011"": 22, ""2012"": 16, ""2013"": 30}",3.0,5.0,5.0,"landsat5,landsat7,landsat8",
LT0804,108457.46571766952,5452507.281066823,-73.6537910518491,-40.9846346166967,2012,2010.0,2012.0,22_1091,36.0,45.0,37.0,8.272727272727273,0.3327272727272727,"{""2010"": 9, ""2011"": 22, ""2012"": 14}",3.0,5.0,5.0,"landsat5,landsat7",
LT0805,111312.09407907505,5453732.008211617,-73.61919830741,-40.9750013080441,2012,2010.0,2012.0,22_1091,49.0,56.0,26.0,6.618181818181818,0.4578181818181818,"{""2010"": 14, ""2011"": 24, ""2012"": 18}",3.0,5.0,5.0,"landsat5,landsat7",
LT0803,110483.556736617,5452582.533174505,-73.6297372677613,-40.9849276749058,2013,2011.0,2013.0,22_1091,62.0,69.0,18.0,5.294117647058823,0.450074074074074,"{""2011"": 22, ""2012"": 20, ""2013"": 27}",3.0,5.0,5.0,"landsat5,landsat7,landsat8",
LT0826,108223.28866927025,5470577.927705115,-73.6451743396222,-40.8222720753831,2013,2011.0,2013.0,22_1094,50.0,59.0,35.0,6.206896551724138,0.3721212121212121,"{""2011"": 22, ""2012"": 13, ""2013"": 24}",3.0,5.0,5.0,"landsat5,landsat7,landsat8",
LT0830,110103.98475539632,5472684.001799501,-73.621629530248,-40.8042560980778,2013,2011.0,2013.0,22_1095,48.0,61.0,21.0,6.0,0.373030303030303,"{""2011"": 24, ""2012"": 14, ""2013"": 23}",3.0,5.0,5.0,"landsat5,landsat7,landsat8",
LT0833,108225.65280415535,5473689.747386351,-73.6431941474142,-40.794332494529,2013,2011.0,2013.0,22_1095,53.0,64.0,20.0,5.714285714285714,0.4133333333333333,"{""2011"": 23, ""2012"": 14, ""2013"": 27}",3.0,5.0,5.0,"landsat5,landsat7,landsat8",
LT0841,109835.70208585908,5476712.967864783,-73.6222852900829,-40.7679519286213,2013,2011.0,2013.0,22_1095,53.0,61.0,25.0,6.0,0.3993939393939394,"{""2011"": 22, ""2012"": 15, ""2013"": 24}",3.0,5.0,5.0,"landsat5,landsat7,landsat8",
LT0867,107837.62433808268,5490599.930919354,-73.6372070898198,-40.6423099959099,2015,2013.0,2015.0,22_1098,67.0,74.0,24.0,4.863013698630137,0.3608743169398907,"{""2013"": 26, ""2014"": 22, ""2015"": 26}",3.0,5.0,5.0,"landsat7,landsat8",
LT0886,109375.02014217048,5497752.466190887,-73.6146541018795,-40.578811342646,2013,2011.0,2013.0,22_1100,54.0,62.0,32.0,5.852459016393443,0.4061068702290076,"{""2011"": 21, ""2012"": 14, ""2013"": 27}",3.0,5.0,5.0,"landsat5,landsat7,landsat8",
LT0890,112330.44349231594,5498964.328489295,-73.5791029804643,-40.5693169249982,2015,2013.0,2015.0,22_1100,78.0,89.0,24.0,4.125,0.4253551912568306,"{""2013"": 27, ""2014"": 32, ""2015"": 30}",3.0,5.0,5.0,"landsat7,landsat8",
LT0885,108378.76657215157,5497682.420256765,-73.6264303738398,-40.5789700100079,2018,2016.0,2018.0,22_1100,77.0,91.0,21.0,3.888888888888889,0.3605687203791469,"{""2016"": 33, ""2017"": 26, ""2018"": 32}",3.0,5.0,5.0,"landsat7,landsat8",
LT0908,107631.8520061333,5508689.115392355,-73.6284071925796,-40.4797821268023,2013,2011.0,2013.0,22_1102,59.0,67.0,32.0,5.454545454545454,0.4503816793893129,"{""2011"": 22, ""2012"": 17, ""2013"": 28}",3.0,5.0,5.0,"landsat5,landsat7,landsat8",
LT0925,111933.7589495643,5519030.280608992,-73.5715087955126,-40.3889339635894,2014,2012.0,2014.0,22_1104,62.0,73.0,24.0,4.958333333333333,0.405,"{""2012"": 15, ""2013"": 27, ""2014"": 31}",3.0,5.0,5.0,"landsat7,landsat8",
LT0934,108866.56182840082,5519826.657373093,-73.6070424578466,-40.3803497592314,2015,2013.0,2015.0,22_1104,72.0,84.0,25.0,4.349397590361446,0.3984699453551912,"{""2013"": 29, ""2014"": 26, ""2015"": 29}",3.0,5.0,5.0,"landsat7,landsat8",
LT0943,109809.93565652652,5520880.779308448,-73.5953201455243,-40.3713252882319,2015,2013.0,2015.0,22_1104,66.0,80.0,29.0,4.569620253164557,0.366120218579235,"{""2013"": 25, ""2014"": 30, ""2015"": 25}",3.0,5.0,5.0,"landsat7,landsat8",
LT0948,110738.16542516224,5521950.914501638,-73.5837690017318,-40.3621485768307,2018,2016.0,2018.0,22_1104,64.0,78.0,27.0,4.532467532467533,0.310521327014218,"{""2016"": 31, ""2017"": 21, ""2018"": 26}",3.0,5.0,5.0,"landsat7,landsat8",
LT0935,109875.36088276697,5519889.247427731,-73.5951581181172,-40.3802600248475,2019,2017.0,2019.0,22_1104,74.0,85.0,19.0,4.166666666666667,0.35,"{""2017"": 25, ""2018"": 28, ""2019"": 32}",3.0,5.0,5.0,"landsat7,landsat8",
LT0942,108803.4738164373,5520813.340656506,-73.6071784373688,-40.3714597289077,2019,2017.0,2019.0,22_1104,69.0,78.0,29.0,4.467532467532467,0.3386538461538461,"{""2017"": 22, ""2018"": 25, ""2019"": 31}",3.0,5.0,5.0,"landsat7,landsat8",
LT1002,109182.9760183196,5545748.592288604,-73.5875406428093,-40.1477096793087,2014,2012.0,2014.0,22_1109,70.0,80.0,24.0,4.468354430379747,0.4605263157894737,"{""2012"": 18, ""2013"": 31, ""2014"": 31}",3.0,5.0,5.0,"landsat7,landsat8",
LT0994,109218.76453054044,5543929.766686853,-73.588223380772,-40.1640605024078,2015,2013.0,2015.0,22_1109,90.0,94.0,22.0,3.881720430107527,0.4782513661202185,"{""2013"": 31, ""2014"": 29, ""2015"": 34}",3.0,5.0,5.0,"landsat7,landsat8",
LT1007,110921.22138612995,5548992.619293934,-73.5652439070707,-40.1193811397416,2013,2011.0,2013.0,22_1110,58.0,73.0,20.0,5.0,0.4531297709923664,"{""2011"": 25, ""2012"": 18, ""2013"": 30}",3.0,5.0,5.0,"landsat5,landsat7,landsat8",
LT1013,109710.30502672668,5552007.990983735,-73.5775899978316,-40.0917401976615,2013,2011.0,2013.0,22_1110,60.0,71.0,20.0,5.142857142857143,0.4604580152671755,"{""2011"": 25, ""2012"": 16, ""2013"": 30}",3.0,5.0,5.0,"landsat5,landsat7,landsat8",
LT1011,110752.57311980984,5551070.473786811,-73.5659661573962,-40.1006420540246,2016,2014.0,2016.0,22_1110,89.0,97.0,18.0,3.7604166666666665,0.4398019801980198,"{""2014"": 28, ""2015"": 32, ""2016"": 37}",3.0,5.0,5.0,"landsat7,landsat8",
LT1062,110761.70153697662,5566159.63135596,-73.5568125166212,-39.9651282878039,2013,2011.0,2013.0,22_1113,64.0,80.0,19.0,4.556962025316456,0.5035114503816794,"{""2011"": 26, ""2012"": 21, ""2013"": 33}",3.0,5.0,5.0,"landsat5,landsat7,landsat8",
LT1078,110562.53489436,5569128.95059913,-73.5573632159941,-39.9383683017519,2016,2014.0,2016.0,22_1114,96.0,111.0,17.0,3.2818181818181817,0.4746534653465346,"{""2014"": 34, ""2015"": 36, ""2016"": 41}",3.0,5.0,5.0,"landsat7,landsat8",
LT1429,111962.79515963532,5744898.76082666,-73.4404633437151,-38.3600002238563,2017,2015.0,2017.0,22_1149,60.0,65.0,21.0,5.421875,0.5401801801801802,"{""2015"": 22, ""2016"": 27, ""2017"": 16}",3.0,5.0,5.0,"landsat7,landsat8",
LT1637,107929.30785702082,5855902.966718145,-73.4263108152598,-37.3607832385305,2014,2012.0,2014.0,22_1171,63.0,63.0,27.0,5.838709677419355,0.6747826086956522,"{""2012"": 11, ""2013"": 26, ""2014"": 26}",3.0,5.0,5.0,"landsat7,landsat8",
LT0250,111148.26896955312,4874188.320175302,-74.0379730096866,-46.1747365455416,2017,2015.0,2017.0,22_975,46.0,50.0,53.0,6.73469387755102,0.2702958579881657,"{""2015"": 13, ""2016"": 23, ""2017"": 14}",3.0,5.0,5.0,"landsat7,landsat8",
LT0338,108930.8949153872,4943510.257293623,-74.0102986164624,-45.5519468280377,2014,2012.0,2014.0,22_989,44.0,51.0,25.0,7.14,0.3315151515151515,"{""2012"": 8, ""2013"": 21, ""2014"": 22}",3.0,5.0,5.0,"landsat7,landsat8",
LT0359,110436.96088833438,4963543.240229177,-73.9752112322758,-45.3731523043569,2015,2013.0,2015.0,22_993,47.0,57.0,34.0,6.142857142857143,0.2651111111111111,"{""2013"": 18, ""2014"": 18, ""2015"": 21}",3.0,5.0,5.0,"landsat7,landsat8",
LT0580,116264.2409774384,5227124.059266233,-73.7084483720711,-43.0116426993553,2016,2014.0,2016.0,23_1045,34.0,36.0,29.0,9.514285714285714,0.3368627450980392,"{""2014"": 6, ""2015"": 15, ""2016"": 15}",3.0,5.0,5.0,"landsat7,landsat8",
LT0588,113551.63709479615,5236976.480223666,-73.7348194410002,-42.9218514368792,2014,2012.0,2014.0,23_1047,23.0,23.0,46.0,15.727272727272728,0.3077777777777777,"{""2012"": 6, ""2013"": 11, ""2014"": 6}",3.0,5.0,5.0,"landsat7,landsat8",
LT0600,113768.83264144982,5248035.817831718,-73.7245731768453,-42.8227083874019,2012,2010.0,2012.0,23_1050,26.0,27.0,42.0,13.846153846153848,0.5363265306122449,"{""2010"": 8, ""2011"": 12, ""2012"": 7}",3.0,5.0,5.0,"landsat5,landsat7",
LT0599,112767.23886973108,5247956.296932496,-73.7368389750223,-42.8229164146771,2019,2017.0,2019.0,23_1050,34.0,36.0,29.0,9.2,0.3782222222222222,"{""2017"": 13, ""2018"": 11, ""2019"": 12}",3.0,5.0,5.0,"landsat7,landsat8",
LT0619,115914.62436269496,5269337.701052558,-73.6839716246774,-42.6325966628561,2017,2015.0,2017.0,23_1054,48.0,49.0,27.0,7.4375,0.4776,"{""2015"": 19, ""2016"": 15, ""2017"": 15}",3.0,5.0,5.0,"landsat7,landsat8",
LT0640,114505.69374159758,5308343.022846583,-73.6749250640877,-42.2817912562669,2012,2010.0,2012.0,23_1062,28.0,33.0,42.0,11.25,0.4861016949152542,"{""2010"": 11, ""2011"": 12, ""2012"": 10}",3.0,5.0,5.0,"landsat5,landsat7",
LT0645,115215.48388618413,5312369.665940589,-73.6636745279538,-42.2459968781251,2015,2013.0,2015.0,23_1062,40.0,42.0,29.0,8.707317073170731,0.4197894736842105,"{""2013"": 14, ""2014"": 14, ""2015"": 14}",3.0,5.0,5.0,"landsat7,landsat8",
LT0652,117349.80369622832,5324038.740365614,-73.6302191959596,-42.1422931104184,2012,2010.0,2012.0,23_1065,30.0,32.0,58.0,11.612903225806452,0.4983050847457627,"{""2010"": 8, ""2011"": 14, ""2012"": 10}",3.0,5.0,5.0,"landsat5,landsat7",
LT0703,114361.15166307356,5367582.636343965,-73.637787994368,-41.7499350196122,2019,2017.0,2019.0,23_1074,56.0,69.0,19.0,5.264705882352941,0.3249411764705882,"{""2017"": 16, ""2018"": 28, ""2019"": 25}",3.0,5.0,5.0,"landsat7,landsat8",
LT0706,113937.5485437882,5373558.663806299,-73.6389973006037,-41.6960796304245,2018,2016.0,2018.0,23_1075,67.0,80.0,26.0,4.582278481012659,0.367032967032967,"{""2016"": 33, ""2017"": 17, ""2018"": 30}",3.0,5.0,5.0,"landsat7,landsat8",
LT0787,113219.90980651602,5441798.712148922,-73.6040694984832,-41.0830570355348,2014,2012.0,2014.0,23_1088,58.0,64.0,24.0,5.603174603174603,0.3714285714285714,"{""2012"": 15, ""2013"": 23, ""2014"": 26}",3.0,5.0,5.0,"landsat7,landsat8",
LT0788,116132.04853936192,5442098.020822283,-73.5693238355953,-41.0817480338657,2014,2012.0,2014.0,23_1088,75.0,81.0,22.0,4.4125,0.468051948051948,"{""2012"": 19, ""2013"": 32, ""2014"": 30}",3.0,5.0,5.0,"landsat7,landsat8",
LT0813,112921.20926769813,5460771.67527505,-73.5957408722414,-40.9125541242703,2012,2010.0,2012.0,23_1092,32.0,40.0,32.0,9.333333333333334,0.2898181818181818,"{""2010"": 9, ""2011"": 19, ""2012"": 12}",3.0,5.0,5.0,"landsat5,landsat7",
LT0824,117285.66827290192,5470182.857177216,-73.5382918760489,-40.8300924009479,2013,2011.0,2013.0,23_1094,59.0,68.0,20.0,5.373134328358209,0.4454545454545454,"{""2011"": 23, ""2012"": 14, ""2013"": 31}",3.0,5.0,5.0,"landsat5,landsat7,landsat8",
LT0822,117423.7642749336,5468171.338968007,-73.5378935176806,-40.8482205782647,2016,2014.0,2016.0,23_1094,77.0,88.0,24.0,4.149425287356322,0.3704265402843602,"{""2014"": 25, ""2015"": 29, ""2016"": 34}",3.0,5.0,5.0,"landsat7,landsat8",
LT0832,113015.40020866676,5473917.887471216,-73.5864605200061,-40.7945521427464,2018,2016.0,2018.0,23_1095,78.0,88.0,23.0,4.011494252873563,0.3601869158878504,"{""2016"": 37, ""2017"": 25, ""2018"": 26}",3.0,5.0,5.0,"landsat7,landsat8",
LT0851,117485.19812254964,5482252.158482591,-73.5285515278602,-40.7217987178858,2013,2011.0,2013.0,23_1096,53.0,63.0,48.0,5.806451612903226,0.4137404580152671,"{""2011"": 22, ""2012"": 15, ""2013"": 26}",3.0,5.0,5.0,"landsat5,landsat7,landsat8",
LT0845,113682.34253524954,5478087.112536119,-73.5760049976131,-40.7574269855089,2015,2013.0,2015.0,23_1096,67.0,78.0,20.0,4.688311688311688,0.3643715846994536,"{""2013"": 25, ""2014"": 25, ""2015"": 28}",3.0,5.0,5.0,"landsat7,landsat8",
LT0850,116474.2035436802,5482178.900094057,-73.5405296589659,-40.7219868485939,2018,2016.0,2018.0,23_1096,77.0,92.0,29.0,3.8351648351648353,0.3687203791469194,"{""2016"": 36, ""2017"": 24, ""2018"": 32}",3.0,5.0,5.0,"landsat7,landsat8",
LT0860,113221.09854569955,5488121.707537031,-73.5752665436493,-40.6671009663938,2015,2013.0,2015.0,23_1098,71.0,80.0,28.0,4.594936708860759,0.3919125683060109,"{""2013"": 25, ""2014"": 27, ""2015"": 28}",3.0,5.0,5.0,"landsat7,landsat8",
LT0887,117357.96008130816,5498293.611156661,-73.5203015116976,-40.5776771091392,2018,2016.0,2018.0,23_1100,82.0,87.0,31.0,4.069767441860465,0.3808530805687203,"{""2016"": 30, ""2017"": 25, ""2018"": 32}",3.0,5.0,5.0,"landsat7,landsat8",
LT0903,114834.0441209916,5506134.945329581,-73.5452562655856,-40.5060882772154,2016,2014.0,2016.0,23_1101,87.0,95.0,26.0,3.861702127659575,0.420990099009901,"{""2014"": 28, ""2015"": 31, ""2016"": 36}",3.0,5.0,5.0,"landsat7,landsat8",
LT0907,112687.23543879302,5508009.590275069,-73.5693692750819,-40.4882550876921,2013,2011.0,2013.0,23_1102,65.0,76.0,32.0,4.8,0.5056488549618321,"{""2011"": 24, ""2012"": 20, ""2013"": 32}",3.0,5.0,5.0,"landsat5,landsat7,landsat8",
LT0917,114150.64868378354,5516122.013389499,-73.5472323146133,-40.4160809928261,2018,2016.0,2018.0,23_1103,83.0,91.0,24.0,4.0,0.3874881516587677,"{""2016"": 35, ""2017"": 26, ""2018"": 30}",3.0,5.0,5.0,"landsat7,landsat8",
LT0920,114076.12303840416,5517158.051886832,-73.5474803064946,-40.4067420947885,2018,2016.0,2018.0,23_1103,79.0,90.0,31.0,3.988764044943821,0.3793364928909952,"{""2016"": 33, ""2017"": 26, ""2018"": 31}",3.0,5.0,5.0,"landsat7,landsat8",
LT0916,116219.52140733616,5515300.050148767,-73.5234183433118,-40.4244185674486,2019,2017.0,2019.0,23_1103,63.0,75.0,32.0,4.77027027027027,0.3098076923076923,"{""2017"": 24, ""2018"": 28, ""2019"": 23}",3.0,5.0,5.0,"landsat7,landsat8",
LT0924,112953.21247555532,5519068.506993142,-73.5595122968936,-40.3890643890575,2013,2011.0,2013.0,23_1104,54.0,62.0,34.0,5.901639344262295,0.4036641221374046,"{""2011"": 22, ""2012"": 12, ""2013"": 28}",3.0,5.0,5.0,"landsat5,landsat7,landsat8",
LT0922,113016.36701923038,5518095.934953857,-73.5593608543949,-40.3978279931612,2019,2017.0,2019.0,23_1104,80.0,88.0,24.0,4.057471264367816,0.3861538461538462,"{""2017"": 28, ""2018"": 30, ""2019"": 30}",3.0,5.0,5.0,"landsat7,landsat8",
LT0923,114941.88988779444,5519159.614317125,-73.5360999278812,-40.3891666993948,2019,2017.0,2019.0,23_1104,70.0,80.0,21.0,4.430379746835443,0.3376923076923077,"{""2017"": 24, ""2018"": 24, ""2019"": 32}",3.0,5.0,5.0,"landsat7,landsat8",
LT0975,117491.97494402672,5540451.277893877,-73.4934366274139,-40.1991089134625,2013,2011.0,2013.0,23_1108,49.0,57.0,51.0,6.428571428571429,0.3697709923664122,"{""2011"": 20, ""2012"": 12, ""2013"": 25}",3.0,5.0,5.0,"landsat5,landsat7,landsat8",
LT0978,113520.05886409956,5541198.137048653,-73.539509868656,-40.1905823660691,2017,2015.0,2017.0,23_1108,77.0,92.0,37.0,3.967032967032967,0.3850246305418719,"{""2015"": 33, ""2016"": 36, ""2017"": 23}",3.0,5.0,5.0,"landsat7,landsat8",
LT0990,117313.91689701128,5543480.016223283,-73.4937231512025,-40.1718244237967,2013,2011.0,2013.0,23_1109,56.0,68.0,32.0,5.373134328358209,0.4326717557251908,"{""2011"": 23, ""2012"": 16, ""2013"": 29}",3.0,5.0,5.0,"landsat5,landsat7,landsat8",
LT0996,116261.46707559464,5544463.851443513,-73.5054600772973,-40.1625080745889,2013,2011.0,2013.0,23_1109,57.0,64.0,20.0,5.714285714285714,0.4186259541984732,"{""2011"": 25, ""2012"": 13, ""2013"": 26}",3.0,5.0,5.0,"landsat5,landsat7,landsat8",
LT1004,115046.39104559696,5547346.1608433295,-73.5179652475105,-40.1360651043005,2014,2012.0,2014.0,23_1109,65.0,73.0,24.0,4.930555555555555,0.4247368421052631,"{""2012"": 16, ""2013"": 27, ""2014"": 30}",3.0,5.0,5.0,"landsat7,landsat8",
LT1003,113043.2236218978,5547202.572741447,-73.5414916088776,-40.1364359309294,2015,2013.0,2015.0,23_1109,84.0,96.0,35.0,3.8,0.4614207650273224,"{""2013"": 30, ""2014"": 33, ""2015"": 33}",3.0,5.0,5.0,"landsat7,landsat8",
LT0995,115230.3067475194,5544376.967595428,-73.5175831923968,-40.1628171071325,2017,2015.0,2017.0,23_1109,87.0,94.0,45.0,3.881720430107527,0.4222660098522167,"{""2015"": 33, ""2016"": 38, ""2017"": 23}",3.0,5.0,5.0,"landsat7,landsat8",
LT1012,114750.08597054344,5551325.73179401,-73.5190608860804,-40.1001868620468,2013,2011.0,2013.0,23_1110,60.0,69.0,20.0,5.294117647058823,0.4473282442748091,"{""2011"": 26, ""2012"": 16, ""2013"": 27}",3.0,5.0,5.0,"landsat5,landsat7,landsat8",
LT1015,116686.24326624587,5552474.602310769,-73.4957351002672,-40.0907509722373,2013,2011.0,2013.0,23_1110,58.0,68.0,31.0,5.373134328358209,0.4354198473282443,"{""2011"": 25, ""2012"": 15, ""2013"": 28}",3.0,5.0,5.0,"landsat5,landsat7,landsat8",
LT1022,114574.38272018702,5554340.668623749,-73.5193210767704,-40.0730276082039,2017,2015.0,2017.0,23_1111,88.0,99.0,26.0,3.683673469387755,0.4350738916256157,"{""2015"": 33, ""2016"": 38, ""2017"": 28}",3.0,5.0,5.0,"landsat7,landsat8",
LT1048,113052.51795639494,5562322.490713676,-73.5323546697688,-40.0006421693405,2017,2015.0,2017.0,23_1112,101.0,108.0,27.0,3.3738317757009346,0.4945812807881773,"{""2015"": 37, ""2016"": 42, ""2017"": 29}",3.0,5.0,5.0,"landsat7,landsat8",
LT1063,112764.2460822686,5566268.56303999,-73.533373366013,-39.9650682971054,2012,2010.0,2012.0,23_1113,52.0,60.0,22.0,6.169491525423729,0.4689908256880734,"{""2010"": 14, ""2011"": 29, ""2012"": 17}",3.0,5.0,5.0,"landsat5,landsat7",
LT1065,116765.81460821936,5566536.37907215,-73.4865055647359,-39.9644837597203,2016,2014.0,2016.0,23_1113,96.0,105.0,23.0,3.4711538461538463,0.4645544554455446,"{""2014"": 30, ""2015"": 36, ""2016"": 39}",3.0,5.0,5.0,"landsat7,landsat8",
LT1073,114637.70771506429,5568395.670515626,-73.5102471724836,-39.9468177464183,2012,2010.0,2012.0,23_1114,50.0,59.0,55.0,6.206896551724138,0.4440366972477064,"{""2010"": 16, ""2011"": 24, ""2012"": 19}",3.0,5.0,5.0,"landsat5,landsat7",
LT1390,113135.95050670754,5726906.79086321,-73.436980745468,-38.5221689896901,2013,2011.0,2013.0,23_1145,33.0,44.0,40.0,8.325581395348838,0.4249350649350649,"{""2011"": 14, ""2012"": 8, ""2013"": 22}",3.0,5.0,5.0,"landsat5,landsat7,landsat8",
LT1400,116004.06628805005,5729188.045724271,-73.4029254054568,-38.5029117594012,2014,2012.0,2014.0,23_1146,62.0,73.0,19.0,5.013888888888889,0.464,"{""2012"": 16, ""2013"": 24, ""2014"": 33}",3.0,5.0,5.0,"landsat7,landsat8",
LT1582,116690.16251782572,5811451.809894355,-73.3508828668223,-37.7639526948819,2013,2011.0,2013.0,23_1162,37.0,42.0,38.0,8.634146341463415,0.5211111111111111,"{""2011"": 11, ""2012"": 10, ""2013"": 21}",3.0,5.0,5.0,"landsat5,landsat7,landsat8",
LT0133,112577.63920446228,4634155.395487894,-74.2275799875352,-48.3268179729351,2013,2011.0,2013.0,23_927,13.0,15.0,74.0,24.0,0.3688888888888889,"{""2011"": 6, ""2012"": 5, ""2013"": 4}",3.0,5.0,5.0,"landsat5,landsat7,landsat8",
LT0206,116153.47194478707,4820286.209408172,-74.0176213729858,-46.6608288093242,2016,2014.0,2016.0,23_964,36.0,40.0,46.0,8.0,0.1965909090909091,"{""2014"": 9, ""2015"": 12, ""2016"": 19}",3.0,5.0,5.0,"landsat7,landsat8",
LT0207,116174.23113433522,4821316.567376902,-74.0164946162256,-46.6516037620318,2016,2014.0,2016.0,23_964,35.0,39.0,46.0,8.421052631578947,0.1984090909090909,"{""2014"": 6, ""2015"": 12, ""2016"": 21}",3.0,5.0,5.0,"landsat7,landsat8",
LT0209,116932.97158564844,4824418.606343238,-74.0040458296567,-46.6242278510245,2016,2014.0,2016.0,23_965,43.0,46.0,46.0,7.777777777777778,0.2436363636363636,"{""2014"": 6, ""2015"": 16, ""2016"": 24}",3.0,5.0,5.0,"landsat7,landsat8",
LT0239,115670.75165800814,4866482.0191342365,-73.9858696217646,-46.2463947154576,2017,2015.0,2017.0,23_973,39.0,46.0,47.0,7.644444444444445,0.2276923076923077,"{""2015"": 11, ""2016"": 21, ""2017"": 14}",3.0,5.0,5.0,"landsat7,landsat8",
LT0243,115596.29721221188,4868496.661549842,-73.9851916276235,-46.228289642603,2018,2016.0,2018.0,23_974,41.0,47.0,47.0,7.369565217391305,0.24675,"{""2016"": 20, ""2017"": 16, ""2018"": 11}",3.0,5.0,5.0,"landsat7,landsat8",
LT0249,116213.4663435478,4873567.519231885,-73.9731036229432,-46.1831723060629,2018,2016.0,2018.0,23_975,49.0,55.0,45.0,6.388888888888889,0.3105,"{""2016"": 28, ""2017"": 15, ""2018"": 12}",3.0,5.0,5.0,"landsat7,landsat8",
LT0252,117061.2652880266,4875636.9412000775,-73.9604869224069,-46.1650940111886,2018,2016.0,2018.0,23_975,46.0,55.0,45.0,6.388888888888889,0.28475,"{""2016"": 28, ""2017"": 16, ""2018"": 11}",3.0,5.0,5.0,"landsat7,landsat8",
LT0259,116612.34992434963,4881631.519265381,-73.9614380077753,-46.1110925606776,2018,2016.0,2018.0,23_976,43.0,51.0,46.0,6.6,0.26775,"{""2016"": 25, ""2017"": 15, ""2018"": 11}",3.0,5.0,5.0,"landsat7,landsat8",
LT0289,116481.14385661233,4909703.657019788,-73.9406300106752,-45.8593038862117,2014,2012.0,2014.0,23_982,37.0,42.0,48.0,8.707317073170731,0.2824615384615385,"{""2012"": 6, ""2013"": 18, ""2014"": 18}",3.0,5.0,5.0,"landsat7,landsat8",
LT0527,122356.62600833218,5115090.936932277,-73.7116966103589,-44.0201084874049,2014,2012.0,2014.0,24_1023,44.0,49.0,23.0,7.4375,0.2838961038961038,"{""2012"": 10, ""2013"": 24, ""2014"": 15}",3.0,5.0,5.0,"landsat7,landsat8",
LT0569,119197.2299604495,5214286.387697914,-73.6813581719024,-43.1283333140515,2016,2014.0,2016.0,24_1043,40.0,41.0,27.0,8.925,0.3878431372549019,"{""2014"": 9, ""2015"": 15, ""2016"": 17}",3.0,5.0,5.0,"landsat7,landsat8",
LT0570,118137.99510519444,5215024.78673481,-73.6938292035711,-43.121173534592,2018,2016.0,2018.0,24_1043,42.0,46.0,32.0,7.511111111111111,0.4416494845360825,"{""2016"": 19, ""2017"": 10, ""2018"": 17}",3.0,5.0,5.0,"landsat7,landsat8",
LT0577,122469.15370400558,5224574.04865478,-73.6342844607318,-43.0376341564432,2016,2014.0,2016.0,24_1045,38.0,39.0,51.0,9.263157894736842,0.3749019607843137,"{""2014"": 10, ""2015"": 15, ""2016"": 14}",3.0,5.0,5.0,"landsat7,landsat8",
LT0586,120620.94378675654,5236476.780982562,-73.6488243988385,-42.9298826171517,2012,2010.0,2012.0,24_1047,23.0,23.0,42.0,16.363636363636363,0.4669387755102041,"{""2010"": 6, ""2011"": 12, ""2012"": 5}",3.0,5.0,5.0,"landsat5,landsat7",
LT0584,118832.33162600423,5233334.251271423,-73.6728080030802,-42.9571962495208,2016,2014.0,2016.0,24_1047,42.0,43.0,24.0,8.5,0.4098039215686274,"{""2014"": 8, ""2015"": 19, ""2016"": 16}",3.0,5.0,5.0,"landsat7,landsat8",
LT0585,118618.5706348206,5236308.477115454,-73.6733959406013,-42.9303951751232,2017,2015.0,2017.0,24_1047,41.0,41.0,24.0,8.925,0.4096,"{""2015"": 16, ""2016"": 14, ""2017"": 11}",3.0,5.0,5.0,"landsat7,landsat8",
LT0649,118648.10542642836,5320733.287580366,-73.6167196701741,-42.1725989463517,2015,2013.0,2015.0,24_1064,41.0,43.0,21.0,8.428571428571429,0.4265263157894737,"{""2013"": 14, ""2014"": 15, ""2015"": 14}",3.0,5.0,5.0,"landsat7,landsat8",
LT0653,118233.1958987238,5326679.540685874,-73.6178374574352,-42.1190166885674,2012,2010.0,2012.0,24_1065,29.0,30.0,45.0,12.413793103448276,0.4650847457627118,"{""2010"": 7, ""2011"": 13, ""2012"": 10}",3.0,5.0,5.0,"landsat5,landsat7",
LT0654,121164.63658744404,5327899.070943652,-73.5816986998126,-42.1094883498519,2013,2011.0,2013.0,24_1066,30.0,37.0,40.0,10.0,0.4623529411764706,"{""2011"": 13, ""2012"": 10, ""2013"": 14}",3.0,5.0,5.0,"landsat5,landsat7,landsat8",
LT0685,118893.46207296936,5345796.819668035,-73.5974639407903,-41.9477121777968,2013,2011.0,2013.0,24_1069,33.0,34.0,40.0,10.909090909090908,0.4758823529411765,"{""2011"": 12, ""2012"": 8, ""2013"": 14}",3.0,5.0,5.0,"landsat5,landsat7,landsat8",
LT0688,118759.88480697176,5347800.637470921,-73.5977751360748,-41.929658004357,2012,2010.0,2012.0,24_1070,29.0,32.0,42.0,11.612903225806452,0.4908474576271186,"{""2010"": 8, ""2011"": 13, ""2012"": 11}",3.0,5.0,5.0,"landsat5,landsat7",
LT0699,121424.83531150909,5367065.399690385,-73.5534281740118,-41.7579734962655,2019,2017.0,2019.0,24_1073,48.0,52.0,25.0,6.941176470588236,0.3732283464566929,"{""2017"": 8, ""2018"": 20, ""2019"": 24}",3.0,5.0,5.0,"landsat7,landsat8",
LT0818,117767.6280444056,5464232.27448809,-73.5362451855115,-40.8837543272073,2013,2011.0,2013.0,24_1093,56.0,64.0,25.0,5.714285714285714,0.411044776119403,"{""2011"": 19, ""2012"": 15, ""2013"": 30}",3.0,5.0,5.0,"landsat5,landsat7,landsat8",
LT0827,118215.7283729447,5471259.693102322,-73.5266369568585,-40.8208549694589,2013,2011.0,2013.0,24_1094,62.0,69.0,27.0,5.294117647058823,0.4575757575757576,"{""2011"": 24, ""2012"": 17, ""2013"": 28}",3.0,5.0,5.0,"landsat5,landsat7,landsat8",
LT0842,120812.57141107734,5477383.147135242,-73.4922220958254,-40.7670642908428,2017,2015.0,2017.0,24_1095,86.0,99.0,35.0,3.683673469387755,0.4197044334975369,"{""2015"": 32, ""2016"": 40, ""2017"": 27}",3.0,5.0,5.0,"landsat7,landsat8",
LT0873,120698.73809204368,5493507.246456996,-73.4838280495388,-40.6222009028816,2018,2016.0,2018.0,24_1099,84.0,97.0,23.0,3.7291666666666665,0.4009478672985782,"{""2016"": 31, ""2017"": 32, ""2018"": 34}",3.0,5.0,5.0,"landsat7,landsat8",
LT0880,120505.19301414596,5496486.663896623,-73.4843166493611,-40.5953533841322,2019,2017.0,2019.0,24_1099,87.0,100.0,22.0,3.5656565656565657,0.4315384615384615,"{""2017"": 31, ""2018"": 36, ""2019"": 33}",3.0,5.0,5.0,"landsat7,landsat8",
LT0914,121349.19753941748,5513623.421128199,-73.4641305073417,-40.4418253748783,2012,2010.0,2012.0,24_1103,41.0,53.0,26.0,6.923076923076923,0.3801834862385321,"{""2010"": 15, ""2011"": 24, ""2012"": 14}",3.0,5.0,5.0,"landsat5,landsat7",
LT0954,119587.18346708176,5524561.309899407,-73.4783178824425,-40.3427824803832,2013,2011.0,2013.0,24_1105,54.0,68.0,39.0,5.373134328358209,0.4329770992366412,"{""2011"": 25, ""2012"": 14, ""2013"": 29}",3.0,5.0,5.0,"landsat5,landsat7,landsat8",
LT0969,117724.92341094528,5537473.4478853885,-73.4924774214397,-40.2259611002317,2014,2012.0,2014.0,24_1107,58.0,66.0,36.0,5.415384615384616,0.3828947368421053,"{""2012"": 13, ""2013"": 25, ""2014"": 28}",3.0,5.0,5.0,"landsat7,landsat8",
LT0976,120514.553972252,5540660.094192241,-73.4579084578766,-40.1986049505981,2014,2012.0,2014.0,24_1108,55.0,66.0,31.0,5.430769230769231,0.3668421052631579,"{""2012"": 12, ""2013"": 28, ""2014"": 26}",3.0,5.0,5.0,"landsat7,landsat8",
LT0991,121318.85709897864,5543754.236034359,-73.4466683586919,-40.1711755283678,2012,2010.0,2012.0,24_1109,44.0,55.0,24.0,6.7407407407407405,0.3930275229357798,"{""2010"": 15, ""2011"": 27, ""2012"": 13}",3.0,5.0,5.0,"landsat5,landsat7",
LT0983,118380.76549031732,5542550.388177115,-73.481782295822,-40.1806594004159,2013,2011.0,2013.0,24_1109,53.0,61.0,28.0,6.0,0.4119083969465649,"{""2011"": 22, ""2012"": 12, ""2013"": 27}",3.0,5.0,5.0,"landsat5,landsat7,landsat8",
LT0984,121385.78603081136,5542765.966489717,-73.4464652045199,-40.1800826701856,2013,2011.0,2013.0,24_1109,46.0,61.0,28.0,6.0,0.3722137404580152,"{""2011"": 22, ""2012"": 13, ""2013"": 26}",3.0,5.0,5.0,"landsat5,landsat7,landsat8",
LT0981,120326.6188225607,5542515.542419082,-73.4590161011335,-40.1818540390465,2014,2012.0,2014.0,24_1109,59.0,69.0,32.0,5.191176470588236,0.3857894736842105,"{""2012"": 12, ""2013"": 30, ""2014"": 27}",3.0,5.0,5.0,"landsat7,landsat8",
LT0982,119375.7538943715,5542592.683336919,-73.4701057231972,-40.1807308811525,2014,2012.0,2014.0,24_1109,57.0,67.0,32.0,5.348484848484849,0.38,"{""2012"": 11, ""2013"": 31, ""2014"": 25}",3.0,5.0,5.0,"landsat7,landsat8",
LT0997,122227.97547933472,5544782.489193705,-73.4354209062284,-40.1623484106061,2014,2012.0,2014.0,24_1109,60.0,73.0,32.0,4.888888888888889,0.4018421052631579,"{""2012"": 13, ""2013"": 31, ""2014"": 29}",3.0,5.0,5.0,"landsat7,landsat8",
LT0999,118178.0861537453,5545499.121013241,-73.4824096571698,-40.1540820552778,2014,2012.0,2014.0,24_1109,61.0,67.0,29.0,5.348484848484849,0.3986842105263158,"{""2012"": 14, ""2013"": 27, ""2014"": 26}",3.0,5.0,5.0,"landsat7,landsat8",
LT0998,120246.99758548503,5544684.505994434,-73.4586708493126,-40.1623359899085,2017,2015.0,2017.0,24_1109,84.0,91.0,28.0,4.011111111111111,0.4133990147783251,"{""2015"": 30, ""2016"": 34, ""2017"": 27}",3.0,5.0,5.0,"landsat7,landsat8",
LT1008,118920.44052443246,5549616.053475868,-73.4712906849968,-40.1174401320066,2013,2011.0,2013.0,24_1110,56.0,67.0,22.0,5.454545454545454,0.4216793893129771,"{""2011"": 25, ""2012"": 15, ""2013"": 27}",3.0,5.0,5.0,"landsat5,landsat7,landsat8",
LT1005,122015.42405532276,5547833.804125438,-73.4361224121487,-40.1348444088929,2014,2012.0,2014.0,24_1110,60.0,72.0,29.0,4.957746478873239,0.3968421052631579,"{""2012"": 14, ""2013"": 30, ""2014"": 28}",3.0,5.0,5.0,"landsat7,landsat8",
LT1040,122157.81544568232,5560877.069646714,-73.4268476790052,-40.0177446574687,2013,2011.0,2013.0,24_1112,58.0,69.0,28.0,5.294117647058823,0.4488549618320611,"{""2011"": 24, ""2012"": 11, ""2013"": 34}",3.0,5.0,5.0,"landsat5,landsat7,landsat8",
LT1041,119115.08802253328,5560729.903088664,-73.4624813073647,-40.0177004800086,2013,2011.0,2013.0,24_1112,61.0,66.0,24.0,5.538461538461538,0.4604580152671755,"{""2011"": 21, ""2012"": 16, ""2013"": 29}",3.0,5.0,5.0,"landsat5,landsat7,landsat8",
LT1046,122093.34366715234,5561906.647914676,-73.4270021369887,-40.0084672918739,2013,2011.0,2013.0,24_1112,64.0,71.0,28.0,5.142857142857143,0.469618320610687,"{""2011"": 23, ""2012"": 14, ""2013"": 34}",3.0,5.0,5.0,"landsat5,landsat7,landsat8",
LT1058,120891.11626465803,5564787.810452629,-73.4393664157594,-39.9820482755099,2012,2010.0,2012.0,24_1113,43.0,52.0,34.0,7.137254901960785,0.4047706422018348,"{""2010"": 19, ""2011"": 18, ""2012"": 15}",3.0,5.0,5.0,"landsat5,landsat7",
LT1049,121031.90611767466,5562834.826076586,-73.4388601512018,-39.9996544976095,2013,2011.0,2013.0,24_1113,57.0,65.0,28.0,5.578125,0.4326717557251908,"{""2011"": 19, ""2012"": 16, ""2013"": 30}",3.0,5.0,5.0,"landsat5,landsat7,landsat8",
LT1052,119963.02260864504,5563739.438648663,-73.4508158205973,-39.9910489772049,2013,2011.0,2013.0,24_1113,67.0,76.0,42.0,4.8,0.4961832061068702,"{""2011"": 26, ""2012"": 17, ""2013"": 33}",3.0,5.0,5.0,"landsat5,landsat7,landsat8",
LT1066,119750.0507131816,5566718.525063606,-73.4515627639132,-39.9641933567535,2013,2011.0,2013.0,24_1113,63.0,70.0,42.0,5.217391304347826,0.4595419847328244,"{""2011"": 22, ""2012"": 16, ""2013"": 32}",3.0,5.0,5.0,"landsat5,landsat7,landsat8",
LT1071,119684.20488292568,5567724.952070266,-73.451743961398,-39.9551234295402,2016,2014.0,2016.0,24_1114,87.0,98.0,21.0,3.7216494845360826,0.4366336633663366,"{""2014"": 27, ""2015"": 37, ""2016"": 34}",3.0,5.0,5.0,"landsat7,landsat8",
LT1382,120214.76516110428,5725392.348583283,-73.3568348692451,-38.5388236831389,2013,2011.0,2013.0,24_1145,70.0,79.0,20.0,4.653846153846154,0.4703448275862069,"{""2011"": 21, ""2012"": 18, ""2013"": 40}",3.0,5.0,5.0,"landsat5,landsat7,landsat8",
LT1423,121153.48199743417,5742497.594310753,-73.3368629171433,-38.3855113675366,2013,2011.0,2013.0,24_1148,59.0,78.0,17.0,4.64935064935065,0.439136690647482,"{""2011"": 25, ""2012"": 16, ""2013"": 37}",3.0,5.0,5.0,"landsat5,landsat7,landsat8",
LT1418,119319.89298905215,5739309.90099922,-73.3595202861092,-38.413378656932,2016,2014.0,2016.0,24_1148,90.0,112.0,19.0,3.2612612612612613,0.527191011235955,"{""2014"": 37, ""2015"": 37, ""2016"": 38}",3.0,5.0,5.0,"landsat7,landsat8",
LT1424,122149.90812958038,5742546.479934759,-73.3254601871879,-38.3854931792953,2013,2011.0,2013.0,24_1149,71.0,82.0,19.0,4.45679012345679,0.4892307692307692,"{""2011"": 23, ""2012"": 17, ""2013"": 42}",3.0,5.0,5.0,"landsat5,landsat7,landsat8",
LT1426,121100.45192234764,5743480.709671753,-73.3369398347203,-38.3766542181466,2013,2011.0,2013.0,24_1149,57.0,77.0,17.0,4.7368421052631575,0.4097902097902098,"{""2011"": 27, ""2012"": 16, ""2013"": 34}",3.0,5.0,5.0,"landsat5,landsat7,landsat8",
LT1504,119689.1067012028,5780523.101370904,-73.3332315727824,-38.0431696499804,2013,2011.0,2013.0,24_1156,37.0,43.0,35.0,8.428571428571429,0.5172602739726028,"{""2011"": 9, ""2012"": 10, ""2013"": 24}",3.0,5.0,5.0,"landsat5,landsat7,landsat8",
LT1514,121504.73941140872,5783656.317613309,-73.3109448851693,-38.0157707099473,2012,2010.0,2012.0,24_1157,22.0,32.0,48.0,11.35483870967742,0.37875,"{""2010"": 8, ""2011"": 12, ""2012"": 12}",3.0,5.0,5.0,"landsat5,landsat7",
LT1598,118959.81677530736,5822603.982664388,-73.3193543068752,-37.6646686788536,2017,2015.0,2017.0,24_1165,70.0,74.0,21.0,4.931506849315069,0.5926050420168067,"{""2015"": 28, ""2016"": 27, ""2017"": 19}",3.0,5.0,5.0,"landsat7,landsat8",
LT1610,121298.53691009391,5832794.389934746,-73.2876385943398,-37.5740428407299,2014,2012.0,2014.0,24_1167,62.0,65.0,27.0,5.65625,0.6604347826086957,"{""2012"": 10, ""2013"": 27, ""2014"": 28}",3.0,5.0,5.0,"landsat7,landsat8",
LT0110,118392.43264522782,4325000.875114686,-74.4517258304608,-51.099151930822,2017,2015.0,2017.0,24_865,15.0,18.0,99.0,20.352941176470587,0.11392,"{""2015"": 5, ""2016"": 9, ""2017"": 4}",3.0,5.0,5.0,"landsat7,landsat8",
LT0203,119851.08248928316,4812563.825605812,-73.9758444472587,-46.7321690982067,2016,2014.0,2016.0,24_963,46.0,49.0,45.0,7.166666666666667,0.25,"{""2014"": 10, ""2015"": 15, ""2016"": 24}",3.0,5.0,5.0,"landsat7,landsat8",
LT0204,118786.04601852276,4813471.943317456,-73.988978452593,-46.7234216106187,2016,2014.0,2016.0,24_963,45.0,49.0,45.0,7.166666666666667,0.2518181818181818,"{""2014"": 11, ""2015"": 15, ""2016"": 23}",3.0,5.0,5.0,"landsat7,landsat8",
LT0255,121828.20099502103,4878962.4659265,-73.8963159859855,-46.1379329045692,2018,2016.0,2018.0,24_976,33.0,43.0,53.0,8.071428571428571,0.2195,"{""2016"": 18, ""2017"": 14, ""2018"": 11}",3.0,5.0,5.0,"landsat7,landsat8",
LT0262,122448.98603743291,4884085.350374405,-73.8842380744564,-46.0923374954164,2018,2016.0,2018.0,24_977,44.0,47.0,47.0,7.5,0.26275,"{""2016"": 23, ""2017"": 13, ""2018"": 11}",3.0,5.0,5.0,"landsat7,landsat8",
LT0277,120685.10326044122,4893956.103259619,-73.8991217692772,-46.0028475681834,2018,2016.0,2018.0,24_979,43.0,53.0,44.0,6.615384615384615,0.2735,"{""2016"": 26, ""2017"": 14, ""2018"": 13}",3.0,5.0,5.0,"landsat7,landsat8",
LT0296,121095.93870606663,4915037.853126781,-73.8772087332836,-45.8140190140083,2014,2012.0,2014.0,24_983,32.0,38.0,48.0,9.297297297297296,0.252,"{""2012"": 7, ""2013"": 15, ""2014"": 16}",3.0,5.0,5.0,"landsat7,landsat8",
LT0327,120718.68361527042,4934134.181933444,-73.8671141760104,-45.6425528161487,2018,2016.0,2018.0,24_987,43.0,57.0,43.0,6.428571428571429,0.27575,"{""2016"": 24, ""2017"": 12, ""2018"": 21}",3.0,5.0,5.0,"landsat7,landsat8",
LT0333,120458.39155472151,4937173.324476542,-73.8680764859732,-45.6151544094677,2018,2016.0,2018.0,24_987,34.0,45.0,43.0,7.931818181818182,0.218,"{""2016"": 22, ""2017"": 9, ""2018"": 14}",3.0,5.0,5.0,"landsat7,landsat8",
LT0336,121081.61768147165,4942228.454282861,-73.8561907566987,-45.570156906269,2012,2010.0,2012.0,24_988,26.0,32.0,77.0,11.35483870967742,0.2649462365591398,"{""2010"": 13, ""2011"": 14, ""2012"": 5}",3.0,5.0,5.0,"landsat5,landsat7",
LT0348,122184.1503790762,4954379.748628854,-73.8327513914361,-45.4617710663237,2014,2012.0,2014.0,24_991,50.0,53.0,32.0,6.865384615384615,0.3245333333333333,"{""2012"": 10, ""2013"": 22, ""2014"": 21}",3.0,5.0,5.0,"landsat7,landsat8",
LT0355,119590.8267007359,4962218.4680565465,-73.8597527939151,-45.3900606206935,2014,2012.0,2014.0,24_992,31.0,42.0,29.0,8.707317073170731,0.2090666666666666,"{""2012"": 11, ""2013"": 14, ""2014"": 17}",3.0,5.0,5.0,"landsat7,landsat8",
LT0357,121475.89007316164,4963364.858343379,-73.8348787364186,-45.3807992276837,2014,2012.0,2014.0,24_993,39.0,44.0,23.0,8.116279069767442,0.2498666666666666,"{""2012"": 11, ""2013"": 16, ""2014"": 17}",3.0,5.0,5.0,"landsat7,landsat8",
LT0373,118212.92782707803,4967080.652674183,-73.873536321166,-45.3457036596146,2014,2012.0,2014.0,24_993,42.0,53.0,27.0,6.711538461538462,0.2885333333333333,"{""2012"": 15, ""2013"": 19, ""2014"": 19}",3.0,5.0,5.0,"landsat7,landsat8",
LT0491,127081.87964001298,5064224.622039503,-73.6891410448495,-44.4789534082702,2014,2012.0,2014.0,25_1013,46.0,50.0,36.0,7.26530612244898,0.2903896103896103,"{""2012"": 11, ""2013"": 16, ""2014"": 23}",3.0,5.0,5.0,"landsat7,landsat8",
LT0525,126566.41507388174,5112381.382358881,-73.6612554151871,-44.0465746444585,2014,2012.0,2014.0,25_1022,47.0,53.0,31.0,6.711538461538462,0.2935849056603773,"{""2012"": 8, ""2013"": 24, ""2014"": 21}",3.0,5.0,5.0,"landsat7,landsat8",
LT0605,124329.88919897204,5254820.289303626,-73.5912820261036,-42.7670606473487,2012,2010.0,2012.0,25_1051,25.0,28.0,64.0,13.333333333333334,0.5240816326530612,"{""2010"": 6, ""2011"": 15, ""2012"": 7}",3.0,5.0,5.0,"landsat5,landsat7",
LT0643,123286.86232582763,5311981.524079008,-73.5664038094055,-42.2534138599085,2012,2010.0,2012.0,25_1062,30.0,31.0,42.0,12.0,0.5057627118644068,"{""2010"": 6, ""2011"": 15, ""2012"": 10}",3.0,5.0,5.0,"landsat5,landsat7",
LT0646,124219.53370597427,5313021.30107739,-73.5544599285008,-42.2445281039783,2012,2010.0,2012.0,25_1063,31.0,31.0,42.0,12.0,0.5254237288135594,"{""2010"": 8, ""2011"": 14, ""2012"": 9}",3.0,5.0,5.0,"landsat5,landsat7",
LT0795,125719.90940513369,5449683.314721468,-73.4509271753255,-41.0180907543425,2019,2017.0,2019.0,25_1090,71.0,80.0,15.0,4.405063291139241,0.3262962962962963,"{""2017"": 23, ""2018"": 28, ""2019"": 29}",3.0,5.0,5.0,"landsat7,landsat8",
LT0957,126430.75100199186,5527141.378940929,-73.3964732344722,-40.3226952122553,2013,2011.0,2013.0,25_1105,58.0,67.0,27.0,5.454545454545454,0.4454961832061068,"{""2011"": 24, ""2012"": 16, ""2013"": 27}",3.0,5.0,5.0,"landsat5,landsat7,landsat8",
LT0952,125663.34902745468,5523972.423032425,-73.4073347847418,-40.3508173294672,2015,2013.0,2015.0,25_1105,80.0,92.0,27.0,3.967032967032967,0.4452459016393442,"{""2013"": 29, ""2014"": 27, ""2015"": 36}",3.0,5.0,5.0,"landsat7,landsat8",
LT0979,124443.01238377223,5541957.17613743,-73.4111334766869,-40.1887201027438,2012,2010.0,2012.0,25_1108,47.0,60.0,23.0,6.169491525423729,0.4377981651376146,"{""2010"": 18, ""2011"": 24, ""2012"": 18}",3.0,5.0,5.0,"landsat5,landsat7",
LT0971,125901.09224406468,5538008.662430942,-73.3963506315398,-40.2248400493095,2013,2011.0,2013.0,25_1108,61.0,68.0,29.0,5.373134328358209,0.4561832061068702,"{""2011"": 25, ""2012"": 16, ""2013"": 27}",3.0,5.0,5.0,"landsat5,landsat7,landsat8",
LT1009,123839.9869602734,5550955.633544042,-73.412952075847,-40.1076191720244,2013,2011.0,2013.0,25_1110,59.0,69.0,28.0,5.294117647058823,0.4454961832061068,"{""2011"": 27, ""2012"": 11, ""2013"": 31}",3.0,5.0,5.0,"landsat5,landsat7,landsat8",
LT1016,123696.51629543048,5552973.618418548,-73.4134568592492,-40.0894278005597,2013,2011.0,2013.0,25_1111,54.0,65.0,28.0,5.625,0.4116030534351145,"{""2011"": 23, ""2012"": 12, ""2013"": 30}",3.0,5.0,5.0,"landsat5,landsat7,landsat8",
LT1017,122633.14382658916,5553884.470076215,-73.4253626005892,-40.0807704014683,2013,2011.0,2013.0,25_1111,52.0,62.0,24.0,5.901639344262295,0.4012213740458015,"{""2011"": 20, ""2012"": 12, ""2013"": 30}",3.0,5.0,5.0,"landsat5,landsat7,landsat8",
LT1025,126545.61959334638,5555136.614042885,-73.3788865028221,-40.071264264268,2015,2013.0,2015.0,25_1111,84.0,96.0,21.0,3.8,0.4511475409836065,"{""2013"": 31, ""2014"": 30, ""2015"": 35}",3.0,5.0,5.0,"landsat7,landsat8",
LT1035,127366.89051914198,5558209.396019557,-73.3675171729175,-40.0440232846084,2013,2011.0,2013.0,25_1112,59.0,70.0,28.0,5.217391304347826,0.4580152671755725,"{""2011"": 22, ""2012"": 13, ""2013"": 35}",3.0,5.0,5.0,"landsat5,landsat7,landsat8",
LT1038,125292.66577438806,5559078.107286879,-73.3912596746093,-40.0353012800088,2013,2011.0,2013.0,25_1112,54.0,67.0,28.0,5.454545454545454,0.4143511450381679,"{""2011"": 22, ""2012"": 14, ""2013"": 31}",3.0,5.0,5.0,"landsat5,landsat7,landsat8",
LT1039,125232.53200231813,5560072.805937306,-73.3913882362076,-40.0263389764961,2013,2011.0,2013.0,25_1112,59.0,69.0,28.0,5.294117647058823,0.4454961832061068,"{""2011"": 22, ""2012"": 14, ""2013"": 33}",3.0,5.0,5.0,"landsat5,landsat7,landsat8",
LT1042,124103.42305103636,5561007.395123085,-73.4040410003064,-40.0174417488406,2013,2011.0,2013.0,25_1112,50.0,62.0,28.0,5.901639344262295,0.3890076335877863,"{""2011"": 22, ""2012"": 11, ""2013"": 29}",3.0,5.0,5.0,"landsat5,landsat7,landsat8",
LT1043,126148.10752285544,5561141.394513155,-73.3800744112982,-40.0171451643266,2013,2011.0,2013.0,25_1112,57.0,66.0,28.0,5.492307692307692,0.4293129770992366,"{""2011"": 22, ""2012"": 14, ""2013"": 30}",3.0,5.0,5.0,"landsat5,landsat7,landsat8",
LT1044,123082.67030130788,5561898.130050885,-73.415450090479,-40.0089855735362,2013,2011.0,2013.0,25_1112,58.0,66.0,28.0,5.538461538461538,0.4409160305343511,"{""2011"": 25, ""2012"": 12, ""2013"": 29}",3.0,5.0,5.0,"landsat5,landsat7,landsat8",
LT1047,125094.97775156503,5562066.056837183,-73.3918453008822,-40.0083720594677,2013,2011.0,2013.0,25_1112,57.0,69.0,28.0,5.294117647058823,0.4479389312977099,"{""2011"": 21, ""2012"": 15, ""2013"": 33}",3.0,5.0,5.0,"landsat5,landsat7,landsat8",
LT1050,125082.85634030956,5563048.939984098,-73.3914200579077,-39.9995371668655,2013,2011.0,2013.0,25_1113,58.0,69.0,22.0,5.294117647058823,0.4433587786259542,"{""2011"": 20, ""2012"": 15, ""2013"": 34}",3.0,5.0,5.0,"landsat5,landsat7,landsat8",
LT1054,125961.6487687974,5564097.947332496,-73.3805518509466,-39.9905027294255,2013,2011.0,2013.0,25_1113,60.0,69.0,28.0,5.25,0.4509923664122137,"{""2011"": 20, ""2012"": 16, ""2013"": 33}",3.0,5.0,5.0,"landsat5,landsat7,landsat8",
LT1056,122911.90588414646,5564071.886026773,-73.4161843407982,-39.9893825865433,2013,2011.0,2013.0,25_1113,56.0,69.0,22.0,5.294117647058823,0.4384732824427481,"{""2011"": 24, ""2012"": 14, ""2013"": 31}",3.0,5.0,5.0,"landsat5,landsat7,landsat8",
LT1067,122763.4333885049,5566972.898118886,-73.4162372015824,-39.9632565363747,2013,2011.0,2013.0,25_1113,60.0,72.0,22.0,5.070422535211268,0.4543511450381679,"{""2011"": 24, ""2012"": 17, ""2013"": 31}",3.0,5.0,5.0,"landsat5,landsat7,landsat8",
LT1124,126204.81618149824,5590255.932096355,-73.362768999994,-39.7556136325333,2012,2010.0,2012.0,25_1118,53.0,61.0,29.0,6.066666666666666,0.4270967741935484,"{""2010"": 20, ""2011"": 23, ""2012"": 18}",3.0,5.0,5.0,"landsat5,landsat7",
LT1289,126504.89710768564,5677760.971771856,-73.3105808371765,-38.9695161479969,2013,2011.0,2013.0,25_1136,67.0,74.0,46.0,4.904109589041096,0.455,"{""2011"": 20, ""2012"": 23, ""2013"": 31}",3.0,5.0,5.0,"landsat5,landsat7,landsat8",
LT1361,122552.46366344212,5720542.100905412,-73.3327093438981,-38.5834032463818,2016,2014.0,2016.0,25_1144,100.0,115.0,13.0,3.1666666666666665,0.4459911894273127,"{""2014"": 35, ""2015"": 38, ""2016"": 42}",3.0,5.0,5.0,"landsat7,landsat8",
LT1391,124177.70838164794,5727578.445088726,-73.3103181503739,-38.5208599504954,2013,2011.0,2013.0,25_1146,56.0,68.0,28.0,5.417910447761194,0.3842758620689655,"{""2011"": 21, ""2012"": 13, ""2013"": 34}",3.0,5.0,5.0,"landsat5,landsat7,landsat8",
LT1401,124000.9732881792,5729622.288175976,-73.3112423230931,-38.5024182987562,2013,2011.0,2013.0,25_1146,61.0,74.0,23.0,4.972602739726027,0.4256551724137931,"{""2011"": 21, ""2012"": 16, ""2013"": 37}",3.0,5.0,5.0,"landsat5,landsat7,landsat8",
LT1392,126103.49026356707,5727764.54824461,-73.2881893620259,-38.5199977967718,2016,2014.0,2016.0,25_1146,94.0,113.0,21.0,3.2232142857142856,0.4230837004405286,"{""2014"": 36, ""2015"": 37, ""2016"": 40}",3.0,5.0,5.0,"landsat7,landsat8",
LT1509,126618.0819498169,5781929.636504192,-73.253753129811,-38.0334093443007,2012,2010.0,2012.0,25_1156,32.0,38.0,48.0,9.675675675675675,0.2560655737704918,"{""2010"": 12, ""2011"": 13, ""2012"": 13}",3.0,5.0,5.0,"landsat5,landsat7",
LT1576,123888.3012181829,5808852.732129913,-73.2707346546306,-37.790299821989,2017,2015.0,2017.0,25_1162,68.0,70.0,21.0,5.217391304347826,0.5546218487394958,"{""2015"": 26, ""2016"": 27, ""2017"": 17}",3.0,5.0,5.0,"landsat7,landsat8",
LT1589,123379.64868890418,5815924.002060509,-73.272831547097,-37.72653296454,2014,2012.0,2014.0,25_1163,56.0,61.0,27.0,5.95,0.6055913978494624,"{""2012"": 10, ""2013"": 25, ""2014"": 26}",3.0,5.0,5.0,"landsat7,landsat8",
LT1701,125766.60364889464,5921372.998608273,-73.1928578316973,-36.7795719046781,2014,2012.0,2014.0,25_1184,65.0,66.0,19.0,5.569230769230769,0.6770833333333334,"{""2012"": 12, ""2013"": 24, ""2014"": 30}",3.0,5.0,5.0,"landsat7,landsat8",
LT0121,125547.03138187276,4358832.065973095,-74.3152314434174,-50.8009533656526,2013,2011.0,2013.0,25_872,5.0,10.0,107.0,34.55555555555556,0.0734117647058823,"{""2011"": 4, ""2012"": 3, ""2013"": 3}",3.0,5.0,5.0,"landsat5,landsat7,landsat8",
LT0202,123917.9658944102,4811825.05588582,-73.9234182085745,-46.7410920956995,2016,2014.0,2016.0,25_962,39.0,45.0,46.0,7.340909090909091,0.2236363636363636,"{""2014"": 10, ""2015"": 14, ""2016"": 21}",3.0,5.0,5.0,"landsat7,landsat8",
LT0213,125777.46209063823,4827050.6445387,-73.8868144165761,-46.6056162118157,2013,2011.0,2013.0,25_965,32.0,40.0,44.0,9.102564102564102,0.2894736842105263,"{""2011"": 13, ""2012"": 9, ""2013"": 18}",3.0,5.0,5.0,"landsat5,landsat7,landsat8",
LT0212,123771.931318008,4826924.71656898,-73.9130082429756,-46.6056251237672,2016,2014.0,2016.0,25_965,41.0,45.0,54.0,8.090909090909092,0.2295454545454545,"{""2014"": 13, ""2015"": 10, ""2016"": 22}",3.0,5.0,5.0,"landsat7,landsat8",
LT0223,126445.54873397476,4844183.64451595,-73.8643548247158,-46.4523572489877,2016,2014.0,2016.0,25_969,36.0,38.0,42.0,9.27027027027027,0.1924571428571428,"{""2014"": 9, ""2015"": 12, ""2016"": 17}",3.0,5.0,5.0,"landsat7,landsat8",
LT0257,126702.401400936,4879449.065129047,-73.8330545523275,-46.136251504036,2018,2016.0,2018.0,25_976,34.0,42.0,53.0,8.24390243902439,0.2135,"{""2016"": 20, ""2017"": 10, ""2018"": 12}",3.0,5.0,5.0,"landsat7,landsat8",
LT0282,125086.28424866567,4902358.598655313,-73.8359065637572,-45.9299114144666,2013,2011.0,2013.0,25_980,24.0,34.0,54.0,10.666666666666666,0.2221428571428571,"{""2011"": 12, ""2012"": 7, ""2013"": 15}",3.0,5.0,5.0,"landsat5,landsat7,landsat8",
LT0283,127081.16492411873,4902518.159312911,-73.8101431414101,-45.9295650320735,2013,2011.0,2013.0,25_981,32.0,34.0,46.0,10.515151515151516,0.2807142857142857,"{""2011"": 14, ""2012"": 6, ""2013"": 14}",3.0,5.0,5.0,"landsat5,landsat7,landsat8",
LT0298,125121.78634348058,4915426.404022156,-73.8252734822055,-45.8127317498862,2014,2012.0,2014.0,25_983,30.0,36.0,46.0,9.82857142857143,0.2264615384615384,"{""2012"": 7, ""2013"": 17, ""2014"": 12}",3.0,5.0,5.0,"landsat7,landsat8",
LT0334,126441.15049117256,4937612.2879238175,-73.7912769666477,-45.6144575508767,2018,2016.0,2018.0,25_988,46.0,55.0,39.0,6.462962962962963,0.29775,"{""2016"": 23, ""2017"": 17, ""2018"": 15}",3.0,5.0,5.0,"landsat7,landsat8",
LT0335,127378.900551977,4938688.081194248,-73.7784702139413,-45.6053113079821,2018,2016.0,2018.0,25_988,54.0,59.0,39.0,6.017241379310345,0.3295,"{""2016"": 24, ""2017"": 18, ""2018"": 17}",3.0,5.0,5.0,"landsat7,landsat8",
LT0339,122907.63326836324,4944373.306607025,-73.8312197698659,-45.5519109728507,2012,2010.0,2012.0,25_989,33.0,37.0,89.0,9.77777777777778,0.3518279569892473,"{""2010"": 10, ""2011"": 18, ""2012"": 9}",3.0,5.0,5.0,"landsat5,landsat7",
LT0385,123388.65388135264,4978576.2139826985,-73.7989772147494,-45.2453875602176,2014,2012.0,2014.0,25_996,42.0,53.0,25.0,6.788461538461538,0.2649056603773584,"{""2012"": 12, ""2013"": 18, ""2014"": 23}",3.0,5.0,5.0,"landsat7,landsat8",
LT0492,132084.70097397227,5064584.643565452,-73.6261842208668,-44.4782854031628,2014,2012.0,2014.0,26_1013,50.0,56.0,27.0,6.472727272727273,0.3181818181818182,"{""2012"": 11, ""2013"": 20, ""2014"": 25}",3.0,5.0,5.0,"landsat7,landsat8",
LT0522,127890.21308534732,5108459.10838575,-73.6475444331763,-44.0824444351002,2012,2010.0,2012.0,26_1022,39.0,46.0,35.0,8.0,0.3854901960784314,"{""2010"": 12, ""2011"": 21, ""2012"": 13}",3.0,5.0,5.0,"landsat5,landsat7",
LT0571,129041.13080368022,5216999.156727758,-73.5589115000664,-43.1088650239628,2016,2014.0,2016.0,26_1043,47.0,49.0,51.0,7.4375,0.4462745098039216,"{""2014"": 12, ""2015"": 21, ""2016"": 16}",3.0,5.0,5.0,"landsat7,landsat8",
LT0602,128541.6448765645,5252052.1240512775,-73.5417859948071,-42.7939609039167,2015,2013.0,2015.0,26_1050,42.0,43.0,29.0,8.333333333333334,0.4533333333333333,"{""2013"": 15, ""2014"": 12, ""2015"": 16}",3.0,5.0,5.0,"landsat7,landsat8",
LT0656,129028.39149155228,5330463.638593125,-73.4852518086458,-42.0902160983348,2019,2017.0,2019.0,26_1066,42.0,44.0,27.0,7.372093023255814,0.3867889908256881,"{""2017"": 15, ""2018"": 15, ""2019"": 14}",3.0,5.0,5.0,"landsat7,landsat8",
LT0762,129386.32220881165,5424863.560647853,-73.4224234096072,-41.2426770913505,2017,2015.0,2017.0,26_1085,40.0,48.0,30.0,7.659574468085107,0.36,"{""2015"": 18, ""2016"": 18, ""2017"": 12}",3.0,5.0,5.0,"landsat7,landsat8",
LT0911,130540.3512264957,5511248.031940093,-73.3574524846725,-40.4672939467766,2012,2010.0,2012.0,26_1102,39.0,51.0,37.0,7.28,0.3651376146788991,"{""2010"": 16, ""2011"": 21, ""2012"": 14}",3.0,5.0,5.0,"landsat5,landsat7",
LT0956,131485.07765286567,5527328.116833676,-73.3370446921758,-40.3232613105961,2018,2016.0,2018.0,26_1105,75.0,89.0,19.0,3.977272727272727,0.3609478672985782,"{""2016"": 35, ""2017"": 27, ""2018"": 27}",3.0,5.0,5.0,"landsat7,landsat8",
LT0974,131605.32494043442,5539357.913209422,-73.3287248898391,-40.2152436428374,2013,2011.0,2013.0,26_1108,47.0,56.0,36.0,6.545454545454546,0.3557251908396946,"{""2011"": 19, ""2012"": 14, ""2013"": 23}",3.0,5.0,5.0,"landsat5,landsat7,landsat8",
LT0987,132350.17079161172,5543460.364085867,-73.3176536124753,-40.1787145331469,2013,2011.0,2013.0,26_1109,52.0,62.0,27.0,5.901639344262295,0.3963358778625954,"{""2011"": 20, ""2012"": 15, ""2013"": 27}",3.0,5.0,5.0,"landsat5,landsat7,landsat8",
LT1001,130155.34008503704,5546331.950789073,-73.3417127872131,-40.1519539418936,2013,2011.0,2013.0,26_1109,49.0,55.0,36.0,6.666666666666667,0.372824427480916,"{""2011"": 19, ""2012"": 13, ""2013"": 23}",3.0,5.0,5.0,"landsat5,landsat7,landsat8",
LT0985,128361.92903465638,5543229.408650547,-73.3644966259291,-40.1790345649685,2015,2013.0,2015.0,26_1109,75.0,90.0,20.0,4.056179775280899,0.4153005464480874,"{""2013"": 30, ""2014"": 26, ""2015"": 34}",3.0,5.0,5.0,"landsat7,landsat8",
LT1029,128462.74437351368,5556221.723581284,-73.3558469133829,-40.0623628704714,2013,2011.0,2013.0,26_1111,60.0,67.0,28.0,5.454545454545454,0.4503816793893129,"{""2011"": 26, ""2012"": 14, ""2013"": 27}",3.0,5.0,5.0,"landsat5,landsat7,landsat8",
LT1030,127512.1813273438,5556236.798527642,-73.3669519813703,-40.0618082586506,2013,2011.0,2013.0,26_1111,61.0,68.0,28.0,5.373134328358209,0.4653435114503816,"{""2011"": 22, ""2012"": 14, ""2013"": 32}",3.0,5.0,5.0,"landsat5,landsat7,landsat8",
LT1032,128417.60527412646,5557246.504636586,-73.3557873315042,-40.0531367388992,2013,2011.0,2013.0,26_1111,58.0,71.0,28.0,5.142857142857143,0.4604580152671755,"{""2011"": 25, ""2012"": 16, ""2013"": 30}",3.0,5.0,5.0,"landsat5,landsat7,landsat8",
LT1036,128350.48434686263,5558284.857274189,-73.3559770428422,-40.0437789958776,2013,2011.0,2013.0,26_1112,57.0,64.0,28.0,5.714285714285714,0.4406106870229007,"{""2011"": 23, ""2012"": 14, ""2013"": 27}",3.0,5.0,5.0,"landsat5,landsat7,landsat8",
LT1051,128018.37195812196,5563279.128449893,-73.3569987347473,-39.9987659032807,2013,2011.0,2013.0,26_1113,58.0,66.0,28.0,5.538461538461538,0.4427480916030534,"{""2011"": 23, ""2012"": 13, ""2013"": 30}",3.0,5.0,5.0,"landsat5,landsat7,landsat8",
LT1137,128853.98661962616,5595441.207992883,-73.3290118030627,-39.7101840044928,2012,2010.0,2012.0,26_1119,52.0,57.0,21.0,6.5,0.3951612903225806,"{""2010"": 20, ""2011"": 20, ""2012"": 17}",3.0,5.0,5.0,"landsat5,landsat7",
LT1133,129057.95800500904,5593492.669519087,-73.3277352421672,-39.7277792499391,2013,2011.0,2013.0,26_1119,54.0,61.0,28.0,6.0,0.3602684563758389,"{""2011"": 22, ""2012"": 15, ""2013"": 24}",3.0,5.0,5.0,"landsat5,landsat7,landsat8",
LT1140,129869.98605716995,5596484.922020324,-73.3166074756405,-39.70124750328,2017,2015.0,2017.0,26_1119,83.0,96.0,26.0,3.8,0.3855707762557077,"{""2015"": 34, ""2016"": 35, ""2017"": 27}",3.0,5.0,5.0,"landsat7,landsat8",
LT1149,131335.96978820732,5602616.202589854,-73.29613550368,-39.6467923201661,2012,2010.0,2012.0,26_1121,43.0,54.0,34.0,6.867924528301887,0.3580165289256198,"{""2010"": 19, ""2011"": 17, ""2012"": 18}",3.0,5.0,5.0,"landsat5,landsat7",
LT1159,132122.5784862205,5606727.612512928,-73.2847095715125,-39.6101892015995,2012,2010.0,2012.0,26_1121,55.0,72.0,22.0,5.126760563380282,0.4786776859504132,"{""2010"": 26, ""2011"": 27, ""2012"": 19}",3.0,5.0,5.0,"landsat5,landsat7",
LT1362,131627.23325328366,5721087.949456506,-73.2285185305206,-38.5823047667971,2012,2010.0,2012.0,26_1144,48.0,60.0,55.0,6.169491525423729,0.3946031746031746,"{""2010"": 19, ""2011"": 25, ""2012"": 16}",3.0,5.0,5.0,"landsat5,landsat7",
LT1543,129652.13629690243,5797215.047282394,-73.2114052262059,-37.8972609744995,2017,2015.0,2017.0,26_1159,79.0,90.0,24.0,4.044943820224719,0.4458757062146892,"{""2015"": 30, ""2016"": 34, ""2017"": 26}",3.0,5.0,5.0,"landsat7,landsat8",
LT1596,128492.87660564504,5820810.076134016,-73.2124749534558,-37.6846993857115,2014,2012.0,2014.0,26_1164,56.0,65.0,24.0,5.65625,0.5953191489361702,"{""2012"": 11, ""2013"": 25, ""2014"": 29}",3.0,5.0,5.0,"landsat7,landsat8",
LT1606,129461.70703154994,5830429.960469026,-73.1966404473846,-37.5986160349236,2014,2012.0,2014.0,26_1166,61.0,67.0,27.0,5.484848484848484,0.6357446808510638,"{""2012"": 13, ""2013"": 25, ""2014"": 29}",3.0,5.0,5.0,"landsat7,landsat8",
LT1633,129994.9414844436,5854441.601327297,-73.1785525505747,-37.3829757351681,2014,2012.0,2014.0,26_1171,67.0,69.0,27.0,5.323529411764706,0.7178260869565217,"{""2012"": 12, ""2013"": 29, ""2014"": 28}",3.0,5.0,5.0,"landsat7,landsat8",
LT0125,131048.12466988736,4616513.443600203,-73.9948596052619,-48.4959750165584,2013,2011.0,2013.0,26_923,20.0,22.0,112.0,17.333333333333332,0.2197701149425287,"{""2011"": 6, ""2012"": 7, ""2013"": 9}",3.0,5.0,5.0,"landsat5,landsat7,landsat8",
LT0130,132257.35184593924,4626654.370381486,-73.9696541786783,-48.4057946206867,2013,2011.0,2013.0,26_925,14.0,19.0,112.0,20.05555555555556,0.1762962962962962,"{""2011"": 6, ""2012"": 6, ""2013"": 7}",3.0,5.0,5.0,"landsat5,landsat7,landsat8",
LT0208,129082.600738707,4823270.766497924,-73.8468432680616,-46.6413440902465,2013,2011.0,2013.0,26_965,28.0,34.0,63.0,10.303030303030305,0.247787610619469,"{""2011"": 13, ""2012"": 7, ""2013"": 14}",3.0,5.0,5.0,"landsat5,landsat7,landsat8",
LT0210,127849.98138052628,4826232.409434041,-73.8605076635033,-46.6141046821933,2016,2014.0,2016.0,26_965,41.0,47.0,46.0,7.739130434782608,0.2411363636363636,"{""2014"": 10, ""2015"": 13, ""2016"": 24}",3.0,5.0,5.0,"landsat7,landsat8",
LT0271,127921.1716821012,4891527.578406301,-73.8078906474049,-46.0285914110048,2013,2011.0,2013.0,26_978,26.0,33.0,61.0,10.84375,0.2532142857142857,"{""2011"": 13, ""2012"": 5, ""2013"": 15}",3.0,5.0,5.0,"landsat5,landsat7,landsat8",
LT0274,130764.15584578308,4893715.127937246,-73.7695926848608,-46.0105087230792,2013,2011.0,2013.0,26_979,20.0,29.0,45.0,12.821428571428571,0.1875,"{""2011"": 12, ""2012"": 3, ""2013"": 14}",3.0,5.0,5.0,"landsat5,landsat7,landsat8",
LT0323,129983.08901952888,4930918.705557609,-73.7510904378511,-45.6763928130085,2012,2010.0,2012.0,26_986,26.0,32.0,71.0,11.35483870967742,0.2645161290322581,"{""2010"": 10, ""2011"": 16, ""2012"": 6}",3.0,5.0,5.0,"landsat5,landsat7",
LT0379,127759.26213637048,4973884.31216112,-73.7469924031782,-45.2898005936346,2014,2012.0,2014.0,26_995,37.0,44.0,30.0,8.0,0.2512,"{""2012"": 12, ""2013"": 15, ""2014"": 17}",3.0,5.0,5.0,"landsat7,landsat8",
LT0488,133173.90609788842,5063661.565137915,-73.613186860692,-44.4871219931078,2014,2012.0,2014.0,27_1013,42.0,45.0,30.0,7.931818181818182,0.2722077922077922,"{""2012"": 10, ""2013"": 14, ""2014"": 21}",3.0,5.0,5.0,"landsat7,landsat8",
LT0697,136852.48303586664,5362083.8189983545,-73.3714422462498,-41.8099104044582,2014,2012.0,2014.0,27_1072,37.0,38.0,26.0,9.35135135135135,0.4956756756756756,"{""2012"": 10, ""2013"": 17, ""2014"": 11}",3.0,5.0,5.0,"landsat7,landsat8",
LT0709,133832.24725002598,5376886.42602844,-73.3985960362845,-41.6755885448535,2012,2010.0,2012.0,27_1075,26.0,28.0,42.0,13.333333333333334,0.447457627118644,"{""2010"": 8, ""2011"": 10, ""2012"": 10}",3.0,5.0,5.0,"landsat5,landsat7",
LT0713,137397.23033190134,5382262.785432346,-73.352633203281,-41.6289321732584,2013,2011.0,2013.0,27_1076,36.0,36.0,45.0,10.285714285714286,0.5264705882352941,"{""2011"": 12, ""2012"": 10, ""2013"": 14}",3.0,5.0,5.0,"landsat5,landsat7,landsat8",
LT0718,135661.90136636118,5393122.713388738,-73.3668175001209,-41.5306082948436,2017,2015.0,2017.0,27_1079,40.0,42.0,35.0,8.24390243902439,0.3550442477876106,"{""2015"": 14, ""2016"": 17, ""2017"": 11}",3.0,5.0,5.0,"landsat7,landsat8",
LT0882,136433.39413289662,5498605.466548393,-73.2953938263944,-40.5834677498251,2015,2013.0,2015.0,27_1100,66.0,75.0,24.0,4.824324324324325,0.428235294117647,"{""2013"": 23, ""2014"": 26, ""2015"": 26}",3.0,5.0,5.0,"landsat7,landsat8",
LT0972,136705.61937950907,5538772.184710203,-73.269284600062,-40.2227300534995,2013,2011.0,2013.0,27_1108,42.0,55.0,27.0,6.666666666666667,0.336793893129771,"{""2011"": 17, ""2012"": 13, ""2013"": 25}",3.0,5.0,5.0,"landsat5,landsat7,landsat8",
LT1033,136421.3747713518,5557791.140507663,-73.2619074424893,-40.051730034651,2015,2013.0,2015.0,27_1112,78.0,88.0,30.0,4.149425287356322,0.4257923497267759,"{""2013"": 34, ""2014"": 23, ""2015"": 31}",3.0,5.0,5.0,"landsat7,landsat8",
LT1037,135358.2132520476,5558716.960552408,-73.2738167827198,-40.0429531667385,2015,2013.0,2015.0,27_1112,75.0,89.0,29.0,4.102272727272728,0.4222950819672131,"{""2013"": 31, ""2014"": 28, ""2015"": 30}",3.0,5.0,5.0,"landsat7,landsat8",
LT1055,132938.41187272314,5564560.562971233,-73.2988014675426,-39.9894034392784,2016,2014.0,2016.0,27_1113,81.0,95.0,29.0,3.8404255319148937,0.4100990099009901,"{""2014"": 27, ""2015"": 34, ""2016"": 34}",3.0,5.0,5.0,"landsat7,landsat8",
LT1118,137400.75287226372,5587997.701588966,-73.2336807455433,-39.7807396714674,2012,2010.0,2012.0,27_1118,52.0,57.0,42.0,6.214285714285714,0.3912903225806451,"{""2010"": 17, ""2011"": 24, ""2012"": 16}",3.0,5.0,5.0,"landsat5,landsat7",
LT1136,135920.27112542937,5594923.528345935,-73.2470920850179,-39.7178771611739,2013,2011.0,2013.0,27_1119,59.0,63.0,28.0,5.806451612903226,0.385234899328859,"{""2011"": 18, ""2012"": 18, ""2013"": 27}",3.0,5.0,5.0,"landsat5,landsat7,landsat8",
LT1147,137460.2919872452,5602057.909085515,-73.2252570187837,-39.6544248874342,2012,2010.0,2012.0,27_1120,54.0,66.0,22.0,5.6,0.448595041322314,"{""2010"": 24, ""2011"": 22, ""2012"": 20}",3.0,5.0,5.0,"landsat5,landsat7",
LT1154,133319.2689648607,5603753.66246288,-73.27245402938,-39.6374238282109,2012,2010.0,2012.0,27_1121,47.0,53.0,22.0,7.0,0.3781818181818182,"{""2010"": 14, ""2011"": 21, ""2012"": 18}",3.0,5.0,5.0,"landsat5,landsat7",
LT1160,135127.67898871918,5606918.680258325,-73.2496944643948,-39.609756919514,2012,2010.0,2012.0,27_1121,42.0,55.0,34.0,6.666666666666667,0.3672727272727272,"{""2010"": 18, ""2011"": 17, ""2012"": 20}",3.0,5.0,5.0,"landsat5,landsat7",
LT1163,135993.97003152518,5608985.837797725,-73.2384961950834,-39.5915503723725,2012,2010.0,2012.0,27_1122,40.0,45.0,35.0,8.181818181818182,0.3136507936507936,"{""2010"": 12, ""2011"": 17, ""2012"": 16}",3.0,5.0,5.0,"landsat5,landsat7",
LT1166,136746.01771627145,5610991.113843084,-73.2286644866893,-39.5738500994159,2013,2011.0,2013.0,27_1122,59.0,70.0,20.0,5.217391304347826,0.3897986577181208,"{""2011"": 27, ""2012"": 18, ""2013"": 25}",3.0,5.0,5.0,"landsat5,landsat7,landsat8",
LT1172,134661.4879085992,5613919.732055843,-73.2512582203417,-39.5466497783539,2012,2010.0,2012.0,27_1123,53.0,64.0,21.0,5.746031746031746,0.4078125,"{""2010"": 22, ""2011"": 25, ""2012"": 17}",3.0,5.0,5.0,"landsat5,landsat7",
LT1259,134831.61035753874,5656083.231161433,-73.2263496354158,-39.1678363614199,2013,2011.0,2013.0,27_1131,63.0,77.0,28.0,4.723684210526316,0.4438888888888889,"{""2011"": 22, ""2012"": 23, ""2013"": 32}",3.0,5.0,5.0,"landsat5,landsat7,landsat8",
LT1284,136861.61605665827,5671260.52265955,-73.1948089107788,-39.0322878253823,2013,2011.0,2013.0,27_1134,68.0,82.0,17.0,4.419753086419753,0.4772222222222222,"{""2011"": 23, ""2012"": 22, ""2013"": 37}",3.0,5.0,5.0,"landsat5,landsat7,landsat8",
LT1515,134499.04942227207,5784510.302818545,-73.1628750158153,-38.0134237966142,2014,2012.0,2014.0,27_1157,85.0,98.0,20.0,3.711340206185567,0.4397905759162304,"{""2012"": 18, ""2013"": 36, ""2014"": 44}",3.0,5.0,5.0,"landsat7,landsat8",
LT1527,134092.719898172,5790443.33302616,-73.1644706899975,-37.9599277105054,2017,2015.0,2017.0,27_1158,107.0,115.0,22.0,3.1666666666666665,0.425,"{""2015"": 41, ""2016"": 41, ""2017"": 33}",3.0,5.0,5.0,"landsat7,landsat8",
LT1548,135522.15429845126,5799597.228734806,-73.1436139762529,-37.8782142733551,2017,2015.0,2017.0,27_1160,113.0,122.0,21.0,3.0,0.4636363636363636,"{""2015"": 44, ""2016"": 43, ""2017"": 35}",3.0,5.0,5.0,"landsat7,landsat8",
LT1597,134097.21747732634,5821588.050728101,-73.1486918260238,-37.6799569652858,2013,2011.0,2013.0,27_1164,53.0,60.0,19.0,6.135593220338983,0.4829357798165137,"{""2011"": 17, ""2012"": 15, ""2013"": 28}",3.0,5.0,5.0,"landsat5,landsat7,landsat8",
LT1600,133809.60897023685,5824648.978619777,-73.1504097325032,-37.6523254505173,2013,2011.0,2013.0,27_1165,52.0,58.0,21.0,6.350877192982456,0.5926436781609196,"{""2011"": 18, ""2012"": 13, ""2013"": 27}",3.0,5.0,5.0,"landsat5,landsat7,landsat8",
LT1618,136817.4868173505,5841834.231867392,-73.1078886128996,-37.4990188996184,2013,2011.0,2013.0,27_1168,52.0,60.0,19.0,6.135593220338983,0.6875949367088607,"{""2011"": 14, ""2012"": 15, ""2013"": 31}",3.0,5.0,5.0,"landsat5,landsat7,landsat8",
LT1683,137123.23143218184,5900040.337147139,-73.0761141398379,-36.9758052339226,2019,2017.0,2019.0,27_1180,69.0,70.0,24.0,5.057971014492754,0.5623333333333334,"{""2017"": 22, ""2018"": 24, ""2019"": 24}",3.0,5.0,5.0,"landsat7,landsat8",
LT0150,135374.89528311003,4687108.626348543,-73.8759760775421,-47.8656906638059,2012,2010.0,2012.0,27_937,11.0,13.0,125.0,21.58333333333333,0.2188235294117647,"{""2010"": 3, ""2011"": 6, ""2012"": 4}",3.0,5.0,5.0,"landsat5,landsat7",
LT0155,136170.7651678443,4692253.733025197,-73.8610513190593,-47.8200156680729,2012,2010.0,2012.0,27_938,16.0,17.0,93.0,21.8125,0.3003921568627451,"{""2010"": 4, ""2011"": 6, ""2012"": 7}",3.0,5.0,5.0,"landsat5,landsat7",
LT0246,133502.69469720952,4870855.977990218,-73.7519706296748,-46.2170082421151,2016,2014.0,2016.0,27_974,40.0,42.0,54.0,8.195121951219512,0.2205714285714285,"{""2014"": 9, ""2015"": 12, ""2016"": 21}",3.0,5.0,5.0,"landsat7,landsat8",
LT0247,133337.53139637515,4872849.269236715,-73.7525589883182,-46.1990414599432,2016,2014.0,2016.0,27_975,32.0,42.0,54.0,8.439024390243903,0.1931428571428571,"{""2014"": 10, ""2015"": 10, ""2016"": 22}",3.0,5.0,5.0,"landsat7,landsat8",
LT0272,135902.28908817866,4892137.790831837,-73.7046516053636,-46.0274048006652,2013,2011.0,2013.0,27_978,23.0,31.0,44.0,11.966666666666669,0.2135714285714285,"{""2011"": 15, ""2012"": 5, ""2013"": 11}",3.0,5.0,5.0,"landsat5,landsat7,landsat8",
LT0320,133044.7764161821,4930085.102995746,-73.7125415892266,-45.6854967918891,2012,2010.0,2012.0,27_986,26.0,34.0,44.0,10.181818181818182,0.2877419354838709,"{""2010"": 9, ""2011"": 15, ""2012"": 10}",3.0,5.0,5.0,"landsat5,landsat7",
LT0701,138394.3079131677,5368255.830912624,-73.3491794286179,-41.755183771656,2014,2012.0,2014.0,28_1074,34.0,35.0,27.0,10.176470588235292,0.4459459459459459,"{""2012"": 9, ""2013"": 16, ""2014"": 10}",3.0,5.0,5.0,"landsat7,landsat8",
LT0704,141190.2545598516,5371453.61402851,-73.3137173950451,-41.7277298372629,2014,2012.0,2014.0,28_1074,36.0,37.0,37.0,9.916666666666666,0.4718918918918919,"{""2012"": 10, ""2013"": 14, ""2014"": 13}",3.0,5.0,5.0,"landsat7,landsat8",
LT0707,137854.69786904368,5376195.498207715,-73.3508298826099,-41.6836314260329,2014,2012.0,2014.0,28_1075,36.0,37.0,30.0,9.916666666666666,0.4805405405405405,"{""2012"": 12, ""2013"": 14, ""2014"": 11}",3.0,5.0,5.0,"landsat7,landsat8",
LT0711,140635.5906781908,5379455.189058211,-73.3155522818198,-41.655613113335,2013,2011.0,2013.0,28_1076,32.0,32.0,46.0,11.516129032258064,0.4705882352941176,"{""2011"": 8, ""2012"": 10, ""2013"": 14}",3.0,5.0,5.0,"landsat5,landsat7,landsat8",
LT0785,140267.41765761684,5442659.849014083,-73.2824961190117,-41.0877281985089,2013,2011.0,2013.0,28_1089,33.0,37.0,46.0,9.916666666666666,0.4673972602739726,"{""2011"": 11, ""2012"": 13, ""2013"": 13}",3.0,5.0,5.0,"landsat5,landsat7,landsat8",
LT0960,139162.27632222214,5531851.076241478,-73.2443805278333,-40.2859743238806,2013,2011.0,2013.0,28_1106,59.0,69.0,27.0,5.294117647058823,0.4302290076335878,"{""2011"": 22, ""2012"": 16, ""2013"": 31}",3.0,5.0,5.0,"landsat5,landsat7,landsat8",
LT0962,140031.9828971817,5533913.331108911,-73.2330192937831,-40.2678200442051,2013,2011.0,2013.0,28_1107,59.0,65.0,27.0,5.625,0.4448854961832061,"{""2011"": 19, ""2012"": 19, ""2013"": 27}",3.0,5.0,5.0,"landsat5,landsat7,landsat8",
LT1018,137618.12603068707,5554813.926270736,-73.2495803133706,-40.0789947382672,2012,2010.0,2012.0,28_1111,42.0,48.0,25.0,7.74468085106383,0.3842201834862385,"{""2010"": 11, ""2011"": 19, ""2012"": 18}",3.0,5.0,5.0,"landsat5,landsat7",
LT1061,139884.19558765972,5567006.153737645,-73.2163132958968,-39.970415161887,2013,2011.0,2013.0,28_1113,50.0,58.0,28.0,6.2631578947368425,0.3786259541984733,"{""2011"": 17, ""2012"": 13, ""2013"": 28}",3.0,5.0,5.0,"landsat5,landsat7,landsat8",
LT1139,137595.35969159263,5596388.709206907,-73.2267968096052,-39.7054241378437,2013,2011.0,2013.0,28_1119,54.0,72.0,27.0,5.070422535211268,0.3828187919463087,"{""2011"": 25, ""2012"": 19, ""2013"": 28}",3.0,5.0,5.0,"landsat5,landsat7,landsat8",
LT1178,141435.99062177783,5617381.994279552,-73.1707592521527,-39.5183904495639,2012,2010.0,2012.0,28_1123,41.0,47.0,42.0,7.913043478260869,0.3134375,"{""2010"": 12, ""2011"": 20, ""2012"": 15}",3.0,5.0,5.0,"landsat5,landsat7",
LT1183,140392.5921828588,5618294.755565384,-73.1823728428582,-39.5097521841729,2012,2010.0,2012.0,28_1124,51.0,59.0,24.0,6.206896551724138,0.395625,"{""2010"": 17, ""2011"": 26, ""2012"": 16}",3.0,5.0,5.0,"landsat5,landsat7",
LT1184,138363.84644151758,5618288.739445151,-73.2059117375362,-39.5089556741778,2017,2015.0,2017.0,28_1124,97.0,101.0,27.0,3.63,0.403982683982684,"{""2015"": 38, ""2016"": 32, ""2017"": 31}",3.0,5.0,5.0,"landsat7,landsat8",
LT1206,141990.06074735645,5624431.448839976,-73.160546665816,-39.4552694438961,2012,2010.0,2012.0,28_1125,50.0,65.0,22.0,5.6875,0.4,"{""2010"": 18, ""2011"": 26, ""2012"": 21}",3.0,5.0,5.0,"landsat5,landsat7",
LT1369,139448.88449073402,5723608.750126004,-73.1376519958717,-38.5628538522371,2013,2011.0,2013.0,28_1145,64.0,79.0,20.0,4.653846153846154,0.4511111111111111,"{""2011"": 25, ""2012"": 15, ""2013"": 39}",3.0,5.0,5.0,"landsat5,landsat7,landsat8",
LT1396,141051.30714239873,5729731.944077841,-73.1161639046491,-38.5084620831655,2013,2011.0,2013.0,28_1146,69.0,84.0,23.0,4.337349397590361,0.4788888888888888,"{""2011"": 28, ""2012"": 19, ""2013"": 37}",3.0,5.0,5.0,"landsat5,landsat7,landsat8",
LT1402,141985.14295086317,5730796.344707521,-73.1049367904958,-38.4992698811854,2014,2012.0,2014.0,28_1146,81.0,93.0,17.0,3.945652173913044,0.4588505747126437,"{""2012"": 18, ""2013"": 36, ""2014"": 39}",3.0,5.0,5.0,"landsat7,landsat8",
LT1577,140796.1057467023,5810986.520021461,-73.0781485333972,-37.7779154203298,2017,2015.0,2017.0,28_1162,116.0,131.0,22.0,2.792307692307692,0.4744489795918367,"{""2015"": 48, ""2016"": 47, ""2017"": 36}",3.0,5.0,5.0,"landsat7,landsat8",
LT1579,140706.18802718038,5811995.079965314,-73.0786680415203,-37.7688127926045,2017,2015.0,2017.0,28_1162,114.0,129.0,22.0,2.8359375,0.4749387755102041,"{""2015"": 45, ""2016"": 45, ""2017"": 39}",3.0,5.0,5.0,"landsat7,landsat8",
LT1593,141217.28111100814,5820049.258414531,-73.0689085100279,-37.6966021626193,2014,2012.0,2014.0,28_1164,92.0,109.0,21.0,3.3703703703703702,0.4857142857142857,"{""2012"": 21, ""2013"": 39, ""2014"": 49}",3.0,5.0,5.0,"landsat7,landsat8",
LT1609,141390.50769416342,5833094.975055046,-73.0605494528542,-37.5793793230994,2013,2011.0,2013.0,28_1167,74.0,88.0,18.0,4.172413793103448,0.4776470588235294,"{""2011"": 25, ""2012"": 18, ""2013"": 45}",3.0,5.0,5.0,"landsat5,landsat7,landsat8",
LT0099,142079.68790553405,4291832.863258712,-74.1479810187418,-51.4114707955703,2013,2011.0,2013.0,28_858,7.0,9.0,133.0,45.125,0.1284210526315789,"{""2011"": 1, ""2012"": 3, ""2013"": 5}",3.0,5.0,5.0,"landsat5,landsat7,landsat8",
LT0266,140129.72813050373,4889438.293171922,-73.652247013078,-46.0538538569759,2013,2011.0,2013.0,28_978,24.0,27.0,63.0,13.538461538461538,0.2154954954954955,"{""2011"": 11, ""2012"": 3, ""2013"": 13}",3.0,5.0,5.0,"landsat5,landsat7,landsat8",
LT0308,139639.01226515474,4922539.255588933,-73.6337431226357,-45.7566512625744,2012,2010.0,2012.0,28_985,24.0,31.0,44.0,11.733333333333333,0.2653763440860215,"{""2010"": 7, ""2011"": 17, ""2012"": 7}",3.0,5.0,5.0,"landsat5,landsat7",
LT0380,141742.70498408773,4974937.848895667,-73.5684887588057,-45.2876124343105,2014,2012.0,2014.0,28_995,44.0,51.0,21.0,7.06,0.26875,"{""2012"": 12, ""2013"": 18, ""2014"": 21}",3.0,5.0,5.0,"landsat7,landsat8",
LT0763,145482.00305746077,5425977.414804547,-73.2302247677467,-41.2398826388265,2018,2016.0,2018.0,29_1085,32.0,36.0,38.0,9.6,0.2983783783783784,"{""2016"": 13, ""2017"": 9, ""2018"": 14}",3.0,5.0,5.0,"landsat7,landsat8",
LT0789,146191.51895364613,5444051.098673519,-73.2113559560196,-41.0778271856226,2016,2014.0,2016.0,29_1089,41.0,44.0,27.0,8.44186046511628,0.3603478260869565,"{""2014"": 11, ""2015"": 18, ""2016"": 15}",3.0,5.0,5.0,"landsat7,landsat8",
LT0946,142722.41723100492,5523055.350593853,-73.2075245654202,-40.3665312212506,2018,2016.0,2018.0,29_1105,52.0,57.0,41.0,6.321428571428571,0.3209937888198758,"{""2016"": 19, ""2017"": 19, ""2018"": 19}",3.0,5.0,5.0,"landsat7,landsat8",
LT1104,145756.51363799727,5583602.626558735,-73.1387330558315,-39.8237519624907,2012,2010.0,2012.0,29_1117,41.0,55.0,23.0,6.666666666666667,0.3412903225806452,"{""2010"": 18, ""2011"": 21, ""2012"": 16}",3.0,5.0,5.0,"landsat5,landsat7",
LT1155,143312.50867399987,5604446.862037324,-73.1559341393782,-39.6354157585178,2012,2010.0,2012.0,29_1121,46.0,54.0,37.0,6.867924528301887,0.3766666666666666,"{""2010"": 19, ""2011"": 17, ""2012"": 18}",3.0,5.0,5.0,"landsat5,landsat7",
LT1231,147313.10465288884,5634811.6614280725,-73.0933673821084,-39.3641708065697,2014,2012.0,2014.0,29_1127,83.0,93.0,14.0,3.9130434782608696,0.4664367816091954,"{""2012"": 20, ""2013"": 37, ""2014"": 36}",3.0,5.0,5.0,"landsat7,landsat8",
LT1415,146438.80767180643,5739052.629049723,-73.049831483275,-38.4268266791485,2014,2012.0,2014.0,29_1148,83.0,96.0,17.0,3.8,0.476590909090909,"{""2012"": 17, ""2013"": 36, ""2014"": 43}",3.0,5.0,5.0,"landsat7,landsat8",
LT1567,144059.76497835905,5807196.331158517,-73.0430400975898,-37.8132677851225,2017,2015.0,2017.0,29_1161,116.0,132.0,21.0,2.7709923664122136,0.483265306122449,"{""2015"": 49, ""2016"": 46, ""2017"": 37}",3.0,5.0,5.0,"landsat7,landsat8",
LT1571,143002.43684516195,5808114.52364096,-73.0545702721821,-37.8046001546761,2012,2010.0,2012.0,29_1162,54.0,68.0,33.0,5.373134328358209,0.4241860465116279,"{""2010"": 21, ""2011"": 28, ""2012"": 19}",3.0,5.0,5.0,"landsat5,landsat7",
LT1572,146994.04079550988,5808369.290587836,-73.0092144893835,-37.8038601633098,2013,2011.0,2013.0,29_1162,70.0,83.0,20.0,4.439024390243903,0.4684967320261438,"{""2011"": 28, ""2012"": 20, ""2013"": 35}",3.0,5.0,5.0,"landsat5,landsat7,landsat8",
LT1599,144969.57094635366,5824301.995631125,-73.0243817967941,-37.6598252007343,2013,2011.0,2013.0,29_1165,78.0,92.0,19.0,3.989010989010989,0.5103896103896104,"{""2011"": 30, ""2012"": 23, ""2013"": 39}",3.0,5.0,5.0,"landsat5,landsat7,landsat8",
LT1614,146258.05936243763,5835417.934018802,-73.0044379722817,-37.5603743845011,2013,2011.0,2013.0,29_1167,80.0,93.0,18.0,3.945652173913044,0.5119480519480519,"{""2011"": 28, ""2012"": 21, ""2013"": 44}",3.0,5.0,5.0,"landsat5,landsat7,landsat8",
LT1620,146681.8182647779,5844436.680471126,-72.9953183511702,-37.4794434918933,2013,2011.0,2013.0,29_1169,92.0,103.0,19.0,3.5686274509803924,0.5958441558441558,"{""2011"": 30, ""2012"": 24, ""2013"": 49}",3.0,5.0,5.0,"landsat5,landsat7,landsat8",
LT1621,145665.15670206113,5844411.888824983,-73.0068009795287,-37.47927734285,2014,2012.0,2014.0,29_1169,100.0,111.0,19.0,3.309090909090909,0.537989417989418,"{""2012"": 21, ""2013"": 45, ""2014"": 45}",3.0,5.0,5.0,"landsat7,landsat8",
LT1690,145810.42525838502,5905613.377328431,-72.9761391487609,-36.9289967119327,2014,2012.0,2014.0,29_1181,57.0,65.0,27.0,5.65625,0.5915789473684211,"{""2012"": 10, ""2013"": 26, ""2014"": 29}",3.0,5.0,5.0,"landsat7,landsat8",
LT0280,146139.29367094242,4902934.714783452,-73.5648225898902,-45.9359005297851,2017,2015.0,2017.0,29_981,43.0,54.0,44.0,6.39622641509434,0.2591715976331361,"{""2015"": 18, ""2016"": 23, ""2017"": 13}",3.0,5.0,5.0,"landsat7,landsat8",
LT0284,144073.2759587596,4903777.061450905,-73.5907631412431,-45.9272768902809,2017,2015.0,2017.0,29_981,46.0,51.0,44.0,6.82,0.2610650887573964,"{""2015"": 16, ""2016"": 24, ""2017"": 11}",3.0,5.0,5.0,"landsat7,landsat8",
LT0328,143651.53701480932,4935896.13980411,-73.5725158548432,-45.6388910313202,2012,2010.0,2012.0,29_987,27.0,32.0,76.0,11.35483870967742,0.290752688172043,"{""2010"": 8, ""2011"": 17, ""2012"": 7}",3.0,5.0,5.0,"landsat5,landsat7",
LT0404,149021.14511723723,4998553.390984984,-73.459350580013,-45.0793521055323,2014,2012.0,2014.0,30_1000,44.0,48.0,56.0,7.319148936170213,0.2777070063694267,"{""2012"": 12, ""2013"": 17, ""2014"": 19}",3.0,5.0,5.0,"landsat7,landsat8",
LT0411,148425.1597139085,5005506.66328778,-73.4620357712175,-45.0166544011483,2014,2012.0,2014.0,30_1001,42.0,48.0,62.0,7.425531914893617,0.2748051948051948,"{""2012"": 13, ""2013"": 16, ""2014"": 19}",3.0,5.0,5.0,"landsat7,landsat8",
LT0702,152388.31071531167,5369175.869018026,-73.1807710315204,-41.7531623525711,2017,2015.0,2017.0,30_1074,55.0,55.0,16.0,6.611111111111111,0.4715044247787611,"{""2015"": 19, ""2016"": 23, ""2017"": 13}",3.0,5.0,5.0,"landsat7,landsat8",
LT0726,148458.47880480177,5397049.422317085,-73.2115569114808,-41.5010520694061,2013,2011.0,2013.0,30_1079,34.0,34.0,45.0,10.818181818181818,0.4988235294117647,"{""2011"": 10, ""2012"": 11, ""2013"": 13}",3.0,5.0,5.0,"landsat5,landsat7,landsat8",
LT0719,149648.96762913163,5394133.312328166,-73.1990270911005,-41.5277690586095,2017,2015.0,2017.0,30_1079,44.0,44.0,27.0,7.813953488372093,0.3801769911504424,"{""2015"": 14, ""2016"": 18, ""2017"": 12}",3.0,5.0,5.0,"landsat7,landsat8",
LT0721,149563.89927045413,5395125.025566055,-73.1994669512066,-41.518823118697,2019,2017.0,2019.0,30_1079,38.0,42.0,30.0,8.463414634146341,0.3504587155963303,"{""2017"": 11, ""2018"": 14, ""2019"": 17}",3.0,5.0,5.0,"landsat7,landsat8",
LT0728,148303.9516106539,5398982.777101158,-73.2122761050604,-41.483616844977,2013,2011.0,2013.0,30_1080,31.0,33.0,40.0,11.15625,0.4611764705882353,"{""2011"": 9, ""2012"": 11, ""2013"": 13}",3.0,5.0,5.0,"landsat5,landsat7,landsat8",
LT0732,149063.67429737194,5402087.71668513,-73.2013959724006,-41.4560570469825,2017,2015.0,2017.0,30_1080,33.0,35.0,48.0,10.588235294117649,0.2934513274336283,"{""2015"": 16, ""2016"": 10, ""2017"": 9}",3.0,5.0,5.0,"landsat7,landsat8",
LT0743,150459.1598702217,5411216.367674845,-73.179462511275,-41.3746578199894,2013,2011.0,2013.0,30_1082,32.0,35.0,40.0,10.5,0.4841176470588235,"{""2011"": 10, ""2012"": 11, ""2013"": 14}",3.0,5.0,5.0,"landsat5,landsat7,landsat8",
LT0747,148344.00525830034,5413060.857337141,-73.2036198251402,-41.3571675006289,2018,2016.0,2018.0,30_1083,37.0,39.0,30.0,8.68421052631579,0.3322522522522522,"{""2016"": 15, ""2017"": 9, ""2018"": 15}",3.0,5.0,5.0,"landsat7,landsat8",
LT0790,147708.23296336684,5445081.049660455,-73.1927599501458,-41.0692320240183,2015,2013.0,2015.0,30_1089,38.0,39.0,29.0,9.473684210526317,0.3646153846153846,"{""2013"": 12, ""2014"": 10, ""2015"": 17}",3.0,5.0,5.0,"landsat7,landsat8",
LT0786,151267.14388679544,5443405.619135284,-73.1514594050565,-41.0858169891866,2019,2017.0,2019.0,30_1089,35.0,35.0,43.0,9.882352941176473,0.2879338842975206,"{""2017"": 9, ""2018"": 13, ""2019"": 13}",3.0,5.0,5.0,"landsat7,landsat8",
LT1057,150842.1993906488,5565836.434200658,-73.0889551471086,-39.9855198755828,2013,2011.0,2013.0,30_1113,41.0,47.0,32.0,7.826086956521739,0.4152941176470588,"{""2011"": 16, ""2012"": 12, ""2013"": 19}",3.0,5.0,5.0,"landsat5,landsat7,landsat8",
LT1114,149436.23714156024,5587724.264395004,-73.0936445649717,-39.7882351346568,2012,2010.0,2012.0,30_1118,47.0,59.0,24.0,6.206896551724138,0.3918032786885246,"{""2010"": 17, ""2011"": 23, ""2012"": 19}",3.0,5.0,5.0,"landsat5,landsat7",
LT1127,149192.02878808347,5591794.880957568,-73.0943179953292,-39.7515515392615,2012,2010.0,2012.0,30_1118,43.0,51.0,67.0,7.2,0.360327868852459,"{""2010"": 17, ""2011"": 17, ""2012"": 17}",3.0,5.0,5.0,"landsat5,landsat7",
LT1216,149677.06181583874,5629780.50258925,-73.068625171025,-39.4103520772357,2013,2011.0,2013.0,30_1126,61.0,78.0,29.0,4.675324675324675,0.4345205479452055,"{""2011"": 24, ""2012"": 18, ""2013"": 36}",3.0,5.0,5.0,"landsat5,landsat7,landsat8",
LT1428,151005.81932240824,5746439.464130757,-72.9939766814186,-38.3622116593397,2014,2012.0,2014.0,30_1149,91.0,97.0,19.0,3.7604166666666665,0.4942222222222222,"{""2012"": 15, ""2013"": 33, ""2014"": 49}",3.0,5.0,5.0,"landsat7,landsat8",
LT1573,148928.35984246788,5809505.948037276,-72.9867445324374,-37.7943852386508,2013,2011.0,2013.0,30_1162,70.0,84.0,19.0,4.373493975903615,0.4569934640522876,"{""2011"": 26, ""2012"": 21, ""2013"": 37}",3.0,5.0,5.0,"landsat5,landsat7,landsat8",
LT1580,149763.6685629713,5812585.28114195,-72.9757941453425,-37.7670178816523,2013,2011.0,2013.0,30_1163,88.0,103.0,14.0,3.5588235294117645,0.5843137254901961,"{""2011"": 33, ""2012"": 27, ""2013"": 43}",3.0,5.0,5.0,"landsat5,landsat7,landsat8",
LT1583,148661.32446472498,5813472.485100521,-72.9878508644255,-37.7586181159385,2013,2011.0,2013.0,30_1163,73.0,86.0,19.0,4.270588235294118,0.4805228758169935,"{""2011"": 26, ""2012"": 22, ""2013"": 38}",3.0,5.0,5.0,"landsat5,landsat7,landsat8",
LT1584,151665.29389534763,5813699.628464957,-72.953720469376,-37.7577238193574,2013,2011.0,2013.0,30_1163,70.0,87.0,20.0,4.186046511627907,0.4590849673202614,"{""2011"": 29, ""2012"": 21, ""2013"": 37}",3.0,5.0,5.0,"landsat5,landsat7,landsat8",
LT1587,149604.96840262497,5814555.370789118,-72.9766418028309,-37.7492430478284,2013,2011.0,2013.0,30_1163,83.0,100.0,14.0,3.6666666666666665,0.5529411764705883,"{""2011"": 31, ""2012"": 27, ""2013"": 42}",3.0,5.0,5.0,"landsat5,landsat7,landsat8",
LT1592,150345.5961972808,5818565.488444754,-72.9663280649713,-37.7134685677764,2013,2011.0,2013.0,30_1164,82.0,95.0,14.0,3.861702127659575,0.5464052287581699,"{""2011"": 31, ""2012"": 26, ""2013"": 38}",3.0,5.0,5.0,"landsat5,landsat7,landsat8",
LT1594,149215.50680789002,5820558.499264117,-72.9781595488692,-37.695116579589,2013,2011.0,2013.0,30_1164,90.0,97.0,15.0,3.78125,0.5811764705882353,"{""2011"": 28, ""2012"": 27, ""2013"": 42}",3.0,5.0,5.0,"landsat5,landsat7,landsat8",
LT0293,148300.8214622914,4914158.099338613,-73.5288197245324,-45.8363098739284,2017,2015.0,2017.0,30_983,42.0,48.0,48.0,7.446808510638298,0.2570414201183432,"{""2015"": 16, ""2016"": 22, ""2017"": 10}",3.0,5.0,5.0,"landsat7,landsat8",
LT0295,148229.75942193385,4915154.936056583,-73.5290048662991,-45.8273295668884,2017,2015.0,2017.0,30_983,47.0,50.0,55.0,6.775510204081633,0.2693491124260355,"{""2015"": 16, ""2016"": 24, ""2017"": 10}",3.0,5.0,5.0,"landsat7,landsat8",
LT0300,150919.79412853054,4919385.225250383,-73.4914208335708,-45.7907375061537,2017,2015.0,2017.0,30_984,52.0,59.0,44.0,6.017241379310345,0.3001183431952662,"{""2015"": 20, ""2016"": 21, ""2017"": 18}",3.0,5.0,5.0,"landsat7,landsat8",
LT0309,149623.8133979831,4923290.32485803,-73.5052154344606,-45.7550417275266,2017,2015.0,2017.0,30_985,43.0,49.0,44.0,7.270833333333333,0.2575147928994082,"{""2015"": 15, ""2016"": 20, ""2017"": 14}",3.0,5.0,5.0,"landsat7,landsat8",
LT0400,151379.4731718395,4993710.362641476,-73.4328459441208,-45.1239822615132,2017,2015.0,2017.0,30_999,49.0,56.0,24.0,6.181818181818182,0.2438775510204081,"{""2015"": 17, ""2016"": 22, ""2017"": 17}",3.0,5.0,5.0,"landsat7,landsat8",
LT0712,152633.21566822554,5380285.214279982,-73.1713665589462,-41.6534720776779,2013,2011.0,2013.0,31_1076,29.0,31.0,40.0,11.9,0.4264705882352941,"{""2011"": 10, ""2012"": 8, ""2013"": 13}",3.0,5.0,5.0,"landsat5,landsat7,landsat8",
LT0727,155361.4245146134,5398564.242344035,-73.1282004720678,-41.4904391906795,2013,2011.0,2013.0,31_1080,28.0,31.0,40.0,11.9,0.4158823529411765,"{""2011"": 10, ""2012"": 10, ""2013"": 11}",3.0,5.0,5.0,"landsat5,landsat7,landsat8",
LT0742,152676.3260844841,5408350.364372724,-73.1546605673054,-41.4013648121587,2017,2015.0,2017.0,31_1082,32.0,37.0,27.0,9.916666666666666,0.2909734513274336,"{""2015"": 18, ""2016"": 11, ""2017"": 8}",3.0,5.0,5.0,"landsat7,landsat8",
LT0749,153207.20333586977,5415410.346484567,-73.1442920757401,-41.3381666472297,2012,2010.0,2012.0,31_1083,26.0,27.0,58.0,12.73076923076923,0.4257627118644068,"{""2010"": 7, ""2011"": 9, ""2012"": 11}",3.0,5.0,5.0,"landsat5,landsat7",
LT0750,153797.7114083639,5417764.534724756,-73.1359128771663,-41.3172698158642,2014,2012.0,2014.0,31_1084,27.0,28.0,42.0,12.814814814814817,0.3686486486486486,"{""2012"": 8, ""2013"": 13, ""2014"": 7}",3.0,5.0,5.0,"landsat7,landsat8",
LT0767,155075.75368615013,5430602.254950013,-73.1134267090989,-41.2024760396589,2019,2017.0,2019.0,31_1086,31.0,34.0,43.0,10.424242424242424,0.2869724770642202,"{""2017"": 8, ""2018"": 12, ""2019"": 14}",3.0,5.0,5.0,"landsat7,landsat8",
LT0775,155873.6765263384,5434709.697839818,-73.101627047119,-41.1659106567231,2019,2017.0,2019.0,31_1087,35.0,36.0,38.0,9.6,0.2977391304347826,"{""2017"": 11, ""2018"": 12, ""2019"": 13}",3.0,5.0,5.0,"landsat7,landsat8",
LT1026,152535.49844935432,5556924.77169358,-73.0739416423464,-40.0663060901924,2013,2011.0,2013.0,31_1111,30.0,37.0,43.0,10.0,0.4180821917808219,"{""2011"": 14, ""2012"": 10, ""2013"": 13}",3.0,5.0,5.0,"landsat5,landsat7,landsat8",
LT1110,154511.4582157752,5587142.040198744,-73.0348251294642,-39.7955420748984,2012,2010.0,2012.0,31_1117,33.0,39.0,32.0,9.473684210526317,0.3379166666666666,"{""2010"": 10, ""2011"": 16, ""2012"": 13}",3.0,5.0,5.0,"landsat5,landsat7",
LT1143,154572.03583909472,5601195.281660628,-73.0267513274835,-39.6692577521682,2012,2010.0,2012.0,31_1120,36.0,48.0,37.0,7.659574468085107,0.3242477876106194,"{""2010"": 13, ""2011"": 16, ""2012"": 19}",3.0,5.0,5.0,"landsat5,landsat7",
LT1242,154550.34917778126,5647367.318057788,-73.003118525733,-39.2542328779266,2013,2011.0,2013.0,31_1129,58.0,72.0,20.0,5.070422535211268,0.4113888888888889,"{""2011"": 23, ""2012"": 15, ""2013"": 34}",3.0,5.0,5.0,"landsat5,landsat7,landsat8",
LT1261,155887.68680094142,5657469.930901188,-72.9825156062118,-39.163949846928,2016,2014.0,2016.0,31_1131,116.0,127.0,16.0,2.865079365079365,0.5014977973568282,"{""2014"": 38, ""2015"": 48, ""2016"": 41}",3.0,5.0,5.0,"landsat7,landsat8",
LT1377,154366.31201855227,5725555.786207423,-72.9658860943067,-38.5512717509891,2013,2011.0,2013.0,31_1145,62.0,77.0,18.0,4.776315789473684,0.4502777777777778,"{""2011"": 29, ""2012"": 16, ""2013"": 32}",3.0,5.0,5.0,"landsat5,landsat7,landsat8",
LT1595,154217.30200025928,5820885.469867429,-72.9214031437649,-37.6940753161742,2012,2010.0,2012.0,31_1164,79.0,92.0,16.0,3.989010989010989,0.5990697674418605,"{""2010"": 28, ""2011"": 36, ""2012"": 28}",3.0,5.0,5.0,"landsat5,landsat7",
LT1602,154819.59536022483,5826885.579894859,-72.9117501580254,-37.6403470873591,2016,2014.0,2016.0,31_1165,133.0,147.0,16.0,2.4863013698630136,0.5398387096774193,"{""2014"": 50, ""2015"": 47, ""2016"": 50}",3.0,5.0,5.0,"landsat7,landsat8",
LT1707,154132.8874216419,5932238.386348452,-72.8708149307092,-36.6926197422251,2014,2012.0,2014.0,31_1186,58.0,65.0,30.0,5.65625,0.5910204081632653,"{""2012"": 13, ""2013"": 26, ""2014"": 26}",3.0,5.0,5.0,"landsat7,landsat8",
LT0310,154608.9078126477,4923617.087882135,-73.441078730573,-45.7546164792333,2017,2015.0,2017.0,31_985,43.0,50.0,44.0,6.836734693877551,0.2601183431952663,"{""2015"": 19, ""2016"": 18, ""2017"": 13}",3.0,5.0,5.0,"landsat7,landsat8",
LT0313,154442.54721097834,4927752.571851274,-73.4402632519652,-45.7174228640372,2017,2015.0,2017.0,31_986,38.0,46.0,44.0,7.466666666666667,0.2414201183431952,"{""2015"": 16, ""2016"": 20, ""2017"": 10}",3.0,5.0,5.0,"landsat7,landsat8",
LT0314,155240.94641999376,4928739.371948257,-73.4293341470136,-45.7089652926927,2017,2015.0,2017.0,31_986,41.0,49.0,44.0,6.875,0.2407100591715976,"{""2015"": 18, ""2016"": 20, ""2017"": 11}",3.0,5.0,5.0,"landsat7,landsat8",
LT0720,161006.05000389443,5394904.576648808,-73.0628103378374,-41.5257255691611,2017,2015.0,2017.0,32_1079,31.0,33.0,43.0,11.15625,0.2683185840707964,"{""2015"": 13, ""2016"": 12, ""2017"": 8}",3.0,5.0,5.0,"landsat7,landsat8",
LT0733,160065.17482063494,5402850.213131551,-73.0695816824554,-41.4539379021958,2017,2015.0,2017.0,32_1081,33.0,37.0,59.0,10.0,0.3026548672566371,"{""2015"": 16, ""2016"": 12, ""2017"": 9}",3.0,5.0,5.0,"landsat7,landsat8",
LT0737,160884.86015701696,5405929.726849742,-73.0580654501285,-41.4266152287365,2017,2015.0,2017.0,32_1081,32.0,34.0,59.0,10.090909090909092,0.287787610619469,"{""2015"": 12, ""2016"": 13, ""2017"": 9}",3.0,5.0,5.0,"landsat7,landsat8",
LT0738,159801.05681459373,5406825.860009634,-73.0704998806402,-41.4181058045216,2017,2015.0,2017.0,32_1081,38.0,41.0,59.0,8.325,0.335929203539823,"{""2015"": 15, ""2016"": 15, ""2017"": 11}",3.0,5.0,5.0,"landsat7,landsat8",
LT0757,160831.05987193598,5421000.49289579,-73.0502897013895,-41.2911804389263,2019,2017.0,2019.0,32_1084,25.0,28.0,45.0,13.148148148148149,0.2355963302752293,"{""2017"": 9, ""2018"": 9, ""2019"": 10}",3.0,5.0,5.0,"landsat7,landsat8",
LT0816,158948.5414752995,5464021.987241755,-73.0488689246299,-40.9038215649213,2018,2016.0,2018.0,32_1093,37.0,38.0,30.0,9.0,0.3039344262295081,"{""2016"": 15, ""2017"": 12, ""2018"": 11}",3.0,5.0,5.0,"landsat7,landsat8",
LT0963,162184.08153420006,5535462.260543662,-72.9723196683139,-40.2631296849775,2013,2011.0,2013.0,32_1107,29.0,34.0,29.0,10.818181818181818,0.425,"{""2011"": 12, ""2012"": 8, ""2013"": 14}",3.0,5.0,5.0,"landsat5,landsat7,landsat8",
LT0977,162452.27104040288,5543465.96792679,-72.9649698559872,-40.1913020044598,2014,2012.0,2014.0,32_1109,32.0,32.0,30.0,11.258064516129032,0.3901298701298701,"{""2012"": 8, ""2013"": 14, ""2014"": 10}",3.0,5.0,5.0,"landsat7,landsat8",
LT1085,162385.3073403912,5574571.06815405,-72.949558546129,-39.9116965943762,2013,2011.0,2013.0,32_1115,30.0,36.0,32.0,10.285714285714286,0.4244444444444444,"{""2011"": 14, ""2012"": 9, ""2013"": 13}",3.0,5.0,5.0,"landsat5,landsat7,landsat8",
LT1112,162353.72017084312,5587825.3483604295,-72.9430936834838,-39.7925463502628,2012,2010.0,2012.0,32_1118,35.0,37.0,22.0,10.0,0.516969696969697,"{""2010"": 11, ""2011"": 13, ""2012"": 13}",3.0,5.0,5.0,"landsat5,landsat7",
LT1128,160197.6996472726,5592576.642603719,-72.9657602112253,-39.7489815665757,2014,2012.0,2014.0,32_1119,35.0,42.0,34.0,8.439024390243903,0.4644155844155844,"{""2012"": 12, ""2013"": 14, ""2014"": 16}",3.0,5.0,5.0,"landsat7,landsat8",
LT1315,160156.69370225386,5698923.305375988,-72.9126223711258,-38.7929516428487,2016,2014.0,2016.0,32_1140,106.0,124.0,23.0,2.934959349593496,0.4725991189427312,"{""2014"": 44, ""2015"": 40, ""2016"": 40}",3.0,5.0,5.0,"landsat7,landsat8",
LT1557,161154.7607450001,5804294.025592856,-72.8506333033494,-37.8458690482985,2013,2011.0,2013.0,32_1161,72.0,80.0,20.0,4.594936708860759,0.4624836601307189,"{""2011"": 26, ""2012"": 20, ""2013"": 34}",3.0,5.0,5.0,"landsat5,landsat7,landsat8",
LT1559,161233.83214948274,5805215.899582474,-72.8493050609913,-37.837608222916,2013,2011.0,2013.0,32_1161,76.0,86.0,20.0,4.270588235294118,0.4901960784313725,"{""2011"": 29, ""2012"": 21, ""2013"": 36}",3.0,5.0,5.0,"landsat5,landsat7,landsat8",
LT1563,160119.71819130756,5806193.379970558,-72.8614791644983,-37.8284038923029,2013,2011.0,2013.0,32_1161,87.0,93.0,15.0,3.945652173913044,0.567843137254902,"{""2011"": 29, ""2012"": 28, ""2013"": 36}",3.0,5.0,5.0,"landsat5,landsat7,landsat8",
LT1569,161027.89932431263,5808197.736574838,-72.8502446943818,-37.8107167999648,2013,2011.0,2013.0,32_1162,83.0,96.0,19.0,3.8210526315789473,0.5419607843137255,"{""2011"": 31, ""2012"": 25, ""2013"": 40}",3.0,5.0,5.0,"landsat5,landsat7,landsat8",
LT1574,160912.3684134084,5810274.629440314,-72.8505830415254,-37.79199684431,2013,2011.0,2013.0,32_1162,78.0,90.0,17.0,4.044943820224719,0.5147712418300654,"{""2011"": 29, ""2012"": 25, ""2013"": 36}",3.0,5.0,5.0,"landsat5,landsat7,landsat8",
LT1581,158729.0444871725,5813140.426236661,-72.8739771318187,-37.765413503704,2013,2011.0,2013.0,32_1163,83.0,101.0,15.0,3.63,0.5524183006535948,"{""2011"": 29, ""2012"": 30, ""2013"": 42}",3.0,5.0,5.0,"landsat5,landsat7,landsat8",
LT0083,161515.20561363286,4251220.2781996,-73.9087279229803,-51.7872390181504,2014,2012.0,2014.0,32_850,13.0,13.0,128.0,29.5,0.1074380165289256,"{""2012"": 3, ""2013"": 4, ""2014"": 6}",3.0,5.0,5.0,"landsat7,landsat8",
LT0100,160729.36287646735,4296404.342900461,-73.876447992187,-51.3819716941001,2014,2012.0,2014.0,32_859,9.0,9.0,117.0,36.375,0.1683018867924528,"{""2012"": 1, ""2013"": 3, ""2014"": 5}",3.0,5.0,5.0,"landsat7,landsat8",
LT0315,160157.7176467568,4930077.79385282,-73.3654149002415,-45.699382581729,2017,2015.0,2017.0,32_986,30.0,38.0,63.0,9.135135135135137,0.2222857142857142,"{""2015"": 11, ""2016"": 14, ""2017"": 13}",3.0,5.0,5.0,"landsat7,landsat8",
LT0317,162106.16895209305,4931285.453305313,-73.339618879155,-45.6894965340717,2017,2015.0,2017.0,32_986,24.0,29.0,80.0,12.678571428571429,0.182,"{""2015"": 8, ""2016"": 13, ""2017"": 8}",3.0,5.0,5.0,"landsat7,landsat8",
LT0389,157973.34336268285,4986166.915462906,-73.3544111216863,-45.194910303606,2015,2013.0,2015.0,32_997,27.0,33.0,32.0,10.8125,0.1420833333333333,"{""2013"": 9, ""2014"": 11, ""2015"": 13}",3.0,5.0,5.0,"landsat7,landsat8",
LT0394,160742.18382398388,4989391.113317975,-73.3170694713884,-45.1673070300281,2015,2013.0,2015.0,32_998,41.0,44.0,37.0,8.093023255813954,0.211578947368421,"{""2013"": 11, ""2014"": 16, ""2015"": 17}",3.0,5.0,5.0,"landsat7,landsat8",
LT0417,164296.41167242895,5012783.989658511,-73.2563284719493,-44.9590113868718,2015,2013.0,2015.0,33_1003,43.0,50.0,24.0,7.204081632653061,0.2367391304347826,"{""2013"": 15, ""2014"": 16, ""2015"": 19}",3.0,5.0,5.0,"landsat7,landsat8",
LT0416,165015.75575168285,5012735.959019696,-73.247264997335,-44.9597818051055,2017,2015.0,2017.0,33_1003,43.0,50.0,25.0,6.795918367346939,0.2343157894736842,"{""2015"": 17, ""2016"": 18, ""2017"": 15}",3.0,5.0,5.0,"landsat7,landsat8",
LT0421,163706.95190552884,5017700.574842391,-73.2605103999226,-44.9145962378501,2015,2013.0,2015.0,33_1004,34.0,38.0,33.0,9.35135135135135,0.1878260869565217,"{""2013"": 10, ""2014"": 12, ""2015"": 16}",3.0,5.0,5.0,"landsat7,landsat8",
LT0815,162889.25361855025,5463887.437636509,-73.0022683971304,-40.906662517204,2015,2013.0,2015.0,33_1093,40.0,40.0,29.0,9.23076923076923,0.3903030303030303,"{""2013"": 11, ""2014"": 11, ""2015"": 18}",3.0,5.0,5.0,"landsat7,landsat8",
LT0968,162833.5281756465,5539497.556335175,-72.9625814884883,-40.2271228847058,2014,2012.0,2014.0,33_1108,31.0,33.0,38.0,10.90625,0.3979220779220779,"{""2012"": 9, ""2013"": 14, ""2014"": 10}",3.0,5.0,5.0,"landsat7,landsat8",
LT1070,163706.60710148566,5569686.790230286,-72.9366542690597,-39.9561245574808,2013,2011.0,2013.0,33_1114,31.0,34.0,32.0,10.909090909090908,0.4283333333333333,"{""2011"": 12, ""2012"": 8, ""2013"": 14}",3.0,5.0,5.0,"landsat5,landsat7,landsat8",
LT1075,166632.53849047684,5570901.284960366,-72.9018572127749,-39.94636481305,2013,2011.0,2013.0,33_1114,25.0,28.0,46.0,13.333333333333334,0.3377777777777778,"{""2011"": 10, ""2012"": 6, ""2013"": 12}",3.0,5.0,5.0,"landsat5,landsat7,landsat8",
LT1082,164543.70893995883,5572703.857390735,-72.9253244082247,-39.929337171567,2013,2011.0,2013.0,33_1115,29.0,32.0,32.0,11.612903225806452,0.4066666666666667,"{""2011"": 12, ""2012"": 7, ""2013"": 13}",3.0,5.0,5.0,"landsat5,landsat7,landsat8",
LT1120,163432.05383358104,5589665.528801068,-72.9295861004693,-39.7764320789582,2014,2012.0,2014.0,33_1118,30.0,36.0,46.0,9.885714285714286,0.3916883116883117,"{""2012"": 11, ""2013"": 12, ""2014"": 13}",3.0,5.0,5.0,"landsat7,landsat8",
LT1132,167024.50921043946,5595004.073596168,-72.885032762355,-39.7298533617462,2012,2010.0,2012.0,33_1119,34.0,38.0,22.0,9.72972972972973,0.5018181818181818,"{""2010"": 14, ""2011"": 13, ""2012"": 11}",3.0,5.0,5.0,"landsat5,landsat7",
LT1746,167163.3976723891,5981160.375606114,-72.7042320209999,-36.2571559779716,2014,2012.0,2014.0,33_1196,68.0,86.0,32.0,4.258823529411765,0.5134814814814814,"{""2012"": 21, ""2013"": 29, ""2014"": 36}",3.0,5.0,5.0,"landsat7,landsat8",
LT1778,167313.84076816338,6011248.109414343,-72.689854399541,-35.9865098624278,2012,2010.0,2012.0,33_1202,32.0,36.0,29.0,9.971428571428572,0.441159420289855,"{""2010"": 10, ""2011"": 15, ""2012"": 11}",3.0,5.0,5.0,"landsat5,landsat7",
LT0105,164097.0918108477,4316763.878874315,-73.8090876542849,-51.2015469169417,2014,2012.0,2014.0,33_863,9.0,10.0,107.0,32.333333333333336,0.1623076923076923,"{""2012"": 1, ""2013"": 4, ""2014"": 5}",3.0,5.0,5.0,"landsat7,landsat8",
LT0123,164808.06337752007,4396166.582346976,-73.7263294171234,-50.4903843145495,2014,2012.0,2014.0,33_879,10.0,12.0,102.0,26.818181818181817,0.0882242990654205,"{""2012"": 2, ""2013"": 6, ""2014"": 4}",3.0,5.0,5.0,"landsat7,landsat8",
LT0144,163682.56596679945,4674317.261636934,-73.508671595624,-47.995858917762,2013,2011.0,2013.0,33_935,22.0,24.0,67.0,15.826086956521738,0.1751181102362204,"{""2011"": 6, ""2012"": 9, ""2013"": 9}",3.0,5.0,5.0,"landsat5,landsat7,landsat8",
LT0158,165004.53262232785,4696483.906253158,-73.4738091512747,-47.797722148097,2012,2010.0,2012.0,33_939,19.0,24.0,93.0,15.695652173913045,0.1701754385964912,"{""2010"": 6, ""2011"": 10, ""2012"": 8}",3.0,5.0,5.0,"landsat5,landsat7",
LT0153,167110.5197969394,4693707.360372438,-73.4479023242794,-47.8237202728271,2017,2015.0,2017.0,33_939,42.0,44.0,63.0,7.860465116279069,0.1965876777251184,"{""2015"": 8, ""2016"": 22, ""2017"": 14}",3.0,5.0,5.0,"landsat7,landsat8",
LT0318,163092.2910849325,4931376.607115093,-73.3269272586593,-45.6891583136094,2017,2015.0,2017.0,33_986,23.0,25.0,99.0,14.791666666666666,0.2055555555555555,"{""2015"": 8, ""2016"": 9, ""2017"": 8}",3.0,5.0,5.0,"landsat7,landsat8",
LT0390,162952.92726490163,4986532.825883212,-73.2909473960467,-45.1940230134809,2015,2013.0,2015.0,33_997,35.0,40.0,33.0,8.871794871794872,0.1854166666666666,"{""2013"": 14, ""2014"": 10, ""2015"": 16}",3.0,5.0,5.0,"landsat7,landsat8",
LT0420,168808.66095335956,5016089.107335063,-73.19710649418,-44.9314546344841,2017,2015.0,2017.0,34_1003,60.0,66.0,23.0,5.338461538461538,0.3046315789473684,"{""2015"": 21, ""2016"": 25, ""2017"": 20}",3.0,5.0,5.0,"landsat7,landsat8",
LT0422,169647.6415471384,5018164.00759076,-73.1851476159952,-44.9132160854576,2015,2013.0,2015.0,34_1004,34.0,43.0,33.0,8.238095238095237,0.1860109289617486,"{""2013"": 12, ""2014"": 16, ""2015"": 15}",3.0,5.0,5.0,"landsat7,landsat8",
LT0479,171754.51376870705,5057480.001802914,-73.1332574143254,-44.5611819663853,2018,2016.0,2018.0,34_1011,49.0,59.0,21.0,6.068965517241379,0.2554639175257732,"{""2016"": 25, ""2017"": 18, ""2018"": 16}",3.0,5.0,5.0,"landsat7,landsat8",
LT0808,168204.000707426,5458695.16178385,-72.9420906762826,-40.9554965820384,2012,2010.0,2012.0,34_1092,21.0,24.0,43.0,14.391304347826088,0.3315151515151515,"{""2010"": 6, ""2011"": 13, ""2012"": 5}",3.0,5.0,5.0,"landsat5,landsat7",
LT1101,168727.76716409833,5582145.999355942,-72.8716861048599,-39.8461046686726,2013,2011.0,2013.0,34_1116,31.0,34.0,46.0,10.909090909090908,0.43,"{""2011"": 10, ""2012"": 11, ""2013"": 13}",3.0,5.0,5.0,"landsat5,landsat7,landsat8",
LT1214,169683.57558338187,5630285.886365175,-72.8365244173119,-39.4136985231108,2014,2012.0,2014.0,34_1126,36.0,40.0,37.0,9.23076923076923,0.4192941176470588,"{""2012"": 12, ""2013"": 12, ""2014"": 16}",3.0,5.0,5.0,"landsat7,landsat8",
LT1240,170685.17262856767,5645400.344096332,-72.8175041736695,-39.2781911942925,2014,2012.0,2014.0,34_1129,38.0,43.0,27.0,8.30952380952381,0.4611764705882353,"{""2012"": 11, ""2013"": 13, ""2014"": 19}",3.0,5.0,5.0,"landsat7,landsat8",
LT1243,169414.9634353366,5649331.440398538,-72.8302712810687,-39.2423642540724,2014,2012.0,2014.0,34_1130,40.0,43.0,27.0,8.30952380952381,0.4613953488372093,"{""2012"": 12, ""2013"": 14, ""2014"": 17}",3.0,5.0,5.0,"landsat7,landsat8",
LT1253,172125.7276230019,5654540.843605363,-72.7964009255018,-39.1965535968471,2014,2012.0,2014.0,34_1131,39.0,45.0,24.0,7.931818181818182,0.4658823529411764,"{""2012"": 12, ""2013"": 14, ""2014"": 19}",3.0,5.0,5.0,"landsat7,landsat8",
LT1773,171111.1845696817,6008450.120667,-72.6489760358673,-36.0129724223961,2013,2011.0,2013.0,34_1202,46.0,50.0,24.0,7.346938775510204,0.5388235294117647,"{""2011"": 15, ""2012"": 9, ""2013"": 26}",3.0,5.0,5.0,"landsat5,landsat7,landsat8",
LT1781,170179.0627808256,6013420.113387363,-72.6572314738078,-35.9679398175012,2015,2013.0,2015.0,34_1203,73.0,80.0,16.0,4.582278481012659,0.6257391304347826,"{""2013"": 26, ""2014"": 29, ""2015"": 25}",3.0,5.0,5.0,"landsat7,landsat8",
LT0156,169022.66703925945,4694854.33356719,-73.4215565920305,-47.8144171532517,2017,2015.0,2017.0,34_939,41.0,49.0,62.0,7.041666666666667,0.1924170616113744,"{""2015"": 13, ""2016"": 22, ""2017"": 14}",3.0,5.0,5.0,"landsat7,landsat8",
LT0154,171192.0900941047,4694075.180822163,-73.3932541724345,-47.8225183501332,2019,2017.0,2019.0,34_939,34.0,43.0,63.0,8.023809523809524,0.1726213592233009,"{""2017"": 13, ""2018"": 13, ""2019"": 17}",3.0,5.0,5.0,"landsat7,landsat8",
LT0159,171876.95167611417,4698050.752643902,-73.3811253710112,-47.7872023413316,2017,2015.0,2017.0,34_940,46.0,52.0,63.0,6.627450980392157,0.2187677725118483,"{""2015"": 15, ""2016"": 25, ""2017"": 12}",3.0,5.0,5.0,"landsat7,landsat8",
LT0378,171837.4953028788,4975114.241711601,-73.1856795338987,-45.3007236567244,2014,2012.0,2014.0,34_995,16.0,17.0,80.0,20.8125,0.1706382978723404,"{""2012"": 6, ""2013"": 5, ""2014"": 6}",3.0,5.0,5.0,"landsat7,landsat8",
LT0418,172866.9725833877,5015387.210109754,-73.1462662757084,-44.9396334713872,2017,2015.0,2017.0,35_1003,42.0,46.0,36.0,7.644444444444445,0.2393142857142857,"{""2015"": 16, ""2016"": 16, ""2017"": 14}",3.0,5.0,5.0,"landsat7,landsat8",
LT0419,175858.31033887545,5015575.904848955,-73.1083293063914,-44.9393082411141,2017,2015.0,2017.0,35_1003,36.0,40.0,37.0,8.871794871794872,0.2057142857142857,"{""2015"": 13, ""2016"": 16, ""2017"": 11}",3.0,5.0,5.0,"landsat7,landsat8",
LT0423,177483.24684756028,5020710.104023961,-73.0845138562686,-44.8939459624346,2017,2015.0,2017.0,35_1004,26.0,36.0,37.0,9.428571428571429,0.212824427480916,"{""2015"": 7, ""2016"": 18, ""2017"": 11}",3.0,5.0,5.0,"landsat7,landsat8",
LT0748,173303.13255254313,5414779.7493844265,-72.9050291795596,-41.3522256745376,2018,2016.0,2018.0,35_1083,27.0,32.0,27.0,11.0,0.2475675675675675,"{""2016"": 11, ""2017"": 8, ""2018"": 13}",3.0,5.0,5.0,"landsat7,landsat8",
LT0831,177087.51424556045,5476289.98799924,-72.8276393365063,-40.8009082492608,2012,2010.0,2012.0,35_1095,21.0,24.0,50.0,14.391304347826088,0.323030303030303,"{""2010"": 8, ""2011"": 10, ""2012"": 6}",3.0,5.0,5.0,"landsat5,landsat7",
LT0828,174226.60146249214,5474091.283768321,-72.8626256095089,-40.8195411192459,2017,2015.0,2017.0,35_1095,43.0,47.0,27.0,7.826086956521739,0.384,"{""2015"": 19, ""2016"": 16, ""2017"": 12}",3.0,5.0,5.0,"landsat7,landsat8",
LT0847,176664.12167740642,5482262.231639972,-72.8295591724142,-40.747060745645,2017,2015.0,2017.0,35_1096,42.0,44.0,27.0,8.372093023255815,0.3807272727272727,"{""2015"": 17, ""2016"": 16, ""2017"": 11}",3.0,5.0,5.0,"landsat7,landsat8",
LT0865,176921.121857276,5493415.465279569,-72.8207813619356,-40.6469095020151,2012,2010.0,2012.0,35_1099,26.0,27.0,42.0,12.807692307692308,0.3878787878787879,"{""2010"": 11, ""2011"": 9, ""2012"": 7}",3.0,5.0,5.0,"landsat5,landsat7",
LT0868,176876.06731819402,5494353.389811634,-72.8208315711618,-40.6384611342809,2012,2010.0,2012.0,35_1099,22.0,25.0,48.0,13.875,0.3454545454545454,"{""2010"": 8, ""2011"": 10, ""2012"": 7}",3.0,5.0,5.0,"landsat5,landsat7",
LT0905,173762.5257894458,5510177.240306815,-72.8493992493138,-40.4950052119534,2012,2010.0,2012.0,35_1102,17.0,20.0,58.0,17.42105263157895,0.2696969696969697,"{""2010"": 7, ""2011"": 6, ""2012"": 7}",3.0,5.0,5.0,"landsat5,landsat7",
LT1341,176276.49420522514,5711960.498135481,-72.7213111585655,-38.6817761306118,2013,2011.0,2013.0,35_1142,37.0,52.0,20.0,6.901960784313726,0.3069841269841269,"{""2011"": 16, ""2012"": 15, ""2013"": 21}",3.0,5.0,5.0,"landsat5,landsat7,landsat8",
LT1518,174380.9593723293,5788057.411852793,-72.7079608178158,-37.9967198973135,2013,2011.0,2013.0,35_1158,63.0,68.0,19.0,5.432835820895522,0.4062745098039215,"{""2011"": 18, ""2012"": 19, ""2013"": 31}",3.0,5.0,5.0,"landsat5,landsat7,landsat8",
LT1590,175458.76436134888,5818223.920633587,-72.682168261092,-37.7257766786371,2014,2012.0,2014.0,35_1164,99.0,112.0,17.0,3.27027027027027,0.5237894736842105,"{""2012"": 24, ""2013"": 38, ""2014"": 50}",3.0,5.0,5.0,"landsat7,landsat8",
LT0148,176883.95073085587,4685391.637061279,-73.3239159552558,-47.9033075405053,2016,2014.0,2016.0,35_937,36.0,41.0,87.0,8.65,0.1763546798029556,"{""2014"": 10, ""2015"": 11, ""2016"": 20}",3.0,5.0,5.0,"landsat7,landsat8",
LT0225,174420.88810501125,4848135.910997486,-73.2387407738296,-46.4417325114957,2016,2014.0,2016.0,35_970,26.0,28.0,78.0,12.074074074074074,0.2119626168224299,"{""2014"": 8, ""2015"": 8, ""2016"": 12}",3.0,5.0,5.0,"landsat7,landsat8",
LT0227,173339.8316448651,4848779.539480453,-73.2523255376908,-46.4354340738003,2018,2016.0,2018.0,35_970,18.0,20.0,53.0,17.526315789473685,0.1792307692307692,"{""2016"": 11, ""2017"": 5, ""2018"": 4}",3.0,5.0,5.0,"landsat7,landsat8",
LT0543,182252.64215241664,5133511.217733518,-72.9553270583777,-43.8830173513786,2017,2015.0,2017.0,36_1027,55.0,65.0,22.0,5.578125,0.2405172413793103,"{""2015"": 21, ""2016"": 29, ""2017"": 15}",3.0,5.0,5.0,"landsat7,landsat8",
LT0544,182176.05380571957,5134481.102058785,-72.9557008777434,-43.8742726702501,2017,2015.0,2017.0,36_1027,60.0,65.0,21.0,5.5625,0.2558620689655172,"{""2015"": 23, ""2016"": 27, ""2017"": 15}",3.0,5.0,5.0,"landsat7,landsat8",
LT0561,179245.00774741615,5188499.237027431,-72.9600561257784,-43.3877935365964,2014,2012.0,2014.0,36_1038,47.0,54.0,37.0,6.660377358490566,0.2780952380952381,"{""2012"": 10, ""2013"": 16, ""2014"": 28}",3.0,5.0,5.0,"landsat7,landsat8",
LT0734,178010.92084956064,5404195.450058351,-72.8545045334775,-41.4492434997629,2018,2016.0,2018.0,36_1081,31.0,36.0,43.0,9.742857142857142,0.2144444444444444,"{""2016"": 10, ""2017"": 11, ""2018"": 15}",3.0,5.0,5.0,"landsat7,landsat8",
LT0751,181907.69149929093,5419362.233037581,-72.8000005222881,-41.314480759096,2014,2012.0,2014.0,36_1084,39.0,50.0,29.0,7.122448979591836,0.324516129032258,"{""2012"": 11, ""2013"": 17, ""2014"": 22}",3.0,5.0,5.0,"landsat7,landsat8",
LT0753,181028.71525752376,5420406.89735155,-72.809931280087,-41.3047446248826,2019,2017.0,2019.0,36_1084,31.0,38.0,27.0,9.08108108108108,0.2537704918032787,"{""2017"": 11, ""2018"": 12, ""2019"": 15}",3.0,5.0,5.0,"landsat7,landsat8",
LT0819,180585.2677339809,5468548.542026343,-72.7902325617084,-40.871861372358,2012,2010.0,2012.0,36_1094,16.0,18.0,45.0,19.47058823529412,0.24,"{""2010"": 5, ""2011"": 7, ""2012"": 6}",3.0,5.0,5.0,"landsat5,landsat7",
LT0852,182393.4083569387,5486699.384419469,-72.7595938025929,-40.7094044312942,2018,2016.0,2018.0,36_1097,32.0,34.0,35.0,10.333333333333334,0.2813675213675213,"{""2016"": 15, ""2017"": 9, ""2018"": 10}",3.0,5.0,5.0,"landsat7,landsat8",
LT0871,181772.8935148907,5495595.937909109,-72.7624199484867,-40.6291915713299,2012,2010.0,2012.0,36_1099,20.0,23.0,45.0,15.772727272727272,0.2981818181818181,"{""2010"": 8, ""2011"": 9, ""2012"": 6}",3.0,5.0,5.0,"landsat5,landsat7",
LT0872,180780.66036628053,5495612.394355947,-72.7741186856731,-40.6286611001782,2018,2016.0,2018.0,36_1099,36.0,38.0,29.0,9.0,0.3158974358974359,"{""2016"": 17, ""2017"": 10, ""2018"": 11}",3.0,5.0,5.0,"landsat7,landsat8",
LT1138,179877.15373122995,5597882.306619533,-72.7339807616229,-39.708893972011,2012,2010.0,2012.0,36_1120,23.0,28.0,42.0,12.851851851851851,0.3721212121212121,"{""2010"": 9, ""2011"": 10, ""2012"": 9}",3.0,5.0,5.0,"landsat5,landsat7",
LT1150,182369.4305122577,5605071.4671357935,-72.7015107623994,-39.6451837332084,2013,2011.0,2013.0,36_1121,24.0,25.0,107.0,14.541666666666666,0.3071794871794872,"{""2011"": 9, ""2012"": 8, ""2013"": 8}",3.0,5.0,5.0,"landsat5,landsat7,landsat8",
LT1439,177742.86219627789,5752305.642577638,-72.6859237333147,-38.3194731434406,2013,2011.0,2013.0,36_1150,64.0,75.0,24.0,4.905405405405405,0.4318918918918918,"{""2011"": 25, ""2012"": 20, ""2013"": 30}",3.0,5.0,5.0,"landsat5,landsat7,landsat8",
LT1708,179131.6142438277,5933674.319072438,-72.5909545916296,-36.688464348839,2013,2011.0,2013.0,36_1187,73.0,89.0,15.0,4.113636363636363,0.4566459627329192,"{""2011"": 26, ""2012"": 22, ""2013"": 41}",3.0,5.0,5.0,"landsat5,landsat7,landsat8",
LT0149,177609.14223495766,4689462.58601253,-73.3112023634959,-47.8671481889201,2016,2014.0,2016.0,36_938,33.0,42.0,63.0,8.21951219512195,0.1649261083743842,"{""2014"": 9, ""2015"": 11, ""2016"": 22}",3.0,5.0,5.0,"landsat7,landsat8",
LT0151,178402.65284132282,4691535.590179168,-73.299081273251,-47.8489466203145,2017,2015.0,2017.0,36_938,31.0,40.0,62.0,8.153846153846153,0.1474881516587677,"{""2015"": 13, ""2016"": 16, ""2017"": 11}",3.0,5.0,5.0,"landsat7,landsat8",
LT0152,178328.42612218938,4692527.888601225,-73.2993335061874,-47.8400065242504,2016,2014.0,2016.0,36_939,33.0,39.0,63.0,8.421052631578947,0.1651231527093596,"{""2014"": 8, ""2015"": 12, ""2016"": 19}",3.0,5.0,5.0,"landsat7,landsat8",
LT0157,178086.9481982084,4695476.213975711,-73.3003618951975,-47.8134331239002,2017,2015.0,2017.0,36_939,37.0,39.0,62.0,8.894736842105264,0.1698578199052132,"{""2015"": 9, ""2016"": 16, ""2017"": 14}",3.0,5.0,5.0,"landsat7,landsat8",
LT0160,181626.58775333263,4701838.189773158,-73.2485490278016,-47.7581086330265,2012,2010.0,2012.0,36_940,20.0,23.0,93.0,16.0,0.163859649122807,"{""2010"": 5, ""2011"": 7, ""2012"": 11}",3.0,5.0,5.0,"landsat5,landsat7",
LT0161,179317.61259048252,4705657.95041454,-73.2764600043544,-47.7226923320169,2019,2017.0,2019.0,36_941,33.0,39.0,72.0,8.736842105263158,0.1627184466019417,"{""2017"": 11, ""2018"": 11, ""2019"": 17}",3.0,5.0,5.0,"landsat7,landsat8",
LT0220,180858.3273215079,4842330.218139768,-73.1591323408684,-46.4969164236721,2016,2014.0,2016.0,36_968,33.0,42.0,93.0,8.853658536585366,0.1934090909090909,"{""2014"": 9, ""2015"": 19, ""2016"": 14}",3.0,5.0,5.0,"landsat7,landsat8",
LT0358,177532.12408297887,4966539.134196322,-73.1188229753543,-45.3803486155721,2014,2012.0,2014.0,36_993,14.0,15.0,80.0,23.785714285714285,0.1651764705882352,"{""2012"": 5, ""2013"": 6, ""2014"": 4}",3.0,5.0,5.0,"landsat7,landsat8",
LT0428,183042.13149137332,5027170.108275363,-73.0102510153546,-44.8384290764993,2015,2013.0,2015.0,37_1005,18.0,21.0,72.0,14.55,0.1801904761904761,"{""2013"": 4, ""2014"": 8, ""2015"": 9}",3.0,5.0,5.0,"landsat7,landsat8",
LT0424,185322.19580892468,5023337.342504145,-72.983849164469,-44.8738573016008,2017,2015.0,2017.0,37_1005,29.0,30.0,37.0,11.379310344827584,0.255575221238938,"{""2015"": 9, ""2016"": 11, ""2017"": 10}",3.0,5.0,5.0,"landsat7,landsat8",
LT0484,187439.60100819857,5062636.576943129,-72.9331024690735,-44.5218406667126,2018,2016.0,2018.0,37_1013,31.0,37.0,32.0,9.444444444444445,0.2168707482993197,"{""2016"": 17, ""2017"": 11, ""2018"": 9}",3.0,5.0,5.0,"landsat7,landsat8",
LT0485,185366.69059388764,5063461.507875304,-72.9586226946436,-44.5135313178914,2018,2016.0,2018.0,37_1013,36.0,40.0,21.0,8.615384615384615,0.244625850340136,"{""2016"": 19, ""2017"": 11, ""2018"": 10}",3.0,5.0,5.0,"landsat7,landsat8",
LT0545,183038.1866415781,5136577.005725327,-72.9437524458156,-43.8558171529291,2017,2015.0,2017.0,37_1027,58.0,66.0,24.0,5.492307692307692,0.2477586206896551,"{""2015"": 24, ""2016"": 27, ""2017"": 15}",3.0,5.0,5.0,"landsat7,landsat8",
LT0682,184940.08134560112,5348407.092798116,-72.8011886403368,-41.9533853226486,2015,2013.0,2015.0,37_1070,64.0,72.0,27.0,5.070422535211268,0.2829223744292237,"{""2013"": 22, ""2014"": 27, ""2015"": 23}",3.0,5.0,5.0,"landsat7,landsat8",
LT0692,186324.49231260372,5357566.598977598,-72.7796544059538,-41.8716188946607,2013,2011.0,2013.0,37_1072,38.0,43.0,38.0,8.523809523809524,0.2543243243243243,"{""2011"": 12, ""2012"": 14, ""2013"": 17}",3.0,5.0,5.0,"landsat5,landsat7,landsat8",
LT0729,185260.38459092609,5401597.189489122,-72.7692581371566,-41.4754699051822,2015,2013.0,2015.0,37_1080,55.0,67.0,28.0,5.484848484848484,0.2514285714285714,"{""2013"": 16, ""2014"": 25, ""2015"": 26}",3.0,5.0,5.0,"landsat7,landsat8",
LT0740,186563.3862968975,5408617.7765614325,-72.7500457754679,-41.4128774493773,2016,2014.0,2016.0,37_1082,65.0,79.0,24.0,4.615384615384615,0.2856410256410256,"{""2014"": 30, ""2015"": 26, ""2016"": 23}",3.0,5.0,5.0,"landsat7,landsat8",
LT0814,185903.49552246797,5464876.20621597,-72.72910948419,-40.9069283426816,2017,2015.0,2017.0,37_1093,35.0,40.0,26.0,8.820512820512821,0.3247272727272727,"{""2015"": 17, ""2016"": 14, ""2017"": 9}",3.0,5.0,5.0,"landsat7,landsat8",
LT0888,184464.12248386015,5501854.641463235,-72.7275345606211,-40.5739590216423,2013,2011.0,2013.0,37_1100,24.0,26.0,62.0,14.28,0.3205555555555555,"{""2011"": 10, ""2012"": 7, ""2013"": 9}",3.0,5.0,5.0,"landsat5,landsat7,landsat8",
LT1080,186470.11383140192,5573209.842849485,-72.6690238072247,-39.9331859470111,2012,2010.0,2012.0,37_1115,21.0,21.0,45.0,17.35,0.3145454545454546,"{""2010"": 7, ""2011"": 10, ""2012"": 4}",3.0,5.0,5.0,"landsat5,landsat7",
LT1161,184282.9720449999,5610184.386023128,-72.6768174904269,-39.5999175225939,2015,2013.0,2015.0,37_1122,41.0,42.0,37.0,8.853658536585366,0.3779816513761468,"{""2013"": 13, ""2014"": 14, ""2015"": 15}",3.0,5.0,5.0,"landsat7,landsat8",
LT1207,185924.31911473407,5627357.2467951365,-72.6496363230182,-39.4460989240579,2015,2013.0,2015.0,37_1125,46.0,47.0,37.0,7.826086956521739,0.4504854368932038,"{""2013"": 13, ""2014"": 15, ""2015"": 19}",3.0,5.0,5.0,"landsat7,landsat8",
LT1212,186747.2180316007,5629410.934670143,-72.6391298145455,-39.4279307077595,2016,2014.0,2016.0,37_1126,47.0,50.0,66.0,7.346938775510204,0.4072413793103448,"{""2014"": 16, ""2015"": 17, ""2016"": 17}",3.0,5.0,5.0,"landsat7,landsat8",
LT1245,187333.49850105983,5651508.781922438,-72.6220518448528,-39.2294229744178,2013,2011.0,2013.0,37_1130,37.0,39.0,40.0,9.473684210526317,0.5167123287671233,"{""2011"": 13, ""2012"": 11, ""2013"": 15}",3.0,5.0,5.0,"landsat5,landsat7,landsat8",
LT1342,186195.38445571827,5713607.827911076,-72.6067587424424,-38.6705308487417,2013,2011.0,2013.0,37_1143,35.0,40.0,38.0,9.025641025641026,0.4613698630136986,"{""2011"": 14, ""2012"": 11, ""2013"": 15}",3.0,5.0,5.0,"landsat5,landsat7,landsat8",
LT1489,185074.47616800125,5777739.883809243,-72.5909489589568,-38.0933016773199,2014,2012.0,2014.0,37_1156,87.0,95.0,16.0,3.872340425531915,0.4564705882352941,"{""2012"": 23, ""2013"": 27, ""2014"": 45}",3.0,5.0,5.0,"landsat7,landsat8",
LT1521,185400.55573518455,5788824.398746942,-72.5823699086991,-37.9937082779112,2014,2012.0,2014.0,37_1158,71.0,84.0,23.0,4.349397590361446,0.3735449735449735,"{""2012"": 16, ""2013"": 26, ""2014"": 42}",3.0,5.0,5.0,"landsat7,landsat8",
LT1706,185325.68987690005,5931150.115212925,-72.5227919432781,-36.7132461463405,2013,2011.0,2013.0,37_1186,84.0,89.0,18.0,4.136363636363637,0.5125465838509317,"{""2011"": 26, ""2012"": 21, ""2013"": 42}",3.0,5.0,5.0,"landsat5,landsat7,landsat8",
LT0138,182674.50313086947,4649694.892932931,-73.2731268702007,-48.2264744193427,2013,2011.0,2013.0,37_930,20.0,23.0,67.0,15.545454545454543,0.161311475409836,"{""2011"": 8, ""2012"": 6, ""2013"": 9}",3.0,5.0,5.0,"landsat5,landsat7,landsat8",
LT0146,185469.52851277776,4678015.211270394,-73.2147356757074,-47.9737603684657,2017,2015.0,2017.0,37_936,44.0,48.0,63.0,7.148936170212766,0.1967772511848341,"{""2015"": 15, ""2016"": 24, ""2017"": 9}",3.0,5.0,5.0,"landsat7,landsat8",
LT0189,185435.61834252428,4795490.4066650495,-73.1316490344292,-46.9195013593161,2014,2012.0,2014.0,37_959,49.0,58.0,82.0,6.228070175438597,0.3163870967741935,"{""2012"": 15, ""2013"": 21, ""2014"": 22}",3.0,5.0,5.0,"landsat7,landsat8",
LT0369,183269.8222482725,4969990.116737528,-73.0435098034397,-45.3519796992027,2014,2012.0,2014.0,37_994,19.0,19.0,62.0,19.38888888888889,0.1991489361702127,"{""2012"": 4, ""2013"": 5, ""2014"": 10}",3.0,5.0,5.0,"landsat7,landsat8",
LT0431,188583.5912740407,5033567.760941847,-72.9363892927973,-44.7834107833163,2017,2015.0,2017.0,38_1007,30.0,32.0,37.0,10.64516129032258,0.2676106194690265,"{""2015"": 9, ""2016"": 13, ""2017"": 10}",3.0,5.0,5.0,"landsat7,landsat8",
LT0541,188419.13279813263,5132010.135878162,-72.8796185386946,-43.8991307611216,2016,2014.0,2016.0,38_1026,47.0,59.0,24.0,6.224137931034483,0.2112340425531914,"{""2014"": 14, ""2015"": 21, ""2016"": 24}",3.0,5.0,5.0,"landsat7,landsat8",
LT0540,192458.1147761824,5131237.449161533,-72.8298849544972,-43.9077673220987,2017,2015.0,2017.0,38_1026,55.0,64.0,26.0,5.666666666666667,0.2393073593073593,"{""2015"": 20, ""2016"": 28, ""2017"": 16}",3.0,5.0,5.0,"landsat7,landsat8",
LT0598,190804.37468074227,5251507.467421931,-72.7825852637859,-42.8265089184403,2013,2011.0,2013.0,38_1050,40.0,51.0,26.0,7.14,0.3030656934306569,"{""2011"": 20, ""2012"": 16, ""2013"": 15}",3.0,5.0,5.0,"landsat5,landsat7,landsat8",
LT0607,188173.32279878244,5260377.920560065,-72.8098053078212,-42.7457367335161,2016,2014.0,2016.0,38_1052,64.0,73.0,18.0,5.027777777777778,0.2730801687763713,"{""2014"": 25, ""2015"": 24, ""2016"": 24}",3.0,5.0,5.0,"landsat7,landsat8",
LT0637,188771.21595266048,5307493.468635078,-72.7768804479364,-42.3225945609991,2012,2010.0,2012.0,38_1061,37.0,42.0,49.0,8.536585365853659,0.2873846153846154,"{""2010"": 15, ""2011"": 14, ""2012"": 13}",3.0,5.0,5.0,"landsat5,landsat7",
LT0641,192475.382362373,5312845.603623118,-72.7291786937569,-42.2759653648541,2012,2010.0,2012.0,38_1063,40.0,46.0,43.0,8.0,0.3066666666666666,"{""2010"": 15, ""2011"": 17, ""2012"": 14}",3.0,5.0,5.0,"landsat5,landsat7",
LT0698,189839.06040737728,5364755.941274093,-72.7336294659378,-41.8083879806684,2014,2012.0,2014.0,38_1073,55.0,65.0,20.0,5.5625,0.3147428571428571,"{""2012"": 13, ""2013"": 22, ""2014"": 30}",3.0,5.0,5.0,"landsat7,landsat8",
LT0736,191889.70714173792,5407106.697993828,-72.6872171286111,-41.428518514884,2013,2011.0,2013.0,38_1081,40.0,47.0,27.0,7.782608695652174,0.2754054054054054,"{""2011"": 16, ""2012"": 11, ""2013"": 20}",3.0,5.0,5.0,"landsat5,landsat7,landsat8",
LT0745,190417.58939240908,5414023.388606533,-72.7012652706372,-41.3657803721539,2012,2010.0,2012.0,38_1083,40.0,48.0,45.0,7.170212765957447,0.321259842519685,"{""2010"": 15, ""2011"": 20, ""2012"": 13}",3.0,5.0,5.0,"landsat5,landsat7",
LT0746,188342.8958223114,5414879.6347417645,-72.7255798947868,-41.3572839972188,2012,2010.0,2012.0,38_1083,39.0,47.0,52.0,7.391304347826087,0.3108661417322834,"{""2010"": 13, ""2011"": 20, ""2012"": 14}",3.0,5.0,5.0,"landsat5,landsat7",
LT0752,190997.47137073328,5420013.101720362,-72.6913007166712,-41.3121616863922,2015,2013.0,2015.0,38_1084,58.0,70.0,24.0,5.217391304347826,0.2761643835616438,"{""2013"": 18, ""2014"": 23, ""2015"": 29}",3.0,5.0,5.0,"landsat7,landsat8",
LT0756,189842.87186166487,5422011.586427552,-72.7040477412803,-41.29375464811,2019,2017.0,2019.0,38_1084,58.0,70.0,25.0,5.043478260869565,0.247563025210084,"{""2017"": 19, ""2018"": 27, ""2019"": 24}",3.0,5.0,5.0,"landsat7,landsat8",
LT0760,189512.1115479443,5426992.278952293,-72.7054539849851,-41.2488564677197,2014,2012.0,2014.0,38_1085,47.0,59.0,29.0,6.017241379310345,0.2568539325842696,"{""2012"": 12, ""2013"": 21, ""2014"": 26}",3.0,5.0,5.0,"landsat7,landsat8",
LT0758,191717.8598468757,5424138.621496386,-72.6806241131511,-41.2753522569498,2019,2017.0,2019.0,38_1085,61.0,71.0,23.0,5.0,0.2554621848739495,"{""2017"": 25, ""2018"": 27, ""2019"": 19}",3.0,5.0,5.0,"landsat7,landsat8",
LT0796,191722.25384613685,5453171.171211874,-72.6659878475609,-41.0143668157932,2014,2012.0,2014.0,38_1091,41.0,53.0,32.0,6.711538461538462,0.2676543209876543,"{""2012"": 15, ""2013"": 17, ""2014"": 21}",3.0,5.0,5.0,"landsat7,landsat8",
LT0812,189993.77568166045,5464005.774669235,-72.6810784387997,-40.9163124544968,2012,2010.0,2012.0,38_1093,21.0,25.0,32.0,13.541666666666666,0.2056565656565656,"{""2010"": 11, ""2011"": 7, ""2012"": 7}",3.0,5.0,5.0,"landsat5,landsat7",
LT0821,188560.4076894878,5470050.167416935,-72.6950367517319,-40.8614313839276,2017,2015.0,2017.0,38_1094,41.0,47.0,37.0,7.826086956521739,0.3501754385964912,"{""2015"": 19, ""2016"": 15, ""2017"": 13}",3.0,5.0,5.0,"landsat7,landsat8",
LT1069,189738.535636156,5570430.18575287,-72.6321718351816,-39.9593833015918,2012,2010.0,2012.0,38_1114,26.0,27.0,45.0,13.346153846153848,0.3927272727272727,"{""2010"": 9, ""2011"": 11, ""2012"": 7}",3.0,5.0,5.0,"landsat5,landsat7",
LT1157,191233.3672812161,5608519.172216672,-72.596800883393,-39.6174241194964,2013,2011.0,2013.0,38_1122,31.0,32.0,38.0,11.612903225806452,0.401025641025641,"{""2011"": 12, ""2012"": 7, ""2013"": 13}",3.0,5.0,5.0,"landsat5,landsat7,landsat8",
LT1199,188130.10525421792,5624494.592717156,-72.625389776772,-39.4726425905503,2013,2011.0,2013.0,38_1125,38.0,39.0,21.0,9.473684210526317,0.5077333333333334,"{""2011"": 13, ""2012"": 12, ""2013"": 14}",3.0,5.0,5.0,"landsat5,landsat7,landsat8",
LT1466,191908.80087368755,5765121.332602583,-72.5186130892163,-38.2091683167179,2013,2011.0,2013.0,38_1153,32.0,35.0,38.0,10.441176470588236,0.4081012658227848,"{""2011"": 12, ""2012"": 12, ""2013"": 11}",3.0,5.0,5.0,"landsat5,landsat7,landsat8",
LT1487,190132.02659733768,5777077.625832859,-72.5336692414717,-38.1010063591598,2014,2012.0,2014.0,38_1155,46.0,53.0,21.0,6.711538461538462,0.376198347107438,"{""2012"": 13, ""2013"": 15, ""2014"": 25}",3.0,5.0,5.0,"landsat7,landsat8",
LT1818,191225.2964193257,6062773.047599327,-72.4052484486841,-35.5306339515831,2013,2011.0,2013.0,38_1213,83.0,94.0,21.0,3.89247311827957,0.523,"{""2011"": 26, ""2012"": 23, ""2013"": 45}",3.0,5.0,5.0,"landsat5,landsat7,landsat8",
LT0145,189542.37295144636,4677325.864155747,-73.1608069987671,-47.981933937726,2016,2014.0,2016.0,38_935,35.0,40.0,63.0,8.153846153846153,0.1784313725490196,"{""2014"": 8, ""2015"": 9, ""2016"": 23}",3.0,5.0,5.0,"landsat7,landsat8",
LT0147,188476.339639928,4678262.778046947,-73.1743760140632,-47.9730088135951,2016,2014.0,2016.0,38_936,32.0,37.0,63.0,8.833333333333334,0.1578431372549019,"{""2014"": 7, ""2015"": 8, ""2016"": 22}",3.0,5.0,5.0,"landsat7,landsat8",
LT0429,194035.9828904455,5028005.91232938,-72.87097284824,-44.8357184537574,2015,2013.0,2015.0,39_1006,21.0,22.0,42.0,15.857142857142858,0.1996190476190476,"{""2013"": 4, ""2014"": 8, ""2015"": 10}",3.0,5.0,5.0,"landsat7,landsat8",
LT0432,194315.87569911545,5037057.412392718,-72.8620052363136,-44.7545400686887,2017,2015.0,2017.0,39_1007,32.0,33.0,26.0,10.5,0.2817699115044247,"{""2015"": 9, ""2016"": 15, ""2017"": 9}",3.0,5.0,5.0,"landsat7,landsat8",
LT0435,195268.01999528584,5038119.2551125465,-72.8493689581424,-44.7454084720139,2018,2016.0,2018.0,39_1008,32.0,32.0,26.0,11.161290322580646,0.2737391304347826,"{""2016"": 15, ""2017"": 9, ""2018"": 8}",3.0,5.0,5.0,"landsat7,landsat8",
LT0452,193605.73065599255,5047081.363811154,-72.8649513588032,-44.6642029620551,2015,2013.0,2015.0,39_1009,25.0,27.0,29.0,12.807692307692308,0.2377142857142857,"{""2013"": 5, ""2014"": 13, ""2015"": 9}",3.0,5.0,5.0,"landsat7,landsat8",
LT0460,194280.73580307083,5050092.540379478,-72.8546612928726,-44.6374439794781,2015,2013.0,2015.0,39_1010,24.0,29.0,32.0,11.892857142857142,0.2266666666666666,"{""2013"": 7, ""2014"": 11, ""2015"": 11}",3.0,5.0,5.0,"landsat7,landsat8",
LT0537,195810.79531835855,5126466.503055874,-72.7909494907788,-43.9520197307232,2016,2014.0,2016.0,39_1025,39.0,50.0,32.0,7.285714285714286,0.2294857142857143,"{""2014"": 11, ""2015"": 16, ""2016"": 23}",3.0,5.0,5.0,"landsat7,landsat8",
LT0538,194668.69033299712,5128398.158377277,-72.8040436269933,-43.9341935223291,2016,2014.0,2016.0,39_1026,55.0,60.0,25.0,6.033898305084746,0.2754871794871795,"{""2014"": 15, ""2015"": 18, ""2016"": 27}",3.0,5.0,5.0,"landsat7,landsat8",
LT0589,195384.8849500028,5243842.268211032,-72.7308165834257,-42.8972262134132,2016,2014.0,2016.0,39_1049,61.0,71.0,25.0,5.1571428571428575,0.2660344827586207,"{""2014"": 20, ""2015"": 26, ""2016"": 25}",3.0,5.0,5.0,"landsat7,landsat8",
LT0677,196757.77073230245,5347278.148395324,-72.6594762382701,-41.9681620370701,2016,2014.0,2016.0,39_1069,56.0,67.0,20.0,5.4393939393939394,0.2381434599156118,"{""2014"": 23, ""2015"": 20, ""2016"": 24}",3.0,5.0,5.0,"landsat7,landsat8",
LT0684,192929.65925806668,5348994.758901189,-72.704685501246,-41.9512525085147,2015,2013.0,2015.0,39_1070,51.0,58.0,29.0,6.350877192982456,0.2361643835616438,"{""2013"": 15, ""2014"": 21, ""2015"": 22}",3.0,5.0,5.0,"landsat7,landsat8",
LT0686,194762.29020814225,5351127.634439409,-72.6815153012459,-41.9327928040288,2015,2013.0,2015.0,39_1070,51.0,61.0,24.0,6.0,0.2263013698630137,"{""2013"": 16, ""2014"": 23, ""2015"": 22}",3.0,5.0,5.0,"landsat7,landsat8",
LT0694,194860.8913188913,5359238.951058457,-72.6761393112152,-41.8599244522759,2016,2014.0,2016.0,39_1072,70.0,76.0,17.0,4.6,0.2909704641350211,"{""2014"": 26, ""2015"": 20, ""2016"": 30}",3.0,5.0,5.0,"landsat7,landsat8",
LT0708,196837.94632313843,5379356.216805874,-72.6421109844095,-41.679854847198,2013,2011.0,2013.0,39_1076,36.0,42.0,36.0,8.512195121951219,0.2416216216216216,"{""2011"": 14, ""2012"": 10, ""2013"": 18}",3.0,5.0,5.0,"landsat5,landsat7,landsat8",
LT0716,193144.91360252505,5389132.796581244,-72.6813795861126,-41.5905635308433,2013,2011.0,2013.0,39_1078,34.0,48.0,26.0,7.617021276595745,0.2359459459459459,"{""2011"": 14, ""2012"": 12, ""2013"": 22}",3.0,5.0,5.0,"landsat5,landsat7,landsat8",
LT0717,193905.18351843016,5389436.54110074,-72.6721216351646,-41.5881247509085,2014,2012.0,2014.0,39_1078,41.0,52.0,24.0,7.0,0.2397714285714285,"{""2012"": 10, ""2013"": 21, ""2014"": 21}",3.0,5.0,5.0,"landsat7,landsat8",
LT0715,195211.391924677,5388253.5994221,-72.6570831920685,-41.5992572474044,2019,2017.0,2019.0,39_1078,53.0,60.0,22.0,5.864406779661017,0.2218487394957983,"{""2017"": 16, ""2018"": 29, ""2019"": 15}",3.0,5.0,5.0,"landsat7,landsat8",
LT0723,195512.37716970587,5398324.53706195,-72.6483778097105,-41.5088438332439,2013,2011.0,2013.0,39_1080,37.0,47.0,26.0,7.826086956521739,0.2478378378378378,"{""2011"": 16, ""2012"": 13, ""2013"": 18}",3.0,5.0,5.0,"landsat5,landsat7,landsat8",
LT0722,194487.41407052815,5398235.190355071,-72.6606802016545,-41.5092569754477,2016,2014.0,2016.0,39_1080,68.0,79.0,30.0,4.461538461538462,0.290801687763713,"{""2014"": 23, ""2015"": 29, ""2016"": 27}",3.0,5.0,5.0,"landsat7,landsat8",
LT0725,196497.74481561675,5398406.113389394,-72.636552907131,-41.5084842246488,2019,2017.0,2019.0,39_1080,53.0,66.0,27.0,5.292307692307692,0.2267226890756302,"{""2017"": 18, ""2018"": 22, ""2019"": 26}",3.0,5.0,5.0,"landsat7,landsat8",
LT0741,193737.1422647236,5409147.893102528,-72.6641191741822,-41.4108759700363,2014,2012.0,2014.0,39_1082,54.0,61.0,29.0,5.9,0.2978285714285714,"{""2012"": 13, ""2013"": 24, ""2014"": 24}",3.0,5.0,5.0,"landsat7,landsat8",
LT0799,196561.82729094668,5455575.6818779055,-72.6073657398935,-40.9945644872613,2015,2013.0,2015.0,39_1091,50.0,57.0,28.0,6.375,0.2290909090909091,"{""2013"": 15, ""2014"": 18, ""2015"": 24}",3.0,5.0,5.0,"landsat7,landsat8",
LT0844,193786.7801342236,5481420.088786274,-72.6275698611077,-40.7611795837271,2016,2014.0,2016.0,39_1096,45.0,49.0,32.0,7.520833333333333,0.3616260162601626,"{""2014"": 9, ""2015"": 20, ""2016"": 20}",3.0,5.0,5.0,"landsat7,landsat8",
LT1096,193014.52796305492,5581699.971262804,-72.5885930613663,-39.8592376509691,2012,2010.0,2012.0,39_1116,19.0,21.0,56.0,17.35,0.2806060606060606,"{""2010"": 8, ""2011"": 9, ""2012"": 4}",3.0,5.0,5.0,"landsat5,landsat7",
LT1197,197166.90969569783,5624643.166006609,-72.5204610347555,-39.4745324226444,2015,2013.0,2015.0,39_1125,49.0,51.0,24.0,7.26,0.4730097087378641,"{""2013"": 14, ""2014"": 17, ""2015"": 20}",3.0,5.0,5.0,"landsat7,landsat8",
LT1717,193436.2146099006,5945714.429547412,-72.4263258357479,-36.5848364852449,2012,2010.0,2012.0,39_1189,71.0,77.0,33.0,4.776315789473684,0.4882857142857142,"{""2010"": 27, ""2011"": 26, ""2012"": 24}",3.0,5.0,5.0,"landsat5,landsat7",
LT1817,193420.97706541265,6062796.664915854,-72.381062795313,-35.5311023434378,2016,2014.0,2016.0,39_1213,131.0,147.0,12.0,2.4726027397260277,0.5243373493975904,"{""2014"": 53, ""2015"": 51, ""2016"": 43}",3.0,5.0,5.0,"landsat7,landsat8",
LT0139,196076.65652374824,4657770.953359371,-73.0873626318348,-48.1605602611379,2017,2015.0,2017.0,39_932,37.0,42.0,62.0,8.073170731707316,0.1791304347826087,"{""2015"": 12, ""2016"": 20, ""2017"": 10}",3.0,5.0,5.0,"landsat7,landsat8",
LT0143,192709.9677090753,4675575.066434249,-73.1197209528805,-47.9991739401957,2016,2014.0,2016.0,39_935,34.0,41.0,63.0,7.95,0.1711764705882353,"{""2014"": 12, ""2015"": 10, ""2016"": 19}",3.0,5.0,5.0,"landsat7,landsat8",
LT0218,197208.28536781232,4838550.589463313,-72.9490460558898,-46.5383941176688,2016,2014.0,2016.0,39_968,41.0,50.0,103.0,7.285714285714286,0.1836036036036036,"{""2014"": 9, ""2015"": 19, ""2016"": 22}",3.0,5.0,5.0,"landsat7,landsat8",
LT0347,194199.97704419924,4957704.245992486,-72.9119235285347,-45.4671616989672,2018,2016.0,2018.0,39_992,24.0,26.0,61.0,13.76,0.2141592920353982,"{""2016"": 12, ""2017"": 8, ""2018"": 6}",3.0,5.0,5.0,"landsat7,landsat8",
LT0459,198458.29227976975,5049398.187702457,-72.8025129639602,-44.6454454440242,2017,2015.0,2017.0,40_1010,32.0,32.0,37.0,11.161290322580646,0.2679646017699115,"{""2015"": 7, ""2016"": 16, ""2017"": 9}",3.0,5.0,5.0,"landsat7,landsat8",
LT0468,201211.47456112067,5052599.517566375,-72.7660069443459,-44.6178376440374,2017,2015.0,2017.0,40_1011,29.0,33.0,37.0,10.8125,0.2679646017699115,"{""2015"": 7, ""2016"": 16, ""2017"": 10}",3.0,5.0,5.0,"landsat7,landsat8",
LT0535,199038.43369188785,5123688.527813269,-72.7523838433394,-43.978304216582,2017,2015.0,2017.0,40_1025,30.0,38.0,34.0,9.64864864864865,0.2608,"{""2015"": 12, ""2016"": 16, ""2017"": 10}",3.0,5.0,5.0,"landsat7,landsat8",
LT0539,197612.17676746837,5128556.336567626,-72.767360408653,-43.9339865246149,2013,2011.0,2013.0,40_1026,23.0,27.0,64.0,13.153846153846152,0.2453333333333333,"{""2011"": 8, ""2012"": 7, ""2013"": 12}",3.0,5.0,5.0,"landsat5,landsat7,landsat8",
LT0582,199840.1620394544,5237037.701778498,-72.6800040485086,-42.9601403430637,2013,2011.0,2013.0,40_1047,36.0,37.0,33.0,9.916666666666666,0.2443795620437956,"{""2011"": 14, ""2012"": 8, ""2013"": 15}",3.0,5.0,5.0,"landsat5,landsat7,landsat8",
LT0662,201609.88563407352,5340549.010995322,-72.604450835197,-42.0304995516895,2015,2013.0,2015.0,40_1068,63.0,71.0,27.0,5.142857142857143,0.2814611872146119,"{""2013"": 19, ""2014"": 22, ""2015"": 30}",3.0,5.0,5.0,"landsat7,landsat8",
LT0665,199428.68182828272,5342411.981240471,-72.6297942992435,-42.0129242837296,2015,2013.0,2015.0,40_1068,52.0,60.0,35.0,6.101694915254237,0.2350684931506849,"{""2013"": 19, ""2014"": 21, ""2015"": 20}",3.0,5.0,5.0,"landsat7,landsat8",
LT0669,199337.6797685673,5343407.689731638,-72.6303815477329,-42.003939581781,2015,2013.0,2015.0,40_1069,48.0,54.0,52.0,6.735849056603773,0.2126027397260274,"{""2013"": 17, ""2014"": 21, ""2015"": 16}",3.0,5.0,5.0,"landsat7,landsat8",
LT0724,197813.036183632,5398445.437408106,-72.6208037138049,-41.5086276613609,2013,2011.0,2013.0,40_1080,47.0,52.0,26.0,7.0588235294117645,0.3178378378378378,"{""2011"": 16, ""2012"": 14, ""2013"": 22}",3.0,5.0,5.0,"landsat5,landsat7,landsat8",
LT0735,202014.2565525159,5405753.627003028,-72.5669505723469,-41.4445000279664,2014,2012.0,2014.0,40_1081,57.0,64.0,35.0,5.650793650793651,0.32,"{""2012"": 15, ""2013"": 23, ""2014"": 26}",3.0,5.0,5.0,"landsat7,landsat8",
LT0739,199817.90654531325,5408653.250068617,-72.5917529350859,-41.4176152469169,2018,2016.0,2018.0,40_1082,64.0,74.0,25.0,4.849315068493151,0.2641666666666666,"{""2016"": 28, ""2017"": 20, ""2018"": 26}",3.0,5.0,5.0,"landsat7,landsat8",
LT0772,200939.80726315916,5435812.846962375,-72.5650174156095,-41.173861962115,2012,2010.0,2012.0,40_1087,45.0,55.0,29.0,6.666666666666667,0.3294814814814815,"{""2010"": 18, ""2011"": 21, ""2012"": 16}",3.0,5.0,5.0,"landsat5,landsat7",
LT0776,199864.23115720472,5436747.536983819,-72.5773574951746,-41.1650614057225,2012,2010.0,2012.0,40_1087,44.0,52.0,23.0,7.0588235294117645,0.3300740740740741,"{""2010"": 16, ""2011"": 20, ""2012"": 16}",3.0,5.0,5.0,"landsat5,landsat7",
LT0774,201948.7819862081,5435885.567098066,-72.5529764929104,-41.1735796067351,2019,2017.0,2019.0,40_1087,69.0,74.0,16.0,4.794520547945205,0.2736,"{""2017"": 23, ""2018"": 28, ""2019"": 23}",3.0,5.0,5.0,"landsat7,landsat8",
LT0778,199807.60412576888,5437741.595300266,-72.5775445322699,-41.1561034789137,2012,2010.0,2012.0,40_1088,47.0,55.0,25.0,6.666666666666667,0.3428148148148148,"{""2010"": 17, ""2011"": 20, ""2012"": 18}",3.0,5.0,5.0,"landsat5,landsat7",
LT0784,199367.3048073508,5442855.504410497,-72.5802782586559,-41.1099643998904,2015,2013.0,2015.0,40_1089,59.0,68.0,23.0,5.373134328358209,0.2521052631578947,"{""2013"": 22, ""2014"": 22, ""2015"": 24}",3.0,5.0,5.0,"landsat7,landsat8",
LT0794,201763.23573639055,5452924.940150891,-72.5469232692021,-41.0203145813057,2013,2011.0,2013.0,40_1091,36.0,43.0,35.0,8.523809523809524,0.2311111111111111,"{""2011"": 15, ""2012"": 11, ""2013"": 17}",3.0,5.0,5.0,"landsat5,landsat7,landsat8",
LT1107,200807.9905773871,5587124.782165444,-72.4951741272941,-39.8132323099653,2013,2011.0,2013.0,40_1117,21.0,23.0,59.0,15.772727272727272,0.2933333333333333,"{""2011"": 9, ""2012"": 6, ""2013"": 8}",3.0,5.0,5.0,"landsat5,landsat7,landsat8",
LT1200,202104.7748517875,5625435.839719291,-72.4628031787031,-39.4691258275602,2014,2012.0,2014.0,40_1125,41.0,42.0,27.0,8.512195121951219,0.4837647058823529,"{""2012"": 10, ""2013"": 15, ""2014"": 17}",3.0,5.0,5.0,"landsat7,landsat8",
LT1338,199316.83011891655,5712391.629396268,-72.4567327229941,-38.6860225050531,2013,2011.0,2013.0,40_1142,32.0,34.0,40.0,10.666666666666666,0.4361643835616438,"{""2011"": 11, ""2012"": 10, ""2013"": 13}",3.0,5.0,5.0,"landsat5,landsat7,landsat8",
LT1828,198644.9512503348,6072355.877629449,-72.3199931164889,-35.446655645391,2015,2013.0,2015.0,40_1214,136.0,144.0,13.0,2.5454545454545454,0.5588477366255145,"{""2013"": 43, ""2014"": 51, ""2015"": 50}",3.0,5.0,5.0,"landsat7,landsat8",
LT0113,201071.0262704445,4332717.854507587,-73.2681758090716,-51.0790212974155,2013,2011.0,2013.0,40_867,23.0,28.0,125.0,13.296296296296296,0.1855172413793103,"{""2011"": 5, ""2012"": 11, ""2013"": 12}",3.0,5.0,5.0,"landsat5,landsat7,landsat8",
LT0162,198907.3991094309,4712193.966343902,-73.0113939470731,-47.6734579160193,2015,2013.0,2015.0,40_942,40.0,45.0,74.0,8.045454545454545,0.212258064516129,"{""2013"": 12, ""2014"": 14, ""2015"": 19}",3.0,5.0,5.0,"landsat7,landsat8",
LT0350,198999.5235110646,4961093.155463592,-72.8485924990068,-45.4388109854797,2018,2016.0,2018.0,40_992,31.0,32.0,38.0,10.741935483870968,0.2693805309734513,"{""2016"": 14, ""2017"": 9, ""2018"": 9}",3.0,5.0,5.0,"landsat7,landsat8",
LT0453,205582.01792400252,5047909.859495245,-72.7137258353437,-44.6617694945615,2017,2015.0,2017.0,41_1010,36.0,37.0,32.0,9.61111111111111,0.3093805309734513,"{""2015"": 10, ""2016"": 17, ""2017"": 10}",3.0,5.0,5.0,"landsat7,landsat8",
LT0530,205145.71568413987,5122147.123755448,-72.6772511092453,-43.994627302908,2013,2011.0,2013.0,41_1024,21.0,22.0,80.0,15.38095238095238,0.2946478873239436,"{""2011"": 8, ""2012"": 8, ""2013"": 6}",3.0,5.0,5.0,"landsat5,landsat7,landsat8",
LT0528,207322.6354195288,5120306.308707641,-72.6511722353305,-44.0120373387623,2017,2015.0,2017.0,41_1024,36.0,39.0,32.0,9.394736842105264,0.3125663716814159,"{""2015"": 11, ""2016"": 16, ""2017"": 12}",3.0,5.0,5.0,"landsat7,landsat8",
LT0583,202843.8086104564,5237177.304450722,-72.643177912243,-42.9600629755924,2013,2011.0,2013.0,41_1047,47.0,54.0,26.0,6.79245283018868,0.3388235294117647,"{""2011"": 20, ""2012"": 14, ""2013"": 20}",3.0,5.0,5.0,"landsat5,landsat7,landsat8",
LT0604,203431.44828682533,5257439.2100620745,-72.6253007050379,-42.7781943399313,2013,2011.0,2013.0,41_1051,42.0,48.0,27.0,7.659574468085107,0.3080291970802919,"{""2011"": 16, ""2012"": 12, ""2013"": 20}",3.0,5.0,5.0,"landsat5,landsat7,landsat8",
LT0612,206833.51527864925,5267714.813523239,-72.5784725432347,-42.6871465063393,2013,2011.0,2013.0,41_1054,46.0,52.0,32.0,7.0588235294117645,0.3043243243243243,"{""2011"": 20, ""2012"": 14, ""2013"": 18}",3.0,5.0,5.0,"landsat5,landsat7,landsat8",
LT0614,206828.1993321046,5268607.196786881,-72.5780764174705,-42.6791237402731,2013,2011.0,2013.0,41_1054,44.0,51.0,32.0,7.2,0.2910810810810811,"{""2011"": 18, ""2012"": 14, ""2013"": 19}",3.0,5.0,5.0,"landsat5,landsat7,landsat8",
LT0622,204807.51108676184,5279677.30860651,-72.5969502228978,-42.5788544700199,2013,2011.0,2013.0,41_1056,43.0,50.0,26.0,7.346938775510204,0.2816216216216216,"{""2011"": 18, ""2012"": 15, ""2013"": 17}",3.0,5.0,5.0,"landsat5,landsat7,landsat8",
LT0672,204266.3397196958,5344713.745327134,-72.570325327138,-41.9940648723918,2014,2012.0,2014.0,41_1069,60.0,66.0,19.0,5.476923076923077,0.3414857142857143,"{""2012"": 18, ""2013"": 21, ""2014"": 27}",3.0,5.0,5.0,"landsat7,landsat8",
LT0759,203629.5258142982,5425968.226419358,-72.537784883828,-41.263359563156,2014,2012.0,2014.0,41_1085,50.0,56.0,32.0,6.4363636363636365,0.2739664804469274,"{""2012"": 13, ""2013"": 19, ""2014"": 24}",3.0,5.0,5.0,"landsat7,landsat8",
LT0766,205213.2701869483,5432099.4233718505,-72.5159550416455,-41.2088138593733,2012,2010.0,2012.0,41_1086,46.0,60.0,29.0,6.101694915254237,0.374488188976378,"{""2010"": 18, ""2011"": 21, ""2012"": 21}",3.0,5.0,5.0,"landsat5,landsat7",
LT0764,205277.8491492681,5431092.940822757,-72.5156712422176,-41.2178865617275,2019,2017.0,2019.0,41_1086,69.0,80.0,19.0,4.455696202531645,0.2873770491803278,"{""2017"": 28, ""2018"": 30, ""2019"": 22}",3.0,5.0,5.0,"landsat7,landsat8",
LT0768,203146.07349208457,5432957.44173859,-72.5401495224988,-41.2003447199491,2012,2010.0,2012.0,41_1087,46.0,56.0,29.0,6.545454545454546,0.3374814814814815,"{""2010"": 14, ""2011"": 22, ""2012"": 20}",3.0,5.0,5.0,"landsat5,landsat7",
LT0769,206138.42049144057,5433166.299342904,-72.5044280386638,-41.1995577139871,2012,2010.0,2012.0,41_1087,44.0,52.0,21.0,7.0588235294117645,0.3265185185185185,"{""2010"": 18, ""2011"": 19, ""2012"": 15}",3.0,5.0,5.0,"landsat5,landsat7",
LT0777,206834.85573535055,5437224.037005102,-72.494195449688,-41.1633262213318,2012,2010.0,2012.0,41_1087,46.0,54.0,35.0,6.79245283018868,0.3357037037037037,"{""2010"": 17, ""2011"": 20, ""2012"": 17}",3.0,5.0,5.0,"landsat5,landsat7",
LT0780,205793.4479419691,5438159.022485388,-72.5061370695405,-41.1545426873151,2019,2017.0,2019.0,41_1088,70.0,78.0,16.0,4.493506493506493,0.2752,"{""2017"": 21, ""2018"": 32, ""2019"": 25}",3.0,5.0,5.0,"landsat7,landsat8",
LT0791,207030.40901203977,5449273.20687883,-72.4861266428072,-41.0550587391577,2012,2010.0,2012.0,41_1090,39.0,49.0,29.0,7.5,0.290962962962963,"{""2010"": 18, ""2011"": 17, ""2012"": 14}",3.0,5.0,5.0,"landsat5,landsat7",
LT0793,203829.5176447956,5452062.339510749,-72.5228073467078,-41.0288235332881,2018,2016.0,2018.0,41_1090,65.0,78.0,20.0,4.597402597402597,0.258804780876494,"{""2016"": 29, ""2017"": 22, ""2018"": 27}",3.0,5.0,5.0,"landsat7,landsat8",
LT0897,206054.745298037,5507368.705158236,-72.4703741983068,-40.5323196189933,2014,2012.0,2014.0,41_1101,47.0,52.0,22.0,7.03921568627451,0.2557225433526011,"{""2012"": 14, ""2013"": 15, ""2014"": 23}",3.0,5.0,5.0,"landsat7,landsat8",
LT0913,203498.45680978303,5515198.111345368,-72.496839374901,-40.4610061647947,2016,2014.0,2016.0,41_1103,47.0,52.0,41.0,7.078431372549019,0.2782926829268293,"{""2014"": 16, ""2015"": 18, ""2016"": 18}",3.0,5.0,5.0,"landsat7,landsat8",
LT1059,203807.35556159532,5569408.908970573,-72.4682268100001,-39.9736090598311,2016,2014.0,2016.0,41_1114,38.0,43.0,32.0,8.5,0.3684615384615384,"{""2014"": 15, ""2015"": 14, ""2016"": 14}",3.0,5.0,5.0,"landsat7,landsat8",
LT1060,206849.79409848008,5569616.023290755,-72.43256912448,-39.9728062470401,2016,2014.0,2016.0,41_1114,43.0,49.0,32.0,7.5,0.4276923076923077,"{""2014"": 19, ""2015"": 17, ""2016"": 13}",3.0,5.0,5.0,"landsat7,landsat8",
LT1064,203789.59424796797,5570386.420240306,-72.4679896058052,-39.9648117772659,2016,2014.0,2016.0,41_1114,41.0,46.0,32.0,7.933333333333334,0.3880769230769231,"{""2014"": 16, ""2015"": 15, ""2016"": 15}",3.0,5.0,5.0,"landsat7,landsat8",
LT1086,204370.44927369733,5576426.11020672,-72.4584620540758,-39.9106973330529,2016,2014.0,2016.0,41_1115,38.0,46.0,42.0,8.0,0.3854901960784314,"{""2014"": 14, ""2015"": 17, ""2016"": 15}",3.0,5.0,5.0,"landsat7,landsat8",
LT1173,205759.9999999952,5617875.000000001,-72.4237247843862,-39.5383884091733,2016,2014.0,2016.0,41_1124,44.0,50.0,45.0,7.346938775510204,0.39008547008547,"{""2014"": 14, ""2015"": 21, ""2016"": 15}",3.0,5.0,5.0,"landsat7,landsat8",
LT1585,202690.2181965616,5815898.068330897,-72.3746720004039,-37.7559464785681,2012,2010.0,2012.0,41_1163,39.0,46.0,48.0,8.066666666666666,0.5577142857142857,"{""2010"": 18, ""2011"": 17, ""2012"": 11}",3.0,5.0,5.0,"landsat5,landsat7",
LT0093,203595.6645552115,4288859.655029363,-73.2685928316471,-51.4736206730885,2016,2014.0,2016.0,41_858,34.0,35.0,109.0,9.911764705882351,0.1894736842105263,"{""2014"": 7, ""2015"": 12, ""2016"": 16}",3.0,5.0,5.0,"landsat7,landsat8",
LT0112,205506.1361924988,4331999.670802451,-73.2056192927144,-51.0877543763901,2013,2011.0,2013.0,41_866,22.0,27.0,115.0,13.807692307692308,0.18,"{""2011"": 4, ""2012"": 10, ""2013"": 13}",3.0,5.0,5.0,"landsat5,landsat7,landsat8",
LT0109,207241.18937891745,4330330.884361309,-73.1822644269579,-51.1036084153375,2020,2018.0,2020.0,41_866,50.0,54.0,88.0,6.716981132075472,0.256701030927835,"{""2018"": 15, ""2019"": 21, ""2020"": 18}",3.0,5.0,5.0,"landsat7,landsat8",
LT0111,206112.91084809505,4331234.842365281,-73.1976009612469,-51.0949245621156,2020,2018.0,2020.0,41_866,45.0,56.0,88.0,6.472727272727273,0.2418556701030927,"{""2018"": 13, ""2019"": 25, ""2020"": 18}",3.0,5.0,5.0,"landsat7,landsat8",
LT0164,204491.955287078,4717649.370905531,-72.9334902800415,-47.6270623658784,2018,2016.0,2018.0,41_944,57.0,66.0,63.0,5.2,0.2731428571428571,"{""2016"": 29, ""2017"": 19, ""2018"": 18}",3.0,5.0,5.0,"landsat7,landsat8",
LT0201,203943.18935645203,4815984.58181415,-72.8758789413377,-46.7440059102428,2018,2016.0,2018.0,41_963,89.0,100.0,43.0,3.585858585858586,0.4052488687782805,"{""2016"": 40, ""2017"": 34, ""2018"": 26}",3.0,5.0,5.0,"landsat7,landsat8",
LT0211,202808.51231577573,4830960.035570893,-72.8810456245429,-46.6090443204608,2016,2014.0,2016.0,41_966,64.0,76.0,60.0,4.84,0.2962162162162162,"{""2014"": 21, ""2015"": 26, ""2016"": 29}",3.0,5.0,5.0,"landsat7,landsat8",
LT0226,205342.73910783627,4850208.283155944,-72.8358251370655,-46.4373262775783,2013,2011.0,2013.0,41_970,30.0,36.0,46.0,9.971428571428572,0.2137226277372262,"{""2011"": 9, ""2012"": 11, ""2013"": 16}",3.0,5.0,5.0,"landsat5,landsat7,landsat8",
LT0222,207495.60263262092,4848359.839886492,-72.8090210209027,-46.4548606136114,2018,2016.0,2018.0,41_970,53.0,58.0,54.0,6.0,0.2372972972972973,"{""2016"": 22, ""2017"": 20, ""2018"": 16}",3.0,5.0,5.0,"landsat7,landsat8",
LT0241,205577.94066080145,4873212.6908817645,-72.8183446220979,-46.2308554267632,2014,2012.0,2014.0,41_975,26.0,30.0,54.0,11.448275862068966,0.1541818181818181,"{""2012"": 8, ""2013"": 10, ""2014"": 12}",3.0,5.0,5.0,"landsat7,landsat8",
LT0248,207293.2847902099,4877447.314862956,-72.7935251107099,-46.1935677243889,2017,2015.0,2017.0,41_975,63.0,69.0,40.0,5.102941176470588,0.27125,"{""2015"": 17, ""2016"": 25, ""2017"": 27}",3.0,5.0,5.0,"landsat7,landsat8",
LT0330,203441.56899498,4940418.660654311,-72.8044401870411,-45.6263925574104,2015,2013.0,2015.0,41_988,30.0,33.0,45.0,10.40625,0.1743181818181818,"{""2013"": 9, ""2014"": 14, ""2015"": 10}",3.0,5.0,5.0,"landsat7,landsat8",
LT0382,202789.27900338024,4980410.10174073,-72.788633442203,-45.2669350060315,2018,2016.0,2018.0,41_996,21.0,26.0,56.0,13.44,0.184793388429752,"{""2016"": 11, ""2017"": 8, ""2018"": 7}",3.0,5.0,5.0,"landsat7,landsat8",
LT0426,210124.3360903005,5027177.844106517,-72.6683284131931,-44.8498712557299,2013,2011.0,2013.0,42_1005,11.0,14.0,80.0,24.23076923076923,0.1566666666666666,"{""2011"": 5, ""2012"": 5, ""2013"": 4}",3.0,5.0,5.0,"landsat5,landsat7,landsat8",
LT0430,210708.8453586241,5033245.188116695,-72.6574939052612,-44.7956004988963,2013,2011.0,2013.0,42_1007,14.0,16.0,80.0,21.33333333333333,0.1955555555555555,"{""2011"": 4, ""2012"": 7, ""2013"": 5}",3.0,5.0,5.0,"landsat5,landsat7,landsat8",
LT0437,211236.4901731778,5039300.177895424,-72.647406726477,-44.741415711135,2019,2017.0,2019.0,42_1008,18.0,21.0,48.0,15.45,0.1614285714285714,"{""2017"": 10, ""2018"": 4, ""2019"": 7}",3.0,5.0,5.0,"landsat7,landsat8",
LT0490,209107.2848584389,5068238.540878392,-72.6578688897115,-44.4805693762334,2018,2016.0,2018.0,42_1014,27.0,29.0,35.0,12.0,0.2295652173913043,"{""2016"": 18, ""2017"": 7, ""2018"": 4}",3.0,5.0,5.0,"landsat7,landsat8",
LT0494,209898.43112921016,5071260.490102247,-72.6462477042447,-44.4537366124141,2018,2016.0,2018.0,42_1014,30.0,34.0,30.0,10.181818181818182,0.2747826086956522,"{""2016"": 17, ""2017"": 11, ""2018"": 6}",3.0,5.0,5.0,"landsat7,landsat8",
LT0526,212437.76179391367,5118647.830966085,-72.5883854679601,-44.0289601179704,2012,2010.0,2012.0,42_1024,15.0,17.0,77.0,21.8125,0.2655172413793103,"{""2010"": 5, ""2011"": 7, ""2012"": 5}",3.0,5.0,5.0,"landsat5,landsat7",
LT0576,211630.18512239543,5226950.326748,-72.5409420571496,-43.0553577133507,2012,2010.0,2012.0,42_1045,38.0,43.0,36.0,8.571428571428571,0.3464150943396226,"{""2010"": 12, ""2011"": 19, ""2012"": 12}",3.0,5.0,5.0,"landsat5,landsat7",
LT0650,209537.13097351103,5325961.869978001,-72.5161142112408,-42.1645970640397,2016,2014.0,2016.0,42_1065,58.0,71.0,23.0,5.171428571428572,0.2536708860759493,"{""2014"": 23, ""2015"": 27, ""2016"": 21}",3.0,5.0,5.0,"landsat7,landsat8",
LT0678,211045.72106623225,5348269.845768307,-72.4868810092488,-41.9646106098121,2014,2012.0,2014.0,42_1070,53.0,64.0,21.0,5.619047619047619,0.3027272727272727,"{""2012"": 17, ""2013"": 23, ""2014"": 24}",3.0,5.0,5.0,"landsat7,landsat8",
LT0681,208980.4400645157,5349072.725663004,-72.5113614189945,-41.9566337060803,2014,2012.0,2014.0,42_1070,50.0,59.0,29.0,5.931034482758621,0.2822727272727273,"{""2012"": 15, ""2013"": 18, ""2014"": 26}",3.0,5.0,5.0,"landsat7,landsat8",
LT0761,209475.84799714293,5428383.637965566,-72.4669709519584,-41.24376402813,2012,2010.0,2012.0,42_1086,45.0,53.0,29.0,6.923076923076923,0.368503937007874,"{""2010"": 18, ""2011"": 18, ""2012"": 17}",3.0,5.0,5.0,"landsat5,landsat7",
LT0896,212105.79986990587,5506747.542414287,-72.3993375850667,-40.5400283267304,2015,2013.0,2015.0,42_1101,68.0,73.0,28.0,5.027777777777778,0.3129523809523809,"{""2013"": 20, ""2014"": 28, ""2015"": 25}",3.0,5.0,5.0,"landsat7,landsat8",
LT0910,207639.6481430733,5513511.638200028,-72.4488607679536,-40.4776385742166,2016,2014.0,2016.0,42_1103,63.0,79.0,38.0,4.653846153846154,0.2913004484304933,"{""2014"": 23, ""2015"": 25, ""2016"": 31}",3.0,5.0,5.0,"landsat7,landsat8",
LT0919,212142.3997610049,5520812.445337238,-72.3925260874312,-40.4135524759131,2014,2012.0,2014.0,42_1104,50.0,56.0,27.0,6.345454545454546,0.2715428571428571,"{""2012"": 13, ""2013"": 19, ""2014"": 24}",3.0,5.0,5.0,"landsat7,landsat8",
LT1023,207586.58995066732,5558638.624261806,-72.4289008288362,-40.0717878762909,2016,2014.0,2016.0,42_1112,29.0,35.0,45.0,9.794117647058824,0.2872380952380952,"{""2014"": 11, ""2015"": 14, ""2016"": 10}",3.0,5.0,5.0,"landsat7,landsat8",
LT1072,209698.2098760728,5571807.430875828,-72.3982948712259,-39.954079155622,2015,2013.0,2015.0,42_1114,48.0,55.0,26.0,6.666666666666667,0.5082608695652174,"{""2013"": 18, ""2014"": 17, ""2015"": 20}",3.0,5.0,5.0,"landsat7,landsat8",
LT1500,210772.928198445,5783428.135850425,-72.2960886217666,-38.0507063113137,2016,2014.0,2016.0,42_1157,60.0,66.0,26.0,5.538461538461538,0.478125,"{""2014"": 22, ""2015"": 24, ""2016"": 20}",3.0,5.0,5.0,"landsat7,landsat8",
LT0108,208355.20162137,4329343.438975437,-73.1671928362053,-51.1130318794315,2013,2011.0,2013.0,42_866,23.0,28.0,118.0,13.296296296296296,0.2003448275862069,"{""2011"": 6, ""2012"": 8, ""2013"": 14}",3.0,5.0,5.0,"landsat5,landsat7,landsat8",
LT0116,210677.30707624467,4350607.218554141,-73.117151804378,-50.9234904001619,2013,2011.0,2013.0,42_870,15.0,23.0,123.0,16.318181818181817,0.1361403508771929,"{""2011"": 4, ""2012"": 8, ""2013"": 11}",3.0,5.0,5.0,"landsat5,landsat7,landsat8",
LT0119,210922.5754462141,4360723.684942137,-73.1056762818178,-50.8328732167388,2013,2011.0,2013.0,42_872,20.0,29.0,89.0,12.5,0.1766666666666666,"{""2011"": 5, ""2012"": 7, ""2013"": 17}",3.0,5.0,5.0,"landsat5,landsat7,landsat8",
LT0142,208684.24816633685,4663767.067559009,-72.9141277997001,-48.1126388656038,2016,2014.0,2016.0,42_933,34.0,36.0,63.0,9.142857142857142,0.1619607843137255,"{""2014"": 7, ""2015"": 10, ""2016"": 19}",3.0,5.0,5.0,"landsat7,landsat8",
LT0165,208457.48084323475,4719854.000302131,-72.8793645847236,-47.6090673203997,2017,2015.0,2017.0,42_944,66.0,72.0,67.0,5.126760563380282,0.3162085308056872,"{""2015"": 22, ""2016"": 27, ""2017"": 23}",3.0,5.0,5.0,"landsat7,landsat8",
LT0176,211654.81408124143,4755236.732949806,-72.8138486694259,-47.2928317048978,2014,2012.0,2014.0,42_951,60.0,67.0,62.0,5.393939393939394,0.3944370860927152,"{""2012"": 16, ""2013"": 25, ""2014"": 26}",3.0,5.0,5.0,"landsat7,landsat8",
LT0214,211704.7265606422,4832629.203308878,-72.7640891400857,-46.5979345438722,2012,2010.0,2012.0,42_967,37.0,50.0,55.0,7.26530612244898,0.3056910569105691,"{""2010"": 10, ""2011"": 22, ""2012"": 18}",3.0,5.0,5.0,"landsat5,landsat7",
LT0233,208489.07856887684,4861814.124949459,-72.7877322230178,-46.3344710877435,2015,2013.0,2015.0,42_972,49.0,53.0,47.0,6.730769230769231,0.2316417910447761,"{""2013"": 15, ""2014"": 19, ""2015"": 19}",3.0,5.0,5.0,"landsat7,landsat8",
LT0234,209403.02119422017,4862611.107850497,-72.7753899951373,-46.3277064269137,2016,2014.0,2016.0,42_973,50.0,54.0,60.0,6.849056603773585,0.2155251141552511,"{""2014"": 15, ""2015"": 17, ""2016"": 22}",3.0,5.0,5.0,"landsat7,landsat8",
LT0235,209131.40646362648,4866559.560071535,-72.7764679797331,-46.2921317859532,2017,2015.0,2017.0,42_973,38.0,46.0,52.0,7.466666666666667,0.16625,"{""2015"": 15, ""2016"": 16, ""2017"": 15}",3.0,5.0,5.0,"landsat7,landsat8",
LT0242,207529.9177915895,4873397.795623735,-72.7929713578069,-46.2300351816012,2013,2011.0,2013.0,42_975,24.0,31.0,54.0,11.633333333333333,0.1831111111111111,"{""2011"": 10, ""2012"": 8, ""2013"": 13}",3.0,5.0,5.0,"landsat5,landsat7,landsat8",
LT0340,208892.37325652412,4949829.744437397,-72.7290559486882,-45.544168962506,2017,2015.0,2017.0,42_990,41.0,50.0,45.0,7.061224489795919,0.1917117117117117,"{""2015"": 10, ""2016"": 23, ""2017"": 17}",3.0,5.0,5.0,"landsat7,landsat8",
LT0354,208741.06150217095,4964857.163270482,-72.7220806539584,-45.4091277907949,2017,2015.0,2017.0,42_993,45.0,51.0,24.0,7.04,0.2216,"{""2015"": 16, ""2016"": 19, ""2017"": 16}",3.0,5.0,5.0,"landsat7,landsat8",
LT0372,209167.2075821869,4971899.018302342,-72.7124990847879,-45.3460523187504,2015,2013.0,2015.0,42_994,28.0,33.0,39.0,10.5625,0.1597714285714285,"{""2013"": 9, ""2014"": 12, ""2015"": 12}",3.0,5.0,5.0,"landsat7,landsat8",
LT0367,209274.98655412672,4970845.436876624,-72.7117455775924,-45.3555607525575,2016,2014.0,2016.0,42_994,33.0,41.0,25.0,8.65,0.1812903225806451,"{""2014"": 13, ""2015"": 11, ""2016"": 17}",3.0,5.0,5.0,"landsat7,landsat8",
LT0364,209364.7208195456,4969885.834859372,-72.71116657897,-45.3642175309677,2017,2015.0,2017.0,42_994,39.0,50.0,27.0,7.061224489795919,0.2055958549222798,"{""2015"": 16, ""2016"": 17, ""2017"": 17}",3.0,5.0,5.0,"landsat7,landsat8",
LT0375,209985.05978274797,4974035.162110354,-72.7008292339259,-45.3272028409975,2017,2015.0,2017.0,42_995,36.0,41.0,29.0,8.65,0.188235294117647,"{""2015"": 11, ""2016"": 19, ""2017"": 11}",3.0,5.0,5.0,"landsat7,landsat8",
LT0438,213244.1696200157,5039489.65217906,-72.621991807151,-44.7405199626028,2014,2012.0,2014.0,43_1008,15.0,17.0,80.0,20.8125,0.1721348314606741,"{""2012"": 5, ""2013"": 5, ""2014"": 7}",3.0,5.0,5.0,"landsat7,landsat8",
LT0495,213872.49177240016,5071600.775521488,-72.5962089359848,-44.4522617667043,2018,2016.0,2018.0,43_1014,29.0,29.0,40.0,11.785714285714286,0.2448695652173913,"{""2016"": 15, ""2017"": 11, ""2018"": 3}",3.0,5.0,5.0,"landsat7,landsat8",
LT0502,214278.94248451112,5079656.628067742,-72.5866773419689,-44.3800392298454,2015,2013.0,2015.0,43_1016,29.0,29.0,48.0,12.285714285714286,0.2643809523809524,"{""2013"": 5, ""2014"": 14, ""2015"": 10}",3.0,5.0,5.0,"landsat7,landsat8",
LT0504,214841.47663575312,5085717.315627806,-72.5763118166974,-44.3258030741832,2015,2013.0,2015.0,43_1017,21.0,25.0,56.0,12.208333333333334,0.195047619047619,"{""2013"": 4, ""2014"": 9, ""2015"": 12}",3.0,5.0,5.0,"landsat7,landsat8",
LT0578,216324.7902263005,5231273.77330371,-72.4812011243467,-43.0182650609121,2012,2010.0,2012.0,43_1046,26.0,32.0,32.0,10.451612903225806,0.3195180722891566,"{""2010"": 8, ""2011"": 15, ""2012"": 9}",3.0,5.0,5.0,"landsat5,landsat7",
LT0581,216192.68378948665,5233175.093131957,-72.4818527358575,-43.0011259142419,2012,2010.0,2012.0,43_1047,30.0,36.0,32.0,9.257142857142858,0.327191011235955,"{""2010"": 9, ""2011"": 16, ""2012"": 11}",3.0,5.0,5.0,"landsat5,landsat7",
LT0651,214320.4957479557,5327468.2786717685,-72.4575753351399,-42.1528135066587,2016,2014.0,2016.0,43_1065,65.0,72.0,22.0,5.070422535211268,0.2670042194092827,"{""2014"": 22, ""2015"": 25, ""2016"": 25}",3.0,5.0,5.0,"landsat7,landsat8",
LT0658,214423.98689944143,5338383.454282301,-72.4509929486168,-42.0547225551851,2015,2013.0,2015.0,43_1068,60.0,72.0,27.0,4.985915492957746,0.272,"{""2013"": 21, ""2014"": 23, ""2015"": 28}",3.0,5.0,5.0,"landsat7,landsat8",
LT0659,214619.18302519032,5339358.978732892,-72.4481633409696,-42.0460232112995,2015,2013.0,2015.0,43_1068,63.0,73.0,27.0,4.916666666666667,0.2874545454545454,"{""2013"": 22, ""2014"": 25, ""2015"": 26}",3.0,5.0,5.0,"landsat7,landsat8",
LT0673,216093.5852884509,5346495.941329467,-72.4269292071198,-41.9823919510729,2015,2013.0,2015.0,43_1069,64.0,72.0,26.0,5.070422535211268,0.293090909090909,"{""2013"": 22, ""2014"": 25, ""2015"": 25}",3.0,5.0,5.0,"landsat7,landsat8",
LT0809,216313.32821430825,5461159.955909207,-72.3703960345212,-40.9514530398211,2016,2014.0,2016.0,43_1092,73.0,81.0,24.0,4.5,0.3141880341880342,"{""2014"": 18, ""2015"": 31, ""2016"": 32}",3.0,5.0,5.0,"landsat7,landsat8",
LT0834,216022.5336364971,5478974.756737862,-72.365713451868,-40.7911465594409,2013,2011.0,2013.0,43_1096,39.0,47.0,35.0,7.760869565217392,0.251578947368421,"{""2011"": 17, ""2012"": 13, ""2013"": 17}",3.0,5.0,5.0,"landsat5,landsat7,landsat8",
LT0881,215501.9939149138,5501018.089409569,-72.3618828739883,-40.5927278080107,2016,2014.0,2016.0,43_1100,68.0,80.0,33.0,4.405063291139241,0.2997356828193833,"{""2014"": 22, ""2015"": 26, ""2016"": 32}",3.0,5.0,5.0,"landsat7,landsat8",
LT0891,216316.7752361867,5504064.779282208,-72.350901345138,-40.5656072270689,2017,2015.0,2017.0,43_1101,71.0,81.0,21.0,4.5,0.3023728813559322,"{""2015"": 26, ""2016"": 30, ""2017"": 25}",3.0,5.0,5.0,"landsat7,landsat8",
LT0900,216968.43490853667,5509122.686798776,-72.340952885916,-40.5203413407142,2017,2015.0,2017.0,43_1102,75.0,82.0,31.0,4.444444444444445,0.3142372881355932,"{""2015"": 26, ""2016"": 32, ""2017"": 24}",3.0,5.0,5.0,"landsat7,landsat8",
LT0902,215891.56659345224,5510048.9529144615,-72.3532282714108,-40.5116428981836,2017,2015.0,2017.0,43_1102,66.0,74.0,25.0,4.890410958904109,0.2835593220338983,"{""2015"": 24, ""2016"": 28, ""2017"": 22}",3.0,5.0,5.0,"landsat7,landsat8",
LT0904,215847.96537530815,5511041.658010409,-72.3532968496909,-40.5027000297624,2017,2015.0,2017.0,43_1102,71.0,77.0,21.0,4.697368421052632,0.2925423728813559,"{""2015"": 26, ""2016"": 30, ""2017"": 21}",3.0,5.0,5.0,"landsat7,landsat8",
LT0938,213884.64750553475,5524947.813135429,-72.370169819006,-40.3769611502074,2013,2011.0,2013.0,43_1105,45.0,57.0,25.0,6.428571428571429,0.2977483443708609,"{""2011"": 17, ""2012"": 13, ""2013"": 27}",3.0,5.0,5.0,"landsat5,landsat7,landsat8",
LT0945,212827.53186208248,5525895.71067262,-72.3821743964894,-40.3680728807445,2013,2011.0,2013.0,43_1105,46.0,52.0,29.0,7.0588235294117645,0.3070198675496688,"{""2011"": 16, ""2012"": 14, ""2013"": 22}",3.0,5.0,5.0,"landsat5,landsat7,landsat8",
LT0928,216943.5868210192,5524155.102042484,-72.3345484454069,-40.385134661482,2016,2014.0,2016.0,43_1105,74.0,83.0,37.0,4.426829268292683,0.3170044052863436,"{""2014"": 21, ""2015"": 31, ""2016"": 31}",3.0,5.0,5.0,"landsat7,landsat8",
LT0953,212684.52096509983,5527867.356782399,-72.3829684843615,-40.3502916307601,2016,2014.0,2016.0,43_1106,61.0,72.0,39.0,5.070422535211268,0.2755555555555555,"{""2014"": 16, ""2015"": 29, ""2016"": 27}",3.0,5.0,5.0,"landsat7,landsat8",
LT1010,216825.87296598085,5555203.121774487,-72.3222374222955,-40.1058431600621,2016,2014.0,2016.0,43_1111,55.0,61.0,28.0,5.75,0.2459192825112107,"{""2014"": 18, ""2015"": 23, ""2016"": 20}",3.0,5.0,5.0,"landsat7,landsat8",
LT1123,213284.2386235381,5593059.407247763,-72.3470747203704,-39.7641490364138,2013,2011.0,2013.0,43_1119,27.0,35.0,56.0,10.588235294117649,0.384,"{""2011"": 13, ""2012"": 8, ""2013"": 14}",3.0,5.0,5.0,"landsat5,landsat7,landsat8",
LT1162,217060.9291407807,5612319.56989637,-72.2948038861884,-39.5921598303952,2012,2010.0,2012.0,43_1122,29.0,35.0,30.0,10.588235294117649,0.3831578947368421,"{""2010"": 11, ""2011"": 12, ""2012"": 12}",3.0,5.0,5.0,"landsat5,landsat7",
LT1201,213073.26370091108,5626151.415539598,-72.3352016950771,-39.4664141149231,2016,2014.0,2016.0,43_1125,48.0,54.0,32.0,6.79245283018868,0.4193103448275862,"{""2014"": 14, ""2015"": 24, ""2016"": 16}",3.0,5.0,5.0,"landsat7,landsat8",
LT1387,214219.4347072022,5730496.00163848,-72.2782483864183,-38.5280714868448,2013,2011.0,2013.0,43_1146,34.0,35.0,35.0,10.441176470588236,0.4531506849315068,"{""2011"": 11, ""2012"": 9, ""2013"": 15}",3.0,5.0,5.0,"landsat5,landsat7,landsat8",
LT1495,213909.22830118515,5781603.138301947,-72.2611298486985,-38.0681242883659,2013,2011.0,2013.0,43_1156,38.0,43.0,29.0,8.452380952380953,0.4765853658536585,"{""2011"": 14, ""2012"": 11, ""2013"": 18}",3.0,5.0,5.0,"landsat5,landsat7,landsat8",
LT1536,216921.14157673885,5796780.978409196,-72.2208620959349,-37.9324921859584,2016,2014.0,2016.0,43_1159,72.0,75.0,21.0,4.905405405405405,0.5615748031496063,"{""2014"": 27, ""2015"": 27, ""2016"": 21}",3.0,5.0,5.0,"landsat7,landsat8",
LT1634,217022.0000000024,5859405.000000002,-72.1954512795556,-37.3689525920122,2013,2011.0,2013.0,43_1172,49.0,54.0,21.0,6.849056603773585,0.595609756097561,"{""2011"": 18, ""2012"": 15, ""2013"": 21}",3.0,5.0,5.0,"landsat5,landsat7,landsat8",
LT1761,216104.23654203827,6000206.427946186,-72.1534796928334,-36.1013302806978,2014,2012.0,2014.0,43_1200,101.0,114.0,16.0,3.2035398230088497,0.5214659685863874,"{""2012"": 19, ""2013"": 40, ""2014"": 55}",3.0,5.0,5.0,"landsat7,landsat8",
LT0096,216205.8871654397,4294149.123235482,-73.0832555669903,-51.4326429154154,2016,2014.0,2016.0,43_859,34.0,45.0,109.0,7.613636363636363,0.2065497076023391,"{""2014"": 12, ""2015"": 20, ""2016"": 13}",3.0,5.0,5.0,"landsat7,landsat8",
LT0101,216404.693372146,4301796.850324167,-73.074294199055,-51.3641491572383,2016,2014.0,2016.0,43_860,33.0,37.0,109.0,9.444444444444445,0.1878362573099415,"{""2014"": 8, ""2015"": 15, ""2016"": 14}",3.0,5.0,5.0,"landsat7,landsat8",
LT0106,216993.35834153264,4321097.96140359,-73.0505811057975,-51.1913212853776,2013,2011.0,2013.0,43_864,31.0,39.0,96.0,9.447368421052632,0.3187628865979381,"{""2011"": 9, ""2012"": 7, ""2013"": 23}",3.0,5.0,5.0,"landsat5,landsat7,landsat8",
LT0107,214693.6531943181,4325152.202989753,-73.0801909939888,-51.1538143005011,2012,2010.0,2012.0,43_865,19.0,24.0,134.0,15.608695652173912,0.2341463414634146,"{""2010"": 7, ""2011"": 9, ""2012"": 8}",3.0,5.0,5.0,"landsat5,landsat7",
LT0118,214843.4852002237,4360058.889149979,-73.0506554768329,-50.8407806675176,2013,2011.0,2013.0,43_872,23.0,28.0,89.0,13.037037037037036,0.187,"{""2011"": 5, ""2012"": 9, ""2013"": 14}",3.0,5.0,5.0,"landsat5,landsat7,landsat8",
LT0141,213847.7492510511,4662314.714283508,-72.845888744277,-48.1280162257644,2016,2014.0,2016.0,43_932,37.0,44.0,63.0,7.651162790697675,0.1870588235294117,"{""2014"": 8, ""2015"": 15, ""2016"": 21}",3.0,5.0,5.0,"landsat7,landsat8",
LT0163,213545.61311749544,4717351.891184517,-72.8134517333211,-47.6337986599058,2014,2012.0,2014.0,43_943,36.0,44.0,84.0,8.255813953488373,0.2349668874172185,"{""2012"": 18, ""2013"": 13, ""2014"": 13}",3.0,5.0,5.0,"landsat7,landsat8",
LT0175,216830.6756635292,4752737.6046852935,-72.7471286277667,-47.3175275387474,2013,2011.0,2013.0,43_951,62.0,65.0,64.0,5.6875,0.4749206349206349,"{""2011"": 25, ""2012"": 15, ""2013"": 25}",3.0,5.0,5.0,"landsat5,landsat7,landsat8",
LT0180,217138.31311525084,4761800.7336962735,-72.7373239776154,-47.2362814094197,2013,2011.0,2013.0,43_952,32.0,40.0,157.0,9.256410256410255,0.2336507936507936,"{""2011"": 12, ""2012"": 13, ""2013"": 15}",3.0,5.0,5.0,"landsat5,landsat7,landsat8",
LT0179,215295.16274992027,4759646.435094623,-72.762994540149,-47.2548285069787,2014,2012.0,2014.0,43_952,58.0,65.0,83.0,5.546875,0.3819867549668874,"{""2012"": 16, ""2013"": 20, ""2014"": 29}",3.0,5.0,5.0,"landsat7,landsat8",
LT0182,215863.5043598254,4765424.843649417,-72.7518308551964,-47.2031900100862,2013,2011.0,2013.0,43_953,40.0,56.0,64.0,6.618181818181818,0.3314285714285714,"{""2011"": 21, ""2012"": 17, ""2013"": 18}",3.0,5.0,5.0,"landsat5,landsat7,landsat8",
LT0216,213444.65083097632,4835751.472056345,-72.7394903403455,-46.570640493999,2013,2011.0,2013.0,43_967,29.0,43.0,46.0,8.5,0.2130496453900709,"{""2011"": 12, ""2012"": 14, ""2013"": 17}",3.0,5.0,5.0,"landsat5,landsat7,landsat8",
LT0253,212978.938207132,4881904.077384722,-72.7172954952144,-46.1559608453151,2013,2011.0,2013.0,43_976,27.0,37.0,62.0,10.02777777777778,0.1994074074074074,"{""2011"": 13, ""2012"": 9, ""2013"": 15}",3.0,5.0,5.0,"landsat5,landsat7,landsat8",
LT0251,216126.4555914341,4880133.44740666,-72.6776777029295,-46.1731811942349,2015,2013.0,2015.0,43_976,41.0,44.0,71.0,8.232558139534884,0.2039800995024875,"{""2013"": 15, ""2014"": 13, ""2015"": 16}",3.0,5.0,5.0,"landsat7,landsat8",
LT0344,212527.1816146217,4954071.602114047,-72.6801031589371,-45.5075759457146,2015,2013.0,2015.0,43_991,31.0,39.0,45.0,9.18421052631579,0.14743961352657,"{""2013"": 12, ""2014"": 15, ""2015"": 12}",3.0,5.0,5.0,"landsat7,landsat8",
LT0384,214344.1145118245,4982289.12849671,-72.6405648067855,-45.2548430303968,2017,2015.0,2017.0,43_996,42.0,50.0,23.0,6.857142857142857,0.1943891402714932,"{""2015"": 13, ""2016"": 21, ""2017"": 16}",3.0,5.0,5.0,"landsat7,landsat8",
LT0388,216925.06220477883,4988585.7737329705,-72.6041561778037,-45.1993188015984,2017,2015.0,2017.0,43_998,52.0,62.0,21.0,5.655737704918033,0.215126050420168,"{""2015"": 18, ""2016"": 28, ""2017"": 16}",3.0,5.0,5.0,"landsat7,landsat8",
LT0509,218106.66042172047,5096001.65955073,-72.5298948027882,-44.2346626753905,2016,2014.0,2016.0,44_1019,29.0,32.0,32.0,11.516129032258064,0.2546428571428571,"{""2014"": 6, ""2015"": 10, ""2016"": 16}",3.0,5.0,5.0,"landsat7,landsat8",
LT0511,220725.2143955538,5101192.051919343,-72.4944033819398,-44.1890276714819,2017,2015.0,2017.0,44_1020,37.0,40.0,37.0,8.461538461538462,0.3203539823008849,"{""2015"": 7, ""2016"": 18, ""2017"": 15}",3.0,5.0,5.0,"landsat7,landsat8",
LT0514,221517.1605143984,5105204.321897888,-72.4823875004754,-44.1532735988948,2015,2013.0,2015.0,44_1021,21.0,24.0,56.0,14.956521739130435,0.2026666666666666,"{""2013"": 5, ""2014"": 9, ""2015"": 10}",3.0,5.0,5.0,"landsat7,landsat8",
LT0516,221155.0006289928,5109253.550515842,-72.484764710596,-44.1167467123967,2013,2011.0,2013.0,44_1022,15.0,17.0,61.0,21.3125,0.2084507042253521,"{""2011"": 7, ""2012"": 4, ""2013"": 6}",3.0,5.0,5.0,"landsat5,landsat7,landsat8",
LT0572,219954.56589489183,5221408.434040384,-72.4416991519499,-43.1082874792737,2018,2016.0,2018.0,44_1044,33.0,43.0,21.0,8.30952380952381,0.2741085271317829,"{""2016"": 18, ""2017"": 12, ""2018"": 13}",3.0,5.0,5.0,"landsat7,landsat8",
LT0820,220628.81180878557,5470267.428752213,-72.3151096113225,-40.8710338781509,2016,2014.0,2016.0,44_1094,73.0,78.0,24.0,4.48051948051948,0.3003418803418803,"{""2014"": 21, ""2015"": 26, ""2016"": 31}",3.0,5.0,5.0,"landsat7,landsat8",
LT0839,217567.11034647253,5480739.136950386,-72.3466394301273,-40.7758114176858,2013,2011.0,2013.0,44_1096,45.0,48.0,35.0,7.595744680851064,0.286578947368421,"{""2011"": 17, ""2012"": 11, ""2013"": 20}",3.0,5.0,5.0,"landsat5,landsat7,landsat8",
LT0846,221772.93631828687,5483262.311976235,-72.2957599300864,-40.7545526521328,2013,2011.0,2013.0,44_1097,48.0,54.0,32.0,6.735849056603773,0.3023684210526315,"{""2011"": 20, ""2012"": 13, ""2013"": 21}",3.0,5.0,5.0,"landsat5,landsat7,landsat8",
LT0848,219675.23057293444,5484215.536326607,-72.3201419779738,-40.7452679540223,2013,2011.0,2013.0,44_1097,36.0,46.0,32.0,7.933333333333334,0.2381578947368421,"{""2011"": 17, ""2012"": 12, ""2013"": 17}",3.0,5.0,5.0,"landsat5,landsat7,landsat8",
LT0849,218538.3602883284,5486204.218656362,-72.3326916938345,-40.7269950518199,2018,2016.0,2018.0,44_1097,63.0,71.0,20.0,5.142857142857143,0.2497560975609756,"{""2016"": 28, ""2017"": 21, ""2018"": 22}",3.0,5.0,5.0,"landsat7,landsat8",
LT0858,220189.3346453798,5491294.507187643,-72.3109038988576,-40.6817774107106,2018,2016.0,2018.0,44_1098,76.0,83.0,22.0,4.390243902439025,0.3089430894308943,"{""2016"": 33, ""2017"": 25, ""2018"": 25}",3.0,5.0,5.0,"landsat7,landsat8",
LT0869,220801.67226821303,5496284.497252212,-72.30145404093,-40.6371060013219,2015,2013.0,2015.0,44_1099,52.0,68.0,23.0,5.313432835820896,0.2624761904761905,"{""2013"": 18, ""2014"": 22, ""2015"": 28}",3.0,5.0,5.0,"landsat7,landsat8",
LT0877,220523.2688207721,5500330.225011673,-72.3029463146056,-40.6006252998916,2015,2013.0,2015.0,44_1100,62.0,73.0,28.0,4.875,0.2969523809523809,"{""2013"": 20, ""2014"": 26, ""2015"": 27}",3.0,5.0,5.0,"landsat7,landsat8",
LT0898,218012.04630908364,5508316.504009476,-72.3290127995924,-40.5279472876231,2017,2015.0,2017.0,44_1102,79.0,94.0,21.0,3.870967741935484,0.3410169491525424,"{""2015"": 30, ""2016"": 37, ""2017"": 27}",3.0,5.0,5.0,"landsat7,landsat8",
LT0930,219056.07542302395,5524318.787195498,-72.3096296281012,-40.3843770465596,2014,2012.0,2014.0,44_1105,43.0,52.0,45.0,6.980392156862745,0.2530285714285714,"{""2012"": 12, ""2013"": 16, ""2014"": 24}",3.0,5.0,5.0,"landsat7,landsat8",
LT0929,217946.16741234143,5524215.248562844,-72.3227297866366,-40.3849335100505,2016,2014.0,2016.0,44_1105,72.0,84.0,37.0,4.337349397590361,0.3155947136563876,"{""2014"": 21, ""2015"": 31, ""2016"": 32}",3.0,5.0,5.0,"landsat7,landsat8",
LT0931,220952.99958473537,5524422.69524656,-72.287272620853,-40.3840795615173,2018,2016.0,2018.0,44_1105,72.0,87.0,20.0,4.116279069767442,0.3011382113821138,"{""2016"": 29, ""2017"": 24, ""2018"": 34}",3.0,5.0,5.0,"landsat7,landsat8",
LT0940,219795.83667157363,5525412.821295045,-72.3004479308558,-40.3747860178263,2018,2016.0,2018.0,44_1105,49.0,59.0,37.0,6.103448275862069,0.2021138211382113,"{""2016"": 25, ""2017"": 14, ""2018"": 20}",3.0,5.0,5.0,"landsat7,landsat8",
LT0947,219789.5188956801,5526331.801697983,-72.3001185783695,-40.366518356897,2018,2016.0,2018.0,44_1105,63.0,72.0,20.0,4.929577464788732,0.2559349593495935,"{""2016"": 26, ""2017"": 18, ""2018"": 28}",3.0,5.0,5.0,"landsat7,landsat8",
LT0951,218724.0180515565,5527301.126556428,-72.3122202526079,-40.3574415199131,2018,2016.0,2018.0,44_1105,62.0,71.0,20.0,5.057142857142857,0.2526829268292683,"{""2016"": 22, ""2017"": 20, ""2018"": 29}",3.0,5.0,5.0,"landsat7,landsat8",
LT1019,217697.3953293595,5558240.810029243,-72.3107031364963,-40.0788131164447,2014,2012.0,2014.0,44_1112,50.0,58.0,21.0,5.9298245614035086,0.2855172413793103,"{""2012"": 10, ""2013"": 20, ""2014"": 28}",3.0,5.0,5.0,"landsat7,landsat8",
LT1020,219612.67316040205,5558340.133492853,-72.2882337567462,-40.0785591730084,2017,2015.0,2017.0,44_1112,73.0,86.0,32.0,4.270588235294118,0.3093220338983051,"{""2015"": 26, ""2016"": 30, ""2017"": 30}",3.0,5.0,5.0,"landsat7,landsat8",
LT1109,217614.0328836844,5589377.819997244,-72.2981910883286,-39.7987115525071,2015,2013.0,2015.0,44_1118,48.0,53.0,26.0,6.923076923076923,0.3932203389830508,"{""2013"": 17, ""2014"": 16, ""2015"": 20}",3.0,5.0,5.0,"landsat7,landsat8",
LT1263,219806.8911656296,5660704.977270974,-72.242654884048,-39.1577758122819,2013,2011.0,2013.0,44_1132,34.0,36.0,43.0,10.057142857142855,0.4252054794520548,"{""2011"": 13, ""2012"": 12, ""2013"": 11}",3.0,5.0,5.0,"landsat5,landsat7,landsat8",
LT1488,218015.3203928997,5778870.8009665385,-72.2154708552493,-38.0940001832103,2016,2014.0,2016.0,44_1156,68.0,68.0,26.0,5.373134328358209,0.52,"{""2014"": 21, ""2015"": 25, ""2016"": 22}",3.0,5.0,5.0,"landsat7,landsat8",
LT1537,218858.4752866153,5797964.372490992,-72.1983890746121,-37.9224439379951,2016,2014.0,2016.0,44_1160,72.0,73.0,21.0,5.041666666666667,0.5618897637795276,"{""2014"": 26, ""2015"": 27, ""2016"": 20}",3.0,5.0,5.0,"landsat7,landsat8",
LT1850,217782.9613295861,6103539.08839678,-72.0987014860586,-35.1715036652151,2014,2012.0,2014.0,44_1221,98.0,115.0,12.0,3.192982456140351,0.5080628272251309,"{""2012"": 24, ""2013"": 37, ""2014"": 54}",3.0,5.0,5.0,"landsat7,landsat8",
LT0085,219913.1801413996,4261183.027180413,-73.056341702264,-51.7301663132876,2015,2013.0,2015.0,44_852,25.0,27.0,95.0,13.153846153846152,0.1519496855345912,"{""2013"": 5, ""2014"": 8, ""2015"": 14}",3.0,5.0,5.0,"landsat7,landsat8",
LT0104,219779.12106542423,4317510.422976624,-73.0136154858821,-51.2248740281212,2013,2011.0,2013.0,44_864,25.0,30.0,96.0,12.379310344827584,0.2416494845360824,"{""2011"": 8, ""2012"": 8, ""2013"": 14}",3.0,5.0,5.0,"landsat5,landsat7,landsat8",
LT0115,221670.96022263577,4350693.104393322,-72.9610506415639,-50.9281260116376,2018,2016.0,2018.0,44_870,31.0,39.0,86.0,9.421052631578949,0.1514,"{""2016"": 14, ""2017"": 10, ""2018"": 15}",3.0,5.0,5.0,"landsat7,landsat8",
LT0140,217899.37193279987,4661434.038340372,-72.7921423725427,-48.1377300880175,2014,2012.0,2014.0,44_932,19.0,25.0,80.0,14.375,0.1363157894736842,"{""2012"": 6, ""2013"": 10, ""2014"": 9}",3.0,5.0,5.0,"landsat7,landsat8",
LT0169,220418.24246228632,4744968.851454284,-72.7046430819672,-47.3888274237559,2015,2013.0,2015.0,44_949,69.0,83.0,64.0,4.317073170731708,0.3698924731182795,"{""2013"": 29, ""2014"": 21, ""2015"": 33}",3.0,5.0,5.0,"landsat7,landsat8",
LT0168,218523.8847631202,4743742.620957173,-72.7304681002241,-47.3990245049213,2017,2015.0,2017.0,44_949,91.0,102.0,64.0,3.5643564356435644,0.4303317535545023,"{""2015"": 33, ""2016"": 34, ""2017"": 35}",3.0,5.0,5.0,"landsat7,landsat8",
LT0187,221891.23986929533,4778212.443778189,-72.6644965397157,-47.0909333576478,2014,2012.0,2014.0,44_956,54.0,69.0,69.0,5.220588235294118,0.3605298013245033,"{""2012"": 18, ""2013"": 23, ""2014"": 28}",3.0,5.0,5.0,"landsat7,landsat8",
LT0190,222127.2956427977,4801310.121164456,-72.6472368709685,-46.883604970842,2013,2011.0,2013.0,44_960,43.0,57.0,57.0,6.446428571428571,0.3130935251798561,"{""2011"": 15, ""2012"": 18, ""2013"": 24}",3.0,5.0,5.0,"landsat5,landsat7,landsat8",
LT0197,220779.65913933743,4805173.689785658,-72.6625245825577,-46.8483434708174,2017,2015.0,2017.0,44_961,92.0,107.0,48.0,3.39622641509434,0.4231390134529148,"{""2015"": 37, ""2016"": 41, ""2017"": 29}",3.0,5.0,5.0,"landsat7,landsat8",
LT0205,219457.4827519699,4823195.679903211,-72.6688107639757,-46.6859392645194,2017,2015.0,2017.0,44_965,86.0,98.0,42.0,3.618556701030928,0.3764601769911504,"{""2015"": 32, ""2016"": 37, ""2017"": 29}",3.0,5.0,5.0,"landsat7,landsat8",
LT0217,219382.20657819795,4837228.668495488,-72.6612754966666,-46.5598785479692,2012,2010.0,2012.0,44_967,47.0,58.0,48.0,6.385964912280702,0.392520325203252,"{""2010"": 17, ""2011"": 21, ""2012"": 20}",3.0,5.0,5.0,"landsat5,landsat7",
LT0219,222008.28751474197,4840322.762008027,-72.6252298194631,-46.5331798510353,2016,2014.0,2016.0,44_968,72.0,79.0,40.0,4.576923076923077,0.3192760180995475,"{""2014"": 24, ""2015"": 23, ""2016"": 32}",3.0,5.0,5.0,"landsat7,landsat8",
LT0232,217632.17600201047,4860188.398022271,-72.6701618237763,-46.3529431437045,2013,2011.0,2013.0,44_972,19.0,30.0,48.0,12.03448275862069,0.1508148148148148,"{""2011"": 10, ""2012"": 11, ""2013"": 9}",3.0,5.0,5.0,"landsat5,landsat7,landsat8",
LT0254,221890.44747143245,4883575.116151813,-72.6011345586567,-46.1446435177318,2014,2012.0,2014.0,44_977,30.0,37.0,54.0,9.444444444444445,0.182060606060606,"{""2012"": 10, ""2013"": 13, ""2014"": 14}",3.0,5.0,5.0,"landsat7,landsat8",
LT0360,221417.48753999893,4969826.935893679,-72.5576008229261,-45.3696406032881,2016,2014.0,2016.0,44_994,43.0,50.0,45.0,6.918367346938775,0.1809442060085836,"{""2014"": 15, ""2015"": 13, ""2016"": 22}",3.0,5.0,5.0,"landsat7,landsat8",
LT0368,218300.53269983985,4971595.734020391,-72.5963189083575,-45.3525045612307,2017,2015.0,2017.0,44_994,49.0,57.0,25.0,6.178571428571429,0.2129957805907173,"{""2015"": 15, ""2016"": 24, ""2017"": 18}",3.0,5.0,5.0,"landsat7,landsat8",
LT0391,217836.1950540236,4990699.383329101,-72.5913824722092,-45.1806955688068,2016,2014.0,2016.0,44_998,58.0,64.0,37.0,5.492063492063492,0.2498723404255319,"{""2014"": 19, ""2015"": 16, ""2016"": 29}",3.0,5.0,5.0,"landsat7,landsat8",
LT0465,225241.2295093087,5053306.664447352,-72.4633271323907,-44.6210639926606,2016,2014.0,2016.0,45_1011,26.0,33.0,64.0,10.84375,0.1471823204419889,"{""2014"": 11, ""2015"": 9, ""2016"": 13}",3.0,5.0,5.0,"landsat7,landsat8",
LT0472,227178.68380142396,5054525.85576114,-72.4383022136566,-44.6108454905721,2016,2014.0,2016.0,45_1011,31.0,40.0,42.0,8.666666666666666,0.180110497237569,"{""2014"": 13, ""2015"": 11, ""2016"": 16}",3.0,5.0,5.0,"landsat7,landsat8",
LT0466,226304.16114763304,5053475.312616471,-72.4498633058962,-44.6199537496327,2018,2016.0,2018.0,45_1011,30.0,34.0,64.0,10.090909090909092,0.1948387096774193,"{""2016"": 17, ""2017"": 11, ""2018"": 6}",3.0,5.0,5.0,"landsat7,landsat8",
LT0476,225803.42106687307,5059440.153568461,-72.45298432977,-44.5661618780728,2012,2010.0,2012.0,45_1012,13.0,17.0,101.0,22.5625,0.1655,"{""2010"": 3, ""2011"": 5, ""2012"": 9}",3.0,5.0,5.0,"landsat5,landsat7",
LT0477,226799.9159780368,5059516.559325214,-72.4404174264801,-44.5658537455028,2015,2013.0,2015.0,45_1012,30.0,34.0,42.0,10.212121212121213,0.2099290780141844,"{""2013"": 7, ""2014"": 12, ""2015"": 15}",3.0,5.0,5.0,"landsat7,landsat8",
LT0520,223071.47313740017,5110399.687263512,-72.4602559515261,-44.10717410458,2015,2013.0,2015.0,45_1022,22.0,26.0,34.0,13.76,0.2137142857142857,"{""2013"": 8, ""2014"": 7, ""2015"": 11}",3.0,5.0,5.0,"landsat7,landsat8",
LT0523,224716.4069314232,5115484.087190148,-72.4370891456906,-44.0621001947025,2017,2015.0,2017.0,45_1023,34.0,35.0,40.0,10.5,0.2976991150442478,"{""2015"": 10, ""2016"": 16, ""2017"": 9}",3.0,5.0,5.0,"landsat7,landsat8",
LT0710,223694.77560491135,5382252.1575471945,-72.3186672915017,-41.6635825315401,2019,2017.0,2019.0,45_1076,73.0,76.0,23.0,4.64,0.295126050420168,"{""2017"": 22, ""2018"": 29, ""2019"": 25}",3.0,5.0,5.0,"landsat7,landsat8",
LT0714,223465.81076620967,5386167.997976833,-72.3196029861686,-41.628291618752,2019,2017.0,2019.0,45_1077,71.0,82.0,19.0,4.296296296296297,0.3025210084033613,"{""2017"": 26, ""2018"": 32, ""2019"": 24}",3.0,5.0,5.0,"landsat7,landsat8",
LT0754,224931.620849545,5422432.093287536,-72.285513199264,-41.3026897611823,2019,2017.0,2019.0,45_1084,63.0,68.0,27.0,5.1940298507462686,0.2570491803278688,"{""2017"": 18, ""2018"": 26, ""2019"": 24}",3.0,5.0,5.0,"landsat7,landsat8",
LT0755,225855.32483128717,5423456.6424194975,-72.274036151546,-41.2937901764454,2019,2017.0,2019.0,45_1085,66.0,76.0,26.0,4.586666666666667,0.27,"{""2017"": 23, ""2018"": 28, ""2019"": 25}",3.0,5.0,5.0,"landsat7,landsat8",
LT0840,224865.74831022535,5481584.25452035,-72.2599186643505,-40.7706850055693,2015,2013.0,2015.0,45_1096,59.0,68.0,31.0,5.373134328358209,0.2864150943396226,"{""2013"": 22, ""2014"": 22, ""2015"": 24}",3.0,5.0,5.0,"landsat7,landsat8",
LT0836,226892.41816524143,5480671.418421235,-72.2363411635019,-40.7795707397678,2016,2014.0,2016.0,45_1096,67.0,78.0,32.0,4.675324675324675,0.2930434782608695,"{""2014"": 21, ""2015"": 25, ""2016"": 32}",3.0,5.0,5.0,"landsat7,landsat8",
LT0843,223841.1466102439,5482080.525876048,-72.2718206445793,-40.7658781957311,2018,2016.0,2018.0,45_1096,74.0,82.0,25.0,4.37037037037037,0.2990322580645161,"{""2016"": 30, ""2017"": 23, ""2018"": 29}",3.0,5.0,5.0,"landsat7,landsat8",
LT0878,225549.81164965668,5500676.505079275,-72.2434816092671,-40.5991934304475,2015,2013.0,2015.0,45_1100,56.0,68.0,31.0,5.328358208955224,0.2681904761904762,"{""2013"": 19, ""2014"": 26, ""2015"": 23}",3.0,5.0,5.0,"landsat7,landsat8",
LT0874,222708.6397745997,5498486.252806987,-72.2779703828148,-40.6179454583417,2017,2015.0,2017.0,45_1100,73.0,79.0,25.0,4.615384615384615,0.3115254237288135,"{""2015"": 27, ""2016"": 32, ""2017"": 20}",3.0,5.0,5.0,"landsat7,landsat8",
LT0875,223711.0268212644,5498533.677849089,-72.2661183108126,-40.6178544600469,2017,2015.0,2017.0,45_1100,72.0,86.0,25.0,4.2,0.3113559322033898,"{""2015"": 25, ""2016"": 34, ""2017"": 27}",3.0,5.0,5.0,"landsat7,landsat8",
LT0884,227371.095420952,5502870.171170688,-72.2210420735729,-40.5800643855386,2017,2015.0,2017.0,45_1101,60.0,74.0,29.0,4.890410958904109,0.2628813559322034,"{""2015"": 18, ""2016"": 31, ""2017"": 25}",3.0,5.0,5.0,"landsat7,landsat8",
LT0932,225943.4912450554,5524782.0474470565,-72.2284176629186,-40.3825027613311,2016,2014.0,2016.0,45_1105,74.0,79.0,38.0,4.576923076923077,0.318942731277533,"{""2014"": 22, ""2015"": 27, ""2016"": 30}",3.0,5.0,5.0,"landsat7,landsat8",
LT0959,225364.5581311009,5533717.549803119,-72.231385937853,-40.3019383505906,2014,2012.0,2014.0,45_1107,27.0,31.0,40.0,11.433333333333334,0.1510857142857143,"{""2012"": 8, ""2013"": 10, ""2014"": 13}",3.0,5.0,5.0,"landsat7,landsat8",
LT1006,223082.34965289547,5553537.743410983,-72.2496620787706,-40.1229046580665,2014,2012.0,2014.0,45_1111,28.0,45.0,32.0,7.863636363636363,0.1728,"{""2012"": 11, ""2013"": 17, ""2014"": 17}",3.0,5.0,5.0,"landsat7,landsat8",
LT1135,226250.00503755143,5598096.859517566,-72.193846011153,-39.723095816267,2017,2015.0,2017.0,45_1120,86.0,102.0,20.0,3.594059405940594,0.3512550607287449,"{""2015"": 36, ""2016"": 36, ""2017"": 30}",3.0,5.0,5.0,"landsat7,landsat8",
LT1278,224184.6011905899,5671880.08322763,-72.1875291868724,-39.0586292875788,2014,2012.0,2014.0,45_1134,37.0,41.0,32.0,8.65,0.4371764705882353,"{""2012"": 12, ""2013"": 13, ""2014"": 16}",3.0,5.0,5.0,"landsat7,landsat8",
LT1446,224410.2650987889,5758225.107231598,-72.1506526240465,-38.2817625238692,2013,2011.0,2013.0,45_1152,34.0,35.0,45.0,10.676470588235292,0.4379220779220779,"{""2011"": 12, ""2012"": 10, ""2013"": 13}",3.0,5.0,5.0,"landsat5,landsat7,landsat8",
LT1463,223923.45964002356,5765194.411255656,-72.1534963161115,-38.2188974817462,2013,2011.0,2013.0,45_1153,40.0,43.0,35.0,8.642857142857142,0.4896385542168674,"{""2011"": 17, ""2012"": 12, ""2013"": 14}",3.0,5.0,5.0,"landsat5,landsat7,landsat8",
LT1471,226846.66183375573,5767408.693227783,-72.1193004588356,-38.199862655481,2013,2011.0,2013.0,45_1153,44.0,44.0,35.0,8.44186046511628,0.5214457831325301,"{""2011"": 17, ""2012"": 11, ""2013"": 16}",3.0,5.0,5.0,"landsat5,landsat7,landsat8",
LT1484,224188.15219945624,5777157.627975588,-72.1458426031478,-38.1113215271484,2013,2011.0,2013.0,45_1155,41.0,42.0,30.0,8.853658536585366,0.5014634146341463,"{""2011"": 17, ""2012"": 9, ""2013"": 16}",3.0,5.0,5.0,"landsat5,landsat7,landsat8",
LT1531,224051.65617692357,5795285.528256104,-72.1404181233019,-37.9481422635579,2013,2011.0,2013.0,45_1159,46.0,47.0,24.0,7.717391304347826,0.5580487804878049,"{""2011"": 17, ""2012"": 10, ""2013"": 20}",3.0,5.0,5.0,"landsat5,landsat7,landsat8",
LT1643,227457.55998674908,5866616.953381352,-72.0751186265328,-37.3071626464396,2013,2011.0,2013.0,45_1173,46.0,49.0,24.0,7.5625,0.56,"{""2011"": 16, ""2012"": 13, ""2013"": 20}",3.0,5.0,5.0,"landsat5,landsat7,landsat8",
LT1803,225037.11038372343,6049875.911820164,-72.0372467797457,-35.6567080575356,2013,2011.0,2013.0,45_1210,81.0,92.0,15.0,4.0,0.5069182389937107,"{""2011"": 32, ""2012"": 20, ""2013"": 40}",3.0,5.0,5.0,"landsat5,landsat7,landsat8",
LT0117,226294.4399562692,4354905.156805599,-72.892257422651,-50.8925474330821,2013,2011.0,2013.0,45_871,35.0,48.0,94.0,7.638297872340425,0.3076666666666666,"{""2011"": 13, ""2012"": 14, ""2013"": 21}",3.0,5.0,5.0,"landsat5,landsat7,landsat8",
LT0120,224793.39803150852,4362056.6753787575,-72.9081748555528,-50.8276728278928,2019,2017.0,2019.0,45_872,61.0,70.0,93.0,5.173913043478261,0.3130612244897959,"{""2017"": 19, ""2018"": 22, ""2019"": 29}",3.0,5.0,5.0,"landsat7,landsat8",
LT0135,225825.5418271831,4650041.422909002,-72.6931795520791,-48.2434788499293,2016,2014.0,2016.0,45_930,25.0,27.0,69.0,12.5,0.2287272727272727,"{""2014"": 7, ""2015"": 9, ""2016"": 11}",3.0,5.0,5.0,"landsat7,landsat8",
LT0136,224753.7480328536,4650014.691837867,-72.7076028517509,-48.2432545929392,2017,2015.0,2017.0,45_930,24.0,27.0,69.0,12.692307692307692,0.207457627118644,"{""2015"": 8, ""2016"": 17, ""2017"": 2}",3.0,5.0,5.0,"landsat7,landsat8",
LT0170,224278.98106570877,4747293.258811584,-72.6521498004172,-47.3695952065391,2014,2012.0,2014.0,45_949,54.0,66.0,83.0,5.476923076923077,0.3740397350993377,"{""2012"": 18, ""2013"": 24, ""2014"": 24}",3.0,5.0,5.0,"landsat7,landsat8",
LT0193,222971.74427458775,4803385.797573658,-72.6349152507287,-46.8653160217198,2014,2012.0,2014.0,45_961,53.0,67.0,46.0,5.287878787878788,0.3202366863905325,"{""2012"": 15, ""2013"": 21, ""2014"": 31}",3.0,5.0,5.0,"landsat7,landsat8",
LT0195,223892.02192783687,4804458.757001147,-72.622215921579,-46.8560623131966,2014,2012.0,2014.0,45_961,59.0,68.0,46.0,5.223880597014926,0.3304142011834319,"{""2012"": 18, ""2013"": 20, ""2014"": 30}",3.0,5.0,5.0,"landsat7,landsat8",
LT0341,222678.59845417808,4951814.793960053,-72.5516819938464,-45.5319608731201,2017,2015.0,2017.0,45_990,61.0,67.0,38.0,5.136363636363637,0.2612173913043478,"{""2015"": 18, ""2016"": 24, ""2017"": 25}",3.0,5.0,5.0,"landsat7,landsat8",
LT0456,230533.9903987202,5049738.699179652,-72.3986034419921,-44.6551305019816,2017,2015.0,2017.0,46_1010,56.0,63.0,25.0,5.451612903225806,0.2381355932203389,"{""2015"": 18, ""2016"": 27, ""2017"": 18}",3.0,5.0,5.0,"landsat7,landsat8",
LT0458,231401.6281771708,5050799.76402644,-72.3871239035368,-44.6459199300827,2017,2015.0,2017.0,46_1010,49.0,59.0,24.0,5.827586206896552,0.2057627118644067,"{""2015"": 16, ""2016"": 25, ""2017"": 18}",3.0,5.0,5.0,"landsat7,landsat8",
LT0478,227782.79896267463,5059586.946406166,-72.4280248615015,-44.5655931684896,2014,2012.0,2014.0,46_1012,33.0,37.0,32.0,10.02777777777778,0.2216901408450704,"{""2012"": 12, ""2013"": 13, ""2014"": 12}",3.0,5.0,5.0,"landsat7,landsat8",
LT0515,230311.1418002321,5106850.277070977,-72.3717687141342,-44.1417776822723,2012,2010.0,2012.0,46_1021,14.0,15.0,77.0,23.071428571428573,0.2528813559322034,"{""2010"": 4, ""2011"": 6, ""2012"": 5}",3.0,5.0,5.0,"landsat5,landsat7",
LT0517,231109.98383685364,5109959.8217593,-72.3602116858341,-44.1141239002874,2012,2010.0,2012.0,46_1022,15.0,15.0,77.0,23.071428571428573,0.2413559322033898,"{""2010"": 5, ""2011"": 7, ""2012"": 3}",3.0,5.0,5.0,"landsat5,landsat7",
LT0529,232280.372454048,5123113.217037658,-72.3389533852101,-43.9963291222581,2013,2011.0,2013.0,46_1025,19.0,20.0,61.0,17.94736842105263,0.2533333333333333,"{""2011"": 6, ""2012"": 3, ""2013"": 11}",3.0,5.0,5.0,"landsat5,landsat7,landsat8",
LT0532,229036.32710698497,5123833.584913382,-72.3789755572229,-43.9886658059664,2016,2014.0,2016.0,46_1025,30.0,34.0,24.0,10.242424242424242,0.2329230769230769,"{""2014"": 8, ""2015"": 9, ""2016"": 17}",3.0,5.0,5.0,"landsat7,landsat8",
LT0534,228035.9357015949,5124815.843986359,-72.3909259259286,-43.9794681349532,2016,2014.0,2016.0,46_1025,29.0,34.0,45.0,10.818181818181818,0.2335384615384615,"{""2014"": 6, ""2015"": 11, ""2016"": 17}",3.0,5.0,5.0,"landsat7,landsat8",
LT0546,228549.7513854676,5145890.327738698,-72.3738107313917,-43.7902403176896,2015,2013.0,2015.0,46_1029,27.0,29.0,34.0,11.892857142857142,0.2268852459016393,"{""2013"": 7, ""2014"": 9, ""2015"": 13}",3.0,5.0,5.0,"landsat7,landsat8",
LT0551,230713.1873604788,5157182.31850006,-72.3413114513412,-43.6895317329835,2012,2010.0,2012.0,46_1031,19.0,20.0,77.0,17.0,0.2984615384615384,"{""2010"": 6, ""2011"": 7, ""2012"": 7}",3.0,5.0,5.0,"landsat5,landsat7",
LT0547,230914.42386483896,5154310.411817537,-72.3402532553464,-43.715419252805,2015,2013.0,2015.0,46_1031,30.0,30.0,38.0,11.10344827586207,0.2462809917355372,"{""2013"": 7, ""2014"": 8, ""2015"": 15}",3.0,5.0,5.0,"landsat7,landsat8",
LT0837,227924.2318997768,5480786.25412978,-72.2240825908767,-40.7788799758288,2018,2016.0,2018.0,46_1096,60.0,69.0,43.0,5.117647058823529,0.2425806451612903,"{""2016"": 23, ""2017"": 23, ""2018"": 23}",3.0,5.0,5.0,"landsat7,landsat8",
LT0838,228924.90865602443,5480857.848722556,-72.2122113583377,-40.7785665605524,2018,2016.0,2018.0,46_1096,74.0,79.0,21.0,4.487179487179487,0.2904838709677419,"{""2016"": 32, ""2017"": 22, ""2018"": 25}",3.0,5.0,5.0,"landsat7,landsat8",
LT0835,228993.17310227896,5479861.96307078,-72.2118355656506,-40.7875464574118,2019,2017.0,2019.0,46_1096,66.0,75.0,26.0,4.8108108108108105,0.259672131147541,"{""2017"": 24, ""2018"": 26, ""2019"": 25}",3.0,5.0,5.0,"landsat7,landsat8",
LT0861,231033.90733297687,5494043.377526854,-72.181599214331,-40.6606588404916,2013,2011.0,2013.0,46_1099,46.0,52.0,22.0,7.0,0.3006622516556291,"{""2011"": 16, ""2012"": 15, ""2013"": 21}",3.0,5.0,5.0,"landsat5,landsat7,landsat8",
LT0864,231986.5165421372,5495095.989723349,-72.1698986155603,-40.6515004345167,2013,2011.0,2013.0,46_1099,44.0,55.0,29.0,6.611111111111111,0.2919205298013245,"{""2011"": 16, ""2012"": 16, ""2013"": 23}",3.0,5.0,5.0,"landsat5,landsat7,landsat8",
LT0866,229869.82187345484,5495717.225163588,-72.1946299581083,-40.6452229407983,2014,2012.0,2014.0,46_1099,55.0,63.0,21.0,5.580645161290323,0.3076571428571428,"{""2012"": 17, ""2013"": 25, ""2014"": 21}",3.0,5.0,5.0,"landsat7,landsat8",
LT0870,230850.34713199525,5497007.33056314,-72.1824993438563,-40.6339386716974,2015,2013.0,2015.0,46_1099,62.0,71.0,26.0,4.957142857142857,0.2984761904761904,"{""2013"": 20, ""2014"": 24, ""2015"": 27}",3.0,5.0,5.0,"landsat7,landsat8",
LT0892,229243.3440608366,5504860.691191811,-72.1981013926145,-40.5627743636836,2017,2015.0,2017.0,46_1101,46.0,57.0,94.0,6.375,0.1988135593220339,"{""2015"": 13, ""2016"": 23, ""2017"": 21}",3.0,5.0,5.0,"landsat7,landsat8",
LT0893,228270.45937081863,5504881.52329735,-72.2095667750654,-40.5622684489866,2018,2016.0,2018.0,46_1101,49.0,52.0,123.0,6.8431372549019605,0.1933333333333333,"{""2016"": 21, ""2017"": 16, ""2018"": 15}",3.0,5.0,5.0,"landsat7,landsat8",
LT1021,227615.8457401233,5558950.004983525,-72.1942599820576,-40.0756980243079,2016,2014.0,2016.0,46_1112,79.0,93.0,31.0,3.902173913043478,0.3529515418502202,"{""2014"": 33, ""2015"": 31, ""2016"": 29}",3.0,5.0,5.0,"landsat7,landsat8",
LT1081,230619.4950233272,5575278.180179578,-72.1523174050031,-39.9297735400046,2013,2011.0,2013.0,46_1115,52.0,56.0,32.0,6.545454545454546,0.3374834437086093,"{""2011"": 23, ""2012"": 12, ""2013"": 21}",3.0,5.0,5.0,"landsat5,landsat7,landsat8",
LT1093,230133.21083285805,5581176.822353761,-72.1555621075702,-39.8765530955887,2016,2014.0,2016.0,46_1116,78.0,83.0,31.0,4.390243902439025,0.3333920704845814,"{""2014"": 27, ""2015"": 26, ""2016"": 30}",3.0,5.0,5.0,"landsat7,landsat8",
LT1098,231949.525418923,5583308.840499038,-72.1334803074871,-39.8579480178261,2016,2014.0,2016.0,46_1117,83.0,97.0,28.0,3.7708333333333335,0.3591379310344827,"{""2014"": 31, ""2015"": 32, ""2016"": 34}",3.0,5.0,5.0,"landsat7,landsat8",
LT1100,229924.92883529,5584184.1330670295,-72.1567527887755,-39.8494321469779,2016,2014.0,2016.0,46_1117,74.0,84.0,36.0,4.36144578313253,0.3134482758620689,"{""2014"": 28, ""2015"": 27, ""2016"": 29}",3.0,5.0,5.0,"landsat7,landsat8",
LT1115,228469.1449957424,5591050.211498293,-72.1709011970251,-39.7871991304363,2013,2011.0,2013.0,46_1118,55.0,67.0,21.0,5.454545454545454,0.37,"{""2011"": 17, ""2012"": 19, ""2013"": 31}",3.0,5.0,5.0,"landsat5,landsat7,landsat8",
LT1122,232319.65727111665,5593375.699824046,-72.125051541692,-39.7674967872262,2012,2010.0,2012.0,46_1119,48.0,62.0,32.0,5.901639344262295,0.373037037037037,"{""2010"": 22, ""2011"": 20, ""2012"": 20}",3.0,5.0,5.0,"landsat5,landsat7",
LT1130,228075.18429942807,5596935.139258584,-72.1730619842542,-39.7341307002519,2013,2011.0,2013.0,46_1119,57.0,65.0,32.0,5.625,0.3556687898089172,"{""2011"": 21, ""2012"": 20, ""2013"": 24}",3.0,5.0,5.0,"landsat5,landsat7,landsat8",
LT1144,228776.10706290396,5604229.6650674855,-72.1618953573027,-39.6687286268174,2015,2013.0,2015.0,46_1121,72.0,83.0,38.0,4.414634146341464,0.3107964601769911,"{""2013"": 25, ""2014"": 28, ""2015"": 30}",3.0,5.0,5.0,"landsat7,landsat8",
LT1146,230517.6853928805,5605226.425612588,-72.1412145492915,-39.6603117696331,2018,2016.0,2018.0,46_1121,74.0,88.0,20.0,4.114942528735632,0.289375,"{""2016"": 28, ""2017"": 25, ""2018"": 35}",3.0,5.0,5.0,"landsat7,landsat8",
LT1169,230804.34518114265,5617214.075631027,-72.133008653203,-39.5525504206054,2012,2010.0,2012.0,46_1123,49.0,53.0,29.0,6.923076923076923,0.3391428571428571,"{""2010"": 15, ""2011"": 17, ""2012"": 21}",3.0,5.0,5.0,"landsat5,landsat7",
LT1170,231749.8089806461,5617450.660272222,-72.1219248209245,-39.5507178180628,2012,2010.0,2012.0,46_1123,42.0,53.0,36.0,6.923076923076923,0.3091428571428571,"{""2010"": 16, ""2011"": 18, ""2012"": 19}",3.0,5.0,5.0,"landsat5,landsat7",
LT1213,230783.62783048884,5631359.093655004,-72.1275371118601,-39.4252794806065,2014,2012.0,2014.0,46_1126,45.0,55.0,25.0,6.592592592592593,0.2551162790697674,"{""2012"": 14, ""2013"": 18, ""2014"": 23}",3.0,5.0,5.0,"landsat7,landsat8",
LT1249,229192.6960208348,5655302.774221332,-72.1363496111413,-39.2093529666975,2013,2011.0,2013.0,46_1131,33.0,37.0,35.0,9.77777777777778,0.4156756756756756,"{""2011"": 14, ""2012"": 12, ""2013"": 11}",3.0,5.0,5.0,"landsat5,landsat7,landsat8",
LT1250,228126.74256458489,5656231.419955917,-72.1483041401652,-39.2006646956719,2017,2015.0,2017.0,46_1131,53.0,65.0,29.0,5.671875,0.4416,"{""2015"": 23, ""2016"": 19, ""2017"": 23}",3.0,5.0,5.0,"landsat7,landsat8",
LT1262,230758.6591313225,5660967.545967476,-72.1159851792969,-39.1588696578947,2013,2011.0,2013.0,46_1132,34.0,38.0,45.0,9.72972972972973,0.4502702702702703,"{""2011"": 14, ""2012"": 12, ""2013"": 12}",3.0,5.0,5.0,"landsat5,landsat7,landsat8",
LT1267,232252.0449819504,5663177.344361086,-72.0978529308415,-39.1394467070736,2013,2011.0,2013.0,46_1133,37.0,41.0,45.0,9.0,0.49,"{""2011"": 15, ""2012"": 11, ""2013"": 15}",3.0,5.0,5.0,"landsat5,landsat7,landsat8",
LT1277,231122.0299390552,5671558.97589374,-72.1075932894881,-39.0636815241638,2013,2011.0,2013.0,46_1134,35.0,42.0,35.0,8.78048780487805,0.4783783783783784,"{""2011"": 14, ""2012"": 13, ""2013"": 15}",3.0,5.0,5.0,"landsat5,landsat7,landsat8",
LT1336,230501.20966282912,5711523.172537604,-72.0990816053084,-38.7038819952446,2013,2011.0,2013.0,46_1142,34.0,37.0,24.0,10.0,0.4761643835616438,"{""2011"": 11, ""2012"": 11, ""2013"": 15}",3.0,5.0,5.0,"landsat5,landsat7,landsat8",
LT1346,232019.9682700633,5718549.2813018365,-72.0789282184292,-38.6411167596669,2013,2011.0,2013.0,46_1144,35.0,38.0,45.0,9.81081081081081,0.4586301369863014,"{""2011"": 13, ""2012"": 12, ""2013"": 13}",3.0,5.0,5.0,"landsat5,landsat7,landsat8",
LT0090,228987.9990942491,4286787.917043318,-72.9054570437584,-51.504935237823,2015,2013.0,2015.0,46_857,37.0,48.0,92.0,7.595744680851064,0.2437735849056603,"{""2013"": 12, ""2014"": 14, ""2015"": 22}",3.0,5.0,5.0,"landsat7,landsat8",
LT0092,228784.1347676945,4287924.779065724,-72.9075139382789,-51.4946389222137,2015,2013.0,2015.0,46_858,29.0,37.0,92.0,9.5,0.1743396226415094,"{""2013"": 11, ""2014"": 12, ""2015"": 14}",3.0,5.0,5.0,"landsat7,landsat8",
LT0114,228790.44057204947,4349163.1664695805,-72.8611168122301,-50.945242723294,2012,2010.0,2012.0,46_870,29.0,39.0,118.0,9.31578947368421,0.2656603773584906,"{""2010"": 15, ""2011"": 11, ""2012"": 13}",3.0,5.0,5.0,"landsat5,landsat7",
LT0129,230306.534451518,4631345.2336844895,-72.644905640438,-48.4132641394368,2017,2015.0,2017.0,46_926,25.0,28.0,77.0,12.22222222222222,0.2463366336633663,"{""2015"": 8, ""2016"": 12, ""2017"": 8}",3.0,5.0,5.0,"landsat7,landsat8",
LT0131,228071.91953386492,4635175.222832373,-72.6725631088303,-48.3779184264871,2015,2013.0,2015.0,46_927,23.0,24.0,75.0,14.26086956521739,0.2301030927835051,"{""2013"": 8, ""2014"": 5, ""2015"": 11}",3.0,5.0,5.0,"landsat7,landsat8",
LT0132,228576.38290532585,4640232.871086683,-72.6625040836883,-48.3327268978182,2017,2015.0,2017.0,46_928,16.0,18.0,83.0,19.41176470588235,0.16,"{""2015"": 6, ""2016"": 8, ""2017"": 4}",3.0,5.0,5.0,"landsat7,landsat8",
LT0134,227526.8331926352,4643250.737775185,-72.6746870436249,-48.3051805720432,2017,2015.0,2017.0,46_929,18.0,21.0,77.0,16.5,0.1798019801980198,"{""2015"": 8, ""2016"": 9, ""2017"": 4}",3.0,5.0,5.0,"landsat7,landsat8",
LT0167,231956.24107241537,4737756.399373413,-72.5564314765633,-47.4584363850327,2019,2017.0,2019.0,46_948,65.0,75.0,62.0,4.608108108108108,0.3102912621359223,"{""2017"": 26, ""2018"": 27, ""2019"": 22}",3.0,5.0,5.0,"landsat7,landsat8",
LT0172,231098.33023628243,4749831.867718592,-72.5604675462092,-47.3496368711521,2014,2012.0,2014.0,46_950,49.0,56.0,81.0,6.327272727272727,0.3258666666666667,"{""2012"": 16, ""2013"": 20, ""2014"": 20}",3.0,5.0,5.0,"landsat7,landsat8",
LT0171,229122.6446697935,4749661.26058107,-72.5866785947609,-47.3503540367086,2016,2014.0,2016.0,46_950,73.0,83.0,63.0,4.353658536585366,0.3625615763546798,"{""2014"": 22, ""2015"": 26, ""2016"": 35}",3.0,5.0,5.0,"landsat7,landsat8",
LT0174,230910.42593207836,4751732.945878397,-72.5618006430107,-47.3324863851551,2016,2014.0,2016.0,46_950,88.0,94.0,66.0,3.870967741935484,0.4313300492610837,"{""2014"": 27, ""2015"": 33, ""2016"": 34}",3.0,5.0,5.0,"landsat7,landsat8",
LT0177,228418.25194878515,4758594.988797034,-72.5905417027991,-47.2698321377524,2016,2014.0,2016.0,46_952,90.0,104.0,74.0,3.495145631067961,0.4514285714285714,"{""2014"": 29, ""2015"": 37, ""2016"": 38}",3.0,5.0,5.0,"landsat7,landsat8",
LT0215,230510.996356579,4836071.19207275,-72.517033192821,-46.5748277260948,2018,2016.0,2018.0,46_967,77.0,90.0,36.0,3.943820224719101,0.3463677130044843,"{""2016"": 31, ""2017"": 33, ""2018"": 26}",3.0,5.0,5.0,"landsat7,landsat8",
LT0231,231669.8879402426,4860171.073877681,-72.4880650082689,-46.3588059542853,2017,2015.0,2017.0,46_972,56.0,66.0,65.0,5.492307692307692,0.2510714285714285,"{""2015"": 24, ""2016"": 20, ""2017"": 22}",3.0,5.0,5.0,"landsat7,landsat8",
LT0236,232034.26932281803,4868309.425980076,-72.4786947936675,-46.2858417640466,2017,2015.0,2017.0,46_974,54.0,63.0,69.0,5.806451612903226,0.2398214285714285,"{""2015"": 20, ""2016"": 24, ""2017"": 19}",3.0,5.0,5.0,"landsat7,landsat8",
LT0258,227731.8266478097,4886029.930688795,-72.5242347668963,-46.1249479973542,2014,2012.0,2014.0,46_977,27.0,31.0,54.0,11.366666666666667,0.1568484848484848,"{""2012"": 10, ""2013"": 9, ""2014"": 12}",3.0,5.0,5.0,"landsat7,landsat8",
LT0297,229412.41461668047,4920766.285195865,-72.482884121091,-45.8135569598261,2013,2011.0,2013.0,46_984,27.0,35.0,61.0,10.705882352941176,0.1931851851851851,"{""2011"": 11, ""2012"": 11, ""2013"": 13}",3.0,5.0,5.0,"landsat5,landsat7,landsat8",
LT0299,232041.26712779456,4922427.867789814,-72.4481866285792,-45.7996545327093,2016,2014.0,2016.0,46_984,62.0,66.0,47.0,5.6,0.2789041095890411,"{""2014"": 18, ""2015"": 24, ""2016"": 24}",3.0,5.0,5.0,"landsat7,landsat8",
LT0305,227699.464647756,4926158.381001597,-72.5018523769288,-45.7644415285527,2012,2010.0,2012.0,46_985,16.0,22.0,99.0,17.19047619047619,0.14,"{""2010"": 7, ""2011"": 8, ""2012"": 7}",3.0,5.0,5.0,"landsat5,landsat7",
LT0533,234986.27997776784,5124352.5464805225,-72.3046427401016,-43.9861700471639,2017,2015.0,2017.0,47_1025,38.0,40.0,27.0,8.615384615384615,0.2772727272727273,"{""2015"": 10, ""2016"": 18, ""2017"": 12}",3.0,5.0,5.0,"landsat7,landsat8",
LT0862,237012.04493187275,5494390.981208214,-72.1108387048785,-40.6594580253613,2018,2016.0,2018.0,47_1099,85.0,94.0,20.0,3.827956989247312,0.3510569105691057,"{""2016"": 36, ""2017"": 29, ""2018"": 29}",3.0,5.0,5.0,"landsat7,landsat8",
LT0912,233530.99314952624,5516258.692182589,-72.1427347963468,-40.4616350417096,2014,2012.0,2014.0,47_1103,42.0,48.0,23.0,7.382978723404255,0.2411428571428571,"{""2012"": 12, ""2013"": 18, ""2014"": 18}",3.0,5.0,5.0,"landsat7,landsat8",
LT0906,233737.05659383023,5513248.281061266,-72.1415710990456,-40.488781206632,2018,2016.0,2018.0,47_1103,37.0,49.0,107.0,7.25,0.1543089430894308,"{""2016"": 18, ""2017"": 13, ""2018"": 18}",3.0,5.0,5.0,"landsat7,landsat8",
LT0909,234631.8894823899,5514283.639876443,-72.1305950033401,-40.4797539464623,2018,2016.0,2018.0,47_1103,51.0,65.0,59.0,5.53125,0.2001626016260162,"{""2016"": 23, ""2017"": 19, ""2018"": 23}",3.0,5.0,5.0,"landsat7,landsat8",
LT0958,235439.8933690196,5532427.624496934,-72.1135408600319,-40.316791614848,2014,2012.0,2014.0,47_1106,34.0,46.0,37.0,7.933333333333334,0.1940571428571428,"{""2012"": 11, ""2013"": 14, ""2014"": 21}",3.0,5.0,5.0,"landsat7,landsat8",
LT0965,236879.4759277785,5540581.657286508,-72.0932740414041,-40.2438909020073,2015,2013.0,2015.0,47_1108,66.0,74.0,24.0,4.931506849315069,0.3152380952380952,"{""2013"": 22, ""2014"": 22, ""2015"": 30}",3.0,5.0,5.0,"landsat7,landsat8",
LT0989,236352.64195135,5548476.905686568,-72.0962222757717,-40.1726973830461,2016,2014.0,2016.0,47_1110,75.0,87.0,31.0,4.209302325581396,0.3443171806167401,"{""2014"": 25, ""2015"": 33, ""2016"": 29}",3.0,5.0,5.0,"landsat7,landsat8",
LT1014,235766.21409908723,5557502.855790909,-72.0994052782878,-40.0913122792663,2018,2016.0,2018.0,47_1112,86.0,97.0,22.0,3.75,0.351869918699187,"{""2016"": 33, ""2017"": 32, ""2018"": 32}",3.0,5.0,5.0,"landsat7,landsat8",
LT1074,236648.50135978527,5573617.385162672,-72.0825337058074,-39.9466113621454,2017,2015.0,2017.0,47_1115,56.0,68.0,87.0,5.373134328358209,0.2454237288135593,"{""2015"": 21, ""2016"": 27, ""2017"": 20}",3.0,5.0,5.0,"landsat7,landsat8",
LT1077,234577.11805654544,5574428.080705436,-72.1064156339298,-39.9386709377446,2017,2015.0,2017.0,47_1115,82.0,92.0,25.0,3.989010989010989,0.343728813559322,"{""2015"": 31, ""2016"": 33, ""2017"": 28}",3.0,5.0,5.0,"landsat7,landsat8",
LT1079,235611.17112370397,5574567.905216531,-72.0942734037893,-39.9377364618236,2017,2015.0,2017.0,47_1115,73.0,93.0,23.0,3.945652173913044,0.3106779661016949,"{""2015"": 31, ""2016"": 34, ""2017"": 28}",3.0,5.0,5.0,"landsat7,landsat8",
LT1091,234185.36394254444,5580470.114629644,-72.1085336892139,-39.8841900357177,2013,2011.0,2013.0,47_1116,61.0,69.0,42.0,5.294117647058823,0.3989403973509934,"{""2011"": 24, ""2012"": 18, ""2013"": 27}",3.0,5.0,5.0,"landsat5,landsat7,landsat8",
LT1111,236545.24113594933,5590499.975337398,-72.0769403357601,-39.7946873079329,2014,2012.0,2014.0,47_1118,66.0,72.0,27.0,5.014084507042254,0.3642458100558659,"{""2012"": 18, ""2013"": 25, ""2014"": 29}",3.0,5.0,5.0,"landsat7,landsat8",
LT1129,237088.99299568543,5596689.771298173,-72.0681230499624,-39.7391645570169,2015,2013.0,2015.0,47_1119,85.0,91.0,19.0,4.022222222222222,0.3584279475982532,"{""2013"": 27, ""2014"": 31, ""2015"": 33}",3.0,5.0,5.0,"landsat7,landsat8",
LT1145,233616.00413719844,5604433.575264808,-72.1054688096093,-39.6684158566311,2013,2011.0,2013.0,47_1121,56.0,64.0,21.0,5.714285714285714,0.3549044585987261,"{""2011"": 23, ""2012"": 18, ""2013"": 23}",3.0,5.0,5.0,"landsat5,landsat7,landsat8",
LT1148,235170.83552131543,5606451.180507262,-72.0865592161311,-39.6507460702053,2013,2011.0,2013.0,47_1121,57.0,72.0,14.0,5.070422535211268,0.3605095541401273,"{""2011"": 24, ""2012"": 18, ""2013"": 30}",3.0,5.0,5.0,"landsat5,landsat7,landsat8",
LT1153,237366.17412130415,5607734.790588518,-72.0604975257119,-39.6398736606927,2017,2015.0,2017.0,47_1122,78.0,89.0,37.0,4.079545454545454,0.30896,"{""2015"": 29, ""2016"": 30, ""2017"": 30}",3.0,5.0,5.0,"landsat7,landsat8",
LT1180,237431.00708423177,5621787.289912127,-72.054183776422,-39.5134546483825,2013,2011.0,2013.0,47_1124,48.0,55.0,32.0,6.666666666666667,0.3069230769230769,"{""2011"": 20, ""2012"": 18, ""2013"": 17}",3.0,5.0,5.0,"landsat5,landsat7,landsat8",
LT1222,234506.61899638228,5635612.411950751,-72.0826585064893,-39.388163968503,2013,2011.0,2013.0,47_1127,55.0,64.0,21.0,5.714285714285714,0.3615483870967741,"{""2011"": 22, ""2012"": 14, ""2013"": 28}",3.0,5.0,5.0,"landsat5,landsat7,landsat8",
LT1230,234461.41608498103,5637450.635709756,-72.0824543976113,-39.3716102879027,2013,2011.0,2013.0,47_1127,62.0,69.0,21.0,5.294117647058823,0.4020645161290322,"{""2011"": 24, ""2012"": 19, ""2013"": 26}",3.0,5.0,5.0,"landsat5,landsat7,landsat8",
LT1219,233548.84245510475,5634567.366769126,-72.0941798454735,-39.39727180929,2017,2015.0,2017.0,47_1127,87.0,99.0,38.0,3.7142857142857135,0.34928,"{""2015"": 36, ""2016"": 34, ""2017"": 29}",3.0,5.0,5.0,"landsat7,landsat8",
LT1269,236637.2043611901,5663809.550134812,-72.0469386163923,-39.1350948194554,2013,2011.0,2013.0,47_1133,44.0,54.0,25.0,6.79245283018868,0.3214285714285714,"{""2011"": 17, ""2012"": 16, ""2013"": 21}",3.0,5.0,5.0,"landsat5,landsat7,landsat8",
LT1275,232510.03317964583,5665562.853746036,-72.0939318832421,-39.1180611883861,2013,2011.0,2013.0,47_1133,34.0,41.0,24.0,9.0,0.2511428571428571,"{""2011"": 14, ""2012"": 12, ""2013"": 15}",3.0,5.0,5.0,"landsat5,landsat7,landsat8",
LT1302,234671.40792669763,5694735.02403233,-72.0576410260191,-38.8562168889953,2016,2014.0,2016.0,47_1139,56.0,60.0,40.0,6.101694915254237,0.4752542372881356,"{""2014"": 17, ""2015"": 21, ""2016"": 22}",3.0,5.0,5.0,"landsat7,landsat8",
LT1312,236268.6069829877,5699873.239666189,-72.0372915274039,-38.8104587340233,2016,2014.0,2016.0,47_1140,64.0,67.0,30.0,5.454545454545454,0.5383050847457627,"{""2014"": 21, ""2015"": 22, ""2016"": 24}",3.0,5.0,5.0,"landsat7,landsat8",
LT1333,234575.73105811293,5709744.995227497,-72.0529703811281,-38.7211157282049,2013,2011.0,2013.0,47_1142,30.0,39.0,26.0,9.552631578947368,0.4208219178082192,"{""2011"": 11, ""2012"": 13, ""2013"": 15}",3.0,5.0,5.0,"landsat5,landsat7,landsat8",
LT1348,235023.9208841066,5718850.331767329,-72.044345385916,-38.6393104567509,2013,2011.0,2013.0,47_1144,38.0,40.0,24.0,9.307692307692308,0.5227397260273973,"{""2011"": 13, ""2012"": 13, ""2013"": 14}",3.0,5.0,5.0,"landsat5,landsat7,landsat8",
LT1351,236966.69158749084,5719958.742139508,-72.0216343938892,-38.6299139583386,2013,2011.0,2013.0,47_1144,37.0,40.0,24.0,9.307692307692308,0.4865753424657534,"{""2011"": 13, ""2012"": 12, ""2013"": 15}",3.0,5.0,5.0,"landsat5,landsat7,landsat8",
LT1379,237347.30535333435,5728934.939926277,-72.0138856428295,-38.5492456298676,2013,2011.0,2013.0,47_1146,34.0,40.0,24.0,9.307692307692308,0.4668493150684931,"{""2011"": 14, ""2012"": 9, ""2013"": 17}",3.0,5.0,5.0,"landsat5,landsat7,landsat8",
LT1498,234851.31458992377,5782965.966810647,-72.0222255796758,-38.0622377903752,2013,2011.0,2013.0,47_1157,48.0,49.0,24.0,7.5625,0.5721951219512195,"{""2011"": 18, ""2012"": 12, ""2013"": 19}",3.0,5.0,5.0,"landsat5,landsat7,landsat8",
LT1604,236751.0000000036,5831236.000000006,-71.9830310426131,-37.628322442039,2013,2011.0,2013.0,47_1166,47.0,51.0,30.0,7.26,0.5858536585365853,"{""2011"": 17, ""2012"": 14, ""2013"": 20}",3.0,5.0,5.0,"landsat5,landsat7,landsat8",
LT0094,237423.00777319603,4292609.154206031,-72.7798662896527,-51.4566867640982,2015,2013.0,2015.0,47_859,24.0,35.0,124.0,10.294117647058824,0.1630188679245283,"{""2013"": 10, ""2014"": 17, ""2015"": 8}",3.0,5.0,5.0,"landsat7,landsat8",
LT0098,237003.98675624625,4297431.729010264,-72.7823039518094,-51.4132232121957,2018,2016.0,2018.0,47_859,38.0,46.0,98.0,8.0,0.2323353293413173,"{""2016"": 16, ""2017"": 15, ""2018"": 15}",3.0,5.0,5.0,"landsat7,landsat8",
LT0124,234085.2586066519,4621597.263797174,-72.6001330047084,-48.502393627013,2016,2014.0,2016.0,47_924,26.0,28.0,75.0,12.555555555555555,0.2316190476190476,"{""2014"": 7, ""2015"": 9, ""2016"": 12}",3.0,5.0,5.0,"landsat7,landsat8",
LT0166,235202.06217723692,4736086.902988778,-72.514450024711,-47.4747570712592,2018,2016.0,2018.0,47_947,79.0,84.0,62.0,4.180722891566265,0.3752380952380952,"{""2016"": 31, ""2017"": 29, ""2018"": 24}",3.0,5.0,5.0,"landsat7,landsat8",
LT0173,233019.75845946604,4750977.6276519485,-72.5343885037271,-47.3401336207166,2018,2016.0,2018.0,47_950,66.0,73.0,62.0,4.819444444444445,0.3041904761904762,"{""2016"": 31, ""2017"": 22, ""2018"": 20}",3.0,5.0,5.0,"landsat7,landsat8",
LT0178,236389.58888288995,4759269.85651562,-72.484958761812,-47.2670222046189,2016,2014.0,2016.0,47_952,86.0,94.0,63.0,3.7204301075268815,0.421871921182266,"{""2014"": 28, ""2015"": 31, ""2016"": 35}",3.0,5.0,5.0,"landsat7,landsat8",
LT0181,233851.03678962443,4766013.651376281,-72.5144420303596,-47.2054285119491,2014,2012.0,2014.0,47_953,35.0,46.0,64.0,7.888888888888889,0.2341721854304636,"{""2012"": 12, ""2013"": 17, ""2014"": 17}",3.0,5.0,5.0,"landsat7,landsat8",
LT0183,236620.188310549,4769312.307574874,-72.4760080290575,-47.1769154547317,2014,2012.0,2014.0,47_954,44.0,60.0,53.0,6.016949152542373,0.2848,"{""2012"": 13, ""2013"": 18, ""2014"": 29}",3.0,5.0,5.0,"landsat7,landsat8",
LT0191,235095.4594123868,4802304.817645311,-72.4767728125124,-46.8799634817348,2014,2012.0,2014.0,47_960,31.0,39.0,70.0,9.18421052631579,0.1834319526627219,"{""2012"": 12, ""2013"": 9, ""2014"": 18}",3.0,5.0,5.0,"landsat7,landsat8",
LT0194,235920.92720672407,4804390.780078272,-72.4647516869381,-46.8615546563512,2013,2011.0,2013.0,47_961,41.0,58.0,38.0,6.192982456140351,0.2909352517985611,"{""2011"": 21, ""2012"": 16, ""2013"": 21}",3.0,5.0,5.0,"landsat5,landsat7,landsat8",
LT0200,234026.38762988636,4816271.727652781,-72.4826581325245,-46.7540808049027,2012,2010.0,2012.0,47_963,50.0,60.0,70.0,6.169491525423729,0.4049586776859504,"{""2010"": 18, ""2011"": 21, ""2012"": 21}",3.0,5.0,5.0,"landsat5,landsat7",
LT0199,237093.3561625816,4815499.926839118,-72.4430158327657,-46.7622280692085,2015,2013.0,2015.0,47_963,60.0,69.0,41.0,5.205882352941177,0.3016915422885572,"{""2013"": 19, ""2014"": 23, ""2015"": 27}",3.0,5.0,5.0,"landsat7,landsat8",
LT0224,237428.88806779345,4850640.266462272,-72.4186899821517,-46.4466854215401,2017,2015.0,2017.0,47_970,74.0,81.0,52.0,4.5,0.3241071428571428,"{""2015"": 30, ""2016"": 27, ""2017"": 24}",3.0,5.0,5.0,"landsat7,landsat8",
LT0228,235305.5375097078,4852466.224307368,-72.4452502033495,-46.4294530072915,2017,2015.0,2017.0,47_970,62.0,72.0,55.0,4.802816901408451,0.2794642857142857,"{""2015"": 25, ""2016"": 27, ""2017"": 20}",3.0,5.0,5.0,"landsat7,landsat8",
LT0229,236121.50969440772,4854559.895924708,-72.4334667323655,-46.4109637649986,2017,2015.0,2017.0,47_971,63.0,70.0,47.0,5.173913043478261,0.2744642857142857,"{""2015"": 22, ""2016"": 23, ""2017"": 25}",3.0,5.0,5.0,"landsat7,landsat8",
LT0281,234089.76363623684,4907514.756138716,-72.4301145263121,-45.9344325349277,2013,2011.0,2013.0,47_982,30.0,38.0,112.0,9.62162162162162,0.2192592592592592,"{""2011"": 8, ""2012"": 12, ""2013"": 18}",3.0,5.0,5.0,"landsat5,landsat7,landsat8",
LT0324,234938.7394370925,4936691.508911634,-72.4031651042091,-45.6726166450128,2017,2015.0,2017.0,47_987,46.0,54.0,45.0,6.735849056603773,0.2028571428571428,"{""2015"": 17, ""2016"": 23, ""2017"": 14}",3.0,5.0,5.0,"landsat7,landsat8",
LT0325,235850.78712205205,4937798.269594167,-72.3908747108552,-45.6630203144445,2016,2014.0,2016.0,47_988,45.0,51.0,86.0,6.74,0.2036529680365296,"{""2014"": 13, ""2015"": 13, ""2016"": 25}",3.0,5.0,5.0,"landsat7,landsat8",
LT0399,236513.8055212781,4996049.149092362,-72.3512538110712,-45.139845760972,2013,2011.0,2013.0,47_999,26.0,29.0,109.0,12.607142857142858,0.1594736842105263,"{""2011"": 9, ""2012"": 8, ""2013"": 12}",3.0,5.0,5.0,"landsat5,landsat7,landsat8",
LT0542,239354.40999317536,5134646.631807485,-72.2452181518701,-43.895196872084,2014,2012.0,2014.0,48_1027,20.0,24.0,38.0,14.695652173913045,0.1956862745098039,"{""2012"": 6, ""2013"": 9, ""2014"": 9}",3.0,5.0,5.0,"landsat7,landsat8",
LT0863,238014.39725327445,5494509.6379027385,-72.0989491382453,-40.6587093242403,2014,2012.0,2014.0,48_1099,60.0,67.0,24.0,5.393939393939394,0.3433142857142857,"{""2012"": 15, ""2013"": 27, ""2014"": 25}",3.0,5.0,5.0,"landsat7,landsat8",
LT0918,238192.53376128792,5521572.1221590135,-72.085644768445,-40.415316430563,2014,2012.0,2014.0,48_1104,50.0,58.0,25.0,6.298245614035087,0.2811428571428571,"{""2012"": 12, ""2013"": 23, ""2014"": 23}",3.0,5.0,5.0,"landsat7,landsat8",
LT0921,239106.18791844064,5522699.822319894,-72.0744290914775,-40.405458214063,2014,2012.0,2014.0,48_1105,42.0,53.0,27.0,6.75,0.2420571428571428,"{""2012"": 11, ""2013"": 22, ""2014"": 20}",3.0,5.0,5.0,"landsat7,landsat8",
LT0926,237919.42753128908,5524511.637336152,-72.0876495433983,-40.3887864590518,2014,2012.0,2014.0,48_1105,35.0,42.0,35.0,8.195121951219512,0.1988571428571428,"{""2012"": 11, ""2013"": 13, ""2014"": 18}",3.0,5.0,5.0,"landsat7,landsat8",
LT0937,240877.5951491772,5525792.326706748,-72.0523250679932,-40.3781898146126,2016,2014.0,2016.0,48_1105,58.0,73.0,38.0,4.819444444444445,0.2592070484581498,"{""2014"": 20, ""2015"": 25, ""2016"": 28}",3.0,5.0,5.0,"landsat7,landsat8",
LT0955,240630.0929686121,5529758.897642074,-72.0536245895649,-40.3424279505485,2013,2011.0,2013.0,48_1106,43.0,47.0,25.0,7.826086956521739,0.2699337748344371,"{""2011"": 22, ""2012"": 10, ""2013"": 15}",3.0,5.0,5.0,"landsat5,landsat7,landsat8",
LT0949,239772.6904376639,5527654.8073744215,-72.0645628901762,-40.3610902507316,2014,2012.0,2014.0,48_1106,36.0,47.0,35.0,7.521739130434782,0.2146285714285714,"{""2012"": 11, ""2013"": 16, ""2014"": 20}",3.0,5.0,5.0,"landsat7,landsat8",
LT0964,240941.8958726385,5539815.623546287,-72.0458893418585,-40.2520487728091,2012,2010.0,2012.0,48_1108,45.0,55.0,54.0,6.666666666666667,0.3337313432835821,"{""2010"": 21, ""2011"": 17, ""2012"": 17}",3.0,5.0,5.0,"landsat5,landsat7",
LT0966,239997.0788998254,5540815.060394672,-72.0565782795718,-40.2427644812909,2014,2012.0,2014.0,48_1108,63.0,72.0,32.0,5.056338028169014,0.3504,"{""2012"": 15, ""2013"": 29, ""2014"": 28}",3.0,5.0,5.0,"landsat7,landsat8",
LT0973,238657.1102884997,5543637.110901381,-72.0711614397269,-40.2169590562717,2016,2014.0,2016.0,48_1109,61.0,71.0,51.0,4.928571428571429,0.2648458149779735,"{""2014"": 19, ""2015"": 25, ""2016"": 27}",3.0,5.0,5.0,"landsat7,landsat8",
LT0970,238701.9943728428,5542678.880059744,-72.0710242945831,-40.225593759266,2018,2016.0,2018.0,48_1109,68.0,78.0,23.0,4.597402597402597,0.276910569105691,"{""2016"": 29, ""2017"": 24, ""2018"": 25}",3.0,5.0,5.0,"landsat7,landsat8",
LT0993,238222.46928411772,5548796.937617515,-72.0741633582221,-40.170403113878,2013,2011.0,2013.0,48_1110,48.0,53.0,30.0,6.923076923076923,0.3096688741721854,"{""2011"": 23, ""2012"": 11, ""2013"": 19}",3.0,5.0,5.0,"landsat5,landsat7,landsat8",
LT0992,240377.314145202,5548844.56973125,-72.0488729355839,-40.1706434374987,2014,2012.0,2014.0,48_1110,58.0,67.0,21.0,5.4393939393939394,0.3341714285714285,"{""2012"": 15, ""2013"": 24, ""2014"": 28}",3.0,5.0,5.0,"landsat7,landsat8",
LT1000,240190.6378176383,5550773.469910835,-72.0502847618593,-40.1532318735496,2016,2014.0,2016.0,48_1110,80.0,93.0,31.0,3.934782608695652,0.3529515418502202,"{""2014"": 25, ""2015"": 35, ""2016"": 33}",3.0,5.0,5.0,"landsat7,landsat8",
LT1099,237979.7829546462,5583651.229030028,-72.0629461725502,-39.8567495927037,2013,2011.0,2013.0,48_1117,51.0,61.0,28.0,6.0,0.341578947368421,"{""2011"": 19, ""2012"": 16, ""2013"": 26}",3.0,5.0,5.0,"landsat5,landsat7,landsat8",
LT1106,237687.56883665768,5587684.992390531,-72.0647422878462,-39.8203670858674,2012,2010.0,2012.0,48_1118,52.0,65.0,20.0,5.625,0.3934328358208955,"{""2010"": 22, ""2011"": 24, ""2012"": 19}",3.0,5.0,5.0,"landsat5,landsat7",
LT1181,241430.1739895573,5622040.25793467,-72.0076281021176,-39.5123907308698,2014,2012.0,2014.0,48_1124,56.0,68.0,32.0,5.268656716417911,0.2979679144385027,"{""2012"": 14, ""2013"": 25, ""2014"": 29}",3.0,5.0,5.0,"landsat7,landsat8",
LT1171,240609.084122228,5617947.383852491,-72.0187623530045,-39.5489710656998,2019,2017.0,2019.0,48_1124,92.0,104.0,18.0,3.533980582524272,0.3595330739299611,"{""2017"": 38, ""2018"": 41, ""2019"": 25}",3.0,5.0,5.0,"landsat7,landsat8",
LT1187,241296.43590764364,5624043.816950784,-72.0084035885614,-39.4943222166253,2014,2012.0,2014.0,48_1125,66.0,77.0,21.0,4.684210526315789,0.3510160427807486,"{""2012"": 18, ""2013"": 25, ""2014"": 34}",3.0,5.0,5.0,"landsat7,landsat8",
LT1195,242172.99999999933,5626056.000000006,-71.9974452129228,-39.4764792981574,2014,2012.0,2014.0,48_1125,62.0,74.0,22.0,4.808219178082192,0.3281283422459893,"{""2012"": 16, ""2013"": 26, ""2014"": 32}",3.0,5.0,5.0,"landsat7,landsat8",
LT1204,238023.2992198813,5627811.413372845,-72.044936279309,-39.4594312635155,2013,2011.0,2013.0,48_1126,47.0,61.0,29.0,6.0,0.3038461538461538,"{""2011"": 19, ""2012"": 16, ""2013"": 26}",3.0,5.0,5.0,"landsat5,landsat7,landsat8",
LT1205,240024.46025118508,5627966.915433991,-72.0216468152322,-39.4586384608039,2014,2012.0,2014.0,48_1126,58.0,69.0,25.0,5.235294117647059,0.3071657754010695,"{""2012"": 16, ""2013"": 25, ""2014"": 28}",3.0,5.0,5.0,"landsat7,landsat8",
LT1215,239691.98191691985,5632970.00437185,-72.0235575800729,-39.4135197442011,2013,2011.0,2013.0,48_1127,52.0,61.0,19.0,6.0,0.3292307692307692,"{""2011"": 22, ""2012"": 14, ""2013"": 25}",3.0,5.0,5.0,"landsat5,landsat7,landsat8",
LT1218,241610.60275495623,5634047.930026462,-72.0008847978818,-39.4043970553556,2017,2015.0,2017.0,48_1127,83.0,96.0,27.0,3.831578947368421,0.3203125,"{""2015"": 36, ""2016"": 32, ""2017"": 28}",3.0,5.0,5.0,"landsat7,landsat8",
LT1221,242136.03564670464,5635112.198304723,-71.9943804737651,-39.3949775200129,2017,2015.0,2017.0,48_1127,87.0,104.0,29.0,3.533980582524272,0.3384375,"{""2015"": 39, ""2016"": 37, ""2017"": 28}",3.0,5.0,5.0,"landsat7,landsat8",
LT1223,240446.9097203742,5635975.879509515,-72.0136350449672,-39.3866996391284,2017,2015.0,2017.0,48_1127,90.0,103.0,25.0,3.5686274509803924,0.34046875,"{""2015"": 36, ""2016"": 39, ""2017"": 28}",3.0,5.0,5.0,"landsat7,landsat8",
LT1232,240348.3643689271,5638992.039458399,-72.0136096994855,-39.3595297508843,2017,2015.0,2017.0,48_1128,91.0,105.0,25.0,3.5,0.35359375,"{""2015"": 34, ""2016"": 39, ""2017"": 32}",3.0,5.0,5.0,"landsat7,landsat8",
LT1256,239969.0988122187,5659022.202200907,-72.0102775566978,-39.1791754325586,2016,2014.0,2016.0,48_1132,97.0,107.0,23.0,3.4245283018867925,0.3920325203252032,"{""2014"": 32, ""2015"": 40, ""2016"": 35}",3.0,5.0,5.0,"landsat7,landsat8",
LT1286,241723.00000000332,5678182.999999997,-71.9827201074389,-39.0072710436566,2015,2013.0,2015.0,48_1136,82.0,96.0,19.0,3.8210526315789473,0.3900469483568075,"{""2013"": 30, ""2014"": 29, ""2015"": 37}",3.0,5.0,5.0,"landsat7,landsat8",
LT1303,240565.9999999979,5695075.000000001,-71.9896707098116,-38.8549152897623,2014,2012.0,2014.0,48_1139,45.0,56.0,22.0,6.527272727272727,0.4495238095238095,"{""2012"": 14, ""2013"": 20, ""2014"": 22}",3.0,5.0,5.0,"landsat7,landsat8",
LT1306,238507.04872179148,5697015.927793803,-72.0126298939042,-38.8368391677835,2014,2012.0,2014.0,48_1139,42.0,49.0,22.0,7.270833333333333,0.3893333333333333,"{""2012"": 10, ""2013"": 18, ""2014"": 21}",3.0,5.0,5.0,"landsat7,landsat8",
LT1310,239322.7147394424,5699073.92981502,-72.0024659963162,-38.8185606383173,2014,2012.0,2014.0,48_1140,46.0,50.0,24.0,7.122448979591836,0.5218181818181818,"{""2012"": 10, ""2013"": 18, ""2014"": 22}",3.0,5.0,5.0,"landsat7,landsat8",
LT1321,238928.848755125,5705034.956267995,-72.0047417527932,-38.7647992401664,2016,2014.0,2016.0,48_1141,61.0,68.0,26.0,5.417910447761194,0.5220338983050847,"{""2014"": 22, ""2015"": 23, ""2016"": 23}",3.0,5.0,5.0,"landsat7,landsat8",
LT1331,239737.99999999965,5708065.000000006,-71.9943004631774,-38.7377696090249,2013,2011.0,2013.0,48_1142,36.0,47.0,21.0,7.891304347826087,0.5151351351351351,"{""2011"": 16, ""2012"": 14, ""2013"": 17}",3.0,5.0,5.0,"landsat5,landsat7,landsat8",
LT1354,239895.9999999957,5721059.999999994,-71.9876145925366,-38.6208669334837,2017,2015.0,2017.0,48_1144,56.0,64.0,27.0,5.761904761904762,0.4672131147540984,"{""2015"": 22, ""2016"": 23, ""2017"": 19}",3.0,5.0,5.0,"landsat7,landsat8",
LT1431,241920.00000000183,5751351.999999994,-71.9532384998184,-38.3488267236441,2013,2011.0,2013.0,48_1150,36.0,39.0,35.0,9.552631578947368,0.4612987012987013,"{""2011"": 15, ""2012"": 11, ""2013"": 13}",3.0,5.0,5.0,"landsat5,landsat7,landsat8",
LT1437,240727.00000000143,5754279.999999995,-71.965797867951,-38.3221294269287,2013,2011.0,2013.0,48_1151,39.0,41.0,35.0,9.075,0.5085714285714286,"{""2011"": 14, ""2012"": 12, ""2013"": 15}",3.0,5.0,5.0,"landsat5,landsat7,landsat8",
LT1479,241497.0000000023,5773376.000000001,-71.9500423013246,-38.1504775398773,2013,2011.0,2013.0,48_1155,42.0,51.0,21.0,7.26,0.5286746987951807,"{""2011"": 19, ""2012"": 14, ""2013"": 18}",3.0,5.0,5.0,"landsat5,landsat7,landsat8",
LT1554,242429.00000000352,5805490.000000001,-71.9278913101254,-37.8616844397375,2013,2011.0,2013.0,48_1161,53.0,54.0,18.0,6.849056603773585,0.646829268292683,"{""2011"": 19, ""2012"": 13, ""2013"": 22}",3.0,5.0,5.0,"landsat5,landsat7,landsat8",
LT1664,238936.99999999773,5891371.999999996,-71.9371006664758,-37.087606111548,2013,2011.0,2013.0,48_1178,51.0,51.0,26.0,7.26,0.62,"{""2011"": 16, ""2012"": 16, ""2013"": 19}",3.0,5.0,5.0,"landsat5,landsat7,landsat8",
LT0082,241538.17947475403,4254789.773246561,-72.7486650539739,-51.7979110412496,2014,2012.0,2014.0,48_851,33.0,37.0,100.0,9.5,0.26528,"{""2012"": 5, ""2013"": 14, ""2014"": 18}",3.0,5.0,5.0,"landsat7,landsat8",
LT0126,237903.30016787455,4623913.561291022,-72.5470928688022,-48.4831991586295,2014,2012.0,2014.0,48_925,17.0,17.0,99.0,20.6875,0.1995180722891566,"{""2012"": 5, ""2013"": 6, ""2014"": 6}",3.0,5.0,5.0,"landsat7,landsat8",
LT0127,237826.5392736024,4624851.846098713,-72.547541399922,-48.4747421443151,2015,2013.0,2015.0,48_925,19.0,21.0,117.0,16.5,0.1918367346938775,"{""2013"": 5, ""2014"": 8, ""2015"": 8}",3.0,5.0,5.0,"landsat7,landsat8",
LT0128,239783.63245255407,4625065.875207449,-72.5209785366334,-48.4736328918938,2016,2014.0,2016.0,48_925,19.0,20.0,115.0,17.105263157894736,0.1774074074074074,"{""2014"": 5, ""2015"": 7, ""2016"": 8}",3.0,5.0,5.0,"landsat7,landsat8",
LT0184,241554.37658400767,4770748.688200529,-72.4101806284409,-47.1659691898938,2015,2013.0,2015.0,48_954,66.0,83.0,60.0,4.317073170731708,0.3713978494623656,"{""2013"": 26, ""2014"": 28, ""2015"": 29}",3.0,5.0,5.0,"landsat7,landsat8",
LT0185,240508.58907482764,4771626.352305262,-72.4234474620413,-47.1576743137207,2015,2013.0,2015.0,48_954,72.0,80.0,60.0,4.481012658227848,0.3866666666666666,"{""2013"": 25, ""2014"": 25, ""2015"": 30}",3.0,5.0,5.0,"landsat7,landsat8",
LT0188,240514.1490147919,4784627.666050865,-72.4158880435497,-47.0408914027789,2015,2013.0,2015.0,48_957,77.0,90.0,53.0,3.97752808988764,0.4012565445026178,"{""2013"": 22, ""2014"": 35, ""2015"": 33}",3.0,5.0,5.0,"landsat7,landsat8",
LT0221,239493.3305062212,4849773.018743721,-72.3923432220415,-46.4552764405317,2017,2015.0,2017.0,48_970,71.0,82.0,35.0,4.444444444444445,0.3180357142857143,"{""2015"": 29, ""2016"": 28, ""2017"": 25}",3.0,5.0,5.0,"landsat7,landsat8",
LT0245,241579.309032068,4876058.87990744,-72.3507541151638,-46.2199174623191,2015,2013.0,2015.0,48_975,50.0,63.0,53.0,5.629032258064516,0.2547263681592039,"{""2013"": 19, ""2014"": 23, ""2015"": 21}",3.0,5.0,5.0,"landsat7,landsat8",
LT0285,240175.89778718716,4909047.160221402,-72.3509136438757,-45.9229919774007,2013,2011.0,2013.0,48_982,43.0,48.0,48.0,7.680851063829787,0.3122962962962963,"{""2011"": 12, ""2012"": 15, ""2013"": 21}",3.0,5.0,5.0,"landsat5,landsat7,landsat8",
LT0321,241004.5395077021,4936119.789378117,-72.3257238293626,-45.6800459970757,2016,2014.0,2016.0,48_987,56.0,62.0,51.0,5.885245901639344,0.2473059360730593,"{""2014"": 19, ""2015"": 18, ""2016"": 25}",3.0,5.0,5.0,"landsat7,landsat8",
LT0405,242983.18705609496,5003552.506251262,-72.2652552537154,-45.0747959103307,2013,2011.0,2013.0,49_1001,35.0,41.0,32.0,9.025,0.2352,"{""2011"": 13, ""2012"": 12, ""2013"": 16}",3.0,5.0,5.0,"landsat5,landsat7,landsat8",
LT0425,247257.61602027947,5026918.637333684,-72.1993278350355,-44.8663231225575,2015,2013.0,2015.0,49_1005,46.0,55.0,29.0,6.555555555555555,0.2099547511312217,"{""2013"": 15, ""2014"": 24, ""2015"": 16}",3.0,5.0,5.0,"landsat7,landsat8",
LT0427,246053.82063342904,5029835.295094427,-72.2130826129251,-44.8396805970048,2015,2013.0,2015.0,49_1006,49.0,54.0,24.0,6.679245283018868,0.220814479638009,"{""2013"": 14, ""2014"": 22, ""2015"": 18}",3.0,5.0,5.0,"landsat7,landsat8",
LT0434,245307.11725125363,5039783.299073817,-72.2175379335087,-44.7500017337317,2016,2014.0,2016.0,49_1008,61.0,72.0,27.0,5.028169014084507,0.2609282700421941,"{""2014"": 21, ""2015"": 20, ""2016"": 31}",3.0,5.0,5.0,"landsat7,landsat8",
LT0519,247106.21745652237,5111088.335184496,-72.1600827585851,-44.1096809892441,2016,2014.0,2016.0,49_1022,58.0,64.0,27.0,5.333333333333333,0.2435443037974683,"{""2014"": 19, ""2015"": 20, ""2016"": 25}",3.0,5.0,5.0,"landsat7,landsat8",
LT0536,243959.19596405703,5125975.309536144,-72.1921454755311,-43.9747618722299,2014,2012.0,2014.0,49_1025,24.0,33.0,34.0,10.65625,0.1535,"{""2012"": 9, ""2013"": 11, ""2014"": 13}",3.0,5.0,5.0,"landsat7,landsat8",
LT0857,245188.55925238045,5492003.115651466,-72.0152179203111,-40.6835040944791,2014,2012.0,2014.0,49_1098,43.0,54.0,29.0,6.716981132075472,0.2525,"{""2012"": 14, ""2013"": 19, ""2014"": 21}",3.0,5.0,5.0,"landsat7,landsat8",
LT0856,244176.08188304224,5491945.882833878,-72.0272061390125,-40.683705587835,2016,2014.0,2016.0,49_1098,66.0,76.0,32.0,4.773333333333333,0.2874008810572687,"{""2014"": 24, ""2015"": 22, ""2016"": 30}",3.0,5.0,5.0,"landsat7,landsat8",
LT0859,243129.115792292,5492861.60470486,-72.0392040013004,-40.6751423528166,2015,2013.0,2015.0,49_1099,66.0,78.0,26.0,4.688311688311688,0.3232227488151659,"{""2013"": 24, ""2014"": 23, ""2015"": 31}",3.0,5.0,5.0,"landsat7,landsat8",
LT0927,242963.6242925141,5524905.738056574,-72.0281428728365,-40.3868117921577,2016,2014.0,2016.0,49_1105,74.0,81.0,38.0,4.5,0.3173568281938326,"{""2014"": 21, ""2015"": 30, ""2016"": 30}",3.0,5.0,5.0,"landsat7,landsat8",
LT0950,246057.00000000044,5528081.000000007,-71.9904829547994,-40.3591924167584,2017,2015.0,2017.0,49_1106,62.0,76.0,40.0,4.613333333333333,0.2677966101694915,"{""2015"": 28, ""2016"": 27, ""2017"": 21}",3.0,5.0,5.0,"landsat7,landsat8",
LT0980,246456.9999999981,5547214.999999999,-71.978210109032,-40.1871626129514,2012,2010.0,2012.0,49_1109,48.0,53.0,36.0,6.923076923076923,0.3513432835820895,"{""2010"": 17, ""2011"": 22, ""2012"": 14}",3.0,5.0,5.0,"landsat5,landsat7",
LT0986,244391.5728474972,5548074.914528764,-72.0020986512873,-40.1787994424407,2014,2012.0,2014.0,49_1110,59.0,69.0,27.0,5.279411764705882,0.3270857142857143,"{""2012"": 17, ""2013"": 24, ""2014"": 28}",3.0,5.0,5.0,"landsat7,landsat8",
LT1090,245295.99999999945,5579196.000000001,-71.9792676687944,-39.8990627502558,2014,2012.0,2014.0,49_1116,63.0,72.0,22.0,5.070422535211268,0.3627428571428571,"{""2012"": 14, ""2013"": 25, ""2014"": 33}",3.0,5.0,5.0,"landsat7,landsat8",
LT1087,244375.00000000265,5578132.999999999,-71.9904429393078,-39.9083501124186,2018,2016.0,2018.0,49_1116,47.0,56.0,144.0,6.4,0.192520325203252,"{""2016"": 21, ""2017"": 15, ""2018"": 20}",3.0,5.0,5.0,"landsat7,landsat8",
LT1121,247359.999999998,5593375.000000007,-71.9496878257831,-39.7720965777232,2016,2014.0,2016.0,49_1119,85.0,96.0,31.0,3.8,0.3480816326530612,"{""2014"": 30, ""2015"": 34, ""2016"": 32}",3.0,5.0,5.0,"landsat7,landsat8",
LT1141,246831.00000000143,5601297.000000004,-71.9528103516207,-39.7006556808145,2015,2013.0,2015.0,49_1120,75.0,85.0,24.0,4.309523809523809,0.3346724890829694,"{""2013"": 27, ""2014"": 26, ""2015"": 32}",3.0,5.0,5.0,"landsat7,landsat8",
LT1156,247219.9999999983,5610355.000000006,-71.9448146306855,-39.619263491728,2014,2012.0,2014.0,49_1122,66.0,74.0,25.0,4.890410958904109,0.347807486631016,"{""2012"": 20, ""2013"": 26, ""2014"": 28}",3.0,5.0,5.0,"landsat7,landsat8",
LT1175,246521.00000000244,5620300.999999999,-71.9491494597527,-39.5295579061454,2013,2011.0,2013.0,49_1124,58.0,70.0,21.0,5.217391304347826,0.3646153846153846,"{""2011"": 23, ""2012"": 21, ""2013"": 26}",3.0,5.0,5.0,"landsat5,landsat7,landsat8",
LT1182,246414.0,5622375.000000005,-71.9496026055583,-39.5108632706351,2014,2012.0,2014.0,49_1124,73.0,85.0,15.0,4.214285714285714,0.3818181818181818,"{""2012"": 20, ""2013"": 30, ""2014"": 35}",3.0,5.0,5.0,"landsat7,landsat8",
LT1188,245271.9999999988,5624303.999999998,-71.9621316292956,-39.4931675104625,2014,2012.0,2014.0,49_1125,60.0,75.0,58.0,4.851351351351352,0.3214973262032085,"{""2012"": 17, ""2013"": 27, ""2014"": 31}",3.0,5.0,5.0,"landsat7,landsat8",
LT1220,244262.0000000012,5635108.999999996,-71.9697256618501,-39.3956388003691,2017,2015.0,2017.0,49_1127,65.0,81.0,111.0,4.5375,0.26375,"{""2015"": 26, ""2016"": 32, ""2017"": 23}",3.0,5.0,5.0,"landsat7,landsat8",
LT1224,244429.9999999966,5636209.000000003,-71.9673575625711,-39.3857900574562,2017,2015.0,2017.0,49_1127,63.0,77.0,104.0,4.776315789473684,0.25109375,"{""2015"": 24, ""2016"": 29, ""2017"": 24}",3.0,5.0,5.0,"landsat7,landsat8",
LT1225,245453.9999999973,5636277.000000003,-71.955457174318,-39.385480629553,2017,2015.0,2017.0,49_1127,60.0,76.0,80.0,4.8533333333333335,0.23484375,"{""2015"": 30, ""2016"": 28, ""2017"": 18}",3.0,5.0,5.0,"landsat7,landsat8",
LT1226,247474.0000000001,5636480.0,-71.9319559344014,-39.3842469875433,2017,2015.0,2017.0,49_1127,73.0,80.0,79.0,4.6075949367088604,0.27625,"{""2015"": 25, ""2016"": 29, ""2017"": 26}",3.0,5.0,5.0,"landsat7,landsat8",
LT1258,246770.00000000143,5659757.000000001,-71.9313688811853,-39.1745694715591,2014,2012.0,2014.0,49_1132,74.0,82.0,19.0,4.432098765432099,0.3934426229508196,"{""2012"": 17, ""2013"": 29, ""2014"": 36}",3.0,5.0,5.0,"landsat7,landsat8",
LT1260,243789.00000000364,5660830.999999995,-71.9654274730227,-39.1640316988968,2015,2013.0,2015.0,49_1132,85.0,96.0,19.0,3.7578947368421054,0.3728070175438596,"{""2013"": 26, ""2014"": 34, ""2015"": 36}",3.0,5.0,5.0,"landsat7,landsat8",
LT1266,244579.999999996,5663452.000000005,-71.9552961158361,-39.1406775688588,2015,2013.0,2015.0,49_1133,87.0,95.0,27.0,3.8404255319148937,0.3843859649122807,"{""2013"": 25, ""2014"": 32, ""2015"": 38}",3.0,5.0,5.0,"landsat7,landsat8",
LT1319,246981.99999999837,5704874.999999996,-71.9122274024285,-38.7685841440459,2016,2014.0,2016.0,49_1141,79.0,91.0,27.0,4.033333333333333,0.3658447488584475,"{""2014"": 31, ""2015"": 32, ""2016"": 28}",3.0,5.0,5.0,"landsat7,landsat8",
LT1385,245215.00000000105,5731526.000000001,-71.9227714306813,-38.5282138606656,2015,2013.0,2015.0,49_1146,62.0,66.0,19.0,5.584615384615384,0.5923809523809523,"{""2013"": 19, ""2014"": 26, ""2015"": 21}",3.0,5.0,5.0,"landsat7,landsat8",
LT1449,247416.0000000008,5760680.999999994,-71.8870884402118,-38.2664234645068,2015,2013.0,2015.0,49_1152,58.0,64.0,16.0,5.714285714285714,0.4689430894308943,"{""2013"": 22, ""2014"": 19, ""2015"": 23}",3.0,5.0,5.0,"landsat7,landsat8",
LT1450,243222.9999999983,5761424.000000005,-71.9346884073273,-38.2585474380532,2016,2014.0,2016.0,49_1152,66.0,72.0,24.0,5.070422535211268,0.4975384615384615,"{""2014"": 22, ""2015"": 24, ""2016"": 26}",3.0,5.0,5.0,"landsat7,landsat8",
LT1460,246064.99999999933,5764652.999999996,-71.9010897453877,-38.2302909350786,2015,2013.0,2015.0,49_1153,64.0,71.0,19.0,5.142857142857143,0.5261788617886178,"{""2013"": 21, ""2014"": 24, ""2015"": 26}",3.0,5.0,5.0,"landsat7,landsat8",
LT1499,245925.99999999892,5783615.999999994,-71.8959148423638,-38.0595636165282,2013,2011.0,2013.0,49_1157,47.0,53.0,21.0,6.980769230769231,0.5741463414634146,"{""2011"": 19, ""2012"": 14, ""2013"": 20}",3.0,5.0,5.0,"landsat5,landsat7,landsat8",
LT1516,243415.00000000309,5789840.999999997,-71.9222720890674,-38.0028234761288,2013,2011.0,2013.0,49_1158,46.0,52.0,21.0,7.117647058823529,0.546829268292683,"{""2011"": 19, ""2012"": 13, ""2013"": 20}",3.0,5.0,5.0,"landsat5,landsat7,landsat8",
LT1519,247387.00000000215,5790791.999999998,-71.8767528294489,-37.9953780818978,2016,2014.0,2016.0,49_1158,68.0,73.0,24.0,5.0,0.5294488188976378,"{""2014"": 24, ""2015"": 24, ""2016"": 25}",3.0,5.0,5.0,"landsat7,landsat8",
LT1525,245255.99999999985,5792658.000000002,-71.9003302580225,-37.9779856854669,2014,2012.0,2014.0,49_1159,55.0,60.0,16.0,6.016949152542373,0.5523232323232323,"{""2012"": 14, ""2013"": 22, ""2014"": 24}",3.0,5.0,5.0,"landsat7,landsat8",
LT1555,246339.00000000183,5806752.999999996,-71.883054038563,-37.8514117866453,2013,2011.0,2013.0,49_1161,49.0,55.0,21.0,6.722222222222222,0.6078048780487805,"{""2011"": 19, ""2012"": 13, ""2013"": 23}",3.0,5.0,5.0,"landsat5,landsat7,landsat8",
LT1660,243065.00000000137,5889635.999999997,-71.8913069940098,-37.1043756773448,2017,2015.0,2017.0,49_1178,73.0,75.0,16.0,4.905405405405405,0.5812698412698413,"{""2015"": 26, ""2016"": 24, ""2017"": 25}",3.0,5.0,5.0,"landsat7,landsat8",
LT1853,246520.99999999875,6109286.9999999935,-71.7817482224147,-35.127394505668,2014,2012.0,2014.0,49_1222,86.0,99.0,23.0,3.7142857142857135,0.4616216216216216,"{""2012"": 17, ""2013"": 37, ""2014"": 45}",3.0,5.0,5.0,"landsat7,landsat8",
LT2020,243212.99999999645,6606728.000000004,-71.679463425486,-30.644548882852,2014,2012.0,2014.0,49_1321,50.0,53.0,29.0,6.961538461538462,0.528936170212766,"{""2012"": 12, ""2013"": 20, ""2014"": 21}",3.0,5.0,5.0,"landsat7,landsat8",
LT0102,245430.771280435,4305345.89430105,-72.655713801618,-51.3460497284587,2019,2017.0,2019.0,49_861,39.0,47.0,98.0,7.6521739130434785,0.2314450867052023,"{""2017"": 16, ""2018"": 15, ""2019"": 16}",3.0,5.0,5.0,"landsat7,landsat8",
LT0186,245985.4398149157,4778069.415862642,-72.3476820650492,-47.1019304203297,2015,2013.0,2015.0,49_956,43.0,59.0,81.0,6.103448275862069,0.2930864197530864,"{""2013"": 17, ""2014"": 17, ""2015"": 25}",3.0,5.0,5.0,"landsat7,landsat8",
LT0319,243054.0139952201,4935329.795492406,-72.2998688132272,-45.687907427814,2016,2014.0,2016.0,49_987,58.0,69.0,51.0,5.352941176470588,0.2710502283105023,"{""2014"": 18, ""2015"": 20, ""2016"": 31}",3.0,5.0,5.0,"landsat7,landsat8",
LT0322,244978.408692912,4936538.580064327,-72.2745609129233,-45.6777559070888,2018,2016.0,2018.0,49_987,66.0,78.0,41.0,4.662337662337662,0.3007272727272727,"{""2016"": 28, ""2017"": 28, ""2018"": 22}",3.0,5.0,5.0,"landsat7,landsat8",
LT0326,245759.0735467498,4939554.197787644,-72.2629769440122,-45.6509435144218,2012,2010.0,2012.0,49_988,30.0,38.0,61.0,9.54054054054054,0.2537931034482759,"{""2010"": 13, ""2011"": 10, ""2012"": 15}",3.0,5.0,5.0,"landsat5,landsat7",
LT0345,247393.1634965172,4957711.131602322,-72.2326548547362,-45.4883704773359,2013,2011.0,2013.0,49_992,25.0,38.0,54.0,9.756756756756756,0.1865734265734265,"{""2011"": 10, ""2012"": 14, ""2013"": 14}",3.0,5.0,5.0,"landsat5,landsat7,landsat8",
LT0439,249100.77526016417,5042095.460467311,-72.1685498692309,-44.7305582413125,2015,2013.0,2015.0,50_1008,55.0,66.0,22.0,5.230769230769231,0.2506787330316742,"{""2013"": 14, ""2014"": 26, ""2015"": 26}",3.0,5.0,5.0,"landsat7,landsat8",
LT0513,251581.4053243113,5104452.037360355,-72.1073749228204,-44.1708739140165,2016,2014.0,2016.0,50_1021,57.0,67.0,25.0,5.242424242424242,0.2357805907172995,"{""2014"": 19, ""2015"": 22, ""2016"": 26}",3.0,5.0,5.0,"landsat7,landsat8",
LT0560,249964.90713240055,5189501.283539348,-72.087908930272,-43.405680328895,2013,2011.0,2013.0,50_1038,28.0,33.0,62.0,11.15625,0.3558974358974359,"{""2011"": 10, ""2012"": 9, ""2013"": 14}",3.0,5.0,5.0,"landsat5,landsat7,landsat8",
LT0700,248432.64701634456,5372912.666807283,-72.0259021662956,-41.7557794101707,2015,2013.0,2015.0,50_1075,48.0,55.0,27.0,6.462962962962963,0.38464,"{""2013"": 17, ""2014"": 21, ""2015"": 17}",3.0,5.0,5.0,"landsat7,landsat8",
LT0705,252039.9999999966,5378181.999999996,-71.9803754811339,-41.7095165015852,2015,2013.0,2015.0,50_1076,44.0,49.0,38.0,7.104166666666667,0.35104,"{""2013"": 16, ""2014"": 17, ""2015"": 16}",3.0,5.0,5.0,"landsat7,landsat8",
LT0855,249255.0000000033,5491275.000000002,-71.9674518818744,-40.6913008446266,2015,2013.0,2015.0,50_1098,51.0,68.0,38.0,5.134328358208955,0.2519431279620853,"{""2013"": 22, ""2014"": 20, ""2015"": 26}",3.0,5.0,5.0,"landsat7,landsat8",
LT0853,249705.9999999962,5489506.000000005,-71.9628269785781,-40.7073529188776,2016,2014.0,2016.0,50_1098,55.0,65.0,47.0,5.640625,0.2440528634361233,"{""2014"": 20, ""2015"": 19, ""2016"": 26}",3.0,5.0,5.0,"landsat7,landsat8",
LT0854,250334.99999999543,5490318.000000003,-71.9550675213573,-40.7002383839807,2018,2016.0,2018.0,50_1098,49.0,55.0,87.0,6.444444444444445,0.1988617886178861,"{""2016"": 24, ""2017"": 15, ""2018"": 16}",3.0,5.0,5.0,"landsat7,landsat8",
LT0939,248820.99999999636,5526368.999999998,-71.9586489312438,-40.3754323345633,2014,2012.0,2014.0,50_1105,41.0,54.0,38.0,6.584905660377358,0.2493714285714285,"{""2012"": 13, ""2013"": 21, ""2014"": 20}",3.0,5.0,5.0,"landsat7,landsat8",
LT0961,248252.00000000367,5536292.999999996,-71.9614338403506,-40.2859724073774,2015,2013.0,2015.0,50_1107,60.0,75.0,32.0,4.824324324324325,0.2900952380952381,"{""2013"": 23, ""2014"": 26, ""2015"": 26}",3.0,5.0,5.0,"landsat7,landsat8",
LT0967,250781.00000000137,5542495.000000001,-71.9293113970423,-40.2309266890423,2016,2014.0,2016.0,50_1108,78.0,81.0,38.0,4.5,0.3416740088105727,"{""2014"": 23, ""2015"": 28, ""2016"": 30}",3.0,5.0,5.0,"landsat7,landsat8",
LT1068,251756.99999999703,5572623.999999997,-71.9062881530173,-39.9601158383378,2014,2012.0,2014.0,50_1115,65.0,76.0,28.0,4.746666666666667,0.3716571428571428,"{""2012"": 16, ""2013"": 28, ""2014"": 32}",3.0,5.0,5.0,"landsat7,landsat8",
LT1084,252418.0000000013,5577685.000000003,-71.8966365867787,-39.9147688464188,2014,2012.0,2014.0,50_1116,67.0,80.0,27.0,4.518987341772152,0.3917714285714285,"{""2012"": 16, ""2013"": 29, ""2014"": 35}",3.0,5.0,5.0,"landsat7,landsat8",
LT1088,248278.00000000212,5578266.000000002,-71.9447894812154,-39.9083214227103,2014,2012.0,2014.0,50_1116,63.0,76.0,38.0,4.746666666666667,0.36,"{""2012"": 16, ""2013"": 27, ""2014"": 33}",3.0,5.0,5.0,"landsat7,landsat8",
LT1083,251421.0000000024,5577600.000000005,-71.9083194351332,-39.9152418444013,2018,2016.0,2018.0,50_1116,92.0,95.0,22.0,3.872340425531915,0.3541463414634146,"{""2016"": 31, ""2017"": 31, ""2018"": 33}",3.0,5.0,5.0,"landsat7,landsat8",
LT1089,250352.00000000323,5578545.000000003,-71.9204497688675,-39.9064242926685,2018,2016.0,2018.0,50_1116,74.0,84.0,23.0,4.385542168674699,0.3061788617886178,"{""2016"": 28, ""2017"": 25, ""2018"": 31}",3.0,5.0,5.0,"landsat7,landsat8",
LT1103,247732.00000000332,5587395.999999997,-71.9476479457286,-39.8260069350122,2014,2012.0,2014.0,50_1117,72.0,82.0,21.0,4.37037037037037,0.4051396648044693,"{""2012"": 20, ""2013"": 33, ""2014"": 29}",3.0,5.0,5.0,"landsat7,landsat8",
LT1094,252085.9999999968,5582679.000000002,-71.8986210983054,-39.8697337336032,2016,2014.0,2016.0,50_1117,91.0,103.0,31.0,3.5294117647058822,0.3859322033898305,"{""2014"": 33, ""2015"": 35, ""2016"": 35}",3.0,5.0,5.0,"landsat7,landsat8",
LT1102,249854.0,5585553.000000004,-71.9235874055919,-39.8432178696972,2017,2015.0,2017.0,50_1117,79.0,90.0,55.0,4.078651685393258,0.315609756097561,"{""2015"": 31, ""2016"": 30, ""2017"": 29}",3.0,5.0,5.0,"landsat7,landsat8",
LT1108,248538.0000000027,5590425.000000002,-71.9370806051335,-39.7989901006914,2014,2012.0,2014.0,50_1118,69.0,86.0,22.0,4.188235294117647,0.3827027027027027,"{""2012"": 21, ""2013"": 30, ""2014"": 35}",3.0,5.0,5.0,"landsat7,landsat8",
LT1113,248485.00000000335,5591426.999999994,-71.9373150060094,-39.7899581838561,2014,2012.0,2014.0,50_1118,68.0,86.0,22.0,4.188235294117647,0.3794594594594594,"{""2012"": 20, ""2013"": 29, ""2014"": 37}",3.0,5.0,5.0,"landsat7,landsat8",
LT1151,251388.9999999973,5607767.000000005,-71.8972778913947,-39.6437729915117,2014,2012.0,2014.0,50_1122,65.0,77.0,27.0,4.671052631578948,0.3491489361702127,"{""2012"": 16, ""2013"": 27, ""2014"": 34}",3.0,5.0,5.0,"landsat7,landsat8",
LT1165,248972.00000000244,5614539.000000003,-71.9228449386477,-39.5821284405586,2012,2010.0,2012.0,50_1123,57.0,60.0,19.0,6.101694915254237,0.3962857142857143,"{""2010"": 20, ""2011"": 23, ""2012"": 17}",3.0,5.0,5.0,"landsat5,landsat7",
LT1176,247556.0000000048,5620451.000000003,-71.9370655122392,-39.5285128756676,2017,2015.0,2017.0,50_1124,94.0,117.0,23.0,3.1379310344827585,0.381875,"{""2015"": 42, ""2016"": 37, ""2017"": 38}",3.0,5.0,5.0,"landsat7,landsat8",
LT1177,248454.99999999776,5621508.999999997,-71.9262189565137,-39.519255883965,2017,2015.0,2017.0,50_1124,99.0,109.0,25.0,3.3703703703703702,0.3790625,"{""2015"": 38, ""2016"": 34, ""2017"": 37}",3.0,5.0,5.0,"landsat7,landsat8",
LT1189,250261.999999996,5624637.0,-71.9040507082455,-39.4916341417157,2014,2012.0,2014.0,50_1125,53.0,76.0,19.0,4.746666666666667,0.3084491978609626,"{""2012"": 21, ""2013"": 23, ""2014"": 32}",3.0,5.0,5.0,"landsat7,landsat8",
LT1190,251288.00000000425,5624716.000000003,-71.8921047853291,-39.4912204770121,2014,2012.0,2014.0,50_1125,58.0,75.0,39.0,4.824324324324325,0.320427807486631,"{""2012"": 21, ""2013"": 25, ""2014"": 29}",3.0,5.0,5.0,"landsat7,landsat8",
LT1186,251347.99999999956,5623714.999999999,-71.8917814426939,-39.5002459098036,2017,2015.0,2017.0,50_1125,90.0,102.0,38.0,3.603960396039604,0.3471875,"{""2015"": 39, ""2016"": 31, ""2017"": 32}",3.0,5.0,5.0,"landsat7,landsat8",
LT1228,248746.00000000207,5637348.000000004,-71.9168799288071,-39.3768068640684,2014,2012.0,2014.0,50_1127,60.0,63.0,65.0,5.790322580645161,0.3055135135135135,"{""2012"": 16, ""2013"": 25, ""2014"": 22}",3.0,5.0,5.0,"landsat7,landsat8",
LT1239,250739.00000000288,5647713.999999994,-71.8899245572232,-39.2840971640034,2013,2011.0,2013.0,50_1130,64.0,71.0,15.0,5.142857142857143,0.4163157894736842,"{""2011"": 24, ""2012"": 18, ""2013"": 29}",3.0,5.0,5.0,"landsat5,landsat7,landsat8",
LT1241,247613.9999999965,5649487.9999999935,-71.9254472244095,-39.2672281330357,2013,2011.0,2013.0,50_1130,59.0,72.0,16.0,5.014084507042254,0.4036842105263158,"{""2011"": 23, ""2012"": 19, ""2013"": 30}",3.0,5.0,5.0,"landsat5,landsat7,landsat8",
LT1255,248278.99999999828,5658752.999999997,-71.914295333032,-39.1840428285784,2015,2013.0,2015.0,50_1132,84.0,99.0,19.0,3.683673469387755,0.3742105263157895,"{""2013"": 27, ""2014"": 33, ""2015"": 39}",3.0,5.0,5.0,"landsat7,landsat8",
LT1270,248698.9999999992,5664583.000000005,-71.9072767004501,-39.131697346779,2014,2012.0,2014.0,50_1133,67.0,83.0,16.0,4.390243902439025,0.372896174863388,"{""2012"": 20, ""2013"": 29, ""2014"": 34}",3.0,5.0,5.0,"landsat7,landsat8",
LT1274,248525.0000000014,5665575.999999997,-71.9089193391184,-39.1227106177235,2017,2015.0,2017.0,50_1133,107.0,119.0,26.0,3.0847457627118646,0.415625,"{""2015"": 42, ""2016"": 41, ""2017"": 36}",3.0,5.0,5.0,"landsat7,landsat8",
LT1280,248965.999999998,5674644.999999998,-71.9004773722421,-39.0412199807061,2017,2015.0,2017.0,50_1135,101.0,118.0,17.0,3.102564102564102,0.39984375,"{""2015"": 40, ""2016"": 40, ""2017"": 38}",3.0,5.0,5.0,"landsat7,landsat8",
LT1287,247532.9999999974,5680603.999999998,-71.9148102703644,-38.9871783783046,2015,2013.0,2015.0,50_1136,88.0,101.0,19.0,3.61,0.4024561403508772,"{""2013"": 30, ""2014"": 32, ""2015"": 39}",3.0,5.0,5.0,"landsat7,landsat8",
LT1304,249537.000000005,5695761.999999999,-71.8861646846466,-38.8513318318867,2013,2011.0,2013.0,50_1139,61.0,73.0,14.0,5.041666666666667,0.3939473684210526,"{""2011"": 21, ""2012"": 19, ""2013"": 33}",3.0,5.0,5.0,"landsat5,landsat7,landsat8",
LT1343,252196.999999998,5716981.999999999,-71.8479418408955,-38.661093375646,2014,2012.0,2014.0,50_1143,77.0,97.0,16.0,3.78125,0.4345054945054945,"{""2012"": 22, ""2013"": 39, ""2014"": 36}",3.0,5.0,5.0,"landsat7,landsat8",
LT1389,252206.0000000016,5731993.000000004,-71.8425013131326,-38.5259841487529,2013,2011.0,2013.0,50_1146,63.0,69.0,35.0,5.338235294117647,0.4304225352112676,"{""2011"": 23, ""2012"": 21, ""2013"": 25}",3.0,5.0,5.0,"landsat5,landsat7,landsat8",
LT1376,251406.9999999992,5728920.999999997,-71.8527491648673,-38.5534120671512,2015,2013.0,2015.0,50_1146,71.0,80.0,25.0,4.6075949367088604,0.365531914893617,"{""2013"": 25, ""2014"": 26, ""2015"": 29}",3.0,5.0,5.0,"landsat7,landsat8",
LT1433,250870.99999999697,5752895.999999999,-71.8503854402124,-38.337463027367,2014,2012.0,2014.0,50_1151,52.0,57.0,22.0,6.285714285714286,0.5402061855670103,"{""2012"": 15, ""2013"": 19, ""2014"": 23}",3.0,5.0,5.0,"landsat7,landsat8",
LT1440,249639.9999999966,5755872.999999998,-71.8633983518611,-38.3103236463547,2014,2012.0,2014.0,50_1151,53.0,58.0,22.0,6.175438596491228,0.5344329896907216,"{""2012"": 12, ""2013"": 21, ""2014"": 25}",3.0,5.0,5.0,"landsat7,landsat8",
LT1451,251241.99999999697,5761971.0,-71.8429536658958,-38.2558791937767,2015,2013.0,2015.0,50_1152,59.0,70.0,19.0,5.173913043478261,0.4848,"{""2013"": 21, ""2014"": 26, ""2015"": 23}",3.0,5.0,5.0,"landsat7,landsat8",
LT1497,249885.00000000116,5782929.999999999,-71.8510821866886,-38.0668414326441,2014,2012.0,2014.0,50_1157,50.0,59.0,22.0,6.120689655172414,0.5104,"{""2012"": 13, ""2013"": 22, ""2014"": 24}",3.0,5.0,5.0,"landsat7,landsat8",
LT1506,251688.99999999552,5786049.000000003,-71.8294595313025,-38.0392616820109,2014,2012.0,2014.0,50_1157,55.0,58.0,22.0,6.175438596491228,0.5424,"{""2012"": 12, ""2013"": 22, ""2014"": 24}",3.0,5.0,5.0,"landsat7,landsat8",
LT1530,252043.9999999969,5796099.000000001,-71.8219479093497,-37.9488894614086,2014,2012.0,2014.0,50_1159,51.0,59.0,22.0,6.068965517241379,0.52,"{""2012"": 13, ""2013"": 22, ""2014"": 24}",3.0,5.0,5.0,"landsat7,landsat8",
LT1556,249337.0000000032,5806947.000000002,-71.8489511491406,-37.8504944687574,2017,2015.0,2017.0,50_1161,66.0,68.0,18.0,5.373134328358209,0.506031746031746,"{""2015"": 22, ""2016"": 26, ""2017"": 20}",3.0,5.0,5.0,"landsat7,landsat8",
LT1561,250212.00000000244,5809003.0,-71.8383074942992,-37.8322263481198,2017,2015.0,2017.0,50_1162,64.0,66.0,29.0,5.584615384615384,0.492063492063492,"{""2015"": 25, ""2016"": 23, ""2017"": 18}",3.0,5.0,5.0,"landsat7,landsat8",
LT1562,251221.00000000067,5809061.0,-71.8268352780382,-37.8319798759829,2017,2015.0,2017.0,50_1162,64.0,72.0,22.0,5.112676056338028,0.5174603174603175,"{""2015"": 26, ""2016"": 26, ""2017"": 20}",3.0,5.0,5.0,"landsat7,landsat8",
LT1616,249196.99999999767,5840954.000000004,-71.8388337354679,-37.5443171946428,2013,2011.0,2013.0,50_1168,57.0,57.0,21.0,6.482142857142857,0.6839024390243903,"{""2011"": 17, ""2012"": 17, ""2013"": 23}",3.0,5.0,5.0,"landsat5,landsat7,landsat8",
LT1755,251589.000000001,5992360.999999999,-71.7622380459629,-36.1817043277891,2013,2011.0,2013.0,50_1198,37.0,43.0,43.0,8.452380952380953,0.464390243902439,"{""2011"": 16, ""2012"": 9, ""2013"": 18}",3.0,5.0,5.0,"landsat5,landsat7,landsat8",
LT1753,247864.99999999627,5989260.0,-71.8045996641173,-36.2086659689578,2014,2012.0,2014.0,50_1198,53.0,55.0,27.0,6.574074074074074,0.523960396039604,"{""2012"": 11, ""2013"": 16, ""2014"": 28}",3.0,5.0,5.0,"landsat7,landsat8",
LT2017,249380.9999999987,6585038.0,-71.6204507761362,-30.8413757619798,2015,2013.0,2015.0,50_1317,54.0,55.0,30.0,6.666666666666667,0.4526666666666666,"{""2013"": 18, ""2014"": 16, ""2015"": 21}",3.0,5.0,5.0,"landsat7,landsat8",
LT0073,249923.2293085325,4238460.375868603,-72.6391423931472,-51.9482467228422,2014,2012.0,2014.0,50_848,20.0,22.0,102.0,16.666666666666668,0.236235294117647,"{""2012"": 3, ""2013"": 10, ""2014"": 9}",3.0,5.0,5.0,"landsat7,landsat8",
LT0081,250685.8013016609,4253582.060206086,-72.6171490173285,-51.812899617982,2012,2010.0,2012.0,50_851,20.0,20.0,109.0,18.36842105263158,0.2608,"{""2010"": 6, ""2011"": 8, ""2012"": 6}",3.0,5.0,5.0,"landsat5,landsat7",
LT0084,248280.4705022665,4258109.699667402,-72.6486862116161,-51.7711954386259,2013,2011.0,2013.0,50_852,25.0,28.0,105.0,12.814814814814817,0.2550537634408602,"{""2011"": 7, ""2012"": 7, ""2013"": 14}",3.0,5.0,5.0,"landsat5,landsat7,landsat8",
LT0088,251037.41032016955,4280492.206401603,-72.5928630249696,-51.5715741143048,2012,2010.0,2012.0,50_856,19.0,21.0,105.0,17.2,0.2410126582278481,"{""2010"": 6, ""2011"": 7, ""2012"": 8}",3.0,5.0,5.0,"landsat5,landsat7",
LT0089,252129.03985751237,4285894.018813845,-72.5733380397957,-51.5235783221053,2013,2011.0,2013.0,50_857,26.0,29.0,102.0,12.821428571428571,0.2731914893617021,"{""2011"": 8, ""2012"": 8, ""2013"": 13}",3.0,5.0,5.0,"landsat5,landsat7,landsat8",
LT0097,249145.96791710597,4296584.26259452,-72.6086634886964,-51.4263287189851,2015,2013.0,2015.0,50_859,21.0,30.0,108.0,12.03448275862069,0.1277987421383647,"{""2013"": 8, ""2014"": 15, ""2015"": 7}",3.0,5.0,5.0,"landsat7,landsat8",
LT0137,248739.71781824576,4651806.72691161,-72.3840590735904,-48.2371185998043,2014,2012.0,2014.0,50_930,22.0,26.0,102.0,13.16,0.2240816326530612,"{""2012"": 8, ""2013"": 10, ""2014"": 8}",3.0,5.0,5.0,"landsat7,landsat8",
LT0238,251867.5690953245,4871808.218085538,-72.2198076574062,-46.2619428308827,2014,2012.0,2014.0,50_974,20.0,24.0,113.0,14.826086956521738,0.1236363636363636,"{""2012"": 7, ""2013"": 6, ""2014"": 11}",3.0,5.0,5.0,"landsat7,landsat8",
LT0256,248722.70539692987,4885580.899696679,-72.253229587612,-46.1370329652937,2014,2012.0,2014.0,50_977,53.0,68.0,45.0,5.388059701492537,0.3265454545454545,"{""2012"": 14, ""2013"": 27, ""2014"": 27}",3.0,5.0,5.0,"landsat7,landsat8",
LT0264,249154.52149414693,4893664.245367302,-72.2433816893303,-46.0645571070514,2018,2016.0,2018.0,50_979,44.0,56.0,65.0,6.509090909090909,0.1994545454545454,"{""2016"": 21, ""2017"": 23, ""2018"": 12}",3.0,5.0,5.0,"landsat7,landsat8",
LT0440,254142.3098869404,5042472.874834907,-72.1047940251811,-44.728913460006,2015,2013.0,2015.0,51_1008,46.0,53.0,39.0,6.538461538461538,0.2086877828054298,"{""2013"": 7, ""2014"": 22, ""2015"": 24}",3.0,5.0,5.0,"landsat7,landsat8",
LT0446,253834.67628778348,5046462.444617284,-72.106752231783,-44.6929450985003,2013,2011.0,2013.0,51_1009,30.0,41.0,23.0,9.1,0.2021476510067114,"{""2011"": 10, ""2012"": 17, ""2013"": 14}",3.0,5.0,5.0,"landsat5,landsat7,landsat8",
LT0660,256569.99999999948,5342400.999999997,-71.9407238421896,-42.0327668476584,2015,2013.0,2015.0,51_1068,53.0,56.0,46.0,6.345454545454546,0.42176,"{""2013"": 14, ""2014"": 20, ""2015"": 22}",3.0,5.0,5.0,"landsat7,landsat8",
LT0664,253449.9999999953,5344203.000000003,-71.9776086415065,-42.0155874373471,2015,2013.0,2015.0,51_1069,39.0,52.0,35.0,6.96078431372549,0.3248,"{""2013"": 15, ""2014"": 18, ""2015"": 19}",3.0,5.0,5.0,"landsat7,landsat8",
LT0671,257294.9999999971,5346488.999999996,-71.9302868390217,-41.9962199192921,2019,2017.0,2019.0,51_1069,33.0,35.0,40.0,10.117647058823527,0.2424806201550387,"{""2017"": 12, ""2018"": 11, ""2019"": 12}",3.0,5.0,5.0,"landsat7,landsat8",
LT0689,256810.9999999994,5354446.000000002,-71.932836335613,-41.9244982824496,2014,2012.0,2014.0,51_1071,36.0,41.0,35.0,8.925,0.3541176470588235,"{""2012"": 10, ""2013"": 15, ""2014"": 16}",3.0,5.0,5.0,"landsat7,landsat8",
LT0693,255253.00000000116,5361361.999999995,-71.9487365246097,-41.8618084775122,2015,2013.0,2015.0,51_1072,50.0,52.0,35.0,6.96078431372549,0.3968,"{""2013"": 15, ""2014"": 20, ""2015"": 17}",3.0,5.0,5.0,"landsat7,landsat8",
LT0691,254318.00000000128,5360205.999999999,-71.9604671170603,-41.8719168517148,2016,2014.0,2016.0,51_1072,51.0,52.0,26.0,7.0588235294117645,0.3844274809160305,"{""2014"": 21, ""2015"": 15, ""2016"": 16}",3.0,5.0,5.0,"landsat7,landsat8",
LT0695,253980.00000000012,5365251.999999996,-71.9624381055044,-41.8264238952718,2016,2014.0,2016.0,51_1073,49.0,53.0,29.0,6.557692307692308,0.3761832061068702,"{""2014"": 19, ""2015"": 19, ""2016"": 15}",3.0,5.0,5.0,"landsat7,landsat8",
LT0988,253411.0000000006,5548793.000000001,-71.8960216525113,-40.1750356145717,2015,2013.0,2015.0,51_1110,70.0,81.0,34.0,4.5125,0.3285714285714285,"{""2013"": 20, ""2014"": 31, ""2015"": 30}",3.0,5.0,5.0,"landsat7,landsat8",
LT1092,255094.9999999983,5581888.000000005,-71.86377764941,-39.8777252686728,2013,2011.0,2013.0,51_1116,54.0,70.0,28.0,5.217391304347826,0.3613157894736842,"{""2011"": 24, ""2012"": 18, ""2013"": 28}",3.0,5.0,5.0,"landsat5,landsat7,landsat8",
LT1095,256068.0000000001,5582974.999999994,-71.8520077765201,-39.86822382735,2016,2014.0,2016.0,51_1117,87.0,94.0,31.0,3.89247311827957,0.3620338983050847,"{""2014"": 32, ""2015"": 30, ""2016"": 32}",3.0,5.0,5.0,"landsat7,landsat8",
LT1119,255367.00000000367,5592968.000000005,-71.8564650610282,-39.7780966516397,2012,2010.0,2012.0,51_1119,44.0,57.0,21.0,6.428571428571429,0.3287323943661971,"{""2010"": 17, ""2011"": 19, ""2012"": 21}",3.0,5.0,5.0,"landsat5,landsat7",
LT1125,254223.00000000244,5595792.999999993,-71.8687512185976,-39.7523454883108,2012,2010.0,2012.0,51_1119,43.0,53.0,35.0,6.673076923076923,0.2929577464788732,"{""2010"": 17, ""2011"": 18, ""2012"": 18}",3.0,5.0,5.0,"landsat5,landsat7",
LT1126,257185.0000000028,5595946.000000003,-71.8341618142383,-39.7518176314038,2012,2010.0,2012.0,51_1119,59.0,69.0,16.0,5.294117647058823,0.4140845070422535,"{""2010"": 23, ""2011"": 26, ""2012"": 20}",3.0,5.0,5.0,"landsat5,landsat7",
LT1142,256599.9999999985,5604999.999999996,-71.8376392173856,-39.6701723210141,2016,2014.0,2016.0,51_1121,89.0,102.0,31.0,3.594059405940594,0.3668571428571429,"{""2014"": 35, ""2015"": 37, ""2016"": 30}",3.0,5.0,5.0,"landsat7,landsat8",
LT1152,256225.000000002,5607942.999999998,-71.8409206979191,-39.6435807128947,2013,2011.0,2013.0,51_1122,65.0,73.0,14.0,5.0,0.4007692307692307,"{""2011"": 26, ""2012"": 16, ""2013"": 31}",3.0,5.0,5.0,"landsat5,landsat7,landsat8",
LT1174,255640.9999999973,5619969.000000003,-71.8432879376876,-39.5351884582064,2014,2012.0,2014.0,51_1124,69.0,80.0,22.0,4.493670886075949,0.3679144385026738,"{""2012"": 20, ""2013"": 26, ""2014"": 34}",3.0,5.0,5.0,"landsat7,landsat8",
LT1192,255257.00000000285,5624989.999999997,-71.845905167943,-39.4898930544822,2014,2012.0,2014.0,51_1125,73.0,81.0,22.0,4.4625,0.3721925133689839,"{""2012"": 19, ""2013"": 28, ""2014"": 34}",3.0,5.0,5.0,"landsat7,landsat8",
LT1193,256229.00000000343,5625073.999999998,-71.8345848960997,-39.4894130853127,2014,2012.0,2014.0,51_1125,61.0,72.0,25.0,5.056338028169014,0.3272727272727272,"{""2012"": 14, ""2013"": 25, ""2014"": 33}",3.0,5.0,5.0,"landsat7,landsat8",
LT1194,253199.0000000021,5625836.999999998,-71.8694942909641,-39.4816826993623,2014,2012.0,2014.0,51_1125,73.0,86.0,25.0,4.188235294117647,0.3783957219251337,"{""2012"": 26, ""2013"": 26, ""2014"": 34}",3.0,5.0,5.0,"landsat7,landsat8",
LT1191,254262.0000000021,5624897.000000007,-71.8574959843327,-39.4904463385231,2017,2015.0,2017.0,51_1125,98.0,116.0,23.0,3.165217391304348,0.3846875,"{""2015"": 36, ""2016"": 38, ""2017"": 42}",3.0,5.0,5.0,"landsat7,landsat8",
LT1198,253076.00000000055,5626641.000000003,-71.8706250310836,-39.4744119910922,2017,2015.0,2017.0,51_1125,82.0,93.0,53.0,3.9239130434782608,0.30921875,"{""2015"": 27, ""2016"": 36, ""2017"": 30}",3.0,5.0,5.0,"landsat7,landsat8",
LT1202,253106.99999999572,5627685.999999995,-71.869878378479,-39.4650166164973,2014,2012.0,2014.0,51_1126,66.0,78.0,51.0,4.636363636363637,0.3257754010695187,"{""2012"": 17, ""2013"": 32, ""2014"": 29}",3.0,5.0,5.0,"landsat7,landsat8",
LT1229,254415.00000000035,5637947.000000004,-71.8509246268874,-39.3730466927347,2017,2015.0,2017.0,51_1128,88.0,99.0,25.0,3.7142857142857135,0.34484375,"{""2015"": 37, ""2016"": 36, ""2017"": 26}",3.0,5.0,5.0,"landsat7,landsat8",
LT1265,255729.99999999668,5663066.999999998,-71.8265754665813,-39.1473413513565,2015,2013.0,2015.0,51_1133,83.0,97.0,25.0,3.78125,0.3696491228070175,"{""2013"": 26, ""2014"": 33, ""2015"": 38}",3.0,5.0,5.0,"landsat7,landsat8",
LT1272,255583.99999999735,5665030.000000003,-71.8275556523273,-39.1296331013639,2015,2013.0,2015.0,51_1133,83.0,97.0,25.0,3.7604166666666665,0.3657894736842105,"{""2013"": 25, ""2014"": 34, ""2015"": 38}",3.0,5.0,5.0,"landsat7,landsat8",
LT1288,256568.99999999747,5681216.0,-71.8103880182398,-38.9842286876975,2016,2014.0,2016.0,51_1136,111.0,118.0,16.0,3.0854700854700856,0.42928,"{""2014"": 34, ""2015"": 40, ""2016"": 44}",3.0,5.0,5.0,"landsat7,landsat8",
LT1298,255987.00000000163,5691226.999999997,-71.8135337665653,-38.8939622303703,2014,2012.0,2014.0,51_1138,73.0,85.0,16.0,4.285714285714286,0.4028415300546448,"{""2012"": 21, ""2013"": 31, ""2014"": 33}",3.0,5.0,5.0,"landsat7,landsat8",
LT1309,257257.9999999996,5699253.999999995,-71.7960622619144,-38.8220648066261,2014,2012.0,2014.0,51_1140,81.0,92.0,15.0,3.956043956043956,0.4485245901639344,"{""2012"": 21, ""2013"": 34, ""2014"": 37}",3.0,5.0,5.0,"landsat7,landsat8",
LT1311,256851.9999999952,5700165.999999999,-71.8004118911507,-38.8137440506886,2015,2013.0,2015.0,51_1140,97.0,113.0,18.0,3.2232142857142856,0.4357894736842105,"{""2013"": 37, ""2014"": 33, ""2015"": 43}",3.0,5.0,5.0,"landsat7,landsat8",
LT1313,254221.99999999625,5701073.999999999,-71.8303445646967,-38.8048417769944,2017,2015.0,2017.0,51_1140,109.0,125.0,20.0,2.935483870967742,0.4290625,"{""2015"": 45, ""2016"": 42, ""2017"": 38}",3.0,5.0,5.0,"landsat7,landsat8",
LT1316,255227.9999999964,5702551.000000003,-71.8182486214659,-38.7918276430821,2013,2011.0,2013.0,51_1141,58.0,74.0,16.0,4.931506849315069,0.3905263157894736,"{""2011"": 20, ""2012"": 20, ""2013"": 34}",3.0,5.0,5.0,"landsat5,landsat7,landsat8",
LT1441,253635.99999999985,5756130.999999996,-71.8176571850518,-38.3091076668395,2016,2014.0,2016.0,51_1151,75.0,79.0,24.0,4.628205128205129,0.5247552447552447,"{""2014"": 26, ""2015"": 26, ""2016"": 27}",3.0,5.0,5.0,"landsat7,landsat8",
LT1465,253931.0000000029,5767168.999999999,-71.8104537553081,-38.2098287744745,2014,2012.0,2014.0,51_1153,52.0,59.0,18.0,6.068965517241379,0.5180582524271845,"{""2012"": 15, ""2013"": 21, ""2014"": 23}",3.0,5.0,5.0,"landsat7,landsat8",
LT1483,257327.9999999957,5776402.000000002,-71.7685493491675,-38.1276346986179,2013,2011.0,2013.0,51_1155,50.0,52.0,21.0,7.117647058823529,0.5885714285714285,"{""2011"": 19, ""2012"": 13, ""2013"": 20}",3.0,5.0,5.0,"landsat5,landsat7,landsat8",
LT1512,255558.99999999703,5788312.000000003,-71.7846380886682,-38.0199424716004,2016,2014.0,2016.0,51_1158,65.0,72.0,27.0,5.028169014084507,0.5153488372093024,"{""2014"": 22, ""2015"": 24, ""2016"": 26}",3.0,5.0,5.0,"landsat7,landsat8",
LT1612,256331.9999999989,5838418.000000004,-71.7590021439659,-37.5690625204561,2013,2011.0,2013.0,51_1168,53.0,54.0,21.0,6.849056603773585,0.6429268292682927,"{""2011"": 18, ""2012"": 15, ""2013"": 21}",3.0,5.0,5.0,"landsat5,landsat7,landsat8",
LT1623,253636.9999999982,5849299.0,-71.7858368830831,-37.4703846470134,2012,2010.0,2012.0,51_1170,45.0,48.0,22.0,7.723404255319149,0.6314285714285715,"{""2010"": 15, ""2011"": 18, ""2012"": 15}",3.0,5.0,5.0,"landsat5,landsat7",
LT1651,255254.0000000029,5871441.000000004,-71.7602522780998,-37.2714620207018,2013,2011.0,2013.0,51_1174,56.0,57.0,21.0,6.482142857142857,0.6834146341463415,"{""2011"": 18, ""2012"": 18, ""2013"": 21}",3.0,5.0,5.0,"landsat5,landsat7,landsat8",
LT1655,252731.00000000015,5879288.999999996,-71.7860726461634,-37.2001368617513,2013,2011.0,2013.0,51_1176,53.0,53.0,21.0,6.980769230769231,0.6463414634146342,"{""2011"": 16, ""2012"": 16, ""2013"": 21}",3.0,5.0,5.0,"landsat5,landsat7,landsat8",
LT1659,257088.0000000007,5889588.999999998,-71.7336888086618,-37.1085408035632,2013,2011.0,2013.0,51_1178,58.0,58.0,21.0,6.368421052631579,0.704390243902439,"{""2011"": 19, ""2012"": 17, ""2013"": 22}",3.0,5.0,5.0,"landsat5,landsat7,landsat8",
LT1713,253857.9999999985,5940420.000000004,-71.753506907044,-36.6500092668758,2013,2011.0,2013.0,51_1188,50.0,53.0,27.0,6.826923076923077,0.5946987951807229,"{""2011"": 17, ""2012"": 15, ""2013"": 21}",3.0,5.0,5.0,"landsat5,landsat7,landsat8",
LT1842,254350.00000000157,6095783.0,-71.6999402219444,-35.2509678871328,2016,2014.0,2016.0,51_1219,67.0,72.0,32.0,5.112676056338028,0.5066666666666667,"{""2014"": 25, ""2015"": 23, ""2016"": 24}",3.0,5.0,5.0,"landsat7,landsat8",
LT1849,252599.000000001,6103050.000000003,-71.7169825645125,-35.1850836556706,2016,2014.0,2016.0,51_1221,72.0,82.0,16.0,4.481481481481482,0.4646153846153846,"{""2014"": 29, ""2015"": 26, ""2016"": 27}",3.0,5.0,5.0,"landsat7,landsat8",
LT0054,254909.1422836773,4202725.743637182,-72.5924524119661,-52.2711202216282,2015,2013.0,2015.0,51_841,37.0,42.0,104.0,8.365853658536585,0.2085207100591716,"{""2013"": 13, ""2014"": 10, ""2015"": 19}",3.0,5.0,5.0,"landsat7,landsat8",
LT0091,254085.35835274388,4289008.8849274,-72.5430220396391,-51.4964788906268,2019,2017.0,2019.0,51_858,50.0,56.0,98.0,6.472727272727273,0.2869364161849711,"{""2017"": 16, ""2018"": 21, ""2019"": 19}",3.0,5.0,5.0,"landsat7,landsat8",
LT0311,252568.70744719167,4929017.519120411,-72.1810889759005,-45.74809762071,2012,2010.0,2012.0,51_986,40.0,49.0,68.0,7.416666666666667,0.3493103448275862,"{""2010"": 19, ""2011"": 12, ""2012"": 18}",3.0,5.0,5.0,"landsat5,landsat7",
LT0386,255103.95583699463,4988385.26647986,-72.1189337416622,-45.2154215348189,2017,2015.0,2017.0,51_998,49.0,58.0,35.0,6.017543859649122,0.1902479338842975,"{""2015"": 18, ""2016"": 24, ""2017"": 16}",3.0,5.0,5.0,"landsat7,landsat8",
LT0413,259409.44647370308,5011765.730505826,-72.0529435516965,-45.0067402983731,2015,2013.0,2015.0,52_1002,50.0,60.0,21.0,5.779661016949152,0.2309502262443439,"{""2013"": 15, ""2014"": 28, ""2015"": 17}",3.0,5.0,5.0,"landsat7,landsat8",
LT0510,260790.99999999828,5102061.999999995,-71.9934225226176,-44.1954365981705,2016,2014.0,2016.0,52_1020,69.0,77.0,23.0,4.644736842105263,0.2928270042194092,"{""2014"": 22, ""2015"": 26, ""2016"": 29}",3.0,5.0,5.0,"landsat7,landsat8",
LT0554,260281.0000000002,5163360.000000001,-71.9722065009312,-43.6441149942724,2012,2010.0,2012.0,52_1033,28.0,43.0,36.0,8.595238095238095,0.2191428571428571,"{""2010"": 14, ""2011"": 20, ""2012"": 9}",3.0,5.0,5.0,"landsat5,landsat7",
LT0557,260701.00000000416,5166304.000000002,-71.9657027822185,-43.6177777443811,2013,2011.0,2013.0,52_1033,33.0,39.0,46.0,9.5,0.2034567901234568,"{""2011"": 14, ""2012"": 8, ""2013"": 17}",3.0,5.0,5.0,"landsat5,landsat7,landsat8",
LT0562,257603.999999998,5201151.999999998,-71.9885449706627,-43.3034217473292,2013,2011.0,2013.0,52_1040,25.0,32.0,69.0,11.64516129032258,0.3156626506024096,"{""2011"": 10, ""2012"": 11, ""2013"": 11}",3.0,5.0,5.0,"landsat5,landsat7,landsat8",
LT0668,259365.0000000008,5345633.000000006,-71.9056765606897,-42.0045546801507,2015,2013.0,2015.0,52_1069,48.0,49.0,35.0,7.270833333333333,0.38304,"{""2013"": 15, ""2014"": 16, ""2015"": 18}",3.0,5.0,5.0,"landsat7,landsat8",
LT0674,259160.00000000309,5348623.000000004,-71.9069238508139,-41.9775967797734,2014,2012.0,2014.0,52_1070,38.0,42.0,48.0,8.634146341463415,0.3866666666666666,"{""2012"": 9, ""2013"": 16, ""2014"": 17}",3.0,5.0,5.0,"landsat7,landsat8",
LT0683,257984.0000000028,5351452.000000005,-71.9199371784676,-41.9517897766264,2014,2012.0,2014.0,52_1070,37.0,39.0,35.0,9.31578947368421,0.3654901960784313,"{""2012"": 7, ""2013"": 15, ""2014"": 17}",3.0,5.0,5.0,"landsat7,landsat8",
LT0675,262150.999999997,5348822.0,-71.8707862644931,-41.9767148017658,2015,2013.0,2015.0,52_1070,47.0,49.0,35.0,7.229166666666667,0.37312,"{""2013"": 15, ""2014"": 17, ""2015"": 17}",3.0,5.0,5.0,"landsat7,landsat8",
LT0680,261011.99999999825,5350745.999999994,-71.8837356682192,-41.9590634117027,2015,2013.0,2015.0,52_1070,45.0,47.0,35.0,7.543478260869565,0.36384,"{""2013"": 15, ""2014"": 16, ""2015"": 16}",3.0,5.0,5.0,"landsat7,landsat8",
LT1027,260550.0000000012,5561173.000000002,-71.8076858821555,-40.065697200307,2015,2013.0,2015.0,52_1112,56.0,67.0,139.0,5.454545454545454,0.2597156398104265,"{""2013"": 20, ""2014"": 26, ""2015"": 21}",3.0,5.0,5.0,"landsat7,landsat8",
LT1028,261534.99999999505,5561255.000000003,-71.7961190261361,-40.0652385208737,2015,2013.0,2015.0,52_1112,80.0,91.0,22.0,4.011111111111111,0.3800947867298578,"{""2013"": 24, ""2014"": 37, ""2015"": 30}",3.0,5.0,5.0,"landsat7,landsat8",
LT1105,261770.00000000244,5588319.0,-71.7834718892885,-39.8217506632695,2013,2011.0,2013.0,52_1118,57.0,69.0,21.0,5.294117647058823,0.3866666666666666,"{""2011"": 23, ""2012"": 19, ""2013"": 27}",3.0,5.0,5.0,"landsat5,landsat7,landsat8",
LT1131,261082.00000000148,5598371.999999998,-71.787846123889,-39.7310861470865,2015,2013.0,2015.0,52_1120,75.0,93.0,27.0,3.891304347826087,0.3325764192139738,"{""2013"": 25, ""2014"": 35, ""2015"": 33}",3.0,5.0,5.0,"landsat7,landsat8",
LT1134,259011.0000000024,5599137.999999999,-71.8117043561825,-39.7236100149939,2015,2013.0,2015.0,52_1120,86.0,99.0,19.0,3.683673469387755,0.3743231441048035,"{""2013"": 28, ""2014"": 35, ""2015"": 36}",3.0,5.0,5.0,"landsat7,landsat8",
LT1158,258193.00000000183,5611131.000000002,-71.8168474191284,-39.61544890212,2014,2012.0,2014.0,52_1122,73.0,85.0,37.0,4.238095238095238,0.3963243243243243,"{""2012"": 18, ""2013"": 34, ""2014"": 33}",3.0,5.0,5.0,"landsat7,landsat8",
LT1179,259372.00000000015,5622237.999999998,-71.7991035400583,-39.5158214481126,2014,2012.0,2014.0,52_1124,65.0,80.0,21.0,4.493670886075949,0.3576470588235294,"{""2012"": 17, ""2013"": 31, ""2014"": 32}",3.0,5.0,5.0,"landsat7,landsat8",
LT1185,258385.00000000125,5623167.000000002,-71.8102347600041,-39.5071838178644,2014,2012.0,2014.0,52_1125,73.0,87.0,22.0,4.151162790697675,0.3899465240641711,"{""2012"": 21, ""2013"": 31, ""2014"": 35}",3.0,5.0,5.0,"landsat7,landsat8",
LT1208,258929.00000000055,5630207.000000003,-71.8013701688001,-39.4439778321937,2013,2011.0,2013.0,52_1126,57.0,68.0,22.0,5.373134328358209,0.3592307692307692,"{""2011"": 22, ""2012"": 19, ""2013"": 27}",3.0,5.0,5.0,"landsat5,landsat7,landsat8",
LT1233,260867.0000000016,5644394.999999995,-71.7738118496585,-39.316823550196,2013,2011.0,2013.0,52_1129,69.0,81.0,19.0,4.5375,0.4473684210526316,"{""2011"": 27, ""2012"": 22, ""2013"": 32}",3.0,5.0,5.0,"landsat5,landsat7,landsat8",
LT1244,261378.9999999987,5653519.000000003,-71.7646475893484,-39.2348451773233,2016,2014.0,2016.0,52_1131,96.0,111.0,31.0,3.3,0.39296,"{""2014"": 35, ""2015"": 40, ""2016"": 36}",3.0,5.0,5.0,"landsat7,landsat8",
LT1247,262235.0000000006,5655390.000000005,-71.7540820257472,-39.2182400089966,2016,2014.0,2016.0,52_1131,101.0,112.0,31.0,3.2522522522522523,0.40128,"{""2014"": 34, ""2015"": 41, ""2016"": 37}",3.0,5.0,5.0,"landsat7,landsat8",
LT1257,261282.999999998,5659832.999999998,-71.7635289582691,-39.1779894737688,2017,2015.0,2017.0,52_1132,114.0,125.0,19.0,2.927419354838709,0.4421875,"{""2015"": 43, ""2016"": 43, ""2017"": 39}",3.0,5.0,5.0,"landsat7,landsat8",
LT1281,258942.00000000195,5675266.000000001,-71.7851234953099,-39.038439115457,2014,2012.0,2014.0,52_1135,72.0,89.0,19.0,4.056818181818182,0.3930054644808743,"{""2012"": 19, ""2013"": 34, ""2014"": 36}",3.0,5.0,5.0,"landsat7,landsat8",
LT1294,262384.9999999966,5688527.999999999,-71.7407774706617,-38.9200101212643,2014,2012.0,2014.0,52_1138,76.0,88.0,19.0,4.080459770114943,0.420983606557377,"{""2012"": 18, ""2013"": 35, ""2014"": 35}",3.0,5.0,5.0,"landsat7,landsat8",
LT1295,258173.99999999529,5688640.000000006,-71.7892567404209,-38.9178520041068,2014,2012.0,2014.0,52_1138,70.0,82.0,27.0,4.407407407407407,0.3783606557377049,"{""2012"": 19, ""2013"": 34, ""2014"": 29}",3.0,5.0,5.0,"landsat7,landsat8",
LT1344,262072.00000000416,5718558.999999995,-71.7340331932887,-38.649605248654,2017,2015.0,2017.0,52_1144,95.0,104.0,57.0,3.533980582524272,0.36328125,"{""2015"": 36, ""2016"": 36, ""2017"": 32}",3.0,5.0,5.0,"landsat7,landsat8",
LT1356,257841.9999999992,5722332.000000001,-71.7812739295587,-38.6144977039448,2017,2015.0,2017.0,52_1144,102.0,113.0,27.0,3.25,0.3996875,"{""2015"": 37, ""2016"": 40, ""2017"": 36}",3.0,5.0,5.0,"landsat7,landsat8",
LT1359,258774.99999999843,5723394.999999994,-71.7702014862007,-38.6051833444653,2013,2011.0,2013.0,52_1145,70.0,81.0,16.0,4.5375,0.4578947368421052,"{""2011"": 24, ""2012"": 23, ""2013"": 34}",3.0,5.0,5.0,"landsat5,landsat7,landsat8",
LT1381,261301.00000000212,5730566.999999995,-71.7387700599938,-38.5413061310562,2013,2011.0,2013.0,52_1146,74.0,85.0,17.0,4.321428571428571,0.4971052631578947,"{""2011"": 27, ""2012"": 24, ""2013"": 34}",3.0,5.0,5.0,"landsat5,landsat7,landsat8",
LT1421,258200.0000000016,5747413.999999999,-71.7685036971526,-38.388818468489,2015,2013.0,2015.0,52_1149,97.0,113.0,19.0,3.2232142857142856,0.4237229437229437,"{""2013"": 37, ""2014"": 35, ""2015"": 41}",3.0,5.0,5.0,"landsat7,landsat8",
LT1443,261563.99999999724,5757622.999999997,-71.7265782298802,-38.2978187810357,2015,2013.0,2015.0,52_1152,105.0,114.0,19.0,3.194690265486725,0.4249180327868852,"{""2013"": 35, ""2014"": 39, ""2015"": 40}",3.0,5.0,5.0,"landsat7,landsat8",
LT1478,261509.00000000253,5773661.000000001,-71.7218172307356,-38.1534246450991,2013,2011.0,2013.0,52_1155,58.0,69.0,18.0,5.338235294117647,0.3867549668874172,"{""2011"": 20, ""2012"": 22, ""2013"": 27}",3.0,5.0,5.0,"landsat5,landsat7,landsat8",
LT1480,259451.00000000364,5774120.000000005,-71.7451247241916,-38.148746124208,2013,2011.0,2013.0,52_1155,58.0,63.0,19.0,5.854838709677419,0.3652980132450331,"{""2011"": 20, ""2012"": 21, ""2013"": 22}",3.0,5.0,5.0,"landsat5,landsat7,landsat8",
LT1485,261180.0000000046,5778671.999999998,-71.7238898072276,-38.1082261544418,2013,2011.0,2013.0,52_1156,47.0,58.0,23.0,6.368421052631579,0.3627906976744186,"{""2011"": 12, ""2012"": 22, ""2013"": 24}",3.0,5.0,5.0,"landsat5,landsat7,landsat8",
LT1494,260925.99999999837,5782641.0,-71.7254557753094,-38.0724279160933,2013,2011.0,2013.0,52_1157,53.0,60.0,19.0,6.152542372881356,0.4353333333333333,"{""2011"": 14, ""2012"": 22, ""2013"": 24}",3.0,5.0,5.0,"landsat5,landsat7,landsat8",
LT1545,257649.0000000004,5802468.000000003,-71.7560848057689,-37.8930644035317,2016,2014.0,2016.0,52_1160,57.0,71.0,24.0,5.142857142857143,0.4469291338582677,"{""2014"": 23, ""2015"": 24, ""2016"": 24}",3.0,5.0,5.0,"landsat7,landsat8",
LT1549,259510.00000000093,5804590.999999994,-71.734235943037,-37.8744449539149,2016,2014.0,2016.0,52_1161,66.0,76.0,26.0,4.8,0.52,"{""2014"": 25, ""2015"": 26, ""2016"": 25}",3.0,5.0,5.0,"landsat7,landsat8",
LT1568,261056.00000000047,5811693.000000004,-71.7143308757674,-37.8109124717779,2012,2010.0,2012.0,52_1162,35.0,44.0,22.0,8.325581395348838,0.4816666666666667,"{""2010"": 15, ""2011"": 17, ""2012"": 12}",3.0,5.0,5.0,"landsat5,landsat7",
LT1588,262482.9999999989,5820792.999999998,-71.6951596136703,-37.7293552340435,2013,2011.0,2013.0,52_1164,49.0,52.0,21.0,7.117647058823529,0.5956626506024096,"{""2011"": 15, ""2012"": 14, ""2013"": 23}",3.0,5.0,5.0,"landsat5,landsat7,landsat8",
LT1601,260903.00000000335,5829713.0,-71.7101436188646,-37.6486350290218,2013,2011.0,2013.0,52_1166,51.0,54.0,21.0,6.849056603773585,0.6092682926829268,"{""2011"": 17, ""2012"": 15, ""2013"": 22}",3.0,5.0,5.0,"landsat5,landsat7,landsat8",
LT1603,260844.00000000215,5830719.000000004,-71.7104823196029,-37.6395623137788,2013,2011.0,2013.0,52_1166,52.0,54.0,21.0,6.849056603773585,0.6219512195121951,"{""2011"": 19, ""2012"": 14, ""2013"": 21}",3.0,5.0,5.0,"landsat5,landsat7,landsat8",
LT1617,262062.0000000033,5842801.000000004,-71.6927678953042,-37.5310977583165,2013,2011.0,2013.0,52_1169,50.0,57.0,21.0,6.482142857142857,0.5975609756097561,"{""2011"": 18, ""2012"": 15, ""2013"": 24}",3.0,5.0,5.0,"landsat5,landsat7,landsat8",
LT1619,261752.99999999884,5847811.999999994,-71.6946378425381,-37.4859006805048,2017,2015.0,2017.0,52_1170,67.0,72.0,21.0,5.112676056338028,0.5203174603174603,"{""2015"": 25, ""2016"": 26, ""2017"": 21}",3.0,5.0,5.0,"landsat7,landsat8",
LT1645,260797.9999999969,5867771.000000002,-71.6989718410738,-37.3059475339933,2013,2011.0,2013.0,52_1174,53.0,59.0,21.0,6.258620689655173,0.6448780487804878,"{""2011"": 18, ""2012"": 18, ""2013"": 23}",3.0,5.0,5.0,"landsat5,landsat7,landsat8",
LT1647,260449.9999999979,5868277.000000003,-71.7027312459793,-37.3013019663563,2014,2012.0,2014.0,52_1174,63.0,69.0,19.0,5.220588235294118,0.6488888888888888,"{""2012"": 18, ""2013"": 23, ""2014"": 28}",3.0,5.0,5.0,"landsat7,landsat8",
LT1679,258394.00000000253,5900689.000000002,-71.7154396134106,-37.0089322858717,2013,2011.0,2013.0,52_1180,52.0,54.0,19.0,6.849056603773585,0.6395121951219512,"{""2011"": 18, ""2012"": 16, ""2013"": 20}",3.0,5.0,5.0,"landsat5,landsat7,landsat8",
LT1680,259324.00000000343,5901742.999999994,-71.7046613713839,-36.9996803121737,2013,2011.0,2013.0,52_1180,54.0,58.0,21.0,6.368421052631579,0.6658536585365854,"{""2011"": 18, ""2012"": 18, ""2013"": 22}",3.0,5.0,5.0,"landsat5,landsat7,landsat8",
LT1684,259944.99999999703,5907802.999999998,-71.6957631912482,-36.9452720447339,2013,2011.0,2013.0,52_1182,54.0,54.0,21.0,6.849056603773585,0.6585365853658537,"{""2011"": 18, ""2012"": 16, ""2013"": 20}",3.0,5.0,5.0,"landsat5,landsat7,landsat8",
LT1685,259892.0000000036,5908764.999999998,-71.6960523441503,-36.9365961955542,2017,2015.0,2017.0,52_1182,68.0,70.0,24.0,5.260869565217392,0.54,"{""2015"": 27, ""2016"": 22, ""2017"": 21}",3.0,5.0,5.0,"landsat7,landsat8",
LT1843,260327.00000000064,6096101.999999999,-71.6342165915003,-35.2495419863528,2016,2014.0,2016.0,52_1219,74.0,77.0,32.0,4.776315789473684,0.5572519083969466,"{""2014"": 27, ""2015"": 27, ""2016"": 23}",3.0,5.0,5.0,"landsat7,landsat8",
LT1844,260086.9999999999,6100092.000000005,-71.6356884246391,-35.2135445309807,2015,2013.0,2015.0,52_1220,66.0,72.0,27.0,5.112676056338028,0.5228346456692914,"{""2013"": 20, ""2014"": 27, ""2015"": 25}",3.0,5.0,5.0,"landsat7,landsat8",
LT1888,258416.00000000524,6178067.999999996,-71.6315443595241,-34.5107337183985,2014,2012.0,2014.0,52_1236,100.0,116.0,9.0,3.165217391304348,0.5521311475409836,"{""2012"": 24, ""2013"": 43, ""2014"": 49}",3.0,5.0,5.0,"landsat7,landsat8",
LT1919,258387.9999999995,6229182.000000006,-71.6175254800554,-34.0502402638189,2014,2012.0,2014.0,52_1246,80.0,99.0,16.0,3.7142857142857135,0.4389473684210526,"{""2012"": 21, ""2013"": 35, ""2014"": 43}",3.0,5.0,5.0,"landsat7,landsat8",
LT1962,260399.0000000001,6315371.999999998,-71.5725249762884,-33.2741118371557,2014,2012.0,2014.0,52_1263,82.0,102.0,19.0,3.603960396039604,0.4708888888888889,"{""2012"": 22, ""2013"": 35, ""2014"": 45}",3.0,5.0,5.0,"landsat7,landsat8",
LT0056,262291.1684890649,4210380.234966609,-72.4790873848225,-52.2056687668095,2014,2012.0,2014.0,52_842,22.0,26.0,109.0,13.44,0.1386486486486486,"{""2012"": 2, ""2013"": 9, ""2014"": 15}",3.0,5.0,5.0,"landsat7,landsat8",
LT0095,260362.24212258487,4294475.824745275,-72.4490597039408,-51.4501055129049,2018,2016.0,2018.0,52_859,47.0,52.0,104.0,7.078431372549019,0.3392805755395683,"{""2016"": 14, ""2017"": 16, ""2018"": 22}",3.0,5.0,5.0,"landsat7,landsat8",
LT0240,260673.0589997451,4874492.96382848,-72.1043568174596,-46.2409749546552,2015,2013.0,2015.0,52_975,77.0,88.0,44.0,4.172413793103448,0.3814925373134328,"{""2013"": 24, ""2014"": 32, ""2015"": 32}",3.0,5.0,5.0,"landsat7,landsat8",
LT0244,259543.79801922123,4876397.249875073,-72.1180124851314,-46.2234633835606,2015,2013.0,2015.0,52_975,71.0,81.0,41.0,4.4625,0.3564179104477612,"{""2013"": 22, ""2014"": 32, ""2015"": 27}",3.0,5.0,5.0,"landsat7,landsat8",
LT0260,258572.09084938496,4889363.276578079,-72.123984462307,-46.1065979523653,2014,2012.0,2014.0,52_978,69.0,72.0,41.0,5.126760563380282,0.3939024390243902,"{""2012"": 15, ""2013"": 25, ""2014"": 32}",3.0,5.0,5.0,"landsat7,landsat8",
LT0261,260382.00760053852,4889488.145713905,-72.1005367528128,-46.1061130940994,2015,2013.0,2015.0,52_978,75.0,84.0,40.0,4.373493975903615,0.3741293532338308,"{""2013"": 27, ""2014"": 28, ""2015"": 29}",3.0,5.0,5.0,"landsat7,landsat8",
LT0302,260752.8594531344,4926547.924394642,-72.077246704028,-45.7731733917542,2012,2010.0,2012.0,52_985,32.0,42.0,68.0,8.804878048780488,0.2837931034482758,"{""2010"": 12, ""2011"": 13, ""2012"": 17}",3.0,5.0,5.0,"landsat5,landsat7",
LT0343,261581.2308112811,4955786.595177812,-72.0522899982435,-45.5106607462622,2017,2015.0,2017.0,52_991,72.0,85.0,37.0,4.333333333333333,0.3019409282700422,"{""2015"": 25, ""2016"": 32, ""2017"": 28}",3.0,5.0,5.0,"landsat7,landsat8",
LT0362,258391.66622035505,4971697.032523621,-72.0852532042904,-45.3665578029067,2015,2013.0,2015.0,52_994,60.0,78.0,23.0,4.597402597402597,0.2759447004608295,"{""2013"": 17, ""2014"": 28, ""2015"": 33}",3.0,5.0,5.0,"landsat7,landsat8",
LT0398,259246.45783226375,4996713.469032426,-72.0622331915883,-45.1419892641426,2015,2013.0,2015.0,52_999,57.0,64.0,34.0,5.396825396825397,0.2437333333333333,"{""2013"": 19, ""2014"": 26, ""2015"": 19}",3.0,5.0,5.0,"landsat7,landsat8",
LT0415,264031.99999999994,5017137.000000002,-71.9918523517889,-44.9600067314008,2019,2017.0,2019.0,53_1003,28.0,37.0,112.0,9.11111111111111,0.1144769874476987,"{""2017"": 14, ""2018"": 11, ""2019"": 12}",3.0,5.0,5.0,"landsat7,landsat8",
LT0436,264258.00000000454,5041213.999999997,-71.9778059755205,-44.7436309447572,2013,2011.0,2013.0,53_1008,31.0,35.0,32.0,10.617647058823527,0.1948993288590604,"{""2011"": 11, ""2012"": 12, ""2013"": 12}",3.0,5.0,5.0,"landsat5,landsat7,landsat8",
LT0433,263258.0000000035,5040132.0,-71.9909225134313,-44.7530282709089,2014,2012.0,2014.0,53_1008,38.0,44.0,29.0,7.813953488372093,0.2041530054644808,"{""2012"": 9, ""2013"": 10, ""2014"": 25}",3.0,5.0,5.0,"landsat7,landsat8",
LT0449,262746.99999999814,5048124.999999999,-71.993658846785,-44.6810015994537,2014,2012.0,2014.0,53_1010,52.0,58.0,23.0,6.035087719298246,0.2837158469945355,"{""2012"": 11, ""2013"": 21, ""2014"": 26}",3.0,5.0,5.0,"landsat7,landsat8",
LT0463,266290.00000000274,5054401.000000006,-71.9461520684583,-44.6257395291621,2013,2011.0,2013.0,53_1011,40.0,46.0,53.0,8.022222222222222,0.2767785234899328,"{""2011"": 13, ""2012"": 12, ""2013"": 21}",3.0,5.0,5.0,"landsat5,landsat7,landsat8",
LT0464,267286.9999999972,5054474.0,-71.9335672411341,-44.6254065832299,2013,2011.0,2013.0,53_1011,48.0,55.0,26.0,6.685185185185185,0.3057718120805369,"{""2011"": 16, ""2012"": 16, ""2013"": 23}",3.0,5.0,5.0,"landsat5,landsat7,landsat8",
LT0470,265211.9999999971,5055319.999999995,-71.9593032136442,-44.6171260631532,2013,2011.0,2013.0,53_1011,34.0,45.0,39.0,8.272727272727273,0.2335570469798657,"{""2011"": 13, ""2012"": 16, ""2013"": 16}",3.0,5.0,5.0,"landsat5,landsat7,landsat8",
LT0524,265594.0000000001,5118528.999999995,-71.9260737694513,-44.0489315771999,2015,2013.0,2015.0,53_1024,57.0,70.0,19.0,5.072463768115942,0.2418723404255319,"{""2013"": 16, ""2014"": 21, ""2015"": 33}",3.0,5.0,5.0,"landsat7,landsat8",
LT0657,264977.99999999546,5337006.999999999,-71.8414389578117,-42.0838449900658,2019,2017.0,2019.0,53_1067,37.0,38.0,51.0,9.37837837837838,0.2886821705426357,"{""2017"": 14, ""2018"": 13, ""2019"": 11}",3.0,5.0,5.0,"landsat7,landsat8",
LT1024,266615.0000000026,5560689.0,-71.7368224019189,-40.0717540375954,2015,2013.0,2015.0,53_1112,73.0,88.0,19.0,4.149425287356322,0.345781990521327,"{""2013"": 25, ""2014"": 35, ""2015"": 28}",3.0,5.0,5.0,"landsat7,landsat8",
LT1116,264438.9999999978,5592545.000000002,-71.7508043516517,-39.7844616349298,2015,2013.0,2015.0,53_1119,88.0,97.0,25.0,3.78125,0.3805217391304348,"{""2013"": 29, ""2014"": 33, ""2015"": 35}",3.0,5.0,5.0,"landsat7,landsat8",
LT1238,266781.0000000011,5647737.999999999,-71.7041262266098,-39.28834766229,2014,2012.0,2014.0,53_1130,71.0,88.0,18.0,4.160919540229885,0.3954098360655738,"{""2012"": 24, ""2013"": 26, ""2014"": 38}",3.0,5.0,5.0,"landsat7,landsat8",
LT1246,264290.00000000326,5654652.000000005,-71.7305614342238,-39.2254427202637,2014,2012.0,2014.0,53_1131,78.0,89.0,17.0,4.113636363636363,0.4354098360655737,"{""2012"": 22, ""2013"": 33, ""2014"": 34}",3.0,5.0,5.0,"landsat7,landsat8",
LT1248,267252.9999999952,5655720.999999994,-71.6959042422911,-39.2166199443999,2015,2013.0,2015.0,53_1131,94.0,106.0,19.0,3.4571428571428573,0.4173684210526315,"{""2013"": 31, ""2014"": 35, ""2015"": 40}",3.0,5.0,5.0,"landsat7,landsat8",
LT1268,264764.9999999963,5664362.000000002,-71.7216898500857,-39.1381730571804,2015,2013.0,2015.0,53_1133,61.0,79.0,52.0,4.653846153846154,0.2805263157894737,"{""2013"": 24, ""2014"": 28, ""2015"": 27}",3.0,5.0,5.0,"landsat7,landsat8",
LT1285,266878.0000000034,5676838.000000005,-71.6929915798358,-39.0264417480887,2014,2012.0,2014.0,53_1135,77.0,89.0,15.0,4.045454545454546,0.4316939890710382,"{""2012"": 25, ""2013"": 30, ""2014"": 34}",3.0,5.0,5.0,"landsat7,landsat8",
LT1345,266086.00000000047,5718803.000000004,-71.687873674745,-38.6484773708274,2012,2010.0,2012.0,53_1144,36.0,45.0,163.0,8.25,0.2628571428571428,"{""2010"": 17, ""2011"": 12, ""2012"": 16}",3.0,5.0,5.0,"landsat5,landsat7",
LT1374,266439.00000000186,5728910.000000004,-71.6804325790743,-38.5575865107192,2015,2013.0,2015.0,53_1146,98.0,110.0,16.0,3.2752293577981653,0.4285964912280702,"{""2013"": 37, ""2014"": 34, ""2015"": 39}",3.0,5.0,5.0,"landsat7,landsat8",
LT1394,267097.00000000244,5733958.999999997,-71.6712062447435,-38.5123067437309,2013,2011.0,2013.0,53_1147,69.0,80.0,18.0,4.594936708860759,0.4363157894736842,"{""2011"": 23, ""2012"": 22, ""2013"": 35}",3.0,5.0,5.0,"landsat5,landsat7,landsat8",
LT1407,265783.0000000027,5738876.999999995,-71.6846170319162,-38.4676891893582,2015,2013.0,2015.0,53_1148,95.0,112.0,16.0,3.2612612612612613,0.4243859649122807,"{""2013"": 35, ""2014"": 36, ""2015"": 41}",3.0,5.0,5.0,"landsat7,landsat8",
LT1416,267446.0000000007,5744008.000000006,-71.6638750726106,-38.4219327792354,2017,2015.0,2017.0,53_1149,82.0,103.0,45.0,3.5588235294117645,0.3248669201520912,"{""2015"": 36, ""2016"": 34, ""2017"": 33}",3.0,5.0,5.0,"landsat7,landsat8",
LT1467,263897.0000000028,5767746.000000001,-71.6965551121312,-38.2073033928183,2016,2014.0,2016.0,53_1154,94.0,110.0,44.0,3.302752293577982,0.357076923076923,"{""2014"": 36, ""2015"": 36, ""2016"": 38}",3.0,5.0,5.0,"landsat7,landsat8",
LT1491,264024.99999999994,5780688.000000005,-71.6908079032924,-38.090824109161,2014,2012.0,2014.0,53_1156,90.0,100.0,15.0,3.595959595959596,0.46375,"{""2012"": 23, ""2013"": 37, ""2014"": 40}",3.0,5.0,5.0,"landsat7,landsat8",
LT1560,267228.99999999616,5809089.999999998,-71.6451139515635,-37.8359432046652,2013,2011.0,2013.0,53_1162,52.0,66.0,21.0,5.584615384615384,0.4441935483870968,"{""2011"": 20, ""2012"": 20, ""2013"": 26}",3.0,5.0,5.0,"landsat5,landsat7,landsat8",
LT1605,266660.99999999924,5833117.000000006,-71.6438548445911,-37.6194669102239,2013,2011.0,2013.0,53_1167,46.0,53.0,21.0,6.980769230769231,0.5628915662650602,"{""2011"": 17, ""2012"": 15, ""2013"": 21}",3.0,5.0,5.0,"landsat5,landsat7,landsat8",
LT1607,263532.9999999967,5835877.000000004,-71.6783696287733,-37.5938177272753,2016,2014.0,2016.0,53_1167,64.0,73.0,16.0,4.958333333333333,0.5108661417322835,"{""2014"": 26, ""2015"": 23, ""2016"": 24}",3.0,5.0,5.0,"landsat7,landsat8",
LT1622,266658.99999999604,5849157.000000004,-71.6387778896797,-37.475042358169,2017,2015.0,2017.0,53_1170,52.0,65.0,21.0,5.625,0.4326984126984127,"{""2015"": 21, ""2016"": 25, ""2017"": 19}",3.0,5.0,5.0,"landsat7,landsat8",
LT1631,265178.9999999999,5858077.999999997,-71.6526599688869,-37.3943421759747,2013,2011.0,2013.0,53_1172,45.0,55.0,21.0,6.722222222222222,0.5609756097560976,"{""2011"": 18, ""2012"": 16, ""2013"": 21}",3.0,5.0,5.0,"landsat5,landsat7,landsat8",
LT1630,264112.00000000105,5858023.000000004,-71.6647190069818,-37.3945664655106,2017,2015.0,2017.0,53_1172,67.0,74.0,18.0,4.972602739726027,0.5311111111111111,"{""2015"": 25, ""2016"": 25, ""2017"": 24}",3.0,5.0,5.0,"landsat7,landsat8",
LT1648,263344.99999999994,5869947.000000003,-71.6695691041237,-37.2870062076383,2013,2011.0,2013.0,53_1174,49.0,55.0,21.0,6.722222222222222,0.5970731707317073,"{""2011"": 16, ""2012"": 16, ""2013"": 23}",3.0,5.0,5.0,"landsat5,landsat7,landsat8",
LT1654,263814.9999999951,5877928.000000004,-71.6617415430303,-37.2152624217313,2013,2011.0,2013.0,53_1176,42.0,50.0,21.0,7.408163265306122,0.5248780487804878,"{""2011"": 17, ""2012"": 13, ""2013"": 20}",3.0,5.0,5.0,"landsat5,landsat7,landsat8",
LT1667,263882.99999999604,5893016.000000004,-71.6562169585898,-37.0794200942638,2013,2011.0,2013.0,53_1179,52.0,55.0,19.0,6.722222222222222,0.6180487804878049,"{""2011"": 16, ""2012"": 17, ""2013"": 22}",3.0,5.0,5.0,"landsat5,landsat7,landsat8",
LT1671,264903.00000000326,5894076.999999994,-71.6444215242827,-37.0701224754777,2017,2015.0,2017.0,53_1179,64.0,70.0,16.0,5.260869565217392,0.5012698412698413,"{""2015"": 25, ""2016"": 24, ""2017"": 21}",3.0,5.0,5.0,"landsat7,landsat8",
LT1686,266866.9999999976,5909223.000000005,-71.6176678465609,-36.934223417139,2013,2011.0,2013.0,53_1182,51.0,55.0,19.0,6.722222222222222,0.6219512195121951,"{""2011"": 17, ""2012"": 16, ""2013"": 22}",3.0,5.0,5.0,"landsat5,landsat7,landsat8",
LT1689,262671.9999999959,5909611.000000007,-71.6646026039375,-36.9296824515327,2015,2013.0,2015.0,53_1182,73.0,76.0,16.0,4.8,0.611900826446281,"{""2013"": 20, ""2014"": 30, ""2015"": 26}",3.0,5.0,5.0,"landsat7,landsat8",
LT1703,263489.000000002,5931052.999999994,-71.6487684335361,-36.7368025868965,2013,2011.0,2013.0,53_1186,57.0,60.0,19.0,6.152542372881356,0.6701176470588235,"{""2011"": 20, ""2012"": 19, ""2013"": 21}",3.0,5.0,5.0,"landsat5,landsat7,landsat8",
LT1798,264583.00000000163,6041196.0,-71.6034010414255,-35.745112406305,2012,2010.0,2012.0,53_1208,40.0,43.0,58.0,8.642857142857142,0.5477777777777778,"{""2010"": 17, ""2011"": 14, ""2012"": 12}",3.0,5.0,5.0,"landsat5,landsat7",
LT0053,262957.6035165189,4202388.347272295,-72.474957242003,-52.2776754367034,2019,2017.0,2019.0,53_840,23.0,24.0,98.0,14.304347826086955,0.1208510638297872,"{""2017"": 5, ""2018"": 11, ""2019"": 8}",3.0,5.0,5.0,"landsat7,landsat8",
LT0057,264278.0607836368,4210544.085921931,-72.4499507206887,-52.2050513680852,2014,2012.0,2014.0,53_842,25.0,30.0,109.0,11.379310344827584,0.167027027027027,"{""2012"": 4, ""2013"": 10, ""2014"": 16}",3.0,5.0,5.0,"landsat7,landsat8",
LT0077,264130.26928226044,4243518.356314478,-72.4293469176253,-51.9090556630433,2012,2010.0,2012.0,53_849,25.0,30.0,106.0,11.827586206896552,0.2585263157894736,"{""2010"": 9, ""2011"": 9, ""2012"": 12}",3.0,5.0,5.0,"landsat5,landsat7",
LT0079,265226.9967273511,4247762.2751994375,-72.4105441962679,-51.8714289114037,2013,2011.0,2013.0,53_850,36.0,39.0,100.0,9.078947368421051,0.3140350877192982,"{""2011"": 11, ""2012"": 11, ""2013"": 17}",3.0,5.0,5.0,"landsat5,landsat7,landsat8",
LT0087,263082.1734230626,4273675.275772529,-72.4239875098517,-51.6379483269313,2012,2010.0,2012.0,53_855,6.0,7.0,176.0,56.833333333333336,0.1056603773584905,"{""2010"": 2, ""2011"": 2, ""2012"": 3}",3.0,5.0,5.0,"landsat5,landsat7",
LT0086,264165.5350543828,4272719.64248801,-72.4090043438453,-51.6469808316848,2019,2017.0,2019.0,53_855,14.0,19.0,170.0,19.38888888888889,0.1256637168141593,"{""2017"": 4, ""2018"": 6, ""2019"": 9}",3.0,5.0,5.0,"landsat7,landsat8",
LT0230,265760.97955952736,4860801.811056191,-72.0452770722004,-46.3657916697568,2018,2016.0,2018.0,53_972,47.0,58.0,64.0,6.350877192982456,0.3205369127516778,"{""2016"": 20, ""2017"": 23, ""2018"": 15}",3.0,5.0,5.0,"landsat7,landsat8",
LT0263,267232.1162089753,4893980.635922031,-72.0098268268379,-46.0681044863003,2015,2013.0,2015.0,53_979,50.0,58.0,63.0,6.315789473684211,0.2587755102040816,"{""2013"": 14, ""2014"": 19, ""2015"": 25}",3.0,5.0,5.0,"landsat7,landsat8",
LT0265,266162.23997556884,4894946.760831828,-72.0231670482832,-46.0590562987943,2017,2015.0,2017.0,53_979,57.0,74.0,55.0,4.904109589041096,0.2544642857142857,"{""2015"": 22, ""2016"": 27, ""2017"": 25}",3.0,5.0,5.0,"landsat7,landsat8",
LT0267,267101.1174679717,4895992.503056556,-72.0105345680691,-46.0499776180802,2017,2015.0,2017.0,53_979,60.0,73.0,55.0,5.0,0.2723214285714285,"{""2015"": 22, ""2016"": 28, ""2017"": 23}",3.0,5.0,5.0,"landsat7,landsat8",
LT0279,266405.9384368878,4904998.828045666,-72.0151025626363,-45.9687933437626,2013,2011.0,2013.0,53_981,34.0,50.0,38.0,7.306122448979591,0.2454135338345864,"{""2011"": 14, ""2012"": 13, ""2013"": 23}",3.0,5.0,5.0,"landsat5,landsat7,landsat8",
LT0287,263749.84971271106,4913835.349287001,-72.0449841539683,-45.8884640664316,2014,2012.0,2014.0,53_983,34.0,41.0,74.0,8.725,0.2068292682926829,"{""2012"": 8, ""2013"": 15, ""2014"": 18}",3.0,5.0,5.0,"landsat7,landsat8",
LT0329,265611.1829195579,4941985.844669681,-72.0073894956275,-45.6360768716877,2015,2013.0,2015.0,53_988,41.0,52.0,48.0,6.941176470588236,0.200780487804878,"{""2013"": 13, ""2014"": 21, ""2015"": 18}",3.0,5.0,5.0,"landsat7,landsat8",
LT0331,266540.00000000175,4943298.0,-71.9948597221766,-45.6245953686562,2018,2016.0,2018.0,53_989,49.0,58.0,38.0,6.192982456140351,0.2083842794759825,"{""2016"": 27, ""2017"": 15, ""2018"": 16}",3.0,5.0,5.0,"landsat7,landsat8",
LT0342,262715.8533954574,4953852.847200825,-72.0387212674479,-45.5284291313617,2015,2013.0,2015.0,53_991,65.0,73.0,20.0,5.0,0.2994444444444444,"{""2013"": 25, ""2014"": 21, ""2015"": 27}",3.0,5.0,5.0,"landsat7,landsat8",
LT0351,262983.60607705486,4963902.1703282185,-72.0304459247671,-45.4381915668033,2015,2013.0,2015.0,53_993,66.0,78.0,27.0,4.597402597402597,0.2969585253456221,"{""2013"": 24, ""2014"": 22, ""2015"": 32}",3.0,5.0,5.0,"landsat7,landsat8",
LT0383,266486.99999999977,4983431.999999998,-71.9764891236426,-45.2638137025882,2019,2017.0,2019.0,53_997,37.0,49.0,50.0,6.8125,0.1522314049586776,"{""2017"": 20, ""2018"": 14, ""2019"": 15}",3.0,5.0,5.0,"landsat7,landsat8",
LT0445,271875.00000000134,5046783.999999995,-71.8792273794951,-44.6960184040679,2013,2011.0,2013.0,54_1009,31.0,38.0,42.0,9.675675675675675,0.2150335570469798,"{""2011"": 10, ""2012"": 12, ""2013"": 16}",3.0,5.0,5.0,"landsat5,landsat7,landsat8",
LT0471,269186.9999999978,5055499.999999994,-71.9091857610896,-44.6167943509438,2013,2011.0,2013.0,54_1011,43.0,53.0,27.0,6.9423076923076925,0.286979865771812,"{""2011"": 17, ""2012"": 12, ""2013"": 24}",3.0,5.0,5.0,"landsat5,landsat7,landsat8",
LT0512,267803.00000000146,5103636.000000005,-71.9050932216609,-44.1835484323376,2015,2013.0,2015.0,54_1021,73.0,78.0,16.0,4.51948051948052,0.3066063348416289,"{""2013"": 20, ""2014"": 26, ""2015"": 32}",3.0,5.0,5.0,"landsat7,landsat8",
LT0518,269118.00000000105,5111742.999999996,-71.8851056721052,-44.1110686852072,2015,2013.0,2015.0,54_1022,61.0,67.0,28.0,5.090909090909091,0.2632034632034632,"{""2013"": 11, ""2014"": 23, ""2015"": 33}",3.0,5.0,5.0,"landsat7,landsat8",
LT0521,270030.0000000013,5112822.999999994,-71.8732526875516,-44.1016444291606,2015,2013.0,2015.0,54_1023,58.0,64.0,23.0,5.333333333333333,0.2502164502164502,"{""2013"": 16, ""2014"": 22, ""2015"": 26}",3.0,5.0,5.0,"landsat7,landsat8",
LT0552,271477.9999999986,5162028.0,-71.8341132554678,-43.6596177107904,2016,2014.0,2016.0,54_1032,80.0,91.0,27.0,3.8666666666666663,0.3116279069767442,"{""2014"": 26, ""2015"": 31, ""2016"": 34}",3.0,5.0,5.0,"landsat7,landsat8",
LT0558,270199.00000000186,5166922.999999998,-71.8478745485407,-43.615203092663,2016,2014.0,2016.0,54_1033,86.0,101.0,16.0,3.53,0.331937984496124,"{""2014"": 29, ""2015"": 36, ""2016"": 36}",3.0,5.0,5.0,"landsat7,landsat8",
LT0556,272258.0000000026,5165111.999999999,-71.8231511090835,-43.6321222685528,2019,2017.0,2019.0,54_1033,61.0,77.0,23.0,4.631578947368421,0.2477108433734939,"{""2017"": 26, ""2018"": 22, ""2019"": 29}",3.0,5.0,5.0,"landsat7,landsat8",
LT1045,269106.9999999959,5567770.000000001,-71.7051092216387,-40.0087138538957,2015,2013.0,2015.0,54_1114,82.0,99.0,20.0,3.704081632653061,0.3998104265402843,"{""2013"": 28, ""2014"": 36, ""2015"": 35}",3.0,5.0,5.0,"landsat7,landsat8",
LT1053,269972.99999999744,5569784.000000002,-71.6942609046775,-39.9908245230874,2015,2013.0,2015.0,54_1114,87.0,96.0,22.0,3.8,0.4066350710900474,"{""2013"": 27, ""2014"": 35, ""2015"": 34}",3.0,5.0,5.0,"landsat7,landsat8",
LT1076,270635.000000002,5574884.000000003,-71.6847176313403,-39.9451047855782,2015,2013.0,2015.0,54_1115,90.0,99.0,19.0,3.683673469387755,0.425781990521327,"{""2013"": 35, ""2014"": 34, ""2015"": 30}",3.0,5.0,5.0,"landsat7,landsat8",
LT1117,269430.0000000034,5592852.999999999,-71.6924741884823,-39.7830560295729,2014,2012.0,2014.0,54_1119,71.0,81.0,28.0,4.4625,0.3663157894736842,"{""2012"": 15, ""2013"": 30, ""2014"": 36}",3.0,5.0,5.0,"landsat7,landsat8",
LT1217,267600.0000000041,5634732.999999996,-71.6991424086313,-39.4056233449991,2016,2014.0,2016.0,54_1127,84.0,100.0,25.0,3.515151515151515,0.34816,"{""2014"": 32, ""2015"": 32, ""2016"": 36}",3.0,5.0,5.0,"landsat7,landsat8",
LT1235,269878.9999999969,5645955.000000002,-71.6688519708253,-39.3052250754577,2013,2011.0,2013.0,54_1129,68.0,77.0,24.0,4.776315789473684,0.4392105263157895,"{""2011"": 24, ""2012"": 24, ""2013"": 29}",3.0,5.0,5.0,"landsat5,landsat7,landsat8",
LT1236,267856.99999999814,5646943.999999999,-71.6919369765275,-39.2957833963697,2017,2015.0,2017.0,54_1129,99.0,106.0,18.0,3.4571428571428573,0.38015625,"{""2015"": 34, ""2016"": 36, ""2017"": 36}",3.0,5.0,5.0,"landsat7,landsat8",
LT1283,267913.000000003,5675910.000000003,-71.681363487542,-39.0350703870285,2014,2012.0,2014.0,54_1135,62.0,81.0,19.0,4.4375,0.3374863387978142,"{""2012"": 19, ""2013"": 29, ""2014"": 33}",3.0,5.0,5.0,"landsat7,landsat8",
LT1290,269303.00000000105,5684932.999999997,-71.6622735798799,-38.9542168561552,2015,2013.0,2015.0,54_1137,83.0,95.0,24.0,3.861702127659575,0.372280701754386,"{""2013"": 25, ""2014"": 33, ""2015"": 37}",3.0,5.0,5.0,"landsat7,landsat8",
LT1292,271109.0000000017,5688051.999999996,-71.6404105674725,-38.926613474825,2014,2012.0,2014.0,54_1138,82.0,92.0,16.0,3.978021978021978,0.4297267759562841,"{""2012"": 20, ""2013"": 34, ""2014"": 38}",3.0,5.0,5.0,"landsat7,landsat8",
LT1296,271310.0000000014,5690032.0,-71.6374338777213,-38.9088420932962,2014,2012.0,2014.0,54_1138,55.0,74.0,32.0,4.917808219178082,0.3027322404371584,"{""2012"": 17, ""2013"": 25, ""2014"": 32}",3.0,5.0,5.0,"landsat7,landsat8",
LT1307,268453.99999999965,5697984.000000007,-71.667659468017,-38.8365116662345,2013,2011.0,2013.0,54_1140,72.0,83.0,16.0,4.426829268292683,0.4652631578947368,"{""2011"": 27, ""2012"": 21, ""2013"": 35}",3.0,5.0,5.0,"landsat5,landsat7,landsat8",
LT1324,270925.9999999978,5706162.000000002,-71.6364916530747,-38.7635392736246,2012,2010.0,2012.0,54_1141,49.0,68.0,28.0,5.417910447761194,0.3631428571428571,"{""2010"": 23, ""2011"": 25, ""2012"": 20}",3.0,5.0,5.0,"landsat5,landsat7",
LT1320,267929.00000000047,5705911.999999998,-71.6710345015802,-38.7650068285302,2014,2012.0,2014.0,54_1141,70.0,85.0,21.0,4.273809523809524,0.3707103825136612,"{""2012"": 21, ""2013"": 29, ""2014"": 35}",3.0,5.0,5.0,"landsat7,landsat8",
LT1330,268789.0,5708013.000000004,-71.6604435216322,-38.7463193549728,2012,2010.0,2012.0,54_1142,59.0,64.0,34.0,5.761904761904762,0.4251428571428571,"{""2010"": 20, ""2011"": 20, ""2012"": 24}",3.0,5.0,5.0,"landsat5,landsat7",
LT1334,272302.00000000314,5711434.999999998,-71.6189347434002,-38.7164261170139,2014,2012.0,2014.0,54_1142,90.0,105.0,21.0,3.480769230769231,0.4924590163934426,"{""2012"": 23, ""2013"": 39, ""2014"": 43}",3.0,5.0,5.0,"landsat7,landsat8",
LT1367,269487.00000000134,5728100.999999998,-71.6457545895336,-38.5656649310323,2015,2013.0,2015.0,54_1146,90.0,102.0,16.0,3.603960396039604,0.3917543859649123,"{""2013"": 34, ""2014"": 31, ""2015"": 37}",3.0,5.0,5.0,"landsat7,landsat8",
LT1380,271350.00000000326,5730232.0,-71.6236946423478,-38.5469616606973,2015,2013.0,2015.0,54_1146,84.0,98.0,25.0,3.711340206185567,0.3724561403508772,"{""2013"": 29, ""2014"": 35, ""2015"": 34}",3.0,5.0,5.0,"landsat7,landsat8",
LT1399,268035.0000000007,5734980.999999994,-71.6601201830705,-38.5033511333526,2013,2011.0,2013.0,54_1147,56.0,77.0,16.0,4.776315789473684,0.3776315789473684,"{""2011"": 21, ""2012"": 19, ""2013"": 37}",3.0,5.0,5.0,"landsat5,landsat7,landsat8",
LT1411,268573.9999999958,5742072.999999998,-71.651604247034,-38.4396456512791,2013,2011.0,2013.0,54_1148,62.0,83.0,16.0,4.426829268292683,0.4360526315789473,"{""2011"": 23, ""2012"": 21, ""2013"": 39}",3.0,5.0,5.0,"landsat5,landsat7,landsat8",
LT1459,271056.00000000023,5765262.000000002,-71.615672447147,-38.2315163176368,2016,2014.0,2016.0,54_1153,89.0,99.0,79.0,3.683673469387755,0.3359090909090909,"{""2014"": 28, ""2015"": 34, ""2016"": 37}",3.0,5.0,5.0,"landsat7,landsat8",
LT1472,269830.0000000042,5769283.999999996,-71.6283622428696,-38.1949931165159,2016,2014.0,2016.0,54_1154,93.0,109.0,43.0,3.361111111111111,0.3598484848484848,"{""2014"": 32, ""2015"": 40, ""2016"": 37}",3.0,5.0,5.0,"landsat7,landsat8",
LT1534,271000.9999999972,5797284.000000001,-71.6060381356092,-37.9431959601103,2016,2014.0,2016.0,54_1159,123.0,131.0,11.0,2.776923076923077,0.4668217054263566,"{""2014"": 41, ""2015"": 45, ""2016"": 45}",3.0,5.0,5.0,"landsat7,landsat8",
LT1553,268423.00000000093,5806161.000000007,-71.63249710913,-37.8626186103813,2012,2010.0,2012.0,54_1161,73.0,81.0,22.0,4.5375,0.5229197080291971,"{""2010"": 29, ""2011"": 30, ""2012"": 22}",3.0,5.0,5.0,"landsat5,landsat7",
LT1558,269297.99999999546,5808225.000000004,-71.6219012822732,-37.844256953888,2016,2014.0,2016.0,54_1162,88.0,105.0,25.0,3.4326923076923075,0.427867298578199,"{""2014"": 32, ""2015"": 36, ""2016"": 37}",3.0,5.0,5.0,"landsat7,landsat8",
LT1646,271507.0000000042,5868474.000000004,-71.5780377887778,-37.3023105583527,2013,2011.0,2013.0,54_1174,51.0,52.0,21.0,7.0588235294117645,0.5937349397590361,"{""2011"": 17, ""2012"": 14, ""2013"": 21}",3.0,5.0,5.0,"landsat5,landsat7,landsat8",
LT1668,269678.00000000227,5893391.0,-71.5909721336745,-37.0774849335041,2015,2013.0,2015.0,54_1179,64.0,75.0,16.0,4.864864864864865,0.5434710743801653,"{""2013"": 22, ""2014"": 27, ""2015"": 26}",3.0,5.0,5.0,"landsat7,landsat8",
LT1687,269854.0000000041,5909377.999999996,-71.5841132241452,-36.933561829806,2015,2013.0,2015.0,54_1182,75.0,83.0,13.0,4.390243902439025,0.6117073170731707,"{""2013"": 21, ""2014"": 31, ""2015"": 31}",3.0,5.0,5.0,"landsat7,landsat8",
LT1696,270043.0000000041,5922451.999999996,-71.578030481642,-36.8158706195781,2013,2011.0,2013.0,54_1184,52.0,60.0,19.0,6.152542372881356,0.6418823529411765,"{""2011"": 19, ""2012"": 18, ""2013"": 23}",3.0,5.0,5.0,"landsat5,landsat7,landsat8",
LT1695,271027.0000000018,5922464.999999996,-71.5670050939922,-36.8159921318169,2014,2012.0,2014.0,54_1184,68.0,72.0,22.0,5.0,0.6569230769230769,"{""2012"": 18, ""2013"": 23, ""2014"": 31}",3.0,5.0,5.0,"landsat7,landsat8",
LT1694,270181.0000000022,5917515.999999994,-71.5779772438476,-36.8603554500906,2015,2013.0,2015.0,54_1184,73.0,76.0,13.0,4.8,0.56352,"{""2013"": 20, ""2014"": 29, ""2015"": 27}",3.0,5.0,5.0,"landsat7,landsat8",
LT1698,267857.9999999964,5925318.000000006,-71.6016297412447,-36.7895276817819,2014,2012.0,2014.0,54_1185,65.0,71.0,16.0,5.0285714285714285,0.6257692307692307,"{""2012"": 18, ""2013"": 23, ""2014"": 30}",3.0,5.0,5.0,"landsat7,landsat8",
LT1700,267791.99999999686,5926319.000000005,-71.6020637095643,-36.7804970652806,2014,2012.0,2014.0,54_1185,69.0,72.0,19.0,5.0,0.6615384615384615,"{""2012"": 18, ""2013"": 22, ""2014"": 32}",3.0,5.0,5.0,"landsat7,landsat8",
LT1704,271461.00000000186,5931555.999999994,-71.5594189800754,-36.7342258145569,2013,2011.0,2013.0,54_1186,51.0,56.0,16.0,6.6,0.6155294117647059,"{""2011"": 18, ""2012"": 17, ""2013"": 21}",3.0,5.0,5.0,"landsat5,landsat7,landsat8",
LT1711,271938.999999998,5939820.000000003,-71.5516082447107,-36.6599158736064,2015,2013.0,2015.0,54_1188,77.0,79.0,14.0,4.615384615384615,0.6151612903225806,"{""2013"": 23, ""2014"": 29, ""2015"": 27}",3.0,5.0,5.0,"landsat7,landsat8",
LT1721,271970.0000000048,5955619.999999998,-71.5465795206162,-36.5176267614139,2013,2011.0,2013.0,54_1191,54.0,56.0,16.0,6.6,0.6624390243902439,"{""2011"": 17, ""2012"": 17, ""2013"": 22}",3.0,5.0,5.0,"landsat5,landsat7,landsat8",
LT1725,271719.99999999674,5959613.000000004,-71.5481895683328,-36.4816051983548,2014,2012.0,2014.0,54_1192,62.0,62.0,27.0,5.819672131147541,0.6138613861386139,"{""2012"": 13, ""2013"": 22, ""2014"": 27}",3.0,5.0,5.0,"landsat7,landsat8",
LT1724,270737.0000000021,5958511.000000001,-71.5594791685224,-36.4912952601402,2015,2013.0,2015.0,54_1192,73.0,75.0,14.0,4.864864864864865,0.6019672131147541,"{""2013"": 22, ""2014"": 27, ""2015"": 26}",3.0,5.0,5.0,"landsat7,landsat8",
LT1726,270599.999999998,5961544.999999998,-71.560107696028,-36.463937649978,2015,2013.0,2015.0,54_1192,74.0,76.0,14.0,4.8,0.6134426229508196,"{""2013"": 20, ""2014"": 27, ""2015"": 29}",3.0,5.0,5.0,"landsat7,landsat8",
LT1736,268914.99999999604,5972458.000000001,-71.5756459598943,-36.3652485371958,2012,2010.0,2012.0,54_1194,49.0,49.0,29.0,7.5625,0.6761111111111111,"{""2010"": 18, ""2011"": 19, ""2012"": 12}",3.0,5.0,5.0,"landsat5,landsat7",
LT1734,268990.999999995,5971393.0,-71.5751159390447,-36.3748584545838,2015,2013.0,2015.0,54_1194,73.0,74.0,14.0,4.931506849315069,0.5937704918032787,"{""2013"": 18, ""2014"": 27, ""2015"": 29}",3.0,5.0,5.0,"landsat7,landsat8",
LT1747,272154.00000000035,5984667.999999996,-71.5360104537891,-36.2560504886917,2013,2011.0,2013.0,54_1197,50.0,51.0,27.0,7.26,0.6097560975609756,"{""2011"": 18, ""2012"": 14, ""2013"": 19}",3.0,5.0,5.0,"landsat5,landsat7,landsat8",
LT1861,267676.99999999744,6123587.000000006,-71.5457845138639,-35.0036799973513,2015,2013.0,2015.0,54_1225,71.0,75.0,19.0,4.905405405405405,0.5806666666666667,"{""2013"": 21, ""2014"": 27, ""2015"": 27}",3.0,5.0,5.0,"landsat7,landsat8",
LT1872,268604.0000000012,6141657.000000004,-71.5306297557721,-34.8411050173744,2014,2012.0,2014.0,54_1228,54.0,63.0,16.0,5.854838709677419,0.5571428571428572,"{""2012"": 13, ""2013"": 22, ""2014"": 28}",3.0,5.0,5.0,"landsat7,landsat8",
LT1971,271845.9999999977,6325044.000000002,-71.4472914965704,-33.1894319706237,2014,2012.0,2014.0,54_1265,100.0,107.0,13.0,3.358490566037736,0.5442222222222223,"{""2012"": 25, ""2013"": 36, ""2014"": 46}",3.0,5.0,5.0,"landsat7,landsat8",
LT1998,271701.0000000044,6397087.000000006,-71.431055853569,-32.54012335357,2013,2011.0,2013.0,54_1279,68.0,78.0,19.0,4.727272727272728,0.4028070175438596,"{""2011"": 28, ""2012"": 18, ""2013"": 32}",3.0,5.0,5.0,"landsat5,landsat7,landsat8",
LT2005,268964.00000000035,6428967.0,-71.4523944782655,-32.2522243982864,2014,2012.0,2014.0,54_1286,61.0,82.0,21.0,4.493827160493828,0.3226,"{""2012"": 17, ""2013"": 30, ""2014"": 35}",3.0,5.0,5.0,"landsat7,landsat8",
LT2006,271672.0000000034,6434118.999999996,-71.4224389850985,-32.2063419878587,2014,2012.0,2014.0,54_1287,96.0,109.0,12.0,3.333333333333333,0.4854271356783919,"{""2012"": 26, ""2013"": 39, ""2014"": 44}",3.0,5.0,5.0,"landsat7,landsat8",
LT2009,271024.999999997,6461231.000000004,-71.4228383346323,-31.9618341399515,2014,2012.0,2014.0,54_1292,83.0,97.0,20.0,3.7916666666666665,0.4963414634146341,"{""2012"": 22, ""2013"": 32, ""2014"": 43}",3.0,5.0,5.0,"landsat7,landsat8",
LT2012,270504.99999999686,6473098.999999999,-71.4255269080381,-31.8547529772337,2014,2012.0,2014.0,54_1295,43.0,54.0,30.0,6.830188679245283,0.4078504672897196,"{""2012"": 12, ""2013"": 21, ""2014"": 21}",3.0,5.0,5.0,"landsat7,landsat8",
LT0067,270373.2609746382,4234146.27302321,-72.3450085156154,-51.9957846702463,2018,2016.0,2018.0,54_847,38.0,44.0,107.0,8.30232558139535,0.2078306878306878,"{""2016"": 18, ""2017"": 14, ""2018"": 12}",3.0,5.0,5.0,"landsat7,landsat8",
LT0069,270197.6126832714,4236124.001131645,-72.3462377751612,-51.9779606814617,2018,2016.0,2018.0,54_847,45.0,52.0,105.0,7.019607843137255,0.2429629629629629,"{""2016"": 19, ""2017"": 18, ""2018"": 15}",3.0,5.0,5.0,"landsat7,landsat8",
LT0103,268076.2789360131,4311531.079658048,-72.3271094691714,-51.300216921213,2019,2017.0,2019.0,54_862,35.0,42.0,95.0,8.707317073170731,0.28416,"{""2017"": 11, ""2018"": 15, ""2019"": 16}",3.0,5.0,5.0,"landsat7,landsat8",
LT0192,267989.40889756987,4804785.850128475,-72.0444574509983,-46.8699613648813,2015,2013.0,2015.0,54_961,31.0,35.0,88.0,10.029411764705882,0.2988679245283019,"{""2013"": 11, ""2014"": 12, ""2015"": 12}",3.0,5.0,5.0,"landsat7,landsat8",
LT0196,270834.7116943847,4806999.659158542,-72.0060625029995,-46.8510531900597,2015,2013.0,2015.0,54_961,37.0,40.0,94.0,8.743589743589743,0.3445283018867924,"{""2013"": 12, ""2014"": 12, ""2015"": 16}",3.0,5.0,5.0,"landsat7,landsat8",
LT0198,269736.43175827235,4807969.64425022,-72.0199597021348,-46.8419573839909,2015,2013.0,2015.0,54_962,37.0,39.0,83.0,8.763157894736842,0.3381132075471698,"{""2013"": 12, ""2014"": 14, ""2015"": 13}",3.0,5.0,5.0,"landsat7,landsat8",
LT0268,269088.00000000105,4896173.999999999,-71.9847989228052,-46.0490196026942,2017,2015.0,2017.0,54_979,52.0,74.0,77.0,4.931506849315069,0.2612206572769953,"{""2015"": 27, ""2016"": 28, ""2017"": 19}",3.0,5.0,5.0,"landsat7,landsat8",
LT0270,269999.9999999985,4897255.000000003,-71.9725047804684,-46.0396105226887,2017,2015.0,2017.0,54_979,61.0,78.0,64.0,4.623376623376624,0.2903286384976525,"{""2015"": 22, ""2016"": 27, ""2017"": 29}",3.0,5.0,5.0,"landsat7,landsat8",
LT0273,271845.00000000274,4899386.000000005,-71.947672944398,-46.0210736831182,2013,2011.0,2013.0,54_980,21.0,29.0,83.0,12.571428571428571,0.1839285714285714,"{""2011"": 10, ""2012"": 6, ""2013"": 13}",3.0,5.0,5.0,"landsat5,landsat7,landsat8",
LT0275,267704.2075888633,4901085.424343995,-72.0002698982318,-46.0044077464761,2014,2012.0,2014.0,54_980,44.0,57.0,41.0,6.375,0.28275,"{""2012"": 11, ""2013"": 21, ""2014"": 25}",3.0,5.0,5.0,"landsat7,landsat8",
LT0276,270644.9999999959,4901314.999999997,-71.9622289185008,-46.0033345875541,2015,2013.0,2015.0,54_980,52.0,63.0,57.0,5.790322580645161,0.2980571428571428,"{""2013"": 19, ""2014"": 20, ""2015"": 24}",3.0,5.0,5.0,"landsat7,landsat8",
LT0278,268549.00000000186,4903154.000000004,-71.9883720037172,-45.9861009811867,2013,2011.0,2013.0,54_981,36.0,47.0,41.0,7.782608695652174,0.2515151515151515,"{""2011"": 13, ""2012"": 13, ""2013"": 21}",3.0,5.0,5.0,"landsat5,landsat7,landsat8",
LT0352,267878.9999999978,4965302.999999995,-71.9672791789048,-45.4272420101694,2018,2016.0,2018.0,54_993,46.0,64.0,27.0,5.476190476190476,0.2057383966244725,"{""2016"": 29, ""2017"": 18, ""2018"": 17}",3.0,5.0,5.0,"landsat7,landsat8",
LT0387,271094.99999999936,4989582.999999998,-71.9149990723397,-45.2100319479432,2012,2010.0,2012.0,54_998,28.0,37.0,55.0,10.02777777777778,0.2271875,"{""2010"": 10, ""2011"": 14, ""2012"": 13}",3.0,5.0,5.0,"landsat5,landsat7",
LT0414,273157.000000003,5015805.000000005,-71.8769038144674,-44.9749533794977,2019,2017.0,2019.0,55_1003,50.0,61.0,39.0,5.966666666666667,0.2006694560669456,"{""2017"": 23, ""2018"": 16, ""2019"": 22}",3.0,5.0,5.0,"landsat7,landsat8",
LT0442,274009.00000000035,5044947.000000005,-71.8531388920102,-44.7132108330087,2014,2012.0,2014.0,55_1009,36.0,45.0,47.0,7.954545454545454,0.1962841530054644,"{""2012"": 9, ""2013"": 11, ""2014"": 25}",3.0,5.0,5.0,"landsat7,landsat8",
LT0496,274722.00000000355,5075043.000000001,-71.8309765352227,-44.4428259451877,2016,2014.0,2016.0,55_1015,60.0,70.0,95.0,5.130434782608695,0.249957805907173,"{""2014"": 22, ""2015"": 23, ""2016"": 25}",3.0,5.0,5.0,"landsat7,landsat8",
LT0497,273716.9999999988,5076005.000000002,-71.8431706858755,-44.4338623236687,2016,2014.0,2016.0,55_1015,59.0,67.0,50.0,5.348484848484849,0.2379746835443038,"{""2014"": 21, ""2015"": 22, ""2016"": 24}",3.0,5.0,5.0,"landsat7,landsat8",
LT0499,273654.0000000016,5077000.999999996,-71.843526692434,-44.4248868676351,2016,2014.0,2016.0,55_1015,54.0,60.0,74.0,5.8474576271186445,0.220590717299578,"{""2014"": 17, ""2015"": 19, ""2016"": 24}",3.0,5.0,5.0,"landsat7,landsat8",
LT0505,272601.00000000093,5089272.999999996,-71.8513759617822,-44.3142102997838,2019,2017.0,2019.0,55_1018,53.0,67.0,37.0,5.212121212121212,0.225439330543933,"{""2017"": 24, ""2018"": 23, ""2019"": 20}",3.0,5.0,5.0,"landsat7,landsat8",
LT0563,274320.0000000035,5205359.9999999935,-71.7809715234529,-43.2707724257148,2015,2013.0,2015.0,55_1041,55.0,71.0,22.0,4.985714285714286,0.2358333333333333,"{""2013"": 22, ""2014"": 21, ""2015"": 28}",3.0,5.0,5.0,"landsat7,landsat8",
LT0564,274236.9999999984,5206366.000000005,-71.7815807858732,-43.2616995623349,2015,2013.0,2015.0,55_1041,60.0,71.0,19.0,5.071428571428571,0.2516666666666666,"{""2013"": 20, ""2014"": 24, ""2015"": 27}",3.0,5.0,5.0,"landsat7,landsat8",
LT0565,273117.99999999994,5208241.9999999935,-71.7945794991088,-43.24449094877,2015,2013.0,2015.0,55_1042,56.0,67.0,20.0,5.378787878787879,0.239,"{""2013"": 18, ""2014"": 21, ""2015"": 28}",3.0,5.0,5.0,"landsat7,landsat8",
LT0567,272996.000000003,5210146.999999998,-71.7952965798457,-43.2273207107489,2015,2013.0,2015.0,55_1042,58.0,73.0,19.0,4.930555555555555,0.252,"{""2013"": 20, ""2014"": 24, ""2015"": 29}",3.0,5.0,5.0,"landsat7,landsat8",
LT0568,272837.0000000015,5212292.999999999,-71.7963693597798,-43.2079717471358,2017,2015.0,2017.0,55_1042,74.0,87.0,16.0,3.988372093023256,0.2881274900398406,"{""2015"": 29, ""2016"": 37, ""2017"": 21}",3.0,5.0,5.0,"landsat7,landsat8",
LT1196,273154.0000000003,5627112.999999997,-71.637289019366,-39.4756900858476,2016,2014.0,2016.0,55_1125,79.0,91.0,35.0,4.011111111111111,0.31824,"{""2014"": 28, ""2015"": 33, ""2016"": 30}",3.0,5.0,5.0,"landsat7,landsat8",
LT1279,273945.0000000041,5674342.999999999,-71.6122624082939,-39.0507571124474,2013,2011.0,2013.0,55_1135,54.0,65.0,20.0,5.59375,0.3605263157894737,"{""2011"": 19, ""2012"": 16, ""2013"": 30}",3.0,5.0,5.0,"landsat5,landsat7,landsat8",
LT1291,272642.00000000256,5685042.999999996,-71.6237424687024,-38.9540989752137,2013,2011.0,2013.0,55_1137,58.0,70.0,20.0,5.260869565217392,0.38,"{""2011"": 21, ""2012"": 18, ""2013"": 31}",3.0,5.0,5.0,"landsat5,landsat7,landsat8",
LT1293,273085.00000000093,5688252.999999994,-71.6175718034183,-38.9253172672933,2016,2014.0,2016.0,55_1138,108.0,118.0,22.0,3.0854700854700856,0.42432,"{""2014"": 35, ""2015"": 43, ""2016"": 40}",3.0,5.0,5.0,"landsat7,landsat8",
LT1308,274404.99999999936,5698382.999999996,-71.5990333083654,-38.8344649284679,2013,2011.0,2013.0,55_1140,77.0,85.0,16.0,4.321428571428571,0.5026315789473684,"{""2011"": 30, ""2012"": 21, ""2013"": 34}",3.0,5.0,5.0,"landsat5,landsat7,landsat8",
LT1326,272861.0000000001,5707286.999999999,-71.6138730064353,-38.7539117530512,2013,2011.0,2013.0,55_1141,78.0,84.0,19.0,4.373493975903615,0.5094736842105263,"{""2011"": 26, ""2012"": 23, ""2013"": 35}",3.0,5.0,5.0,"landsat5,landsat7,landsat8",
LT1318,276952.00000000093,5705437.000000005,-71.5674360130462,-38.7716096849861,2014,2012.0,2014.0,55_1141,85.0,95.0,15.0,3.861702127659575,0.4544262295081967,"{""2012"": 21, ""2013"": 39, ""2014"": 35}",3.0,5.0,5.0,"landsat7,landsat8",
LT1317,272796.0000000039,5704427.999999999,-71.6155604718301,-38.7796326325392,2015,2013.0,2015.0,55_1141,110.0,123.0,17.0,2.9754098360655736,0.4836842105263157,"{""2013"": 38, ""2014"": 40, ""2015"": 45}",3.0,5.0,5.0,"landsat7,landsat8",
LT1327,275133.00000000454,5707520.000000005,-71.5876763853418,-38.7523957534138,2015,2013.0,2015.0,55_1142,94.0,105.0,16.0,3.4903846153846154,0.4128070175438596,"{""2013"": 33, ""2014"": 34, ""2015"": 38}",3.0,5.0,5.0,"landsat7,landsat8",
LT1339,273304.0000000021,5715054.999999997,-71.6062371922313,-38.6840946719308,2014,2012.0,2014.0,55_1143,93.0,102.0,15.0,3.594059405940594,0.507103825136612,"{""2012"": 27, ""2013"": 34, ""2014"": 41}",3.0,5.0,5.0,"landsat7,landsat8",
LT1386,274218.00000000035,5732406.999999996,-71.5901137920621,-38.5281131675625,2013,2011.0,2013.0,55_1146,41.0,55.0,103.0,6.722222222222222,0.2884210526315789,"{""2011"": 15, ""2012"": 16, ""2013"": 24}",3.0,5.0,5.0,"landsat5,landsat7,landsat8",
LT1409,274805.9999999971,5740505.000000001,-71.5807710498516,-38.4553560899597,2013,2011.0,2013.0,55_1148,71.0,88.0,16.0,4.172413793103448,0.4821052631578947,"{""2011"": 30, ""2012"": 26, ""2013"": 32}",3.0,5.0,5.0,"landsat5,landsat7,landsat8",
LT1539,275794.99999999907,5800633.000000006,-71.5504895171741,-37.9142367759843,2014,2012.0,2014.0,55_1160,83.0,94.0,21.0,3.806451612903226,0.4094,"{""2012"": 18, ""2013"": 37, ""2014"": 39}",3.0,5.0,5.0,"landsat7,landsat8",
LT1552,272660.99999999965,5805404.000000001,-71.5846045201874,-37.8705015480636,2013,2011.0,2013.0,55_1161,80.0,88.0,15.0,4.172413793103448,0.4721951219512195,"{""2011"": 28, ""2012"": 25, ""2013"": 35}",3.0,5.0,5.0,"landsat5,landsat7,landsat8",
LT1564,276148.99999999546,5810685.0,-71.5433510409267,-37.8238138490299,2014,2012.0,2014.0,55_1162,91.0,101.0,15.0,3.59,0.4550753768844221,"{""2012"": 25, ""2013"": 36, ""2014"": 40}",3.0,5.0,5.0,"landsat7,landsat8",
LT1565,277142.0,5810742.000000002,-71.5320613720849,-37.8235436170555,2017,2015.0,2017.0,55_1162,128.0,141.0,13.0,2.6,0.4908108108108108,"{""2015"": 42, ""2016"": 53, ""2017"": 46}",3.0,5.0,5.0,"landsat7,landsat8",
LT1566,276085.00000000093,5811666.999999996,-71.543773874103,-37.8149559547514,2017,2015.0,2017.0,55_1162,131.0,142.0,13.0,2.5815602836879434,0.5158301158301158,"{""2015"": 47, ""2016"": 51, ""2017"": 44}",3.0,5.0,5.0,"landsat7,landsat8",
LT1613,277285.000000002,5839789.000000006,-71.5215596877678,-37.5620221877823,2013,2011.0,2013.0,55_1168,70.0,82.0,14.0,4.481481481481482,0.4303703703703703,"{""2011"": 28, ""2012"": 19, ""2013"": 35}",3.0,5.0,5.0,"landsat5,landsat7,landsat8",
LT1611,276348.0000000021,5838732.0,-71.5324812638084,-37.5713132038428,2016,2014.0,2016.0,55_1168,100.0,116.0,17.0,3.139130434782609,0.4615525114155251,"{""2014"": 37, ""2015"": 38, ""2016"": 41}",3.0,5.0,5.0,"landsat7,landsat8",
LT1624,272596.0000000012,5850499.000000006,-71.5712867421839,-37.4644381464625,2013,2011.0,2013.0,55_1170,44.0,54.0,19.0,6.849056603773585,0.56,"{""2011"": 16, ""2012"": 16, ""2013"": 22}",3.0,5.0,5.0,"landsat5,landsat7,landsat8",
LT1632,274084.0000000003,5858569.999999999,-71.5520072007297,-37.3921251851963,2013,2011.0,2013.0,55_1172,40.0,49.0,38.0,7.5625,0.4997590361445783,"{""2011"": 15, ""2012"": 14, ""2013"": 20}",3.0,5.0,5.0,"landsat5,landsat7,landsat8",
LT1678,273399.99999999884,5900617.999999996,-71.546963342632,-37.0133097898958,2013,2011.0,2013.0,55_1180,44.0,48.0,78.0,7.723404255319149,0.5365853658536586,"{""2011"": 13, ""2012"": 15, ""2013"": 20}",3.0,5.0,5.0,"landsat5,landsat7,landsat8",
LT1688,272848.9999999983,5909616.000000001,-71.5504439540985,-36.9321451935194,2013,2011.0,2013.0,55_1182,53.0,58.0,19.0,6.368421052631579,0.655609756097561,"{""2011"": 17, ""2012"": 18, ""2013"": 23}",3.0,5.0,5.0,"landsat5,landsat7,landsat8",
LT1709,273690.9999999989,5937224.999999996,-71.5327901518805,-36.6837049179923,2015,2013.0,2015.0,55_1187,76.0,83.0,13.0,4.390243902439025,0.62,"{""2013"": 23, ""2014"": 32, ""2015"": 28}",3.0,5.0,5.0,"landsat7,landsat8",
LT1710,272537.99999999907,5938187.000000002,-71.5453970652568,-36.6747660479077,2015,2013.0,2015.0,55_1188,76.0,80.0,14.0,4.556962025316456,0.6093548387096774,"{""2013"": 23, ""2014"": 30, ""2015"": 27}",3.0,5.0,5.0,"landsat7,landsat8",
LT1714,276683.00000000175,5943884.999999996,-71.4973944135419,-36.6244299225289,2013,2011.0,2013.0,55_1189,48.0,58.0,16.0,6.368421052631579,0.62,"{""2011"": 19, ""2012"": 16, ""2013"": 23}",3.0,5.0,5.0,"landsat5,landsat7,landsat8",
LT1718,274392.0000000025,5948765.000000002,-71.5215609707836,-36.5799396668315,2013,2011.0,2013.0,55_1190,53.0,57.0,16.0,6.482142857142857,0.6497560975609756,"{""2011"": 20, ""2012"": 15, ""2013"": 22}",3.0,5.0,5.0,"landsat5,landsat7,landsat8",
LT1722,273964.99999999645,5955764.000000006,-71.5242773766642,-36.5168032963068,2013,2011.0,2013.0,55_1191,54.0,55.0,16.0,6.722222222222222,0.6502439024390244,"{""2011"": 18, ""2012"": 15, ""2013"": 22}",3.0,5.0,5.0,"landsat5,landsat7,landsat8",
LT1727,275086.000000002,5962836.0,-71.5097127786855,-36.4533733010332,2017,2015.0,2017.0,55_1193,75.0,78.0,16.0,4.714285714285714,0.6061290322580645,"{""2015"": 28, ""2016"": 28, ""2017"": 22}",3.0,5.0,5.0,"landsat7,landsat8",
LT1732,273033.0000000021,5970706.999999996,-71.5302990234569,-36.381999467196,2012,2010.0,2012.0,55_1194,45.0,48.0,29.0,7.723404255319149,0.6333333333333333,"{""2010"": 20, ""2011"": 17, ""2012"": 11}",3.0,5.0,5.0,"landsat5,landsat7",
LT1730,275151.00000000204,5968831.999999998,-71.507249979022,-36.3993847337143,2014,2012.0,2014.0,55_1194,61.0,61.0,27.0,5.916666666666667,0.5992079207920792,"{""2012"": 12, ""2013"": 21, ""2014"": 28}",3.0,5.0,5.0,"landsat7,landsat8",
LT1731,275036.99999999825,5970639.999999995,-71.5079966110808,-36.3830739485328,2015,2013.0,2015.0,55_1194,77.0,79.0,14.0,4.615384615384615,0.6334426229508197,"{""2013"": 22, ""2014"": 28, ""2015"": 29}",3.0,5.0,5.0,"landsat7,landsat8",
LT1740,273683.00000000274,5976566.999999998,-71.5213551363394,-36.3293737417885,2014,2012.0,2014.0,55_1195,60.0,60.0,27.0,6.016949152542373,0.5916831683168317,"{""2012"": 12, ""2013"": 21, ""2014"": 27}",3.0,5.0,5.0,"landsat7,landsat8",
LT1766,276975.9999999976,6003995.0,-71.47689836919,-36.0830934972822,2013,2011.0,2013.0,55_1201,43.0,43.0,27.0,8.642857142857142,0.5234146341463415,"{""2011"": 15, ""2012"": 8, ""2013"": 20}",3.0,5.0,5.0,"landsat5,landsat7,landsat8",
LT1772,275539.99999999674,6010911.000000006,-71.4908682861191,-36.020468307103,2015,2013.0,2015.0,55_1202,83.0,84.0,16.0,4.373493975903615,0.6731147540983606,"{""2013"": 25, ""2014"": 30, ""2015"": 29}",3.0,5.0,5.0,"landsat7,landsat8",
LT1851,276555.0000000022,6109096.000000004,-71.4524850625306,-35.1362312841161,2015,2013.0,2015.0,55_1222,64.0,74.0,26.0,4.972602739726027,0.5533333333333333,"{""2013"": 19, ""2014"": 28, ""2015"": 27}",3.0,5.0,5.0,"landsat7,landsat8",
LT1857,277128.00000000093,6115079.999999998,-71.4445896566098,-35.0824482581055,2014,2012.0,2014.0,55_1223,50.0,54.0,32.0,6.849056603773585,0.5065306122448979,"{""2012"": 11, ""2013"": 19, ""2014"": 24}",3.0,5.0,5.0,"landsat7,landsat8",
LT1907,275442.99999999726,6212927.0,-71.4371122734082,-34.200501764463,2014,2012.0,2014.0,55_1243,50.0,60.0,21.0,6.152542372881356,0.5007843137254901,"{""2012"": 14, ""2013"": 21, ""2014"": 25}",3.0,5.0,5.0,"landsat7,landsat8",
LT1951,274049.9999999979,6304148.999999994,-71.4288821237733,-33.378197106205,2014,2012.0,2014.0,55_1261,105.0,115.0,13.0,3.192982456140351,0.5782222222222222,"{""2012"": 28, ""2013"": 37, ""2014"": 50}",3.0,5.0,5.0,"landsat7,landsat8",
LT1960,275405.0000000008,6315191.999999996,-71.4115828624374,-33.2789630504605,2014,2012.0,2014.0,55_1263,84.0,98.0,13.0,3.752577319587629,0.4713333333333333,"{""2012"": 21, ""2013"": 31, ""2014"": 46}",3.0,5.0,5.0,"landsat7,landsat8",
LT1972,272844.0000000012,6325081.000000005,-71.43658564956,-33.1893084901578,2014,2012.0,2014.0,55_1265,95.0,112.0,17.0,3.279279279279279,0.5373333333333333,"{""2012"": 25, ""2013"": 37, ""2014"": 50}",3.0,5.0,5.0,"landsat7,landsat8",
LT1997,275850.9999999976,6395333.0,-71.3873163190768,-32.5567788822277,2012,2010.0,2012.0,55_1279,66.0,79.0,16.0,4.653846153846154,0.4133333333333333,"{""2010"": 25, ""2011"": 30, ""2012"": 24}",3.0,5.0,5.0,"landsat5,landsat7",
LT0068,273351.0813136338,4234376.578411038,-72.30155628249,-51.9949404452671,2013,2011.0,2013.0,55_847,24.0,31.0,100.0,11.733333333333333,0.2206896551724138,"{""2011"": 6, ""2012"": 7, ""2013"": 18}",3.0,5.0,5.0,"landsat5,landsat7,landsat8",
LT0402,280255.0000000027,5001267.999999995,-71.7933508938377,-45.1078893499996,2013,2011.0,2013.0,56_1000,49.0,53.0,27.0,6.9423076923076925,0.3012080536912752,"{""2011"": 16, ""2012"": 11, ""2013"": 26}",3.0,5.0,5.0,"landsat5,landsat7,landsat8",
LT0406,279658.000000002,5009271.000000001,-71.7974155678038,-45.0357481468951,2013,2011.0,2013.0,56_1002,37.0,44.0,49.0,8.395348837209303,0.2504697986577181,"{""2011"": 13, ""2012"": 12, ""2013"": 19}",3.0,5.0,5.0,"landsat5,landsat7,landsat8",
LT0412,278436.0000000012,5012184.999999995,-71.8116274548036,-45.0091673699421,2019,2017.0,2019.0,56_1002,53.0,67.0,31.0,5.363636363636363,0.205020920502092,"{""2017"": 22, ""2018"": 24, ""2019"": 21}",3.0,5.0,5.0,"landsat7,landsat8",
LT0548,277872.00000000326,5156509.999999999,-71.7571808418042,-43.7111820613561,2019,2017.0,2019.0,56_1031,54.0,76.0,20.0,4.64,0.2309523809523809,"{""2017"": 25, ""2018"": 29, ""2019"": 22}",3.0,5.0,5.0,"landsat7,landsat8",
LT0549,280792.9999999965,5157723.0,-71.7204704919946,-43.7011410914632,2017,2015.0,2017.0,56_1032,75.0,91.0,20.0,3.911111111111111,0.2946875,"{""2015"": 34, ""2016"": 36, ""2017"": 21}",3.0,5.0,5.0,"landsat7,landsat8",
LT0550,280725.0000000012,5158715.999999996,-71.7209093084238,-43.6921901488113,2019,2017.0,2019.0,56_1032,60.0,72.0,27.0,4.859154929577465,0.2333333333333333,"{""2017"": 24, ""2018"": 23, ""2019"": 25}",3.0,5.0,5.0,"landsat7,landsat8",
LT0559,279861.00000000186,5170747.999999999,-71.7267168529679,-43.5837205261331,2018,2016.0,2018.0,56_1034,96.0,109.0,19.0,3.305555555555556,0.3951219512195122,"{""2016"": 38, ""2017"": 34, ""2018"": 37}",3.0,5.0,5.0,"landsat7,landsat8",
LT1167,279868.0000000001,5616581.999999998,-71.5627912101818,-39.5722287180976,2017,2015.0,2017.0,56_1123,88.0,103.0,25.0,3.5686274509803924,0.331875,"{""2015"": 36, ""2016"": 38, ""2017"": 29}",3.0,5.0,5.0,"landsat7,landsat8",
LT1168,279677.00000000093,5617626.0,-71.564666294387,-39.5627821823692,2017,2015.0,2017.0,56_1124,84.0,93.0,25.0,3.8260869565217392,0.3275,"{""2015"": 28, ""2016"": 34, ""2017"": 31}",3.0,5.0,5.0,"landsat7,landsat8",
LT1209,280915.000000002,5631651.999999996,-71.5456558514125,-39.4368420432296,2013,2011.0,2013.0,56_1126,68.0,77.0,17.0,4.776315789473684,0.4286451612903226,"{""2011"": 25, ""2012"": 19, ""2013"": 33}",3.0,5.0,5.0,"landsat5,landsat7,landsat8",
LT1203,279066.9999999997,5628554.999999998,-71.5681331581634,-39.4642481818848,2015,2013.0,2015.0,56_1126,91.0,100.0,19.0,3.646464646464647,0.3904761904761905,"{""2013"": 32, ""2014"": 33, ""2015"": 35}",3.0,5.0,5.0,"landsat7,landsat8",
LT1211,277769.9999999992,5632530.000000001,-71.5818726949501,-39.4281334442624,2015,2013.0,2015.0,56_1127,87.0,102.0,19.0,3.5643564356435644,0.3795670995670995,"{""2013"": 29, ""2014"": 38, ""2015"": 35}",3.0,5.0,5.0,"landsat7,landsat8",
LT1325,279987.9999999997,5706701.999999996,-71.5321186857338,-38.7609832925564,2014,2012.0,2014.0,56_1141,59.0,82.0,37.0,4.444444444444445,0.3339890710382514,"{""2012"": 20, ""2013"": 29, ""2014"": 33}",3.0,5.0,5.0,"landsat7,landsat8",
LT1353,280914.99999999994,5721889.999999995,-71.5166608619474,-38.6244747563743,2014,2012.0,2014.0,56_1144,88.0,96.0,18.0,3.778947368421053,0.4620765027322404,"{""2012"": 25, ""2013"": 34, ""2014"": 37}",3.0,5.0,5.0,"landsat7,landsat8",
LT1372,280457.99999999563,5728821.0,-71.5197222109834,-38.5619602732287,2014,2012.0,2014.0,56_1146,88.0,96.0,20.0,3.8105263157894735,0.447431693989071,"{""2012"": 25, ""2013"": 38, ""2014"": 33}",3.0,5.0,5.0,"landsat7,landsat8",
LT1366,281546.9999999983,5727876.999999997,-71.5075302262458,-38.5707277525143,2017,2015.0,2017.0,56_1146,90.0,98.0,46.0,3.752577319587629,0.34796875,"{""2015"": 40, ""2016"": 31, ""2017"": 27}",3.0,5.0,5.0,"landsat7,landsat8",
LT1371,281384.000000003,5728832.999999996,-71.5091000578423,-38.5620804507577,2017,2015.0,2017.0,56_1146,94.0,111.0,21.0,3.309090909090909,0.37046875,"{""2015"": 42, ""2016"": 34, ""2017"": 35}",3.0,5.0,5.0,"landsat7,landsat8",
LT1388,278202.9999999986,5732679.999999995,-71.5443544381369,-38.5266573317274,2017,2015.0,2017.0,56_1147,108.0,119.0,25.0,3.0847457627118646,0.42171875,"{""2015"": 40, ""2016"": 44, ""2017"": 35}",3.0,5.0,5.0,"landsat7,landsat8",
LT1395,278079.0000000029,5734651.999999996,-71.5451499626426,-38.5088721357513,2017,2015.0,2017.0,56_1147,110.0,122.0,25.0,3.008264462809917,0.42421875,"{""2015"": 43, ""2016"": 42, ""2017"": 37}",3.0,5.0,5.0,"landsat7,landsat8",
LT1408,281735.99999999924,5739901.999999996,-71.5016106123528,-38.4625073303298,2016,2014.0,2016.0,56_1148,90.0,109.0,27.0,3.342592592592593,0.363794466403162,"{""2014"": 32, ""2015"": 40, ""2016"": 37}",3.0,5.0,5.0,"landsat7,landsat8",
LT1457,282107.00000000163,5764984.999999998,-71.4896133544335,-38.2367555313114,2014,2012.0,2014.0,56_1153,86.0,97.0,27.0,3.7395833333333335,0.4181818181818181,"{""2012"": 23, ""2013"": 39, ""2014"": 35}",3.0,5.0,5.0,"landsat7,landsat8",
LT1468,279858.00000000047,5768849.000000002,-71.514089136514,-38.2014168744816,2016,2014.0,2016.0,56_1154,104.0,124.0,43.0,2.934959349593496,0.38,"{""2014"": 37, ""2015"": 45, ""2016"": 42}",3.0,5.0,5.0,"landsat7,landsat8",
LT1470,281829.00000000256,5769026.000000002,-71.4915451049121,-38.2003028932096,2016,2014.0,2016.0,56_1154,89.0,105.0,79.0,3.5,0.3377272727272727,"{""2014"": 30, ""2015"": 37, ""2016"": 38}",3.0,5.0,5.0,"landsat7,landsat8",
LT1481,282451.000000002,5775013.000000002,-71.4826173762113,-38.1465455612989,2016,2014.0,2016.0,56_1155,93.0,114.0,23.0,3.2123893805309733,0.3609160305343511,"{""2014"": 37, ""2015"": 40, ""2016"": 37}",3.0,5.0,5.0,"landsat7,landsat8",
LT1520,279375.99999999965,5791851.000000001,-71.5124831206163,-37.9941879990002,2013,2011.0,2013.0,56_1158,86.0,93.0,14.0,3.945652173913044,0.5065868263473053,"{""2011"": 32, ""2012"": 25, ""2013"": 36}",3.0,5.0,5.0,"landsat5,landsat7,landsat8",
LT1511,278553.9999999976,5788789.999999997,-71.5227806749329,-38.0215493562906,2017,2015.0,2017.0,56_1158,117.0,131.0,20.0,2.8,0.4508812260536398,"{""2015"": 47, ""2016"": 47, ""2017"": 37}",3.0,5.0,5.0,"landsat7,landsat8",
LT1541,279698.0000000037,5801817.000000003,-71.5057677328001,-37.9045291355695,2017,2015.0,2017.0,56_1160,113.0,129.0,13.0,2.84375,0.4347692307692308,"{""2015"": 44, ""2016"": 45, ""2017"": 40}",3.0,5.0,5.0,"landsat7,landsat8",
LT1570,279996.9999999959,5812899.999999998,-71.4989965644668,-37.8048044012149,2017,2015.0,2017.0,56_1163,105.0,121.0,30.0,3.033333333333333,0.4111196911196911,"{""2015"": 36, ""2016"": 49, ""2017"": 36}",3.0,5.0,5.0,"landsat7,landsat8",
LT1578,278762.00000000064,5816863.000000002,-71.5118035867198,-37.7688210679923,2017,2015.0,2017.0,56_1163,118.0,135.0,17.0,2.716417910447761,0.4540540540540541,"{""2015"": 46, ""2016"": 47, ""2017"": 42}",3.0,5.0,5.0,"landsat7,landsat8",
LT1586,281625.000000001,5819028.0,-71.4786759282398,-37.7500138375709,2017,2015.0,2017.0,56_1164,109.0,131.0,16.0,2.776923076923077,0.4244015444015444,"{""2015"": 42, ""2016"": 48, ""2017"": 41}",3.0,5.0,5.0,"landsat7,landsat8",
LT1608,278474.0000000021,5836856.000000005,-71.5089963293962,-37.5887202053091,2019,2017.0,2019.0,56_1167,100.0,113.0,28.0,3.25,0.4222978723404255,"{""2017"": 35, ""2018"": 44, ""2019"": 34}",3.0,5.0,5.0,"landsat7,landsat8",
LT1615,282197.99999999744,5841097.999999996,-71.4655941965185,-37.5514090112348,2019,2017.0,2019.0,56_1168,131.0,145.0,17.0,2.5277777777777777,0.506875,"{""2017"": 42, ""2018"": 53, ""2019"": 50}",3.0,5.0,5.0,"landsat7,landsat8",
LT1639,278740.9999999981,5863914.999999994,-71.4978494392773,-37.3451153724093,2013,2011.0,2013.0,56_1173,52.0,61.0,26.0,6.05,0.4699065420560748,"{""2011"": 16, ""2012"": 21, ""2013"": 24}",3.0,5.0,5.0,"landsat5,landsat7,landsat8",
LT1652,281106.9999999992,5874081.000000004,-71.4681666054179,-37.2541254937875,2013,2011.0,2013.0,56_1175,60.0,67.0,19.0,5.5,0.5225454545454545,"{""2011"": 17, ""2012"": 22, ""2013"": 28}",3.0,5.0,5.0,"landsat5,landsat7,landsat8",
LT1681,281205.999999995,5904126.000000004,-71.4582815806581,-36.9835664639724,2013,2011.0,2013.0,56_1181,45.0,53.0,22.0,6.980769230769231,0.5580722891566265,"{""2011"": 15, ""2012"": 15, ""2013"": 23}",3.0,5.0,5.0,"landsat5,landsat7,landsat8",
LT1692,280641.9999999986,5913109.000000002,-71.462007115882,-36.9025327386661,2017,2015.0,2017.0,56_1183,66.0,71.0,54.0,5.142857142857143,0.5259375,"{""2015"": 24, ""2016"": 28, ""2017"": 19}",3.0,5.0,5.0,"landsat7,landsat8",
LT1712,277656.999999996,5940797.000000006,-71.4874057976811,-36.6524696385017,2017,2015.0,2017.0,56_1188,61.0,72.0,19.0,5.070422535211268,0.5061290322580645,"{""2015"": 24, ""2016"": 27, ""2017"": 21}",3.0,5.0,5.0,"landsat7,landsat8",
LT1728,282375.00000000023,5965276.000000002,-71.4277600939261,-36.4330779064343,2014,2012.0,2014.0,56_1193,58.0,66.0,19.0,5.461538461538462,0.5916831683168317,"{""2012"": 16, ""2013"": 22, ""2014"": 28}",3.0,5.0,5.0,"landsat7,landsat8",
LT1735,279942.9999999969,5972142.000000005,-71.4529228302273,-36.3706808768413,2014,2012.0,2014.0,56_1194,63.0,65.0,27.0,5.546875,0.6265346534653465,"{""2012"": 14, ""2013"": 24, ""2014"": 27}",3.0,5.0,5.0,"landsat7,landsat8",
LT1729,281042.0000000016,5968102.999999996,-71.4418206842063,-36.4073115970415,2015,2013.0,2015.0,56_1194,78.0,78.0,13.0,4.675324675324675,0.6249180327868853,"{""2013"": 22, ""2014"": 28, ""2015"": 28}",3.0,5.0,5.0,"landsat7,landsat8",
LT1733,280997.9999999991,5971146.000000002,-71.4414531717585,-36.3798928366941,2015,2013.0,2015.0,56_1194,70.0,75.0,16.0,4.824324324324325,0.5754098360655737,"{""2013"": 22, ""2014"": 27, ""2015"": 26}",3.0,5.0,5.0,"landsat7,landsat8",
LT1744,282318.9999999979,5982263.000000006,-71.4236333351832,-36.2800581511954,2013,2011.0,2013.0,56_1196,52.0,57.0,19.0,6.482142857142857,0.6209756097560976,"{""2011"": 19, ""2012"": 14, ""2013"": 24}",3.0,5.0,5.0,"landsat5,landsat7,landsat8",
LT1762,279086.99999999814,6002123.0,-71.4539975451135,-36.1004377073673,2014,2012.0,2014.0,56_1200,66.0,66.0,27.0,5.584615384615384,0.6534653465346535,"{""2012"": 13, ""2013"": 24, ""2014"": 29}",3.0,5.0,5.0,"landsat7,landsat8",
LT1775,280409.99999999674,6013218.0,-71.4362296636308,-36.0007974623479,2012,2010.0,2012.0,56_1203,51.0,52.0,29.0,7.117647058823529,0.7111111111111111,"{""2010"": 21, ""2011"": 17, ""2012"": 14}",3.0,5.0,5.0,"landsat5,landsat7",
LT1787,280541.0000000026,6023367.999999999,-71.4319715903245,-35.9093972026051,2013,2011.0,2013.0,56_1205,49.0,50.0,27.0,7.408163265306122,0.608780487804878,"{""2011"": 16, ""2012"": 13, ""2013"": 21}",3.0,5.0,5.0,"landsat5,landsat7,landsat8",
LT1848,277844.9999999956,6102981.000000006,-71.4399835249785,-35.1916069809741,2013,2011.0,2013.0,56_1221,44.0,47.0,32.0,7.891304347826087,0.4997701149425287,"{""2011"": 19, ""2012"": 12, ""2013"": 16}",3.0,5.0,5.0,"landsat5,landsat7,landsat8",
LT1869,278826.0000000034,6138236.999999998,-71.4198313533863,-34.8741918045389,2016,2014.0,2016.0,56_1228,73.0,81.0,16.0,4.5375,0.5925806451612903,"{""2014"": 26, ""2015"": 26, ""2016"": 29}",3.0,5.0,5.0,"landsat7,landsat8",
LT1957,281515.00000000105,6313588.000000002,-71.3464124460355,-33.2946741025937,2013,2011.0,2013.0,56_1263,84.0,91.0,20.0,4.044444444444444,0.5562416107382551,"{""2011"": 33, ""2012"": 23, ""2013"": 35}",3.0,5.0,5.0,"landsat5,landsat7,landsat8",
LT1963,278232.99999999907,6318412.999999996,-71.3804522001732,-33.2505200722548,2014,2012.0,2014.0,56_1264,101.0,114.0,17.0,3.221238938053097,0.5604444444444444,"{""2012"": 24, ""2013"": 38, ""2014"": 52}",3.0,5.0,5.0,"landsat7,landsat8",
LT1965,280115.99999999814,6320474.999999998,-71.3597553832223,-33.2323217668317,2014,2012.0,2014.0,56_1264,87.0,100.0,14.0,3.676767676767677,0.4797777777777778,"{""2012"": 22, ""2013"": 31, ""2014"": 47}",3.0,5.0,5.0,"landsat7,landsat8",
LT1973,277775.9999999995,6326384.999999997,-71.3834044139536,-33.1785805850561,2014,2012.0,2014.0,56_1265,91.0,101.0,17.0,3.64,0.5073333333333333,"{""2012"": 21, ""2013"": 36, ""2014"": 44}",3.0,5.0,5.0,"landsat7,landsat8",
LT2008,278372.99999999953,6457517.000000001,-71.3459961875237,-31.9967728423043,2014,2012.0,2014.0,56_1292,134.0,142.0,14.0,2.5815602836879434,0.6584,"{""2012"": 30, ""2013"": 52, ""2014"": 60}",3.0,5.0,5.0,"landsat7,landsat8",
LT2011,279785.00000000343,6468631.999999998,-71.3285305805824,-31.8968531460877,2015,2013.0,2015.0,56_1294,115.0,128.0,13.0,2.8661417322834644,0.4677551020408163,"{""2013"": 35, ""2014"": 48, ""2015"": 45}",3.0,5.0,5.0,"landsat7,landsat8",
LT0237,279750.9999999965,4871965.000000004,-71.8584005397262,-46.2701472413194,2018,2016.0,2018.0,56_974,38.0,44.0,67.0,8.372093023255815,0.346551724137931,"{""2016"": 21, ""2017"": 13, ""2018"": 10}",3.0,5.0,5.0,"landsat7,landsat8",
LT0291,278337.0000000001,4919878.000000002,-71.8544334507534,-45.8389978608446,2016,2014.0,2016.0,56_984,54.0,59.0,37.0,6.155172413793103,0.43008,"{""2014"": 16, ""2015"": 23, ""2016"": 20}",3.0,5.0,5.0,"landsat7,landsat8",
LT0361,282380.00000000256,4972358.0,-71.7790216231884,-45.3684762250528,2015,2013.0,2015.0,56_994,62.0,72.0,28.0,5.0,0.2781308411214953,"{""2013"": 20, ""2014"": 25, ""2015"": 27}",3.0,5.0,5.0,"landsat7,landsat8",
LT0365,282340.00000000035,4973409.000000002,-71.7790687740062,-45.3590145269882,2015,2013.0,2015.0,56_995,59.0,71.0,31.0,5.071428571428571,0.2721495327102803,"{""2013"": 22, ""2014"": 22, ""2015"": 27}",3.0,5.0,5.0,"landsat7,landsat8",
LT0381,279590.00000000413,4983194.999999998,-71.8097836956143,-45.2701734374781,2019,2017.0,2019.0,56_997,46.0,54.0,48.0,6.566037735849057,0.1861157024793388,"{""2017"": 17, ""2018"": 21, ""2019"": 16}",3.0,5.0,5.0,"landsat7,landsat8",
LT0401,285235.9999999987,5000165.999999997,-71.7305792234645,-45.119328524129,2013,2011.0,2013.0,57_1000,48.0,59.0,32.0,6.224137931034483,0.3194594594594594,"{""2011"": 18, ""2012"": 15, ""2013"": 26}",3.0,5.0,5.0,"landsat5,landsat7,landsat8",
LT0408,282595.99999999686,5010489.999999995,-71.759631804272,-45.0256948156998,2013,2011.0,2013.0,57_1002,39.0,48.0,36.0,7.680851063829787,0.2483783783783783,"{""2011"": 15, ""2012"": 12, ""2013"": 21}",3.0,5.0,5.0,"landsat5,landsat7,landsat8",
LT0409,284343.9999999976,5010557.999999999,-71.7374397511269,-45.0256171790297,2019,2017.0,2019.0,57_1002,58.0,73.0,19.0,4.763888888888889,0.2476987447698744,"{""2017"": 23, ""2018"": 26, ""2019"": 24}",3.0,5.0,5.0,"landsat7,landsat8",
LT0443,285897.99999999924,5046822.000000006,-71.7024262076961,-44.7000000957612,2013,2011.0,2013.0,57_1009,31.0,43.0,55.0,8.523809523809524,0.2118120805369127,"{""2011"": 11, ""2012"": 12, ""2013"": 20}",3.0,5.0,5.0,"landsat5,landsat7,landsat8",
LT0444,286894.9999999993,5046897.999999995,-71.6898241313048,-44.6996136394961,2013,2011.0,2013.0,57_1009,30.0,40.0,57.0,9.256410256410255,0.2136912751677852,"{""2011"": 14, ""2012"": 10, ""2013"": 16}",3.0,5.0,5.0,"landsat5,landsat7,landsat8",
LT0467,285236.999999998,5055797.999999995,-71.7069990918786,-44.6190867601878,2014,2012.0,2014.0,57_1011,63.0,74.0,20.0,4.863013698630137,0.3363934426229508,"{""2012"": 14, ""2013"": 24, ""2014"": 36}",3.0,5.0,5.0,"landsat7,landsat8",
LT0553,282582.99999999744,5163112.000000002,-71.6961074230184,-43.6531986477599,2015,2013.0,2015.0,57_1033,63.0,81.0,23.0,4.4875,0.2770247933884298,"{""2013"": 25, ""2014"": 21, ""2015"": 35}",3.0,5.0,5.0,"landsat7,landsat8",
LT0555,284264.0000000001,5164952.000000003,-71.67454957099,-43.6371388150359,2015,2013.0,2015.0,57_1033,78.0,85.0,16.0,4.214285714285714,0.312396694214876,"{""2013"": 23, ""2014"": 27, ""2015"": 35}",3.0,5.0,5.0,"landsat7,landsat8",
LT0566,284035.00000000186,5209341.999999998,-71.6598262124818,-43.2378013602074,2018,2016.0,2018.0,57_1042,56.0,74.0,23.0,4.890410958904109,0.2333333333333333,"{""2016"": 33, ""2017"": 17, ""2018"": 24}",3.0,5.0,5.0,"landsat7,landsat8",
LT1164,284973.0000000027,5614948.000000001,-71.5039419389034,-39.588232842096,2013,2011.0,2013.0,57_1123,53.0,62.0,71.0,5.950819672131147,0.3348717948717948,"{""2011"": 17, ""2012"": 14, ""2013"": 31}",3.0,5.0,5.0,"landsat5,landsat7,landsat8",
LT1210,285863.0000000041,5631975.999999998,-71.4881101912766,-39.4351690910195,2017,2015.0,2017.0,57_1126,101.0,116.0,25.0,3.165217391304348,0.38890625,"{""2015"": 41, ""2016"": 40, ""2017"": 35}",3.0,5.0,5.0,"landsat7,landsat8",
LT1227,287419.99999999907,5638133.0,-71.4680789670748,-39.3801271610357,2016,2014.0,2016.0,57_1128,108.0,117.0,43.0,3.112068965517241,0.4272,"{""2014"": 36, ""2015"": 40, ""2016"": 41}",3.0,5.0,5.0,"landsat7,landsat8",
LT1234,283174.00000000384,5645119.0,-71.5150746672551,-39.316182689294,2016,2014.0,2016.0,57_1129,90.0,108.0,43.0,3.364485981308411,0.36384,"{""2014"": 33, ""2015"": 38, ""2016"": 37}",3.0,5.0,5.0,"landsat7,landsat8",
LT1237,287217.9999999959,5647577.999999995,-71.4674294496655,-39.2950492751298,2014,2012.0,2014.0,57_1130,68.0,80.0,24.0,4.544303797468355,0.3732608695652173,"{""2012"": 18, ""2013"": 26, ""2014"": 36}",3.0,5.0,5.0,"landsat7,landsat8",
LT1251,285166.99999999563,5658015.999999997,-71.4878677125965,-39.2005754029674,2017,2015.0,2017.0,57_1132,77.0,91.0,40.0,4.044444444444444,0.29484375,"{""2015"": 32, ""2016"": 30, ""2017"": 29}",3.0,5.0,5.0,"landsat7,landsat8",
LT1254,285047.9999999989,5658992.000000001,-71.4889343604629,-39.1917595054681,2017,2015.0,2017.0,57_1132,70.0,85.0,46.0,4.333333333333333,0.27578125,"{""2015"": 29, ""2016"": 31, ""2017"": 25}",3.0,5.0,5.0,"landsat7,landsat8",
LT1264,285758.00000000384,5662840.999999995,-71.4795024383644,-39.1572836809297,2014,2012.0,2014.0,57_1133,72.0,82.0,15.0,4.432098765432099,0.4017391304347826,"{""2012"": 20, ""2013"": 32, ""2014"": 30}",3.0,5.0,5.0,"landsat7,landsat8",
LT1271,282565.0000000036,5665812.000000006,-71.5154704786194,-39.1297456221465,2014,2012.0,2014.0,57_1133,70.0,84.0,18.0,4.325301204819277,0.3665217391304348,"{""2012"": 23, ""2013"": 28, ""2014"": 33}",3.0,5.0,5.0,"landsat7,landsat8",
LT1276,287406.0000000034,5669172.000000001,-71.4584624329366,-39.1006908488761,2016,2014.0,2016.0,57_1134,106.0,116.0,38.0,3.130434782608696,0.41904,"{""2014"": 33, ""2015"": 40, ""2016"": 43}",3.0,5.0,5.0,"landsat7,landsat8",
LT1282,285987.9999999965,5676182.000000002,-71.4726417974816,-39.0372341578932,2017,2015.0,2017.0,57_1135,106.0,119.0,32.0,3.0847457627118646,0.4109375,"{""2015"": 41, ""2016"": 40, ""2017"": 38}",3.0,5.0,5.0,"landsat7,landsat8",
LT1328,285798.9999999964,5708199.000000004,-71.4648343234044,-38.7489346170008,2016,2014.0,2016.0,57_1142,105.0,118.0,32.0,3.0854700854700856,0.4144,"{""2014"": 33, ""2015"": 42, ""2016"": 43}",3.0,5.0,5.0,"landsat7,landsat8",
LT1335,286488.9999999989,5713190.999999999,-71.4553615271502,-38.7041563516382,2016,2014.0,2016.0,57_1143,94.0,107.0,48.0,3.4056603773584904,0.37648,"{""2014"": 31, ""2015"": 39, ""2016"": 37}",3.0,5.0,5.0,"landsat7,landsat8",
LT1363,286422.0000000012,5727217.999999997,-71.4518219969186,-38.5778462935208,2013,2011.0,2013.0,57_1145,61.0,76.0,41.0,4.84,0.3921052631578947,"{""2011"": 24, ""2012"": 21, ""2013"": 31}",3.0,5.0,5.0,"landsat5,landsat7,landsat8",
LT1358,286612.9999999962,5723228.999999996,-71.4508528862821,-38.6138080383956,2014,2012.0,2014.0,57_1145,74.0,88.0,33.0,4.160919540229885,0.4015300546448087,"{""2012"": 21, ""2013"": 33, ""2014"": 34}",3.0,5.0,5.0,"landsat7,landsat8",
LT1357,285837.0000000006,5723163.000000005,-71.4597783182813,-38.6142153119593,2017,2015.0,2017.0,57_1145,98.0,112.0,32.0,3.279279279279279,0.3821875,"{""2015"": 38, ""2016"": 34, ""2017"": 40}",3.0,5.0,5.0,"landsat7,landsat8",
LT1373,283439.9999999989,5729059.000000001,-71.4854534954648,-38.5605489233711,2013,2011.0,2013.0,57_1146,65.0,80.0,32.0,4.594936708860759,0.4328947368421053,"{""2011"": 24, ""2012"": 21, ""2013"": 35}",3.0,5.0,5.0,"landsat5,landsat7,landsat8",
LT1383,286244.9999999985,5732201.999999998,-71.4523262337535,-38.5329289574569,2013,2011.0,2013.0,57_1146,51.0,71.0,33.0,5.142857142857143,0.365,"{""2011"": 20, ""2012"": 22, ""2013"": 29}",3.0,5.0,5.0,"landsat5,landsat7,landsat8",
LT1397,286044.9999999999,5735200.000000006,-71.4537016858932,-38.5058874576623,2015,2013.0,2015.0,57_1147,75.0,91.0,46.0,4.011111111111111,0.3229824561403508,"{""2013"": 26, ""2014"": 29, ""2015"": 36}",3.0,5.0,5.0,"landsat7,landsat8",
LT1393,287113.0000000013,5734263.999999999,-71.4417486405569,-38.5145710302259,2016,2014.0,2016.0,57_1147,96.0,117.0,40.0,3.112068965517241,0.3952,"{""2014"": 36, ""2015"": 40, ""2016"": 41}",3.0,5.0,5.0,"landsat7,landsat8",
LT1404,283845.0000000021,5738162.999999999,-71.4779957074015,-38.4786783387212,2015,2013.0,2015.0,57_1148,91.0,109.0,23.0,3.342592592592593,0.3985964912280701,"{""2013"": 34, ""2014"": 34, ""2015"": 41}",3.0,5.0,5.0,"landsat7,landsat8",
LT1412,284534.9999999997,5743059.000000006,-71.4685887621969,-38.434762721963,2013,2011.0,2013.0,57_1149,59.0,69.0,32.0,5.338235294117647,0.3653503184713376,"{""2011"": 20, ""2012"": 20, ""2013"": 29}",3.0,5.0,5.0,"landsat5,landsat7,landsat8",
LT1420,286216.9999999992,5747228.000000002,-71.448066585873,-38.3976292903409,2013,2011.0,2013.0,57_1149,65.0,78.0,55.0,4.714285714285714,0.4078980891719745,"{""2011"": 23, ""2012"": 21, ""2013"": 34}",3.0,5.0,5.0,"landsat5,landsat7,landsat8",
LT1445,283487.9999999991,5759065.000000003,-71.4756574164565,-38.2903931660679,2013,2011.0,2013.0,57_1152,60.0,79.0,24.0,4.653846153846154,0.3760493827160494,"{""2011"": 23, ""2012"": 20, ""2013"": 36}",3.0,5.0,5.0,"landsat5,landsat7,landsat8",
LT1452,283230.00000000285,5762982.000000003,-71.4774056628284,-38.2550621020358,2013,2011.0,2013.0,57_1153,64.0,79.0,24.0,4.653846153846154,0.4004938271604938,"{""2011"": 27, ""2012"": 21, ""2013"": 31}",3.0,5.0,5.0,"landsat5,landsat7,landsat8",
LT1453,287216.0000000035,5763334.999999999,-71.4317830215995,-38.2528361957933,2013,2011.0,2013.0,57_1153,59.0,74.0,17.0,4.972602739726027,0.3659259259259259,"{""2011"": 25, ""2012"": 21, ""2013"": 28}",3.0,5.0,5.0,"landsat5,landsat7,landsat8",
LT1455,283035.99999999866,5764136.000000004,-71.4792676896761,-38.2446246053364,2013,2011.0,2013.0,57_1153,62.0,82.0,27.0,4.444444444444445,0.3920987654320987,"{""2011"": 23, ""2012"": 20, ""2013"": 39}",3.0,5.0,5.0,"landsat5,landsat7,landsat8",
LT1462,285030.99999999604,5766164.000000005,-71.4558754588235,-38.2268432672453,2013,2011.0,2013.0,57_1153,80.0,94.0,16.0,3.903225806451613,0.4812345679012346,"{""2011"": 29, ""2012"": 26, ""2013"": 39}",3.0,5.0,5.0,"landsat5,landsat7,landsat8",
LT1458,283104.0000000044,5765048.999999996,-71.4782120740296,-38.2364202897635,2014,2012.0,2014.0,57_1153,71.0,82.0,78.0,4.444444444444445,0.3464646464646465,"{""2012"": 19, ""2013"": 31, ""2014"": 32}",3.0,5.0,5.0,"landsat7,landsat8",
LT1461,286030.9999999999,5766047.999999998,-71.4444957389391,-38.2281261793441,2016,2014.0,2016.0,57_1153,114.0,126.0,22.0,2.856,0.4215151515151515,"{""2014"": 34, ""2015"": 44, ""2016"": 48}",3.0,5.0,5.0,"landsat7,landsat8",
LT1473,283770.0000000036,5770091.000000005,-71.4690736723228,-38.1911816120416,2016,2014.0,2016.0,57_1154,93.0,111.0,24.0,3.2818181818181817,0.363206106870229,"{""2014"": 31, ""2015"": 41, ""2016"": 39}",3.0,5.0,5.0,"landsat7,landsat8",
LT1474,284774.999999997,5770165.000000001,-71.4575852058425,-38.1907559947407,2017,2015.0,2017.0,57_1154,117.0,126.0,41.0,2.888,0.4364885496183206,"{""2015"": 46, ""2016"": 45, ""2017"": 35}",3.0,5.0,5.0,"landsat7,landsat8",
LT1490,284073.0000000034,5781133.000000005,-71.4622710277789,-38.0918285030696,2017,2015.0,2017.0,57_1156,111.0,129.0,21.0,2.8359375,0.4186973180076628,"{""2015"": 43, ""2016"": 44, ""2017"": 42}",3.0,5.0,5.0,"landsat7,landsat8",
LT1507,285671.0,5787248.000000002,-71.4422318124187,-38.0371457661852,2014,2012.0,2014.0,57_1157,76.0,94.0,20.0,3.870967741935484,0.3714285714285714,"{""2012"": 18, ""2013"": 31, ""2014"": 45}",3.0,5.0,5.0,"landsat7,landsat8",
LT1517,283420.0000000014,5791068.999999999,-71.4667053915266,-38.0022041185058,2013,2011.0,2013.0,57_1158,81.0,91.0,20.0,4.033333333333333,0.4749700598802395,"{""2011"": 30, ""2012"": 25, ""2013"": 36}",3.0,5.0,5.0,"landsat5,landsat7,landsat8",
LT1522,285283.0000000025,5793237.000000007,-71.4448564774368,-37.9831249967378,2013,2011.0,2013.0,57_1159,62.0,81.0,19.0,4.5,0.3662275449101796,"{""2011"": 28, ""2012"": 20, ""2013"": 33}",3.0,5.0,5.0,"landsat5,landsat7,landsat8",
LT1544,283644.0000000044,5803147.000000006,-71.4605244387291,-37.8934995876378,2017,2015.0,2017.0,57_1161,79.0,99.0,56.0,3.7142857142857135,0.306,"{""2015"": 34, ""2016"": 39, ""2017"": 26}",3.0,5.0,5.0,"landsat7,landsat8",
LT1627,283392.9999999993,5854252.000000003,-71.4482058918676,-37.4332334109803,2013,2011.0,2013.0,57_1171,68.0,83.0,20.0,4.390243902439025,0.4120245398773006,"{""2011"": 29, ""2012"": 22, ""2013"": 32}",3.0,5.0,5.0,"landsat5,landsat7,landsat8",
LT1629,285207.99999999604,5857337.000000004,-71.4268114921328,-37.4058738915167,2013,2011.0,2013.0,57_1171,70.0,87.0,16.0,4.186046511627907,0.4375460122699386,"{""2011"": 26, ""2012"": 24, ""2013"": 37}",3.0,5.0,5.0,"landsat5,landsat7,landsat8",
LT1628,286299.0000000037,5855375.000000001,-71.4150625363843,-37.4237955227626,2019,2017.0,2019.0,57_1171,108.0,126.0,24.0,2.912,0.4053125,"{""2017"": 36, ""2018"": 50, ""2019"": 40}",3.0,5.0,5.0,"landsat7,landsat8",
LT1636,282864.9999999987,5862179.000000002,-71.4518405938711,-37.3617227593055,2013,2011.0,2013.0,57_1172,81.0,92.0,16.0,3.956043956043956,0.4863803680981595,"{""2011"": 29, ""2012"": 28, ""2013"": 35}",3.0,5.0,5.0,"landsat5,landsat7,landsat8",
LT1649,283299.99999999884,5871211.999999997,-71.4442951902155,-37.2804758914311,2013,2011.0,2013.0,57_1174,63.0,80.0,16.0,4.594936708860759,0.4109090909090909,"{""2011"": 27, ""2012"": 23, ""2013"": 30}",3.0,5.0,5.0,"landsat5,landsat7,landsat8",
LT1653,284030.9999999992,5875263.0,-71.4348811364487,-37.2441630617894,2013,2011.0,2013.0,57_1175,76.0,89.0,16.0,4.125,0.4920261437908497,"{""2011"": 29, ""2012"": 28, ""2013"": 32}",3.0,5.0,5.0,"landsat5,landsat7,landsat8",
LT1662,282943.9999999982,5892222.0,-71.4422034588882,-37.0911786211755,2013,2011.0,2013.0,57_1178,53.0,57.0,19.0,6.482142857142857,0.6323809523809524,"{""2011"": 19, ""2012"": 16, ""2013"": 22}",3.0,5.0,5.0,"landsat5,landsat7,landsat8",
LT1661,284019.0000000005,5891291.999999998,-71.4303856981203,-37.0998027572625,2014,2012.0,2014.0,57_1178,57.0,70.0,30.0,5.202898550724638,0.5566355140186916,"{""2012"": 18, ""2013"": 23, ""2014"": 29}",3.0,5.0,5.0,"landsat7,landsat8",
LT1666,285892.9999999999,5893410.000000001,-71.408710923505,-37.0811576416687,2013,2011.0,2013.0,57_1179,52.0,68.0,30.0,5.417910447761194,0.3988235294117647,"{""2011"": 21, ""2012"": 22, ""2013"": 25}",3.0,5.0,5.0,"landsat5,landsat7,landsat8",
LT1673,286761.999999995,5895465.000000001,-71.3983592148982,-37.0628475897236,2013,2011.0,2013.0,57_1179,68.0,78.0,19.0,4.714285714285714,0.5011764705882353,"{""2011"": 24, ""2012"": 25, ""2013"": 29}",3.0,5.0,5.0,"landsat5,landsat7,landsat8",
LT1676,285700.9999999952,5896402.000000004,-71.4100159646975,-37.0541668281316,2013,2011.0,2013.0,57_1179,50.0,65.0,19.0,5.671875,0.3667647058823529,"{""2011"": 23, ""2012"": 18, ""2013"": 24}",3.0,5.0,5.0,"landsat5,landsat7,landsat8",
LT1672,285762.0000000023,5895349.999999994,-71.4096302912447,-37.0636554377499,2017,2015.0,2017.0,57_1179,73.0,93.0,24.0,3.9565217391304346,0.4692024539877301,"{""2015"": 32, ""2016"": 34, ""2017"": 27}",3.0,5.0,5.0,"landsat7,landsat8",
LT1691,284769.00000000274,5911374.000000005,-71.4162178053792,-36.9191096743026,2017,2015.0,2017.0,57_1182,65.0,73.0,40.0,5.0,0.4904615384615384,"{""2015"": 25, ""2016"": 28, ""2017"": 20}",3.0,5.0,5.0,"landsat7,landsat8",
LT1715,283997.00000000035,5944975.999999996,-71.415360832021,-36.6162893104167,2015,2013.0,2015.0,57_1189,81.0,86.0,13.0,4.235294117647059,0.6662295081967213,"{""2013"": 24, ""2014"": 32, ""2015"": 30}",3.0,5.0,5.0,"landsat7,landsat8",
LT1743,283399.9999999967,5981368.000000004,-71.4118554434306,-36.2883631356546,2012,2010.0,2012.0,57_1196,46.0,53.0,29.0,6.980769230769231,0.6694444444444444,"{""2010"": 21, ""2011"": 19, ""2012"": 13}",3.0,5.0,5.0,"landsat5,landsat7",
LT1751,283939.99999999884,5988407.999999995,-71.4039025719986,-36.2250707778088,2013,2011.0,2013.0,57_1198,57.0,58.0,19.0,6.368421052631579,0.6853658536585366,"{""2011"": 20, ""2012"": 15, ""2013"": 23}",3.0,5.0,5.0,"landsat5,landsat7,landsat8",
LT1768,284768.0000000027,6007477.999999996,-71.3894799949135,-36.0534756565846,2014,2012.0,2014.0,57_1201,62.0,66.0,27.0,5.584615384615384,0.615049504950495,"{""2012"": 14, ""2013"": 24, ""2014"": 28}",3.0,5.0,5.0,"landsat7,landsat8",
LT1769,285764.9999999959,6007542.999999996,-71.3784023915472,-36.0531101860863,2012,2010.0,2012.0,57_1202,49.0,55.0,29.0,6.722222222222222,0.6905555555555556,"{""2010"": 22, ""2011"": 19, ""2012"": 14}",3.0,5.0,5.0,"landsat5,landsat7",
LT1777,283338.99999999814,6014398.999999998,-71.403436938775,-35.9908144479919,2012,2010.0,2012.0,57_1203,50.0,53.0,29.0,6.980769230769231,0.7066666666666667,"{""2010"": 21, ""2011"": 18, ""2012"": 14}",3.0,5.0,5.0,"landsat5,landsat7",
LT1782,283963.9999999958,6020446.0,-71.3948629403029,-35.9364811591196,2012,2010.0,2012.0,57_1204,53.0,54.0,29.0,6.849056603773585,0.7311111111111112,"{""2010"": 20, ""2011"": 18, ""2012"": 16}",3.0,5.0,5.0,"landsat5,landsat7",
LT1788,284675.00000000204,6025529.000000004,-71.3856114224976,-35.8908492612626,2013,2011.0,2013.0,57_1205,52.0,54.0,19.0,6.849056603773585,0.6360975609756098,"{""2011"": 17, ""2012"": 13, ""2013"": 24}",3.0,5.0,5.0,"landsat5,landsat7,landsat8",
LT1796,286214.9999999999,6032596.0,-71.3666685311824,-35.8275242508208,2014,2012.0,2014.0,57_1207,60.0,61.0,19.0,6.05,0.5904950495049505,"{""2012"": 9, ""2013"": 24, ""2014"": 28}",3.0,5.0,5.0,"landsat7,landsat8",
LT1868,285992.0000000028,6133509.000000002,-71.3426980946145,-34.9183260786371,2016,2014.0,2016.0,57_1227,73.0,77.0,19.0,4.776315789473684,0.5912903225806452,"{""2014"": 27, ""2015"": 24, ""2016"": 26}",3.0,5.0,5.0,"landsat7,landsat8",
LT1920,285351.0000000033,6230771.000000003,-71.3252527345273,-34.0417933127701,2013,2011.0,2013.0,57_1246,40.0,53.0,40.0,6.769230769230769,0.4951724137931034,"{""2011"": 16, ""2012"": 17, ""2013"": 20}",3.0,5.0,5.0,"landsat5,landsat7,landsat8",
LT1918,283454.99999999534,6228620.000000006,-71.3463109060607,-34.0607864517233,2014,2012.0,2014.0,57_1246,56.0,59.0,19.0,6.258620689655173,0.5657142857142857,"{""2012"": 16, ""2013"": 20, ""2014"": 23}",3.0,5.0,5.0,"landsat7,landsat8",
LT1929,285196.0000000015,6243657.999999995,-71.3237663758343,-33.9256304297966,2013,2011.0,2013.0,57_1249,44.0,51.0,26.0,7.1,0.5077272727272727,"{""2011"": 16, ""2012"": 16, ""2013"": 19}",3.0,5.0,5.0,"landsat5,landsat7,landsat8",
LT1932,283372.0000000051,6247598.000000002,-71.3425121818302,-33.8897513017895,2013,2011.0,2013.0,57_1250,50.0,55.0,18.0,6.722222222222222,0.5351111111111111,"{""2011"": 20, ""2012"": 14, ""2013"": 21}",3.0,5.0,5.0,"landsat5,landsat7,landsat8",
LT1953,286845.99999999674,6307980.999999995,-71.2905227901211,-33.3462757778421,2014,2012.0,2014.0,57_1262,93.0,105.0,13.0,3.5,0.5410285714285714,"{""2012"": 23, ""2013"": 36, ""2014"": 46}",3.0,5.0,5.0,"landsat7,landsat8",
LT1968,284047.99999999616,6321744.999999996,-71.3172861344465,-33.2216688676574,2012,2010.0,2012.0,57_1264,78.0,90.0,20.0,4.078651685393258,0.5795555555555556,"{""2010"": 36, ""2011"": 31, ""2012"": 23}",3.0,5.0,5.0,"landsat5,landsat7",
LT1966,283106.0000000011,6320637.0,-71.3276517144157,-33.2314661727387,2014,2012.0,2014.0,57_1264,99.0,107.0,17.0,3.4339622641509435,0.5481564245810056,"{""2012"": 22, ""2013"": 36, ""2014"": 49}",3.0,5.0,5.0,"landsat7,landsat8",
LT1967,283029.9999999961,6321684.999999996,-71.328216358429,-33.2220057299882,2014,2012.0,2014.0,57_1264,93.0,108.0,11.0,3.4018691588785046,0.5267039106145252,"{""2012"": 24, ""2013"": 37, ""2014"": 47}",3.0,5.0,5.0,"landsat7,landsat8",
LT1970,282899.9999999988,6324664.999999995,-71.3288985781664,-33.1951220787291,2013,2011.0,2013.0,57_1265,83.0,96.0,13.0,3.831578947368421,0.5524832214765101,"{""2011"": 31, ""2012"": 23, ""2013"": 42}",3.0,5.0,5.0,"landsat5,landsat7,landsat8",
LT1975,284538.9999999945,6330772.000000006,-71.3098842801229,-33.1404087218857,2014,2012.0,2014.0,57_1266,92.0,103.0,22.0,3.5686274509803924,0.5191061452513966,"{""2012"": 22, ""2013"": 35, ""2014"": 46}",3.0,5.0,5.0,"landsat7,landsat8",
LT1977,285476.99999999924,6331761.000000002,-71.2996027672071,-33.131680995178,2014,2012.0,2014.0,57_1266,98.0,112.0,11.0,3.2612612612612613,0.5508379888268157,"{""2012"": 25, ""2013"": 38, ""2014"": 49}",3.0,5.0,5.0,"landsat7,landsat8",
LT1978,286465.9999999983,6331851.000000003,-71.2889873717693,-33.131065023138,2014,2012.0,2014.0,57_1266,103.0,116.0,13.0,3.165217391304348,0.5805586592178771,"{""2012"": 26, ""2013"": 39, ""2014"": 51}",3.0,5.0,5.0,"landsat7,landsat8",
LT1979,287463.9999999976,6331944.999999994,-71.2782747289509,-33.1304138508808,2014,2012.0,2014.0,57_1266,99.0,111.0,9.0,3.309090909090909,0.5515083798882682,"{""2012"": 23, ""2013"": 39, ""2014"": 49}",3.0,5.0,5.0,"landsat7,landsat8",
LT1996,284903.00000000105,6376832.000000002,-71.2952322833948,-32.7253339263935,2014,2012.0,2014.0,57_1275,98.0,115.0,16.0,3.192982456140351,0.5398918918918919,"{""2012"": 27, ""2013"": 37, ""2014"": 51}",3.0,5.0,5.0,"landsat7,landsat8",
LT0065,285802.5769989423,4229377.63615726,-72.1236043324682,-52.0447600491488,2016,2014.0,2016.0,57_846,57.0,63.0,100.0,5.806451612903226,0.2932631578947368,"{""2014"": 19, ""2015"": 21, ""2016"": 23}",3.0,5.0,5.0,"landsat7,landsat8",
LT0076,283655.0105713731,4243257.153191966,-72.1461207092711,-51.9193245468244,2018,2016.0,2018.0,57_849,61.0,70.0,105.0,5.217391304347826,0.3324867724867725,"{""2016"": 28, ""2017"": 20, ""2018"": 22}",3.0,5.0,5.0,"landsat7,landsat8",
LT0075,286741.4949501674,4242519.794142909,-72.1017648258764,-51.9271348074048,2019,2017.0,2019.0,57_849,43.0,50.0,102.0,7.36734693877551,0.2327659574468085,"{""2017"": 17, ""2018"": 16, ""2019"": 17}",3.0,5.0,5.0,"landsat7,landsat8",
LT0269,283943.9999999974,4897293.999999995,-71.7924995956894,-46.0438030064757,2013,2011.0,2013.0,57_979,22.0,28.0,77.0,12.925925925925926,0.3451428571428571,"{""2011"": 8, ""2012"": 7, ""2013"": 13}",3.0,5.0,5.0,"landsat5,landsat7,landsat8",
LT0290,283372.99999999977,4918340.000000007,-71.7903534633651,-45.8544252933309,2015,2013.0,2015.0,57_984,58.0,60.0,37.0,6.0,0.5441509433962264,"{""2013"": 21, ""2014"": 18, ""2015"": 21}",3.0,5.0,5.0,"landsat7,landsat8",
LT0370,283198.9999999984,4974447.000000003,-71.7676587108705,-45.3499482487733,2015,2013.0,2015.0,57_995,61.0,71.0,28.0,5.114285714285714,0.2794366197183098,"{""2013"": 19, ""2014"": 25, ""2015"": 27}",3.0,5.0,5.0,"landsat7,landsat8",
LT0448,291846.99999999674,5048264.000000005,-71.6268302364299,-44.6887838047974,2013,2011.0,2013.0,58_1010,34.0,41.0,51.0,9.025,0.2267567567567567,"{""2011"": 14, ""2012"": 12, ""2013"": 15}",3.0,5.0,5.0,"landsat5,landsat7,landsat8",
LT0474,289854.9999999989,5061149.999999999,-71.6466666042513,-44.5723208889491,2012,2010.0,2012.0,58_1012,28.0,36.0,60.0,10.4,0.22624,"{""2010"": 9, ""2011"": 15, ""2012"": 12}",3.0,5.0,5.0,"landsat5,landsat7",
LT1252,291149.99999999546,5658355.000000003,-71.418535549576,-39.1989819708934,2014,2012.0,2014.0,58_1132,84.0,94.0,15.0,3.838709677419355,0.4601092896174863,"{""2012"": 18, ""2013"": 41, ""2014"": 35}",3.0,5.0,5.0,"landsat7,landsat8",
LT1273,289615.9999999979,5666243.000000006,-71.433834839333,-39.1275967045639,2014,2012.0,2014.0,58_1133,78.0,86.0,16.0,4.223529411764706,0.4269565217391304,"{""2012"": 16, ""2013"": 36, ""2014"": 34}",3.0,5.0,5.0,"landsat7,landsat8",
LT1299,288875.9999999984,5692317.000000002,-71.434323326283,-38.8926692346599,2013,2011.0,2013.0,58_1138,59.0,74.0,22.0,4.972602739726027,0.3866666666666666,"{""2011"": 18, ""2012"": 22, ""2013"": 34}",3.0,5.0,5.0,"landsat5,landsat7,landsat8",
LT1297,290946.9999999985,5691409.000000001,-71.4107403915781,-38.9013396997688,2016,2014.0,2016.0,58_1138,82.0,102.0,27.0,3.5643564356435644,0.33056,"{""2014"": 33, ""2015"": 33, ""2016"": 36}",3.0,5.0,5.0,"landsat7,landsat8",
LT1300,291855.9999999999,5692512.000000007,-71.399932178441,-38.8916246437811,2017,2015.0,2017.0,58_1139,77.0,86.0,115.0,4.282352941176471,0.29265625,"{""2015"": 31, ""2016"": 35, ""2017"": 20}",3.0,5.0,5.0,"landsat7,landsat8",
LT1305,290473.99999999814,5698423.000000001,-71.4140522645995,-38.8380761890291,2017,2015.0,2017.0,58_1140,73.0,80.0,114.0,4.594936708860759,0.28765625,"{""2015"": 29, ""2016"": 29, ""2017"": 22}",3.0,5.0,5.0,"landsat7,landsat8",
LT1329,289808.999999998,5708401.0,-71.4186679931742,-38.7480795277979,2016,2014.0,2016.0,58_1142,104.0,116.0,51.0,3.165217391304348,0.41328,"{""2014"": 38, ""2015"": 42, ""2016"": 36}",3.0,5.0,5.0,"landsat7,landsat8",
LT1340,292392.0000000017,5715585.000000001,-71.3868161217287,-38.6840062134379,2015,2013.0,2015.0,58_1143,85.0,99.0,31.0,3.7142857142857135,0.3622707423580786,"{""2013"": 27, ""2014"": 34, ""2015"": 38}",3.0,5.0,5.0,"landsat7,landsat8",
LT1347,290021.00000000244,5720433.0,-71.412586740498,-38.6397961159093,2013,2011.0,2013.0,58_1144,61.0,77.0,46.0,4.776315789473684,0.3952631578947368,"{""2011"": 20, ""2012"": 24, ""2013"": 33}",3.0,5.0,5.0,"landsat5,landsat7,landsat8",
LT1378,291362.9999999987,5730456.000000007,-71.394178973917,-38.549865029454,2015,2013.0,2015.0,58_1146,90.0,110.0,25.0,3.311926605504587,0.3935087719298246,"{""2013"": 31, ""2014"": 34, ""2015"": 45}",3.0,5.0,5.0,"landsat7,landsat8",
LT1384,288248.0000000012,5732286.000000004,-71.4293404010672,-38.5326515402607,2017,2015.0,2017.0,58_1146,101.0,111.0,46.0,3.3,0.4015625,"{""2015"": 43, ""2016"": 40, ""2017"": 28}",3.0,5.0,5.0,"landsat7,landsat8",
LT1403,289969.9999999992,5736449.999999996,-71.4083507493775,-38.4955664915988,2013,2011.0,2013.0,58_1147,55.0,72.0,41.0,5.112676056338028,0.3818421052631578,"{""2011"": 21, ""2012"": 22, ""2013"": 29}",3.0,5.0,5.0,"landsat5,landsat7,landsat8",
LT1406,290775.9999999963,5739510.000000001,-71.398202409067,-38.4682031425451,2013,2011.0,2013.0,58_1148,63.0,75.0,27.0,4.905405405405405,0.3941025641025641,"{""2011"": 22, ""2012"": 16, ""2013"": 37}",3.0,5.0,5.0,"landsat5,landsat7,landsat8",
LT1405,288847.00000000454,5738353.000000001,-71.4206436280272,-38.4781662896872,2014,2012.0,2014.0,58_1148,78.0,90.0,19.0,4.033707865168539,0.4154347826086956,"{""2012"": 23, ""2013"": 31, ""2014"": 36}",3.0,5.0,5.0,"landsat7,landsat8",
LT1413,290515.9999999982,5743499.000000007,-71.399989502662,-38.4322240460109,2013,2011.0,2013.0,58_1149,57.0,73.0,55.0,5.041666666666667,0.3702564102564102,"{""2011"": 23, ""2012"": 17, ""2013"": 33}",3.0,5.0,5.0,"landsat5,landsat7,landsat8",
LT1464,288084.9999999958,5767477.0,-71.4206225448896,-38.2157449915503,2016,2014.0,2016.0,58_1153,91.0,111.0,16.0,3.2818181818181817,0.3577272727272727,"{""2014"": 31, ""2015"": 39, ""2016"": 41}",3.0,5.0,5.0,"landsat7,landsat8",
LT1508,287735.0000000027,5787379.999999996,-71.4186932762469,-38.0364432233411,2013,2011.0,2013.0,58_1157,72.0,83.0,23.0,4.426829268292683,0.4244311377245509,"{""2011"": 28, ""2012"": 22, ""2013"": 33}",3.0,5.0,5.0,"landsat5,landsat7,landsat8",
LT1510,287571.9999999993,5788345.000000004,-71.4202629785065,-38.0277153860864,2016,2014.0,2016.0,58_1158,115.0,132.0,23.0,2.7709923664122136,0.447148288973384,"{""2014"": 42, ""2015"": 45, ""2016"": 45}",3.0,5.0,5.0,"landsat7,landsat8",
LT1513,288554.00000000244,5789460.000000005,-71.4087549574657,-38.0179046628466,2016,2014.0,2016.0,58_1158,90.0,111.0,62.0,3.2818181818181817,0.3458555133079848,"{""2014"": 31, ""2015"": 37, ""2016"": 43}",3.0,5.0,5.0,"landsat7,landsat8",
LT1523,290272.0000000015,5793541.999999994,-71.3880065807814,-37.9815452447079,2013,2011.0,2013.0,58_1159,58.0,78.0,19.0,4.714285714285714,0.3498795180722892,"{""2011"": 20, ""2012"": 21, ""2013"": 37}",3.0,5.0,5.0,"landsat5,landsat7,landsat8",
LT1528,290086.0,5796553.999999998,-71.3892430727332,-37.9543789055463,2016,2014.0,2016.0,58_1159,91.0,110.0,62.0,3.311926605504587,0.3481992337164751,"{""2014"": 30, ""2015"": 39, ""2016"": 41}",3.0,5.0,5.0,"landsat7,landsat8",
LT1538,291813.00000000023,5800669.999999994,-71.3684115669522,-37.9177106474573,2013,2011.0,2013.0,58_1160,57.0,62.0,144.0,5.950819672131147,0.3434146341463415,"{""2011"": 21, ""2012"": 20, ""2013"": 21}",3.0,5.0,5.0,"landsat5,landsat7,landsat8",
LT1542,291726.9999999955,5802602.999999996,-71.3688306791555,-37.9002836830682,2013,2011.0,2013.0,58_1161,74.0,85.0,16.0,4.321428571428571,0.4341463414634146,"{""2011"": 30, ""2012"": 24, ""2013"": 31}",3.0,5.0,5.0,"landsat5,landsat7,landsat8",
LT1547,290556.0000000019,5804587.000000001,-71.3815627686791,-37.8821485228301,2013,2011.0,2013.0,58_1161,55.0,64.0,135.0,5.761904761904762,0.3270731707317073,"{""2011"": 19, ""2012"": 17, ""2013"": 28}",3.0,5.0,5.0,"landsat5,landsat7,landsat8",
LT1551,288500.9999999993,5805464.000000002,-71.4046541798919,-37.8737761081962,2013,2011.0,2013.0,58_1161,32.0,41.0,163.0,9.0,0.1890243902439024,"{""2011"": 13, ""2012"": 11, ""2013"": 17}",3.0,5.0,5.0,"landsat5,landsat7,landsat8",
LT1550,287508.00000000314,5805389.0,-71.415957030482,-37.8742204106422,2019,2017.0,2019.0,58_1161,64.0,81.0,122.0,4.55,0.2609375,"{""2017"": 21, ""2018"": 31, ""2019"": 29}",3.0,5.0,5.0,"landsat7,landsat8",
LT1640,287728.0000000024,5864479.999999997,-71.3963139127574,-37.342125246504,2017,2015.0,2017.0,58_1173,88.0,103.0,72.0,3.5686274509803924,0.3371428571428571,"{""2015"": 34, ""2016"": 43, ""2017"": 26}",3.0,5.0,5.0,"landsat7,landsat8",
LT1669,288822.99999999674,5894596.999999999,-71.3754406022017,-37.0711315930003,2013,2011.0,2013.0,58_1179,84.0,97.0,16.0,3.78125,0.5123926380368098,"{""2011"": 34, ""2012"": 28, ""2013"": 35}",3.0,5.0,5.0,"landsat5,landsat7,landsat8",
LT1670,289863.99999999773,5894661.999999996,-71.3637217528445,-37.0707800405486,2013,2011.0,2013.0,58_1179,75.0,103.0,17.0,3.5588235294117645,0.4795092024539877,"{""2011"": 35, ""2012"": 28, ""2013"": 40}",3.0,5.0,5.0,"landsat5,landsat7,landsat8",
LT1674,290756.9999999999,5895710.999999994,-71.3533924789605,-37.0615317127571,2013,2011.0,2013.0,58_1179,72.0,94.0,16.0,3.903225806451613,0.452760736196319,"{""2011"": 30, ""2012"": 25, ""2013"": 39}",3.0,5.0,5.0,"landsat5,landsat7,landsat8",
LT1750,289059.0000000035,5986722.000000006,-71.3474459190389,-36.2413887021227,2012,2010.0,2012.0,58_1197,54.0,56.0,29.0,6.6,0.745,"{""2010"": 22, ""2011"": 20, ""2012"": 14}",3.0,5.0,5.0,"landsat5,landsat7",
LT1752,289929.0000000012,5988772.000000004,-71.337221508543,-36.2231116955585,2013,2011.0,2013.0,58_1198,51.0,56.0,19.0,6.545454545454546,0.6053658536585366,"{""2011"": 18, ""2012"": 13, ""2013"": 25}",3.0,5.0,5.0,"landsat5,landsat7,landsat8",
LT1754,287811.99999999884,5990647.999999999,-71.3602491553868,-36.2057505208686,2013,2011.0,2013.0,58_1198,54.0,56.0,19.0,6.6,0.6458536585365854,"{""2011"": 17, ""2012"": 14, ""2013"": 25}",3.0,5.0,5.0,"landsat5,landsat7,landsat8",
LT1756,291432.00000000163,5996877.000000004,-71.3183578293186,-36.1504251732289,2012,2010.0,2012.0,58_1199,45.0,52.0,29.0,7.0588235294117645,0.6294444444444445,"{""2010"": 21, ""2011"": 18, ""2012"": 13}",3.0,5.0,5.0,"landsat5,landsat7",
LT1765,291847.9999999985,6003927.0,-71.3118736014289,-36.0870053637658,2015,2013.0,2015.0,58_1201,68.0,77.0,16.0,4.776315789473684,0.5698360655737705,"{""2013"": 23, ""2014"": 28, ""2015"": 26}",3.0,5.0,5.0,"landsat7,landsat8",
LT1770,289696.9999999966,6008794.000000002,-71.3344499315126,-36.0426986224894,2012,2010.0,2012.0,58_1202,45.0,50.0,29.0,7.346938775510204,0.6266666666666667,"{""2010"": 21, ""2011"": 16, ""2012"": 13}",3.0,5.0,5.0,"landsat5,landsat7",
LT1789,290652.99999999866,6025863.000000005,-71.3193420583815,-35.8891373830458,2013,2011.0,2013.0,58_1205,49.0,53.0,19.0,6.923076923076923,0.5848780487804878,"{""2011"": 17, ""2012"": 11, ""2013"": 25}",3.0,5.0,5.0,"landsat5,landsat7,landsat8",
LT1921,292299.9999999989,6231107.0,-71.2499473049833,-34.0401657564441,2014,2012.0,2014.0,58_1246,57.0,63.0,21.0,5.854838709677419,0.5816326530612245,"{""2012"": 13, ""2013"": 23, ""2014"": 27}",3.0,5.0,5.0,"landsat7,landsat8",
LT1925,290994.9999999998,6236081.999999997,-71.2628837218731,-33.9950724133967,2013,2011.0,2013.0,58_1247,45.0,54.0,24.0,6.849056603773585,0.5163218390804598,"{""2011"": 17, ""2012"": 15, ""2013"": 22}",3.0,5.0,5.0,"landsat5,landsat7,landsat8",
LT1948,287940.00000000093,6288950.000000004,-71.2832642700196,-33.518010431005,2015,2013.0,2015.0,58_1258,76.0,88.0,22.0,4.172413793103448,0.4767901234567901,"{""2013"": 24, ""2014"": 30, ""2015"": 34}",3.0,5.0,5.0,"landsat7,landsat8",
LT1964,288207.0000000028,6318983.000000006,-71.2733329522448,-33.2473856037677,2011,2009.0,2011.0,58_1264,89.0,100.0,38.0,3.646464646464647,0.5927027027027028,"{""2009"": 37, ""2010"": 34, ""2011"": 29}",3.0,5.0,5.0,"landsat5,landsat7",
LT1969,287980.99999999546,6322966.000000005,-71.2748270920133,-33.211442822797,2013,2011.0,2013.0,58_1265,84.0,99.0,13.0,3.7142857142857135,0.5589261744966443,"{""2011"": 29, ""2012"": 25, ""2013"": 45}",3.0,5.0,5.0,"landsat5,landsat7,landsat8",
LT1976,288515.9999999994,6331006.999999996,-71.2672229718008,-33.1390738003698,2013,2011.0,2013.0,58_1266,85.0,96.0,18.0,3.831578947368421,0.5642953020134228,"{""2011"": 35, ""2012"": 23, ""2013"": 38}",3.0,5.0,5.0,"landsat5,landsat7,landsat8",
LT1980,291455.9999999999,6332123.000000002,-71.235470438672,-33.129584506848,2013,2011.0,2013.0,58_1266,83.0,92.0,15.0,4.0,0.5481879194630872,"{""2011"": 29, ""2012"": 22, ""2013"": 41}",3.0,5.0,5.0,"landsat5,landsat7,landsat8",
LT1990,291308.9999999975,6352179.0,-71.2324786720976,-32.9487827108551,2014,2012.0,2014.0,58_1270,92.0,106.0,13.0,3.466666666666667,0.5233519553072625,"{""2012"": 21, ""2013"": 36, ""2014"": 49}",3.0,5.0,5.0,"landsat7,landsat8",
LT0071,288528.7871335816,4239556.780420363,-72.0776316006222,-51.954418625749,2012,2010.0,2012.0,58_848,19.0,25.0,106.0,13.208333333333334,0.2067368421052631,"{""2010"": 7, ""2011"": 10, ""2012"": 8}",3.0,5.0,5.0,"landsat5,landsat7",
LT0074,288923.9249196263,4240688.24354748,-72.0711952777058,-51.9444103011499,2012,2010.0,2012.0,58_848,19.0,24.0,106.0,13.782608695652174,0.1945263157894736,"{""2010"": 5, ""2011"": 11, ""2012"": 8}",3.0,5.0,5.0,"landsat5,landsat7",
LT0070,290113.6012929407,4238751.601137189,-72.055094480202,-51.9622479337068,2018,2016.0,2018.0,58_848,48.0,55.0,95.0,6.685185185185185,0.2543915343915344,"{""2016"": 25, ""2017"": 14, ""2018"": 16}",3.0,5.0,5.0,"landsat7,landsat8",
LT0072,290933.3234072359,4239844.905933476,-72.042515719826,-51.9527406467854,2018,2016.0,2018.0,58_848,52.0,58.0,95.0,6.368421052631579,0.2789417989417989,"{""2016"": 25, ""2017"": 13, ""2018"": 20}",3.0,5.0,5.0,"landsat7,landsat8",
LT0078,290551.817838324,4244824.555477978,-72.0450289710843,-51.9078881255637,2012,2010.0,2012.0,58_849,23.0,29.0,116.0,12.142857142857142,0.247578947368421,"{""2010"": 9, ""2011"": 10, ""2012"": 10}",3.0,5.0,5.0,"landsat5,landsat7",
LT0080,290806.18366664194,4253882.478558682,-72.0358513073936,-51.8266570386339,2013,2011.0,2013.0,58_851,27.0,33.0,106.0,10.78125,0.2324137931034482,"{""2011"": 9, ""2012"": 10, ""2013"": 14}",3.0,5.0,5.0,"landsat5,landsat7,landsat8",
LT0346,290299.99999999616,4960915.000000001,-71.6828681286627,-45.4737798829852,2018,2016.0,2018.0,58_992,53.0,59.0,62.0,6.068965517241379,0.4055813953488372,"{""2016"": 23, ""2017"": 18, ""2018"": 18}",3.0,5.0,5.0,"landsat7,landsat8",
LT0454,295375.9999999989,5051549.000000005,-71.5810282107896,-44.6602561538616,2014,2012.0,2014.0,59_1010,63.0,73.0,30.0,4.861111111111111,0.3334065934065934,"{""2012"": 13, ""2013"": 20, ""2014"": 40}",3.0,5.0,5.0,"landsat7,landsat8",
LT0475,295843.99999999674,5061372.000000001,-71.5712270135342,-44.5720467847295,2012,2010.0,2012.0,59_1012,39.0,46.0,49.0,8.022222222222222,0.2932258064516129,"{""2010"": 10, ""2011"": 19, ""2012"": 17}",3.0,5.0,5.0,"landsat5,landsat7",
LT0480,296757.0000000028,5062663.000000006,-71.5592302831026,-44.5606942272019,2012,2010.0,2012.0,59_1013,45.0,50.0,32.0,7.36734693877551,0.3448387096774193,"{""2010"": 14, ""2011"": 20, ""2012"": 16}",3.0,5.0,5.0,"landsat5,landsat7",
LT0481,295690.00000000163,5063584.9999999935,-71.5722868925089,-44.5521004360899,2012,2010.0,2012.0,59_1013,29.0,40.0,45.0,9.256410256410255,0.2454838709677419,"{""2010"": 12, ""2011"": 16, ""2012"": 12}",3.0,5.0,5.0,"landsat5,landsat7",
LT1301,295713.9999999958,5694764.999999997,-71.3548141245268,-38.872244429474,2015,2013.0,2015.0,59_1139,82.0,89.0,144.0,4.136363636363637,0.3552838427947598,"{""2013"": 27, ""2014"": 29, ""2015"": 33}",3.0,5.0,5.0,"landsat7,landsat8",
LT1314,295187.999999998,5702746.000000003,-71.3584983178363,-38.8002615158045,2015,2013.0,2015.0,59_1141,94.0,110.0,39.0,3.311926605504587,0.4120524017467249,"{""2013"": 37, ""2014"": 35, ""2015"": 38}",3.0,5.0,5.0,"landsat7,landsat8",
LT1322,294926.0000000023,5706734.000000001,-71.3603282605858,-38.7642925397504,2015,2013.0,2015.0,59_1141,81.0,87.0,165.0,4.232558139534884,0.348296943231441,"{""2013"": 23, ""2014"": 31, ""2015"": 33}",3.0,5.0,5.0,"landsat7,landsat8",
LT1323,295918.00000000355,5706789.999999998,-71.3489030968218,-38.7640182694653,2017,2015.0,2017.0,59_1141,86.0,99.0,64.0,3.7142857142857135,0.33125,"{""2015"": 32, ""2016"": 38, ""2017"": 29}",3.0,5.0,5.0,"landsat7,landsat8",
LT1398,293031.00000000297,5735557.000000007,-71.3735433065689,-38.5043237107358,2013,2011.0,2013.0,59_1147,74.0,83.0,17.0,4.426829268292683,0.4697368421052632,"{""2011"": 22, ""2012"": 24, ""2013"": 37}",3.0,5.0,5.0,"landsat5,landsat7,landsat8",
LT1417,295483.9999999966,5744821.999999995,-71.3427322435217,-38.4214624634741,2013,2011.0,2013.0,59_1149,63.0,82.0,19.0,4.481481481481482,0.4119745222929936,"{""2011"": 26, ""2012"": 20, ""2013"": 36}",3.0,5.0,5.0,"landsat5,landsat7,landsat8",
LT1422,293181.9999999963,5748679.999999995,-71.3679465911028,-38.386192901731,2013,2011.0,2013.0,59_1150,57.0,87.0,19.0,4.22093023255814,0.3723456790123456,"{""2011"": 24, ""2012"": 23, ""2013"": 40}",3.0,5.0,5.0,"landsat5,landsat7,landsat8",
LT1430,293854.9999999978,5751706.999999995,-71.3593614435829,-38.3590911414311,2013,2011.0,2013.0,59_1150,48.0,67.0,38.0,5.454545454545454,0.3125925925925926,"{""2011"": 19, ""2012"": 20, ""2013"": 28}",3.0,5.0,5.0,"landsat5,landsat7,landsat8",
LT1436,295718.9999999965,5755805.0,-71.3368577424775,-38.3226164777299,2013,2011.0,2013.0,59_1151,73.0,89.0,27.0,4.125,0.4614814814814815,"{""2011"": 25, ""2012"": 25, ""2013"": 39}",3.0,5.0,5.0,"landsat5,landsat7,landsat8",
LT1438,296717.0000000004,5755920.000000004,-71.3254168088698,-38.3218077656829,2013,2011.0,2013.0,59_1151,68.0,82.0,24.0,4.481481481481482,0.4288888888888889,"{""2011"": 25, ""2012"": 22, ""2013"": 35}",3.0,5.0,5.0,"landsat5,landsat7,landsat8",
LT1434,293790.0000000027,5754728.000000005,-71.3592217188169,-38.3318729529049,2015,2013.0,2015.0,59_1151,109.0,122.0,15.0,3.008264462809917,0.4303225806451612,"{""2013"": 37, ""2014"": 41, ""2015"": 44}",3.0,5.0,5.0,"landsat7,landsat8",
LT1444,295525.0000000029,5758847.000000002,-71.3381951419186,-38.2951793464517,2014,2012.0,2014.0,59_1152,90.0,105.0,30.0,3.4903846153846154,0.4614141414141414,"{""2012"": 26, ""2013"": 41, ""2014"": 38}",3.0,5.0,5.0,"landsat7,landsat8",
LT1447,295329.99999999994,5761837.999999995,-71.339558228364,-38.2682011392254,2014,2012.0,2014.0,59_1152,93.0,106.0,21.0,3.447619047619048,0.4684848484848485,"{""2012"": 27, ""2013"": 37, ""2014"": 42}",3.0,5.0,5.0,"landsat7,landsat8",
LT1448,296327.99999999907,5761902.999999995,-71.3281402395931,-38.2678426632347,2014,2012.0,2014.0,59_1152,82.0,100.0,21.0,3.6666666666666665,0.415959595959596,"{""2012"": 23, ""2013"": 39, ""2014"": 38}",3.0,5.0,5.0,"landsat7,landsat8",
LT1475,295744.99999999977,5770876.999999996,-71.3322161170811,-38.1868988930809,2016,2014.0,2016.0,59_1154,101.0,122.0,36.0,2.975206611570248,0.3905343511450381,"{""2014"": 35, ""2015"": 44, ""2016"": 43}",3.0,5.0,5.0,"landsat7,landsat8",
LT1477,294553.99999999744,5773803.999999998,-71.3449594567666,-38.1602702384501,2016,2014.0,2016.0,59_1155,108.0,122.0,25.0,2.9834710743801653,0.4177099236641221,"{""2014"": 40, ""2015"": 41, ""2016"": 41}",3.0,5.0,5.0,"landsat7,landsat8",
LT1492,295036.99999999534,5781842.999999997,-71.3371405092662,-38.0879874724867,2013,2011.0,2013.0,59_1156,65.0,82.0,25.0,4.444444444444445,0.3906586826347305,"{""2011"": 22, ""2012"": 25, ""2013"": 35}",3.0,5.0,5.0,"landsat5,landsat7,landsat8",
LT1486,296159.99999999825,5779826.000000002,-71.3249206727026,-38.1064051051691,2016,2014.0,2016.0,59_1156,110.0,130.0,25.0,2.798449612403101,0.4220532319391635,"{""2014"": 40, ""2015"": 45, ""2016"": 45}",3.0,5.0,5.0,"landsat7,landsat8",
LT1503,292718.00000000326,5786704.999999997,-71.362153906176,-38.043675858661,2013,2011.0,2013.0,59_1157,77.0,88.0,16.0,4.172413793103448,0.4603592814371257,"{""2011"": 25, ""2012"": 25, ""2013"": 38}",3.0,5.0,5.0,"landsat5,landsat7,landsat8",
LT1524,297254.99999999825,5794019.999999997,-71.30842222698,-37.9788276012548,2013,2011.0,2013.0,59_1159,85.0,94.0,15.0,3.903225806451613,0.5017073170731707,"{""2011"": 31, ""2012"": 26, ""2013"": 37}",3.0,5.0,5.0,"landsat5,landsat7,landsat8",
LT1529,295072.00000000384,5796852.0,-71.3324512873092,-37.9528338312569,2013,2011.0,2013.0,59_1159,70.0,80.0,32.0,4.594936708860759,0.418780487804878,"{""2011"": 25, ""2012"": 17, ""2013"": 38}",3.0,5.0,5.0,"landsat5,landsat7,landsat8",
LT1532,293005.99999999825,5797736.0,-71.355693560703,-37.9444046927815,2013,2011.0,2013.0,59_1160,77.0,89.0,16.0,4.125,0.4648780487804878,"{""2011"": 31, ""2012"": 22, ""2013"": 36}",3.0,5.0,5.0,"landsat5,landsat7,landsat8",
LT1540,294738.9999999989,5801854.999999999,-71.3348124472363,-37.907704127541,2013,2011.0,2013.0,59_1160,72.0,86.0,16.0,4.270588235294118,0.4226829268292683,"{""2011"": 27, ""2012"": 23, ""2013"": 36}",3.0,5.0,5.0,"landsat5,landsat7,landsat8",
LT1533,294001.99999999977,5797798.999999998,-71.3443493106248,-37.944063691122,2019,2017.0,2019.0,59_1160,118.0,129.0,19.0,2.84375,0.4607003891050583,"{""2017"": 42, ""2018"": 42, ""2019"": 45}",3.0,5.0,5.0,"landsat7,landsat8",
LT1546,293615.9999999992,5803782.999999998,-71.3470248487512,-37.8900875422866,2013,2011.0,2013.0,59_1161,56.0,74.0,38.0,4.931506849315069,0.350920245398773,"{""2011"": 17, ""2012"": 22, ""2013"": 35}",3.0,5.0,5.0,"landsat5,landsat7,landsat8",
LT1575,293926.0000000034,5814793.000000005,-71.3403653699908,-37.7910061384389,2017,2015.0,2017.0,59_1163,128.0,140.0,13.0,2.618705035971223,0.4991505791505791,"{""2015"": 43, ""2016"": 53, ""2017"": 44}",3.0,5.0,5.0,"landsat7,landsat8",
LT1663,292936.0000000018,5892857.0,-71.3296901132369,-37.0877208267279,2013,2011.0,2013.0,59_1179,87.0,106.0,38.0,3.4571428571428573,0.5440490797546013,"{""2011"": 33, ""2012"": 27, ""2013"": 46}",3.0,5.0,5.0,"landsat5,landsat7,landsat8",
LT1675,293754.0000000001,5895928.0,-71.3196504987595,-37.0602410107524,2013,2011.0,2013.0,59_1179,76.0,95.0,31.0,3.861702127659575,0.4741104294478527,"{""2011"": 30, ""2012"": 28, ""2013"": 37}",3.0,5.0,5.0,"landsat5,landsat7,landsat8",
LT1677,296416.999999998,5901081.999999999,-71.2883273897422,-37.0143998757177,2013,2011.0,2013.0,59_1180,88.0,99.0,38.0,3.704081632653061,0.531042944785276,"{""2011"": 29, ""2012"": 28, ""2013"": 42}",3.0,5.0,5.0,"landsat5,landsat7,landsat8",
LT1682,295151.0000000028,5905016.999999996,-71.3014782181823,-36.9786816054186,2013,2011.0,2013.0,59_1181,73.0,87.0,38.0,4.22093023255814,0.4544785276073619,"{""2011"": 25, ""2012"": 27, ""2013"": 35}",3.0,5.0,5.0,"landsat5,landsat7,landsat8",
LT1705,295392.99999999854,5933054.999999996,-71.2912077297952,-36.7261846874075,2017,2015.0,2017.0,59_1187,99.0,114.0,13.0,3.2123893805309733,0.5187234042553192,"{""2015"": 40, ""2016"": 41, ""2017"": 33}",3.0,5.0,5.0,"landsat7,landsat8",
LT1737,295778.999999998,5975123.000000006,-71.2757510399382,-36.3473205994275,2015,2013.0,2015.0,59_1195,75.0,83.0,13.0,4.390243902439025,0.6154098360655738,"{""2013"": 24, ""2014"": 30, ""2015"": 29}",3.0,5.0,5.0,"landsat7,landsat8",
LT1741,292602.99999999616,5977933.000000002,-71.3103692545622,-36.3213287751222,2013,2011.0,2013.0,59_1196,49.0,56.0,19.0,6.6,0.5942168674698796,"{""2011"": 19, ""2012"": 13, ""2013"": 24}",3.0,5.0,5.0,"landsat5,landsat7,landsat8",
LT1742,295672.0000000021,5978071.000000006,-71.2761694500854,-36.3207414095033,2013,2011.0,2013.0,59_1196,47.0,56.0,19.0,6.545454545454546,0.563855421686747,"{""2011"": 19, ""2012"": 13, ""2013"": 24}",3.0,5.0,5.0,"landsat5,landsat7,landsat8",
LT1748,293108.0000000008,5985980.0,-71.3026161247083,-36.2489483120467,2015,2013.0,2015.0,59_1197,74.0,82.0,13.0,4.444444444444445,0.6134426229508196,"{""2013"": 24, ""2014"": 30, ""2015"": 28}",3.0,5.0,5.0,"landsat7,landsat8",
LT1745,296426.00000000244,5984544.000000004,-71.2660882619737,-36.262589467442,2016,2014.0,2016.0,59_1197,77.0,90.0,14.0,4.044943820224719,0.6195348837209302,"{""2014"": 30, ""2015"": 28, ""2016"": 32}",3.0,5.0,5.0,"landsat7,landsat8",
LT1760,292929.0000000033,6002111.000000004,-71.3003530141666,-36.1035957971409,2015,2013.0,2015.0,59_1200,71.0,77.0,16.0,4.776315789473684,0.5855737704918033,"{""2013"": 23, ""2014"": 30, ""2015"": 24}",3.0,5.0,5.0,"landsat7,landsat8",
LT1779,294253.00000000186,6016078.000000005,-71.2820199220886,-35.9780527014605,2013,2011.0,2013.0,59_1203,48.0,55.0,19.0,6.666666666666667,0.6068292682926829,"{""2011"": 17, ""2012"": 14, ""2013"": 24}",3.0,5.0,5.0,"landsat5,landsat7,landsat8",
LT1780,295228.9999999961,6016120.999999998,-71.271191283762,-35.977870675328,2013,2011.0,2013.0,59_1203,55.0,56.0,19.0,6.6,0.6692682926829269,"{""2011"": 16, ""2012"": 15, ""2013"": 25}",3.0,5.0,5.0,"landsat5,landsat7,landsat8",
LT1783,296934.00000000326,6021251.999999997,-71.2509811386001,-35.9320017378767,2015,2013.0,2015.0,59_1204,81.0,82.0,16.0,4.481481481481482,0.6540983606557377,"{""2013"": 25, ""2014"": 29, ""2015"": 28}",3.0,5.0,5.0,"landsat7,landsat8",
LT1785,296516.00000000047,6022119.0,-71.2553894920495,-35.924103940773,2016,2014.0,2016.0,59_1204,78.0,84.0,16.0,4.373493975903615,0.6089922480620155,"{""2014"": 30, ""2015"": 29, ""2016"": 25}",3.0,5.0,5.0,"landsat7,landsat8",
LT1786,296366.9999999965,6023678.000000002,-71.2566406723522,-35.9100277938152,2014,2012.0,2014.0,59_1205,66.0,69.0,19.0,5.338235294117647,0.6506930693069307,"{""2012"": 14, ""2013"": 25, ""2014"": 30}",3.0,5.0,5.0,"landsat7,landsat8",
LT1795,296324.9999999986,6031216.999999995,-71.2551790032525,-35.8420992817086,2012,2010.0,2012.0,59_1206,45.0,52.0,29.0,7.0588235294117645,0.6266666666666667,"{""2010"": 23, ""2011"": 15, ""2012"": 14}",3.0,5.0,5.0,"landsat5,landsat7",
LT1792,294391.0000000035,6030103.000000006,-71.2768650029554,-35.8517316613613,2014,2012.0,2014.0,59_1206,62.0,66.0,27.0,5.538461538461538,0.6122772277227723,"{""2012"": 12, ""2013"": 22, ""2014"": 32}",3.0,5.0,5.0,"landsat7,landsat8",
LT1804,294902.0000000021,6055298.999999998,-71.2647696764171,-35.6248415629954,2015,2013.0,2015.0,59_1211,75.0,75.0,24.0,4.905405405405405,0.6118032786885246,"{""2013"": 20, ""2014"": 32, ""2015"": 23}",3.0,5.0,5.0,"landsat7,landsat8",
LT1873,295573.9999999977,6142435.999999998,-71.2356984101397,-34.8398638903846,2013,2011.0,2013.0,59_1228,46.0,47.0,32.0,7.891304347826087,0.5168181818181818,"{""2011"": 17, ""2012"": 11, ""2013"": 19}",3.0,5.0,5.0,"landsat5,landsat7,landsat8",
LT1882,294809.0000000042,6169355.000000004,-71.2375122554212,-34.5971442833618,2014,2012.0,2014.0,59_1234,63.0,66.0,24.0,5.584615384615384,0.6457142857142857,"{""2012"": 14, ""2013"": 24, ""2014"": 28}",3.0,5.0,5.0,"landsat7,landsat8",
LT1887,296671.0000000014,6174363.999999994,-71.2160228450922,-34.5523772171276,2013,2011.0,2013.0,59_1235,57.0,57.0,27.0,6.482142857142857,0.6459770114942529,"{""2011"": 20, ""2012"": 14, ""2013"": 23}",3.0,5.0,5.0,"landsat5,landsat7,landsat8",
LT1891,294261.999999999,6181237.999999996,-71.240600159773,-34.4899547644945,2015,2013.0,2015.0,59_1236,70.0,74.0,24.0,4.972602739726027,0.5886666666666667,"{""2013"": 21, ""2014"": 29, ""2015"": 24}",3.0,5.0,5.0,"landsat7,landsat8",
LT1892,296069.00000000134,6184331.000000006,-71.2201952853914,-34.4624416125763,2015,2013.0,2015.0,59_1237,78.0,78.0,24.0,4.714285714285714,0.6323333333333333,"{""2013"": 23, ""2014"": 28, ""2015"": 27}",3.0,5.0,5.0,"landsat7,landsat8",
LT1914,293880.0000000039,6221220.999999996,-71.2351841009369,-34.1295695542776,2015,2013.0,2015.0,59_1244,70.0,78.0,13.0,4.714285714285714,0.5803333333333334,"{""2013"": 22, ""2014"": 27, ""2015"": 29}",3.0,5.0,5.0,"landsat7,landsat8",
LT1926,293768.9999999965,6238593.000000004,-71.2322779725343,-33.9729917604633,2013,2011.0,2013.0,59_1248,48.0,57.0,19.0,6.482142857142857,0.542528735632184,"{""2011"": 19, ""2012"": 15, ""2013"": 23}",3.0,5.0,5.0,"landsat5,landsat7,landsat8",
LT1933,293202.9999999998,6250222.000000004,-71.2356599268112,-33.8680783046143,2013,2011.0,2013.0,59_1250,49.0,57.0,19.0,6.428571428571429,0.5581818181818182,"{""2011"": 20, ""2012"": 13, ""2013"": 24}",3.0,5.0,5.0,"landsat5,landsat7,landsat8",
LT1959,293479.0000000047,6314278.000000004,-71.2178541836893,-33.2908140944903,2013,2011.0,2013.0,59_1263,54.0,69.0,18.0,5.338235294117647,0.469059829059829,"{""2011"": 24, ""2012"": 13, ""2013"": 32}",3.0,5.0,5.0,"landsat5,landsat7,landsat8",
LT1981,293363.9999999978,6334287.000000002,-71.2145412946413,-33.1104446411948,2013,2011.0,2013.0,59_1267,87.0,93.0,13.0,3.9565217391304346,0.5903448275862069,"{""2011"": 36, ""2012"": 24, ""2013"": 33}",3.0,5.0,5.0,"landsat5,landsat7,landsat8",
LT2010,296747.99999999884,6468597.000000002,-71.149285331379,-31.9003279309425,2014,2012.0,2014.0,59_1294,126.0,136.0,11.0,2.6814814814814816,0.6343718592964824,"{""2012"": 30, ""2013"": 51, ""2014"": 55}",3.0,5.0,5.0,"landsat7,landsat8",
LT0403,299181.9999999959,5002614.000000006,-71.5524657697933,-45.1014146669614,2019,2017.0,2019.0,60_1001,35.0,43.0,43.0,7.928571428571429,0.1947712418300653,"{""2017"": 15, ""2018"": 16, ""2019"": 12}",3.0,5.0,5.0,"landsat7,landsat8",
LT0450,298711.00000000314,5049775.000000001,-71.5397007348729,-44.6771534011403,2013,2011.0,2013.0,60_1010,27.0,33.0,122.0,11.1875,0.1774149659863945,"{""2011"": 11, ""2012"": 11, ""2013"": 11}",3.0,5.0,5.0,"landsat5,landsat7,landsat8",
LT0455,299560.0000000012,5051840.999999998,-71.528190825843,-44.6588101019224,2013,2011.0,2013.0,60_1010,33.0,43.0,76.0,8.595238095238095,0.233469387755102,"{""2011"": 16, ""2012"": 12, ""2013"": 15}",3.0,5.0,5.0,"landsat5,landsat7,landsat8",
LT0483,297509.0000000027,5066747.999999999,-71.5481663361543,-44.5241665647799,2016,2014.0,2016.0,60_1013,79.0,89.0,56.0,4.090909090909091,0.3193248945147679,"{""2014"": 29, ""2015"": 28, ""2016"": 32}",3.0,5.0,5.0,"landsat7,landsat8",
LT1435,297779.0,5754988.000000004,-71.3135443580647,-38.3304406380109,2013,2011.0,2013.0,60_1151,60.0,74.0,24.0,4.931506849315069,0.3738271604938271,"{""2011"": 23, ""2012"": 23, ""2013"": 28}",3.0,5.0,5.0,"landsat5,landsat7,landsat8",
LT1442,297583.9999999991,5757978.999999996,-71.3149165868344,-38.3034625550437,2013,2011.0,2013.0,60_1152,64.0,82.0,35.0,4.444444444444445,0.402716049382716,"{""2011"": 25, ""2012"": 24, ""2013"": 33}",3.0,5.0,5.0,"landsat5,landsat7,landsat8",
LT1454,301179.0000000031,5764221.000000001,-71.2720795749794,-38.248055031077,2013,2011.0,2013.0,60_1153,59.0,72.0,55.0,5.112676056338028,0.3679012345679012,"{""2011"": 20, ""2012"": 23, ""2013"": 29}",3.0,5.0,5.0,"landsat5,landsat7,landsat8",
LT1456,299125.0000000012,5765088.999999999,-71.2952889640962,-38.2397817795957,2014,2012.0,2014.0,60_1153,89.0,98.0,19.0,3.701030927835052,0.4395959595959596,"{""2012"": 27, ""2013"": 33, ""2014"": 38}",3.0,5.0,5.0,"landsat7,landsat8",
LT1476,299604.00000000023,5773130.0,-71.2875514681099,-38.1674764128853,2013,2011.0,2013.0,60_1155,76.0,90.0,27.0,4.078651685393258,0.4686060606060606,"{""2011"": 25, ""2012"": 26, ""2013"": 39}",3.0,5.0,5.0,"landsat5,landsat7,landsat8",
LT1493,300924.0000000014,5783204.000000003,-71.269682733057,-38.0770463311103,2013,2011.0,2013.0,60_1157,61.0,69.0,62.0,5.338235294117647,0.3410778443113772,"{""2011"": 17, ""2012"": 20, ""2013"": 32}",3.0,5.0,5.0,"landsat5,landsat7,landsat8",
LT1526,300243.9999999994,5794200.000000006,-71.2743647727071,-37.9778693793318,2014,2012.0,2014.0,60_1159,86.0,102.0,19.0,3.5346534653465347,0.441,"{""2012"": 27, ""2013"": 39, ""2014"": 36}",3.0,5.0,5.0,"landsat7,landsat8",
LT1657,299362.99999999907,5886251.000000003,-71.2591997488942,-37.1486207601792,2019,2017.0,2019.0,60_1177,98.0,110.0,52.0,3.339449541284404,0.36875,"{""2017"": 30, ""2018"": 41, ""2019"": 39}",3.0,5.0,5.0,"landsat7,landsat8",
LT1658,301277.99999999616,5887344.999999997,-71.2373612461081,-37.1391757290203,2019,2017.0,2019.0,60_1177,100.0,115.0,74.0,3.192982456140351,0.3840625,"{""2017"": 28, ""2018"": 44, ""2019"": 43}",3.0,5.0,5.0,"landsat7,landsat8",
LT1665,301909.9999999977,5893430.000000003,-71.228643040168,-37.0844996601585,2018,2016.0,2018.0,60_1179,120.0,131.0,23.0,2.8,0.4652549019607843,"{""2016"": 50, ""2017"": 37, ""2018"": 44}",3.0,5.0,5.0,"landsat7,landsat8",
LT1723,301930.0000000007,5956495.000000003,-71.2120122337462,-36.5164176978839,2014,2012.0,2014.0,60_1191,77.0,91.0,38.0,4.033333333333333,0.4427428571428571,"{""2012"": 27, ""2013"": 30, ""2014"": 34}",3.0,5.0,5.0,"landsat7,landsat8",
LT1720,302187.0000000024,5952550.999999999,-71.210155307272,-36.5520000654522,2018,2016.0,2018.0,60_1191,108.0,122.0,17.0,3.0,0.5161538461538462,"{""2016"": 47, ""2017"": 39, ""2018"": 36}",3.0,5.0,5.0,"landsat7,landsat8",
LT1739,301112.9999999974,5976463.999999997,-71.2160094654966,-36.336356973251,2016,2014.0,2016.0,60_1195,77.0,86.0,14.0,4.2,0.5939849624060151,"{""2014"": 30, ""2015"": 24, ""2016"": 32}",3.0,5.0,5.0,"landsat7,landsat8",
LT1738,297714.00000000413,5975911.000000002,-71.2539986802201,-36.3406305751492,2018,2016.0,2018.0,60_1195,77.0,85.0,16.0,4.321428571428571,0.6413333333333333,"{""2016"": 32, ""2017"": 28, ""2018"": 25}",3.0,5.0,5.0,"landsat7,landsat8",
LT1793,299374.00000000297,6030396.999999997,-71.2216482109433,-35.8501156649133,2012,2010.0,2012.0,60_1206,48.0,52.0,29.0,7.117647058823529,0.6577777777777778,"{""2010"": 22, ""2011"": 15, ""2012"": 15}",3.0,5.0,5.0,"landsat5,landsat7",
LT1799,300452.9999999987,6045488.000000004,-71.2059464374753,-35.7143726886527,2012,2010.0,2012.0,60_1209,46.0,52.0,29.0,7.117647058823529,0.6238888888888889,"{""2010"": 22, ""2011"": 15, ""2012"": 15}",3.0,5.0,5.0,"landsat5,landsat7",
LT1874,297519.00000000326,6143383.000000004,-71.2142125326443,-34.8317195674521,2013,2011.0,2013.0,60_1229,53.0,54.0,24.0,6.849056603773585,0.6027272727272728,"{""2011"": 19, ""2012"": 11, ""2013"": 24}",3.0,5.0,5.0,"landsat5,landsat7,landsat8",
LT1879,298118.00000000506,6167397.000000005,-71.2019188287567,-34.6154446953033,2013,2011.0,2013.0,60_1233,51.0,56.0,24.0,6.6,0.6142528735632183,"{""2011"": 17, ""2012"": 16, ""2013"": 23}",3.0,5.0,5.0,"landsat5,landsat7,landsat8",
LT1883,301913.0000000042,6169646.000000005,-71.1600280486018,-34.5959175607918,2016,2014.0,2016.0,60_1234,81.0,83.0,19.0,4.426829268292683,0.6487096774193548,"{""2014"": 30, ""2015"": 26, ""2016"": 27}",3.0,5.0,5.0,"landsat7,landsat8",
LT1884,300910.0000000001,6170557.0,-71.1707446454212,-34.5875139771467,2016,2014.0,2016.0,60_1234,76.0,78.0,19.0,4.714285714285714,0.6190322580645161,"{""2014"": 29, ""2015"": 25, ""2016"": 24}",3.0,5.0,5.0,"landsat7,landsat8",
LT1902,301757.9999999965,6206691.999999996,-71.1531355041238,-34.262033677493,2015,2013.0,2015.0,60_1241,78.0,79.0,13.0,4.653846153846154,0.6463333333333333,"{""2013"": 25, ""2014"": 29, ""2015"": 25}",3.0,5.0,5.0,"landsat7,landsat8",
LT1908,301342.0000000017,6213666.000000006,-71.1560477893105,-34.1991033541854,2013,2011.0,2013.0,60_1243,52.0,56.0,24.0,6.6,0.5935632183908046,"{""2011"": 20, ""2012"": 15, ""2013"": 21}",3.0,5.0,5.0,"landsat5,landsat7,landsat8",
LT1913,300958.9999999964,6215657.999999998,-71.1597440419369,-34.1810779154925,2016,2014.0,2016.0,60_1243,74.0,77.0,19.0,4.776315789473684,0.5932258064516129,"{""2014"": 26, ""2015"": 28, ""2016"": 23}",3.0,5.0,5.0,"landsat7,landsat8",
LT1923,298197.9999999994,6233606.000000006,-71.1855197821333,-34.0187964578086,2014,2012.0,2014.0,60_1247,58.0,65.0,21.0,5.671875,0.5914285714285714,"{""2012"": 14, ""2013"": 23, ""2014"": 28}",3.0,5.0,5.0,"landsat7,landsat8",
LT1938,299883.0000000025,6255562.000000001,-71.1622757508327,-33.8212391258172,2013,2011.0,2013.0,60_1251,58.0,63.0,26.0,5.854838709677419,0.6513636363636364,"{""2011"": 21, ""2012"": 15, ""2013"": 27}",3.0,5.0,5.0,"landsat5,landsat7,landsat8",
LT1935,301006.0000000037,6253612.000000006,-71.1505894055872,-33.8390261913193,2014,2012.0,2014.0,60_1251,63.0,71.0,21.0,5.185714285714286,0.6128155339805825,"{""2012"": 16, ""2013"": 26, ""2014"": 29}",3.0,5.0,5.0,"landsat7,landsat8",
LT1986,301451.9999999968,6349754.000000002,-71.1245631391085,-32.9725336502875,2014,2012.0,2014.0,60_1270,63.0,74.0,13.0,4.972602739726027,0.5711711711711712,"{""2012"": 17, ""2013"": 29, ""2014"": 28}",3.0,5.0,5.0,"landsat7,landsat8",
LT1994,299199.9999999987,6371599.000000004,-71.1438992056629,-32.7752060227667,2013,2011.0,2013.0,60_1274,77.0,94.0,16.0,3.913978494623656,0.5248,"{""2011"": 35, ""2012"": 26, ""2013"": 33}",3.0,5.0,5.0,"landsat5,landsat7,landsat8",
LT1995,302141.9999999963,6372779.000000004,-71.1122553140747,-32.7651023636567,2014,2012.0,2014.0,60_1275,93.0,105.0,11.0,3.4615384615384617,0.571604938271605,"{""2012"": 22, ""2013"": 36, ""2014"": 47}",3.0,5.0,5.0,"landsat7,landsat8",
LT0041,299739.99999999907,4182400.000000003,-71.9485198234462,-52.4717702673724,2016,2014.0,2016.0,60_836,36.0,43.0,97.0,8.380952380952381,0.2034972677595628,"{""2014"": 9, ""2015"": 19, ""2016"": 15}",3.0,5.0,5.0,"landsat7,landsat8",
LT0051,300333.999999999,4199479.999999996,-71.929605278456,-52.3186341367533,2015,2013.0,2015.0,60_840,28.0,39.0,108.0,9.263157894736842,0.158021978021978,"{""2013"": 11, ""2014"": 16, ""2015"": 12}",3.0,5.0,5.0,"landsat7,landsat8",
LT0052,298327.00000000186,4199428.999999997,-71.959041228845,-52.3183585289699,2015,2013.0,2015.0,60_840,27.0,36.0,108.0,10.057142857142855,0.150989010989011,"{""2013"": 8, ""2014"": 13, ""2015"": 15}",3.0,5.0,5.0,"landsat7,landsat8",
LT0063,300183.0000000012,4225591.000000004,-71.9164169951961,-52.0841302945864,2014,2012.0,2014.0,60_845,27.0,34.0,112.0,10.606060606060606,0.1761073825503355,"{""2012"": 9, ""2013"": 11, ""2014"": 14}",3.0,5.0,5.0,"landsat7,landsat8",
LT0356,299576.00000000163,4970656.999999997,-71.5603480759482,-45.3889024295768,2018,2016.0,2018.0,60_994,37.0,38.0,120.0,9.513513513513514,0.2974193548387097,"{""2016"": 17, ""2017"": 9, ""2018"": 12}",3.0,5.0,5.0,"landsat7,landsat8",
LT0482,302600.00000000047,5065134.999999995,-71.4847786040752,-44.5400851237608,2016,2014.0,2016.0,61_1013,102.0,115.0,13.0,3.131578947368421,0.4389655172413793,"{""2014"": 38, ""2015"": 40, ""2016"": 37}",3.0,5.0,5.0,"landsat7,landsat8",
LT0486,303302.0000000014,5069159.000000003,-71.47441700295,-44.504084022329,2018,2016.0,2018.0,61_1014,61.0,79.0,61.0,4.615384615384615,0.2424793388429752,"{""2016"": 31, ""2017"": 21, ""2018"": 27}",3.0,5.0,5.0,"landsat7,landsat8",
LT0493,307070.0000000014,5072443.000000004,-71.4258337314043,-44.4755623716233,2018,2016.0,2018.0,61_1014,43.0,52.0,80.0,7.0,0.1806611570247933,"{""2016"": 19, ""2017"": 15, ""2018"": 18}",3.0,5.0,5.0,"landsat7,landsat8",
LT0498,306701.00000000064,5077423.999999999,-71.4286106616354,-44.430661234947,2012,2010.0,2012.0,61_1015,36.0,40.0,99.0,9.333333333333334,0.2861538461538461,"{""2010"": 14, ""2011"": 16, ""2012"": 10}",3.0,5.0,5.0,"landsat5,landsat7",
LT1097,302814.99999999977,5585351.000000002,-71.3052004905785,-39.8589837427693,2019,2017.0,2019.0,61_1117,59.0,71.0,21.0,5.185714285714286,0.4627692307692307,"{""2017"": 23, ""2018"": 25, ""2019"": 23}",3.0,5.0,5.0,"landsat7,landsat8",
LT1332,303703.0000000015,5710334.999999995,-71.2583604246397,-38.7338625491358,2013,2011.0,2013.0,61_1142,54.0,70.0,55.0,5.260869565217392,0.37,"{""2011"": 19, ""2012"": 19, ""2013"": 32}",3.0,5.0,5.0,"landsat5,landsat7,landsat8",
LT1350,302983.9999999966,5721282.999999998,-71.2635168992037,-38.6351180929868,2015,2013.0,2015.0,61_1144,90.0,119.0,16.0,3.0847457627118646,0.4155458515283843,"{""2013"": 40, ""2014"": 36, ""2015"": 43}",3.0,5.0,5.0,"landsat7,landsat8",
LT1349,304911.0000000022,5721319.000000001,-71.2413832971279,-38.6352200579053,2017,2015.0,2017.0,61_1144,87.0,102.0,19.0,3.603960396039604,0.3453125,"{""2015"": 35, ""2016"": 36, ""2017"": 31}",3.0,5.0,5.0,"landsat7,landsat8",
LT1352,305909.0000000033,5722510.000000005,-71.2295929724319,-38.6247140538033,2017,2015.0,2017.0,61_1145,91.0,106.0,34.0,3.466666666666667,0.358125,"{""2015"": 37, ""2016"": 38, ""2017"": 31}",3.0,5.0,5.0,"landsat7,landsat8",
LT1364,303524.9999999995,5728179.000000002,-71.2553603485041,-38.5731399169038,2013,2011.0,2013.0,61_1146,64.0,77.0,36.0,4.776315789473684,0.4287581699346405,"{""2011"": 21, ""2012"": 20, ""2013"": 36}",3.0,5.0,5.0,"landsat5,landsat7,landsat8",
LT1365,304565.0000000012,5728313.000000003,-71.2433930278747,-38.5721626033067,2017,2015.0,2017.0,61_1146,107.0,122.0,16.0,3.008264462809917,0.4234375,"{""2015"": 40, ""2016"": 43, ""2017"": 39}",3.0,5.0,5.0,"landsat7,landsat8",
LT1370,305450.99999999936,5729401.0,-71.2329264560586,-38.5625594218104,2017,2015.0,2017.0,61_1146,106.0,121.0,16.0,3.0083333333333333,0.41484375,"{""2015"": 41, ""2016"": 43, ""2017"": 37}",3.0,5.0,5.0,"landsat7,landsat8",
LT1375,305409.99999999965,5730267.999999998,-71.2331549958228,-38.5547429578754,2017,2015.0,2017.0,61_1146,111.0,123.0,21.0,2.9836065573770494,0.43,"{""2015"": 43, ""2016"": 42, ""2017"": 38}",3.0,5.0,5.0,"landsat7,landsat8",
LT1432,302894.0000000021,5753318.000000003,-71.2555342514927,-38.3466191827042,2014,2012.0,2014.0,61_1151,88.0,104.0,15.0,3.504854368932039,0.4186934673366834,"{""2012"": 23, ""2013"": 36, ""2014"": 45}",3.0,5.0,5.0,"landsat7,landsat8",
LT1469,306842.0000000024,5769594.000000004,-71.205946668479,-38.2009013977646,2017,2015.0,2017.0,61_1154,111.0,123.0,25.0,2.9836065573770494,0.421455938697318,"{""2015"": 47, ""2016"": 41, ""2017"": 35}",3.0,5.0,5.0,"landsat7,landsat8",
LT1505,302688.0,5787352.9999999935,-71.2484414316905,-38.0400676527206,2013,2011.0,2013.0,61_1157,67.0,83.0,31.0,4.426829268292683,0.4239520958083832,"{""2011"": 24, ""2012"": 24, ""2013"": 35}",3.0,5.0,5.0,"landsat5,landsat7,landsat8",
LT1501,305741.9999999966,5786540.000000006,-71.2138846943977,-38.0480499040413,2017,2015.0,2017.0,61_1157,119.0,129.0,22.0,2.84375,0.453639846743295,"{""2015"": 42, ""2016"": 50, ""2017"": 37}",3.0,5.0,5.0,"landsat7,landsat8",
LT1496,302881.9999999952,5784359.000000005,-71.2470569099283,-38.06707348365,2019,2017.0,2019.0,61_1157,113.0,128.0,16.0,2.8661417322834644,0.4331517509727626,"{""2017"": 33, ""2018"": 49, ""2019"": 46}",3.0,5.0,5.0,"landsat7,landsat8",
LT1502,306740.0000000021,5786606.000000004,-71.2025008149128,-38.0476691022641,2019,2017.0,2019.0,61_1157,121.0,135.0,13.0,2.716417910447761,0.4645914396887159,"{""2017"": 37, ""2018"": 53, ""2019"": 45}",3.0,5.0,5.0,"landsat7,landsat8",
LT1535,302977.9999999976,5798372.999999996,-71.2421149049473,-37.9408848133566,2012,2010.0,2012.0,61_1160,54.0,72.0,35.0,5.070422535211268,0.396231884057971,"{""2010"": 24, ""2011"": 24, ""2012"": 24}",3.0,5.0,5.0,"landsat5,landsat7",
LT1656,304469.0000000033,5884574.000000006,-71.2021830084564,-37.1648081294496,2019,2017.0,2019.0,61_1177,107.0,135.0,27.0,2.716417910447761,0.40671875,"{""2017"": 36, ""2018"": 51, ""2019"": 48}",3.0,5.0,5.0,"landsat7,landsat8",
LT1693,306413.9999999994,5915681.999999998,-71.1722944215241,-36.8849962266543,2018,2016.0,2018.0,61_1183,117.0,141.0,15.0,2.6,0.4526070038910506,"{""2016"": 47, ""2017"": 41, ""2018"": 53}",3.0,5.0,5.0,"landsat7,landsat8",
LT1699,303792.0000000028,5926599.000000002,-71.1988791205226,-36.7861143415088,2018,2016.0,2018.0,61_1185,126.0,146.0,16.0,2.510344827586207,0.4912062256809338,"{""2016"": 50, ""2017"": 42, ""2018"": 54}",3.0,5.0,5.0,"landsat7,landsat8",
LT1702,304412.0000000036,5930161.000000003,-71.1910218475299,-36.75415546279,2018,2016.0,2018.0,61_1186,139.0,157.0,12.0,2.333333333333333,0.5405447470817121,"{""2016"": 52, ""2017"": 50, ""2018"": 55}",3.0,5.0,5.0,"landsat7,landsat8",
LT1716,306559.99999999744,5946771.000000002,-71.162780295881,-36.6049654294607,2018,2016.0,2018.0,61_1189,118.0,140.0,19.0,2.618705035971223,0.4787401574803149,"{""2016"": 55, ""2017"": 39, ""2018"": 46}",3.0,5.0,5.0,"landsat7,landsat8",
LT1719,303810.0000000036,5950610.0,-71.1925279263988,-36.5698201977515,2014,2012.0,2014.0,61_1190,85.0,106.0,19.0,3.447619047619048,0.4208955223880597,"{""2012"": 21, ""2013"": 37, ""2014"": 48}",3.0,5.0,5.0,"landsat7,landsat8",
LT1749,304074.99999999977,5986745.000000004,-71.180448662905,-36.244343208218,2016,2014.0,2016.0,61_1197,92.0,95.0,14.0,3.8297872340425534,0.6567647058823529,"{""2014"": 32, ""2015"": 28, ""2016"": 35}",3.0,5.0,5.0,"landsat7,landsat8",
LT1763,303689.9999999951,6004176.000000002,-71.1803748324494,-36.0872268168655,2016,2014.0,2016.0,61_1201,76.0,86.0,14.0,4.270588235294118,0.5816793893129771,"{""2014"": 31, ""2015"": 29, ""2016"": 26}",3.0,5.0,5.0,"landsat7,landsat8",
LT1764,303101.99999999703,6004168.000000002,-71.1869033504393,-36.0871799137859,2016,2014.0,2016.0,61_1201,76.0,87.0,14.0,4.22093023255814,0.580763358778626,"{""2014"": 29, ""2015"": 29, ""2016"": 29}",3.0,5.0,5.0,"landsat7,landsat8",
LT1794,305354.9999999938,6030766.999999996,-71.1553695674016,-35.8479881475739,2012,2010.0,2012.0,61_1206,42.0,51.0,29.0,7.26,0.5727777777777778,"{""2010"": 23, ""2011"": 15, ""2012"": 13}",3.0,5.0,5.0,"landsat5,landsat7",
LT1814,306393.00000000023,6062953.999999999,-71.1361291001294,-35.5581861658503,2013,2011.0,2013.0,61_1213,50.0,56.0,32.0,6.6,0.5990243902439024,"{""2011"": 16, ""2012"": 14, ""2013"": 26}",3.0,5.0,5.0,"landsat5,landsat7,landsat8",
LT1821,306928.9999999977,6070955.0,-71.1283139255486,-35.4861984251969,2015,2013.0,2015.0,61_1214,77.0,84.0,24.0,4.373493975903615,0.62,"{""2013"": 25, ""2014"": 33, ""2015"": 26}",3.0,5.0,5.0,"landsat7,landsat8",
LT1827,305553.0000000035,6074944.0,-71.1425188252484,-35.4499874373454,2015,2013.0,2015.0,61_1215,81.0,83.0,24.0,4.426829268292683,0.6448387096774194,"{""2013"": 26, ""2014"": 31, ""2015"": 26}",3.0,5.0,5.0,"landsat7,landsat8",
LT1838,307437.00000000384,6094941.999999995,-71.1170615884423,-35.2701576719346,2014,2012.0,2014.0,61_1219,63.0,67.0,24.0,5.5,0.5953846153846154,"{""2012"": 13, ""2013"": 24, ""2014"": 30}",3.0,5.0,5.0,"landsat7,landsat8",
LT1901,302824.00000000175,6205575.999999998,-71.1418197455345,-34.2722940999984,2015,2013.0,2015.0,61_1241,73.0,74.0,24.0,4.972602739726027,0.6083333333333333,"{""2013"": 23, ""2014"": 27, ""2015"": 24}",3.0,5.0,5.0,"landsat7,landsat8",
LT1916,305629.99999999814,6226846.0,-71.1065866483852,-34.08112634881,2013,2011.0,2013.0,61_1245,50.0,54.0,26.0,6.849056603773585,0.584367816091954,"{""2011"": 18, ""2012"": 14, ""2013"": 22}",3.0,5.0,5.0,"landsat5,landsat7,landsat8",
LT1927,306653.99999999854,6241887.999999998,-71.0921655035866,-33.9457446443103,2013,2011.0,2013.0,61_1248,64.0,64.0,18.0,5.761904761904762,0.7227586206896551,"{""2011"": 20, ""2012"": 16, ""2013"": 28}",3.0,5.0,5.0,"landsat5,landsat7,landsat8",
LT1928,306292.9999999959,6242842.0,-71.0958587262057,-33.9370798516662,2013,2011.0,2013.0,61_1249,64.0,66.0,24.0,5.584615384615384,0.7354545454545455,"{""2011"": 20, ""2012"": 15, ""2013"": 31}",3.0,5.0,5.0,"landsat5,landsat7,landsat8",
LT1952,306972.99999999645,6305998.0,-71.0747949699957,-33.3679509103693,2014,2012.0,2014.0,61_1261,67.0,73.0,13.0,5.041666666666667,0.6562376237623763,"{""2012"": 16, ""2013"": 26, ""2014"": 31}",3.0,5.0,5.0,"landsat7,landsat8",
LT1974,302599.00000000047,6329863.999999996,-71.116585675152,-33.1520327623825,2012,2010.0,2012.0,61_1266,60.0,64.0,42.0,5.761904761904762,0.760506329113924,"{""2010"": 25, ""2011"": 22, ""2012"": 17}",3.0,5.0,5.0,"landsat5,landsat7",
LT1989,304329.0000000023,6351925.999999996,-71.0933337734845,-32.9534742127248,2012,2010.0,2012.0,61_1270,54.0,61.0,42.0,6.05,0.6565,"{""2010"": 24, ""2011"": 23, ""2012"": 14}",3.0,5.0,5.0,"landsat5,landsat7",
LT1984,303553.00000000355,6347880.000000006,-71.1024950838694,-32.9898068296941,2013,2011.0,2013.0,61_1270,55.0,63.0,16.0,5.854838709677419,0.6225287356321839,"{""2011"": 19, ""2012"": 17, ""2013"": 27}",3.0,5.0,5.0,"landsat5,landsat7,landsat8",
LT1985,305544.9999999984,6347987.000000004,-71.0811650941559,-32.9891994089254,2013,2011.0,2013.0,61_1270,58.0,67.0,16.0,5.5,0.6749425287356322,"{""2011"": 21, ""2012"": 16, ""2013"": 30}",3.0,5.0,5.0,"landsat5,landsat7,landsat8",
LT1991,305271.99999999505,6352971.000000004,-71.0830300965717,-32.9442226990583,2012,2010.0,2012.0,61_1271,58.0,63.0,42.0,5.854838709677419,0.7331645569620253,"{""2010"": 24, ""2011"": 22, ""2012"": 17}",3.0,5.0,5.0,"landsat5,landsat7",
LT1993,304216.9999999948,6353916.999999997,-71.0941079671669,-32.9355064367897,2013,2011.0,2013.0,61_1271,54.0,63.0,16.0,5.854838709677419,0.6068965517241379,"{""2011"": 23, ""2012"": 13, ""2013"": 27}",3.0,5.0,5.0,"landsat5,landsat7,landsat8",
LT1992,306269.99999999907,6353030.000000004,-71.072348014962,-32.9438683346327,2014,2012.0,2014.0,61_1271,68.0,77.0,11.0,4.776315789473684,0.6716831683168317,"{""2012"": 15, ""2013"": 29, ""2014"": 33}",3.0,5.0,5.0,"landsat7,landsat8",
LT0042,304734.00000000274,4182790.0000000056,-71.874864346277,-52.4700772514597,2016,2014.0,2016.0,61_837,40.0,45.0,99.0,8.0,0.2146448087431694,"{""2014"": 11, ""2015"": 18, ""2016"": 16}",3.0,5.0,5.0,"landsat7,landsat8",
LT0043,304587.9999999965,4183732.999999996,-71.8764585052297,-52.4615579174498,2016,2014.0,2016.0,61_837,25.0,31.0,100.0,11.633333333333333,0.1355191256830601,"{""2014"": 8, ""2015"": 11, ""2016"": 12}",3.0,5.0,5.0,"landsat7,landsat8",
LT0044,303646.9999999986,4183703.9999999935,-71.8903079631706,-52.4614808608612,2016,2014.0,2016.0,61_837,30.0,38.0,100.0,9.432432432432432,0.1608743169398907,"{""2014"": 9, ""2015"": 17, ""2016"": 12}",3.0,5.0,5.0,"landsat7,landsat8",
LT0061,305484.9999999974,4221985.000000005,-71.8411946837317,-52.1183993719334,2013,2011.0,2013.0,61_844,10.0,16.0,112.0,22.466666666666665,0.0955172413793103,"{""2011"": 6, ""2012"": 4, ""2013"": 6}",3.0,5.0,5.0,"landsat5,landsat7,landsat8",
LT0064,304158.0000000031,4225889.000000003,-71.8583079449768,-52.0828746602805,2014,2012.0,2014.0,61_845,24.0,30.0,121.0,12.10344827586207,0.1693959731543624,"{""2012"": 5, ""2013"": 9, ""2014"": 16}",3.0,5.0,5.0,"landsat7,landsat8",
LT0461,309309.0000000021,5055577.000000003,-71.4039464905079,-44.6278616030634,2014,2012.0,2014.0,62_1011,33.0,37.0,35.0,9.694444444444445,0.3425,"{""2012"": 7, ""2013"": 11, ""2014"": 19}",3.0,5.0,5.0,"landsat7,landsat8",
LT0462,312246.99999999907,5055792.000000004,-71.3668617015387,-44.626701084112,2014,2012.0,2014.0,62_1011,29.0,36.0,32.0,9.82857142857143,0.3033333333333333,"{""2012"": 7, ""2013"": 11, ""2014"": 18}",3.0,5.0,5.0,"landsat7,landsat8",
LT1625,310484.9999999951,5852949.999999998,-71.142542227393,-37.4509060414325,2019,2017.0,2019.0,62_1171,104.0,130.0,14.0,2.8217054263565893,0.388125,"{""2017"": 35, ""2018"": 48, ""2019"": 47}",3.0,5.0,5.0,"landsat7,landsat8",
LT1626,311484.9999999964,5852987.999999996,-71.1312342903346,-37.4507681319913,2019,2017.0,2019.0,62_1171,89.0,116.0,59.0,3.165217391304348,0.3653125,"{""2017"": 29, ""2018"": 44, ""2019"": 43}",3.0,5.0,5.0,"landsat7,landsat8",
LT1697,308776.9999999985,5925918.000000006,-71.1432197075184,-36.7932685023118,2017,2015.0,2017.0,62_1185,103.0,123.0,25.0,2.9836065573770494,0.3941762452107279,"{""2015"": 43, ""2016"": 45, ""2017"": 35}",3.0,5.0,5.0,"landsat7,landsat8",
LT1767,311831.0000000012,6007894.0,-71.0891232711886,-36.055339061948,2016,2014.0,2016.0,62_1202,93.0,109.0,21.0,3.361111111111111,0.4838297872340426,"{""2014"": 35, ""2015"": 39, ""2016"": 35}",3.0,5.0,5.0,"landsat7,landsat8",
LT1790,309469.9999999984,6029068.999999996,-71.1102363910717,-35.8640957367701,2012,2010.0,2012.0,62_1206,44.0,53.0,29.0,6.980769230769231,0.6109589041095891,"{""2010"": 22, ""2011"": 16, ""2012"": 15}",3.0,5.0,5.0,"landsat5,landsat7",
LT1791,308392.00000000384,6029924.0,-71.1219631555038,-35.8561819585929,2016,2014.0,2016.0,62_1206,80.0,89.0,14.0,4.090909090909091,0.6086821705426356,"{""2014"": 32, ""2015"": 29, ""2016"": 28}",3.0,5.0,5.0,"landsat7,landsat8",
LT1800,309325.9999999965,6047053.000000002,-71.1075469079385,-35.702029335072,2014,2012.0,2014.0,62_1209,62.0,73.0,14.0,5.041666666666667,0.6063366336633663,"{""2012"": 14, ""2013"": 26, ""2014"": 33}",3.0,5.0,5.0,"landsat7,landsat8",
LT1801,310298.00000000466,6048082.000000004,-71.0965669018114,-35.6929452947317,2012,2010.0,2012.0,62_1210,49.0,53.0,29.0,6.980769230769231,0.6827777777777778,"{""2010"": 22, ""2011"": 17, ""2012"": 14}",3.0,5.0,5.0,"landsat5,landsat7",
LT1807,311684.9999999979,6058164.999999998,-71.0788909097375,-35.602358226968,2012,2010.0,2012.0,62_1212,44.0,56.0,29.0,6.6,0.6138888888888889,"{""2010"": 23, ""2011"": 17, ""2012"": 16}",3.0,5.0,5.0,"landsat5,landsat7",
LT1816,309321.9999999983,6064039.000000002,-71.1035765897981,-35.5489778828818,2013,2011.0,2013.0,62_1213,58.0,60.0,30.0,6.152542372881356,0.7053658536585365,"{""2011"": 18, ""2012"": 16, ""2013"": 26}",3.0,5.0,5.0,"landsat5,landsat7,landsat8",
LT1819,310073.99999999907,6068089.999999994,-71.0943362179046,-35.5126203377463,2012,2010.0,2012.0,62_1214,49.0,55.0,29.0,6.722222222222222,0.6722222222222223,"{""2010"": 23, ""2011"": 17, ""2012"": 15}",3.0,5.0,5.0,"landsat5,landsat7",
LT1822,308670.9999999949,6072120.000000005,-71.1088483805365,-35.476038178646,2012,2010.0,2012.0,62_1214,48.0,54.0,29.0,6.849056603773585,0.6772222222222222,"{""2010"": 23, ""2011"": 17, ""2012"": 14}",3.0,5.0,5.0,"landsat5,landsat7",
LT1837,309608.0000000036,6092078.0,-71.0938721925615,-35.2963803541949,2015,2013.0,2015.0,62_1218,72.0,76.0,24.0,4.84,0.5748031496062992,"{""2013"": 24, ""2014"": 30, ""2015"": 22}",3.0,5.0,5.0,"landsat7,landsat8",
LT1890,312330.9999999969,6180299.000000003,-71.0441412345824,-34.5018668182026,2014,2012.0,2014.0,62_1236,64.0,64.0,29.0,5.761904761904762,0.635959595959596,"{""2012"": 13, ""2013"": 22, ""2014"": 29}",3.0,5.0,5.0,"landsat7,landsat8",
LT1906,309380.99999999715,6213186.999999996,-71.068956599122,-34.2049225804072,2015,2013.0,2015.0,62_1243,78.0,80.0,13.0,4.594936708860759,0.6553333333333333,"{""2013"": 26, ""2014"": 29, ""2015"": 25}",3.0,5.0,5.0,"landsat7,landsat8",
LT1915,309849.0000000034,6222134.999999998,-71.0619173861905,-34.1243614682109,2013,2011.0,2013.0,62_1244,56.0,57.0,26.0,6.482142857142857,0.6441379310344828,"{""2011"": 20, ""2012"": 13, ""2013"": 24}",3.0,5.0,5.0,"landsat5,landsat7,landsat8",
LT1931,310627.000000005,6244397.0,-71.0486568150888,-33.9238534334259,2013,2011.0,2013.0,62_1249,62.0,64.0,18.0,5.761904761904762,0.6940909090909091,"{""2011"": 21, ""2012"": 14, ""2013"": 29}",3.0,5.0,5.0,"landsat5,landsat7,landsat8",
LT1934,309072.9999999979,6253136.000000001,-71.0635605729023,-33.8448061614489,2014,2012.0,2014.0,62_1251,67.0,71.0,21.0,5.185714285714286,0.654368932038835,"{""2012"": 16, ""2013"": 26, ""2014"": 29}",3.0,5.0,5.0,"landsat7,landsat8",
LT1961,308341.00000000413,6316199.999999999,-71.0579355727792,-33.2762342260675,2013,2011.0,2013.0,62_1263,65.0,68.0,16.0,5.417910447761194,0.7623529411764706,"{""2011"": 21, ""2012"": 16, ""2013"": 31}",3.0,5.0,5.0,"landsat5,landsat7,landsat8",
LT1982,307616.99999999814,6347094.000000006,-71.0591889004798,-32.9976169932809,2013,2011.0,2013.0,62_1269,58.0,69.0,14.0,5.338235294117647,0.6771764705882353,"{""2011"": 23, ""2012"": 16, ""2013"": 30}",3.0,5.0,5.0,"landsat5,landsat7,landsat8",
LT1983,309310.99999999907,6347213.000000004,-71.0410423247107,-32.9968419571079,2013,2011.0,2013.0,62_1269,59.0,69.0,16.0,5.338235294117647,0.6738823529411765,"{""2011"": 23, ""2012"": 14, ""2013"": 32}",3.0,5.0,5.0,"landsat5,landsat7,landsat8",
LT1987,311365.9999999964,6351342.999999998,-71.0182110238425,-32.959968469156,2014,2012.0,2014.0,62_1270,73.0,81.0,16.0,4.5375,0.716039603960396,"{""2012"": 15, ""2013"": 33, ""2014"": 33}",3.0,5.0,5.0,"landsat7,landsat8",
LT2007,309515.00000000413,6456055.999999998,-71.0168252985402,-32.0156121795086,2014,2012.0,2014.0,62_1291,134.0,147.0,11.0,2.493150684931507,0.6777777777777778,"{""2012"": 27, ""2013"": 58, ""2014"": 62}",3.0,5.0,5.0,"landsat7,landsat8",
LT2014,307668.0000000006,6488156.000000006,-71.0300132217573,-31.7258766084889,2013,2011.0,2013.0,62_1298,98.0,114.0,11.0,3.221238938053097,0.5657471264367816,"{""2011"": 42, ""2012"": 24, ""2013"": 48}",3.0,5.0,5.0,"landsat5,landsat7,landsat8",
LT2015,309635.9999999977,6545248.000000002,-70.9982823803269,-31.2114053910741,2015,2013.0,2015.0,62_1309,170.0,185.0,7.0,1.9782608695652173,0.6964227642276423,"{""2013"": 57, ""2014"": 63, ""2015"": 65}",3.0,5.0,5.0,"landsat7,landsat8",
LT0050,307539.9999999989,4197074.0,-71.8253942933227,-52.3428122041732,2015,2013.0,2015.0,62_839,20.0,26.0,111.0,13.6,0.1151648351648351,"{""2013"": 7, ""2014"": 6, ""2015"": 13}",3.0,5.0,5.0,"landsat7,landsat8",
LT0062,311217.9999999989,4224409.0,-71.756218291756,-52.0986178779983,2014,2012.0,2014.0,62_845,23.0,31.0,137.0,11.5,0.1575838926174496,"{""2012"": 5, ""2013"": 6, ""2014"": 20}",3.0,5.0,5.0,"landsat7,landsat8",
LT0066,311719.9999999969,4231506.000000005,-71.7449847050276,-52.035054190869,2018,2016.0,2018.0,62_846,48.0,55.0,107.0,6.592592592592593,0.2516402116402116,"{""2016"": 23, ""2017"": 16, ""2018"": 16}",3.0,5.0,5.0,"landsat7,landsat8",
LT0447,312814.99999999686,5048813.000000004,-71.3622562548116,-44.6896240055311,2014,2012.0,2014.0,63_1010,14.0,22.0,110.0,16.61904761904762,0.1704166666666666,"{""2012"": 3, ""2013"": 7, ""2014"": 12}",3.0,5.0,5.0,"landsat7,landsat8",
LT0451,314660.00000000314,5050953.000000003,-71.3382172265365,-44.6708539613618,2014,2012.0,2014.0,63_1010,27.0,32.0,56.0,11.258064516129032,0.285,"{""2012"": 4, ""2013"": 10, ""2014"": 18}",3.0,5.0,5.0,"landsat7,landsat8",
LT1337,313410.99999999657,5714956.999999998,-71.1455012282481,-38.6943431652879,2016,2014.0,2016.0,63_1143,59.0,66.0,72.0,5.584615384615384,0.4074820143884892,"{""2014"": 21, ""2015"": 24, ""2016"": 21}",3.0,5.0,5.0,"landsat7,landsat8",
LT1482,315526.0000000028,5776218.000000007,-71.1051175011834,-38.143063368014,2017,2015.0,2017.0,63_1155,96.0,112.0,37.0,3.279279279279279,0.3636781609195402,"{""2015"": 37, ""2016"": 43, ""2017"": 32}",3.0,5.0,5.0,"landsat7,landsat8",
LT1802,313288.000000001,6048271.0,-71.0634971929241,-35.6918132050406,2012,2010.0,2012.0,63_1210,45.0,55.0,29.0,6.722222222222222,0.6093150684931506,"{""2010"": 22, ""2011"": 16, ""2012"": 17}",3.0,5.0,5.0,"landsat5,landsat7",
LT1806,312800.00000000314,6056249.999999995,-71.0670331553901,-35.6198252953247,2015,2013.0,2015.0,63_1211,74.0,84.0,24.0,4.373493975903615,0.6177049180327869,"{""2013"": 27, ""2014"": 30, ""2015"": 27}",3.0,5.0,5.0,"landsat7,landsat8",
LT1809,315672.0000000022,6058421.000000002,-71.0348433676311,-35.6008026029213,2012,2010.0,2012.0,63_1212,39.0,47.0,67.0,7.891304347826087,0.5495890410958905,"{""2010"": 19, ""2011"": 14, ""2012"": 14}",3.0,5.0,5.0,"landsat5,landsat7",
LT1808,314671.9999999985,6058366.000000004,-71.045888960762,-35.6011113189411,2014,2012.0,2014.0,63_1212,61.0,72.0,14.0,5.112676056338028,0.6203921568627451,"{""2012"": 15, ""2013"": 27, ""2014"": 30}",3.0,5.0,5.0,"landsat7,landsat8",
LT1815,315717.9999999998,6063185.999999994,-71.0332499078964,-35.5578743329877,2016,2014.0,2016.0,63_1213,60.0,69.0,29.0,5.294117647058823,0.470077519379845,"{""2014"": 21, ""2015"": 23, ""2016"": 25}",3.0,5.0,5.0,"landsat7,landsat8",
LT1829,315572.9999999952,6076432.999999995,-71.0318395400494,-35.4384785811454,2012,2010.0,2012.0,63_1215,44.0,56.0,29.0,6.6,0.5745454545454546,"{""2010"": 23, ""2011"": 19, ""2012"": 14}",3.0,5.0,5.0,"landsat5,landsat7",
LT1830,314496.9999999993,6077411.0,-71.0434644019662,-35.4294657480619,2014,2012.0,2014.0,63_1215,71.0,77.0,14.0,4.776315789473684,0.6788461538461539,"{""2012"": 16, ""2013"": 26, ""2014"": 35}",3.0,5.0,5.0,"landsat7,landsat8",
LT1832,313482.9999999975,6079330.000000004,-71.0541888388004,-35.411984127787,2014,2012.0,2014.0,63_1216,66.0,75.0,19.0,4.905405405405405,0.6307692307692307,"{""2012"": 17, ""2013"": 24, ""2014"": 34}",3.0,5.0,5.0,"landsat7,landsat8",
LT1835,316220.00000000204,6085764.999999994,-71.0226135388803,-35.354505693359,2012,2010.0,2012.0,63_1217,46.0,54.0,29.0,6.849056603773585,0.6123076923076923,"{""2010"": 22, ""2011"": 18, ""2012"": 14}",3.0,5.0,5.0,"landsat5,landsat7",
LT1833,314046.99999999994,6083328.000000002,-71.0470697734203,-35.37606329917,2015,2013.0,2015.0,63_1217,73.0,80.0,24.0,4.594936708860759,0.5814173228346456,"{""2013"": 24, ""2014"": 32, ""2015"": 24}",3.0,5.0,5.0,"landsat7,landsat8",
LT1834,313279.9999999988,6084290.999999996,-71.055288376132,-35.367242323131,2016,2014.0,2016.0,63_1217,72.0,81.0,14.0,4.5375,0.5435114503816794,"{""2014"": 33, ""2015"": 23, ""2016"": 25}",3.0,5.0,5.0,"landsat7,landsat8",
LT1836,315744.9999999993,6090448.999999998,-71.0267838257644,-35.3122092577968,2013,2011.0,2013.0,63_1218,56.0,61.0,29.0,6.05,0.6377528089887641,"{""2011"": 19, ""2012"": 15, ""2013"": 27}",3.0,5.0,5.0,"landsat5,landsat7,landsat8",
LT1839,312756.0000000012,6095490.000000001,-71.0584929792789,-35.2662285055516,2016,2014.0,2016.0,63_1219,74.0,80.0,16.0,4.594936708860759,0.5870866141732284,"{""2014"": 30, ""2015"": 24, ""2016"": 26}",3.0,5.0,5.0,"landsat7,landsat8",
LT1845,313997.999999997,6102352.0,-71.0432947230429,-35.2046242136543,2014,2012.0,2014.0,63_1220,62.0,70.0,19.0,5.260869565217392,0.6311111111111111,"{""2012"": 16, ""2013"": 25, ""2014"": 29}",3.0,5.0,5.0,"landsat7,landsat8",
LT1909,317303.0000000008,6214611.999999996,-70.9827175875121,-34.1934986743978,2016,2014.0,2016.0,63_1243,74.0,74.0,19.0,4.972602739726027,0.5967741935483871,"{""2014"": 28, ""2015"": 23, ""2016"": 23}",3.0,5.0,5.0,"landsat7,landsat8",
LT1910,316244.00000000204,6215563.999999996,-70.9940022531547,-34.1847319030855,2016,2014.0,2016.0,63_1243,74.0,74.0,19.0,4.972602739726027,0.5967741935483871,"{""2014"": 28, ""2015"": 22, ""2016"": 24}",3.0,5.0,5.0,"landsat7,landsat8",
LT1922,313197.0000000012,6233376.0,-71.0232219437504,-34.0236485903007,2014,2012.0,2014.0,63_1247,71.0,72.0,21.0,5.112676056338028,0.7183673469387755,"{""2012"": 15, ""2013"": 28, ""2014"": 29}",3.0,5.0,5.0,"landsat7,landsat8",
LT1930,313683.99999999825,6244374.000000002,-71.0156088379137,-33.9246063769995,2014,2012.0,2014.0,63_1249,76.0,76.0,21.0,4.84,0.7335922330097088,"{""2012"": 15, ""2013"": 31, ""2014"": 30}",3.0,5.0,5.0,"landsat7,landsat8",
LT1936,316912.99999999953,6254756.999999999,-70.9785333012407,-33.8315838554984,2013,2011.0,2013.0,63_1251,63.0,65.0,24.0,5.671875,0.7227272727272728,"{""2011"": 21, ""2012"": 15, ""2013"": 29}",3.0,5.0,5.0,"landsat5,landsat7,landsat8",
LT1939,313658.0000000044,6259365.000000002,-71.0127164268567,-33.7894798087747,2013,2011.0,2013.0,63_1252,61.0,61.0,19.0,6.05,0.7074418604651163,"{""2011"": 20, ""2012"": 15, ""2013"": 26}",3.0,5.0,5.0,"landsat5,landsat7,landsat8",
LT1949,316397.00000000495,6298540.0,-70.9750737776251,-33.4368318658761,2013,2011.0,2013.0,63_1260,55.0,61.0,18.0,6.05,0.6338823529411765,"{""2011"": 22, ""2012"": 15, ""2013"": 24}",3.0,5.0,5.0,"landsat5,landsat7,landsat8",
LT1988,313336.00000000134,6351437.999999996,-70.997125705438,-32.9594507539872,2012,2010.0,2012.0,63_1270,50.0,63.0,42.0,5.854838709677419,0.6656410256410257,"{""2010"": 25, ""2011"": 23, ""2012"": 15}",3.0,5.0,5.0,"landsat5,landsat7",
LT2003,313511.99999999884,6419463.999999996,-70.9816634899078,-32.3461972860622,2013,2011.0,2013.0,63_1284,75.0,88.0,16.0,4.172413793103448,0.5166666666666667,"{""2011"": 34, ""2012"": 19, ""2013"": 35}",3.0,5.0,5.0,"landsat5,landsat7,landsat8",
LT0059,312947.9999999989,4216594.000000003,-71.7352896947833,-52.1693880883326,2012,2010.0,2012.0,63_843,11.0,16.0,150.0,22.6,0.1103157894736842,"{""2010"": 5, ""2011"": 4, ""2012"": 7}",3.0,5.0,5.0,"landsat5,landsat7",
LT1360,317664.00000000047,5726200.000000003,-71.0936790680065,-38.5939770291908,2013,2011.0,2013.0,64_1145,38.0,48.0,40.0,7.531914893617022,0.4879012345679012,"{""2011"": 14, ""2012"": 14, ""2013"": 20}",3.0,5.0,5.0,"landsat5,landsat7,landsat8",
LT1368,319475.0000000015,5729401.0,-71.0720681000771,-38.5655186097961,2015,2013.0,2015.0,64_1146,45.0,55.0,61.0,6.666666666666667,0.3647619047619048,"{""2013"": 16, ""2014"": 17, ""2015"": 22}",3.0,5.0,5.0,"landsat7,landsat8",
LT1414,322495.00000000495,5744582.999999996,-71.033575576852,-38.4293912909479,2016,2014.0,2016.0,64_1149,49.0,51.0,122.0,7.2,0.3552238805970149,"{""2014"": 15, ""2015"": 20, ""2016"": 16}",3.0,5.0,5.0,"landsat7,landsat8",
LT1784,319908.999999996,6021827.0,-70.9963212837393,-35.9313255084256,2014,2012.0,2014.0,64_1204,96.0,118.0,13.0,3.102564102564102,0.4843781094527363,"{""2012"": 23, ""2013"": 45, ""2014"": 50}",3.0,5.0,5.0,"landsat7,landsat8",
LT1797,319589.0000000035,6041561.999999998,-70.9954059647386,-35.7534405888546,2015,2013.0,2015.0,64_1208,96.0,108.0,24.0,3.4018691588785046,0.5474157303370787,"{""2013"": 32, ""2014"": 40, ""2015"": 36}",3.0,5.0,5.0,"landsat7,landsat8",
LT1813,319471.00000000023,6061591.999999998,-70.9922199462321,-35.5729291607676,2016,2014.0,2016.0,64_1212,61.0,73.0,56.0,5.041666666666667,0.4861068702290076,"{""2014"": 23, ""2015"": 23, ""2016"": 27}",3.0,5.0,5.0,"landsat7,landsat8",
LT1823,319806.00000000314,6072686.000000004,-70.9860596512864,-35.4730196984185,2012,2010.0,2012.0,64_1215,45.0,56.0,29.0,6.6,0.555,"{""2010"": 23, ""2011"": 16, ""2012"": 17}",3.0,5.0,5.0,"landsat5,landsat7",
LT1824,321560.00000000186,6072898.000000004,-70.9666911236692,-35.4714258092501,2012,2010.0,2012.0,64_1215,53.0,60.0,29.0,6.152542372881356,0.645,"{""2010"": 26, ""2011"": 18, ""2012"": 16}",3.0,5.0,5.0,"landsat5,landsat7",
LT1825,317749.9999999977,6073559.000000005,-71.0085123803352,-35.4647779696826,2012,2010.0,2012.0,64_1215,54.0,56.0,29.0,6.6,0.6715,"{""2010"": 23, ""2011"": 18, ""2012"": 15}",3.0,5.0,5.0,"landsat5,landsat7",
LT1826,318748.9999999952,6073623.000000004,-70.9974944836813,-35.464383920174,2012,2010.0,2012.0,64_1215,47.0,55.0,29.0,6.722222222222222,0.5835,"{""2010"": 23, ""2011"": 17, ""2012"": 15}",3.0,5.0,5.0,"landsat5,landsat7",
LT1831,321495.0000000012,6077796.999999998,-70.9663325552881,-35.4272670762638,2012,2010.0,2012.0,64_1216,51.0,55.0,48.0,6.722222222222222,0.6048192771084338,"{""2010"": 21, ""2011"": 19, ""2012"": 15}",3.0,5.0,5.0,"landsat5,landsat7",
LT1852,322491.00000000384,6110868.000000002,-70.9482135262249,-35.1294166427628,2013,2011.0,2013.0,64_1222,56.0,70.0,18.0,5.260869565217392,0.6431818181818182,"{""2011"": 24, ""2012"": 17, ""2013"": 29}",3.0,5.0,5.0,"landsat5,landsat7,landsat8",
LT1854,321453.9999999983,6111808.000000002,-70.9593860357576,-35.1207619357153,2013,2011.0,2013.0,64_1222,56.0,64.0,22.0,5.761904761904762,0.6213636363636363,"{""2011"": 21, ""2012"": 15, ""2013"": 28}",3.0,5.0,5.0,"landsat5,landsat7,landsat8",
LT1855,319329.0000000032,6111770.999999998,-70.9827017885005,-35.1207162205185,2014,2012.0,2014.0,64_1222,62.0,70.0,21.0,5.260869565217392,0.6278787878787879,"{""2012"": 16, ""2013"": 24, ""2014"": 30}",3.0,5.0,5.0,"landsat7,landsat8",
LT1858,321950.0000000017,6119840.999999999,-70.952219429931,-35.048455901121,2013,2011.0,2013.0,64_1224,53.0,64.0,22.0,5.761904761904762,0.6131818181818182,"{""2011"": 21, ""2012"": 15, ""2013"": 28}",3.0,5.0,5.0,"landsat5,landsat7,landsat8",
LT1859,317779.9999999985,6122595.999999996,-70.9973123239,-35.0228839170193,2014,2012.0,2014.0,64_1225,64.0,66.0,27.0,5.584615384615384,0.6416161616161616,"{""2012"": 12, ""2013"": 26, ""2014"": 28}",3.0,5.0,5.0,"landsat7,landsat8",
LT1911,319297.0000000026,6215664.000000005,-70.960869394358,-34.1843643922628,2016,2014.0,2016.0,64_1243,78.0,79.0,19.0,4.653846153846154,0.6274193548387097,"{""2014"": 28, ""2015"": 25, ""2016"": 26}",3.0,5.0,5.0,"landsat7,landsat8",
LT1937,321869.9999999978,6255863.999999996,-70.9247685207384,-33.822453045349,2013,2011.0,2013.0,64_1251,60.0,61.0,18.0,6.05,0.6719101123595506,"{""2011"": 17, ""2012"": 15, ""2013"": 29}",3.0,5.0,5.0,"landsat5,landsat7,landsat8",
LT1946,319380.0000000039,6281708.000000004,-70.9463967429974,-33.5890694168122,2013,2011.0,2013.0,64_1256,57.0,59.0,16.0,6.258620689655173,0.6668235294117647,"{""2011"": 20, ""2012"": 15, ""2013"": 24}",3.0,5.0,5.0,"landsat5,landsat7,landsat8",
LT1947,318180.00000000244,6285518.000000002,-70.9585456066706,-33.5545210395991,2013,2011.0,2013.0,64_1257,53.0,56.0,24.0,6.6,0.6287058823529412,"{""2011"": 18, ""2012"": 14, ""2013"": 24}",3.0,5.0,5.0,"landsat5,landsat7,landsat8",
LT1757,327478.0000000039,5999061.000000005,-70.9174290754022,-36.1378320676697,2015,2013.0,2015.0,65_1200,127.0,147.0,12.0,2.493150684931507,0.5298785425101215,"{""2013"": 40, ""2014"": 51, ""2015"": 56}",3.0,5.0,5.0,"landsat7,landsat8",
LT1758,325281.99999999534,5999944.0,-70.9416270495398,-36.1294826049294,2015,2013.0,2015.0,65_1200,113.0,129.0,64.0,2.84375,0.4696356275303643,"{""2013"": 36, ""2014"": 46, ""2015"": 47}",3.0,5.0,5.0,"landsat7,landsat8",
LT1771,323592.0000000018,6010742.000000005,-70.9579833759126,-36.0318809734706,2016,2014.0,2016.0,65_1202,147.0,164.0,13.0,2.233128834355828,0.5629007633587786,"{""2014"": 53, ""2015"": 55, ""2016"": 56}",3.0,5.0,5.0,"landsat7,landsat8",
LT1774,326469.99999999785,6013059.999999998,-70.9255478831028,-36.0115111813863,2014,2012.0,2014.0,65_1203,78.0,92.0,93.0,3.989010989010989,0.3787064676616915,"{""2012"": 19, ""2013"": 36, ""2014"": 37}",3.0,5.0,5.0,"landsat7,landsat8",
LT1776,326337.0000000001,6015049.999999998,-70.9265865429957,-35.9935559352506,2014,2012.0,2014.0,65_1203,90.0,104.0,42.0,3.5242718446601944,0.4459701492537313,"{""2012"": 22, ""2013"": 39, ""2014"": 43}",3.0,5.0,5.0,"landsat7,landsat8",
LT1805,324889.999999998,6056105.000000005,-70.9336391003011,-35.6233480506875,2013,2011.0,2013.0,65_1211,83.0,101.0,13.0,3.63,0.5260377358490566,"{""2011"": 35, ""2012"": 27, ""2013"": 39}",3.0,5.0,5.0,"landsat5,landsat7,landsat8",
LT1812,325266.99999999616,6060574.999999994,-70.9285111307987,-35.5831337558566,2013,2011.0,2013.0,65_1212,87.0,92.0,15.0,3.989010989010989,0.5476129032258065,"{""2011"": 29, ""2012"": 26, ""2013"": 37}",3.0,5.0,5.0,"landsat5,landsat7,landsat8",
LT1840,326339.99999999686,6096107.999999994,-70.9091014444041,-35.2631073884816,2016,2014.0,2016.0,65_1219,72.0,81.0,19.0,4.5375,0.5587596899224806,"{""2014"": 30, ""2015"": 25, ""2016"": 26}",3.0,5.0,5.0,"landsat7,landsat8",
LT1841,326483.0000000017,6097309.999999999,-70.9072762880737,-35.2522996986099,2016,2014.0,2016.0,65_1219,81.0,85.0,19.0,4.321428571428571,0.6192248062015504,"{""2014"": 33, ""2015"": 24, ""2016"": 28}",3.0,5.0,5.0,"landsat7,landsat8",
LT1847,322805.99999999534,6103927.999999998,-70.9462478656359,-35.1920153608967,2014,2012.0,2014.0,65_1221,68.0,76.0,16.0,4.84,0.6698989898989899,"{""2012"": 15, ""2013"": 29, ""2014"": 32}",3.0,5.0,5.0,"landsat7,landsat8",
LT1846,322720.00000000244,6102717.000000004,-70.947452537108,-35.2029136192363,2015,2013.0,2015.0,65_1221,84.0,87.0,13.0,4.22093023255814,0.6856198347107438,"{""2013"": 29, ""2014"": 31, ""2015"": 27}",3.0,5.0,5.0,"landsat7,landsat8",
LT1856,323428.0000000035,6111937.0,-70.9377066530774,-35.1199475751007,2014,2012.0,2014.0,65_1222,73.0,79.0,14.0,4.653846153846154,0.7333333333333333,"{""2012"": 17, ""2013"": 32, ""2014"": 30}",3.0,5.0,5.0,"landsat7,landsat8",
LT1866,326222.9999999959,6132109.999999996,-70.9028298177319,-34.9386268329906,2012,2010.0,2012.0,65_1226,58.0,59.0,29.0,6.258620689655173,0.7314285714285714,"{""2010"": 23, ""2011"": 21, ""2012"": 15}",3.0,5.0,5.0,"landsat5,landsat7",
LT1865,324246.99999999953,6130944.999999998,-70.9247013399966,-34.9487855394922,2013,2011.0,2013.0,65_1226,55.0,63.0,26.0,5.854838709677419,0.6281818181818182,"{""2011"": 22, ""2012"": 15, ""2013"": 26}",3.0,5.0,5.0,"landsat5,landsat7,landsat8",
LT1871,324620.99999999953,6142006.000000004,-70.9182876337222,-34.8491629095508,2016,2014.0,2016.0,65_1228,69.0,70.0,27.0,5.260869565217392,0.5445161290322581,"{""2014"": 27, ""2015"": 23, ""2016"": 20}",3.0,5.0,5.0,"landsat7,landsat8",
LT1912,323224.99999999965,6215963.0,-70.9182055505761,-34.1823429955976,2014,2012.0,2014.0,65_1243,67.0,67.0,21.0,5.5,0.6727272727272727,"{""2012"": 12, ""2013"": 29, ""2014"": 26}",3.0,5.0,5.0,"landsat7,landsat8",
LT2013,324194.00000000175,6479056.999999997,-70.8573064259922,-31.810584080389,2014,2012.0,2014.0,65_1296,100.0,114.0,9.0,3.1769911504424777,0.5925748502994012,"{""2012"": 25, ""2013"": 43, ""2014"": 46}",3.0,5.0,5.0,"landsat7,landsat8",
LT2019,323865.9999999971,6591182.000000004,-70.8409957680483,-30.7993820981155,2014,2012.0,2014.0,65_1318,134.0,153.0,8.0,2.3947368421052637,0.6995876288659794,"{""2012"": 31, ""2013"": 59, ""2014"": 63}",3.0,5.0,5.0,"landsat7,landsat8",
LT2018,325217.9999999964,6590080.999999998,-70.8270583300582,-30.8095118131025,2015,2013.0,2015.0,65_1318,170.0,179.0,6.0,2.033707865168539,0.7075105485232067,"{""2013"": 54, ""2014"": 62, ""2015"": 63}",3.0,5.0,5.0,"landsat7,landsat8",
LT0045,325401.9999999986,4187527.999999997,-71.5684470990305,-52.4345247657705,2015,2013.0,2015.0,65_838,51.0,63.0,100.0,5.693548387096774,0.2857142857142857,"{""2013"": 18, ""2014"": 23, ""2015"": 22}",3.0,5.0,5.0,"landsat7,landsat8",
LT0046,327391.9999999976,4187688.999999997,-71.5391211766727,-52.4337106379534,2020,2018.0,2020.0,65_838,54.0,64.0,96.0,5.428571428571429,0.3017582417582418,"{""2018"": 23, ""2019"": 20, ""2020"": 21}",3.0,5.0,5.0,"landsat7,landsat8",
LT0047,327328.99999999907,4188700.000000004,-71.5395246880076,-52.4246104877526,2020,2018.0,2020.0,65_838,46.0,56.0,96.0,6.218181818181818,0.2582417582417582,"{""2018"": 18, ""2019"": 20, ""2020"": 18}",3.0,5.0,5.0,"landsat7,landsat8",
LT0048,323803.00000000035,4194420.999999998,-71.5883155547468,-52.3721047489139,2020,2018.0,2020.0,65_839,39.0,48.0,96.0,7.340425531914893,0.2076595744680851,"{""2018"": 18, ""2019"": 16, ""2020"": 14}",3.0,5.0,5.0,"landsat7,landsat8",
LT0049,324818.9999999984,4194491.999999996,-71.5733699214307,-52.3717928296572,2020,2018.0,2020.0,65_839,39.0,48.0,96.0,7.0212765957446805,0.2006382978723404,"{""2018"": 19, ""2019"": 14, ""2020"": 15}",3.0,5.0,5.0,"landsat7,landsat8",
LT0055,326326.00000000175,4212684.999999999,-71.5418802669635,-52.208869816451,2016,2014.0,2016.0,65_843,56.0,60.0,97.0,6.016949152542373,0.2747643979057592,"{""2014"": 18, ""2015"": 23, ""2016"": 19}",3.0,5.0,5.0,"landsat7,landsat8",
LT0058,326227.00000000105,4213628.0,-71.5428438501356,-52.2003687927263,2016,2014.0,2016.0,65_843,51.0,59.0,97.0,6.120689655172414,0.2613612565445026,"{""2014"": 18, ""2015"": 19, ""2016"": 22}",3.0,5.0,5.0,"landsat7,landsat8",
LT1355,329833.9999999999,5723962.999999996,-70.9545614310967,-38.6165412344536,2013,2011.0,2013.0,66_1145,32.0,37.0,70.0,9.833333333333334,0.405,"{""2011"": 11, ""2012"": 12, ""2013"": 14}",3.0,5.0,5.0,"landsat5,landsat7,landsat8",
LT1410,327671.99999999744,5741932.999999999,-70.9749492069117,-38.4542735176858,2017,2015.0,2017.0,66_1148,46.0,52.0,67.0,7.117647058823529,0.3358208955223881,"{""2015"": 21, ""2016"": 16, ""2017"": 15}",3.0,5.0,5.0,"landsat7,landsat8",
LT1759,328217.0000000006,6001108.0,-70.9087730440484,-36.1195182845246,2015,2013.0,2015.0,66_1200,138.0,147.0,16.0,2.493150684931507,0.551417004048583,"{""2013"": 45, ""2014"": 48, ""2015"": 54}",3.0,5.0,5.0,"landsat7,landsat8",
LT1810,328646.99999999744,6059175.000000001,-70.8915215958242,-35.5963410575788,2013,2011.0,2013.0,66_1212,97.0,110.0,15.0,3.330275229357798,0.5632941176470588,"{""2011"": 36, ""2012"": 24, ""2013"": 50}",3.0,5.0,5.0,"landsat5,landsat7,landsat8",
LT1811,328525.00000000227,6060179.999999998,-70.8926544052084,-35.5872632340139,2013,2011.0,2013.0,66_1212,92.0,112.0,15.0,3.27027027027027,0.5597647058823529,"{""2011"": 37, ""2012"": 27, ""2013"": 48}",3.0,5.0,5.0,"landsat5,landsat7,landsat8",
LT1820,329944.9999999986,6070322.0,-70.874859653756,-35.4961107659891,2018,2016.0,2018.0,66_1214,73.0,83.0,72.0,4.426829268292683,0.3088412017167382,"{""2016"": 31, ""2017"": 26, ""2018"": 26}",3.0,5.0,5.0,"landsat7,landsat8",
LT1862,328566.0000000049,6125359.999999996,-70.8785754220468,-34.9998611542578,2015,2013.0,2015.0,66_1225,77.0,81.0,21.0,4.5375,0.6300826446280992,"{""2013"": 27, ""2014"": 31, ""2015"": 23}",3.0,5.0,5.0,"landsat7,landsat8",
LT1863,331498.00000000483,6127419.000000006,-70.8460446540351,-34.9817967631118,2016,2014.0,2016.0,66_1225,65.0,79.0,16.0,4.653846153846154,0.5168253968253969,"{""2014"": 30, ""2015"": 24, ""2016"": 25}",3.0,5.0,5.0,"landsat7,landsat8",
LT1864,331425.99999999645,6128413.999999998,-70.8466317160051,-34.972817055788,2013,2011.0,2013.0,66_1226,62.0,62.0,26.0,5.950819672131147,0.6791011235955056,"{""2011"": 21, ""2012"": 15, ""2013"": 26}",3.0,5.0,5.0,"landsat5,landsat7,landsat8",
LT1867,330137.9999999949,6133348.999999998,-70.8597293448911,-34.9281237958515,2016,2014.0,2016.0,66_1227,75.0,80.0,19.0,4.556962025316456,0.613225806451613,"{""2014"": 30, ""2015"": 25, ""2016"": 25}",3.0,5.0,5.0,"landsat7,landsat8",
LT1885,327818.0000000044,6172214.999999995,-70.8771716189646,-34.5774357131686,2013,2011.0,2013.0,66_1234,58.0,59.0,22.0,6.258620689655173,0.6522727272727272,"{""2011"": 19, ""2012"": 16, ""2013"": 24}",3.0,5.0,5.0,"landsat5,landsat7,landsat8",
LT1893,331982.9999999956,6186431.000000001,-70.8289815027688,-34.4499889515075,2013,2011.0,2013.0,66_1237,52.0,56.0,32.0,6.6,0.5913636363636363,"{""2011"": 18, ""2012"": 13, ""2013"": 25}",3.0,5.0,5.0,"landsat5,landsat7,landsat8",
LT2016,330135.0000000035,6571737.000000007,-70.7787366040117,-30.9756710483272,2015,2013.0,2015.0,66_1314,167.0,186.0,6.0,1.967567567567568,0.6925102880658436,"{""2013"": 59, ""2014"": 66, ""2015"": 61}",3.0,5.0,5.0,"landsat7,landsat8",
LT1876,335085.0000000028,6150523.000000003,-70.8022120103018,-34.7741482789725,2015,2013.0,2015.0,67_1230,74.0,81.0,24.0,4.5375,0.5983471074380166,"{""2013"": 28, ""2014"": 26, ""2015"": 27}",3.0,5.0,5.0,"landsat7,landsat8",
LT1878,334014.00000000274,6151551.000000001,-70.8137080790746,-34.7647088581557,2015,2013.0,2015.0,67_1230,76.0,82.0,19.0,4.481481481481482,0.6254545454545455,"{""2013"": 28, ""2014"": 28, ""2015"": 26}",3.0,5.0,5.0,"landsat7,landsat8",
LT1886,332792.9999999993,6172494.000000002,-70.8229026116876,-34.5757429672955,2014,2012.0,2014.0,67_1234,66.0,72.0,22.0,5.112676056338028,0.6682828282828283,"{""2012"": 16, ""2013"": 28, ""2014"": 28}",3.0,5.0,5.0,"landsat7,landsat8",
LT1889,335317.99999999814,6180657.999999997,-70.793807175242,-34.5025631771085,2014,2012.0,2014.0,67_1236,61.0,66.0,19.0,5.584615384615384,0.6092929292929293,"{""2012"": 13, ""2013"": 27, ""2014"": 26}",3.0,5.0,5.0,"landsat7,landsat8",
LT2000,336289.9999999984,6405744.000000001,-70.7420978738875,-32.473481152408,2012,2010.0,2012.0,67_1281,63.0,71.0,26.0,5.185714285714286,0.7350588235294118,"{""2010"": 27, ""2011"": 26, ""2012"": 18}",3.0,5.0,5.0,"landsat5,landsat7",
LT2001,334009.9999999978,6410619.999999995,-70.7654925022503,-32.4291768369473,2012,2010.0,2012.0,67_1282,69.0,72.0,26.0,5.112676056338028,0.8056470588235294,"{""2010"": 29, ""2011"": 25, ""2012"": 18}",3.0,5.0,5.0,"landsat5,landsat7",
LT2002,336667.0000000021,6416770.000000006,-70.7361815091594,-32.3741146272831,2014,2012.0,2014.0,67_1283,74.0,84.0,11.0,4.373493975903615,0.7249523809523809,"{""2012"": 18, ""2013"": 34, ""2014"": 32}",3.0,5.0,5.0,"landsat7,landsat8",
LT1875,338226.00000000314,6148815.0,-70.7682299505396,-34.7900464960091,2016,2014.0,2016.0,68_1230,80.0,83.0,19.0,4.426829268292683,0.6311111111111111,"{""2014"": 31, ""2015"": 27, ""2016"": 25}",3.0,5.0,5.0,"landsat7,landsat8",
LT1880,337930.00000000297,6169956.000000006,-70.7674070490798,-34.5994433229723,2015,2013.0,2015.0,68_1234,76.0,84.0,14.0,4.301204819277109,0.6307438016528926,"{""2013"": 31, ""2014"": 27, ""2015"": 26}",3.0,5.0,5.0,"landsat7,landsat8",
LT1896,338168.0000000021,6198884.999999996,-70.7593307347727,-34.3387162832876,2016,2014.0,2016.0,68_1240,71.0,72.0,19.0,5.112676056338028,0.5632258064516129,"{""2014"": 26, ""2015"": 26, ""2016"": 20}",3.0,5.0,5.0,"landsat7,landsat8",
LT1924,338009.9999999977,6236698.000000004,-70.75398077437,-33.9978294495987,2014,2012.0,2014.0,68_1247,60.0,65.0,24.0,5.671875,0.598019801980198,"{""2012"": 14, ""2013"": 28, ""2014"": 23}",3.0,5.0,5.0,"landsat7,landsat8",
LT2004,341223.9999999962,6425015.999999996,-70.6863803887473,-32.3004147026891,2014,2012.0,2014.0,68_1285,79.0,83.0,14.0,4.426829268292683,0.7627184466019418,"{""2012"": 17, ""2013"": 33, ""2014"": 33}",3.0,5.0,5.0,"landsat7,landsat8",
LT1860,343599.9999999963,6124145.000000004,-70.7141297995965,-35.013249843439,2015,2013.0,2015.0,69_1225,128.0,141.0,13.0,2.6,0.5483760683760683,"{""2013"": 41, ""2014"": 54, ""2015"": 46}",3.0,5.0,5.0,"landsat7,landsat8",
LT1870,346608.0000000037,6142320.000000002,-70.6778352992498,-34.8498876823357,2016,2014.0,2016.0,69_1228,117.0,132.0,11.0,2.778625954198473,0.4857851239669421,"{""2014"": 47, ""2015"": 45, ""2016"": 40}",3.0,5.0,5.0,"landsat7,landsat8",
LT1881,342890.99999999907,6170065.000000001,-70.7133078431417,-34.5992323412548,2016,2014.0,2016.0,69_1234,69.0,77.0,19.0,4.7105263157894735,0.5419047619047619,"{""2014"": 27, ""2015"": 25, ""2016"": 25}",3.0,5.0,5.0,"landsat7,landsat8",
LT1897,345212.999999995,6199217.999999997,-70.6827119341497,-34.3367908334736,2013,2011.0,2013.0,69_1240,57.0,65.0,16.0,5.671875,0.6310112359550561,"{""2011"": 19, ""2012"": 15, ""2013"": 31}",3.0,5.0,5.0,"landsat5,landsat7,landsat8",
LT1899,346101.0000000041,6201280.000000002,-70.672692980771,-34.3183350299975,2013,2011.0,2013.0,69_1240,56.0,67.0,16.0,5.5,0.6301123595505618,"{""2011"": 20, ""2012"": 15, ""2013"": 32}",3.0,5.0,5.0,"landsat5,landsat7,landsat8",
LT1999,345425.9999999998,6403258.000000002,-70.6453218759155,-32.4972061376604,2014,2012.0,2014.0,69_1281,85.0,85.0,11.0,4.321428571428571,0.8076190476190476,"{""2012"": 17, ""2013"": 33, ""2014"": 35}",3.0,5.0,5.0,"landsat7,landsat8",
LT0031,347286.99999999744,4082026.0000000047,-71.2964049050825,-53.3887473615569,2016,2014.0,2016.0,69_816,33.0,39.0,111.0,9.18421052631579,0.1893641618497109,"{""2014"": 9, ""2015"": 11, ""2016"": 19}",3.0,5.0,5.0,"landsat7,landsat8",
LT0060,346066.99999999674,4218007.999999999,-71.2507925341665,-52.1669170918672,2016,2014.0,2016.0,69_844,53.0,58.0,92.0,6.280701754385965,0.2780851063829787,"{""2014"": 12, ""2015"": 21, ""2016"": 25}",3.0,5.0,5.0,"landsat7,landsat8",
LT1917,352486.0000000041,6228696.999999996,-70.5986477701827,-34.0720960147157,2015,2013.0,2015.0,70_1246,77.0,81.0,13.0,4.5375,0.630569105691057,"{""2013"": 28, ""2014"": 27, ""2015"": 26}",3.0,5.0,5.0,"landsat7,landsat8",
LT0032,353256.0000000002,4082516.0000000047,-71.2064935104444,-53.3860381494628,2015,2013.0,2015.0,71_817,32.0,39.0,120.0,9.157894736842104,0.1932919254658385,"{""2013"": 11, ""2014"": 11, ""2015"": 17}",3.0,5.0,5.0,"landsat7,landsat8",
LT0034,356122.0000000013,4095829.999999999,-71.1573891955368,-53.2672330087179,2013,2011.0,2013.0,71_819,13.0,13.0,188.0,28.416666666666668,0.1254736842105263,"{""2011"": 3, ""2012"": 4, ""2013"": 6}",3.0,5.0,5.0,"landsat5,landsat7,landsat8",
LT0035,356010.99999999825,4097735.999999998,-71.1581898945151,-53.2500819575585,2013,2011.0,2013.0,71_820,14.0,18.0,175.0,20.11764705882353,0.1528421052631579,"{""2011"": 7, ""2012"": 4, ""2013"": 7}",3.0,5.0,5.0,"landsat5,landsat7,landsat8",
LT0037,354643.0000000018,4113735.0000000056,-71.1714054020195,-53.105995278737,2019,2017.0,2019.0,71_823,33.0,40.0,105.0,8.153846153846153,0.2169620253164557,"{""2017"": 12, ""2018"": 12, ""2019"": 16}",3.0,5.0,5.0,"landsat7,landsat8",
LT1900,358817.0000000029,6206063.999999996,-70.5337470097356,-34.2770155154963,2015,2013.0,2015.0,72_1241,110.0,118.0,13.0,3.102564102564102,0.56,"{""2013"": 37, ""2014"": 42, ""2015"": 39}",3.0,5.0,5.0,"landsat7,landsat8",
LT1903,357626.0000000001,6209055.000000003,-70.546187723984,-34.2498883429155,2015,2013.0,2015.0,72_1242,88.0,100.0,15.0,3.6666666666666665,0.5159281437125749,"{""2013"": 33, ""2014"": 34, ""2015"": 33}",3.0,5.0,5.0,"landsat7,landsat8",
LT1944,361996.000000004,6271044.999999994,-70.488968677385,-33.6915827939939,2013,2011.0,2013.0,72_1254,67.0,69.0,16.0,5.338235294117647,0.7627586206896552,"{""2011"": 21, ""2012"": 17, ""2013"": 31}",3.0,5.0,5.0,"landsat5,landsat7,landsat8",
LT1955,360618.9999999981,6312101.999999995,-70.4974306082386,-33.3212108300126,2013,2011.0,2013.0,72_1262,56.0,66.0,16.0,5.584615384615384,0.6586046511627907,"{""2011"": 20, ""2012"": 16, ""2013"": 30}",3.0,5.0,5.0,"landsat5,landsat7,landsat8",
LT0036,360458.000000001,4104192.999999996,-71.0887598639502,-53.1932656344119,2019,2017.0,2019.0,72_821,25.0,28.0,101.0,13.037037037037036,0.1650632911392405,"{""2017"": 8, ""2018"": 7, ""2019"": 13}",3.0,5.0,5.0,"landsat7,landsat8",
LT0040,361388.999999998,4177477.000000004,-71.04365021248,-52.5351382775529,2016,2014.0,2016.0,72_835,51.0,58.0,101.0,6.315789473684211,0.2835754189944134,"{""2014"": 13, ""2015"": 20, ""2016"": 25}",3.0,5.0,5.0,"landsat7,landsat8",
LT1877,367044.0000000008,6151524.000000004,-70.4529132146228,-34.7697934995087,2015,2013.0,2015.0,73_1230,121.0,135.0,15.0,2.708955223880597,0.5122362869198313,"{""2013"": 40, ""2014"": 46, ""2015"": 49}",3.0,5.0,5.0,"landsat7,landsat8",
LT1904,365600.0000000022,6209455.000000004,-70.4595529276596,-34.2473436302837,2014,2012.0,2014.0,73_1242,105.0,117.0,13.0,3.1293103448275863,0.5463917525773195,"{""2012"": 24, ""2013"": 43, ""2014"": 50}",3.0,5.0,5.0,"landsat7,landsat8",
LT1905,364556.9999999972,6210403.999999997,-70.4707275463818,-34.2386524857215,2014,2012.0,2014.0,73_1242,96.0,115.0,12.0,3.1842105263157894,0.5117525773195877,"{""2012"": 23, ""2013"": 44, ""2014"": 48}",3.0,5.0,5.0,"landsat7,landsat8",
LT1941,364503.9999999958,6261430.0,-70.4633882260505,-33.7785981947907,2013,2011.0,2013.0,73_1252,56.0,64.0,19.0,5.761904761904762,0.6290909090909091,"{""2011"": 22, ""2012"": 15, ""2013"": 27}",3.0,5.0,5.0,"landsat5,landsat7,landsat8",
LT1942,367495.9999999987,6262508.000000006,-70.4309212163441,-33.769257421553,2013,2011.0,2013.0,73_1253,61.0,68.0,16.0,5.417910447761194,0.6524731182795699,"{""2011"": 21, ""2012"": 18, ""2013"": 29}",3.0,5.0,5.0,"landsat5,landsat7,landsat8",
LT1943,367368.0000000001,6264513.999999994,-70.4320022598555,-33.7511543997766,2013,2011.0,2013.0,73_1253,61.0,67.0,18.0,5.5,0.6563440860215054,"{""2011"": 22, ""2012"": 16, ""2013"": 29}",3.0,5.0,5.0,"landsat5,landsat7,landsat8",
LT1945,363642.9999999989,6277262.000000002,-70.4702497667632,-33.6357404808702,2013,2011.0,2013.0,73_1255,57.0,67.0,16.0,5.5,0.6528735632183909,"{""2011"": 21, ""2012"": 17, ""2013"": 29}",3.0,5.0,5.0,"landsat5,landsat7,landsat8",
LT1958,365138.00000000175,6315286.000000006,-70.4484199278907,-33.2930762316947,2013,2011.0,2013.0,73_1263,56.0,67.0,14.0,5.5,0.6437209302325582,"{""2011"": 21, ""2012"": 14, ""2013"": 32}",3.0,5.0,5.0,"landsat5,landsat7,landsat8",
LT0028,367142.000000003,4060627.000000002,-71.0071102988795,-53.5863465013244,2013,2011.0,2013.0,73_812,10.0,18.0,124.0,20.529411764705884,0.1237894736842105,"{""2011"": 7, ""2012"": 5, ""2013"": 6}",3.0,5.0,5.0,"landsat5,landsat7,landsat8",
LT0033,365204.0000000009,4083551.999999996,-71.0265258498063,-53.3799156664285,2017,2015.0,2017.0,73_817,41.0,52.0,123.0,6.8431372549019605,0.2536645962732919,"{""2015"": 18, ""2016"": 23, ""2017"": 11}",3.0,5.0,5.0,"landsat7,landsat8",
LT0038,363103.9999999997,4120462.000000007,-71.0422392136639,-53.0478004078188,2013,2011.0,2013.0,73_824,25.0,33.0,116.0,10.5,0.2698947368421052,"{""2011"": 6, ""2012"": 7, ""2013"": 20}",3.0,5.0,5.0,"landsat5,landsat7,landsat8",
LT0039,365839.9999999977,4123700.0,-71.000103594115,-53.019403992077,2013,2011.0,2013.0,73_825,34.0,41.0,108.0,8.5,0.3574736842105263,"{""2011"": 12, ""2012"": 6, ""2013"": 23}",3.0,5.0,5.0,"landsat5,landsat7,landsat8",
LT1898,368067.9999999958,6201605.000000003,-70.4339601834666,-34.3184327884844,2015,2013.0,2015.0,74_1240,132.0,145.0,12.0,2.5277777777777777,0.5610084033613445,"{""2013"": 41, ""2014"": 53, ""2015"": 51}",3.0,5.0,5.0,"landsat7,landsat8",
LT0030,369294.9999999993,4070877.000000001,-70.970324154359,-53.494808923227,2013,2011.0,2013.0,74_814,23.0,32.0,121.0,11.064516129032258,0.2568421052631578,"{""2011"": 8, ""2012"": 7, ""2013"": 17}",3.0,5.0,5.0,"landsat5,landsat7,landsat8",
LT0029,369369.9999999992,4069841.999999997,-70.969625328465,-53.5041253250539,2019,2017.0,2019.0,74_814,45.0,55.0,105.0,6.574074074074074,0.2865822784810126,"{""2017"": 15, ""2018"": 19, ""2019"": 21}",3.0,5.0,5.0,"landsat7,landsat8",
LT1950,374862.0000000027,6304876.000000004,-70.3454529321219,-33.3881204222135,2013,2011.0,2013.0,75_1261,56.0,68.0,16.0,5.328358208955224,0.6363636363636364,"{""2011"": 23, ""2012"": 16, ""2013"": 29}",3.0,5.0,5.0,"landsat5,landsat7,landsat8",
LT1954,376591.9999999997,6311728.000000004,-70.3259193784631,-33.326533195814,2013,2011.0,2013.0,75_1262,48.0,59.0,19.0,6.258620689655173,0.5327272727272727,"{""2011"": 17, ""2012"": 14, ""2013"": 28}",3.0,5.0,5.0,"landsat5,landsat7,landsat8",
LT1956,374413.0000000014,6313771.999999996,-70.3490413748919,-33.3078495379359,2013,2011.0,2013.0,75_1263,50.0,60.0,16.0,6.050847457627119,0.5678160919540229,"{""2011"": 19, ""2012"": 14, ""2013"": 27}",3.0,5.0,5.0,"landsat5,landsat7,landsat8",
LT1894,379870.0000000006,6188122.999999996,-70.307604185021,-34.4414211642527,2016,2014.0,2016.0,76_1238,130.0,148.0,12.0,2.4761904761904763,0.5117786561264822,"{""2014"": 50, ""2015"": 53, ""2016"": 45}",3.0,5.0,5.0,"landsat7,landsat8",
LT1895,379623.00000000105,6191339.000000002,-70.3098397272733,-34.4123971653109,2016,2014.0,2016.0,76_1238,129.0,136.0,11.0,2.696296296296296,0.5111462450592885,"{""2014"": 47, ""2015"": 49, ""2016"": 40}",3.0,5.0,5.0,"landsat7,landsat8",
LT1940,386640.9999999961,6261703.0,-70.2243208822358,-33.7787400390668,2013,2011.0,2013.0,77_1252,83.0,101.0,16.0,3.63,0.4886549707602339,"{""2011"": 40, ""2012"": 20, ""2013"": 41}",3.0,5.0,5.0,"landsat5,landsat7,landsat8",
LT0021,429900.0000000018,4017858.9999999935,-70.0689995142383,-53.9828364011343,2017,2015.0,2017.0,86_804,32.0,39.0,115.0,9.473684210526317,0.2050632911392405,"{""2015"": 18, ""2016"": 12, ""2017"": 9}",3.0,5.0,5.0,"landsat7,landsat8",
LT0022,429747.9999999965,4019835.0000000047,-70.0708615652565,-53.9650586668181,2017,2015.0,2017.0,86_804,31.0,36.0,115.0,10.17142857142857,0.2037974683544303,"{""2015"": 16, ""2016"": 13, ""2017"": 7}",3.0,5.0,5.0,"landsat7,landsat8",
LT0026,430711.0000000001,4043964.999999997,-70.050738406189,-53.7483416184964,2017,2015.0,2017.0,86_809,46.0,56.0,111.0,6.6,0.2912195121951219,"{""2015"": 18, ""2016"": 22, ""2017"": 16}",3.0,5.0,5.0,"landsat7,landsat8",
LT0023,459771.0000000036,4020351.999999997,-69.6131880638195,-53.9636191347876,2013,2011.0,2013.0,92_804,11.0,16.0,117.0,21.33333333333333,0.1274418604651162,"{""2011"": 2, ""2012"": 4, ""2013"": 10}",3.0,5.0,5.0,"landsat5,landsat7,landsat8",
LT0457,46453.10899294249,5040150.604681642,-74.719580856434,-44.6485841521799,2017,2015.0,2017.0,9_1008,59.0,63.0,24.0,5.564516129032258,0.5178761061946903,"{""2015"": 20, ""2016"": 25, ""2017"": 18}",3.0,5.0,5.0,"landsat7,landsat8",
LT0473,315135.00000000314,5057943.000000004,-71.3297108810264,-44.6081011557568,2014,2012.0,2014.0,63_1012,36.0,37.0,59.0,9.555555555555555,0.36625,"{""2012"": 7, ""2013"": 10, ""2014"": 20}",3.0,5.0,5.0,"landsat7,landsat8",
